experiment,well,method,timepoint,true_dy,true_dx,est_dy,est_dx,abs_err_px,post_corr,reg_error,overlap,qc_pass
E1_baseline,0,A_cli,0,0.0,0.0,0.0,0.0,0.0,1.0,0.0,1.0,True
E1_baseline,0,A_cli,1,0.626488209332539,2.240818880338871,-0.5,-2.1,0.18928609077279154,0.9911960734602099,0.9999999485298775,0.9864868164062499,True
E1_baseline,0,A_cli,2,-3.8509863207130355,-7.6674154184266055,3.9,7.8,0.14135420767786672,0.9936140753759007,0.9999999423475914,0.9398876953124999,True
E1_baseline,0,A_cli,3,1.2641919103895614,2.2258596744375545,-1.2,-2.1,0.14128431975625838,0.9937862431837235,0.9999999388335732,0.9828808593750001,True
E1_baseline,0,A_cli,4,5.84333466828129,2.45754438096653,-5.9,-2.4,0.08076085437644016,0.9919525673893903,0.9999999485042416,0.9571549479166666,True
E1_baseline,0,A_cli,5,-4.896339659591682,-7.630676111873781,4.9,7.7,0.0694204548878885,0.9931123221248016,0.9999999442932747,0.9353984917534722,True
E1_baseline,0,A_cli,6,-2.091347067622241,-4.950269162225048,2.0,5.0,0.10400693721565331,0.9989661266980928,0.9999999326612297,0.9638129340277778,True
E1_baseline,0,A_cli,7,-4.608097427163688,6.3688384221642735,4.7,-6.3,0.11482513339857428,0.9900980938289187,0.9999999526105668,0.9435115559895834,True
E1_baseline,0,A_cli,8,3.9051956174327476,0.4162346306673186,-4.0,-0.2,0.2361043973622466,0.9935515107521244,0.999999928112075,0.9781467013888889,True
E1_baseline,0,B_pilot,0,0.0,0.0,0.0,0.0,0.0,1.0,0.0,1.0,True
E1_baseline,0,B_pilot,1,0.626488209332539,2.240818880338871,-1.0,-2.0,0.44441511101140646,0.9891131476188173,,0.9844292534722222,True
E1_baseline,0,B_pilot,2,-3.8509863207130355,-7.6674154184266055,4.0,8.0,0.36444146377023057,0.9912831965688284,,0.9383680555555556,True
E1_baseline,0,B_pilot,3,1.2641919103895614,2.2258596744375545,-1.0,-2.0,0.3475772691824426,0.9924494368711666,,0.9844292534722222,True
E1_baseline,0,B_pilot,4,5.84333466828129,2.45754438096653,-6.0,-2.0,0.48362266977115365,0.9868726811362626,,0.9586588541666666,True
E1_baseline,0,B_pilot,5,-4.896339659591682,-7.630676111873781,5.0,8.0,0.38359562108323986,0.9905283132786205,,0.9333767361111112,True
E1_baseline,0,B_pilot,6,-2.091347067622241,-4.950269162225048,2.0,5.0,0.10400693721565331,0.9982147994263655,,0.9638129340277778,True
E1_baseline,0,B_pilot,7,-4.608097427163688,6.3688384221642735,5.0,-6.0,0.5381722849240301,0.9851333998950037,,0.9435221354166666,True
E1_baseline,0,B_pilot,8,3.9051956174327476,0.4162346306673186,-4.0,0.0,0.42689476305140717,0.9895116477590805,,0.9791666666666666,True
E1_baseline,0,stable_subpixel,0,0.0,0.0,0.0,0.0,0.0,1.0,0.0,1.0,True
E1_baseline,0,stable_subpixel,1,0.626488209332539,2.240818880338871,-0.800000011920929,-2.0999999046325684,0.22346438095688692,0.9881060049722478,0.9999999403953552,0.9849414066832267,True
E1_baseline,0,stable_subpixel,2,-3.8509863207130355,-7.6674154184266055,3.950000047683716,7.800000190734863,0.16547640308109493,0.9901871959327783,0.9999999403953552,0.9396378568616799,True
E1_baseline,0,stable_subpixel,3,1.2641919103895614,2.2258596744375545,-1.100000023841858,-2.0999999046325684,0.20688078031431054,0.9909604901489156,0.9999999403953552,0.9833959964647916,True
E1_baseline,0,stable_subpixel,4,5.84333466828129,2.45754438096653,-5.949999809265137,-2.3499999046325684,0.1514703492141278,0.9876633770446608,0.9999999403953552,0.9571501343835715,True
E1_baseline,0,stable_subpixel,5,-4.896339659591682,-7.630676111873781,4.949999809265137,7.800000190734863,0.17762335247689612,0.9899229659673812,0.9999999403953552,0.9346411132665041,True
E1_baseline,0,stable_subpixel,6,-2.091347067622241,-4.950269162225048,2.049999952316284,5.0,0.06467410741496686,0.9977609203354846,0.9999999403953552,0.9635592992870241,True
E1_baseline,0,stable_subpixel,7,-4.608097427163688,6.3688384221642735,4.75,-6.199999809265137,0.22055116726798188,0.9846324013098788,0.9999999403953552,0.9437676333473064,True
E1_baseline,0,stable_subpixel,8,3.9051956174327476,0.4162346306673186,-3.950000047683716,-0.30000001192092896,0.12457095795261604,0.9893824818909535,0.9999999403953552,0.9778967282068495,True
E2_sparse,0,A_cli,0,0.0,0.0,0.0,0.0,0.0,1.0,0.0,1.0,True
E2_sparse,0,A_cli,1,1.601383453299153,5.99285343616225,0.0,0.0,6.203121897224172,0.9861355300809942,0.9999999995626018,1.0,True
E2_sparse,0,A_cli,2,6.22339049509293,-4.179328834577516,0.0,0.0,7.496491096636085,0.9857863665674131,0.9999999995737824,1.0,True
E2_sparse,0,A_cli,3,-4.781703047180978,6.173112703801097,0.0,0.0,7.808457241046424,0.985731862089405,0.999999999675479,1.0,True
E2_sparse,0,A_cli,4,6.720174139226508,-3.0833799879885913,0.0,0.0,7.393779318579725,0.985778214441951,0.9999999996573138,1.0,True
E2_sparse,0,A_cli,5,-5.732934935897356,-6.745960241171835,0.0,0.0,8.852938639497259,0.9855922869492286,0.9999999997045156,1.0,True
E2_sparse,0,A_cli,6,-5.371517593745528,-2.8321692931881746,0.0,0.0,6.072428193498525,0.9863249781364919,0.9999999997136634,1.0,True
E2_sparse,0,A_cli,7,-0.06341292793153563,-1.4772243119112183,0.0,0.0,1.4785847514195534,0.991621234235025,0.999999999478061,1.0,True
E2_sparse,0,A_cli,8,0.40776949714290467,4.193508052947216,0.0,0.0,4.213286811140838,0.9879627421001591,0.9999999995185578,1.0,True
E2_sparse,0,B_pilot,0,0.0,0.0,0.0,0.0,0.0,1.0,0.0,1.0,True
E2_sparse,0,B_pilot,1,1.601383453299153,5.99285343616225,-2.0,-6.0,0.3986806048435207,0.7300824603811786,,0.9586588541666666,True
E2_sparse,0,B_pilot,2,6.22339049509293,-4.179328834577516,-6.0,4.0,0.2864649092101767,0.8459332989196625,,0.9485677083333334,True
E2_sparse,0,B_pilot,3,-4.781703047180978,6.173112703801097,5.0,-6.0,0.2786064748483008,0.7589784429329227,,0.9435221354166666,True
E2_sparse,0,B_pilot,4,6.720174139226508,-3.0833799879885913,-7.0,3.0,0.2919841344227516,0.8236615737780129,,0.948486328125,True
E2_sparse,0,B_pilot,5,-5.732934935897356,-6.745960241171835,6.0,7.0,0.3685918440899386,0.9494535550341313,,0.9334309895833334,True
E2_sparse,0,B_pilot,6,-5.371517593745528,-2.8321692931881746,5.0,3.0,0.4076671051377879,0.956008822696581,,0.958740234375,True
E2_sparse,0,B_pilot,7,-0.06341292793153563,-1.4772243119112183,0.0,1.0,0.48141898935125715,0.9904225951258476,,0.9947916666666666,True
E2_sparse,0,B_pilot,8,0.40776949714290467,4.193508052947216,0.0,-4.0,0.451354992611802,0.8437400548325638,,0.9791666666666666,True
E2_sparse,0,stable_subpixel,0,0.0,0.0,0.0,0.0,0.0,1.0,0.0,1.0,True
E2_sparse,0,stable_subpixel,1,1.601383453299153,5.99285343616225,-2.0,-5.9,0.409288299259636,0.7306705584157535,0.9999999999832766,0.9591742621527778,True
E2_sparse,0,stable_subpixel,2,6.22339049509293,-4.179328834577516,-7.0,4.15,0.7771631126408916,0.8253272092208048,0.999999999986769,0.9427151150173612,True
E2_sparse,0,stable_subpixel,3,-4.781703047180978,6.173112703801097,4.7,-5.95,0.2376019076440529,0.7598567319459874,0.9999999999778101,0.9452898491753472,True
E2_sparse,0,stable_subpixel,4,6.720174139226508,-3.0833799879885913,-7.0,3.0,0.2919841344227516,0.8236615737780129,0.999999999980067,0.948486328125,True
E2_sparse,0,stable_subpixel,5,-5.732934935897356,-6.745960241171835,6.0,7.1,0.4434725462700644,0.9491075508584478,0.9999999999840818,0.9329264322916667,True
E2_sparse,0,stable_subpixel,6,-5.371517593745528,-2.8321692931881746,5.45,2.7,0.15371470376432303,0.9522883033077061,0.9999999999841707,0.9579512532552084,True
E2_sparse,0,stable_subpixel,7,-0.06341292793153563,-1.4772243119112183,-0.35,1.7,0.46961607317505133,0.9651805231917575,0.9999999999794421,0.9893390570746529,True
E2_sparse,0,stable_subpixel,8,0.40776949714290467,4.193508052947216,0.15,-4.1,0.5655533289699816,0.8060529235343957,0.9999999999840086,0.9778812662760417,True
E3_mcherry,0,A_cli,0,0.0,0.0,0.0,0.0,0.0,1.0,0.0,1.0,True
E3_mcherry,0,A_cli,1,0.0,0.0,4.8,-5.8,7.528612089887485,0.966533569673004,0.9999999397898185,0.9455468749999998,True
E3_mcherry,0,A_cli,2,0.0,0.0,-6.7,3.0,7.340980860893182,0.9695076924555285,0.9999999551992742,0.9500244140625002,True
E3_mcherry,0,A_cli,3,0.0,0.0,5.9,6.9,9.078546139112804,0.9387569021140023,0.9999999477048062,0.9344376627604167,True
E3_mcherry,0,A_cli,4,0.0,0.0,5.4,2.9,6.129437168288781,0.9731728411526136,0.9999999165581518,0.9571956380208333,True
E3_mcherry,0,A_cli,5,0.0,0.0,0.0,1.4,1.4,0.9985598778894786,0.9999999021808886,0.9927083333333333,True
E3_mcherry,0,A_cli,6,0.0,0.0,-0.3,-4.0,4.011234224026316,0.9882346524240655,0.9999999267751942,0.9776367187499999,True
E3_mcherry,0,A_cli,7,0.0,0.0,3.2,-5.1,6.020797289396148,0.9777286565970192,0.9999999567565545,0.9572135416666667,True
E3_mcherry,0,A_cli,8,0.0,0.0,4.0,6.3,7.462573282722254,0.9580975891576465,0.9999999476145103,0.9470377604166667,True
E3_mcherry,0,B_pilot,0,0.0,0.0,0.0,0.0,0.0,1.0,0.0,1.0,True
E3_mcherry,0,B_pilot,1,0.0,0.0,0.0,0.0,0.0,1.0,,1.0,True
E3_mcherry,0,B_pilot,2,0.0,0.0,0.0,0.0,0.0,1.0,,1.0,True
E3_mcherry,0,B_pilot,3,0.0,0.0,0.0,0.0,0.0,1.0,,1.0,True
E3_mcherry,0,B_pilot,4,0.0,0.0,0.0,0.0,0.0,1.0,,1.0,True
E3_mcherry,0,B_pilot,5,0.0,0.0,0.0,0.0,0.0,1.0,,1.0,True
E3_mcherry,0,B_pilot,6,0.0,0.0,0.0,0.0,0.0,1.0,,1.0,True
E3_mcherry,0,B_pilot,7,0.0,0.0,0.0,0.0,0.0,1.0,,1.0,True
E3_mcherry,0,B_pilot,8,0.0,0.0,0.0,0.0,0.0,1.0,,1.0,True
E3_mcherry,0,stable_subpixel,0,0.0,0.0,0.0,0.0,0.0,1.0,0.0,1.0,True
E3_mcherry,0,stable_subpixel,1,0.0,0.0,0.0,0.0,0.0,1.0,1.0,1.0,True
E3_mcherry,0,stable_subpixel,2,0.0,0.0,0.0,0.0,0.0,1.0,1.0,1.0,True
E3_mcherry,0,stable_subpixel,3,0.0,0.0,0.0,0.0,0.0,1.0,1.0,1.0,True
E3_mcherry,0,stable_subpixel,4,0.0,0.0,0.0,0.0,0.0,1.0,1.0,1.0,True
E3_mcherry,0,stable_subpixel,5,0.0,0.0,0.0,0.0,0.0,1.0,1.0,1.0,True
E3_mcherry,0,stable_subpixel,6,0.0,0.0,0.0,0.0,0.0,1.0,1.0,1.0,True
E3_mcherry,0,stable_subpixel,7,0.0,0.0,0.0,0.0,0.0,1.0,1.0,1.0,True
E3_mcherry,0,stable_subpixel,8,0.0,0.0,0.0,0.0,0.0,1.0,1.0,1.0,True
E4_gradient,0,A_cli,0,0.0,0.0,0.0,0.0,0.0,1.0,0.0,1.0,True
E4_gradient,0,A_cli,1,-2.421154814464448,-3.6396411399625808,2.4,3.7,0.06395872231402067,0.9343069379385288,0.9999999989486205,0.9684700520833334,True
E4_gradient,0,A_cli,2,-5.6970681559013014,-5.507547650596743,5.8,5.5,0.10320819521282827,0.9247021698390826,0.9999999990615182,0.9420111762152776,True
E4_gradient,0,A_cli,3,3.129701517547794,0.46986615699940426,-2.9,-0.3,0.2856874138941121,0.863778442670765,0.9999999993216608,0.9833569335937499,True
E4_gradient,0,A_cli,4,1.6806141602541533,-2.8882397405347766,-1.9,3.0,0.24621231138333505,0.9198748528853635,0.999999999105273,0.9746337890625001,True
E4_gradient,0,A_cli,5,-5.750561563819954,0.948143932792171,5.8,-0.7,0.25302088916430204,0.9308334329206269,0.9999999992332411,0.9662559678819443,True
E4_gradient,0,A_cli,6,1.6693947558281659,4.382501001210968,-2.0,-4.3,0.3407436612392521,0.7903624438755336,0.9999999995835946,0.9674207899305556,True
E4_gradient,0,A_cli,7,1.8431582857248974,-3.6722547446937615,-2.0,3.7,0.15927687380395592,0.9099828655241285,0.9999999991081856,0.9705132378472222,True
E4_gradient,0,A_cli,8,-5.723007083905335,-1.5685103007166807,5.8,1.6,0.08318359387351552,0.940319113529679,0.9999999988692218,0.9617100694444444,True
E4_gradient,0,B_pilot,0,0.0,0.0,0.0,0.0,0.0,1.0,0.0,1.0,True
E4_gradient,0,B_pilot,1,-2.421154814464448,-3.6396411399625808,2.0,4.0,0.5542832179978497,0.9253315684355283,,0.9689670138888888,True
E4_gradient,0,B_pilot,2,-5.6970681559013014,-5.507547650596743,6.0,6.0,0.5781669469987241,0.9323431550421931,,0.9384765625,True
E4_gradient,0,B_pilot,3,3.129701517547794,0.46986615699940426,-3.0,0.0,0.4874389081183297,0.8884124084229058,,0.984375,True
E4_gradient,0,B_pilot,4,1.6806141602541533,-2.8882397405347766,-2.0,3.0,0.3383750437397736,0.9205810804723638,,0.97412109375,True
E4_gradient,0,B_pilot,5,-5.750561563819954,0.948143932792171,6.0,-1.0,0.25477163333112646,0.9428174514387198,,0.9637044270833334,True
E4_gradient,0,B_pilot,6,1.6693947558281659,4.382501001210968,-2.0,-4.0,0.5055757543645768,0.8144433232366575,,0.9689670138888888,True
E4_gradient,0,B_pilot,7,1.8431582857248974,-3.6722547446937615,-2.0,4.0,0.3633404405134452,0.9159996125683468,,0.9689670138888888,True
E4_gradient,0,B_pilot,8,-5.723007083905335,-1.5685103007166807,6.0,2.0,0.5127459762438271,0.9483986242315144,,0.9586588541666666,True
E4_gradient,0,stable_subpixel,0,0.0,0.0,0.0,0.0,0.0,1.0,0.0,1.0,True
E4_gradient,0,stable_subpixel,1,-2.421154814464448,-3.6396411399625808,2.299999952316284,3.799999952316284,0.2009812163403108,0.9333053494263879,0.9999999403953552,0.9684662548290928,True
E4_gradient,0,stable_subpixel,2,-5.6970681559013014,-5.507547650596743,5.849999904632568,5.550000190734863,0.1587146430994382,0.9267694456837058,0.9999999403953552,0.9415057368238922,True
E4_gradient,0,stable_subpixel,3,3.129701517547794,0.46986615699940426,-3.049999952316284,-0.4000000059604645,0.10598876620353936,0.8402794324617829,0.9999999403953552,0.9820643448353399,True
E4_gradient,0,stable_subpixel,4,1.6806141602541533,-2.8882397405347766,-1.850000023841858,2.950000047683716,0.18029394422021994,0.9183986159202696,0.9999999403953552,0.9751480437940983,True
E4_gradient,0,stable_subpixel,5,-5.750561563819954,0.948143932792171,5.900000095367432,-1.0,0.15818004430815366,0.9411918003041991,0.9999999403953552,0.9642225472489372,True
E4_gradient,0,stable_subpixel,6,1.6693947558281659,4.382501001210968,-1.850000023841858,-4.25,0.22399727265349997,0.7899590819405112,0.9999999403953552,0.9684424505079127,True
E4_gradient,0,stable_subpixel,7,1.8431582857248974,-3.6722547446937615,-1.9500000476837158,3.8499999046325684,0.207384917436483,0.9132713782612866,0.9999999403953552,0.9699953208863088,True
E4_gradient,0,stable_subpixel,8,-5.723007083905335,-1.5685103007166807,5.849999904632568,1.7000000476837158,0.18280243453989917,0.9436442441266165,0.9999999403953552,0.96094685897548,True
E5_drift,0,A_cli,0,0.0,0.0,0.0,0.0,0.0,1.0,0.0,1.0,True
E5_drift,0,A_cli,1,3.347888782708209,-2.780102360042359,-3.3,2.9,0.12910762787955715,0.994030967009042,0.9999999292739673,0.9679679361979167,True
E5_drift,0,A_cli,2,5.996172170096797,-4.321675432739033,-6.0,4.2,0.12173562836737137,0.9961918604921142,0.9999999295133347,0.9475585937500001,True
E5_drift,0,A_cli,3,9.443702156095165,-7.099907892043728,-9.4,7.1,0.043702253159783065,0.9936071009487497,0.9999999405081805,0.9158729383680555,True
E5_drift,0,A_cli,4,13.606723198014116,-9.907100939664545,-13.7,10.0,0.1316464857104974,0.9943206460126243,0.9999999368846718,0.8802788628472222,True
E5_drift,0,A_cli,5,16.091670126202914,-11.453266425680322,-16.0,11.4,0.1060222813507395,0.9937153106743272,0.9999999433805381,0.8622395833333333,True
E5_drift,0,A_cli,6,19.014897146886938,-13.33448278040219,-19.0,13.2,0.135305370218905,0.9950569647758805,0.9999999414680318,0.8390950520833333,True
E5_drift,0,A_cli,7,21.54488192389261,-16.630587583172726,-21.6,16.7,0.08863456393294443,0.9911728171769553,0.9999999540304874,0.8103059895833334,True
E5_drift,0,A_cli,8,25.405068739116476,-19.18261691200614,-25.3,19.1,0.1336599943474336,0.9926075597298046,0.99999994960818,0.7818584526909722,True
E5_drift,0,B_pilot,0,0.0,0.0,0.0,0.0,0.0,1.0,0.0,1.0,True
E5_drift,0,B_pilot,1,3.347888782708209,-2.780102360042359,-3.0,3.0,0.41155993147188163,0.9917429866062684,,0.968994140625,True
E5_drift,0,B_pilot,2,5.996172170096797,-4.321675432739033,-6.0,4.0,0.32169820687969647,0.9943224751434462,,0.9485677083333334,True
E5_drift,0,B_pilot,3,9.443702156095165,-7.099907892043728,-9.0,7.0,0.45481115885180257,0.9894189263808518,,0.9183756510416666,True
E5_drift,0,B_pilot,4,13.606723198014116,-9.907100939664545,-14.0,10.0,0.4041000846219347,0.9906761723961313,,0.8787977430555556,True
E5_drift,0,B_pilot,5,16.091670126202914,-11.453266425680322,-16.0,11.0,0.462443363761524,0.9885175630792392,,0.8641493055555556,True
E5_drift,0,B_pilot,6,19.014897146886938,-13.33448278040219,-19.0,13.0,0.3348143595650445,0.9919662801961664,,0.8400336371527778,True
E5_drift,0,B_pilot,7,21.54488192389261,-16.630587583172726,-22.0,17.0,0.5861723269703705,0.9849120270498434,,0.8070203993055556,True
E5_drift,0,B_pilot,8,25.405068739116476,-19.18261691200614,-25.0,19.0,0.44433053007875806,0.9880260606001331,,0.7837185329861112,True
E5_drift,0,stable_subpixel,0,0.0,0.0,0.0,0.0,0.0,1.0,0.0,1.0,True
E5_drift,0,stable_subpixel,1,3.347888782708209,-2.780102360042359,-3.200000047683716,2.9000000953674316,0.19038525384920435,0.9906942599278499,0.9999999403953552,0.9684809020447493,True
E5_drift,0,stable_subpixel,2,5.996172170096797,-4.321675432739033,-6.0,4.150000095367432,0.17171800646240043,0.9940006550526367,0.9999999403953552,0.94781087191465,True
E5_drift,0,stable_subpixel,3,9.443702156095165,-7.099907892043728,-9.350000381469727,7.050000190734863,0.10616402977417229,0.9898230173960688,0.9999999403953552,0.9163714571020358,True
E5_drift,0,stable_subpixel,4,13.606723198014116,-9.907100939664545,-13.75,9.949999809265137,0.1495612082069104,0.9903992890223806,0.9999999403953552,0.8802737775064694,True
E5_drift,0,stable_subpixel,5,16.091670126202914,-11.453266425680322,-16.049999237060547,11.350000381469727,0.11135680890192626,0.9891826930962442,0.9999999403953552,0.8622332782851946,True
E5_drift,0,stable_subpixel,6,19.014897146886938,-13.33448278040219,-19.0,13.199999809265137,0.13530555979419545,0.9915671279082602,0.9999999403953552,0.8390950529784378,True
E5_drift,0,stable_subpixel,7,21.54488192389261,-16.630587583172726,-21.649999618530273,16.799999237060547,0.19937411617094036,0.9854310049960938,0.9999999403953552,0.8096061251302147,True
E5_drift,0,stable_subpixel,8,25.405068739116476,-19.18261691200614,-25.25,19.049999237060547,0.20404352858924163,0.9877982629292349,0.9999999403953552,0.7823191359380467,True
E1_baseline,1,A_cli,0,0.0,0.0,0.0,0.0,0.0,1.0,0.0,1.0,True
E1_baseline,1,A_cli,1,-4.0790378257970445,3.821797606755233,4.0,-3.9,0.11118719447820037,0.9954007972077261,0.9999999683194096,0.9592773437499998,True
E1_baseline,1,A_cli,2,-3.2644689488431116,-5.107777095517154,3.2,5.1,0.064936342518028,0.9907556513393303,0.9999999700397577,0.9572135416666667,True
E1_baseline,1,A_cli,3,3.091418145978741,-7.955556208811625,-3.0,8.0,0.10164904322907452,0.9976949031196456,0.9999999688854999,0.943359375,True
E1_baseline,1,A_cli,4,6.395657670405244,-5.103195425201509,-6.3,5.1,0.09571102679198878,0.9872589483998845,0.9999999733937537,0.9414965820312501,True
E1_baseline,1,A_cli,5,2.394846438499023,-1.3206120391506477,-2.3,1.2,0.1534376449376958,0.9840579059083753,0.9999999685008143,0.9818457031250001,True
E1_baseline,1,A_cli,6,-5.75364937567689,-7.730820994336158,5.9,7.8,0.1618772376351972,0.9882764309881523,0.9999999714388157,0.9298942057291666,True
E1_baseline,1,A_cli,7,5.6117215027693845,5.503336452291887,-5.7,-5.5,0.08834152470493052,0.9814341638458466,0.9999999766037326,0.9425170898437502,True
E1_baseline,1,A_cli,8,-2.855643738944009,-5.158770019866116,2.9,5.1,0.0736301102126772,0.9936261239480542,0.9999999694098365,0.9587345377604167,True
E1_baseline,1,B_pilot,0,0.0,0.0,0.0,0.0,0.0,1.0,0.0,1.0,True
E1_baseline,1,B_pilot,1,-4.0790378257970445,3.821797606755233,4.0,-4.0,0.19494376333929384,0.9941185365737003,,0.9587673611111112,True
E1_baseline,1,B_pilot,2,-3.2644689488431116,-5.107777095517154,3.0,5.0,0.28558663697780756,0.9901055931593307,,0.958740234375,True
E1_baseline,1,B_pilot,3,3.091418145978741,-7.955556208811625,-3.0,8.0,0.10164904322907452,0.9961428891551939,,0.943359375,True
E1_baseline,1,B_pilot,4,6.395657670405244,-5.103195425201509,-6.0,5.0,0.4088939812873565,0.9826590614536002,,0.9435221354166666,True
E1_baseline,1,B_pilot,5,2.394846438499023,-1.3206120391506477,-2.0,1.0,0.5086214600699613,0.9779068732535686,,0.9844292534722222,True
E1_baseline,1,B_pilot,6,-5.75364937567689,-7.730820994336158,6.0,8.0,0.3648917198218684,0.98528587464802,,0.9283854166666666,True
E1_baseline,1,B_pilot,7,5.6117215027693845,5.503336452291887,-6.0,-6.0,0.6304243579000374,0.969702635842403,,0.9384765625,True
E1_baseline,1,B_pilot,8,-2.855643738944009,-5.158770019866116,3.0,5.0,0.21458483011236482,0.9932583475315812,,0.958740234375,True
E1_baseline,1,stable_subpixel,0,0.0,0.0,0.0,0.0,0.0,1.0,0.0,1.0,True
E1_baseline,1,stable_subpixel,1,-4.0790378257970445,3.821797606755233,4.050000190734863,-3.950000047683716,0.13144980072265455,0.9926326415702966,0.9999998807907104,0.9587672920781833,True
E1_baseline,1,stable_subpixel,2,-3.2644689488431116,-5.107777095517154,3.0999999046325684,5.050000190734863,0.1743222224208706,0.988124196186825,0.9999998807907104,0.9579767518934224,True
E1_baseline,1,stable_subpixel,3,3.091418145978741,-7.955556208811625,-3.049999952316284,8.0,0.06075127440191383,0.9954511074617755,0.9999998807907104,0.9431098092657825,True
E1_baseline,1,stable_subpixel,4,6.395657670405244,-5.103195425201509,-6.25,5.050000190734863,0.15506737218978128,0.9816823159749393,0.9999998807907104,0.9420020199807672,True
E1_baseline,1,stable_subpixel,5,2.394846438499023,-1.3206120391506477,-2.25,1.149999976158142,0.22380564511291934,0.976555988339005,0.9999998807907104,0.9823618572190753,True
E1_baseline,1,stable_subpixel,6,-5.75364937567689,-7.730820994336158,5.900000095367432,7.849999904632568,0.18873829980525786,0.9826353772552008,0.9999998807907104,0.9296417914546975,True
E1_baseline,1,stable_subpixel,7,5.6117215027693845,5.503336452291887,-5.75,-5.5,0.13831874316322199,0.9719683963998511,0.9999998807907104,0.9422641330295138,True
E1_baseline,1,stable_subpixel,8,-2.855643738944009,-5.158770019866116,2.950000047683716,5.050000190734863,0.14399301624809763,0.9917747099830739,0.9999998807907104,0.9587374526645807,True
E2_sparse,1,A_cli,0,0.0,0.0,0.0,0.0,0.0,1.0,0.0,1.0,True
E2_sparse,1,A_cli,1,2.0663447649983695,5.983520513965816,0.0,0.0,6.330268432608992,0.9831248169167132,0.9999999995899698,1.0,True
E2_sparse,1,A_cli,2,2.5416679609024477,2.4579499522763744,0.0,0.0,3.5357593231685662,0.9870161565383408,0.9999999995755632,1.0,True
E2_sparse,1,A_cli,3,6.7537474624301765,4.042103999046168,0.0,0.0,7.870940828477055,0.9823347870353116,0.99999999956765,1.0,True
E2_sparse,1,A_cli,4,1.424379195866937,-6.465101029329569,0.0,0.0,6.6201501050245675,0.9830331580882307,0.999999999623621,1.0,True
E2_sparse,1,A_cli,5,-0.4647060175220883,1.8863934253456502,0.0,0.0,1.9427897050140386,0.990694720721503,0.9999999994642863,1.0,True
E2_sparse,1,A_cli,6,0.09911873560750806,4.27581563201611,0.0,0.0,4.276964325633516,0.9856735369620712,0.9999999996544626,1.0,True
E2_sparse,1,A_cli,7,1.04233047694715,-3.2951826396713777,0.0,0.0,3.456107847270467,0.9872781640391965,0.9999999996600663,1.0,True
E2_sparse,1,A_cli,8,7.211256060284688,-4.9837352394571575,0.0,0.0,8.765833155154148,0.9822625237601813,0.9999999996143556,1.0,True
E2_sparse,1,B_pilot,0,0.0,0.0,0.0,0.0,0.0,1.0,0.0,1.0,True
E2_sparse,1,B_pilot,1,2.0663447649983695,5.983520513965816,-2.0,-6.0,0.0683608170126699,0.7322822103481902,,0.9586588541666666,True
E2_sparse,1,B_pilot,2,2.5416679609024477,2.4579499522763744,-2.0,-2.0,0.7093111719535716,0.8677937784272789,,0.9792751736111112,True
E2_sparse,1,B_pilot,3,6.7537474624301765,4.042103999046168,-7.0,-4.0,0.24982605747851241,0.6924830297314799,,0.9434678819444444,True
E2_sparse,1,B_pilot,4,1.424379195866937,-6.465101029329569,-1.0,6.0,0.6296162874069352,0.9583218836609086,,0.9637044270833334,True
E2_sparse,1,B_pilot,5,-0.4647060175220883,1.8863934253456502,0.0,-2.0,0.4783911961208461,0.917721765098127,,0.9895833333333334,True
E2_sparse,1,B_pilot,6,0.09911873560750806,4.27581563201611,0.0,-4.0,0.2930849477760286,0.8457372077475702,,0.9791666666666666,True
E2_sparse,1,B_pilot,7,1.04233047694715,-3.2951826396713777,-1.0,3.0,0.29820238101318974,0.9617402651208956,,0.979248046875,True
E2_sparse,1,B_pilot,8,7.211256060284688,-4.9837352394571575,-7.0,5.0,0.21188125316441694,0.8260270460909154,,0.9384494357638888,True
E2_sparse,1,stable_subpixel,0,0.0,0.0,0.0,0.0,0.0,1.0,0.0,1.0,True
E2_sparse,1,stable_subpixel,1,2.0663447649983695,5.983520513965816,-2.4,-5.85,0.3593793865731436,0.7131069313980015,0.9999999999767416,0.957412109375,True
E2_sparse,1,stable_subpixel,2,2.5416679609024477,2.4579499522763744,-2.3,-2.2,0.3534707642877001,0.8130896956442614,0.9999999999820111,0.9766997612847221,True
E2_sparse,1,stable_subpixel,3,6.7537474624301765,4.042103999046168,-6.45,-4.1,0.30921589199007465,0.6654863412127795,0.9999999999817346,0.9457694498697917,True
E2_sparse,1,stable_subpixel,4,1.424379195866937,-6.465101029329569,-0.95,5.7,0.9002306407540943,0.9593847044698145,0.9999999999834247,0.9655114746093751,True
E2_sparse,1,stable_subpixel,5,-0.4647060175220883,1.8863934253456502,0.4,-1.55,0.34256007548946554,0.9141676307804406,0.9999999999804482,0.9898605685763887,True
E2_sparse,1,stable_subpixel,6,0.09911873560750806,4.27581563201611,-0.05,-4.15,0.13506377548141268,0.7903765058622106,0.999999999980972,0.9781306287977429,True
E2_sparse,1,stable_subpixel,7,1.04233047694715,-3.2951826396713777,-1.35,3.15,0.34020366587901046,0.9378820494005964,0.999999999980199,0.9766778564453126,True
E2_sparse,1,stable_subpixel,8,7.211256060284688,-4.9837352394571575,-6.65,4.85,0.5769692188314315,0.8272411580175386,0.999999999983888,0.9409790717230904,True
E3_mcherry,1,A_cli,0,0.0,0.0,0.0,0.0,0.0,1.0,0.0,1.0,True
E3_mcherry,1,A_cli,1,0.0,0.0,-2.1,-6.1,6.4513564465157245,0.9700837573783029,0.9999999535117584,0.9576391601562501,True
E3_mcherry,1,A_cli,2,0.0,0.0,-2.6,-2.5,3.606937759374287,0.9896252451913172,0.999999972759083,0.9736138237847223,True
E3_mcherry,1,A_cli,3,0.0,0.0,-6.8,-4.1,7.940403012442126,0.9529856901947548,0.9999999699416433,0.9439854600694445,True
E3_mcherry,1,A_cli,4,0.0,0.0,-1.3,6.6,6.726812023536855,0.9761980726620926,0.9999999719550943,0.9590869140625,True
E3_mcherry,1,A_cli,5,0.0,0.0,0.4,-2.0,2.039607805437114,0.9977153206140739,0.9999999564200757,0.9875217013888888,True
E3_mcherry,1,A_cli,6,0.0,0.0,-0.1,-4.2,4.201190307520001,0.9891642585660262,0.9999999454617078,0.9776155598958334,True
E3_mcherry,1,A_cli,7,0.0,0.0,-1.0,3.2,3.3526109228480423,0.9944781282407121,0.9999999465056207,0.9782118055555556,True
E3_mcherry,1,A_cli,8,0.0,0.0,-7.1,5.0,8.683893136145793,0.9712901295053936,0.9999999318945584,0.9379421657986112,True
E3_mcherry,1,B_pilot,0,0.0,0.0,0.0,0.0,0.0,1.0,0.0,1.0,True
E3_mcherry,1,B_pilot,1,0.0,0.0,0.0,0.0,0.0,1.0,,1.0,True
E3_mcherry,1,B_pilot,2,0.0,0.0,0.0,0.0,0.0,1.0,,1.0,True
E3_mcherry,1,B_pilot,3,0.0,0.0,0.0,0.0,0.0,1.0,,1.0,True
E3_mcherry,1,B_pilot,4,0.0,0.0,0.0,0.0,0.0,1.0,,1.0,True
E3_mcherry,1,B_pilot,5,0.0,0.0,0.0,0.0,0.0,1.0,,1.0,True
E3_mcherry,1,B_pilot,6,0.0,0.0,0.0,0.0,0.0,1.0,,1.0,True
E3_mcherry,1,B_pilot,7,0.0,0.0,0.0,0.0,0.0,1.0,,1.0,True
E3_mcherry,1,B_pilot,8,0.0,0.0,0.0,0.0,0.0,1.0,,1.0,True
E3_mcherry,1,stable_subpixel,0,0.0,0.0,0.0,0.0,0.0,1.0,0.0,1.0,True
E3_mcherry,1,stable_subpixel,1,0.0,0.0,0.0,0.0,0.0,1.0,1.0,1.0,True
E3_mcherry,1,stable_subpixel,2,0.0,0.0,0.0,0.0,0.0,1.0,1.0,1.0,True
E3_mcherry,1,stable_subpixel,3,0.0,0.0,0.0,0.0,0.0,1.0,1.0,1.0,True
E3_mcherry,1,stable_subpixel,4,0.0,0.0,0.0,0.0,0.0,1.0,1.0,1.0,True
E3_mcherry,1,stable_subpixel,5,0.0,0.0,0.0,0.0,0.0,1.0,1.0,1.0,True
E3_mcherry,1,stable_subpixel,6,0.0,0.0,0.0,0.0,0.0,1.0,1.0,1.0,True
E3_mcherry,1,stable_subpixel,7,0.0,0.0,0.0,0.0,0.0,1.0,1.0,1.0,True
E3_mcherry,1,stable_subpixel,8,0.0,0.0,0.0,0.0,0.0,1.0,1.0,1.0,True
E4_gradient,1,A_cli,0,0.0,0.0,0.0,0.0,0.0,1.0,0.0,1.0,True
E4_gradient,1,A_cli,1,-0.8760375284643409,5.846104636046959,0.9,-6.0,0.1557497450666817,0.8317879399987843,0.9999999988284731,0.9642089843749999,True
E4_gradient,1,A_cli,2,-3.0592783693477834,2.8663482050664246,3.1,-2.8,0.07784815680869979,0.8756422313154771,0.9999999990245911,0.9695062934027777,True
E4_gradient,1,A_cli,3,-2.4483517116323337,-3.8308328216378653,2.6,3.9,0.16667723878029134,0.9484007892127916,0.9999999989636001,0.9664208984375,True
E4_gradient,1,A_cli,4,2.318563609484056,-5.966667156608719,-2.3,5.9,0.0692034491002288,0.8829178268202132,0.9999999991244651,0.9576597764756944,True
E4_gradient,1,A_cli,5,4.7967432528039335,-3.827396568901132,-4.8,3.9,0.07267643778851009,0.8417417995603735,0.999999999223522,0.9551953125,True
E4_gradient,1,A_cli,6,1.7961348288742673,-0.9904590293629858,-2.1,1.0,0.3040149212521767,0.9050473959600748,0.9999999982960124,0.9839111328125001,True
E4_gradient,1,A_cli,7,-4.315237031757667,-5.798115745752119,4.2,5.9,0.1538179922894736,0.9281969624849857,0.9999999991316737,0.9480680338541667,True
E4_gradient,1,A_cli,8,4.208791127077038,4.127502339218915,-4.2,-4.1,0.028873215577710117,0.7368138132349458,0.9999999995595455,0.9572379557291667,True
E4_gradient,1,B_pilot,0,0.0,0.0,0.0,0.0,0.0,1.0,0.0,1.0,True
E4_gradient,1,B_pilot,1,-0.8760375284643409,5.846104636046959,1.0,-6.0,0.197611936368905,0.8345612187331368,,0.9637044270833334,True
E4_gradient,1,B_pilot,2,-3.0592783693477834,2.8663482050664246,3.0,-3.0,0.14620782250447037,0.8798164169752397,,0.968994140625,True
E4_gradient,1,B_pilot,3,-2.4483517116323337,-3.8308328216378653,2.0,4.0,0.4792043317402813,0.931229700174524,,0.9689670138888888,True
E4_gradient,1,B_pilot,4,2.318563609484056,-5.966667156608719,-2.0,6.0,0.3203027501225328,0.9122671268374948,,0.9586588541666666,True
E4_gradient,1,B_pilot,5,4.7967432528039335,-3.827396568901132,-5.0,4.0,0.2666556763090323,0.8474333708121445,,0.9536675347222222,True
E4_gradient,1,B_pilot,6,1.7961348288742673,-0.9904590293629858,-2.0,1.0,0.2040883096084159,0.9353108475249637,,0.9844292534722222,True
E4_gradient,1,B_pilot,7,-4.315237031757667,-5.798115745752119,4.0,6.0,0.3743416064300196,0.9253332991199474,,0.9485677083333334,True
E4_gradient,1,B_pilot,8,4.208791127077038,4.127502339218915,-4.0,-4.0,0.2446437844139827,0.7849757251849315,,0.9587673611111112,True
E4_gradient,1,stable_subpixel,0,0.0,0.0,0.0,0.0,0.0,1.0,0.0,1.0,True
E4_gradient,1,stable_subpixel,1,-0.8760375284643409,5.846104636046959,0.949999988079071,-5.949999809265137,0.12753294652871397,0.8325772155336204,0.9999999403953552,0.9642158349245276,True
E4_gradient,1,stable_subpixel,2,-3.0592783693477834,2.8663482050664246,3.0,-2.950000047683716,0.10252587890771911,0.8790653944157969,0.9999999403953552,0.9692504880367778,True
E4_gradient,1,stable_subpixel,3,-2.4483517116323337,-3.8308328216378653,2.3499999046325684,3.950000047683716,0.15451183030299626,0.9433848457716499,0.9999999403953552,0.967439304169125,True
E4_gradient,1,stable_subpixel,4,2.318563609484056,-5.966667156608719,-2.1500000953674316,6.0,0.17182763671741813,0.8869027161018808,0.9999999403953552,0.9579020177479833,True
E4_gradient,1,stable_subpixel,5,4.7967432528039335,-3.827396568901132,-4.900000095367432,3.950000047683716,0.16029219739517755,0.8449469489404476,0.9999999403953552,0.9544312872489294,True
E4_gradient,1,stable_subpixel,6,1.7961348288742673,-0.9904590293629858,-1.899999976158142,1.0,0.10430243976531595,0.9340497494493772,0.9999999403953552,0.9849473742554741,True
E4_gradient,1,stable_subpixel,7,-4.315237031757667,-5.798115745752119,4.150000095367432,5.900000095367432,0.19412281124114728,0.9265890597059686,0.9999999403953552,0.9483204471662692,True
E4_gradient,1,stable_subpixel,8,4.208791127077038,4.127502339218915,-4.099999904632568,-4.050000190734863,0.13357437291863344,0.7402347499043606,0.9999999403953552,0.958002522300489,True
E5_drift,1,A_cli,0,0.0,0.0,0.0,0.0,0.0,1.0,0.0,1.0,True
E5_drift,1,A_cli,1,2.612650339719212,-2.977724700844404,-2.7,3.0,0.09014517238122312,0.9916922255678632,0.9999999594538752,0.9705322265625002,True
E5_drift,1,A_cli,2,5.352577066462476,-4.839252563904759,-5.3,4.9,0.08034051848192779,0.9898167154235374,0.999999962391717,0.9475794813368056,True
E5_drift,1,A_cli,3,9.085611151771655,-6.344808037803306,-9.0,6.3,0.09662830620191906,0.9909459599002582,0.9999999631420021,0.9218505859374999,True
E5_drift,1,A_cli,4,13.334932662772474,-8.206908609653118,-13.2,8.1,0.17215189310847853,0.9892048899010649,0.9999999661698576,0.891962890625,True
E5_drift,1,A_cli,5,16.959127418787947,-10.541832104759287,-17.0,10.6,0.0710919962560512,0.9888504382384168,0.9999999674370086,0.8611382378472222,True
E5_drift,1,A_cli,6,19.31011970383843,-12.075479480467267,-19.2,12.0,0.13350468585436462,0.9906732421242069,0.999999967480568,0.8437500000000001,True
E5_drift,1,A_cli,7,23.436951188646148,-15.263396537003754,-23.4,15.2,0.07337922898499089,0.9838794845276938,0.9999999740317028,0.8086067708333333,True
E5_drift,1,A_cli,8,26.240756854436146,-17.118550284520488,-26.2,17.1,0.04477984188583361,0.9860744061520399,0.9999999703491828,0.7866324869791668,True
E5_drift,1,B_pilot,0,0.0,0.0,0.0,0.0,0.0,1.0,0.0,1.0,True
E5_drift,1,B_pilot,1,2.612650339719212,-2.977724700844404,-3.0,3.0,0.3879896239232608,0.9875320088550212,,0.968994140625,True
E5_drift,1,B_pilot,2,5.352577066462476,-4.839252563904759,-5.0,5.0,0.3874923560619982,0.9867789456529472,,0.9485948350694444,True
E5_drift,1,B_pilot,3,9.085611151771655,-6.344808037803306,-9.0,6.0,0.3552771484931663,0.9875002675173882,,0.92333984375,True
E5_drift,1,B_pilot,4,13.334932662772474,-8.206908609653118,-13.0,8.0,0.3936890414279342,0.9847963976580657,,0.8934461805555556,True
E5_drift,1,B_pilot,5,16.959127418787947,-10.541832104759287,-17.0,11.0,0.4599873782227518,0.9804984611930605,,0.8592393663194444,True
E5_drift,1,B_pilot,6,19.31011970383843,-12.075479480467267,-19.0,12.0,0.31917296671310524,0.986600607398891,,0.8447265625,True
E5_drift,1,B_pilot,7,23.436951188646148,-15.263396537003754,-23.0,15.0,0.510200036225843,0.9763524123248636,,0.8114420572916666,True
E5_drift,1,B_pilot,8,26.240756854436146,-17.118550284520488,-26.0,17.0,0.26836175755475344,0.9839171501397317,,0.7880316840277778,True
E5_drift,1,stable_subpixel,0,0.0,0.0,0.0,0.0,0.0,1.0,0.0,1.0,True
E5_drift,1,stable_subpixel,1,2.612650339719212,-2.977724700844404,-2.75,3.0,0.13914423499275572,0.9874673206895532,0.9999997615814209,0.97027587890625,True
E5_drift,1,stable_subpixel,2,5.352577066462476,-4.839252563904759,-5.199999809265137,4.949999809265137,0.18853321131507447,0.9853821549347861,0.9999997615814209,0.9478336607884719,True
E5_drift,1,stable_subpixel,3,9.085611151771655,-6.344808037803306,-9.050000190734863,6.199999809265137,0.14912264616189755,0.9859739216895804,0.9999998211860657,0.9220949978151152,True
E5_drift,1,stable_subpixel,4,13.334932662772474,-8.206908609653118,-13.199999809265137,8.100000381469727,0.1721518057092183,0.982735591314366,0.9999998211860657,0.8919628897262738,True
E5_drift,1,stable_subpixel,5,16.959127418787947,-10.541832104759287,-17.0,10.649999618530273,0.11563208434657064,0.9825016427736241,0.9999998211860657,0.860900880717155,True
E5_drift,1,stable_subpixel,6,19.31011970383843,-12.075479480467267,-19.149999618530273,12.0,0.1770186252649714,0.985603472729216,0.9999998211860657,0.8439941424876451,True
E5_drift,1,stable_subpixel,7,23.436951188646148,-15.263396537003754,-23.299999237060547,15.100000381469727,0.21319976708806423,0.9759272853497217,0.9999998211860657,0.8095440014813923,True
E5_drift,1,stable_subpixel,8,26.240756854436146,-17.118550284520488,-26.100000381469727,17.049999237060547,0.15656190721181662,0.9814390802027981,0.9999998211860657,0.7873319514928799,True
E1_baseline,2,A_cli,0,0.0,0.0,0.0,0.0,0.0,1.0,0.0,1.0,True
E1_baseline,2,A_cli,1,-3.832138358982636,1.4441927436049404,3.8,-1.5,0.06439972037548544,0.9894348992182413,0.9999999856605069,0.9725504557291667,True
E1_baseline,2,A_cli,2,5.434518232106722,-4.1266207210655015,-5.4,4.0,0.13124143915288738,0.9910300279510682,0.9999999847175877,0.9516276041666666,True
E1_baseline,2,A_cli,3,7.692118793492208,6.952632713068102,-7.8,-7.0,0.11782196140306635,0.9938854607460773,0.9999999831908916,0.9243977864583334,True
E1_baseline,2,A_cli,4,-1.604186327625774,5.7112000473701965,1.7,-5.8,0.13063572023336817,0.9891420042436634,0.9999999846959194,0.9612049696180556,True
E1_baseline,2,A_cli,5,-4.279031600711116,-5.1169733142656195,4.2,5.1,0.08083370156142036,0.9932302507456923,0.9999999826178905,0.9521435546875,True
E1_baseline,2,A_cli,6,-3.0907029388711678,-4.888731921709686,3.0,4.9,0.09140017892883713,0.9975281386655671,0.9999999802204166,0.9592529296875001,True
E1_baseline,2,A_cli,7,0.9994284461798291,3.842440583227532,-1.0,-4.0,0.15756045343756045,0.9985313025728194,0.999999980205247,0.9740668402777778,True
E1_baseline,2,A_cli,8,7.919114792403088,5.304228148724132,-8.0,-5.2,0.13193151175687834,0.9937516433335859,0.9999999847272858,0.9323784722222224,True
E1_baseline,2,B_pilot,0,0.0,0.0,0.0,0.0,0.0,1.0,0.0,1.0,True
E1_baseline,2,B_pilot,1,-3.832138358982636,1.4441927436049404,4.0,-1.0,0.47485231809092676,0.9863886336671627,,0.9740668402777778,True
E1_baseline,2,B_pilot,2,5.434518232106722,-4.1266207210655015,-5.0,4.0,0.45259131789761353,0.9869065650186494,,0.9536675347222222,True
E1_baseline,2,B_pilot,3,7.692118793492208,6.952632713068102,-8.0,-7.0,0.31150360702884744,0.9921935558837053,,0.9233940972222222,True
E1_baseline,2,B_pilot,4,-1.604186327625774,5.7112000473701965,2.0,-6.0,0.489973342006836,0.9860460916107628,,0.9586588541666666,True
E1_baseline,2,B_pilot,5,-4.279031600711116,-5.1169733142656195,4.0,5.0,0.30255807780604893,0.9927463724264255,,0.9536675347222222,True
E1_baseline,2,B_pilot,6,-3.0907029388711678,-4.888731921709686,3.0,5.0,0.14355350349708007,0.9971364433980279,,0.958740234375,True
E1_baseline,2,B_pilot,7,0.9994284461798291,3.842440583227532,-1.0,-4.0,0.15756045343756045,0.9978452799551568,,0.9740668402777778,True
E1_baseline,2,B_pilot,8,7.919114792403088,5.304228148724132,-8.0,-5.0,0.31479705094569754,0.9920581606034452,,0.9333767361111112,True
E1_baseline,2,stable_subpixel,0,0.0,0.0,0.0,0.0,0.0,1.0,0.0,1.0,True
E1_baseline,2,stable_subpixel,1,-3.832138358982636,1.4441927436049404,3.950000047683716,-1.350000023841858,0.15087626095525042,0.9868898186930972,0.9999999403953552,0.9725404862854177,True
E1_baseline,2,stable_subpixel,2,5.434518232106722,-4.1266207210655015,-5.300000190734863,4.050000190734863,0.15480894393628988,0.9869934126975723,0.9999999403953552,0.9518843567855139,True
E1_baseline,2,stable_subpixel,3,7.692118793492208,6.952632713068102,-7.849999904632568,-7.0,0.16483356795933188,0.9915414633706462,0.9999999403953552,0.9241468646279019,True
E1_baseline,2,stable_subpixel,4,-1.604186327625774,5.7112000473701965,1.75,-5.849999904632568,0.20131325695868352,0.9850689460106009,0.9999999403953552,0.9606943771197822,True
E1_baseline,2,stable_subpixel,5,-4.279031600711116,-5.1169733142656195,4.150000095367432,5.050000190734863,0.14537719438317429,0.9911130891484905,0.9999999403953552,0.9526518404498024,True
E1_baseline,2,stable_subpixel,6,-3.0907029388711678,-4.888731921709686,3.049999952316284,4.949999809265137,0.07355601375818534,0.9961537848100224,0.9999999403953552,0.9587428804513506,True
E1_baseline,2,stable_subpixel,7,0.9994284461798291,3.842440583227532,-1.0,-3.950000047683716,0.1075609830183345,0.9975571331902908,0.9999999403953552,0.9743259003605798,True
E1_baseline,2,stable_subpixel,8,7.919114792403088,5.304228148724132,-7.949999809265137,-5.150000095367432,0.15729010365806942,0.9908323311080056,0.9999999403953552,0.9328814702171884,True
E2_sparse,2,A_cli,0,0.0,0.0,0.0,0.0,0.0,1.0,0.0,1.0,True
E2_sparse,2,A_cli,1,-0.4954028188465962,5.360476286203562,0.0,0.0,5.383319604841597,0.9861182626177621,0.9999999996793686,1.0,True
E2_sparse,2,A_cli,2,2.9326785751219067,-4.8963789025645745,0.0,0.0,5.707462657123437,0.9857544976456968,0.9999999996270232,1.0,True
E2_sparse,2,A_cli,3,-5.331736304402314,-2.8741704544809004,0.0,0.0,6.057084102197409,0.9863089636524041,0.9999999995046974,1.0,True
E2_sparse,2,A_cli,4,0.9517406812769842,4.92751843857495,0.0,0.0,5.0185902688796675,0.9865419026494433,0.9999999996177228,1.0,True
E2_sparse,2,A_cli,5,-0.43123247917856133,7.103282816877162,0.0,0.0,7.116360602698603,0.98495721846731,0.9999999995763174,1.0,True
E2_sparse,2,A_cli,6,5.569639535688097,3.6556553728190373,0.0,0.0,6.66218438369283,0.9858188596103862,0.9999999995948817,1.0,True
E2_sparse,2,A_cli,7,4.865545889840863,-3.3992017714400333,0.0,0.0,5.93532724364111,0.986090519384637,0.9999999996431896,1.0,True
E2_sparse,2,A_cli,8,0.3210553020732032,-4.87377273457901,0.0,0.0,4.884335899107992,0.9868171284019953,0.9999999995218629,1.0,True
E2_sparse,2,B_pilot,0,0.0,0.0,0.0,0.0,0.0,1.0,0.0,1.0,True
E2_sparse,2,B_pilot,1,-0.4954028188465962,5.360476286203562,1.0,-5.0,0.620130202572874,0.8054165440787525,,0.9688856336805556,True
E2_sparse,2,B_pilot,2,2.9326785751219067,-4.8963789025645745,-3.0,5.0,0.12356984292835653,0.918422539210787,,0.958740234375,True
E2_sparse,2,B_pilot,3,-5.331736304402314,-2.8741704544809004,5.0,3.0,0.35479860510442834,0.9568054749731761,,0.958740234375,True
E2_sparse,2,B_pilot,4,0.9517406812769842,4.92751843857495,-1.0,-5.0,0.08707777322728777,0.7879229219234497,,0.9688856336805556,True
E2_sparse,2,B_pilot,5,-0.43123247917856133,7.103282816877162,1.0,-7.0,0.578069055566415,0.7378564070263839,,0.9585232204861112,True
E2_sparse,2,B_pilot,6,5.569639535688097,3.6556553728190373,-6.0,-4.0,0.5511654484010703,0.7182686528882694,,0.9485677083333334,True
E2_sparse,2,B_pilot,7,4.865545889840863,-3.3992017714400333,-5.0,3.0,0.421236230706175,0.8741748729396892,,0.958740234375,True
E2_sparse,2,B_pilot,8,0.3210553020732032,-4.87377273457901,0.0,5.0,0.34497801310370035,0.9861599922708209,,0.9739583333333334,True
E2_sparse,2,stable_subpixel,0,0.0,0.0,0.0,0.0,0.0,1.0,0.0,1.0,True
E2_sparse,2,stable_subpixel,1,-0.4954028188465962,5.360476286203562,0.05,-4.9,0.6406419289995923,0.8054747275075874,0.9999999999841264,0.9742253960503471,True
E2_sparse,2,stable_subpixel,2,2.9326785751219067,-4.8963789025645745,-3.55,5.05,0.6361487115374703,0.8975382813598071,0.9999999999874903,0.955694647894965,True
E2_sparse,2,stable_subpixel,3,-5.331736304402314,-2.8741704544809004,5.1,2.3,0.6191715639278391,0.9515696503551864,0.9999999999853679,0.9617765299479166,True
E2_sparse,2,stable_subpixel,4,0.9517406812769842,4.92751843857495,-0.4,-4.65,0.6176036456539652,0.7901927336109397,0.9999999999836438,0.9737483723958332,True
E2_sparse,2,stable_subpixel,5,-0.43123247917856133,7.103282816877162,0.6,-6.85,0.30435942799500176,0.7389848020768719,0.9999999999848326,0.9613094075520833,True
E2_sparse,2,stable_subpixel,6,5.569639535688097,3.6556553728190373,-5.65,-3.0,0.6605617095555081,0.751435306801812,0.999999999986501,0.9554077148437501,True
E2_sparse,2,stable_subpixel,7,4.865545889840863,-3.3992017714400333,-5.15,4.35,0.9924371074376434,0.8556247463242818,0.9999999999868616,0.9511285400390624,True
E2_sparse,2,stable_subpixel,8,0.3210553020732032,-4.87377273457901,-0.25,4.95,0.10420869419715548,0.96439082693447,0.9999999999843936,0.9729502360026042,True
E3_mcherry,2,A_cli,0,0.0,0.0,0.0,0.0,0.0,1.0,0.0,1.0,True
E3_mcherry,2,A_cli,1,0.0,0.0,4.9,5.1,7.07248188403477,0.9750307074672201,0.9999999741090135,0.9485945638020833,True
E3_mcherry,2,A_cli,2,0.0,0.0,2.9,-1.0,3.0675723300355937,0.9922446239130438,0.9999999510267971,0.9797661675347222,True
E3_mcherry,2,A_cli,3,0.0,0.0,-5.0,0.4,5.015974481593781,0.9814854092600486,0.9999999658173955,0.9719292534722221,True
E3_mcherry,2,A_cli,4,0.0,0.0,-7.2,-5.6,9.121403400793104,0.9573959742275064,0.999999972455292,0.9344270833333334,True
E3_mcherry,2,A_cli,5,0.0,0.0,-3.8,-4.8,6.1220911460055865,0.9810245272745413,0.9999999690162314,0.9557031249999999,True
E3_mcherry,2,A_cli,6,0.0,0.0,3.3,-0.3,3.313608305156178,0.9916781105235575,0.9999999694769602,0.9812768554687499,True
E3_mcherry,2,A_cli,7,0.0,0.0,4.9,6.9,8.462860036654275,0.9647786969708824,0.9999999719506804,0.9394588216145833,True
E3_mcherry,2,A_cli,8,0.0,0.0,-6.0,-4.3,7.381734213584231,0.9715025491235988,0.9999999620854514,0.9470540364583333,True
E3_mcherry,2,B_pilot,0,0.0,0.0,0.0,0.0,0.0,1.0,0.0,1.0,True
E3_mcherry,2,B_pilot,1,0.0,0.0,0.0,0.0,0.0,1.0,,1.0,True
E3_mcherry,2,B_pilot,2,0.0,0.0,0.0,0.0,0.0,1.0,,1.0,True
E3_mcherry,2,B_pilot,3,0.0,0.0,0.0,0.0,0.0,1.0,,1.0,True
E3_mcherry,2,B_pilot,4,0.0,0.0,0.0,0.0,0.0,1.0,,1.0,True
E3_mcherry,2,B_pilot,5,0.0,0.0,0.0,0.0,0.0,1.0,,1.0,True
E3_mcherry,2,B_pilot,6,0.0,0.0,0.0,0.0,0.0,1.0,,1.0,True
E3_mcherry,2,B_pilot,7,0.0,0.0,0.0,0.0,0.0,1.0,,1.0,True
E3_mcherry,2,B_pilot,8,0.0,0.0,0.0,0.0,0.0,1.0,,1.0,True
E3_mcherry,2,stable_subpixel,0,0.0,0.0,0.0,0.0,0.0,1.0,0.0,1.0,True
E3_mcherry,2,stable_subpixel,1,0.0,0.0,0.0,0.0,0.0,1.0,1.0,1.0,True
E3_mcherry,2,stable_subpixel,2,0.0,0.0,0.0,0.0,0.0,1.0,1.0,1.0,True
E3_mcherry,2,stable_subpixel,3,0.0,0.0,0.0,0.0,0.0,1.0,1.0,1.0,True
E3_mcherry,2,stable_subpixel,4,0.0,0.0,0.0,0.0,0.0,1.0,1.0,1.0,True
E3_mcherry,2,stable_subpixel,5,0.0,0.0,0.0,0.0,0.0,1.0,1.0,1.0,True
E3_mcherry,2,stable_subpixel,6,0.0,0.0,0.0,0.0,0.0,1.0,1.0,1.0,True
E3_mcherry,2,stable_subpixel,7,0.0,0.0,0.0,0.0,0.0,1.0,1.0,1.0,True
E3_mcherry,2,stable_subpixel,8,0.0,0.0,0.0,0.0,0.0,1.0,1.0,1.0,True
E4_gradient,2,A_cli,0,0.0,0.0,0.0,0.0,0.0,1.0,0.0,1.0,True
E4_gradient,2,A_cli,1,5.95595112612091,4.505976522061157,0.0,0.0,7.468412028946133,0.9024337601276039,0.9999999996712257,1.0,True
E4_gradient,2,A_cli,2,-5.592250361935896,-5.624715885520329,5.6,5.7,0.07568193168195964,0.9272285855749386,0.9999999991021431,0.94201171875,True
E4_gradient,2,A_cli,3,-1.6145021513637672,-2.161163963113864,1.5,2.1,0.12981437921403446,0.9309984333870325,0.9999999988725049,0.9813354492187502,True
E4_gradient,2,A_cli,4,2.702294929201323,-3.5993395175666323,-2.6,3.6,0.1022970614306613,0.8734196505119131,0.999999999204745,0.9679622395833333,True
E4_gradient,2,A_cli,5,1.6642838437710465,4.6290344715510905,0.0,0.0,4.919126025163984,0.9231392352165235,0.999999999626329,1.0,True
E4_gradient,2,A_cli,6,-2.874103769236977,1.0831445577037053,2.8,-1.0,0.11137497964476564,0.9461690726633774,0.9999999990525845,0.9802842881944444,True
E4_gradient,2,A_cli,7,4.0758886740800415,-3.094965540799126,-4.1,3.1,0.024631317810131663,0.8219856813973258,0.9999999992573857,0.9628447808159724,True
E4_gradient,2,A_cli,8,5.769089095119156,5.214474534801076,0.0,0.0,7.776447367629493,0.9001875072891881,0.9999999996787421,1.0,True
E4_gradient,2,B_pilot,0,0.0,0.0,0.0,0.0,0.0,1.0,0.0,1.0,True
E4_gradient,2,B_pilot,1,5.95595112612091,4.505976522061157,-6.0,-5.0,0.4959833667017535,0.6972056705153522,,0.9435221354166666,True
E4_gradient,2,B_pilot,2,-5.592250361935896,-5.624715885520329,6.0,6.0,0.554164175964306,0.9367120219410336,,0.9384765625,True
E4_gradient,2,B_pilot,3,-1.6145021513637672,-2.161163963113864,2.0,2.0,0.417830604802629,0.9405450928188583,,0.9792751736111112,True
E4_gradient,2,B_pilot,4,2.702294929201323,-3.5993395175666323,-3.0,4.0,0.49915641973532116,0.8834311357168183,,0.9638671875,True
E4_gradient,2,B_pilot,5,1.6642838437710465,4.6290344715510905,-2.0,-5.0,0.5003206580289503,0.7875366752099027,,0.9638129340277778,True
E4_gradient,2,B_pilot,6,-2.874103769236977,1.0831445577037053,3.0,-1.0,0.1508737167172636,0.9510568513396017,,0.979248046875,True
E4_gradient,2,B_pilot,7,4.0758886740800415,-3.094965540799126,-4.0,3.0,0.12156292523996473,0.8475187598955328,,0.9638671875,True
E4_gradient,2,B_pilot,8,5.769089095119156,5.214474534801076,-6.0,-5.0,0.3151494440277948,0.7055266099137045,,0.9435221354166666,True
E4_gradient,2,stable_subpixel,0,0.0,0.0,0.0,0.0,0.0,1.0,0.0,1.0,True
E4_gradient,2,stable_subpixel,1,5.95595112612091,4.505976522061157,-6.0,-4.5,0.04445247018966982,0.7004438362998896,1.0,0.946044921875,True
E4_gradient,2,stable_subpixel,2,-5.592250361935896,-5.624715885520329,5.75,5.800000190734863,0.23581674233162,0.9323809698059758,1.0,0.9407484256856454,True
E4_gradient,2,stable_subpixel,3,-1.6145021513637672,-2.161163963113864,1.75,2.049999952316284,0.17526295752854307,0.9365677029580233,1.0,0.980305650745221,True
E4_gradient,2,stable_subpixel,4,2.702294929201323,-3.5993395175666323,-2.8499999046325684,3.75,0.21098658899133813,0.879702962501532,1.0,0.9659149174791916,True
E4_gradient,2,stable_subpixel,5,1.6642838437710465,4.6290344715510905,-1.7999999523162842,-4.800000190734863,0.21828453736966202,0.7862249934867401,1.0,0.9658593742580464,True
E4_gradient,2,stable_subpixel,6,-2.874103769236977,1.0831445577037053,2.950000047683716,-1.0499999523162842,0.08281793252884768,0.9222030560417652,1.0,0.9792506917293132,True
E4_gradient,2,stable_subpixel,7,4.0758886740800415,-3.094965540799126,-4.0,3.049999952316284,0.08820994842553222,0.8468581942352844,1.0,0.9636121964237342,True
E4_gradient,2,stable_subpixel,8,5.769089095119156,5.214474534801076,-5.900000095367432,-5.099999904632568,0.1739026478758177,0.6819331535134693,1.0,0.9435245768208471,True
E5_drift,2,A_cli,0,0.0,0.0,0.0,0.0,0.0,1.0,0.0,1.0,True
E5_drift,2,A_cli,1,2.651228381408963,-2.6805240929506176,-2.8,2.8,0.1908074601881947,0.9920244790450445,0.9999999805645065,0.9710460069444442,True
E5_drift,2,A_cli,2,6.750371855175638,-4.66469650281743,-6.9,4.8,0.20173154952414873,0.9929917456698838,0.9999999800728417,0.9399609374999999,True
E5_drift,2,A_cli,3,11.202265416658797,-8.033775591950942,-11.1,8.0,0.10769868177482002,0.9967836355487552,0.999999978752644,0.9029296874999999,True
E5_drift,2,A_cli,4,14.201611302967269,-11.247675597872217,-14.1,11.1,0.17925662915949,0.9940695104865437,0.9999999814299143,0.87299560546875,True
E5_drift,2,A_cli,5,16.783012615356157,-13.108053933589014,-16.9,13.1,0.11726429129134969,0.9949296661423239,0.9999999807688221,0.8497555881076388,True
E5_drift,2,A_cli,6,19.550090281157537,-14.996962443375303,-19.6,15.0,0.05000206780906235,0.9920687764072695,0.9999999838580816,0.8277669270833333,True
E5_drift,2,A_cli,7,22.956250975873136,-17.977267516278744,-23.0,18.0,0.04930256512789291,0.9957618759456272,0.9999999815234981,0.7976888020833334,True
E5_drift,2,A_cli,8,27.44361266218612,-21.14029603486926,-27.4,21.1,0.05937873970660777,0.9858382474608086,0.9999999860922193,0.7630788845486111,True
E5_drift,2,B_pilot,0,0.0,0.0,0.0,0.0,0.0,1.0,0.0,1.0,True
E5_drift,2,B_pilot,1,2.651228381408963,-2.6805240929506176,-3.0,3.0,0.47297621200186934,0.9892826205631344,,0.968994140625,True
E5_drift,2,B_pilot,2,6.750371855175638,-4.66469650281743,-7.0,5.0,0.4180223031266567,0.99053040385164,,0.9384494357638888,True
E5_drift,2,B_pilot,3,11.202265416658797,-8.033775591950942,-11.0,8.0,0.2050660610334954,0.9954614755153574,,0.9034288194444444,True
E5_drift,2,B_pilot,4,14.201611302967269,-11.247675597872217,-14.0,11.0,0.3193592323160861,0.9920143492527987,,0.8739691840277778,True
E5_drift,2,B_pilot,5,16.783012615356157,-13.108053933589014,-17.0,13.0,0.24240292419571663,0.9933109862597916,,0.8497450086805556,True
E5_drift,2,B_pilot,6,19.550090281157537,-14.996962443375303,-20.0,15.0,0.44991997272754203,0.9870624396424443,,0.8258463541666666,True
E5_drift,2,B_pilot,7,22.956250975873136,-17.977267516278744,-23.0,18.0,0.04930256512789291,0.993538872111337,,0.7976888020833334,True
E5_drift,2,B_pilot,8,27.44361266218612,-21.14029603486926,-27.0,21.0,0.46526892379772383,0.9819958191374025,,0.765380859375,True
E5_drift,2,stable_subpixel,0,0.0,0.0,0.0,0.0,0.0,1.0,0.0,1.0,True
E5_drift,2,stable_subpixel,1,2.651228381408963,-2.6805240929506176,-2.799999952316284,2.8499999046325684,0.2255106007607804,0.9883458934482042,0.9999999403953552,0.9707893887549613,True
E5_drift,2,stable_subpixel,2,6.750371855175638,-4.66469650281743,-6.900000095367432,4.800000190734863,0.20173174818791242,0.9894421453634902,0.9999999403953552,0.9399609360580023,True
E5_drift,2,stable_subpixel,3,11.202265416658797,-8.033775591950942,-11.100000381469727,8.0,0.10769831954983483,0.9947883389342937,0.9999999403953552,0.9029296855959628,True
E5_drift,2,stable_subpixel,4,14.201611302967269,-11.247675597872217,-14.100000381469727,11.100000381469727,0.17925609866083214,0.9906945128171242,0.9999999403953552,0.8729956017558773,True
E5_drift,2,stable_subpixel,5,16.783012615356157,-13.108053933589014,-16.899999618530273,13.050000190734863,0.13059937201624172,0.9923241795362154,0.9999999403953552,0.8499930836281016,True
E5_drift,2,stable_subpixel,6,19.550090281157537,-14.996962443375303,-19.649999618530273,15.0,0.09995550232232076,0.9881450596840604,0.9999999403953552,0.827526857300351,True
E5_drift,2,stable_subpixel,7,22.956250975873136,-17.977267516278744,-23.0,18.0,0.04930256512789291,0.993538872111337,0.9999999403953552,0.7976888020833334,True
E5_drift,2,stable_subpixel,8,27.44361266218612,-21.14029603486926,-27.350000381469727,21.049999237060547,0.13006448706480986,0.9811184309380034,0.9999999403953552,0.7635340050023256,True
E1_baseline,3,A_cli,0,0.0,0.0,0.0,0.0,0.0,1.0,0.0,1.0,True
E1_baseline,3,A_cli,1,-0.8805828828094331,-5.089564388870736,0.9,5.0,0.09164499000916851,0.9960598015652322,0.9999999704345952,0.9693929036458333,True
E1_baseline,3,A_cli,2,-4.429352869055858,-5.191424240441783,4.4,5.1,0.09602074079159888,0.9834282456835207,0.9999999733512746,0.9511295572916667,True
E1_baseline,3,A_cli,3,1.5036955988028655,5.414418794512029,-1.6,-5.3,0.14955332904193278,0.9784203783567561,0.9999999768159392,0.9642925347222222,True
E1_baseline,3,A_cli,4,5.246172374570278,4.779328187442658,-5.1,-4.9,0.18954695838601096,0.9887139720644897,0.9999999703681436,0.9485945638020833,True
E1_baseline,3,A_cli,5,0.5790156961769846,-0.5095391214379195,-0.5,0.4,0.13506405653513,0.977838840099752,0.9999999684290327,0.9953179253472223,True
E1_baseline,3,A_cli,6,-2.4702783673128845,0.7961563616656999,2.5,-0.8,0.029969134208927564,0.982154545956979,0.9999999735307877,0.9828667534722223,True
E1_baseline,3,A_cli,7,-5.2192560368880425,6.225163131863532,5.1,-6.1,0.17288091829964983,0.9890755844438515,0.9999999693201711,0.9425105794270833,True
E1_baseline,3,A_cli,8,-6.172794089742974,6.156711414474254,6.1,-6.1,0.09227764644364729,0.9914295552279997,0.9999999680399142,0.9374677191840279,True
E1_baseline,3,B_pilot,0,0.0,0.0,0.0,0.0,0.0,1.0,0.0,1.0,True
E1_baseline,3,B_pilot,1,-0.8805828828094331,-5.089564388870736,1.0,5.0,0.14927232708005184,0.9956029695129224,,0.9688856336805556,True
E1_baseline,3,B_pilot,2,-4.429352869055858,-5.191424240441783,4.0,5.0,0.47009267809147015,0.9768595526184721,,0.9536675347222222,True
E1_baseline,3,B_pilot,3,1.5036955988028655,5.414418794512029,-2.0,-5.0,0.6465763650895767,0.9652718581403067,,0.9638129340277778,True
E1_baseline,3,B_pilot,4,5.246172374570278,4.779328187442658,-5.0,-5.0,0.3306007968213507,0.9860364663593364,,0.9485948350694444,True
E1_baseline,3,B_pilot,5,0.5790156961769846,-0.5095391214379195,-1.0,1.0,0.6463587683827279,0.9659431917678161,,0.9896104600694444,True
E1_baseline,3,B_pilot,6,-2.4702783673128845,0.7961563616656999,2.0,-1.0,0.512556310713113,0.9744811206464241,,0.9844292534722222,True
E1_baseline,3,B_pilot,7,-5.2192560368880425,6.225163131863532,5.0,-6.0,0.31427956609115537,0.9865710697027849,,0.9435221354166666,True
E1_baseline,3,B_pilot,8,-6.172794089742974,6.156711414474254,6.0,-6.0,0.2332729407295757,0.9904523313790657,,0.9384765625,True
E1_baseline,3,stable_subpixel,0,0.0,0.0,0.0,0.0,0.0,1.0,0.0,1.0,True
E1_baseline,3,stable_subpixel,1,-0.8805828828094331,-5.089564388870736,0.949999988079071,5.050000190734863,0.07990031463111129,0.9939063233052895,0.9999998211860657,0.9688801395884528,True
E1_baseline,3,stable_subpixel,2,-4.429352869055858,-5.191424240441783,4.300000190734863,5.099999904632568,0.1583998881532777,0.9760424032100354,0.9999998211860657,0.9516365555081412,True
E1_baseline,3,stable_subpixel,3,1.5036955988028655,5.414418794512029,-1.5,-5.300000190734863,0.1144782701687433,0.9682365262211868,0.9999998211860657,0.964798989899767,True
E1_baseline,3,stable_subpixel,4,5.246172374570278,4.779328187442658,-5.099999904632568,-4.900000095367432,0.18954709264427064,0.9832894687594738,0.9999998211860657,0.9485945638026008,True
E1_baseline,3,stable_subpixel,5,0.5790156961769846,-0.5095391214379195,-0.699999988079071,0.550000011920929,0.12757069626574655,0.9689058310972892,0.9999998211860657,0.9935000271267845,True
E1_baseline,3,stable_subpixel,6,-2.4702783673128845,0.7961563616656999,2.4000000953674316,-0.8999999761581421,0.1253895202099999,0.9757191255735959,0.9999998211860657,0.9828710933782472,True
E1_baseline,3,stable_subpixel,7,-5.2192560368880425,6.225163131863532,5.099999904632568,-6.099999904632568,0.17288105313019397,0.9835054822017548,0.9999998211860657,0.9425105803915196,True
E1_baseline,3,stable_subpixel,8,-6.172794089742974,6.156711414474254,6.050000190734863,-6.050000190734863,0.16268259558284723,0.9886332932495351,0.9999998211860657,0.9379720711009577,True
E2_sparse,3,A_cli,0,0.0,0.0,0.0,0.0,0.0,1.0,0.0,1.0,True
E2_sparse,3,A_cli,1,5.4020988113928485,6.79193199148947,0.0,0.0,8.678306963058528,0.9784612651271531,0.9999999996137235,1.0,True
E2_sparse,3,A_cli,2,0.3645450299652886,4.2788402739086635,0.0,0.0,4.294341296228696,0.9813490342222709,0.9999999996297039,1.0,True
E2_sparse,3,A_cli,3,-0.927551269731957,-3.6161641707319383,0.0,0.0,3.7332284510416414,0.98225227162967,0.9999999996547769,1.0,True
E2_sparse,3,A_cli,4,-4.616124782780263,2.0571338142610305,0.0,0.0,5.05375182809507,0.9795477674449936,0.999999999748997,1.0,True
E2_sparse,3,A_cli,5,-4.604757645627927,-0.5326030062214642,0.0,0.0,4.63545671290381,0.980329119041941,0.9999999996991327,1.0,True
E2_sparse,3,A_cli,6,6.657325892231881,-1.1585157413750746,0.0,0.0,6.7573772100123914,0.9777137643168289,0.9999999996735722,1.0,True
E2_sparse,3,A_cli,7,-6.825708959892323,-0.7989121862839355,0.0,0.0,6.872304088626121,0.9780691236693329,0.9999999997189482,1.0,True
E2_sparse,3,A_cli,8,-3.58161617321071,1.9646315854771892,0.0,0.0,4.085064464467989,0.9813527045976806,0.9999999997608746,1.0,True
E2_sparse,3,B_pilot,0,0.0,0.0,0.0,0.0,0.0,1.0,0.0,1.0,True
E2_sparse,3,B_pilot,1,5.4020988113928485,6.79193199148947,-5.0,-7.0,0.45274247678904567,0.6260614847513832,,0.9384494357638888,True
E2_sparse,3,B_pilot,2,0.3645450299652886,4.2788402739086635,0.0,-4.0,0.4589607578277817,0.8448752199213826,,0.9791666666666666,True
E2_sparse,3,B_pilot,3,-0.927551269731957,-3.6161641707319383,1.0,4.0,0.3906133156298595,0.9728153884814158,,0.9740668402777778,True
E2_sparse,3,B_pilot,4,-4.616124782780263,2.0571338142610305,5.0,-2.0,0.38810366543942126,0.8946579220491971,,0.9638129340277778,True
E2_sparse,3,B_pilot,5,-4.604757645627927,-0.5326030062214642,5.0,1.0,0.6121082163170102,0.9593701953076217,,0.9688856336805556,True
E2_sparse,3,B_pilot,6,6.657325892231881,-1.1585157413750746,-7.0,1.0,0.3775616299339297,0.7910244083659207,,0.9585232204861112,True
E2_sparse,3,B_pilot,7,-6.825708959892323,-0.7989121862839355,7.0,1.0,0.2661083904857618,0.950544413111828,,0.9585232204861112,True
E2_sparse,3,B_pilot,8,-3.58161617321071,1.9646315854771892,4.0,-2.0,0.41987611418692045,0.8983726606418941,,0.9689670138888888,True
E2_sparse,3,stable_subpixel,0,0.0,0.0,0.0,0.0,0.0,1.0,0.0,1.0,True
E2_sparse,3,stable_subpixel,1,5.4020988113928485,6.79193199148947,-5.6,-6.5,0.3526884859293413,0.6071260569236909,0.9999999999695922,0.9379665798611112,True
E2_sparse,3,stable_subpixel,2,0.3645450299652886,4.2788402739086635,-0.4,-4.2,0.0864456111676894,0.7880962592456273,0.9999999999689659,0.9760872395833334,True
E2_sparse,3,stable_subpixel,3,-0.927551269731957,-3.6161641707319383,1.15,3.55,0.23208001871447187,0.9704012346634812,0.9999999999677912,0.9756315782335068,True
E2_sparse,3,stable_subpixel,4,-4.616124782780263,2.0571338142610305,4.6,-2.25,0.19353907672924703,0.8654436953182282,0.9999999999670951,0.9646036783854167,True
E2_sparse,3,stable_subpixel,5,-4.604757645627927,-0.5326030062214642,3.75,0.15,0.9364804819797897,0.9657618730509726,0.999999999965339,0.9797027587890624,True
E2_sparse,3,stable_subpixel,6,6.657325892231881,-1.1585157413750746,-6.85,0.9,0.32241851736980753,0.7923451507837137,0.9999999999733085,0.9598026529947917,True
E2_sparse,3,stable_subpixel,7,-6.825708959892323,-0.7989121862839355,6.75,0.6,0.2128330436286442,0.9530324898620638,0.9999999999638698,0.9618286132812499,True
E2_sparse,3,stable_subpixel,8,-3.58161617321071,1.9646315854771892,3.45,-1.4,0.579768612783683,0.90135100131397,0.999999999967616,0.9748706054687502,True
E3_mcherry,3,A_cli,0,0.0,0.0,0.0,0.0,0.0,1.0,0.0,1.0,True
E3_mcherry,3,A_cli,1,0.0,0.0,-5.2,-6.8,8.560373823613078,0.9609542773045512,0.99999997018922,0.9384592013888889,True
E3_mcherry,3,A_cli,2,0.0,0.0,-0.3,-4.2,4.21070065428546,0.9885036140774611,0.9999999237358723,0.9765966796875001,True
E3_mcherry,3,A_cli,3,0.0,0.0,0.9,3.5,3.6138621999185303,0.992202541871227,0.9999999317851632,0.9771687825520833,True
E3_mcherry,3,A_cli,4,0.0,0.0,4.6,-2.1,5.056678751908213,0.979649086085245,0.9999999057037806,0.9653662109375001,True
E3_mcherry,3,A_cli,5,0.0,0.0,4.6,0.4,4.617358552246078,0.9856852781598227,0.9999999236707459,0.9740082465277777,True
E3_mcherry,3,A_cli,6,0.0,0.0,-6.7,1.2,6.806614430096654,0.9659550841785534,0.9999999135790817,0.9590722656250001,True
E3_mcherry,3,A_cli,7,0.0,0.0,6.8,0.7,6.83593446428504,0.9692193336735893,0.999999926038475,0.9610666232638889,True
E3_mcherry,3,A_cli,8,0.0,0.0,3.6,-2.0,4.1182520563948,0.986259660460404,0.9999999048738588,0.9710286458333334,True
E3_mcherry,3,B_pilot,0,0.0,0.0,0.0,0.0,0.0,1.0,0.0,1.0,True
E3_mcherry,3,B_pilot,1,0.0,0.0,0.0,0.0,0.0,0.9999999999999999,,1.0,True
E3_mcherry,3,B_pilot,2,0.0,0.0,0.0,0.0,0.0,0.9999999999999999,,1.0,True
E3_mcherry,3,B_pilot,3,0.0,0.0,0.0,0.0,0.0,0.9999999999999999,,1.0,True
E3_mcherry,3,B_pilot,4,0.0,0.0,0.0,0.0,0.0,0.9999999999999999,,1.0,True
E3_mcherry,3,B_pilot,5,0.0,0.0,0.0,0.0,0.0,0.9999999999999999,,1.0,True
E3_mcherry,3,B_pilot,6,0.0,0.0,0.0,0.0,0.0,0.9999999999999999,,1.0,True
E3_mcherry,3,B_pilot,7,0.0,0.0,0.0,0.0,0.0,0.9999999999999999,,1.0,True
E3_mcherry,3,B_pilot,8,0.0,0.0,0.0,0.0,0.0,0.9999999999999999,,1.0,True
E3_mcherry,3,stable_subpixel,0,0.0,0.0,0.0,0.0,0.0,1.0,0.0,1.0,True
E3_mcherry,3,stable_subpixel,1,0.0,0.0,0.0,0.0,0.0,0.9999999999999999,1.0,1.0,True
E3_mcherry,3,stable_subpixel,2,0.0,0.0,0.0,0.0,0.0,0.9999999999999999,1.0,1.0,True
E3_mcherry,3,stable_subpixel,3,0.0,0.0,0.0,0.0,0.0,0.9999999999999999,1.0,1.0,True
E3_mcherry,3,stable_subpixel,4,0.0,0.0,0.0,0.0,0.0,0.9999999999999999,1.0,1.0,True
E3_mcherry,3,stable_subpixel,5,0.0,0.0,0.0,0.0,0.0,0.9999999999999999,1.0,1.0,True
E3_mcherry,3,stable_subpixel,6,0.0,0.0,0.0,0.0,0.0,0.9999999999999999,1.0,1.0,True
E3_mcherry,3,stable_subpixel,7,0.0,0.0,0.0,0.0,0.0,0.9999999999999999,1.0,1.0,True
E3_mcherry,3,stable_subpixel,8,0.0,0.0,0.0,0.0,0.0,0.9999999999999999,1.0,1.0,True
E4_gradient,3,A_cli,0,0.0,0.0,0.0,0.0,0.0,1.0,0.0,1.0,True
E4_gradient,3,A_cli,1,1.0016101463149165,-0.25094769921039317,-1.0,0.1,0.15095628661326685,0.9327975248797368,0.9999999976771342,0.9942735460069445,True
E4_gradient,3,A_cli,2,-0.6604371621070748,-3.817173291653052,0.6,3.9,0.10253250303755994,0.9426207500637446,0.999999998387579,0.9766259765624999,True
E4_gradient,3,A_cli,3,-3.3220146517918936,-3.8935681803313376,3.3,4.0,0.10868476034615439,0.9327716292891769,0.9999999984285967,0.9623372395833333,True
E4_gradient,3,A_cli,4,1.1277716991021491,4.060814095884021,-1.1,-3.9,0.1631944873640514,0.8314085405496602,0.999999999084798,0.97407470703125,True
E4_gradient,3,A_cli,5,3.934629280927709,3.5844961405819937,-3.9,-3.6,0.03794149119925952,0.7697055698763781,0.99999999931832,0.961318359375,True
E4_gradient,3,A_cli,6,0.4342617721327384,-0.3821543410784396,-0.3,0.4,0.13544257454201042,0.9114331160680842,0.9999999983378062,0.9963574218749999,True
E4_gradient,3,A_cli,7,-1.8527087754846634,0.5971172712492749,1.8,-0.5,0.11049877550451812,0.9251990610364027,0.9999999987026047,0.9880452473958332,True
E4_gradient,3,A_cli,8,-3.914442027666032,4.668872348897649,3.9,-4.7,0.03431476105491838,0.8321335368472031,0.9999999990226683,0.9557055664062502,True
E4_gradient,3,B_pilot,0,0.0,0.0,0.0,0.0,0.0,1.0,0.0,1.0,True
E4_gradient,3,B_pilot,1,1.0016101463149165,-0.25094769921039317,-1.0,0.0,0.25095286471794936,0.9335305117275453,,0.9947916666666666,True
E4_gradient,3,B_pilot,2,-0.6604371621070748,-3.817173291653052,1.0,4.0,0.3856533756663839,0.9567123142548262,,0.9740668402777778,True
E4_gradient,3,B_pilot,3,-3.3220146517918936,-3.8935681803313376,3.0,4.0,0.3391477085380899,0.9290815120036308,,0.9638671875,True
E4_gradient,3,B_pilot,4,1.1277716991021491,4.060814095884021,-1.0,-4.0,0.14150604704266556,0.8621917966078763,,0.9740668402777778,True
E4_gradient,3,B_pilot,5,3.934629280927709,3.5844961405819937,-4.0,-4.0,0.4206147739955014,0.7751799939000596,,0.9587673611111112,True
E4_gradient,3,B_pilot,6,0.4342617721327384,-0.3821543410784396,0.0,0.0,0.578468000101097,0.9253529943921182,,1.0,True
E4_gradient,3,B_pilot,7,-1.8527087754846634,0.5971172712492749,2.0,-1.0,0.42896293306631705,0.936838417360112,,0.9844292534722222,True
E4_gradient,3,B_pilot,8,-3.914442027666032,4.668872348897649,4.0,-5.0,0.3420024677607757,0.8415378062769293,,0.9536675347222222,True
E4_gradient,3,stable_subpixel,0,0.0,0.0,0.0,0.0,0.0,1.0,0.0,1.0,True
E4_gradient,3,stable_subpixel,1,1.0016101463149165,-0.25094769921039317,-1.0,0.10000000149011612,0.1509562851232355,0.9329090122363387,0.9999998807907104,0.9942735459992238,True
E4_gradient,3,stable_subpixel,2,-0.6604371621070748,-3.817173291653052,0.800000011920929,3.950000047683716,0.19266742372750492,0.9519733308170122,0.9999998807907104,0.975346136844649,True
E4_gradient,3,stable_subpixel,3,-3.3220146517918936,-3.8935681803313376,3.1500000953674316,3.950000047683716,0.18103470185238194,0.929065729393313,0.9999999403953552,0.9633583570166311,True
E4_gradient,3,stable_subpixel,4,1.1277716991021491,4.060814095884021,-1.0499999523162842,-4.0,0.09872587733879924,0.8383469939757965,0.9999998807907104,0.973811849201512,True
E4_gradient,3,stable_subpixel,5,3.934629280927709,3.5844961405819937,-4.0,-3.700000047683716,0.13271956701176985,0.774548512396178,0.9999999403953552,0.9602973087845991,True
E4_gradient,3,stable_subpixel,6,0.4342617721327384,-0.3821543410784396,-0.30000001192092896,0.25,0.18839052556073504,0.9078096525675844,0.9999999403953552,0.9971374511098676,True
E4_gradient,3,stable_subpixel,7,-1.8527087754846634,0.5971172712492749,1.9500000476837158,-0.75,0.1812145700444031,0.9350361761993006,0.9999998807907104,0.9859771726041799,True
E4_gradient,3,stable_subpixel,8,-3.914442027666032,4.668872348897649,3.950000047683716,-4.800000190734863,0.13586347446044328,0.8367661844430752,0.9999999403953552,0.9549414050348827,True
E5_drift,3,A_cli,0,0.0,0.0,0.0,0.0,0.0,1.0,0.0,1.0,True
E5_drift,3,A_cli,1,3.1124089245610262,-1.863804451391158,-3.0,1.9,0.11809269266157633,0.9964498580730154,0.9999999521475647,0.9746337890625001,True
E5_drift,3,A_cli,2,5.670322538771048,-3.7148764213359353,-5.8,3.8,0.15512017146510482,0.9873657919229721,0.9999999609986262,0.9505978732638888,True
E5_drift,3,A_cli,3,9.155274976083996,-6.891678770649939,-9.1,6.9,0.05589781604841742,0.994011195893917,0.9999999581944985,0.9183699544270834,True
E5_drift,3,A_cli,4,13.224989409610602,-9.989094794080271,-13.1,10.0,0.12546424204114362,0.9937823839647286,0.9999999599970686,0.8832411024305555,True
E5_drift,3,A_cli,5,16.565460612138256,-12.42540240390053,-16.6,12.4,0.04287483455116472,0.9813774762896349,0.9999999725673057,0.8545421006944445,True
E5_drift,3,A_cli,6,19.42947961724562,-15.024921949108744,-19.4,15.0,0.03860247894018099,0.985714030918946,0.9999999695253035,0.8287272135416667,True
E5_drift,3,A_cli,7,21.86397086148186,-18.303067340591685,-21.9,18.2,0.10918321995161051,0.985140822528022,0.9999999697420879,0.8019580078125,True
E5_drift,3,A_cli,8,24.14947178495952,-21.572656267400966,-24.1,21.6,0.05652554484061515,0.9784174236627304,0.9999999750579811,0.7761002604166668,True
E5_drift,3,B_pilot,0,0.0,0.0,0.0,0.0,0.0,1.0,0.0,1.0,True
E5_drift,3,B_pilot,1,3.1124089245610262,-1.863804451391158,-3.0,2.0,0.17659273422717575,0.9957386693497821,,0.97412109375,True
E5_drift,3,B_pilot,2,5.670322538771048,-3.7148764213359353,-6.0,4.0,0.4358700305739892,0.9834287870190986,,0.9485677083333334,True
E5_drift,3,B_pilot,3,9.155274976083996,-6.891678770649939,-9.0,7.0,0.18932460729074305,0.9933531099833438,,0.9183756510416666,True
E5_drift,3,B_pilot,4,13.224989409610602,-9.989094794080271,-13.0,10.0,0.22525354148842816,0.9913048918813597,,0.8837348090277778,True
E5_drift,3,B_pilot,5,16.565460612138256,-12.42540240390053,-17.0,12.0,0.6081049949207861,0.9711227090828344,,0.8544921875,True
E5_drift,3,B_pilot,6,19.42947961724562,-15.024921949108744,-19.0,15.0,0.4302020980618552,0.9785340542955452,,0.8306477864583334,True
E5_drift,3,B_pilot,7,21.86397086148186,-18.303067340591685,-22.0,18.0,0.3321953332894725,0.9808698126084706,,0.8024088541666666,True
E5_drift,3,B_pilot,8,24.14947178495952,-21.572656267400966,-24.0,22.0,0.45273003025054553,0.9721558379952374,,0.7747395833333334,True
E5_drift,3,stable_subpixel,0,0.0,0.0,0.0,0.0,0.0,1.0,0.0,1.0,True
E5_drift,3,stable_subpixel,1,3.1124089245610262,-1.863804451391158,-3.049999952316284,1.9500000476837158,0.10641691894090238,0.9943685219407575,0.9999997615814209,0.9741196695977771,True
E5_drift,3,stable_subpixel,2,5.670322538771048,-3.7148764213359353,-5.849999904632568,3.8499999046325684,0.22481617277489216,0.9814819699084417,0.9999997615814209,0.9500901295490459,True
E5_drift,3,stable_subpixel,3,9.155274976083996,-6.891678770649939,-9.050000190734863,6.949999809265137,0.12035000612987677,0.9919762372955073,0.9999997615814209,0.9183728705403499,True
E5_drift,3,stable_subpixel,4,13.224989409610602,-9.989094794080271,-13.100000381469727,10.0,0.12546386201513282,0.9901784359041578,0.9999997615814209,0.8832411005472144,True
E5_drift,3,stable_subpixel,5,16.565460612138256,-12.42540240390053,-16.700000762939453,12.300000190734863,0.1839205460095644,0.9719219447003554,0.9999998211860657,0.8545304315718305,True
E5_drift,3,stable_subpixel,6,19.42947961724562,-15.024921949108744,-19.299999237060547,15.0,0.1318570149830854,0.9790779580886904,0.9999998211860657,0.8292073604340354,True
E5_drift,3,stable_subpixel,7,21.86397086148186,-18.303067340591685,-21.950000762939453,18.149999618530273,0.17558721901628463,0.9793038000194761,0.9999998211860657,0.8019529197111519,True
E5_drift,3,stable_subpixel,8,24.14947178495952,-21.572656267400966,-24.049999237060547,21.700000762939453,0.1615902482499031,0.97077358442499,0.9999998211860657,0.7758757867239829,True
E1_baseline,4,A_cli,0,0.0,0.0,0.0,0.0,0.0,1.0,0.0,1.0,True
E1_baseline,4,A_cli,1,-5.071209774759366,4.508835166488062,5.0,-4.5,0.07175578156602685,0.9900506023580313,0.999999983594742,0.9511311848958334,True
E1_baseline,4,A_cli,2,5.2082703054842,-6.733988521045736,-5.1,6.8,0.1268068389455841,0.9914914490054625,0.9999999816751252,0.9389615885416666,True
E1_baseline,4,A_cli,3,-4.059446305611486,-5.957477448384505,4.0,6.0,0.07308919651184137,0.9986036762120694,0.9999999792029712,0.9485677083333334,True
E1_baseline,4,A_cli,4,-5.25757534885836,-3.542287835753049,5.2,3.6,0.08152063970694115,0.9872420584926136,0.9999999845615081,0.9546744791666667,True
E1_baseline,4,A_cli,5,0.6997576743853564,7.18910559876689,-0.7,-7.1,0.08910592827253162,0.990681926554995,0.9999999823357314,0.9595098198784723,True
E1_baseline,4,A_cli,6,-6.967194538986034,7.699453844211863,7.0,-7.8,0.10576260074388823,0.9932832616827442,0.9999999825350839,0.9243977864583334,True
E1_baseline,4,A_cli,7,7.200158939856742,-1.9987226765508712,-7.1,2.0,0.10016708435619054,0.996639957388968,0.9999999795359146,0.9529893663194444,True
E1_baseline,4,A_cli,8,-3.863933760917419,-6.896895384383786,3.9,7.0,0.10923065212168759,0.9965656651542238,0.999999979607327,0.9439697265625,True
E1_baseline,4,B_pilot,0,0.0,0.0,0.0,0.0,0.0,1.0,0.0,1.0,True
E1_baseline,4,B_pilot,1,-5.071209774759366,4.508835166488062,5.0,-5.0,0.4963000359662383,0.9825043681333862,,0.9485948350694444,True
E1_baseline,4,B_pilot,2,5.2082703054842,-6.733988521045736,-5.0,7.0,0.3378440869423598,0.9901911801670638,,0.9384494357638888,True
E1_baseline,4,B_pilot,3,-4.059446305611486,-5.957477448384505,4.0,6.0,0.07308919651184137,0.9977163314963817,,0.9485677083333334,True
E1_baseline,4,B_pilot,4,-5.25757534885836,-3.542287835753049,5.0,4.0,0.5252099443452435,0.9820550440049252,,0.9536675347222222,True
E1_baseline,4,B_pilot,5,0.6997576743853564,7.18910559876689,-1.0,-7.0,0.3548328924655571,0.9900550705037088,,0.9585232204861112,True
E1_baseline,4,B_pilot,6,-6.967194538986034,7.699453844211863,7.0,-8.0,0.302331258773164,0.9914632507638207,,0.9233940972222222,True
E1_baseline,4,B_pilot,7,7.200158939856742,-1.9987226765508712,-7.0,2.0,0.2001630154643172,0.9958258480918516,,0.9535047743055556,True
E1_baseline,4,B_pilot,8,-3.863933760917419,-6.896895384383786,4.0,7.0,0.1707178466928555,0.9958589209224761,,0.9434678819444444,True
E1_baseline,4,stable_subpixel,0,0.0,0.0,0.0,0.0,0.0,1.0,0.0,1.0,True
E1_baseline,4,stable_subpixel,1,-5.071209774759366,4.508835166488062,5.0,-4.550000190734863,0.0822519984104905,0.9857597321772962,0.9999999403953552,0.9508775489456538,True
E1_baseline,4,stable_subpixel,2,5.2082703054842,-6.733988521045736,-5.099999904632568,6.900000095367432,0.19819768542881827,0.9884781516210438,0.9999999403953552,0.9384545898390935,True
E1_baseline,4,stable_subpixel,3,-4.059446305611486,-5.957477448384505,4.0,6.0,0.07308919651184137,0.9977163314963817,0.9999999403953552,0.9485677083333334,True
E1_baseline,4,stable_subpixel,4,-5.25757534885836,-3.542287835753049,5.099999904632568,3.6500000953674316,0.19087155758308197,0.9824905798757414,0.9999999403953552,0.9549320475297929,True
E1_baseline,4,stable_subpixel,5,0.6997576743853564,7.18910559876689,-0.8500000238418579,-7.099999904632568,0.17467852843829657,0.98807761404947,0.9999999403953552,0.9587574602273526,True
E1_baseline,4,stable_subpixel,6,-6.967194538986034,7.699453844211863,7.0,-7.849999904632568,0.15407892321967168,0.9907234456841569,0.9999999403953552,0.9241468646279019,True
E1_baseline,4,stable_subpixel,7,7.200158939856742,-1.9987226765508712,-7.099999904632568,2.0,0.10016717971586758,0.9949327214565143,0.9999999403953552,0.9529893668109758,True
E1_baseline,4,stable_subpixel,8,-3.863933760917419,-6.896895384383786,3.950000047683716,6.949999809265137,0.10113103213018963,0.9948969429769356,0.9999999403953552,0.9439738641233676,True
E2_sparse,4,A_cli,0,0.0,0.0,0.0,0.0,0.0,1.0,0.0,1.0,True
E2_sparse,4,A_cli,1,3.5767297964891878,-6.751596187200608,0.0,0.0,7.640487360902796,0.9768161421618778,0.9999999996947078,1.0,True
E2_sparse,4,A_cli,2,5.071473457177495,-6.994178927308532,0.0,0.0,8.639350779662935,0.9766689857896834,0.9999999997315706,1.0,True
E2_sparse,4,A_cli,3,-7.759245047648955,3.891568409066558,0.0,0.0,8.68044862849321,0.9766111836770182,0.9999999998135607,1.0,True
E2_sparse,4,A_cli,4,-7.283898477549336,6.213340594584411,0.0,0.0,9.573963566650757,0.9763756397384767,0.9999999997460325,1.0,True
E2_sparse,4,A_cli,5,5.857963010433103,3.86260322147783,0.0,0.0,7.016796582356751,0.9770603283236456,0.9999999997230664,1.0,True
E2_sparse,4,A_cli,6,6.081173139830588,1.7749902344563964,0.0,0.0,6.334923605617718,0.9776938871009021,0.999999999665536,1.0,True
E2_sparse,4,A_cli,7,1.777729898543539,5.985506261103243,0.0,0.0,6.243925751791235,0.977698504534471,0.9999999998058716,1.0,True
E2_sparse,4,A_cli,8,-5.574272990227378,-4.304180603978857,0.0,0.0,7.042619543979802,0.9770029781104048,0.9999999996979866,1.0,True
E2_sparse,4,B_pilot,0,0.0,0.0,0.0,0.0,0.0,1.0,0.0,1.0,True
E2_sparse,4,B_pilot,1,3.5767297964891878,-6.751596187200608,-4.0,7.0,0.4907770567104373,0.883488761707523,,0.9434678819444444,True
E2_sparse,4,B_pilot,2,5.071473457177495,-6.994178927308532,-5.0,7.0,0.07171011064126578,0.861537680981305,,0.9384494357638888,True
E2_sparse,4,B_pilot,3,-7.759245047648955,3.891568409066558,8.0,-4.0,0.2640461266406143,0.8150340782412056,,0.9383680555555556,True
E2_sparse,4,B_pilot,4,-7.283898477549336,6.213340594584411,7.0,-6.0,0.3551232952827238,0.7565188968984816,,0.9334309895833334,True
E2_sparse,4,B_pilot,5,5.857963010433103,3.86260322147783,-6.0,-4.0,0.19761675322071523,0.7044372266424531,,0.9485677083333334,True
E2_sparse,4,B_pilot,6,6.081173139830588,1.7749902344563964,-6.0,-2.0,0.23920383195079384,0.7678114735187506,,0.9586588541666666,True
E2_sparse,4,B_pilot,7,1.777729898543539,5.985506261103243,-2.0,-6.0,0.2227421524289303,0.7280974009535972,,0.9586588541666666,True
E2_sparse,4,B_pilot,8,-5.574272990227378,-4.304180603978857,6.0,4.0,0.5232297073818346,0.9490648386516145,,0.9485677083333334,True
E2_sparse,4,stable_subpixel,0,0.0,0.0,0.0,0.0,0.0,1.0,0.0,1.0,True
E2_sparse,4,stable_subpixel,1,3.5767297964891878,-6.751596187200608,-3.5,6.9,0.16706631414701542,0.8857317805107464,0.9999999999709556,0.9464884440104167,True
E2_sparse,4,stable_subpixel,2,5.071473457177495,-6.994178927308532,-4.7,7.35,0.514393978540483,0.8635177886089211,0.9999999999714425,0.9381766764322916,True
E2_sparse,4,stable_subpixel,3,-7.759245047648955,3.891568409066558,8.05,-3.65,0.37801288149427764,0.8133273545480918,0.9999999999718087,0.9398595513237846,True
E2_sparse,4,stable_subpixel,4,-7.283898477549336,6.213340594584411,7.15,-6.5,0.31638966007638286,0.7267316091218824,0.9999999999728842,0.9301669650607638,True
E2_sparse,4,stable_subpixel,5,5.857963010433103,3.86260322147783,-5.8,-3.7,0.17262536955336596,0.7067020197908026,0.9999999999727406,0.9511029730902778,True
E2_sparse,4,stable_subpixel,6,6.081173139830588,1.7749902344563964,-6.15,-2.35,0.5791142954126499,0.7171519558272572,0.9999999999713631,0.9561212158203125,True
E2_sparse,4,stable_subpixel,7,1.777729898543539,5.985506261103243,-0.8,-6.05,0.9798546815027431,0.7200674661275454,0.999999999975974,0.9644542100694442,True
E2_sparse,4,stable_subpixel,8,-5.574272990227378,-4.304180603978857,5.75,4.7,0.433073869253468,0.950681562780432,0.9999999999744119,0.9463060167100694,True
E3_mcherry,4,A_cli,0,0.0,0.0,0.0,0.0,0.0,1.0,0.0,1.0,True
E3_mcherry,4,A_cli,1,0.0,0.0,6.8,-4.9,8.381527307120106,0.9573585338786493,0.9999999814011405,0.9399663628472221,True
E3_mcherry,4,A_cli,2,0.0,0.0,7.0,7.8,10.480458005259122,0.9434375903817084,0.9999999735865887,0.9243977864583334,True
E3_mcherry,4,A_cli,3,0.0,0.0,-3.9,7.2,8.188406438373708,0.9556738308018313,0.9999999738730839,0.9429492187500002,True
E3_mcherry,4,A_cli,4,0.0,0.0,-6.2,-5.9,8.558621384311845,0.9618602249188443,0.9999999629877366,0.9379714626736112,True
E3_mcherry,4,A_cli,5,0.0,0.0,-3.9,-6.0,7.156116265125938,0.9716216144862786,0.9999999584346978,0.9490722656249999,True
E3_mcherry,4,A_cli,6,0.0,0.0,-1.8,-1.8,2.545584412271571,0.9964858601576785,0.9999999587047722,0.9813378906249999,True
E3_mcherry,4,A_cli,7,0.0,0.0,-6.0,5.6,8.207313811473277,0.9571277994658938,0.9999999746904785,0.9404947916666667,True
E3_mcherry,4,A_cli,8,0.0,0.0,4.3,4.1,5.941380311005179,0.9813619895079487,0.9999999607955844,0.9567282443576389,True
E3_mcherry,4,B_pilot,0,0.0,0.0,0.0,0.0,0.0,1.0,0.0,1.0,True
E3_mcherry,4,B_pilot,1,0.0,0.0,0.0,0.0,0.0,1.0,,1.0,True
E3_mcherry,4,B_pilot,2,0.0,0.0,0.0,0.0,0.0,1.0,,1.0,True
E3_mcherry,4,B_pilot,3,0.0,0.0,0.0,0.0,0.0,1.0,,1.0,True
E3_mcherry,4,B_pilot,4,0.0,0.0,0.0,0.0,0.0,1.0,,1.0,True
E3_mcherry,4,B_pilot,5,0.0,0.0,0.0,0.0,0.0,1.0,,1.0,True
E3_mcherry,4,B_pilot,6,0.0,0.0,0.0,0.0,0.0,1.0,,1.0,True
E3_mcherry,4,B_pilot,7,0.0,0.0,0.0,0.0,0.0,1.0,,1.0,True
E3_mcherry,4,B_pilot,8,0.0,0.0,0.0,0.0,0.0,1.0,,1.0,True
E3_mcherry,4,stable_subpixel,0,0.0,0.0,0.0,0.0,0.0,1.0,0.0,1.0,True
E3_mcherry,4,stable_subpixel,1,0.0,0.0,0.0,0.0,0.0,1.0,1.0,1.0,True
E3_mcherry,4,stable_subpixel,2,0.0,0.0,0.0,0.0,0.0,1.0,1.0,1.0,True
E3_mcherry,4,stable_subpixel,3,0.0,0.0,0.0,0.0,0.0,1.0,1.0,1.0,True
E3_mcherry,4,stable_subpixel,4,0.0,0.0,0.0,0.0,0.0,1.0,1.0,1.0,True
E3_mcherry,4,stable_subpixel,5,0.0,0.0,0.0,0.0,0.0,1.0,1.0,1.0,True
E3_mcherry,4,stable_subpixel,6,0.0,0.0,0.0,0.0,0.0,1.0,1.0,1.0,True
E3_mcherry,4,stable_subpixel,7,0.0,0.0,0.0,0.0,0.0,1.0,1.0,1.0,True
E3_mcherry,4,stable_subpixel,8,0.0,0.0,0.0,0.0,0.0,1.0,1.0,1.0,True
E4_gradient,4,A_cli,0,0.0,0.0,0.0,0.0,0.0,1.0,0.0,1.0,True
E4_gradient,4,A_cli,1,3.483081151575413,0.32781041400489697,-3.4,-0.2,0.15244008552608437,0.8244730156511808,0.9999999993212092,0.9812684461805556,True
E4_gradient,4,A_cli,2,-4.556020405744844,-5.291956922087879,4.6,5.2,0.10193272404249919,0.904255369448651,0.9999999991287847,0.949607204861111,True
E4_gradient,4,A_cli,3,-3.6355828302778326,2.174503423018114,3.7,-2.1,0.09849026244472375,0.8712111615023684,0.99999999908736,0.9700024414062501,True
E4_gradient,4,A_cli,4,0.18547669586612026,-4.783270666651953,-0.1,4.8,0.087098427830009,0.9295425180961027,0.9999999985720031,0.9744921875,True
E4_gradient,4,A_cli,5,-3.8034073310695242,3.3816263748660464,3.8,-3.3,0.08169746005103043,0.8447707648893833,0.9999999991610421,0.9633610026041666,True
E4_gradient,4,A_cli,6,3.9062027291131503,-5.050491390784302,-4.0,5.0,0.10652374650355739,0.850406995961308,0.9999999991203884,0.9536675347222222,True
E4_gradient,4,A_cli,7,-3.0445847292086143,-4.468108086288379,3.1,4.5,0.06393705026877676,0.9108996317374091,0.9999999988391072,0.9607950846354166,True
E4_gradient,4,A_cli,8,-3.94318151164377,-2.6567158768147867,4.0,2.8,0.1541385110089051,0.9528172679572348,0.9999999985679204,0.9648871527777777,True
E4_gradient,4,B_pilot,0,0.0,0.0,0.0,0.0,0.0,1.0,0.0,1.0,True
E4_gradient,4,B_pilot,1,3.483081151575413,0.32781041400489697,-3.0,0.0,0.5838039624201682,0.8728346199687758,,0.984375,True
E4_gradient,4,B_pilot,2,-4.556020405744844,-5.291956922087879,5.0,5.0,0.5313724912620154,0.9050481706149651,,0.9485948350694444,True
E4_gradient,4,B_pilot,3,-3.6355828302778326,2.174503423018114,4.0,-2.0,0.404043708320466,0.9046902144636069,,0.9689670138888888,True
E4_gradient,4,B_pilot,4,0.18547669586612026,-4.783270666651953,0.0,5.0,0.2852598966607506,0.9634885998697266,,0.9739583333333334,True
E4_gradient,4,B_pilot,5,-3.8034073310695242,3.3816263748660464,4.0,-3.0,0.4292870455424993,0.8764771866197754,,0.9638671875,True
E4_gradient,4,B_pilot,6,3.9062027291131503,-5.050491390784302,-4.0,5.0,0.10652374650355739,0.8506785802344518,,0.9536675347222222,True
E4_gradient,4,B_pilot,7,-3.0445847292086143,-4.468108086288379,3.0,4.0,0.47022651831556034,0.8929773565568516,,0.9638671875,True
E4_gradient,4,B_pilot,8,-3.94318151164377,-2.6567158768147867,4.0,3.0,0.347954493935813,0.9557580071461829,,0.9638671875,True
E4_gradient,4,stable_subpixel,0,0.0,0.0,0.0,0.0,0.0,1.0,0.0,1.0,True
E4_gradient,4,stable_subpixel,1,3.483081151575413,0.32781041400489697,-3.450000047683716,-0.15000000596046448,0.18086155103730822,0.8250867902214668,0.9999999403953552,0.9812640378072925,True
E4_gradient,4,stable_subpixel,2,-4.556020405744844,-5.291956922087879,4.650000095367432,5.150000095367432,0.17024665257824292,0.9039396114482312,0.9999999403953552,0.949607949878296,True
E4_gradient,4,stable_subpixel,3,-3.6355828302778326,2.174503423018114,3.799999952316284,-2.049999952316284,0.20623797961628812,0.8749057493712168,0.9999999403953552,0.9697425677634439,True
E4_gradient,4,stable_subpixel,4,0.18547669586612026,-4.783270666651953,-0.10000000149011612,4.900000095367432,0.1446790406717255,0.9330663878032825,0.9999999403953552,0.9739716249300182,True
E4_gradient,4,stable_subpixel,5,-3.8034073310695242,3.3816263748660464,3.9000000953674316,-3.25,0.16326562612836812,0.8485439045726821,0.9999999403953552,0.9631042475585774,True
E4_gradient,4,stable_subpixel,6,3.9062027291131503,-5.050491390784302,-3.950000047683716,5.0,0.06684000042867064,0.8494195810605856,0.9999999403953552,0.9539211694629759,True
E4_gradient,4,stable_subpixel,7,-3.0445847292086143,-4.468108086288379,3.0,4.400000095367432,0.08140329542403875,0.9090127463714269,0.9999999403953552,0.9618164057610556,True
E4_gradient,4,stable_subpixel,8,-3.94318151164377,-2.6567158768147867,4.0,2.799999952316284,0.15413846668306347,0.9527101875909134,0.9999999403953552,0.9648871530209564,True
E5_drift,4,A_cli,0,0.0,0.0,0.0,0.0,0.0,1.0,0.0,1.0,True
E5_drift,4,A_cli,1,2.4576234726938493,-3.0636043958110077,-2.4,3.0,0.08582530962240768,0.9926247992265611,0.9999999798524425,0.9720703125000001,True
E5_drift,4,A_cli,2,6.5214157079257555,-4.7218558306802905,-6.6,4.8,0.11082419482891591,0.9898266504665407,0.9999999808720038,0.9414843749999999,True
E5_drift,4,A_cli,3,9.13712722267396,-6.477171149632227,-9.1,6.5,0.04358425257585654,0.9910913843044193,0.9999999799484447,0.9203545464409724,True
E5_drift,4,A_cli,4,11.565631074414842,-8.534385170163095,-11.6,8.6,0.07407110732535394,0.9881636394801032,0.9999999833049977,0.8974978298611112,True
E5_drift,4,A_cli,5,14.924968211037553,-11.933023370008955,-15.0,12.0,0.10057652966702724,0.9977278573212198,0.9999999769597522,0.8642578125,True
E5_drift,4,A_cli,6,17.086344064320986,-15.395455100535438,-17.0,15.3,0.12871275640625926,0.9921552852774179,0.999999981037497,0.8388264973958333,True
E5_drift,4,A_cli,7,21.4613688986736,-17.645614765966577,-21.4,17.7,0.08199936222484305,0.9882901707222993,0.9999999852000145,0.8066292317708333,True
E5_drift,4,A_cli,8,24.107629248530255,-19.283502842918605,-24.0,19.2,0.13622327229470274,0.9931665979645601,0.9999999816523968,0.7875000000000001,True
E5_drift,4,B_pilot,0,0.0,0.0,0.0,0.0,0.0,1.0,0.0,1.0,True
E5_drift,4,B_pilot,1,2.4576234726938493,-3.0636043958110077,-2.0,3.0,0.4620224690714312,0.9877280835224899,,0.97412109375,True
E5_drift,4,B_pilot,2,6.5214157079257555,-4.7218558306802905,-7.0,5.0,0.5535405166261608,0.9841872617361702,,0.9384494357638888,True
E5_drift,4,B_pilot,3,9.13712722267396,-6.477171149632227,-9.0,6.0,0.49648381770165984,0.9854953718908015,,0.92333984375,True
E5_drift,4,B_pilot,4,11.565631074414842,-8.534385170163095,-12.0,9.0,0.6367680372616507,0.9809219915469222,,0.8935546875,True
E5_drift,4,B_pilot,5,14.924968211037553,-11.933023370008955,-15.0,12.0,0.10057652966702724,0.9958460161127237,,0.8642578125,True
E5_drift,4,B_pilot,6,17.086344064320986,-15.395455100535438,-17.0,15.0,0.4047715824795015,0.9878515550489819,,0.8402506510416666,True
E5_drift,4,B_pilot,7,21.4613688986736,-17.645614765966577,-21.0,18.0,0.5817646902006134,0.9818557408400589,,0.80712890625,True
E5_drift,4,B_pilot,8,24.107629248530255,-19.283502842918605,-24.0,19.0,0.3032456381914148,0.9898570406927175,,0.7884114583333334,True
E5_drift,4,stable_subpixel,0,0.0,0.0,0.0,0.0,0.0,1.0,0.0,1.0,True
E5_drift,4,stable_subpixel,1,2.4576234726938493,-3.0636043958110077,-2.3499999046325684,3.0,0.1250134055560623,0.9892173464449543,0.9999998807907104,0.9723266606451944,True
E5_drift,4,stable_subpixel,2,6.5214157079257555,-4.7218558306802905,-6.599999904632568,4.849999904632568,0.1503209222335398,0.9850931155819124,0.9999998807907104,0.9412329111200395,True
E5_drift,4,stable_subpixel,3,9.13712722267396,-6.477171149632227,-9.050000190734863,6.400000095367432,0.11638939518210605,0.9869735286594769,0.9999998807907104,0.9211024291219656,True
E5_drift,4,stable_subpixel,4,11.565631074414842,-8.534385170163095,-11.699999809265137,8.600000381469727,0.1495336512631279,0.9823260378178607,0.9999999403953552,0.897000324603998,True
E5_drift,4,stable_subpixel,5,14.924968211037553,-11.933023370008955,-15.0,12.0,0.10057652966702724,0.9958460161127237,0.9999998807907104,0.8642578125,True
E5_drift,4,stable_subpixel,6,17.086344064320986,-15.395455100535438,-17.049999237060547,15.25,0.1499270914156795,0.987449538725028,0.9999999403953552,0.8388241274644517,True
E5_drift,4,stable_subpixel,7,21.4613688986736,-17.645614765966577,-21.350000381469727,17.799999237060547,0.19036152851654267,0.9824661626876313,0.9999999403953552,0.8064027252534611,True
E5_drift,4,stable_subpixel,8,24.107629248530255,-19.283502842918605,-24.049999237060547,19.149999618530273,0.1454108976111482,0.9886853887273168,0.9999999403953552,0.787493427081758,True
E1_baseline,5,A_cli,0,0.0,0.0,0.0,0.0,0.0,1.0,0.0,1.0,True
E1_baseline,5,A_cli,1,3.6981078465445734,-3.5723103416624458,-3.8,3.6,0.10558753768619981,0.9902984003061367,0.9999999724119424,0.9618294270833333,True
E1_baseline,5,A_cli,2,-0.5584057906451978,-6.2138954957611485,0.4,6.1,0.19510145684901511,0.990705663867421,0.99999996905608,0.9662120225694445,True
E1_baseline,5,A_cli,3,-6.212956182213549,-1.2757907550722365,6.1,1.2,0.1360269739966319,0.9934458169717433,0.9999999710904705,0.962177734375,True
E1_baseline,5,A_cli,4,4.54480864533399,-7.741812936505447,-4.6,7.8,0.0801986283423124,0.9902801447867917,0.9999999724317341,0.9363899739583333,True
E1_baseline,5,A_cli,5,1.0642756866918557,2.9524265288432954,-1.0,-3.0,0.07996623698541405,0.999243591312416,0.9999999657049582,0.979248046875,True
E1_baseline,5,A_cli,6,-0.5047059559611125,-0.6638270357529876,0.4,0.6,0.12262637443365754,0.9891522765132281,0.9999999701208754,0.9947981770833333,True
E1_baseline,5,A_cli,7,-3.177443858253188,6.806463004089361,3.1,-6.9,0.12143607695049624,0.9952848452872004,0.9999999669462857,0.9484969075520833,True
E1_baseline,5,A_cli,8,-3.6567961888406852,4.778592164995635,3.8,-4.9,0.1877423605130177,0.9926475838022844,0.9999999685592803,0.9551925998263887,True
E1_baseline,5,B_pilot,0,0.0,0.0,0.0,0.0,0.0,1.0,0.0,1.0,True
E1_baseline,5,B_pilot,1,3.6981078465445734,-3.5723103416624458,-4.0,4.0,0.5235048387234341,0.9851152489500187,,0.9587673611111112,True
E1_baseline,5,B_pilot,2,-0.5584057906451978,-6.2138954957611485,1.0,6.0,0.49066967385665927,0.9862249948681304,,0.9637044270833334,True
E1_baseline,5,B_pilot,3,-6.212956182213549,-1.2757907550722365,6.0,1.0,0.34844063501016176,0.9917361852997145,,0.9637044270833334,True
E1_baseline,5,B_pilot,4,4.54480864533399,-7.741812936505447,-5.0,8.0,0.5233160891073552,0.9845652149921801,,0.9333767361111112,True
E1_baseline,5,B_pilot,5,1.0642756866918557,2.9524265288432954,-1.0,-3.0,0.07996623698541405,0.9987842478142632,,0.979248046875,True
E1_baseline,5,B_pilot,6,-0.5047059559611125,-0.6638270357529876,1.0,1.0,0.5986054225873823,0.9825550817502207,,0.9896104600694444,True
E1_baseline,5,B_pilot,7,-3.177443858253188,6.806463004089361,3.0,-7.0,0.26256978428199274,0.994163522436203,,0.948486328125,True
E1_baseline,5,B_pilot,8,-3.6567961888406852,4.778592164995635,4.0,-5.0,0.40842414888887124,0.9895466859384501,,0.9536675347222222,True
E1_baseline,5,stable_subpixel,0,0.0,0.0,0.0,0.0,0.0,1.0,0.0,1.0,True
E1_baseline,5,stable_subpixel,1,3.6981078465445734,-3.5723103416624458,-3.8499999046325684,3.700000047683716,0.19843351111645738,0.9847531438883457,0.9999999403953552,0.9610635039329968,True
E1_baseline,5,stable_subpixel,2,-0.5584057906451978,-6.2138954957611485,0.6499999761581421,6.099999904632568,0.14615642475891494,0.9860846131663088,0.9999999403953552,0.9649513081239355,True
E1_baseline,5,stable_subpixel,3,-6.212956182213549,-1.2757907550722365,6.099999904632568,1.149999976158142,0.16906342213727427,0.9897609861368273,0.9999999403953552,0.9624298780011142,True
E1_baseline,5,stable_subpixel,4,4.54480864533399,-7.741812936505447,-4.650000095367432,7.900000095367432,0.18996951963134706,0.9849402853595937,0.9999999403953552,0.9356319163567645,True
E1_baseline,5,stable_subpixel,5,1.0642756866918557,2.9524265288432954,-1.0,-3.0,0.07996623698541405,0.9987842478142632,0.9999999403953552,0.979248046875,True
E1_baseline,5,stable_subpixel,6,-0.5047059559611125,-0.6638270357529876,0.5,0.800000011920929,0.13625426767607188,0.9837374978717569,0.9999999403953552,0.9932400172991847,True
E1_baseline,5,stable_subpixel,7,-3.177443858253188,6.806463004089361,3.049999952316284,-6.900000095367432,0.15808585200838346,0.9927804698801433,0.9999999403953552,0.9487479652454041,True
E1_baseline,5,stable_subpixel,8,-3.6567961888406852,4.778592164995635,3.799999952316284,-4.900000095367432,0.18774238581294952,0.9881248238416732,0.9999999403953552,0.9551925995815286,True
E2_sparse,5,A_cli,0,0.0,0.0,0.0,0.0,0.0,1.0,0.0,1.0,True
E2_sparse,5,A_cli,1,2.4260553220604457,0.14861726531997732,0.0,0.0,2.4306031180036367,0.9903020195434006,0.9999999995682392,1.0,True
E2_sparse,5,A_cli,2,5.083735831343377,7.167637952555616,0.0,0.0,8.787457187480358,0.9835974883371046,0.999999999637724,1.0,True
E2_sparse,5,A_cli,3,-4.310219899252283,-3.537898831715376,0.0,0.0,5.5762643161316685,0.9849534446492515,0.9999999996777656,1.0,True
E2_sparse,5,A_cli,4,5.655968212817642,0.8279811839810058,0.0,0.0,5.7162513297991175,0.9848763697778213,0.9999999997158674,1.0,True
E2_sparse,5,A_cli,5,-7.853778567127556,-6.903385132007804,0.0,0.0,10.456508215570748,0.9835537749478426,0.9999999996815617,1.0,True
E2_sparse,5,A_cli,6,5.527679117219934,-3.752764135455859,0.0,0.0,6.681203116154538,0.9841487862618689,0.999999999641011,1.0,True
E2_sparse,5,A_cli,7,2.899612647542389,4.09043657371673,0.0,0.0,5.0139231016627335,0.9857417169544097,0.9999999996807877,1.0,True
E2_sparse,5,A_cli,8,0.8796166158686649,1.634858661287959,0.0,0.0,1.8564719855953926,0.9914238150690045,0.9999999995812543,1.0,True
E2_sparse,5,B_pilot,0,0.0,0.0,0.0,0.0,0.0,1.0,0.0,1.0,True
E2_sparse,5,B_pilot,1,2.4260553220604457,0.14861726531997732,-2.0,0.0,0.45123190158411747,0.9417799581804637,,0.9895833333333334,True
E2_sparse,5,B_pilot,2,5.083735831343377,7.167637952555616,-5.0,-7.0,0.18738775997328475,0.641892027661812,,0.9384494357638888,True
E2_sparse,5,B_pilot,3,-4.310219899252283,-3.537898831715376,4.0,3.0,0.620944070792904,0.961995761447428,,0.9638671875,True
E2_sparse,5,B_pilot,4,5.655968212817642,0.8279811839810058,-6.0,-1.0,0.38464053823857886,0.8142837795478125,,0.9637044270833334,True
E2_sparse,5,B_pilot,5,-7.853778567127556,-6.903385132007804,8.0,7.0,0.17525735404946693,0.9404120775516172,,0.9233940972222222,True
E2_sparse,5,B_pilot,6,5.527679117219934,-3.752764135455859,-6.0,4.0,0.5331159245670959,0.8516109321784425,,0.9485677083333334,True
E2_sparse,5,B_pilot,7,2.899612647542389,4.09043657371673,-3.0,-4.0,0.13511622552110503,0.7782733433757456,,0.9638671875,True
E2_sparse,5,B_pilot,8,0.8796166158686649,1.634858661287959,-1.0,-2.0,0.38447412970359146,0.8933793336001846,,0.9844292534722222,True
E2_sparse,5,stable_subpixel,0,0.0,0.0,0.0,0.0,0.0,1.0,0.0,1.0,True
E2_sparse,5,stable_subpixel,1,2.4260553220604457,0.14861726531997732,-2.3,-0.2,0.1361254187981082,0.8842890177858628,0.9999999999777675,0.9869916449652778,True
E2_sparse,5,stable_subpixel,2,5.083735831343377,7.167637952555616,-5.8,-7.35,0.7391145213358147,0.5959903925078331,0.9999999999870597,0.9326668294270833,True
E2_sparse,5,stable_subpixel,3,-4.310219899252283,-3.537898831715376,3.95,3.35,0.40628111791877325,0.962622574759224,0.9999999999849393,0.9623381212022569,True
E2_sparse,5,stable_subpixel,4,5.655968212817642,0.8279811839810058,-5.9,-1.25,0.4874950196971138,0.7835276565465161,0.9999999999809543,0.962960476345486,True
E2_sparse,5,stable_subpixel,5,-7.853778567127556,-6.903385132007804,8.4,6.9,0.5462319222161378,0.9366721555270848,0.9999999999813942,0.921884765625,True
E2_sparse,5,stable_subpixel,6,5.527679117219934,-3.752764135455859,-5.25,3.8,0.2816681008550212,0.8532134257047126,0.9999999999842227,0.9534057617187499,True
E2_sparse,5,stable_subpixel,7,2.899612647542389,4.09043657371673,-3.3,-4.2,0.4151074275256284,0.7276550625596693,0.9999999999821376,0.9613134765625,True
E2_sparse,5,stable_subpixel,8,0.8796166158686649,1.634858661287959,-0.7,-2.05,0.4523322449303575,0.8596764256707895,0.9999999999823619,0.9857160101996527,True
E3_mcherry,5,A_cli,0,0.0,0.0,0.0,0.0,0.0,1.0,0.0,1.0,True
E3_mcherry,5,A_cli,1,0.0,0.0,4.2,3.5,5.4671747731346585,0.9814075583715702,0.9999999745804727,0.9602945963541667,True
E3_mcherry,5,A_cli,2,0.0,0.0,-5.8,-1.0,5.885575587824865,0.982350729807787,0.999999972695215,0.9647406684027777,True
E3_mcherry,5,A_cli,3,0.0,0.0,7.8,6.9,10.413932974625869,0.933879746703262,0.9999999773217988,0.9248974609374999,True
E3_mcherry,5,A_cli,4,0.0,0.0,-5.4,3.8,6.603029607687671,0.9788979775102277,0.999999974946778,0.9526399739583332,True
E3_mcherry,5,A_cli,5,0.0,0.0,-2.9,-4.1,5.021951811795888,0.9830864786578692,0.9999999623041523,0.9638642035590278,True
E3_mcherry,5,A_cli,6,0.0,0.0,-1.0,-1.7,1.972308292331602,0.9972340867429638,0.9999999656779442,0.985983615451389,True
E3_mcherry,5,A_cli,7,0.0,0.0,3.8,4.4,5.813776741499454,0.9779851654574815,0.9999999745965775,0.9577452256944444,True
E3_mcherry,5,A_cli,8,0.0,0.0,7.7,3.2,8.338465086573187,0.9621086140961365,0.9999999740159283,0.9438975694444446,True
E3_mcherry,5,B_pilot,0,0.0,0.0,0.0,0.0,0.0,1.0,0.0,1.0,True
E3_mcherry,5,B_pilot,1,0.0,0.0,0.0,0.0,0.0,1.0,,1.0,True
E3_mcherry,5,B_pilot,2,0.0,0.0,0.0,0.0,0.0,1.0,,1.0,True
E3_mcherry,5,B_pilot,3,0.0,0.0,0.0,0.0,0.0,1.0,,1.0,True
E3_mcherry,5,B_pilot,4,0.0,0.0,0.0,0.0,0.0,1.0,,1.0,True
E3_mcherry,5,B_pilot,5,0.0,0.0,0.0,0.0,0.0,1.0,,1.0,True
E3_mcherry,5,B_pilot,6,0.0,0.0,0.0,0.0,0.0,1.0,,1.0,True
E3_mcherry,5,B_pilot,7,0.0,0.0,0.0,0.0,0.0,1.0,,1.0,True
E3_mcherry,5,B_pilot,8,0.0,0.0,0.0,0.0,0.0,1.0,,1.0,True
E3_mcherry,5,stable_subpixel,0,0.0,0.0,0.0,0.0,0.0,1.0,0.0,1.0,True
E3_mcherry,5,stable_subpixel,1,0.0,0.0,0.0,0.0,0.0,1.0,0.9999999403953552,1.0,True
E3_mcherry,5,stable_subpixel,2,0.0,0.0,0.0,0.0,0.0,1.0,0.9999999403953552,1.0,True
E3_mcherry,5,stable_subpixel,3,0.0,0.0,0.0,0.0,0.0,1.0,0.9999999403953552,1.0,True
E3_mcherry,5,stable_subpixel,4,0.0,0.0,0.0,0.0,0.0,1.0,0.9999999403953552,1.0,True
E3_mcherry,5,stable_subpixel,5,0.0,0.0,0.0,0.0,0.0,1.0,0.9999999403953552,1.0,True
E3_mcherry,5,stable_subpixel,6,0.0,0.0,0.0,0.0,0.0,1.0,0.9999999403953552,1.0,True
E3_mcherry,5,stable_subpixel,7,0.0,0.0,0.0,0.0,0.0,1.0,0.9999999403953552,1.0,True
E3_mcherry,5,stable_subpixel,8,0.0,0.0,0.0,0.0,0.0,1.0,0.9999999403953552,1.0,True
E4_gradient,5,A_cli,0,0.0,0.0,0.0,0.0,0.0,1.0,0.0,1.0,True
E4_gradient,5,A_cli,1,3.906837980864195,-3.706217391084492,-4.0,3.8,0.13219054256813975,0.866753075683221,0.9999999992434081,0.9597873263888889,True
E4_gradient,5,A_cli,2,2.77358088490843,-2.6792327562468343,-2.8,2.8,0.12362320496556503,0.8877491955197311,0.9999999992228029,0.9710460069444442,True
E4_gradient,5,A_cli,3,-0.41880434298389835,-4.660421621820861,0.4,4.9,0.24031521509468107,0.9447624971965279,0.9999999988883003,0.9724490017361112,True
E4_gradient,5,A_cli,4,-4.659717136660162,-0.9568430663041774,4.8,1.0,0.14677125969633584,0.9646852338449738,0.9999999984480867,0.9699218749999999,True
E4_gradient,5,A_cli,5,3.408606484000493,-5.806359702379085,-3.2,5.9,0.22865950779615826,0.855604329229832,0.9999999995178347,0.9531163194444444,True
E4_gradient,5,A_cli,6,0.7982067650188918,2.2143198966324715,0.1,0.0,2.3895581175916485,0.9322653567412104,0.9999999994551008,0.9994791666666667,True
E4_gradient,5,A_cli,7,-0.37852946697083434,-0.4978702768147407,0.3,0.7,0.21684856969247662,0.9510451288218313,0.9999999986698418,0.99479736328125,True
E4_gradient,5,A_cli,8,-2.383082893689891,5.104847253067021,2.3,-5.0,0.13377486198679367,0.8281030079974717,0.9999999993573828,0.9622911241319445,True
E4_gradient,5,B_pilot,0,0.0,0.0,0.0,0.0,0.0,1.0,0.0,1.0,True
E4_gradient,5,B_pilot,1,3.906837980864195,-3.706217391084492,-4.0,4.0,0.30820023217165554,0.8704042956976041,,0.9587673611111112,True
E4_gradient,5,B_pilot,2,2.77358088490843,-2.6792327562468343,-3.0,3.0,0.39262862904257556,0.8931506275750238,,0.968994140625,True
E4_gradient,5,B_pilot,3,-0.41880434298389835,-4.660421621820861,0.0,5.0,0.5391758086458898,0.931997515246952,,0.9739583333333334,True
E4_gradient,5,B_pilot,4,-4.659717136660162,-0.9568430663041774,5.0,1.0,0.34300867045715405,0.9670935655507462,,0.9688856336805556,True
E4_gradient,5,B_pilot,5,3.408606484000493,-5.806359702379085,-3.0,6.0,0.45216791530355344,0.8802277718617898,,0.95361328125,True
E4_gradient,5,B_pilot,6,0.7982067650188918,2.2143198966324715,-1.0,-2.0,0.2943697127367115,0.9031770399448167,,0.9844292534722222,True
E4_gradient,5,B_pilot,7,-0.37852946697083434,-0.4978702768147407,0.0,0.0,0.6254273498183546,0.9171505566193114,,1.0,True
E4_gradient,5,B_pilot,8,-2.383082893689891,5.104847253067021,2.0,-5.0,0.39717181409752655,0.8195426772288443,,0.9638129340277778,True
E4_gradient,5,stable_subpixel,0,0.0,0.0,0.0,0.0,0.0,1.0,0.0,1.0,True
E4_gradient,5,stable_subpixel,1,3.906837980864195,-3.706217391084492,-3.950000047683716,3.8499999046325684,0.1501212017482392,0.8672897983641398,0.9999999403953552,0.9597875300825236,True
E4_gradient,5,stable_subpixel,2,2.77358088490843,-2.6792327562468343,-2.9000000953674316,2.8499999046325684,0.21246937600716168,0.8901540456551919,0.9999999403953552,0.9702762858071624,True
E4_gradient,5,stable_subpixel,3,-0.41880434298389835,-4.660421621820861,0.30000001192092896,4.800000190734863,0.1832938787286704,0.9400376812453819,1.0,0.9734765614476054,True
E4_gradient,5,stable_subpixel,4,-4.659717136660162,-0.9568430663041774,4.800000190734863,1.0,0.14677144199929087,0.9646168751918406,0.9999999403953552,0.9699218740117632,True
E4_gradient,5,stable_subpixel,5,3.408606484000493,-5.806359702379085,-3.25,5.900000095367432,0.1841861557392698,0.8555151219190791,1.0,0.952863904676633,True
E4_gradient,5,stable_subpixel,6,0.7982067650188918,2.2143198966324715,-0.8999999761581421,-2.0999999046325684,0.15307161201508895,0.8748260809375407,0.9999999403953552,0.9844262701484452,True
E4_gradient,5,stable_subpixel,7,-0.37852946697083434,-0.4978702768147407,0.25,0.5,0.12854711043291728,0.9448750061669746,1.0,0.9960971408420138,True
E4_gradient,5,stable_subpixel,8,-2.383082893689891,5.104847253067021,2.25,-5.050000190734863,0.14394185228536696,0.8030551171994971,0.9999999403953552,0.96228739322396,True
E5_drift,5,A_cli,0,0.0,0.0,0.0,0.0,0.0,1.0,0.0,1.0,True
E5_drift,5,A_cli,1,3.8278293510225896,-2.0534612072921945,-3.9,2.0,0.08981482761192368,0.9978644240819756,0.9999999561585092,0.969482421875,True
E5_drift,5,A_cli,2,6.990578446234277,-3.7767242703220507,-7.0,3.9,0.12363523447218114,0.99732557219367,0.9999999612403468,0.9439697265625,True
E5_drift,5,A_cli,3,9.269804042763411,-6.117250425938021,-9.2,6.0,0.13645609832016897,0.9952002897326947,0.9999999633516685,0.9223307291666667,True
E5_drift,5,A_cli,4,13.229930393596847,-7.64952380887484,-13.1,7.7,0.13939064907925267,0.9926422963240819,0.9999999667369527,0.8944029405381946,True
E5_drift,5,A_cli,5,16.64622346964245,-10.518577124980252,-16.7,10.5,0.05689485732320903,0.9902954883021509,0.9999999717166747,0.8630900065104167,True
E5_drift,5,A_cli,6,19.817363164023526,-12.935598745511129,-19.9,13.0,0.10476816424822384,0.9962802126322496,0.9999999647291625,0.8356635199652778,True
E5_drift,5,A_cli,7,22.570887561171464,-16.286406621022298,-22.6,16.2,0.09117915469577731,0.9907464832872029,0.9999999730789989,0.8078483072916668,True
E5_drift,5,A_cli,8,25.249513156665106,-19.383730641646753,-25.1,19.3,0.17136220226917329,0.9914573139745582,0.9999999740512754,0.7818910047743055,True
E5_drift,5,B_pilot,0,0.0,0.0,0.0,0.0,0.0,1.0,0.0,1.0,True
E5_drift,5,B_pilot,1,3.8278293510225896,-2.0534612072921945,-4.0,2.0,0.18027987423570516,0.9971884716437904,,0.9689670138888888,True
E5_drift,5,B_pilot,2,6.990578446234277,-3.7767242703220507,-7.0,4.0,0.2234744216651675,0.9960561484583741,,0.9434678819444444,True
E5_drift,5,B_pilot,3,9.269804042763411,-6.117250425938021,-9.0,6.0,0.29418001950188255,0.9932772375253079,,0.92333984375,True
E5_drift,5,B_pilot,4,13.229930393596847,-7.64952380887484,-13.0,8.0,0.41916768296852336,0.9891468036382561,,0.8934461805555556,True
E5_drift,5,B_pilot,5,16.64622346964245,-10.518577124980252,-17.0,11.0,0.5974326891157746,0.9828645040901008,,0.8592393663194444,True
E5_drift,5,B_pilot,6,19.817363164023526,-12.935598745511129,-20.0,13.0,0.19365881192250947,0.993905867906119,,0.8351779513888888,True
E5_drift,5,B_pilot,7,22.570887561171464,-16.286406621022298,-23.0,16.0,0.51591301371722,0.9848504018893353,,0.8068576388888888,True
E5_drift,5,B_pilot,8,25.249513156665106,-19.383730641646753,-25.0,19.0,0.45771827654968605,0.9860168142476539,,0.7837185329861112,True
E5_drift,5,stable_subpixel,0,0.0,0.0,0.0,0.0,0.0,1.0,0.0,1.0,True
E5_drift,5,stable_subpixel,1,3.8278293510225896,-2.0534612072921945,-3.950000047683716,2.0,0.13335583904652962,0.9968842022214931,0.9999998807907104,0.9692247176361788,True
E5_drift,5,stable_subpixel,2,6.990578446234277,-3.7767242703220507,-7.0,3.9000000953674316,0.12363532956230501,0.9955064498655597,0.9999998807907104,0.9439697260839037,True
E5_drift,5,stable_subpixel,3,9.269804042763411,-6.117250425938021,-9.100000381469727,6.050000190734863,0.1826359152073338,0.9922116862429233,0.9999998807907104,0.922587209586054,True
E5_drift,5,stable_subpixel,4,13.229930393596847,-7.64952380887484,-13.100000381469727,7.800000190734863,0.19880882663764488,0.9879712139382955,0.9999998807907104,0.8939176403974286,True
E5_drift,5,stable_subpixel,5,16.64622346964245,-10.518577124980252,-16.799999237060547,10.550000190734863,0.1569534826196703,0.983783749457516,0.9999998807907104,0.8623600288904789,True
E5_drift,5,stable_subpixel,6,19.817363164023526,-12.935598745511129,-19.950000762939453,13.0,0.1474457670668194,0.9936461016518414,0.9999998807907104,0.8354207319724891,True
E5_drift,5,stable_subpixel,7,22.570887561171464,-16.286406621022298,-22.700000762939453,16.149999618530273,0.18782196144125607,0.9844607202722798,0.9999999403953552,0.8076010452045335,True
E5_drift,5,stable_subpixel,8,25.249513156665106,-19.383730641646753,-25.100000381469727,19.25,0.20059400405265476,0.9852582916780632,0.9999999403953552,0.7821173755995309,True
E1_baseline,6,A_cli,0,0.0,0.0,0.0,0.0,0.0,1.0,0.0,1.0,True
E1_baseline,6,A_cli,1,4.995351950614548,-6.88390851371282,-5.0,6.9,0.016749337121812296,0.9978675993981494,0.9999999634651133,0.9389567057291666,True
E1_baseline,6,A_cli,2,-4.062469893710043,-3.2187547443811457,4.0,3.1,0.13418337055378846,0.9962728682678491,0.9999999664610493,0.9633572048611112,True
E1_baseline,6,A_cli,3,0.8114438329508076,-0.6496635655828324,-0.8,0.6,0.050964998371493056,0.9900864881539421,0.9999999727570981,0.9927213541666666,True
E1_baseline,6,A_cli,4,4.198749525684246,-4.178050987169808,-4.1,4.1,0.12587066942320266,0.9944127896136019,0.9999999663396498,0.9577476671006946,True
E1_baseline,6,A_cli,5,-3.4862841623418834,7.130389283218921,3.5,-7.0,0.13110869300320202,0.9905882980179384,0.9999999706223189,0.9459771050347222,True
E1_baseline,6,A_cli,6,-7.5070114992590735,-2.006224952759883,7.5,2.0,0.009376095067924781,0.991437806543156,0.999999969918148,0.950927734375,True
E1_baseline,6,A_cli,7,2.746244810427031,3.2166656467637633,-2.9,-3.1,0.19300655806326047,0.993336992057812,0.999999966942032,0.9689938693576389,True
E1_baseline,6,A_cli,8,5.67983663010307,-7.659116384138356,-5.8,7.8,0.18516864929905827,0.9894966954262225,0.9999999730253155,0.9303938802083331,True
E1_baseline,6,B_pilot,0,0.0,0.0,0.0,0.0,0.0,1.0,0.0,1.0,True
E1_baseline,6,B_pilot,1,4.995351950614548,-6.88390851371282,-5.0,7.0,0.11618449789647566,0.9973218319319355,,0.9384494357638888,True
E1_baseline,6,B_pilot,2,-4.062469893710043,-3.2187547443811457,4.0,3.0,0.22749972705347246,0.9951352279938928,,0.9638671875,True
E1_baseline,6,B_pilot,3,0.8114438329508076,-0.6496635655828324,-1.0,1.0,0.3978555584787239,0.9895990374817376,,0.9896104600694444,True
E1_baseline,6,B_pilot,4,4.198749525684246,-4.178050987169808,-4.0,4.0,0.2668398920548721,0.993525668043514,,0.9587673611111112,True
E1_baseline,6,B_pilot,5,-3.4862841623418834,7.130389283218921,3.0,-7.0,0.503461668573578,0.983284644793546,,0.948486328125,True
E1_baseline,6,B_pilot,6,-7.5070114992590735,-2.006224952759883,8.0,2.0,0.49302780033143084,0.9836525230361626,,0.9483506944444444,True
E1_baseline,6,B_pilot,7,2.746244810427031,3.2166656467637633,-3.0,-3.0,0.3336700446890209,0.9915769593465485,,0.968994140625,True
E1_baseline,6,B_pilot,8,5.67983663010307,-7.659116384138356,-6.0,8.0,0.4676603714092818,0.9856054952620356,,0.9283854166666666,True
E1_baseline,6,stable_subpixel,0,0.0,0.0,0.0,0.0,0.0,1.0,0.0,1.0,True
E1_baseline,6,stable_subpixel,1,4.995351950614548,-6.88390851371282,-5.0,6.949999809265137,0.06625453728518002,0.9970192029376463,0.9999999403953552,0.9387030717140684,True
E1_baseline,6,stable_subpixel,2,-4.062469893710043,-3.2187547443811457,4.0,3.0999999046325684,0.13418345495572231,0.9942364969281772,0.9999999403953552,0.9633572053474685,True
E1_baseline,6,stable_subpixel,3,0.8114438329508076,-0.6496635655828324,-0.949999988079071,0.800000011920929,0.2044476833360916,0.9885365434617706,0.9999999403953552,0.9909060329861595,True
E1_baseline,6,stable_subpixel,4,4.198749525684246,-4.178050987169808,-4.099999904632568,4.050000190734863,0.16170496011400987,0.9919287522675915,0.9999999403953552,0.958002522300489,True
E1_baseline,6,stable_subpixel,5,-3.4862841623418834,7.130389283218921,3.450000047683716,-7.050000190734863,0.08819831725683595,0.985361545072816,0.9999999403953552,0.9459722888242685,True
E1_baseline,6,stable_subpixel,6,-7.5070114992590735,-2.006224952759883,7.550000190734863,2.0,0.04343705367153042,0.9872147235586614,0.9999999403953552,0.9506700293988817,True
E1_baseline,6,stable_subpixel,7,2.746244810427031,3.2166656467637633,-2.9000000953674316,-3.0999999046325684,0.19300669168224768,0.9899074428612694,0.9999999403953552,0.9689938693581563,True
E1_baseline,6,stable_subpixel,8,5.67983663010307,-7.659116384138356,-5.849999904632568,7.800000190734863,0.22091579155805843,0.9843553749064273,0.9999999403953552,0.9301440424821339,True
E2_sparse,6,A_cli,0,0.0,0.0,0.0,0.0,0.0,1.0,0.0,1.0,True
E2_sparse,6,A_cli,1,7.300152430885429,2.936829266543146,0.0,0.0,7.868747781889238,0.9751482436670776,0.9999999995894483,1.0,True
E2_sparse,6,A_cli,2,-1.6459040030450947,-1.9036697988557005,0.0,0.0,2.5165370433027943,0.98442282666079,0.9999999995464379,1.0,True
E2_sparse,6,A_cli,3,-7.813167173057746,2.9860286189588656,0.0,0.0,8.364325925463962,0.9744592384912842,0.9999999995780697,1.0,True
E2_sparse,6,A_cli,4,6.961193473823114,-6.745473413244946,0.0,0.0,9.693277368815561,0.9757710524983385,0.9999999996260518,1.0,True
E2_sparse,6,A_cli,5,-5.59398405668821,6.872106730913181,0.0,0.0,8.861067009539209,0.9758590043950569,0.999999999665154,1.0,True
E2_sparse,6,A_cli,6,7.035551362442623,-5.55192328746222,0.0,0.0,8.962300773988426,0.9751176400175615,0.9999999996770944,1.0,True
E2_sparse,6,A_cli,7,1.5980011146284383,5.018727226637687,0.0,0.0,5.266994450134549,0.976891044079285,0.9999999997887166,1.0,True
E2_sparse,6,A_cli,8,-3.6308057635554345,-0.4463505111363322,0.0,0.0,3.6581387714873568,0.9808110471790331,0.9999999996129122,1.0,True
E2_sparse,6,B_pilot,0,0.0,0.0,0.0,0.0,0.0,1.0,0.0,1.0,True
E2_sparse,6,B_pilot,1,7.300152430885429,2.936829266543146,-7.0,-3.0,0.3067279304724454,0.7008398689588418,,0.948486328125,True
E2_sparse,6,B_pilot,2,-1.6459040030450947,-1.9036697988557005,2.0,2.0,0.3669652336557096,0.9725771772318271,,0.9792751736111112,True
E2_sparse,6,B_pilot,3,-7.813167173057746,2.9860286189588656,8.0,-3.0,0.18735448943495014,0.8527202339237004,,0.943359375,True
E2_sparse,6,B_pilot,4,6.961193473823114,-6.745473413244946,-7.0,7.0,0.25746792001935936,0.8008707549034068,,0.9284125434027778,True
E2_sparse,6,B_pilot,5,-5.59398405668821,6.872106730913181,6.0,-7.0,0.42568255132325516,0.7373932431647704,,0.9334309895833334,True
E2_sparse,6,B_pilot,6,7.035551362442623,-5.55192328746222,-7.0,6.0,0.449484860357044,0.7997231990993096,,0.9334309895833334,True
E2_sparse,6,B_pilot,7,1.5980011146284383,5.018727226637687,-2.0,-5.0,0.4024348554207467,0.7589660062384409,,0.9638129340277778,True
E2_sparse,6,B_pilot,8,-3.6308057635554345,-0.4463505111363322,4.0,0.0,0.5792522447220647,0.9657065053733891,,0.9791666666666666,True
E2_sparse,6,stable_subpixel,0,0.0,0.0,0.0,0.0,0.0,1.0,0.0,1.0,True
E2_sparse,6,stable_subpixel,1,7.300152430885429,2.936829266543146,-6.85,-2.65,0.5337679637986349,0.7031146800447355,0.9999999999688928,0.9510132514105902,True
E2_sparse,6,stable_subpixel,2,-1.6459040030450947,-1.9036697988557005,1.85,1.8,0.22891614877023894,0.9747485277221296,0.9999999999612853,0.9810799153645833,True
E2_sparse,6,stable_subpixel,3,-7.813167173057746,2.9860286189588656,8.75,-3.0,0.9369370016841111,0.8504436749715029,0.9999999999670176,0.93951416015625,True
E2_sparse,6,stable_subpixel,4,6.961193473823114,-6.745473413244946,-7.55,7.2,0.743833007694396,0.7806392835650179,0.9999999999716958,0.9246516927083334,True
E2_sparse,6,stable_subpixel,5,-5.59398405668821,6.872106730913181,5.75,-7.2,0.363118397330552,0.7109109915420272,0.9999999999671807,0.9336751302083334,True
E2_sparse,6,stable_subpixel,6,7.035551362442623,-5.55192328746222,-7.45,5.8,0.4830214575738,0.7791782996541887,0.9999999999712084,0.9321617296006944,True
E2_sparse,6,stable_subpixel,7,1.5980011146284383,5.018727226637687,-2.2,-4.55,0.7629599406129133,0.73754769900616,0.9999999999671587,0.9651152886284723,True
E2_sparse,6,stable_subpixel,8,-3.6308057635554345,-0.4463505111363322,2.85,0.4,0.7821802926972682,0.9714650757671527,0.9999999999573608,0.9831038411458333,True
E3_mcherry,6,A_cli,0,0.0,0.0,0.0,0.0,0.0,1.0,0.0,1.0,True
E3_mcherry,6,A_cli,1,0.0,0.0,-3.0,1.7,3.448187929913334,0.9905388787545644,0.9999999365097836,0.9756591796875002,True
E3_mcherry,6,A_cli,2,0.0,0.0,1.9,7.6,7.8339006886735545,0.9582056764038254,0.9999999774084112,0.9509125434027779,True
E3_mcherry,6,A_cli,3,0.0,0.0,-3.0,-6.9,7.523961722390672,0.9658113639273328,0.9999999855756073,0.9489990234375001,True
E3_mcherry,6,A_cli,4,0.0,0.0,6.7,5.3,8.542833253669418,0.9658498643330939,0.9999999738994263,0.9384632703993057,True
E3_mcherry,6,A_cli,5,0.0,0.0,-7.1,-7.0,9.970456358662826,0.9526871644347714,0.9999999863203284,0.9279106987847222,True
E3_mcherry,6,A_cli,6,0.0,0.0,5.6,-1.6,5.824087911424414,0.9766176297793696,0.9999999602129082,0.9627430555555557,True
E3_mcherry,6,A_cli,7,0.0,0.0,-5.1,3.6,6.2425956140054435,0.9679806084014196,0.9999999555358774,0.955185546875,True
E3_mcherry,6,A_cli,8,0.0,0.0,0.3,-0.2,0.36055512754639896,0.9998171692587284,0.9999999452560255,0.9973974609374999,True
E3_mcherry,6,B_pilot,0,0.0,0.0,0.0,0.0,0.0,1.0,0.0,1.0,True
E3_mcherry,6,B_pilot,1,0.0,0.0,0.0,0.0,0.0,1.0,,1.0,True
E3_mcherry,6,B_pilot,2,0.0,0.0,0.0,0.0,0.0,1.0,,1.0,True
E3_mcherry,6,B_pilot,3,0.0,0.0,0.0,0.0,0.0,1.0,,1.0,True
E3_mcherry,6,B_pilot,4,0.0,0.0,0.0,0.0,0.0,1.0,,1.0,True
E3_mcherry,6,B_pilot,5,0.0,0.0,0.0,0.0,0.0,1.0,,1.0,True
E3_mcherry,6,B_pilot,6,0.0,0.0,0.0,0.0,0.0,1.0,,1.0,True
E3_mcherry,6,B_pilot,7,0.0,0.0,0.0,0.0,0.0,1.0,,1.0,True
E3_mcherry,6,B_pilot,8,0.0,0.0,0.0,0.0,0.0,1.0,,1.0,True
E3_mcherry,6,stable_subpixel,0,0.0,0.0,0.0,0.0,0.0,1.0,0.0,1.0,True
E3_mcherry,6,stable_subpixel,1,0.0,0.0,0.0,0.0,0.0,1.0,1.0,1.0,True
E3_mcherry,6,stable_subpixel,2,0.0,0.0,0.0,0.0,0.0,1.0,1.0,1.0,True
E3_mcherry,6,stable_subpixel,3,0.0,0.0,0.0,0.0,0.0,1.0,1.0,1.0,True
E3_mcherry,6,stable_subpixel,4,0.0,0.0,0.0,0.0,0.0,1.0,1.0,1.0,True
E3_mcherry,6,stable_subpixel,5,0.0,0.0,0.0,0.0,0.0,1.0,1.0,1.0,True
E3_mcherry,6,stable_subpixel,6,0.0,0.0,0.0,0.0,0.0,1.0,1.0,1.0,True
E3_mcherry,6,stable_subpixel,7,0.0,0.0,0.0,0.0,0.0,1.0,1.0,1.0,True
E3_mcherry,6,stable_subpixel,8,0.0,0.0,0.0,0.0,0.0,1.0,1.0,1.0,True
E4_gradient,6,A_cli,0,0.0,0.0,0.0,0.0,0.0,1.0,0.0,1.0,True
E4_gradient,6,A_cli,1,0.1496848280420715,-4.603810571720146,-0.1,4.8,0.20238298818415074,0.9236466247398293,0.9999999986235929,0.9744921875,True
E4_gradient,6,A_cli,2,-4.679396089822512,-3.628311541970528,4.9,3.6,0.2224131933909192,0.9265650957801377,0.9999999986572433,0.9562076822916666,True
E4_gradient,6,A_cli,3,2.2362108612126548,-1.466420474796971,-2.3,1.4,0.09209089911324696,0.8645398083756554,0.9999999984274932,0.9808165147569444,True
E4_gradient,6,A_cli,4,5.07116189947131,-3.6197767480871033,-5.0,3.7,0.10723705555378205,0.8353798720776832,0.9999999989778515,0.9551893446180555,True
E4_gradient,6,A_cli,5,-4.4037918004461165,5.446500007881341,4.4,-5.4,0.04665435117529696,0.7870101717827147,0.9999999992936152,0.9496028645833332,True
E4_gradient,6,A_cli,6,3.746513962960911,-5.162931385284615,-3.8,5.1,0.08259004426677281,0.8411667688592347,0.9999999990599633,0.9541715494791667,True
E4_gradient,6,A_cli,7,-3.0468524202825322,-2.4140660582858593,3.1,2.4,0.054977442879109925,0.9164816688917048,0.9999999983484662,0.9715559895833334,True
E4_gradient,6,A_cli,8,0.6085828747131057,-0.48724767418712434,-0.4,0.6,0.2371073651319081,0.9163235603113752,0.9999999983877692,0.9947981770833333,True
E4_gradient,6,B_pilot,0,0.0,0.0,0.0,0.0,0.0,1.0,0.0,1.0,True
E4_gradient,6,B_pilot,1,0.1496848280420715,-4.603810571720146,0.0,5.0,0.4235228575020504,0.951896992457252,,0.9739583333333334,True
E4_gradient,6,B_pilot,2,-4.679396089822512,-3.628311541970528,5.0,4.0,0.49085555620102894,0.9358336976327334,,0.9536675347222222,True
E4_gradient,6,B_pilot,3,2.2362108612126548,-1.466420474796971,-2.0,1.0,0.5228227522446358,0.8794129313283702,,0.9844292534722222,True
E4_gradient,6,B_pilot,4,5.07116189947131,-3.6197767480871033,-5.0,4.0,0.38682520242556967,0.8409179431664991,,0.9536675347222222,True
E4_gradient,6,B_pilot,5,-4.4037918004461165,5.446500007881341,4.0,-5.0,0.6020050457808092,0.7982100490900597,,0.9536675347222222,True
E4_gradient,6,B_pilot,6,3.746513962960911,-5.162931385284615,-4.0,5.0,0.3013333822936749,0.8469839366933924,,0.9536675347222222,True
E4_gradient,6,B_pilot,7,-3.0468524202825322,-2.4140660582858593,3.0,2.0,0.41670835114108246,0.9067263166685294,,0.97412109375,True
E4_gradient,6,B_pilot,8,0.6085828747131057,-0.48724767418712434,-1.0,0.0,0.6249941295473249,0.9012314388450271,,0.9947916666666666,True
E4_gradient,6,stable_subpixel,0,0.0,0.0,0.0,0.0,0.0,1.0,0.0,1.0,True
E4_gradient,6,stable_subpixel,1,0.1496848280420715,-4.603810571720146,-0.05000000074505806,4.75,0.17694183715002496,0.9234355130642079,0.9999999403953552,0.9750064425960419,True
E4_gradient,6,stable_subpixel,2,-4.679396089822512,-3.628311541970528,4.849999904632568,3.799999952316284,0.24203836860051098,0.9310752151988497,0.9999999403953552,0.9554478631421485,True
E4_gradient,6,stable_subpixel,3,2.2362108612126548,-1.466420474796971,-2.0999999046325684,1.399999976158142,0.15154242749769073,0.8685059640881527,0.9999999403953552,0.9818505865534016,True
E4_gradient,6,stable_subpixel,4,5.07116189947131,-3.6197767480871033,-5.0,3.75,0.14839848811606735,0.8370045484975241,0.9999999403953552,0.9549357096354166,True
E4_gradient,6,stable_subpixel,5,-4.4037918004461165,5.446500007881341,4.25,-5.349999904632568,0.18156042468413086,0.78417208439046,0.9999999403953552,0.950616794648037,True
E4_gradient,6,stable_subpixel,6,3.746513962960911,-5.162931385284615,-3.9000000953674316,5.050000190734863,0.19055562847511445,0.8435345996919889,0.9999999403953552,0.953919676277502,True
E4_gradient,6,stable_subpixel,7,-3.0468524202825322,-2.4140660582858593,3.0,2.299999952316284,0.12331352649808283,0.9155018136925369,0.9999999403953552,0.9725830080569722,True
E4_gradient,6,stable_subpixel,8,0.6085828747131057,-0.48724767418712434,-0.75,0.44999998807907104,0.14624019093536916,0.9183302262980035,0.9999999403953552,0.9937591553352831,True
E5_drift,6,A_cli,0,0.0,0.0,0.0,0.0,0.0,1.0,0.0,1.0,True
E5_drift,6,A_cli,1,4.030523742283523,-1.6395114357858975,-4.0,1.8,0.16336547397322068,0.9948543723639865,0.9999999641289998,0.9699869791666667,True
E5_drift,6,A_cli,2,6.64576282139133,-3.7371670927382548,-6.7,3.8,0.08300389014011267,0.9917030928112047,0.9999999698684124,0.9460031467013889,True
E5_drift,6,A_cli,3,10.022550920289893,-6.1559591470404005,-10.0,6.1,0.060332165081408366,0.997458959441543,0.9999999634882526,0.9178005642361112,True
E5_drift,6,A_cli,4,13.928605533678056,-8.133702773644174,-14.0,8.1,0.07894964707144486,0.9970530379367467,0.9999999639420651,0.8879720052083333,True
E5_drift,6,A_cli,5,16.633873633312135,-11.525001434046539,-16.7,11.6,0.09998740553896554,0.9893354994104895,0.999999975601644,0.8578591579861112,True
E5_drift,6,A_cli,6,18.710903086552904,-13.774223314951554,-18.8,13.9,0.1541364151898429,0.9924745118294728,0.9999999704688902,0.8367762586805555,True
E5_drift,6,A_cli,7,22.39000383818213,-16.676306520797024,-22.3,16.8,0.15297309464363965,0.9892111504482042,0.9999999770709853,0.8065169270833332,True
E5_drift,6,A_cli,8,26.527478311635733,-18.21891697277973,-26.6,18.1,0.13928618631543824,0.9868542652524532,0.9999999778168316,0.7802479383680556,True
E5_drift,6,B_pilot,0,0.0,0.0,0.0,0.0,0.0,1.0,0.0,1.0,True
E5_drift,6,B_pilot,1,4.030523742283523,-1.6395114357858975,-4.0,2.0,0.3617785286223272,0.9924160604247242,,0.9689670138888888,True
E5_drift,6,B_pilot,2,6.64576282139133,-3.7371670927382548,-7.0,4.0,0.44109535913257153,0.9891519705949244,,0.9434678819444444,True
E5_drift,6,B_pilot,3,10.022550920289893,-6.1559591470404005,-10.0,6.0,0.1575810888129993,0.9964370606576891,,0.9182942708333334,True
E5_drift,6,B_pilot,4,13.928605533678056,-8.133702773644174,-14.0,8.0,0.1515704506212886,0.9958135423229996,,0.8884548611111112,True
E5_drift,6,B_pilot,5,16.633873633312135,-11.525001434046539,-17.0,12.0,0.5997267328057854,0.9825920760948318,,0.8544921875,True
E5_drift,6,B_pilot,6,18.710903086552904,-13.774223314951554,-19.0,14.0,0.36681349058629675,0.9895343186281478,,0.8353407118055556,True
E5_drift,6,B_pilot,7,22.39000383818213,-16.676306520797024,-22.0,17.0,0.506833761972621,0.9845108882515978,,0.8070203993055556,True
E5_drift,6,B_pilot,8,26.527478311635733,-18.21891697277973,-27.0,18.0,0.5207699942831375,0.9803369532272219,,0.77880859375,True
E5_drift,6,stable_subpixel,0,0.0,0.0,0.0,0.0,0.0,1.0,0.0,1.0,True
E5_drift,6,stable_subpixel,1,4.030523742283523,-1.6395114357858975,-4.0,1.7999999523162842,0.16336542712922808,0.9921899919086234,0.9999998807907104,0.9699869794098454,True
E5_drift,6,stable_subpixel,2,6.64576282139133,-3.7371670927382548,-6.800000190734863,3.9000000953674316,0.22428498132342067,0.9882796062915907,0.9999998807907104,0.9449902329226543,True
E5_drift,6,stable_subpixel,3,10.022550920289893,-6.1559591470404005,-10.0,6.050000190734863,0.10833210247788903,0.9960684840630213,0.9999998807907104,0.9180474165930517,True
E5_drift,6,stable_subpixel,4,13.928605533678056,-8.133702773644174,-14.0,8.050000190734863,0.11001496355989619,0.9953983763854031,0.9999998807907104,0.8882134322387477,True
E5_drift,6,stable_subpixel,5,16.633873633312135,-11.525001434046539,-16.799999237060547,11.600000381469727,0.1822705635459565,0.9836039537370095,0.9999999403953552,0.8573697935872607,True
E5_drift,6,stable_subpixel,6,18.710903086552904,-13.774223314951554,-18.850000381469727,13.899999618530273,0.1875306268189382,0.988346944449798,0.9999999403953552,0.8365346950442634,True
E5_drift,6,stable_subpixel,7,22.39000383818213,-16.676306520797024,-22.25,16.850000381469727,0.22309332563103698,0.9836723451906952,0.9999999403953552,0.8065243173623458,True
E5_drift,6,stable_subpixel,8,26.527478311635733,-18.21891697277973,-26.600000381469727,18.100000381469727,0.13928605925144563,0.9810443829137604,0.9999999403953552,0.7802479348569694,True
E1_baseline,7,A_cli,0,0.0,0.0,0.0,0.0,0.0,1.0,0.0,1.0,True
E1_baseline,7,A_cli,1,-6.29567552814814,-5.0546919463064075,6.2,5.0,0.11020442675867598,0.99192936162759,0.9999999642696464,0.9425075954861111,True
E1_baseline,7,A_cli,2,5.09445896696794,-3.2987110791478056,-5.0,3.2,0.13662493764746853,0.991711080032882,0.9999999628881232,0.9577256944444444,True
E1_baseline,7,A_cli,3,-2.0732629133732257,-1.6825514799271541,2.0,1.8,0.13842546493775792,0.9920912861597552,0.99999996336319,0.9803059895833334,True
E1_baseline,7,A_cli,4,4.658708348956091,-5.894034388940231,-4.8,6.0,0.17661268748870756,0.9905893603578977,0.9999999645981898,0.9445312499999999,True
E1_baseline,7,A_cli,5,-7.052016020341272,-2.999285265206529,7.0,3.0,0.0520209305757654,0.9983312641444977,0.999999957119142,0.948486328125,True
E1_baseline,7,A_cli,6,2.595972982888039,6.317717481821594,-2.7,-6.2,0.15709559451375318,0.984715928835236,0.9999999690602959,0.9540999348958334,True
E1_baseline,7,A_cli,7,-2.276409758768043,-4.702406889545358,2.2,4.8,0.12394703079623336,0.9873711116746438,0.9999999688652405,0.9638281249999999,True
E1_baseline,7,A_cli,8,-7.1572754380035555,0.11395646955082483,7.1,0.0,0.12754039654551508,0.9953736227298536,0.9999999478900998,0.9630208333333334,True
E1_baseline,7,B_pilot,0,0.0,0.0,0.0,0.0,0.0,1.0,0.0,1.0,True
E1_baseline,7,B_pilot,1,-6.29567552814814,-5.0546919463064075,6.0,5.0,0.30069124851991325,0.98904019779715,,0.9435221354166666,True
E1_baseline,7,B_pilot,2,5.09445896696794,-3.2987110791478056,-5.0,3.0,0.31329028910308876,0.9888508321221057,,0.958740234375,True
E1_baseline,7,B_pilot,3,-2.0732629133732257,-1.6825514799271541,2.0,2.0,0.32579290565077196,0.9892125461579899,,0.9792751736111112,True
E1_baseline,7,B_pilot,4,4.658708348956091,-5.894034388940231,-5.0,6.0,0.3573635429077054,0.9861945468874386,,0.9435221354166666,True
E1_baseline,7,B_pilot,5,-7.052016020341272,-2.999285265206529,7.0,3.0,0.0520209305757654,0.9971675003088825,,0.948486328125,True
E1_baseline,7,B_pilot,6,2.595972982888039,6.317717481821594,-3.0,-6.0,0.5139866037276105,0.9772334198539459,,0.95361328125,True
E1_baseline,7,B_pilot,7,-2.276409758768043,-4.702406889545358,2.0,5.0,0.40615762227524,0.9839885730017962,,0.9638129340277778,True
E1_baseline,7,B_pilot,8,-7.1572754380035555,0.11395646955082483,7.0,0.0,0.19422059713557233,0.9940807811531085,,0.9635416666666666,True
E1_baseline,7,stable_subpixel,0,0.0,0.0,0.0,0.0,0.0,1.0,0.0,1.0,True
E1_baseline,7,stable_subpixel,1,-6.29567552814814,-5.0546919463064075,6.150000095367432,5.0,0.15560379399818475,0.9877915036337896,0.9999998211860657,0.9427612299849797,True
E1_baseline,7,stable_subpixel,2,5.09445896696794,-3.2987110791478056,-5.050000190734863,3.1500000953674316,0.15521449507397633,0.9865990769937907,0.9999998211860657,0.9577231837606006,True
E1_baseline,7,stable_subpixel,3,-2.0732629133732257,-1.6825514799271541,2.0,1.850000023841858,0.18277436728132104,0.988245211494955,0.9999998211860657,0.980048285467395,True
E1_baseline,7,stable_subpixel,4,4.658708348956091,-5.894034388940231,-4.800000190734863,5.949999809265137,0.15197207909803992,0.9844658664347509,0.9999998211860657,0.9447851562559502,True
E1_baseline,7,stable_subpixel,5,-7.052016020341272,-2.999285265206529,7.0,3.0,0.0520209305757654,0.9971675003088825,0.9999998211860657,0.948486328125,True
E1_baseline,7,stable_subpixel,6,2.595972982888039,6.317717481821594,-2.75,-6.150000095367432,0.22771351237777523,0.9761485115500227,0.9999998807907104,0.9541046137682214,True
E1_baseline,7,stable_subpixel,7,-2.276409758768043,-4.702406889545358,2.1500000953674316,4.849999904632568,0.19432730406093063,0.9811252342715652,0.9999998211860657,0.9638245307144503,True
E1_baseline,7,stable_subpixel,8,-7.1572754380035555,0.11395646955082483,7.050000190734863,-0.05000000074505806,0.12489358902146287,0.9923977988720056,0.9999998211860657,0.9630303945109225,True
E2_sparse,7,A_cli,0,0.0,0.0,0.0,0.0,0.0,1.0,0.0,1.0,True
E2_sparse,7,A_cli,1,2.6789395388920276,7.800962373198383,0.0,0.0,8.248135001386434,0.9743559112120552,0.9999999998237196,1.0,True
E2_sparse,7,A_cli,2,-3.5468675551585953,-7.006216509625045,0.0,0.0,7.852855482789637,0.9746303524369828,0.9999999997428463,1.0,True
E2_sparse,7,A_cli,3,4.993991866129509,1.0834337332205681,0.0,0.0,5.110164714884243,0.977247578736352,0.9999999997308809,1.0,True
E2_sparse,7,A_cli,4,6.202714328553785,2.3697797323187864,0.0,0.0,6.639994052810238,0.975065841531025,0.9999999998292061,1.0,True
E2_sparse,7,A_cli,5,7.832363628834841,-6.4907247356263795,0.0,0.0,10.172287235817077,0.9739724144735904,0.9999999997765371,1.0,True
E2_sparse,7,A_cli,6,-1.9504620412655669,-1.8544752301158223,0.0,0.0,2.691352922515175,0.9840629718676109,0.9999999996179083,1.0,True
E2_sparse,7,A_cli,7,-2.1454624432000156,3.0530621938410683,0.0,0.0,3.7315141504010696,0.9807211250875386,0.9999999997306304,1.0,True
E2_sparse,7,A_cli,8,4.667200995094367,2.9116874573166847,0.0,0.0,5.500971639420181,0.9765061685634024,0.9999999997256838,1.0,True
E2_sparse,7,B_pilot,0,0.0,0.0,0.0,0.0,0.0,1.0,0.0,1.0,True
E2_sparse,7,B_pilot,1,2.6789395388920276,7.800962373198383,-3.0,-8.0,0.37775097163301086,0.6524301506276549,,0.943359375,True
E2_sparse,7,B_pilot,2,-3.5468675551585953,-7.006216509625045,3.0,7.0,0.5469028870622805,0.9630806705535288,,0.948486328125,True
E2_sparse,7,B_pilot,3,4.993991866129509,1.0834337332205681,-5.0,-1.0,0.08364977891020799,0.8462881997268328,,0.9688856336805556,True
E2_sparse,7,B_pilot,4,6.202714328553785,2.3697797323187864,-6.0,-2.0,0.4216991219279041,0.7933325061340379,,0.9586588541666666,True
E2_sparse,7,B_pilot,5,7.832363628834841,-6.4907247356263795,-8.0,6.0,0.5185679503141348,0.8312697921306568,,0.9283854166666666,True
E2_sparse,7,B_pilot,6,-1.9504620412655669,-1.8544752301158223,2.0,2.0,0.15372530047268498,0.9721018606520707,,0.9792751736111112,True
E2_sparse,7,B_pilot,7,-2.1454624432000156,3.0530621938410683,2.0,-3.0,0.15483836345345703,0.8663488188952959,,0.97412109375,True
E2_sparse,7,B_pilot,8,4.667200995094367,2.9116874573166847,-5.0,-3.0,0.3443171254256341,0.7787862165680908,,0.958740234375,True
E2_sparse,7,stable_subpixel,0,0.0,0.0,0.0,0.0,0.0,1.0,0.0,1.0,True
E2_sparse,7,stable_subpixel,1,2.6789395388920276,7.800962373198383,-2.6,-8.15,0.35785292471040575,0.6248984678102265,0.9999999999519456,0.9445852322048611,True
E2_sparse,7,stable_subpixel,2,-3.5468675551585953,-7.006216509625045,3.2,7.25,0.4239663795645794,0.9587430122303008,0.999999999957791,0.9462022569444445,True
E2_sparse,7,stable_subpixel,3,4.993991866129509,1.0834337332205681,-5.1,-0.75,0.34987966345031957,0.8290221343682879,0.9999999999555037,0.969635009765625,True
E2_sparse,7,stable_subpixel,4,6.202714328553785,2.3697797323187864,-6.3,-2.85,0.4899755171032093,0.7450419395382489,0.9999999999569301,0.952830810546875,True
E2_sparse,7,stable_subpixel,5,7.832363628834841,-6.4907247356263795,-7.75,6.45,0.09188183414953116,0.8346894584269716,0.9999999999621552,0.9273976643880208,True
E2_sparse,7,stable_subpixel,6,-1.9504620412655669,-1.8544752301158223,2.35,1.8,0.40323458577588484,0.967275801768809,0.9999999999506954,0.9785001627604166,True
E2_sparse,7,stable_subpixel,7,-2.1454624432000156,3.0530621938410683,2.1,-3.35,0.3003978935814864,0.8289790895668324,0.9999999999531914,0.9718054199218751,True
E2_sparse,7,stable_subpixel,8,4.667200995094367,2.9116874573166847,-5.05,-2.6,0.4936437472563414,0.763193557005533,0.9999999999560152,0.9605124240451389,True
E3_mcherry,7,A_cli,0,0.0,0.0,0.0,0.0,0.0,1.0,0.0,1.0,True
E3_mcherry,7,A_cli,1,0.0,0.0,-7.2,4.6,8.54400374531753,0.9657695496038119,0.9999999289663455,0.9394401041666668,True
E3_mcherry,7,A_cli,2,0.0,0.0,-2.8,-7.8,8.287339742040265,0.933390449735675,0.9999999532842947,0.9453841145833332,True
E3_mcherry,7,A_cli,3,0.0,0.0,3.5,6.8,7.647875521999557,0.9425465253549313,0.9999999713975117,0.946999782986111,True
E3_mcherry,7,A_cli,4,0.0,0.0,-5.0,-1.0,5.0990195135927845,0.982704670054975,0.9999998687815754,0.9688856336805556,True
E3_mcherry,7,A_cli,5,0.0,0.0,-6.0,-2.2,6.390618123468183,0.9694669972673882,0.9999999287569055,0.9576497395833334,True
E3_mcherry,7,A_cli,6,0.0,0.0,-7.9,6.2,10.042410069301095,0.9512065927084935,0.9999999216610155,0.9278911675347222,True
E3_mcherry,7,A_cli,7,0.0,0.0,2.0,1.8,2.6907248094147422,0.9932007575585495,0.9999998875456468,0.9803059895833334,True
E3_mcherry,7,A_cli,8,0.0,0.0,2.1,-3.0,3.661966684720111,0.992077980480807,0.9999998871730625,0.9736083984374999,True
E3_mcherry,7,B_pilot,0,0.0,0.0,0.0,0.0,0.0,1.0,0.0,1.0,True
E3_mcherry,7,B_pilot,1,0.0,0.0,0.0,0.0,0.0,0.9999999999999999,,1.0,True
E3_mcherry,7,B_pilot,2,0.0,0.0,0.0,0.0,0.0,0.9999999999999999,,1.0,True
E3_mcherry,7,B_pilot,3,0.0,0.0,0.0,0.0,0.0,0.9999999999999999,,1.0,True
E3_mcherry,7,B_pilot,4,0.0,0.0,0.0,0.0,0.0,0.9999999999999999,,1.0,True
E3_mcherry,7,B_pilot,5,0.0,0.0,0.0,0.0,0.0,0.9999999999999999,,1.0,True
E3_mcherry,7,B_pilot,6,0.0,0.0,0.0,0.0,0.0,0.9999999999999999,,1.0,True
E3_mcherry,7,B_pilot,7,0.0,0.0,0.0,0.0,0.0,0.9999999999999999,,1.0,True
E3_mcherry,7,B_pilot,8,0.0,0.0,0.0,0.0,0.0,0.9999999999999999,,1.0,True
E3_mcherry,7,stable_subpixel,0,0.0,0.0,0.0,0.0,0.0,1.0,0.0,1.0,True
E3_mcherry,7,stable_subpixel,1,0.0,0.0,0.0,0.0,0.0,0.9999999999999999,1.0,1.0,True
E3_mcherry,7,stable_subpixel,2,0.0,0.0,0.0,0.0,0.0,0.9999999999999999,1.0,1.0,True
E3_mcherry,7,stable_subpixel,3,0.0,0.0,0.0,0.0,0.0,0.9999999999999999,1.0,1.0,True
E3_mcherry,7,stable_subpixel,4,0.0,0.0,0.0,0.0,0.0,0.9999999999999999,1.0,1.0,True
E3_mcherry,7,stable_subpixel,5,0.0,0.0,0.0,0.0,0.0,0.9999999999999999,1.0,1.0,True
E3_mcherry,7,stable_subpixel,6,0.0,0.0,0.0,0.0,0.0,0.9999999999999999,1.0,1.0,True
E3_mcherry,7,stable_subpixel,7,0.0,0.0,0.0,0.0,0.0,0.9999999999999999,1.0,1.0,True
E3_mcherry,7,stable_subpixel,8,0.0,0.0,0.0,0.0,0.0,0.9999999999999999,1.0,1.0,True
E4_gradient,7,A_cli,0,0.0,0.0,0.0,0.0,0.0,1.0,0.0,1.0,True
E4_gradient,7,A_cli,1,5.523450767519094,-1.841576981212293,-5.5,2.0,0.1601492784218672,0.7969925202623123,0.9999999992776537,0.9612358940972222,True
E4_gradient,7,A_cli,2,3.4784076285293355,4.7432535104616775,-3.4,-4.9,0.1752632825042993,0.7239728739267808,0.9999999996291868,0.9572227647569443,True
E4_gradient,7,A_cli,3,3.9250059945158844,-4.721756646111105,-4.0,4.8,0.10837953352148355,0.8520529558772493,0.9999999991787174,0.9546874999999999,True
E4_gradient,7,A_cli,4,-3.7910189597298056,3.820844225225955,3.8,-3.9,0.07966364142075223,0.8519841301009992,0.9999999991156693,0.9602978515624999,True
E4_gradient,7,A_cli,5,-2.474033309360854,-1.5549471850299192,2.5,1.5,0.060773860873415665,0.9245796932979825,0.9999999989565754,0.9792683919270834,True
E4_gradient,7,A_cli,6,-1.2619136099453656,3.4940312617170686,1.2,-3.5,0.06220065058467646,0.8263873696789287,0.9999999993450825,0.9756347656250001,True
E4_gradient,7,A_cli,7,-4.420525791705173,-5.289012015255954,4.4,5.2,0.09134794461316767,0.8966702073578714,0.9999999991279215,0.9506206597222222,True
E4_gradient,7,A_cli,8,-2.249463948904897,1.9469797371660293,2.1,-1.9,0.15667344295200383,0.892005867780959,0.9999999990054846,0.9792749023437499,True
E4_gradient,7,B_pilot,0,0.0,0.0,0.0,0.0,0.0,1.0,0.0,1.0,True
E4_gradient,7,B_pilot,1,5.523450767519094,-1.841576981212293,-6.0,2.0,0.5021922180400157,0.7949056891301725,,0.9586588541666666,True
E4_gradient,7,B_pilot,2,3.4784076285293355,4.7432535104616775,-3.0,-5.0,0.5429480812428704,0.7470308055998841,,0.958740234375,True
E4_gradient,7,B_pilot,3,3.9250059945158844,-4.721756646111105,-4.0,5.0,0.28817263027895684,0.8576473795920806,,0.9536675347222222,True
E4_gradient,7,B_pilot,4,-3.7910189597298056,3.820844225225955,4.0,-4.0,0.2752632682129982,0.8610487770740121,,0.9587673611111112,True
E4_gradient,7,B_pilot,5,-2.474033309360854,-1.5549471850299192,2.0,2.0,0.6502150309677532,0.9133522179733784,,0.9792751736111112,True
E4_gradient,7,B_pilot,6,-1.2619136099453656,3.4940312617170686,1.0,-3.0,0.5591651157112466,0.8434992797147699,,0.979248046875,True
E4_gradient,7,B_pilot,7,-4.420525791705173,-5.289012015255954,4.0,5.0,0.5102645259584194,0.8800289833238948,,0.9536675347222222,True
E4_gradient,7,B_pilot,8,-2.249463948904897,1.9469797371660293,2.0,-2.0,0.2550360956300271,0.8951971317158862,,0.9792751736111112,True
E4_gradient,7,stable_subpixel,0,0.0,0.0,0.0,0.0,0.0,1.0,0.0,1.0,True
E4_gradient,7,stable_subpixel,1,5.523450767519094,-1.841576981212293,-5.599999904632568,1.9500000476837158,0.13272276268931435,0.796242511865378,0.9999999403953552,0.9609733075422182,True
E4_gradient,7,stable_subpixel,2,3.4784076285293355,4.7432535104616775,-3.4000000953674316,-4.900000095367432,0.17526332513150558,0.7242289925095593,0.9999999403953552,0.9572227637850058,True
E4_gradient,7,stable_subpixel,3,3.9250059945158844,-4.721756646111105,-4.0,4.849999904632568,0.1485612136957504,0.8539330492942608,0.9999999403953552,0.9544325091669129,True
E4_gradient,7,stable_subpixel,4,-3.7910189597298056,3.820844225225955,3.9000000953674316,-3.950000047683716,0.16899146250508426,0.8571782237815465,0.9999999403953552,0.9595324699733303,True
E4_gradient,7,stable_subpixel,5,-2.474033309360854,-1.5549471850299192,2.4000000953674316,1.649999976158142,0.12048215583837076,0.9259235757173476,0.9999999403953552,0.9790136715051874,True
E4_gradient,7,stable_subpixel,6,-1.2619136099453656,3.4940312617170686,1.100000023841858,-3.5,0.16202356372326876,0.8237311707382869,0.9999999403953552,0.9761461044787817,True
E4_gradient,7,stable_subpixel,7,-4.420525791705173,-5.289012015255954,4.300000190734863,5.150000095367432,0.1839856906401891,0.8924085831448285,0.9999999403953552,0.9513819701188349,True
E4_gradient,7,stable_subpixel,8,-2.249463948904897,1.9469797371660293,2.0999999046325684,-2.0,0.1585895608204522,0.8948644540120991,0.9999999403953552,0.9787597661165314,True
E5_drift,7,A_cli,0,0.0,0.0,0.0,0.0,0.0,1.0,0.0,1.0,True
E5_drift,7,A_cli,1,2.266300698726853,-1.868163506711699,-2.2,1.9,0.07354824917402815,0.993058566359602,0.9999999536458326,0.9787592230902779,True
E5_drift,7,A_cli,2,6.312309912315593,-3.9558246218182234,-6.2,4.0,0.1206854607723693,0.9935101717871486,0.9999999542090561,0.9475477430555556,True
E5_drift,7,A_cli,3,9.238362582101026,-6.245505686827329,-9.1,6.2,0.14565360160081883,0.9911308336377499,0.9999999580451172,0.9218429904513888,True
E5_drift,7,A_cli,4,13.216285761625414,-8.0087513882098,-13.1,8.0,0.11661460094002554,0.9951644741735991,0.9999999545531485,0.8929470486111111,True
E5_drift,7,A_cli,5,15.36440825844709,-10.133840730058985,-15.3,10.1,0.07275725920560933,0.9895098883848471,0.9999999633824364,0.8719002278645833,True
E5_drift,7,A_cli,6,19.020029037023345,-13.423555415286685,-19.0,13.4,0.030919571688668875,0.9891918822966353,0.9999999653059014,0.8381564670138889,True
E5_drift,7,A_cli,7,21.91434001221584,-15.335754554093516,-22.0,15.3,0.09282252768379462,0.9894427272418903,0.9999999648742822,0.8148600260416665,True
E5_drift,7,A_cli,8,24.046015725027782,-17.84999911278737,-24.0,17.9,0.06795245155167373,0.9925089663185924,0.9999999615211828,0.7934244791666667,True
E5_drift,7,B_pilot,0,0.0,0.0,0.0,0.0,0.0,1.0,0.0,1.0,True
E5_drift,7,B_pilot,1,2.266300698726853,-1.868163506711699,-2.0,2.0,0.2971479818288631,0.991959091087255,,0.9792751736111112,True
E5_drift,7,B_pilot,2,6.312309912315593,-3.9558246218182234,-6.0,4.0,0.3154186826554132,0.990567123329477,,0.9485677083333334,True
E5_drift,7,B_pilot,3,9.238362582101026,-6.245505686827329,-9.0,6.0,0.3421838143606834,0.988293889946643,,0.92333984375,True
E5_drift,7,B_pilot,4,13.216285761625414,-8.0087513882098,-13.0,8.0,0.21646273923584214,0.992585367750995,,0.8934461805555556,True
E5_drift,7,B_pilot,5,15.36440825844709,-10.133840730058985,-15.0,10.0,0.3882096338927765,0.984865421009274,,0.8738606770833334,True
E5_drift,7,B_pilot,6,19.020029037023345,-13.423555415286685,-19.0,13.0,0.4240287161770522,0.9821795064378205,,0.8400336371527778,True
E5_drift,7,B_pilot,7,21.91434001221584,-15.335754554093516,-22.0,15.0,0.3465093853010597,0.9847519560815229,,0.8162434895833334,True
E5_drift,7,B_pilot,8,24.046015725027782,-17.84999911278737,-24.0,18.0,0.15690032859879188,0.9889005007153716,,0.79296875,True
E5_drift,7,stable_subpixel,0,0.0,0.0,0.0,0.0,0.0,1.0,0.0,1.0,True
E5_drift,7,stable_subpixel,1,2.266300698726853,-1.868163506711699,-2.0999999046325684,1.9500000476837158,0.18534609128507198,0.9904516559036893,0.9999997615814209,0.9790173342303993,True
E5_drift,7,stable_subpixel,2,6.312309912315593,-3.9558246218182234,-6.150000095367432,4.0,0.16821397300833416,0.9897386806106145,0.9999997615814209,0.9478027338886427,True
E5_drift,7,stable_subpixel,3,9.238362582101026,-6.245505686827329,-9.100000381469727,6.099999904632568,0.20078852361538227,0.9862854028876518,0.9999997615814209,0.9223391370043262,True
E5_drift,7,stable_subpixel,4,13.216285761625414,-8.0087513882098,-13.100000381469727,8.0,0.11661422054600143,0.9916912139467368,0.9999998211860657,0.8929470467070738,True
E5_drift,7,stable_subpixel,5,15.36440825844709,-10.133840730058985,-15.199999809265137,10.050000190734863,0.1845518198137712,0.9836607469922288,0.9999998211860657,0.8726334635683128,True
E5_drift,7,stable_subpixel,6,19.020029037023345,-13.423555415286685,-19.0,13.300000190734863,0.12516811030823197,0.9826848037298065,0.9999998211860657,0.8386257586535066,True
E5_drift,7,stable_subpixel,7,21.91434001221584,-15.335754554093516,-21.950000762939453,15.199999809265137,0.14036039286632845,0.9830984386963656,0.9999998211860657,0.815560978123556,True
E5_drift,7,stable_subpixel,8,24.046015725027782,-17.84999911278737,-24.0,17.950000762939453,0.11008077481091906,0.9885336012650068,0.9999998211860657,0.7931966111063957,True
E1_baseline,8,A_cli,0,0.0,0.0,0.0,0.0,0.0,1.0,0.0,1.0,True
E1_baseline,8,A_cli,1,7.530522760345887,-5.988021023178311,-7.6,6.0,0.07050235964596903,0.9883534559141413,0.9999999728317491,0.9304036458333333,True
E1_baseline,8,A_cli,2,5.431452004458828,-3.161800289232602,-5.4,3.1,0.06934337988381696,0.986660240765124,0.999999972416471,0.9561832682291667,True
E1_baseline,8,A_cli,3,-4.960855903302509,1.8838349283530267,5.0,-1.9,0.042350559000021694,0.9974166425554107,0.9999999648538007,0.9643202039930555,True
E1_baseline,8,A_cli,4,4.42963480049648,2.20859284140837,-4.4,-2.1,0.11256387788988755,0.9861862792109463,0.9999999782765052,0.9663964843749999,True
E1_baseline,8,A_cli,5,0.9646112913531901,-6.529548115468129,-0.9,6.6,0.09559334184146297,0.9878628477339771,0.9999999761542657,0.9610986328125001,True
E1_baseline,8,A_cli,6,2.7324582197105887,-3.4965338968607735,-2.9,3.5,0.1675776298123264,0.9851257826431912,0.9999999739953398,0.9669420030381944,True
E1_baseline,8,A_cli,7,0.9540851003708681,-1.1774301494927233,-0.9,1.1,0.0944490663405009,0.9955126166969396,0.9999999712564835,0.9896101888020833,True
E1_baseline,8,A_cli,8,7.101250325326657,4.4399868013007655,-7.0,-4.4,0.10886033555441883,0.9880405979863506,0.9999999723122572,0.9414605034722222,True
E1_baseline,8,B_pilot,0,0.0,0.0,0.0,0.0,0.0,1.0,0.0,1.0,True
E1_baseline,8,B_pilot,1,7.530522760345887,-5.988021023178311,-8.0,6.0,0.46963003996650377,0.9796619214169928,,0.9283854166666666,True
E1_baseline,8,B_pilot,2,5.431452004458828,-3.161800289232602,-5.0,3.0,0.4607929749326635,0.9811302638992963,,0.958740234375,True
E1_baseline,8,B_pilot,3,-4.960855903302509,1.8838349283530267,5.0,-2.0,0.1225829685437948,0.997162937881578,,0.9638129340277778,True
E1_baseline,8,B_pilot,4,4.42963480049648,2.20859284140837,-4.0,-2.0,0.47759505366415533,0.9804626137316382,,0.9689670138888888,True
E1_baseline,8,B_pilot,5,0.9646112913531901,-6.529548115468129,-1.0,7.0,0.4717810258576295,0.9804141686461099,,0.9585232204861112,True
E1_baseline,8,B_pilot,6,2.7324582197105887,-3.4965338968607735,-3.0,3.0,0.5640252786286913,0.9754267376185879,,0.968994140625,True
E1_baseline,8,B_pilot,7,0.9540851003708681,-1.1774301494927233,-1.0,1.0,0.1832747553728101,0.9963247441324989,,0.9896104600694444,True
E1_baseline,8,B_pilot,8,7.101250325326657,4.4399868013007655,-7.0,-4.0,0.4514864490742032,0.9813207729160289,,0.9434678819444444,True
E1_baseline,8,stable_subpixel,0,0.0,0.0,0.0,0.0,0.0,1.0,0.0,1.0,True
E1_baseline,8,stable_subpixel,1,7.530522760345887,-5.988021023178311,-7.599999904632568,6.0,0.07050226566520328,0.9827579839522954,0.9999998807907104,0.9304036463145167,True
E1_baseline,8,stable_subpixel,2,5.431452004458828,-3.161800289232602,-5.300000190734863,3.049999952316284,0.17256562423009425,0.98119674343736,0.9999998807907104,0.9569489196197699,True
E1_baseline,8,stable_subpixel,3,-4.960855903302509,1.8838349283530267,5.0,-1.9500000476837158,0.07687706629617752,0.9966905212560686,0.9999998807907104,0.9640665687685315,True
E1_baseline,8,stable_subpixel,4,4.42963480049648,2.20859284140837,-4.300000190734863,-2.0999999046325684,0.16910812507280618,0.9799869636142252,0.9999998807907104,0.9669116205967858,True
E1_baseline,8,stable_subpixel,5,0.9646112913531901,-6.529548115468129,-1.0,6.599999904632568,0.07884044200890399,0.9834883665108453,0.9999998807907104,0.9605957036191184,True
E1_baseline,8,stable_subpixel,6,2.7324582197105887,-3.4965338968607735,-2.8499999046325684,3.5,0.11759277854217794,0.9776069909972496,0.9999998807907104,0.9671976730136925,True
E1_baseline,8,stable_subpixel,7,0.9540851003708681,-1.1774301494927233,-1.0,1.0499999523162842,0.13544974403954924,0.9957195800068136,0.9999998807907104,0.9893513999866426,True
E1_baseline,8,stable_subpixel,8,7.101250325326657,4.4399868013007655,-7.050000190734863,-4.349999904632568,0.1035577996466211,0.9818176995577509,0.9999998807907104,0.9414569086872506,True
E2_sparse,8,A_cli,0,0.0,0.0,0.0,0.0,0.0,1.0,0.0,1.0,True
E2_sparse,8,A_cli,1,-6.8791208935946155,4.6107316005438665,0.0,0.0,8.281373688038947,0.9824733662771289,0.9999999997621041,1.0,True
E2_sparse,8,A_cli,2,-6.398458735218103,-2.7444705422282656,0.0,0.0,6.962211770942303,0.9828484697297595,0.9999999997242944,1.0,True
E2_sparse,8,A_cli,3,2.976407731136966,7.807071366390508,0.0,0.0,8.355199955829091,0.9824005274191734,0.9999999997385999,1.0,True
E2_sparse,8,A_cli,4,-0.729808004845049,-1.3913756715212084,0.0,0.0,1.571160712096953,0.991499019946575,0.9999999995865051,1.0,True
E2_sparse,8,A_cli,5,5.3498934739498765,5.032121418965161,0.0,0.0,7.344631111078311,0.982875931204758,0.9999999997050246,1.0,True
E2_sparse,8,A_cli,6,1.3537065170971356,-7.879345479434059,0.0,0.0,7.994786208442925,0.9826177437734652,0.9999999997032064,1.0,True
E2_sparse,8,A_cli,7,4.604002254812647,7.172111269100464,0.0,0.0,8.522676622908897,0.9823522233021363,0.9999999996785406,1.0,True
E2_sparse,8,A_cli,8,-4.891986838440772,-5.639729557439203,0.0,0.0,7.465794311962467,0.9826117113994746,0.999999999777283,1.0,True
E2_sparse,8,B_pilot,0,0.0,0.0,0.0,0.0,0.0,1.0,0.0,1.0,True
E2_sparse,8,B_pilot,1,-6.8791208935946155,4.6107316005438665,7.0,-5.0,0.40760476589522865,0.7729928728891718,,0.9384494357638888,True
E2_sparse,8,B_pilot,2,-6.398458735218103,-2.7444705422282656,6.0,3.0,0.4733546951924391,0.9433261215679404,,0.95361328125,True
E2_sparse,8,B_pilot,3,2.976407731136966,7.807071366390508,-3.0,-8.0,0.1943657706915787,0.670222020970476,,0.943359375,True
E2_sparse,8,B_pilot,4,-0.729808004845049,-1.3913756715212084,1.0,1.0,0.47558241189565653,0.9831547814967169,,0.9896104600694444,True
E2_sparse,8,B_pilot,5,5.3498934739498765,5.032121418965161,-5.0,-5.0,0.3513648085239162,0.7388714829825507,,0.9485948350694444,True
E2_sparse,8,B_pilot,6,1.3537065170971356,-7.879345479434059,-1.0,8.0,0.37371889645826484,0.9737141557112716,,0.9533420138888888,True
E2_sparse,8,B_pilot,7,4.604002254812647,7.172111269100464,-5.0,-7.0,0.4317829352172688,0.6752518353262847,,0.9384494357638888,True
E2_sparse,8,B_pilot,8,-4.891986838440772,-5.639729557439203,5.0,6.0,0.376113858895112,0.9522836294104453,,0.9435221354166666,True
E2_sparse,8,stable_subpixel,0,0.0,0.0,0.0,0.0,0.0,1.0,0.0,1.0,True
E2_sparse,8,stable_subpixel,1,-6.8791208935946155,4.6107316005438665,6.7,-4.2,0.44809010500953905,0.7757163456342183,0.9999999999764351,0.9439925130208334,True
E2_sparse,8,stable_subpixel,2,-6.398458735218103,-2.7444705422282656,6.2,2.8,0.20608102839609443,0.9373891809061645,0.9999999999733882,0.9535959201388889,True
E2_sparse,8,stable_subpixel,3,2.976407731136966,7.807071366390508,-2.75,-8.2,0.453490211392496,0.6414447253959725,0.9999999999780307,0.9435804578993056,True
E2_sparse,8,stable_subpixel,4,-0.729808004845049,-1.3913756715212084,0.0,1.0,0.8281271884164824,0.9920825868334259,0.9999999999729339,0.9947916666666666,True
E2_sparse,8,stable_subpixel,5,5.3498934739498765,5.032121418965161,-5.8,-5.15,0.465286196506728,0.6964802349386316,0.9999999999755615,0.9437790256076387,True
E2_sparse,8,stable_subpixel,6,1.3537065170971356,-7.879345479434059,-1.6,7.3,0.6295249512617462,0.9595725139657669,0.9999999999801884,0.9539626736111111,True
E2_sparse,8,stable_subpixel,7,4.604002254812647,7.172111269100464,-4.7,-7.4,0.24728291641772868,0.6468528914313123,0.9999999999765559,0.9379226345486111,True
E2_sparse,8,stable_subpixel,8,-4.891986838440772,-5.639729557439203,5.1,5.75,0.23543373990237526,0.9463219635792576,0.9999999999784261,0.9442850748697916,True
E3_mcherry,8,A_cli,0,0.0,0.0,0.0,0.0,0.0,1.0,0.0,1.0,True
E3_mcherry,8,A_cli,1,0.0,0.0,2.9,-3.0,4.172529209005013,0.9905533292610291,0.9999999489665553,0.9695068359375001,True
E3_mcherry,8,A_cli,2,0.0,0.0,-7.9,0.7,7.930952023559341,0.9588132103349901,0.9999999560672304,0.9553583441840279,True
E3_mcherry,8,A_cli,3,0.0,0.0,1.3,-5.3,5.457105459856901,0.9865854496500689,0.9999999689732645,0.9658119032118054,True
E3_mcherry,8,A_cli,4,0.0,0.0,-5.0,-1.3,5.166236541235796,0.9824534391856943,0.999999954921199,0.9673638237847223,True
E3_mcherry,8,A_cli,5,0.0,0.0,7.9,-4.7,9.192388155425117,0.9508424402371513,0.9999999720214682,0.9353822157118056,True
E3_mcherry,8,A_cli,6,0.0,0.0,-7.1,4.9,8.62670273047588,0.957269393926234,0.9999999531099648,0.9384437391493056,True
E3_mcherry,8,A_cli,7,0.0,0.0,5.7,1.1,5.805170109479997,0.9778958344263984,0.9999999672268607,0.9647534179687501,True
E3_mcherry,8,A_cli,8,0.0,0.0,0.2,6.9,6.902897942168927,0.9787915186915181,0.9999999528490293,0.9630582682291666,True
E3_mcherry,8,B_pilot,0,0.0,0.0,0.0,0.0,0.0,1.0,0.0,1.0,True
E3_mcherry,8,B_pilot,1,0.0,0.0,0.0,0.0,0.0,1.0,,1.0,True
E3_mcherry,8,B_pilot,2,0.0,0.0,0.0,0.0,0.0,1.0,,1.0,True
E3_mcherry,8,B_pilot,3,0.0,0.0,0.0,0.0,0.0,1.0,,1.0,True
E3_mcherry,8,B_pilot,4,0.0,0.0,0.0,0.0,0.0,1.0,,1.0,True
E3_mcherry,8,B_pilot,5,0.0,0.0,0.0,0.0,0.0,1.0,,1.0,True
E3_mcherry,8,B_pilot,6,0.0,0.0,0.0,0.0,0.0,1.0,,1.0,True
E3_mcherry,8,B_pilot,7,0.0,0.0,0.0,0.0,0.0,1.0,,1.0,True
E3_mcherry,8,B_pilot,8,0.0,0.0,0.0,0.0,0.0,1.0,,1.0,True
E3_mcherry,8,stable_subpixel,0,0.0,0.0,0.0,0.0,0.0,1.0,0.0,1.0,True
E3_mcherry,8,stable_subpixel,1,0.0,0.0,0.0,0.0,0.0,1.0,1.0,1.0,True
E3_mcherry,8,stable_subpixel,2,0.0,0.0,0.0,0.0,0.0,1.0,1.0,1.0,True
E3_mcherry,8,stable_subpixel,3,0.0,0.0,0.0,0.0,0.0,1.0,1.0,1.0,True
E3_mcherry,8,stable_subpixel,4,0.0,0.0,0.0,0.0,0.0,1.0,1.0,1.0,True
E3_mcherry,8,stable_subpixel,5,0.0,0.0,0.0,0.0,0.0,1.0,1.0,1.0,True
E3_mcherry,8,stable_subpixel,6,0.0,0.0,0.0,0.0,0.0,1.0,1.0,1.0,True
E3_mcherry,8,stable_subpixel,7,0.0,0.0,0.0,0.0,0.0,1.0,1.0,1.0,True
E3_mcherry,8,stable_subpixel,8,0.0,0.0,0.0,0.0,0.0,1.0,1.0,1.0,True
E4_gradient,8,A_cli,0,0.0,0.0,0.0,0.0,0.0,1.0,0.0,1.0,True
E4_gradient,8,A_cli,1,1.751313009502924,-5.144545190027786,-2.0,5.1,0.25264499440342064,0.8848570026210948,0.9999999993476129,0.9632975260416666,True
E4_gradient,8,A_cli,2,-2.6644167347601506,2.7575853055235204,2.8,-2.8,0.14206276120304148,0.8798063888053748,0.9999999994007504,0.9710460069444442,True
E4_gradient,8,A_cli,3,3.681612101931478,5.73874300589916,-3.7,-5.8,0.0639572835699635,0.7054045915289507,0.9999999997086305,0.9511029730902778,True
E4_gradient,8,A_cli,4,1.9148573949930232,-4.010629280005576,-2.0,4.0,0.0858035242913192,0.8942456152261339,0.9999999991209556,0.9689670138888888,True
E4_gradient,8,A_cli,5,-0.8158470379021541,-4.315306758727921,0.9,4.3,0.08553372371524748,0.9445883129021914,0.9999999988234215,0.9730216471354165,True
E4_gradient,8,A_cli,6,-4.073853606137767,-1.6793516139046645,4.0,1.8,0.14145807932727497,0.9335587576342154,0.9999999988752853,0.9699869791666667,True
E4_gradient,8,A_cli,7,5.669729833909724,5.647892070259415,0.0,0.0,8.002782092924008,0.9063510003844585,0.9999999997663941,1.0,True
E4_gradient,8,A_cli,8,-4.4910157673837325,4.0735890033441216,4.5,-4.0,0.07413540212937633,0.8412872136382096,0.9999999995473308,0.9562174479166666,True
E4_gradient,8,B_pilot,0,0.0,0.0,0.0,0.0,0.0,1.0,0.0,1.0,True
E4_gradient,8,B_pilot,1,1.751313009502924,-5.144545190027786,-2.0,5.0,0.2876430621493619,0.8839888489622684,,0.9638129340277778,True
E4_gradient,8,B_pilot,2,-2.6644167347601506,2.7575853055235204,3.0,-3.0,0.41398189816363234,0.8848182983859763,,0.968994140625,True
E4_gradient,8,B_pilot,3,3.681612101931478,5.73874300589916,-4.0,-6.0,0.41185685693344737,0.7095621337759958,,0.9485677083333334,True
E4_gradient,8,B_pilot,4,1.9148573949930232,-4.010629280005576,-2.0,4.0,0.0858035242913192,0.8943106402948807,,0.9689670138888888,True
E4_gradient,8,B_pilot,5,-0.8158470379021541,-4.315306758727921,1.0,4.0,0.36514471863758086,0.93762005629224,,0.9740668402777778,True
E4_gradient,8,B_pilot,6,-4.073853606137767,-1.6793516139046645,4.0,2.0,0.3290436789319859,0.9364922110335142,,0.9689670138888888,True
E4_gradient,8,B_pilot,7,5.669729833909724,5.647892070259415,-6.0,-6.0,0.4827612005904156,0.6608525213977449,,0.9384765625,True
E4_gradient,8,B_pilot,8,-4.4910157673837325,4.0735890033441216,4.0,-4.0,0.4964995722381006,0.821834306362225,,0.9587673611111112,True
E4_gradient,8,stable_subpixel,0,0.0,0.0,0.0,0.0,0.0,1.0,0.0,1.0,True
E4_gradient,8,stable_subpixel,1,1.751313009502924,-5.144545190027786,-1.899999976158142,5.050000190734863,0.1762003715785775,0.8821618491972404,1.0,0.9640623635036495,True
E4_gradient,8,stable_subpixel,2,-2.6644167347601506,2.7575853055235204,2.799999952316284,-2.9000000953674316,0.196633621868589,0.8809886160107703,1.0,0.970532768852362,True
E4_gradient,8,stable_subpixel,3,3.681612101931478,5.73874300589916,-3.8499999046325684,-5.900000095367432,0.23314866716813895,0.7078502521536838,1.0,0.9498349338054606,True
E4_gradient,8,stable_subpixel,4,1.9148573949930232,-4.010629280005576,-1.9500000476837158,4.0,0.0367149510632328,0.8936854248727351,1.0,0.9692220049651546,True
E4_gradient,8,stable_subpixel,5,-0.8158470379021541,-4.315306758727921,0.949999988079071,4.150000095367432,0.2128927123988713,0.9402841828207186,1.0,0.9735444467236165,True
E4_gradient,8,stable_subpixel,6,-4.073853606137767,-1.6793516139046645,4.050000190734863,1.850000023841858,0.17230747296758755,0.9333140669249403,1.0,0.9694740792982501,True
E4_gradient,8,stable_subpixel,7,5.669729833909724,5.647892070259415,-5.849999904632568,-5.800000190734863,0.23586898633138045,0.6596302184225394,1.0,0.9402433263414746,True
E4_gradient,8,stable_subpixel,8,-4.4910157673837325,4.0735890033441216,4.5,-4.050000190734863,0.025241800966212893,0.8152700447156523,1.0,0.9559631337954974,True
E5_drift,8,A_cli,0,0.0,0.0,0.0,0.0,0.0,1.0,0.0,1.0,True
E5_drift,8,A_cli,1,4.426644181304045,-1.7514973721027112,-4.4,1.9,0.15087393045110017,0.9892648527801057,0.9999999697641482,0.9674142795138887,True
E5_drift,8,A_cli,2,8.525308557000738,-3.8562723359486357,-8.6,3.9,0.08655010260364189,0.9897682359858477,0.9999999678927086,0.9358056640625,True
E5_drift,8,A_cli,3,11.00017482210972,-6.591751701992764,-11.0,6.7,0.10824843917689296,0.9919147038976659,0.999999966375147,0.909811740451389,True
E5_drift,8,A_cli,4,14.942305259687295,-9.36782580716881,-15.0,9.3,0.08904506262477979,0.9917393032393982,0.9999999703735306,0.8772216796875,True
E5_drift,8,A_cli,5,18.34302577396123,-11.051632292735293,-18.2,11.0,0.1520600725710472,0.9921756959608322,0.9999999694538723,0.8533474392361112,True
E5_drift,8,A_cli,6,22.01997237079101,-13.114565555627696,-22.0,13.1,0.024719445903116,0.9957852772994717,0.999999966062823,0.8250054253472222,True
E5_drift,8,A_cli,7,25.419048167723957,-15.467386786941105,-25.4,15.4,0.07002722147769369,0.9854934221356934,0.9999999774506878,0.7981108940972221,True
E5_drift,8,A_cli,8,29.778618531056246,-18.5223851371037,-29.9,18.5,0.1234283410165375,0.9873099325051514,0.9999999754985297,0.7629218207465277,True
E5_drift,8,B_pilot,0,0.0,0.0,0.0,0.0,0.0,1.0,0.0,1.0,True
E5_drift,8,B_pilot,1,4.426644181304045,-1.7514973721027112,-4.0,2.0,0.49373962116935416,0.9841507790796967,,0.9689670138888888,True
E5_drift,8,B_pilot,2,8.525308557000738,-3.8562723359486357,-9.0,4.0,0.49597339391381023,0.9830505192888441,,0.9332682291666666,True
E5_drift,8,B_pilot,3,11.00017482210972,-6.591751701992764,-11.0,7.0,0.4082483354388296,0.9870583530199261,,0.9083387586805556,True
E5_drift,8,B_pilot,4,14.942305259687295,-9.36782580716881,-15.0,9.0,0.37232312240732107,0.9877950854919119,,0.878662109375,True
E5_drift,8,B_pilot,5,18.34302577396123,-11.051632292735293,-18.0,11.0,0.34688986040932934,0.9880315745237129,,0.8543294270833334,True
E5_drift,8,B_pilot,6,22.01997237079101,-13.114565555627696,-22.0,13.0,0.11629343116142114,0.9933235031446672,,0.8254665798611112,True
E5_drift,8,B_pilot,7,25.419048167723957,-15.467386786941105,-25.0,15.0,0.6277354343032869,0.9763045197716949,,0.8018391927083334,True
E5_drift,8,B_pilot,8,29.778618531056246,-18.5223851371037,-30.0,19.0,0.5264273093705769,0.9789006911129814,,0.76025390625,True
E5_drift,8,stable_subpixel,0,0.0,0.0,0.0,0.0,0.0,1.0,0.0,1.0,True
E5_drift,8,stable_subpixel,1,4.426644181304045,-1.7514973721027112,-4.300000190734863,1.899999976158142,0.19517101157326391,0.984000915189197,0.9999998211860657,0.9679299579051762,True
E5_drift,8,stable_subpixel,2,8.525308557000738,-3.8562723359486357,-8.600000381469727,3.950000047683716,0.11984887396050282,0.9848068151057284,0.9999998807907104,0.9355569097091858,True
E5_drift,8,stable_subpixel,3,11.00017482210972,-6.591751701992764,-11.0,6.75,0.15824839457307954,0.9876743408617171,0.9999998807907104,0.9095662434895834,True
E5_drift,8,stable_subpixel,4,14.942305259687295,-9.36782580716881,-15.0,9.199999809265137,0.17746619010987466,0.9875525576147902,0.9999998807907104,0.8777018238324672,True
E5_drift,8,stable_subpixel,5,18.34302577396123,-11.051632292735293,-18.200000762939453,11.0,0.1520593549601026,0.9874265883394105,0.9999998807907104,0.8533474354901247,True
E5_drift,8,stable_subpixel,6,22.01997237079101,-13.114565555627696,-22.0,13.050000190734863,0.06758388815951745,0.99289288565431,0.9999998807907104,0.8252360017245842,True
E5_drift,8,stable_subpixel,7,25.419048167723957,-15.467386786941105,-25.299999237060547,15.399999618530273,0.1367979472014525,0.9775208642014586,0.9999998807907104,0.7985899576368846,True
E5_drift,8,stable_subpixel,8,29.778618531056246,-18.5223851371037,-29.899999618530273,18.549999237060547,0.12448255666077965,0.980000676794162,0.9999998807907104,0.7627019637000436,True
E1_baseline,9,A_cli,0,0.0,0.0,0.0,0.0,0.0,1.0,0.0,1.0,True
E1_baseline,9,A_cli,1,1.2729065198599727,-7.993079107936364,-1.2,8.0,0.07323427739145863,0.9953010596476064,0.9999999506564368,0.9523437500000002,True
E1_baseline,9,A_cli,2,2.64280392625113,1.7904783537027757,-2.7,-1.9,0.12355720076118791,0.9917525070985158,0.999999950522221,0.9761808268229166,True
E1_baseline,9,A_cli,3,-3.864511724108837,6.329256413147972,3.9,-6.2,0.13403968839715505,0.9928378422579736,0.9999999508463504,0.9480517578125001,True
E1_baseline,9,A_cli,4,3.769446258870774,-6.523707086823906,-3.8,6.5,0.03867243285168355,0.9895124521380867,0.99999995698898,0.9470241970486111,True
E1_baseline,9,A_cli,5,-4.224617085696863,4.028143331443637,4.1,-4.0,0.12775548971502496,0.9966002019579467,0.9999999472580502,0.9582573784722224,True
E1_baseline,9,A_cli,6,-7.0459926872138805,3.6935025998125823,7.0,-3.8,0.1160044116567676,0.9944811539848459,0.9999999512720079,0.9444715711805556,True
E1_baseline,9,A_cli,7,-1.6002135333780316,-7.140804710299992,1.7,7.1,0.10780706518389009,0.9915842125563576,0.9999999560253686,0.9544940863715278,True
E1_baseline,9,A_cli,8,-3.3235631566002812,1.9108003833245188,3.2,-2.0,0.15239562094784204,0.9942995595965369,0.9999999458758226,0.9730902777777778,True
E1_baseline,9,B_pilot,0,0.0,0.0,0.0,0.0,0.0,1.0,0.0,1.0,True
E1_baseline,9,B_pilot,1,1.2729065198599727,-7.993079107936364,-1.0,8.0,0.2729942624471038,0.9939546004864582,,0.9533420138888888,True
E1_baseline,9,B_pilot,2,2.64280392625113,1.7904783537027757,-3.0,-2.0,0.4141115252787677,0.9887718791452205,,0.97412109375,True
E1_baseline,9,B_pilot,3,-3.864511724108837,6.329256413147972,4.0,-6.0,0.35604333795624904,0.9903834337051379,,0.9485677083333334,True
E1_baseline,9,B_pilot,4,3.769446258870774,-6.523707086823906,-4.0,7.0,0.5291596797663747,0.9828594127892866,,0.9434678819444444,True
E1_baseline,9,B_pilot,5,-4.224617085696863,4.028143331443637,4.0,-4.0,0.22637332504449018,0.9952826944041343,,0.9587673611111112,True
E1_baseline,9,B_pilot,6,-7.0459926872138805,3.6935025998125823,7.0,-4.0,0.3099289976733379,0.9922250658503771,,0.9434678819444444,True
E1_baseline,9,B_pilot,7,-1.6002135333780316,-7.140804710299992,2.0,7.0,0.4238575059341795,0.9876895564199585,,0.9535047743055556,True
E1_baseline,9,B_pilot,8,-3.3235631566002812,1.9108003833245188,3.0,-2.0,0.33563326403113103,0.9919491886980704,,0.97412109375,True
E1_baseline,9,stable_subpixel,0,0.0,0.0,0.0,0.0,0.0,1.0,0.0,1.0,True
E1_baseline,9,stable_subpixel,1,1.2729065198599727,-7.993079107936364,-1.149999976158142,8.0,0.12310124788842113,0.9929570923586513,0.9999999403953552,0.9525933160912246,True
E1_baseline,9,stable_subpixel,2,2.64280392625113,1.7904783537027757,-2.799999952316284,-1.899999976158142,0.1915869943287709,0.9873764038073751,0.9999999403953552,0.9756651479377049,True
E1_baseline,9,stable_subpixel,3,-3.864511724108837,6.329256413147972,3.950000047683716,-6.199999809265137,0.15496942638781142,0.9889341036815714,0.9999999403953552,0.9477997511666683,True
E1_baseline,9,stable_subpixel,4,3.769446258870774,-6.523707086823906,-3.9000000953674316,6.599999904632568,0.15121143565610945,0.9838674380739217,0.9999999403953552,0.946010742194485,True
E1_baseline,9,stable_subpixel,5,-4.224617085696863,4.028143331443637,4.099999904632568,-4.0,0.12775558273968954,0.9944647041101916,0.9999999403953552,0.9582573789585795,True
E1_baseline,9,stable_subpixel,6,-7.0459926872138805,3.6935025998125823,7.0,-3.8499999046325684,0.16311570645732884,0.9915287503485667,0.9999999403953552,0.9442206493501241,True
E1_baseline,9,stable_subpixel,7,-1.6002135333780316,-7.140804710299992,1.75,7.050000190734863,0.1751612010593326,0.9871363494486777,0.9999999403953552,0.9545013417890813,True
E1_baseline,9,stable_subpixel,8,-3.3235631566002812,1.9108003833245188,3.1500000953674316,-1.9500000476837158,0.17793467877395794,0.9907426680237749,0.9999999403953552,0.9736041252406237,True
E2_sparse,9,A_cli,0,0.0,0.0,0.0,0.0,0.0,1.0,0.0,1.0,True
E2_sparse,9,A_cli,1,4.282555420412583,-3.525114812055664,0.0,0.0,5.5467752223322915,0.9845014752268089,0.999999999662212,1.0,True
E2_sparse,9,A_cli,2,-6.520411465774094,-2.653519923841266,0.0,0.0,7.0396685766604685,0.9836550415735633,0.9999999997113046,1.0,True
E2_sparse,9,A_cli,3,-0.18997279005615475,-4.582197814665273,0.0,0.0,4.586134153476643,0.9854776725663745,0.9999999997292067,1.0,True
E2_sparse,9,A_cli,4,4.586263168516389,3.506273487596882,0.0,0.0,5.773020320483446,0.9842258417561853,0.9999999997800633,1.0,True
E2_sparse,9,A_cli,5,3.1039806194169444,2.329801903683464,0.0,0.0,3.8810659097885845,0.9863298417409206,0.9999999996483101,1.0,True
E2_sparse,9,A_cli,6,5.099096849895895,-1.7402379850853702,0.0,0.0,5.387876848012789,0.9844675403119452,0.9999999997259197,1.0,True
E2_sparse,9,A_cli,7,4.5270871633899095,3.166797582233457,0.0,0.0,5.524773761138945,0.9844921348301503,0.9999999996883829,1.0,True
E2_sparse,9,A_cli,8,-5.646440250405355,-4.334054988740332,0.0,0.0,7.118027827061556,0.9836524034012404,0.9999999996358013,1.0,True
E2_sparse,9,B_pilot,0,0.0,0.0,0.0,0.0,0.0,1.0,0.0,1.0,True
E2_sparse,9,B_pilot,1,4.282555420412583,-3.525114812055664,-4.0,3.0,0.5963079166376939,0.8989388852336863,,0.9638671875,True
E2_sparse,9,B_pilot,2,-6.520411465774094,-2.653519923841266,6.0,3.0,0.6252011971230568,0.946613345084419,,0.95361328125,True
E2_sparse,9,B_pilot,3,-0.18997279005615475,-4.582197814665273,0.0,5.0,0.45896440715178943,0.9849051559371149,,0.9739583333333334,True
E2_sparse,9,B_pilot,4,4.586263168516389,3.506273487596882,-5.0,-3.0,0.6538279666468912,0.7729243500348726,,0.958740234375,True
E2_sparse,9,B_pilot,5,3.1039806194169444,2.329801903683464,-3.0,-2.0,0.3458052412667688,0.848186934917352,,0.97412109375,True
E2_sparse,9,B_pilot,6,5.099096849895895,-1.7402379850853702,-5.0,2.0,0.278022463214392,0.8773761538268212,,0.9638129340277778,True
E2_sparse,9,B_pilot,7,4.5270871633899095,3.166797582233457,-5.0,-3.0,0.5014658357949513,0.7728585554235311,,0.958740234375,True
E2_sparse,9,B_pilot,8,-5.646440250405355,-4.334054988740332,6.0,4.0,0.48641261500472155,0.9467971181957008,,0.9485677083333334,True
E2_sparse,9,stable_subpixel,0,0.0,0.0,0.0,0.0,0.0,1.0,0.0,1.0,True
E2_sparse,9,stable_subpixel,1,4.282555420412583,-3.525114812055664,-4.1,3.35,0.2529657663070354,0.880582785219152,0.9999999999767625,0.9615705023871528,True
E2_sparse,9,stable_subpixel,2,-6.520411465774094,-2.653519923841266,7.1,2.75,0.5875638468300519,0.9360911103845956,0.9999999999769932,0.9492275661892362,True
E2_sparse,9,stable_subpixel,3,-0.18997279005615475,-4.582197814665273,-0.25,4.0,0.7297467721003065,0.9646941951786422,0.999999999973353,0.9778917100694444,True
E2_sparse,9,stable_subpixel,4,4.586263168516389,3.506273487596882,-4.3,-3.8,0.4101485898275666,0.7423240368769881,0.9999999999745811,0.9582557508680554,True
E2_sparse,9,stable_subpixel,5,3.1039806194169444,2.329801903683464,-3.2,-2.05,0.29581890871349686,0.7959276970555591,0.9999999999749573,0.9728342013888889,True
E2_sparse,9,stable_subpixel,6,5.099096849895895,-1.7402379850853702,-5.45,1.8,0.35595578261862865,0.859051576962846,0.9999999999817482,0.9625056966145833,True
E2_sparse,9,stable_subpixel,7,4.5270871633899095,3.166797582233457,-4.6,-2.8,0.37397426124646516,0.7753090168958034,0.9999999999752356,0.9618077256944445,True
E2_sparse,9,stable_subpixel,8,-5.646440250405355,-4.334054988740332,6.2,4.1,0.6010075990580512,0.9418168232734845,0.9999999999769944,0.947043728298611,True
E3_mcherry,9,A_cli,0,0.0,0.0,0.0,0.0,0.0,1.0,0.0,1.0,True
E3_mcherry,9,A_cli,1,0.0,0.0,0.1,4.6,4.601086828130936,0.9813828711164791,0.9999999022344529,0.9755333116319446,True
E3_mcherry,9,A_cli,2,0.0,0.0,-4.6,-3.5,5.78013840664737,0.9722725214692094,0.9999999130604007,0.9582492404513889,True
E3_mcherry,9,A_cli,3,0.0,0.0,-3.1,-2.2,3.801315561749643,0.987937926739062,0.9999998515796785,0.9725808376736111,True
E3_mcherry,9,A_cli,4,0.0,0.0,-5.1,1.8,5.4083269131959835,0.9799572298740962,0.9999998530202706,0.9643115234374999,True
E3_mcherry,9,A_cli,5,0.0,0.0,-4.5,-3.1,5.4644304369257,0.9754535928976117,0.9999998908718757,0.9607950846354166,True
E3_mcherry,9,A_cli,6,0.0,0.0,5.8,4.2,7.161005515987263,0.9578529438811512,0.9999998984993375,0.9485774739583334,True
E3_mcherry,9,A_cli,7,0.0,0.0,-7.1,-3.0,7.707788269017254,0.954254532002915,0.9999998532891022,0.9479736328124999,True
E3_mcherry,9,A_cli,8,0.0,0.0,5.7,-2.9,6.395310782127793,0.9720208596672852,0.9999999244482041,0.9556567382812501,True
E3_mcherry,9,B_pilot,0,0.0,0.0,0.0,0.0,0.0,1.0,0.0,1.0,True
E3_mcherry,9,B_pilot,1,0.0,0.0,0.0,0.0,0.0,1.0,,1.0,True
E3_mcherry,9,B_pilot,2,0.0,0.0,0.0,0.0,0.0,1.0,,1.0,True
E3_mcherry,9,B_pilot,3,0.0,0.0,0.0,0.0,0.0,1.0,,1.0,True
E3_mcherry,9,B_pilot,4,0.0,0.0,0.0,0.0,0.0,1.0,,1.0,True
E3_mcherry,9,B_pilot,5,0.0,0.0,0.0,0.0,0.0,1.0,,1.0,True
E3_mcherry,9,B_pilot,6,0.0,0.0,0.0,0.0,0.0,1.0,,1.0,True
E3_mcherry,9,B_pilot,7,0.0,0.0,0.0,0.0,0.0,1.0,,1.0,True
E3_mcherry,9,B_pilot,8,0.0,0.0,0.0,0.0,0.0,1.0,,1.0,True
E3_mcherry,9,stable_subpixel,0,0.0,0.0,0.0,0.0,0.0,1.0,0.0,1.0,True
E3_mcherry,9,stable_subpixel,1,0.0,0.0,0.0,0.0,0.0,1.0,1.0,1.0,True
E3_mcherry,9,stable_subpixel,2,0.0,0.0,0.0,0.0,0.0,1.0,1.0,1.0,True
E3_mcherry,9,stable_subpixel,3,0.0,0.0,0.0,0.0,0.0,1.0,1.0,1.0,True
E3_mcherry,9,stable_subpixel,4,0.0,0.0,0.0,0.0,0.0,1.0,1.0,1.0,True
E3_mcherry,9,stable_subpixel,5,0.0,0.0,0.0,0.0,0.0,1.0,1.0,1.0,True
E3_mcherry,9,stable_subpixel,6,0.0,0.0,0.0,0.0,0.0,1.0,1.0,1.0,True
E3_mcherry,9,stable_subpixel,7,0.0,0.0,0.0,0.0,0.0,1.0,1.0,1.0,True
E3_mcherry,9,stable_subpixel,8,0.0,0.0,0.0,0.0,0.0,1.0,1.0,1.0,True
E4_gradient,9,A_cli,0,0.0,0.0,0.0,0.0,0.0,1.0,0.0,1.0,True
E4_gradient,9,A_cli,1,-1.4199712975085639,1.7876532984611342,1.3,-2.1,0.3345946416009941,0.8625571625219899,0.9999999990005771,0.98236572265625,True
E4_gradient,9,A_cli,2,4.778582814636616,1.8426012179092783,-4.8,-2.0,0.15884921287980003,0.7863640391059884,0.999999999464912,0.96484375,True
E4_gradient,9,A_cli,3,4.208712064757025,2.846881357241142,-4.2,-2.8,0.047683977697987885,0.7566012696589097,0.9999999994799916,0.9638606770833333,True
E4_gradient,9,A_cli,4,-1.4558036464696018,1.7966093659504851,1.4,-2.1,0.30848002170038663,0.8654258317910912,0.9999999990004335,0.9818505859375001,True
E4_gradient,9,A_cli,5,2.3385783130504567,0.9546798898949795,-2.3,-0.5,0.45631358572009423,0.8452376468757496,0.9999999992771973,0.9854478624131944,True
E4_gradient,9,A_cli,6,-5.994809330952273,1.9821029446883474,6.0,-2.0,0.018634581669342294,0.9193678179589877,0.9999999990121553,0.9586588541666666,True
E4_gradient,9,A_cli,7,1.3428587652770818,-2.898383793081628,-1.3,2.7,0.2029605949895941,0.8979334930741926,0.9999999993405072,0.9792618815104167,True
E4_gradient,9,A_cli,8,4.746942309860978,2.8270846941530805,-4.8,-2.8,0.059570958866332936,0.7557078174286144,0.99999999950779,0.9607812499999999,True
E4_gradient,9,B_pilot,0,0.0,0.0,0.0,0.0,0.0,1.0,0.0,1.0,True
E4_gradient,9,B_pilot,1,-1.4199712975085639,1.7876532984611342,1.0,-2.0,0.4706028180806643,0.882385188841538,,0.9844292534722222,True
E4_gradient,9,B_pilot,2,4.778582814636616,1.8426012179092783,-5.0,-2.0,0.27166145581934437,0.7908208201217317,,0.9638129340277778,True
E4_gradient,9,B_pilot,3,4.208712064757025,2.846881357241142,-4.0,-3.0,0.2588552582727561,0.7908464650051941,,0.9638671875,True
E4_gradient,9,B_pilot,4,-1.4558036464696018,1.7966093659504851,1.0,-2.0,0.49912394668463805,0.8801326191432154,,0.9844292534722222,True
E4_gradient,9,B_pilot,5,2.3385783130504567,0.9546798898949795,-2.0,-1.0,0.3415979895257351,0.8929318411220342,,0.9844292534722222,True
E4_gradient,9,B_pilot,6,-5.994809330952273,1.9821029446883474,6.0,-2.0,0.018634581669342294,0.9194911501347582,,0.9586588541666666,True
E4_gradient,9,B_pilot,7,1.3428587652770818,-2.898383793081628,-1.0,3.0,0.35760031660472913,0.9384937183038554,,0.979248046875,True
E4_gradient,9,B_pilot,8,4.746942309860978,2.8270846941530805,-5.0,-3.0,0.3064928996479866,0.7639463495077264,,0.958740234375,True
E4_gradient,9,stable_subpixel,0,0.0,0.0,0.0,0.0,0.0,1.0,0.0,1.0,True
E4_gradient,9,stable_subpixel,1,-1.4199712975085639,1.7876532984611342,1.2999999523162842,-1.899999976158142,0.16436209921025136,0.8920943558650525,0.9999999403953552,0.9834003367407583,True
E4_gradient,9,stable_subpixel,2,4.778582814636616,1.8426012179092783,-4.900000095367432,-1.9500000476837158,0.16210078561495095,0.7879714587691624,0.9999999403953552,0.9645821118965332,True
E4_gradient,9,stable_subpixel,3,4.208712064757025,2.846881357241142,-4.099999904632568,-2.950000047683716,0.14983924077996655,0.7630518308099816,0.9999999403953552,0.9636093481192882,True
E4_gradient,9,stable_subpixel,4,-1.4558036464696018,1.7966093659504851,1.350000023841858,-1.899999976158142,0.1479325009599503,0.8932942638169272,0.9999999403953552,0.9831424967451474,True
E4_gradient,9,stable_subpixel,5,2.3385783130504567,0.9546798898949795,-2.200000047683716,-1.0,0.1458007133452578,0.8641054991139684,0.9999999403953552,0.9833930119057186,True
E4_gradient,9,stable_subpixel,6,-5.994809330952273,1.9821029446883474,6.0,-2.0,0.018634581669342294,0.9194911501347582,0.9999999403953552,0.9586588541666666,True
E4_gradient,9,stable_subpixel,7,1.3428587652770818,-2.898383793081628,-1.2000000476837158,2.950000047683716,0.15189750140001865,0.9084059108849747,0.9999999403953552,0.9784814448211626,True
E4_gradient,9,stable_subpixel,8,4.746942309860978,2.8270846941530805,-4.900000095367432,-2.950000047683716,0.19630300516726815,0.7614070892815081,0.9999999403953552,0.9595066995727313,True
E5_drift,9,A_cli,0,0.0,0.0,0.0,0.0,0.0,1.0,0.0,1.0,True
E5_drift,9,A_cli,1,3.4488916437281207,-1.5008651115079545,-3.4,1.6,0.11053560034110188,0.9899124259561931,0.999999957819954,0.9741059027777779,True
E5_drift,9,A_cli,2,7.11182975720486,-4.224674905720802,-7.1,4.1,0.12523488041283398,0.9958119168919823,0.9999999445833095,0.9424563259548611,True
E5_drift,9,A_cli,3,9.757999800312854,-7.515831957364298,-9.9,7.5,0.14288004614072036,0.9914629558904061,0.9999999525550446,0.9113891601562499,True
E5_drift,9,A_cli,4,13.596975778261413,-9.20036857151131,-13.7,9.1,0.1438326820026049,0.9921842329110352,0.9999999517005377,0.8846318901909723,True
E5_drift,9,A_cli,5,16.18687935862128,-12.203886487941766,-16.1,12.1,0.1354268264832319,0.9946252320033393,0.9999999475693747,0.8584095594618056,True
E5_drift,9,A_cli,6,18.33594300124411,-15.165574312918338,-18.2,15.1,0.15093207115112636,0.9928825902539786,0.9999999497261988,0.8340174696180557,True
E5_drift,9,A_cli,7,21.335909636653795,-16.77297372413084,-21.2,16.9,0.18602984732712835,0.9923359249801389,0.9999999524040624,0.8112814670138889,True
E5_drift,9,A_cli,8,24.066602893435,-19.511823772046405,-24.0,19.5,0.06764426804481923,0.9919528110596698,0.9999999575229921,0.7861328125,True
E5_drift,9,B_pilot,0,0.0,0.0,0.0,0.0,0.0,1.0,0.0,1.0,True
E5_drift,9,B_pilot,1,3.4488916437281207,-1.5008651115079545,-3.0,2.0,0.6712967635248219,0.9809165037587113,,0.97412109375,True
E5_drift,9,B_pilot,2,7.11182975720486,-4.224674905720802,-7.0,4.0,0.2509675434337059,0.9947032781518222,,0.9434678819444444,True
E5_drift,9,B_pilot,3,9.757999800312854,-7.515831957364298,-10.0,8.0,0.5412788469525712,0.9845238999645699,,0.9084201388888888,True
E5_drift,9,B_pilot,4,13.596975778261413,-9.20036857151131,-14.0,9.0,0.4500845340127527,0.9875218331083182,,0.8836263020833334,True
E5_drift,9,B_pilot,5,16.18687935862128,-12.203886487941766,-16.0,12.0,0.2765747541695168,0.9921295831866627,,0.859375,True
E5_drift,9,B_pilot,6,18.33594300124411,-15.165574312918338,-18.0,15.0,0.3745297760970152,0.9890686544163789,,0.83544921875,True
E5_drift,9,B_pilot,7,21.335909636653795,-16.77297372413084,-21.0,17.0,0.4054333655878672,0.9878523781794476,,0.811767578125,True
E5_drift,9,B_pilot,8,24.066602893435,-19.511823772046405,-24.0,20.0,0.4926986654669507,0.9840564198874684,,0.7838541666666666,True
E5_drift,9,stable_subpixel,0,0.0,0.0,0.0,0.0,0.0,1.0,0.0,1.0,True
E5_drift,9,stable_subpixel,1,3.4488916437281207,-1.5008651115079545,-3.3499999046325684,1.5,0.09889552304965073,0.9832334647732938,0.9999998807907104,0.9748758956751166,True
E5_drift,9,stable_subpixel,2,7.11182975720486,-4.224674905720802,-7.050000190734863,4.099999904632568,0.13916447530249493,0.9933966032453629,0.9999998807907104,0.9427111811468946,True
E5_drift,9,stable_subpixel,3,9.757999800312854,-7.515831957364298,-9.899999618530273,7.550000190734863,0.14605278684587134,0.9856817220891945,0.9999998807907104,0.9111421721904642,True
E5_drift,9,stable_subpixel,4,13.596975778261413,-9.20036857151131,-13.75,9.100000381469727,0.18300324043831487,0.9868901949409492,0.9999998807907104,0.8843838143447,True
E5_drift,9,stable_subpixel,5,16.18687935862128,-12.203886487941766,-16.100000381469727,12.100000381469727,0.13542628913479082,0.9905465892371966,0.9999998807907104,0.858409555779977,True
E5_drift,9,stable_subpixel,6,18.33594300124411,-15.165574312918338,-18.200000762939453,15.050000190734863,0.17843113482170386,0.9880284194505583,0.9999998807907104,0.8342531963934501,True
E5_drift,9,stable_subpixel,7,21.335909636653795,-16.77297372413084,-21.200000762939453,16.899999618530273,0.18602902946120337,0.9866830747104341,0.9999998807907104,0.8112814651574526,True
E5_drift,9,stable_subpixel,8,24.066602893435,-19.511823772046405,-24.0,19.549999237060547,0.07676790698566659,0.9861293209490279,0.9999999403953552,0.7859049513936043,True
