well,row,column,condition,site_fov,timepoint_day,file_name,mcherry_channel,registration_channel,time_index,cell_roi_id,mask_source,cell_roi_area,total_mcherry_intensity,diffuse_mcherry_integrated_intensity,diffuse_mcherry_mean_intensity,punctate_mcherry_integrated_intensity,puncta_count,puncta_density_per_area,mean_puncta_intensity,median_puncta_area,diffuse_to_punctate_ratio,rupture_like_score,mcherry_metric_interpretation
E05,E,05,PLD3_mCherry_reporter_control,site0,8,"260216_Day8_iNeurons_WellE05_Channel405nm Binned,561nm Binned,488nm Binned_Seq0032.nd2",561nm Binned,488nm Binned,0,whole_field_foreground,stable_channel,1014440,24013274.0,17174746.0,17.3395938873291,6838533.0,1104,0.001088285162255936,258.8167915067811,18.0,2.5114664212335436,2.5114664212335436,screening metric for punctate-to-diffuse reporter redistribution; not rupture proof
E05,E,05,PLD3_mCherry_reporter_control,site0,12,"260220_Day12_WellE05_Channel405nm Binned,561nm Binned,488nm Binned_Seq0032.nd2",561nm Binned,488nm Binned,1,whole_field_foreground,stable_channel,917504,21788924.0,16170830.0,18.048748016357422,5618103.0,957,0.0010430472237711846,228.11864402077416,17.0,2.8783434550767617,2.8783434550767617,screening metric for punctate-to-diffuse reporter redistribution; not rupture proof
E05,E,05,PLD3_mCherry_reporter_control,site0,16,"260224_day16_WellE05_Channel405nm Binned,561nm Binned,488nm Binned_Seq0032.nd2",561nm Binned,488nm Binned,2,whole_field_foreground,stable_channel,964173,35468608.0,26580328.0,28.23288345336914,8888270.0,1030,0.0010682730173930733,359.9648930966275,17.0,2.9904951132219217,2.9904951132219217,screening metric for punctate-to-diffuse reporter redistribution; not rupture proof
E06,E,06,PLD3_mCherry_reporter_control,site0,8,"260216_Day8_iNeurons_WellE06_Channel405nm Binned,561nm Binned,488nm Binned_Seq0033.nd2",561nm Binned,488nm Binned,0,whole_field_foreground,stable_channel,946069,22282200.0,15786928.0,17.095781326293945,6495278.0,1005,0.001062290382624246,264.7161298685406,19.0,2.430523835930898,2.430523835930898,screening metric for punctate-to-diffuse reporter redistribution; not rupture proof
E06,E,06,PLD3_mCherry_reporter_control,site0,12,"260220_Day12_WellE06_Channel405nm Binned,561nm Binned,488nm Binned_Seq0033.nd2",561nm Binned,488nm Binned,1,whole_field_foreground,stable_channel,905846,20453804.0,15207006.0,17.19267463684082,5246796.0,875,0.0009659478542699687,212.82620513916015,19.0,2.8983413877720996,2.8983413877720996,screening metric for punctate-to-diffuse reporter redistribution; not rupture proof
E06,E,06,PLD3_mCherry_reporter_control,site0,16,"260224_day16_WellE06_Channel405nm Binned,561nm Binned,488nm Binned_Seq0033.nd2",561nm Binned,488nm Binned,2,whole_field_foreground,stable_channel,1004473,31500380.0,22667558.0,23.116079330444336,8832826.0,975,0.0009706582456661646,334.3407321558243,19.0,2.5662860334843494,2.5662860334843494,screening metric for punctate-to-diffuse reporter redistribution; not rupture proof
E07,E,07,PLD3_mCherry_reporter_control,site0,8,"260216_Day8_iNeurons_WellE07_Channel405nm Binned,561nm Binned,488nm Binned_Seq0034.nd2",561nm Binned,488nm Binned,0,whole_field_foreground,stable_channel,696734,13147948.0,9962782.0,14.651947021484375,3185166.0,756,0.0010850625920350017,164.29626277136424,19.0,3.127869002744872,3.127869002744872,screening metric for punctate-to-diffuse reporter redistribution; not rupture proof
E07,E,07,PLD3_mCherry_reporter_control,site0,12,"260220_Day12_WellE07_Channel405nm Binned,561nm Binned,488nm Binned_Seq0034.nd2",561nm Binned,488nm Binned,1,whole_field_foreground,stable_channel,464791,8210583.0,6295593.0,13.873086929321289,1914990.0,411,0.0008842684131128093,135.69559574359235,18.0,3.2875330941658767,3.2875330941658767,screening metric for punctate-to-diffuse reporter redistribution; not rupture proof
E07,E,07,PLD3_mCherry_reporter_control,site0,16,"260224_day16_WellE07_Channel405nm Binned,561nm Binned,488nm Binned_Seq0034.nd2",561nm Binned,488nm Binned,2,whole_field_foreground,stable_channel,519876,11324318.0,8310786.0,16.376609802246094,3013532.0,394,0.000757873031259843,195.91878604404818,19.0,2.7578223825057253,2.7578223825057253,screening metric for punctate-to-diffuse reporter redistribution; not rupture proof
E08,E,08,PLD3_mCherry_reporter_control,site0,8,"260216_Day8_iNeurons_WellE08_Channel405nm Binned,561nm Binned,488nm Binned_Seq0035.nd2",561nm Binned,488nm Binned,0,whole_field_foreground,stable_channel,579812,13952551.0,9986694.0,17.642621994018555,3965857.0,639,0.001102081364302391,259.4630651817262,18.0,2.518167952096478,2.518167952096478,screening metric for punctate-to-diffuse reporter redistribution; not rupture proof
E08,E,08,PLD3_mCherry_reporter_control,site0,12,"260220_Day12_WellE08_Channel405nm Binned,561nm Binned,488nm Binned_Seq0035.nd2",561nm Binned,488nm Binned,1,whole_field_foreground,stable_channel,541248,14403051.0,10851219.0,20.530010223388672,3551832.0,567,0.0010475789286961844,247.53328788259464,17.0,3.0551048022533007,3.0551048022533007,screening metric for punctate-to-diffuse reporter redistribution; not rupture proof
E08,E,08,PLD3_mCherry_reporter_control,site0,16,"260224_day16_WellE08_Channel405nm Binned,561nm Binned,488nm Binned_Seq0035.nd2",561nm Binned,488nm Binned,2,whole_field_foreground,stable_channel,554917,20050760.0,14748991.0,27.224918365478516,5301769.0,605,0.001090253136953652,361.9459434067907,17.0,2.781899965841065,2.781899965841065,screening metric for punctate-to-diffuse reporter redistribution; not rupture proof
E09,E,09,PLD3_mCherry_reporter_control,site0,8,"260216_Day8_iNeurons_WellE09_Channel405nm Binned,561nm Binned,488nm Binned_Seq0036.nd2",561nm Binned,488nm Binned,0,whole_field_foreground,stable_channel,624156,14819714.0,10594771.0,17.38834571838379,4224943.0,688,0.0011022885304297287,258.1478673247404,17.5,2.5076719378219994,2.5076719378219994,screening metric for punctate-to-diffuse reporter redistribution; not rupture proof
E09,E,09,PLD3_mCherry_reporter_control,site0,12,"260220_Day12_WellE09_Channel405nm Binned,561nm Binned,488nm Binned_Seq0036.nd2",561nm Binned,488nm Binned,1,whole_field_foreground,stable_channel,590492,14253709.0,10580434.0,18.354310989379883,3673275.0,597,0.0010110213178146173,229.94212745142542,18.0,2.88038167575178,2.88038167575178,screening metric for punctate-to-diffuse reporter redistribution; not rupture proof
E09,E,09,PLD3_mCherry_reporter_control,site0,16,"260224_day16_WellE09_Channel405nm Binned,561nm Binned,488nm Binned_Seq0036.nd2",561nm Binned,488nm Binned,2,whole_field_foreground,stable_channel,691215,24186884.0,17972108.0,26.630434036254883,6214772.0,749,0.0010835991695766387,345.748912021856,17.0,2.891837061761414,2.891837061761414,screening metric for punctate-to-diffuse reporter redistribution; not rupture proof
E10,E,10,PLD3_mCherry_reporter_control,site0,8,"260216_Day8_iNeurons_WellE10_Channel405nm Binned,561nm Binned,488nm Binned_Seq0037.nd2",561nm Binned,488nm Binned,0,whole_field_foreground,stable_channel,839486,20288036.0,14485499.0,17.675827026367188,5802534.0,906,0.0010792318156573437,266.5289129126677,18.0,2.4964091550342493,2.4964091550342493,screening metric for punctate-to-diffuse reporter redistribution; not rupture proof
E10,E,10,PLD3_mCherry_reporter_control,site0,12,"260220_Day12_WellE10_Channel405nm Binned,561nm Binned,488nm Binned_Seq0037.nd2",561nm Binned,488nm Binned,1,whole_field_foreground,stable_channel,857520,20322270.0,15038291.0,17.961143493652344,5283981.0,881,0.0010273812855664856,231.19958065695442,18.0,2.846015343355162,2.846015343355162,screening metric for punctate-to-diffuse reporter redistribution; not rupture proof
E10,E,10,PLD3_mCherry_reporter_control,site0,16,"260224_day16_WellE10_Channel405nm Binned,561nm Binned,488nm Binned_Seq0037.nd2",561nm Binned,488nm Binned,2,whole_field_foreground,stable_channel,853038,30627688.0,22916576.0,27.507823944091797,7711120.0,938,0.0010995993144489464,352.8310202982888,16.0,2.9718868335594606,2.9718868335594606,screening metric for punctate-to-diffuse reporter redistribution; not rupture proof
E11,E,11,PLD3_mCherry_reporter_control,site0,8,"260216_Day8_iNeurons_WellE11_Channel405nm Binned,561nm Binned,488nm Binned_Seq0038.nd2",561nm Binned,488nm Binned,0,whole_field_foreground,stable_channel,637145,15000284.0,10775226.0,17.32376480102539,4225058.0,662,0.0010390099584850559,252.37792157406534,19.0,2.550314338879478,2.550314338879478,screening metric for punctate-to-diffuse reporter redistribution; not rupture proof
E11,E,11,PLD3_mCherry_reporter_control,site0,12,"260220_Day12_WellE11_Channel405nm Binned,561nm Binned,488nm Binned_Seq0038.nd2",561nm Binned,488nm Binned,1,whole_field_foreground,stable_channel,622714,16562772.0,12584272.0,20.690431594848633,3978500.0,675,0.0010839647093190711,240.88523142496746,16.0,3.163069498553937,3.163069498553937,screening metric for punctate-to-diffuse reporter redistribution; not rupture proof
E11,E,11,PLD3_mCherry_reporter_control,site0,16,"260224_day16_WellE11_Channel405nm Binned,561nm Binned,488nm Binned_Seq0038.nd2",561nm Binned,488nm Binned,2,whole_field_foreground,stable_channel,634980,19793232.0,14264815.0,23.013704299926758,5528417.0,611,0.0009622350310230838,329.7981187036892,19.0,2.580271169847973,2.580271169847973,screening metric for punctate-to-diffuse reporter redistribution; not rupture proof
E12,E,12,PLD3_mCherry_reporter_control,site0,8,"260216_Day8_iNeurons_WellE12_Channel405nm Binned,561nm Binned,488nm Binned_Seq0039.nd2",561nm Binned,488nm Binned,0,whole_field_foreground,stable_channel,749133,17714936.0,12537442.0,17.144329071044922,5177496.0,812,0.001083919677812773,264.7275780832826,18.0,2.4215261585904804,2.4215261585904804,screening metric for punctate-to-diffuse reporter redistribution; not rupture proof
E12,E,12,PLD3_mCherry_reporter_control,site0,12,"260220_Day12_WellE12_Channel405nm Binned,561nm Binned,488nm Binned_Seq0039.nd2",561nm Binned,488nm Binned,1,whole_field_foreground,stable_channel,659080,15435294.0,11431110.0,17.763437271118164,4004184.0,665,0.0010089822176351747,226.6888215946972,19.0,2.8547913882072216,2.8547913882072216,screening metric for punctate-to-diffuse reporter redistribution; not rupture proof
E12,E,12,PLD3_mCherry_reporter_control,site0,16,"260224_day16_WellE12_Channel405nm Binned,561nm Binned,488nm Binned_Seq0039.nd2",561nm Binned,488nm Binned,2,whole_field_foreground,stable_channel,795110,25809024.0,18749406.0,24.154571533203125,7059611.0,795,0.000999861654361032,337.85721460498354,17.0,2.6558695656173326,2.6558695656173326,screening metric for punctate-to-diffuse reporter redistribution; not rupture proof
E13,E,13,PLD3_mCherry_reporter_control,site0,8,"260216_Day8_iNeurons_WellE13_Channel405nm Binned,561nm Binned,488nm Binned_Seq0040.nd2",561nm Binned,488nm Binned,0,whole_field_foreground,stable_channel,842745,20829060.0,14913951.0,18.1278133392334,5915109.0,932,0.0011059098541063952,268.14271720591535,18.0,2.521331559570158,2.521331559570158,screening metric for punctate-to-diffuse reporter redistribution; not rupture proof
E13,E,13,PLD3_mCherry_reporter_control,site0,12,"260220_Day12_WellE13_Channel405nm Binned,561nm Binned,488nm Binned_Seq0040.nd2",561nm Binned,488nm Binned,1,whole_field_foreground,stable_channel,832907,20607664.0,15396773.0,18.93412208557129,5210890.0,855,0.0010265251702758812,229.94490199395787,18.0,2.9547299981379465,2.9547299981379465,screening metric for punctate-to-diffuse reporter redistribution; not rupture proof
E13,E,13,PLD3_mCherry_reporter_control,site0,16,"260224_day16_WellE13_Channel405nm Binned,561nm Binned,488nm Binned_Seq0040.nd2",561nm Binned,488nm Binned,2,whole_field_foreground,stable_channel,790805,29101096.0,21892006.0,28.351608276367188,7209093.0,843,0.0010660023646776816,349.47752773153684,17.0,3.0367212629934115,3.0367212629934115,screening metric for punctate-to-diffuse reporter redistribution; not rupture proof
E14,E,14,PLD3_mCherry_reporter_control,site0,8,"260216_Day8_iNeurons_WellE14_Channel405nm Binned,561nm Binned,488nm Binned_Seq0041.nd2",561nm Binned,488nm Binned,0,whole_field_foreground,stable_channel,625085,14902277.0,10764984.0,17.6429443359375,4137293.0,664,0.001062255533245779,253.47171034295874,18.5,2.6019389973099316,2.6019389973099316,screening metric for punctate-to-diffuse reporter redistribution; not rupture proof
E14,E,14,PLD3_mCherry_reporter_control,site0,12,"260220_Day12_WellE14_Channel405nm Binned,561nm Binned,488nm Binned_Seq0041.nd2",561nm Binned,488nm Binned,1,whole_field_foreground,stable_channel,827592,19976972.0,14682617.0,18.174345016479492,5294357.0,805,0.000972701524421487,230.26579259078696,19.0,2.7732578290427385,2.7732578290427385,screening metric for punctate-to-diffuse reporter redistribution; not rupture proof
E14,E,14,PLD3_mCherry_reporter_control,site0,16,"260224_day16_WellE14_Channel405nm Binned,561nm Binned,488nm Binned_Seq0041.nd2",561nm Binned,488nm Binned,2,whole_field_foreground,stable_channel,711854,23140632.0,16805402.0,24.182626724243164,6335231.0,686,0.0009636807547601564,336.47719040139424,19.0,2.652689696713087,2.652689696713087,screening metric for punctate-to-diffuse reporter redistribution; not rupture proof
E15,E,15,PLD3_mCherry_reporter_control,site0,8,"260216_Day8_iNeurons_WellE15_Channel405nm Binned,561nm Binned,488nm Binned_Seq0042.nd2",561nm Binned,488nm Binned,0,whole_field_foreground,stable_channel,664402,16066006.0,11610616.0,17.899635314941406,4455390.0,717,0.0010791659266512154,257.1931980404395,18.0,2.6059707455458208,2.6059707455458208,screening metric for punctate-to-diffuse reporter redistribution; not rupture proof
E15,E,15,PLD3_mCherry_reporter_control,site0,12,"260220_Day12_WellE15_Channel405nm Binned,561nm Binned,488nm Binned_Seq0042.nd2",561nm Binned,488nm Binned,1,whole_field_foreground,stable_channel,627144,14556231.0,10828746.0,17.684898376464844,3727485.0,591,0.0009423673032015894,217.92283378639803,19.0,2.905107867636515,2.905107867636515,screening metric for punctate-to-diffuse reporter redistribution; not rupture proof
E15,E,15,PLD3_mCherry_reporter_control,site0,16,"260224_day16_WellE15_Channel405nm Binned,561nm Binned,488nm Binned_Seq0042.nd2",561nm Binned,488nm Binned,2,whole_field_foreground,stable_channel,732767,26134288.0,19326612.0,27.009525299072266,6807677.0,712,0.0009716594770220661,351.6175752918372,17.0,2.838943739545393,2.838943739545393,screening metric for punctate-to-diffuse reporter redistribution; not rupture proof
E16,E,16,PLD3_mCherry_reporter_control,site0,8,"260216_Day8_iNeurons_WellE16_Channel405nm Binned,561nm Binned,488nm Binned_Seq0043.nd2",561nm Binned,488nm Binned,0,whole_field_foreground,stable_channel,583583,14011978.0,10090192.0,17.71076011657715,3921786.0,647,0.0011086683470884027,256.2331770553471,17.0,2.5728563465720535,2.5728563465720535,screening metric for punctate-to-diffuse reporter redistribution; not rupture proof
E16,E,16,PLD3_mCherry_reporter_control,site0,12,"260220_Day12_WellE16_Channel405nm Binned,561nm Binned,488nm Binned_Seq0043.nd2",561nm Binned,488nm Binned,1,whole_field_foreground,stable_channel,518322,12653657.0,9535596.0,18.841997146606445,3118061.0,531,0.0010244596987952963,225.77276463337986,18.0,3.0581813505242335,3.0581813505242335,screening metric for punctate-to-diffuse reporter redistribution; not rupture proof
E16,E,16,PLD3_mCherry_reporter_control,site0,16,"260224_day16_WellE16_Channel405nm Binned,561nm Binned,488nm Binned_Seq0043.nd2",561nm Binned,488nm Binned,2,whole_field_foreground,stable_channel,767007,27177992.0,20264116.0,27.05659294128418,6913870.0,825,0.0010756094794427227,349.59714039195666,17.0,2.9309367980591285,2.9309367980591285,screening metric for punctate-to-diffuse reporter redistribution; not rupture proof
E17,E,17,PLD3_mCherry_reporter_control,site0,8,"260216_Day8_iNeurons_WellE17_Channel405nm Binned,561nm Binned,488nm Binned_Seq0044.nd2",561nm Binned,488nm Binned,0,whole_field_foreground,stable_channel,623518,15552905.0,11002525.0,18.077022552490234,4550380.0,633,0.0010152072594519883,275.1686729925315,19.0,2.4179354251727507,2.4179354251727507,screening metric for punctate-to-diffuse reporter redistribution; not rupture proof
E17,E,17,PLD3_mCherry_reporter_control,site0,12,"260220_Day12_WellE17_Channel405nm Binned,561nm Binned,488nm Binned_Seq0044.nd2",561nm Binned,488nm Binned,1,whole_field_foreground,stable_channel,517086,11597741.0,8635311.0,17.104063034057617,2962430.0,504,0.000974692797714549,207.5962554235307,18.0,2.9149417876530705,2.9149417876530705,screening metric for punctate-to-diffuse reporter redistribution; not rupture proof
E17,E,17,PLD3_mCherry_reporter_control,site0,16,"260224_day16_WellE17_Channel405nm Binned,561nm Binned,488nm Binned_Seq0044.nd2",561nm Binned,488nm Binned,2,whole_field_foreground,stable_channel,720919,24551968.0,17944660.0,25.49717903137207,6607305.0,667,0.0009252079637227966,346.8685598988226,20.0,2.715881891330472,2.715881891330472,screening metric for punctate-to-diffuse reporter redistribution; not rupture proof
E18,E,18,PLD3_mCherry_reporter_control,site0,8,"260216_Day8_iNeurons_WellE18_Channel405nm Binned,561nm Binned,488nm Binned_Seq0045.nd2",561nm Binned,488nm Binned,0,whole_field_foreground,stable_channel,1049463,26731004.0,19244418.0,18.784645080566406,7486579.0,1138,0.0010843640985903416,274.20321198046105,18.0,2.570522263906843,2.570522263906843,screening metric for punctate-to-diffuse reporter redistribution; not rupture proof
E18,E,18,PLD3_mCherry_reporter_control,site0,12,"260220_Day12_WellE18_Channel405nm Binned,561nm Binned,488nm Binned_Seq0045.nd2",561nm Binned,488nm Binned,1,whole_field_foreground,stable_channel,1031925,27394504.0,20585898.0,20.430442810058594,6808610.0,1066,0.001033020810619926,249.99044180005845,18.0,3.023509644405683,3.023509644405683,screening metric for punctate-to-diffuse reporter redistribution; not rupture proof
E18,E,18,PLD3_mCherry_reporter_control,site0,16,"260224_day16_WellE18_Channel405nm Binned,561nm Binned,488nm Binned_Seq0045.nd2",561nm Binned,488nm Binned,2,whole_field_foreground,stable_channel,1018578,39842432.0,30112502.0,30.268749237060547,9729932.0,1124,0.0011034991920097395,372.27051151859376,16.0,3.0948317007762136,3.0948317007762136,screening metric for punctate-to-diffuse reporter redistribution; not rupture proof
E19,E,19,PLD3_mCherry_reporter_control,site0,8,"260216_Day8_iNeurons_WellE19_Channel405nm Binned,561nm Binned,488nm Binned_Seq0046.nd2",561nm Binned,488nm Binned,0,whole_field_foreground,stable_channel,930074,22910462.0,16729009.0,18.42401885986328,6181451.0,1001,0.0010762584482513474,256.8320606547993,18.0,2.7063239682717364,2.7063239682717364,screening metric for punctate-to-diffuse reporter redistribution; not rupture proof
E19,E,19,PLD3_mCherry_reporter_control,site0,12,"260220_Day12_WellE19_Channel405nm Binned,561nm Binned,488nm Binned_Seq0046.nd2",561nm Binned,488nm Binned,1,whole_field_foreground,stable_channel,983536,22645588.0,16874848.0,17.574487686157227,5770736.0,971,0.0009872541523635258,213.1069663113595,18.0,2.924210707264563,2.924210707264563,screening metric for punctate-to-diffuse reporter redistribution; not rupture proof
E19,E,19,PLD3_mCherry_reporter_control,site0,16,"260224_day16_WellE19_Channel405nm Binned,561nm Binned,488nm Binned_Seq0046.nd2",561nm Binned,488nm Binned,2,whole_field_foreground,stable_channel,986564,33898656.0,25299232.0,26.264259338378906,8599435.0,1000,0.001013618984677108,332.78161141967774,18.0,2.9419644430124836,2.9419644430124836,screening metric for punctate-to-diffuse reporter redistribution; not rupture proof
E20,E,20,PLD3_mCherry_reporter_control,site0,8,"260216_Day8_iNeurons_WellE20_Channel405nm Binned,561nm Binned,488nm Binned_Seq0047.nd2",561nm Binned,488nm Binned,0,whole_field_foreground,stable_channel,735908,17948304.0,12860250.0,17.898672103881836,5088053.0,803,0.001091169004819772,268.4908758522119,18.0,2.5275385299637154,2.5275385299637154,screening metric for punctate-to-diffuse reporter redistribution; not rupture proof
E20,E,20,PLD3_mCherry_reporter_control,site0,12,"260220_Day12_WellE20_Channel405nm Binned,561nm Binned,488nm Binned_Seq0047.nd2",561nm Binned,488nm Binned,1,whole_field_foreground,stable_channel,645038,14846891.0,10972087.0,17.423450469970703,3874804.0,654,0.0010138937550950272,221.04764714372268,17.0,2.8316495492409857,2.8316495492409857,screening metric for punctate-to-diffuse reporter redistribution; not rupture proof
E20,E,20,PLD3_mCherry_reporter_control,site0,16,"260224_day16_WellE20_Channel405nm Binned,561nm Binned,488nm Binned_Seq0047.nd2",561nm Binned,488nm Binned,2,whole_field_foreground,stable_channel,702746,24035016.0,17717026.0,25.825590133666992,6317994.0,731,0.0010402051381280858,345.5889628941318,17.0,2.8042169713990224,2.8042169713990224,screening metric for punctate-to-diffuse reporter redistribution; not rupture proof
F05,F,05,PLD3_TMEM106B_mCherry_primary,site0,8,"260216_Day8_iNeurons_WellF05_Channel405nm Binned,561nm Binned,488nm Binned_Seq0048.nd2",561nm Binned,488nm Binned,0,whole_field_foreground,stable_channel,635890,13283091.0,10076704.0,16.233373641967773,3206387.0,656,0.001031624966580648,192.1473277487406,21.0,3.1426973724621696,3.1426973724621696,screening metric for punctate-to-diffuse reporter redistribution; not rupture proof
F05,F,05,PLD3_TMEM106B_mCherry_primary,site0,12,"260220_Day12_WellF05_Channel405nm Binned,561nm Binned,488nm Binned_Seq0048.nd2",561nm Binned,488nm Binned,1,whole_field_foreground,stable_channel,664614,10826853.0,8754644.0,13.489913940429688,2072209.0,664,0.0009990761554812282,113.16837514739439,18.0,4.224788136715831,4.224788136715831,screening metric for punctate-to-diffuse reporter redistribution; not rupture proof
F05,F,05,PLD3_TMEM106B_mCherry_primary,site0,16,"260224_day16_WellF05_Channel405nm Binned,561nm Binned,488nm Binned_Seq0048.nd2",561nm Binned,488nm Binned,2,whole_field_foreground,stable_channel,657474,12245055.0,9937679.0,15.481855392456055,2307376.0,656,0.0009977580862498019,130.35475525623414,18.0,4.306917901545172,4.306917901545172,screening metric for punctate-to-diffuse reporter redistribution; not rupture proof
F06,F,06,PLD3_TMEM106B_mCherry_primary,site0,8,"260216_Day8_iNeurons_WellF06_Channel405nm Binned,561nm Binned,488nm Binned_Seq0049.nd2",561nm Binned,488nm Binned,0,whole_field_foreground,stable_channel,784357,16355211.0,12418606.0,16.218399047851562,3936605.0,833,0.001062016403243597,193.56377702142868,20.0,3.154648739204682,3.154648739204682,screening metric for punctate-to-diffuse reporter redistribution; not rupture proof
F06,F,06,PLD3_TMEM106B_mCherry_primary,site0,12,"260220_Day12_WellF06_Channel405nm Binned,561nm Binned,488nm Binned_Seq0049.nd2",561nm Binned,488nm Binned,1,whole_field_foreground,stable_channel,722864,12487340.0,10147125.0,14.373390197753906,2340215.0,757,0.0010472232674458167,120.59553975315673,17.0,4.335979813818673,4.335979813818673,screening metric for punctate-to-diffuse reporter redistribution; not rupture proof
F06,F,06,PLD3_TMEM106B_mCherry_primary,site0,16,"260224_day16_WellF06_Channel405nm Binned,561nm Binned,488nm Binned_Seq0049.nd2",561nm Binned,488nm Binned,2,whole_field_foreground,stable_channel,793709,15977106.0,13173502.0,16.996992111206055,2803604.0,786,0.000990287372322866,135.1049802503513,19.0,4.698774149271903,4.698774149271903,screening metric for punctate-to-diffuse reporter redistribution; not rupture proof
F07,F,07,PLD3_TMEM106B_mCherry_primary,site0,8,"260216_Day8_iNeurons_WellF07_Channel405nm Binned,561nm Binned,488nm Binned_Seq0050.nd2",561nm Binned,488nm Binned,0,whole_field_foreground,stable_channel,800009,16478554.0,12601727.0,16.13558006286621,3876827.0,875,0.001093737695449559,186.33146290806363,18.0,3.250526010058419,3.250526010058419,screening metric for punctate-to-diffuse reporter redistribution; not rupture proof
F07,F,07,PLD3_TMEM106B_mCherry_primary,site0,12,"260220_Day12_WellF07_Channel405nm Binned,561nm Binned,488nm Binned_Seq0050.nd2",561nm Binned,488nm Binned,1,whole_field_foreground,stable_channel,797233,13811977.0,11316596.0,14.534208297729492,2495381.0,848,0.0010636789997390177,114.57848588925488,17.0,4.535017297957894,4.535017297957894,screening metric for punctate-to-diffuse reporter redistribution; not rupture proof
F07,F,07,PLD3_TMEM106B_mCherry_primary,site0,16,"260224_day16_WellF07_Channel405nm Binned,561nm Binned,488nm Binned_Seq0050.nd2",561nm Binned,488nm Binned,2,whole_field_foreground,stable_channel,810543,15938301.0,13110644.0,16.564258575439453,2827657.0,817,0.001007966264589284,131.57139165310994,17.0,4.636575086722104,4.636575086722104,screening metric for punctate-to-diffuse reporter redistribution; not rupture proof
F08,F,08,PLD3_TMEM106B_mCherry_primary,site0,8,"260216_Day8_iNeurons_WellF08_Channel405nm Binned,561nm Binned,488nm Binned_Seq0051.nd2",561nm Binned,488nm Binned,0,whole_field_foreground,stable_channel,491237,10330196.0,7815372.0,16.29941177368164,2514824.0,505,0.0010280170264026773,192.962806762091,20.0,3.1077212560389484,3.1077212560389484,screening metric for punctate-to-diffuse reporter redistribution; not rupture proof
F08,F,08,PLD3_TMEM106B_mCherry_primary,site0,12,"260220_Day12_WellF08_Channel405nm Binned,561nm Binned,488nm Binned_Seq0051.nd2",561nm Binned,488nm Binned,1,whole_field_foreground,stable_channel,502027,7905795.0,6427372.0,13.109915733337402,1478423.0,483,0.0009620996480249825,110.76169449547557,20.0,4.347451304528983,4.347451304528983,screening metric for punctate-to-diffuse reporter redistribution; not rupture proof
F08,F,08,PLD3_TMEM106B_mCherry_primary,site0,16,"260224_day16_WellF08_Channel405nm Binned,561nm Binned,488nm Binned_Seq0051.nd2",561nm Binned,488nm Binned,2,whole_field_foreground,stable_channel,541230,9787223.0,7986165.0,15.110430717468262,1801058.0,517,0.0009552316020897673,128.49988051217113,19.0,4.4341520373000565,4.4341520373000565,screening metric for punctate-to-diffuse reporter redistribution; not rupture proof
F09,F,09,PLD3_TMEM106B_mCherry_primary,site0,8,"260216_Day8_iNeurons_WellF09_Channel405nm Binned,561nm Binned,488nm Binned_Seq0052.nd2",561nm Binned,488nm Binned,0,whole_field_foreground,stable_channel,1021651,20783216.0,15791276.0,15.834075927734375,4991938.0,1087,0.0010639641129886195,186.85500900703718,19.0,3.1633557948830364,3.1633557948830364,screening metric for punctate-to-diffuse reporter redistribution; not rupture proof
F09,F,09,PLD3_TMEM106B_mCherry_primary,site0,12,"260220_Day12_WellF09_Channel405nm Binned,561nm Binned,488nm Binned_Seq0052.nd2",561nm Binned,488nm Binned,1,whole_field_foreground,stable_channel,1076698,16647210.0,13472114.0,12.813097953796387,3175096.0,1096,0.0010179270324631254,107.32464361538852,17.0,4.243057217796173,4.243057217796173,screening metric for punctate-to-diffuse reporter redistribution; not rupture proof
F09,F,09,PLD3_TMEM106B_mCherry_primary,site0,16,"260224_day16_WellF09_Channel405nm Binned,561nm Binned,488nm Binned_Seq0052.nd2",561nm Binned,488nm Binned,2,whole_field_foreground,stable_channel,1046550,18739354.0,15310077.0,14.980754852294922,3429280.0,1032,0.0009860971764359217,123.34350174896477,18.0,4.46451645826399,4.46451645826399,screening metric for punctate-to-diffuse reporter redistribution; not rupture proof
F10,F,10,PLD3_TMEM106B_mCherry_primary,site0,8,"260216_Day8_iNeurons_WellF10_Channel405nm Binned,561nm Binned,488nm Binned_Seq0053.nd2",561nm Binned,488nm Binned,0,whole_field_foreground,stable_channel,646090,12988033.0,9891391.0,15.682672500610352,3096642.0,687,0.001063319351791448,182.67263158717705,19.0,3.1942313641669933,3.1942313641669933,screening metric for punctate-to-diffuse reporter redistribution; not rupture proof
F10,F,10,PLD3_TMEM106B_mCherry_primary,site0,12,"260220_Day12_WellF10_Channel405nm Binned,561nm Binned,488nm Binned_Seq0053.nd2",561nm Binned,488nm Binned,1,whole_field_foreground,stable_channel,601319,10214933.0,8310095.0,14.150093078613281,1904838.0,575,0.0009562312183700228,115.07560610563858,20.0,4.362625588105465,4.362625588105465,screening metric for punctate-to-diffuse reporter redistribution; not rupture proof
F10,F,10,PLD3_TMEM106B_mCherry_primary,site0,16,"260224_day16_WellF10_Channel405nm Binned,561nm Binned,488nm Binned_Seq0053.nd2",561nm Binned,488nm Binned,2,whole_field_foreground,stable_channel,604963,13279807.0,10928058.0,18.49517250061035,2351749.0,624,0.0010314680401924887,150.13493183331613,17.0,4.646779056776618,4.646779056776618,screening metric for punctate-to-diffuse reporter redistribution; not rupture proof
F11,F,11,PLD3_TMEM106B_mCherry_primary,site0,8,"260216_Day8_iNeurons_WellF11_Channel405nm Binned,561nm Binned,488nm Binned_Seq0054.nd2",561nm Binned,488nm Binned,0,whole_field_foreground,stable_channel,653251,13249671.0,10131610.0,15.888460159301758,3118061.0,700,0.0010715636103104755,182.3742977142334,19.0,3.2493302728832925,3.2493302728832925,screening metric for punctate-to-diffuse reporter redistribution; not rupture proof
F11,F,11,PLD3_TMEM106B_mCherry_primary,site0,12,"260220_Day12_WellF11_Channel405nm Binned,561nm Binned,488nm Binned_Seq0054.nd2",561nm Binned,488nm Binned,1,whole_field_foreground,stable_channel,677749,10963532.0,8815578.0,13.321130752563477,2147954.0,633,0.0009339740818489825,115.26972272008139,20.0,4.104174484181643,4.104174484181643,screening metric for punctate-to-diffuse reporter redistribution; not rupture proof
F11,F,11,PLD3_TMEM106B_mCherry_primary,site0,16,"260224_day16_WellF11_Channel405nm Binned,561nm Binned,488nm Binned_Seq0054.nd2",561nm Binned,488nm Binned,2,whole_field_foreground,stable_channel,601318,12811692.0,10677853.0,18.1784725189209,2133839.0,628,0.0010443725283443297,140.3634715839556,18.0,5.004057475749106,5.004057475749106,screening metric for punctate-to-diffuse reporter redistribution; not rupture proof
F12,F,12,PLD3_TMEM106B_mCherry_primary,site0,8,"260216_Day8_iNeurons_WellF12_Channel405nm Binned,561nm Binned,488nm Binned_Seq0055.nd2",561nm Binned,488nm Binned,0,whole_field_foreground,stable_channel,769371,16245053.0,12349026.0,16.44407844543457,3896027.0,825,0.0010723045188848132,193.23323820171933,20.0,3.1696458982437314,3.1696458982437314,screening metric for punctate-to-diffuse reporter redistribution; not rupture proof
F12,F,12,PLD3_TMEM106B_mCherry_primary,site0,12,"260220_Day12_WellF12_Channel405nm Binned,561nm Binned,488nm Binned_Seq0055.nd2",561nm Binned,488nm Binned,1,whole_field_foreground,stable_channel,701643,12855636.0,10367113.0,15.127823829650879,2488523.0,697,0.0009933826746636204,128.87296711663092,18.0,4.165970336619687,4.165970336619687,screening metric for punctate-to-diffuse reporter redistribution; not rupture proof
F12,F,12,PLD3_TMEM106B_mCherry_primary,site0,16,"260224_day16_WellF12_Channel405nm Binned,561nm Binned,488nm Binned_Seq0055.nd2",561nm Binned,488nm Binned,2,whole_field_foreground,stable_channel,789638,14493023.0,11720696.0,15.204129219055176,2772327.0,767,0.0009713311669385575,131.36626572590296,19.0,4.227746582562509,4.227746582562509,screening metric for punctate-to-diffuse reporter redistribution; not rupture proof
F13,F,13,PLD3_TMEM106B_mCherry_primary,site0,8,"260216_Day8_iNeurons_WellF13_Channel405nm Binned,561nm Binned,488nm Binned_Seq0056.nd2",561nm Binned,488nm Binned,0,whole_field_foreground,stable_channel,640684,13857873.0,10594373.0,16.940128326416016,3263500.0,708,0.0011050689575498919,193.42593783577956,18.0,3.2463223533006755,3.2463223533006755,screening metric for punctate-to-diffuse reporter redistribution; not rupture proof
F13,F,13,PLD3_TMEM106B_mCherry_primary,site0,12,"260220_Day12_WellF13_Channel405nm Binned,561nm Binned,488nm Binned_Seq0056.nd2",561nm Binned,488nm Binned,1,whole_field_foreground,stable_channel,625485,10045388.0,8072073.0,13.216266632080078,1973315.0,659,0.001053582420040363,116.40086012798304,17.0,4.090615537811201,4.090615537811201,screening metric for punctate-to-diffuse reporter redistribution; not rupture proof
F13,F,13,PLD3_TMEM106B_mCherry_primary,site0,16,"260224_day16_WellF13_Channel405nm Binned,561nm Binned,488nm Binned_Seq0056.nd2",561nm Binned,488nm Binned,2,whole_field_foreground,stable_channel,656795,12874024.0,10577180.0,16.491464614868164,2296844.0,667,0.0010155375726048227,133.45157555804616,17.0,4.605092901387903,4.605092901387903,screening metric for punctate-to-diffuse reporter redistribution; not rupture proof
F14,F,14,PLD3_TMEM106B_mCherry_primary,site0,8,"260216_Day8_iNeurons_WellF14_Channel405nm Binned,561nm Binned,488nm Binned_Seq0057.nd2",561nm Binned,488nm Binned,0,whole_field_foreground,stable_channel,598724,12742428.0,9740410.0,16.665485382080078,3002018.0,645,0.001077291038941019,194.59273232156917,19.0,3.244620785084152,3.244620785084152,screening metric for punctate-to-diffuse reporter redistribution; not rupture proof
F14,F,14,PLD3_TMEM106B_mCherry_primary,site0,12,"260220_Day12_WellF14_Channel405nm Binned,561nm Binned,488nm Binned_Seq0057.nd2",561nm Binned,488nm Binned,1,whole_field_foreground,stable_channel,567119,10569055.0,8728052.0,15.75568675994873,1841003.0,578,0.0010191864494030014,122.61315186048462,18.0,4.740922203817842,4.740922203817842,screening metric for punctate-to-diffuse reporter redistribution; not rupture proof
F14,F,14,PLD3_TMEM106B_mCherry_primary,site0,16,"260224_day16_WellF14_Channel405nm Binned,561nm Binned,488nm Binned_Seq0057.nd2",561nm Binned,488nm Binned,2,whole_field_foreground,stable_channel,580577,10920109.0,8836250.0,15.587486267089844,2083859.0,545,0.0009387213065606479,134.91612957595686,20.0,4.2403300799122015,4.2403300799122015,screening metric for punctate-to-diffuse reporter redistribution; not rupture proof
F15,F,15,PLD3_TMEM106B_mCherry_primary,site0,8,"260216_Day8_iNeurons_WellF15_Channel405nm Binned,561nm Binned,488nm Binned_Seq0058.nd2",561nm Binned,488nm Binned,0,whole_field_foreground,stable_channel,1023558,21722612.0,16736128.0,16.751724243164062,4986491.0,1084,0.0010590508793824492,187.29503744906606,20.0,3.356293634140048,3.356293634140048,screening metric for punctate-to-diffuse reporter redistribution; not rupture proof
F15,F,15,PLD3_TMEM106B_mCherry_primary,site0,12,"260220_Day12_WellF15_Channel405nm Binned,561nm Binned,488nm Binned_Seq0058.nd2",561nm Binned,488nm Binned,1,whole_field_foreground,stable_channel,966490,19006786.0,15668476.0,16.59792709350586,3338310.0,1019,0.0010543306190430792,129.1948312978398,17.0,4.693535351718476,4.693535351718476,screening metric for punctate-to-diffuse reporter redistribution; not rupture proof
F15,F,15,PLD3_TMEM106B_mCherry_primary,site0,16,"260224_day16_WellF15_Channel405nm Binned,561nm Binned,488nm Binned_Seq0058.nd2",561nm Binned,488nm Binned,2,whole_field_foreground,stable_channel,990779,19932614.0,16321337.0,16.87129020690918,3611280.0,1010,0.0010193998863510234,137.64658634450177,17.0,4.5195434859649435,4.5195434859649435,screening metric for punctate-to-diffuse reporter redistribution; not rupture proof
F16,F,16,PLD3_TMEM106B_mCherry_primary,site0,8,"260216_Day8_iNeurons_WellF16_Channel405nm Binned,561nm Binned,488nm Binned_Seq0059.nd2",561nm Binned,488nm Binned,0,whole_field_foreground,stable_channel,555534,11752486.0,9003519.0,16.603050231933594,2748967.0,588,0.0010584410675115142,189.62439542238405,20.0,3.275237207284309,3.275237207284309,screening metric for punctate-to-diffuse reporter redistribution; not rupture proof
F16,F,16,PLD3_TMEM106B_mCherry_primary,site0,12,"260220_Day12_WellF16_Channel405nm Binned,561nm Binned,488nm Binned_Seq0059.nd2",561nm Binned,488nm Binned,1,whole_field_foreground,stable_channel,500828,9544245.0,7801629.0,15.950468063354492,1742616.0,544,0.0010862012507266243,130.0098707114949,16.0,4.476963943861139,4.476963943861139,screening metric for punctate-to-diffuse reporter redistribution; not rupture proof
F16,F,16,PLD3_TMEM106B_mCherry_primary,site0,16,"260224_day16_WellF16_Channel405nm Binned,561nm Binned,488nm Binned_Seq0059.nd2",561nm Binned,488nm Binned,2,whole_field_foreground,stable_channel,491924,10529731.0,8679227.0,18.065689086914062,1850504.0,490,0.0009960888267273073,144.82042032358598,18.0,4.690196292466976,4.690196292466976,screening metric for punctate-to-diffuse reporter redistribution; not rupture proof
F17,F,17,PLD3_TMEM106B_mCherry_primary,site0,8,"260216_Day8_iNeurons_WellF17_Channel405nm Binned,561nm Binned,488nm Binned_Seq0060.nd2",561nm Binned,488nm Binned,0,whole_field_foreground,stable_channel,878337,18040776.0,13671628.0,15.946453094482422,4369149.0,905,0.00103035623001077,187.8006104948771,20.0,3.1291283497076594,3.1291283497076594,screening metric for punctate-to-diffuse reporter redistribution; not rupture proof
F17,F,17,PLD3_TMEM106B_mCherry_primary,site0,12,"260220_Day12_WellF17_Channel405nm Binned,561nm Binned,488nm Binned_Seq0060.nd2",561nm Binned,488nm Binned,1,whole_field_foreground,stable_channel,839363,14394667.0,11733305.0,14.31631088256836,2661362.0,867,0.0010329261594792325,115.60328077252485,17.0,4.4087594998333905,4.4087594998333905,screening metric for punctate-to-diffuse reporter redistribution; not rupture proof
F17,F,17,PLD3_TMEM106B_mCherry_primary,site0,16,"260224_day16_WellF17_Channel405nm Binned,561nm Binned,488nm Binned_Seq0060.nd2",561nm Binned,488nm Binned,2,whole_field_foreground,stable_channel,860939,15370509.0,12325226.0,14.662903785705566,3045283.0,802,0.0009315410267150965,133.31938920056731,20.0,4.047317113055159,4.047317113055159,screening metric for punctate-to-diffuse reporter redistribution; not rupture proof
F18,F,18,PLD3_TMEM106B_mCherry_primary,site0,8,"260216_Day8_iNeurons_WellF18_Channel405nm Binned,561nm Binned,488nm Binned_Seq0061.nd2",561nm Binned,488nm Binned,0,whole_field_foreground,stable_channel,712279,15212341.0,11784131.0,16.951364517211914,3428210.0,770,0.0010810370655303875,180.92597566084427,19.0,3.43740056764217,3.43740056764217,screening metric for punctate-to-diffuse reporter redistribution; not rupture proof
F18,F,18,PLD3_TMEM106B_mCherry_primary,site0,12,"260220_Day12_WellF18_Channel405nm Binned,561nm Binned,488nm Binned_Seq0061.nd2",561nm Binned,488nm Binned,1,whole_field_foreground,stable_channel,698172,11694049.0,9499228.0,13.934514045715332,2194821.0,703,0.0010069152014102443,114.52695691365096,18.0,4.328019460354932,4.328019460354932,screening metric for punctate-to-diffuse reporter redistribution; not rupture proof
F18,F,18,PLD3_TMEM106B_mCherry_primary,site0,16,"260224_day16_WellF18_Channel405nm Binned,561nm Binned,488nm Binned_Seq0061.nd2",561nm Binned,488nm Binned,2,whole_field_foreground,stable_channel,706031,14159592.0,11683108.0,16.946260452270508,2476484.0,688,0.000974461461322556,132.76914125265077,19.0,4.7176190114675824,4.7176190114675824,screening metric for punctate-to-diffuse reporter redistribution; not rupture proof
F19,F,19,PLD3_TMEM106B_mCherry_primary,site0,8,"260216_Day8_iNeurons_WellF19_Channel405nm Binned,561nm Binned,488nm Binned_Seq0062.nd2",561nm Binned,488nm Binned,0,whole_field_foreground,stable_channel,623986,12458058.0,9491064.0,15.58405590057373,2966994.0,636,0.0010192536370991988,181.40749308748065,21.0,3.1988821008727357,3.1988821008727357,screening metric for punctate-to-diffuse reporter redistribution; not rupture proof
F19,F,19,PLD3_TMEM106B_mCherry_primary,site0,12,"260220_Day12_WellF19_Channel405nm Binned,561nm Binned,488nm Binned_Seq0062.nd2",561nm Binned,488nm Binned,1,whole_field_foreground,stable_channel,594107,11056838.0,9169723.0,15.804363250732422,1887115.0,639,0.00107556382940939,120.22619291612986,17.0,4.859122523002117,4.859122523002117,screening metric for punctate-to-diffuse reporter redistribution; not rupture proof
F19,F,19,PLD3_TMEM106B_mCherry_primary,site0,16,"260224_day16_WellF19_Channel405nm Binned,561nm Binned,488nm Binned_Seq0062.nd2",561nm Binned,488nm Binned,2,whole_field_foreground,stable_channel,618163,12254052.0,10222434.0,16.930530548095703,2031618.0,608,0.0009835593524669325,126.26795431187278,17.0,5.0316713082848095,5.0316713082848095,screening metric for punctate-to-diffuse reporter redistribution; not rupture proof
F20,F,20,PLD3_TMEM106B_mCherry_primary,site0,8,"260216_Day8_iNeurons_WellF20_Channel405nm Binned,561nm Binned,488nm Binned_Seq0063.nd2",561nm Binned,488nm Binned,0,whole_field_foreground,stable_channel,303778,6111472.0,4741993.0,15.986114501953125,1369479.0,330,0.0010863196149784175,172.96385081898083,18.0,3.4626255678229,3.4626255678229,screening metric for punctate-to-diffuse reporter redistribution; not rupture proof
F20,F,20,PLD3_TMEM106B_mCherry_primary,site0,12,"260220_Day12_WellF20_Channel405nm Binned,561nm Binned,488nm Binned_Seq0063.nd2",561nm Binned,488nm Binned,1,whole_field_foreground,stable_channel,315700,5132571.0,4215019.0,13.675979614257812,917552.0,313,0.00099144757681029,104.370826757754,18.0,4.593765802914065,4.593765802914065,screening metric for punctate-to-diffuse reporter redistribution; not rupture proof
F20,F,20,PLD3_TMEM106B_mCherry_primary,site0,16,"260224_day16_WellF20_Channel405nm Binned,561nm Binned,488nm Binned_Seq0063.nd2",561nm Binned,488nm Binned,2,whole_field_foreground,stable_channel,346764,6434997.0,5295935.0,15.63994312286377,1139062.0,319,0.0009199340185229149,124.51906183894525,20.0,4.649382562139156,4.649382562139156,screening metric for punctate-to-diffuse reporter redistribution; not rupture proof
I05,I,05,PLD3_mCherry_reporter_control,site0,8,"260216_Day8_iNeurons_WellI05_Channel405nm Binned,561nm Binned,488nm Binned_Seq0096.nd2",561nm Binned,488nm Binned,0,whole_field_foreground,stable_channel,433378,10632328.0,7580102.0,17.91550064086914,3052226.0,471,0.0010868110517813852,274.4271283969758,19.0,2.4834668206081454,2.4834668206081454,screening metric for punctate-to-diffuse reporter redistribution; not rupture proof
I05,I,05,PLD3_mCherry_reporter_control,site0,12,"260220_Day12_WellI05_Channel405nm Binned,561nm Binned,488nm Binned_Seq0096.nd2",561nm Binned,488nm Binned,1,whole_field_foreground,stable_channel,403943,9117254.0,6792289.0,17.223575592041016,2324965.0,407,0.001007567899428861,208.81841559257788,18.0,2.9214586026013634,2.9214586026013634,screening metric for punctate-to-diffuse reporter redistribution; not rupture proof
I05,I,05,PLD3_mCherry_reporter_control,site0,16,"260224_day16_WellI05_Channel405nm Binned,561nm Binned,488nm Binned_Seq0096.nd2",561nm Binned,488nm Binned,2,whole_field_foreground,stable_channel,538183,16575903.0,12088526.0,23.0074462890625,4487377.0,536,0.0009959437589054357,319.7894316431302,20.0,2.6938957881179375,2.6938957881179375,screening metric for punctate-to-diffuse reporter redistribution; not rupture proof
I06,I,06,PLD3_mCherry_reporter_control,site0,8,"260216_Day8_iNeurons_WellI06_Channel405nm Binned,561nm Binned,488nm Binned_Seq0097.nd2",561nm Binned,488nm Binned,0,whole_field_foreground,stable_channel,659232,15692684.0,11191609.0,17.388723373413086,4501075.0,732,0.0011103829911152518,263.33179019448534,18.0,2.4864302416639386,2.4864302416639386,screening metric for punctate-to-diffuse reporter redistribution; not rupture proof
I06,I,06,PLD3_mCherry_reporter_control,site0,12,"260220_Day12_WellI06_Channel405nm Binned,561nm Binned,488nm Binned_Seq0097.nd2",561nm Binned,488nm Binned,1,whole_field_foreground,stable_channel,662397,14900816.0,11030428.0,17.054954528808594,3870388.0,659,0.0009948716555162615,215.5884706210656,18.0,2.849954061452534,2.849954061452534,screening metric for punctate-to-diffuse reporter redistribution; not rupture proof
I06,I,06,PLD3_mCherry_reporter_control,site0,16,"260224_day16_WellI06_Channel405nm Binned,561nm Binned,488nm Binned_Seq0097.nd2",561nm Binned,488nm Binned,2,whole_field_foreground,stable_channel,675584,23035874.0,16920208.0,25.64997100830078,6115663.0,706,0.0010450217885547245,346.4057537435472,17.0,2.7667005196324967,2.7667005196324967,screening metric for punctate-to-diffuse reporter redistribution; not rupture proof
I07,I,07,PLD3_mCherry_reporter_control,site0,8,"260216_Day8_iNeurons_WellI07_Channel405nm Binned,561nm Binned,488nm Binned_Seq0098.nd2",561nm Binned,488nm Binned,0,whole_field_foreground,stable_channel,780580,19037264.0,13630646.0,17.888408660888672,5406618.0,861,0.0011030259550576455,265.40078221408606,17.0,2.5211039507502617,2.5211039507502617,screening metric for punctate-to-diffuse reporter redistribution; not rupture proof
I07,I,07,PLD3_mCherry_reporter_control,site0,12,"260220_Day12_WellI07_Channel405nm Binned,561nm Binned,488nm Binned_Seq0098.nd2",561nm Binned,488nm Binned,1,whole_field_foreground,stable_channel,838875,19492142.0,14517197.0,17.72307014465332,4974949.0,824,0.000982267918341848,221.11057568522332,18.0,2.918059461513491,2.918059461513491,screening metric for punctate-to-diffuse reporter redistribution; not rupture proof
I07,I,07,PLD3_mCherry_reporter_control,site0,16,"260224_day16_WellI07_Channel405nm Binned,561nm Binned,488nm Binned_Seq0098.nd2",561nm Binned,488nm Binned,2,whole_field_foreground,stable_channel,883326,27379896.0,19749354.0,22.899633407592773,7630540.0,865,0.0009792534126687323,328.1173009089652,18.0,2.5881987382278857,2.5881987382278857,screening metric for punctate-to-diffuse reporter redistribution; not rupture proof
I08,I,08,PLD3_mCherry_reporter_control,site0,8,"260216_Day8_iNeurons_WellI08_Channel405nm Binned,561nm Binned,488nm Binned_Seq0099.nd2",561nm Binned,488nm Binned,0,whole_field_foreground,stable_channel,730138,17551864.0,12837725.0,18.011640548706055,4714139.0,786,0.0010765088243577562,246.50982299105812,18.0,2.723238538362419,2.723238538362419,screening metric for punctate-to-diffuse reporter redistribution; not rupture proof
I08,I,08,PLD3_mCherry_reporter_control,site0,12,"260220_Day12_WellI08_Channel405nm Binned,561nm Binned,488nm Binned_Seq0099.nd2",561nm Binned,488nm Binned,1,whole_field_foreground,stable_channel,680974,14436743.0,10508759.0,15.806685447692871,3927984.0,631,0.0009266139382694103,209.680093913373,19.0,2.675356875180073,2.675356875180073,screening metric for punctate-to-diffuse reporter redistribution; not rupture proof
I08,I,08,PLD3_mCherry_reporter_control,site0,16,"260224_day16_WellI08_Channel405nm Binned,561nm Binned,488nm Binned_Seq0099.nd2",561nm Binned,488nm Binned,2,whole_field_foreground,stable_channel,685965,20850760.0,14670574.0,21.909196853637695,6180184.0,652,0.0009504858119569504,338.4154617449989,19.0,2.373808611523156,2.373808611523156,screening metric for punctate-to-diffuse reporter redistribution; not rupture proof
I09,I,09,PLD3_mCherry_reporter_control,site0,8,"260216_Day8_iNeurons_WellI09_Channel405nm Binned,561nm Binned,488nm Binned_Seq0100.nd2",561nm Binned,488nm Binned,0,whole_field_foreground,stable_channel,914878,22280792.0,16043831.0,17.964244842529297,6236966.0,1006,0.0010996001652667355,262.8920942575747,18.0,2.5723774989309587,2.5723774989309587,screening metric for punctate-to-diffuse reporter redistribution; not rupture proof
I09,I,09,PLD3_mCherry_reporter_control,site0,12,"260220_Day12_WellI09_Channel405nm Binned,561nm Binned,488nm Binned_Seq0100.nd2",561nm Binned,488nm Binned,1,whole_field_foreground,stable_channel,902085,21761236.0,16005621.0,18.174924850463867,5755621.0,935,0.001036487692400343,237.14756737367355,17.0,2.7808677812519655,2.7808677812519655,screening metric for punctate-to-diffuse reporter redistribution; not rupture proof
I09,I,09,PLD3_mCherry_reporter_control,site0,16,"260224_day16_WellI09_Channel405nm Binned,561nm Binned,488nm Binned_Seq0100.nd2",561nm Binned,488nm Binned,2,whole_field_foreground,stable_channel,986379,34252648.0,24982796.0,25.943429946899414,9269848.0,1029,0.0010432095573800302,361.0084445163738,17.0,2.695059940572629,2.695059940572629,screening metric for punctate-to-diffuse reporter redistribution; not rupture proof
I10,I,10,PLD3_mCherry_reporter_control,site0,8,"260216_Day8_iNeurons_WellI10_Channel405nm Binned,561nm Binned,488nm Binned_Seq0101.nd2",561nm Binned,488nm Binned,0,whole_field_foreground,stable_channel,761928,18746576.0,13605083.0,18.29168701171875,5141492.0,854,0.0011208408143536912,260.7627439655241,17.0,2.646135207445106,2.646135207445106,screening metric for punctate-to-diffuse reporter redistribution; not rupture proof
I10,I,10,PLD3_mCherry_reporter_control,site0,12,"260220_Day12_WellI10_Channel405nm Binned,561nm Binned,488nm Binned_Seq0101.nd2",561nm Binned,488nm Binned,1,whole_field_foreground,stable_channel,639990,16697683.0,12585164.0,20.14051628112793,4112519.0,657,0.001026578540288088,236.2598002766184,16.0,3.0602081108918746,3.0602081108918746,screening metric for punctate-to-diffuse reporter redistribution; not rupture proof
I10,I,10,PLD3_mCherry_reporter_control,site0,16,"260224_day16_WellI10_Channel405nm Binned,561nm Binned,488nm Binned_Seq0101.nd2",561nm Binned,488nm Binned,2,whole_field_foreground,stable_channel,731477,26974490.0,20107904.0,28.14542007446289,6866583.0,775,0.001059500161999544,368.07393141223537,17.0,2.928371214619713,2.928371214619713,screening metric for punctate-to-diffuse reporter redistribution; not rupture proof
I11,I,11,PLD3_mCherry_reporter_control,site0,8,"260216_Day8_iNeurons_WellI11_Channel405nm Binned,561nm Binned,488nm Binned_Seq0102.nd2",561nm Binned,488nm Binned,0,whole_field_foreground,stable_channel,794243,19896864.0,14373097.0,18.535743713378906,5523764.0,901,0.0011344135233157429,271.5594226697441,18.0,2.602047625495477,2.602047625495477,screening metric for punctate-to-diffuse reporter redistribution; not rupture proof
I11,I,11,PLD3_mCherry_reporter_control,site0,12,"260220_Day12_WellI11_Channel405nm Binned,561nm Binned,488nm Binned_Seq0102.nd2",561nm Binned,488nm Binned,1,whole_field_foreground,stable_channel,867384,19532012.0,14408869.0,17.01277732849121,5123143.0,881,0.0010156977763009052,221.10953131165866,18.0,2.8125057215848135,2.8125057215848135,screening metric for punctate-to-diffuse reporter redistribution; not rupture proof
I11,I,11,PLD3_mCherry_reporter_control,site0,16,"260224_day16_WellI11_Channel405nm Binned,561nm Binned,488nm Binned_Seq0102.nd2",561nm Binned,488nm Binned,2,whole_field_foreground,stable_channel,878238,29460394.0,21293488.0,24.83486557006836,8166907.0,883,0.0010054222203992479,351.3396457831965,18.0,2.607289148755752,2.607289148755752,screening metric for punctate-to-diffuse reporter redistribution; not rupture proof
I12,I,12,PLD3_mCherry_reporter_control,site0,8,"260216_Day8_iNeurons_WellI12_Channel405nm Binned,561nm Binned,488nm Binned_Seq0103.nd2",561nm Binned,488nm Binned,0,whole_field_foreground,stable_channel,180140,4511690.0,3301916.0,18.774005889892578,1209774.0,221,0.0012268235816518995,261.53972152779005,16.0,2.7293659807511736,2.7293659807511736,screening metric for punctate-to-diffuse reporter redistribution; not rupture proof
I12,I,12,PLD3_mCherry_reporter_control,site0,12,"260220_Day12_WellI12_Channel405nm Binned,561nm Binned,488nm Binned_Seq0103.nd2",561nm Binned,488nm Binned,1,whole_field_foreground,stable_channel,153889,3587440.0,2789507.0,18.554162979125977,797933.0,151,0.0009812267283497765,193.16079509810896,18.0,3.4959163237972413,3.4959163237972413,screening metric for punctate-to-diffuse reporter redistribution; not rupture proof
I12,I,12,PLD3_mCherry_reporter_control,site0,16,"260224_day16_WellI12_Channel405nm Binned,561nm Binned,488nm Binned_Seq0103.nd2",561nm Binned,488nm Binned,2,whole_field_foreground,stable_channel,217652,7444796.0,5319031.0,25.033679962158203,2125765.0,213,0.0009786264311792282,375.3271437094245,19.0,2.5021726296168665,2.5021726296168665,screening metric for punctate-to-diffuse reporter redistribution; not rupture proof
I13,I,13,PLD3_mCherry_reporter_control,site0,8,"260216_Day8_iNeurons_WellI13_Channel405nm Binned,561nm Binned,488nm Binned_Seq0104.nd2",561nm Binned,488nm Binned,0,whole_field_foreground,stable_channel,944230,23097756.0,16525032.0,17.927248001098633,6572719.0,1027,0.0010876587272157338,270.38219780257987,18.0,2.514185073178617,2.514185073178617,screening metric for punctate-to-diffuse reporter redistribution; not rupture proof
I13,I,13,PLD3_mCherry_reporter_control,site0,12,"260220_Day12_WellI13_Channel405nm Binned,561nm Binned,488nm Binned_Seq0104.nd2",561nm Binned,488nm Binned,1,whole_field_foreground,stable_channel,929284,23385266.0,17278216.0,19.040908813476562,6107054.0,933,0.0010039987775523908,246.57760055067712,19.0,2.8292227316144856,2.8292227316144856,screening metric for punctate-to-diffuse reporter redistribution; not rupture proof
I13,I,13,PLD3_mCherry_reporter_control,site0,16,"260224_day16_WellI13_Channel405nm Binned,561nm Binned,488nm Binned_Seq0104.nd2",561nm Binned,488nm Binned,2,whole_field_foreground,stable_channel,964388,35720392.0,26613272.0,28.257671356201172,9107125.0,1060,0.00109914266871726,366.15144208512214,16.0,2.9222473612690147,2.9222473612690147,screening metric for punctate-to-diffuse reporter redistribution; not rupture proof
I14,I,14,PLD3_mCherry_reporter_control,site0,8,"260216_Day8_iNeurons_WellI14_Channel405nm Binned,561nm Binned,488nm Binned_Seq0105.nd2",561nm Binned,488nm Binned,0,whole_field_foreground,stable_channel,898551,21370662.0,15216749.0,17.346323013305664,6153914.0,988,0.001099548050137277,263.2583251675131,18.0,2.4726944510432753,2.4726944510432753,screening metric for punctate-to-diffuse reporter redistribution; not rupture proof
I14,I,14,PLD3_mCherry_reporter_control,site0,12,"260220_Day12_WellI14_Channel405nm Binned,561nm Binned,488nm Binned_Seq0105.nd2",561nm Binned,488nm Binned,1,whole_field_foreground,stable_channel,831541,18742064.0,13365835.0,16.46685791015625,5376229.0,776,0.0009332071419197211,233.6872230116854,19.0,2.4860985274246157,2.4860985274246157,screening metric for punctate-to-diffuse reporter redistribution; not rupture proof
I14,I,14,PLD3_mCherry_reporter_control,site0,16,"260224_day16_WellI14_Channel405nm Binned,561nm Binned,488nm Binned_Seq0105.nd2",561nm Binned,488nm Binned,2,whole_field_foreground,stable_channel,922927,31619860.0,22696052.0,25.187694549560547,8923813.0,977,0.0010585885990971565,365.58496279604236,17.0,2.543313267545774,2.543313267545774,screening metric for punctate-to-diffuse reporter redistribution; not rupture proof
I15,I,15,PLD3_mCherry_reporter_control,site0,8,"260216_Day8_iNeurons_WellI15_Channel405nm Binned,561nm Binned,488nm Binned_Seq0106.nd2",561nm Binned,488nm Binned,0,whole_field_foreground,stable_channel,1024930,25126076.0,18038074.0,18.027347564697266,7088009.0,1071,0.0010449494111782805,267.2096410300774,19.0,2.5448717686444042,2.5448717686444042,screening metric for punctate-to-diffuse reporter redistribution; not rupture proof
I15,I,15,PLD3_mCherry_reporter_control,site0,12,"260220_Day12_WellI15_Channel405nm Binned,561nm Binned,488nm Binned_Seq0106.nd2",561nm Binned,488nm Binned,1,whole_field_foreground,stable_channel,939723,23748596.0,17923440.0,19.530805587768555,5825156.0,963,0.0010247700652202566,233.3113107651565,17.0,3.0769030048288704,3.0769030048288704,screening metric for punctate-to-diffuse reporter redistribution; not rupture proof
I15,I,15,PLD3_mCherry_reporter_control,site0,16,"260224_day16_WellI15_Channel405nm Binned,561nm Binned,488nm Binned_Seq0106.nd2",561nm Binned,488nm Binned,2,whole_field_foreground,stable_channel,1098230,35779088.0,25896430.0,24.154390335083008,9882643.0,1089,0.0009915955674121163,339.44251490120934,17.0,2.620395171615263,2.620395171615263,screening metric for punctate-to-diffuse reporter redistribution; not rupture proof
I16,I,16,PLD3_mCherry_reporter_control,site0,8,"260216_Day8_iNeurons_WellI16_Channel405nm Binned,561nm Binned,488nm Binned_Seq0107.nd2",561nm Binned,488nm Binned,0,whole_field_foreground,stable_channel,606135,15814405.0,11318482.0,19.123838424682617,4495923.0,637,0.0010509209994455841,286.47418050002454,19.0,2.5174990763848673,2.5174990763848673,screening metric for punctate-to-diffuse reporter redistribution; not rupture proof
I16,I,16,PLD3_mCherry_reporter_control,site0,12,"260220_Day12_WellI16_Channel405nm Binned,561nm Binned,488nm Binned_Seq0107.nd2",561nm Binned,488nm Binned,1,whole_field_foreground,stable_channel,420142,11124797.0,8403251.0,20.48004913330078,2721546.0,453,0.0010782068919530105,241.6769714523888,17.0,3.0876755344193754,3.0876755344193754,screening metric for punctate-to-diffuse reporter redistribution; not rupture proof
I16,I,16,PLD3_mCherry_reporter_control,site0,16,"260224_day16_WellI16_Channel405nm Binned,561nm Binned,488nm Binned_Seq0107.nd2",561nm Binned,488nm Binned,2,whole_field_foreground,stable_channel,663998,25743750.0,19201712.0,29.612895965576172,6542042.0,721,0.0010858466441147625,381.11333805248245,16.0,2.935125148997372,2.935125148997372,screening metric for punctate-to-diffuse reporter redistribution; not rupture proof
I17,I,17,PLD3_mCherry_reporter_control,site0,8,"260216_Day8_iNeurons_WellI17_Channel405nm Binned,561nm Binned,488nm Binned_Seq0108.nd2",561nm Binned,488nm Binned,0,whole_field_foreground,stable_channel,629484,15699595.0,11236658.0,18.28609275817871,4462937.0,706,0.0011215535263785553,271.2303549574725,17.0,2.5177720411463307,2.5177720411463307,screening metric for punctate-to-diffuse reporter redistribution; not rupture proof
I17,I,17,PLD3_mCherry_reporter_control,site0,12,"260220_Day12_WellI17_Channel405nm Binned,561nm Binned,488nm Binned_Seq0108.nd2",561nm Binned,488nm Binned,1,whole_field_foreground,stable_channel,627755,15152411.0,11109498.0,18.12472915649414,4042913.0,625,0.0009956113451888148,239.75803728027344,18.0,2.747894401882319,2.747894401882319,screening metric for punctate-to-diffuse reporter redistribution; not rupture proof
I17,I,17,PLD3_mCherry_reporter_control,site0,16,"260224_day16_WellI17_Channel405nm Binned,561nm Binned,488nm Binned_Seq0108.nd2",561nm Binned,488nm Binned,2,whole_field_foreground,stable_channel,617603,21916824.0,16087845.0,26.679588317871094,5828974.0,648,0.0010492177013371872,365.3396314691614,18.0,2.7599788573421735,2.7599788573421735,screening metric for punctate-to-diffuse reporter redistribution; not rupture proof
I18,I,18,PLD3_mCherry_reporter_control,site0,8,"260216_Day8_iNeurons_WellI18_Channel405nm Binned,561nm Binned,488nm Binned_Seq0109.nd2",561nm Binned,488nm Binned,0,whole_field_foreground,stable_channel,310279,7072684.0,5100970.0,16.8435001373291,1971714.0,319,0.0010281069617955837,235.85838949269262,19.0,2.587073987402541,2.587073987402541,screening metric for punctate-to-diffuse reporter redistribution; not rupture proof
I18,I,18,PLD3_mCherry_reporter_control,site0,12,"260220_Day12_WellI18_Channel405nm Binned,561nm Binned,488nm Binned_Seq0109.nd2",561nm Binned,488nm Binned,1,whole_field_foreground,stable_channel,309127,7158089.0,5250351.0,17.395118713378906,1907738.0,316,0.0010222335803698084,219.00100669377966,16.0,2.752134202913213,2.752134202913213,screening metric for punctate-to-diffuse reporter redistribution; not rupture proof
I18,I,18,PLD3_mCherry_reporter_control,site0,16,"260224_day16_WellI18_Channel405nm Binned,561nm Binned,488nm Binned_Seq0109.nd2",561nm Binned,488nm Binned,2,whole_field_foreground,stable_channel,337853,12280190.0,9060094.0,27.457077026367188,3220096.0,331,0.0009797160303416583,363.87196013574516,17.0,2.813609904796996,2.813609904796996,screening metric for punctate-to-diffuse reporter redistribution; not rupture proof
I19,I,19,PLD3_mCherry_reporter_control,site0,8,"260216_Day8_iNeurons_WellI19_Channel405nm Binned,561nm Binned,488nm Binned_Seq0110.nd2",561nm Binned,488nm Binned,0,whole_field_foreground,stable_channel,771250,18236004.0,13071413.0,17.363449096679688,5164598.0,832,0.0010787682333859593,254.64216816425323,17.0,2.5309642686608846,2.5309642686608846,screening metric for punctate-to-diffuse reporter redistribution; not rupture proof
I19,I,19,PLD3_mCherry_reporter_control,site0,12,"260220_Day12_WellI19_Channel405nm Binned,561nm Binned,488nm Binned_Seq0110.nd2",561nm Binned,488nm Binned,1,whole_field_foreground,stable_channel,734460,15453621.0,11339606.0,15.81550407409668,4114015.0,715,0.0009735043433257447,205.00758516538394,19.0,2.7563355991646223,2.7563355991646223,screening metric for punctate-to-diffuse reporter redistribution; not rupture proof
I19,I,19,PLD3_mCherry_reporter_control,site0,16,"260224_day16_WellI19_Channel405nm Binned,561nm Binned,488nm Binned_Seq0110.nd2",561nm Binned,488nm Binned,2,whole_field_foreground,stable_channel,789404,25579452.0,18770064.0,24.35232162475586,6809387.0,761,0.0009640184240250062,327.13999154971873,18.0,2.7564983455922305,2.7564983455922305,screening metric for punctate-to-diffuse reporter redistribution; not rupture proof
I20,I,20,PLD3_mCherry_reporter_control,site0,8,"260216_Day8_iNeurons_WellI20_Channel405nm Binned,561nm Binned,488nm Binned_Seq0111.nd2",561nm Binned,488nm Binned,0,whole_field_foreground,stable_channel,683962,16267628.0,11804708.0,17.678863525390625,4462920.0,718,0.0010497659226666835,251.6311409187848,19.0,2.6450637699078974,2.6450637699078974,screening metric for punctate-to-diffuse reporter redistribution; not rupture proof
I20,I,20,PLD3_mCherry_reporter_control,site0,12,"260220_Day12_WellI20_Channel405nm Binned,561nm Binned,488nm Binned_Seq0111.nd2",561nm Binned,488nm Binned,1,whole_field_foreground,stable_channel,714233,14655065.0,10717204.0,15.368053436279297,3937861.0,707,0.0009898730526298983,200.71528160386578,19.0,2.7215800659285025,2.7215800659285025,screening metric for punctate-to-diffuse reporter redistribution; not rupture proof
I20,I,20,PLD3_mCherry_reporter_control,site0,16,"260224_day16_WellI20_Channel405nm Binned,561nm Binned,488nm Binned_Seq0111.nd2",561nm Binned,488nm Binned,2,whole_field_foreground,stable_channel,686411,24071048.0,17908442.0,26.71673583984375,6162606.0,738,0.001075157595083594,342.0674139503541,16.0,2.9059852276775593,2.9059852276775593,screening metric for punctate-to-diffuse reporter redistribution; not rupture proof
J05,J,05,PLD3_TMEM106B_mCherry_primary,site0,8,"260216_Day8_iNeurons_WellJ05_Channel405nm Binned,561nm Binned,488nm Binned_Seq0112.nd2",561nm Binned,488nm Binned,0,whole_field_foreground,stable_channel,831834,17364162.0,13290045.0,16.368139266967773,4074117.0,898,0.0010795423125274039,186.68078869859997,19.0,3.2620675842143805,3.2620675842143805,screening metric for punctate-to-diffuse reporter redistribution; not rupture proof
J05,J,05,PLD3_TMEM106B_mCherry_primary,site0,12,"260220_Day12_WellJ05_Channel405nm Binned,561nm Binned,488nm Binned_Seq0112.nd2",561nm Binned,488nm Binned,1,whole_field_foreground,stable_channel,729420,13512062.0,11251322.0,15.793878555297852,2260740.0,745,0.001021359436263029,114.54035410529015,18.0,4.976831479955689,4.976831479955689,screening metric for punctate-to-diffuse reporter redistribution; not rupture proof
J05,J,05,PLD3_TMEM106B_mCherry_primary,site0,16,"260224_day16_WellJ05_Channel405nm Binned,561nm Binned,488nm Binned_Seq0112.nd2",561nm Binned,488nm Binned,2,whole_field_foreground,stable_channel,806684,15346530.0,12631324.0,16.03847312927246,2715206.0,774,0.0009594835152290618,127.43023883218297,19.0,4.652068388179515,4.652068388179515,screening metric for punctate-to-diffuse reporter redistribution; not rupture proof
J06,J,06,PLD3_TMEM106B_mCherry_primary,site0,8,"260216_Day8_iNeurons_WellJ06_Channel405nm Binned,561nm Binned,488nm Binned_Seq0113.nd2",561nm Binned,488nm Binned,0,whole_field_foreground,stable_channel,1109335,23878120.0,18342392.0,16.93752670288086,5535725.0,1170,0.0010546859154348734,192.9492295941736,20.0,3.313457948145308,3.313457948145308,screening metric for punctate-to-diffuse reporter redistribution; not rupture proof
J06,J,06,PLD3_TMEM106B_mCherry_primary,site0,12,"260220_Day12_WellJ06_Channel405nm Binned,561nm Binned,488nm Binned_Seq0113.nd2",561nm Binned,488nm Binned,1,whole_field_foreground,stable_channel,1031034,19100048.0,15793308.0,15.685922622680664,3306742.0,1082,0.0010494319294988824,117.81172962506025,17.0,4.77609320593963,4.77609320593963,screening metric for punctate-to-diffuse reporter redistribution; not rupture proof
J06,J,06,PLD3_TMEM106B_mCherry_primary,site0,16,"260224_day16_WellJ06_Channel405nm Binned,561nm Binned,488nm Binned_Seq0113.nd2",561nm Binned,488nm Binned,2,whole_field_foreground,stable_channel,1088811,21479188.0,17654140.0,16.604143142700195,3825048.0,1081,0.0009928261195000852,132.95257181243474,18.0,4.615403519118031,4.615403519118031,screening metric for punctate-to-diffuse reporter redistribution; not rupture proof
J07,J,07,PLD3_TMEM106B_mCherry_primary,site0,8,"260216_Day8_iNeurons_WellJ07_Channel405nm Binned,561nm Binned,488nm Binned_Seq0114.nd2",561nm Binned,488nm Binned,0,whole_field_foreground,stable_channel,876781,18797156.0,14280198.0,16.684307098388672,4516961.0,1001,0.0011416761996426226,196.28190968729757,17.0,3.1614614339147136,3.1614614339147136,screening metric for punctate-to-diffuse reporter redistribution; not rupture proof
J07,J,07,PLD3_TMEM106B_mCherry_primary,site0,12,"260220_Day12_WellJ07_Channel405nm Binned,561nm Binned,488nm Binned_Seq0114.nd2",561nm Binned,488nm Binned,1,whole_field_foreground,stable_channel,942594,14170008.0,11368571.0,12.351852416992188,2801437.0,924,0.00098027358544508,107.07568947680585,17.0,4.058121242775027,4.058121242775027,screening metric for punctate-to-diffuse reporter redistribution; not rupture proof
J07,J,07,PLD3_TMEM106B_mCherry_primary,site0,16,"260224_day16_WellJ07_Channel405nm Binned,561nm Binned,488nm Binned_Seq0114.nd2",561nm Binned,488nm Binned,2,whole_field_foreground,stable_channel,898945,17301680.0,14112947.0,16.077524185180664,3188734.0,858,0.0009544521633682211,134.1130619538136,18.0,4.425877793505377,4.425877793505377,screening metric for punctate-to-diffuse reporter redistribution; not rupture proof
J08,J,08,PLD3_TMEM106B_mCherry_primary,site0,8,"260216_Day8_iNeurons_WellJ08_Channel405nm Binned,561nm Binned,488nm Binned_Seq0115.nd2",561nm Binned,488nm Binned,0,whole_field_foreground,stable_channel,599753,12870959.0,9888911.0,16.888504028320312,2982048.0,657,0.0010954509606436393,192.02133135744788,19.0,3.316147493265261,3.316147493265261,screening metric for punctate-to-diffuse reporter redistribution; not rupture proof
J08,J,08,PLD3_TMEM106B_mCherry_primary,site0,12,"260220_Day12_WellJ08_Channel405nm Binned,561nm Binned,488nm Binned_Seq0115.nd2",561nm Binned,488nm Binned,1,whole_field_foreground,stable_channel,598581,10855079.0,8838875.0,15.117198944091797,2016204.0,636,0.0010625128428716204,121.72935280709896,15.0,4.3839189883541625,4.3839189883541625,screening metric for punctate-to-diffuse reporter redistribution; not rupture proof
J08,J,08,PLD3_TMEM106B_mCherry_primary,site0,16,"260224_day16_WellJ08_Channel405nm Binned,561nm Binned,488nm Binned_Seq0115.nd2",561nm Binned,488nm Binned,2,whole_field_foreground,stable_channel,624869,11225491.0,9090006.0,14.89874267578125,2135485.0,637,0.001019413669103413,126.7118127364753,17.0,4.2566470848522675,4.2566470848522675,screening metric for punctate-to-diffuse reporter redistribution; not rupture proof
J09,J,09,PLD3_TMEM106B_mCherry_primary,site0,8,"260216_Day8_iNeurons_WellJ09_Channel405nm Binned,561nm Binned,488nm Binned_Seq0116.nd2",561nm Binned,488nm Binned,0,whole_field_foreground,stable_channel,1014130,20997144.0,15909763.0,16.072528839111328,5087380.0,1055,0.001040300553182491,190.86082983514143,20.0,3.127299906827654,3.127299906827654,screening metric for punctate-to-diffuse reporter redistribution; not rupture proof
J09,J,09,PLD3_TMEM106B_mCherry_primary,site0,12,"260220_Day12_WellJ09_Channel405nm Binned,561nm Binned,488nm Binned_Seq0116.nd2",561nm Binned,488nm Binned,1,whole_field_foreground,stable_channel,991362,17216304.0,14105575.0,14.568398475646973,3110731.0,1011,0.0010198091111006677,116.63568182397195,18.0,4.534488838795597,4.534488838795597,screening metric for punctate-to-diffuse reporter redistribution; not rupture proof
J09,J,09,PLD3_TMEM106B_mCherry_primary,site0,16,"260224_day16_WellJ09_Channel405nm Binned,561nm Binned,488nm Binned_Seq0116.nd2",561nm Binned,488nm Binned,2,whole_field_foreground,stable_channel,988498,20555140.0,16915934.0,17.52483367919922,3639207.0,1024,0.0010359150954265604,139.30456344038248,17.0,4.648247269252711,4.648247269252711,screening metric for punctate-to-diffuse reporter redistribution; not rupture proof
J10,J,10,PLD3_TMEM106B_mCherry_primary,site0,8,"260216_Day8_iNeurons_WellJ10_Channel405nm Binned,561nm Binned,488nm Binned_Seq0117.nd2",561nm Binned,488nm Binned,0,whole_field_foreground,stable_channel,656607,13138568.0,10072854.0,15.716487884521484,3065714.0,675,0.0010280121899385354,177.20007433855974,21.0,3.2856469977293106,3.2856469977293106,screening metric for punctate-to-diffuse reporter redistribution; not rupture proof
J10,J,10,PLD3_TMEM106B_mCherry_primary,site0,12,"260220_Day12_WellJ10_Channel405nm Binned,561nm Binned,488nm Binned_Seq0117.nd2",561nm Binned,488nm Binned,1,whole_field_foreground,stable_channel,637269,11551542.0,9617603.0,15.451478958129883,1933939.0,651,0.0010215466310129293,113.11446813064786,18.0,4.973064300370915,4.973064300370915,screening metric for punctate-to-diffuse reporter redistribution; not rupture proof
J10,J,10,PLD3_TMEM106B_mCherry_primary,site0,16,"260224_day16_WellJ10_Channel405nm Binned,561nm Binned,488nm Binned_Seq0117.nd2",561nm Binned,488nm Binned,2,whole_field_foreground,stable_channel,647173,12394797.0,10178803.0,16.105268478393555,2215994.0,622,0.0009611031362541993,129.2278070051187,18.0,4.593335090255392,4.593335090255392,screening metric for punctate-to-diffuse reporter redistribution; not rupture proof
J11,J,11,PLD3_TMEM106B_mCherry_primary,site0,8,"260216_Day8_iNeurons_WellJ11_Channel405nm Binned,561nm Binned,488nm Binned_Seq0118.nd2",561nm Binned,488nm Binned,0,whole_field_foreground,stable_channel,686237,14020620.0,10512798.0,15.694186210632324,3507822.0,714,0.0010404568683981767,191.81325740440218,20.0,2.996958796654164,2.996958796654164,screening metric for punctate-to-diffuse reporter redistribution; not rupture proof
J11,J,11,PLD3_TMEM106B_mCherry_primary,site0,12,"260220_Day12_WellJ11_Channel405nm Binned,561nm Binned,488nm Binned_Seq0118.nd2",561nm Binned,488nm Binned,1,whole_field_foreground,stable_channel,685404,10882664.0,8710725.0,13.015612602233887,2171939.0,673,0.0009819026442784374,112.28243307195837,18.0,4.01057534304416,4.01057534304416,screening metric for punctate-to-diffuse reporter redistribution; not rupture proof
J11,J,11,PLD3_TMEM106B_mCherry_primary,site0,16,"260224_day16_WellJ11_Channel405nm Binned,561nm Binned,488nm Binned_Seq0118.nd2",561nm Binned,488nm Binned,2,whole_field_foreground,stable_channel,666150,13655202.0,11232862.0,17.267192840576172,2422340.0,658,0.0009877655182751817,138.8761248371159,18.0,4.637194613471009,4.637194613471009,screening metric for punctate-to-diffuse reporter redistribution; not rupture proof
J12,J,12,PLD3_TMEM106B_mCherry_primary,site0,8,"260216_Day8_iNeurons_WellJ12_Channel405nm Binned,561nm Binned,488nm Binned_Seq0119.nd2",561nm Binned,488nm Binned,0,whole_field_foreground,stable_channel,729792,15528376.0,11837604.0,16.616024017333984,3690772.0,766,0.001049614136629273,193.80304582560964,19.5,3.207351741044094,3.207351741044094,screening metric for punctate-to-diffuse reporter redistribution; not rupture proof
J12,J,12,PLD3_TMEM106B_mCherry_primary,site0,12,"260220_Day12_WellJ12_Channel405nm Binned,561nm Binned,488nm Binned_Seq0119.nd2",561nm Binned,488nm Binned,1,whole_field_foreground,stable_channel,703561,12831491.0,10514405.0,15.302962303161621,2317086.0,705,0.0010020453095026557,119.16476645503484,18.0,4.537770717183334,4.537770717183334,screening metric for punctate-to-diffuse reporter redistribution; not rupture proof
J12,J,12,PLD3_TMEM106B_mCherry_primary,site0,16,"260224_day16_WellJ12_Channel405nm Binned,561nm Binned,488nm Binned_Seq0119.nd2",561nm Binned,488nm Binned,2,whole_field_foreground,stable_channel,731843,13807270.0,11218626.0,15.702706336975098,2588644.0,735,0.0010043137667491465,133.4506378796636,19.0,4.333784792345208,4.333784792345208,screening metric for punctate-to-diffuse reporter redistribution; not rupture proof
J13,J,13,PLD3_TMEM106B_mCherry_primary,site0,8,"260216_Day8_iNeurons_WellJ13_Channel405nm Binned,561nm Binned,488nm Binned_Seq0120.nd2",561nm Binned,488nm Binned,0,whole_field_foreground,stable_channel,1012566,21026248.0,15853906.0,16.039514541625977,5172344.0,1097,0.0010833861693943078,194.8188870898571,19.0,3.0651298521515455,3.0651298521515455,screening metric for punctate-to-diffuse reporter redistribution; not rupture proof
J13,J,13,PLD3_TMEM106B_mCherry_primary,site0,12,"260220_Day12_WellJ13_Channel405nm Binned,561nm Binned,488nm Binned_Seq0120.nd2",561nm Binned,488nm Binned,1,whole_field_foreground,stable_channel,1054227,15782310.0,12673778.0,12.309060096740723,3108532.0,1069,0.0010140131110273082,105.82422573706945,17.0,4.077094268289959,4.077094268289959,screening metric for punctate-to-diffuse reporter redistribution; not rupture proof
J13,J,13,PLD3_TMEM106B_mCherry_primary,site0,16,"260224_day16_WellJ13_Channel405nm Binned,561nm Binned,488nm Binned_Seq0120.nd2",561nm Binned,488nm Binned,2,whole_field_foreground,stable_channel,1040520,19375344.0,15658447.0,15.414148330688477,3716900.0,1016,0.0009764348594923918,135.63056728783556,19.0,4.212770588392421,4.212770588392421,screening metric for punctate-to-diffuse reporter redistribution; not rupture proof
J14,J,14,PLD3_TMEM106B_mCherry_primary,site0,8,"260216_Day8_iNeurons_WellJ14_Channel405nm Binned,561nm Binned,488nm Binned_Seq0121.nd2",561nm Binned,488nm Binned,0,whole_field_foreground,stable_channel,1036971,21835286.0,16574125.0,16.375717163085938,5261162.0,1065,0.0010270296854964825,190.8265259003975,21.0,3.1502783985737084,3.1502783985737084,screening metric for punctate-to-diffuse reporter redistribution; not rupture proof
J14,J,14,PLD3_TMEM106B_mCherry_primary,site0,12,"260220_Day12_WellJ14_Channel405nm Binned,561nm Binned,488nm Binned_Seq0121.nd2",561nm Binned,488nm Binned,1,whole_field_foreground,stable_channel,1074378,17586730.0,14021502.0,13.365636825561523,3565228.0,1038,0.0009661404086820782,121.42799002219257,19.0,3.9328486144493615,3.9328486144493615,screening metric for punctate-to-diffuse reporter redistribution; not rupture proof
J14,J,14,PLD3_TMEM106B_mCherry_primary,site0,16,"260224_day16_WellJ14_Channel405nm Binned,561nm Binned,488nm Binned_Seq0121.nd2",561nm Binned,488nm Binned,2,whole_field_foreground,stable_channel,1043943,20285756.0,16554980.0,16.240434646606445,3730773.0,1010,0.0009674857726897278,134.57111347689488,18.0,4.437412836427079,4.437412836427079,screening metric for punctate-to-diffuse reporter redistribution; not rupture proof
J15,J,15,PLD3_TMEM106B_mCherry_primary,site0,8,"260216_Day8_iNeurons_WellJ15_Channel405nm Binned,561nm Binned,488nm Binned_Seq0122.nd2",561nm Binned,488nm Binned,0,whole_field_foreground,stable_channel,720832,14887026.0,11371513.0,16.160314559936523,3515513.0,775,0.0010751464973793128,187.91619873046875,20.0,3.2346667470712713,3.2346667470712713,screening metric for punctate-to-diffuse reporter redistribution; not rupture proof
J15,J,15,PLD3_TMEM106B_mCherry_primary,site0,12,"260220_Day12_WellJ15_Channel405nm Binned,561nm Binned,488nm Binned_Seq0122.nd2",561nm Binned,488nm Binned,1,whole_field_foreground,stable_channel,720477,12491394.0,10045136.0,14.27660846710205,2446258.0,729,0.0010118296628469586,124.01558880485462,17.0,4.106327296628522,4.106327296628522,screening metric for punctate-to-diffuse reporter redistribution; not rupture proof
J15,J,15,PLD3_TMEM106B_mCherry_primary,site0,16,"260224_day16_WellJ15_Channel405nm Binned,561nm Binned,488nm Binned_Seq0122.nd2",561nm Binned,488nm Binned,2,whole_field_foreground,stable_channel,738548,13903470.0,11330749.0,15.711663246154785,2572721.0,727,0.0009843639140570627,132.23328718161812,19.0,4.404188794663548,4.404188794663548,screening metric for punctate-to-diffuse reporter redistribution; not rupture proof
J16,J,16,PLD3_TMEM106B_mCherry_primary,site0,8,"260216_Day8_iNeurons_WellJ16_Channel405nm Binned,561nm Binned,488nm Binned_Seq0123.nd2",561nm Binned,488nm Binned,0,whole_field_foreground,stable_channel,617263,12978157.0,9828585.0,16.31397819519043,3149572.0,628,0.0010173945303687125,192.01795980125476,20.5,3.1206097209388703,3.1206097209388703,screening metric for punctate-to-diffuse reporter redistribution; not rupture proof
J16,J,16,PLD3_TMEM106B_mCherry_primary,site0,12,"260220_Day12_WellJ16_Channel405nm Binned,561nm Binned,488nm Binned_Seq0123.nd2",561nm Binned,488nm Binned,1,whole_field_foreground,stable_channel,590936,10069560.0,8142209.0,14.111061096191406,1927351.0,595,0.0010068772252815755,118.13462878956514,18.0,4.224559511991212,4.224559511991212,screening metric for punctate-to-diffuse reporter redistribution; not rupture proof
J16,J,16,PLD3_TMEM106B_mCherry_primary,site0,16,"260224_day16_WellJ16_Channel405nm Binned,561nm Binned,488nm Binned_Seq0123.nd2",561nm Binned,488nm Binned,2,whole_field_foreground,stable_channel,633188,11635254.0,9392302.0,15.193228721618652,2242952.0,593,0.0009365306986219945,129.8745436901588,19.0,4.187473472457643,4.187473472457643,screening metric for punctate-to-diffuse reporter redistribution; not rupture proof
J17,J,17,PLD3_TMEM106B_mCherry_primary,site0,8,"260216_Day8_iNeurons_WellJ17_Channel405nm Binned,561nm Binned,488nm Binned_Seq0124.nd2",561nm Binned,488nm Binned,0,whole_field_foreground,stable_channel,830255,17394682.0,13112674.0,16.177541732788086,4282008.0,888,0.0010695509211012645,196.41121604850701,19.0,3.0622721863193476,3.0622721863193476,screening metric for punctate-to-diffuse reporter redistribution; not rupture proof
J17,J,17,PLD3_TMEM106B_mCherry_primary,site0,12,"260220_Day12_WellJ17_Channel405nm Binned,561nm Binned,488nm Binned_Seq0124.nd2",561nm Binned,488nm Binned,1,whole_field_foreground,stable_channel,790231,14210860.0,11621228.0,15.056486129760742,2589632.0,829,0.0010490603380517228,121.6124941891439,17.0,4.487598237894617,4.487598237894617,screening metric for punctate-to-diffuse reporter redistribution; not rupture proof
J17,J,17,PLD3_TMEM106B_mCherry_primary,site0,16,"260224_day16_WellJ17_Channel405nm Binned,561nm Binned,488nm Binned_Seq0124.nd2",561nm Binned,488nm Binned,2,whole_field_foreground,stable_channel,848142,15179353.0,12230904.0,14.770517349243164,2948449.0,813,0.0009585659005202447,129.9800747382245,19.0,4.14825014778816,4.14825014778816,screening metric for punctate-to-diffuse reporter redistribution; not rupture proof
J18,J,18,PLD3_TMEM106B_mCherry_primary,site0,8,"260216_Day8_iNeurons_WellJ18_Channel405nm Binned,561nm Binned,488nm Binned_Seq0125.nd2",561nm Binned,488nm Binned,0,whole_field_foreground,stable_channel,599519,12540921.0,9658465.0,16.50661277770996,2882456.0,659,0.0010992145369853178,184.35799497103656,20.0,3.3507762130615872,3.3507762130615872,screening metric for punctate-to-diffuse reporter redistribution; not rupture proof
J18,J,18,PLD3_TMEM106B_mCherry_primary,site0,12,"260220_Day12_WellJ18_Channel405nm Binned,561nm Binned,488nm Binned_Seq0125.nd2",561nm Binned,488nm Binned,1,whole_field_foreground,stable_channel,566482,9808158.0,7986566.0,14.438545227050781,1821592.0,569,0.0010044449779498651,117.68053484549631,18.0,4.384387941973623,4.384387941973623,screening metric for punctate-to-diffuse reporter redistribution; not rupture proof
J18,J,18,PLD3_TMEM106B_mCherry_primary,site0,16,"260224_day16_WellJ18_Channel405nm Binned,561nm Binned,488nm Binned_Seq0125.nd2",561nm Binned,488nm Binned,2,whole_field_foreground,stable_channel,543826,11051302.0,9087237.0,17.11260223388672,1964065.0,546,0.0010039976021723788,138.2149656526335,18.0,4.626749623864471,4.626749623864471,screening metric for punctate-to-diffuse reporter redistribution; not rupture proof
J19,J,19,PLD3_TMEM106B_mCherry_primary,site0,8,"260216_Day8_iNeurons_WellJ19_Channel405nm Binned,561nm Binned,488nm Binned_Seq0126.nd2",561nm Binned,488nm Binned,0,whole_field_foreground,stable_channel,987046,20451736.0,15564526.0,16.153514862060547,4887208.0,1059,0.0010728983248996776,189.24320817466497,19.0,3.1847480197275857,3.1847480197275857,screening metric for punctate-to-diffuse reporter redistribution; not rupture proof
J19,J,19,PLD3_TMEM106B_mCherry_primary,site0,12,"260220_Day12_WellJ19_Channel405nm Binned,561nm Binned,488nm Binned_Seq0126.nd2",561nm Binned,488nm Binned,1,whole_field_foreground,stable_channel,945822,15607819.0,12671453.0,13.718415260314941,2936366.0,972,0.0010276775122580913,113.58983854599941,17.0,4.315352037176457,4.315352037176457,screening metric for punctate-to-diffuse reporter redistribution; not rupture proof
J19,J,19,PLD3_TMEM106B_mCherry_primary,site0,16,"260224_day16_WellJ19_Channel405nm Binned,561nm Binned,488nm Binned_Seq0126.nd2",561nm Binned,488nm Binned,2,whole_field_foreground,stable_channel,955671,18778718.0,15420486.0,16.522733688354492,3358230.0,966,0.0010108081128327522,134.1514594352517,18.0,4.591849277743159,4.591849277743159,screening metric for punctate-to-diffuse reporter redistribution; not rupture proof
J20,J,20,PLD3_TMEM106B_mCherry_primary,site0,8,"260216_Day8_iNeurons_WellJ20_Channel405nm Binned,561nm Binned,488nm Binned_Seq0127.nd2",561nm Binned,488nm Binned,0,whole_field_foreground,stable_channel,845364,16943128.0,12990228.0,15.74491024017334,3952900.0,817,0.0009664475894396184,173.74911786643207,22.0,3.286252624654485,3.286252624654485,screening metric for punctate-to-diffuse reporter redistribution; not rupture proof
J20,J,20,PLD3_TMEM106B_mCherry_primary,site0,12,"260220_Day12_WellJ20_Channel405nm Binned,561nm Binned,488nm Binned_Seq0127.nd2",561nm Binned,488nm Binned,1,whole_field_foreground,stable_channel,748636,13188546.0,10949218.0,14.975788116455078,2239328.0,783,0.0010459021473706235,110.68232258861245,17.0,4.889510603178771,4.889510603178771,screening metric for punctate-to-diffuse reporter redistribution; not rupture proof
J20,J,20,PLD3_TMEM106B_mCherry_primary,site0,16,"260224_day16_WellJ20_Channel405nm Binned,561nm Binned,488nm Binned_Seq0127.nd2",561nm Binned,488nm Binned,2,whole_field_foreground,stable_channel,891016,14643963.0,11844760.0,13.617264747619629,2799203.0,813,0.0009124415274238482,115.8790476002523,20.0,4.231475887956597,4.231475887956597,screening metric for punctate-to-diffuse reporter redistribution; not rupture proof
M05,M,05,PLD3_mCherry_reporter_control,site0,8,"260216_Day8_iNeurons_WellM05_Channel405nm Binned,561nm Binned,488nm Binned_Seq0160.nd2",561nm Binned,488nm Binned,0,whole_field_foreground,stable_channel,882822,21117540.0,15259781.0,17.70680809020996,5857756.0,960,0.0010874219265026388,254.88803029855092,18.0,2.6050557585528304,2.6050557585528304,screening metric for punctate-to-diffuse reporter redistribution; not rupture proof
M05,M,05,PLD3_mCherry_reporter_control,site0,12,"260220_Day12_WellM05_Channel405nm Binned,561nm Binned,488nm Binned_Seq0160.nd2",561nm Binned,488nm Binned,1,whole_field_foreground,stable_channel,985872,21756828.0,16270407.0,16.904125213623047,5486423.0,965,0.0009788288946222443,201.16538121514986,18.0,2.96557647851743,2.96557647851743,screening metric for punctate-to-diffuse reporter redistribution; not rupture proof
M05,M,05,PLD3_mCherry_reporter_control,site0,16,"260224_day16_WellM05_Channel405nm Binned,561nm Binned,488nm Binned_Seq0160.nd2",561nm Binned,488nm Binned,2,whole_field_foreground,stable_channel,932145,30247896.0,22423120.0,24.639680862426758,7824771.0,890,0.0009547870771168061,316.27983736188224,19.0,2.8656583048880453,2.8656583048880453,screening metric for punctate-to-diffuse reporter redistribution; not rupture proof
M06,M,06,PLD3_mCherry_reporter_control,site0,8,"260216_Day8_iNeurons_WellM06_Channel405nm Binned,561nm Binned,488nm Binned_Seq0161.nd2",561nm Binned,488nm Binned,0,whole_field_foreground,stable_channel,732243,17524146.0,12652658.0,17.701644897460938,4871488.0,775,0.0010583918180152511,253.27577071651336,18.0,2.597288138654432,2.597288138654432,screening metric for punctate-to-diffuse reporter redistribution; not rupture proof
M06,M,06,PLD3_mCherry_reporter_control,site0,12,"260220_Day12_WellM06_Channel405nm Binned,561nm Binned,488nm Binned_Seq0161.nd2",561nm Binned,488nm Binned,1,whole_field_foreground,stable_channel,763159,17300018.0,12661929.0,16.996585845947266,4638089.0,741,0.0009709641110162221,220.45838527705183,19.0,2.729988363741461,2.729988363741461,screening metric for punctate-to-diffuse reporter redistribution; not rupture proof
M06,M,06,PLD3_mCherry_reporter_control,site0,16,"260224_day16_WellM06_Channel405nm Binned,561nm Binned,488nm Binned_Seq0161.nd2",561nm Binned,488nm Binned,2,whole_field_foreground,stable_channel,731817,23352348.0,17288984.0,24.192646026611328,6063364.0,752,0.0010275792991949796,319.53777163079445,17.0,2.851384808828424,2.851384808828424,screening metric for punctate-to-diffuse reporter redistribution; not rupture proof
M07,M,07,PLD3_mCherry_reporter_control,site0,8,"260216_Day8_iNeurons_WellM07_Channel405nm Binned,561nm Binned,488nm Binned_Seq0162.nd2",561nm Binned,488nm Binned,0,whole_field_foreground,stable_channel,895853,21576404.0,15364354.0,17.568336486816406,6212047.0,1013,0.0011307658734177027,265.31065047811074,17.0,2.473315800733241,2.473315800733241,screening metric for punctate-to-diffuse reporter redistribution; not rupture proof
M07,M,07,PLD3_mCherry_reporter_control,site0,12,"260220_Day12_WellM07_Channel405nm Binned,561nm Binned,488nm Binned_Seq0162.nd2",561nm Binned,488nm Binned,1,whole_field_foreground,stable_channel,923906,20569932.0,15118373.0,16.761131286621094,5451552.0,915,0.0009903604912177317,216.41937537688375,19.0,2.7732236618117603,2.7732236618117603,screening metric for punctate-to-diffuse reporter redistribution; not rupture proof
M07,M,07,PLD3_mCherry_reporter_control,site0,16,"260224_day16_WellM07_Channel405nm Binned,561nm Binned,488nm Binned_Seq0162.nd2",561nm Binned,488nm Binned,2,whole_field_foreground,stable_channel,1008348,31718294.0,23356280.0,23.724002838134766,8362020.0,980,0.0009718866899116456,317.5805167217644,18.0,2.793138500027171,2.793138500027171,screening metric for punctate-to-diffuse reporter redistribution; not rupture proof
M08,M,08,PLD3_mCherry_reporter_control,site0,8,"260216_Day8_iNeurons_WellM08_Channel405nm Binned,561nm Binned,488nm Binned_Seq0163.nd2",561nm Binned,488nm Binned,0,whole_field_foreground,stable_channel,965340,23323092.0,16691544.0,17.712116241455078,6631546.0,1053,0.0010908073839257766,266.8165715463028,19.0,2.516991362194801,2.516991362194801,screening metric for punctate-to-diffuse reporter redistribution; not rupture proof
M08,M,08,PLD3_mCherry_reporter_control,site0,12,"260220_Day12_WellM08_Channel405nm Binned,561nm Binned,488nm Binned_Seq0163.nd2",561nm Binned,488nm Binned,1,whole_field_foreground,stable_channel,951303,19980272.0,14756769.0,15.888644218444824,5223501.0,953,0.0010017838690711562,200.12218444920288,18.0,2.825072494481608,2.825072494481608,screening metric for punctate-to-diffuse reporter redistribution; not rupture proof
M08,M,08,PLD3_mCherry_reporter_control,site0,16,"260224_day16_WellM08_Channel405nm Binned,561nm Binned,488nm Binned_Seq0163.nd2",561nm Binned,488nm Binned,2,whole_field_foreground,stable_channel,854728,31613596.0,23732004.0,28.43174171447754,7881591.0,928,0.0010857255173562985,357.4573178620174,17.0,3.011067689251699,3.011067689251699,screening metric for punctate-to-diffuse reporter redistribution; not rupture proof
M09,M,09,PLD3_mCherry_reporter_control,site0,8,"260216_Day8_iNeurons_WellM09_Channel405nm Binned,561nm Binned,488nm Binned_Seq0164.nd2",561nm Binned,488nm Binned,0,whole_field_foreground,stable_channel,633085,15365092.0,11038107.0,17.85884666442871,4326985.0,697,0.001100958007216881,263.86602244657627,17.0,2.55099266579326,2.55099266579326,screening metric for punctate-to-diffuse reporter redistribution; not rupture proof
M09,M,09,PLD3_mCherry_reporter_control,site0,12,"260220_Day12_WellM09_Channel405nm Binned,561nm Binned,488nm Binned_Seq0164.nd2",561nm Binned,488nm Binned,1,whole_field_foreground,stable_channel,620373,14997999.0,11220330.0,18.52236557006836,3777669.0,610,0.0009832794141573162,220.66999472946418,18.0,2.970172876447627,2.970172876447627,screening metric for punctate-to-diffuse reporter redistribution; not rupture proof
M09,M,09,PLD3_mCherry_reporter_control,site0,16,"260224_day16_WellM09_Channel405nm Binned,561nm Binned,488nm Binned_Seq0164.nd2",561nm Binned,488nm Binned,2,whole_field_foreground,stable_channel,537882,17598874.0,12942649.0,24.645387649536133,4656224.0,550,0.001022529104894712,326.4674691772461,17.0,2.7796448366739273,2.7796448366739273,screening metric for punctate-to-diffuse reporter redistribution; not rupture proof
M10,M,10,PLD3_mCherry_reporter_control,site0,8,"260216_Day8_iNeurons_WellM10_Channel405nm Binned,561nm Binned,488nm Binned_Seq0165.nd2",561nm Binned,488nm Binned,0,whole_field_foreground,stable_channel,890533,21592384.0,15453068.0,17.77458953857422,6139314.0,959,0.001076883169965541,266.29255311904285,18.0,2.517067542073509,2.517067542073509,screening metric for punctate-to-diffuse reporter redistribution; not rupture proof
M10,M,10,PLD3_mCherry_reporter_control,site0,12,"260220_Day12_WellM10_Channel405nm Binned,561nm Binned,488nm Binned_Seq0165.nd2",561nm Binned,488nm Binned,1,whole_field_foreground,stable_channel,834785,20185082.0,14888938.0,18.268321990966797,5296144.0,855,0.0010242158160472168,236.7321508039508,18.0,2.811278922929057,2.811278922929057,screening metric for punctate-to-diffuse reporter redistribution; not rupture proof
M10,M,10,PLD3_mCherry_reporter_control,site0,16,"260224_day16_WellM10_Channel405nm Binned,561nm Binned,488nm Binned_Seq0165.nd2",561nm Binned,488nm Binned,2,whole_field_foreground,stable_channel,895717,32307236.0,23930068.0,27.36300277709961,8377167.0,911,0.0010170623087414697,357.67729394705447,17.0,2.8565824221956113,2.8565824221956113,screening metric for punctate-to-diffuse reporter redistribution; not rupture proof
M11,M,11,PLD3_mCherry_reporter_control,site0,8,"260216_Day8_iNeurons_WellM11_Channel405nm Binned,561nm Binned,488nm Binned_Seq0166.nd2",561nm Binned,488nm Binned,0,whole_field_foreground,stable_channel,605525,14024489.0,9846061.0,16.6567325592041,4178428.0,679,0.0011213409850937264,263.7888562591508,17.0,2.356403173633157,2.356403173633157,screening metric for punctate-to-diffuse reporter redistribution; not rupture proof
M11,M,11,PLD3_mCherry_reporter_control,site0,12,"260220_Day12_WellM11_Channel405nm Binned,561nm Binned,488nm Binned_Seq0166.nd2",561nm Binned,488nm Binned,1,whole_field_foreground,stable_channel,679788,14451345.0,10502689.0,15.82447624206543,3948656.0,649,0.0009547094094027039,210.21856034665336,18.0,2.6598136175947817,2.6598136175947817,screening metric for punctate-to-diffuse reporter redistribution; not rupture proof
M11,M,11,PLD3_mCherry_reporter_control,site0,16,"260224_day16_WellM11_Channel405nm Binned,561nm Binned,488nm Binned_Seq0166.nd2",561nm Binned,488nm Binned,2,whole_field_foreground,stable_channel,693296,23874448.0,17482352.0,25.831737518310547,6392100.0,684,0.0009865915856993453,348.04209286427636,18.0,2.7349935076105294,2.7349935076105294,screening metric for punctate-to-diffuse reporter redistribution; not rupture proof
M12,M,12,PLD3_mCherry_reporter_control,site0,8,"260216_Day8_iNeurons_WellM12_Channel405nm Binned,561nm Binned,488nm Binned_Seq0167.nd2",561nm Binned,488nm Binned,0,whole_field_foreground,stable_channel,682150,17070424.0,12207219.0,18.33268165588379,4863206.0,715,0.001048156563804078,274.2509980955324,20.0,2.510117605546113,2.510117605546113,screening metric for punctate-to-diffuse reporter redistribution; not rupture proof
M12,M,12,PLD3_mCherry_reporter_control,site0,12,"260220_Day12_WellM12_Channel405nm Binned,561nm Binned,488nm Binned_Seq0167.nd2",561nm Binned,488nm Binned,1,whole_field_foreground,stable_channel,594457,16869212.0,12752029.0,21.96660041809082,4117183.0,621,0.001044650832606825,263.1846221825543,18.0,3.097270390943736,3.097270390943736,screening metric for punctate-to-diffuse reporter redistribution; not rupture proof
M12,M,12,PLD3_mCherry_reporter_control,site0,16,"260224_day16_WellM12_Channel405nm Binned,561nm Binned,488nm Binned_Seq0167.nd2",561nm Binned,488nm Binned,2,whole_field_foreground,stable_channel,746124,23622608.0,16923584.0,23.2354793548584,6699026.0,699,0.0009368415973739796,336.6753154967476,19.0,2.526275312261435,2.526275312261435,screening metric for punctate-to-diffuse reporter redistribution; not rupture proof
M13,M,13,PLD3_mCherry_reporter_control,site0,8,"260216_Day8_iNeurons_WellM13_Channel405nm Binned,561nm Binned,488nm Binned_Seq0168.nd2",561nm Binned,488nm Binned,0,whole_field_foreground,stable_channel,694678,17128174.0,12239376.0,18.047758102416992,4888799.0,738,0.00106236270617313,271.0769219540645,19.0,2.503554758540389,2.503554758540389,screening metric for punctate-to-diffuse reporter redistribution; not rupture proof
M13,M,13,PLD3_mCherry_reporter_control,site0,12,"260220_Day12_WellM13_Channel405nm Binned,561nm Binned,488nm Binned_Seq0168.nd2",561nm Binned,488nm Binned,1,whole_field_foreground,stable_channel,488558,10033233.0,7205026.0,15.105414390563965,2828207.0,460,0.000941546346593564,210.34598539601203,19.0,2.547559637606955,2.547559637606955,screening metric for punctate-to-diffuse reporter redistribution; not rupture proof
M13,M,13,PLD3_mCherry_reporter_control,site0,16,"260224_day16_WellM13_Channel405nm Binned,561nm Binned,488nm Binned_Seq0168.nd2",561nm Binned,488nm Binned,2,whole_field_foreground,stable_channel,471164,14012042.0,10190998.0,22.15675163269043,3821044.0,492,0.0010442223938988459,307.35923981085057,17.0,2.6670716170756825,2.6670716170756825,screening metric for punctate-to-diffuse reporter redistribution; not rupture proof
M14,M,14,PLD3_mCherry_reporter_control,site0,8,"260216_Day8_iNeurons_WellM14_Channel405nm Binned,561nm Binned,488nm Binned_Seq0169.nd2",561nm Binned,488nm Binned,0,whole_field_foreground,stable_channel,982364,24490388.0,17636316.0,18.38631248474121,6854071.0,1092,0.0011116042525977014,273.6544822581085,18.0,2.5731154521156006,2.5731154521156006,screening metric for punctate-to-diffuse reporter redistribution; not rupture proof
M14,M,14,PLD3_mCherry_reporter_control,site0,12,"260220_Day12_WellM14_Channel405nm Binned,561nm Binned,488nm Binned_Seq0169.nd2",561nm Binned,488nm Binned,1,whole_field_foreground,stable_channel,901814,20826870.0,15184155.0,17.246843338012695,5642717.0,872,0.0009669399676641004,226.9633325174314,19.0,2.69092974182425,2.69092974182425,screening metric for punctate-to-diffuse reporter redistribution; not rupture proof
M14,M,14,PLD3_mCherry_reporter_control,site0,16,"260224_day16_WellM14_Channel405nm Binned,561nm Binned,488nm Binned_Seq0169.nd2",561nm Binned,488nm Binned,2,whole_field_foreground,stable_channel,863404,31531328.0,23610370.0,28.00181007385254,7920967.0,902,0.0010447021324883315,358.2226588720757,17.0,2.9807433865078616,2.9807433865078616,screening metric for punctate-to-diffuse reporter redistribution; not rupture proof
M15,M,15,PLD3_mCherry_reporter_control,site0,8,"260216_Day8_iNeurons_WellM15_Channel405nm Binned,561nm Binned,488nm Binned_Seq0170.nd2",561nm Binned,488nm Binned,0,whole_field_foreground,stable_channel,601426,14275746.0,10292857.0,17.53085708618164,3982889.0,656,0.0010907410055416781,255.54041692687244,18.0,2.5842691071725614,2.5842691071725614,screening metric for punctate-to-diffuse reporter redistribution; not rupture proof
M15,M,15,PLD3_mCherry_reporter_control,site0,12,"260220_Day12_WellM15_Channel405nm Binned,561nm Binned,488nm Binned_Seq0170.nd2",561nm Binned,488nm Binned,1,whole_field_foreground,stable_channel,641516,17649650.0,13164330.0,21.015281677246094,4485319.0,711,0.0011083121855088441,261.8737687595115,16.0,2.934981882001495,2.934981882001495,screening metric for punctate-to-diffuse reporter redistribution; not rupture proof
M15,M,15,PLD3_mCherry_reporter_control,site0,16,"260224_day16_WellM15_Channel405nm Binned,561nm Binned,488nm Binned_Seq0170.nd2",561nm Binned,488nm Binned,2,whole_field_foreground,stable_channel,623871,20822624.0,15108370.0,24.808692932128906,5714249.0,620,0.000993795191632575,347.3724862621676,18.0,2.6439817375822012,2.6439817375822012,screening metric for punctate-to-diffuse reporter redistribution; not rupture proof
M16,M,16,PLD3_mCherry_reporter_control,site0,8,"260216_Day8_iNeurons_WellM16_Channel405nm Binned,561nm Binned,488nm Binned_Seq0171.nd2",561nm Binned,488nm Binned,0,whole_field_foreground,stable_channel,624543,15395668.0,10973680.0,17.998550415039062,4421988.0,688,0.001101605493935403,270.34485768162926,18.0,2.4816168655359347,2.4816168655359347,screening metric for punctate-to-diffuse reporter redistribution; not rupture proof
M16,M,16,PLD3_mCherry_reporter_control,site0,12,"260220_Day12_WellM16_Channel405nm Binned,561nm Binned,488nm Binned_Seq0171.nd2",561nm Binned,488nm Binned,1,whole_field_foreground,stable_channel,572132,14940738.0,11172985.0,19.995534896850586,3767753.0,580,0.0010137520711985804,247.1137785812904,18.0,2.9654239542764707,2.9654239542764707,screening metric for punctate-to-diffuse reporter redistribution; not rupture proof
M16,M,16,PLD3_mCherry_reporter_control,site0,16,"260224_day16_WellM16_Channel405nm Binned,561nm Binned,488nm Binned_Seq0171.nd2",561nm Binned,488nm Binned,2,whole_field_foreground,stable_channel,627183,20882976.0,15336536.0,25.048934936523438,5546438.0,667,0.0010634854579906288,331.3548125305633,16.0,2.765114475271739,2.765114475271739,screening metric for punctate-to-diffuse reporter redistribution; not rupture proof
M17,M,17,PLD3_mCherry_reporter_control,site0,8,"260216_Day8_iNeurons_WellM17_Channel405nm Binned,561nm Binned,488nm Binned_Seq0172.nd2",561nm Binned,488nm Binned,0,whole_field_foreground,stable_channel,561442,12507410.0,8886632.0,16.21600914001465,3620778.0,551,0.0009814014626604681,237.91816650501397,19.0,2.454343237833843,2.454343237833843,screening metric for punctate-to-diffuse reporter redistribution; not rupture proof
M17,M,17,PLD3_mCherry_reporter_control,site0,12,"260220_Day12_WellM17_Channel405nm Binned,561nm Binned,488nm Binned_Seq0172.nd2",561nm Binned,488nm Binned,1,whole_field_foreground,stable_channel,468972,10256872.0,7497316.0,16.379234313964844,2759556.0,422,0.0008998405022029037,209.64286057530987,21.5,2.7168559000061183,2.7168559000061183,screening metric for punctate-to-diffuse reporter redistribution; not rupture proof
M17,M,17,PLD3_mCherry_reporter_control,site0,16,"260224_day16_WellM17_Channel405nm Binned,561nm Binned,488nm Binned_Seq0172.nd2",561nm Binned,488nm Binned,2,whole_field_foreground,stable_channel,637401,22238468.0,16638181.0,26.731952667236328,5600288.0,666,0.0010448681442278176,336.12488505503796,17.0,2.970950958235903,2.970950958235903,screening metric for punctate-to-diffuse reporter redistribution; not rupture proof
M18,M,18,PLD3_mCherry_reporter_control,site0,8,"260216_Day8_iNeurons_WellM18_Channel405nm Binned,561nm Binned,488nm Binned_Seq0173.nd2",561nm Binned,488nm Binned,0,whole_field_foreground,stable_channel,368399,8278832.0,5866089.0,16.311229705810547,2412743.0,374,0.001015203624328472,250.38727137111724,19.0,2.43129458877202,2.43129458877202,screening metric for punctate-to-diffuse reporter redistribution; not rupture proof
M18,M,18,PLD3_mCherry_reporter_control,site0,12,"260220_Day12_WellM18_Channel405nm Binned,561nm Binned,488nm Binned_Seq0173.nd2",561nm Binned,488nm Binned,1,whole_field_foreground,stable_channel,372521,8049865.0,5992665.0,16.477216720581055,2057200.0,353,0.000947597585100041,199.7916236423568,19.0,2.913020124439572,2.913020124439572,screening metric for punctate-to-diffuse reporter redistribution; not rupture proof
M18,M,18,PLD3_mCherry_reporter_control,site0,16,"260224_day16_WellM18_Channel405nm Binned,561nm Binned,488nm Binned_Seq0173.nd2",561nm Binned,488nm Binned,2,whole_field_foreground,stable_channel,470388,14692055.0,10782421.0,23.476228713989258,3909634.0,467,0.0009927974353066131,317.97020709999623,17.0,2.757910587026111,2.757910587026111,screening metric for punctate-to-diffuse reporter redistribution; not rupture proof
M19,M,19,PLD3_mCherry_reporter_control,site0,8,"260216_Day8_iNeurons_WellM19_Channel405nm Binned,561nm Binned,488nm Binned_Seq0174.nd2",561nm Binned,488nm Binned,0,whole_field_foreground,stable_channel,967834,23701096.0,16852932.0,17.838680267333984,6848165.0,1078,0.0011138273712216,269.76467776608155,18.0,2.460941288651418,2.460941288651418,screening metric for punctate-to-diffuse reporter redistribution; not rupture proof
M19,M,19,PLD3_mCherry_reporter_control,site0,12,"260220_Day12_WellM19_Channel405nm Binned,561nm Binned,488nm Binned_Seq0174.nd2",561nm Binned,488nm Binned,1,whole_field_foreground,stable_channel,850731,20562776.0,15401802.0,18.539613723754883,5160979.0,825,0.0009697542466408656,230.4988286521218,20.0,2.9842791454871285,2.9842791454871285,screening metric for punctate-to-diffuse reporter redistribution; not rupture proof
M19,M,19,PLD3_mCherry_reporter_control,site0,16,"260224_day16_WellM19_Channel405nm Binned,561nm Binned,488nm Binned_Seq0174.nd2",561nm Binned,488nm Binned,2,whole_field_foreground,stable_channel,911490,33818664.0,25352904.0,28.478984832763672,8465759.0,971,0.0010652887031113174,358.14712079693436,16.0,2.9947585325777646,2.9947585325777646,screening metric for punctate-to-diffuse reporter redistribution; not rupture proof
M20,M,20,PLD3_mCherry_reporter_control,site0,8,"260216_Day8_iNeurons_WellM20_Channel405nm Binned,561nm Binned,488nm Binned_Seq0175.nd2",561nm Binned,488nm Binned,0,whole_field_foreground,stable_channel,579962,13278705.0,9533558.0,16.83907127380371,3745147.0,608,0.0010483445467098734,247.05858190436112,19.0,2.5455764486674233,2.5455764486674233,screening metric for punctate-to-diffuse reporter redistribution; not rupture proof
M20,M,20,PLD3_mCherry_reporter_control,site0,12,"260220_Day12_WellM20_Channel405nm Binned,561nm Binned,488nm Binned_Seq0175.nd2",561nm Binned,488nm Binned,1,whole_field_foreground,stable_channel,616516,15615765.0,11792514.0,19.587982177734375,3823251.0,662,0.0010737758630739935,237.92148925458557,18.0,3.084420562499537,3.084420562499537,screening metric for punctate-to-diffuse reporter redistribution; not rupture proof
M20,M,20,PLD3_mCherry_reporter_control,site0,16,"260224_day16_WellM20_Channel405nm Binned,561nm Binned,488nm Binned_Seq0175.nd2",561nm Binned,488nm Binned,2,whole_field_foreground,stable_channel,540579,17120508.0,12620928.0,23.915048599243164,4499582.0,546,0.0010100281364962198,313.8828750163208,17.0,2.804911211751935,2.804911211751935,screening metric for punctate-to-diffuse reporter redistribution; not rupture proof
N05,N,05,PLD3_TMEM106B_mCherry_primary,site0,8,"260216_Day8_iNeurons_WellN05_Channel405nm Binned,561nm Binned,488nm Binned_Seq0176.nd2",561nm Binned,488nm Binned,0,whole_field_foreground,stable_channel,631546,13109165.0,10187718.0,16.525224685668945,2921447.0,669,0.0010593052604227415,177.5062952996726,20.0,3.4872164376066084,3.4872164376066084,screening metric for punctate-to-diffuse reporter redistribution; not rupture proof
N05,N,05,PLD3_TMEM106B_mCherry_primary,site0,12,"260220_Day12_WellN05_Channel405nm Binned,561nm Binned,488nm Binned_Seq0176.nd2",561nm Binned,488nm Binned,1,whole_field_foreground,stable_channel,651317,10302258.0,8492984.0,13.350767135620117,1809274.0,672,0.0010317556581495159,104.42586685362316,18.0,4.694139196161171,4.694139196161171,screening metric for punctate-to-diffuse reporter redistribution; not rupture proof
N05,N,05,PLD3_TMEM106B_mCherry_primary,site0,16,"260224_day16_WellN05_Channel405nm Binned,561nm Binned,488nm Binned_Seq0176.nd2",561nm Binned,488nm Binned,2,whole_field_foreground,stable_channel,612915,11397460.0,9431716.0,15.75958251953125,1965744.0,578,0.0009430345153880342,119.94489956892073,20.0,4.798038808713241,4.798038808713241,screening metric for punctate-to-diffuse reporter redistribution; not rupture proof
N06,N,06,PLD3_TMEM106B_mCherry_primary,site0,8,"260216_Day8_iNeurons_WellN06_Channel405nm Binned,561nm Binned,488nm Binned_Seq0177.nd2",561nm Binned,488nm Binned,0,whole_field_foreground,stable_channel,777526,16276328.0,12431795.0,16.382177352905273,3844533.0,829,0.0010662022877677836,187.18530165760882,20.0,3.2336294161076955,3.2336294161076955,screening metric for punctate-to-diffuse reporter redistribution; not rupture proof
N06,N,06,PLD3_TMEM106B_mCherry_primary,site0,12,"260220_Day12_WellN06_Channel405nm Binned,561nm Binned,488nm Binned_Seq0177.nd2",561nm Binned,488nm Binned,1,whole_field_foreground,stable_channel,747516,12300641.0,10072648.0,13.79758071899414,2227993.0,792,0.001059509094118307,106.84420673293296,16.0,4.520951367439431,4.520951367439431,screening metric for punctate-to-diffuse reporter redistribution; not rupture proof
N06,N,06,PLD3_TMEM106B_mCherry_primary,site0,16,"260224_day16_WellN06_Channel405nm Binned,561nm Binned,488nm Binned_Seq0177.nd2",561nm Binned,488nm Binned,2,whole_field_foreground,stable_channel,711333,14491389.0,12118737.0,17.44576644897461,2372652.0,742,0.0010431120164521494,128.96709672460017,17.0,5.10767571476765,5.10767571476765,screening metric for punctate-to-diffuse reporter redistribution; not rupture proof
N07,N,07,PLD3_TMEM106B_mCherry_primary,site0,8,"260216_Day8_iNeurons_WellN07_Channel405nm Binned,561nm Binned,488nm Binned_Seq0178.nd2",561nm Binned,488nm Binned,0,whole_field_foreground,stable_channel,519432,10712335.0,8123326.0,16.02420425415039,2589009.0,585,0.0011262301898975684,191.30958987505008,19.0,3.1376198383230274,3.1376198383230274,screening metric for punctate-to-diffuse reporter redistribution; not rupture proof
N07,N,07,PLD3_TMEM106B_mCherry_primary,site0,12,"260220_Day12_WellN07_Channel405nm Binned,561nm Binned,488nm Binned_Seq0178.nd2",561nm Binned,488nm Binned,1,whole_field_foreground,stable_channel,540260,8360965.0,6707790.0,12.717394828796387,1653175.0,537,0.0009939658682838004,110.44163917385222,19.0,4.05751962133225,4.05751962133225,screening metric for punctate-to-diffuse reporter redistribution; not rupture proof
N07,N,07,PLD3_TMEM106B_mCherry_primary,site0,16,"260224_day16_WellN07_Channel405nm Binned,561nm Binned,488nm Binned_Seq0178.nd2",561nm Binned,488nm Binned,2,whole_field_foreground,stable_channel,523481,9112671.0,7598480.0,14.864296913146973,1514191.0,536,0.0010239149080844884,111.22119533481883,17.0,5.018178023773078,5.018178023773078,screening metric for punctate-to-diffuse reporter redistribution; not rupture proof
N08,N,08,PLD3_TMEM106B_mCherry_primary,site0,8,"260216_Day8_iNeurons_WellN08_Channel405nm Binned,561nm Binned,488nm Binned_Seq0179.nd2",561nm Binned,488nm Binned,0,whole_field_foreground,stable_channel,632930,13524003.0,10429679.0,16.8807373046875,3094324.0,678,0.0010712085064682173,186.97299734470064,19.0,3.3705840112401386,3.3705840112401386,screening metric for punctate-to-diffuse reporter redistribution; not rupture proof
N08,N,08,PLD3_TMEM106B_mCherry_primary,site0,12,"260220_Day12_WellN08_Channel405nm Binned,561nm Binned,488nm Binned_Seq0179.nd2",561nm Binned,488nm Binned,1,whole_field_foreground,stable_channel,641542,10958760.0,8841719.0,14.11569595336914,2117041.0,658,0.0010256538153370696,119.01724892474235,17.0,4.176451471651151,4.176451471651151,screening metric for punctate-to-diffuse reporter redistribution; not rupture proof
N08,N,08,PLD3_TMEM106B_mCherry_primary,site0,16,"260224_day16_WellN08_Channel405nm Binned,561nm Binned,488nm Binned_Seq0179.nd2",561nm Binned,488nm Binned,2,whole_field_foreground,stable_channel,614395,12676079.0,10544744.0,17.57509994506836,2131335.0,647,0.0010530684657247323,132.43927750742233,16.0,4.947483150229811,4.947483150229811,screening metric for punctate-to-diffuse reporter redistribution; not rupture proof
N09,N,09,PLD3_TMEM106B_mCherry_primary,site0,8,"260216_Day8_iNeurons_WellN09_Channel405nm Binned,561nm Binned,488nm Binned_Seq0180.nd2",561nm Binned,488nm Binned,0,whole_field_foreground,stable_channel,708151,14316237.0,10898928.0,15.76865005493164,3417309.0,748,0.0010562718968114763,180.8030317173922,19.0,3.1893305521967172,3.1893305521967172,screening metric for punctate-to-diffuse reporter redistribution; not rupture proof
N09,N,09,PLD3_TMEM106B_mCherry_primary,site0,12,"260220_Day12_WellN09_Channel405nm Binned,561nm Binned,488nm Binned_Seq0180.nd2",561nm Binned,488nm Binned,1,whole_field_foreground,stable_channel,698128,11233117.0,9097882.0,13.344444274902344,2135235.0,718,0.0010284646941520344,110.06192729599296,17.0,4.260834053392596,4.260834053392596,screening metric for punctate-to-diffuse reporter redistribution; not rupture proof
N09,N,09,PLD3_TMEM106B_mCherry_primary,site0,16,"260224_day16_WellN09_Channel405nm Binned,561nm Binned,488nm Binned_Seq0180.nd2",561nm Binned,488nm Binned,2,whole_field_foreground,stable_channel,731229,12962617.0,10583968.0,14.824729919433594,2378649.0,695,0.0009504546455338199,121.67658696895023,19.0,4.449571164133737,4.449571164133737,screening metric for punctate-to-diffuse reporter redistribution; not rupture proof
N10,N,10,PLD3_TMEM106B_mCherry_primary,site0,8,"260216_Day8_iNeurons_WellN10_Channel405nm Binned,561nm Binned,488nm Binned_Seq0181.nd2",561nm Binned,488nm Binned,0,whole_field_foreground,stable_channel,660617,13152363.0,10113528.0,15.68171215057373,3038835.0,707,0.0010702116354845996,174.9266352242088,19.0,3.328093825428716,3.328093825428716,screening metric for punctate-to-diffuse reporter redistribution; not rupture proof
N10,N,10,PLD3_TMEM106B_mCherry_primary,site0,12,"260220_Day12_WellN10_Channel405nm Binned,561nm Binned,488nm Binned_Seq0181.nd2",561nm Binned,488nm Binned,1,whole_field_foreground,stable_channel,618804,10710359.0,8836362.0,14.6223783493042,1873997.0,651,0.001052029398644721,111.95944193944037,17.0,4.715248743725462,4.715248743725462,screening metric for punctate-to-diffuse reporter redistribution; not rupture proof
N10,N,10,PLD3_TMEM106B_mCherry_primary,site0,16,"260224_day16_WellN10_Channel405nm Binned,561nm Binned,488nm Binned_Seq0181.nd2",561nm Binned,488nm Binned,2,whole_field_foreground,stable_channel,692567,13480994.0,11156580.0,16.495983123779297,2324414.0,680,0.0009818544631768741,125.8141381151536,18.0,4.799738772867141,4.799738772867141,screening metric for punctate-to-diffuse reporter redistribution; not rupture proof
N11,N,11,PLD3_TMEM106B_mCherry_primary,site0,8,"260216_Day8_iNeurons_WellN11_Channel405nm Binned,561nm Binned,488nm Binned_Seq0182.nd2",561nm Binned,488nm Binned,0,whole_field_foreground,stable_channel,778532,16393156.0,12461988.0,16.399856567382812,3931168.0,854,0.001096936285212301,191.09347387666725,19.0,3.1700471717303436,3.1700471717303436,screening metric for punctate-to-diffuse reporter redistribution; not rupture proof
N11,N,11,PLD3_TMEM106B_mCherry_primary,site0,12,"260220_Day12_WellN11_Channel405nm Binned,561nm Binned,488nm Binned_Seq0182.nd2",561nm Binned,488nm Binned,1,whole_field_foreground,stable_channel,748080,14688006.0,12185295.0,16.675508499145508,2502711.0,776,0.0010373222115267922,125.83406332841854,17.0,4.868838231819468,4.868838231819468,screening metric for punctate-to-diffuse reporter redistribution; not rupture proof
N11,N,11,PLD3_TMEM106B_mCherry_primary,site0,16,"260224_day16_WellN11_Channel405nm Binned,561nm Binned,488nm Binned_Seq0182.nd2",561nm Binned,488nm Binned,2,whole_field_foreground,stable_channel,814270,13872901.0,11258650.0,14.160648345947266,2614251.0,747,0.000917386124994268,121.04288703275014,21.0,4.306644618284815,4.306644618284815,screening metric for punctate-to-diffuse reporter redistribution; not rupture proof
N12,N,12,PLD3_TMEM106B_mCherry_primary,site0,8,"260216_Day8_iNeurons_WellN12_Channel405nm Binned,561nm Binned,488nm Binned_Seq0183.nd2",561nm Binned,488nm Binned,0,whole_field_foreground,stable_channel,950992,20420472.0,15683195.0,16.89759063720703,4737276.0,1008,0.0010599458249900525,189.1202848071144,20.0,3.3105934718595007,3.3105934718595007,screening metric for punctate-to-diffuse reporter redistribution; not rupture proof
N12,N,12,PLD3_TMEM106B_mCherry_primary,site0,12,"260220_Day12_WellN12_Channel405nm Binned,561nm Binned,488nm Binned_Seq0183.nd2",561nm Binned,488nm Binned,1,whole_field_foreground,stable_channel,976858,17322594.0,14334802.0,15.025352478027344,2987792.0,975,0.0009980979835339445,112.27129477867713,18.0,4.797791144763492,4.797791144763492,screening metric for punctate-to-diffuse reporter redistribution; not rupture proof
N12,N,12,PLD3_TMEM106B_mCherry_primary,site0,16,"260224_day16_WellN12_Channel405nm Binned,561nm Binned,488nm Binned_Seq0183.nd2",561nm Binned,488nm Binned,2,whole_field_foreground,stable_channel,999479,18721894.0,15369434.0,15.748258590698242,3352462.0,928,0.0009284837400276259,124.44015158044881,19.0,4.584521465118893,4.584521465118893,screening metric for punctate-to-diffuse reporter redistribution; not rupture proof
N13,N,13,PLD3_TMEM106B_mCherry_primary,site0,8,"260216_Day8_iNeurons_WellN13_Channel405nm Binned,561nm Binned,488nm Binned_Seq0184.nd2",561nm Binned,488nm Binned,0,whole_field_foreground,stable_channel,643732,13706189.0,10602224.0,16.871185302734375,3103965.0,702,0.0010905159289873883,185.4255945689318,18.0,3.415703463150063,3.415703463150063,screening metric for punctate-to-diffuse reporter redistribution; not rupture proof
N13,N,13,PLD3_TMEM106B_mCherry_primary,site0,12,"260220_Day12_WellN13_Channel405nm Binned,561nm Binned,488nm Binned_Seq0184.nd2",561nm Binned,488nm Binned,1,whole_field_foreground,stable_channel,614660,8973518.0,7224530.0,12.038354873657227,1748988.0,644,0.0010477337064376277,103.74443624034431,18.0,4.130691577069636,4.130691577069636,screening metric for punctate-to-diffuse reporter redistribution; not rupture proof
N13,N,13,PLD3_TMEM106B_mCherry_primary,site0,16,"260224_day16_WellN13_Channel405nm Binned,561nm Binned,488nm Binned_Seq0184.nd2",561nm Binned,488nm Binned,2,whole_field_foreground,stable_channel,652036,11930460.0,9796935.0,15.386929512023926,2133525.0,634,0.0009723389506085978,124.4162408846786,19.0,4.591900727666847,4.591900727666847,screening metric for punctate-to-diffuse reporter redistribution; not rupture proof
N14,N,14,PLD3_TMEM106B_mCherry_primary,site0,8,"260216_Day8_iNeurons_WellN14_Channel405nm Binned,561nm Binned,488nm Binned_Seq0185.nd2",561nm Binned,488nm Binned,0,whole_field_foreground,stable_channel,768925,15978339.0,12414230.0,16.539274215698242,3564109.0,802,0.001043014598301469,175.63337780769328,20.0,3.483122990906428,3.483122990906428,screening metric for punctate-to-diffuse reporter redistribution; not rupture proof
N14,N,14,PLD3_TMEM106B_mCherry_primary,site0,12,"260220_Day12_WellN14_Channel405nm Binned,561nm Binned,488nm Binned_Seq0185.nd2",561nm Binned,488nm Binned,1,whole_field_foreground,stable_channel,869197,13939311.0,11364835.0,13.388633728027344,2574476.0,842,0.000968710200333217,107.68382489256507,18.0,4.41442646969542,4.41442646969542,screening metric for punctate-to-diffuse reporter redistribution; not rupture proof
N14,N,14,PLD3_TMEM106B_mCherry_primary,site0,16,"260224_day16_WellN14_Channel405nm Binned,561nm Binned,488nm Binned_Seq0185.nd2",561nm Binned,488nm Binned,2,whole_field_foreground,stable_channel,828686,14446789.0,11858518.0,14.656285285949707,2588271.0,734,0.0008857395925587185,115.50196725601072,20.0,4.581636930597846,4.581636930597846,screening metric for punctate-to-diffuse reporter redistribution; not rupture proof
N15,N,15,PLD3_TMEM106B_mCherry_primary,site0,8,"260216_Day8_iNeurons_WellN15_Channel405nm Binned,561nm Binned,488nm Binned_Seq0186.nd2",561nm Binned,488nm Binned,0,whole_field_foreground,stable_channel,653442,12986568.0,10078642.0,15.8027925491333,2907926.0,690,0.0010559468170073917,166.2862463688505,19.0,3.4659210722681855,3.4659210722681855,screening metric for punctate-to-diffuse reporter redistribution; not rupture proof
N15,N,15,PLD3_TMEM106B_mCherry_primary,site0,12,"260220_Day12_WellN15_Channel405nm Binned,561nm Binned,488nm Binned_Seq0186.nd2",561nm Binned,488nm Binned,1,whole_field_foreground,stable_channel,637963,10304851.0,8370775.0,13.43729305267334,1934076.0,604,0.0009467633702880155,111.08721306150322,19.0,4.328048639244617,4.328048639244617,screening metric for punctate-to-diffuse reporter redistribution; not rupture proof
N15,N,15,PLD3_TMEM106B_mCherry_primary,site0,16,"260224_day16_WellN15_Channel405nm Binned,561nm Binned,488nm Binned_Seq0186.nd2",561nm Binned,488nm Binned,2,whole_field_foreground,stable_channel,619932,11450844.0,9382314.0,15.500603675842285,2068530.0,579,0.0009339734035330746,122.40971972081739,19.0,4.535739873241125,4.535739873241125,screening metric for punctate-to-diffuse reporter redistribution; not rupture proof
N16,N,16,PLD3_TMEM106B_mCherry_primary,site0,8,"260216_Day8_iNeurons_WellN16_Channel405nm Binned,561nm Binned,488nm Binned_Seq0187.nd2",561nm Binned,488nm Binned,0,whole_field_foreground,stable_channel,1055388,21177110.0,16304183.0,15.824387550354004,4872927.0,1063,0.0010072125133116852,175.18220114506087,21.0,3.3458705619839275,3.3458705619839275,screening metric for punctate-to-diffuse reporter redistribution; not rupture proof
N16,N,16,PLD3_TMEM106B_mCherry_primary,site0,12,"260220_Day12_WellN16_Channel405nm Binned,561nm Binned,488nm Binned_Seq0187.nd2",561nm Binned,488nm Binned,1,whole_field_foreground,stable_channel,1122834,16862008.0,13581264.0,12.387923240661621,3280745.0,1084,0.000965414299886746,104.01885062918012,19.0,4.139689003563477,4.139689003563477,screening metric for punctate-to-diffuse reporter redistribution; not rupture proof
N16,N,16,PLD3_TMEM106B_mCherry_primary,site0,16,"260224_day16_WellN16_Channel405nm Binned,561nm Binned,488nm Binned_Seq0187.nd2",561nm Binned,488nm Binned,2,whole_field_foreground,stable_channel,1209948,19420776.0,15555299.0,13.171183586120605,3865478.0,1089,0.0009000386793474595,116.7221978417879,20.0,4.024159237226542,4.024159237226542,screening metric for punctate-to-diffuse reporter redistribution; not rupture proof
N17,N,17,PLD3_TMEM106B_mCherry_primary,site0,8,"260216_Day8_iNeurons_WellN17_Channel405nm Binned,561nm Binned,488nm Binned_Seq0188.nd2",561nm Binned,488nm Binned,0,whole_field_foreground,stable_channel,606885,12976705.0,9927922.0,16.75536346435547,3048783.0,639,0.0010529177686035198,190.40542212114647,19.0,3.2563557327618082,3.2563557327618082,screening metric for punctate-to-diffuse reporter redistribution; not rupture proof
N17,N,17,PLD3_TMEM106B_mCherry_primary,site0,12,"260220_Day12_WellN17_Channel405nm Binned,561nm Binned,488nm Binned_Seq0188.nd2",561nm Binned,488nm Binned,1,whole_field_foreground,stable_channel,547169,9365986.0,7627882.0,14.276455879211426,1738104.0,587,0.0010727946941418963,118.21070977492064,18.0,4.388622314887724,4.388622314887724,screening metric for punctate-to-diffuse reporter redistribution; not rupture proof
N17,N,17,PLD3_TMEM106B_mCherry_primary,site0,16,"260224_day16_WellN17_Channel405nm Binned,561nm Binned,488nm Binned_Seq0188.nd2",561nm Binned,488nm Binned,2,whole_field_foreground,stable_channel,636014,10705975.0,8613228.0,13.870133399963379,2092747.0,577,0.0009072127343094535,122.36636365761584,20.0,4.115752166886816,4.115752166886816,screening metric for punctate-to-diffuse reporter redistribution; not rupture proof
N18,N,18,PLD3_TMEM106B_mCherry_primary,site0,8,"260216_Day8_iNeurons_WellN18_Channel405nm Binned,561nm Binned,488nm Binned_Seq0189.nd2",561nm Binned,488nm Binned,0,whole_field_foreground,stable_channel,683228,14134271.0,11069613.0,16.59721565246582,3064658.0,720,0.0010538209792323298,169.07897335688273,19.0,3.6120222876407055,3.6120222876407055,screening metric for punctate-to-diffuse reporter redistribution; not rupture proof
N18,N,18,PLD3_TMEM106B_mCherry_primary,site0,12,"260220_Day12_WellN18_Channel405nm Binned,561nm Binned,488nm Binned_Seq0189.nd2",561nm Binned,488nm Binned,1,whole_field_foreground,stable_channel,783689,11767913.0,9504599.0,12.420804977416992,2263314.0,749,0.0009557362678295143,102.99947689754144,18.0,4.199416872778501,4.199416872778501,screening metric for punctate-to-diffuse reporter redistribution; not rupture proof
N18,N,18,PLD3_TMEM106B_mCherry_primary,site0,16,"260224_day16_WellN18_Channel405nm Binned,561nm Binned,488nm Binned_Seq0189.nd2",561nm Binned,488nm Binned,2,whole_field_foreground,stable_channel,782614,13087979.0,10631632.0,13.915548324584961,2456347.0,695,0.0008880495365520064,115.46535974955387,21.0,4.3282288699421025,4.3282288699421025,screening metric for punctate-to-diffuse reporter redistribution; not rupture proof
N19,N,19,PLD3_TMEM106B_mCherry_primary,site0,8,"260216_Day8_iNeurons_WellN19_Channel405nm Binned,561nm Binned,488nm Binned_Seq0190.nd2",561nm Binned,488nm Binned,0,whole_field_foreground,stable_channel,681727,12989989.0,9960512.0,14.971054077148438,3029477.0,719,0.001054674378451998,167.8915487191276,21.0,3.287865199173558,3.287865199173558,screening metric for punctate-to-diffuse reporter redistribution; not rupture proof
N19,N,19,PLD3_TMEM106B_mCherry_primary,site0,12,"260220_Day12_WellN19_Channel405nm Binned,561nm Binned,488nm Binned_Seq0190.nd2",561nm Binned,488nm Binned,1,whole_field_foreground,stable_channel,657973,11730981.0,9614822.0,14.965052604675293,2116159.0,692,0.0010517148879953255,116.28076513102978,17.0,4.543525321110303,4.543525321110303,screening metric for punctate-to-diffuse reporter redistribution; not rupture proof
N19,N,19,PLD3_TMEM106B_mCherry_primary,site0,16,"260224_day16_WellN19_Channel405nm Binned,561nm Binned,488nm Binned_Seq0190.nd2",561nm Binned,488nm Binned,2,whole_field_foreground,stable_channel,644571,11956617.0,9780082.0,15.539528846740723,2176535.0,598,0.0009277488438031997,126.43301879602133,20.0,4.493418208296907,4.493418208296907,screening metric for punctate-to-diffuse reporter redistribution; not rupture proof
N20,N,20,PLD3_TMEM106B_mCherry_primary,site0,8,"260216_Day8_iNeurons_WellN20_Channel405nm Binned,561nm Binned,488nm Binned_Seq0191.nd2",561nm Binned,488nm Binned,0,whole_field_foreground,stable_channel,421219,7899944.0,6217710.0,15.123942375183105,1682234.0,442,0.00104933538135495,148.89409923984994,21.0,3.696102920281188,3.696102920281188,screening metric for punctate-to-diffuse reporter redistribution; not rupture proof
N20,N,20,PLD3_TMEM106B_mCherry_primary,site0,12,"260220_Day12_WellN20_Channel405nm Binned,561nm Binned,488nm Binned_Seq0191.nd2",561nm Binned,488nm Binned,1,whole_field_foreground,stable_channel,409184,5763561.0,4804822.0,12.021281242370605,958739.0,391,0.0009555603347126096,85.50830088856885,17.0,5.011605869788324,5.011605869788324,screening metric for punctate-to-diffuse reporter redistribution; not rupture proof
N20,N,20,PLD3_TMEM106B_mCherry_primary,site0,16,"260224_day16_WellN20_Channel405nm Binned,561nm Binned,488nm Binned_Seq0191.nd2",561nm Binned,488nm Binned,2,whole_field_foreground,stable_channel,393466,7102530.0,5888597.0,15.327104568481445,1213933.0,356,0.0009047795743446581,114.69477491700248,19.0,4.850841850411142,4.850841850411142,screening metric for punctate-to-diffuse reporter redistribution; not rupture proof
