well,condition,timepoint_day,registration_channel,estimated_y_shift,estimated_x_shift,pre_registration_correlation,post_registration_correlation,overlap_fraction,registration_error,qc_pass,qc_note,row,column,common_crop
C05,PLD3_only_no_mCherry,8,488nm Binned,0.0,0.0,1.0,1.0,1.0,0.0,True,reference_timepoint,C,05,"{'y_start': 258, 'y_stop': 2868, 'x_start': 1151, 'x_stop': 2868}"
C05,PLD3_only_no_mCherry,12,488nm Binned,0.0,1150.0999755859375,0.0074256214274672746,0.008005935526781409,0.5989888509114584,0.9999999999999849,True,phase_cross_correlation_on_stable_channel,C,05,"{'y_start': 258, 'y_stop': 2868, 'x_start': 1151, 'x_stop': 2868}"
C05,PLD3_only_no_mCherry,16,488nm Binned,257.29998779296875,0.0,0.01379682901897254,0.006422062415039554,0.9102859177848784,0.9999999999999738,True,phase_cross_correlation_on_stable_channel,C,05,"{'y_start': 258, 'y_stop': 2868, 'x_start': 1151, 'x_stop': 2868}"
C06,PLD3_only_no_mCherry,8,488nm Binned,0.0,0.0,1.0,1.0,1.0,0.0,True,reference_timepoint,C,06,"{'y_start': 0, 'y_stop': 2180, 'x_start': 0, 'x_stop': 1826}"
C06,PLD3_only_no_mCherry,12,488nm Binned,-687.2999877929688,0.0,0.0035694877670078002,0.018067271320297902,0.7603556527918519,0.9999999999999806,True,phase_cross_correlation_on_stable_channel,C,06,"{'y_start': 0, 'y_stop': 2180, 'x_start': 0, 'x_stop': 1826}"
C06,PLD3_only_no_mCherry,16,488nm Binned,0.0,-1042.0,0.009018492119120005,-0.0036957384102740795,0.6366806136680614,0.9999999999999898,True,phase_cross_correlation_on_stable_channel,C,06,"{'y_start': 0, 'y_stop': 2180, 'x_start': 0, 'x_stop': 1826}"
C07,PLD3_only_no_mCherry,8,488nm Binned,0.0,0.0,1.0,1.0,1.0,0.0,True,reference_timepoint,C,07,"{'y_start': 2, 'y_stop': 2868, 'x_start': 0, 'x_stop': 1946}"
C07,PLD3_only_no_mCherry,12,488nm Binned,1.899999976158142,0.0,0.06232253024064589,0.06852978996857631,0.9993375174420648,0.9999999999999996,True,phase_cross_correlation_on_stable_channel,C,07,"{'y_start': 2, 'y_stop': 2868, 'x_start': 0, 'x_stop': 1946}"
C07,PLD3_only_no_mCherry,16,488nm Binned,1.0,-921.0999755859375,0.06630174267702352,0.02999945481270376,0.6785987409275336,0.9999999999999998,True,phase_cross_correlation_on_stable_channel,C,07,"{'y_start': 2, 'y_stop': 2868, 'x_start': 0, 'x_stop': 1946}"
C08,PLD3_only_no_mCherry,8,488nm Binned,0.0,0.0,1.0,1.0,1.0,0.0,True,reference_timepoint,C,08,"{'y_start': 190, 'y_stop': 2660, 'x_start': 0, 'x_stop': 2868}"
C08,PLD3_only_no_mCherry,12,488nm Binned,-207.1999969482422,0.0,-0.003622078037335725,0.01155769013656257,0.927754533839525,0.9999999999999806,True,phase_cross_correlation_on_stable_channel,C,08,"{'y_start': 190, 'y_stop': 2660, 'x_start': 0, 'x_stop': 2868}"
C08,PLD3_only_no_mCherry,16,488nm Binned,190.0,0.0,0.014867340685386145,0.0020177523368899272,0.9337517433751743,0.9999999999999729,True,phase_cross_correlation_on_stable_channel,C,08,"{'y_start': 190, 'y_stop': 2660, 'x_start': 0, 'x_stop': 2868}"
C09,PLD3_only_no_mCherry,8,488nm Binned,0.0,0.0,1.0,1.0,1.0,0.0,True,reference_timepoint,C,09,"{'y_start': 659, 'y_stop': 2426, 'x_start': 0, 'x_stop': 2868}"
C09,PLD3_only_no_mCherry,12,488nm Binned,658.5999755859375,0.0,0.0057267572216073166,-0.005161591809215605,0.7703626305488362,0.9999999999999806,True,phase_cross_correlation_on_stable_channel,C,09,"{'y_start': 659, 'y_stop': 2426, 'x_start': 0, 'x_stop': 2868}"
C09,PLD3_only_no_mCherry,16,488nm Binned,-441.20001220703125,0.0,0.0135365327921724,0.0030036358400649544,0.8461645703601705,0.999999999999987,True,phase_cross_correlation_on_stable_channel,C,09,"{'y_start': 659, 'y_stop': 2426, 'x_start': 0, 'x_stop': 2868}"
C10,PLD3_only_no_mCherry,8,488nm Binned,0.0,0.0,1.0,1.0,1.0,0.0,True,reference_timepoint,C,10,"{'y_start': 0, 'y_stop': 2149, 'x_start': 0, 'x_stop': 2868}"
C10,PLD3_only_no_mCherry,12,488nm Binned,-147.60000610351562,0.0,0.008602001914736535,-0.00016184474411892464,0.948535562725413,0.9999999999999803,True,phase_cross_correlation_on_stable_channel,C,10,"{'y_start': 0, 'y_stop': 2149, 'x_start': 0, 'x_stop': 2868}"
C10,PLD3_only_no_mCherry,16,488nm Binned,-718.9000244140625,0.0,0.015707052191459757,0.018965410252646808,0.7493375089211777,0.9999999999999466,True,phase_cross_correlation_on_stable_channel,C,10,"{'y_start': 0, 'y_stop': 2149, 'x_start': 0, 'x_stop': 2868}"
C11,PLD3_only_no_mCherry,8,488nm Binned,0.0,0.0,1.0,1.0,1.0,0.0,True,reference_timepoint,C,11,"{'y_start': 151, 'y_stop': 2868, 'x_start': 0, 'x_stop': 2868}"
C11,PLD3_only_no_mCherry,12,488nm Binned,151.0,0.0,0.002839391306814137,0.004672681609871975,0.947350069735007,0.9999999999999911,True,phase_cross_correlation_on_stable_channel,C,11,"{'y_start': 151, 'y_stop': 2868, 'x_start': 0, 'x_stop': 2868}"
C11,PLD3_only_no_mCherry,16,488nm Binned,141.6999969482422,0.0,0.0036118010391276434,0.0041655731751219695,0.9505927486233465,0.9999999999999837,True,phase_cross_correlation_on_stable_channel,C,11,"{'y_start': 151, 'y_stop': 2868, 'x_start': 0, 'x_stop': 2868}"
C12,PLD3_only_no_mCherry,8,488nm Binned,0.0,0.0,1.0,1.0,1.0,0.0,True,reference_timepoint,C,12,"{'y_start': 0, 'y_stop': 2282, 'x_start': 0, 'x_stop': 1862}"
C12,PLD3_only_no_mCherry,12,488nm Binned,-585.4000244140625,0.0,0.012174772738107213,0.005295423714496084,0.7958856260759893,0.9999999999999933,True,phase_cross_correlation_on_stable_channel,C,12,"{'y_start': 0, 'y_stop': 2282, 'x_start': 0, 'x_stop': 1862}"
C12,PLD3_only_no_mCherry,16,488nm Binned,0.0,-1005.5,0.012688266656817956,-0.011740539747039482,0.6494072524407253,0.9999999999999886,True,phase_cross_correlation_on_stable_channel,C,12,"{'y_start': 0, 'y_stop': 2282, 'x_start': 0, 'x_stop': 1862}"
C13,PLD3_only_no_mCherry,8,488nm Binned,0.0,0.0,1.0,1.0,1.0,0.0,True,reference_timepoint,C,13,"{'y_start': 0, 'y_stop': 1963, 'x_start': 1082, 'x_stop': 2868}"
C13,PLD3_only_no_mCherry,12,488nm Binned,-904.7999877929688,0.0,-0.0011993063325937468,-0.0029965375853674334,0.6845188327081699,0.999999999999994,True,phase_cross_correlation_on_stable_channel,C,13,"{'y_start': 0, 'y_stop': 1963, 'x_start': 1082, 'x_stop': 2868}"
C13,PLD3_only_no_mCherry,16,488nm Binned,0.0,1081.0999755859375,0.008202631409878147,0.004042418794240563,0.6230474283173161,0.9999999999999903,True,phase_cross_correlation_on_stable_channel,C,13,"{'y_start': 0, 'y_stop': 1963, 'x_start': 1082, 'x_stop': 2868}"
C14,PLD3_only_no_mCherry,8,488nm Binned,0.0,0.0,1.0,1.0,1.0,0.0,True,reference_timepoint,C,14,"{'y_start': 235, 'y_stop': 2846, 'x_start': 0, 'x_stop': 2868}"
C14,PLD3_only_no_mCherry,12,488nm Binned,-21.600000381469727,0.0,0.007667624830970004,0.012630345722115145,0.992468619113853,0.9999999999999776,True,phase_cross_correlation_on_stable_channel,C,14,"{'y_start': 235, 'y_stop': 2846, 'x_start': 0, 'x_stop': 2868}"
C14,PLD3_only_no_mCherry,16,488nm Binned,234.39999389648438,0.0,0.015961503013634123,9.941649356004605e-05,0.9182705739552007,0.9999999999999607,True,phase_cross_correlation_on_stable_channel,C,14,"{'y_start': 235, 'y_stop': 2846, 'x_start': 0, 'x_stop': 2868}"
C15,PLD3_only_no_mCherry,8,488nm Binned,0.0,0.0,1.0,1.0,1.0,0.0,True,reference_timepoint,C,15,"{'y_start': 0, 'y_stop': 2787, 'x_start': 0, 'x_stop': 1972}"
C15,PLD3_only_no_mCherry,12,488nm Binned,-80.4000015258789,0.0,0.0013119988270964382,0.009167706251659248,0.9719665266646168,0.99999999999999,True,phase_cross_correlation_on_stable_channel,C,15,"{'y_start': 0, 'y_stop': 2787, 'x_start': 0, 'x_stop': 1972}"
C15,PLD3_only_no_mCherry,16,488nm Binned,0.0,-896.0,0.0045892031128370895,0.0025023691935683132,0.6875871687587168,0.9999999999999858,True,phase_cross_correlation_on_stable_channel,C,15,"{'y_start': 0, 'y_stop': 2787, 'x_start': 0, 'x_stop': 1972}"
C16,PLD3_only_no_mCherry,8,488nm Binned,0.0,0.0,1.0,1.0,1.0,0.0,True,reference_timepoint,C,16,"{'y_start': 0, 'y_stop': 2868, 'x_start': 0, 'x_stop': 1882}"
C16,PLD3_only_no_mCherry,12,488nm Binned,0.0,-985.5999755859375,-8.302075414688077e-05,-0.012232841895146932,0.6563458941471627,0.999999999999984,True,phase_cross_correlation_on_stable_channel,C,16,"{'y_start': 0, 'y_stop': 2868, 'x_start': 0, 'x_stop': 1882}"
C16,PLD3_only_no_mCherry,16,488nm Binned,0.0,-673.5999755859375,0.007293970470825891,-0.007012791192471786,0.7651325050258238,0.999999999999987,True,phase_cross_correlation_on_stable_channel,C,16,"{'y_start': 0, 'y_stop': 2868, 'x_start': 0, 'x_stop': 1882}"
C17,PLD3_only_no_mCherry,8,488nm Binned,0.0,0.0,1.0,1.0,1.0,0.0,True,reference_timepoint,C,17,"{'y_start': 0, 'y_stop': 2868, 'x_start': 1188, 'x_stop': 2868}"
C17,PLD3_only_no_mCherry,12,488nm Binned,0.0,703.2999877929688,0.004786857915608997,0.00533556496676274,0.7547768522339718,0.9999999999999799,True,phase_cross_correlation_on_stable_channel,C,17,"{'y_start': 0, 'y_stop': 2868, 'x_start': 1188, 'x_stop': 2868}"
C17,PLD3_only_no_mCherry,16,488nm Binned,0.0,1187.5999755859375,-0.00015345968606150106,0.0050774681663568536,0.5859135371039269,0.9999999999999876,True,phase_cross_correlation_on_stable_channel,C,17,"{'y_start': 0, 'y_stop': 2868, 'x_start': 1188, 'x_stop': 2868}"
C18,PLD3_only_no_mCherry,8,488nm Binned,0.0,0.0,1.0,1.0,1.0,0.0,True,reference_timepoint,C,18,"{'y_start': 0, 'y_stop': 2868, 'x_start': 1219, 'x_stop': 2837}"
C18,PLD3_only_no_mCherry,12,488nm Binned,0.0,1218.9000244140625,0.0015401796983765266,0.01098234165811006,0.5749999914874259,0.999999999999986,True,phase_cross_correlation_on_stable_channel,C,18,"{'y_start': 0, 'y_stop': 2868, 'x_start': 1219, 'x_stop': 2837}"
C18,PLD3_only_no_mCherry,16,488nm Binned,0.0,-30.700000762939453,0.004664853041214308,0.006117144646353174,0.9892956761635497,0.9999999999999922,True,phase_cross_correlation_on_stable_channel,C,18,"{'y_start': 0, 'y_stop': 2868, 'x_start': 1219, 'x_stop': 2837}"
C19,PLD3_only_no_mCherry,8,488nm Binned,0.0,0.0,1.0,1.0,1.0,0.0,True,reference_timepoint,C,19,"{'y_start': 0, 'y_stop': 2868, 'x_start': 1193, 'x_stop': 2868}"
C19,PLD3_only_no_mCherry,12,488nm Binned,0.0,479.0,0.0019704592377606384,-0.0039372417824448105,0.8329846582984658,0.9999999999999915,True,phase_cross_correlation_on_stable_channel,C,19,"{'y_start': 0, 'y_stop': 2868, 'x_start': 1193, 'x_stop': 2868}"
C19,PLD3_only_no_mCherry,16,488nm Binned,0.0,1192.5,0.0006455835761419899,-0.002521706314410186,0.5842050209205021,0.9999999999999803,True,phase_cross_correlation_on_stable_channel,C,19,"{'y_start': 0, 'y_stop': 2868, 'x_start': 1193, 'x_stop': 2868}"
C20,PLD3_only_no_mCherry,8,488nm Binned,0.0,0.0,1.0,1.0,1.0,0.0,True,reference_timepoint,C,20,"{'y_start': 257, 'y_stop': 2162, 'x_start': 0, 'x_stop': 2868}"
C20,PLD3_only_no_mCherry,12,488nm Binned,256.8999938964844,0.0,0.007005443914858133,0.01184678444333029,0.9104253856706819,0.999999999999979,True,phase_cross_correlation_on_stable_channel,C,20,"{'y_start': 257, 'y_stop': 2162, 'x_start': 0, 'x_stop': 2868}"
C20,PLD3_only_no_mCherry,16,488nm Binned,-705.4000244140625,0.0,0.009598284305939167,0.003370395293129188,0.7540446218918889,0.9999999999999739,True,phase_cross_correlation_on_stable_channel,C,20,"{'y_start': 257, 'y_stop': 2162, 'x_start': 0, 'x_stop': 2868}"
D05,PLD3_TMEM106B_no_mCherry,8,488nm Binned,0.0,0.0,1.0,1.0,1.0,0.0,True,reference_timepoint,D,05,"{'y_start': 401, 'y_stop': 2657, 'x_start': 0, 'x_stop': 2868}"
D05,PLD3_TMEM106B_no_mCherry,12,488nm Binned,400.5,0.0,0.006990285485003964,0.002533854893376169,0.8603556485355649,0.9999999999999838,True,phase_cross_correlation_on_stable_channel,D,05,"{'y_start': 401, 'y_stop': 2657, 'x_start': 0, 'x_stop': 2868}"
D05,PLD3_TMEM106B_no_mCherry,16,488nm Binned,-210.10000610351562,0.0,0.02575023620542895,0.006873808336957959,0.926743373046194,0.9999999999999883,True,phase_cross_correlation_on_stable_channel,D,05,"{'y_start': 401, 'y_stop': 2657, 'x_start': 0, 'x_stop': 2868}"
D06,PLD3_TMEM106B_no_mCherry,8,488nm Binned,0.0,0.0,1.0,1.0,1.0,0.0,True,reference_timepoint,D,06,"{'y_start': 1058, 'y_stop': 2868, 'x_start': 0, 'x_stop': 1866}"
D06,PLD3_TMEM106B_no_mCherry,12,488nm Binned,1057.5,0.0,0.0023870390815257615,-0.004533588793127784,0.6312761506276151,0.9999999999999729,True,phase_cross_correlation_on_stable_channel,D,06,"{'y_start': 1058, 'y_stop': 2868, 'x_start': 0, 'x_stop': 1866}"
D06,PLD3_TMEM106B_no_mCherry,16,488nm Binned,0.0,-1001.7000122070312,0.013739530145197328,5.242587326829585e-05,0.6507322133169348,0.9999999999999828,True,phase_cross_correlation_on_stable_channel,D,06,"{'y_start': 1058, 'y_stop': 2868, 'x_start': 0, 'x_stop': 1866}"
D07,PLD3_TMEM106B_no_mCherry,8,488nm Binned,0.0,0.0,1.0,1.0,1.0,0.0,True,reference_timepoint,D,07,"{'y_start': 534, 'y_stop': 2868, 'x_start': 99, 'x_stop': 2868}"
D07,PLD3_TMEM106B_no_mCherry,12,488nm Binned,0.0,98.0999984741211,0.010835587794177245,-0.00038290087661818764,0.9657949796115338,0.999999999999984,True,phase_cross_correlation_on_stable_channel,D,07,"{'y_start': 534, 'y_stop': 2868, 'x_start': 99, 'x_stop': 2868}"
D07,PLD3_TMEM106B_no_mCherry,16,488nm Binned,533.2000122070312,0.0,0.015131745960187269,0.004355576285889777,0.8140864671523601,0.9999999999999485,True,phase_cross_correlation_on_stable_channel,D,07,"{'y_start': 534, 'y_stop': 2868, 'x_start': 99, 'x_stop': 2868}"
D08,PLD3_TMEM106B_no_mCherry,8,488nm Binned,0.0,0.0,1.0,1.0,1.0,0.0,True,reference_timepoint,D,08,"{'y_start': 24, 'y_stop': 2458, 'x_start': 0, 'x_stop': 2868}"
D08,PLD3_TMEM106B_no_mCherry,12,488nm Binned,23.100000381469727,0.0,0.006539004034082301,0.0038715841196945524,0.9919456065615517,0.9999999999999708,True,phase_cross_correlation_on_stable_channel,D,08,"{'y_start': 24, 'y_stop': 2458, 'x_start': 0, 'x_stop': 2868}"
D08,PLD3_TMEM106B_no_mCherry,16,488nm Binned,-409.1000061035156,0.0,0.0049299081560162826,0.0018091721012363682,0.8573570411075608,0.9999999999999504,True,phase_cross_correlation_on_stable_channel,D,08,"{'y_start': 24, 'y_stop': 2458, 'x_start': 0, 'x_stop': 2868}"
D09,PLD3_TMEM106B_no_mCherry,8,488nm Binned,0.0,0.0,1.0,1.0,1.0,0.0,True,reference_timepoint,D,09,"{'y_start': 659, 'y_stop': 2868, 'x_start': 0, 'x_stop': 1756}"
D09,PLD3_TMEM106B_no_mCherry,12,488nm Binned,658.0999755859375,0.0,-0.002040344535868493,-0.0037173009287565736,0.77053696806627,0.9999999999999825,True,phase_cross_correlation_on_stable_channel,D,09,"{'y_start': 659, 'y_stop': 2868, 'x_start': 0, 'x_stop': 1756}"
D09,PLD3_TMEM106B_no_mCherry,16,488nm Binned,0.0,-1111.9000244140625,0.006985472791619987,-0.0024423724064231325,0.6123082202182488,0.9999999999999939,True,phase_cross_correlation_on_stable_channel,D,09,"{'y_start': 659, 'y_stop': 2868, 'x_start': 0, 'x_stop': 1756}"
D10,PLD3_TMEM106B_no_mCherry,8,488nm Binned,0.0,0.0,1.0,1.0,1.0,0.0,True,reference_timepoint,D,10,"{'y_start': 91, 'y_stop': 2868, 'x_start': 0, 'x_stop': 2868}"
D10,PLD3_TMEM106B_no_mCherry,12,488nm Binned,38.599998474121094,0.0,0.0020175602857391522,-0.004559259656828916,0.9865411441861502,0.9999999999999756,True,phase_cross_correlation_on_stable_channel,D,10,"{'y_start': 91, 'y_stop': 2868, 'x_start': 0, 'x_stop': 2868}"
D10,PLD3_TMEM106B_no_mCherry,16,488nm Binned,90.69999694824219,0.0,0.012732801904016345,0.00549980192836905,0.9683751754015892,0.9999999999999812,True,phase_cross_correlation_on_stable_channel,D,10,"{'y_start': 91, 'y_stop': 2868, 'x_start': 0, 'x_stop': 2868}"
D11,PLD3_TMEM106B_no_mCherry,8,488nm Binned,0.0,0.0,1.0,1.0,1.0,0.0,True,reference_timepoint,D,11,"{'y_start': 0, 'y_stop': 2105, 'x_start': 27, 'x_stop': 2868}"
D11,PLD3_TMEM106B_no_mCherry,12,488nm Binned,0.0,26.5,0.0018687945695122217,0.0034331693138302567,0.9907601115760112,0.9999999999999905,True,phase_cross_correlation_on_stable_channel,D,11,"{'y_start': 0, 'y_stop': 2105, 'x_start': 27, 'x_stop': 2868}"
D11,PLD3_TMEM106B_no_mCherry,16,488nm Binned,-762.2999877929688,0.0,0.013239761609727039,-0.006243119070595975,0.7342050251767891,0.9999999999999788,True,phase_cross_correlation_on_stable_channel,D,11,"{'y_start': 0, 'y_stop': 2105, 'x_start': 27, 'x_stop': 2868}"
D12,PLD3_TMEM106B_no_mCherry,8,488nm Binned,0.0,0.0,1.0,1.0,1.0,0.0,True,reference_timepoint,D,12,"{'y_start': 0, 'y_stop': 2868, 'x_start': 376, 'x_stop': 1907}"
D12,PLD3_TMEM106B_no_mCherry,12,488nm Binned,0.0,-961.0,0.009360051823295577,0.005203804610999756,0.6649232914923291,0.9999999999999922,True,phase_cross_correlation_on_stable_channel,D,12,"{'y_start': 0, 'y_stop': 2868, 'x_start': 376, 'x_stop': 1907}"
D12,PLD3_TMEM106B_no_mCherry,16,488nm Binned,0.0,375.20001220703125,0.008559348158179885,0.002648014766810444,0.8691771226614257,0.9999999999999905,True,phase_cross_correlation_on_stable_channel,D,12,"{'y_start': 0, 'y_stop': 2868, 'x_start': 376, 'x_stop': 1907}"
D13,PLD3_TMEM106B_no_mCherry,8,488nm Binned,0.0,0.0,1.0,1.0,1.0,0.0,True,reference_timepoint,D,13,"{'y_start': 0, 'y_stop': 2345, 'x_start': 0, 'x_stop': 2868}"
D13,PLD3_TMEM106B_no_mCherry,12,488nm Binned,-40.099998474121094,0.0,0.0037779716226265646,-0.000784092418714871,0.986018131633849,0.9999999999999774,True,phase_cross_correlation_on_stable_channel,D,13,"{'y_start': 0, 'y_stop': 2345, 'x_start': 0, 'x_stop': 2868}"
D13,PLD3_TMEM106B_no_mCherry,16,488nm Binned,-522.7999877929688,0.0,0.008392365781691564,0.0036614327405150686,0.8177126960275563,0.9999999999999819,True,phase_cross_correlation_on_stable_channel,D,13,"{'y_start': 0, 'y_stop': 2345, 'x_start': 0, 'x_stop': 2868}"
D14,PLD3_TMEM106B_no_mCherry,8,488nm Binned,0.0,0.0,1.0,1.0,1.0,0.0,True,reference_timepoint,D,14,"{'y_start': 0, 'y_stop': 2868, 'x_start': 454, 'x_stop': 1735}"
D14,PLD3_TMEM106B_no_mCherry,12,488nm Binned,0.0,454.0,0.0071236998306335175,-0.001535886705398053,0.8417015341701534,0.9999999999999897,True,phase_cross_correlation_on_stable_channel,D,14,"{'y_start': 0, 'y_stop': 2868, 'x_start': 454, 'x_stop': 1735}"
D14,PLD3_TMEM106B_no_mCherry,16,488nm Binned,0.0,-1132.5,0.012008647793460496,0.006470190188157772,0.6051255230125523,0.9999999999999886,True,phase_cross_correlation_on_stable_channel,D,14,"{'y_start': 0, 'y_stop': 2868, 'x_start': 454, 'x_stop': 1735}"
D15,PLD3_TMEM106B_no_mCherry,8,488nm Binned,0.0,0.0,1.0,1.0,1.0,0.0,True,reference_timepoint,D,15,"{'y_start': 0, 'y_stop': 2868, 'x_start': 758, 'x_stop': 2868}"
D15,PLD3_TMEM106B_no_mCherry,12,488nm Binned,0.0,757.7999877929688,0.020741632497439978,0.007434216026580987,0.735774062833693,0.9999999999999889,True,phase_cross_correlation_on_stable_channel,D,15,"{'y_start': 0, 'y_stop': 2868, 'x_start': 758, 'x_stop': 2868}"
D15,PLD3_TMEM106B_no_mCherry,16,488nm Binned,0.0,408.8999938964844,0.003823352115094824,0.006543232699761152,0.8574267803708213,0.9999999999999866,True,phase_cross_correlation_on_stable_channel,D,15,"{'y_start': 0, 'y_stop': 2868, 'x_start': 758, 'x_stop': 2868}"
D16,PLD3_TMEM106B_no_mCherry,8,488nm Binned,0.0,0.0,1.0,1.0,1.0,0.0,True,reference_timepoint,D,16,"{'y_start': 0, 'y_stop': 2868, 'x_start': 1222, 'x_stop': 2868}"
D16,PLD3_TMEM106B_no_mCherry,12,488nm Binned,0.0,211.60000610351562,0.0019290530287028906,0.0033026440138892257,0.9262203604938928,0.9999999999999895,True,phase_cross_correlation_on_stable_channel,D,16,"{'y_start': 0, 'y_stop': 2868, 'x_start': 1222, 'x_stop': 2868}"
D16,PLD3_TMEM106B_no_mCherry,16,488nm Binned,0.0,1221.699951171875,0.008846456741746115,0.008206907957453932,0.5740237269275191,0.9999999999999732,True,phase_cross_correlation_on_stable_channel,D,16,"{'y_start': 0, 'y_stop': 2868, 'x_start': 1222, 'x_stop': 2868}"
D17,PLD3_TMEM106B_no_mCherry,8,488nm Binned,0.0,0.0,1.0,1.0,1.0,0.0,True,reference_timepoint,D,17,"{'y_start': 0, 'y_stop': 2259, 'x_start': 991, 'x_stop': 2868}"
D17,PLD3_TMEM106B_no_mCherry,12,488nm Binned,-608.4000244140625,0.0,0.009929449560475206,0.011565470992501638,0.7878661002740368,0.9999999999999786,True,phase_cross_correlation_on_stable_channel,D,17,"{'y_start': 0, 'y_stop': 2259, 'x_start': 991, 'x_stop': 2868}"
D17,PLD3_TMEM106B_no_mCherry,16,488nm Binned,0.0,990.2000122070312,0.015287594254446094,0.017692091091326256,0.654741976217911,0.9999999999999605,True,phase_cross_correlation_on_stable_channel,D,17,"{'y_start': 0, 'y_stop': 2259, 'x_start': 991, 'x_stop': 2868}"
D18,PLD3_TMEM106B_no_mCherry,8,488nm Binned,0.0,0.0,1.0,1.0,1.0,0.0,True,reference_timepoint,D,18,"{'y_start': 0, 'y_stop': 2868, 'x_start': 1057, 'x_stop': 2868}"
D18,PLD3_TMEM106B_no_mCherry,12,488nm Binned,0.0,571.7000122070312,0.013325102329385535,0.01013745583771555,0.8006624783099612,0.9999999999999747,True,phase_cross_correlation_on_stable_channel,D,18,"{'y_start': 0, 'y_stop': 2868, 'x_start': 1057, 'x_stop': 2868}"
D18,PLD3_TMEM106B_no_mCherry,16,488nm Binned,0.0,1056.699951171875,0.004770246016378417,0.007531149182494551,0.6315551076806573,0.9999999999999815,True,phase_cross_correlation_on_stable_channel,D,18,"{'y_start': 0, 'y_stop': 2868, 'x_start': 1057, 'x_stop': 2868}"
D19,PLD3_TMEM106B_no_mCherry,8,488nm Binned,0.0,0.0,1.0,1.0,1.0,0.0,True,reference_timepoint,D,19,"{'y_start': 517, 'y_stop': 2868, 'x_start': 290, 'x_stop': 2868}"
D19,PLD3_TMEM106B_no_mCherry,12,488nm Binned,516.2000122070312,0.0,7.970569934250851e-05,0.005740081818167231,0.8200139427451076,0.9999999999999684,True,phase_cross_correlation_on_stable_channel,D,19,"{'y_start': 517, 'y_stop': 2868, 'x_start': 290, 'x_stop': 2868}"
D19,PLD3_TMEM106B_no_mCherry,16,488nm Binned,0.0,289.1000061035156,0.005058807897990554,0.006559052062584197,0.8991980452916613,0.9999999999999886,True,phase_cross_correlation_on_stable_channel,D,19,"{'y_start': 517, 'y_stop': 2868, 'x_start': 290, 'x_stop': 2868}"
D20,PLD3_TMEM106B_no_mCherry,8,488nm Binned,0.0,0.0,1.0,1.0,1.0,0.0,True,reference_timepoint,D,20,"{'y_start': 0, 'y_stop': 1899, 'x_start': 0, 'x_stop': 2868}"
D20,PLD3_TMEM106B_no_mCherry,12,488nm Binned,-968.5,0.0,0.005307358498241007,0.0019828014116442545,0.6623082287308228,0.9999999999999818,True,phase_cross_correlation_on_stable_channel,D,20,"{'y_start': 0, 'y_stop': 1899, 'x_start': 0, 'x_stop': 2868}"
D20,PLD3_TMEM106B_no_mCherry,16,488nm Binned,-215.0,0.0,-0.0013174523249620254,0.004992021096382546,0.9250348675034867,0.9999999999999912,True,phase_cross_correlation_on_stable_channel,D,20,"{'y_start': 0, 'y_stop': 1899, 'x_start': 0, 'x_stop': 2868}"
E05,PLD3_mCherry_reporter_control,8,488nm Binned,0.0,0.0,1.0,1.0,1.0,0.0,True,reference_timepoint,E,05,"{'y_start': 0, 'y_stop': 2343, 'x_start': 0, 'x_stop': 2868}"
E05,PLD3_mCherry_reporter_control,12,488nm Binned,-524.7000122070312,0.0,0.0009767041345922552,0.000429893891280636,0.8170502049487339,0.9999999999999203,True,phase_cross_correlation_on_stable_channel,E,05,"{'y_start': 0, 'y_stop': 2343, 'x_start': 0, 'x_stop': 2868}"
E05,PLD3_mCherry_reporter_control,16,488nm Binned,-83.9000015258789,0.0,0.018409225799900123,0.00667265679125172,0.9707461640425806,0.9999999999999646,True,phase_cross_correlation_on_stable_channel,E,05,"{'y_start': 0, 'y_stop': 2343, 'x_start': 0, 'x_stop': 2868}"
E06,PLD3_mCherry_reporter_control,8,488nm Binned,0.0,0.0,1.0,1.0,1.0,0.0,True,reference_timepoint,E,06,"{'y_start': 0, 'y_stop': 2868, 'x_start': 438, 'x_stop': 2868}"
E06,PLD3_mCherry_reporter_control,12,488nm Binned,0.0,116.80000305175781,0.0017143910750080588,0.0035738920804603736,0.9592747548634039,0.9999999999999745,True,phase_cross_correlation_on_stable_channel,E,06,"{'y_start': 0, 'y_stop': 2868, 'x_start': 438, 'x_stop': 2868}"
E06,PLD3_mCherry_reporter_control,16,488nm Binned,0.0,437.6000061035156,0.01645927225321437,0.001019174750702998,0.847419802613837,0.9999999999999891,True,phase_cross_correlation_on_stable_channel,E,06,"{'y_start': 0, 'y_stop': 2868, 'x_start': 438, 'x_stop': 2868}"
E07,PLD3_mCherry_reporter_control,8,488nm Binned,0.0,0.0,1.0,1.0,1.0,0.0,True,reference_timepoint,E,07,"{'y_start': 0, 'y_stop': 2867, 'x_start': 0, 'x_stop': 2868}"
E07,PLD3_mCherry_reporter_control,12,488nm Binned,-0.10000000149011612,0.0,0.09613168340680596,0.08915805135570677,0.9999651324959937,0.9999999999999997,True,phase_cross_correlation_on_stable_channel,E,07,"{'y_start': 0, 'y_stop': 2867, 'x_start': 0, 'x_stop': 2868}"
E07,PLD3_mCherry_reporter_control,16,488nm Binned,0.0,0.0,0.09970707008555546,0.09970707008555546,1.0,0.9999999999999998,True,phase_cross_correlation_on_stable_channel,E,07,"{'y_start': 0, 'y_stop': 2867, 'x_start': 0, 'x_stop': 2868}"
E08,PLD3_mCherry_reporter_control,8,488nm Binned,0.0,0.0,1.0,1.0,1.0,0.0,True,reference_timepoint,E,08,"{'y_start': 516, 'y_stop': 2868, 'x_start': 1118, 'x_stop': 2868}"
E08,PLD3_mCherry_reporter_control,12,488nm Binned,0.0,1117.9000244140625,0.004033750551400215,-0.0023856589432818907,0.6102161700090437,0.9999999999999787,True,phase_cross_correlation_on_stable_channel,E,08,"{'y_start': 516, 'y_stop': 2868, 'x_start': 1118, 'x_stop': 2868}"
E08,PLD3_mCherry_reporter_control,16,488nm Binned,515.9000244140625,0.0,0.005697001091336554,0.0022237231735773213,0.8201185409992808,0.9999999999999899,True,phase_cross_correlation_on_stable_channel,E,08,"{'y_start': 516, 'y_stop': 2868, 'x_start': 1118, 'x_stop': 2868}"
E09,PLD3_mCherry_reporter_control,8,488nm Binned,0.0,0.0,1.0,1.0,1.0,0.0,True,reference_timepoint,E,09,"{'y_start': 0, 'y_stop': 2868, 'x_start': 777, 'x_stop': 2510}"
E09,PLD3_mCherry_reporter_control,12,488nm Binned,0.0,-357.20001220703125,-0.0033306572164602454,0.006356220150608517,0.8754532732890407,0.9999999999999654,True,phase_cross_correlation_on_stable_channel,E,09,"{'y_start': 0, 'y_stop': 2868, 'x_start': 777, 'x_stop': 2510}"
E09,PLD3_mCherry_reporter_control,16,488nm Binned,0.0,776.7999877929688,0.008379024459645966,-0.0009972645625501227,0.7291492371712104,0.9999999999999755,True,phase_cross_correlation_on_stable_channel,E,09,"{'y_start': 0, 'y_stop': 2868, 'x_start': 777, 'x_stop': 2510}"
E10,PLD3_mCherry_reporter_control,8,488nm Binned,0.0,0.0,1.0,1.0,1.0,0.0,True,reference_timepoint,E,10,"{'y_start': 0, 'y_stop': 2868, 'x_start': 0, 'x_stop': 2380}"
E10,PLD3_mCherry_reporter_control,12,488nm Binned,0.0,-487.70001220703125,0.0021515718942010853,-0.0002668174983508768,0.8299511812388315,0.9999999999999786,True,phase_cross_correlation_on_stable_channel,E,10,"{'y_start': 0, 'y_stop': 2868, 'x_start': 0, 'x_stop': 2380}"
E10,PLD3_mCherry_reporter_control,16,488nm Binned,0.0,-326.79998779296875,0.00995022535756007,-0.005183589239260723,0.886053002861587,0.9999999999999888,True,phase_cross_correlation_on_stable_channel,E,10,"{'y_start': 0, 'y_stop': 2868, 'x_start': 0, 'x_stop': 2380}"
E11,PLD3_mCherry_reporter_control,8,488nm Binned,0.0,0.0,1.0,1.0,1.0,0.0,True,reference_timepoint,E,11,"{'y_start': 0, 'y_stop': 2283, 'x_start': 0, 'x_stop': 2594}"
E11,PLD3_mCherry_reporter_control,12,488nm Binned,-585.0,0.0,-0.0031839633667061725,-0.0018930072626831406,0.7960251046025104,0.9999999999999803,True,phase_cross_correlation_on_stable_channel,E,11,"{'y_start': 0, 'y_stop': 2283, 'x_start': 0, 'x_stop': 2594}"
E11,PLD3_mCherry_reporter_control,16,488nm Binned,0.0,-273.29998779296875,0.015935559200305684,0.0012882952860016705,0.9047071172269984,0.9999999999999699,True,phase_cross_correlation_on_stable_channel,E,11,"{'y_start': 0, 'y_stop': 2283, 'x_start': 0, 'x_stop': 2594}"
E12,PLD3_mCherry_reporter_control,8,488nm Binned,0.0,0.0,1.0,1.0,1.0,0.0,True,reference_timepoint,E,12,"{'y_start': 762, 'y_stop': 2786, 'x_start': 0, 'x_stop': 2868}"
E12,PLD3_mCherry_reporter_control,12,488nm Binned,761.7999877929688,0.0,0.0025991548766059742,0.002530432694109803,0.7343793626942229,0.99999999999998,True,phase_cross_correlation_on_stable_channel,E,12,"{'y_start': 762, 'y_stop': 2786, 'x_start': 0, 'x_stop': 2868}"
E12,PLD3_mCherry_reporter_control,16,488nm Binned,-81.69999694824219,0.0,0.005016358416465096,0.006044003184960248,0.9715132507153967,0.9999999999999668,True,phase_cross_correlation_on_stable_channel,E,12,"{'y_start': 762, 'y_stop': 2786, 'x_start': 0, 'x_stop': 2868}"
E13,PLD3_mCherry_reporter_control,8,488nm Binned,0.0,0.0,1.0,1.0,1.0,0.0,True,reference_timepoint,E,13,"{'y_start': 0, 'y_stop': 2868, 'x_start': 600, 'x_stop': 2868}"
E13,PLD3_mCherry_reporter_control,12,488nm Binned,0.0,599.9000244140625,0.009055905696270199,-0.0019771320402494027,0.7908298380704105,0.9999999999999869,True,phase_cross_correlation_on_stable_channel,E,13,"{'y_start': 0, 'y_stop': 2868, 'x_start': 600, 'x_stop': 2868}"
E13,PLD3_mCherry_reporter_control,16,488nm Binned,0.0,225.0,0.0024112084958372495,-0.0018450654103535238,0.9215481171548117,0.9999999999999661,True,phase_cross_correlation_on_stable_channel,E,13,"{'y_start': 0, 'y_stop': 2868, 'x_start': 600, 'x_stop': 2868}"
E14,PLD3_mCherry_reporter_control,8,488nm Binned,0.0,0.0,1.0,1.0,1.0,0.0,True,reference_timepoint,E,14,"{'y_start': 808, 'y_stop': 2868, 'x_start': 0, 'x_stop': 2476}"
E14,PLD3_mCherry_reporter_control,12,488nm Binned,807.7999877929688,0.0,0.004894202919506315,-0.007233143736132173,0.7183403110903177,0.9999999999999936,True,phase_cross_correlation_on_stable_channel,E,14,"{'y_start': 808, 'y_stop': 2868, 'x_start': 0, 'x_stop': 2476}"
E14,PLD3_mCherry_reporter_control,16,488nm Binned,0.0,-391.1000061035156,0.0018659670011554118,0.0004117515105216296,0.8636331917351758,0.999999999999971,True,phase_cross_correlation_on_stable_channel,E,14,"{'y_start': 808, 'y_stop': 2868, 'x_start': 0, 'x_stop': 2476}"
E15,PLD3_mCherry_reporter_control,8,488nm Binned,0.0,0.0,1.0,1.0,1.0,0.0,True,reference_timepoint,E,15,"{'y_start': 0, 'y_stop': 2868, 'x_start': 492, 'x_stop': 2281}"
E15,PLD3_mCherry_reporter_control,12,488nm Binned,0.0,491.29998779296875,0.004139155440136154,0.006655195200893171,0.8286959596258826,0.9999999999999718,True,phase_cross_correlation_on_stable_channel,E,15,"{'y_start': 0, 'y_stop': 2868, 'x_start': 492, 'x_stop': 2281}"
E15,PLD3_mCherry_reporter_control,16,488nm Binned,0.0,-586.2999877929688,0.010438384251381126,0.008513284252147896,0.7955718313134698,0.9999999999999654,True,phase_cross_correlation_on_stable_channel,E,15,"{'y_start': 0, 'y_stop': 2868, 'x_start': 492, 'x_stop': 2281}"
E16,PLD3_mCherry_reporter_control,8,488nm Binned,0.0,0.0,1.0,1.0,1.0,0.0,True,reference_timepoint,E,16,"{'y_start': 0, 'y_stop': 2776, 'x_start': 0, 'x_stop': 1687}"
E16,PLD3_mCherry_reporter_control,12,488nm Binned,-91.9000015258789,0.0,0.006731714701162227,0.004959706284694899,0.9679567637636406,0.9999999999999689,True,phase_cross_correlation_on_stable_channel,E,16,"{'y_start': 0, 'y_stop': 2776, 'x_start': 0, 'x_stop': 1687}"
E16,PLD3_mCherry_reporter_control,16,488nm Binned,0.0,-1180.4000244140625,0.0032985231761272346,-0.008649925682476379,0.5884239803298248,0.9999999999999769,True,phase_cross_correlation_on_stable_channel,E,16,"{'y_start': 0, 'y_stop': 2776, 'x_start': 0, 'x_stop': 1687}"
E17,PLD3_mCherry_reporter_control,8,488nm Binned,0.0,0.0,1.0,1.0,1.0,0.0,True,reference_timepoint,E,17,"{'y_start': 0, 'y_stop': 2272, 'x_start': 0, 'x_stop': 1921}"
E17,PLD3_mCherry_reporter_control,12,488nm Binned,-595.0999755859375,0.0,-0.0009335439671205383,0.0013886054129742234,0.7925034952629227,0.9999999999999517,True,phase_cross_correlation_on_stable_channel,E,17,"{'y_start': 0, 'y_stop': 2272, 'x_start': 0, 'x_stop': 1921}"
E17,PLD3_mCherry_reporter_control,16,488nm Binned,0.0,-946.0999755859375,0.00474929228802096,0.0012222793204332623,0.670118558024429,0.9999999999999745,True,phase_cross_correlation_on_stable_channel,E,17,"{'y_start': 0, 'y_stop': 2272, 'x_start': 0, 'x_stop': 1921}"
E18,PLD3_mCherry_reporter_control,8,488nm Binned,0.0,0.0,1.0,1.0,1.0,0.0,True,reference_timepoint,E,18,"{'y_start': 0, 'y_stop': 2868, 'x_start': 0, 'x_stop': 2596}"
E18,PLD3_mCherry_reporter_control,12,488nm Binned,0.0,-128.1999969482422,0.004791777904363928,0.005835852581959206,0.9552998615940578,0.9999999999999895,True,phase_cross_correlation_on_stable_channel,E,18,"{'y_start': 0, 'y_stop': 2868, 'x_start': 0, 'x_stop': 2596}"
E18,PLD3_mCherry_reporter_control,16,488nm Binned,0.0,-272.0,0.0009383821200259516,-0.005000598783216457,0.905160390516039,0.999999999999992,True,phase_cross_correlation_on_stable_channel,E,18,"{'y_start': 0, 'y_stop': 2868, 'x_start': 0, 'x_stop': 2596}"
E19,PLD3_mCherry_reporter_control,8,488nm Binned,0.0,0.0,1.0,1.0,1.0,0.0,True,reference_timepoint,E,19,"{'y_start': 0, 'y_stop': 2868, 'x_start': 376, 'x_stop': 2868}"
E19,PLD3_mCherry_reporter_control,12,488nm Binned,0.0,375.5,0.0017747596039989193,-0.0021238487875363133,0.8690725244072525,0.9999999999999851,True,phase_cross_correlation_on_stable_channel,E,19,"{'y_start': 0, 'y_stop': 2868, 'x_start': 376, 'x_stop': 2868}"
E19,PLD3_mCherry_reporter_control,16,488nm Binned,0.0,239.10000610351562,0.01048900962944098,0.002324471401149077,0.9166317970350364,0.9999999999999898,True,phase_cross_correlation_on_stable_channel,E,19,"{'y_start': 0, 'y_stop': 2868, 'x_start': 376, 'x_stop': 2868}"
E20,PLD3_mCherry_reporter_control,8,488nm Binned,0.0,0.0,1.0,1.0,1.0,0.0,True,reference_timepoint,E,20,"{'y_start': 0, 'y_stop': 2648, 'x_start': 681, 'x_stop': 2868}"
E20,PLD3_mCherry_reporter_control,12,488nm Binned,0.0,680.2999877929688,0.003574239959363051,0.014090468323120567,0.7627963780359244,0.9999999999999934,True,phase_cross_correlation_on_stable_channel,E,20,"{'y_start': 0, 'y_stop': 2648, 'x_start': 681, 'x_stop': 2868}"
E20,PLD3_mCherry_reporter_control,16,488nm Binned,-219.6999969482422,0.0,0.007558865103744725,0.0020929683636628214,0.9233960959036812,0.9999999999999726,True,phase_cross_correlation_on_stable_channel,E,20,"{'y_start': 0, 'y_stop': 2648, 'x_start': 681, 'x_stop': 2868}"
F05,PLD3_TMEM106B_mCherry_primary,8,488nm Binned,0.0,0.0,1.0,1.0,1.0,0.0,True,reference_timepoint,F,05,"{'y_start': 0, 'y_stop': 2004, 'x_start': 435, 'x_stop': 2868}"
F05,PLD3_TMEM106B_mCherry_primary,12,488nm Binned,-863.4000244140625,0.0,-0.004106967821267147,-0.0026135592177005547,0.6989539663828234,0.9999999999999767,True,phase_cross_correlation_on_stable_channel,F,05,"{'y_start': 0, 'y_stop': 2004, 'x_start': 435, 'x_stop': 2868}"
F05,PLD3_TMEM106B_mCherry_primary,16,488nm Binned,0.0,434.79998779296875,0.021506714419013175,0.009584996453998747,0.8483960990958965,0.9999999999999822,True,phase_cross_correlation_on_stable_channel,F,05,"{'y_start': 0, 'y_stop': 2004, 'x_start': 435, 'x_stop': 2868}"
F06,PLD3_TMEM106B_mCherry_primary,8,488nm Binned,0.0,0.0,1.0,1.0,1.0,0.0,True,reference_timepoint,F,06,"{'y_start': 0, 'y_stop': 2050, 'x_start': 0, 'x_stop': 2868}"
F06,PLD3_TMEM106B_mCherry_primary,12,488nm Binned,-799.7999877929688,0.0,0.0023876961691054136,-0.00022440133578246265,0.7211297113692577,0.9999999999999787,True,phase_cross_correlation_on_stable_channel,F,06,"{'y_start': 0, 'y_stop': 2050, 'x_start': 0, 'x_stop': 2868}"
F06,PLD3_TMEM106B_mCherry_primary,16,488nm Binned,-817.0999755859375,0.0,0.015563473006643954,0.0008603121245538098,0.715097637522337,0.9999999999999548,True,phase_cross_correlation_on_stable_channel,F,06,"{'y_start': 0, 'y_stop': 2050, 'x_start': 0, 'x_stop': 2868}"
F07,PLD3_TMEM106B_mCherry_primary,8,488nm Binned,0.0,0.0,1.0,1.0,1.0,0.0,True,reference_timepoint,F,07,"{'y_start': 0, 'y_stop': 2868, 'x_start': 788, 'x_stop': 2868}"
F07,PLD3_TMEM106B_mCherry_primary,12,488nm Binned,0.0,787.7999877929688,0.0025321272560466833,-0.004758803058406663,0.7253138117876679,0.9999999999999942,True,phase_cross_correlation_on_stable_channel,F,07,"{'y_start': 0, 'y_stop': 2868, 'x_start': 788, 'x_stop': 2868}"
F07,PLD3_TMEM106B_mCherry_primary,16,488nm Binned,0.0,496.20001220703125,0.01583888650781688,-0.0041835232518923505,0.8269874434424577,0.9999999999999841,True,phase_cross_correlation_on_stable_channel,F,07,"{'y_start': 0, 'y_stop': 2868, 'x_start': 788, 'x_stop': 2868}"
F08,PLD3_TMEM106B_mCherry_primary,8,488nm Binned,0.0,0.0,1.0,1.0,1.0,0.0,True,reference_timepoint,F,08,"{'y_start': 0, 'y_stop': 2868, 'x_start': 689, 'x_stop': 1957}"
F08,PLD3_TMEM106B_mCherry_primary,12,488nm Binned,0.0,-910.5999755859375,-0.004618242484745462,-0.0058683089001776104,0.6824965217622254,0.9999999999999885,True,phase_cross_correlation_on_stable_channel,F,08,"{'y_start': 0, 'y_stop': 2868, 'x_start': 689, 'x_stop': 1957}"
F08,PLD3_TMEM106B_mCherry_primary,16,488nm Binned,0.0,688.5,0.020011321309529907,-0.0004997395899953825,0.7599372384937239,0.9999999999999851,True,phase_cross_correlation_on_stable_channel,F,08,"{'y_start': 0, 'y_stop': 2868, 'x_start': 689, 'x_stop': 1957}"
F09,PLD3_TMEM106B_mCherry_primary,8,488nm Binned,0.0,0.0,1.0,1.0,1.0,0.0,True,reference_timepoint,F,09,"{'y_start': 0, 'y_stop': 2830, 'x_start': 0, 'x_stop': 2683}"
F09,PLD3_TMEM106B_mCherry_primary,12,488nm Binned,0.0,-184.60000610351562,-0.00046861673230965984,-0.002383486492570016,0.9356345864353154,0.9999999999999806,True,phase_cross_correlation_on_stable_channel,F,09,"{'y_start': 0, 'y_stop': 2830, 'x_start': 0, 'x_stop': 2683}"
F09,PLD3_TMEM106B_mCherry_primary,16,488nm Binned,-37.29999923706055,0.0,0.0009752837467544588,0.027008280113329147,0.98699442146546,0.9999999999999685,True,phase_cross_correlation_on_stable_channel,F,09,"{'y_start': 0, 'y_stop': 2830, 'x_start': 0, 'x_stop': 2683}"
F10,PLD3_TMEM106B_mCherry_primary,8,488nm Binned,0.0,0.0,1.0,1.0,1.0,0.0,True,reference_timepoint,F,10,"{'y_start': 0, 'y_stop': 2857, 'x_start': 1172, 'x_stop': 2868}"
F10,PLD3_TMEM106B_mCherry_primary,12,488nm Binned,-10.199999809265137,0.0,0.0024655835757587392,-0.003016446860882654,0.9964435147108559,0.9999999999999826,True,phase_cross_correlation_on_stable_channel,F,10,"{'y_start': 0, 'y_stop': 2857, 'x_start': 1172, 'x_stop': 2868}"
F10,PLD3_TMEM106B_mCherry_primary,16,488nm Binned,0.0,1172.0,0.0007461808632084232,-0.0034432215859269664,0.5913528591352859,0.999999999999973,True,phase_cross_correlation_on_stable_channel,F,10,"{'y_start': 0, 'y_stop': 2857, 'x_start': 1172, 'x_stop': 2868}"
F11,PLD3_TMEM106B_mCherry_primary,8,488nm Binned,0.0,0.0,1.0,1.0,1.0,0.0,True,reference_timepoint,F,11,"{'y_start': 0, 'y_stop': 2868, 'x_start': 34, 'x_stop': 1673}"
F11,PLD3_TMEM106B_mCherry_primary,12,488nm Binned,0.0,33.599998474121094,-0.0009908961303398845,-0.004569312830086507,0.9882845193604878,0.9999999999999885,True,phase_cross_correlation_on_stable_channel,F,11,"{'y_start': 0, 'y_stop': 2868, 'x_start': 34, 'x_stop': 1673}"
F11,PLD3_TMEM106B_mCherry_primary,16,488nm Binned,0.0,-1195.0,0.0011649258068330004,0.0004783613670666016,0.5833333333333334,0.9999999999999792,True,phase_cross_correlation_on_stable_channel,F,11,"{'y_start': 0, 'y_stop': 2868, 'x_start': 34, 'x_stop': 1673}"
F12,PLD3_TMEM106B_mCherry_primary,8,488nm Binned,0.0,0.0,1.0,1.0,1.0,0.0,True,reference_timepoint,F,12,"{'y_start': 192, 'y_stop': 2868, 'x_start': 720, 'x_stop': 2868}"
F12,PLD3_TMEM106B_mCherry_primary,12,488nm Binned,0.0,719.2000122070312,-0.0034657209173273567,0.005091861297482487,0.7492329106670045,0.9999999999999714,True,phase_cross_correlation_on_stable_channel,F,12,"{'y_start': 192, 'y_stop': 2868, 'x_start': 720, 'x_stop': 2868}"
F12,PLD3_TMEM106B_mCherry_primary,16,488nm Binned,191.3000030517578,0.0,0.0023749151304926185,-0.004811317508169969,0.9332984647657748,0.9999999999999855,True,phase_cross_correlation_on_stable_channel,F,12,"{'y_start': 192, 'y_stop': 2868, 'x_start': 720, 'x_stop': 2868}"
F13,PLD3_TMEM106B_mCherry_primary,8,488nm Binned,0.0,0.0,1.0,1.0,1.0,0.0,True,reference_timepoint,F,13,"{'y_start': 868, 'y_stop': 2868, 'x_start': 478, 'x_stop': 2868}"
F13,PLD3_TMEM106B_mCherry_primary,12,488nm Binned,867.7000122070312,0.0,0.00117098467299761,-0.009347416517442688,0.6974546679891802,0.9999999999999877,True,phase_cross_correlation_on_stable_channel,F,13,"{'y_start': 868, 'y_stop': 2868, 'x_start': 478, 'x_stop': 2868}"
F13,PLD3_TMEM106B_mCherry_primary,16,488nm Binned,0.0,477.8999938964844,0.011529273458163488,0.000101685608355553,0.8333682029649636,0.9999999999999856,True,phase_cross_correlation_on_stable_channel,F,13,"{'y_start': 868, 'y_stop': 2868, 'x_start': 478, 'x_stop': 2868}"
F14,PLD3_TMEM106B_mCherry_primary,8,488nm Binned,0.0,0.0,1.0,1.0,1.0,0.0,True,reference_timepoint,F,14,"{'y_start': 33, 'y_stop': 2868, 'x_start': 0, 'x_stop': 1947}"
F14,PLD3_TMEM106B_mCherry_primary,12,488nm Binned,33.0,0.0,-0.0008313886654714662,-0.0013876018485477226,0.9884937238493724,0.9999999999999835,True,phase_cross_correlation_on_stable_channel,F,14,"{'y_start': 33, 'y_stop': 2868, 'x_start': 0, 'x_stop': 1947}"
F14,PLD3_TMEM106B_mCherry_primary,16,488nm Binned,0.0,-920.7999877929688,0.007782565371719753,-0.0008816403396055176,0.6789400321502899,0.9999999999999912,True,phase_cross_correlation_on_stable_channel,F,14,"{'y_start': 33, 'y_stop': 2868, 'x_start': 0, 'x_stop': 1947}"
F15,PLD3_TMEM106B_mCherry_primary,8,488nm Binned,0.0,0.0,1.0,1.0,1.0,0.0,True,reference_timepoint,F,15,"{'y_start': 0, 'y_stop': 2868, 'x_start': 305, 'x_stop': 2852}"
F15,PLD3_TMEM106B_mCherry_primary,12,488nm Binned,0.0,305.0,0.004696311962843413,0.0024739636550058005,0.8936541143654114,0.9999999999999933,True,phase_cross_correlation_on_stable_channel,F,15,"{'y_start': 0, 'y_stop': 2868, 'x_start': 305, 'x_stop': 2852}"
F15,PLD3_TMEM106B_mCherry_primary,16,488nm Binned,0.0,-15.100000381469727,0.002652789848459259,0.00267929665390631,0.9947350068404918,0.9999999999999856,True,phase_cross_correlation_on_stable_channel,F,15,"{'y_start': 0, 'y_stop': 2868, 'x_start': 305, 'x_stop': 2852}"
F16,PLD3_TMEM106B_mCherry_primary,8,488nm Binned,0.0,0.0,1.0,1.0,1.0,0.0,True,reference_timepoint,F,16,"{'y_start': 294, 'y_stop': 2868, 'x_start': 1314, 'x_stop': 2868}"
F16,PLD3_TMEM106B_mCherry_primary,12,488nm Binned,294.0,0.0,-0.0030523996650246204,-0.0012745851420134721,0.897489539748954,0.9999999999999861,True,phase_cross_correlation_on_stable_channel,F,16,"{'y_start': 294, 'y_stop': 2868, 'x_start': 1314, 'x_stop': 2868}"
F16,PLD3_TMEM106B_mCherry_primary,16,488nm Binned,0.0,1313.9000244140625,0.008906126238482744,0.004601533104751211,0.5418758631750131,0.9999999999999923,True,phase_cross_correlation_on_stable_channel,F,16,"{'y_start': 294, 'y_stop': 2868, 'x_start': 1314, 'x_stop': 2868}"
F17,PLD3_TMEM106B_mCherry_primary,8,488nm Binned,0.0,0.0,1.0,1.0,1.0,0.0,True,reference_timepoint,F,17,"{'y_start': 0, 'y_stop': 2197, 'x_start': 0, 'x_stop': 2868}"
F17,PLD3_TMEM106B_mCherry_primary,12,488nm Binned,-670.2999877929688,0.0,0.004376863981042967,-0.00372230769124403,0.7662831283845994,0.9999999999999718,True,phase_cross_correlation_on_stable_channel,F,17,"{'y_start': 0, 'y_stop': 2197, 'x_start': 0, 'x_stop': 2868}"
F17,PLD3_TMEM106B_mCherry_primary,16,488nm Binned,-500.5,0.0,0.001999941898098585,-0.005248209729287399,0.8254881450488145,0.9999999999999738,True,phase_cross_correlation_on_stable_channel,F,17,"{'y_start': 0, 'y_stop': 2197, 'x_start': 0, 'x_stop': 2868}"
F18,PLD3_TMEM106B_mCherry_primary,8,488nm Binned,0.0,0.0,1.0,1.0,1.0,0.0,True,reference_timepoint,F,18,"{'y_start': 0, 'y_stop': 2868, 'x_start': 1141, 'x_stop': 2868}"
F18,PLD3_TMEM106B_mCherry_primary,12,488nm Binned,0.0,742.2999877929688,0.00669212370582869,-0.0002225479002657045,0.7411785258741392,0.9999999999999916,True,phase_cross_correlation_on_stable_channel,F,18,"{'y_start': 0, 'y_stop': 2868, 'x_start': 1141, 'x_stop': 2868}"
F18,PLD3_TMEM106B_mCherry_primary,16,488nm Binned,0.0,1140.0999755859375,1.7732801008100695e-05,4.148112147457086e-05,0.6024756012601333,0.9999999999999856,True,phase_cross_correlation_on_stable_channel,F,18,"{'y_start': 0, 'y_stop': 2868, 'x_start': 1141, 'x_stop': 2868}"
F19,PLD3_TMEM106B_mCherry_primary,8,488nm Binned,0.0,0.0,1.0,1.0,1.0,0.0,True,reference_timepoint,F,19,"{'y_start': 0, 'y_stop': 2868, 'x_start': 0, 'x_stop': 1536}"
F19,PLD3_TMEM106B_mCherry_primary,12,488nm Binned,0.0,-1331.0999755859375,0.004072675806348318,-0.002601872819758006,0.5358786696004402,0.9999999999999892,True,phase_cross_correlation_on_stable_channel,F,19,"{'y_start': 0, 'y_stop': 2868, 'x_start': 0, 'x_stop': 1536}"
F19,PLD3_TMEM106B_mCherry_primary,16,488nm Binned,0.0,-507.1000061035156,-0.0009759125843655514,0.005028725333208659,0.8231868876905455,0.9999999999999796,True,phase_cross_correlation_on_stable_channel,F,19,"{'y_start': 0, 'y_stop': 2868, 'x_start': 0, 'x_stop': 1536}"
F20,PLD3_TMEM106B_mCherry_primary,8,488nm Binned,0.0,0.0,1.0,1.0,1.0,0.0,True,reference_timepoint,F,20,"{'y_start': 1080, 'y_stop': 2007, 'x_start': 0, 'x_stop': 2868}"
F20,PLD3_TMEM106B_mCherry_primary,12,488nm Binned,-860.4000244140625,0.0,-0.0004343820422432293,-0.00601228607170907,0.6999999914874259,0.999999999999949,True,phase_cross_correlation_on_stable_channel,F,20,"{'y_start': 1080, 'y_stop': 2007, 'x_start': 0, 'x_stop': 2868}"
F20,PLD3_TMEM106B_mCherry_primary,16,488nm Binned,1079.800048828125,0.0,0.0063344990798236975,0.005349969469986651,0.6235006803249216,0.9999999999999781,True,phase_cross_correlation_on_stable_channel,F,20,"{'y_start': 1080, 'y_stop': 2007, 'x_start': 0, 'x_stop': 2868}"
G05,PLD3_only_no_mCherry,8,488nm Binned,0.0,0.0,1.0,1.0,1.0,0.0,True,reference_timepoint,G,05,"{'y_start': 0, 'y_stop': 2868, 'x_start': 0, 'x_stop': 1745}"
G05,PLD3_only_no_mCherry,12,488nm Binned,0.0,-1122.300048828125,0.0007908266679093287,0.002120398769408508,0.6086819913430527,0.9999999999999891,True,phase_cross_correlation_on_stable_channel,G,05,"{'y_start': 0, 'y_stop': 2868, 'x_start': 0, 'x_stop': 1745}"
G05,PLD3_only_no_mCherry,16,488nm Binned,0.0,-729.9000244140625,0.019049667026764566,-0.0060318354356305994,0.7455020835376351,0.9999999999999919,True,phase_cross_correlation_on_stable_channel,G,05,"{'y_start': 0, 'y_stop': 2868, 'x_start': 0, 'x_stop': 1745}"
G06,PLD3_only_no_mCherry,8,488nm Binned,0.0,0.0,1.0,1.0,1.0,0.0,True,reference_timepoint,G,06,"{'y_start': 0, 'y_stop': 2586, 'x_start': 0, 'x_stop': 2868}"
G06,PLD3_only_no_mCherry,12,488nm Binned,-281.20001220703125,0.0,-0.0032226646741046997,0.0015344512648007738,0.9019525759389709,0.9999999999999708,True,phase_cross_correlation_on_stable_channel,G,06,"{'y_start': 0, 'y_stop': 2586, 'x_start': 0, 'x_stop': 2868}"
G06,PLD3_only_no_mCherry,16,488nm Binned,-11.100000381469727,0.0,0.016575214901639584,0.024574765706517645,0.9961297069799617,0.9999999999999655,True,phase_cross_correlation_on_stable_channel,G,06,"{'y_start': 0, 'y_stop': 2586, 'x_start': 0, 'x_stop': 2868}"
G07,PLD3_only_no_mCherry,8,488nm Binned,0.0,0.0,1.0,1.0,1.0,0.0,True,reference_timepoint,G,07,"{'y_start': 366, 'y_stop': 2868, 'x_start': 0, 'x_stop': 1915}"
G07,PLD3_only_no_mCherry,12,488nm Binned,365.5,0.0,-0.001966962903138168,0.0022069915647899728,0.8725592747559274,0.9999999999999792,True,phase_cross_correlation_on_stable_channel,G,07,"{'y_start': 366, 'y_stop': 2868, 'x_start': 0, 'x_stop': 1915}"
G07,PLD3_only_no_mCherry,16,488nm Binned,0.0,-952.7000122070312,0.013987810967407593,0.004722761887932842,0.6678172900254424,0.9999999999999934,True,phase_cross_correlation_on_stable_channel,G,07,"{'y_start': 366, 'y_stop': 2868, 'x_start': 0, 'x_stop': 1915}"
G08,PLD3_only_no_mCherry,8,488nm Binned,0.0,0.0,1.0,1.0,1.0,0.0,True,reference_timepoint,G,08,"{'y_start': 0, 'y_stop': 2868, 'x_start': 1305, 'x_stop': 1961}"
G08,PLD3_only_no_mCherry,12,488nm Binned,0.0,-906.4000244140625,0.0016504009936725232,0.006052166984548928,0.6839609398835207,0.9999999999999865,True,phase_cross_correlation_on_stable_channel,G,08,"{'y_start': 0, 'y_stop': 2868, 'x_start': 1305, 'x_stop': 1961}"
G08,PLD3_only_no_mCherry,16,488nm Binned,0.0,1304.5999755859375,0.0012744522996270711,-0.00283303291687392,0.545118558024429,0.9999999999999827,True,phase_cross_correlation_on_stable_channel,G,08,"{'y_start': 0, 'y_stop': 2868, 'x_start': 1305, 'x_stop': 1961}"
G09,PLD3_only_no_mCherry,8,488nm Binned,0.0,0.0,1.0,1.0,1.0,0.0,True,reference_timepoint,G,09,"{'y_start': 95, 'y_stop': 1922, 'x_start': 0, 'x_stop': 2868}"
G09,PLD3_only_no_mCherry,12,488nm Binned,-945.9000244140625,0.0,-0.0041469401018669185,0.0037178490701015965,0.6701882760062544,0.9999999999999805,True,phase_cross_correlation_on_stable_channel,G,09,"{'y_start': 95, 'y_stop': 1922, 'x_start': 0, 'x_stop': 2868}"
G09,PLD3_only_no_mCherry,16,488nm Binned,94.80000305175781,0.0,0.006392923696284788,-0.001288773284528682,0.9669456056304889,0.9999999999999866,True,phase_cross_correlation_on_stable_channel,G,09,"{'y_start': 95, 'y_stop': 1922, 'x_start': 0, 'x_stop': 2868}"
G10,PLD3_only_no_mCherry,8,488nm Binned,0.0,0.0,1.0,1.0,1.0,0.0,True,reference_timepoint,G,10,"{'y_start': 0, 'y_stop': 2868, 'x_start': 986, 'x_stop': 1986}"
G10,PLD3_only_no_mCherry,12,488nm Binned,0.0,985.5,-0.0006228214816179282,0.0011840412157194107,0.6563807531380753,0.9999999999999893,True,phase_cross_correlation_on_stable_channel,G,10,"{'y_start': 0, 'y_stop': 2868, 'x_start': 986, 'x_stop': 1986}"
G10,PLD3_only_no_mCherry,16,488nm Binned,0.0,-881.5999755859375,0.007611609816875046,0.012590519864777874,0.6926080977733831,0.9999999999999941,True,phase_cross_correlation_on_stable_channel,G,10,"{'y_start': 0, 'y_stop': 2868, 'x_start': 986, 'x_stop': 1986}"
G11,PLD3_only_no_mCherry,8,488nm Binned,0.0,0.0,1.0,1.0,1.0,0.0,True,reference_timepoint,G,11,"{'y_start': 18, 'y_stop': 2868, 'x_start': 1048, 'x_stop': 2868}"
G11,PLD3_only_no_mCherry,12,488nm Binned,0.0,1047.5999755859375,0.003824731244464256,0.0034460493394764323,0.6347280419853775,0.9999999999999766,True,phase_cross_correlation_on_stable_channel,G,11,"{'y_start': 18, 'y_stop': 2868, 'x_start': 1048, 'x_stop': 2868}"
G11,PLD3_only_no_mCherry,16,488nm Binned,17.799999237060547,0.0,0.0018328118235713766,0.002232429948605872,0.9937935846453764,0.9999999999999868,True,phase_cross_correlation_on_stable_channel,G,11,"{'y_start': 18, 'y_stop': 2868, 'x_start': 1048, 'x_stop': 2868}"
G12,PLD3_only_no_mCherry,8,488nm Binned,0.0,0.0,1.0,1.0,1.0,0.0,True,reference_timepoint,G,12,"{'y_start': 0, 'y_stop': 2868, 'x_start': 0, 'x_stop': 2024}"
G12,PLD3_only_no_mCherry,12,488nm Binned,0.0,-347.1000061035156,0.0014830072652497084,0.00318672765040434,0.878974893269346,0.9999999999999944,True,phase_cross_correlation_on_stable_channel,G,12,"{'y_start': 0, 'y_stop': 2868, 'x_start': 0, 'x_stop': 2024}"
G12,PLD3_only_no_mCherry,16,488nm Binned,0.0,-843.5,0.006964568591489295,0.0021525696050434156,0.7058926080892608,0.9999999999999933,True,phase_cross_correlation_on_stable_channel,G,12,"{'y_start': 0, 'y_stop': 2868, 'x_start': 0, 'x_stop': 2024}"
G13,PLD3_only_no_mCherry,8,488nm Binned,0.0,0.0,1.0,1.0,1.0,0.0,True,reference_timepoint,G,13,"{'y_start': 0, 'y_stop': 2168, 'x_start': 236, 'x_stop': 2868}"
G13,PLD3_only_no_mCherry,12,488nm Binned,0.0,235.8000030517578,-0.0043813926389176345,-0.006166501719105844,0.9177824257141709,0.9999999999999916,True,phase_cross_correlation_on_stable_channel,G,13,"{'y_start': 0, 'y_stop': 2168, 'x_start': 236, 'x_stop': 2868}"
G13,PLD3_only_no_mCherry,16,488nm Binned,-699.2000122070312,0.0,0.002111755050382879,-0.0031402457587091266,0.7562064113643545,0.9999999999999912,True,phase_cross_correlation_on_stable_channel,G,13,"{'y_start': 0, 'y_stop': 2168, 'x_start': 236, 'x_stop': 2868}"
G14,PLD3_only_no_mCherry,8,488nm Binned,0.0,0.0,1.0,1.0,1.0,0.0,True,reference_timepoint,G,14,"{'y_start': 0, 'y_stop': 2807, 'x_start': 0, 'x_stop': 1756}"
G14,PLD3_only_no_mCherry,12,488nm Binned,0.0,-1112.0,0.0022027024767825505,0.009177520474456326,0.6122733612273361,0.9999999999999877,True,phase_cross_correlation_on_stable_channel,G,14,"{'y_start': 0, 'y_stop': 2807, 'x_start': 0, 'x_stop': 1756}"
G14,PLD3_only_no_mCherry,16,488nm Binned,-60.900001525878906,0.0,0.006148016891053324,0.015094722531106372,0.9787656898445332,0.999999999999986,True,phase_cross_correlation_on_stable_channel,G,14,"{'y_start': 0, 'y_stop': 2807, 'x_start': 0, 'x_stop': 1756}"
G15,PLD3_only_no_mCherry,8,488nm Binned,0.0,0.0,1.0,1.0,1.0,0.0,True,reference_timepoint,G,15,"{'y_start': 0, 'y_stop': 2868, 'x_start': 449, 'x_stop': 2192}"
G15,PLD3_only_no_mCherry,12,488nm Binned,0.0,-675.4000244140625,-0.0005831252565184734,0.003208488712805918,0.764504872937914,0.9999999999999861,True,phase_cross_correlation_on_stable_channel,G,15,"{'y_start': 0, 'y_stop': 2868, 'x_start': 449, 'x_stop': 2192}"
G15,PLD3_only_no_mCherry,16,488nm Binned,0.0,448.1000061035156,0.009520801715213505,-0.009087548018866133,0.8437587147477281,0.9999999999999825,True,phase_cross_correlation_on_stable_channel,G,15,"{'y_start': 0, 'y_stop': 2868, 'x_start': 449, 'x_stop': 2192}"
G16,PLD3_only_no_mCherry,8,488nm Binned,0.0,0.0,1.0,1.0,1.0,0.0,True,reference_timepoint,G,16,"{'y_start': 0, 'y_stop': 1903, 'x_start': 0, 'x_stop': 2868}"
G16,PLD3_only_no_mCherry,12,488nm Binned,-0.20000000298023224,0.0,0.004954526220205919,0.0050763951369039275,0.9999302649919873,0.9999999999999838,True,phase_cross_correlation_on_stable_channel,G,16,"{'y_start': 0, 'y_stop': 1903, 'x_start': 0, 'x_stop': 2868}"
G16,PLD3_only_no_mCherry,16,488nm Binned,-964.7999877929688,0.0,0.002096896796700694,0.003460834710016369,0.6635983306161197,0.9999999999999818,True,phase_cross_correlation_on_stable_channel,G,16,"{'y_start': 0, 'y_stop': 1903, 'x_start': 0, 'x_stop': 2868}"
G17,PLD3_only_no_mCherry,8,488nm Binned,0.0,0.0,1.0,1.0,1.0,0.0,True,reference_timepoint,G,17,"{'y_start': 0, 'y_stop': 1775, 'x_start': 170, 'x_stop': 2868}"
G17,PLD3_only_no_mCherry,12,488nm Binned,-1092.9000244140625,0.0,0.005819140312051314,-0.01064522160521517,0.6189330458807314,0.9999999999999791,True,phase_cross_correlation_on_stable_channel,G,17,"{'y_start': 0, 'y_stop': 1775, 'x_start': 170, 'x_stop': 2868}"
G17,PLD3_only_no_mCherry,16,488nm Binned,0.0,170.0,0.010385430608009984,0.0012599045226915169,0.9407252440725244,0.9999999999999916,True,phase_cross_correlation_on_stable_channel,G,17,"{'y_start': 0, 'y_stop': 1775, 'x_start': 170, 'x_stop': 2868}"
G18,PLD3_only_no_mCherry,8,488nm Binned,0.0,0.0,1.0,1.0,1.0,0.0,True,reference_timepoint,G,18,"{'y_start': 1377, 'y_stop': 2731, 'x_start': 0, 'x_stop': 2868}"
G18,PLD3_only_no_mCherry,12,488nm Binned,1376.9000244140625,0.0,0.002234354818066146,-0.009361010771418299,0.5199093359783603,0.999999999999992,True,phase_cross_correlation_on_stable_channel,G,18,"{'y_start': 1377, 'y_stop': 2731, 'x_start': 0, 'x_stop': 2868}"
G18,PLD3_only_no_mCherry,16,488nm Binned,-136.89999389648438,0.0,0.0009063893784000882,-0.0014204879405150038,0.9522663898547823,0.999999999999985,True,phase_cross_correlation_on_stable_channel,G,18,"{'y_start': 1377, 'y_stop': 2731, 'x_start': 0, 'x_stop': 2868}"
G19,PLD3_only_no_mCherry,8,488nm Binned,0.0,0.0,1.0,1.0,1.0,0.0,True,reference_timepoint,G,19,"{'y_start': 0, 'y_stop': 1783, 'x_start': 1240, 'x_stop': 2868}"
G19,PLD3_only_no_mCherry,12,488nm Binned,-1084.199951171875,0.0,0.00179658950919644,0.006286772548137959,0.6219665442218009,0.9999999999999809,True,phase_cross_correlation_on_stable_channel,G,19,"{'y_start': 0, 'y_stop': 1783, 'x_start': 1240, 'x_stop': 2868}"
G19,PLD3_only_no_mCherry,16,488nm Binned,0.0,1239.5,0.0033449970533323383,0.008699897236607176,0.5678172942817294,0.9999999999999858,True,phase_cross_correlation_on_stable_channel,G,19,"{'y_start': 0, 'y_stop': 1783, 'x_start': 1240, 'x_stop': 2868}"
G20,PLD3_only_no_mCherry,8,488nm Binned,0.0,0.0,1.0,1.0,1.0,0.0,True,reference_timepoint,G,20,"{'y_start': 0, 'y_stop': 2132, 'x_start': 0, 'x_stop': 2667}"
G20,PLD3_only_no_mCherry,12,488nm Binned,0.0,-200.1999969482422,0.014935261944260089,0.011881795490377699,0.9301952590835976,0.99999999999999,True,phase_cross_correlation_on_stable_channel,G,20,"{'y_start': 0, 'y_stop': 2132, 'x_start': 0, 'x_stop': 2667}"
G20,PLD3_only_no_mCherry,16,488nm Binned,-735.0999755859375,0.0,0.010909349599820898,0.006011141968582215,0.7436889903814723,0.9999999999999687,True,phase_cross_correlation_on_stable_channel,G,20,"{'y_start': 0, 'y_stop': 2132, 'x_start': 0, 'x_stop': 2667}"
H05,PLD3_TMEM106B_no_mCherry,8,488nm Binned,0.0,0.0,1.0,1.0,1.0,0.0,True,reference_timepoint,H,05,"{'y_start': 58, 'y_stop': 2868, 'x_start': 0, 'x_stop': 2865}"
H05,PLD3_TMEM106B_no_mCherry,12,488nm Binned,58.0,0.0,0.006964471241077476,0.0028108025566092117,0.9797768479776848,0.9999999999999879,True,phase_cross_correlation_on_stable_channel,H,05,"{'y_start': 58, 'y_stop': 2868, 'x_start': 0, 'x_stop': 2865}"
H05,PLD3_TMEM106B_no_mCherry,16,488nm Binned,0.0,-2.200000047683716,0.018330308512008668,0.019720963056653155,0.9992329149066653,0.9999999999999837,True,phase_cross_correlation_on_stable_channel,H,05,"{'y_start': 58, 'y_stop': 2868, 'x_start': 0, 'x_stop': 2865}"
H06,PLD3_TMEM106B_no_mCherry,8,488nm Binned,0.0,0.0,1.0,1.0,1.0,0.0,True,reference_timepoint,H,06,"{'y_start': 0, 'y_stop': 1985, 'x_start': 1297, 'x_stop': 2868}"
H06,PLD3_TMEM106B_no_mCherry,12,488nm Binned,-883.0,0.0,0.0016978365992882437,0.007884273868605858,0.6921199442119944,0.9999999999999821,True,phase_cross_correlation_on_stable_channel,H,06,"{'y_start': 0, 'y_stop': 1985, 'x_start': 1297, 'x_stop': 2868}"
H06,PLD3_TMEM106B_no_mCherry,16,488nm Binned,0.0,1296.300048828125,0.01317325085264518,-0.00539197660590044,0.548012535276107,0.9999999999999809,True,phase_cross_correlation_on_stable_channel,H,06,"{'y_start': 0, 'y_stop': 1985, 'x_start': 1297, 'x_stop': 2868}"
H07,PLD3_TMEM106B_no_mCherry,8,488nm Binned,0.0,0.0,1.0,1.0,1.0,0.0,True,reference_timepoint,H,07,"{'y_start': 204, 'y_stop': 2834, 'x_start': 0, 'x_stop': 2868}"
H07,PLD3_TMEM106B_no_mCherry,12,488nm Binned,-34.0,0.0,0.0008234715612057822,0.0034004482927699653,0.9881450488145049,0.9999999999999892,True,phase_cross_correlation_on_stable_channel,H,07,"{'y_start': 204, 'y_stop': 2834, 'x_start': 0, 'x_stop': 2868}"
H07,PLD3_TMEM106B_no_mCherry,16,488nm Binned,203.8000030517578,0.0,0.01569509884717141,0.006336161457370268,0.928940026829931,0.9999999999999831,True,phase_cross_correlation_on_stable_channel,H,07,"{'y_start': 204, 'y_stop': 2834, 'x_start': 0, 'x_stop': 2868}"
H08,PLD3_TMEM106B_no_mCherry,8,488nm Binned,0.0,0.0,1.0,1.0,1.0,0.0,True,reference_timepoint,H,08,"{'y_start': 0, 'y_stop': 1677, 'x_start': 0, 'x_stop': 1889}"
H08,PLD3_TMEM106B_no_mCherry,12,488nm Binned,-1190.4000244140625,0.0,0.00579325831467093,0.007460507184775137,0.5849372299811497,0.9999999999999866,True,phase_cross_correlation_on_stable_channel,H,08,"{'y_start': 0, 'y_stop': 1677, 'x_start': 0, 'x_stop': 1889}"
H08,PLD3_TMEM106B_no_mCherry,16,488nm Binned,0.0,-978.2999877929688,0.016127224284239287,-0.0025371826567150454,0.6588912176454084,0.9999999999999934,True,phase_cross_correlation_on_stable_channel,H,08,"{'y_start': 0, 'y_stop': 1677, 'x_start': 0, 'x_stop': 1889}"
H09,PLD3_TMEM106B_no_mCherry,8,488nm Binned,0.0,0.0,1.0,1.0,1.0,0.0,True,reference_timepoint,H,09,"{'y_start': 288, 'y_stop': 2868, 'x_start': 0, 'x_stop': 2868}"
H09,PLD3_TMEM106B_no_mCherry,12,488nm Binned,288.0,0.0,-0.0009759337306468112,-0.006564488063098397,0.899581589958159,0.9999999999999838,True,phase_cross_correlation_on_stable_channel,H,09,"{'y_start': 288, 'y_stop': 2868, 'x_start': 0, 'x_stop': 2868}"
H09,PLD3_TMEM106B_no_mCherry,16,488nm Binned,282.79998779296875,0.0,0.018558478716074894,-0.002406145209046284,0.9013947043957571,0.9999999999999905,True,phase_cross_correlation_on_stable_channel,H,09,"{'y_start': 288, 'y_stop': 2868, 'x_start': 0, 'x_stop': 2868}"
H10,PLD3_TMEM106B_no_mCherry,8,488nm Binned,0.0,0.0,1.0,1.0,1.0,0.0,True,reference_timepoint,H,10,"{'y_start': 206, 'y_stop': 2443, 'x_start': 0, 'x_stop': 2868}"
H10,PLD3_TMEM106B_no_mCherry,12,488nm Binned,-424.29998779296875,0.0,0.01227762520165677,0.0003553149600085313,0.8520571869620053,0.9999999999999775,True,phase_cross_correlation_on_stable_channel,H,10,"{'y_start': 206, 'y_stop': 2443, 'x_start': 0, 'x_stop': 2868}"
H10,PLD3_TMEM106B_no_mCherry,16,488nm Binned,206.0,0.0,0.00509813528071151,-0.001105710929834282,0.9281729428172942,0.9999999999999897,True,phase_cross_correlation_on_stable_channel,H,10,"{'y_start': 206, 'y_stop': 2443, 'x_start': 0, 'x_stop': 2868}"
H11,PLD3_TMEM106B_no_mCherry,8,488nm Binned,0.0,0.0,1.0,1.0,1.0,0.0,True,reference_timepoint,H,11,"{'y_start': 0, 'y_stop': 2868, 'x_start': 1, 'x_stop': 2703}"
H11,PLD3_TMEM106B_no_mCherry,12,488nm Binned,0.0,-165.0,0.00163484013934189,-0.006724862317509099,0.9424686192468619,0.9999999999999882,True,phase_cross_correlation_on_stable_channel,H,11,"{'y_start': 0, 'y_stop': 2868, 'x_start': 1, 'x_stop': 2703}"
H11,PLD3_TMEM106B_no_mCherry,16,488nm Binned,0.0,0.10000000149011612,0.003841054630367985,0.0038964746407401138,0.9999651324959937,0.9999999999999962,True,phase_cross_correlation_on_stable_channel,H,11,"{'y_start': 0, 'y_stop': 2868, 'x_start': 1, 'x_stop': 2703}"
H12,PLD3_TMEM106B_no_mCherry,8,488nm Binned,0.0,0.0,1.0,1.0,1.0,0.0,True,reference_timepoint,H,12,"{'y_start': 0, 'y_stop': 2868, 'x_start': 350, 'x_stop': 1718}"
H12,PLD3_TMEM106B_no_mCherry,12,488nm Binned,0.0,350.0,0.002274747848085792,-0.0003737539774740111,0.8779637377963738,0.9999999999999968,True,phase_cross_correlation_on_stable_channel,H,12,"{'y_start': 0, 'y_stop': 2868, 'x_start': 350, 'x_stop': 1718}"
H12,PLD3_TMEM106B_no_mCherry,16,488nm Binned,0.0,-1149.0999755859375,0.011345614447447033,-0.004763046725871028,0.5993375259463258,0.9999999999999848,True,phase_cross_correlation_on_stable_channel,H,12,"{'y_start': 0, 'y_stop': 2868, 'x_start': 350, 'x_stop': 1718}"
H13,PLD3_TMEM106B_no_mCherry,8,488nm Binned,0.0,0.0,1.0,1.0,1.0,0.0,True,reference_timepoint,H,13,"{'y_start': 0, 'y_stop': 2868, 'x_start': 160, 'x_stop': 2868}"
H13,PLD3_TMEM106B_no_mCherry,12,488nm Binned,0.0,0.0,0.0031327604659022843,0.0031327604659022843,1.0,0.9999999999999875,True,phase_cross_correlation_on_stable_channel,H,13,"{'y_start': 0, 'y_stop': 2868, 'x_start': 160, 'x_stop': 2868}"
H13,PLD3_TMEM106B_no_mCherry,16,488nm Binned,0.0,159.10000610351562,0.00036960492086855984,0.0038388639511012196,0.9445257998244366,0.9999999999999902,True,phase_cross_correlation_on_stable_channel,H,13,"{'y_start': 0, 'y_stop': 2868, 'x_start': 160, 'x_stop': 2868}"
H14,PLD3_TMEM106B_no_mCherry,8,488nm Binned,0.0,0.0,1.0,1.0,1.0,0.0,True,reference_timepoint,H,14,"{'y_start': 627, 'y_stop': 2868, 'x_start': 776, 'x_stop': 2868}"
H14,PLD3_TMEM106B_no_mCherry,12,488nm Binned,626.7000122070312,0.0,0.011246954856196952,-0.00821325328798118,0.7814853513922485,0.9999999999999697,True,phase_cross_correlation_on_stable_channel,H,14,"{'y_start': 627, 'y_stop': 2868, 'x_start': 776, 'x_stop': 2868}"
H14,PLD3_TMEM106B_no_mCherry,16,488nm Binned,0.0,775.5999755859375,0.01379874978169815,0.0015351030239239081,0.7295676514693384,0.9999999999999777,True,phase_cross_correlation_on_stable_channel,H,14,"{'y_start': 627, 'y_stop': 2868, 'x_start': 776, 'x_stop': 2868}"
H15,PLD3_TMEM106B_no_mCherry,8,488nm Binned,0.0,0.0,1.0,1.0,1.0,0.0,True,reference_timepoint,H,15,"{'y_start': 0, 'y_stop': 2868, 'x_start': 0, 'x_stop': 1710}"
H15,PLD3_TMEM106B_no_mCherry,12,488nm Binned,0.0,-56.79999923706055,0.00401224701896053,-0.0031904617600190385,0.9801952582855438,0.9999999999999827,True,phase_cross_correlation_on_stable_channel,H,15,"{'y_start': 0, 'y_stop': 2868, 'x_start': 0, 'x_stop': 1710}"
H15,PLD3_TMEM106B_no_mCherry,16,488nm Binned,0.0,-1157.300048828125,0.010332924683635478,0.005451616389758454,0.59647836512269,0.9999999999999671,True,phase_cross_correlation_on_stable_channel,H,15,"{'y_start': 0, 'y_stop': 2868, 'x_start': 0, 'x_stop': 1710}"
H16,PLD3_TMEM106B_no_mCherry,8,488nm Binned,0.0,0.0,1.0,1.0,1.0,0.0,True,reference_timepoint,H,16,"{'y_start': 0, 'y_stop': 2330, 'x_start': 0, 'x_stop': 2868}"
H16,PLD3_TMEM106B_no_mCherry,12,488nm Binned,-208.5,0.0,-0.0023258809766695298,0.001183538239841526,0.9273012552301255,0.9999999999999747,True,phase_cross_correlation_on_stable_channel,H,16,"{'y_start': 0, 'y_stop': 2330, 'x_start': 0, 'x_stop': 2868}"
H16,PLD3_TMEM106B_no_mCherry,16,488nm Binned,-537.2999877929688,0.0,0.004106920515346468,0.007662322270825447,0.8126569080219774,0.9999999999999755,True,phase_cross_correlation_on_stable_channel,H,16,"{'y_start': 0, 'y_stop': 2330, 'x_start': 0, 'x_stop': 2868}"
H17,PLD3_TMEM106B_no_mCherry,8,488nm Binned,0.0,0.0,1.0,1.0,1.0,0.0,True,reference_timepoint,H,17,"{'y_start': 0, 'y_stop': 2868, 'x_start': 0, 'x_stop': 2271}"
H17,PLD3_TMEM106B_no_mCherry,12,488nm Binned,0.0,-579.2999877929688,-0.0009801169622819298,-0.00036653738719257277,0.7980125565575423,0.9999999999999869,True,phase_cross_correlation_on_stable_channel,H,17,"{'y_start': 0, 'y_stop': 2868, 'x_start': 0, 'x_stop': 2271}"
H17,PLD3_TMEM106B_no_mCherry,16,488nm Binned,0.0,-596.5,0.0049912813106221384,-0.006371030563668653,0.7920153417015342,0.999999999999992,True,phase_cross_correlation_on_stable_channel,H,17,"{'y_start': 0, 'y_stop': 2868, 'x_start': 0, 'x_stop': 2271}"
H18,PLD3_TMEM106B_no_mCherry,8,488nm Binned,0.0,0.0,1.0,1.0,1.0,0.0,True,reference_timepoint,H,18,"{'y_start': 344, 'y_stop': 2868, 'x_start': 0, 'x_stop': 2375}"
H18,PLD3_TMEM106B_no_mCherry,12,488nm Binned,0.0,-493.0,0.00944226977851314,-0.001992796009986316,0.8281032078103208,0.9999999999999863,True,phase_cross_correlation_on_stable_channel,H,18,"{'y_start': 344, 'y_stop': 2868, 'x_start': 0, 'x_stop': 2375}"
H18,PLD3_TMEM106B_no_mCherry,16,488nm Binned,344.0,0.0,0.008902536537208149,0.0014957587406982103,0.8800557880055788,0.9999999999999792,True,phase_cross_correlation_on_stable_channel,H,18,"{'y_start': 344, 'y_stop': 2868, 'x_start': 0, 'x_stop': 2375}"
H19,PLD3_TMEM106B_no_mCherry,8,488nm Binned,0.0,0.0,1.0,1.0,1.0,0.0,True,reference_timepoint,H,19,"{'y_start': 0, 'y_stop': 1635, 'x_start': 0, 'x_stop': 2868}"
H19,PLD3_TMEM106B_no_mCherry,12,488nm Binned,-1232.9000244140625,0.0,-0.003271994975051117,0.0018468295070299236,0.5701185409992808,0.99999999999998,True,phase_cross_correlation_on_stable_channel,H,19,"{'y_start': 0, 'y_stop': 1635, 'x_start': 0, 'x_stop': 2868}"
H19,PLD3_TMEM106B_no_mCherry,16,488nm Binned,-846.2999877929688,0.0,0.0018024674408745021,0.005091024532104994,0.7049163222479189,0.9999999999999553,True,phase_cross_correlation_on_stable_channel,H,19,"{'y_start': 0, 'y_stop': 1635, 'x_start': 0, 'x_stop': 2868}"
H20,PLD3_TMEM106B_no_mCherry,8,488nm Binned,0.0,0.0,1.0,1.0,1.0,0.0,True,reference_timepoint,H,20,"{'y_start': 0, 'y_stop': 2868, 'x_start': 701, 'x_stop': 1746}"
H20,PLD3_TMEM106B_no_mCherry,12,488nm Binned,0.0,700.7999877929688,-0.002460291996253873,0.008800486484090073,0.7556485398211406,0.9999999999999929,True,phase_cross_correlation_on_stable_channel,H,20,"{'y_start': 0, 'y_stop': 2868, 'x_start': 701, 'x_stop': 1746}"
H20,PLD3_TMEM106B_no_mCherry,16,488nm Binned,0.0,-1121.699951171875,0.0014691621012977234,0.0038829707066881025,0.6088912304142695,0.9999999999999942,True,phase_cross_correlation_on_stable_channel,H,20,"{'y_start': 0, 'y_stop': 2868, 'x_start': 701, 'x_stop': 1746}"
I05,PLD3_mCherry_reporter_control,8,488nm Binned,0.0,0.0,1.0,1.0,1.0,0.0,True,reference_timepoint,I,05,"{'y_start': 1090, 'y_stop': 2321, 'x_start': 0, 'x_stop': 2868}"
I05,PLD3_mCherry_reporter_control,12,488nm Binned,-546.2999877929688,0.0,-0.0008895264645357128,0.004200007355984967,0.8095188327081699,0.999999999999979,True,phase_cross_correlation_on_stable_channel,I,05,"{'y_start': 1090, 'y_stop': 2321, 'x_start': 0, 'x_stop': 2868}"
I05,PLD3_mCherry_reporter_control,16,488nm Binned,1089.5,0.0,0.014253187221136615,-0.003756221607000427,0.620118549511855,0.9999999999999812,True,phase_cross_correlation_on_stable_channel,I,05,"{'y_start': 1090, 'y_stop': 2321, 'x_start': 0, 'x_stop': 2868}"
I06,PLD3_mCherry_reporter_control,8,488nm Binned,0.0,0.0,1.0,1.0,1.0,0.0,True,reference_timepoint,I,06,"{'y_start': 37, 'y_stop': 2868, 'x_start': 0, 'x_stop': 1937}"
I06,PLD3_mCherry_reporter_control,12,488nm Binned,36.599998474121094,0.0,0.0038492087070750684,0.00046068600386762164,0.9872384942558853,0.9999999999999818,True,phase_cross_correlation_on_stable_channel,I,06,"{'y_start': 37, 'y_stop': 2868, 'x_start': 0, 'x_stop': 1937}"
I06,PLD3_mCherry_reporter_control,16,488nm Binned,0.0,-930.2000122070312,0.01705735296754542,-0.0023434906756473594,0.6756624783099612,0.9999999999999915,True,phase_cross_correlation_on_stable_channel,I,06,"{'y_start': 37, 'y_stop': 2868, 'x_start': 0, 'x_stop': 1937}"
I07,PLD3_mCherry_reporter_control,8,488nm Binned,0.0,0.0,1.0,1.0,1.0,0.0,True,reference_timepoint,I,07,"{'y_start': 0, 'y_stop': 2868, 'x_start': 531, 'x_stop': 2609}"
I07,PLD3_mCherry_reporter_control,12,488nm Binned,0.0,-258.79998779296875,0.01452646076038915,-0.003467847613327114,0.9097629052325772,0.9999999999999915,True,phase_cross_correlation_on_stable_channel,I,07,"{'y_start': 0, 'y_stop': 2868, 'x_start': 531, 'x_stop': 2609}"
I07,PLD3_mCherry_reporter_control,16,488nm Binned,0.0,530.5999755859375,0.012576617350886983,0.008133872526318371,0.8149930350118767,0.999999999999993,True,phase_cross_correlation_on_stable_channel,I,07,"{'y_start': 0, 'y_stop': 2868, 'x_start': 531, 'x_stop': 2609}"
I08,PLD3_mCherry_reporter_control,8,488nm Binned,0.0,0.0,1.0,1.0,1.0,0.0,True,reference_timepoint,I,08,"{'y_start': 616, 'y_stop': 2868, 'x_start': 0, 'x_stop': 2868}"
I08,PLD3_mCherry_reporter_control,12,488nm Binned,615.5999755859375,0.0,0.010032487584157541,-0.005691686690037873,0.7853556570481389,0.9999999999999782,True,phase_cross_correlation_on_stable_channel,I,08,"{'y_start': 616, 'y_stop': 2868, 'x_start': 0, 'x_stop': 2868}"
I08,PLD3_mCherry_reporter_control,16,488nm Binned,524.5,0.0,0.015468086397926366,-0.005150143547094984,0.8171199442119944,0.999999999999989,True,phase_cross_correlation_on_stable_channel,I,08,"{'y_start': 616, 'y_stop': 2868, 'x_start': 0, 'x_stop': 2868}"
I09,PLD3_mCherry_reporter_control,8,488nm Binned,0.0,0.0,1.0,1.0,1.0,0.0,True,reference_timepoint,I,09,"{'y_start': 0, 'y_stop': 2868, 'x_start': 122, 'x_stop': 2752}"
I09,PLD3_mCherry_reporter_control,12,488nm Binned,0.0,121.30000305175781,-0.002548315651644832,0.001552142011505797,0.9577057172065001,0.9999999999999929,True,phase_cross_correlation_on_stable_channel,I,09,"{'y_start': 0, 'y_stop': 2868, 'x_start': 122, 'x_stop': 2752}"
I09,PLD3_mCherry_reporter_control,16,488nm Binned,0.0,-115.30000305175781,0.013964883783545705,-0.0011178112767638512,0.9597977674157051,0.999999999999989,True,phase_cross_correlation_on_stable_channel,I,09,"{'y_start': 0, 'y_stop': 2868, 'x_start': 122, 'x_stop': 2752}"
I10,PLD3_mCherry_reporter_control,8,488nm Binned,0.0,0.0,1.0,1.0,1.0,0.0,True,reference_timepoint,I,10,"{'y_start': 0, 'y_stop': 2868, 'x_start': 510, 'x_stop': 2792}"
I10,PLD3_mCherry_reporter_control,12,488nm Binned,0.0,509.8999938964844,0.004410718723310622,0.007997586068099109,0.8222106018492035,0.9999999999999859,True,phase_cross_correlation_on_stable_channel,I,10,"{'y_start': 0, 'y_stop': 2868, 'x_start': 510, 'x_stop': 2792}"
I10,PLD3_mCherry_reporter_control,16,488nm Binned,0.0,-75.0999984741211,0.007459609696058536,0.012096428335467509,0.9738145054134864,0.9999999999999806,True,phase_cross_correlation_on_stable_channel,I,10,"{'y_start': 0, 'y_stop': 2868, 'x_start': 510, 'x_stop': 2792}"
I11,PLD3_mCherry_reporter_control,8,488nm Binned,0.0,0.0,1.0,1.0,1.0,0.0,True,reference_timepoint,I,11,"{'y_start': 0, 'y_stop': 2630, 'x_start': 0, 'x_stop': 2552}"
I11,PLD3_mCherry_reporter_control,12,488nm Binned,0.0,-315.3999938964844,-0.00046673363901350687,0.0035125142820787237,0.8900278961309329,0.9999999999999922,True,phase_cross_correlation_on_stable_channel,I,11,"{'y_start': 0, 'y_stop': 2630, 'x_start': 0, 'x_stop': 2552}"
I11,PLD3_mCherry_reporter_control,16,488nm Binned,-237.60000610351562,0.0,0.012303663145003082,-0.0008707359650529566,0.9171548095873376,0.9999999999999638,True,phase_cross_correlation_on_stable_channel,I,11,"{'y_start': 0, 'y_stop': 2630, 'x_start': 0, 'x_stop': 2552}"
I12,PLD3_mCherry_reporter_control,8,488nm Binned,0.0,0.0,1.0,1.0,1.0,0.0,True,reference_timepoint,I,12,"{'y_start': 0, 'y_stop': 2868, 'x_start': 991, 'x_stop': 1464}"
I12,PLD3_mCherry_reporter_control,12,488nm Binned,0.0,-1403.9000244140625,0.00415735072081692,0.0032175705524112243,0.5104951100369378,0.9999999999999876,True,phase_cross_correlation_on_stable_channel,I,12,"{'y_start': 0, 'y_stop': 2868, 'x_start': 991, 'x_stop': 1464}"
I12,PLD3_mCherry_reporter_control,16,488nm Binned,0.0,990.5,0.01135024888767755,-0.0014323913921172704,0.6546373779637378,0.9999999999999799,True,phase_cross_correlation_on_stable_channel,I,12,"{'y_start': 0, 'y_stop': 2868, 'x_start': 991, 'x_stop': 1464}"
I13,PLD3_mCherry_reporter_control,8,488nm Binned,0.0,0.0,1.0,1.0,1.0,0.0,True,reference_timepoint,I,13,"{'y_start': 155, 'y_stop': 2868, 'x_start': 0, 'x_stop': 2428}"
I13,PLD3_mCherry_reporter_control,12,488nm Binned,154.8000030517578,0.0,0.0021841116769898044,0.002934680930816463,0.9460251035384387,0.9999999999999853,True,phase_cross_correlation_on_stable_channel,I,13,"{'y_start': 155, 'y_stop': 2868, 'x_start': 0, 'x_stop': 2428}"
I13,PLD3_mCherry_reporter_control,16,488nm Binned,0.0,-439.1000061035156,0.009744308335118794,-0.0004694505182897748,0.8468967900615357,0.9999999999999899,True,phase_cross_correlation_on_stable_channel,I,13,"{'y_start': 155, 'y_stop': 2868, 'x_start': 0, 'x_stop': 2428}"
I14,PLD3_mCherry_reporter_control,8,488nm Binned,0.0,0.0,1.0,1.0,1.0,0.0,True,reference_timepoint,I,14,"{'y_start': 481, 'y_stop': 2868, 'x_start': 0, 'x_stop': 2868}"
I14,PLD3_mCherry_reporter_control,12,488nm Binned,480.3999938964844,0.0,-0.002310669561208119,0.003963249383773756,0.8324965153777949,0.9999999999999809,True,phase_cross_correlation_on_stable_channel,I,14,"{'y_start': 481, 'y_stop': 2868, 'x_start': 0, 'x_stop': 2868}"
I14,PLD3_mCherry_reporter_control,16,488nm Binned,107.5999984741211,0.0,0.007681155917467709,0.004802152030867889,0.9624825667802925,0.9999999999999367,True,phase_cross_correlation_on_stable_channel,I,14,"{'y_start': 481, 'y_stop': 2868, 'x_start': 0, 'x_stop': 2868}"
I15,PLD3_mCherry_reporter_control,8,488nm Binned,0.0,0.0,1.0,1.0,1.0,0.0,True,reference_timepoint,I,15,"{'y_start': 0, 'y_stop': 2868, 'x_start': 32, 'x_stop': 2868}"
I15,PLD3_mCherry_reporter_control,12,488nm Binned,0.0,31.100000381469727,0.004177258752107235,-0.0005631188791598941,0.9891562062826117,0.9999999999999846,True,phase_cross_correlation_on_stable_channel,I,15,"{'y_start': 0, 'y_stop': 2868, 'x_start': 32, 'x_stop': 2868}"
I15,PLD3_mCherry_reporter_control,16,488nm Binned,0.0,22.5,0.005775508450475502,0.0010086371822781493,0.9921548117154811,0.9999999999999838,True,phase_cross_correlation_on_stable_channel,I,15,"{'y_start': 0, 'y_stop': 2868, 'x_start': 32, 'x_stop': 2868}"
I16,PLD3_mCherry_reporter_control,8,488nm Binned,0.0,0.0,1.0,1.0,1.0,0.0,True,reference_timepoint,I,16,"{'y_start': 216, 'y_stop': 1908, 'x_start': 0, 'x_stop': 2868}"
I16,PLD3_mCherry_reporter_control,12,488nm Binned,-960.0,0.0,0.0026656385753363854,0.018472621097134864,0.6652719665271967,0.9999999999999748,True,phase_cross_correlation_on_stable_channel,I,16,"{'y_start': 216, 'y_stop': 1908, 'x_start': 0, 'x_stop': 2868}"
I16,PLD3_mCherry_reporter_control,16,488nm Binned,215.10000610351562,0.0,0.011515364192982365,-0.003730852675292018,0.9249999978718565,0.9999999999999534,True,phase_cross_correlation_on_stable_channel,I,16,"{'y_start': 216, 'y_stop': 1908, 'x_start': 0, 'x_stop': 2868}"
I17,PLD3_mCherry_reporter_control,8,488nm Binned,0.0,0.0,1.0,1.0,1.0,0.0,True,reference_timepoint,I,17,"{'y_start': 0, 'y_stop': 2054, 'x_start': 329, 'x_stop': 2868}"
I17,PLD3_mCherry_reporter_control,12,488nm Binned,0.0,328.29998779296875,-0.00745894634271823,-0.001549949354704585,0.8855299903092857,0.9999999999999885,True,phase_cross_correlation_on_stable_channel,I,17,"{'y_start': 0, 'y_stop': 2054, 'x_start': 329, 'x_stop': 2868}"
I17,PLD3_mCherry_reporter_control,16,488nm Binned,-813.2999877929688,0.0,-4.605248907908294e-05,-0.0023139173651092913,0.7164225983985465,0.9999999999999789,True,phase_cross_correlation_on_stable_channel,I,17,"{'y_start': 0, 'y_stop': 2054, 'x_start': 329, 'x_stop': 2868}"
I18,PLD3_mCherry_reporter_control,8,488nm Binned,0.0,0.0,1.0,1.0,1.0,0.0,True,reference_timepoint,I,18,"{'y_start': 0, 'y_stop': 2868, 'x_start': 757, 'x_stop': 1543}"
I18,PLD3_mCherry_reporter_control,12,488nm Binned,0.0,756.4000244140625,0.003495737186455481,0.004338852771429371,0.7362621951136463,0.9999999999999862,True,phase_cross_correlation_on_stable_channel,I,18,"{'y_start': 0, 'y_stop': 2868, 'x_start': 757, 'x_stop': 1543}"
I18,PLD3_mCherry_reporter_control,16,488nm Binned,0.0,-1325.0,0.004926783104134193,0.007134240243479531,0.5380055788005579,0.9999999999999467,True,phase_cross_correlation_on_stable_channel,I,18,"{'y_start': 0, 'y_stop': 2868, 'x_start': 757, 'x_stop': 1543}"
I19,PLD3_mCherry_reporter_control,8,488nm Binned,0.0,0.0,1.0,1.0,1.0,0.0,True,reference_timepoint,I,19,"{'y_start': 0, 'y_stop': 2123, 'x_start': 67, 'x_stop': 2868}"
I19,PLD3_mCherry_reporter_control,12,488nm Binned,-744.5,0.0,-0.0050947901359370855,-0.0029119342027155424,0.7404114365411436,0.9999999999999718,True,phase_cross_correlation_on_stable_channel,I,19,"{'y_start': 0, 'y_stop': 2123, 'x_start': 67, 'x_stop': 2868}"
I19,PLD3_mCherry_reporter_control,16,488nm Binned,0.0,67.0,0.010536033877183115,0.0007140675467826231,0.9766387726638772,0.999999999999958,True,phase_cross_correlation_on_stable_channel,I,19,"{'y_start': 0, 'y_stop': 2123, 'x_start': 67, 'x_stop': 2868}"
I20,PLD3_mCherry_reporter_control,8,488nm Binned,0.0,0.0,1.0,1.0,1.0,0.0,True,reference_timepoint,I,20,"{'y_start': 486, 'y_stop': 2868, 'x_start': 0, 'x_stop': 2868}"
I20,PLD3_mCherry_reporter_control,12,488nm Binned,52.5,0.0,0.004234336666705905,-0.00424154893065542,0.981694560669456,0.9999999999999611,True,phase_cross_correlation_on_stable_channel,I,20,"{'y_start': 486, 'y_stop': 2868, 'x_start': 0, 'x_stop': 2868}"
I20,PLD3_mCherry_reporter_control,16,488nm Binned,486.0,0.0,0.013361971387399854,0.003562904485364301,0.8305439330543933,0.9999999999999509,True,phase_cross_correlation_on_stable_channel,I,20,"{'y_start': 486, 'y_stop': 2868, 'x_start': 0, 'x_stop': 2868}"
J05,PLD3_TMEM106B_mCherry_primary,8,488nm Binned,0.0,0.0,1.0,1.0,1.0,0.0,True,reference_timepoint,J,05,"{'y_start': 0, 'y_stop': 2868, 'x_start': 702, 'x_stop': 2868}"
J05,PLD3_TMEM106B_mCherry_primary,12,488nm Binned,0.0,363.0,0.0008419845451033409,-0.0036356206051519914,0.8734309623430963,0.9999999999999853,True,phase_cross_correlation_on_stable_channel,J,05,"{'y_start': 0, 'y_stop': 2868, 'x_start': 702, 'x_stop': 2868}"
J05,PLD3_TMEM106B_mCherry_primary,16,488nm Binned,0.0,701.2000122070312,0.01872548120605474,-0.002651842308154534,0.7555090612946195,0.9999999999999878,True,phase_cross_correlation_on_stable_channel,J,05,"{'y_start': 0, 'y_stop': 2868, 'x_start': 702, 'x_stop': 2868}"
J06,PLD3_TMEM106B_mCherry_primary,8,488nm Binned,0.0,0.0,1.0,1.0,1.0,0.0,True,reference_timepoint,J,06,"{'y_start': 0, 'y_stop': 2868, 'x_start': 179, 'x_stop': 2866}"
J06,PLD3_TMEM106B_mCherry_primary,12,488nm Binned,0.0,178.89999389648438,0.009159284650915766,0.007011083290979295,0.9376220383903472,0.9999999999999916,True,phase_cross_correlation_on_stable_channel,J,06,"{'y_start': 0, 'y_stop': 2868, 'x_start': 179, 'x_stop': 2866}"
J06,PLD3_TMEM106B_mCherry_primary,16,488nm Binned,0.0,-1.2000000476837158,0.017469987491654595,0.017716307581204987,0.9995815899415329,0.9999999999999862,True,phase_cross_correlation_on_stable_channel,J,06,"{'y_start': 0, 'y_stop': 2868, 'x_start': 179, 'x_stop': 2866}"
J07,PLD3_TMEM106B_mCherry_primary,8,488nm Binned,0.0,0.0,1.0,1.0,1.0,0.0,True,reference_timepoint,J,07,"{'y_start': 296, 'y_stop': 2791, 'x_start': 0, 'x_stop': 2868}"
J07,PLD3_TMEM106B_mCherry_primary,12,488nm Binned,-76.4000015258789,0.0,0.00440501946190009,0.00292802690343263,0.9733612268040869,0.9999999999999623,True,phase_cross_correlation_on_stable_channel,J,07,"{'y_start': 296, 'y_stop': 2791, 'x_start': 0, 'x_stop': 2868}"
J07,PLD3_TMEM106B_mCherry_primary,16,488nm Binned,295.8999938964844,0.0,0.012916479925849003,0.0012405229838827856,0.8968270593108493,0.9999999999999651,True,phase_cross_correlation_on_stable_channel,J,07,"{'y_start': 296, 'y_stop': 2791, 'x_start': 0, 'x_stop': 2868}"
J08,PLD3_TMEM106B_mCherry_primary,8,488nm Binned,0.0,0.0,1.0,1.0,1.0,0.0,True,reference_timepoint,J,08,"{'y_start': 0, 'y_stop': 2387, 'x_start': 0, 'x_stop': 1845}"
J08,PLD3_TMEM106B_mCherry_primary,12,488nm Binned,-480.1000061035156,0.0,-0.008736091845389897,-0.004111602536337699,0.8326011136319681,0.9999999999999877,True,phase_cross_correlation_on_stable_channel,J,08,"{'y_start': 0, 'y_stop': 2387, 'x_start': 0, 'x_stop': 1845}"
J08,PLD3_TMEM106B_mCherry_primary,16,488nm Binned,0.0,-1022.4000244140625,0.011007614027454777,0.0004887265227778295,0.6435146358388903,0.9999999999999848,True,phase_cross_correlation_on_stable_channel,J,08,"{'y_start': 0, 'y_stop': 2387, 'x_start': 0, 'x_stop': 1845}"
J09,PLD3_TMEM106B_mCherry_primary,8,488nm Binned,0.0,0.0,1.0,1.0,1.0,0.0,True,reference_timepoint,J,09,"{'y_start': 0, 'y_stop': 2868, 'x_start': 0, 'x_stop': 2642}"
J09,PLD3_TMEM106B_mCherry_primary,12,488nm Binned,0.0,-225.89999389648438,0.0034144030034975923,-0.002773396489648355,0.9212343117515744,0.9999999999999887,True,phase_cross_correlation_on_stable_channel,J,09,"{'y_start': 0, 'y_stop': 2868, 'x_start': 0, 'x_stop': 2642}"
J09,PLD3_TMEM106B_mCherry_primary,16,488nm Binned,0.0,0.0,0.011986699618036703,0.011986699618036703,1.0,0.9999999999999769,True,phase_cross_correlation_on_stable_channel,J,09,"{'y_start': 0, 'y_stop': 2868, 'x_start': 0, 'x_stop': 2642}"
J10,PLD3_TMEM106B_mCherry_primary,8,488nm Binned,0.0,0.0,1.0,1.0,1.0,0.0,True,reference_timepoint,J,10,"{'y_start': 0, 'y_stop': 2868, 'x_start': 1290, 'x_stop': 2839}"
J10,PLD3_TMEM106B_mCherry_primary,12,488nm Binned,0.0,1289.0999755859375,-0.0026061676118195455,-0.0015164677005088981,0.5505230210648754,0.9999999999999853,True,phase_cross_correlation_on_stable_channel,J,10,"{'y_start': 0, 'y_stop': 2868, 'x_start': 1290, 'x_stop': 2839}"
J10,PLD3_TMEM106B_mCherry_primary,16,488nm Binned,0.0,-28.100000381469727,0.012100237585028808,0.01816041881655268,0.9902022313872142,0.9999999999999863,True,phase_cross_correlation_on_stable_channel,J,10,"{'y_start': 0, 'y_stop': 2868, 'x_start': 1290, 'x_stop': 2839}"
J11,PLD3_TMEM106B_mCherry_primary,8,488nm Binned,0.0,0.0,1.0,1.0,1.0,0.0,True,reference_timepoint,J,11,"{'y_start': 0, 'y_stop': 2858, 'x_start': 1102, 'x_stop': 2868}"
J11,PLD3_TMEM106B_mCherry_primary,12,488nm Binned,-9.5,0.0,0.005356841239126256,0.01396607064009559,0.9966875871687587,0.9999999999999492,True,phase_cross_correlation_on_stable_channel,J,11,"{'y_start': 0, 'y_stop': 2858, 'x_start': 1102, 'x_stop': 2868}"
J11,PLD3_TMEM106B_mCherry_primary,16,488nm Binned,0.0,1101.0999755859375,0.009899018009980401,0.0034032141055972466,0.616073927619966,0.9999999999999932,True,phase_cross_correlation_on_stable_channel,J,11,"{'y_start': 0, 'y_stop': 2858, 'x_start': 1102, 'x_stop': 2868}"
J12,PLD3_TMEM106B_mCherry_primary,8,488nm Binned,0.0,0.0,1.0,1.0,1.0,0.0,True,reference_timepoint,J,12,"{'y_start': 0, 'y_stop': 2868, 'x_start': 321, 'x_stop': 2175}"
J12,PLD3_TMEM106B_mCherry_primary,12,488nm Binned,0.0,320.20001220703125,0.0038726568688337306,-0.0001344909528491527,0.8883542495791383,0.9999999999999862,True,phase_cross_correlation_on_stable_channel,J,12,"{'y_start': 0, 'y_stop': 2868, 'x_start': 321, 'x_stop': 2175}"
J12,PLD3_TMEM106B_mCherry_primary,16,488nm Binned,0.0,-692.2999877929688,0.008340150083670061,-0.0018005087366177966,0.7586122776175144,0.9999999999999827,True,phase_cross_correlation_on_stable_channel,J,12,"{'y_start': 0, 'y_stop': 2868, 'x_start': 321, 'x_stop': 2175}"
J13,PLD3_TMEM106B_mCherry_primary,8,488nm Binned,0.0,0.0,1.0,1.0,1.0,0.0,True,reference_timepoint,J,13,"{'y_start': 0, 'y_stop': 2805, 'x_start': 0, 'x_stop': 2702}"
J13,PLD3_TMEM106B_mCherry_primary,12,488nm Binned,0.0,-165.60000610351562,0.0038161260846045603,0.008826632201494695,0.9422594120977978,0.999999999999975,True,phase_cross_correlation_on_stable_channel,J,13,"{'y_start': 0, 'y_stop': 2805, 'x_start': 0, 'x_stop': 2702}"
J13,PLD3_TMEM106B_mCherry_primary,16,488nm Binned,-62.599998474121094,0.0,0.006291790729562779,0.045259090499882894,0.9781729433493301,0.9999999999999817,True,phase_cross_correlation_on_stable_channel,J,13,"{'y_start': 0, 'y_stop': 2805, 'x_start': 0, 'x_stop': 2702}"
J14,PLD3_TMEM106B_mCherry_primary,8,488nm Binned,0.0,0.0,1.0,1.0,1.0,0.0,True,reference_timepoint,J,14,"{'y_start': 0, 'y_stop': 2818, 'x_start': 0, 'x_stop': 2476}"
J14,PLD3_TMEM106B_mCherry_primary,12,488nm Binned,0.0,-391.29998779296875,-0.0030820993753726354,-0.004479015507012098,0.8635634631126329,0.9999999999999898,True,phase_cross_correlation_on_stable_channel,J,14,"{'y_start': 0, 'y_stop': 2818, 'x_start': 0, 'x_stop': 2476}"
J14,PLD3_TMEM106B_mCherry_primary,16,488nm Binned,-49.900001525878906,0.0,0.00261324902620656,0.048271352178334614,0.9826011152280757,0.9999999999999851,True,phase_cross_correlation_on_stable_channel,J,14,"{'y_start': 0, 'y_stop': 2818, 'x_start': 0, 'x_stop': 2476}"
J15,PLD3_TMEM106B_mCherry_primary,8,488nm Binned,0.0,0.0,1.0,1.0,1.0,0.0,True,reference_timepoint,J,15,"{'y_start': 542, 'y_stop': 2868, 'x_start': 0, 'x_stop': 2397}"
J15,PLD3_TMEM106B_mCherry_primary,12,488nm Binned,0.0,-470.20001220703125,-0.006465904025263335,0.00215373689482594,0.8360529943490128,0.9999999999999839,True,phase_cross_correlation_on_stable_channel,J,15,"{'y_start': 542, 'y_stop': 2868, 'x_start': 0, 'x_stop': 2397}"
J15,PLD3_TMEM106B_mCherry_primary,16,488nm Binned,541.2000122070312,0.0,0.0063657647990198836,0.0025470029593572655,0.8112970668734201,0.9999999999999751,True,phase_cross_correlation_on_stable_channel,J,15,"{'y_start': 542, 'y_stop': 2868, 'x_start': 0, 'x_stop': 2397}"
J16,PLD3_TMEM106B_mCherry_primary,8,488nm Binned,0.0,0.0,1.0,1.0,1.0,0.0,True,reference_timepoint,J,16,"{'y_start': 676, 'y_stop': 2868, 'x_start': 966, 'x_stop': 2868}"
J16,PLD3_TMEM106B_mCherry_primary,12,488nm Binned,0.0,965.7000122070312,0.0017751184279818511,0.002783193251457364,0.6632845145721649,0.999999999999994,True,phase_cross_correlation_on_stable_channel,J,16,"{'y_start': 676, 'y_stop': 2868, 'x_start': 966, 'x_stop': 2868}"
J16,PLD3_TMEM106B_mCherry_primary,16,488nm Binned,675.2000122070312,0.0,0.00784545139057164,0.001475368374980868,0.7645746122011746,0.9999999999999825,True,phase_cross_correlation_on_stable_channel,J,16,"{'y_start': 676, 'y_stop': 2868, 'x_start': 966, 'x_stop': 2868}"
J17,PLD3_TMEM106B_mCherry_primary,8,488nm Binned,0.0,0.0,1.0,1.0,1.0,0.0,True,reference_timepoint,J,17,"{'y_start': 259, 'y_stop': 2655, 'x_start': 0, 'x_stop': 2868}"
J17,PLD3_TMEM106B_mCherry_primary,12,488nm Binned,258.1000061035156,0.0,0.0056370486525413235,0.0024276073376563374,0.9100069713725538,0.999999999999981,True,phase_cross_correlation_on_stable_channel,J,17,"{'y_start': 259, 'y_stop': 2655, 'x_start': 0, 'x_stop': 2868}"
J17,PLD3_TMEM106B_mCherry_primary,16,488nm Binned,-212.3000030517578,0.0,-0.00045726137344663704,0.0024260776107148095,0.9259762890335572,0.9999999999999803,True,phase_cross_correlation_on_stable_channel,J,17,"{'y_start': 259, 'y_stop': 2655, 'x_start': 0, 'x_stop': 2868}"
J18,PLD3_TMEM106B_mCherry_primary,8,488nm Binned,0.0,0.0,1.0,1.0,1.0,0.0,True,reference_timepoint,J,18,"{'y_start': 0, 'y_stop': 2868, 'x_start': 0, 'x_stop': 1540}"
J18,PLD3_TMEM106B_mCherry_primary,12,488nm Binned,0.0,-913.2999877929688,0.0033885986904970606,0.012820266101296603,0.6815550949117961,0.9999999999999893,True,phase_cross_correlation_on_stable_channel,J,18,"{'y_start': 0, 'y_stop': 2868, 'x_start': 0, 'x_stop': 1540}"
J18,PLD3_TMEM106B_mCherry_primary,16,488nm Binned,0.0,-1327.0999755859375,0.0028807375671407198,0.001965448435961527,0.5372733697399102,0.9999999999999861,True,phase_cross_correlation_on_stable_channel,J,18,"{'y_start': 0, 'y_stop': 2868, 'x_start': 0, 'x_stop': 1540}"
J19,PLD3_TMEM106B_mCherry_primary,8,488nm Binned,0.0,0.0,1.0,1.0,1.0,0.0,True,reference_timepoint,J,19,"{'y_start': 198, 'y_stop': 2808, 'x_start': 0, 'x_stop': 2868}"
J19,PLD3_TMEM106B_mCherry_primary,12,488nm Binned,-59.70000076293945,0.0,-0.00375205865703872,-0.000979859651999929,0.9791841001523921,0.9999999999999728,True,phase_cross_correlation_on_stable_channel,J,19,"{'y_start': 198, 'y_stop': 2808, 'x_start': 0, 'x_stop': 2868}"
J19,PLD3_TMEM106B_mCherry_primary,16,488nm Binned,197.89999389648438,0.0,-0.0005831792599486057,-0.005509931805956284,0.9309972127278646,0.9999999999999815,True,phase_cross_correlation_on_stable_channel,J,19,"{'y_start': 198, 'y_stop': 2808, 'x_start': 0, 'x_stop': 2868}"
J20,PLD3_TMEM106B_mCherry_primary,8,488nm Binned,0.0,0.0,1.0,1.0,1.0,0.0,True,reference_timepoint,J,20,"{'y_start': 0, 'y_stop': 2868, 'x_start': 290, 'x_stop': 2868}"
J20,PLD3_TMEM106B_mCherry_primary,12,488nm Binned,0.0,289.8999938964844,0.0007683796549831234,-0.0033885290058925303,0.8989191095200543,0.9999999999999868,True,phase_cross_correlation_on_stable_channel,J,20,"{'y_start': 0, 'y_stop': 2868, 'x_start': 290, 'x_stop': 2868}"
J20,PLD3_TMEM106B_mCherry_primary,16,488nm Binned,0.0,17.399999618530273,0.006199018315528926,0.006643935331293434,0.9939330545263144,0.9999999999999879,True,phase_cross_correlation_on_stable_channel,J,20,"{'y_start': 0, 'y_stop': 2868, 'x_start': 290, 'x_stop': 2868}"
K05,PLD3_only_no_mCherry,8,488nm Binned,0.0,0.0,1.0,1.0,1.0,0.0,True,reference_timepoint,K,05,"{'y_start': 0, 'y_stop': 2868, 'x_start': 0, 'x_stop': 2034}"
K05,PLD3_only_no_mCherry,12,488nm Binned,0.0,-92.80000305175781,0.007427135711181356,0.009657977787829763,0.967642955700224,0.9999999999999902,True,phase_cross_correlation_on_stable_channel,K,05,"{'y_start': 0, 'y_stop': 2868, 'x_start': 0, 'x_stop': 2034}"
K05,PLD3_only_no_mCherry,16,488nm Binned,0.0,-833.7999877929688,0.018723256916532725,0.010511274916216446,0.7092747601837627,0.9999999999999868,True,phase_cross_correlation_on_stable_channel,K,05,"{'y_start': 0, 'y_stop': 2868, 'x_start': 0, 'x_stop': 2034}"
K06,PLD3_only_no_mCherry,8,488nm Binned,0.0,0.0,1.0,1.0,1.0,0.0,True,reference_timepoint,K,06,"{'y_start': 0, 'y_stop': 2868, 'x_start': 698, 'x_stop': 2868}"
K06,PLD3_only_no_mCherry,12,488nm Binned,0.0,697.2000122070312,0.002398802867607278,-0.0034788288694425885,0.7569037614340896,0.9999999999999881,True,phase_cross_correlation_on_stable_channel,K,06,"{'y_start': 0, 'y_stop': 2868, 'x_start': 698, 'x_stop': 2868}"
K06,PLD3_only_no_mCherry,16,488nm Binned,0.0,399.1000061035156,0.020470511364444083,-0.000470145943333353,0.8608437914562358,0.9999999999999918,True,phase_cross_correlation_on_stable_channel,K,06,"{'y_start': 0, 'y_stop': 2868, 'x_start': 698, 'x_stop': 2868}"
K07,PLD3_only_no_mCherry,8,488nm Binned,0.0,0.0,1.0,1.0,1.0,0.0,True,reference_timepoint,K,07,"{'y_start': 0, 'y_stop': 2812, 'x_start': 679, 'x_stop': 2868}"
K07,PLD3_only_no_mCherry,12,488nm Binned,0.0,678.2000122070312,0.009414302568193603,-0.0044265129195615645,0.7635285870965721,0.9999999999999863,True,phase_cross_correlation_on_stable_channel,K,07,"{'y_start': 0, 'y_stop': 2812, 'x_start': 679, 'x_stop': 2868}"
K07,PLD3_only_no_mCherry,16,488nm Binned,-55.900001525878906,1.100000023841858,0.014395515598867932,0.042132403433076025,0.980132998075043,0.9999999999999903,True,phase_cross_correlation_on_stable_channel,K,07,"{'y_start': 0, 'y_stop': 2812, 'x_start': 679, 'x_stop': 2868}"
K08,PLD3_only_no_mCherry,8,488nm Binned,0.0,0.0,1.0,1.0,1.0,0.0,True,reference_timepoint,K,08,"{'y_start': 0, 'y_stop': 2868, 'x_start': 1018, 'x_stop': 2608}"
K08,PLD3_only_no_mCherry,12,488nm Binned,0.0,-259.20001220703125,-0.00328089196874869,-0.0016030678272508348,0.909623426706056,0.9999999999999851,True,phase_cross_correlation_on_stable_channel,K,08,"{'y_start': 0, 'y_stop': 2868, 'x_start': 1018, 'x_stop': 2608}"
K08,PLD3_only_no_mCherry,16,488nm Binned,0.0,1017.0999755859375,0.006064554690635904,0.0005802939758526008,0.6453626305488362,0.9999999999999928,True,phase_cross_correlation_on_stable_channel,K,08,"{'y_start': 0, 'y_stop': 2868, 'x_start': 1018, 'x_stop': 2608}"
K09,PLD3_only_no_mCherry,8,488nm Binned,0.0,0.0,1.0,1.0,1.0,0.0,True,reference_timepoint,K,09,"{'y_start': 1401, 'y_stop': 2868, 'x_start': 0, 'x_stop': 2868}"
K09,PLD3_only_no_mCherry,12,488nm Binned,0.0,0.0,0.003964462384887175,0.003964462384887175,1.0,0.9999999999999899,True,phase_cross_correlation_on_stable_channel,K,09,"{'y_start': 1401, 'y_stop': 2868, 'x_start': 0, 'x_stop': 2868}"
K09,PLD3_only_no_mCherry,16,488nm Binned,1400.0999755859375,0.0,0.012965070307934291,-0.010376694684011648,0.5118200921945825,0.9999999999999769,True,phase_cross_correlation_on_stable_channel,K,09,"{'y_start': 1401, 'y_stop': 2868, 'x_start': 0, 'x_stop': 2868}"
K10,PLD3_only_no_mCherry,8,488nm Binned,0.0,0.0,1.0,1.0,1.0,0.0,True,reference_timepoint,K,10,"{'y_start': 914, 'y_stop': 2868, 'x_start': 0, 'x_stop': 2868}"
K10,PLD3_only_no_mCherry,12,488nm Binned,913.5999755859375,0.0,0.0001847911460489116,0.002561320196017305,0.6814504966576229,0.9999999999999829,True,phase_cross_correlation_on_stable_channel,K,10,"{'y_start': 914, 'y_stop': 2868, 'x_start': 0, 'x_stop': 2868}"
K10,PLD3_only_no_mCherry,16,488nm Binned,443.20001220703125,0.0,0.006800048713387495,0.001061876537370744,0.8454672202904354,0.9999999999999846,True,phase_cross_correlation_on_stable_channel,K,10,"{'y_start': 914, 'y_stop': 2868, 'x_start': 0, 'x_stop': 2868}"
K11,PLD3_only_no_mCherry,8,488nm Binned,0.0,0.0,1.0,1.0,1.0,0.0,True,reference_timepoint,K,11,"{'y_start': 0, 'y_stop': 2868, 'x_start': 0, 'x_stop': 1850}"
K11,PLD3_only_no_mCherry,12,488nm Binned,0.0,-834.0,0.0026649745729149673,0.0012980146934365242,0.7092050209205021,0.9999999999999931,True,phase_cross_correlation_on_stable_channel,K,11,"{'y_start': 0, 'y_stop': 2868, 'x_start': 0, 'x_stop': 1850}"
K11,PLD3_only_no_mCherry,16,488nm Binned,0.0,-1017.7000122070312,0.00511369453762946,0.012599165167318665,0.6451534127590547,0.9999999999999902,True,phase_cross_correlation_on_stable_channel,K,11,"{'y_start': 0, 'y_stop': 2868, 'x_start': 0, 'x_stop': 1850}"
K12,PLD3_only_no_mCherry,8,488nm Binned,0.0,0.0,1.0,1.0,1.0,0.0,True,reference_timepoint,K,12,"{'y_start': 0, 'y_stop': 2868, 'x_start': 1147, 'x_stop': 2547}"
K12,PLD3_only_no_mCherry,12,488nm Binned,0.0,1146.9000244140625,-8.603139089163963e-05,0.00647245676909701,0.6001045939978862,0.9999999999999948,True,phase_cross_correlation_on_stable_channel,K,12,"{'y_start': 0, 'y_stop': 2868, 'x_start': 1147, 'x_stop': 2547}"
K12,PLD3_only_no_mCherry,16,488nm Binned,0.0,-321.0,0.013355480707394918,-0.0032391865062928226,0.8880753138075314,0.9999999999999862,True,phase_cross_correlation_on_stable_channel,K,12,"{'y_start': 0, 'y_stop': 2868, 'x_start': 1147, 'x_stop': 2547}"
K13,PLD3_only_no_mCherry,8,488nm Binned,0.0,0.0,1.0,1.0,1.0,0.0,True,reference_timepoint,K,13,"{'y_start': 0, 'y_stop': 1853, 'x_start': 1276, 'x_stop': 2868}"
K13,PLD3_only_no_mCherry,12,488nm Binned,0.0,1275.199951171875,0.0031924060958275166,-0.010448422137940496,0.5553696125621077,0.999999999999988,True,phase_cross_correlation_on_stable_channel,K,13,"{'y_start': 0, 'y_stop': 1853, 'x_start': 1276, 'x_stop': 2868}"
K13,PLD3_only_no_mCherry,16,488nm Binned,-1014.7999877929688,0.0,0.009266164532387017,0.0011217430037057986,0.6461645788727445,0.9999999999999651,True,phase_cross_correlation_on_stable_channel,K,13,"{'y_start': 0, 'y_stop': 1853, 'x_start': 1276, 'x_stop': 2868}"
K14,PLD3_only_no_mCherry,8,488nm Binned,0.0,0.0,1.0,1.0,1.0,0.0,True,reference_timepoint,K,14,"{'y_start': 1269, 'y_stop': 2868, 'x_start': 0, 'x_stop': 2868}"
K14,PLD3_only_no_mCherry,12,488nm Binned,1268.0999755859375,0.0,0.0026062064990830035,-0.0046692506009226335,0.5578451967970929,0.9999999999999734,True,phase_cross_correlation_on_stable_channel,K,14,"{'y_start': 1269, 'y_stop': 2868, 'x_start': 0, 'x_stop': 2868}"
K14,PLD3_only_no_mCherry,16,488nm Binned,482.70001220703125,0.0,0.01543060319711459,-0.0003989836767303069,0.831694556413169,0.9999999999998852,True,phase_cross_correlation_on_stable_channel,K,14,"{'y_start': 1269, 'y_stop': 2868, 'x_start': 0, 'x_stop': 2868}"
K15,PLD3_only_no_mCherry,8,488nm Binned,0.0,0.0,1.0,1.0,1.0,0.0,True,reference_timepoint,K,15,"{'y_start': 0, 'y_stop': 2868, 'x_start': 1010, 'x_stop': 2868}"
K15,PLD3_only_no_mCherry,12,488nm Binned,0.0,496.1000061035156,0.000846705838195375,0.004173165380595128,0.827022313074088,0.9999999999999817,True,phase_cross_correlation_on_stable_channel,K,15,"{'y_start': 0, 'y_stop': 2868, 'x_start': 1010, 'x_stop': 2868}"
K15,PLD3_only_no_mCherry,16,488nm Binned,0.0,1009.7999877929688,0.0062445958576679075,0.008652308387462983,0.647907954047082,0.9999999999999775,True,phase_cross_correlation_on_stable_channel,K,15,"{'y_start': 0, 'y_stop': 2868, 'x_start': 1010, 'x_stop': 2868}"
K16,PLD3_only_no_mCherry,8,488nm Binned,0.0,0.0,1.0,1.0,1.0,0.0,True,reference_timepoint,K,16,"{'y_start': 546, 'y_stop': 2721, 'x_start': 0, 'x_stop': 2868}"
K16,PLD3_only_no_mCherry,12,488nm Binned,-146.3000030517578,0.0,0.0058637286441920265,0.018627007790083666,0.9489888413348124,0.9999999999999675,True,phase_cross_correlation_on_stable_channel,K,16,"{'y_start': 546, 'y_stop': 2721, 'x_start': 0, 'x_stop': 2868}"
K16,PLD3_only_no_mCherry,16,488nm Binned,545.4000244140625,0.0,0.009926043333296075,-0.007262749170369366,0.8098326274706895,0.9999999999999709,True,phase_cross_correlation_on_stable_channel,K,16,"{'y_start': 546, 'y_stop': 2721, 'x_start': 0, 'x_stop': 2868}"
K17,PLD3_only_no_mCherry,8,488nm Binned,0.0,0.0,1.0,1.0,1.0,0.0,True,reference_timepoint,K,17,"{'y_start': 550, 'y_stop': 2868, 'x_start': 741, 'x_stop': 2868}"
K17,PLD3_only_no_mCherry,12,488nm Binned,549.5999755859375,0.0,0.005241009144548455,-0.003997316149054634,0.8083682093493941,0.9999999999999861,True,phase_cross_correlation_on_stable_channel,K,17,"{'y_start': 550, 'y_stop': 2868, 'x_start': 741, 'x_stop': 2868}"
K17,PLD3_only_no_mCherry,16,488nm Binned,0.0,740.9000244140625,0.005847643673781638,-0.0010925981541643874,0.7416666581540926,0.9999999999999923,True,phase_cross_correlation_on_stable_channel,K,17,"{'y_start': 550, 'y_stop': 2868, 'x_start': 741, 'x_stop': 2868}"
K18,PLD3_only_no_mCherry,8,488nm Binned,0.0,0.0,1.0,1.0,1.0,0.0,True,reference_timepoint,K,18,"{'y_start': 0, 'y_stop': 2868, 'x_start': 273, 'x_stop': 1611}"
K18,PLD3_only_no_mCherry,12,488nm Binned,0.0,-1256.5999755859375,0.005968691134144492,0.006765507603216565,0.5618549596980692,0.9999999999999926,True,phase_cross_correlation_on_stable_channel,K,18,"{'y_start': 0, 'y_stop': 2868, 'x_start': 273, 'x_stop': 1611}"
K18,PLD3_only_no_mCherry,16,488nm Binned,0.0,272.79998779296875,0.00837116345182636,0.00677329565440391,0.904881454744432,0.9999999999999932,True,phase_cross_correlation_on_stable_channel,K,18,"{'y_start': 0, 'y_stop': 2868, 'x_start': 273, 'x_stop': 1611}"
K19,PLD3_only_no_mCherry,8,488nm Binned,0.0,0.0,1.0,1.0,1.0,0.0,True,reference_timepoint,K,19,"{'y_start': 0, 'y_stop': 2811, 'x_start': 0, 'x_stop': 1732}"
K19,PLD3_only_no_mCherry,12,488nm Binned,-57.0,0.0,0.0038145928058472664,0.008204143236677066,0.9801255230125523,0.9999999999999823,True,phase_cross_correlation_on_stable_channel,K,19,"{'y_start': 0, 'y_stop': 2811, 'x_start': 0, 'x_stop': 1732}"
K19,PLD3_only_no_mCherry,16,488nm Binned,0.0,-1135.199951171875,0.017672476774203884,0.0017770438899742081,0.6041841174435583,0.9999999999999893,True,phase_cross_correlation_on_stable_channel,K,19,"{'y_start': 0, 'y_stop': 2811, 'x_start': 0, 'x_stop': 1732}"
K20,PLD3_only_no_mCherry,8,488nm Binned,0.0,0.0,1.0,1.0,1.0,0.0,True,reference_timepoint,K,20,"{'y_start': 0, 'y_stop': 2166, 'x_start': 143, 'x_stop': 2868}"
K20,PLD3_only_no_mCherry,12,488nm Binned,0.0,142.10000610351562,0.0032724171793693424,0.0011339718402987363,0.9504532754171843,0.9999999999999921,True,phase_cross_correlation_on_stable_channel,K,20,"{'y_start': 0, 'y_stop': 2166, 'x_start': 143, 'x_stop': 2868}"
K20,PLD3_only_no_mCherry,16,488nm Binned,-701.5999755859375,0.0,0.007443140903341205,-0.0026456814056414774,0.7553696040495337,0.9999999999999866,True,phase_cross_correlation_on_stable_channel,K,20,"{'y_start': 0, 'y_stop': 2166, 'x_start': 143, 'x_stop': 2868}"
L05,PLD3_TMEM106B_no_mCherry,8,488nm Binned,0.0,0.0,1.0,1.0,1.0,0.0,True,reference_timepoint,L,05,"{'y_start': 707, 'y_stop': 2827, 'x_start': 0, 'x_stop': 2868}"
L05,PLD3_TMEM106B_no_mCherry,12,488nm Binned,706.5,0.0,0.006992711273405579,0.006212989270644697,0.7536610878661087,0.9999999999999674,True,phase_cross_correlation_on_stable_channel,L,05,"{'y_start': 707, 'y_stop': 2827, 'x_start': 0, 'x_stop': 2868}"
L05,PLD3_TMEM106B_no_mCherry,16,488nm Binned,-40.20000076293945,0.0,0.027925503370954737,0.09521988296247713,0.9859832633323085,0.9999999999999614,True,phase_cross_correlation_on_stable_channel,L,05,"{'y_start': 707, 'y_stop': 2827, 'x_start': 0, 'x_stop': 2868}"
L06,PLD3_TMEM106B_no_mCherry,8,488nm Binned,0.0,0.0,1.0,1.0,1.0,0.0,True,reference_timepoint,L,06,"{'y_start': 0, 'y_stop': 2868, 'x_start': 951, 'x_stop': 2868}"
L06,PLD3_TMEM106B_no_mCherry,12,488nm Binned,0.0,950.2000122070312,0.008420364874102257,-0.009587134742473738,0.6686889776126111,0.9999999999999926,True,phase_cross_correlation_on_stable_channel,L,06,"{'y_start': 0, 'y_stop': 2868, 'x_start': 951, 'x_stop': 2868}"
L06,PLD3_TMEM106B_no_mCherry,16,488nm Binned,0.0,0.20000000298023224,0.027712840267320366,0.02780184665832039,0.9999302649919873,0.9999999999999918,True,phase_cross_correlation_on_stable_channel,L,06,"{'y_start': 0, 'y_stop': 2868, 'x_start': 951, 'x_stop': 2868}"
L07,PLD3_TMEM106B_no_mCherry,8,488nm Binned,0.0,0.0,1.0,1.0,1.0,0.0,True,reference_timepoint,L,07,"{'y_start': 0, 'y_stop': 2271, 'x_start': 0, 'x_stop': 2868}"
L07,PLD3_TMEM106B_no_mCherry,12,488nm Binned,-103.80000305175781,0.0,0.003447088756910107,0.007006766380863332,0.9638075303166814,0.9999999999999757,True,phase_cross_correlation_on_stable_channel,L,07,"{'y_start': 0, 'y_stop': 2271, 'x_start': 0, 'x_stop': 2868}"
L07,PLD3_TMEM106B_no_mCherry,16,488nm Binned,-596.5999755859375,0.0,0.019133402655022513,0.0016751526634843107,0.7919804827106215,0.9999999999999714,True,phase_cross_correlation_on_stable_channel,L,07,"{'y_start': 0, 'y_stop': 2271, 'x_start': 0, 'x_stop': 2868}"
L08,PLD3_TMEM106B_no_mCherry,8,488nm Binned,0.0,0.0,1.0,1.0,1.0,0.0,True,reference_timepoint,L,08,"{'y_start': 0, 'y_stop': 2868, 'x_start': 688, 'x_stop': 2552}"
L08,PLD3_TMEM106B_no_mCherry,12,488nm Binned,0.0,-315.1000061035156,-0.0027417413086259284,-0.0013869186461992788,0.8901324943851061,0.9999999999999882,True,phase_cross_correlation_on_stable_channel,L,08,"{'y_start': 0, 'y_stop': 2868, 'x_start': 688, 'x_stop': 2552}"
L08,PLD3_TMEM106B_no_mCherry,16,488nm Binned,0.0,687.5,0.018071502285341136,-0.0018123465031512223,0.7602859135285913,0.9999999999999866,True,phase_cross_correlation_on_stable_channel,L,08,"{'y_start': 0, 'y_stop': 2868, 'x_start': 688, 'x_stop': 2552}"
L09,PLD3_TMEM106B_no_mCherry,8,488nm Binned,0.0,0.0,1.0,1.0,1.0,0.0,True,reference_timepoint,L,09,"{'y_start': 780, 'y_stop': 2868, 'x_start': 0, 'x_stop': 2868}"
L09,PLD3_TMEM106B_no_mCherry,12,488nm Binned,382.5,0.0,0.007127359603713662,-0.0014282157193012902,0.8666317991631799,0.9999999999999875,True,phase_cross_correlation_on_stable_channel,L,09,"{'y_start': 780, 'y_stop': 2868, 'x_start': 0, 'x_stop': 2868}"
L09,PLD3_TMEM106B_no_mCherry,16,488nm Binned,779.7999877929688,0.0,0.014435344218424668,0.0009743725315215881,0.7281032120666078,0.9999999999999843,True,phase_cross_correlation_on_stable_channel,L,09,"{'y_start': 780, 'y_stop': 2868, 'x_start': 0, 'x_stop': 2868}"
L10,PLD3_TMEM106B_no_mCherry,8,488nm Binned,0.0,0.0,1.0,1.0,1.0,0.0,True,reference_timepoint,L,10,"{'y_start': 0, 'y_stop': 2868, 'x_start': 1214, 'x_stop': 2868}"
L10,PLD3_TMEM106B_no_mCherry,12,488nm Binned,0.0,1.100000023841858,0.012730363779863859,0.013330372707048446,0.9996164574533327,0.9999999999999941,True,phase_cross_correlation_on_stable_channel,L,10,"{'y_start': 0, 'y_stop': 2868, 'x_start': 1214, 'x_stop': 2868}"
L10,PLD3_TMEM106B_no_mCherry,16,488nm Binned,0.0,1213.9000244140625,0.01580372380804175,0.01329620659515993,0.5767433666617634,0.9999999999999912,True,phase_cross_correlation_on_stable_channel,L,10,"{'y_start': 0, 'y_stop': 2868, 'x_start': 1214, 'x_stop': 2868}"
L11,PLD3_TMEM106B_no_mCherry,8,488nm Binned,0.0,0.0,1.0,1.0,1.0,0.0,True,reference_timepoint,L,11,"{'y_start': 915, 'y_stop': 2868, 'x_start': 0, 'x_stop': 2868}"
L11,PLD3_TMEM106B_no_mCherry,12,488nm Binned,914.7999877929688,0.0,0.005263119487012821,0.002360445386862444,0.6810320823594949,0.9999999999999849,True,phase_cross_correlation_on_stable_channel,L,11,"{'y_start': 915, 'y_stop': 2868, 'x_start': 0, 'x_stop': 2868}"
L11,PLD3_TMEM106B_no_mCherry,16,488nm Binned,302.70001220703125,0.0,0.012490484022454337,0.004148495177710713,0.8944560626893197,0.9999999999999806,True,phase_cross_correlation_on_stable_channel,L,11,"{'y_start': 915, 'y_stop': 2868, 'x_start': 0, 'x_stop': 2868}"
L12,PLD3_TMEM106B_no_mCherry,8,488nm Binned,0.0,0.0,1.0,1.0,1.0,0.0,True,reference_timepoint,L,12,"{'y_start': 0, 'y_stop': 2868, 'x_start': 1002, 'x_stop': 2868}"
L12,PLD3_TMEM106B_no_mCherry,12,488nm Binned,0.0,8.300000190734863,0.013852183028389522,0.016713932622483545,0.9971059971440952,0.9999999999999933,True,phase_cross_correlation_on_stable_channel,L,12,"{'y_start': 0, 'y_stop': 2868, 'x_start': 1002, 'x_stop': 2868}"
L12,PLD3_TMEM106B_no_mCherry,16,488nm Binned,0.0,1002.0,0.0172876926862274,0.005365160842526374,0.6506276150627615,0.9999999999999919,True,phase_cross_correlation_on_stable_channel,L,12,"{'y_start': 0, 'y_stop': 2868, 'x_start': 1002, 'x_stop': 2868}"
L13,PLD3_TMEM106B_no_mCherry,8,488nm Binned,0.0,0.0,1.0,1.0,1.0,0.0,True,reference_timepoint,L,13,"{'y_start': 342, 'y_stop': 2868, 'x_start': 0, 'x_stop': 2868}"
L13,PLD3_TMEM106B_no_mCherry,12,488nm Binned,342.0,0.0,0.004802471450011052,0.0038282208676076335,0.8807531380753139,0.9999999999999382,True,phase_cross_correlation_on_stable_channel,L,13,"{'y_start': 342, 'y_stop': 2868, 'x_start': 0, 'x_stop': 2868}"
L13,PLD3_TMEM106B_no_mCherry,16,488nm Binned,37.5,0.0,0.004254340706146576,0.006756005812543193,0.9869246861924686,0.9999999999999263,True,phase_cross_correlation_on_stable_channel,L,13,"{'y_start': 342, 'y_stop': 2868, 'x_start': 0, 'x_stop': 2868}"
L14,PLD3_TMEM106B_no_mCherry,8,488nm Binned,0.0,0.0,1.0,1.0,1.0,0.0,True,reference_timepoint,L,14,"{'y_start': 0, 'y_stop': 2868, 'x_start': 1295, 'x_stop': 2723}"
L14,PLD3_TMEM106B_no_mCherry,12,488nm Binned,0.0,1294.4000244140625,0.00989432888241849,-0.015140313019840802,0.5486750263549294,0.999999999999988,True,phase_cross_correlation_on_stable_channel,L,14,"{'y_start': 0, 'y_stop': 2868, 'x_start': 1295, 'x_stop': 2723}"
L14,PLD3_TMEM106B_no_mCherry,16,488nm Binned,0.0,-144.89999389648438,0.0069219462147328634,0.011237274573868396,0.9494769895758423,0.9999999999999928,True,phase_cross_correlation_on_stable_channel,L,14,"{'y_start': 0, 'y_stop': 2868, 'x_start': 1295, 'x_stop': 2723}"
L15,PLD3_TMEM106B_no_mCherry,8,488nm Binned,0.0,0.0,1.0,1.0,1.0,0.0,True,reference_timepoint,L,15,"{'y_start': 837, 'y_stop': 2868, 'x_start': 1356, 'x_stop': 2868}"
L15,PLD3_TMEM106B_no_mCherry,12,488nm Binned,0.0,1355.5999755859375,0.004548630900563196,-0.0009983594350741081,0.5273361312461864,0.9999999999999934,True,phase_cross_correlation_on_stable_channel,L,15,"{'y_start': 837, 'y_stop': 2868, 'x_start': 1356, 'x_stop': 2868}"
L15,PLD3_TMEM106B_no_mCherry,16,488nm Binned,836.2000122070312,0.0,0.0038160112888786157,0.006212938366399135,0.7084379315875066,0.9999999999999856,True,phase_cross_correlation_on_stable_channel,L,15,"{'y_start': 837, 'y_stop': 2868, 'x_start': 1356, 'x_stop': 2868}"
L16,PLD3_TMEM106B_no_mCherry,8,488nm Binned,0.0,0.0,1.0,1.0,1.0,0.0,True,reference_timepoint,L,16,"{'y_start': 0, 'y_stop': 2680, 'x_start': 0, 'x_stop': 2132}"
L16,PLD3_TMEM106B_no_mCherry,12,488nm Binned,0.0,-735.4000244140625,-0.0022726823240943406,0.003935629369180473,0.7435843708458638,0.9999999999999915,True,phase_cross_correlation_on_stable_channel,L,16,"{'y_start': 0, 'y_stop': 2680, 'x_start': 0, 'x_stop': 2132}"
L16,PLD3_TMEM106B_no_mCherry,16,488nm Binned,-187.5,0.0,0.008157887596969936,0.0008161845662160702,0.9346234309623431,0.9999999999999117,True,phase_cross_correlation_on_stable_channel,L,16,"{'y_start': 0, 'y_stop': 2680, 'x_start': 0, 'x_stop': 2132}"
L17,PLD3_TMEM106B_no_mCherry,8,488nm Binned,0.0,0.0,1.0,1.0,1.0,0.0,True,reference_timepoint,L,17,"{'y_start': 0, 'y_stop': 2868, 'x_start': 0, 'x_stop': 2167}"
L17,PLD3_TMEM106B_no_mCherry,12,488nm Binned,0.0,-700.2000122070312,0.008752672147906529,-0.010216742350567555,0.755857736329487,0.999999999999988,True,phase_cross_correlation_on_stable_channel,L,17,"{'y_start': 0, 'y_stop': 2868, 'x_start': 0, 'x_stop': 2167}"
L17,PLD3_TMEM106B_no_mCherry,16,488nm Binned,0.0,-340.8999938964844,0.011436284146978394,-0.0076485011361275956,0.8811366827418116,0.9999999999999913,True,phase_cross_correlation_on_stable_channel,L,17,"{'y_start': 0, 'y_stop': 2868, 'x_start': 0, 'x_stop': 2167}"
L18,PLD3_TMEM106B_no_mCherry,8,488nm Binned,0.0,0.0,1.0,1.0,1.0,0.0,True,reference_timepoint,L,18,"{'y_start': 356, 'y_stop': 2868, 'x_start': 0, 'x_stop': 2322}"
L18,PLD3_TMEM106B_no_mCherry,12,488nm Binned,0.0,-545.2000122070312,-0.0016929321493954824,-0.0008019846386826973,0.8099023667339501,0.9999999999999929,True,phase_cross_correlation_on_stable_channel,L,18,"{'y_start': 356, 'y_stop': 2868, 'x_start': 0, 'x_stop': 2322}"
L18,PLD3_TMEM106B_no_mCherry,16,488nm Binned,355.1000061035156,0.0,0.004904514250517393,0.003141748586616843,0.8761854929904059,0.999999999999982,True,phase_cross_correlation_on_stable_channel,L,18,"{'y_start': 356, 'y_stop': 2868, 'x_start': 0, 'x_stop': 2322}"
L19,PLD3_TMEM106B_no_mCherry,8,488nm Binned,0.0,0.0,1.0,1.0,1.0,0.0,True,reference_timepoint,L,19,"{'y_start': 0, 'y_stop': 2868, 'x_start': 1398, 'x_stop': 2868}"
L19,PLD3_TMEM106B_no_mCherry,12,488nm Binned,0.0,151.8000030517578,-0.0010162181535989985,0.003509229463481914,0.9470711286430412,0.999999999999989,True,phase_cross_correlation_on_stable_channel,L,19,"{'y_start': 0, 'y_stop': 2868, 'x_start': 1398, 'x_stop': 2868}"
L19,PLD3_TMEM106B_no_mCherry,16,488nm Binned,0.0,1397.699951171875,0.0019537440823582295,0.00035801369026291303,0.5126569207908386,0.9999999999999832,True,phase_cross_correlation_on_stable_channel,L,19,"{'y_start': 0, 'y_stop': 2868, 'x_start': 1398, 'x_stop': 2868}"
L20,PLD3_TMEM106B_no_mCherry,8,488nm Binned,0.0,0.0,1.0,1.0,1.0,0.0,True,reference_timepoint,L,20,"{'y_start': 0, 'y_stop': 2868, 'x_start': 967, 'x_stop': 1705}"
L20,PLD3_TMEM106B_no_mCherry,12,488nm Binned,0.0,966.2999877929688,-0.0006847659822481363,-0.0031063601817991364,0.6630753180638185,0.9999999999999913,True,phase_cross_correlation_on_stable_channel,L,20,"{'y_start': 0, 'y_stop': 2868, 'x_start': 967, 'x_stop': 1705}"
L20,PLD3_TMEM106B_no_mCherry,16,488nm Binned,0.0,-1162.9000244140625,0.00605656036825817,0.009543336874337428,0.5945257934400061,0.9999999999999881,True,phase_cross_correlation_on_stable_channel,L,20,"{'y_start': 0, 'y_stop': 2868, 'x_start': 967, 'x_stop': 1705}"
M05,PLD3_mCherry_reporter_control,8,488nm Binned,0.0,0.0,1.0,1.0,1.0,0.0,True,reference_timepoint,M,05,"{'y_start': 0, 'y_stop': 2868, 'x_start': 0, 'x_stop': 2416}"
M05,PLD3_mCherry_reporter_control,12,488nm Binned,0.0,-451.6000061035156,0.007587333940831623,-0.0033600060322677015,0.842538352125692,0.9999999999999859,True,phase_cross_correlation_on_stable_channel,M,05,"{'y_start': 0, 'y_stop': 2868, 'x_start': 0, 'x_stop': 2416}"
M05,PLD3_mCherry_reporter_control,16,488nm Binned,0.0,-111.5999984741211,0.016779948855841012,0.007316259440346132,0.9610878666408225,0.999999999999993,True,phase_cross_correlation_on_stable_channel,M,05,"{'y_start': 0, 'y_stop': 2868, 'x_start': 0, 'x_stop': 2416}"
M06,PLD3_mCherry_reporter_control,8,488nm Binned,0.0,0.0,1.0,1.0,1.0,0.0,True,reference_timepoint,M,06,"{'y_start': 0, 'y_stop': 2868, 'x_start': 945, 'x_stop': 2851}"
M06,PLD3_mCherry_reporter_control,12,488nm Binned,0.0,944.4000244140625,0.009059135922979519,-0.0069355502741645465,0.6707112885585557,0.999999999999965,True,phase_cross_correlation_on_stable_channel,M,06,"{'y_start': 0, 'y_stop': 2868, 'x_start': 945, 'x_stop': 2851}"
M06,PLD3_mCherry_reporter_control,16,488nm Binned,0.0,-16.799999237060547,0.02181306789370076,0.028830300109634055,0.9941422596802438,0.9999999999999645,True,phase_cross_correlation_on_stable_channel,M,06,"{'y_start': 0, 'y_stop': 2868, 'x_start': 945, 'x_stop': 2851}"
M07,PLD3_mCherry_reporter_control,8,488nm Binned,0.0,0.0,1.0,1.0,1.0,0.0,True,reference_timepoint,M,07,"{'y_start': 148, 'y_stop': 2758, 'x_start': 0, 'x_stop': 2868}"
M07,PLD3_mCherry_reporter_control,12,488nm Binned,-109.5999984741211,0.0,0.009170522818987469,0.007111459391038773,0.9617852167105575,0.9999999999999862,True,phase_cross_correlation_on_stable_channel,M,07,"{'y_start': 148, 'y_stop': 2758, 'x_start': 0, 'x_stop': 2868}"
M07,PLD3_mCherry_reporter_control,16,488nm Binned,147.60000610351562,0.0,0.018570240964282243,-0.001127860857368158,0.948535562725413,0.9999999999999875,True,phase_cross_correlation_on_stable_channel,M,07,"{'y_start': 148, 'y_stop': 2758, 'x_start': 0, 'x_stop': 2868}"
M08,PLD3_mCherry_reporter_control,8,488nm Binned,0.0,0.0,1.0,1.0,1.0,0.0,True,reference_timepoint,M,08,"{'y_start': 323, 'y_stop': 2868, 'x_start': 0, 'x_stop': 2868}"
M08,PLD3_mCherry_reporter_control,12,488nm Binned,322.6000061035156,0.0,0.005437625733872464,-0.0020598347878856595,0.8875174316235999,0.9999999999999758,True,phase_cross_correlation_on_stable_channel,M,08,"{'y_start': 323, 'y_stop': 2868, 'x_start': 0, 'x_stop': 2868}"
M08,PLD3_mCherry_reporter_control,16,488nm Binned,296.0,0.0,0.010652619961074116,-0.0003854153019597714,0.8967921896792189,0.9999999999999671,True,phase_cross_correlation_on_stable_channel,M,08,"{'y_start': 323, 'y_stop': 2868, 'x_start': 0, 'x_stop': 2868}"
M09,PLD3_mCherry_reporter_control,8,488nm Binned,0.0,0.0,1.0,1.0,1.0,0.0,True,reference_timepoint,M,09,"{'y_start': 0, 'y_stop': 2868, 'x_start': 506, 'x_stop': 2064}"
M09,PLD3_mCherry_reporter_control,12,488nm Binned,0.0,505.79998779296875,0.0035798480978780985,0.006182559014936078,0.8236401716203038,0.9999999999999883,True,phase_cross_correlation_on_stable_channel,M,09,"{'y_start': 0, 'y_stop': 2868, 'x_start': 506, 'x_stop': 2064}"
M09,PLD3_mCherry_reporter_control,16,488nm Binned,0.0,-803.7000122070312,0.016235714959282103,0.005612460671114144,0.7197698702207004,0.9999999999999836,True,phase_cross_correlation_on_stable_channel,M,09,"{'y_start': 0, 'y_stop': 2868, 'x_start': 506, 'x_stop': 2064}"
M10,PLD3_mCherry_reporter_control,8,488nm Binned,0.0,0.0,1.0,1.0,1.0,0.0,True,reference_timepoint,M,10,"{'y_start': 0, 'y_stop': 2868, 'x_start': 380, 'x_stop': 2868}"
M10,PLD3_mCherry_reporter_control,12,488nm Binned,0.0,379.29998779296875,0.00730350008644687,0.00331259452429137,0.867747563531043,0.9999999999999921,True,phase_cross_correlation_on_stable_channel,M,10,"{'y_start': 0, 'y_stop': 2868, 'x_start': 380, 'x_stop': 2868}"
M10,PLD3_mCherry_reporter_control,16,488nm Binned,0.0,191.8000030517578,0.01065968700782979,0.0042822004864947775,0.933124127248341,0.9999999999999831,True,phase_cross_correlation_on_stable_channel,M,10,"{'y_start': 0, 'y_stop': 2868, 'x_start': 380, 'x_stop': 2868}"
M11,PLD3_mCherry_reporter_control,8,488nm Binned,0.0,0.0,1.0,1.0,1.0,0.0,True,reference_timepoint,M,11,"{'y_start': 286, 'y_stop': 2004, 'x_start': 0, 'x_stop': 2868}"
M11,PLD3_mCherry_reporter_control,12,488nm Binned,285.6000061035156,0.0,0.0074461778903454874,0.003529410901686573,0.9004184079136974,0.9999999999999245,True,phase_cross_correlation_on_stable_channel,M,11,"{'y_start': 286, 'y_stop': 2004, 'x_start': 0, 'x_stop': 2868}"
M11,PLD3_mCherry_reporter_control,16,488nm Binned,-863.4000244140625,0.0,0.0028722082856755277,0.001198054842993902,0.6989539663828234,0.9999999999999121,True,phase_cross_correlation_on_stable_channel,M,11,"{'y_start': 286, 'y_stop': 2004, 'x_start': 0, 'x_stop': 2868}"
M12,PLD3_mCherry_reporter_control,8,488nm Binned,0.0,0.0,1.0,1.0,1.0,0.0,True,reference_timepoint,M,12,"{'y_start': 1063, 'y_stop': 2868, 'x_start': 0, 'x_stop': 2868}"
M12,PLD3_mCherry_reporter_control,12,488nm Binned,0.0,0.0,0.0002444578207352485,0.0002444578207352485,1.0,0.9999999999999919,True,phase_cross_correlation_on_stable_channel,M,12,"{'y_start': 1063, 'y_stop': 2868, 'x_start': 0, 'x_stop': 2868}"
M12,PLD3_mCherry_reporter_control,16,488nm Binned,1062.4000244140625,0.0,0.009378471626578655,0.005637899672255898,0.6295676344441902,0.9999999999999506,True,phase_cross_correlation_on_stable_channel,M,12,"{'y_start': 1063, 'y_stop': 2868, 'x_start': 0, 'x_stop': 2868}"
M13,PLD3_mCherry_reporter_control,8,488nm Binned,0.0,0.0,1.0,1.0,1.0,0.0,True,reference_timepoint,M,13,"{'y_start': 0, 'y_stop': 1540, 'x_start': 0, 'x_stop': 2868}"
M13,PLD3_mCherry_reporter_control,12,488nm Binned,-1157.5999755859375,0.0,-0.003929877019846748,0.022072059700173317,0.596373788149952,0.9999999999999881,True,phase_cross_correlation_on_stable_channel,M,13,"{'y_start': 0, 'y_stop': 1540, 'x_start': 0, 'x_stop': 2868}"
M13,PLD3_mCherry_reporter_control,16,488nm Binned,-1327.0999755859375,0.0,0.016123707273770858,0.01779543549109333,0.5372733697399102,0.9999999999999846,True,phase_cross_correlation_on_stable_channel,M,13,"{'y_start': 0, 'y_stop': 1540, 'x_start': 0, 'x_stop': 2868}"
M14,PLD3_mCherry_reporter_control,8,488nm Binned,0.0,0.0,1.0,1.0,1.0,0.0,True,reference_timepoint,M,14,"{'y_start': 0, 'y_stop': 2868, 'x_start': 563, 'x_stop': 2868}"
M14,PLD3_mCherry_reporter_control,12,488nm Binned,0.0,562.4000244140625,0.003925752116775416,0.0071536765449918644,0.803905151877942,0.9999999999999909,True,phase_cross_correlation_on_stable_channel,M,14,"{'y_start': 0, 'y_stop': 2868, 'x_start': 563, 'x_stop': 2868}"
M14,PLD3_mCherry_reporter_control,16,488nm Binned,0.0,543.0999755859375,0.001454208420949044,0.007890115274422084,0.8106345970760329,0.9999999999999913,True,phase_cross_correlation_on_stable_channel,M,14,"{'y_start': 0, 'y_stop': 2868, 'x_start': 563, 'x_stop': 2868}"
M15,PLD3_mCherry_reporter_control,8,488nm Binned,0.0,0.0,1.0,1.0,1.0,0.0,True,reference_timepoint,M,15,"{'y_start': 81, 'y_stop': 2868, 'x_start': 0, 'x_stop': 1710}"
M15,PLD3_mCherry_reporter_control,12,488nm Binned,0.0,-1157.0999755859375,0.009824235543517962,-0.008821284527166509,0.5965481256673858,0.9999999999999707,True,phase_cross_correlation_on_stable_channel,M,15,"{'y_start': 81, 'y_stop': 2868, 'x_start': 0, 'x_stop': 1710}"
M15,PLD3_mCherry_reporter_control,16,488nm Binned,80.69999694824219,0.0,0.0036382914553530063,0.0017545016761413225,0.9718619257502642,0.9999999999999766,True,phase_cross_correlation_on_stable_channel,M,15,"{'y_start': 81, 'y_stop': 2868, 'x_start': 0, 'x_stop': 1710}"
M16,PLD3_mCherry_reporter_control,8,488nm Binned,0.0,0.0,1.0,1.0,1.0,0.0,True,reference_timepoint,M,16,"{'y_start': 0, 'y_stop': 2721, 'x_start': 925, 'x_stop': 2868}"
M16,PLD3_mCherry_reporter_control,12,488nm Binned,-146.8000030517578,0.0,0.0026697872560922523,0.01000350533010507,0.9488145038173788,0.9999999999999757,True,phase_cross_correlation_on_stable_channel,M,16,"{'y_start': 0, 'y_stop': 2721, 'x_start': 925, 'x_stop': 2868}"
M16,PLD3_mCherry_reporter_control,16,488nm Binned,0.0,924.7999877929688,0.0029464584687173803,-0.002025820061071024,0.6775453320108198,0.9999999999999771,True,phase_cross_correlation_on_stable_channel,M,16,"{'y_start': 0, 'y_stop': 2721, 'x_start': 925, 'x_stop': 2868}"
M17,PLD3_mCherry_reporter_control,8,488nm Binned,0.0,0.0,1.0,1.0,1.0,0.0,True,reference_timepoint,M,17,"{'y_start': 0, 'y_stop': 1740, 'x_start': 605, 'x_stop': 2868}"
M17,PLD3_mCherry_reporter_control,12,488nm Binned,-1127.800048828125,0.0,0.004612842387447012,0.014963626061225982,0.6067642786512814,0.9999999999999809,True,phase_cross_correlation_on_stable_channel,M,17,"{'y_start': 0, 'y_stop': 1740, 'x_start': 605, 'x_stop': 2868}"
M17,PLD3_mCherry_reporter_control,16,488nm Binned,0.0,604.0999755859375,0.008266783235826884,0.00025010853177479594,0.7893654199491152,0.999999999999964,True,phase_cross_correlation_on_stable_channel,M,17,"{'y_start': 0, 'y_stop': 1740, 'x_start': 605, 'x_stop': 2868}"
M18,PLD3_mCherry_reporter_control,8,488nm Binned,0.0,0.0,1.0,1.0,1.0,0.0,True,reference_timepoint,M,18,"{'y_start': 1239, 'y_stop': 2345, 'x_start': 0, 'x_stop': 2868}"
M18,PLD3_mCherry_reporter_control,12,488nm Binned,-522.5,0.0,-0.004622594587088342,8.360895201843069e-05,0.8178172942817294,0.9999999999999032,True,phase_cross_correlation_on_stable_channel,M,18,"{'y_start': 1239, 'y_stop': 2345, 'x_start': 0, 'x_stop': 2868}"
M18,PLD3_mCherry_reporter_control,16,488nm Binned,1238.4000244140625,0.0,0.004509920489204908,0.0017524780737267118,0.5682008283075096,0.9999999999999636,True,phase_cross_correlation_on_stable_channel,M,18,"{'y_start': 1239, 'y_stop': 2345, 'x_start': 0, 'x_stop': 2868}"
M19,PLD3_mCherry_reporter_control,8,488nm Binned,0.0,0.0,1.0,1.0,1.0,0.0,True,reference_timepoint,M,19,"{'y_start': 0, 'y_stop': 2410, 'x_start': 50, 'x_stop': 2868}"
M19,PLD3_mCherry_reporter_control,12,488nm Binned,-457.79998779296875,0.0,-0.004912834296169064,0.010073838816804199,0.840376573293944,0.9999999999999832,True,phase_cross_correlation_on_stable_channel,M,19,"{'y_start': 0, 'y_stop': 2410, 'x_start': 50, 'x_stop': 2868}"
M19,PLD3_mCherry_reporter_control,16,488nm Binned,0.0,50.0,0.007845572716516466,0.002923927286227866,0.9825662482566249,0.9999999999999833,True,phase_cross_correlation_on_stable_channel,M,19,"{'y_start': 0, 'y_stop': 2410, 'x_start': 50, 'x_stop': 2868}"
M20,PLD3_mCherry_reporter_control,8,488nm Binned,0.0,0.0,1.0,1.0,1.0,0.0,True,reference_timepoint,M,20,"{'y_start': 0, 'y_stop': 1888, 'x_start': 0, 'x_stop': 2624}"
M20,PLD3_mCherry_reporter_control,12,488nm Binned,-979.7999877929688,0.0,0.0049059087268665,-0.007642085464684486,0.6583682050931071,0.9999999999999879,True,phase_cross_correlation_on_stable_channel,M,20,"{'y_start': 0, 'y_stop': 1888, 'x_start': 0, 'x_stop': 2624}"
M20,PLD3_mCherry_reporter_control,16,488nm Binned,0.0,-243.1999969482422,0.004101817808873842,-0.001682130962984681,0.9152022325842949,0.9999999999999831,True,phase_cross_correlation_on_stable_channel,M,20,"{'y_start': 0, 'y_stop': 1888, 'x_start': 0, 'x_stop': 2624}"
N05,PLD3_TMEM106B_mCherry_primary,8,488nm Binned,0.0,0.0,1.0,1.0,1.0,0.0,True,reference_timepoint,N,05,"{'y_start': 908, 'y_stop': 2868, 'x_start': 0, 'x_stop': 2645}"
N05,PLD3_TMEM106B_mCherry_primary,12,488nm Binned,907.7000122070312,0.0,0.012634313928954592,0.0016455005855611346,0.68350766659448,0.9999999999999746,True,phase_cross_correlation_on_stable_channel,N,05,"{'y_start': 908, 'y_stop': 2868, 'x_start': 0, 'x_stop': 2645}"
N05,PLD3_TMEM106B_mCherry_primary,16,488nm Binned,0.0,-222.10000610351562,0.022248580659031576,0.003939073765733135,0.9225592726277839,0.9999999999999698,True,phase_cross_correlation_on_stable_channel,N,05,"{'y_start': 908, 'y_stop': 2868, 'x_start': 0, 'x_stop': 2645}"
N06,PLD3_TMEM106B_mCherry_primary,8,488nm Binned,0.0,0.0,1.0,1.0,1.0,0.0,True,reference_timepoint,N,06,"{'y_start': 0, 'y_stop': 2868, 'x_start': 0, 'x_stop': 1991}"
N06,PLD3_TMEM106B_mCherry_primary,12,488nm Binned,0.0,-876.7000122070312,0.007636943712763832,-0.003236274997612922,0.6943165926753726,0.9999999999999554,True,phase_cross_correlation_on_stable_channel,N,06,"{'y_start': 0, 'y_stop': 2868, 'x_start': 0, 'x_stop': 1991}"
N06,PLD3_TMEM106B_mCherry_primary,16,488nm Binned,0.0,-751.0,0.016919789741743935,-0.003122657540083849,0.7381450488145049,0.9999999999999767,True,phase_cross_correlation_on_stable_channel,N,06,"{'y_start': 0, 'y_stop': 2868, 'x_start': 0, 'x_stop': 1991}"
N07,PLD3_TMEM106B_mCherry_primary,8,488nm Binned,0.0,0.0,1.0,1.0,1.0,0.0,True,reference_timepoint,N,07,"{'y_start': 0, 'y_stop': 1473, 'x_start': 217, 'x_stop': 2868}"
N07,PLD3_TMEM106B_mCherry_primary,12,488nm Binned,-1394.4000244140625,0.0,0.008580170526724959,-0.004692225433725626,0.513807522868179,0.999999999999968,True,phase_cross_correlation_on_stable_channel,N,07,"{'y_start': 0, 'y_stop': 1473, 'x_start': 217, 'x_stop': 2868}"
N07,PLD3_TMEM106B_mCherry_primary,16,488nm Binned,0.0,216.1999969482422,0.013531922892489332,-0.005124897204653986,0.9246164585257175,0.9999999999999848,True,phase_cross_correlation_on_stable_channel,N,07,"{'y_start': 0, 'y_stop': 1473, 'x_start': 217, 'x_stop': 2868}"
N08,PLD3_TMEM106B_mCherry_primary,8,488nm Binned,0.0,0.0,1.0,1.0,1.0,0.0,True,reference_timepoint,N,08,"{'y_start': 161, 'y_stop': 2868, 'x_start': 0, 'x_stop': 1957}"
N08,PLD3_TMEM106B_mCherry_primary,12,488nm Binned,0.0,-910.7000122070312,0.006620896018200317,0.005371227256609599,0.6824616414898775,0.9999999999999877,True,phase_cross_correlation_on_stable_channel,N,08,"{'y_start': 161, 'y_stop': 2868, 'x_start': 0, 'x_stop': 1957}"
N08,PLD3_TMEM106B_mCherry_primary,16,488nm Binned,161.0,0.0,0.005153420120265236,-0.0017182205043894004,0.943863319386332,0.9999999999999877,True,phase_cross_correlation_on_stable_channel,N,08,"{'y_start': 161, 'y_stop': 2868, 'x_start': 0, 'x_stop': 1957}"
N09,PLD3_TMEM106B_mCherry_primary,8,488nm Binned,0.0,0.0,1.0,1.0,1.0,0.0,True,reference_timepoint,N,09,"{'y_start': 0, 'y_stop': 2452, 'x_start': 660, 'x_stop': 2868}"
N09,PLD3_TMEM106B_mCherry_primary,12,488nm Binned,0.0,659.5,0.0029917713949171388,0.008296895896857876,0.7700488145048815,0.9999999999999748,True,phase_cross_correlation_on_stable_channel,N,09,"{'y_start': 0, 'y_stop': 2452, 'x_start': 660, 'x_stop': 2868}"
N09,PLD3_TMEM106B_mCherry_primary,16,488nm Binned,-415.5,0.0,0.016114285949834394,0.0018111887778461408,0.8551255230125523,0.9999999999999656,True,phase_cross_correlation_on_stable_channel,N,09,"{'y_start': 0, 'y_stop': 2452, 'x_start': 660, 'x_stop': 2868}"
N10,PLD3_TMEM106B_mCherry_primary,8,488nm Binned,0.0,0.0,1.0,1.0,1.0,0.0,True,reference_timepoint,N,10,"{'y_start': 0, 'y_stop': 2329, 'x_start': 0, 'x_stop': 2384}"
N10,PLD3_TMEM106B_mCherry_primary,12,488nm Binned,0.0,-483.8999938964844,0.0011684952063634518,-0.00136209571432773,0.8312761527557586,0.999999999999987,True,phase_cross_correlation_on_stable_channel,N,10,"{'y_start': 0, 'y_stop': 2329, 'x_start': 0, 'x_stop': 2384}"
N10,PLD3_TMEM106B_mCherry_primary,16,488nm Binned,-538.0999755859375,0.0,0.007618079162928135,-0.0008875945482865658,0.8123779722503705,0.9999999999999848,True,phase_cross_correlation_on_stable_channel,N,10,"{'y_start': 0, 'y_stop': 2329, 'x_start': 0, 'x_stop': 2384}"
N11,PLD3_TMEM106B_mCherry_primary,8,488nm Binned,0.0,0.0,1.0,1.0,1.0,0.0,True,reference_timepoint,N,11,"{'y_start': 24, 'y_stop': 2264, 'x_start': 0, 'x_stop': 2868}"
N11,PLD3_TMEM106B_mCherry_primary,12,488nm Binned,-604.0,0.0,0.00099976424900869,0.0006941341830347274,0.7894002789400278,0.9999999999999891,True,phase_cross_correlation_on_stable_channel,N,11,"{'y_start': 24, 'y_stop': 2264, 'x_start': 0, 'x_stop': 2868}"
N11,PLD3_TMEM106B_mCherry_primary,16,488nm Binned,23.5,0.0,0.007736391810663667,0.002777599498360549,0.9918061366806137,0.9999999999999453,True,phase_cross_correlation_on_stable_channel,N,11,"{'y_start': 24, 'y_stop': 2264, 'x_start': 0, 'x_stop': 2868}"
N12,PLD3_TMEM106B_mCherry_primary,8,488nm Binned,0.0,0.0,1.0,1.0,1.0,0.0,True,reference_timepoint,N,12,"{'y_start': 0, 'y_stop': 2868, 'x_start': 0, 'x_stop': 2528}"
N12,PLD3_TMEM106B_mCherry_primary,12,488nm Binned,0.0,-339.8999938964844,0.004429612852447154,0.0011092336373728139,0.8814853577766791,0.9999999999999889,True,phase_cross_correlation_on_stable_channel,N,12,"{'y_start': 0, 'y_stop': 2868, 'x_start': 0, 'x_stop': 2528}"
N12,PLD3_TMEM106B_mCherry_primary,16,488nm Binned,0.0,-116.19999694824219,0.00468957380093034,0.002871406250192797,0.9594839620124679,0.9999999999999801,True,phase_cross_correlation_on_stable_channel,N,12,"{'y_start': 0, 'y_stop': 2868, 'x_start': 0, 'x_stop': 2528}"
N13,PLD3_TMEM106B_mCherry_primary,8,488nm Binned,0.0,0.0,1.0,1.0,1.0,0.0,True,reference_timepoint,N,13,"{'y_start': 852, 'y_stop': 2868, 'x_start': 0, 'x_stop': 2868}"
N13,PLD3_TMEM106B_mCherry_primary,12,488nm Binned,716.4000244140625,0.0,0.0013731526792756135,-0.003048275571643321,0.7502091965083464,0.9999999999999662,True,phase_cross_correlation_on_stable_channel,N,13,"{'y_start': 852, 'y_stop': 2868, 'x_start': 0, 'x_stop': 2868}"
N13,PLD3_TMEM106B_mCherry_primary,16,488nm Binned,851.9000244140625,0.0,0.0017854846650615223,-0.0035107750902241153,0.7029637292837997,0.9999999999999842,True,phase_cross_correlation_on_stable_channel,N,13,"{'y_start': 852, 'y_stop': 2868, 'x_start': 0, 'x_stop': 2868}"
N14,PLD3_TMEM106B_mCherry_primary,8,488nm Binned,0.0,0.0,1.0,1.0,1.0,0.0,True,reference_timepoint,N,14,"{'y_start': 0, 'y_stop': 2868, 'x_start': 217, 'x_stop': 2215}"
N14,PLD3_TMEM106B_mCherry_primary,12,488nm Binned,0.0,216.1999969482422,0.007955082290790033,-0.0011706042541229198,0.9246164585257175,0.9999999999999772,True,phase_cross_correlation_on_stable_channel,N,14,"{'y_start': 0, 'y_stop': 2868, 'x_start': 217, 'x_stop': 2215}"
N14,PLD3_TMEM106B_mCherry_primary,16,488nm Binned,0.0,-652.0999755859375,0.003859034969207984,0.00724322465993,0.772629018275475,0.9999999999999887,True,phase_cross_correlation_on_stable_channel,N,14,"{'y_start': 0, 'y_stop': 2868, 'x_start': 217, 'x_stop': 2215}"
N15,PLD3_TMEM106B_mCherry_primary,8,488nm Binned,0.0,0.0,1.0,1.0,1.0,0.0,True,reference_timepoint,N,15,"{'y_start': 0, 'y_stop': 2866, 'x_start': 0, 'x_stop': 2103}"
N15,PLD3_TMEM106B_mCherry_primary,12,488nm Binned,0.0,-764.2999877929688,0.0011879036352258252,0.00015244073169476906,0.7335076751070542,0.9999999999999832,True,phase_cross_correlation_on_stable_channel,N,15,"{'y_start': 0, 'y_stop': 2866, 'x_start': 0, 'x_stop': 2103}"
N15,PLD3_TMEM106B_mCherry_primary,16,488nm Binned,-1.100000023841858,0.0,0.006736219358560374,0.006354755756716226,0.9996164574533327,0.9999999999999837,True,phase_cross_correlation_on_stable_channel,N,15,"{'y_start': 0, 'y_stop': 2866, 'x_start': 0, 'x_stop': 2103}"
N16,PLD3_TMEM106B_mCherry_primary,8,488nm Binned,0.0,0.0,1.0,1.0,1.0,0.0,True,reference_timepoint,N,16,"{'y_start': 69, 'y_stop': 2868, 'x_start': 0, 'x_stop': 2712}"
N16,PLD3_TMEM106B_mCherry_primary,12,488nm Binned,68.69999694824219,0.0,0.0029229008171268926,-0.0009793575389278255,0.9760460261686743,0.9999999999999871,True,phase_cross_correlation_on_stable_channel,N,16,"{'y_start': 69, 'y_stop': 2868, 'x_start': 0, 'x_stop': 2712}"
N16,PLD3_TMEM106B_mCherry_primary,16,488nm Binned,0.0,-155.5,0.004689109471156195,-0.0020963709178802047,0.9457810320781032,0.9999999999999902,True,phase_cross_correlation_on_stable_channel,N,16,"{'y_start': 69, 'y_stop': 2868, 'x_start': 0, 'x_stop': 2712}"
N17,PLD3_TMEM106B_mCherry_primary,8,488nm Binned,0.0,0.0,1.0,1.0,1.0,0.0,True,reference_timepoint,N,17,"{'y_start': 271, 'y_stop': 2868, 'x_start': 953, 'x_stop': 2868}"
N17,PLD3_TMEM106B_mCherry_primary,12,488nm Binned,270.79998779296875,0.0,2.395770075754154e-05,-0.005166561078264715,0.9055788048141671,0.9999999999999895,True,phase_cross_correlation_on_stable_channel,N,17,"{'y_start': 271, 'y_stop': 2868, 'x_start': 953, 'x_stop': 2868}"
N17,PLD3_TMEM106B_mCherry_primary,16,488nm Binned,0.0,952.4000244140625,-0.0008158405287627698,-0.004952897570600207,0.6679218882796156,0.9999999999999877,True,phase_cross_correlation_on_stable_channel,N,17,"{'y_start': 271, 'y_stop': 2868, 'x_start': 953, 'x_stop': 2868}"
N18,PLD3_TMEM106B_mCherry_primary,8,488nm Binned,0.0,0.0,1.0,1.0,1.0,0.0,True,reference_timepoint,N,18,"{'y_start': 635, 'y_stop': 2868, 'x_start': 365, 'x_stop': 2868}"
N18,PLD3_TMEM106B_mCherry_primary,12,488nm Binned,0.0,364.3999938964844,-0.004139855059410597,0.0010532420481013161,0.8729428194224252,0.9999999999999921,True,phase_cross_correlation_on_stable_channel,N,18,"{'y_start': 635, 'y_stop': 2868, 'x_start': 365, 'x_stop': 2868}"
N18,PLD3_TMEM106B_mCherry_primary,16,488nm Binned,634.2000122070312,0.0,0.002963603063700583,-0.005506878150324095,0.7788702886307423,0.9999999999999803,True,phase_cross_correlation_on_stable_channel,N,18,"{'y_start': 635, 'y_stop': 2868, 'x_start': 365, 'x_stop': 2868}"
N19,PLD3_TMEM106B_mCherry_primary,8,488nm Binned,0.0,0.0,1.0,1.0,1.0,0.0,True,reference_timepoint,N,19,"{'y_start': 185, 'y_stop': 2312, 'x_start': 0, 'x_stop': 2868}"
N19,PLD3_TMEM106B_mCherry_primary,12,488nm Binned,184.10000610351562,0.0,0.0057107036734632115,-0.005727816776827815,0.9358089239527491,0.9999999999999793,True,phase_cross_correlation_on_stable_channel,N,19,"{'y_start': 185, 'y_stop': 2312, 'x_start': 0, 'x_stop': 2868}"
N19,PLD3_TMEM106B_mCherry_primary,16,488nm Binned,-555.7000122070312,0.0,-0.003553545199981913,0.0054643924474837196,0.8062412788678412,0.9999999999999852,True,phase_cross_correlation_on_stable_channel,N,19,"{'y_start': 185, 'y_stop': 2312, 'x_start': 0, 'x_stop': 2868}"
N20,PLD3_TMEM106B_mCherry_primary,8,488nm Binned,0.0,0.0,1.0,1.0,1.0,0.0,True,reference_timepoint,N,20,"{'y_start': 747, 'y_stop': 2868, 'x_start': 749, 'x_stop': 2868}"
N20,PLD3_TMEM106B_mCherry_primary,12,488nm Binned,0.0,748.5,0.0050269224914676015,-0.001976040014069162,0.7390167364016736,0.9999999999999839,True,phase_cross_correlation_on_stable_channel,N,20,"{'y_start': 747, 'y_stop': 2868, 'x_start': 749, 'x_stop': 2868}"
N20,PLD3_TMEM106B_mCherry_primary,16,488nm Binned,746.0999755859375,0.0,0.006938638069289632,-0.013252321965395119,0.7398535649979298,0.9999999999999961,True,phase_cross_correlation_on_stable_channel,N,20,"{'y_start': 747, 'y_stop': 2868, 'x_start': 749, 'x_stop': 2868}"
