path,relative_path,filename,extension,file_size_bytes,modified_time,inferred_well,inferred_day_timepoint,inferred_channel,inferred_site_fov_tile,acquisition_folder,parse_confidence,parse_warnings,metadata_status,axis_order,sizes_json,channel_names
"/Users/makennarodriguez/Documents/260213_Feb16recopy_HYdiff_landingpadlines_survival_384well1/20260216_084435_959/260216_Day8_iNeurons_WellC05_Channel405nm Binned,561nm Binned,488nm Binned_Seq0000.nd2","20260216_084435_959/260216_Day8_iNeurons_WellC05_Channel405nm Binned,561nm Binned,488nm Binned_Seq0000.nd2","260216_Day8_iNeurons_WellC05_Channel405nm Binned,561nm Binned,488nm Binned_Seq0000.nd2",.nd2,49692672,2026-02-16T08:45:14,C05,8,405nm Binned|561nm Binned|488nm Binned,Seq0000,20260216_084435_959,high,,not_requested,,,
"/Users/makennarodriguez/Documents/260213_Feb16recopy_HYdiff_landingpadlines_survival_384well1/20260216_084435_959/260216_Day8_iNeurons_WellC06_Channel405nm Binned,561nm Binned,488nm Binned_Seq0001.nd2","20260216_084435_959/260216_Day8_iNeurons_WellC06_Channel405nm Binned,561nm Binned,488nm Binned_Seq0001.nd2","260216_Day8_iNeurons_WellC06_Channel405nm Binned,561nm Binned,488nm Binned_Seq0001.nd2",.nd2,49692672,2026-02-16T08:45:24,C06,8,405nm Binned|561nm Binned|488nm Binned,Seq0001,20260216_084435_959,high,,not_requested,,,
"/Users/makennarodriguez/Documents/260213_Feb16recopy_HYdiff_landingpadlines_survival_384well1/20260216_084435_959/260216_Day8_iNeurons_WellC07_Channel405nm Binned,561nm Binned,488nm Binned_Seq0002.nd2","20260216_084435_959/260216_Day8_iNeurons_WellC07_Channel405nm Binned,561nm Binned,488nm Binned_Seq0002.nd2","260216_Day8_iNeurons_WellC07_Channel405nm Binned,561nm Binned,488nm Binned_Seq0002.nd2",.nd2,49692672,2026-02-16T08:45:36,C07,8,405nm Binned|561nm Binned|488nm Binned,Seq0002,20260216_084435_959,high,,not_requested,,,
"/Users/makennarodriguez/Documents/260213_Feb16recopy_HYdiff_landingpadlines_survival_384well1/20260216_084435_959/260216_Day8_iNeurons_WellC08_Channel405nm Binned,561nm Binned,488nm Binned_Seq0003.nd2","20260216_084435_959/260216_Day8_iNeurons_WellC08_Channel405nm Binned,561nm Binned,488nm Binned_Seq0003.nd2","260216_Day8_iNeurons_WellC08_Channel405nm Binned,561nm Binned,488nm Binned_Seq0003.nd2",.nd2,49692672,2026-02-16T08:45:48,C08,8,405nm Binned|561nm Binned|488nm Binned,Seq0003,20260216_084435_959,high,,not_requested,,,
"/Users/makennarodriguez/Documents/260213_Feb16recopy_HYdiff_landingpadlines_survival_384well1/20260216_084435_959/260216_Day8_iNeurons_WellC09_Channel405nm Binned,561nm Binned,488nm Binned_Seq0004.nd2","20260216_084435_959/260216_Day8_iNeurons_WellC09_Channel405nm Binned,561nm Binned,488nm Binned_Seq0004.nd2","260216_Day8_iNeurons_WellC09_Channel405nm Binned,561nm Binned,488nm Binned_Seq0004.nd2",.nd2,49692672,2026-02-16T08:46:00,C09,8,405nm Binned|561nm Binned|488nm Binned,Seq0004,20260216_084435_959,high,,not_requested,,,
"/Users/makennarodriguez/Documents/260213_Feb16recopy_HYdiff_landingpadlines_survival_384well1/20260216_084435_959/260216_Day8_iNeurons_WellC10_Channel405nm Binned,561nm Binned,488nm Binned_Seq0005.nd2","20260216_084435_959/260216_Day8_iNeurons_WellC10_Channel405nm Binned,561nm Binned,488nm Binned_Seq0005.nd2","260216_Day8_iNeurons_WellC10_Channel405nm Binned,561nm Binned,488nm Binned_Seq0005.nd2",.nd2,49692672,2026-02-16T08:46:10,C10,8,405nm Binned|561nm Binned|488nm Binned,Seq0005,20260216_084435_959,high,,not_requested,,,
"/Users/makennarodriguez/Documents/260213_Feb16recopy_HYdiff_landingpadlines_survival_384well1/20260216_084435_959/260216_Day8_iNeurons_WellC11_Channel405nm Binned,561nm Binned,488nm Binned_Seq0006.nd2","20260216_084435_959/260216_Day8_iNeurons_WellC11_Channel405nm Binned,561nm Binned,488nm Binned_Seq0006.nd2","260216_Day8_iNeurons_WellC11_Channel405nm Binned,561nm Binned,488nm Binned_Seq0006.nd2",.nd2,49692672,2026-02-16T08:46:22,C11,8,405nm Binned|561nm Binned|488nm Binned,Seq0006,20260216_084435_959,high,,not_requested,,,
"/Users/makennarodriguez/Documents/260213_Feb16recopy_HYdiff_landingpadlines_survival_384well1/20260216_084435_959/260216_Day8_iNeurons_WellC12_Channel405nm Binned,561nm Binned,488nm Binned_Seq0007.nd2","20260216_084435_959/260216_Day8_iNeurons_WellC12_Channel405nm Binned,561nm Binned,488nm Binned_Seq0007.nd2","260216_Day8_iNeurons_WellC12_Channel405nm Binned,561nm Binned,488nm Binned_Seq0007.nd2",.nd2,49692672,2026-02-16T08:46:34,C12,8,405nm Binned|561nm Binned|488nm Binned,Seq0007,20260216_084435_959,high,,not_requested,,,
"/Users/makennarodriguez/Documents/260213_Feb16recopy_HYdiff_landingpadlines_survival_384well1/20260216_084435_959/260216_Day8_iNeurons_WellC13_Channel405nm Binned,561nm Binned,488nm Binned_Seq0008.nd2","20260216_084435_959/260216_Day8_iNeurons_WellC13_Channel405nm Binned,561nm Binned,488nm Binned_Seq0008.nd2","260216_Day8_iNeurons_WellC13_Channel405nm Binned,561nm Binned,488nm Binned_Seq0008.nd2",.nd2,49692672,2026-02-16T08:46:46,C13,8,405nm Binned|561nm Binned|488nm Binned,Seq0008,20260216_084435_959,high,,not_requested,,,
"/Users/makennarodriguez/Documents/260213_Feb16recopy_HYdiff_landingpadlines_survival_384well1/20260216_084435_959/260216_Day8_iNeurons_WellC14_Channel405nm Binned,561nm Binned,488nm Binned_Seq0009.nd2","20260216_084435_959/260216_Day8_iNeurons_WellC14_Channel405nm Binned,561nm Binned,488nm Binned_Seq0009.nd2","260216_Day8_iNeurons_WellC14_Channel405nm Binned,561nm Binned,488nm Binned_Seq0009.nd2",.nd2,49692672,2026-02-16T08:46:58,C14,8,405nm Binned|561nm Binned|488nm Binned,Seq0009,20260216_084435_959,high,,not_requested,,,
"/Users/makennarodriguez/Documents/260213_Feb16recopy_HYdiff_landingpadlines_survival_384well1/20260216_084435_959/260216_Day8_iNeurons_WellC15_Channel405nm Binned,561nm Binned,488nm Binned_Seq0010.nd2","20260216_084435_959/260216_Day8_iNeurons_WellC15_Channel405nm Binned,561nm Binned,488nm Binned_Seq0010.nd2","260216_Day8_iNeurons_WellC15_Channel405nm Binned,561nm Binned,488nm Binned_Seq0010.nd2",.nd2,49692672,2026-02-16T08:47:10,C15,8,405nm Binned|561nm Binned|488nm Binned,Seq0010,20260216_084435_959,high,,not_requested,,,
"/Users/makennarodriguez/Documents/260213_Feb16recopy_HYdiff_landingpadlines_survival_384well1/20260216_084435_959/260216_Day8_iNeurons_WellC16_Channel405nm Binned,561nm Binned,488nm Binned_Seq0011.nd2","20260216_084435_959/260216_Day8_iNeurons_WellC16_Channel405nm Binned,561nm Binned,488nm Binned_Seq0011.nd2","260216_Day8_iNeurons_WellC16_Channel405nm Binned,561nm Binned,488nm Binned_Seq0011.nd2",.nd2,49692672,2026-02-16T08:47:20,C16,8,405nm Binned|561nm Binned|488nm Binned,Seq0011,20260216_084435_959,high,,not_requested,,,
"/Users/makennarodriguez/Documents/260213_Feb16recopy_HYdiff_landingpadlines_survival_384well1/20260216_084435_959/260216_Day8_iNeurons_WellC17_Channel405nm Binned,561nm Binned,488nm Binned_Seq0012.nd2","20260216_084435_959/260216_Day8_iNeurons_WellC17_Channel405nm Binned,561nm Binned,488nm Binned_Seq0012.nd2","260216_Day8_iNeurons_WellC17_Channel405nm Binned,561nm Binned,488nm Binned_Seq0012.nd2",.nd2,49692672,2026-02-16T08:47:32,C17,8,405nm Binned|561nm Binned|488nm Binned,Seq0012,20260216_084435_959,high,,not_requested,,,
"/Users/makennarodriguez/Documents/260213_Feb16recopy_HYdiff_landingpadlines_survival_384well1/20260216_084435_959/260216_Day8_iNeurons_WellC18_Channel405nm Binned,561nm Binned,488nm Binned_Seq0013.nd2","20260216_084435_959/260216_Day8_iNeurons_WellC18_Channel405nm Binned,561nm Binned,488nm Binned_Seq0013.nd2","260216_Day8_iNeurons_WellC18_Channel405nm Binned,561nm Binned,488nm Binned_Seq0013.nd2",.nd2,49692672,2026-02-16T08:47:44,C18,8,405nm Binned|561nm Binned|488nm Binned,Seq0013,20260216_084435_959,high,,not_requested,,,
"/Users/makennarodriguez/Documents/260213_Feb16recopy_HYdiff_landingpadlines_survival_384well1/20260216_084435_959/260216_Day8_iNeurons_WellC19_Channel405nm Binned,561nm Binned,488nm Binned_Seq0014.nd2","20260216_084435_959/260216_Day8_iNeurons_WellC19_Channel405nm Binned,561nm Binned,488nm Binned_Seq0014.nd2","260216_Day8_iNeurons_WellC19_Channel405nm Binned,561nm Binned,488nm Binned_Seq0014.nd2",.nd2,49692672,2026-02-16T08:47:54,C19,8,405nm Binned|561nm Binned|488nm Binned,Seq0014,20260216_084435_959,high,,not_requested,,,
"/Users/makennarodriguez/Documents/260213_Feb16recopy_HYdiff_landingpadlines_survival_384well1/20260216_084435_959/260216_Day8_iNeurons_WellC20_Channel405nm Binned,561nm Binned,488nm Binned_Seq0015.nd2","20260216_084435_959/260216_Day8_iNeurons_WellC20_Channel405nm Binned,561nm Binned,488nm Binned_Seq0015.nd2","260216_Day8_iNeurons_WellC20_Channel405nm Binned,561nm Binned,488nm Binned_Seq0015.nd2",.nd2,49692672,2026-02-16T08:48:06,C20,8,405nm Binned|561nm Binned|488nm Binned,Seq0015,20260216_084435_959,high,,not_requested,,,
"/Users/makennarodriguez/Documents/260213_Feb16recopy_HYdiff_landingpadlines_survival_384well1/20260216_084435_959/260216_Day8_iNeurons_WellD05_Channel405nm Binned,561nm Binned,488nm Binned_Seq0016.nd2","20260216_084435_959/260216_Day8_iNeurons_WellD05_Channel405nm Binned,561nm Binned,488nm Binned_Seq0016.nd2","260216_Day8_iNeurons_WellD05_Channel405nm Binned,561nm Binned,488nm Binned_Seq0016.nd2",.nd2,49692672,2026-02-16T08:48:20,D05,8,405nm Binned|561nm Binned|488nm Binned,Seq0016,20260216_084435_959,high,,not_requested,,,
"/Users/makennarodriguez/Documents/260213_Feb16recopy_HYdiff_landingpadlines_survival_384well1/20260216_084435_959/260216_Day8_iNeurons_WellD06_Channel405nm Binned,561nm Binned,488nm Binned_Seq0017.nd2","20260216_084435_959/260216_Day8_iNeurons_WellD06_Channel405nm Binned,561nm Binned,488nm Binned_Seq0017.nd2","260216_Day8_iNeurons_WellD06_Channel405nm Binned,561nm Binned,488nm Binned_Seq0017.nd2",.nd2,49692672,2026-02-16T08:48:32,D06,8,405nm Binned|561nm Binned|488nm Binned,Seq0017,20260216_084435_959,high,,not_requested,,,
"/Users/makennarodriguez/Documents/260213_Feb16recopy_HYdiff_landingpadlines_survival_384well1/20260216_084435_959/260216_Day8_iNeurons_WellD07_Channel405nm Binned,561nm Binned,488nm Binned_Seq0018.nd2","20260216_084435_959/260216_Day8_iNeurons_WellD07_Channel405nm Binned,561nm Binned,488nm Binned_Seq0018.nd2","260216_Day8_iNeurons_WellD07_Channel405nm Binned,561nm Binned,488nm Binned_Seq0018.nd2",.nd2,49692672,2026-02-16T08:48:44,D07,8,405nm Binned|561nm Binned|488nm Binned,Seq0018,20260216_084435_959,high,,not_requested,,,
"/Users/makennarodriguez/Documents/260213_Feb16recopy_HYdiff_landingpadlines_survival_384well1/20260216_084435_959/260216_Day8_iNeurons_WellD08_Channel405nm Binned,561nm Binned,488nm Binned_Seq0019.nd2","20260216_084435_959/260216_Day8_iNeurons_WellD08_Channel405nm Binned,561nm Binned,488nm Binned_Seq0019.nd2","260216_Day8_iNeurons_WellD08_Channel405nm Binned,561nm Binned,488nm Binned_Seq0019.nd2",.nd2,49692672,2026-02-16T08:48:54,D08,8,405nm Binned|561nm Binned|488nm Binned,Seq0019,20260216_084435_959,high,,not_requested,,,
"/Users/makennarodriguez/Documents/260213_Feb16recopy_HYdiff_landingpadlines_survival_384well1/20260216_084435_959/260216_Day8_iNeurons_WellD09_Channel405nm Binned,561nm Binned,488nm Binned_Seq0020.nd2","20260216_084435_959/260216_Day8_iNeurons_WellD09_Channel405nm Binned,561nm Binned,488nm Binned_Seq0020.nd2","260216_Day8_iNeurons_WellD09_Channel405nm Binned,561nm Binned,488nm Binned_Seq0020.nd2",.nd2,49692672,2026-02-16T08:49:06,D09,8,405nm Binned|561nm Binned|488nm Binned,Seq0020,20260216_084435_959,high,,not_requested,,,
"/Users/makennarodriguez/Documents/260213_Feb16recopy_HYdiff_landingpadlines_survival_384well1/20260216_084435_959/260216_Day8_iNeurons_WellD10_Channel405nm Binned,561nm Binned,488nm Binned_Seq0021.nd2","20260216_084435_959/260216_Day8_iNeurons_WellD10_Channel405nm Binned,561nm Binned,488nm Binned_Seq0021.nd2","260216_Day8_iNeurons_WellD10_Channel405nm Binned,561nm Binned,488nm Binned_Seq0021.nd2",.nd2,49692672,2026-02-16T08:49:18,D10,8,405nm Binned|561nm Binned|488nm Binned,Seq0021,20260216_084435_959,high,,not_requested,,,
"/Users/makennarodriguez/Documents/260213_Feb16recopy_HYdiff_landingpadlines_survival_384well1/20260216_084435_959/260216_Day8_iNeurons_WellD11_Channel405nm Binned,561nm Binned,488nm Binned_Seq0022.nd2","20260216_084435_959/260216_Day8_iNeurons_WellD11_Channel405nm Binned,561nm Binned,488nm Binned_Seq0022.nd2","260216_Day8_iNeurons_WellD11_Channel405nm Binned,561nm Binned,488nm Binned_Seq0022.nd2",.nd2,49692672,2026-02-16T08:49:30,D11,8,405nm Binned|561nm Binned|488nm Binned,Seq0022,20260216_084435_959,high,,not_requested,,,
"/Users/makennarodriguez/Documents/260213_Feb16recopy_HYdiff_landingpadlines_survival_384well1/20260216_084435_959/260216_Day8_iNeurons_WellD12_Channel405nm Binned,561nm Binned,488nm Binned_Seq0023.nd2","20260216_084435_959/260216_Day8_iNeurons_WellD12_Channel405nm Binned,561nm Binned,488nm Binned_Seq0023.nd2","260216_Day8_iNeurons_WellD12_Channel405nm Binned,561nm Binned,488nm Binned_Seq0023.nd2",.nd2,49692672,2026-02-16T08:49:40,D12,8,405nm Binned|561nm Binned|488nm Binned,Seq0023,20260216_084435_959,high,,not_requested,,,
"/Users/makennarodriguez/Documents/260213_Feb16recopy_HYdiff_landingpadlines_survival_384well1/20260216_084435_959/260216_Day8_iNeurons_WellD13_Channel405nm Binned,561nm Binned,488nm Binned_Seq0024.nd2","20260216_084435_959/260216_Day8_iNeurons_WellD13_Channel405nm Binned,561nm Binned,488nm Binned_Seq0024.nd2","260216_Day8_iNeurons_WellD13_Channel405nm Binned,561nm Binned,488nm Binned_Seq0024.nd2",.nd2,49692672,2026-02-16T08:49:52,D13,8,405nm Binned|561nm Binned|488nm Binned,Seq0024,20260216_084435_959,high,,not_requested,,,
"/Users/makennarodriguez/Documents/260213_Feb16recopy_HYdiff_landingpadlines_survival_384well1/20260216_084435_959/260216_Day8_iNeurons_WellD14_Channel405nm Binned,561nm Binned,488nm Binned_Seq0025.nd2","20260216_084435_959/260216_Day8_iNeurons_WellD14_Channel405nm Binned,561nm Binned,488nm Binned_Seq0025.nd2","260216_Day8_iNeurons_WellD14_Channel405nm Binned,561nm Binned,488nm Binned_Seq0025.nd2",.nd2,49692672,2026-02-16T08:50:04,D14,8,405nm Binned|561nm Binned|488nm Binned,Seq0025,20260216_084435_959,high,,not_requested,,,
"/Users/makennarodriguez/Documents/260213_Feb16recopy_HYdiff_landingpadlines_survival_384well1/20260216_084435_959/260216_Day8_iNeurons_WellD15_Channel405nm Binned,561nm Binned,488nm Binned_Seq0026.nd2","20260216_084435_959/260216_Day8_iNeurons_WellD15_Channel405nm Binned,561nm Binned,488nm Binned_Seq0026.nd2","260216_Day8_iNeurons_WellD15_Channel405nm Binned,561nm Binned,488nm Binned_Seq0026.nd2",.nd2,49692672,2026-02-16T08:50:16,D15,8,405nm Binned|561nm Binned|488nm Binned,Seq0026,20260216_084435_959,high,,not_requested,,,
"/Users/makennarodriguez/Documents/260213_Feb16recopy_HYdiff_landingpadlines_survival_384well1/20260216_084435_959/260216_Day8_iNeurons_WellD16_Channel405nm Binned,561nm Binned,488nm Binned_Seq0027.nd2","20260216_084435_959/260216_Day8_iNeurons_WellD16_Channel405nm Binned,561nm Binned,488nm Binned_Seq0027.nd2","260216_Day8_iNeurons_WellD16_Channel405nm Binned,561nm Binned,488nm Binned_Seq0027.nd2",.nd2,49692672,2026-02-16T08:50:26,D16,8,405nm Binned|561nm Binned|488nm Binned,Seq0027,20260216_084435_959,high,,not_requested,,,
"/Users/makennarodriguez/Documents/260213_Feb16recopy_HYdiff_landingpadlines_survival_384well1/20260216_084435_959/260216_Day8_iNeurons_WellD17_Channel405nm Binned,561nm Binned,488nm Binned_Seq0028.nd2","20260216_084435_959/260216_Day8_iNeurons_WellD17_Channel405nm Binned,561nm Binned,488nm Binned_Seq0028.nd2","260216_Day8_iNeurons_WellD17_Channel405nm Binned,561nm Binned,488nm Binned_Seq0028.nd2",.nd2,49692672,2026-02-16T08:50:38,D17,8,405nm Binned|561nm Binned|488nm Binned,Seq0028,20260216_084435_959,high,,not_requested,,,
"/Users/makennarodriguez/Documents/260213_Feb16recopy_HYdiff_landingpadlines_survival_384well1/20260216_084435_959/260216_Day8_iNeurons_WellD18_Channel405nm Binned,561nm Binned,488nm Binned_Seq0029.nd2","20260216_084435_959/260216_Day8_iNeurons_WellD18_Channel405nm Binned,561nm Binned,488nm Binned_Seq0029.nd2","260216_Day8_iNeurons_WellD18_Channel405nm Binned,561nm Binned,488nm Binned_Seq0029.nd2",.nd2,49692672,2026-02-16T08:50:50,D18,8,405nm Binned|561nm Binned|488nm Binned,Seq0029,20260216_084435_959,high,,not_requested,,,
"/Users/makennarodriguez/Documents/260213_Feb16recopy_HYdiff_landingpadlines_survival_384well1/20260216_084435_959/260216_Day8_iNeurons_WellD19_Channel405nm Binned,561nm Binned,488nm Binned_Seq0030.nd2","20260216_084435_959/260216_Day8_iNeurons_WellD19_Channel405nm Binned,561nm Binned,488nm Binned_Seq0030.nd2","260216_Day8_iNeurons_WellD19_Channel405nm Binned,561nm Binned,488nm Binned_Seq0030.nd2",.nd2,49692672,2026-02-16T08:51:02,D19,8,405nm Binned|561nm Binned|488nm Binned,Seq0030,20260216_084435_959,high,,not_requested,,,
"/Users/makennarodriguez/Documents/260213_Feb16recopy_HYdiff_landingpadlines_survival_384well1/20260216_084435_959/260216_Day8_iNeurons_WellD20_Channel405nm Binned,561nm Binned,488nm Binned_Seq0031.nd2","20260216_084435_959/260216_Day8_iNeurons_WellD20_Channel405nm Binned,561nm Binned,488nm Binned_Seq0031.nd2","260216_Day8_iNeurons_WellD20_Channel405nm Binned,561nm Binned,488nm Binned_Seq0031.nd2",.nd2,49692672,2026-02-16T08:51:12,D20,8,405nm Binned|561nm Binned|488nm Binned,Seq0031,20260216_084435_959,high,,not_requested,,,
"/Users/makennarodriguez/Documents/260213_Feb16recopy_HYdiff_landingpadlines_survival_384well1/20260216_084435_959/260216_Day8_iNeurons_WellE05_Channel405nm Binned,561nm Binned,488nm Binned_Seq0032.nd2","20260216_084435_959/260216_Day8_iNeurons_WellE05_Channel405nm Binned,561nm Binned,488nm Binned_Seq0032.nd2","260216_Day8_iNeurons_WellE05_Channel405nm Binned,561nm Binned,488nm Binned_Seq0032.nd2",.nd2,49692672,2026-02-16T08:51:26,E05,8,405nm Binned|561nm Binned|488nm Binned,Seq0032,20260216_084435_959,high,,not_requested,,,
"/Users/makennarodriguez/Documents/260213_Feb16recopy_HYdiff_landingpadlines_survival_384well1/20260216_084435_959/260216_Day8_iNeurons_WellE06_Channel405nm Binned,561nm Binned,488nm Binned_Seq0033.nd2","20260216_084435_959/260216_Day8_iNeurons_WellE06_Channel405nm Binned,561nm Binned,488nm Binned_Seq0033.nd2","260216_Day8_iNeurons_WellE06_Channel405nm Binned,561nm Binned,488nm Binned_Seq0033.nd2",.nd2,49692672,2026-02-16T08:51:38,E06,8,405nm Binned|561nm Binned|488nm Binned,Seq0033,20260216_084435_959,high,,not_requested,,,
"/Users/makennarodriguez/Documents/260213_Feb16recopy_HYdiff_landingpadlines_survival_384well1/20260216_084435_959/260216_Day8_iNeurons_WellE07_Channel405nm Binned,561nm Binned,488nm Binned_Seq0034.nd2","20260216_084435_959/260216_Day8_iNeurons_WellE07_Channel405nm Binned,561nm Binned,488nm Binned_Seq0034.nd2","260216_Day8_iNeurons_WellE07_Channel405nm Binned,561nm Binned,488nm Binned_Seq0034.nd2",.nd2,49692672,2026-02-16T08:51:50,E07,8,405nm Binned|561nm Binned|488nm Binned,Seq0034,20260216_084435_959,high,,not_requested,,,
"/Users/makennarodriguez/Documents/260213_Feb16recopy_HYdiff_landingpadlines_survival_384well1/20260216_084435_959/260216_Day8_iNeurons_WellE08_Channel405nm Binned,561nm Binned,488nm Binned_Seq0035.nd2","20260216_084435_959/260216_Day8_iNeurons_WellE08_Channel405nm Binned,561nm Binned,488nm Binned_Seq0035.nd2","260216_Day8_iNeurons_WellE08_Channel405nm Binned,561nm Binned,488nm Binned_Seq0035.nd2",.nd2,49692672,2026-02-16T08:52:02,E08,8,405nm Binned|561nm Binned|488nm Binned,Seq0035,20260216_084435_959,high,,not_requested,,,
"/Users/makennarodriguez/Documents/260213_Feb16recopy_HYdiff_landingpadlines_survival_384well1/20260216_084435_959/260216_Day8_iNeurons_WellE09_Channel405nm Binned,561nm Binned,488nm Binned_Seq0036.nd2","20260216_084435_959/260216_Day8_iNeurons_WellE09_Channel405nm Binned,561nm Binned,488nm Binned_Seq0036.nd2","260216_Day8_iNeurons_WellE09_Channel405nm Binned,561nm Binned,488nm Binned_Seq0036.nd2",.nd2,49692672,2026-02-16T08:52:12,E09,8,405nm Binned|561nm Binned|488nm Binned,Seq0036,20260216_084435_959,high,,not_requested,,,
"/Users/makennarodriguez/Documents/260213_Feb16recopy_HYdiff_landingpadlines_survival_384well1/20260216_084435_959/260216_Day8_iNeurons_WellE10_Channel405nm Binned,561nm Binned,488nm Binned_Seq0037.nd2","20260216_084435_959/260216_Day8_iNeurons_WellE10_Channel405nm Binned,561nm Binned,488nm Binned_Seq0037.nd2","260216_Day8_iNeurons_WellE10_Channel405nm Binned,561nm Binned,488nm Binned_Seq0037.nd2",.nd2,49692672,2026-02-16T08:52:24,E10,8,405nm Binned|561nm Binned|488nm Binned,Seq0037,20260216_084435_959,high,,not_requested,,,
"/Users/makennarodriguez/Documents/260213_Feb16recopy_HYdiff_landingpadlines_survival_384well1/20260216_084435_959/260216_Day8_iNeurons_WellE11_Channel405nm Binned,561nm Binned,488nm Binned_Seq0038.nd2","20260216_084435_959/260216_Day8_iNeurons_WellE11_Channel405nm Binned,561nm Binned,488nm Binned_Seq0038.nd2","260216_Day8_iNeurons_WellE11_Channel405nm Binned,561nm Binned,488nm Binned_Seq0038.nd2",.nd2,49692672,2026-02-16T08:52:36,E11,8,405nm Binned|561nm Binned|488nm Binned,Seq0038,20260216_084435_959,high,,not_requested,,,
"/Users/makennarodriguez/Documents/260213_Feb16recopy_HYdiff_landingpadlines_survival_384well1/20260216_084435_959/260216_Day8_iNeurons_WellE12_Channel405nm Binned,561nm Binned,488nm Binned_Seq0039.nd2","20260216_084435_959/260216_Day8_iNeurons_WellE12_Channel405nm Binned,561nm Binned,488nm Binned_Seq0039.nd2","260216_Day8_iNeurons_WellE12_Channel405nm Binned,561nm Binned,488nm Binned_Seq0039.nd2",.nd2,49692672,2026-02-16T08:52:48,E12,8,405nm Binned|561nm Binned|488nm Binned,Seq0039,20260216_084435_959,high,,not_requested,,,
"/Users/makennarodriguez/Documents/260213_Feb16recopy_HYdiff_landingpadlines_survival_384well1/20260216_084435_959/260216_Day8_iNeurons_WellE13_Channel405nm Binned,561nm Binned,488nm Binned_Seq0040.nd2","20260216_084435_959/260216_Day8_iNeurons_WellE13_Channel405nm Binned,561nm Binned,488nm Binned_Seq0040.nd2","260216_Day8_iNeurons_WellE13_Channel405nm Binned,561nm Binned,488nm Binned_Seq0040.nd2",.nd2,49692672,2026-02-16T08:53:00,E13,8,405nm Binned|561nm Binned|488nm Binned,Seq0040,20260216_084435_959,high,,not_requested,,,
"/Users/makennarodriguez/Documents/260213_Feb16recopy_HYdiff_landingpadlines_survival_384well1/20260216_084435_959/260216_Day8_iNeurons_WellE14_Channel405nm Binned,561nm Binned,488nm Binned_Seq0041.nd2","20260216_084435_959/260216_Day8_iNeurons_WellE14_Channel405nm Binned,561nm Binned,488nm Binned_Seq0041.nd2","260216_Day8_iNeurons_WellE14_Channel405nm Binned,561nm Binned,488nm Binned_Seq0041.nd2",.nd2,49692672,2026-02-16T08:53:12,E14,8,405nm Binned|561nm Binned|488nm Binned,Seq0041,20260216_084435_959,high,,not_requested,,,
"/Users/makennarodriguez/Documents/260213_Feb16recopy_HYdiff_landingpadlines_survival_384well1/20260216_084435_959/260216_Day8_iNeurons_WellE15_Channel405nm Binned,561nm Binned,488nm Binned_Seq0042.nd2","20260216_084435_959/260216_Day8_iNeurons_WellE15_Channel405nm Binned,561nm Binned,488nm Binned_Seq0042.nd2","260216_Day8_iNeurons_WellE15_Channel405nm Binned,561nm Binned,488nm Binned_Seq0042.nd2",.nd2,49692672,2026-02-16T08:53:24,E15,8,405nm Binned|561nm Binned|488nm Binned,Seq0042,20260216_084435_959,high,,not_requested,,,
"/Users/makennarodriguez/Documents/260213_Feb16recopy_HYdiff_landingpadlines_survival_384well1/20260216_084435_959/260216_Day8_iNeurons_WellE16_Channel405nm Binned,561nm Binned,488nm Binned_Seq0043.nd2","20260216_084435_959/260216_Day8_iNeurons_WellE16_Channel405nm Binned,561nm Binned,488nm Binned_Seq0043.nd2","260216_Day8_iNeurons_WellE16_Channel405nm Binned,561nm Binned,488nm Binned_Seq0043.nd2",.nd2,49692672,2026-02-16T08:53:34,E16,8,405nm Binned|561nm Binned|488nm Binned,Seq0043,20260216_084435_959,high,,not_requested,,,
"/Users/makennarodriguez/Documents/260213_Feb16recopy_HYdiff_landingpadlines_survival_384well1/20260216_084435_959/260216_Day8_iNeurons_WellE17_Channel405nm Binned,561nm Binned,488nm Binned_Seq0044.nd2","20260216_084435_959/260216_Day8_iNeurons_WellE17_Channel405nm Binned,561nm Binned,488nm Binned_Seq0044.nd2","260216_Day8_iNeurons_WellE17_Channel405nm Binned,561nm Binned,488nm Binned_Seq0044.nd2",.nd2,49692672,2026-02-16T08:53:46,E17,8,405nm Binned|561nm Binned|488nm Binned,Seq0044,20260216_084435_959,high,,not_requested,,,
"/Users/makennarodriguez/Documents/260213_Feb16recopy_HYdiff_landingpadlines_survival_384well1/20260216_084435_959/260216_Day8_iNeurons_WellE18_Channel405nm Binned,561nm Binned,488nm Binned_Seq0045.nd2","20260216_084435_959/260216_Day8_iNeurons_WellE18_Channel405nm Binned,561nm Binned,488nm Binned_Seq0045.nd2","260216_Day8_iNeurons_WellE18_Channel405nm Binned,561nm Binned,488nm Binned_Seq0045.nd2",.nd2,49692672,2026-02-16T08:53:58,E18,8,405nm Binned|561nm Binned|488nm Binned,Seq0045,20260216_084435_959,high,,not_requested,,,
"/Users/makennarodriguez/Documents/260213_Feb16recopy_HYdiff_landingpadlines_survival_384well1/20260216_084435_959/260216_Day8_iNeurons_WellE19_Channel405nm Binned,561nm Binned,488nm Binned_Seq0046.nd2","20260216_084435_959/260216_Day8_iNeurons_WellE19_Channel405nm Binned,561nm Binned,488nm Binned_Seq0046.nd2","260216_Day8_iNeurons_WellE19_Channel405nm Binned,561nm Binned,488nm Binned_Seq0046.nd2",.nd2,49692672,2026-02-16T08:54:10,E19,8,405nm Binned|561nm Binned|488nm Binned,Seq0046,20260216_084435_959,high,,not_requested,,,
"/Users/makennarodriguez/Documents/260213_Feb16recopy_HYdiff_landingpadlines_survival_384well1/20260216_084435_959/260216_Day8_iNeurons_WellE20_Channel405nm Binned,561nm Binned,488nm Binned_Seq0047.nd2","20260216_084435_959/260216_Day8_iNeurons_WellE20_Channel405nm Binned,561nm Binned,488nm Binned_Seq0047.nd2","260216_Day8_iNeurons_WellE20_Channel405nm Binned,561nm Binned,488nm Binned_Seq0047.nd2",.nd2,49692672,2026-02-16T08:54:20,E20,8,405nm Binned|561nm Binned|488nm Binned,Seq0047,20260216_084435_959,high,,not_requested,,,
"/Users/makennarodriguez/Documents/260213_Feb16recopy_HYdiff_landingpadlines_survival_384well1/20260216_084435_959/260216_Day8_iNeurons_WellF05_Channel405nm Binned,561nm Binned,488nm Binned_Seq0048.nd2","20260216_084435_959/260216_Day8_iNeurons_WellF05_Channel405nm Binned,561nm Binned,488nm Binned_Seq0048.nd2","260216_Day8_iNeurons_WellF05_Channel405nm Binned,561nm Binned,488nm Binned_Seq0048.nd2",.nd2,49692672,2026-02-16T08:54:36,F05,8,405nm Binned|561nm Binned|488nm Binned,Seq0048,20260216_084435_959,high,,not_requested,,,
"/Users/makennarodriguez/Documents/260213_Feb16recopy_HYdiff_landingpadlines_survival_384well1/20260216_084435_959/260216_Day8_iNeurons_WellF06_Channel405nm Binned,561nm Binned,488nm Binned_Seq0049.nd2","20260216_084435_959/260216_Day8_iNeurons_WellF06_Channel405nm Binned,561nm Binned,488nm Binned_Seq0049.nd2","260216_Day8_iNeurons_WellF06_Channel405nm Binned,561nm Binned,488nm Binned_Seq0049.nd2",.nd2,49692672,2026-02-16T08:54:46,F06,8,405nm Binned|561nm Binned|488nm Binned,Seq0049,20260216_084435_959,high,,not_requested,,,
"/Users/makennarodriguez/Documents/260213_Feb16recopy_HYdiff_landingpadlines_survival_384well1/20260216_084435_959/260216_Day8_iNeurons_WellF07_Channel405nm Binned,561nm Binned,488nm Binned_Seq0050.nd2","20260216_084435_959/260216_Day8_iNeurons_WellF07_Channel405nm Binned,561nm Binned,488nm Binned_Seq0050.nd2","260216_Day8_iNeurons_WellF07_Channel405nm Binned,561nm Binned,488nm Binned_Seq0050.nd2",.nd2,49692672,2026-02-16T08:54:58,F07,8,405nm Binned|561nm Binned|488nm Binned,Seq0050,20260216_084435_959,high,,not_requested,,,
"/Users/makennarodriguez/Documents/260213_Feb16recopy_HYdiff_landingpadlines_survival_384well1/20260216_084435_959/260216_Day8_iNeurons_WellF08_Channel405nm Binned,561nm Binned,488nm Binned_Seq0051.nd2","20260216_084435_959/260216_Day8_iNeurons_WellF08_Channel405nm Binned,561nm Binned,488nm Binned_Seq0051.nd2","260216_Day8_iNeurons_WellF08_Channel405nm Binned,561nm Binned,488nm Binned_Seq0051.nd2",.nd2,49692672,2026-02-16T08:55:10,F08,8,405nm Binned|561nm Binned|488nm Binned,Seq0051,20260216_084435_959,high,,not_requested,,,
"/Users/makennarodriguez/Documents/260213_Feb16recopy_HYdiff_landingpadlines_survival_384well1/20260216_084435_959/260216_Day8_iNeurons_WellF09_Channel405nm Binned,561nm Binned,488nm Binned_Seq0052.nd2","20260216_084435_959/260216_Day8_iNeurons_WellF09_Channel405nm Binned,561nm Binned,488nm Binned_Seq0052.nd2","260216_Day8_iNeurons_WellF09_Channel405nm Binned,561nm Binned,488nm Binned_Seq0052.nd2",.nd2,49692672,2026-02-16T08:55:22,F09,8,405nm Binned|561nm Binned|488nm Binned,Seq0052,20260216_084435_959,high,,not_requested,,,
"/Users/makennarodriguez/Documents/260213_Feb16recopy_HYdiff_landingpadlines_survival_384well1/20260216_084435_959/260216_Day8_iNeurons_WellF10_Channel405nm Binned,561nm Binned,488nm Binned_Seq0053.nd2","20260216_084435_959/260216_Day8_iNeurons_WellF10_Channel405nm Binned,561nm Binned,488nm Binned_Seq0053.nd2","260216_Day8_iNeurons_WellF10_Channel405nm Binned,561nm Binned,488nm Binned_Seq0053.nd2",.nd2,49692672,2026-02-16T08:55:34,F10,8,405nm Binned|561nm Binned|488nm Binned,Seq0053,20260216_084435_959,high,,not_requested,,,
"/Users/makennarodriguez/Documents/260213_Feb16recopy_HYdiff_landingpadlines_survival_384well1/20260216_084435_959/260216_Day8_iNeurons_WellF11_Channel405nm Binned,561nm Binned,488nm Binned_Seq0054.nd2","20260216_084435_959/260216_Day8_iNeurons_WellF11_Channel405nm Binned,561nm Binned,488nm Binned_Seq0054.nd2","260216_Day8_iNeurons_WellF11_Channel405nm Binned,561nm Binned,488nm Binned_Seq0054.nd2",.nd2,49692672,2026-02-16T08:55:46,F11,8,405nm Binned|561nm Binned|488nm Binned,Seq0054,20260216_084435_959,high,,not_requested,,,
"/Users/makennarodriguez/Documents/260213_Feb16recopy_HYdiff_landingpadlines_survival_384well1/20260216_084435_959/260216_Day8_iNeurons_WellF12_Channel405nm Binned,561nm Binned,488nm Binned_Seq0055.nd2","20260216_084435_959/260216_Day8_iNeurons_WellF12_Channel405nm Binned,561nm Binned,488nm Binned_Seq0055.nd2","260216_Day8_iNeurons_WellF12_Channel405nm Binned,561nm Binned,488nm Binned_Seq0055.nd2",.nd2,49692672,2026-02-16T08:55:58,F12,8,405nm Binned|561nm Binned|488nm Binned,Seq0055,20260216_084435_959,high,,not_requested,,,
"/Users/makennarodriguez/Documents/260213_Feb16recopy_HYdiff_landingpadlines_survival_384well1/20260216_084435_959/260216_Day8_iNeurons_WellF13_Channel405nm Binned,561nm Binned,488nm Binned_Seq0056.nd2","20260216_084435_959/260216_Day8_iNeurons_WellF13_Channel405nm Binned,561nm Binned,488nm Binned_Seq0056.nd2","260216_Day8_iNeurons_WellF13_Channel405nm Binned,561nm Binned,488nm Binned_Seq0056.nd2",.nd2,49692672,2026-02-16T08:56:10,F13,8,405nm Binned|561nm Binned|488nm Binned,Seq0056,20260216_084435_959,high,,not_requested,,,
"/Users/makennarodriguez/Documents/260213_Feb16recopy_HYdiff_landingpadlines_survival_384well1/20260216_084435_959/260216_Day8_iNeurons_WellF14_Channel405nm Binned,561nm Binned,488nm Binned_Seq0057.nd2","20260216_084435_959/260216_Day8_iNeurons_WellF14_Channel405nm Binned,561nm Binned,488nm Binned_Seq0057.nd2","260216_Day8_iNeurons_WellF14_Channel405nm Binned,561nm Binned,488nm Binned_Seq0057.nd2",.nd2,49692672,2026-02-16T08:56:20,F14,8,405nm Binned|561nm Binned|488nm Binned,Seq0057,20260216_084435_959,high,,not_requested,,,
"/Users/makennarodriguez/Documents/260213_Feb16recopy_HYdiff_landingpadlines_survival_384well1/20260216_084435_959/260216_Day8_iNeurons_WellF15_Channel405nm Binned,561nm Binned,488nm Binned_Seq0058.nd2","20260216_084435_959/260216_Day8_iNeurons_WellF15_Channel405nm Binned,561nm Binned,488nm Binned_Seq0058.nd2","260216_Day8_iNeurons_WellF15_Channel405nm Binned,561nm Binned,488nm Binned_Seq0058.nd2",.nd2,49692672,2026-02-16T08:56:32,F15,8,405nm Binned|561nm Binned|488nm Binned,Seq0058,20260216_084435_959,high,,not_requested,,,
"/Users/makennarodriguez/Documents/260213_Feb16recopy_HYdiff_landingpadlines_survival_384well1/20260216_084435_959/260216_Day8_iNeurons_WellF16_Channel405nm Binned,561nm Binned,488nm Binned_Seq0059.nd2","20260216_084435_959/260216_Day8_iNeurons_WellF16_Channel405nm Binned,561nm Binned,488nm Binned_Seq0059.nd2","260216_Day8_iNeurons_WellF16_Channel405nm Binned,561nm Binned,488nm Binned_Seq0059.nd2",.nd2,49692672,2026-02-16T08:56:44,F16,8,405nm Binned|561nm Binned|488nm Binned,Seq0059,20260216_084435_959,high,,not_requested,,,
"/Users/makennarodriguez/Documents/260213_Feb16recopy_HYdiff_landingpadlines_survival_384well1/20260216_084435_959/260216_Day8_iNeurons_WellF17_Channel405nm Binned,561nm Binned,488nm Binned_Seq0060.nd2","20260216_084435_959/260216_Day8_iNeurons_WellF17_Channel405nm Binned,561nm Binned,488nm Binned_Seq0060.nd2","260216_Day8_iNeurons_WellF17_Channel405nm Binned,561nm Binned,488nm Binned_Seq0060.nd2",.nd2,49692672,2026-02-16T08:56:54,F17,8,405nm Binned|561nm Binned|488nm Binned,Seq0060,20260216_084435_959,high,,not_requested,,,
"/Users/makennarodriguez/Documents/260213_Feb16recopy_HYdiff_landingpadlines_survival_384well1/20260216_084435_959/260216_Day8_iNeurons_WellF18_Channel405nm Binned,561nm Binned,488nm Binned_Seq0061.nd2","20260216_084435_959/260216_Day8_iNeurons_WellF18_Channel405nm Binned,561nm Binned,488nm Binned_Seq0061.nd2","260216_Day8_iNeurons_WellF18_Channel405nm Binned,561nm Binned,488nm Binned_Seq0061.nd2",.nd2,49692672,2026-02-16T08:57:06,F18,8,405nm Binned|561nm Binned|488nm Binned,Seq0061,20260216_084435_959,high,,not_requested,,,
"/Users/makennarodriguez/Documents/260213_Feb16recopy_HYdiff_landingpadlines_survival_384well1/20260216_084435_959/260216_Day8_iNeurons_WellF19_Channel405nm Binned,561nm Binned,488nm Binned_Seq0062.nd2","20260216_084435_959/260216_Day8_iNeurons_WellF19_Channel405nm Binned,561nm Binned,488nm Binned_Seq0062.nd2","260216_Day8_iNeurons_WellF19_Channel405nm Binned,561nm Binned,488nm Binned_Seq0062.nd2",.nd2,49692672,2026-02-16T08:57:18,F19,8,405nm Binned|561nm Binned|488nm Binned,Seq0062,20260216_084435_959,high,,not_requested,,,
"/Users/makennarodriguez/Documents/260213_Feb16recopy_HYdiff_landingpadlines_survival_384well1/20260216_084435_959/260216_Day8_iNeurons_WellF20_Channel405nm Binned,561nm Binned,488nm Binned_Seq0063.nd2","20260216_084435_959/260216_Day8_iNeurons_WellF20_Channel405nm Binned,561nm Binned,488nm Binned_Seq0063.nd2","260216_Day8_iNeurons_WellF20_Channel405nm Binned,561nm Binned,488nm Binned_Seq0063.nd2",.nd2,49692672,2026-02-16T08:57:30,F20,8,405nm Binned|561nm Binned|488nm Binned,Seq0063,20260216_084435_959,high,,not_requested,,,
"/Users/makennarodriguez/Documents/260213_Feb16recopy_HYdiff_landingpadlines_survival_384well1/20260216_084435_959/260216_Day8_iNeurons_WellG05_Channel405nm Binned,561nm Binned,488nm Binned_Seq0064.nd2","20260216_084435_959/260216_Day8_iNeurons_WellG05_Channel405nm Binned,561nm Binned,488nm Binned_Seq0064.nd2","260216_Day8_iNeurons_WellG05_Channel405nm Binned,561nm Binned,488nm Binned_Seq0064.nd2",.nd2,49692672,2026-02-16T08:57:44,G05,8,405nm Binned|561nm Binned|488nm Binned,Seq0064,20260216_084435_959,high,,not_requested,,,
"/Users/makennarodriguez/Documents/260213_Feb16recopy_HYdiff_landingpadlines_survival_384well1/20260216_084435_959/260216_Day8_iNeurons_WellG06_Channel405nm Binned,561nm Binned,488nm Binned_Seq0065.nd2","20260216_084435_959/260216_Day8_iNeurons_WellG06_Channel405nm Binned,561nm Binned,488nm Binned_Seq0065.nd2","260216_Day8_iNeurons_WellG06_Channel405nm Binned,561nm Binned,488nm Binned_Seq0065.nd2",.nd2,49692672,2026-02-16T08:57:56,G06,8,405nm Binned|561nm Binned|488nm Binned,Seq0065,20260216_084435_959,high,,not_requested,,,
"/Users/makennarodriguez/Documents/260213_Feb16recopy_HYdiff_landingpadlines_survival_384well1/20260216_084435_959/260216_Day8_iNeurons_WellG07_Channel405nm Binned,561nm Binned,488nm Binned_Seq0066.nd2","20260216_084435_959/260216_Day8_iNeurons_WellG07_Channel405nm Binned,561nm Binned,488nm Binned_Seq0066.nd2","260216_Day8_iNeurons_WellG07_Channel405nm Binned,561nm Binned,488nm Binned_Seq0066.nd2",.nd2,49692672,2026-02-16T08:58:06,G07,8,405nm Binned|561nm Binned|488nm Binned,Seq0066,20260216_084435_959,high,,not_requested,,,
"/Users/makennarodriguez/Documents/260213_Feb16recopy_HYdiff_landingpadlines_survival_384well1/20260216_084435_959/260216_Day8_iNeurons_WellG08_Channel405nm Binned,561nm Binned,488nm Binned_Seq0067.nd2","20260216_084435_959/260216_Day8_iNeurons_WellG08_Channel405nm Binned,561nm Binned,488nm Binned_Seq0067.nd2","260216_Day8_iNeurons_WellG08_Channel405nm Binned,561nm Binned,488nm Binned_Seq0067.nd2",.nd2,49692672,2026-02-16T08:58:18,G08,8,405nm Binned|561nm Binned|488nm Binned,Seq0067,20260216_084435_959,high,,not_requested,,,
"/Users/makennarodriguez/Documents/260213_Feb16recopy_HYdiff_landingpadlines_survival_384well1/20260216_084435_959/260216_Day8_iNeurons_WellG09_Channel405nm Binned,561nm Binned,488nm Binned_Seq0068.nd2","20260216_084435_959/260216_Day8_iNeurons_WellG09_Channel405nm Binned,561nm Binned,488nm Binned_Seq0068.nd2","260216_Day8_iNeurons_WellG09_Channel405nm Binned,561nm Binned,488nm Binned_Seq0068.nd2",.nd2,49692672,2026-02-16T08:58:30,G09,8,405nm Binned|561nm Binned|488nm Binned,Seq0068,20260216_084435_959,high,,not_requested,,,
"/Users/makennarodriguez/Documents/260213_Feb16recopy_HYdiff_landingpadlines_survival_384well1/20260216_084435_959/260216_Day8_iNeurons_WellG10_Channel405nm Binned,561nm Binned,488nm Binned_Seq0069.nd2","20260216_084435_959/260216_Day8_iNeurons_WellG10_Channel405nm Binned,561nm Binned,488nm Binned_Seq0069.nd2","260216_Day8_iNeurons_WellG10_Channel405nm Binned,561nm Binned,488nm Binned_Seq0069.nd2",.nd2,49692672,2026-02-16T08:58:40,G10,8,405nm Binned|561nm Binned|488nm Binned,Seq0069,20260216_084435_959,high,,not_requested,,,
"/Users/makennarodriguez/Documents/260213_Feb16recopy_HYdiff_landingpadlines_survival_384well1/20260216_084435_959/260216_Day8_iNeurons_WellG11_Channel405nm Binned,561nm Binned,488nm Binned_Seq0070.nd2","20260216_084435_959/260216_Day8_iNeurons_WellG11_Channel405nm Binned,561nm Binned,488nm Binned_Seq0070.nd2","260216_Day8_iNeurons_WellG11_Channel405nm Binned,561nm Binned,488nm Binned_Seq0070.nd2",.nd2,49692672,2026-02-16T08:58:52,G11,8,405nm Binned|561nm Binned|488nm Binned,Seq0070,20260216_084435_959,high,,not_requested,,,
"/Users/makennarodriguez/Documents/260213_Feb16recopy_HYdiff_landingpadlines_survival_384well1/20260216_084435_959/260216_Day8_iNeurons_WellG12_Channel405nm Binned,561nm Binned,488nm Binned_Seq0071.nd2","20260216_084435_959/260216_Day8_iNeurons_WellG12_Channel405nm Binned,561nm Binned,488nm Binned_Seq0071.nd2","260216_Day8_iNeurons_WellG12_Channel405nm Binned,561nm Binned,488nm Binned_Seq0071.nd2",.nd2,49692672,2026-02-16T08:59:04,G12,8,405nm Binned|561nm Binned|488nm Binned,Seq0071,20260216_084435_959,high,,not_requested,,,
"/Users/makennarodriguez/Documents/260213_Feb16recopy_HYdiff_landingpadlines_survival_384well1/20260216_084435_959/260216_Day8_iNeurons_WellG13_Channel405nm Binned,561nm Binned,488nm Binned_Seq0072.nd2","20260216_084435_959/260216_Day8_iNeurons_WellG13_Channel405nm Binned,561nm Binned,488nm Binned_Seq0072.nd2","260216_Day8_iNeurons_WellG13_Channel405nm Binned,561nm Binned,488nm Binned_Seq0072.nd2",.nd2,49692672,2026-02-16T08:59:16,G13,8,405nm Binned|561nm Binned|488nm Binned,Seq0072,20260216_084435_959,high,,not_requested,,,
"/Users/makennarodriguez/Documents/260213_Feb16recopy_HYdiff_landingpadlines_survival_384well1/20260216_084435_959/260216_Day8_iNeurons_WellG14_Channel405nm Binned,561nm Binned,488nm Binned_Seq0073.nd2","20260216_084435_959/260216_Day8_iNeurons_WellG14_Channel405nm Binned,561nm Binned,488nm Binned_Seq0073.nd2","260216_Day8_iNeurons_WellG14_Channel405nm Binned,561nm Binned,488nm Binned_Seq0073.nd2",.nd2,49692672,2026-02-16T08:59:26,G14,8,405nm Binned|561nm Binned|488nm Binned,Seq0073,20260216_084435_959,high,,not_requested,,,
"/Users/makennarodriguez/Documents/260213_Feb16recopy_HYdiff_landingpadlines_survival_384well1/20260216_084435_959/260216_Day8_iNeurons_WellG15_Channel405nm Binned,561nm Binned,488nm Binned_Seq0074.nd2","20260216_084435_959/260216_Day8_iNeurons_WellG15_Channel405nm Binned,561nm Binned,488nm Binned_Seq0074.nd2","260216_Day8_iNeurons_WellG15_Channel405nm Binned,561nm Binned,488nm Binned_Seq0074.nd2",.nd2,49692672,2026-02-16T08:59:38,G15,8,405nm Binned|561nm Binned|488nm Binned,Seq0074,20260216_084435_959,high,,not_requested,,,
"/Users/makennarodriguez/Documents/260213_Feb16recopy_HYdiff_landingpadlines_survival_384well1/20260216_084435_959/260216_Day8_iNeurons_WellG16_Channel405nm Binned,561nm Binned,488nm Binned_Seq0075.nd2","20260216_084435_959/260216_Day8_iNeurons_WellG16_Channel405nm Binned,561nm Binned,488nm Binned_Seq0075.nd2","260216_Day8_iNeurons_WellG16_Channel405nm Binned,561nm Binned,488nm Binned_Seq0075.nd2",.nd2,49692672,2026-02-16T08:59:50,G16,8,405nm Binned|561nm Binned|488nm Binned,Seq0075,20260216_084435_959,high,,not_requested,,,
"/Users/makennarodriguez/Documents/260213_Feb16recopy_HYdiff_landingpadlines_survival_384well1/20260216_084435_959/260216_Day8_iNeurons_WellG17_Channel405nm Binned,561nm Binned,488nm Binned_Seq0076.nd2","20260216_084435_959/260216_Day8_iNeurons_WellG17_Channel405nm Binned,561nm Binned,488nm Binned_Seq0076.nd2","260216_Day8_iNeurons_WellG17_Channel405nm Binned,561nm Binned,488nm Binned_Seq0076.nd2",.nd2,49692672,2026-02-16T09:00:00,G17,8,405nm Binned|561nm Binned|488nm Binned,Seq0076,20260216_084435_959,high,,not_requested,,,
"/Users/makennarodriguez/Documents/260213_Feb16recopy_HYdiff_landingpadlines_survival_384well1/20260216_084435_959/260216_Day8_iNeurons_WellG18_Channel405nm Binned,561nm Binned,488nm Binned_Seq0077.nd2","20260216_084435_959/260216_Day8_iNeurons_WellG18_Channel405nm Binned,561nm Binned,488nm Binned_Seq0077.nd2","260216_Day8_iNeurons_WellG18_Channel405nm Binned,561nm Binned,488nm Binned_Seq0077.nd2",.nd2,49692672,2026-02-16T09:00:12,G18,8,405nm Binned|561nm Binned|488nm Binned,Seq0077,20260216_084435_959,high,,not_requested,,,
"/Users/makennarodriguez/Documents/260213_Feb16recopy_HYdiff_landingpadlines_survival_384well1/20260216_084435_959/260216_Day8_iNeurons_WellG19_Channel405nm Binned,561nm Binned,488nm Binned_Seq0078.nd2","20260216_084435_959/260216_Day8_iNeurons_WellG19_Channel405nm Binned,561nm Binned,488nm Binned_Seq0078.nd2","260216_Day8_iNeurons_WellG19_Channel405nm Binned,561nm Binned,488nm Binned_Seq0078.nd2",.nd2,49692672,2026-02-16T09:00:24,G19,8,405nm Binned|561nm Binned|488nm Binned,Seq0078,20260216_084435_959,high,,not_requested,,,
"/Users/makennarodriguez/Documents/260213_Feb16recopy_HYdiff_landingpadlines_survival_384well1/20260216_084435_959/260216_Day8_iNeurons_WellG20_Channel405nm Binned,561nm Binned,488nm Binned_Seq0079.nd2","20260216_084435_959/260216_Day8_iNeurons_WellG20_Channel405nm Binned,561nm Binned,488nm Binned_Seq0079.nd2","260216_Day8_iNeurons_WellG20_Channel405nm Binned,561nm Binned,488nm Binned_Seq0079.nd2",.nd2,49692672,2026-02-16T09:00:36,G20,8,405nm Binned|561nm Binned|488nm Binned,Seq0079,20260216_084435_959,high,,not_requested,,,
"/Users/makennarodriguez/Documents/260213_Feb16recopy_HYdiff_landingpadlines_survival_384well1/20260216_084435_959/260216_Day8_iNeurons_WellH05_Channel405nm Binned,561nm Binned,488nm Binned_Seq0080.nd2","20260216_084435_959/260216_Day8_iNeurons_WellH05_Channel405nm Binned,561nm Binned,488nm Binned_Seq0080.nd2","260216_Day8_iNeurons_WellH05_Channel405nm Binned,561nm Binned,488nm Binned_Seq0080.nd2",.nd2,49692672,2026-02-16T09:00:50,H05,8,405nm Binned|561nm Binned|488nm Binned,Seq0080,20260216_084435_959,high,,not_requested,,,
"/Users/makennarodriguez/Documents/260213_Feb16recopy_HYdiff_landingpadlines_survival_384well1/20260216_084435_959/260216_Day8_iNeurons_WellH06_Channel405nm Binned,561nm Binned,488nm Binned_Seq0081.nd2","20260216_084435_959/260216_Day8_iNeurons_WellH06_Channel405nm Binned,561nm Binned,488nm Binned_Seq0081.nd2","260216_Day8_iNeurons_WellH06_Channel405nm Binned,561nm Binned,488nm Binned_Seq0081.nd2",.nd2,49692672,2026-02-16T09:01:00,H06,8,405nm Binned|561nm Binned|488nm Binned,Seq0081,20260216_084435_959,high,,not_requested,,,
"/Users/makennarodriguez/Documents/260213_Feb16recopy_HYdiff_landingpadlines_survival_384well1/20260216_084435_959/260216_Day8_iNeurons_WellH07_Channel405nm Binned,561nm Binned,488nm Binned_Seq0082.nd2","20260216_084435_959/260216_Day8_iNeurons_WellH07_Channel405nm Binned,561nm Binned,488nm Binned_Seq0082.nd2","260216_Day8_iNeurons_WellH07_Channel405nm Binned,561nm Binned,488nm Binned_Seq0082.nd2",.nd2,49692672,2026-02-16T09:01:12,H07,8,405nm Binned|561nm Binned|488nm Binned,Seq0082,20260216_084435_959,high,,not_requested,,,
"/Users/makennarodriguez/Documents/260213_Feb16recopy_HYdiff_landingpadlines_survival_384well1/20260216_084435_959/260216_Day8_iNeurons_WellH08_Channel405nm Binned,561nm Binned,488nm Binned_Seq0083.nd2","20260216_084435_959/260216_Day8_iNeurons_WellH08_Channel405nm Binned,561nm Binned,488nm Binned_Seq0083.nd2","260216_Day8_iNeurons_WellH08_Channel405nm Binned,561nm Binned,488nm Binned_Seq0083.nd2",.nd2,49692672,2026-02-16T09:01:24,H08,8,405nm Binned|561nm Binned|488nm Binned,Seq0083,20260216_084435_959,high,,not_requested,,,
"/Users/makennarodriguez/Documents/260213_Feb16recopy_HYdiff_landingpadlines_survival_384well1/20260216_084435_959/260216_Day8_iNeurons_WellH09_Channel405nm Binned,561nm Binned,488nm Binned_Seq0084.nd2","20260216_084435_959/260216_Day8_iNeurons_WellH09_Channel405nm Binned,561nm Binned,488nm Binned_Seq0084.nd2","260216_Day8_iNeurons_WellH09_Channel405nm Binned,561nm Binned,488nm Binned_Seq0084.nd2",.nd2,49692672,2026-02-16T09:01:36,H09,8,405nm Binned|561nm Binned|488nm Binned,Seq0084,20260216_084435_959,high,,not_requested,,,
"/Users/makennarodriguez/Documents/260213_Feb16recopy_HYdiff_landingpadlines_survival_384well1/20260216_084435_959/260216_Day8_iNeurons_WellH10_Channel405nm Binned,561nm Binned,488nm Binned_Seq0085.nd2","20260216_084435_959/260216_Day8_iNeurons_WellH10_Channel405nm Binned,561nm Binned,488nm Binned_Seq0085.nd2","260216_Day8_iNeurons_WellH10_Channel405nm Binned,561nm Binned,488nm Binned_Seq0085.nd2",.nd2,49692672,2026-02-16T09:01:46,H10,8,405nm Binned|561nm Binned|488nm Binned,Seq0085,20260216_084435_959,high,,not_requested,,,
"/Users/makennarodriguez/Documents/260213_Feb16recopy_HYdiff_landingpadlines_survival_384well1/20260216_084435_959/260216_Day8_iNeurons_WellH11_Channel405nm Binned,561nm Binned,488nm Binned_Seq0086.nd2","20260216_084435_959/260216_Day8_iNeurons_WellH11_Channel405nm Binned,561nm Binned,488nm Binned_Seq0086.nd2","260216_Day8_iNeurons_WellH11_Channel405nm Binned,561nm Binned,488nm Binned_Seq0086.nd2",.nd2,49692672,2026-02-16T09:01:58,H11,8,405nm Binned|561nm Binned|488nm Binned,Seq0086,20260216_084435_959,high,,not_requested,,,
"/Users/makennarodriguez/Documents/260213_Feb16recopy_HYdiff_landingpadlines_survival_384well1/20260216_084435_959/260216_Day8_iNeurons_WellH12_Channel405nm Binned,561nm Binned,488nm Binned_Seq0087.nd2","20260216_084435_959/260216_Day8_iNeurons_WellH12_Channel405nm Binned,561nm Binned,488nm Binned_Seq0087.nd2","260216_Day8_iNeurons_WellH12_Channel405nm Binned,561nm Binned,488nm Binned_Seq0087.nd2",.nd2,49692672,2026-02-16T09:02:10,H12,8,405nm Binned|561nm Binned|488nm Binned,Seq0087,20260216_084435_959,high,,not_requested,,,
"/Users/makennarodriguez/Documents/260213_Feb16recopy_HYdiff_landingpadlines_survival_384well1/20260216_084435_959/260216_Day8_iNeurons_WellH13_Channel405nm Binned,561nm Binned,488nm Binned_Seq0088.nd2","20260216_084435_959/260216_Day8_iNeurons_WellH13_Channel405nm Binned,561nm Binned,488nm Binned_Seq0088.nd2","260216_Day8_iNeurons_WellH13_Channel405nm Binned,561nm Binned,488nm Binned_Seq0088.nd2",.nd2,49692672,2026-02-16T09:02:22,H13,8,405nm Binned|561nm Binned|488nm Binned,Seq0088,20260216_084435_959,high,,not_requested,,,
"/Users/makennarodriguez/Documents/260213_Feb16recopy_HYdiff_landingpadlines_survival_384well1/20260216_084435_959/260216_Day8_iNeurons_WellH14_Channel405nm Binned,561nm Binned,488nm Binned_Seq0089.nd2","20260216_084435_959/260216_Day8_iNeurons_WellH14_Channel405nm Binned,561nm Binned,488nm Binned_Seq0089.nd2","260216_Day8_iNeurons_WellH14_Channel405nm Binned,561nm Binned,488nm Binned_Seq0089.nd2",.nd2,49692672,2026-02-16T09:02:32,H14,8,405nm Binned|561nm Binned|488nm Binned,Seq0089,20260216_084435_959,high,,not_requested,,,
"/Users/makennarodriguez/Documents/260213_Feb16recopy_HYdiff_landingpadlines_survival_384well1/20260216_084435_959/260216_Day8_iNeurons_WellH15_Channel405nm Binned,561nm Binned,488nm Binned_Seq0090.nd2","20260216_084435_959/260216_Day8_iNeurons_WellH15_Channel405nm Binned,561nm Binned,488nm Binned_Seq0090.nd2","260216_Day8_iNeurons_WellH15_Channel405nm Binned,561nm Binned,488nm Binned_Seq0090.nd2",.nd2,49692672,2026-02-16T09:02:44,H15,8,405nm Binned|561nm Binned|488nm Binned,Seq0090,20260216_084435_959,high,,not_requested,,,
"/Users/makennarodriguez/Documents/260213_Feb16recopy_HYdiff_landingpadlines_survival_384well1/20260216_084435_959/260216_Day8_iNeurons_WellH16_Channel405nm Binned,561nm Binned,488nm Binned_Seq0091.nd2","20260216_084435_959/260216_Day8_iNeurons_WellH16_Channel405nm Binned,561nm Binned,488nm Binned_Seq0091.nd2","260216_Day8_iNeurons_WellH16_Channel405nm Binned,561nm Binned,488nm Binned_Seq0091.nd2",.nd2,49692672,2026-02-16T09:02:56,H16,8,405nm Binned|561nm Binned|488nm Binned,Seq0091,20260216_084435_959,high,,not_requested,,,
"/Users/makennarodriguez/Documents/260213_Feb16recopy_HYdiff_landingpadlines_survival_384well1/20260216_084435_959/260216_Day8_iNeurons_WellH17_Channel405nm Binned,561nm Binned,488nm Binned_Seq0092.nd2","20260216_084435_959/260216_Day8_iNeurons_WellH17_Channel405nm Binned,561nm Binned,488nm Binned_Seq0092.nd2","260216_Day8_iNeurons_WellH17_Channel405nm Binned,561nm Binned,488nm Binned_Seq0092.nd2",.nd2,49692672,2026-02-16T09:03:08,H17,8,405nm Binned|561nm Binned|488nm Binned,Seq0092,20260216_084435_959,high,,not_requested,,,
"/Users/makennarodriguez/Documents/260213_Feb16recopy_HYdiff_landingpadlines_survival_384well1/20260216_084435_959/260216_Day8_iNeurons_WellH18_Channel405nm Binned,561nm Binned,488nm Binned_Seq0093.nd2","20260216_084435_959/260216_Day8_iNeurons_WellH18_Channel405nm Binned,561nm Binned,488nm Binned_Seq0093.nd2","260216_Day8_iNeurons_WellH18_Channel405nm Binned,561nm Binned,488nm Binned_Seq0093.nd2",.nd2,49692672,2026-02-16T09:03:18,H18,8,405nm Binned|561nm Binned|488nm Binned,Seq0093,20260216_084435_959,high,,not_requested,,,
"/Users/makennarodriguez/Documents/260213_Feb16recopy_HYdiff_landingpadlines_survival_384well1/20260216_084435_959/260216_Day8_iNeurons_WellH19_Channel405nm Binned,561nm Binned,488nm Binned_Seq0094.nd2","20260216_084435_959/260216_Day8_iNeurons_WellH19_Channel405nm Binned,561nm Binned,488nm Binned_Seq0094.nd2","260216_Day8_iNeurons_WellH19_Channel405nm Binned,561nm Binned,488nm Binned_Seq0094.nd2",.nd2,49692672,2026-02-16T09:03:30,H19,8,405nm Binned|561nm Binned|488nm Binned,Seq0094,20260216_084435_959,high,,not_requested,,,
"/Users/makennarodriguez/Documents/260213_Feb16recopy_HYdiff_landingpadlines_survival_384well1/20260216_084435_959/260216_Day8_iNeurons_WellH20_Channel405nm Binned,561nm Binned,488nm Binned_Seq0095.nd2","20260216_084435_959/260216_Day8_iNeurons_WellH20_Channel405nm Binned,561nm Binned,488nm Binned_Seq0095.nd2","260216_Day8_iNeurons_WellH20_Channel405nm Binned,561nm Binned,488nm Binned_Seq0095.nd2",.nd2,49692672,2026-02-16T09:03:42,H20,8,405nm Binned|561nm Binned|488nm Binned,Seq0095,20260216_084435_959,high,,not_requested,,,
"/Users/makennarodriguez/Documents/260213_Feb16recopy_HYdiff_landingpadlines_survival_384well1/20260216_084435_959/260216_Day8_iNeurons_WellI05_Channel405nm Binned,561nm Binned,488nm Binned_Seq0096.nd2","20260216_084435_959/260216_Day8_iNeurons_WellI05_Channel405nm Binned,561nm Binned,488nm Binned_Seq0096.nd2","260216_Day8_iNeurons_WellI05_Channel405nm Binned,561nm Binned,488nm Binned_Seq0096.nd2",.nd2,49692672,2026-02-16T09:03:56,I05,8,405nm Binned|561nm Binned|488nm Binned,Seq0096,20260216_084435_959,high,,not_requested,,,
"/Users/makennarodriguez/Documents/260213_Feb16recopy_HYdiff_landingpadlines_survival_384well1/20260216_084435_959/260216_Day8_iNeurons_WellI06_Channel405nm Binned,561nm Binned,488nm Binned_Seq0097.nd2","20260216_084435_959/260216_Day8_iNeurons_WellI06_Channel405nm Binned,561nm Binned,488nm Binned_Seq0097.nd2","260216_Day8_iNeurons_WellI06_Channel405nm Binned,561nm Binned,488nm Binned_Seq0097.nd2",.nd2,49692672,2026-02-16T09:04:08,I06,8,405nm Binned|561nm Binned|488nm Binned,Seq0097,20260216_084435_959,high,,not_requested,,,
"/Users/makennarodriguez/Documents/260213_Feb16recopy_HYdiff_landingpadlines_survival_384well1/20260216_084435_959/260216_Day8_iNeurons_WellI07_Channel405nm Binned,561nm Binned,488nm Binned_Seq0098.nd2","20260216_084435_959/260216_Day8_iNeurons_WellI07_Channel405nm Binned,561nm Binned,488nm Binned_Seq0098.nd2","260216_Day8_iNeurons_WellI07_Channel405nm Binned,561nm Binned,488nm Binned_Seq0098.nd2",.nd2,49692672,2026-02-16T09:04:20,I07,8,405nm Binned|561nm Binned|488nm Binned,Seq0098,20260216_084435_959,high,,not_requested,,,
"/Users/makennarodriguez/Documents/260213_Feb16recopy_HYdiff_landingpadlines_survival_384well1/20260216_084435_959/260216_Day8_iNeurons_WellI08_Channel405nm Binned,561nm Binned,488nm Binned_Seq0099.nd2","20260216_084435_959/260216_Day8_iNeurons_WellI08_Channel405nm Binned,561nm Binned,488nm Binned_Seq0099.nd2","260216_Day8_iNeurons_WellI08_Channel405nm Binned,561nm Binned,488nm Binned_Seq0099.nd2",.nd2,49692672,2026-02-16T09:04:30,I08,8,405nm Binned|561nm Binned|488nm Binned,Seq0099,20260216_084435_959,high,,not_requested,,,
"/Users/makennarodriguez/Documents/260213_Feb16recopy_HYdiff_landingpadlines_survival_384well1/20260216_084435_959/260216_Day8_iNeurons_WellI09_Channel405nm Binned,561nm Binned,488nm Binned_Seq0100.nd2","20260216_084435_959/260216_Day8_iNeurons_WellI09_Channel405nm Binned,561nm Binned,488nm Binned_Seq0100.nd2","260216_Day8_iNeurons_WellI09_Channel405nm Binned,561nm Binned,488nm Binned_Seq0100.nd2",.nd2,49692672,2026-02-16T09:04:42,I09,8,405nm Binned|561nm Binned|488nm Binned,Seq0100,20260216_084435_959,high,,not_requested,,,
"/Users/makennarodriguez/Documents/260213_Feb16recopy_HYdiff_landingpadlines_survival_384well1/20260216_084435_959/260216_Day8_iNeurons_WellI10_Channel405nm Binned,561nm Binned,488nm Binned_Seq0101.nd2","20260216_084435_959/260216_Day8_iNeurons_WellI10_Channel405nm Binned,561nm Binned,488nm Binned_Seq0101.nd2","260216_Day8_iNeurons_WellI10_Channel405nm Binned,561nm Binned,488nm Binned_Seq0101.nd2",.nd2,49692672,2026-02-16T09:04:54,I10,8,405nm Binned|561nm Binned|488nm Binned,Seq0101,20260216_084435_959,high,,not_requested,,,
"/Users/makennarodriguez/Documents/260213_Feb16recopy_HYdiff_landingpadlines_survival_384well1/20260216_084435_959/260216_Day8_iNeurons_WellI11_Channel405nm Binned,561nm Binned,488nm Binned_Seq0102.nd2","20260216_084435_959/260216_Day8_iNeurons_WellI11_Channel405nm Binned,561nm Binned,488nm Binned_Seq0102.nd2","260216_Day8_iNeurons_WellI11_Channel405nm Binned,561nm Binned,488nm Binned_Seq0102.nd2",.nd2,49692672,2026-02-16T09:05:06,I11,8,405nm Binned|561nm Binned|488nm Binned,Seq0102,20260216_084435_959,high,,not_requested,,,
"/Users/makennarodriguez/Documents/260213_Feb16recopy_HYdiff_landingpadlines_survival_384well1/20260216_084435_959/260216_Day8_iNeurons_WellI12_Channel405nm Binned,561nm Binned,488nm Binned_Seq0103.nd2","20260216_084435_959/260216_Day8_iNeurons_WellI12_Channel405nm Binned,561nm Binned,488nm Binned_Seq0103.nd2","260216_Day8_iNeurons_WellI12_Channel405nm Binned,561nm Binned,488nm Binned_Seq0103.nd2",.nd2,49692672,2026-02-16T09:05:16,I12,8,405nm Binned|561nm Binned|488nm Binned,Seq0103,20260216_084435_959,high,,not_requested,,,
"/Users/makennarodriguez/Documents/260213_Feb16recopy_HYdiff_landingpadlines_survival_384well1/20260216_084435_959/260216_Day8_iNeurons_WellI13_Channel405nm Binned,561nm Binned,488nm Binned_Seq0104.nd2","20260216_084435_959/260216_Day8_iNeurons_WellI13_Channel405nm Binned,561nm Binned,488nm Binned_Seq0104.nd2","260216_Day8_iNeurons_WellI13_Channel405nm Binned,561nm Binned,488nm Binned_Seq0104.nd2",.nd2,49692672,2026-02-16T09:05:28,I13,8,405nm Binned|561nm Binned|488nm Binned,Seq0104,20260216_084435_959,high,,not_requested,,,
"/Users/makennarodriguez/Documents/260213_Feb16recopy_HYdiff_landingpadlines_survival_384well1/20260216_084435_959/260216_Day8_iNeurons_WellI14_Channel405nm Binned,561nm Binned,488nm Binned_Seq0105.nd2","20260216_084435_959/260216_Day8_iNeurons_WellI14_Channel405nm Binned,561nm Binned,488nm Binned_Seq0105.nd2","260216_Day8_iNeurons_WellI14_Channel405nm Binned,561nm Binned,488nm Binned_Seq0105.nd2",.nd2,49692672,2026-02-16T09:05:40,I14,8,405nm Binned|561nm Binned|488nm Binned,Seq0105,20260216_084435_959,high,,not_requested,,,
"/Users/makennarodriguez/Documents/260213_Feb16recopy_HYdiff_landingpadlines_survival_384well1/20260216_084435_959/260216_Day8_iNeurons_WellI15_Channel405nm Binned,561nm Binned,488nm Binned_Seq0106.nd2","20260216_084435_959/260216_Day8_iNeurons_WellI15_Channel405nm Binned,561nm Binned,488nm Binned_Seq0106.nd2","260216_Day8_iNeurons_WellI15_Channel405nm Binned,561nm Binned,488nm Binned_Seq0106.nd2",.nd2,49692672,2026-02-16T09:05:52,I15,8,405nm Binned|561nm Binned|488nm Binned,Seq0106,20260216_084435_959,high,,not_requested,,,
"/Users/makennarodriguez/Documents/260213_Feb16recopy_HYdiff_landingpadlines_survival_384well1/20260216_084435_959/260216_Day8_iNeurons_WellI16_Channel405nm Binned,561nm Binned,488nm Binned_Seq0107.nd2","20260216_084435_959/260216_Day8_iNeurons_WellI16_Channel405nm Binned,561nm Binned,488nm Binned_Seq0107.nd2","260216_Day8_iNeurons_WellI16_Channel405nm Binned,561nm Binned,488nm Binned_Seq0107.nd2",.nd2,49692672,2026-02-16T09:06:04,I16,8,405nm Binned|561nm Binned|488nm Binned,Seq0107,20260216_084435_959,high,,not_requested,,,
"/Users/makennarodriguez/Documents/260213_Feb16recopy_HYdiff_landingpadlines_survival_384well1/20260216_084435_959/260216_Day8_iNeurons_WellI17_Channel405nm Binned,561nm Binned,488nm Binned_Seq0108.nd2","20260216_084435_959/260216_Day8_iNeurons_WellI17_Channel405nm Binned,561nm Binned,488nm Binned_Seq0108.nd2","260216_Day8_iNeurons_WellI17_Channel405nm Binned,561nm Binned,488nm Binned_Seq0108.nd2",.nd2,49692672,2026-02-16T09:06:14,I17,8,405nm Binned|561nm Binned|488nm Binned,Seq0108,20260216_084435_959,high,,not_requested,,,
"/Users/makennarodriguez/Documents/260213_Feb16recopy_HYdiff_landingpadlines_survival_384well1/20260216_084435_959/260216_Day8_iNeurons_WellI18_Channel405nm Binned,561nm Binned,488nm Binned_Seq0109.nd2","20260216_084435_959/260216_Day8_iNeurons_WellI18_Channel405nm Binned,561nm Binned,488nm Binned_Seq0109.nd2","260216_Day8_iNeurons_WellI18_Channel405nm Binned,561nm Binned,488nm Binned_Seq0109.nd2",.nd2,49692672,2026-02-16T09:06:26,I18,8,405nm Binned|561nm Binned|488nm Binned,Seq0109,20260216_084435_959,high,,not_requested,,,
"/Users/makennarodriguez/Documents/260213_Feb16recopy_HYdiff_landingpadlines_survival_384well1/20260216_084435_959/260216_Day8_iNeurons_WellI19_Channel405nm Binned,561nm Binned,488nm Binned_Seq0110.nd2","20260216_084435_959/260216_Day8_iNeurons_WellI19_Channel405nm Binned,561nm Binned,488nm Binned_Seq0110.nd2","260216_Day8_iNeurons_WellI19_Channel405nm Binned,561nm Binned,488nm Binned_Seq0110.nd2",.nd2,49692672,2026-02-16T09:06:38,I19,8,405nm Binned|561nm Binned|488nm Binned,Seq0110,20260216_084435_959,high,,not_requested,,,
"/Users/makennarodriguez/Documents/260213_Feb16recopy_HYdiff_landingpadlines_survival_384well1/20260216_084435_959/260216_Day8_iNeurons_WellI20_Channel405nm Binned,561nm Binned,488nm Binned_Seq0111.nd2","20260216_084435_959/260216_Day8_iNeurons_WellI20_Channel405nm Binned,561nm Binned,488nm Binned_Seq0111.nd2","260216_Day8_iNeurons_WellI20_Channel405nm Binned,561nm Binned,488nm Binned_Seq0111.nd2",.nd2,49692672,2026-02-16T09:06:50,I20,8,405nm Binned|561nm Binned|488nm Binned,Seq0111,20260216_084435_959,high,,not_requested,,,
"/Users/makennarodriguez/Documents/260213_Feb16recopy_HYdiff_landingpadlines_survival_384well1/20260216_084435_959/260216_Day8_iNeurons_WellJ05_Channel405nm Binned,561nm Binned,488nm Binned_Seq0112.nd2","20260216_084435_959/260216_Day8_iNeurons_WellJ05_Channel405nm Binned,561nm Binned,488nm Binned_Seq0112.nd2","260216_Day8_iNeurons_WellJ05_Channel405nm Binned,561nm Binned,488nm Binned_Seq0112.nd2",.nd2,49692672,2026-02-16T09:07:04,J05,8,405nm Binned|561nm Binned|488nm Binned,Seq0112,20260216_084435_959,high,,not_requested,,,
"/Users/makennarodriguez/Documents/260213_Feb16recopy_HYdiff_landingpadlines_survival_384well1/20260216_084435_959/260216_Day8_iNeurons_WellJ06_Channel405nm Binned,561nm Binned,488nm Binned_Seq0113.nd2","20260216_084435_959/260216_Day8_iNeurons_WellJ06_Channel405nm Binned,561nm Binned,488nm Binned_Seq0113.nd2","260216_Day8_iNeurons_WellJ06_Channel405nm Binned,561nm Binned,488nm Binned_Seq0113.nd2",.nd2,49692672,2026-02-16T09:07:16,J06,8,405nm Binned|561nm Binned|488nm Binned,Seq0113,20260216_084435_959,high,,not_requested,,,
"/Users/makennarodriguez/Documents/260213_Feb16recopy_HYdiff_landingpadlines_survival_384well1/20260216_084435_959/260216_Day8_iNeurons_WellJ07_Channel405nm Binned,561nm Binned,488nm Binned_Seq0114.nd2","20260216_084435_959/260216_Day8_iNeurons_WellJ07_Channel405nm Binned,561nm Binned,488nm Binned_Seq0114.nd2","260216_Day8_iNeurons_WellJ07_Channel405nm Binned,561nm Binned,488nm Binned_Seq0114.nd2",.nd2,49692672,2026-02-16T09:07:26,J07,8,405nm Binned|561nm Binned|488nm Binned,Seq0114,20260216_084435_959,high,,not_requested,,,
"/Users/makennarodriguez/Documents/260213_Feb16recopy_HYdiff_landingpadlines_survival_384well1/20260216_084435_959/260216_Day8_iNeurons_WellJ08_Channel405nm Binned,561nm Binned,488nm Binned_Seq0115.nd2","20260216_084435_959/260216_Day8_iNeurons_WellJ08_Channel405nm Binned,561nm Binned,488nm Binned_Seq0115.nd2","260216_Day8_iNeurons_WellJ08_Channel405nm Binned,561nm Binned,488nm Binned_Seq0115.nd2",.nd2,49692672,2026-02-16T09:07:38,J08,8,405nm Binned|561nm Binned|488nm Binned,Seq0115,20260216_084435_959,high,,not_requested,,,
"/Users/makennarodriguez/Documents/260213_Feb16recopy_HYdiff_landingpadlines_survival_384well1/20260216_084435_959/260216_Day8_iNeurons_WellJ09_Channel405nm Binned,561nm Binned,488nm Binned_Seq0116.nd2","20260216_084435_959/260216_Day8_iNeurons_WellJ09_Channel405nm Binned,561nm Binned,488nm Binned_Seq0116.nd2","260216_Day8_iNeurons_WellJ09_Channel405nm Binned,561nm Binned,488nm Binned_Seq0116.nd2",.nd2,49692672,2026-02-16T09:07:50,J09,8,405nm Binned|561nm Binned|488nm Binned,Seq0116,20260216_084435_959,high,,not_requested,,,
"/Users/makennarodriguez/Documents/260213_Feb16recopy_HYdiff_landingpadlines_survival_384well1/20260216_084435_959/260216_Day8_iNeurons_WellJ10_Channel405nm Binned,561nm Binned,488nm Binned_Seq0117.nd2","20260216_084435_959/260216_Day8_iNeurons_WellJ10_Channel405nm Binned,561nm Binned,488nm Binned_Seq0117.nd2","260216_Day8_iNeurons_WellJ10_Channel405nm Binned,561nm Binned,488nm Binned_Seq0117.nd2",.nd2,49692672,2026-02-16T09:08:02,J10,8,405nm Binned|561nm Binned|488nm Binned,Seq0117,20260216_084435_959,high,,not_requested,,,
"/Users/makennarodriguez/Documents/260213_Feb16recopy_HYdiff_landingpadlines_survival_384well1/20260216_084435_959/260216_Day8_iNeurons_WellJ11_Channel405nm Binned,561nm Binned,488nm Binned_Seq0118.nd2","20260216_084435_959/260216_Day8_iNeurons_WellJ11_Channel405nm Binned,561nm Binned,488nm Binned_Seq0118.nd2","260216_Day8_iNeurons_WellJ11_Channel405nm Binned,561nm Binned,488nm Binned_Seq0118.nd2",.nd2,49692672,2026-02-16T09:08:14,J11,8,405nm Binned|561nm Binned|488nm Binned,Seq0118,20260216_084435_959,high,,not_requested,,,
"/Users/makennarodriguez/Documents/260213_Feb16recopy_HYdiff_landingpadlines_survival_384well1/20260216_084435_959/260216_Day8_iNeurons_WellJ12_Channel405nm Binned,561nm Binned,488nm Binned_Seq0119.nd2","20260216_084435_959/260216_Day8_iNeurons_WellJ12_Channel405nm Binned,561nm Binned,488nm Binned_Seq0119.nd2","260216_Day8_iNeurons_WellJ12_Channel405nm Binned,561nm Binned,488nm Binned_Seq0119.nd2",.nd2,49692672,2026-02-16T09:08:24,J12,8,405nm Binned|561nm Binned|488nm Binned,Seq0119,20260216_084435_959,high,,not_requested,,,
"/Users/makennarodriguez/Documents/260213_Feb16recopy_HYdiff_landingpadlines_survival_384well1/20260216_084435_959/260216_Day8_iNeurons_WellJ13_Channel405nm Binned,561nm Binned,488nm Binned_Seq0120.nd2","20260216_084435_959/260216_Day8_iNeurons_WellJ13_Channel405nm Binned,561nm Binned,488nm Binned_Seq0120.nd2","260216_Day8_iNeurons_WellJ13_Channel405nm Binned,561nm Binned,488nm Binned_Seq0120.nd2",.nd2,49692672,2026-02-16T09:08:36,J13,8,405nm Binned|561nm Binned|488nm Binned,Seq0120,20260216_084435_959,high,,not_requested,,,
"/Users/makennarodriguez/Documents/260213_Feb16recopy_HYdiff_landingpadlines_survival_384well1/20260216_084435_959/260216_Day8_iNeurons_WellJ14_Channel405nm Binned,561nm Binned,488nm Binned_Seq0121.nd2","20260216_084435_959/260216_Day8_iNeurons_WellJ14_Channel405nm Binned,561nm Binned,488nm Binned_Seq0121.nd2","260216_Day8_iNeurons_WellJ14_Channel405nm Binned,561nm Binned,488nm Binned_Seq0121.nd2",.nd2,49692672,2026-02-16T09:08:48,J14,8,405nm Binned|561nm Binned|488nm Binned,Seq0121,20260216_084435_959,high,,not_requested,,,
"/Users/makennarodriguez/Documents/260213_Feb16recopy_HYdiff_landingpadlines_survival_384well1/20260216_084435_959/260216_Day8_iNeurons_WellJ15_Channel405nm Binned,561nm Binned,488nm Binned_Seq0122.nd2","20260216_084435_959/260216_Day8_iNeurons_WellJ15_Channel405nm Binned,561nm Binned,488nm Binned_Seq0122.nd2","260216_Day8_iNeurons_WellJ15_Channel405nm Binned,561nm Binned,488nm Binned_Seq0122.nd2",.nd2,49692672,2026-02-16T09:08:58,J15,8,405nm Binned|561nm Binned|488nm Binned,Seq0122,20260216_084435_959,high,,not_requested,,,
"/Users/makennarodriguez/Documents/260213_Feb16recopy_HYdiff_landingpadlines_survival_384well1/20260216_084435_959/260216_Day8_iNeurons_WellJ16_Channel405nm Binned,561nm Binned,488nm Binned_Seq0123.nd2","20260216_084435_959/260216_Day8_iNeurons_WellJ16_Channel405nm Binned,561nm Binned,488nm Binned_Seq0123.nd2","260216_Day8_iNeurons_WellJ16_Channel405nm Binned,561nm Binned,488nm Binned_Seq0123.nd2",.nd2,49692672,2026-02-16T09:09:10,J16,8,405nm Binned|561nm Binned|488nm Binned,Seq0123,20260216_084435_959,high,,not_requested,,,
"/Users/makennarodriguez/Documents/260213_Feb16recopy_HYdiff_landingpadlines_survival_384well1/20260216_084435_959/260216_Day8_iNeurons_WellJ17_Channel405nm Binned,561nm Binned,488nm Binned_Seq0124.nd2","20260216_084435_959/260216_Day8_iNeurons_WellJ17_Channel405nm Binned,561nm Binned,488nm Binned_Seq0124.nd2","260216_Day8_iNeurons_WellJ17_Channel405nm Binned,561nm Binned,488nm Binned_Seq0124.nd2",.nd2,49692672,2026-02-16T09:09:22,J17,8,405nm Binned|561nm Binned|488nm Binned,Seq0124,20260216_084435_959,high,,not_requested,,,
"/Users/makennarodriguez/Documents/260213_Feb16recopy_HYdiff_landingpadlines_survival_384well1/20260216_084435_959/260216_Day8_iNeurons_WellJ18_Channel405nm Binned,561nm Binned,488nm Binned_Seq0125.nd2","20260216_084435_959/260216_Day8_iNeurons_WellJ18_Channel405nm Binned,561nm Binned,488nm Binned_Seq0125.nd2","260216_Day8_iNeurons_WellJ18_Channel405nm Binned,561nm Binned,488nm Binned_Seq0125.nd2",.nd2,49692672,2026-02-16T09:09:34,J18,8,405nm Binned|561nm Binned|488nm Binned,Seq0125,20260216_084435_959,high,,not_requested,,,
"/Users/makennarodriguez/Documents/260213_Feb16recopy_HYdiff_landingpadlines_survival_384well1/20260216_084435_959/260216_Day8_iNeurons_WellJ19_Channel405nm Binned,561nm Binned,488nm Binned_Seq0126.nd2","20260216_084435_959/260216_Day8_iNeurons_WellJ19_Channel405nm Binned,561nm Binned,488nm Binned_Seq0126.nd2","260216_Day8_iNeurons_WellJ19_Channel405nm Binned,561nm Binned,488nm Binned_Seq0126.nd2",.nd2,49692672,2026-02-16T09:09:44,J19,8,405nm Binned|561nm Binned|488nm Binned,Seq0126,20260216_084435_959,high,,not_requested,,,
"/Users/makennarodriguez/Documents/260213_Feb16recopy_HYdiff_landingpadlines_survival_384well1/20260216_084435_959/260216_Day8_iNeurons_WellJ20_Channel405nm Binned,561nm Binned,488nm Binned_Seq0127.nd2","20260216_084435_959/260216_Day8_iNeurons_WellJ20_Channel405nm Binned,561nm Binned,488nm Binned_Seq0127.nd2","260216_Day8_iNeurons_WellJ20_Channel405nm Binned,561nm Binned,488nm Binned_Seq0127.nd2",.nd2,49692672,2026-02-16T09:09:56,J20,8,405nm Binned|561nm Binned|488nm Binned,Seq0127,20260216_084435_959,high,,not_requested,,,
"/Users/makennarodriguez/Documents/260213_Feb16recopy_HYdiff_landingpadlines_survival_384well1/20260216_084435_959/260216_Day8_iNeurons_WellK05_Channel405nm Binned,561nm Binned,488nm Binned_Seq0128.nd2","20260216_084435_959/260216_Day8_iNeurons_WellK05_Channel405nm Binned,561nm Binned,488nm Binned_Seq0128.nd2","260216_Day8_iNeurons_WellK05_Channel405nm Binned,561nm Binned,488nm Binned_Seq0128.nd2",.nd2,49692672,2026-02-16T09:10:10,K05,8,405nm Binned|561nm Binned|488nm Binned,Seq0128,20260216_084435_959,high,,not_requested,,,
"/Users/makennarodriguez/Documents/260213_Feb16recopy_HYdiff_landingpadlines_survival_384well1/20260216_084435_959/260216_Day8_iNeurons_WellK06_Channel405nm Binned,561nm Binned,488nm Binned_Seq0129.nd2","20260216_084435_959/260216_Day8_iNeurons_WellK06_Channel405nm Binned,561nm Binned,488nm Binned_Seq0129.nd2","260216_Day8_iNeurons_WellK06_Channel405nm Binned,561nm Binned,488nm Binned_Seq0129.nd2",.nd2,49692672,2026-02-16T09:10:22,K06,8,405nm Binned|561nm Binned|488nm Binned,Seq0129,20260216_084435_959,high,,not_requested,,,
"/Users/makennarodriguez/Documents/260213_Feb16recopy_HYdiff_landingpadlines_survival_384well1/20260216_084435_959/260216_Day8_iNeurons_WellK07_Channel405nm Binned,561nm Binned,488nm Binned_Seq0130.nd2","20260216_084435_959/260216_Day8_iNeurons_WellK07_Channel405nm Binned,561nm Binned,488nm Binned_Seq0130.nd2","260216_Day8_iNeurons_WellK07_Channel405nm Binned,561nm Binned,488nm Binned_Seq0130.nd2",.nd2,49692672,2026-02-16T09:10:34,K07,8,405nm Binned|561nm Binned|488nm Binned,Seq0130,20260216_084435_959,high,,not_requested,,,
"/Users/makennarodriguez/Documents/260213_Feb16recopy_HYdiff_landingpadlines_survival_384well1/20260216_084435_959/260216_Day8_iNeurons_WellK08_Channel405nm Binned,561nm Binned,488nm Binned_Seq0131.nd2","20260216_084435_959/260216_Day8_iNeurons_WellK08_Channel405nm Binned,561nm Binned,488nm Binned_Seq0131.nd2","260216_Day8_iNeurons_WellK08_Channel405nm Binned,561nm Binned,488nm Binned_Seq0131.nd2",.nd2,49692672,2026-02-16T09:10:46,K08,8,405nm Binned|561nm Binned|488nm Binned,Seq0131,20260216_084435_959,high,,not_requested,,,
"/Users/makennarodriguez/Documents/260213_Feb16recopy_HYdiff_landingpadlines_survival_384well1/20260216_084435_959/260216_Day8_iNeurons_WellK09_Channel405nm Binned,561nm Binned,488nm Binned_Seq0132.nd2","20260216_084435_959/260216_Day8_iNeurons_WellK09_Channel405nm Binned,561nm Binned,488nm Binned_Seq0132.nd2","260216_Day8_iNeurons_WellK09_Channel405nm Binned,561nm Binned,488nm Binned_Seq0132.nd2",.nd2,49692672,2026-02-16T09:10:58,K09,8,405nm Binned|561nm Binned|488nm Binned,Seq0132,20260216_084435_959,high,,not_requested,,,
"/Users/makennarodriguez/Documents/260213_Feb16recopy_HYdiff_landingpadlines_survival_384well1/20260216_084435_959/260216_Day8_iNeurons_WellK10_Channel405nm Binned,561nm Binned,488nm Binned_Seq0133.nd2","20260216_084435_959/260216_Day8_iNeurons_WellK10_Channel405nm Binned,561nm Binned,488nm Binned_Seq0133.nd2","260216_Day8_iNeurons_WellK10_Channel405nm Binned,561nm Binned,488nm Binned_Seq0133.nd2",.nd2,49692672,2026-02-16T09:11:10,K10,8,405nm Binned|561nm Binned|488nm Binned,Seq0133,20260216_084435_959,high,,not_requested,,,
"/Users/makennarodriguez/Documents/260213_Feb16recopy_HYdiff_landingpadlines_survival_384well1/20260216_084435_959/260216_Day8_iNeurons_WellK11_Channel405nm Binned,561nm Binned,488nm Binned_Seq0134.nd2","20260216_084435_959/260216_Day8_iNeurons_WellK11_Channel405nm Binned,561nm Binned,488nm Binned_Seq0134.nd2","260216_Day8_iNeurons_WellK11_Channel405nm Binned,561nm Binned,488nm Binned_Seq0134.nd2",.nd2,49692672,2026-02-16T09:11:20,K11,8,405nm Binned|561nm Binned|488nm Binned,Seq0134,20260216_084435_959,high,,not_requested,,,
"/Users/makennarodriguez/Documents/260213_Feb16recopy_HYdiff_landingpadlines_survival_384well1/20260216_084435_959/260216_Day8_iNeurons_WellK12_Channel405nm Binned,561nm Binned,488nm Binned_Seq0135.nd2","20260216_084435_959/260216_Day8_iNeurons_WellK12_Channel405nm Binned,561nm Binned,488nm Binned_Seq0135.nd2","260216_Day8_iNeurons_WellK12_Channel405nm Binned,561nm Binned,488nm Binned_Seq0135.nd2",.nd2,49692672,2026-02-16T09:11:32,K12,8,405nm Binned|561nm Binned|488nm Binned,Seq0135,20260216_084435_959,high,,not_requested,,,
"/Users/makennarodriguez/Documents/260213_Feb16recopy_HYdiff_landingpadlines_survival_384well1/20260216_084435_959/260216_Day8_iNeurons_WellK13_Channel405nm Binned,561nm Binned,488nm Binned_Seq0136.nd2","20260216_084435_959/260216_Day8_iNeurons_WellK13_Channel405nm Binned,561nm Binned,488nm Binned_Seq0136.nd2","260216_Day8_iNeurons_WellK13_Channel405nm Binned,561nm Binned,488nm Binned_Seq0136.nd2",.nd2,49692672,2026-02-16T09:11:44,K13,8,405nm Binned|561nm Binned|488nm Binned,Seq0136,20260216_084435_959,high,,not_requested,,,
"/Users/makennarodriguez/Documents/260213_Feb16recopy_HYdiff_landingpadlines_survival_384well1/20260216_084435_959/260216_Day8_iNeurons_WellK14_Channel405nm Binned,561nm Binned,488nm Binned_Seq0137.nd2","20260216_084435_959/260216_Day8_iNeurons_WellK14_Channel405nm Binned,561nm Binned,488nm Binned_Seq0137.nd2","260216_Day8_iNeurons_WellK14_Channel405nm Binned,561nm Binned,488nm Binned_Seq0137.nd2",.nd2,49692672,2026-02-16T09:11:54,K14,8,405nm Binned|561nm Binned|488nm Binned,Seq0137,20260216_084435_959,high,,not_requested,,,
"/Users/makennarodriguez/Documents/260213_Feb16recopy_HYdiff_landingpadlines_survival_384well1/20260216_084435_959/260216_Day8_iNeurons_WellK15_Channel405nm Binned,561nm Binned,488nm Binned_Seq0138.nd2","20260216_084435_959/260216_Day8_iNeurons_WellK15_Channel405nm Binned,561nm Binned,488nm Binned_Seq0138.nd2","260216_Day8_iNeurons_WellK15_Channel405nm Binned,561nm Binned,488nm Binned_Seq0138.nd2",.nd2,49692672,2026-02-16T09:12:06,K15,8,405nm Binned|561nm Binned|488nm Binned,Seq0138,20260216_084435_959,high,,not_requested,,,
"/Users/makennarodriguez/Documents/260213_Feb16recopy_HYdiff_landingpadlines_survival_384well1/20260216_084435_959/260216_Day8_iNeurons_WellK16_Channel405nm Binned,561nm Binned,488nm Binned_Seq0139.nd2","20260216_084435_959/260216_Day8_iNeurons_WellK16_Channel405nm Binned,561nm Binned,488nm Binned_Seq0139.nd2","260216_Day8_iNeurons_WellK16_Channel405nm Binned,561nm Binned,488nm Binned_Seq0139.nd2",.nd2,49692672,2026-02-16T09:12:18,K16,8,405nm Binned|561nm Binned|488nm Binned,Seq0139,20260216_084435_959,high,,not_requested,,,
"/Users/makennarodriguez/Documents/260213_Feb16recopy_HYdiff_landingpadlines_survival_384well1/20260216_084435_959/260216_Day8_iNeurons_WellK17_Channel405nm Binned,561nm Binned,488nm Binned_Seq0140.nd2","20260216_084435_959/260216_Day8_iNeurons_WellK17_Channel405nm Binned,561nm Binned,488nm Binned_Seq0140.nd2","260216_Day8_iNeurons_WellK17_Channel405nm Binned,561nm Binned,488nm Binned_Seq0140.nd2",.nd2,49692672,2026-02-16T09:12:30,K17,8,405nm Binned|561nm Binned|488nm Binned,Seq0140,20260216_084435_959,high,,not_requested,,,
"/Users/makennarodriguez/Documents/260213_Feb16recopy_HYdiff_landingpadlines_survival_384well1/20260216_084435_959/260216_Day8_iNeurons_WellK18_Channel405nm Binned,561nm Binned,488nm Binned_Seq0141.nd2","20260216_084435_959/260216_Day8_iNeurons_WellK18_Channel405nm Binned,561nm Binned,488nm Binned_Seq0141.nd2","260216_Day8_iNeurons_WellK18_Channel405nm Binned,561nm Binned,488nm Binned_Seq0141.nd2",.nd2,49692672,2026-02-16T09:12:42,K18,8,405nm Binned|561nm Binned|488nm Binned,Seq0141,20260216_084435_959,high,,not_requested,,,
"/Users/makennarodriguez/Documents/260213_Feb16recopy_HYdiff_landingpadlines_survival_384well1/20260216_084435_959/260216_Day8_iNeurons_WellK19_Channel405nm Binned,561nm Binned,488nm Binned_Seq0142.nd2","20260216_084435_959/260216_Day8_iNeurons_WellK19_Channel405nm Binned,561nm Binned,488nm Binned_Seq0142.nd2","260216_Day8_iNeurons_WellK19_Channel405nm Binned,561nm Binned,488nm Binned_Seq0142.nd2",.nd2,49692672,2026-02-16T09:12:54,K19,8,405nm Binned|561nm Binned|488nm Binned,Seq0142,20260216_084435_959,high,,not_requested,,,
"/Users/makennarodriguez/Documents/260213_Feb16recopy_HYdiff_landingpadlines_survival_384well1/20260216_084435_959/260216_Day8_iNeurons_WellK20_Channel405nm Binned,561nm Binned,488nm Binned_Seq0143.nd2","20260216_084435_959/260216_Day8_iNeurons_WellK20_Channel405nm Binned,561nm Binned,488nm Binned_Seq0143.nd2","260216_Day8_iNeurons_WellK20_Channel405nm Binned,561nm Binned,488nm Binned_Seq0143.nd2",.nd2,49692672,2026-02-16T09:13:06,K20,8,405nm Binned|561nm Binned|488nm Binned,Seq0143,20260216_084435_959,high,,not_requested,,,
"/Users/makennarodriguez/Documents/260213_Feb16recopy_HYdiff_landingpadlines_survival_384well1/20260216_084435_959/260216_Day8_iNeurons_WellL05_Channel405nm Binned,561nm Binned,488nm Binned_Seq0144.nd2","20260216_084435_959/260216_Day8_iNeurons_WellL05_Channel405nm Binned,561nm Binned,488nm Binned_Seq0144.nd2","260216_Day8_iNeurons_WellL05_Channel405nm Binned,561nm Binned,488nm Binned_Seq0144.nd2",.nd2,49692672,2026-02-16T09:13:20,L05,8,405nm Binned|561nm Binned|488nm Binned,Seq0144,20260216_084435_959,high,,not_requested,,,
"/Users/makennarodriguez/Documents/260213_Feb16recopy_HYdiff_landingpadlines_survival_384well1/20260216_084435_959/260216_Day8_iNeurons_WellL06_Channel405nm Binned,561nm Binned,488nm Binned_Seq0145.nd2","20260216_084435_959/260216_Day8_iNeurons_WellL06_Channel405nm Binned,561nm Binned,488nm Binned_Seq0145.nd2","260216_Day8_iNeurons_WellL06_Channel405nm Binned,561nm Binned,488nm Binned_Seq0145.nd2",.nd2,49692672,2026-02-16T09:13:32,L06,8,405nm Binned|561nm Binned|488nm Binned,Seq0145,20260216_084435_959,high,,not_requested,,,
"/Users/makennarodriguez/Documents/260213_Feb16recopy_HYdiff_landingpadlines_survival_384well1/20260216_084435_959/260216_Day8_iNeurons_WellL07_Channel405nm Binned,561nm Binned,488nm Binned_Seq0146.nd2","20260216_084435_959/260216_Day8_iNeurons_WellL07_Channel405nm Binned,561nm Binned,488nm Binned_Seq0146.nd2","260216_Day8_iNeurons_WellL07_Channel405nm Binned,561nm Binned,488nm Binned_Seq0146.nd2",.nd2,49692672,2026-02-16T09:13:42,L07,8,405nm Binned|561nm Binned|488nm Binned,Seq0146,20260216_084435_959,high,,not_requested,,,
"/Users/makennarodriguez/Documents/260213_Feb16recopy_HYdiff_landingpadlines_survival_384well1/20260216_084435_959/260216_Day8_iNeurons_WellL08_Channel405nm Binned,561nm Binned,488nm Binned_Seq0147.nd2","20260216_084435_959/260216_Day8_iNeurons_WellL08_Channel405nm Binned,561nm Binned,488nm Binned_Seq0147.nd2","260216_Day8_iNeurons_WellL08_Channel405nm Binned,561nm Binned,488nm Binned_Seq0147.nd2",.nd2,49692672,2026-02-16T09:13:54,L08,8,405nm Binned|561nm Binned|488nm Binned,Seq0147,20260216_084435_959,high,,not_requested,,,
"/Users/makennarodriguez/Documents/260213_Feb16recopy_HYdiff_landingpadlines_survival_384well1/20260216_084435_959/260216_Day8_iNeurons_WellL09_Channel405nm Binned,561nm Binned,488nm Binned_Seq0148.nd2","20260216_084435_959/260216_Day8_iNeurons_WellL09_Channel405nm Binned,561nm Binned,488nm Binned_Seq0148.nd2","260216_Day8_iNeurons_WellL09_Channel405nm Binned,561nm Binned,488nm Binned_Seq0148.nd2",.nd2,49692672,2026-02-16T09:14:06,L09,8,405nm Binned|561nm Binned|488nm Binned,Seq0148,20260216_084435_959,high,,not_requested,,,
"/Users/makennarodriguez/Documents/260213_Feb16recopy_HYdiff_landingpadlines_survival_384well1/20260216_084435_959/260216_Day8_iNeurons_WellL10_Channel405nm Binned,561nm Binned,488nm Binned_Seq0149.nd2","20260216_084435_959/260216_Day8_iNeurons_WellL10_Channel405nm Binned,561nm Binned,488nm Binned_Seq0149.nd2","260216_Day8_iNeurons_WellL10_Channel405nm Binned,561nm Binned,488nm Binned_Seq0149.nd2",.nd2,49692672,2026-02-16T09:14:18,L10,8,405nm Binned|561nm Binned|488nm Binned,Seq0149,20260216_084435_959,high,,not_requested,,,
"/Users/makennarodriguez/Documents/260213_Feb16recopy_HYdiff_landingpadlines_survival_384well1/20260216_084435_959/260216_Day8_iNeurons_WellL11_Channel405nm Binned,561nm Binned,488nm Binned_Seq0150.nd2","20260216_084435_959/260216_Day8_iNeurons_WellL11_Channel405nm Binned,561nm Binned,488nm Binned_Seq0150.nd2","260216_Day8_iNeurons_WellL11_Channel405nm Binned,561nm Binned,488nm Binned_Seq0150.nd2",.nd2,49692672,2026-02-16T09:14:28,L11,8,405nm Binned|561nm Binned|488nm Binned,Seq0150,20260216_084435_959,high,,not_requested,,,
"/Users/makennarodriguez/Documents/260213_Feb16recopy_HYdiff_landingpadlines_survival_384well1/20260216_084435_959/260216_Day8_iNeurons_WellL12_Channel405nm Binned,561nm Binned,488nm Binned_Seq0151.nd2","20260216_084435_959/260216_Day8_iNeurons_WellL12_Channel405nm Binned,561nm Binned,488nm Binned_Seq0151.nd2","260216_Day8_iNeurons_WellL12_Channel405nm Binned,561nm Binned,488nm Binned_Seq0151.nd2",.nd2,49692672,2026-02-16T09:14:40,L12,8,405nm Binned|561nm Binned|488nm Binned,Seq0151,20260216_084435_959,high,,not_requested,,,
"/Users/makennarodriguez/Documents/260213_Feb16recopy_HYdiff_landingpadlines_survival_384well1/20260216_084435_959/260216_Day8_iNeurons_WellL13_Channel405nm Binned,561nm Binned,488nm Binned_Seq0152.nd2","20260216_084435_959/260216_Day8_iNeurons_WellL13_Channel405nm Binned,561nm Binned,488nm Binned_Seq0152.nd2","260216_Day8_iNeurons_WellL13_Channel405nm Binned,561nm Binned,488nm Binned_Seq0152.nd2",.nd2,49692672,2026-02-16T09:14:50,L13,8,405nm Binned|561nm Binned|488nm Binned,Seq0152,20260216_084435_959,high,,not_requested,,,
"/Users/makennarodriguez/Documents/260213_Feb16recopy_HYdiff_landingpadlines_survival_384well1/20260216_084435_959/260216_Day8_iNeurons_WellL14_Channel405nm Binned,561nm Binned,488nm Binned_Seq0153.nd2","20260216_084435_959/260216_Day8_iNeurons_WellL14_Channel405nm Binned,561nm Binned,488nm Binned_Seq0153.nd2","260216_Day8_iNeurons_WellL14_Channel405nm Binned,561nm Binned,488nm Binned_Seq0153.nd2",.nd2,49692672,2026-02-16T09:15:02,L14,8,405nm Binned|561nm Binned|488nm Binned,Seq0153,20260216_084435_959,high,,not_requested,,,
"/Users/makennarodriguez/Documents/260213_Feb16recopy_HYdiff_landingpadlines_survival_384well1/20260216_084435_959/260216_Day8_iNeurons_WellL15_Channel405nm Binned,561nm Binned,488nm Binned_Seq0154.nd2","20260216_084435_959/260216_Day8_iNeurons_WellL15_Channel405nm Binned,561nm Binned,488nm Binned_Seq0154.nd2","260216_Day8_iNeurons_WellL15_Channel405nm Binned,561nm Binned,488nm Binned_Seq0154.nd2",.nd2,49692672,2026-02-16T09:15:14,L15,8,405nm Binned|561nm Binned|488nm Binned,Seq0154,20260216_084435_959,high,,not_requested,,,
"/Users/makennarodriguez/Documents/260213_Feb16recopy_HYdiff_landingpadlines_survival_384well1/20260216_084435_959/260216_Day8_iNeurons_WellL16_Channel405nm Binned,561nm Binned,488nm Binned_Seq0155.nd2","20260216_084435_959/260216_Day8_iNeurons_WellL16_Channel405nm Binned,561nm Binned,488nm Binned_Seq0155.nd2","260216_Day8_iNeurons_WellL16_Channel405nm Binned,561nm Binned,488nm Binned_Seq0155.nd2",.nd2,49692672,2026-02-16T09:15:26,L16,8,405nm Binned|561nm Binned|488nm Binned,Seq0155,20260216_084435_959,high,,not_requested,,,
"/Users/makennarodriguez/Documents/260213_Feb16recopy_HYdiff_landingpadlines_survival_384well1/20260216_084435_959/260216_Day8_iNeurons_WellL17_Channel405nm Binned,561nm Binned,488nm Binned_Seq0156.nd2","20260216_084435_959/260216_Day8_iNeurons_WellL17_Channel405nm Binned,561nm Binned,488nm Binned_Seq0156.nd2","260216_Day8_iNeurons_WellL17_Channel405nm Binned,561nm Binned,488nm Binned_Seq0156.nd2",.nd2,49692672,2026-02-16T09:15:38,L17,8,405nm Binned|561nm Binned|488nm Binned,Seq0156,20260216_084435_959,high,,not_requested,,,
"/Users/makennarodriguez/Documents/260213_Feb16recopy_HYdiff_landingpadlines_survival_384well1/20260216_084435_959/260216_Day8_iNeurons_WellL18_Channel405nm Binned,561nm Binned,488nm Binned_Seq0157.nd2","20260216_084435_959/260216_Day8_iNeurons_WellL18_Channel405nm Binned,561nm Binned,488nm Binned_Seq0157.nd2","260216_Day8_iNeurons_WellL18_Channel405nm Binned,561nm Binned,488nm Binned_Seq0157.nd2",.nd2,49692672,2026-02-16T09:15:48,L18,8,405nm Binned|561nm Binned|488nm Binned,Seq0157,20260216_084435_959,high,,not_requested,,,
"/Users/makennarodriguez/Documents/260213_Feb16recopy_HYdiff_landingpadlines_survival_384well1/20260216_084435_959/260216_Day8_iNeurons_WellL19_Channel405nm Binned,561nm Binned,488nm Binned_Seq0158.nd2","20260216_084435_959/260216_Day8_iNeurons_WellL19_Channel405nm Binned,561nm Binned,488nm Binned_Seq0158.nd2","260216_Day8_iNeurons_WellL19_Channel405nm Binned,561nm Binned,488nm Binned_Seq0158.nd2",.nd2,49692672,2026-02-16T09:16:00,L19,8,405nm Binned|561nm Binned|488nm Binned,Seq0158,20260216_084435_959,high,,not_requested,,,
"/Users/makennarodriguez/Documents/260213_Feb16recopy_HYdiff_landingpadlines_survival_384well1/20260216_084435_959/260216_Day8_iNeurons_WellL20_Channel405nm Binned,561nm Binned,488nm Binned_Seq0159.nd2","20260216_084435_959/260216_Day8_iNeurons_WellL20_Channel405nm Binned,561nm Binned,488nm Binned_Seq0159.nd2","260216_Day8_iNeurons_WellL20_Channel405nm Binned,561nm Binned,488nm Binned_Seq0159.nd2",.nd2,49692672,2026-02-16T09:16:12,L20,8,405nm Binned|561nm Binned|488nm Binned,Seq0159,20260216_084435_959,high,,not_requested,,,
"/Users/makennarodriguez/Documents/260213_Feb16recopy_HYdiff_landingpadlines_survival_384well1/20260216_084435_959/260216_Day8_iNeurons_WellM05_Channel405nm Binned,561nm Binned,488nm Binned_Seq0160.nd2","20260216_084435_959/260216_Day8_iNeurons_WellM05_Channel405nm Binned,561nm Binned,488nm Binned_Seq0160.nd2","260216_Day8_iNeurons_WellM05_Channel405nm Binned,561nm Binned,488nm Binned_Seq0160.nd2",.nd2,49692672,2026-02-16T09:16:26,M05,8,405nm Binned|561nm Binned|488nm Binned,Seq0160,20260216_084435_959,high,,not_requested,,,
"/Users/makennarodriguez/Documents/260213_Feb16recopy_HYdiff_landingpadlines_survival_384well1/20260216_084435_959/260216_Day8_iNeurons_WellM06_Channel405nm Binned,561nm Binned,488nm Binned_Seq0161.nd2","20260216_084435_959/260216_Day8_iNeurons_WellM06_Channel405nm Binned,561nm Binned,488nm Binned_Seq0161.nd2","260216_Day8_iNeurons_WellM06_Channel405nm Binned,561nm Binned,488nm Binned_Seq0161.nd2",.nd2,49692672,2026-02-16T09:16:38,M06,8,405nm Binned|561nm Binned|488nm Binned,Seq0161,20260216_084435_959,high,,not_requested,,,
"/Users/makennarodriguez/Documents/260213_Feb16recopy_HYdiff_landingpadlines_survival_384well1/20260216_084435_959/260216_Day8_iNeurons_WellM07_Channel405nm Binned,561nm Binned,488nm Binned_Seq0162.nd2","20260216_084435_959/260216_Day8_iNeurons_WellM07_Channel405nm Binned,561nm Binned,488nm Binned_Seq0162.nd2","260216_Day8_iNeurons_WellM07_Channel405nm Binned,561nm Binned,488nm Binned_Seq0162.nd2",.nd2,49692672,2026-02-16T09:16:48,M07,8,405nm Binned|561nm Binned|488nm Binned,Seq0162,20260216_084435_959,high,,not_requested,,,
"/Users/makennarodriguez/Documents/260213_Feb16recopy_HYdiff_landingpadlines_survival_384well1/20260216_084435_959/260216_Day8_iNeurons_WellM08_Channel405nm Binned,561nm Binned,488nm Binned_Seq0163.nd2","20260216_084435_959/260216_Day8_iNeurons_WellM08_Channel405nm Binned,561nm Binned,488nm Binned_Seq0163.nd2","260216_Day8_iNeurons_WellM08_Channel405nm Binned,561nm Binned,488nm Binned_Seq0163.nd2",.nd2,49692672,2026-02-16T09:17:00,M08,8,405nm Binned|561nm Binned|488nm Binned,Seq0163,20260216_084435_959,high,,not_requested,,,
"/Users/makennarodriguez/Documents/260213_Feb16recopy_HYdiff_landingpadlines_survival_384well1/20260216_084435_959/260216_Day8_iNeurons_WellM09_Channel405nm Binned,561nm Binned,488nm Binned_Seq0164.nd2","20260216_084435_959/260216_Day8_iNeurons_WellM09_Channel405nm Binned,561nm Binned,488nm Binned_Seq0164.nd2","260216_Day8_iNeurons_WellM09_Channel405nm Binned,561nm Binned,488nm Binned_Seq0164.nd2",.nd2,49692672,2026-02-16T09:17:12,M09,8,405nm Binned|561nm Binned|488nm Binned,Seq0164,20260216_084435_959,high,,not_requested,,,
"/Users/makennarodriguez/Documents/260213_Feb16recopy_HYdiff_landingpadlines_survival_384well1/20260216_084435_959/260216_Day8_iNeurons_WellM10_Channel405nm Binned,561nm Binned,488nm Binned_Seq0165.nd2","20260216_084435_959/260216_Day8_iNeurons_WellM10_Channel405nm Binned,561nm Binned,488nm Binned_Seq0165.nd2","260216_Day8_iNeurons_WellM10_Channel405nm Binned,561nm Binned,488nm Binned_Seq0165.nd2",.nd2,49692672,2026-02-16T09:17:24,M10,8,405nm Binned|561nm Binned|488nm Binned,Seq0165,20260216_084435_959,high,,not_requested,,,
"/Users/makennarodriguez/Documents/260213_Feb16recopy_HYdiff_landingpadlines_survival_384well1/20260216_084435_959/260216_Day8_iNeurons_WellM11_Channel405nm Binned,561nm Binned,488nm Binned_Seq0166.nd2","20260216_084435_959/260216_Day8_iNeurons_WellM11_Channel405nm Binned,561nm Binned,488nm Binned_Seq0166.nd2","260216_Day8_iNeurons_WellM11_Channel405nm Binned,561nm Binned,488nm Binned_Seq0166.nd2",.nd2,49692672,2026-02-16T09:17:34,M11,8,405nm Binned|561nm Binned|488nm Binned,Seq0166,20260216_084435_959,high,,not_requested,,,
"/Users/makennarodriguez/Documents/260213_Feb16recopy_HYdiff_landingpadlines_survival_384well1/20260216_084435_959/260216_Day8_iNeurons_WellM12_Channel405nm Binned,561nm Binned,488nm Binned_Seq0167.nd2","20260216_084435_959/260216_Day8_iNeurons_WellM12_Channel405nm Binned,561nm Binned,488nm Binned_Seq0167.nd2","260216_Day8_iNeurons_WellM12_Channel405nm Binned,561nm Binned,488nm Binned_Seq0167.nd2",.nd2,49692672,2026-02-16T09:17:46,M12,8,405nm Binned|561nm Binned|488nm Binned,Seq0167,20260216_084435_959,high,,not_requested,,,
"/Users/makennarodriguez/Documents/260213_Feb16recopy_HYdiff_landingpadlines_survival_384well1/20260216_084435_959/260216_Day8_iNeurons_WellM13_Channel405nm Binned,561nm Binned,488nm Binned_Seq0168.nd2","20260216_084435_959/260216_Day8_iNeurons_WellM13_Channel405nm Binned,561nm Binned,488nm Binned_Seq0168.nd2","260216_Day8_iNeurons_WellM13_Channel405nm Binned,561nm Binned,488nm Binned_Seq0168.nd2",.nd2,49692672,2026-02-16T09:17:58,M13,8,405nm Binned|561nm Binned|488nm Binned,Seq0168,20260216_084435_959,high,,not_requested,,,
"/Users/makennarodriguez/Documents/260213_Feb16recopy_HYdiff_landingpadlines_survival_384well1/20260216_084435_959/260216_Day8_iNeurons_WellM14_Channel405nm Binned,561nm Binned,488nm Binned_Seq0169.nd2","20260216_084435_959/260216_Day8_iNeurons_WellM14_Channel405nm Binned,561nm Binned,488nm Binned_Seq0169.nd2","260216_Day8_iNeurons_WellM14_Channel405nm Binned,561nm Binned,488nm Binned_Seq0169.nd2",.nd2,49692672,2026-02-16T09:18:10,M14,8,405nm Binned|561nm Binned|488nm Binned,Seq0169,20260216_084435_959,high,,not_requested,,,
"/Users/makennarodriguez/Documents/260213_Feb16recopy_HYdiff_landingpadlines_survival_384well1/20260216_084435_959/260216_Day8_iNeurons_WellM15_Channel405nm Binned,561nm Binned,488nm Binned_Seq0170.nd2","20260216_084435_959/260216_Day8_iNeurons_WellM15_Channel405nm Binned,561nm Binned,488nm Binned_Seq0170.nd2","260216_Day8_iNeurons_WellM15_Channel405nm Binned,561nm Binned,488nm Binned_Seq0170.nd2",.nd2,49692672,2026-02-16T09:18:20,M15,8,405nm Binned|561nm Binned|488nm Binned,Seq0170,20260216_084435_959,high,,not_requested,,,
"/Users/makennarodriguez/Documents/260213_Feb16recopy_HYdiff_landingpadlines_survival_384well1/20260216_084435_959/260216_Day8_iNeurons_WellM16_Channel405nm Binned,561nm Binned,488nm Binned_Seq0171.nd2","20260216_084435_959/260216_Day8_iNeurons_WellM16_Channel405nm Binned,561nm Binned,488nm Binned_Seq0171.nd2","260216_Day8_iNeurons_WellM16_Channel405nm Binned,561nm Binned,488nm Binned_Seq0171.nd2",.nd2,49692672,2026-02-16T09:18:32,M16,8,405nm Binned|561nm Binned|488nm Binned,Seq0171,20260216_084435_959,high,,not_requested,,,
"/Users/makennarodriguez/Documents/260213_Feb16recopy_HYdiff_landingpadlines_survival_384well1/20260216_084435_959/260216_Day8_iNeurons_WellM17_Channel405nm Binned,561nm Binned,488nm Binned_Seq0172.nd2","20260216_084435_959/260216_Day8_iNeurons_WellM17_Channel405nm Binned,561nm Binned,488nm Binned_Seq0172.nd2","260216_Day8_iNeurons_WellM17_Channel405nm Binned,561nm Binned,488nm Binned_Seq0172.nd2",.nd2,49692672,2026-02-16T09:18:44,M17,8,405nm Binned|561nm Binned|488nm Binned,Seq0172,20260216_084435_959,high,,not_requested,,,
"/Users/makennarodriguez/Documents/260213_Feb16recopy_HYdiff_landingpadlines_survival_384well1/20260216_084435_959/260216_Day8_iNeurons_WellM18_Channel405nm Binned,561nm Binned,488nm Binned_Seq0173.nd2","20260216_084435_959/260216_Day8_iNeurons_WellM18_Channel405nm Binned,561nm Binned,488nm Binned_Seq0173.nd2","260216_Day8_iNeurons_WellM18_Channel405nm Binned,561nm Binned,488nm Binned_Seq0173.nd2",.nd2,49692672,2026-02-16T09:18:56,M18,8,405nm Binned|561nm Binned|488nm Binned,Seq0173,20260216_084435_959,high,,not_requested,,,
"/Users/makennarodriguez/Documents/260213_Feb16recopy_HYdiff_landingpadlines_survival_384well1/20260216_084435_959/260216_Day8_iNeurons_WellM19_Channel405nm Binned,561nm Binned,488nm Binned_Seq0174.nd2","20260216_084435_959/260216_Day8_iNeurons_WellM19_Channel405nm Binned,561nm Binned,488nm Binned_Seq0174.nd2","260216_Day8_iNeurons_WellM19_Channel405nm Binned,561nm Binned,488nm Binned_Seq0174.nd2",.nd2,49692672,2026-02-16T09:19:08,M19,8,405nm Binned|561nm Binned|488nm Binned,Seq0174,20260216_084435_959,high,,not_requested,,,
"/Users/makennarodriguez/Documents/260213_Feb16recopy_HYdiff_landingpadlines_survival_384well1/20260216_084435_959/260216_Day8_iNeurons_WellM20_Channel405nm Binned,561nm Binned,488nm Binned_Seq0175.nd2","20260216_084435_959/260216_Day8_iNeurons_WellM20_Channel405nm Binned,561nm Binned,488nm Binned_Seq0175.nd2","260216_Day8_iNeurons_WellM20_Channel405nm Binned,561nm Binned,488nm Binned_Seq0175.nd2",.nd2,49692672,2026-02-16T09:19:18,M20,8,405nm Binned|561nm Binned|488nm Binned,Seq0175,20260216_084435_959,high,,not_requested,,,
"/Users/makennarodriguez/Documents/260213_Feb16recopy_HYdiff_landingpadlines_survival_384well1/20260216_084435_959/260216_Day8_iNeurons_WellN05_Channel405nm Binned,561nm Binned,488nm Binned_Seq0176.nd2","20260216_084435_959/260216_Day8_iNeurons_WellN05_Channel405nm Binned,561nm Binned,488nm Binned_Seq0176.nd2","260216_Day8_iNeurons_WellN05_Channel405nm Binned,561nm Binned,488nm Binned_Seq0176.nd2",.nd2,49692672,2026-02-16T09:19:34,N05,8,405nm Binned|561nm Binned|488nm Binned,Seq0176,20260216_084435_959,high,,not_requested,,,
"/Users/makennarodriguez/Documents/260213_Feb16recopy_HYdiff_landingpadlines_survival_384well1/20260216_084435_959/260216_Day8_iNeurons_WellN06_Channel405nm Binned,561nm Binned,488nm Binned_Seq0177.nd2","20260216_084435_959/260216_Day8_iNeurons_WellN06_Channel405nm Binned,561nm Binned,488nm Binned_Seq0177.nd2","260216_Day8_iNeurons_WellN06_Channel405nm Binned,561nm Binned,488nm Binned_Seq0177.nd2",.nd2,49692672,2026-02-16T09:19:44,N06,8,405nm Binned|561nm Binned|488nm Binned,Seq0177,20260216_084435_959,high,,not_requested,,,
"/Users/makennarodriguez/Documents/260213_Feb16recopy_HYdiff_landingpadlines_survival_384well1/20260216_084435_959/260216_Day8_iNeurons_WellN07_Channel405nm Binned,561nm Binned,488nm Binned_Seq0178.nd2","20260216_084435_959/260216_Day8_iNeurons_WellN07_Channel405nm Binned,561nm Binned,488nm Binned_Seq0178.nd2","260216_Day8_iNeurons_WellN07_Channel405nm Binned,561nm Binned,488nm Binned_Seq0178.nd2",.nd2,49692672,2026-02-16T09:19:56,N07,8,405nm Binned|561nm Binned|488nm Binned,Seq0178,20260216_084435_959,high,,not_requested,,,
"/Users/makennarodriguez/Documents/260213_Feb16recopy_HYdiff_landingpadlines_survival_384well1/20260216_084435_959/260216_Day8_iNeurons_WellN08_Channel405nm Binned,561nm Binned,488nm Binned_Seq0179.nd2","20260216_084435_959/260216_Day8_iNeurons_WellN08_Channel405nm Binned,561nm Binned,488nm Binned_Seq0179.nd2","260216_Day8_iNeurons_WellN08_Channel405nm Binned,561nm Binned,488nm Binned_Seq0179.nd2",.nd2,49692672,2026-02-16T09:20:08,N08,8,405nm Binned|561nm Binned|488nm Binned,Seq0179,20260216_084435_959,high,,not_requested,,,
"/Users/makennarodriguez/Documents/260213_Feb16recopy_HYdiff_landingpadlines_survival_384well1/20260216_084435_959/260216_Day8_iNeurons_WellN09_Channel405nm Binned,561nm Binned,488nm Binned_Seq0180.nd2","20260216_084435_959/260216_Day8_iNeurons_WellN09_Channel405nm Binned,561nm Binned,488nm Binned_Seq0180.nd2","260216_Day8_iNeurons_WellN09_Channel405nm Binned,561nm Binned,488nm Binned_Seq0180.nd2",.nd2,49692672,2026-02-16T09:20:20,N09,8,405nm Binned|561nm Binned|488nm Binned,Seq0180,20260216_084435_959,high,,not_requested,,,
"/Users/makennarodriguez/Documents/260213_Feb16recopy_HYdiff_landingpadlines_survival_384well1/20260216_084435_959/260216_Day8_iNeurons_WellN10_Channel405nm Binned,561nm Binned,488nm Binned_Seq0181.nd2","20260216_084435_959/260216_Day8_iNeurons_WellN10_Channel405nm Binned,561nm Binned,488nm Binned_Seq0181.nd2","260216_Day8_iNeurons_WellN10_Channel405nm Binned,561nm Binned,488nm Binned_Seq0181.nd2",.nd2,49692672,2026-02-16T09:20:30,N10,8,405nm Binned|561nm Binned|488nm Binned,Seq0181,20260216_084435_959,high,,not_requested,,,
"/Users/makennarodriguez/Documents/260213_Feb16recopy_HYdiff_landingpadlines_survival_384well1/20260216_084435_959/260216_Day8_iNeurons_WellN11_Channel405nm Binned,561nm Binned,488nm Binned_Seq0182.nd2","20260216_084435_959/260216_Day8_iNeurons_WellN11_Channel405nm Binned,561nm Binned,488nm Binned_Seq0182.nd2","260216_Day8_iNeurons_WellN11_Channel405nm Binned,561nm Binned,488nm Binned_Seq0182.nd2",.nd2,49692672,2026-02-16T09:20:42,N11,8,405nm Binned|561nm Binned|488nm Binned,Seq0182,20260216_084435_959,high,,not_requested,,,
"/Users/makennarodriguez/Documents/260213_Feb16recopy_HYdiff_landingpadlines_survival_384well1/20260216_084435_959/260216_Day8_iNeurons_WellN12_Channel405nm Binned,561nm Binned,488nm Binned_Seq0183.nd2","20260216_084435_959/260216_Day8_iNeurons_WellN12_Channel405nm Binned,561nm Binned,488nm Binned_Seq0183.nd2","260216_Day8_iNeurons_WellN12_Channel405nm Binned,561nm Binned,488nm Binned_Seq0183.nd2",.nd2,49692672,2026-02-16T09:20:54,N12,8,405nm Binned|561nm Binned|488nm Binned,Seq0183,20260216_084435_959,high,,not_requested,,,
"/Users/makennarodriguez/Documents/260213_Feb16recopy_HYdiff_landingpadlines_survival_384well1/20260216_084435_959/260216_Day8_iNeurons_WellN13_Channel405nm Binned,561nm Binned,488nm Binned_Seq0184.nd2","20260216_084435_959/260216_Day8_iNeurons_WellN13_Channel405nm Binned,561nm Binned,488nm Binned_Seq0184.nd2","260216_Day8_iNeurons_WellN13_Channel405nm Binned,561nm Binned,488nm Binned_Seq0184.nd2",.nd2,49692672,2026-02-16T09:21:06,N13,8,405nm Binned|561nm Binned|488nm Binned,Seq0184,20260216_084435_959,high,,not_requested,,,
"/Users/makennarodriguez/Documents/260213_Feb16recopy_HYdiff_landingpadlines_survival_384well1/20260216_084435_959/260216_Day8_iNeurons_WellN14_Channel405nm Binned,561nm Binned,488nm Binned_Seq0185.nd2","20260216_084435_959/260216_Day8_iNeurons_WellN14_Channel405nm Binned,561nm Binned,488nm Binned_Seq0185.nd2","260216_Day8_iNeurons_WellN14_Channel405nm Binned,561nm Binned,488nm Binned_Seq0185.nd2",.nd2,49692672,2026-02-16T09:21:16,N14,8,405nm Binned|561nm Binned|488nm Binned,Seq0185,20260216_084435_959,high,,not_requested,,,
"/Users/makennarodriguez/Documents/260213_Feb16recopy_HYdiff_landingpadlines_survival_384well1/20260216_084435_959/260216_Day8_iNeurons_WellN15_Channel405nm Binned,561nm Binned,488nm Binned_Seq0186.nd2","20260216_084435_959/260216_Day8_iNeurons_WellN15_Channel405nm Binned,561nm Binned,488nm Binned_Seq0186.nd2","260216_Day8_iNeurons_WellN15_Channel405nm Binned,561nm Binned,488nm Binned_Seq0186.nd2",.nd2,49692672,2026-02-16T09:21:28,N15,8,405nm Binned|561nm Binned|488nm Binned,Seq0186,20260216_084435_959,high,,not_requested,,,
"/Users/makennarodriguez/Documents/260213_Feb16recopy_HYdiff_landingpadlines_survival_384well1/20260216_084435_959/260216_Day8_iNeurons_WellN16_Channel405nm Binned,561nm Binned,488nm Binned_Seq0187.nd2","20260216_084435_959/260216_Day8_iNeurons_WellN16_Channel405nm Binned,561nm Binned,488nm Binned_Seq0187.nd2","260216_Day8_iNeurons_WellN16_Channel405nm Binned,561nm Binned,488nm Binned_Seq0187.nd2",.nd2,49692672,2026-02-16T09:21:40,N16,8,405nm Binned|561nm Binned|488nm Binned,Seq0187,20260216_084435_959,high,,not_requested,,,
"/Users/makennarodriguez/Documents/260213_Feb16recopy_HYdiff_landingpadlines_survival_384well1/20260216_084435_959/260216_Day8_iNeurons_WellN17_Channel405nm Binned,561nm Binned,488nm Binned_Seq0188.nd2","20260216_084435_959/260216_Day8_iNeurons_WellN17_Channel405nm Binned,561nm Binned,488nm Binned_Seq0188.nd2","260216_Day8_iNeurons_WellN17_Channel405nm Binned,561nm Binned,488nm Binned_Seq0188.nd2",.nd2,49692672,2026-02-16T09:21:52,N17,8,405nm Binned|561nm Binned|488nm Binned,Seq0188,20260216_084435_959,high,,not_requested,,,
"/Users/makennarodriguez/Documents/260213_Feb16recopy_HYdiff_landingpadlines_survival_384well1/20260216_084435_959/260216_Day8_iNeurons_WellN18_Channel405nm Binned,561nm Binned,488nm Binned_Seq0189.nd2","20260216_084435_959/260216_Day8_iNeurons_WellN18_Channel405nm Binned,561nm Binned,488nm Binned_Seq0189.nd2","260216_Day8_iNeurons_WellN18_Channel405nm Binned,561nm Binned,488nm Binned_Seq0189.nd2",.nd2,49692672,2026-02-16T09:22:04,N18,8,405nm Binned|561nm Binned|488nm Binned,Seq0189,20260216_084435_959,high,,not_requested,,,
"/Users/makennarodriguez/Documents/260213_Feb16recopy_HYdiff_landingpadlines_survival_384well1/20260216_084435_959/260216_Day8_iNeurons_WellN19_Channel405nm Binned,561nm Binned,488nm Binned_Seq0190.nd2","20260216_084435_959/260216_Day8_iNeurons_WellN19_Channel405nm Binned,561nm Binned,488nm Binned_Seq0190.nd2","260216_Day8_iNeurons_WellN19_Channel405nm Binned,561nm Binned,488nm Binned_Seq0190.nd2",.nd2,49692672,2026-02-16T09:22:14,N19,8,405nm Binned|561nm Binned|488nm Binned,Seq0190,20260216_084435_959,high,,not_requested,,,
"/Users/makennarodriguez/Documents/260213_Feb16recopy_HYdiff_landingpadlines_survival_384well1/20260216_084435_959/260216_Day8_iNeurons_WellN20_Channel405nm Binned,561nm Binned,488nm Binned_Seq0191.nd2","20260216_084435_959/260216_Day8_iNeurons_WellN20_Channel405nm Binned,561nm Binned,488nm Binned_Seq0191.nd2","260216_Day8_iNeurons_WellN20_Channel405nm Binned,561nm Binned,488nm Binned_Seq0191.nd2",.nd2,49692672,2026-02-16T09:22:26,N20,8,405nm Binned|561nm Binned|488nm Binned,Seq0191,20260216_084435_959,high,,not_requested,,,
/Users/makennarodriguez/Documents/260213_Feb16recopy_HYdiff_landingpadlines_survival_384well1/20260216_094406_352/260216_BRIGHTFIELD_DAY8_WellC05_ChannelBrightfield_Seq0000.nd2,20260216_094406_352/260216_BRIGHTFIELD_DAY8_WellC05_ChannelBrightfield_Seq0000.nd2,260216_BRIGHTFIELD_DAY8_WellC05_ChannelBrightfield_Seq0000.nd2,.nd2,66019328,2026-02-16T09:44:34,C05,8,Brightfield,Seq0000,20260216_094406_352,high,,not_requested,,,
/Users/makennarodriguez/Documents/260213_Feb16recopy_HYdiff_landingpadlines_survival_384well1/20260216_094406_352/260216_BRIGHTFIELD_DAY8_WellC06_ChannelBrightfield_Seq0001.nd2,20260216_094406_352/260216_BRIGHTFIELD_DAY8_WellC06_ChannelBrightfield_Seq0001.nd2,260216_BRIGHTFIELD_DAY8_WellC06_ChannelBrightfield_Seq0001.nd2,.nd2,66019328,2026-02-16T09:44:38,C06,8,Brightfield,Seq0001,20260216_094406_352,high,,not_requested,,,
/Users/makennarodriguez/Documents/260213_Feb16recopy_HYdiff_landingpadlines_survival_384well1/20260216_094406_352/260216_BRIGHTFIELD_DAY8_WellC07_ChannelBrightfield_Seq0002.nd2,20260216_094406_352/260216_BRIGHTFIELD_DAY8_WellC07_ChannelBrightfield_Seq0002.nd2,260216_BRIGHTFIELD_DAY8_WellC07_ChannelBrightfield_Seq0002.nd2,.nd2,66019328,2026-02-16T09:44:42,C07,8,Brightfield,Seq0002,20260216_094406_352,high,,not_requested,,,
/Users/makennarodriguez/Documents/260213_Feb16recopy_HYdiff_landingpadlines_survival_384well1/20260216_094406_352/260216_BRIGHTFIELD_DAY8_WellC08_ChannelBrightfield_Seq0003.nd2,20260216_094406_352/260216_BRIGHTFIELD_DAY8_WellC08_ChannelBrightfield_Seq0003.nd2,260216_BRIGHTFIELD_DAY8_WellC08_ChannelBrightfield_Seq0003.nd2,.nd2,66019328,2026-02-16T09:44:46,C08,8,Brightfield,Seq0003,20260216_094406_352,high,,not_requested,,,
/Users/makennarodriguez/Documents/260213_Feb16recopy_HYdiff_landingpadlines_survival_384well1/20260216_094406_352/260216_BRIGHTFIELD_DAY8_WellC09_ChannelBrightfield_Seq0004.nd2,20260216_094406_352/260216_BRIGHTFIELD_DAY8_WellC09_ChannelBrightfield_Seq0004.nd2,260216_BRIGHTFIELD_DAY8_WellC09_ChannelBrightfield_Seq0004.nd2,.nd2,66019328,2026-02-16T09:44:52,C09,8,Brightfield,Seq0004,20260216_094406_352,high,,not_requested,,,
/Users/makennarodriguez/Documents/260213_Feb16recopy_HYdiff_landingpadlines_survival_384well1/20260216_094406_352/260216_BRIGHTFIELD_DAY8_WellC10_ChannelBrightfield_Seq0005.nd2,20260216_094406_352/260216_BRIGHTFIELD_DAY8_WellC10_ChannelBrightfield_Seq0005.nd2,260216_BRIGHTFIELD_DAY8_WellC10_ChannelBrightfield_Seq0005.nd2,.nd2,66019328,2026-02-16T09:44:56,C10,8,Brightfield,Seq0005,20260216_094406_352,high,,not_requested,,,
/Users/makennarodriguez/Documents/260213_Feb16recopy_HYdiff_landingpadlines_survival_384well1/20260216_094406_352/260216_BRIGHTFIELD_DAY8_WellC11_ChannelBrightfield_Seq0006.nd2,20260216_094406_352/260216_BRIGHTFIELD_DAY8_WellC11_ChannelBrightfield_Seq0006.nd2,260216_BRIGHTFIELD_DAY8_WellC11_ChannelBrightfield_Seq0006.nd2,.nd2,66019328,2026-02-16T09:45:00,C11,8,Brightfield,Seq0006,20260216_094406_352,high,,not_requested,,,
/Users/makennarodriguez/Documents/260213_Feb16recopy_HYdiff_landingpadlines_survival_384well1/20260216_094406_352/260216_BRIGHTFIELD_DAY8_WellC12_ChannelBrightfield_Seq0007.nd2,20260216_094406_352/260216_BRIGHTFIELD_DAY8_WellC12_ChannelBrightfield_Seq0007.nd2,260216_BRIGHTFIELD_DAY8_WellC12_ChannelBrightfield_Seq0007.nd2,.nd2,66019328,2026-02-16T09:45:06,C12,8,Brightfield,Seq0007,20260216_094406_352,high,,not_requested,,,
/Users/makennarodriguez/Documents/260213_Feb16recopy_HYdiff_landingpadlines_survival_384well1/20260216_094406_352/260216_BRIGHTFIELD_DAY8_WellC13_ChannelBrightfield_Seq0008.nd2,20260216_094406_352/260216_BRIGHTFIELD_DAY8_WellC13_ChannelBrightfield_Seq0008.nd2,260216_BRIGHTFIELD_DAY8_WellC13_ChannelBrightfield_Seq0008.nd2,.nd2,66019328,2026-02-16T09:45:10,C13,8,Brightfield,Seq0008,20260216_094406_352,high,,not_requested,,,
/Users/makennarodriguez/Documents/260213_Feb16recopy_HYdiff_landingpadlines_survival_384well1/20260216_094406_352/260216_BRIGHTFIELD_DAY8_WellC14_ChannelBrightfield_Seq0009.nd2,20260216_094406_352/260216_BRIGHTFIELD_DAY8_WellC14_ChannelBrightfield_Seq0009.nd2,260216_BRIGHTFIELD_DAY8_WellC14_ChannelBrightfield_Seq0009.nd2,.nd2,66019328,2026-02-16T09:45:14,C14,8,Brightfield,Seq0009,20260216_094406_352,high,,not_requested,,,
/Users/makennarodriguez/Documents/260213_Feb16recopy_HYdiff_landingpadlines_survival_384well1/20260216_094406_352/260216_BRIGHTFIELD_DAY8_WellC15_ChannelBrightfield_Seq0010.nd2,20260216_094406_352/260216_BRIGHTFIELD_DAY8_WellC15_ChannelBrightfield_Seq0010.nd2,260216_BRIGHTFIELD_DAY8_WellC15_ChannelBrightfield_Seq0010.nd2,.nd2,66019328,2026-02-16T09:45:20,C15,8,Brightfield,Seq0010,20260216_094406_352,high,,not_requested,,,
/Users/makennarodriguez/Documents/260213_Feb16recopy_HYdiff_landingpadlines_survival_384well1/20260216_094406_352/260216_BRIGHTFIELD_DAY8_WellC16_ChannelBrightfield_Seq0011.nd2,20260216_094406_352/260216_BRIGHTFIELD_DAY8_WellC16_ChannelBrightfield_Seq0011.nd2,260216_BRIGHTFIELD_DAY8_WellC16_ChannelBrightfield_Seq0011.nd2,.nd2,66019328,2026-02-16T09:45:24,C16,8,Brightfield,Seq0011,20260216_094406_352,high,,not_requested,,,
/Users/makennarodriguez/Documents/260213_Feb16recopy_HYdiff_landingpadlines_survival_384well1/20260216_094406_352/260216_BRIGHTFIELD_DAY8_WellC17_ChannelBrightfield_Seq0012.nd2,20260216_094406_352/260216_BRIGHTFIELD_DAY8_WellC17_ChannelBrightfield_Seq0012.nd2,260216_BRIGHTFIELD_DAY8_WellC17_ChannelBrightfield_Seq0012.nd2,.nd2,66019328,2026-02-16T09:45:28,C17,8,Brightfield,Seq0012,20260216_094406_352,high,,not_requested,,,
/Users/makennarodriguez/Documents/260213_Feb16recopy_HYdiff_landingpadlines_survival_384well1/20260216_094406_352/260216_BRIGHTFIELD_DAY8_WellC18_ChannelBrightfield_Seq0013.nd2,20260216_094406_352/260216_BRIGHTFIELD_DAY8_WellC18_ChannelBrightfield_Seq0013.nd2,260216_BRIGHTFIELD_DAY8_WellC18_ChannelBrightfield_Seq0013.nd2,.nd2,66019328,2026-02-16T09:45:32,C18,8,Brightfield,Seq0013,20260216_094406_352,high,,not_requested,,,
/Users/makennarodriguez/Documents/260213_Feb16recopy_HYdiff_landingpadlines_survival_384well1/20260216_094406_352/260216_BRIGHTFIELD_DAY8_WellC19_ChannelBrightfield_Seq0014.nd2,20260216_094406_352/260216_BRIGHTFIELD_DAY8_WellC19_ChannelBrightfield_Seq0014.nd2,260216_BRIGHTFIELD_DAY8_WellC19_ChannelBrightfield_Seq0014.nd2,.nd2,66019328,2026-02-16T09:45:38,C19,8,Brightfield,Seq0014,20260216_094406_352,high,,not_requested,,,
/Users/makennarodriguez/Documents/260213_Feb16recopy_HYdiff_landingpadlines_survival_384well1/20260216_094406_352/260216_BRIGHTFIELD_DAY8_WellC20_ChannelBrightfield_Seq0015.nd2,20260216_094406_352/260216_BRIGHTFIELD_DAY8_WellC20_ChannelBrightfield_Seq0015.nd2,260216_BRIGHTFIELD_DAY8_WellC20_ChannelBrightfield_Seq0015.nd2,.nd2,66019328,2026-02-16T09:45:42,C20,8,Brightfield,Seq0015,20260216_094406_352,high,,not_requested,,,
/Users/makennarodriguez/Documents/260213_Feb16recopy_HYdiff_landingpadlines_survival_384well1/20260216_094406_352/260216_BRIGHTFIELD_DAY8_WellD05_ChannelBrightfield_Seq0016.nd2,20260216_094406_352/260216_BRIGHTFIELD_DAY8_WellD05_ChannelBrightfield_Seq0016.nd2,260216_BRIGHTFIELD_DAY8_WellD05_ChannelBrightfield_Seq0016.nd2,.nd2,66019328,2026-02-16T09:45:48,D05,8,Brightfield,Seq0016,20260216_094406_352,high,,not_requested,,,
/Users/makennarodriguez/Documents/260213_Feb16recopy_HYdiff_landingpadlines_survival_384well1/20260216_094406_352/260216_BRIGHTFIELD_DAY8_WellD06_ChannelBrightfield_Seq0017.nd2,20260216_094406_352/260216_BRIGHTFIELD_DAY8_WellD06_ChannelBrightfield_Seq0017.nd2,260216_BRIGHTFIELD_DAY8_WellD06_ChannelBrightfield_Seq0017.nd2,.nd2,66019328,2026-02-16T09:45:54,D06,8,Brightfield,Seq0017,20260216_094406_352,high,,not_requested,,,
/Users/makennarodriguez/Documents/260213_Feb16recopy_HYdiff_landingpadlines_survival_384well1/20260216_094406_352/260216_BRIGHTFIELD_DAY8_WellD07_ChannelBrightfield_Seq0018.nd2,20260216_094406_352/260216_BRIGHTFIELD_DAY8_WellD07_ChannelBrightfield_Seq0018.nd2,260216_BRIGHTFIELD_DAY8_WellD07_ChannelBrightfield_Seq0018.nd2,.nd2,66019328,2026-02-16T09:45:58,D07,8,Brightfield,Seq0018,20260216_094406_352,high,,not_requested,,,
/Users/makennarodriguez/Documents/260213_Feb16recopy_HYdiff_landingpadlines_survival_384well1/20260216_094406_352/260216_BRIGHTFIELD_DAY8_WellD08_ChannelBrightfield_Seq0019.nd2,20260216_094406_352/260216_BRIGHTFIELD_DAY8_WellD08_ChannelBrightfield_Seq0019.nd2,260216_BRIGHTFIELD_DAY8_WellD08_ChannelBrightfield_Seq0019.nd2,.nd2,66019328,2026-02-16T09:46:02,D08,8,Brightfield,Seq0019,20260216_094406_352,high,,not_requested,,,
/Users/makennarodriguez/Documents/260213_Feb16recopy_HYdiff_landingpadlines_survival_384well1/20260216_094406_352/260216_BRIGHTFIELD_DAY8_WellD09_ChannelBrightfield_Seq0020.nd2,20260216_094406_352/260216_BRIGHTFIELD_DAY8_WellD09_ChannelBrightfield_Seq0020.nd2,260216_BRIGHTFIELD_DAY8_WellD09_ChannelBrightfield_Seq0020.nd2,.nd2,66019328,2026-02-16T09:46:06,D09,8,Brightfield,Seq0020,20260216_094406_352,high,,not_requested,,,
/Users/makennarodriguez/Documents/260213_Feb16recopy_HYdiff_landingpadlines_survival_384well1/20260216_094406_352/260216_BRIGHTFIELD_DAY8_WellD10_ChannelBrightfield_Seq0021.nd2,20260216_094406_352/260216_BRIGHTFIELD_DAY8_WellD10_ChannelBrightfield_Seq0021.nd2,260216_BRIGHTFIELD_DAY8_WellD10_ChannelBrightfield_Seq0021.nd2,.nd2,66019328,2026-02-16T09:46:10,D10,8,Brightfield,Seq0021,20260216_094406_352,high,,not_requested,,,
/Users/makennarodriguez/Documents/260213_Feb16recopy_HYdiff_landingpadlines_survival_384well1/20260216_094406_352/260216_BRIGHTFIELD_DAY8_WellD11_ChannelBrightfield_Seq0022.nd2,20260216_094406_352/260216_BRIGHTFIELD_DAY8_WellD11_ChannelBrightfield_Seq0022.nd2,260216_BRIGHTFIELD_DAY8_WellD11_ChannelBrightfield_Seq0022.nd2,.nd2,66019328,2026-02-16T09:46:14,D11,8,Brightfield,Seq0022,20260216_094406_352,high,,not_requested,,,
/Users/makennarodriguez/Documents/260213_Feb16recopy_HYdiff_landingpadlines_survival_384well1/20260216_094406_352/260216_BRIGHTFIELD_DAY8_WellD12_ChannelBrightfield_Seq0023.nd2,20260216_094406_352/260216_BRIGHTFIELD_DAY8_WellD12_ChannelBrightfield_Seq0023.nd2,260216_BRIGHTFIELD_DAY8_WellD12_ChannelBrightfield_Seq0023.nd2,.nd2,66019328,2026-02-16T09:46:20,D12,8,Brightfield,Seq0023,20260216_094406_352,high,,not_requested,,,
/Users/makennarodriguez/Documents/260213_Feb16recopy_HYdiff_landingpadlines_survival_384well1/20260216_094406_352/260216_BRIGHTFIELD_DAY8_WellD13_ChannelBrightfield_Seq0024.nd2,20260216_094406_352/260216_BRIGHTFIELD_DAY8_WellD13_ChannelBrightfield_Seq0024.nd2,260216_BRIGHTFIELD_DAY8_WellD13_ChannelBrightfield_Seq0024.nd2,.nd2,66019328,2026-02-16T09:46:24,D13,8,Brightfield,Seq0024,20260216_094406_352,high,,not_requested,,,
/Users/makennarodriguez/Documents/260213_Feb16recopy_HYdiff_landingpadlines_survival_384well1/20260216_094406_352/260216_BRIGHTFIELD_DAY8_WellD14_ChannelBrightfield_Seq0025.nd2,20260216_094406_352/260216_BRIGHTFIELD_DAY8_WellD14_ChannelBrightfield_Seq0025.nd2,260216_BRIGHTFIELD_DAY8_WellD14_ChannelBrightfield_Seq0025.nd2,.nd2,66019328,2026-02-16T09:46:28,D14,8,Brightfield,Seq0025,20260216_094406_352,high,,not_requested,,,
/Users/makennarodriguez/Documents/260213_Feb16recopy_HYdiff_landingpadlines_survival_384well1/20260216_094406_352/260216_BRIGHTFIELD_DAY8_WellD15_ChannelBrightfield_Seq0026.nd2,20260216_094406_352/260216_BRIGHTFIELD_DAY8_WellD15_ChannelBrightfield_Seq0026.nd2,260216_BRIGHTFIELD_DAY8_WellD15_ChannelBrightfield_Seq0026.nd2,.nd2,66019328,2026-02-16T09:46:32,D15,8,Brightfield,Seq0026,20260216_094406_352,high,,not_requested,,,
/Users/makennarodriguez/Documents/260213_Feb16recopy_HYdiff_landingpadlines_survival_384well1/20260216_094406_352/260216_BRIGHTFIELD_DAY8_WellD16_ChannelBrightfield_Seq0027.nd2,20260216_094406_352/260216_BRIGHTFIELD_DAY8_WellD16_ChannelBrightfield_Seq0027.nd2,260216_BRIGHTFIELD_DAY8_WellD16_ChannelBrightfield_Seq0027.nd2,.nd2,66019328,2026-02-16T09:46:36,D16,8,Brightfield,Seq0027,20260216_094406_352,high,,not_requested,,,
/Users/makennarodriguez/Documents/260213_Feb16recopy_HYdiff_landingpadlines_survival_384well1/20260216_094406_352/260216_BRIGHTFIELD_DAY8_WellD17_ChannelBrightfield_Seq0028.nd2,20260216_094406_352/260216_BRIGHTFIELD_DAY8_WellD17_ChannelBrightfield_Seq0028.nd2,260216_BRIGHTFIELD_DAY8_WellD17_ChannelBrightfield_Seq0028.nd2,.nd2,66019328,2026-02-16T09:46:42,D17,8,Brightfield,Seq0028,20260216_094406_352,high,,not_requested,,,
/Users/makennarodriguez/Documents/260213_Feb16recopy_HYdiff_landingpadlines_survival_384well1/20260216_094406_352/260216_BRIGHTFIELD_DAY8_WellD18_ChannelBrightfield_Seq0029.nd2,20260216_094406_352/260216_BRIGHTFIELD_DAY8_WellD18_ChannelBrightfield_Seq0029.nd2,260216_BRIGHTFIELD_DAY8_WellD18_ChannelBrightfield_Seq0029.nd2,.nd2,66019328,2026-02-16T09:46:46,D18,8,Brightfield,Seq0029,20260216_094406_352,high,,not_requested,,,
/Users/makennarodriguez/Documents/260213_Feb16recopy_HYdiff_landingpadlines_survival_384well1/20260216_094406_352/260216_BRIGHTFIELD_DAY8_WellD19_ChannelBrightfield_Seq0030.nd2,20260216_094406_352/260216_BRIGHTFIELD_DAY8_WellD19_ChannelBrightfield_Seq0030.nd2,260216_BRIGHTFIELD_DAY8_WellD19_ChannelBrightfield_Seq0030.nd2,.nd2,66019328,2026-02-16T09:46:50,D19,8,Brightfield,Seq0030,20260216_094406_352,high,,not_requested,,,
/Users/makennarodriguez/Documents/260213_Feb16recopy_HYdiff_landingpadlines_survival_384well1/20260216_094406_352/260216_BRIGHTFIELD_DAY8_WellD20_ChannelBrightfield_Seq0031.nd2,20260216_094406_352/260216_BRIGHTFIELD_DAY8_WellD20_ChannelBrightfield_Seq0031.nd2,260216_BRIGHTFIELD_DAY8_WellD20_ChannelBrightfield_Seq0031.nd2,.nd2,66019328,2026-02-16T09:46:56,D20,8,Brightfield,Seq0031,20260216_094406_352,high,,not_requested,,,
/Users/makennarodriguez/Documents/260213_Feb16recopy_HYdiff_landingpadlines_survival_384well1/20260216_094406_352/260216_BRIGHTFIELD_DAY8_WellE05_ChannelBrightfield_Seq0032.nd2,20260216_094406_352/260216_BRIGHTFIELD_DAY8_WellE05_ChannelBrightfield_Seq0032.nd2,260216_BRIGHTFIELD_DAY8_WellE05_ChannelBrightfield_Seq0032.nd2,.nd2,66019328,2026-02-16T09:47:02,E05,8,Brightfield,Seq0032,20260216_094406_352,high,,not_requested,,,
/Users/makennarodriguez/Documents/260213_Feb16recopy_HYdiff_landingpadlines_survival_384well1/20260216_094406_352/260216_BRIGHTFIELD_DAY8_WellE06_ChannelBrightfield_Seq0033.nd2,20260216_094406_352/260216_BRIGHTFIELD_DAY8_WellE06_ChannelBrightfield_Seq0033.nd2,260216_BRIGHTFIELD_DAY8_WellE06_ChannelBrightfield_Seq0033.nd2,.nd2,66019328,2026-02-16T09:47:08,E06,8,Brightfield,Seq0033,20260216_094406_352,high,,not_requested,,,
/Users/makennarodriguez/Documents/260213_Feb16recopy_HYdiff_landingpadlines_survival_384well1/20260216_094406_352/260216_BRIGHTFIELD_DAY8_WellE07_ChannelBrightfield_Seq0034.nd2,20260216_094406_352/260216_BRIGHTFIELD_DAY8_WellE07_ChannelBrightfield_Seq0034.nd2,260216_BRIGHTFIELD_DAY8_WellE07_ChannelBrightfield_Seq0034.nd2,.nd2,66019328,2026-02-16T09:47:12,E07,8,Brightfield,Seq0034,20260216_094406_352,high,,not_requested,,,
/Users/makennarodriguez/Documents/260213_Feb16recopy_HYdiff_landingpadlines_survival_384well1/20260216_094406_352/260216_BRIGHTFIELD_DAY8_WellE08_ChannelBrightfield_Seq0035.nd2,20260216_094406_352/260216_BRIGHTFIELD_DAY8_WellE08_ChannelBrightfield_Seq0035.nd2,260216_BRIGHTFIELD_DAY8_WellE08_ChannelBrightfield_Seq0035.nd2,.nd2,66019328,2026-02-16T09:47:16,E08,8,Brightfield,Seq0035,20260216_094406_352,high,,not_requested,,,
/Users/makennarodriguez/Documents/260213_Feb16recopy_HYdiff_landingpadlines_survival_384well1/20260216_094406_352/260216_BRIGHTFIELD_DAY8_WellE09_ChannelBrightfield_Seq0036.nd2,20260216_094406_352/260216_BRIGHTFIELD_DAY8_WellE09_ChannelBrightfield_Seq0036.nd2,260216_BRIGHTFIELD_DAY8_WellE09_ChannelBrightfield_Seq0036.nd2,.nd2,66019328,2026-02-16T09:47:20,E09,8,Brightfield,Seq0036,20260216_094406_352,high,,not_requested,,,
/Users/makennarodriguez/Documents/260213_Feb16recopy_HYdiff_landingpadlines_survival_384well1/20260216_094406_352/260216_BRIGHTFIELD_DAY8_WellE10_ChannelBrightfield_Seq0037.nd2,20260216_094406_352/260216_BRIGHTFIELD_DAY8_WellE10_ChannelBrightfield_Seq0037.nd2,260216_BRIGHTFIELD_DAY8_WellE10_ChannelBrightfield_Seq0037.nd2,.nd2,66019328,2026-02-16T09:47:26,E10,8,Brightfield,Seq0037,20260216_094406_352,high,,not_requested,,,
/Users/makennarodriguez/Documents/260213_Feb16recopy_HYdiff_landingpadlines_survival_384well1/20260216_094406_352/260216_BRIGHTFIELD_DAY8_WellE11_ChannelBrightfield_Seq0038.nd2,20260216_094406_352/260216_BRIGHTFIELD_DAY8_WellE11_ChannelBrightfield_Seq0038.nd2,260216_BRIGHTFIELD_DAY8_WellE11_ChannelBrightfield_Seq0038.nd2,.nd2,66019328,2026-02-16T09:47:30,E11,8,Brightfield,Seq0038,20260216_094406_352,high,,not_requested,,,
/Users/makennarodriguez/Documents/260213_Feb16recopy_HYdiff_landingpadlines_survival_384well1/20260216_094406_352/260216_BRIGHTFIELD_DAY8_WellE12_ChannelBrightfield_Seq0039.nd2,20260216_094406_352/260216_BRIGHTFIELD_DAY8_WellE12_ChannelBrightfield_Seq0039.nd2,260216_BRIGHTFIELD_DAY8_WellE12_ChannelBrightfield_Seq0039.nd2,.nd2,66019328,2026-02-16T09:47:34,E12,8,Brightfield,Seq0039,20260216_094406_352,high,,not_requested,,,
/Users/makennarodriguez/Documents/260213_Feb16recopy_HYdiff_landingpadlines_survival_384well1/20260216_094406_352/260216_BRIGHTFIELD_DAY8_WellE13_ChannelBrightfield_Seq0040.nd2,20260216_094406_352/260216_BRIGHTFIELD_DAY8_WellE13_ChannelBrightfield_Seq0040.nd2,260216_BRIGHTFIELD_DAY8_WellE13_ChannelBrightfield_Seq0040.nd2,.nd2,66019328,2026-02-16T09:47:40,E13,8,Brightfield,Seq0040,20260216_094406_352,high,,not_requested,,,
/Users/makennarodriguez/Documents/260213_Feb16recopy_HYdiff_landingpadlines_survival_384well1/20260216_094406_352/260216_BRIGHTFIELD_DAY8_WellE14_ChannelBrightfield_Seq0041.nd2,20260216_094406_352/260216_BRIGHTFIELD_DAY8_WellE14_ChannelBrightfield_Seq0041.nd2,260216_BRIGHTFIELD_DAY8_WellE14_ChannelBrightfield_Seq0041.nd2,.nd2,66019328,2026-02-16T09:47:44,E14,8,Brightfield,Seq0041,20260216_094406_352,high,,not_requested,,,
/Users/makennarodriguez/Documents/260213_Feb16recopy_HYdiff_landingpadlines_survival_384well1/20260216_094406_352/260216_BRIGHTFIELD_DAY8_WellE15_ChannelBrightfield_Seq0042.nd2,20260216_094406_352/260216_BRIGHTFIELD_DAY8_WellE15_ChannelBrightfield_Seq0042.nd2,260216_BRIGHTFIELD_DAY8_WellE15_ChannelBrightfield_Seq0042.nd2,.nd2,66019328,2026-02-16T09:47:48,E15,8,Brightfield,Seq0042,20260216_094406_352,high,,not_requested,,,
/Users/makennarodriguez/Documents/260213_Feb16recopy_HYdiff_landingpadlines_survival_384well1/20260216_094406_352/260216_BRIGHTFIELD_DAY8_WellE16_ChannelBrightfield_Seq0043.nd2,20260216_094406_352/260216_BRIGHTFIELD_DAY8_WellE16_ChannelBrightfield_Seq0043.nd2,260216_BRIGHTFIELD_DAY8_WellE16_ChannelBrightfield_Seq0043.nd2,.nd2,66019328,2026-02-16T09:47:52,E16,8,Brightfield,Seq0043,20260216_094406_352,high,,not_requested,,,
/Users/makennarodriguez/Documents/260213_Feb16recopy_HYdiff_landingpadlines_survival_384well1/20260216_094406_352/260216_BRIGHTFIELD_DAY8_WellE17_ChannelBrightfield_Seq0044.nd2,20260216_094406_352/260216_BRIGHTFIELD_DAY8_WellE17_ChannelBrightfield_Seq0044.nd2,260216_BRIGHTFIELD_DAY8_WellE17_ChannelBrightfield_Seq0044.nd2,.nd2,66019328,2026-02-16T09:47:58,E17,8,Brightfield,Seq0044,20260216_094406_352,high,,not_requested,,,
/Users/makennarodriguez/Documents/260213_Feb16recopy_HYdiff_landingpadlines_survival_384well1/20260216_094406_352/260216_BRIGHTFIELD_DAY8_WellE18_ChannelBrightfield_Seq0045.nd2,20260216_094406_352/260216_BRIGHTFIELD_DAY8_WellE18_ChannelBrightfield_Seq0045.nd2,260216_BRIGHTFIELD_DAY8_WellE18_ChannelBrightfield_Seq0045.nd2,.nd2,66019328,2026-02-16T09:48:02,E18,8,Brightfield,Seq0045,20260216_094406_352,high,,not_requested,,,
/Users/makennarodriguez/Documents/260213_Feb16recopy_HYdiff_landingpadlines_survival_384well1/20260216_094406_352/260216_BRIGHTFIELD_DAY8_WellE19_ChannelBrightfield_Seq0046.nd2,20260216_094406_352/260216_BRIGHTFIELD_DAY8_WellE19_ChannelBrightfield_Seq0046.nd2,260216_BRIGHTFIELD_DAY8_WellE19_ChannelBrightfield_Seq0046.nd2,.nd2,66019328,2026-02-16T09:48:06,E19,8,Brightfield,Seq0046,20260216_094406_352,high,,not_requested,,,
/Users/makennarodriguez/Documents/260213_Feb16recopy_HYdiff_landingpadlines_survival_384well1/20260216_094406_352/260216_BRIGHTFIELD_DAY8_WellE20_ChannelBrightfield_Seq0047.nd2,20260216_094406_352/260216_BRIGHTFIELD_DAY8_WellE20_ChannelBrightfield_Seq0047.nd2,260216_BRIGHTFIELD_DAY8_WellE20_ChannelBrightfield_Seq0047.nd2,.nd2,66019328,2026-02-16T09:48:10,E20,8,Brightfield,Seq0047,20260216_094406_352,high,,not_requested,,,
/Users/makennarodriguez/Documents/260213_Feb16recopy_HYdiff_landingpadlines_survival_384well1/20260216_094406_352/260216_BRIGHTFIELD_DAY8_WellF05_ChannelBrightfield_Seq0048.nd2,20260216_094406_352/260216_BRIGHTFIELD_DAY8_WellF05_ChannelBrightfield_Seq0048.nd2,260216_BRIGHTFIELD_DAY8_WellF05_ChannelBrightfield_Seq0048.nd2,.nd2,66019328,2026-02-16T09:48:18,F05,8,Brightfield,Seq0048,20260216_094406_352,high,,not_requested,,,
/Users/makennarodriguez/Documents/260213_Feb16recopy_HYdiff_landingpadlines_survival_384well1/20260216_094406_352/260216_BRIGHTFIELD_DAY8_WellF06_ChannelBrightfield_Seq0049.nd2,20260216_094406_352/260216_BRIGHTFIELD_DAY8_WellF06_ChannelBrightfield_Seq0049.nd2,260216_BRIGHTFIELD_DAY8_WellF06_ChannelBrightfield_Seq0049.nd2,.nd2,66019328,2026-02-16T09:48:22,F06,8,Brightfield,Seq0049,20260216_094406_352,high,,not_requested,,,
/Users/makennarodriguez/Documents/260213_Feb16recopy_HYdiff_landingpadlines_survival_384well1/20260216_094406_352/260216_BRIGHTFIELD_DAY8_WellF07_ChannelBrightfield_Seq0050.nd2,20260216_094406_352/260216_BRIGHTFIELD_DAY8_WellF07_ChannelBrightfield_Seq0050.nd2,260216_BRIGHTFIELD_DAY8_WellF07_ChannelBrightfield_Seq0050.nd2,.nd2,66019328,2026-02-16T09:48:28,F07,8,Brightfield,Seq0050,20260216_094406_352,high,,not_requested,,,
/Users/makennarodriguez/Documents/260213_Feb16recopy_HYdiff_landingpadlines_survival_384well1/20260216_094406_352/260216_BRIGHTFIELD_DAY8_WellF08_ChannelBrightfield_Seq0051.nd2,20260216_094406_352/260216_BRIGHTFIELD_DAY8_WellF08_ChannelBrightfield_Seq0051.nd2,260216_BRIGHTFIELD_DAY8_WellF08_ChannelBrightfield_Seq0051.nd2,.nd2,66019328,2026-02-16T09:48:32,F08,8,Brightfield,Seq0051,20260216_094406_352,high,,not_requested,,,
/Users/makennarodriguez/Documents/260213_Feb16recopy_HYdiff_landingpadlines_survival_384well1/20260216_094406_352/260216_BRIGHTFIELD_DAY8_WellF09_ChannelBrightfield_Seq0052.nd2,20260216_094406_352/260216_BRIGHTFIELD_DAY8_WellF09_ChannelBrightfield_Seq0052.nd2,260216_BRIGHTFIELD_DAY8_WellF09_ChannelBrightfield_Seq0052.nd2,.nd2,66019328,2026-02-16T09:48:36,F09,8,Brightfield,Seq0052,20260216_094406_352,high,,not_requested,,,
/Users/makennarodriguez/Documents/260213_Feb16recopy_HYdiff_landingpadlines_survival_384well1/20260216_094406_352/260216_BRIGHTFIELD_DAY8_WellF10_ChannelBrightfield_Seq0053.nd2,20260216_094406_352/260216_BRIGHTFIELD_DAY8_WellF10_ChannelBrightfield_Seq0053.nd2,260216_BRIGHTFIELD_DAY8_WellF10_ChannelBrightfield_Seq0053.nd2,.nd2,66019328,2026-02-16T09:48:42,F10,8,Brightfield,Seq0053,20260216_094406_352,high,,not_requested,,,
/Users/makennarodriguez/Documents/260213_Feb16recopy_HYdiff_landingpadlines_survival_384well1/20260216_094406_352/260216_BRIGHTFIELD_DAY8_WellF11_ChannelBrightfield_Seq0054.nd2,20260216_094406_352/260216_BRIGHTFIELD_DAY8_WellF11_ChannelBrightfield_Seq0054.nd2,260216_BRIGHTFIELD_DAY8_WellF11_ChannelBrightfield_Seq0054.nd2,.nd2,66019328,2026-02-16T09:48:46,F11,8,Brightfield,Seq0054,20260216_094406_352,high,,not_requested,,,
/Users/makennarodriguez/Documents/260213_Feb16recopy_HYdiff_landingpadlines_survival_384well1/20260216_094406_352/260216_BRIGHTFIELD_DAY8_WellF12_ChannelBrightfield_Seq0055.nd2,20260216_094406_352/260216_BRIGHTFIELD_DAY8_WellF12_ChannelBrightfield_Seq0055.nd2,260216_BRIGHTFIELD_DAY8_WellF12_ChannelBrightfield_Seq0055.nd2,.nd2,66019328,2026-02-16T09:48:50,F12,8,Brightfield,Seq0055,20260216_094406_352,high,,not_requested,,,
/Users/makennarodriguez/Documents/260213_Feb16recopy_HYdiff_landingpadlines_survival_384well1/20260216_094406_352/260216_BRIGHTFIELD_DAY8_WellF13_ChannelBrightfield_Seq0056.nd2,20260216_094406_352/260216_BRIGHTFIELD_DAY8_WellF13_ChannelBrightfield_Seq0056.nd2,260216_BRIGHTFIELD_DAY8_WellF13_ChannelBrightfield_Seq0056.nd2,.nd2,66019328,2026-02-16T09:48:54,F13,8,Brightfield,Seq0056,20260216_094406_352,high,,not_requested,,,
/Users/makennarodriguez/Documents/260213_Feb16recopy_HYdiff_landingpadlines_survival_384well1/20260216_094406_352/260216_BRIGHTFIELD_DAY8_WellF14_ChannelBrightfield_Seq0057.nd2,20260216_094406_352/260216_BRIGHTFIELD_DAY8_WellF14_ChannelBrightfield_Seq0057.nd2,260216_BRIGHTFIELD_DAY8_WellF14_ChannelBrightfield_Seq0057.nd2,.nd2,66019328,2026-02-16T09:49:00,F14,8,Brightfield,Seq0057,20260216_094406_352,high,,not_requested,,,
/Users/makennarodriguez/Documents/260213_Feb16recopy_HYdiff_landingpadlines_survival_384well1/20260216_094406_352/260216_BRIGHTFIELD_DAY8_WellF15_ChannelBrightfield_Seq0058.nd2,20260216_094406_352/260216_BRIGHTFIELD_DAY8_WellF15_ChannelBrightfield_Seq0058.nd2,260216_BRIGHTFIELD_DAY8_WellF15_ChannelBrightfield_Seq0058.nd2,.nd2,66019328,2026-02-16T09:49:04,F15,8,Brightfield,Seq0058,20260216_094406_352,high,,not_requested,,,
/Users/makennarodriguez/Documents/260213_Feb16recopy_HYdiff_landingpadlines_survival_384well1/20260216_094406_352/260216_BRIGHTFIELD_DAY8_WellF16_ChannelBrightfield_Seq0059.nd2,20260216_094406_352/260216_BRIGHTFIELD_DAY8_WellF16_ChannelBrightfield_Seq0059.nd2,260216_BRIGHTFIELD_DAY8_WellF16_ChannelBrightfield_Seq0059.nd2,.nd2,66019328,2026-02-16T09:49:08,F16,8,Brightfield,Seq0059,20260216_094406_352,high,,not_requested,,,
/Users/makennarodriguez/Documents/260213_Feb16recopy_HYdiff_landingpadlines_survival_384well1/20260216_094406_352/260216_BRIGHTFIELD_DAY8_WellF17_ChannelBrightfield_Seq0060.nd2,20260216_094406_352/260216_BRIGHTFIELD_DAY8_WellF17_ChannelBrightfield_Seq0060.nd2,260216_BRIGHTFIELD_DAY8_WellF17_ChannelBrightfield_Seq0060.nd2,.nd2,66019328,2026-02-16T09:49:14,F17,8,Brightfield,Seq0060,20260216_094406_352,high,,not_requested,,,
/Users/makennarodriguez/Documents/260213_Feb16recopy_HYdiff_landingpadlines_survival_384well1/20260216_094406_352/260216_BRIGHTFIELD_DAY8_WellF18_ChannelBrightfield_Seq0061.nd2,20260216_094406_352/260216_BRIGHTFIELD_DAY8_WellF18_ChannelBrightfield_Seq0061.nd2,260216_BRIGHTFIELD_DAY8_WellF18_ChannelBrightfield_Seq0061.nd2,.nd2,66019328,2026-02-16T09:49:18,F18,8,Brightfield,Seq0061,20260216_094406_352,high,,not_requested,,,
/Users/makennarodriguez/Documents/260213_Feb16recopy_HYdiff_landingpadlines_survival_384well1/20260216_094406_352/260216_BRIGHTFIELD_DAY8_WellF19_ChannelBrightfield_Seq0062.nd2,20260216_094406_352/260216_BRIGHTFIELD_DAY8_WellF19_ChannelBrightfield_Seq0062.nd2,260216_BRIGHTFIELD_DAY8_WellF19_ChannelBrightfield_Seq0062.nd2,.nd2,66019328,2026-02-16T09:49:22,F19,8,Brightfield,Seq0062,20260216_094406_352,high,,not_requested,,,
/Users/makennarodriguez/Documents/260213_Feb16recopy_HYdiff_landingpadlines_survival_384well1/20260216_094406_352/260216_BRIGHTFIELD_DAY8_WellF20_ChannelBrightfield_Seq0063.nd2,20260216_094406_352/260216_BRIGHTFIELD_DAY8_WellF20_ChannelBrightfield_Seq0063.nd2,260216_BRIGHTFIELD_DAY8_WellF20_ChannelBrightfield_Seq0063.nd2,.nd2,66019328,2026-02-16T09:49:26,F20,8,Brightfield,Seq0063,20260216_094406_352,high,,not_requested,,,
/Users/makennarodriguez/Documents/260213_Feb16recopy_HYdiff_landingpadlines_survival_384well1/20260216_094406_352/260216_BRIGHTFIELD_DAY8_WellG05_ChannelBrightfield_Seq0064.nd2,20260216_094406_352/260216_BRIGHTFIELD_DAY8_WellG05_ChannelBrightfield_Seq0064.nd2,260216_BRIGHTFIELD_DAY8_WellG05_ChannelBrightfield_Seq0064.nd2,.nd2,66019328,2026-02-16T09:49:34,G05,8,Brightfield,Seq0064,20260216_094406_352,high,,not_requested,,,
/Users/makennarodriguez/Documents/260213_Feb16recopy_HYdiff_landingpadlines_survival_384well1/20260216_094406_352/260216_BRIGHTFIELD_DAY8_WellG06_ChannelBrightfield_Seq0065.nd2,20260216_094406_352/260216_BRIGHTFIELD_DAY8_WellG06_ChannelBrightfield_Seq0065.nd2,260216_BRIGHTFIELD_DAY8_WellG06_ChannelBrightfield_Seq0065.nd2,.nd2,66019328,2026-02-16T09:49:38,G06,8,Brightfield,Seq0065,20260216_094406_352,high,,not_requested,,,
/Users/makennarodriguez/Documents/260213_Feb16recopy_HYdiff_landingpadlines_survival_384well1/20260216_094406_352/260216_BRIGHTFIELD_DAY8_WellG07_ChannelBrightfield_Seq0066.nd2,20260216_094406_352/260216_BRIGHTFIELD_DAY8_WellG07_ChannelBrightfield_Seq0066.nd2,260216_BRIGHTFIELD_DAY8_WellG07_ChannelBrightfield_Seq0066.nd2,.nd2,66019328,2026-02-16T09:49:42,G07,8,Brightfield,Seq0066,20260216_094406_352,high,,not_requested,,,
/Users/makennarodriguez/Documents/260213_Feb16recopy_HYdiff_landingpadlines_survival_384well1/20260216_094406_352/260216_BRIGHTFIELD_DAY8_WellG08_ChannelBrightfield_Seq0067.nd2,20260216_094406_352/260216_BRIGHTFIELD_DAY8_WellG08_ChannelBrightfield_Seq0067.nd2,260216_BRIGHTFIELD_DAY8_WellG08_ChannelBrightfield_Seq0067.nd2,.nd2,66019328,2026-02-16T09:49:46,G08,8,Brightfield,Seq0067,20260216_094406_352,high,,not_requested,,,
/Users/makennarodriguez/Documents/260213_Feb16recopy_HYdiff_landingpadlines_survival_384well1/20260216_094406_352/260216_BRIGHTFIELD_DAY8_WellG09_ChannelBrightfield_Seq0068.nd2,20260216_094406_352/260216_BRIGHTFIELD_DAY8_WellG09_ChannelBrightfield_Seq0068.nd2,260216_BRIGHTFIELD_DAY8_WellG09_ChannelBrightfield_Seq0068.nd2,.nd2,66019328,2026-02-16T09:49:52,G09,8,Brightfield,Seq0068,20260216_094406_352,high,,not_requested,,,
/Users/makennarodriguez/Documents/260213_Feb16recopy_HYdiff_landingpadlines_survival_384well1/20260216_094406_352/260216_BRIGHTFIELD_DAY8_WellG10_ChannelBrightfield_Seq0069.nd2,20260216_094406_352/260216_BRIGHTFIELD_DAY8_WellG10_ChannelBrightfield_Seq0069.nd2,260216_BRIGHTFIELD_DAY8_WellG10_ChannelBrightfield_Seq0069.nd2,.nd2,66019328,2026-02-16T09:49:56,G10,8,Brightfield,Seq0069,20260216_094406_352,high,,not_requested,,,
/Users/makennarodriguez/Documents/260213_Feb16recopy_HYdiff_landingpadlines_survival_384well1/20260216_094406_352/260216_BRIGHTFIELD_DAY8_WellG11_ChannelBrightfield_Seq0070.nd2,20260216_094406_352/260216_BRIGHTFIELD_DAY8_WellG11_ChannelBrightfield_Seq0070.nd2,260216_BRIGHTFIELD_DAY8_WellG11_ChannelBrightfield_Seq0070.nd2,.nd2,66019328,2026-02-16T09:50:00,G11,8,Brightfield,Seq0070,20260216_094406_352,high,,not_requested,,,
/Users/makennarodriguez/Documents/260213_Feb16recopy_HYdiff_landingpadlines_survival_384well1/20260216_094406_352/260216_BRIGHTFIELD_DAY8_WellG12_ChannelBrightfield_Seq0071.nd2,20260216_094406_352/260216_BRIGHTFIELD_DAY8_WellG12_ChannelBrightfield_Seq0071.nd2,260216_BRIGHTFIELD_DAY8_WellG12_ChannelBrightfield_Seq0071.nd2,.nd2,66019328,2026-02-16T09:50:04,G12,8,Brightfield,Seq0071,20260216_094406_352,high,,not_requested,,,
/Users/makennarodriguez/Documents/260213_Feb16recopy_HYdiff_landingpadlines_survival_384well1/20260216_094406_352/260216_BRIGHTFIELD_DAY8_WellG13_ChannelBrightfield_Seq0072.nd2,20260216_094406_352/260216_BRIGHTFIELD_DAY8_WellG13_ChannelBrightfield_Seq0072.nd2,260216_BRIGHTFIELD_DAY8_WellG13_ChannelBrightfield_Seq0072.nd2,.nd2,66019328,2026-02-16T09:50:08,G13,8,Brightfield,Seq0072,20260216_094406_352,high,,not_requested,,,
/Users/makennarodriguez/Documents/260213_Feb16recopy_HYdiff_landingpadlines_survival_384well1/20260216_094406_352/260216_BRIGHTFIELD_DAY8_WellG14_ChannelBrightfield_Seq0073.nd2,20260216_094406_352/260216_BRIGHTFIELD_DAY8_WellG14_ChannelBrightfield_Seq0073.nd2,260216_BRIGHTFIELD_DAY8_WellG14_ChannelBrightfield_Seq0073.nd2,.nd2,66019328,2026-02-16T09:50:12,G14,8,Brightfield,Seq0073,20260216_094406_352,high,,not_requested,,,
/Users/makennarodriguez/Documents/260213_Feb16recopy_HYdiff_landingpadlines_survival_384well1/20260216_094406_352/260216_BRIGHTFIELD_DAY8_WellG15_ChannelBrightfield_Seq0074.nd2,20260216_094406_352/260216_BRIGHTFIELD_DAY8_WellG15_ChannelBrightfield_Seq0074.nd2,260216_BRIGHTFIELD_DAY8_WellG15_ChannelBrightfield_Seq0074.nd2,.nd2,66019328,2026-02-16T09:50:18,G15,8,Brightfield,Seq0074,20260216_094406_352,high,,not_requested,,,
/Users/makennarodriguez/Documents/260213_Feb16recopy_HYdiff_landingpadlines_survival_384well1/20260216_094406_352/260216_BRIGHTFIELD_DAY8_WellG16_ChannelBrightfield_Seq0075.nd2,20260216_094406_352/260216_BRIGHTFIELD_DAY8_WellG16_ChannelBrightfield_Seq0075.nd2,260216_BRIGHTFIELD_DAY8_WellG16_ChannelBrightfield_Seq0075.nd2,.nd2,66019328,2026-02-16T09:50:22,G16,8,Brightfield,Seq0075,20260216_094406_352,high,,not_requested,,,
/Users/makennarodriguez/Documents/260213_Feb16recopy_HYdiff_landingpadlines_survival_384well1/20260216_094406_352/260216_BRIGHTFIELD_DAY8_WellG17_ChannelBrightfield_Seq0076.nd2,20260216_094406_352/260216_BRIGHTFIELD_DAY8_WellG17_ChannelBrightfield_Seq0076.nd2,260216_BRIGHTFIELD_DAY8_WellG17_ChannelBrightfield_Seq0076.nd2,.nd2,66019328,2026-02-16T09:50:26,G17,8,Brightfield,Seq0076,20260216_094406_352,high,,not_requested,,,
/Users/makennarodriguez/Documents/260213_Feb16recopy_HYdiff_landingpadlines_survival_384well1/20260216_094406_352/260216_BRIGHTFIELD_DAY8_WellG18_ChannelBrightfield_Seq0077.nd2,20260216_094406_352/260216_BRIGHTFIELD_DAY8_WellG18_ChannelBrightfield_Seq0077.nd2,260216_BRIGHTFIELD_DAY8_WellG18_ChannelBrightfield_Seq0077.nd2,.nd2,66019328,2026-02-16T09:50:30,G18,8,Brightfield,Seq0077,20260216_094406_352,high,,not_requested,,,
/Users/makennarodriguez/Documents/260213_Feb16recopy_HYdiff_landingpadlines_survival_384well1/20260216_094406_352/260216_BRIGHTFIELD_DAY8_WellG19_ChannelBrightfield_Seq0078.nd2,20260216_094406_352/260216_BRIGHTFIELD_DAY8_WellG19_ChannelBrightfield_Seq0078.nd2,260216_BRIGHTFIELD_DAY8_WellG19_ChannelBrightfield_Seq0078.nd2,.nd2,66019328,2026-02-16T09:50:34,G19,8,Brightfield,Seq0078,20260216_094406_352,high,,not_requested,,,
/Users/makennarodriguez/Documents/260213_Feb16recopy_HYdiff_landingpadlines_survival_384well1/20260216_094406_352/260216_BRIGHTFIELD_DAY8_WellG20_ChannelBrightfield_Seq0079.nd2,20260216_094406_352/260216_BRIGHTFIELD_DAY8_WellG20_ChannelBrightfield_Seq0079.nd2,260216_BRIGHTFIELD_DAY8_WellG20_ChannelBrightfield_Seq0079.nd2,.nd2,66019328,2026-02-16T09:50:40,G20,8,Brightfield,Seq0079,20260216_094406_352,high,,not_requested,,,
/Users/makennarodriguez/Documents/260213_Feb16recopy_HYdiff_landingpadlines_survival_384well1/20260216_094406_352/260216_BRIGHTFIELD_DAY8_WellH05_ChannelBrightfield_Seq0080.nd2,20260216_094406_352/260216_BRIGHTFIELD_DAY8_WellH05_ChannelBrightfield_Seq0080.nd2,260216_BRIGHTFIELD_DAY8_WellH05_ChannelBrightfield_Seq0080.nd2,.nd2,66019328,2026-02-16T09:50:46,H05,8,Brightfield,Seq0080,20260216_094406_352,high,,not_requested,,,
/Users/makennarodriguez/Documents/260213_Feb16recopy_HYdiff_landingpadlines_survival_384well1/20260216_094406_352/260216_BRIGHTFIELD_DAY8_WellH06_ChannelBrightfield_Seq0081.nd2,20260216_094406_352/260216_BRIGHTFIELD_DAY8_WellH06_ChannelBrightfield_Seq0081.nd2,260216_BRIGHTFIELD_DAY8_WellH06_ChannelBrightfield_Seq0081.nd2,.nd2,66019328,2026-02-16T09:50:52,H06,8,Brightfield,Seq0081,20260216_094406_352,high,,not_requested,,,
/Users/makennarodriguez/Documents/260213_Feb16recopy_HYdiff_landingpadlines_survival_384well1/20260216_094406_352/260216_BRIGHTFIELD_DAY8_WellH07_ChannelBrightfield_Seq0082.nd2,20260216_094406_352/260216_BRIGHTFIELD_DAY8_WellH07_ChannelBrightfield_Seq0082.nd2,260216_BRIGHTFIELD_DAY8_WellH07_ChannelBrightfield_Seq0082.nd2,.nd2,66019328,2026-02-16T09:50:56,H07,8,Brightfield,Seq0082,20260216_094406_352,high,,not_requested,,,
/Users/makennarodriguez/Documents/260213_Feb16recopy_HYdiff_landingpadlines_survival_384well1/20260216_094406_352/260216_BRIGHTFIELD_DAY8_WellH08_ChannelBrightfield_Seq0083.nd2,20260216_094406_352/260216_BRIGHTFIELD_DAY8_WellH08_ChannelBrightfield_Seq0083.nd2,260216_BRIGHTFIELD_DAY8_WellH08_ChannelBrightfield_Seq0083.nd2,.nd2,66019328,2026-02-16T09:51:00,H08,8,Brightfield,Seq0083,20260216_094406_352,high,,not_requested,,,
/Users/makennarodriguez/Documents/260213_Feb16recopy_HYdiff_landingpadlines_survival_384well1/20260216_094406_352/260216_BRIGHTFIELD_DAY8_WellH09_ChannelBrightfield_Seq0084.nd2,20260216_094406_352/260216_BRIGHTFIELD_DAY8_WellH09_ChannelBrightfield_Seq0084.nd2,260216_BRIGHTFIELD_DAY8_WellH09_ChannelBrightfield_Seq0084.nd2,.nd2,66019328,2026-02-16T09:51:06,H09,8,Brightfield,Seq0084,20260216_094406_352,high,,not_requested,,,
/Users/makennarodriguez/Documents/260213_Feb16recopy_HYdiff_landingpadlines_survival_384well1/20260216_094406_352/260216_BRIGHTFIELD_DAY8_WellH10_ChannelBrightfield_Seq0085.nd2,20260216_094406_352/260216_BRIGHTFIELD_DAY8_WellH10_ChannelBrightfield_Seq0085.nd2,260216_BRIGHTFIELD_DAY8_WellH10_ChannelBrightfield_Seq0085.nd2,.nd2,66019328,2026-02-16T09:51:10,H10,8,Brightfield,Seq0085,20260216_094406_352,high,,not_requested,,,
/Users/makennarodriguez/Documents/260213_Feb16recopy_HYdiff_landingpadlines_survival_384well1/20260216_094406_352/260216_BRIGHTFIELD_DAY8_WellH11_ChannelBrightfield_Seq0086.nd2,20260216_094406_352/260216_BRIGHTFIELD_DAY8_WellH11_ChannelBrightfield_Seq0086.nd2,260216_BRIGHTFIELD_DAY8_WellH11_ChannelBrightfield_Seq0086.nd2,.nd2,66019328,2026-02-16T09:51:14,H11,8,Brightfield,Seq0086,20260216_094406_352,high,,not_requested,,,
/Users/makennarodriguez/Documents/260213_Feb16recopy_HYdiff_landingpadlines_survival_384well1/20260216_094406_352/260216_BRIGHTFIELD_DAY8_WellH12_ChannelBrightfield_Seq0087.nd2,20260216_094406_352/260216_BRIGHTFIELD_DAY8_WellH12_ChannelBrightfield_Seq0087.nd2,260216_BRIGHTFIELD_DAY8_WellH12_ChannelBrightfield_Seq0087.nd2,.nd2,66019328,2026-02-16T09:51:18,H12,8,Brightfield,Seq0087,20260216_094406_352,high,,not_requested,,,
/Users/makennarodriguez/Documents/260213_Feb16recopy_HYdiff_landingpadlines_survival_384well1/20260216_094406_352/260216_BRIGHTFIELD_DAY8_WellH13_ChannelBrightfield_Seq0088.nd2,20260216_094406_352/260216_BRIGHTFIELD_DAY8_WellH13_ChannelBrightfield_Seq0088.nd2,260216_BRIGHTFIELD_DAY8_WellH13_ChannelBrightfield_Seq0088.nd2,.nd2,66019328,2026-02-16T09:51:22,H13,8,Brightfield,Seq0088,20260216_094406_352,high,,not_requested,,,
/Users/makennarodriguez/Documents/260213_Feb16recopy_HYdiff_landingpadlines_survival_384well1/20260216_094406_352/260216_BRIGHTFIELD_DAY8_WellH14_ChannelBrightfield_Seq0089.nd2,20260216_094406_352/260216_BRIGHTFIELD_DAY8_WellH14_ChannelBrightfield_Seq0089.nd2,260216_BRIGHTFIELD_DAY8_WellH14_ChannelBrightfield_Seq0089.nd2,.nd2,66019328,2026-02-16T09:51:26,H14,8,Brightfield,Seq0089,20260216_094406_352,high,,not_requested,,,
/Users/makennarodriguez/Documents/260213_Feb16recopy_HYdiff_landingpadlines_survival_384well1/20260216_094406_352/260216_BRIGHTFIELD_DAY8_WellH15_ChannelBrightfield_Seq0090.nd2,20260216_094406_352/260216_BRIGHTFIELD_DAY8_WellH15_ChannelBrightfield_Seq0090.nd2,260216_BRIGHTFIELD_DAY8_WellH15_ChannelBrightfield_Seq0090.nd2,.nd2,66019328,2026-02-16T09:51:32,H15,8,Brightfield,Seq0090,20260216_094406_352,high,,not_requested,,,
/Users/makennarodriguez/Documents/260213_Feb16recopy_HYdiff_landingpadlines_survival_384well1/20260216_094406_352/260216_BRIGHTFIELD_DAY8_WellH16_ChannelBrightfield_Seq0091.nd2,20260216_094406_352/260216_BRIGHTFIELD_DAY8_WellH16_ChannelBrightfield_Seq0091.nd2,260216_BRIGHTFIELD_DAY8_WellH16_ChannelBrightfield_Seq0091.nd2,.nd2,66019328,2026-02-16T09:51:36,H16,8,Brightfield,Seq0091,20260216_094406_352,high,,not_requested,,,
/Users/makennarodriguez/Documents/260213_Feb16recopy_HYdiff_landingpadlines_survival_384well1/20260216_094406_352/260216_BRIGHTFIELD_DAY8_WellH17_ChannelBrightfield_Seq0092.nd2,20260216_094406_352/260216_BRIGHTFIELD_DAY8_WellH17_ChannelBrightfield_Seq0092.nd2,260216_BRIGHTFIELD_DAY8_WellH17_ChannelBrightfield_Seq0092.nd2,.nd2,66019328,2026-02-16T09:51:40,H17,8,Brightfield,Seq0092,20260216_094406_352,high,,not_requested,,,
/Users/makennarodriguez/Documents/260213_Feb16recopy_HYdiff_landingpadlines_survival_384well1/20260216_094406_352/260216_BRIGHTFIELD_DAY8_WellH18_ChannelBrightfield_Seq0093.nd2,20260216_094406_352/260216_BRIGHTFIELD_DAY8_WellH18_ChannelBrightfield_Seq0093.nd2,260216_BRIGHTFIELD_DAY8_WellH18_ChannelBrightfield_Seq0093.nd2,.nd2,66019328,2026-02-16T09:51:44,H18,8,Brightfield,Seq0093,20260216_094406_352,high,,not_requested,,,
/Users/makennarodriguez/Documents/260213_Feb16recopy_HYdiff_landingpadlines_survival_384well1/20260216_094406_352/260216_BRIGHTFIELD_DAY8_WellH19_ChannelBrightfield_Seq0094.nd2,20260216_094406_352/260216_BRIGHTFIELD_DAY8_WellH19_ChannelBrightfield_Seq0094.nd2,260216_BRIGHTFIELD_DAY8_WellH19_ChannelBrightfield_Seq0094.nd2,.nd2,66019328,2026-02-16T09:51:48,H19,8,Brightfield,Seq0094,20260216_094406_352,high,,not_requested,,,
/Users/makennarodriguez/Documents/260213_Feb16recopy_HYdiff_landingpadlines_survival_384well1/20260216_094406_352/260216_BRIGHTFIELD_DAY8_WellH20_ChannelBrightfield_Seq0095.nd2,20260216_094406_352/260216_BRIGHTFIELD_DAY8_WellH20_ChannelBrightfield_Seq0095.nd2,260216_BRIGHTFIELD_DAY8_WellH20_ChannelBrightfield_Seq0095.nd2,.nd2,66019328,2026-02-16T09:51:54,H20,8,Brightfield,Seq0095,20260216_094406_352,high,,not_requested,,,
/Users/makennarodriguez/Documents/260213_Feb16recopy_HYdiff_landingpadlines_survival_384well1/20260216_094406_352/260216_BRIGHTFIELD_DAY8_WellI05_ChannelBrightfield_Seq0096.nd2,20260216_094406_352/260216_BRIGHTFIELD_DAY8_WellI05_ChannelBrightfield_Seq0096.nd2,260216_BRIGHTFIELD_DAY8_WellI05_ChannelBrightfield_Seq0096.nd2,.nd2,66019328,2026-02-16T09:52:00,I05,8,Brightfield,Seq0096,20260216_094406_352,high,,not_requested,,,
/Users/makennarodriguez/Documents/260213_Feb16recopy_HYdiff_landingpadlines_survival_384well1/20260216_094406_352/260216_BRIGHTFIELD_DAY8_WellI06_ChannelBrightfield_Seq0097.nd2,20260216_094406_352/260216_BRIGHTFIELD_DAY8_WellI06_ChannelBrightfield_Seq0097.nd2,260216_BRIGHTFIELD_DAY8_WellI06_ChannelBrightfield_Seq0097.nd2,.nd2,66019328,2026-02-16T09:52:06,I06,8,Brightfield,Seq0097,20260216_094406_352,high,,not_requested,,,
/Users/makennarodriguez/Documents/260213_Feb16recopy_HYdiff_landingpadlines_survival_384well1/20260216_094406_352/260216_BRIGHTFIELD_DAY8_WellI07_ChannelBrightfield_Seq0098.nd2,20260216_094406_352/260216_BRIGHTFIELD_DAY8_WellI07_ChannelBrightfield_Seq0098.nd2,260216_BRIGHTFIELD_DAY8_WellI07_ChannelBrightfield_Seq0098.nd2,.nd2,66019328,2026-02-16T09:52:10,I07,8,Brightfield,Seq0098,20260216_094406_352,high,,not_requested,,,
/Users/makennarodriguez/Documents/260213_Feb16recopy_HYdiff_landingpadlines_survival_384well1/20260216_094406_352/260216_BRIGHTFIELD_DAY8_WellI08_ChannelBrightfield_Seq0099.nd2,20260216_094406_352/260216_BRIGHTFIELD_DAY8_WellI08_ChannelBrightfield_Seq0099.nd2,260216_BRIGHTFIELD_DAY8_WellI08_ChannelBrightfield_Seq0099.nd2,.nd2,66019328,2026-02-16T09:52:14,I08,8,Brightfield,Seq0099,20260216_094406_352,high,,not_requested,,,
/Users/makennarodriguez/Documents/260213_Feb16recopy_HYdiff_landingpadlines_survival_384well1/20260216_094406_352/260216_BRIGHTFIELD_DAY8_WellI09_ChannelBrightfield_Seq0100.nd2,20260216_094406_352/260216_BRIGHTFIELD_DAY8_WellI09_ChannelBrightfield_Seq0100.nd2,260216_BRIGHTFIELD_DAY8_WellI09_ChannelBrightfield_Seq0100.nd2,.nd2,66019328,2026-02-16T09:52:20,I09,8,Brightfield,Seq0100,20260216_094406_352,high,,not_requested,,,
/Users/makennarodriguez/Documents/260213_Feb16recopy_HYdiff_landingpadlines_survival_384well1/20260216_094406_352/260216_BRIGHTFIELD_DAY8_WellI10_ChannelBrightfield_Seq0101.nd2,20260216_094406_352/260216_BRIGHTFIELD_DAY8_WellI10_ChannelBrightfield_Seq0101.nd2,260216_BRIGHTFIELD_DAY8_WellI10_ChannelBrightfield_Seq0101.nd2,.nd2,66019328,2026-02-16T09:52:24,I10,8,Brightfield,Seq0101,20260216_094406_352,high,,not_requested,,,
/Users/makennarodriguez/Documents/260213_Feb16recopy_HYdiff_landingpadlines_survival_384well1/20260216_094406_352/260216_BRIGHTFIELD_DAY8_WellI11_ChannelBrightfield_Seq0102.nd2,20260216_094406_352/260216_BRIGHTFIELD_DAY8_WellI11_ChannelBrightfield_Seq0102.nd2,260216_BRIGHTFIELD_DAY8_WellI11_ChannelBrightfield_Seq0102.nd2,.nd2,66019328,2026-02-16T09:52:28,I11,8,Brightfield,Seq0102,20260216_094406_352,high,,not_requested,,,
/Users/makennarodriguez/Documents/260213_Feb16recopy_HYdiff_landingpadlines_survival_384well1/20260216_094406_352/260216_BRIGHTFIELD_DAY8_WellI12_ChannelBrightfield_Seq0103.nd2,20260216_094406_352/260216_BRIGHTFIELD_DAY8_WellI12_ChannelBrightfield_Seq0103.nd2,260216_BRIGHTFIELD_DAY8_WellI12_ChannelBrightfield_Seq0103.nd2,.nd2,66019328,2026-02-16T09:52:32,I12,8,Brightfield,Seq0103,20260216_094406_352,high,,not_requested,,,
/Users/makennarodriguez/Documents/260213_Feb16recopy_HYdiff_landingpadlines_survival_384well1/20260216_094406_352/260216_BRIGHTFIELD_DAY8_WellI13_ChannelBrightfield_Seq0104.nd2,20260216_094406_352/260216_BRIGHTFIELD_DAY8_WellI13_ChannelBrightfield_Seq0104.nd2,260216_BRIGHTFIELD_DAY8_WellI13_ChannelBrightfield_Seq0104.nd2,.nd2,66019328,2026-02-16T09:52:36,I13,8,Brightfield,Seq0104,20260216_094406_352,high,,not_requested,,,
/Users/makennarodriguez/Documents/260213_Feb16recopy_HYdiff_landingpadlines_survival_384well1/20260216_094406_352/260216_BRIGHTFIELD_DAY8_WellI14_ChannelBrightfield_Seq0105.nd2,20260216_094406_352/260216_BRIGHTFIELD_DAY8_WellI14_ChannelBrightfield_Seq0105.nd2,260216_BRIGHTFIELD_DAY8_WellI14_ChannelBrightfield_Seq0105.nd2,.nd2,66019328,2026-02-16T09:52:42,I14,8,Brightfield,Seq0105,20260216_094406_352,high,,not_requested,,,
/Users/makennarodriguez/Documents/260213_Feb16recopy_HYdiff_landingpadlines_survival_384well1/20260216_094406_352/260216_BRIGHTFIELD_DAY8_WellI15_ChannelBrightfield_Seq0106.nd2,20260216_094406_352/260216_BRIGHTFIELD_DAY8_WellI15_ChannelBrightfield_Seq0106.nd2,260216_BRIGHTFIELD_DAY8_WellI15_ChannelBrightfield_Seq0106.nd2,.nd2,66019328,2026-02-16T09:52:46,I15,8,Brightfield,Seq0106,20260216_094406_352,high,,not_requested,,,
/Users/makennarodriguez/Documents/260213_Feb16recopy_HYdiff_landingpadlines_survival_384well1/20260216_094406_352/260216_BRIGHTFIELD_DAY8_WellI16_ChannelBrightfield_Seq0107.nd2,20260216_094406_352/260216_BRIGHTFIELD_DAY8_WellI16_ChannelBrightfield_Seq0107.nd2,260216_BRIGHTFIELD_DAY8_WellI16_ChannelBrightfield_Seq0107.nd2,.nd2,66019328,2026-02-16T09:52:50,I16,8,Brightfield,Seq0107,20260216_094406_352,high,,not_requested,,,
/Users/makennarodriguez/Documents/260213_Feb16recopy_HYdiff_landingpadlines_survival_384well1/20260216_094406_352/260216_BRIGHTFIELD_DAY8_WellI17_ChannelBrightfield_Seq0108.nd2,20260216_094406_352/260216_BRIGHTFIELD_DAY8_WellI17_ChannelBrightfield_Seq0108.nd2,260216_BRIGHTFIELD_DAY8_WellI17_ChannelBrightfield_Seq0108.nd2,.nd2,66019328,2026-02-16T09:52:54,I17,8,Brightfield,Seq0108,20260216_094406_352,high,,not_requested,,,
/Users/makennarodriguez/Documents/260213_Feb16recopy_HYdiff_landingpadlines_survival_384well1/20260216_094406_352/260216_BRIGHTFIELD_DAY8_WellI18_ChannelBrightfield_Seq0109.nd2,20260216_094406_352/260216_BRIGHTFIELD_DAY8_WellI18_ChannelBrightfield_Seq0109.nd2,260216_BRIGHTFIELD_DAY8_WellI18_ChannelBrightfield_Seq0109.nd2,.nd2,66019328,2026-02-16T09:53:00,I18,8,Brightfield,Seq0109,20260216_094406_352,high,,not_requested,,,
/Users/makennarodriguez/Documents/260213_Feb16recopy_HYdiff_landingpadlines_survival_384well1/20260216_094406_352/260216_BRIGHTFIELD_DAY8_WellI19_ChannelBrightfield_Seq0110.nd2,20260216_094406_352/260216_BRIGHTFIELD_DAY8_WellI19_ChannelBrightfield_Seq0110.nd2,260216_BRIGHTFIELD_DAY8_WellI19_ChannelBrightfield_Seq0110.nd2,.nd2,66019328,2026-02-16T09:53:04,I19,8,Brightfield,Seq0110,20260216_094406_352,high,,not_requested,,,
/Users/makennarodriguez/Documents/260213_Feb16recopy_HYdiff_landingpadlines_survival_384well1/20260216_094406_352/260216_BRIGHTFIELD_DAY8_WellI20_ChannelBrightfield_Seq0111.nd2,20260216_094406_352/260216_BRIGHTFIELD_DAY8_WellI20_ChannelBrightfield_Seq0111.nd2,260216_BRIGHTFIELD_DAY8_WellI20_ChannelBrightfield_Seq0111.nd2,.nd2,66019328,2026-02-16T09:53:08,I20,8,Brightfield,Seq0111,20260216_094406_352,high,,not_requested,,,
/Users/makennarodriguez/Documents/260213_Feb16recopy_HYdiff_landingpadlines_survival_384well1/20260216_094406_352/260216_BRIGHTFIELD_DAY8_WellJ05_ChannelBrightfield_Seq0112.nd2,20260216_094406_352/260216_BRIGHTFIELD_DAY8_WellJ05_ChannelBrightfield_Seq0112.nd2,260216_BRIGHTFIELD_DAY8_WellJ05_ChannelBrightfield_Seq0112.nd2,.nd2,66019328,2026-02-16T09:53:16,J05,8,Brightfield,Seq0112,20260216_094406_352,high,,not_requested,,,
/Users/makennarodriguez/Documents/260213_Feb16recopy_HYdiff_landingpadlines_survival_384well1/20260216_094406_352/260216_BRIGHTFIELD_DAY8_WellJ06_ChannelBrightfield_Seq0113.nd2,20260216_094406_352/260216_BRIGHTFIELD_DAY8_WellJ06_ChannelBrightfield_Seq0113.nd2,260216_BRIGHTFIELD_DAY8_WellJ06_ChannelBrightfield_Seq0113.nd2,.nd2,66019328,2026-02-16T09:53:20,J06,8,Brightfield,Seq0113,20260216_094406_352,high,,not_requested,,,
/Users/makennarodriguez/Documents/260213_Feb16recopy_HYdiff_landingpadlines_survival_384well1/20260216_094406_352/260216_BRIGHTFIELD_DAY8_WellJ07_ChannelBrightfield_Seq0114.nd2,20260216_094406_352/260216_BRIGHTFIELD_DAY8_WellJ07_ChannelBrightfield_Seq0114.nd2,260216_BRIGHTFIELD_DAY8_WellJ07_ChannelBrightfield_Seq0114.nd2,.nd2,66019328,2026-02-16T09:53:26,J07,8,Brightfield,Seq0114,20260216_094406_352,high,,not_requested,,,
/Users/makennarodriguez/Documents/260213_Feb16recopy_HYdiff_landingpadlines_survival_384well1/20260216_094406_352/260216_BRIGHTFIELD_DAY8_WellJ08_ChannelBrightfield_Seq0115.nd2,20260216_094406_352/260216_BRIGHTFIELD_DAY8_WellJ08_ChannelBrightfield_Seq0115.nd2,260216_BRIGHTFIELD_DAY8_WellJ08_ChannelBrightfield_Seq0115.nd2,.nd2,66019328,2026-02-16T09:53:30,J08,8,Brightfield,Seq0115,20260216_094406_352,high,,not_requested,,,
/Users/makennarodriguez/Documents/260213_Feb16recopy_HYdiff_landingpadlines_survival_384well1/20260216_094406_352/260216_BRIGHTFIELD_DAY8_WellJ09_ChannelBrightfield_Seq0116.nd2,20260216_094406_352/260216_BRIGHTFIELD_DAY8_WellJ09_ChannelBrightfield_Seq0116.nd2,260216_BRIGHTFIELD_DAY8_WellJ09_ChannelBrightfield_Seq0116.nd2,.nd2,66019328,2026-02-16T09:53:36,J09,8,Brightfield,Seq0116,20260216_094406_352,high,,not_requested,,,
/Users/makennarodriguez/Documents/260213_Feb16recopy_HYdiff_landingpadlines_survival_384well1/20260216_094406_352/260216_BRIGHTFIELD_DAY8_WellJ10_ChannelBrightfield_Seq0117.nd2,20260216_094406_352/260216_BRIGHTFIELD_DAY8_WellJ10_ChannelBrightfield_Seq0117.nd2,260216_BRIGHTFIELD_DAY8_WellJ10_ChannelBrightfield_Seq0117.nd2,.nd2,66019328,2026-02-16T09:53:40,J10,8,Brightfield,Seq0117,20260216_094406_352,high,,not_requested,,,
/Users/makennarodriguez/Documents/260213_Feb16recopy_HYdiff_landingpadlines_survival_384well1/20260216_094406_352/260216_BRIGHTFIELD_DAY8_WellJ11_ChannelBrightfield_Seq0118.nd2,20260216_094406_352/260216_BRIGHTFIELD_DAY8_WellJ11_ChannelBrightfield_Seq0118.nd2,260216_BRIGHTFIELD_DAY8_WellJ11_ChannelBrightfield_Seq0118.nd2,.nd2,66019328,2026-02-16T09:53:44,J11,8,Brightfield,Seq0118,20260216_094406_352,high,,not_requested,,,
/Users/makennarodriguez/Documents/260213_Feb16recopy_HYdiff_landingpadlines_survival_384well1/20260216_094406_352/260216_BRIGHTFIELD_DAY8_WellJ12_ChannelBrightfield_Seq0119.nd2,20260216_094406_352/260216_BRIGHTFIELD_DAY8_WellJ12_ChannelBrightfield_Seq0119.nd2,260216_BRIGHTFIELD_DAY8_WellJ12_ChannelBrightfield_Seq0119.nd2,.nd2,66019328,2026-02-16T09:53:48,J12,8,Brightfield,Seq0119,20260216_094406_352,high,,not_requested,,,
/Users/makennarodriguez/Documents/260213_Feb16recopy_HYdiff_landingpadlines_survival_384well1/20260216_094406_352/260216_BRIGHTFIELD_DAY8_WellJ13_ChannelBrightfield_Seq0120.nd2,20260216_094406_352/260216_BRIGHTFIELD_DAY8_WellJ13_ChannelBrightfield_Seq0120.nd2,260216_BRIGHTFIELD_DAY8_WellJ13_ChannelBrightfield_Seq0120.nd2,.nd2,66019328,2026-02-16T09:53:54,J13,8,Brightfield,Seq0120,20260216_094406_352,high,,not_requested,,,
/Users/makennarodriguez/Documents/260213_Feb16recopy_HYdiff_landingpadlines_survival_384well1/20260216_094406_352/260216_BRIGHTFIELD_DAY8_WellJ14_ChannelBrightfield_Seq0121.nd2,20260216_094406_352/260216_BRIGHTFIELD_DAY8_WellJ14_ChannelBrightfield_Seq0121.nd2,260216_BRIGHTFIELD_DAY8_WellJ14_ChannelBrightfield_Seq0121.nd2,.nd2,66019328,2026-02-16T09:53:58,J14,8,Brightfield,Seq0121,20260216_094406_352,high,,not_requested,,,
/Users/makennarodriguez/Documents/260213_Feb16recopy_HYdiff_landingpadlines_survival_384well1/20260216_094406_352/260216_BRIGHTFIELD_DAY8_WellJ15_ChannelBrightfield_Seq0122.nd2,20260216_094406_352/260216_BRIGHTFIELD_DAY8_WellJ15_ChannelBrightfield_Seq0122.nd2,260216_BRIGHTFIELD_DAY8_WellJ15_ChannelBrightfield_Seq0122.nd2,.nd2,66019328,2026-02-16T09:54:02,J15,8,Brightfield,Seq0122,20260216_094406_352,high,,not_requested,,,
/Users/makennarodriguez/Documents/260213_Feb16recopy_HYdiff_landingpadlines_survival_384well1/20260216_094406_352/260216_BRIGHTFIELD_DAY8_WellJ16_ChannelBrightfield_Seq0123.nd2,20260216_094406_352/260216_BRIGHTFIELD_DAY8_WellJ16_ChannelBrightfield_Seq0123.nd2,260216_BRIGHTFIELD_DAY8_WellJ16_ChannelBrightfield_Seq0123.nd2,.nd2,66019328,2026-02-16T09:54:06,J16,8,Brightfield,Seq0123,20260216_094406_352,high,,not_requested,,,
/Users/makennarodriguez/Documents/260213_Feb16recopy_HYdiff_landingpadlines_survival_384well1/20260216_094406_352/260216_BRIGHTFIELD_DAY8_WellJ17_ChannelBrightfield_Seq0124.nd2,20260216_094406_352/260216_BRIGHTFIELD_DAY8_WellJ17_ChannelBrightfield_Seq0124.nd2,260216_BRIGHTFIELD_DAY8_WellJ17_ChannelBrightfield_Seq0124.nd2,.nd2,66019328,2026-02-16T09:54:10,J17,8,Brightfield,Seq0124,20260216_094406_352,high,,not_requested,,,
/Users/makennarodriguez/Documents/260213_Feb16recopy_HYdiff_landingpadlines_survival_384well1/20260216_094406_352/260216_BRIGHTFIELD_DAY8_WellJ18_ChannelBrightfield_Seq0125.nd2,20260216_094406_352/260216_BRIGHTFIELD_DAY8_WellJ18_ChannelBrightfield_Seq0125.nd2,260216_BRIGHTFIELD_DAY8_WellJ18_ChannelBrightfield_Seq0125.nd2,.nd2,66019328,2026-02-16T09:54:16,J18,8,Brightfield,Seq0125,20260216_094406_352,high,,not_requested,,,
/Users/makennarodriguez/Documents/260213_Feb16recopy_HYdiff_landingpadlines_survival_384well1/20260216_094406_352/260216_BRIGHTFIELD_DAY8_WellJ19_ChannelBrightfield_Seq0126.nd2,20260216_094406_352/260216_BRIGHTFIELD_DAY8_WellJ19_ChannelBrightfield_Seq0126.nd2,260216_BRIGHTFIELD_DAY8_WellJ19_ChannelBrightfield_Seq0126.nd2,.nd2,66019328,2026-02-16T09:54:20,J19,8,Brightfield,Seq0126,20260216_094406_352,high,,not_requested,,,
/Users/makennarodriguez/Documents/260213_Feb16recopy_HYdiff_landingpadlines_survival_384well1/20260216_094406_352/260216_BRIGHTFIELD_DAY8_WellJ20_ChannelBrightfield_Seq0127.nd2,20260216_094406_352/260216_BRIGHTFIELD_DAY8_WellJ20_ChannelBrightfield_Seq0127.nd2,260216_BRIGHTFIELD_DAY8_WellJ20_ChannelBrightfield_Seq0127.nd2,.nd2,66019328,2026-02-16T09:54:24,J20,8,Brightfield,Seq0127,20260216_094406_352,high,,not_requested,,,
/Users/makennarodriguez/Documents/260213_Feb16recopy_HYdiff_landingpadlines_survival_384well1/20260216_094406_352/260216_BRIGHTFIELD_DAY8_WellK05_ChannelBrightfield_Seq0128.nd2,20260216_094406_352/260216_BRIGHTFIELD_DAY8_WellK05_ChannelBrightfield_Seq0128.nd2,260216_BRIGHTFIELD_DAY8_WellK05_ChannelBrightfield_Seq0128.nd2,.nd2,66019328,2026-02-16T09:54:32,K05,8,Brightfield,Seq0128,20260216_094406_352,high,,not_requested,,,
/Users/makennarodriguez/Documents/260213_Feb16recopy_HYdiff_landingpadlines_survival_384well1/20260216_094406_352/260216_BRIGHTFIELD_DAY8_WellK06_ChannelBrightfield_Seq0129.nd2,20260216_094406_352/260216_BRIGHTFIELD_DAY8_WellK06_ChannelBrightfield_Seq0129.nd2,260216_BRIGHTFIELD_DAY8_WellK06_ChannelBrightfield_Seq0129.nd2,.nd2,66019328,2026-02-16T09:54:36,K06,8,Brightfield,Seq0129,20260216_094406_352,high,,not_requested,,,
/Users/makennarodriguez/Documents/260213_Feb16recopy_HYdiff_landingpadlines_survival_384well1/20260216_094406_352/260216_BRIGHTFIELD_DAY8_WellK07_ChannelBrightfield_Seq0130.nd2,20260216_094406_352/260216_BRIGHTFIELD_DAY8_WellK07_ChannelBrightfield_Seq0130.nd2,260216_BRIGHTFIELD_DAY8_WellK07_ChannelBrightfield_Seq0130.nd2,.nd2,66019328,2026-02-16T09:54:40,K07,8,Brightfield,Seq0130,20260216_094406_352,high,,not_requested,,,
/Users/makennarodriguez/Documents/260213_Feb16recopy_HYdiff_landingpadlines_survival_384well1/20260216_094406_352/260216_BRIGHTFIELD_DAY8_WellK08_ChannelBrightfield_Seq0131.nd2,20260216_094406_352/260216_BRIGHTFIELD_DAY8_WellK08_ChannelBrightfield_Seq0131.nd2,260216_BRIGHTFIELD_DAY8_WellK08_ChannelBrightfield_Seq0131.nd2,.nd2,66019328,2026-02-16T09:54:46,K08,8,Brightfield,Seq0131,20260216_094406_352,high,,not_requested,,,
/Users/makennarodriguez/Documents/260213_Feb16recopy_HYdiff_landingpadlines_survival_384well1/20260216_094406_352/260216_BRIGHTFIELD_DAY8_WellK09_ChannelBrightfield_Seq0132.nd2,20260216_094406_352/260216_BRIGHTFIELD_DAY8_WellK09_ChannelBrightfield_Seq0132.nd2,260216_BRIGHTFIELD_DAY8_WellK09_ChannelBrightfield_Seq0132.nd2,.nd2,66019328,2026-02-16T09:54:50,K09,8,Brightfield,Seq0132,20260216_094406_352,high,,not_requested,,,
/Users/makennarodriguez/Documents/260213_Feb16recopy_HYdiff_landingpadlines_survival_384well1/20260216_094406_352/260216_BRIGHTFIELD_DAY8_WellK10_ChannelBrightfield_Seq0133.nd2,20260216_094406_352/260216_BRIGHTFIELD_DAY8_WellK10_ChannelBrightfield_Seq0133.nd2,260216_BRIGHTFIELD_DAY8_WellK10_ChannelBrightfield_Seq0133.nd2,.nd2,66019328,2026-02-16T09:54:54,K10,8,Brightfield,Seq0133,20260216_094406_352,high,,not_requested,,,
/Users/makennarodriguez/Documents/260213_Feb16recopy_HYdiff_landingpadlines_survival_384well1/20260216_094406_352/260216_BRIGHTFIELD_DAY8_WellK11_ChannelBrightfield_Seq0134.nd2,20260216_094406_352/260216_BRIGHTFIELD_DAY8_WellK11_ChannelBrightfield_Seq0134.nd2,260216_BRIGHTFIELD_DAY8_WellK11_ChannelBrightfield_Seq0134.nd2,.nd2,66019328,2026-02-16T09:54:58,K11,8,Brightfield,Seq0134,20260216_094406_352,high,,not_requested,,,
/Users/makennarodriguez/Documents/260213_Feb16recopy_HYdiff_landingpadlines_survival_384well1/20260216_094406_352/260216_BRIGHTFIELD_DAY8_WellK12_ChannelBrightfield_Seq0135.nd2,20260216_094406_352/260216_BRIGHTFIELD_DAY8_WellK12_ChannelBrightfield_Seq0135.nd2,260216_BRIGHTFIELD_DAY8_WellK12_ChannelBrightfield_Seq0135.nd2,.nd2,66019328,2026-02-16T09:55:04,K12,8,Brightfield,Seq0135,20260216_094406_352,high,,not_requested,,,
/Users/makennarodriguez/Documents/260213_Feb16recopy_HYdiff_landingpadlines_survival_384well1/20260216_094406_352/260216_BRIGHTFIELD_DAY8_WellK13_ChannelBrightfield_Seq0136.nd2,20260216_094406_352/260216_BRIGHTFIELD_DAY8_WellK13_ChannelBrightfield_Seq0136.nd2,260216_BRIGHTFIELD_DAY8_WellK13_ChannelBrightfield_Seq0136.nd2,.nd2,66019328,2026-02-16T09:55:08,K13,8,Brightfield,Seq0136,20260216_094406_352,high,,not_requested,,,
/Users/makennarodriguez/Documents/260213_Feb16recopy_HYdiff_landingpadlines_survival_384well1/20260216_094406_352/260216_BRIGHTFIELD_DAY8_WellK14_ChannelBrightfield_Seq0137.nd2,20260216_094406_352/260216_BRIGHTFIELD_DAY8_WellK14_ChannelBrightfield_Seq0137.nd2,260216_BRIGHTFIELD_DAY8_WellK14_ChannelBrightfield_Seq0137.nd2,.nd2,66019328,2026-02-16T09:55:12,K14,8,Brightfield,Seq0137,20260216_094406_352,high,,not_requested,,,
/Users/makennarodriguez/Documents/260213_Feb16recopy_HYdiff_landingpadlines_survival_384well1/20260216_094406_352/260216_BRIGHTFIELD_DAY8_WellK15_ChannelBrightfield_Seq0138.nd2,20260216_094406_352/260216_BRIGHTFIELD_DAY8_WellK15_ChannelBrightfield_Seq0138.nd2,260216_BRIGHTFIELD_DAY8_WellK15_ChannelBrightfield_Seq0138.nd2,.nd2,66019328,2026-02-16T09:55:16,K15,8,Brightfield,Seq0138,20260216_094406_352,high,,not_requested,,,
/Users/makennarodriguez/Documents/260213_Feb16recopy_HYdiff_landingpadlines_survival_384well1/20260216_094406_352/260216_BRIGHTFIELD_DAY8_WellK16_ChannelBrightfield_Seq0139.nd2,20260216_094406_352/260216_BRIGHTFIELD_DAY8_WellK16_ChannelBrightfield_Seq0139.nd2,260216_BRIGHTFIELD_DAY8_WellK16_ChannelBrightfield_Seq0139.nd2,.nd2,66019328,2026-02-16T09:55:20,K16,8,Brightfield,Seq0139,20260216_094406_352,high,,not_requested,,,
/Users/makennarodriguez/Documents/260213_Feb16recopy_HYdiff_landingpadlines_survival_384well1/20260216_094406_352/260216_BRIGHTFIELD_DAY8_WellK17_ChannelBrightfield_Seq0140.nd2,20260216_094406_352/260216_BRIGHTFIELD_DAY8_WellK17_ChannelBrightfield_Seq0140.nd2,260216_BRIGHTFIELD_DAY8_WellK17_ChannelBrightfield_Seq0140.nd2,.nd2,66019328,2026-02-16T09:55:26,K17,8,Brightfield,Seq0140,20260216_094406_352,high,,not_requested,,,
/Users/makennarodriguez/Documents/260213_Feb16recopy_HYdiff_landingpadlines_survival_384well1/20260216_094406_352/260216_BRIGHTFIELD_DAY8_WellK18_ChannelBrightfield_Seq0141.nd2,20260216_094406_352/260216_BRIGHTFIELD_DAY8_WellK18_ChannelBrightfield_Seq0141.nd2,260216_BRIGHTFIELD_DAY8_WellK18_ChannelBrightfield_Seq0141.nd2,.nd2,66019328,2026-02-16T09:55:30,K18,8,Brightfield,Seq0141,20260216_094406_352,high,,not_requested,,,
/Users/makennarodriguez/Documents/260213_Feb16recopy_HYdiff_landingpadlines_survival_384well1/20260216_094406_352/260216_BRIGHTFIELD_DAY8_WellK19_ChannelBrightfield_Seq0142.nd2,20260216_094406_352/260216_BRIGHTFIELD_DAY8_WellK19_ChannelBrightfield_Seq0142.nd2,260216_BRIGHTFIELD_DAY8_WellK19_ChannelBrightfield_Seq0142.nd2,.nd2,66019328,2026-02-16T09:55:34,K19,8,Brightfield,Seq0142,20260216_094406_352,high,,not_requested,,,
/Users/makennarodriguez/Documents/260213_Feb16recopy_HYdiff_landingpadlines_survival_384well1/20260216_094406_352/260216_BRIGHTFIELD_DAY8_WellK20_ChannelBrightfield_Seq0143.nd2,20260216_094406_352/260216_BRIGHTFIELD_DAY8_WellK20_ChannelBrightfield_Seq0143.nd2,260216_BRIGHTFIELD_DAY8_WellK20_ChannelBrightfield_Seq0143.nd2,.nd2,66019328,2026-02-16T09:55:38,K20,8,Brightfield,Seq0143,20260216_094406_352,high,,not_requested,,,
/Users/makennarodriguez/Documents/260213_Feb16recopy_HYdiff_landingpadlines_survival_384well1/20260216_094406_352/260216_BRIGHTFIELD_DAY8_WellL05_ChannelBrightfield_Seq0144.nd2,20260216_094406_352/260216_BRIGHTFIELD_DAY8_WellL05_ChannelBrightfield_Seq0144.nd2,260216_BRIGHTFIELD_DAY8_WellL05_ChannelBrightfield_Seq0144.nd2,.nd2,66019328,2026-02-16T09:55:46,L05,8,Brightfield,Seq0144,20260216_094406_352,high,,not_requested,,,
/Users/makennarodriguez/Documents/260213_Feb16recopy_HYdiff_landingpadlines_survival_384well1/20260216_094406_352/260216_BRIGHTFIELD_DAY8_WellL06_ChannelBrightfield_Seq0145.nd2,20260216_094406_352/260216_BRIGHTFIELD_DAY8_WellL06_ChannelBrightfield_Seq0145.nd2,260216_BRIGHTFIELD_DAY8_WellL06_ChannelBrightfield_Seq0145.nd2,.nd2,66019328,2026-02-16T09:55:50,L06,8,Brightfield,Seq0145,20260216_094406_352,high,,not_requested,,,
/Users/makennarodriguez/Documents/260213_Feb16recopy_HYdiff_landingpadlines_survival_384well1/20260216_094406_352/260216_BRIGHTFIELD_DAY8_WellL07_ChannelBrightfield_Seq0146.nd2,20260216_094406_352/260216_BRIGHTFIELD_DAY8_WellL07_ChannelBrightfield_Seq0146.nd2,260216_BRIGHTFIELD_DAY8_WellL07_ChannelBrightfield_Seq0146.nd2,.nd2,66019328,2026-02-16T09:55:54,L07,8,Brightfield,Seq0146,20260216_094406_352,high,,not_requested,,,
/Users/makennarodriguez/Documents/260213_Feb16recopy_HYdiff_landingpadlines_survival_384well1/20260216_094406_352/260216_BRIGHTFIELD_DAY8_WellL08_ChannelBrightfield_Seq0147.nd2,20260216_094406_352/260216_BRIGHTFIELD_DAY8_WellL08_ChannelBrightfield_Seq0147.nd2,260216_BRIGHTFIELD_DAY8_WellL08_ChannelBrightfield_Seq0147.nd2,.nd2,66019328,2026-02-16T09:56:00,L08,8,Brightfield,Seq0147,20260216_094406_352,high,,not_requested,,,
/Users/makennarodriguez/Documents/260213_Feb16recopy_HYdiff_landingpadlines_survival_384well1/20260216_094406_352/260216_BRIGHTFIELD_DAY8_WellL09_ChannelBrightfield_Seq0148.nd2,20260216_094406_352/260216_BRIGHTFIELD_DAY8_WellL09_ChannelBrightfield_Seq0148.nd2,260216_BRIGHTFIELD_DAY8_WellL09_ChannelBrightfield_Seq0148.nd2,.nd2,66019328,2026-02-16T09:56:04,L09,8,Brightfield,Seq0148,20260216_094406_352,high,,not_requested,,,
/Users/makennarodriguez/Documents/260213_Feb16recopy_HYdiff_landingpadlines_survival_384well1/20260216_094406_352/260216_BRIGHTFIELD_DAY8_WellL10_ChannelBrightfield_Seq0149.nd2,20260216_094406_352/260216_BRIGHTFIELD_DAY8_WellL10_ChannelBrightfield_Seq0149.nd2,260216_BRIGHTFIELD_DAY8_WellL10_ChannelBrightfield_Seq0149.nd2,.nd2,66019328,2026-02-16T09:56:08,L10,8,Brightfield,Seq0149,20260216_094406_352,high,,not_requested,,,
/Users/makennarodriguez/Documents/260213_Feb16recopy_HYdiff_landingpadlines_survival_384well1/20260216_094406_352/260216_BRIGHTFIELD_DAY8_WellL11_ChannelBrightfield_Seq0150.nd2,20260216_094406_352/260216_BRIGHTFIELD_DAY8_WellL11_ChannelBrightfield_Seq0150.nd2,260216_BRIGHTFIELD_DAY8_WellL11_ChannelBrightfield_Seq0150.nd2,.nd2,66019328,2026-02-16T09:56:12,L11,8,Brightfield,Seq0150,20260216_094406_352,high,,not_requested,,,
/Users/makennarodriguez/Documents/260213_Feb16recopy_HYdiff_landingpadlines_survival_384well1/20260216_094406_352/260216_BRIGHTFIELD_DAY8_WellL12_ChannelBrightfield_Seq0151.nd2,20260216_094406_352/260216_BRIGHTFIELD_DAY8_WellL12_ChannelBrightfield_Seq0151.nd2,260216_BRIGHTFIELD_DAY8_WellL12_ChannelBrightfield_Seq0151.nd2,.nd2,66019328,2026-02-16T09:56:16,L12,8,Brightfield,Seq0151,20260216_094406_352,high,,not_requested,,,
/Users/makennarodriguez/Documents/260213_Feb16recopy_HYdiff_landingpadlines_survival_384well1/20260216_094406_352/260216_BRIGHTFIELD_DAY8_WellL13_ChannelBrightfield_Seq0152.nd2,20260216_094406_352/260216_BRIGHTFIELD_DAY8_WellL13_ChannelBrightfield_Seq0152.nd2,260216_BRIGHTFIELD_DAY8_WellL13_ChannelBrightfield_Seq0152.nd2,.nd2,66019328,2026-02-16T09:56:22,L13,8,Brightfield,Seq0152,20260216_094406_352,high,,not_requested,,,
/Users/makennarodriguez/Documents/260213_Feb16recopy_HYdiff_landingpadlines_survival_384well1/20260216_094406_352/260216_BRIGHTFIELD_DAY8_WellL14_ChannelBrightfield_Seq0153.nd2,20260216_094406_352/260216_BRIGHTFIELD_DAY8_WellL14_ChannelBrightfield_Seq0153.nd2,260216_BRIGHTFIELD_DAY8_WellL14_ChannelBrightfield_Seq0153.nd2,.nd2,66019328,2026-02-16T09:56:26,L14,8,Brightfield,Seq0153,20260216_094406_352,high,,not_requested,,,
/Users/makennarodriguez/Documents/260213_Feb16recopy_HYdiff_landingpadlines_survival_384well1/20260216_094406_352/260216_BRIGHTFIELD_DAY8_WellL15_ChannelBrightfield_Seq0154.nd2,20260216_094406_352/260216_BRIGHTFIELD_DAY8_WellL15_ChannelBrightfield_Seq0154.nd2,260216_BRIGHTFIELD_DAY8_WellL15_ChannelBrightfield_Seq0154.nd2,.nd2,66019328,2026-02-16T09:56:30,L15,8,Brightfield,Seq0154,20260216_094406_352,high,,not_requested,,,
/Users/makennarodriguez/Documents/260213_Feb16recopy_HYdiff_landingpadlines_survival_384well1/20260216_094406_352/260216_BRIGHTFIELD_DAY8_WellL16_ChannelBrightfield_Seq0155.nd2,20260216_094406_352/260216_BRIGHTFIELD_DAY8_WellL16_ChannelBrightfield_Seq0155.nd2,260216_BRIGHTFIELD_DAY8_WellL16_ChannelBrightfield_Seq0155.nd2,.nd2,66019328,2026-02-16T09:56:34,L16,8,Brightfield,Seq0155,20260216_094406_352,high,,not_requested,,,
/Users/makennarodriguez/Documents/260213_Feb16recopy_HYdiff_landingpadlines_survival_384well1/20260216_094406_352/260216_BRIGHTFIELD_DAY8_WellL17_ChannelBrightfield_Seq0156.nd2,20260216_094406_352/260216_BRIGHTFIELD_DAY8_WellL17_ChannelBrightfield_Seq0156.nd2,260216_BRIGHTFIELD_DAY8_WellL17_ChannelBrightfield_Seq0156.nd2,.nd2,66019328,2026-02-16T09:56:38,L17,8,Brightfield,Seq0156,20260216_094406_352,high,,not_requested,,,
/Users/makennarodriguez/Documents/260213_Feb16recopy_HYdiff_landingpadlines_survival_384well1/20260216_094406_352/260216_BRIGHTFIELD_DAY8_WellL18_ChannelBrightfield_Seq0157.nd2,20260216_094406_352/260216_BRIGHTFIELD_DAY8_WellL18_ChannelBrightfield_Seq0157.nd2,260216_BRIGHTFIELD_DAY8_WellL18_ChannelBrightfield_Seq0157.nd2,.nd2,66019328,2026-02-16T09:56:44,L18,8,Brightfield,Seq0157,20260216_094406_352,high,,not_requested,,,
/Users/makennarodriguez/Documents/260213_Feb16recopy_HYdiff_landingpadlines_survival_384well1/20260216_094406_352/260216_BRIGHTFIELD_DAY8_WellL19_ChannelBrightfield_Seq0158.nd2,20260216_094406_352/260216_BRIGHTFIELD_DAY8_WellL19_ChannelBrightfield_Seq0158.nd2,260216_BRIGHTFIELD_DAY8_WellL19_ChannelBrightfield_Seq0158.nd2,.nd2,66019328,2026-02-16T09:56:48,L19,8,Brightfield,Seq0158,20260216_094406_352,high,,not_requested,,,
/Users/makennarodriguez/Documents/260213_Feb16recopy_HYdiff_landingpadlines_survival_384well1/20260216_094406_352/260216_BRIGHTFIELD_DAY8_WellL20_ChannelBrightfield_Seq0159.nd2,20260216_094406_352/260216_BRIGHTFIELD_DAY8_WellL20_ChannelBrightfield_Seq0159.nd2,260216_BRIGHTFIELD_DAY8_WellL20_ChannelBrightfield_Seq0159.nd2,.nd2,66019328,2026-02-16T09:56:52,L20,8,Brightfield,Seq0159,20260216_094406_352,high,,not_requested,,,
/Users/makennarodriguez/Documents/260213_Feb16recopy_HYdiff_landingpadlines_survival_384well1/20260216_094406_352/260216_BRIGHTFIELD_DAY8_WellM05_ChannelBrightfield_Seq0160.nd2,20260216_094406_352/260216_BRIGHTFIELD_DAY8_WellM05_ChannelBrightfield_Seq0160.nd2,260216_BRIGHTFIELD_DAY8_WellM05_ChannelBrightfield_Seq0160.nd2,.nd2,66019328,2026-02-16T09:57:00,M05,8,Brightfield,Seq0160,20260216_094406_352,high,,not_requested,,,
/Users/makennarodriguez/Documents/260213_Feb16recopy_HYdiff_landingpadlines_survival_384well1/20260216_094406_352/260216_BRIGHTFIELD_DAY8_WellM06_ChannelBrightfield_Seq0161.nd2,20260216_094406_352/260216_BRIGHTFIELD_DAY8_WellM06_ChannelBrightfield_Seq0161.nd2,260216_BRIGHTFIELD_DAY8_WellM06_ChannelBrightfield_Seq0161.nd2,.nd2,66019328,2026-02-16T09:57:04,M06,8,Brightfield,Seq0161,20260216_094406_352,high,,not_requested,,,
/Users/makennarodriguez/Documents/260213_Feb16recopy_HYdiff_landingpadlines_survival_384well1/20260216_094406_352/260216_BRIGHTFIELD_DAY8_WellM07_ChannelBrightfield_Seq0162.nd2,20260216_094406_352/260216_BRIGHTFIELD_DAY8_WellM07_ChannelBrightfield_Seq0162.nd2,260216_BRIGHTFIELD_DAY8_WellM07_ChannelBrightfield_Seq0162.nd2,.nd2,66019328,2026-02-16T09:57:08,M07,8,Brightfield,Seq0162,20260216_094406_352,high,,not_requested,,,
/Users/makennarodriguez/Documents/260213_Feb16recopy_HYdiff_landingpadlines_survival_384well1/20260216_094406_352/260216_BRIGHTFIELD_DAY8_WellM08_ChannelBrightfield_Seq0163.nd2,20260216_094406_352/260216_BRIGHTFIELD_DAY8_WellM08_ChannelBrightfield_Seq0163.nd2,260216_BRIGHTFIELD_DAY8_WellM08_ChannelBrightfield_Seq0163.nd2,.nd2,66019328,2026-02-16T09:57:14,M08,8,Brightfield,Seq0163,20260216_094406_352,high,,not_requested,,,
/Users/makennarodriguez/Documents/260213_Feb16recopy_HYdiff_landingpadlines_survival_384well1/20260216_094406_352/260216_BRIGHTFIELD_DAY8_WellM09_ChannelBrightfield_Seq0164.nd2,20260216_094406_352/260216_BRIGHTFIELD_DAY8_WellM09_ChannelBrightfield_Seq0164.nd2,260216_BRIGHTFIELD_DAY8_WellM09_ChannelBrightfield_Seq0164.nd2,.nd2,66019328,2026-02-16T09:57:18,M09,8,Brightfield,Seq0164,20260216_094406_352,high,,not_requested,,,
/Users/makennarodriguez/Documents/260213_Feb16recopy_HYdiff_landingpadlines_survival_384well1/20260216_094406_352/260216_BRIGHTFIELD_DAY8_WellM10_ChannelBrightfield_Seq0165.nd2,20260216_094406_352/260216_BRIGHTFIELD_DAY8_WellM10_ChannelBrightfield_Seq0165.nd2,260216_BRIGHTFIELD_DAY8_WellM10_ChannelBrightfield_Seq0165.nd2,.nd2,66019328,2026-02-16T09:57:22,M10,8,Brightfield,Seq0165,20260216_094406_352,high,,not_requested,,,
/Users/makennarodriguez/Documents/260213_Feb16recopy_HYdiff_landingpadlines_survival_384well1/20260216_094406_352/260216_BRIGHTFIELD_DAY8_WellM11_ChannelBrightfield_Seq0166.nd2,20260216_094406_352/260216_BRIGHTFIELD_DAY8_WellM11_ChannelBrightfield_Seq0166.nd2,260216_BRIGHTFIELD_DAY8_WellM11_ChannelBrightfield_Seq0166.nd2,.nd2,66019328,2026-02-16T09:57:26,M11,8,Brightfield,Seq0166,20260216_094406_352,high,,not_requested,,,
/Users/makennarodriguez/Documents/260213_Feb16recopy_HYdiff_landingpadlines_survival_384well1/20260216_094406_352/260216_BRIGHTFIELD_DAY8_WellM12_ChannelBrightfield_Seq0167.nd2,20260216_094406_352/260216_BRIGHTFIELD_DAY8_WellM12_ChannelBrightfield_Seq0167.nd2,260216_BRIGHTFIELD_DAY8_WellM12_ChannelBrightfield_Seq0167.nd2,.nd2,66019328,2026-02-16T09:57:32,M12,8,Brightfield,Seq0167,20260216_094406_352,high,,not_requested,,,
/Users/makennarodriguez/Documents/260213_Feb16recopy_HYdiff_landingpadlines_survival_384well1/20260216_094406_352/260216_BRIGHTFIELD_DAY8_WellM13_ChannelBrightfield_Seq0168.nd2,20260216_094406_352/260216_BRIGHTFIELD_DAY8_WellM13_ChannelBrightfield_Seq0168.nd2,260216_BRIGHTFIELD_DAY8_WellM13_ChannelBrightfield_Seq0168.nd2,.nd2,66019328,2026-02-16T09:57:36,M13,8,Brightfield,Seq0168,20260216_094406_352,high,,not_requested,,,
/Users/makennarodriguez/Documents/260213_Feb16recopy_HYdiff_landingpadlines_survival_384well1/20260216_094406_352/260216_BRIGHTFIELD_DAY8_WellM14_ChannelBrightfield_Seq0169.nd2,20260216_094406_352/260216_BRIGHTFIELD_DAY8_WellM14_ChannelBrightfield_Seq0169.nd2,260216_BRIGHTFIELD_DAY8_WellM14_ChannelBrightfield_Seq0169.nd2,.nd2,66019328,2026-02-16T09:57:40,M14,8,Brightfield,Seq0169,20260216_094406_352,high,,not_requested,,,
/Users/makennarodriguez/Documents/260213_Feb16recopy_HYdiff_landingpadlines_survival_384well1/20260216_094406_352/260216_BRIGHTFIELD_DAY8_WellM15_ChannelBrightfield_Seq0170.nd2,20260216_094406_352/260216_BRIGHTFIELD_DAY8_WellM15_ChannelBrightfield_Seq0170.nd2,260216_BRIGHTFIELD_DAY8_WellM15_ChannelBrightfield_Seq0170.nd2,.nd2,66019328,2026-02-16T09:57:44,M15,8,Brightfield,Seq0170,20260216_094406_352,high,,not_requested,,,
/Users/makennarodriguez/Documents/260213_Feb16recopy_HYdiff_landingpadlines_survival_384well1/20260216_094406_352/260216_BRIGHTFIELD_DAY8_WellM16_ChannelBrightfield_Seq0171.nd2,20260216_094406_352/260216_BRIGHTFIELD_DAY8_WellM16_ChannelBrightfield_Seq0171.nd2,260216_BRIGHTFIELD_DAY8_WellM16_ChannelBrightfield_Seq0171.nd2,.nd2,66019328,2026-02-16T09:57:48,M16,8,Brightfield,Seq0171,20260216_094406_352,high,,not_requested,,,
/Users/makennarodriguez/Documents/260213_Feb16recopy_HYdiff_landingpadlines_survival_384well1/20260216_094406_352/260216_BRIGHTFIELD_DAY8_WellM17_ChannelBrightfield_Seq0172.nd2,20260216_094406_352/260216_BRIGHTFIELD_DAY8_WellM17_ChannelBrightfield_Seq0172.nd2,260216_BRIGHTFIELD_DAY8_WellM17_ChannelBrightfield_Seq0172.nd2,.nd2,66019328,2026-02-16T09:57:54,M17,8,Brightfield,Seq0172,20260216_094406_352,high,,not_requested,,,
/Users/makennarodriguez/Documents/260213_Feb16recopy_HYdiff_landingpadlines_survival_384well1/20260216_094406_352/260216_BRIGHTFIELD_DAY8_WellM18_ChannelBrightfield_Seq0173.nd2,20260216_094406_352/260216_BRIGHTFIELD_DAY8_WellM18_ChannelBrightfield_Seq0173.nd2,260216_BRIGHTFIELD_DAY8_WellM18_ChannelBrightfield_Seq0173.nd2,.nd2,66019328,2026-02-16T09:57:58,M18,8,Brightfield,Seq0173,20260216_094406_352,high,,not_requested,,,
/Users/makennarodriguez/Documents/260213_Feb16recopy_HYdiff_landingpadlines_survival_384well1/20260216_094406_352/260216_BRIGHTFIELD_DAY8_WellM19_ChannelBrightfield_Seq0174.nd2,20260216_094406_352/260216_BRIGHTFIELD_DAY8_WellM19_ChannelBrightfield_Seq0174.nd2,260216_BRIGHTFIELD_DAY8_WellM19_ChannelBrightfield_Seq0174.nd2,.nd2,66019328,2026-02-16T09:58:02,M19,8,Brightfield,Seq0174,20260216_094406_352,high,,not_requested,,,
/Users/makennarodriguez/Documents/260213_Feb16recopy_HYdiff_landingpadlines_survival_384well1/20260216_094406_352/260216_BRIGHTFIELD_DAY8_WellM20_ChannelBrightfield_Seq0175.nd2,20260216_094406_352/260216_BRIGHTFIELD_DAY8_WellM20_ChannelBrightfield_Seq0175.nd2,260216_BRIGHTFIELD_DAY8_WellM20_ChannelBrightfield_Seq0175.nd2,.nd2,66019328,2026-02-16T09:58:06,M20,8,Brightfield,Seq0175,20260216_094406_352,high,,not_requested,,,
/Users/makennarodriguez/Documents/260213_Feb16recopy_HYdiff_landingpadlines_survival_384well1/20260216_094406_352/260216_BRIGHTFIELD_DAY8_WellN05_ChannelBrightfield_Seq0176.nd2,20260216_094406_352/260216_BRIGHTFIELD_DAY8_WellN05_ChannelBrightfield_Seq0176.nd2,260216_BRIGHTFIELD_DAY8_WellN05_ChannelBrightfield_Seq0176.nd2,.nd2,66019328,2026-02-16T09:58:14,N05,8,Brightfield,Seq0176,20260216_094406_352,high,,not_requested,,,
/Users/makennarodriguez/Documents/260213_Feb16recopy_HYdiff_landingpadlines_survival_384well1/20260216_094406_352/260216_BRIGHTFIELD_DAY8_WellN06_ChannelBrightfield_Seq0177.nd2,20260216_094406_352/260216_BRIGHTFIELD_DAY8_WellN06_ChannelBrightfield_Seq0177.nd2,260216_BRIGHTFIELD_DAY8_WellN06_ChannelBrightfield_Seq0177.nd2,.nd2,66019328,2026-02-16T09:58:18,N06,8,Brightfield,Seq0177,20260216_094406_352,high,,not_requested,,,
/Users/makennarodriguez/Documents/260213_Feb16recopy_HYdiff_landingpadlines_survival_384well1/20260216_094406_352/260216_BRIGHTFIELD_DAY8_WellN07_ChannelBrightfield_Seq0178.nd2,20260216_094406_352/260216_BRIGHTFIELD_DAY8_WellN07_ChannelBrightfield_Seq0178.nd2,260216_BRIGHTFIELD_DAY8_WellN07_ChannelBrightfield_Seq0178.nd2,.nd2,66019328,2026-02-16T09:58:22,N07,8,Brightfield,Seq0178,20260216_094406_352,high,,not_requested,,,
/Users/makennarodriguez/Documents/260213_Feb16recopy_HYdiff_landingpadlines_survival_384well1/20260216_094406_352/260216_BRIGHTFIELD_DAY8_WellN08_ChannelBrightfield_Seq0179.nd2,20260216_094406_352/260216_BRIGHTFIELD_DAY8_WellN08_ChannelBrightfield_Seq0179.nd2,260216_BRIGHTFIELD_DAY8_WellN08_ChannelBrightfield_Seq0179.nd2,.nd2,66019328,2026-02-16T09:58:26,N08,8,Brightfield,Seq0179,20260216_094406_352,high,,not_requested,,,
/Users/makennarodriguez/Documents/260213_Feb16recopy_HYdiff_landingpadlines_survival_384well1/20260216_094406_352/260216_BRIGHTFIELD_DAY8_WellN09_ChannelBrightfield_Seq0180.nd2,20260216_094406_352/260216_BRIGHTFIELD_DAY8_WellN09_ChannelBrightfield_Seq0180.nd2,260216_BRIGHTFIELD_DAY8_WellN09_ChannelBrightfield_Seq0180.nd2,.nd2,66019328,2026-02-16T09:58:32,N09,8,Brightfield,Seq0180,20260216_094406_352,high,,not_requested,,,
/Users/makennarodriguez/Documents/260213_Feb16recopy_HYdiff_landingpadlines_survival_384well1/20260216_094406_352/260216_BRIGHTFIELD_DAY8_WellN10_ChannelBrightfield_Seq0181.nd2,20260216_094406_352/260216_BRIGHTFIELD_DAY8_WellN10_ChannelBrightfield_Seq0181.nd2,260216_BRIGHTFIELD_DAY8_WellN10_ChannelBrightfield_Seq0181.nd2,.nd2,66019328,2026-02-16T09:58:36,N10,8,Brightfield,Seq0181,20260216_094406_352,high,,not_requested,,,
/Users/makennarodriguez/Documents/260213_Feb16recopy_HYdiff_landingpadlines_survival_384well1/20260216_094406_352/260216_BRIGHTFIELD_DAY8_WellN11_ChannelBrightfield_Seq0182.nd2,20260216_094406_352/260216_BRIGHTFIELD_DAY8_WellN11_ChannelBrightfield_Seq0182.nd2,260216_BRIGHTFIELD_DAY8_WellN11_ChannelBrightfield_Seq0182.nd2,.nd2,66019328,2026-02-16T09:58:40,N11,8,Brightfield,Seq0182,20260216_094406_352,high,,not_requested,,,
/Users/makennarodriguez/Documents/260213_Feb16recopy_HYdiff_landingpadlines_survival_384well1/20260216_094406_352/260216_BRIGHTFIELD_DAY8_WellN12_ChannelBrightfield_Seq0183.nd2,20260216_094406_352/260216_BRIGHTFIELD_DAY8_WellN12_ChannelBrightfield_Seq0183.nd2,260216_BRIGHTFIELD_DAY8_WellN12_ChannelBrightfield_Seq0183.nd2,.nd2,66019328,2026-02-16T09:58:44,N12,8,Brightfield,Seq0183,20260216_094406_352,high,,not_requested,,,
/Users/makennarodriguez/Documents/260213_Feb16recopy_HYdiff_landingpadlines_survival_384well1/20260216_094406_352/260216_BRIGHTFIELD_DAY8_WellN13_ChannelBrightfield_Seq0184.nd2,20260216_094406_352/260216_BRIGHTFIELD_DAY8_WellN13_ChannelBrightfield_Seq0184.nd2,260216_BRIGHTFIELD_DAY8_WellN13_ChannelBrightfield_Seq0184.nd2,.nd2,66019328,2026-02-16T09:58:48,N13,8,Brightfield,Seq0184,20260216_094406_352,high,,not_requested,,,
/Users/makennarodriguez/Documents/260213_Feb16recopy_HYdiff_landingpadlines_survival_384well1/20260216_094406_352/260216_BRIGHTFIELD_DAY8_WellN14_ChannelBrightfield_Seq0185.nd2,20260216_094406_352/260216_BRIGHTFIELD_DAY8_WellN14_ChannelBrightfield_Seq0185.nd2,260216_BRIGHTFIELD_DAY8_WellN14_ChannelBrightfield_Seq0185.nd2,.nd2,66019328,2026-02-16T09:58:54,N14,8,Brightfield,Seq0185,20260216_094406_352,high,,not_requested,,,
/Users/makennarodriguez/Documents/260213_Feb16recopy_HYdiff_landingpadlines_survival_384well1/20260216_094406_352/260216_BRIGHTFIELD_DAY8_WellN15_ChannelBrightfield_Seq0186.nd2,20260216_094406_352/260216_BRIGHTFIELD_DAY8_WellN15_ChannelBrightfield_Seq0186.nd2,260216_BRIGHTFIELD_DAY8_WellN15_ChannelBrightfield_Seq0186.nd2,.nd2,66019328,2026-02-16T09:58:58,N15,8,Brightfield,Seq0186,20260216_094406_352,high,,not_requested,,,
/Users/makennarodriguez/Documents/260213_Feb16recopy_HYdiff_landingpadlines_survival_384well1/20260216_094406_352/260216_BRIGHTFIELD_DAY8_WellN16_ChannelBrightfield_Seq0187.nd2,20260216_094406_352/260216_BRIGHTFIELD_DAY8_WellN16_ChannelBrightfield_Seq0187.nd2,260216_BRIGHTFIELD_DAY8_WellN16_ChannelBrightfield_Seq0187.nd2,.nd2,66019328,2026-02-16T09:59:02,N16,8,Brightfield,Seq0187,20260216_094406_352,high,,not_requested,,,
/Users/makennarodriguez/Documents/260213_Feb16recopy_HYdiff_landingpadlines_survival_384well1/20260216_094406_352/260216_BRIGHTFIELD_DAY8_WellN17_ChannelBrightfield_Seq0188.nd2,20260216_094406_352/260216_BRIGHTFIELD_DAY8_WellN17_ChannelBrightfield_Seq0188.nd2,260216_BRIGHTFIELD_DAY8_WellN17_ChannelBrightfield_Seq0188.nd2,.nd2,66019328,2026-02-16T09:59:06,N17,8,Brightfield,Seq0188,20260216_094406_352,high,,not_requested,,,
/Users/makennarodriguez/Documents/260213_Feb16recopy_HYdiff_landingpadlines_survival_384well1/20260216_094406_352/260216_BRIGHTFIELD_DAY8_WellN18_ChannelBrightfield_Seq0189.nd2,20260216_094406_352/260216_BRIGHTFIELD_DAY8_WellN18_ChannelBrightfield_Seq0189.nd2,260216_BRIGHTFIELD_DAY8_WellN18_ChannelBrightfield_Seq0189.nd2,.nd2,66019328,2026-02-16T09:59:12,N18,8,Brightfield,Seq0189,20260216_094406_352,high,,not_requested,,,
/Users/makennarodriguez/Documents/260213_Feb16recopy_HYdiff_landingpadlines_survival_384well1/20260216_094406_352/260216_BRIGHTFIELD_DAY8_WellN19_ChannelBrightfield_Seq0190.nd2,20260216_094406_352/260216_BRIGHTFIELD_DAY8_WellN19_ChannelBrightfield_Seq0190.nd2,260216_BRIGHTFIELD_DAY8_WellN19_ChannelBrightfield_Seq0190.nd2,.nd2,66019328,2026-02-16T09:59:16,N19,8,Brightfield,Seq0190,20260216_094406_352,high,,not_requested,,,
/Users/makennarodriguez/Documents/260213_Feb16recopy_HYdiff_landingpadlines_survival_384well1/20260216_094406_352/260216_BRIGHTFIELD_DAY8_WellN20_ChannelBrightfield_Seq0191.nd2,20260216_094406_352/260216_BRIGHTFIELD_DAY8_WellN20_ChannelBrightfield_Seq0191.nd2,260216_BRIGHTFIELD_DAY8_WellN20_ChannelBrightfield_Seq0191.nd2,.nd2,66019328,2026-02-16T09:59:22,N20,8,Brightfield,Seq0191,20260216_094406_352,high,,not_requested,,,
"/Users/makennarodriguez/Documents/260213_Feb16recopy_HYdiff_landingpadlines_survival_384well1/20260220_085237_196/260220_Day12_WellC05_Channel405nm Binned,561nm Binned,488nm Binned_Seq0000.nd2","20260220_085237_196/260220_Day12_WellC05_Channel405nm Binned,561nm Binned,488nm Binned_Seq0000.nd2","260220_Day12_WellC05_Channel405nm Binned,561nm Binned,488nm Binned_Seq0000.nd2",.nd2,49692672,2026-02-20T08:53:28,C05,12,405nm Binned|561nm Binned|488nm Binned,Seq0000,20260220_085237_196,high,,not_requested,,,
"/Users/makennarodriguez/Documents/260213_Feb16recopy_HYdiff_landingpadlines_survival_384well1/20260220_085237_196/260220_Day12_WellC06_Channel405nm Binned,561nm Binned,488nm Binned_Seq0001.nd2","20260220_085237_196/260220_Day12_WellC06_Channel405nm Binned,561nm Binned,488nm Binned_Seq0001.nd2","260220_Day12_WellC06_Channel405nm Binned,561nm Binned,488nm Binned_Seq0001.nd2",.nd2,49692672,2026-02-20T08:53:40,C06,12,405nm Binned|561nm Binned|488nm Binned,Seq0001,20260220_085237_196,high,,not_requested,,,
"/Users/makennarodriguez/Documents/260213_Feb16recopy_HYdiff_landingpadlines_survival_384well1/20260220_085237_196/260220_Day12_WellC07_Channel405nm Binned,561nm Binned,488nm Binned_Seq0002.nd2","20260220_085237_196/260220_Day12_WellC07_Channel405nm Binned,561nm Binned,488nm Binned_Seq0002.nd2","260220_Day12_WellC07_Channel405nm Binned,561nm Binned,488nm Binned_Seq0002.nd2",.nd2,49692672,2026-02-20T08:53:50,C07,12,405nm Binned|561nm Binned|488nm Binned,Seq0002,20260220_085237_196,high,,not_requested,,,
"/Users/makennarodriguez/Documents/260213_Feb16recopy_HYdiff_landingpadlines_survival_384well1/20260220_085237_196/260220_Day12_WellC08_Channel405nm Binned,561nm Binned,488nm Binned_Seq0003.nd2","20260220_085237_196/260220_Day12_WellC08_Channel405nm Binned,561nm Binned,488nm Binned_Seq0003.nd2","260220_Day12_WellC08_Channel405nm Binned,561nm Binned,488nm Binned_Seq0003.nd2",.nd2,49692672,2026-02-20T08:54:00,C08,12,405nm Binned|561nm Binned|488nm Binned,Seq0003,20260220_085237_196,high,,not_requested,,,
"/Users/makennarodriguez/Documents/260213_Feb16recopy_HYdiff_landingpadlines_survival_384well1/20260220_085237_196/260220_Day12_WellC09_Channel405nm Binned,561nm Binned,488nm Binned_Seq0004.nd2","20260220_085237_196/260220_Day12_WellC09_Channel405nm Binned,561nm Binned,488nm Binned_Seq0004.nd2","260220_Day12_WellC09_Channel405nm Binned,561nm Binned,488nm Binned_Seq0004.nd2",.nd2,49692672,2026-02-20T08:54:12,C09,12,405nm Binned|561nm Binned|488nm Binned,Seq0004,20260220_085237_196,high,,not_requested,,,
"/Users/makennarodriguez/Documents/260213_Feb16recopy_HYdiff_landingpadlines_survival_384well1/20260220_085237_196/260220_Day12_WellC10_Channel405nm Binned,561nm Binned,488nm Binned_Seq0005.nd2","20260220_085237_196/260220_Day12_WellC10_Channel405nm Binned,561nm Binned,488nm Binned_Seq0005.nd2","260220_Day12_WellC10_Channel405nm Binned,561nm Binned,488nm Binned_Seq0005.nd2",.nd2,49692672,2026-02-20T08:54:22,C10,12,405nm Binned|561nm Binned|488nm Binned,Seq0005,20260220_085237_196,high,,not_requested,,,
"/Users/makennarodriguez/Documents/260213_Feb16recopy_HYdiff_landingpadlines_survival_384well1/20260220_085237_196/260220_Day12_WellC11_Channel405nm Binned,561nm Binned,488nm Binned_Seq0006.nd2","20260220_085237_196/260220_Day12_WellC11_Channel405nm Binned,561nm Binned,488nm Binned_Seq0006.nd2","260220_Day12_WellC11_Channel405nm Binned,561nm Binned,488nm Binned_Seq0006.nd2",.nd2,49692672,2026-02-20T08:54:34,C11,12,405nm Binned|561nm Binned|488nm Binned,Seq0006,20260220_085237_196,high,,not_requested,,,
"/Users/makennarodriguez/Documents/260213_Feb16recopy_HYdiff_landingpadlines_survival_384well1/20260220_085237_196/260220_Day12_WellC12_Channel405nm Binned,561nm Binned,488nm Binned_Seq0007.nd2","20260220_085237_196/260220_Day12_WellC12_Channel405nm Binned,561nm Binned,488nm Binned_Seq0007.nd2","260220_Day12_WellC12_Channel405nm Binned,561nm Binned,488nm Binned_Seq0007.nd2",.nd2,49692672,2026-02-20T08:54:46,C12,12,405nm Binned|561nm Binned|488nm Binned,Seq0007,20260220_085237_196,high,,not_requested,,,
"/Users/makennarodriguez/Documents/260213_Feb16recopy_HYdiff_landingpadlines_survival_384well1/20260220_085237_196/260220_Day12_WellC13_Channel405nm Binned,561nm Binned,488nm Binned_Seq0008.nd2","20260220_085237_196/260220_Day12_WellC13_Channel405nm Binned,561nm Binned,488nm Binned_Seq0008.nd2","260220_Day12_WellC13_Channel405nm Binned,561nm Binned,488nm Binned_Seq0008.nd2",.nd2,49692672,2026-02-20T08:54:58,C13,12,405nm Binned|561nm Binned|488nm Binned,Seq0008,20260220_085237_196,high,,not_requested,,,
"/Users/makennarodriguez/Documents/260213_Feb16recopy_HYdiff_landingpadlines_survival_384well1/20260220_085237_196/260220_Day12_WellC14_Channel405nm Binned,561nm Binned,488nm Binned_Seq0009.nd2","20260220_085237_196/260220_Day12_WellC14_Channel405nm Binned,561nm Binned,488nm Binned_Seq0009.nd2","260220_Day12_WellC14_Channel405nm Binned,561nm Binned,488nm Binned_Seq0009.nd2",.nd2,49692672,2026-02-20T08:55:10,C14,12,405nm Binned|561nm Binned|488nm Binned,Seq0009,20260220_085237_196,high,,not_requested,,,
"/Users/makennarodriguez/Documents/260213_Feb16recopy_HYdiff_landingpadlines_survival_384well1/20260220_085237_196/260220_Day12_WellC15_Channel405nm Binned,561nm Binned,488nm Binned_Seq0010.nd2","20260220_085237_196/260220_Day12_WellC15_Channel405nm Binned,561nm Binned,488nm Binned_Seq0010.nd2","260220_Day12_WellC15_Channel405nm Binned,561nm Binned,488nm Binned_Seq0010.nd2",.nd2,49692672,2026-02-20T08:55:20,C15,12,405nm Binned|561nm Binned|488nm Binned,Seq0010,20260220_085237_196,high,,not_requested,,,
"/Users/makennarodriguez/Documents/260213_Feb16recopy_HYdiff_landingpadlines_survival_384well1/20260220_085237_196/260220_Day12_WellC16_Channel405nm Binned,561nm Binned,488nm Binned_Seq0011.nd2","20260220_085237_196/260220_Day12_WellC16_Channel405nm Binned,561nm Binned,488nm Binned_Seq0011.nd2","260220_Day12_WellC16_Channel405nm Binned,561nm Binned,488nm Binned_Seq0011.nd2",.nd2,49692672,2026-02-20T08:55:32,C16,12,405nm Binned|561nm Binned|488nm Binned,Seq0011,20260220_085237_196,high,,not_requested,,,
"/Users/makennarodriguez/Documents/260213_Feb16recopy_HYdiff_landingpadlines_survival_384well1/20260220_085237_196/260220_Day12_WellC17_Channel405nm Binned,561nm Binned,488nm Binned_Seq0012.nd2","20260220_085237_196/260220_Day12_WellC17_Channel405nm Binned,561nm Binned,488nm Binned_Seq0012.nd2","260220_Day12_WellC17_Channel405nm Binned,561nm Binned,488nm Binned_Seq0012.nd2",.nd2,49692672,2026-02-20T08:55:44,C17,12,405nm Binned|561nm Binned|488nm Binned,Seq0012,20260220_085237_196,high,,not_requested,,,
"/Users/makennarodriguez/Documents/260213_Feb16recopy_HYdiff_landingpadlines_survival_384well1/20260220_085237_196/260220_Day12_WellC18_Channel405nm Binned,561nm Binned,488nm Binned_Seq0013.nd2","20260220_085237_196/260220_Day12_WellC18_Channel405nm Binned,561nm Binned,488nm Binned_Seq0013.nd2","260220_Day12_WellC18_Channel405nm Binned,561nm Binned,488nm Binned_Seq0013.nd2",.nd2,49692672,2026-02-20T08:55:56,C18,12,405nm Binned|561nm Binned|488nm Binned,Seq0013,20260220_085237_196,high,,not_requested,,,
"/Users/makennarodriguez/Documents/260213_Feb16recopy_HYdiff_landingpadlines_survival_384well1/20260220_085237_196/260220_Day12_WellC19_Channel405nm Binned,561nm Binned,488nm Binned_Seq0014.nd2","20260220_085237_196/260220_Day12_WellC19_Channel405nm Binned,561nm Binned,488nm Binned_Seq0014.nd2","260220_Day12_WellC19_Channel405nm Binned,561nm Binned,488nm Binned_Seq0014.nd2",.nd2,49692672,2026-02-20T08:56:08,C19,12,405nm Binned|561nm Binned|488nm Binned,Seq0014,20260220_085237_196,high,,not_requested,,,
"/Users/makennarodriguez/Documents/260213_Feb16recopy_HYdiff_landingpadlines_survival_384well1/20260220_085237_196/260220_Day12_WellC20_Channel405nm Binned,561nm Binned,488nm Binned_Seq0015.nd2","20260220_085237_196/260220_Day12_WellC20_Channel405nm Binned,561nm Binned,488nm Binned_Seq0015.nd2","260220_Day12_WellC20_Channel405nm Binned,561nm Binned,488nm Binned_Seq0015.nd2",.nd2,49692672,2026-02-20T08:56:18,C20,12,405nm Binned|561nm Binned|488nm Binned,Seq0015,20260220_085237_196,high,,not_requested,,,
"/Users/makennarodriguez/Documents/260213_Feb16recopy_HYdiff_landingpadlines_survival_384well1/20260220_085237_196/260220_Day12_WellD05_Channel405nm Binned,561nm Binned,488nm Binned_Seq0016.nd2","20260220_085237_196/260220_Day12_WellD05_Channel405nm Binned,561nm Binned,488nm Binned_Seq0016.nd2","260220_Day12_WellD05_Channel405nm Binned,561nm Binned,488nm Binned_Seq0016.nd2",.nd2,49692672,2026-02-20T08:56:34,D05,12,405nm Binned|561nm Binned|488nm Binned,Seq0016,20260220_085237_196,high,,not_requested,,,
"/Users/makennarodriguez/Documents/260213_Feb16recopy_HYdiff_landingpadlines_survival_384well1/20260220_085237_196/260220_Day12_WellD06_Channel405nm Binned,561nm Binned,488nm Binned_Seq0017.nd2","20260220_085237_196/260220_Day12_WellD06_Channel405nm Binned,561nm Binned,488nm Binned_Seq0017.nd2","260220_Day12_WellD06_Channel405nm Binned,561nm Binned,488nm Binned_Seq0017.nd2",.nd2,49692672,2026-02-20T08:56:44,D06,12,405nm Binned|561nm Binned|488nm Binned,Seq0017,20260220_085237_196,high,,not_requested,,,
"/Users/makennarodriguez/Documents/260213_Feb16recopy_HYdiff_landingpadlines_survival_384well1/20260220_085237_196/260220_Day12_WellD07_Channel405nm Binned,561nm Binned,488nm Binned_Seq0018.nd2","20260220_085237_196/260220_Day12_WellD07_Channel405nm Binned,561nm Binned,488nm Binned_Seq0018.nd2","260220_Day12_WellD07_Channel405nm Binned,561nm Binned,488nm Binned_Seq0018.nd2",.nd2,49692672,2026-02-20T08:56:56,D07,12,405nm Binned|561nm Binned|488nm Binned,Seq0018,20260220_085237_196,high,,not_requested,,,
"/Users/makennarodriguez/Documents/260213_Feb16recopy_HYdiff_landingpadlines_survival_384well1/20260220_085237_196/260220_Day12_WellD08_Channel405nm Binned,561nm Binned,488nm Binned_Seq0019.nd2","20260220_085237_196/260220_Day12_WellD08_Channel405nm Binned,561nm Binned,488nm Binned_Seq0019.nd2","260220_Day12_WellD08_Channel405nm Binned,561nm Binned,488nm Binned_Seq0019.nd2",.nd2,49692672,2026-02-20T08:57:08,D08,12,405nm Binned|561nm Binned|488nm Binned,Seq0019,20260220_085237_196,high,,not_requested,,,
"/Users/makennarodriguez/Documents/260213_Feb16recopy_HYdiff_landingpadlines_survival_384well1/20260220_085237_196/260220_Day12_WellD09_Channel405nm Binned,561nm Binned,488nm Binned_Seq0020.nd2","20260220_085237_196/260220_Day12_WellD09_Channel405nm Binned,561nm Binned,488nm Binned_Seq0020.nd2","260220_Day12_WellD09_Channel405nm Binned,561nm Binned,488nm Binned_Seq0020.nd2",.nd2,49692672,2026-02-20T08:57:18,D09,12,405nm Binned|561nm Binned|488nm Binned,Seq0020,20260220_085237_196,high,,not_requested,,,
"/Users/makennarodriguez/Documents/260213_Feb16recopy_HYdiff_landingpadlines_survival_384well1/20260220_085237_196/260220_Day12_WellD10_Channel405nm Binned,561nm Binned,488nm Binned_Seq0021.nd2","20260220_085237_196/260220_Day12_WellD10_Channel405nm Binned,561nm Binned,488nm Binned_Seq0021.nd2","260220_Day12_WellD10_Channel405nm Binned,561nm Binned,488nm Binned_Seq0021.nd2",.nd2,49692672,2026-02-20T08:57:30,D10,12,405nm Binned|561nm Binned|488nm Binned,Seq0021,20260220_085237_196,high,,not_requested,,,
"/Users/makennarodriguez/Documents/260213_Feb16recopy_HYdiff_landingpadlines_survival_384well1/20260220_085237_196/260220_Day12_WellD11_Channel405nm Binned,561nm Binned,488nm Binned_Seq0022.nd2","20260220_085237_196/260220_Day12_WellD11_Channel405nm Binned,561nm Binned,488nm Binned_Seq0022.nd2","260220_Day12_WellD11_Channel405nm Binned,561nm Binned,488nm Binned_Seq0022.nd2",.nd2,49692672,2026-02-20T08:57:42,D11,12,405nm Binned|561nm Binned|488nm Binned,Seq0022,20260220_085237_196,high,,not_requested,,,
"/Users/makennarodriguez/Documents/260213_Feb16recopy_HYdiff_landingpadlines_survival_384well1/20260220_085237_196/260220_Day12_WellD12_Channel405nm Binned,561nm Binned,488nm Binned_Seq0023.nd2","20260220_085237_196/260220_Day12_WellD12_Channel405nm Binned,561nm Binned,488nm Binned_Seq0023.nd2","260220_Day12_WellD12_Channel405nm Binned,561nm Binned,488nm Binned_Seq0023.nd2",.nd2,49692672,2026-02-20T08:57:52,D12,12,405nm Binned|561nm Binned|488nm Binned,Seq0023,20260220_085237_196,high,,not_requested,,,
"/Users/makennarodriguez/Documents/260213_Feb16recopy_HYdiff_landingpadlines_survival_384well1/20260220_085237_196/260220_Day12_WellD13_Channel405nm Binned,561nm Binned,488nm Binned_Seq0024.nd2","20260220_085237_196/260220_Day12_WellD13_Channel405nm Binned,561nm Binned,488nm Binned_Seq0024.nd2","260220_Day12_WellD13_Channel405nm Binned,561nm Binned,488nm Binned_Seq0024.nd2",.nd2,49692672,2026-02-20T08:58:04,D13,12,405nm Binned|561nm Binned|488nm Binned,Seq0024,20260220_085237_196,high,,not_requested,,,
"/Users/makennarodriguez/Documents/260213_Feb16recopy_HYdiff_landingpadlines_survival_384well1/20260220_085237_196/260220_Day12_WellD14_Channel405nm Binned,561nm Binned,488nm Binned_Seq0025.nd2","20260220_085237_196/260220_Day12_WellD14_Channel405nm Binned,561nm Binned,488nm Binned_Seq0025.nd2","260220_Day12_WellD14_Channel405nm Binned,561nm Binned,488nm Binned_Seq0025.nd2",.nd2,49692672,2026-02-20T08:58:16,D14,12,405nm Binned|561nm Binned|488nm Binned,Seq0025,20260220_085237_196,high,,not_requested,,,
"/Users/makennarodriguez/Documents/260213_Feb16recopy_HYdiff_landingpadlines_survival_384well1/20260220_085237_196/260220_Day12_WellD15_Channel405nm Binned,561nm Binned,488nm Binned_Seq0026.nd2","20260220_085237_196/260220_Day12_WellD15_Channel405nm Binned,561nm Binned,488nm Binned_Seq0026.nd2","260220_Day12_WellD15_Channel405nm Binned,561nm Binned,488nm Binned_Seq0026.nd2",.nd2,49692672,2026-02-20T08:58:28,D15,12,405nm Binned|561nm Binned|488nm Binned,Seq0026,20260220_085237_196,high,,not_requested,,,
"/Users/makennarodriguez/Documents/260213_Feb16recopy_HYdiff_landingpadlines_survival_384well1/20260220_085237_196/260220_Day12_WellD16_Channel405nm Binned,561nm Binned,488nm Binned_Seq0027.nd2","20260220_085237_196/260220_Day12_WellD16_Channel405nm Binned,561nm Binned,488nm Binned_Seq0027.nd2","260220_Day12_WellD16_Channel405nm Binned,561nm Binned,488nm Binned_Seq0027.nd2",.nd2,49692672,2026-02-20T08:58:38,D16,12,405nm Binned|561nm Binned|488nm Binned,Seq0027,20260220_085237_196,high,,not_requested,,,
"/Users/makennarodriguez/Documents/260213_Feb16recopy_HYdiff_landingpadlines_survival_384well1/20260220_085237_196/260220_Day12_WellD17_Channel405nm Binned,561nm Binned,488nm Binned_Seq0028.nd2","20260220_085237_196/260220_Day12_WellD17_Channel405nm Binned,561nm Binned,488nm Binned_Seq0028.nd2","260220_Day12_WellD17_Channel405nm Binned,561nm Binned,488nm Binned_Seq0028.nd2",.nd2,49692672,2026-02-20T08:58:50,D17,12,405nm Binned|561nm Binned|488nm Binned,Seq0028,20260220_085237_196,high,,not_requested,,,
"/Users/makennarodriguez/Documents/260213_Feb16recopy_HYdiff_landingpadlines_survival_384well1/20260220_085237_196/260220_Day12_WellD18_Channel405nm Binned,561nm Binned,488nm Binned_Seq0029.nd2","20260220_085237_196/260220_Day12_WellD18_Channel405nm Binned,561nm Binned,488nm Binned_Seq0029.nd2","260220_Day12_WellD18_Channel405nm Binned,561nm Binned,488nm Binned_Seq0029.nd2",.nd2,49692672,2026-02-20T08:59:02,D18,12,405nm Binned|561nm Binned|488nm Binned,Seq0029,20260220_085237_196,high,,not_requested,,,
"/Users/makennarodriguez/Documents/260213_Feb16recopy_HYdiff_landingpadlines_survival_384well1/20260220_085237_196/260220_Day12_WellD19_Channel405nm Binned,561nm Binned,488nm Binned_Seq0030.nd2","20260220_085237_196/260220_Day12_WellD19_Channel405nm Binned,561nm Binned,488nm Binned_Seq0030.nd2","260220_Day12_WellD19_Channel405nm Binned,561nm Binned,488nm Binned_Seq0030.nd2",.nd2,49692672,2026-02-20T08:59:14,D19,12,405nm Binned|561nm Binned|488nm Binned,Seq0030,20260220_085237_196,high,,not_requested,,,
"/Users/makennarodriguez/Documents/260213_Feb16recopy_HYdiff_landingpadlines_survival_384well1/20260220_085237_196/260220_Day12_WellD20_Channel405nm Binned,561nm Binned,488nm Binned_Seq0031.nd2","20260220_085237_196/260220_Day12_WellD20_Channel405nm Binned,561nm Binned,488nm Binned_Seq0031.nd2","260220_Day12_WellD20_Channel405nm Binned,561nm Binned,488nm Binned_Seq0031.nd2",.nd2,49692672,2026-02-20T08:59:24,D20,12,405nm Binned|561nm Binned|488nm Binned,Seq0031,20260220_085237_196,high,,not_requested,,,
"/Users/makennarodriguez/Documents/260213_Feb16recopy_HYdiff_landingpadlines_survival_384well1/20260220_085237_196/260220_Day12_WellE05_Channel405nm Binned,561nm Binned,488nm Binned_Seq0032.nd2","20260220_085237_196/260220_Day12_WellE05_Channel405nm Binned,561nm Binned,488nm Binned_Seq0032.nd2","260220_Day12_WellE05_Channel405nm Binned,561nm Binned,488nm Binned_Seq0032.nd2",.nd2,49692672,2026-02-20T08:59:40,E05,12,405nm Binned|561nm Binned|488nm Binned,Seq0032,20260220_085237_196,high,,not_requested,,,
"/Users/makennarodriguez/Documents/260213_Feb16recopy_HYdiff_landingpadlines_survival_384well1/20260220_085237_196/260220_Day12_WellE06_Channel405nm Binned,561nm Binned,488nm Binned_Seq0033.nd2","20260220_085237_196/260220_Day12_WellE06_Channel405nm Binned,561nm Binned,488nm Binned_Seq0033.nd2","260220_Day12_WellE06_Channel405nm Binned,561nm Binned,488nm Binned_Seq0033.nd2",.nd2,49692672,2026-02-20T08:59:52,E06,12,405nm Binned|561nm Binned|488nm Binned,Seq0033,20260220_085237_196,high,,not_requested,,,
"/Users/makennarodriguez/Documents/260213_Feb16recopy_HYdiff_landingpadlines_survival_384well1/20260220_085237_196/260220_Day12_WellE07_Channel405nm Binned,561nm Binned,488nm Binned_Seq0034.nd2","20260220_085237_196/260220_Day12_WellE07_Channel405nm Binned,561nm Binned,488nm Binned_Seq0034.nd2","260220_Day12_WellE07_Channel405nm Binned,561nm Binned,488nm Binned_Seq0034.nd2",.nd2,49692672,2026-02-20T09:00:02,E07,12,405nm Binned|561nm Binned|488nm Binned,Seq0034,20260220_085237_196,high,,not_requested,,,
"/Users/makennarodriguez/Documents/260213_Feb16recopy_HYdiff_landingpadlines_survival_384well1/20260220_085237_196/260220_Day12_WellE08_Channel405nm Binned,561nm Binned,488nm Binned_Seq0035.nd2","20260220_085237_196/260220_Day12_WellE08_Channel405nm Binned,561nm Binned,488nm Binned_Seq0035.nd2","260220_Day12_WellE08_Channel405nm Binned,561nm Binned,488nm Binned_Seq0035.nd2",.nd2,49692672,2026-02-20T09:00:14,E08,12,405nm Binned|561nm Binned|488nm Binned,Seq0035,20260220_085237_196,high,,not_requested,,,
"/Users/makennarodriguez/Documents/260213_Feb16recopy_HYdiff_landingpadlines_survival_384well1/20260220_085237_196/260220_Day12_WellE09_Channel405nm Binned,561nm Binned,488nm Binned_Seq0036.nd2","20260220_085237_196/260220_Day12_WellE09_Channel405nm Binned,561nm Binned,488nm Binned_Seq0036.nd2","260220_Day12_WellE09_Channel405nm Binned,561nm Binned,488nm Binned_Seq0036.nd2",.nd2,49692672,2026-02-20T09:00:26,E09,12,405nm Binned|561nm Binned|488nm Binned,Seq0036,20260220_085237_196,high,,not_requested,,,
"/Users/makennarodriguez/Documents/260213_Feb16recopy_HYdiff_landingpadlines_survival_384well1/20260220_085237_196/260220_Day12_WellE10_Channel405nm Binned,561nm Binned,488nm Binned_Seq0037.nd2","20260220_085237_196/260220_Day12_WellE10_Channel405nm Binned,561nm Binned,488nm Binned_Seq0037.nd2","260220_Day12_WellE10_Channel405nm Binned,561nm Binned,488nm Binned_Seq0037.nd2",.nd2,49692672,2026-02-20T09:00:38,E10,12,405nm Binned|561nm Binned|488nm Binned,Seq0037,20260220_085237_196,high,,not_requested,,,
"/Users/makennarodriguez/Documents/260213_Feb16recopy_HYdiff_landingpadlines_survival_384well1/20260220_085237_196/260220_Day12_WellE11_Channel405nm Binned,561nm Binned,488nm Binned_Seq0038.nd2","20260220_085237_196/260220_Day12_WellE11_Channel405nm Binned,561nm Binned,488nm Binned_Seq0038.nd2","260220_Day12_WellE11_Channel405nm Binned,561nm Binned,488nm Binned_Seq0038.nd2",.nd2,49692672,2026-02-20T09:00:50,E11,12,405nm Binned|561nm Binned|488nm Binned,Seq0038,20260220_085237_196,high,,not_requested,,,
"/Users/makennarodriguez/Documents/260213_Feb16recopy_HYdiff_landingpadlines_survival_384well1/20260220_085237_196/260220_Day12_WellE12_Channel405nm Binned,561nm Binned,488nm Binned_Seq0039.nd2","20260220_085237_196/260220_Day12_WellE12_Channel405nm Binned,561nm Binned,488nm Binned_Seq0039.nd2","260220_Day12_WellE12_Channel405nm Binned,561nm Binned,488nm Binned_Seq0039.nd2",.nd2,49692672,2026-02-20T09:01:02,E12,12,405nm Binned|561nm Binned|488nm Binned,Seq0039,20260220_085237_196,high,,not_requested,,,
"/Users/makennarodriguez/Documents/260213_Feb16recopy_HYdiff_landingpadlines_survival_384well1/20260220_085237_196/260220_Day12_WellE13_Channel405nm Binned,561nm Binned,488nm Binned_Seq0040.nd2","20260220_085237_196/260220_Day12_WellE13_Channel405nm Binned,561nm Binned,488nm Binned_Seq0040.nd2","260220_Day12_WellE13_Channel405nm Binned,561nm Binned,488nm Binned_Seq0040.nd2",.nd2,49692672,2026-02-20T09:01:14,E13,12,405nm Binned|561nm Binned|488nm Binned,Seq0040,20260220_085237_196,high,,not_requested,,,
"/Users/makennarodriguez/Documents/260213_Feb16recopy_HYdiff_landingpadlines_survival_384well1/20260220_085237_196/260220_Day12_WellE14_Channel405nm Binned,561nm Binned,488nm Binned_Seq0041.nd2","20260220_085237_196/260220_Day12_WellE14_Channel405nm Binned,561nm Binned,488nm Binned_Seq0041.nd2","260220_Day12_WellE14_Channel405nm Binned,561nm Binned,488nm Binned_Seq0041.nd2",.nd2,49692672,2026-02-20T09:01:26,E14,12,405nm Binned|561nm Binned|488nm Binned,Seq0041,20260220_085237_196,high,,not_requested,,,
"/Users/makennarodriguez/Documents/260213_Feb16recopy_HYdiff_landingpadlines_survival_384well1/20260220_085237_196/260220_Day12_WellE15_Channel405nm Binned,561nm Binned,488nm Binned_Seq0042.nd2","20260220_085237_196/260220_Day12_WellE15_Channel405nm Binned,561nm Binned,488nm Binned_Seq0042.nd2","260220_Day12_WellE15_Channel405nm Binned,561nm Binned,488nm Binned_Seq0042.nd2",.nd2,49692672,2026-02-20T09:01:38,E15,12,405nm Binned|561nm Binned|488nm Binned,Seq0042,20260220_085237_196,high,,not_requested,,,
"/Users/makennarodriguez/Documents/260213_Feb16recopy_HYdiff_landingpadlines_survival_384well1/20260220_085237_196/260220_Day12_WellE16_Channel405nm Binned,561nm Binned,488nm Binned_Seq0043.nd2","20260220_085237_196/260220_Day12_WellE16_Channel405nm Binned,561nm Binned,488nm Binned_Seq0043.nd2","260220_Day12_WellE16_Channel405nm Binned,561nm Binned,488nm Binned_Seq0043.nd2",.nd2,49692672,2026-02-20T09:01:48,E16,12,405nm Binned|561nm Binned|488nm Binned,Seq0043,20260220_085237_196,high,,not_requested,,,
"/Users/makennarodriguez/Documents/260213_Feb16recopy_HYdiff_landingpadlines_survival_384well1/20260220_085237_196/260220_Day12_WellE17_Channel405nm Binned,561nm Binned,488nm Binned_Seq0044.nd2","20260220_085237_196/260220_Day12_WellE17_Channel405nm Binned,561nm Binned,488nm Binned_Seq0044.nd2","260220_Day12_WellE17_Channel405nm Binned,561nm Binned,488nm Binned_Seq0044.nd2",.nd2,49692672,2026-02-20T09:02:00,E17,12,405nm Binned|561nm Binned|488nm Binned,Seq0044,20260220_085237_196,high,,not_requested,,,
"/Users/makennarodriguez/Documents/260213_Feb16recopy_HYdiff_landingpadlines_survival_384well1/20260220_085237_196/260220_Day12_WellE18_Channel405nm Binned,561nm Binned,488nm Binned_Seq0045.nd2","20260220_085237_196/260220_Day12_WellE18_Channel405nm Binned,561nm Binned,488nm Binned_Seq0045.nd2","260220_Day12_WellE18_Channel405nm Binned,561nm Binned,488nm Binned_Seq0045.nd2",.nd2,49692672,2026-02-20T09:02:12,E18,12,405nm Binned|561nm Binned|488nm Binned,Seq0045,20260220_085237_196,high,,not_requested,,,
"/Users/makennarodriguez/Documents/260213_Feb16recopy_HYdiff_landingpadlines_survival_384well1/20260220_085237_196/260220_Day12_WellE19_Channel405nm Binned,561nm Binned,488nm Binned_Seq0046.nd2","20260220_085237_196/260220_Day12_WellE19_Channel405nm Binned,561nm Binned,488nm Binned_Seq0046.nd2","260220_Day12_WellE19_Channel405nm Binned,561nm Binned,488nm Binned_Seq0046.nd2",.nd2,49692672,2026-02-20T09:02:24,E19,12,405nm Binned|561nm Binned|488nm Binned,Seq0046,20260220_085237_196,high,,not_requested,,,
"/Users/makennarodriguez/Documents/260213_Feb16recopy_HYdiff_landingpadlines_survival_384well1/20260220_085237_196/260220_Day12_WellE20_Channel405nm Binned,561nm Binned,488nm Binned_Seq0047.nd2","20260220_085237_196/260220_Day12_WellE20_Channel405nm Binned,561nm Binned,488nm Binned_Seq0047.nd2","260220_Day12_WellE20_Channel405nm Binned,561nm Binned,488nm Binned_Seq0047.nd2",.nd2,49692672,2026-02-20T09:02:34,E20,12,405nm Binned|561nm Binned|488nm Binned,Seq0047,20260220_085237_196,high,,not_requested,,,
"/Users/makennarodriguez/Documents/260213_Feb16recopy_HYdiff_landingpadlines_survival_384well1/20260220_085237_196/260220_Day12_WellF05_Channel405nm Binned,561nm Binned,488nm Binned_Seq0048.nd2","20260220_085237_196/260220_Day12_WellF05_Channel405nm Binned,561nm Binned,488nm Binned_Seq0048.nd2","260220_Day12_WellF05_Channel405nm Binned,561nm Binned,488nm Binned_Seq0048.nd2",.nd2,49692672,2026-02-20T09:02:50,F05,12,405nm Binned|561nm Binned|488nm Binned,Seq0048,20260220_085237_196,high,,not_requested,,,
"/Users/makennarodriguez/Documents/260213_Feb16recopy_HYdiff_landingpadlines_survival_384well1/20260220_085237_196/260220_Day12_WellF06_Channel405nm Binned,561nm Binned,488nm Binned_Seq0049.nd2","20260220_085237_196/260220_Day12_WellF06_Channel405nm Binned,561nm Binned,488nm Binned_Seq0049.nd2","260220_Day12_WellF06_Channel405nm Binned,561nm Binned,488nm Binned_Seq0049.nd2",.nd2,49692672,2026-02-20T09:03:02,F06,12,405nm Binned|561nm Binned|488nm Binned,Seq0049,20260220_085237_196,high,,not_requested,,,
"/Users/makennarodriguez/Documents/260213_Feb16recopy_HYdiff_landingpadlines_survival_384well1/20260220_085237_196/260220_Day12_WellF07_Channel405nm Binned,561nm Binned,488nm Binned_Seq0050.nd2","20260220_085237_196/260220_Day12_WellF07_Channel405nm Binned,561nm Binned,488nm Binned_Seq0050.nd2","260220_Day12_WellF07_Channel405nm Binned,561nm Binned,488nm Binned_Seq0050.nd2",.nd2,49692672,2026-02-20T09:03:14,F07,12,405nm Binned|561nm Binned|488nm Binned,Seq0050,20260220_085237_196,high,,not_requested,,,
"/Users/makennarodriguez/Documents/260213_Feb16recopy_HYdiff_landingpadlines_survival_384well1/20260220_085237_196/260220_Day12_WellF08_Channel405nm Binned,561nm Binned,488nm Binned_Seq0051.nd2","20260220_085237_196/260220_Day12_WellF08_Channel405nm Binned,561nm Binned,488nm Binned_Seq0051.nd2","260220_Day12_WellF08_Channel405nm Binned,561nm Binned,488nm Binned_Seq0051.nd2",.nd2,49692672,2026-02-20T09:03:24,F08,12,405nm Binned|561nm Binned|488nm Binned,Seq0051,20260220_085237_196,high,,not_requested,,,
"/Users/makennarodriguez/Documents/260213_Feb16recopy_HYdiff_landingpadlines_survival_384well1/20260220_085237_196/260220_Day12_WellF09_Channel405nm Binned,561nm Binned,488nm Binned_Seq0052.nd2","20260220_085237_196/260220_Day12_WellF09_Channel405nm Binned,561nm Binned,488nm Binned_Seq0052.nd2","260220_Day12_WellF09_Channel405nm Binned,561nm Binned,488nm Binned_Seq0052.nd2",.nd2,49692672,2026-02-20T09:03:36,F09,12,405nm Binned|561nm Binned|488nm Binned,Seq0052,20260220_085237_196,high,,not_requested,,,
"/Users/makennarodriguez/Documents/260213_Feb16recopy_HYdiff_landingpadlines_survival_384well1/20260220_085237_196/260220_Day12_WellF10_Channel405nm Binned,561nm Binned,488nm Binned_Seq0053.nd2","20260220_085237_196/260220_Day12_WellF10_Channel405nm Binned,561nm Binned,488nm Binned_Seq0053.nd2","260220_Day12_WellF10_Channel405nm Binned,561nm Binned,488nm Binned_Seq0053.nd2",.nd2,49692672,2026-02-20T09:03:48,F10,12,405nm Binned|561nm Binned|488nm Binned,Seq0053,20260220_085237_196,high,,not_requested,,,
"/Users/makennarodriguez/Documents/260213_Feb16recopy_HYdiff_landingpadlines_survival_384well1/20260220_085237_196/260220_Day12_WellF11_Channel405nm Binned,561nm Binned,488nm Binned_Seq0054.nd2","20260220_085237_196/260220_Day12_WellF11_Channel405nm Binned,561nm Binned,488nm Binned_Seq0054.nd2","260220_Day12_WellF11_Channel405nm Binned,561nm Binned,488nm Binned_Seq0054.nd2",.nd2,49692672,2026-02-20T09:04:00,F11,12,405nm Binned|561nm Binned|488nm Binned,Seq0054,20260220_085237_196,high,,not_requested,,,
"/Users/makennarodriguez/Documents/260213_Feb16recopy_HYdiff_landingpadlines_survival_384well1/20260220_085237_196/260220_Day12_WellF12_Channel405nm Binned,561nm Binned,488nm Binned_Seq0055.nd2","20260220_085237_196/260220_Day12_WellF12_Channel405nm Binned,561nm Binned,488nm Binned_Seq0055.nd2","260220_Day12_WellF12_Channel405nm Binned,561nm Binned,488nm Binned_Seq0055.nd2",.nd2,49692672,2026-02-20T09:04:12,F12,12,405nm Binned|561nm Binned|488nm Binned,Seq0055,20260220_085237_196,high,,not_requested,,,
"/Users/makennarodriguez/Documents/260213_Feb16recopy_HYdiff_landingpadlines_survival_384well1/20260220_085237_196/260220_Day12_WellF13_Channel405nm Binned,561nm Binned,488nm Binned_Seq0056.nd2","20260220_085237_196/260220_Day12_WellF13_Channel405nm Binned,561nm Binned,488nm Binned_Seq0056.nd2","260220_Day12_WellF13_Channel405nm Binned,561nm Binned,488nm Binned_Seq0056.nd2",.nd2,49692672,2026-02-20T09:04:22,F13,12,405nm Binned|561nm Binned|488nm Binned,Seq0056,20260220_085237_196,high,,not_requested,,,
"/Users/makennarodriguez/Documents/260213_Feb16recopy_HYdiff_landingpadlines_survival_384well1/20260220_085237_196/260220_Day12_WellF14_Channel405nm Binned,561nm Binned,488nm Binned_Seq0057.nd2","20260220_085237_196/260220_Day12_WellF14_Channel405nm Binned,561nm Binned,488nm Binned_Seq0057.nd2","260220_Day12_WellF14_Channel405nm Binned,561nm Binned,488nm Binned_Seq0057.nd2",.nd2,49692672,2026-02-20T09:04:34,F14,12,405nm Binned|561nm Binned|488nm Binned,Seq0057,20260220_085237_196,high,,not_requested,,,
"/Users/makennarodriguez/Documents/260213_Feb16recopy_HYdiff_landingpadlines_survival_384well1/20260220_085237_196/260220_Day12_WellF15_Channel405nm Binned,561nm Binned,488nm Binned_Seq0058.nd2","20260220_085237_196/260220_Day12_WellF15_Channel405nm Binned,561nm Binned,488nm Binned_Seq0058.nd2","260220_Day12_WellF15_Channel405nm Binned,561nm Binned,488nm Binned_Seq0058.nd2",.nd2,49692672,2026-02-20T09:04:46,F15,12,405nm Binned|561nm Binned|488nm Binned,Seq0058,20260220_085237_196,high,,not_requested,,,
"/Users/makennarodriguez/Documents/260213_Feb16recopy_HYdiff_landingpadlines_survival_384well1/20260220_085237_196/260220_Day12_WellF16_Channel405nm Binned,561nm Binned,488nm Binned_Seq0059.nd2","20260220_085237_196/260220_Day12_WellF16_Channel405nm Binned,561nm Binned,488nm Binned_Seq0059.nd2","260220_Day12_WellF16_Channel405nm Binned,561nm Binned,488nm Binned_Seq0059.nd2",.nd2,49692672,2026-02-20T09:04:58,F16,12,405nm Binned|561nm Binned|488nm Binned,Seq0059,20260220_085237_196,high,,not_requested,,,
"/Users/makennarodriguez/Documents/260213_Feb16recopy_HYdiff_landingpadlines_survival_384well1/20260220_085237_196/260220_Day12_WellF17_Channel405nm Binned,561nm Binned,488nm Binned_Seq0060.nd2","20260220_085237_196/260220_Day12_WellF17_Channel405nm Binned,561nm Binned,488nm Binned_Seq0060.nd2","260220_Day12_WellF17_Channel405nm Binned,561nm Binned,488nm Binned_Seq0060.nd2",.nd2,49692672,2026-02-20T09:05:08,F17,12,405nm Binned|561nm Binned|488nm Binned,Seq0060,20260220_085237_196,high,,not_requested,,,
"/Users/makennarodriguez/Documents/260213_Feb16recopy_HYdiff_landingpadlines_survival_384well1/20260220_085237_196/260220_Day12_WellF18_Channel405nm Binned,561nm Binned,488nm Binned_Seq0061.nd2","20260220_085237_196/260220_Day12_WellF18_Channel405nm Binned,561nm Binned,488nm Binned_Seq0061.nd2","260220_Day12_WellF18_Channel405nm Binned,561nm Binned,488nm Binned_Seq0061.nd2",.nd2,49692672,2026-02-20T09:05:20,F18,12,405nm Binned|561nm Binned|488nm Binned,Seq0061,20260220_085237_196,high,,not_requested,,,
"/Users/makennarodriguez/Documents/260213_Feb16recopy_HYdiff_landingpadlines_survival_384well1/20260220_085237_196/260220_Day12_WellF19_Channel405nm Binned,561nm Binned,488nm Binned_Seq0062.nd2","20260220_085237_196/260220_Day12_WellF19_Channel405nm Binned,561nm Binned,488nm Binned_Seq0062.nd2","260220_Day12_WellF19_Channel405nm Binned,561nm Binned,488nm Binned_Seq0062.nd2",.nd2,49692672,2026-02-20T09:05:32,F19,12,405nm Binned|561nm Binned|488nm Binned,Seq0062,20260220_085237_196,high,,not_requested,,,
"/Users/makennarodriguez/Documents/260213_Feb16recopy_HYdiff_landingpadlines_survival_384well1/20260220_085237_196/260220_Day12_WellF20_Channel405nm Binned,561nm Binned,488nm Binned_Seq0063.nd2","20260220_085237_196/260220_Day12_WellF20_Channel405nm Binned,561nm Binned,488nm Binned_Seq0063.nd2","260220_Day12_WellF20_Channel405nm Binned,561nm Binned,488nm Binned_Seq0063.nd2",.nd2,49692672,2026-02-20T09:05:42,F20,12,405nm Binned|561nm Binned|488nm Binned,Seq0063,20260220_085237_196,high,,not_requested,,,
"/Users/makennarodriguez/Documents/260213_Feb16recopy_HYdiff_landingpadlines_survival_384well1/20260220_085237_196/260220_Day12_WellG05_Channel405nm Binned,561nm Binned,488nm Binned_Seq0064.nd2","20260220_085237_196/260220_Day12_WellG05_Channel405nm Binned,561nm Binned,488nm Binned_Seq0064.nd2","260220_Day12_WellG05_Channel405nm Binned,561nm Binned,488nm Binned_Seq0064.nd2",.nd2,49692672,2026-02-20T09:05:56,G05,12,405nm Binned|561nm Binned|488nm Binned,Seq0064,20260220_085237_196,high,,not_requested,,,
"/Users/makennarodriguez/Documents/260213_Feb16recopy_HYdiff_landingpadlines_survival_384well1/20260220_085237_196/260220_Day12_WellG06_Channel405nm Binned,561nm Binned,488nm Binned_Seq0065.nd2","20260220_085237_196/260220_Day12_WellG06_Channel405nm Binned,561nm Binned,488nm Binned_Seq0065.nd2","260220_Day12_WellG06_Channel405nm Binned,561nm Binned,488nm Binned_Seq0065.nd2",.nd2,49692672,2026-02-20T09:06:08,G06,12,405nm Binned|561nm Binned|488nm Binned,Seq0065,20260220_085237_196,high,,not_requested,,,
"/Users/makennarodriguez/Documents/260213_Feb16recopy_HYdiff_landingpadlines_survival_384well1/20260220_085237_196/260220_Day12_WellG07_Channel405nm Binned,561nm Binned,488nm Binned_Seq0066.nd2","20260220_085237_196/260220_Day12_WellG07_Channel405nm Binned,561nm Binned,488nm Binned_Seq0066.nd2","260220_Day12_WellG07_Channel405nm Binned,561nm Binned,488nm Binned_Seq0066.nd2",.nd2,49692672,2026-02-20T09:06:20,G07,12,405nm Binned|561nm Binned|488nm Binned,Seq0066,20260220_085237_196,high,,not_requested,,,
"/Users/makennarodriguez/Documents/260213_Feb16recopy_HYdiff_landingpadlines_survival_384well1/20260220_085237_196/260220_Day12_WellG08_Channel405nm Binned,561nm Binned,488nm Binned_Seq0067.nd2","20260220_085237_196/260220_Day12_WellG08_Channel405nm Binned,561nm Binned,488nm Binned_Seq0067.nd2","260220_Day12_WellG08_Channel405nm Binned,561nm Binned,488nm Binned_Seq0067.nd2",.nd2,49692672,2026-02-20T09:06:30,G08,12,405nm Binned|561nm Binned|488nm Binned,Seq0067,20260220_085237_196,high,,not_requested,,,
"/Users/makennarodriguez/Documents/260213_Feb16recopy_HYdiff_landingpadlines_survival_384well1/20260220_085237_196/260220_Day12_WellG09_Channel405nm Binned,561nm Binned,488nm Binned_Seq0068.nd2","20260220_085237_196/260220_Day12_WellG09_Channel405nm Binned,561nm Binned,488nm Binned_Seq0068.nd2","260220_Day12_WellG09_Channel405nm Binned,561nm Binned,488nm Binned_Seq0068.nd2",.nd2,49692672,2026-02-20T09:06:42,G09,12,405nm Binned|561nm Binned|488nm Binned,Seq0068,20260220_085237_196,high,,not_requested,,,
"/Users/makennarodriguez/Documents/260213_Feb16recopy_HYdiff_landingpadlines_survival_384well1/20260220_085237_196/260220_Day12_WellG10_Channel405nm Binned,561nm Binned,488nm Binned_Seq0069.nd2","20260220_085237_196/260220_Day12_WellG10_Channel405nm Binned,561nm Binned,488nm Binned_Seq0069.nd2","260220_Day12_WellG10_Channel405nm Binned,561nm Binned,488nm Binned_Seq0069.nd2",.nd2,49692672,2026-02-20T09:06:54,G10,12,405nm Binned|561nm Binned|488nm Binned,Seq0069,20260220_085237_196,high,,not_requested,,,
"/Users/makennarodriguez/Documents/260213_Feb16recopy_HYdiff_landingpadlines_survival_384well1/20260220_085237_196/260220_Day12_WellG11_Channel405nm Binned,561nm Binned,488nm Binned_Seq0070.nd2","20260220_085237_196/260220_Day12_WellG11_Channel405nm Binned,561nm Binned,488nm Binned_Seq0070.nd2","260220_Day12_WellG11_Channel405nm Binned,561nm Binned,488nm Binned_Seq0070.nd2",.nd2,49692672,2026-02-20T09:07:06,G11,12,405nm Binned|561nm Binned|488nm Binned,Seq0070,20260220_085237_196,high,,not_requested,,,
"/Users/makennarodriguez/Documents/260213_Feb16recopy_HYdiff_landingpadlines_survival_384well1/20260220_085237_196/260220_Day12_WellG12_Channel405nm Binned,561nm Binned,488nm Binned_Seq0071.nd2","20260220_085237_196/260220_Day12_WellG12_Channel405nm Binned,561nm Binned,488nm Binned_Seq0071.nd2","260220_Day12_WellG12_Channel405nm Binned,561nm Binned,488nm Binned_Seq0071.nd2",.nd2,49692672,2026-02-20T09:07:16,G12,12,405nm Binned|561nm Binned|488nm Binned,Seq0071,20260220_085237_196,high,,not_requested,,,
"/Users/makennarodriguez/Documents/260213_Feb16recopy_HYdiff_landingpadlines_survival_384well1/20260220_085237_196/260220_Day12_WellG13_Channel405nm Binned,561nm Binned,488nm Binned_Seq0072.nd2","20260220_085237_196/260220_Day12_WellG13_Channel405nm Binned,561nm Binned,488nm Binned_Seq0072.nd2","260220_Day12_WellG13_Channel405nm Binned,561nm Binned,488nm Binned_Seq0072.nd2",.nd2,49692672,2026-02-20T09:07:28,G13,12,405nm Binned|561nm Binned|488nm Binned,Seq0072,20260220_085237_196,high,,not_requested,,,
"/Users/makennarodriguez/Documents/260213_Feb16recopy_HYdiff_landingpadlines_survival_384well1/20260220_085237_196/260220_Day12_WellG14_Channel405nm Binned,561nm Binned,488nm Binned_Seq0073.nd2","20260220_085237_196/260220_Day12_WellG14_Channel405nm Binned,561nm Binned,488nm Binned_Seq0073.nd2","260220_Day12_WellG14_Channel405nm Binned,561nm Binned,488nm Binned_Seq0073.nd2",.nd2,49692672,2026-02-20T09:07:40,G14,12,405nm Binned|561nm Binned|488nm Binned,Seq0073,20260220_085237_196,high,,not_requested,,,
"/Users/makennarodriguez/Documents/260213_Feb16recopy_HYdiff_landingpadlines_survival_384well1/20260220_085237_196/260220_Day12_WellG15_Channel405nm Binned,561nm Binned,488nm Binned_Seq0074.nd2","20260220_085237_196/260220_Day12_WellG15_Channel405nm Binned,561nm Binned,488nm Binned_Seq0074.nd2","260220_Day12_WellG15_Channel405nm Binned,561nm Binned,488nm Binned_Seq0074.nd2",.nd2,49692672,2026-02-20T09:07:50,G15,12,405nm Binned|561nm Binned|488nm Binned,Seq0074,20260220_085237_196,high,,not_requested,,,
"/Users/makennarodriguez/Documents/260213_Feb16recopy_HYdiff_landingpadlines_survival_384well1/20260220_085237_196/260220_Day12_WellG16_Channel405nm Binned,561nm Binned,488nm Binned_Seq0075.nd2","20260220_085237_196/260220_Day12_WellG16_Channel405nm Binned,561nm Binned,488nm Binned_Seq0075.nd2","260220_Day12_WellG16_Channel405nm Binned,561nm Binned,488nm Binned_Seq0075.nd2",.nd2,49692672,2026-02-20T09:08:02,G16,12,405nm Binned|561nm Binned|488nm Binned,Seq0075,20260220_085237_196,high,,not_requested,,,
"/Users/makennarodriguez/Documents/260213_Feb16recopy_HYdiff_landingpadlines_survival_384well1/20260220_085237_196/260220_Day12_WellG17_Channel405nm Binned,561nm Binned,488nm Binned_Seq0076.nd2","20260220_085237_196/260220_Day12_WellG17_Channel405nm Binned,561nm Binned,488nm Binned_Seq0076.nd2","260220_Day12_WellG17_Channel405nm Binned,561nm Binned,488nm Binned_Seq0076.nd2",.nd2,49692672,2026-02-20T09:08:14,G17,12,405nm Binned|561nm Binned|488nm Binned,Seq0076,20260220_085237_196,high,,not_requested,,,
"/Users/makennarodriguez/Documents/260213_Feb16recopy_HYdiff_landingpadlines_survival_384well1/20260220_085237_196/260220_Day12_WellG18_Channel405nm Binned,561nm Binned,488nm Binned_Seq0077.nd2","20260220_085237_196/260220_Day12_WellG18_Channel405nm Binned,561nm Binned,488nm Binned_Seq0077.nd2","260220_Day12_WellG18_Channel405nm Binned,561nm Binned,488nm Binned_Seq0077.nd2",.nd2,49692672,2026-02-20T09:08:26,G18,12,405nm Binned|561nm Binned|488nm Binned,Seq0077,20260220_085237_196,high,,not_requested,,,
"/Users/makennarodriguez/Documents/260213_Feb16recopy_HYdiff_landingpadlines_survival_384well1/20260220_085237_196/260220_Day12_WellG19_Channel405nm Binned,561nm Binned,488nm Binned_Seq0078.nd2","20260220_085237_196/260220_Day12_WellG19_Channel405nm Binned,561nm Binned,488nm Binned_Seq0078.nd2","260220_Day12_WellG19_Channel405nm Binned,561nm Binned,488nm Binned_Seq0078.nd2",.nd2,49692672,2026-02-20T09:08:38,G19,12,405nm Binned|561nm Binned|488nm Binned,Seq0078,20260220_085237_196,high,,not_requested,,,
"/Users/makennarodriguez/Documents/260213_Feb16recopy_HYdiff_landingpadlines_survival_384well1/20260220_085237_196/260220_Day12_WellG20_Channel405nm Binned,561nm Binned,488nm Binned_Seq0079.nd2","20260220_085237_196/260220_Day12_WellG20_Channel405nm Binned,561nm Binned,488nm Binned_Seq0079.nd2","260220_Day12_WellG20_Channel405nm Binned,561nm Binned,488nm Binned_Seq0079.nd2",.nd2,49692672,2026-02-20T09:08:50,G20,12,405nm Binned|561nm Binned|488nm Binned,Seq0079,20260220_085237_196,high,,not_requested,,,
"/Users/makennarodriguez/Documents/260213_Feb16recopy_HYdiff_landingpadlines_survival_384well1/20260220_085237_196/260220_Day12_WellH05_Channel405nm Binned,561nm Binned,488nm Binned_Seq0080.nd2","20260220_085237_196/260220_Day12_WellH05_Channel405nm Binned,561nm Binned,488nm Binned_Seq0080.nd2","260220_Day12_WellH05_Channel405nm Binned,561nm Binned,488nm Binned_Seq0080.nd2",.nd2,49692672,2026-02-20T09:09:04,H05,12,405nm Binned|561nm Binned|488nm Binned,Seq0080,20260220_085237_196,high,,not_requested,,,
"/Users/makennarodriguez/Documents/260213_Feb16recopy_HYdiff_landingpadlines_survival_384well1/20260220_085237_196/260220_Day12_WellH06_Channel405nm Binned,561nm Binned,488nm Binned_Seq0081.nd2","20260220_085237_196/260220_Day12_WellH06_Channel405nm Binned,561nm Binned,488nm Binned_Seq0081.nd2","260220_Day12_WellH06_Channel405nm Binned,561nm Binned,488nm Binned_Seq0081.nd2",.nd2,49692672,2026-02-20T09:09:16,H06,12,405nm Binned|561nm Binned|488nm Binned,Seq0081,20260220_085237_196,high,,not_requested,,,
"/Users/makennarodriguez/Documents/260213_Feb16recopy_HYdiff_landingpadlines_survival_384well1/20260220_085237_196/260220_Day12_WellH07_Channel405nm Binned,561nm Binned,488nm Binned_Seq0082.nd2","20260220_085237_196/260220_Day12_WellH07_Channel405nm Binned,561nm Binned,488nm Binned_Seq0082.nd2","260220_Day12_WellH07_Channel405nm Binned,561nm Binned,488nm Binned_Seq0082.nd2",.nd2,49692672,2026-02-20T09:09:26,H07,12,405nm Binned|561nm Binned|488nm Binned,Seq0082,20260220_085237_196,high,,not_requested,,,
"/Users/makennarodriguez/Documents/260213_Feb16recopy_HYdiff_landingpadlines_survival_384well1/20260220_085237_196/260220_Day12_WellH08_Channel405nm Binned,561nm Binned,488nm Binned_Seq0083.nd2","20260220_085237_196/260220_Day12_WellH08_Channel405nm Binned,561nm Binned,488nm Binned_Seq0083.nd2","260220_Day12_WellH08_Channel405nm Binned,561nm Binned,488nm Binned_Seq0083.nd2",.nd2,49692672,2026-02-20T09:09:38,H08,12,405nm Binned|561nm Binned|488nm Binned,Seq0083,20260220_085237_196,high,,not_requested,,,
"/Users/makennarodriguez/Documents/260213_Feb16recopy_HYdiff_landingpadlines_survival_384well1/20260220_085237_196/260220_Day12_WellH09_Channel405nm Binned,561nm Binned,488nm Binned_Seq0084.nd2","20260220_085237_196/260220_Day12_WellH09_Channel405nm Binned,561nm Binned,488nm Binned_Seq0084.nd2","260220_Day12_WellH09_Channel405nm Binned,561nm Binned,488nm Binned_Seq0084.nd2",.nd2,49692672,2026-02-20T09:09:50,H09,12,405nm Binned|561nm Binned|488nm Binned,Seq0084,20260220_085237_196,high,,not_requested,,,
"/Users/makennarodriguez/Documents/260213_Feb16recopy_HYdiff_landingpadlines_survival_384well1/20260220_085237_196/260220_Day12_WellH10_Channel405nm Binned,561nm Binned,488nm Binned_Seq0085.nd2","20260220_085237_196/260220_Day12_WellH10_Channel405nm Binned,561nm Binned,488nm Binned_Seq0085.nd2","260220_Day12_WellH10_Channel405nm Binned,561nm Binned,488nm Binned_Seq0085.nd2",.nd2,49692672,2026-02-20T09:10:02,H10,12,405nm Binned|561nm Binned|488nm Binned,Seq0085,20260220_085237_196,high,,not_requested,,,
"/Users/makennarodriguez/Documents/260213_Feb16recopy_HYdiff_landingpadlines_survival_384well1/20260220_085237_196/260220_Day12_WellH11_Channel405nm Binned,561nm Binned,488nm Binned_Seq0086.nd2","20260220_085237_196/260220_Day12_WellH11_Channel405nm Binned,561nm Binned,488nm Binned_Seq0086.nd2","260220_Day12_WellH11_Channel405nm Binned,561nm Binned,488nm Binned_Seq0086.nd2",.nd2,49692672,2026-02-20T09:10:12,H11,12,405nm Binned|561nm Binned|488nm Binned,Seq0086,20260220_085237_196,high,,not_requested,,,
"/Users/makennarodriguez/Documents/260213_Feb16recopy_HYdiff_landingpadlines_survival_384well1/20260220_085237_196/260220_Day12_WellH12_Channel405nm Binned,561nm Binned,488nm Binned_Seq0087.nd2","20260220_085237_196/260220_Day12_WellH12_Channel405nm Binned,561nm Binned,488nm Binned_Seq0087.nd2","260220_Day12_WellH12_Channel405nm Binned,561nm Binned,488nm Binned_Seq0087.nd2",.nd2,49692672,2026-02-20T09:10:24,H12,12,405nm Binned|561nm Binned|488nm Binned,Seq0087,20260220_085237_196,high,,not_requested,,,
"/Users/makennarodriguez/Documents/260213_Feb16recopy_HYdiff_landingpadlines_survival_384well1/20260220_085237_196/260220_Day12_WellH13_Channel405nm Binned,561nm Binned,488nm Binned_Seq0088.nd2","20260220_085237_196/260220_Day12_WellH13_Channel405nm Binned,561nm Binned,488nm Binned_Seq0088.nd2","260220_Day12_WellH13_Channel405nm Binned,561nm Binned,488nm Binned_Seq0088.nd2",.nd2,49692672,2026-02-20T09:10:36,H13,12,405nm Binned|561nm Binned|488nm Binned,Seq0088,20260220_085237_196,high,,not_requested,,,
"/Users/makennarodriguez/Documents/260213_Feb16recopy_HYdiff_landingpadlines_survival_384well1/20260220_085237_196/260220_Day12_WellH14_Channel405nm Binned,561nm Binned,488nm Binned_Seq0089.nd2","20260220_085237_196/260220_Day12_WellH14_Channel405nm Binned,561nm Binned,488nm Binned_Seq0089.nd2","260220_Day12_WellH14_Channel405nm Binned,561nm Binned,488nm Binned_Seq0089.nd2",.nd2,49692672,2026-02-20T09:10:48,H14,12,405nm Binned|561nm Binned|488nm Binned,Seq0089,20260220_085237_196,high,,not_requested,,,
"/Users/makennarodriguez/Documents/260213_Feb16recopy_HYdiff_landingpadlines_survival_384well1/20260220_085237_196/260220_Day12_WellH15_Channel405nm Binned,561nm Binned,488nm Binned_Seq0090.nd2","20260220_085237_196/260220_Day12_WellH15_Channel405nm Binned,561nm Binned,488nm Binned_Seq0090.nd2","260220_Day12_WellH15_Channel405nm Binned,561nm Binned,488nm Binned_Seq0090.nd2",.nd2,49692672,2026-02-20T09:10:58,H15,12,405nm Binned|561nm Binned|488nm Binned,Seq0090,20260220_085237_196,high,,not_requested,,,
"/Users/makennarodriguez/Documents/260213_Feb16recopy_HYdiff_landingpadlines_survival_384well1/20260220_085237_196/260220_Day12_WellH16_Channel405nm Binned,561nm Binned,488nm Binned_Seq0091.nd2","20260220_085237_196/260220_Day12_WellH16_Channel405nm Binned,561nm Binned,488nm Binned_Seq0091.nd2","260220_Day12_WellH16_Channel405nm Binned,561nm Binned,488nm Binned_Seq0091.nd2",.nd2,49692672,2026-02-20T09:11:10,H16,12,405nm Binned|561nm Binned|488nm Binned,Seq0091,20260220_085237_196,high,,not_requested,,,
"/Users/makennarodriguez/Documents/260213_Feb16recopy_HYdiff_landingpadlines_survival_384well1/20260220_085237_196/260220_Day12_WellH17_Channel405nm Binned,561nm Binned,488nm Binned_Seq0092.nd2","20260220_085237_196/260220_Day12_WellH17_Channel405nm Binned,561nm Binned,488nm Binned_Seq0092.nd2","260220_Day12_WellH17_Channel405nm Binned,561nm Binned,488nm Binned_Seq0092.nd2",.nd2,49692672,2026-02-20T09:11:22,H17,12,405nm Binned|561nm Binned|488nm Binned,Seq0092,20260220_085237_196,high,,not_requested,,,
"/Users/makennarodriguez/Documents/260213_Feb16recopy_HYdiff_landingpadlines_survival_384well1/20260220_085237_196/260220_Day12_WellH18_Channel405nm Binned,561nm Binned,488nm Binned_Seq0093.nd2","20260220_085237_196/260220_Day12_WellH18_Channel405nm Binned,561nm Binned,488nm Binned_Seq0093.nd2","260220_Day12_WellH18_Channel405nm Binned,561nm Binned,488nm Binned_Seq0093.nd2",.nd2,49692672,2026-02-20T09:11:32,H18,12,405nm Binned|561nm Binned|488nm Binned,Seq0093,20260220_085237_196,high,,not_requested,,,
"/Users/makennarodriguez/Documents/260213_Feb16recopy_HYdiff_landingpadlines_survival_384well1/20260220_085237_196/260220_Day12_WellH19_Channel405nm Binned,561nm Binned,488nm Binned_Seq0094.nd2","20260220_085237_196/260220_Day12_WellH19_Channel405nm Binned,561nm Binned,488nm Binned_Seq0094.nd2","260220_Day12_WellH19_Channel405nm Binned,561nm Binned,488nm Binned_Seq0094.nd2",.nd2,49692672,2026-02-20T09:11:44,H19,12,405nm Binned|561nm Binned|488nm Binned,Seq0094,20260220_085237_196,high,,not_requested,,,
"/Users/makennarodriguez/Documents/260213_Feb16recopy_HYdiff_landingpadlines_survival_384well1/20260220_085237_196/260220_Day12_WellH20_Channel405nm Binned,561nm Binned,488nm Binned_Seq0095.nd2","20260220_085237_196/260220_Day12_WellH20_Channel405nm Binned,561nm Binned,488nm Binned_Seq0095.nd2","260220_Day12_WellH20_Channel405nm Binned,561nm Binned,488nm Binned_Seq0095.nd2",.nd2,49692672,2026-02-20T09:11:56,H20,12,405nm Binned|561nm Binned|488nm Binned,Seq0095,20260220_085237_196,high,,not_requested,,,
"/Users/makennarodriguez/Documents/260213_Feb16recopy_HYdiff_landingpadlines_survival_384well1/20260220_085237_196/260220_Day12_WellI05_Channel405nm Binned,561nm Binned,488nm Binned_Seq0096.nd2","20260220_085237_196/260220_Day12_WellI05_Channel405nm Binned,561nm Binned,488nm Binned_Seq0096.nd2","260220_Day12_WellI05_Channel405nm Binned,561nm Binned,488nm Binned_Seq0096.nd2",.nd2,49692672,2026-02-20T09:12:10,I05,12,405nm Binned|561nm Binned|488nm Binned,Seq0096,20260220_085237_196,high,,not_requested,,,
"/Users/makennarodriguez/Documents/260213_Feb16recopy_HYdiff_landingpadlines_survival_384well1/20260220_085237_196/260220_Day12_WellI06_Channel405nm Binned,561nm Binned,488nm Binned_Seq0097.nd2","20260220_085237_196/260220_Day12_WellI06_Channel405nm Binned,561nm Binned,488nm Binned_Seq0097.nd2","260220_Day12_WellI06_Channel405nm Binned,561nm Binned,488nm Binned_Seq0097.nd2",.nd2,49692672,2026-02-20T09:12:22,I06,12,405nm Binned|561nm Binned|488nm Binned,Seq0097,20260220_085237_196,high,,not_requested,,,
"/Users/makennarodriguez/Documents/260213_Feb16recopy_HYdiff_landingpadlines_survival_384well1/20260220_085237_196/260220_Day12_WellI07_Channel405nm Binned,561nm Binned,488nm Binned_Seq0098.nd2","20260220_085237_196/260220_Day12_WellI07_Channel405nm Binned,561nm Binned,488nm Binned_Seq0098.nd2","260220_Day12_WellI07_Channel405nm Binned,561nm Binned,488nm Binned_Seq0098.nd2",.nd2,49692672,2026-02-20T09:12:32,I07,12,405nm Binned|561nm Binned|488nm Binned,Seq0098,20260220_085237_196,high,,not_requested,,,
"/Users/makennarodriguez/Documents/260213_Feb16recopy_HYdiff_landingpadlines_survival_384well1/20260220_085237_196/260220_Day12_WellI08_Channel405nm Binned,561nm Binned,488nm Binned_Seq0099.nd2","20260220_085237_196/260220_Day12_WellI08_Channel405nm Binned,561nm Binned,488nm Binned_Seq0099.nd2","260220_Day12_WellI08_Channel405nm Binned,561nm Binned,488nm Binned_Seq0099.nd2",.nd2,49692672,2026-02-20T09:12:44,I08,12,405nm Binned|561nm Binned|488nm Binned,Seq0099,20260220_085237_196,high,,not_requested,,,
"/Users/makennarodriguez/Documents/260213_Feb16recopy_HYdiff_landingpadlines_survival_384well1/20260220_085237_196/260220_Day12_WellI09_Channel405nm Binned,561nm Binned,488nm Binned_Seq0100.nd2","20260220_085237_196/260220_Day12_WellI09_Channel405nm Binned,561nm Binned,488nm Binned_Seq0100.nd2","260220_Day12_WellI09_Channel405nm Binned,561nm Binned,488nm Binned_Seq0100.nd2",.nd2,49692672,2026-02-20T09:12:56,I09,12,405nm Binned|561nm Binned|488nm Binned,Seq0100,20260220_085237_196,high,,not_requested,,,
"/Users/makennarodriguez/Documents/260213_Feb16recopy_HYdiff_landingpadlines_survival_384well1/20260220_085237_196/260220_Day12_WellI10_Channel405nm Binned,561nm Binned,488nm Binned_Seq0101.nd2","20260220_085237_196/260220_Day12_WellI10_Channel405nm Binned,561nm Binned,488nm Binned_Seq0101.nd2","260220_Day12_WellI10_Channel405nm Binned,561nm Binned,488nm Binned_Seq0101.nd2",.nd2,49692672,2026-02-20T09:13:08,I10,12,405nm Binned|561nm Binned|488nm Binned,Seq0101,20260220_085237_196,high,,not_requested,,,
"/Users/makennarodriguez/Documents/260213_Feb16recopy_HYdiff_landingpadlines_survival_384well1/20260220_085237_196/260220_Day12_WellI11_Channel405nm Binned,561nm Binned,488nm Binned_Seq0102.nd2","20260220_085237_196/260220_Day12_WellI11_Channel405nm Binned,561nm Binned,488nm Binned_Seq0102.nd2","260220_Day12_WellI11_Channel405nm Binned,561nm Binned,488nm Binned_Seq0102.nd2",.nd2,49692672,2026-02-20T09:13:20,I11,12,405nm Binned|561nm Binned|488nm Binned,Seq0102,20260220_085237_196,high,,not_requested,,,
"/Users/makennarodriguez/Documents/260213_Feb16recopy_HYdiff_landingpadlines_survival_384well1/20260220_085237_196/260220_Day12_WellI12_Channel405nm Binned,561nm Binned,488nm Binned_Seq0103.nd2","20260220_085237_196/260220_Day12_WellI12_Channel405nm Binned,561nm Binned,488nm Binned_Seq0103.nd2","260220_Day12_WellI12_Channel405nm Binned,561nm Binned,488nm Binned_Seq0103.nd2",.nd2,49692672,2026-02-20T09:13:30,I12,12,405nm Binned|561nm Binned|488nm Binned,Seq0103,20260220_085237_196,high,,not_requested,,,
"/Users/makennarodriguez/Documents/260213_Feb16recopy_HYdiff_landingpadlines_survival_384well1/20260220_085237_196/260220_Day12_WellI13_Channel405nm Binned,561nm Binned,488nm Binned_Seq0104.nd2","20260220_085237_196/260220_Day12_WellI13_Channel405nm Binned,561nm Binned,488nm Binned_Seq0104.nd2","260220_Day12_WellI13_Channel405nm Binned,561nm Binned,488nm Binned_Seq0104.nd2",.nd2,49692672,2026-02-20T09:13:42,I13,12,405nm Binned|561nm Binned|488nm Binned,Seq0104,20260220_085237_196,high,,not_requested,,,
"/Users/makennarodriguez/Documents/260213_Feb16recopy_HYdiff_landingpadlines_survival_384well1/20260220_085237_196/260220_Day12_WellI14_Channel405nm Binned,561nm Binned,488nm Binned_Seq0105.nd2","20260220_085237_196/260220_Day12_WellI14_Channel405nm Binned,561nm Binned,488nm Binned_Seq0105.nd2","260220_Day12_WellI14_Channel405nm Binned,561nm Binned,488nm Binned_Seq0105.nd2",.nd2,49692672,2026-02-20T09:13:54,I14,12,405nm Binned|561nm Binned|488nm Binned,Seq0105,20260220_085237_196,high,,not_requested,,,
"/Users/makennarodriguez/Documents/260213_Feb16recopy_HYdiff_landingpadlines_survival_384well1/20260220_085237_196/260220_Day12_WellI15_Channel405nm Binned,561nm Binned,488nm Binned_Seq0106.nd2","20260220_085237_196/260220_Day12_WellI15_Channel405nm Binned,561nm Binned,488nm Binned_Seq0106.nd2","260220_Day12_WellI15_Channel405nm Binned,561nm Binned,488nm Binned_Seq0106.nd2",.nd2,49692672,2026-02-20T09:14:06,I15,12,405nm Binned|561nm Binned|488nm Binned,Seq0106,20260220_085237_196,high,,not_requested,,,
"/Users/makennarodriguez/Documents/260213_Feb16recopy_HYdiff_landingpadlines_survival_384well1/20260220_085237_196/260220_Day12_WellI16_Channel405nm Binned,561nm Binned,488nm Binned_Seq0107.nd2","20260220_085237_196/260220_Day12_WellI16_Channel405nm Binned,561nm Binned,488nm Binned_Seq0107.nd2","260220_Day12_WellI16_Channel405nm Binned,561nm Binned,488nm Binned_Seq0107.nd2",.nd2,49692672,2026-02-20T09:14:16,I16,12,405nm Binned|561nm Binned|488nm Binned,Seq0107,20260220_085237_196,high,,not_requested,,,
"/Users/makennarodriguez/Documents/260213_Feb16recopy_HYdiff_landingpadlines_survival_384well1/20260220_085237_196/260220_Day12_WellI17_Channel405nm Binned,561nm Binned,488nm Binned_Seq0108.nd2","20260220_085237_196/260220_Day12_WellI17_Channel405nm Binned,561nm Binned,488nm Binned_Seq0108.nd2","260220_Day12_WellI17_Channel405nm Binned,561nm Binned,488nm Binned_Seq0108.nd2",.nd2,49692672,2026-02-20T09:14:28,I17,12,405nm Binned|561nm Binned|488nm Binned,Seq0108,20260220_085237_196,high,,not_requested,,,
"/Users/makennarodriguez/Documents/260213_Feb16recopy_HYdiff_landingpadlines_survival_384well1/20260220_085237_196/260220_Day12_WellI18_Channel405nm Binned,561nm Binned,488nm Binned_Seq0109.nd2","20260220_085237_196/260220_Day12_WellI18_Channel405nm Binned,561nm Binned,488nm Binned_Seq0109.nd2","260220_Day12_WellI18_Channel405nm Binned,561nm Binned,488nm Binned_Seq0109.nd2",.nd2,49692672,2026-02-20T09:14:40,I18,12,405nm Binned|561nm Binned|488nm Binned,Seq0109,20260220_085237_196,high,,not_requested,,,
"/Users/makennarodriguez/Documents/260213_Feb16recopy_HYdiff_landingpadlines_survival_384well1/20260220_085237_196/260220_Day12_WellI19_Channel405nm Binned,561nm Binned,488nm Binned_Seq0110.nd2","20260220_085237_196/260220_Day12_WellI19_Channel405nm Binned,561nm Binned,488nm Binned_Seq0110.nd2","260220_Day12_WellI19_Channel405nm Binned,561nm Binned,488nm Binned_Seq0110.nd2",.nd2,49692672,2026-02-20T09:14:52,I19,12,405nm Binned|561nm Binned|488nm Binned,Seq0110,20260220_085237_196,high,,not_requested,,,
"/Users/makennarodriguez/Documents/260213_Feb16recopy_HYdiff_landingpadlines_survival_384well1/20260220_085237_196/260220_Day12_WellI20_Channel405nm Binned,561nm Binned,488nm Binned_Seq0111.nd2","20260220_085237_196/260220_Day12_WellI20_Channel405nm Binned,561nm Binned,488nm Binned_Seq0111.nd2","260220_Day12_WellI20_Channel405nm Binned,561nm Binned,488nm Binned_Seq0111.nd2",.nd2,49692672,2026-02-20T09:15:04,I20,12,405nm Binned|561nm Binned|488nm Binned,Seq0111,20260220_085237_196,high,,not_requested,,,
"/Users/makennarodriguez/Documents/260213_Feb16recopy_HYdiff_landingpadlines_survival_384well1/20260220_085237_196/260220_Day12_WellJ05_Channel405nm Binned,561nm Binned,488nm Binned_Seq0112.nd2","20260220_085237_196/260220_Day12_WellJ05_Channel405nm Binned,561nm Binned,488nm Binned_Seq0112.nd2","260220_Day12_WellJ05_Channel405nm Binned,561nm Binned,488nm Binned_Seq0112.nd2",.nd2,49692672,2026-02-20T09:15:18,J05,12,405nm Binned|561nm Binned|488nm Binned,Seq0112,20260220_085237_196,high,,not_requested,,,
"/Users/makennarodriguez/Documents/260213_Feb16recopy_HYdiff_landingpadlines_survival_384well1/20260220_085237_196/260220_Day12_WellJ06_Channel405nm Binned,561nm Binned,488nm Binned_Seq0113.nd2","20260220_085237_196/260220_Day12_WellJ06_Channel405nm Binned,561nm Binned,488nm Binned_Seq0113.nd2","260220_Day12_WellJ06_Channel405nm Binned,561nm Binned,488nm Binned_Seq0113.nd2",.nd2,49692672,2026-02-20T09:15:30,J06,12,405nm Binned|561nm Binned|488nm Binned,Seq0113,20260220_085237_196,high,,not_requested,,,
"/Users/makennarodriguez/Documents/260213_Feb16recopy_HYdiff_landingpadlines_survival_384well1/20260220_085237_196/260220_Day12_WellJ07_Channel405nm Binned,561nm Binned,488nm Binned_Seq0114.nd2","20260220_085237_196/260220_Day12_WellJ07_Channel405nm Binned,561nm Binned,488nm Binned_Seq0114.nd2","260220_Day12_WellJ07_Channel405nm Binned,561nm Binned,488nm Binned_Seq0114.nd2",.nd2,49692672,2026-02-20T09:15:40,J07,12,405nm Binned|561nm Binned|488nm Binned,Seq0114,20260220_085237_196,high,,not_requested,,,
"/Users/makennarodriguez/Documents/260213_Feb16recopy_HYdiff_landingpadlines_survival_384well1/20260220_085237_196/260220_Day12_WellJ08_Channel405nm Binned,561nm Binned,488nm Binned_Seq0115.nd2","20260220_085237_196/260220_Day12_WellJ08_Channel405nm Binned,561nm Binned,488nm Binned_Seq0115.nd2","260220_Day12_WellJ08_Channel405nm Binned,561nm Binned,488nm Binned_Seq0115.nd2",.nd2,49692672,2026-02-20T09:15:52,J08,12,405nm Binned|561nm Binned|488nm Binned,Seq0115,20260220_085237_196,high,,not_requested,,,
"/Users/makennarodriguez/Documents/260213_Feb16recopy_HYdiff_landingpadlines_survival_384well1/20260220_085237_196/260220_Day12_WellJ09_Channel405nm Binned,561nm Binned,488nm Binned_Seq0116.nd2","20260220_085237_196/260220_Day12_WellJ09_Channel405nm Binned,561nm Binned,488nm Binned_Seq0116.nd2","260220_Day12_WellJ09_Channel405nm Binned,561nm Binned,488nm Binned_Seq0116.nd2",.nd2,49692672,2026-02-20T09:16:04,J09,12,405nm Binned|561nm Binned|488nm Binned,Seq0116,20260220_085237_196,high,,not_requested,,,
"/Users/makennarodriguez/Documents/260213_Feb16recopy_HYdiff_landingpadlines_survival_384well1/20260220_085237_196/260220_Day12_WellJ10_Channel405nm Binned,561nm Binned,488nm Binned_Seq0117.nd2","20260220_085237_196/260220_Day12_WellJ10_Channel405nm Binned,561nm Binned,488nm Binned_Seq0117.nd2","260220_Day12_WellJ10_Channel405nm Binned,561nm Binned,488nm Binned_Seq0117.nd2",.nd2,49692672,2026-02-20T09:16:16,J10,12,405nm Binned|561nm Binned|488nm Binned,Seq0117,20260220_085237_196,high,,not_requested,,,
"/Users/makennarodriguez/Documents/260213_Feb16recopy_HYdiff_landingpadlines_survival_384well1/20260220_085237_196/260220_Day12_WellJ11_Channel405nm Binned,561nm Binned,488nm Binned_Seq0118.nd2","20260220_085237_196/260220_Day12_WellJ11_Channel405nm Binned,561nm Binned,488nm Binned_Seq0118.nd2","260220_Day12_WellJ11_Channel405nm Binned,561nm Binned,488nm Binned_Seq0118.nd2",.nd2,49692672,2026-02-20T09:16:28,J11,12,405nm Binned|561nm Binned|488nm Binned,Seq0118,20260220_085237_196,high,,not_requested,,,
"/Users/makennarodriguez/Documents/260213_Feb16recopy_HYdiff_landingpadlines_survival_384well1/20260220_085237_196/260220_Day12_WellJ12_Channel405nm Binned,561nm Binned,488nm Binned_Seq0119.nd2","20260220_085237_196/260220_Day12_WellJ12_Channel405nm Binned,561nm Binned,488nm Binned_Seq0119.nd2","260220_Day12_WellJ12_Channel405nm Binned,561nm Binned,488nm Binned_Seq0119.nd2",.nd2,49692672,2026-02-20T09:16:40,J12,12,405nm Binned|561nm Binned|488nm Binned,Seq0119,20260220_085237_196,high,,not_requested,,,
"/Users/makennarodriguez/Documents/260213_Feb16recopy_HYdiff_landingpadlines_survival_384well1/20260220_085237_196/260220_Day12_WellJ13_Channel405nm Binned,561nm Binned,488nm Binned_Seq0120.nd2","20260220_085237_196/260220_Day12_WellJ13_Channel405nm Binned,561nm Binned,488nm Binned_Seq0120.nd2","260220_Day12_WellJ13_Channel405nm Binned,561nm Binned,488nm Binned_Seq0120.nd2",.nd2,49692672,2026-02-20T09:16:50,J13,12,405nm Binned|561nm Binned|488nm Binned,Seq0120,20260220_085237_196,high,,not_requested,,,
"/Users/makennarodriguez/Documents/260213_Feb16recopy_HYdiff_landingpadlines_survival_384well1/20260220_085237_196/260220_Day12_WellJ14_Channel405nm Binned,561nm Binned,488nm Binned_Seq0121.nd2","20260220_085237_196/260220_Day12_WellJ14_Channel405nm Binned,561nm Binned,488nm Binned_Seq0121.nd2","260220_Day12_WellJ14_Channel405nm Binned,561nm Binned,488nm Binned_Seq0121.nd2",.nd2,49692672,2026-02-20T09:17:02,J14,12,405nm Binned|561nm Binned|488nm Binned,Seq0121,20260220_085237_196,high,,not_requested,,,
"/Users/makennarodriguez/Documents/260213_Feb16recopy_HYdiff_landingpadlines_survival_384well1/20260220_085237_196/260220_Day12_WellJ15_Channel405nm Binned,561nm Binned,488nm Binned_Seq0122.nd2","20260220_085237_196/260220_Day12_WellJ15_Channel405nm Binned,561nm Binned,488nm Binned_Seq0122.nd2","260220_Day12_WellJ15_Channel405nm Binned,561nm Binned,488nm Binned_Seq0122.nd2",.nd2,49692672,2026-02-20T09:17:14,J15,12,405nm Binned|561nm Binned|488nm Binned,Seq0122,20260220_085237_196,high,,not_requested,,,
"/Users/makennarodriguez/Documents/260213_Feb16recopy_HYdiff_landingpadlines_survival_384well1/20260220_085237_196/260220_Day12_WellJ16_Channel405nm Binned,561nm Binned,488nm Binned_Seq0123.nd2","20260220_085237_196/260220_Day12_WellJ16_Channel405nm Binned,561nm Binned,488nm Binned_Seq0123.nd2","260220_Day12_WellJ16_Channel405nm Binned,561nm Binned,488nm Binned_Seq0123.nd2",.nd2,49692672,2026-02-20T09:17:24,J16,12,405nm Binned|561nm Binned|488nm Binned,Seq0123,20260220_085237_196,high,,not_requested,,,
"/Users/makennarodriguez/Documents/260213_Feb16recopy_HYdiff_landingpadlines_survival_384well1/20260220_085237_196/260220_Day12_WellJ17_Channel405nm Binned,561nm Binned,488nm Binned_Seq0124.nd2","20260220_085237_196/260220_Day12_WellJ17_Channel405nm Binned,561nm Binned,488nm Binned_Seq0124.nd2","260220_Day12_WellJ17_Channel405nm Binned,561nm Binned,488nm Binned_Seq0124.nd2",.nd2,49692672,2026-02-20T09:17:36,J17,12,405nm Binned|561nm Binned|488nm Binned,Seq0124,20260220_085237_196,high,,not_requested,,,
"/Users/makennarodriguez/Documents/260213_Feb16recopy_HYdiff_landingpadlines_survival_384well1/20260220_085237_196/260220_Day12_WellJ18_Channel405nm Binned,561nm Binned,488nm Binned_Seq0125.nd2","20260220_085237_196/260220_Day12_WellJ18_Channel405nm Binned,561nm Binned,488nm Binned_Seq0125.nd2","260220_Day12_WellJ18_Channel405nm Binned,561nm Binned,488nm Binned_Seq0125.nd2",.nd2,49692672,2026-02-20T09:17:48,J18,12,405nm Binned|561nm Binned|488nm Binned,Seq0125,20260220_085237_196,high,,not_requested,,,
"/Users/makennarodriguez/Documents/260213_Feb16recopy_HYdiff_landingpadlines_survival_384well1/20260220_085237_196/260220_Day12_WellJ19_Channel405nm Binned,561nm Binned,488nm Binned_Seq0126.nd2","20260220_085237_196/260220_Day12_WellJ19_Channel405nm Binned,561nm Binned,488nm Binned_Seq0126.nd2","260220_Day12_WellJ19_Channel405nm Binned,561nm Binned,488nm Binned_Seq0126.nd2",.nd2,49692672,2026-02-20T09:18:00,J19,12,405nm Binned|561nm Binned|488nm Binned,Seq0126,20260220_085237_196,high,,not_requested,,,
"/Users/makennarodriguez/Documents/260213_Feb16recopy_HYdiff_landingpadlines_survival_384well1/20260220_085237_196/260220_Day12_WellJ20_Channel405nm Binned,561nm Binned,488nm Binned_Seq0127.nd2","20260220_085237_196/260220_Day12_WellJ20_Channel405nm Binned,561nm Binned,488nm Binned_Seq0127.nd2","260220_Day12_WellJ20_Channel405nm Binned,561nm Binned,488nm Binned_Seq0127.nd2",.nd2,49692672,2026-02-20T09:18:10,J20,12,405nm Binned|561nm Binned|488nm Binned,Seq0127,20260220_085237_196,high,,not_requested,,,
"/Users/makennarodriguez/Documents/260213_Feb16recopy_HYdiff_landingpadlines_survival_384well1/20260220_085237_196/260220_Day12_WellK05_Channel405nm Binned,561nm Binned,488nm Binned_Seq0128.nd2","20260220_085237_196/260220_Day12_WellK05_Channel405nm Binned,561nm Binned,488nm Binned_Seq0128.nd2","260220_Day12_WellK05_Channel405nm Binned,561nm Binned,488nm Binned_Seq0128.nd2",.nd2,49692672,2026-02-20T09:18:24,K05,12,405nm Binned|561nm Binned|488nm Binned,Seq0128,20260220_085237_196,high,,not_requested,,,
"/Users/makennarodriguez/Documents/260213_Feb16recopy_HYdiff_landingpadlines_survival_384well1/20260220_085237_196/260220_Day12_WellK06_Channel405nm Binned,561nm Binned,488nm Binned_Seq0129.nd2","20260220_085237_196/260220_Day12_WellK06_Channel405nm Binned,561nm Binned,488nm Binned_Seq0129.nd2","260220_Day12_WellK06_Channel405nm Binned,561nm Binned,488nm Binned_Seq0129.nd2",.nd2,49692672,2026-02-20T09:18:36,K06,12,405nm Binned|561nm Binned|488nm Binned,Seq0129,20260220_085237_196,high,,not_requested,,,
"/Users/makennarodriguez/Documents/260213_Feb16recopy_HYdiff_landingpadlines_survival_384well1/20260220_085237_196/260220_Day12_WellK07_Channel405nm Binned,561nm Binned,488nm Binned_Seq0130.nd2","20260220_085237_196/260220_Day12_WellK07_Channel405nm Binned,561nm Binned,488nm Binned_Seq0130.nd2","260220_Day12_WellK07_Channel405nm Binned,561nm Binned,488nm Binned_Seq0130.nd2",.nd2,49692672,2026-02-20T09:18:48,K07,12,405nm Binned|561nm Binned|488nm Binned,Seq0130,20260220_085237_196,high,,not_requested,,,
"/Users/makennarodriguez/Documents/260213_Feb16recopy_HYdiff_landingpadlines_survival_384well1/20260220_085237_196/260220_Day12_WellK08_Channel405nm Binned,561nm Binned,488nm Binned_Seq0131.nd2","20260220_085237_196/260220_Day12_WellK08_Channel405nm Binned,561nm Binned,488nm Binned_Seq0131.nd2","260220_Day12_WellK08_Channel405nm Binned,561nm Binned,488nm Binned_Seq0131.nd2",.nd2,49692672,2026-02-20T09:19:00,K08,12,405nm Binned|561nm Binned|488nm Binned,Seq0131,20260220_085237_196,high,,not_requested,,,
"/Users/makennarodriguez/Documents/260213_Feb16recopy_HYdiff_landingpadlines_survival_384well1/20260220_085237_196/260220_Day12_WellK09_Channel405nm Binned,561nm Binned,488nm Binned_Seq0132.nd2","20260220_085237_196/260220_Day12_WellK09_Channel405nm Binned,561nm Binned,488nm Binned_Seq0132.nd2","260220_Day12_WellK09_Channel405nm Binned,561nm Binned,488nm Binned_Seq0132.nd2",.nd2,49692672,2026-02-20T09:19:12,K09,12,405nm Binned|561nm Binned|488nm Binned,Seq0132,20260220_085237_196,high,,not_requested,,,
"/Users/makennarodriguez/Documents/260213_Feb16recopy_HYdiff_landingpadlines_survival_384well1/20260220_085237_196/260220_Day12_WellK10_Channel405nm Binned,561nm Binned,488nm Binned_Seq0133.nd2","20260220_085237_196/260220_Day12_WellK10_Channel405nm Binned,561nm Binned,488nm Binned_Seq0133.nd2","260220_Day12_WellK10_Channel405nm Binned,561nm Binned,488nm Binned_Seq0133.nd2",.nd2,49692672,2026-02-20T09:19:24,K10,12,405nm Binned|561nm Binned|488nm Binned,Seq0133,20260220_085237_196,high,,not_requested,,,
"/Users/makennarodriguez/Documents/260213_Feb16recopy_HYdiff_landingpadlines_survival_384well1/20260220_085237_196/260220_Day12_WellK11_Channel405nm Binned,561nm Binned,488nm Binned_Seq0134.nd2","20260220_085237_196/260220_Day12_WellK11_Channel405nm Binned,561nm Binned,488nm Binned_Seq0134.nd2","260220_Day12_WellK11_Channel405nm Binned,561nm Binned,488nm Binned_Seq0134.nd2",.nd2,49692672,2026-02-20T09:19:34,K11,12,405nm Binned|561nm Binned|488nm Binned,Seq0134,20260220_085237_196,high,,not_requested,,,
"/Users/makennarodriguez/Documents/260213_Feb16recopy_HYdiff_landingpadlines_survival_384well1/20260220_085237_196/260220_Day12_WellK12_Channel405nm Binned,561nm Binned,488nm Binned_Seq0135.nd2","20260220_085237_196/260220_Day12_WellK12_Channel405nm Binned,561nm Binned,488nm Binned_Seq0135.nd2","260220_Day12_WellK12_Channel405nm Binned,561nm Binned,488nm Binned_Seq0135.nd2",.nd2,49692672,2026-02-20T09:19:46,K12,12,405nm Binned|561nm Binned|488nm Binned,Seq0135,20260220_085237_196,high,,not_requested,,,
"/Users/makennarodriguez/Documents/260213_Feb16recopy_HYdiff_landingpadlines_survival_384well1/20260220_085237_196/260220_Day12_WellK13_Channel405nm Binned,561nm Binned,488nm Binned_Seq0136.nd2","20260220_085237_196/260220_Day12_WellK13_Channel405nm Binned,561nm Binned,488nm Binned_Seq0136.nd2","260220_Day12_WellK13_Channel405nm Binned,561nm Binned,488nm Binned_Seq0136.nd2",.nd2,49692672,2026-02-20T09:19:58,K13,12,405nm Binned|561nm Binned|488nm Binned,Seq0136,20260220_085237_196,high,,not_requested,,,
"/Users/makennarodriguez/Documents/260213_Feb16recopy_HYdiff_landingpadlines_survival_384well1/20260220_085237_196/260220_Day12_WellK14_Channel405nm Binned,561nm Binned,488nm Binned_Seq0137.nd2","20260220_085237_196/260220_Day12_WellK14_Channel405nm Binned,561nm Binned,488nm Binned_Seq0137.nd2","260220_Day12_WellK14_Channel405nm Binned,561nm Binned,488nm Binned_Seq0137.nd2",.nd2,49692672,2026-02-20T09:20:10,K14,12,405nm Binned|561nm Binned|488nm Binned,Seq0137,20260220_085237_196,high,,not_requested,,,
"/Users/makennarodriguez/Documents/260213_Feb16recopy_HYdiff_landingpadlines_survival_384well1/20260220_085237_196/260220_Day12_WellK15_Channel405nm Binned,561nm Binned,488nm Binned_Seq0138.nd2","20260220_085237_196/260220_Day12_WellK15_Channel405nm Binned,561nm Binned,488nm Binned_Seq0138.nd2","260220_Day12_WellK15_Channel405nm Binned,561nm Binned,488nm Binned_Seq0138.nd2",.nd2,49692672,2026-02-20T09:20:20,K15,12,405nm Binned|561nm Binned|488nm Binned,Seq0138,20260220_085237_196,high,,not_requested,,,
"/Users/makennarodriguez/Documents/260213_Feb16recopy_HYdiff_landingpadlines_survival_384well1/20260220_085237_196/260220_Day12_WellK16_Channel405nm Binned,561nm Binned,488nm Binned_Seq0139.nd2","20260220_085237_196/260220_Day12_WellK16_Channel405nm Binned,561nm Binned,488nm Binned_Seq0139.nd2","260220_Day12_WellK16_Channel405nm Binned,561nm Binned,488nm Binned_Seq0139.nd2",.nd2,49692672,2026-02-20T09:20:32,K16,12,405nm Binned|561nm Binned|488nm Binned,Seq0139,20260220_085237_196,high,,not_requested,,,
"/Users/makennarodriguez/Documents/260213_Feb16recopy_HYdiff_landingpadlines_survival_384well1/20260220_085237_196/260220_Day12_WellK17_Channel405nm Binned,561nm Binned,488nm Binned_Seq0140.nd2","20260220_085237_196/260220_Day12_WellK17_Channel405nm Binned,561nm Binned,488nm Binned_Seq0140.nd2","260220_Day12_WellK17_Channel405nm Binned,561nm Binned,488nm Binned_Seq0140.nd2",.nd2,49692672,2026-02-20T09:20:44,K17,12,405nm Binned|561nm Binned|488nm Binned,Seq0140,20260220_085237_196,high,,not_requested,,,
"/Users/makennarodriguez/Documents/260213_Feb16recopy_HYdiff_landingpadlines_survival_384well1/20260220_085237_196/260220_Day12_WellK18_Channel405nm Binned,561nm Binned,488nm Binned_Seq0141.nd2","20260220_085237_196/260220_Day12_WellK18_Channel405nm Binned,561nm Binned,488nm Binned_Seq0141.nd2","260220_Day12_WellK18_Channel405nm Binned,561nm Binned,488nm Binned_Seq0141.nd2",.nd2,49692672,2026-02-20T09:20:56,K18,12,405nm Binned|561nm Binned|488nm Binned,Seq0141,20260220_085237_196,high,,not_requested,,,
"/Users/makennarodriguez/Documents/260213_Feb16recopy_HYdiff_landingpadlines_survival_384well1/20260220_085237_196/260220_Day12_WellK19_Channel405nm Binned,561nm Binned,488nm Binned_Seq0142.nd2","20260220_085237_196/260220_Day12_WellK19_Channel405nm Binned,561nm Binned,488nm Binned_Seq0142.nd2","260220_Day12_WellK19_Channel405nm Binned,561nm Binned,488nm Binned_Seq0142.nd2",.nd2,49692672,2026-02-20T09:21:08,K19,12,405nm Binned|561nm Binned|488nm Binned,Seq0142,20260220_085237_196,high,,not_requested,,,
"/Users/makennarodriguez/Documents/260213_Feb16recopy_HYdiff_landingpadlines_survival_384well1/20260220_085237_196/260220_Day12_WellK20_Channel405nm Binned,561nm Binned,488nm Binned_Seq0143.nd2","20260220_085237_196/260220_Day12_WellK20_Channel405nm Binned,561nm Binned,488nm Binned_Seq0143.nd2","260220_Day12_WellK20_Channel405nm Binned,561nm Binned,488nm Binned_Seq0143.nd2",.nd2,49692672,2026-02-20T09:21:18,K20,12,405nm Binned|561nm Binned|488nm Binned,Seq0143,20260220_085237_196,high,,not_requested,,,
"/Users/makennarodriguez/Documents/260213_Feb16recopy_HYdiff_landingpadlines_survival_384well1/20260220_085237_196/260220_Day12_WellL05_Channel405nm Binned,561nm Binned,488nm Binned_Seq0144.nd2","20260220_085237_196/260220_Day12_WellL05_Channel405nm Binned,561nm Binned,488nm Binned_Seq0144.nd2","260220_Day12_WellL05_Channel405nm Binned,561nm Binned,488nm Binned_Seq0144.nd2",.nd2,49692672,2026-02-20T09:21:32,L05,12,405nm Binned|561nm Binned|488nm Binned,Seq0144,20260220_085237_196,high,,not_requested,,,
"/Users/makennarodriguez/Documents/260213_Feb16recopy_HYdiff_landingpadlines_survival_384well1/20260220_085237_196/260220_Day12_WellL06_Channel405nm Binned,561nm Binned,488nm Binned_Seq0145.nd2","20260220_085237_196/260220_Day12_WellL06_Channel405nm Binned,561nm Binned,488nm Binned_Seq0145.nd2","260220_Day12_WellL06_Channel405nm Binned,561nm Binned,488nm Binned_Seq0145.nd2",.nd2,49692672,2026-02-20T09:21:44,L06,12,405nm Binned|561nm Binned|488nm Binned,Seq0145,20260220_085237_196,high,,not_requested,,,
"/Users/makennarodriguez/Documents/260213_Feb16recopy_HYdiff_landingpadlines_survival_384well1/20260220_085237_196/260220_Day12_WellL07_Channel405nm Binned,561nm Binned,488nm Binned_Seq0146.nd2","20260220_085237_196/260220_Day12_WellL07_Channel405nm Binned,561nm Binned,488nm Binned_Seq0146.nd2","260220_Day12_WellL07_Channel405nm Binned,561nm Binned,488nm Binned_Seq0146.nd2",.nd2,49692672,2026-02-20T09:21:56,L07,12,405nm Binned|561nm Binned|488nm Binned,Seq0146,20260220_085237_196,high,,not_requested,,,
"/Users/makennarodriguez/Documents/260213_Feb16recopy_HYdiff_landingpadlines_survival_384well1/20260220_085237_196/260220_Day12_WellL08_Channel405nm Binned,561nm Binned,488nm Binned_Seq0147.nd2","20260220_085237_196/260220_Day12_WellL08_Channel405nm Binned,561nm Binned,488nm Binned_Seq0147.nd2","260220_Day12_WellL08_Channel405nm Binned,561nm Binned,488nm Binned_Seq0147.nd2",.nd2,49692672,2026-02-20T09:22:08,L08,12,405nm Binned|561nm Binned|488nm Binned,Seq0147,20260220_085237_196,high,,not_requested,,,
"/Users/makennarodriguez/Documents/260213_Feb16recopy_HYdiff_landingpadlines_survival_384well1/20260220_085237_196/260220_Day12_WellL09_Channel405nm Binned,561nm Binned,488nm Binned_Seq0148.nd2","20260220_085237_196/260220_Day12_WellL09_Channel405nm Binned,561nm Binned,488nm Binned_Seq0148.nd2","260220_Day12_WellL09_Channel405nm Binned,561nm Binned,488nm Binned_Seq0148.nd2",.nd2,49692672,2026-02-20T09:22:20,L09,12,405nm Binned|561nm Binned|488nm Binned,Seq0148,20260220_085237_196,high,,not_requested,,,
"/Users/makennarodriguez/Documents/260213_Feb16recopy_HYdiff_landingpadlines_survival_384well1/20260220_085237_196/260220_Day12_WellL10_Channel405nm Binned,561nm Binned,488nm Binned_Seq0149.nd2","20260220_085237_196/260220_Day12_WellL10_Channel405nm Binned,561nm Binned,488nm Binned_Seq0149.nd2","260220_Day12_WellL10_Channel405nm Binned,561nm Binned,488nm Binned_Seq0149.nd2",.nd2,49692672,2026-02-20T09:22:30,L10,12,405nm Binned|561nm Binned|488nm Binned,Seq0149,20260220_085237_196,high,,not_requested,,,
"/Users/makennarodriguez/Documents/260213_Feb16recopy_HYdiff_landingpadlines_survival_384well1/20260220_085237_196/260220_Day12_WellL11_Channel405nm Binned,561nm Binned,488nm Binned_Seq0150.nd2","20260220_085237_196/260220_Day12_WellL11_Channel405nm Binned,561nm Binned,488nm Binned_Seq0150.nd2","260220_Day12_WellL11_Channel405nm Binned,561nm Binned,488nm Binned_Seq0150.nd2",.nd2,49692672,2026-02-20T09:22:42,L11,12,405nm Binned|561nm Binned|488nm Binned,Seq0150,20260220_085237_196,high,,not_requested,,,
"/Users/makennarodriguez/Documents/260213_Feb16recopy_HYdiff_landingpadlines_survival_384well1/20260220_085237_196/260220_Day12_WellL12_Channel405nm Binned,561nm Binned,488nm Binned_Seq0151.nd2","20260220_085237_196/260220_Day12_WellL12_Channel405nm Binned,561nm Binned,488nm Binned_Seq0151.nd2","260220_Day12_WellL12_Channel405nm Binned,561nm Binned,488nm Binned_Seq0151.nd2",.nd2,49692672,2026-02-20T09:22:54,L12,12,405nm Binned|561nm Binned|488nm Binned,Seq0151,20260220_085237_196,high,,not_requested,,,
"/Users/makennarodriguez/Documents/260213_Feb16recopy_HYdiff_landingpadlines_survival_384well1/20260220_085237_196/260220_Day12_WellL13_Channel405nm Binned,561nm Binned,488nm Binned_Seq0152.nd2","20260220_085237_196/260220_Day12_WellL13_Channel405nm Binned,561nm Binned,488nm Binned_Seq0152.nd2","260220_Day12_WellL13_Channel405nm Binned,561nm Binned,488nm Binned_Seq0152.nd2",.nd2,49692672,2026-02-20T09:23:06,L13,12,405nm Binned|561nm Binned|488nm Binned,Seq0152,20260220_085237_196,high,,not_requested,,,
"/Users/makennarodriguez/Documents/260213_Feb16recopy_HYdiff_landingpadlines_survival_384well1/20260220_085237_196/260220_Day12_WellL14_Channel405nm Binned,561nm Binned,488nm Binned_Seq0153.nd2","20260220_085237_196/260220_Day12_WellL14_Channel405nm Binned,561nm Binned,488nm Binned_Seq0153.nd2","260220_Day12_WellL14_Channel405nm Binned,561nm Binned,488nm Binned_Seq0153.nd2",.nd2,49692672,2026-02-20T09:23:18,L14,12,405nm Binned|561nm Binned|488nm Binned,Seq0153,20260220_085237_196,high,,not_requested,,,
"/Users/makennarodriguez/Documents/260213_Feb16recopy_HYdiff_landingpadlines_survival_384well1/20260220_085237_196/260220_Day12_WellL15_Channel405nm Binned,561nm Binned,488nm Binned_Seq0154.nd2","20260220_085237_196/260220_Day12_WellL15_Channel405nm Binned,561nm Binned,488nm Binned_Seq0154.nd2","260220_Day12_WellL15_Channel405nm Binned,561nm Binned,488nm Binned_Seq0154.nd2",.nd2,49692672,2026-02-20T09:23:28,L15,12,405nm Binned|561nm Binned|488nm Binned,Seq0154,20260220_085237_196,high,,not_requested,,,
"/Users/makennarodriguez/Documents/260213_Feb16recopy_HYdiff_landingpadlines_survival_384well1/20260220_085237_196/260220_Day12_WellL16_Channel405nm Binned,561nm Binned,488nm Binned_Seq0155.nd2","20260220_085237_196/260220_Day12_WellL16_Channel405nm Binned,561nm Binned,488nm Binned_Seq0155.nd2","260220_Day12_WellL16_Channel405nm Binned,561nm Binned,488nm Binned_Seq0155.nd2",.nd2,49692672,2026-02-20T09:23:40,L16,12,405nm Binned|561nm Binned|488nm Binned,Seq0155,20260220_085237_196,high,,not_requested,,,
"/Users/makennarodriguez/Documents/260213_Feb16recopy_HYdiff_landingpadlines_survival_384well1/20260220_085237_196/260220_Day12_WellL17_Channel405nm Binned,561nm Binned,488nm Binned_Seq0156.nd2","20260220_085237_196/260220_Day12_WellL17_Channel405nm Binned,561nm Binned,488nm Binned_Seq0156.nd2","260220_Day12_WellL17_Channel405nm Binned,561nm Binned,488nm Binned_Seq0156.nd2",.nd2,49692672,2026-02-20T09:23:52,L17,12,405nm Binned|561nm Binned|488nm Binned,Seq0156,20260220_085237_196,high,,not_requested,,,
"/Users/makennarodriguez/Documents/260213_Feb16recopy_HYdiff_landingpadlines_survival_384well1/20260220_085237_196/260220_Day12_WellL18_Channel405nm Binned,561nm Binned,488nm Binned_Seq0157.nd2","20260220_085237_196/260220_Day12_WellL18_Channel405nm Binned,561nm Binned,488nm Binned_Seq0157.nd2","260220_Day12_WellL18_Channel405nm Binned,561nm Binned,488nm Binned_Seq0157.nd2",.nd2,49692672,2026-02-20T09:24:02,L18,12,405nm Binned|561nm Binned|488nm Binned,Seq0157,20260220_085237_196,high,,not_requested,,,
"/Users/makennarodriguez/Documents/260213_Feb16recopy_HYdiff_landingpadlines_survival_384well1/20260220_085237_196/260220_Day12_WellL19_Channel405nm Binned,561nm Binned,488nm Binned_Seq0158.nd2","20260220_085237_196/260220_Day12_WellL19_Channel405nm Binned,561nm Binned,488nm Binned_Seq0158.nd2","260220_Day12_WellL19_Channel405nm Binned,561nm Binned,488nm Binned_Seq0158.nd2",.nd2,49692672,2026-02-20T09:24:14,L19,12,405nm Binned|561nm Binned|488nm Binned,Seq0158,20260220_085237_196,high,,not_requested,,,
"/Users/makennarodriguez/Documents/260213_Feb16recopy_HYdiff_landingpadlines_survival_384well1/20260220_085237_196/260220_Day12_WellL20_Channel405nm Binned,561nm Binned,488nm Binned_Seq0159.nd2","20260220_085237_196/260220_Day12_WellL20_Channel405nm Binned,561nm Binned,488nm Binned_Seq0159.nd2","260220_Day12_WellL20_Channel405nm Binned,561nm Binned,488nm Binned_Seq0159.nd2",.nd2,49692672,2026-02-20T09:24:26,L20,12,405nm Binned|561nm Binned|488nm Binned,Seq0159,20260220_085237_196,high,,not_requested,,,
"/Users/makennarodriguez/Documents/260213_Feb16recopy_HYdiff_landingpadlines_survival_384well1/20260220_085237_196/260220_Day12_WellM05_Channel405nm Binned,561nm Binned,488nm Binned_Seq0160.nd2","20260220_085237_196/260220_Day12_WellM05_Channel405nm Binned,561nm Binned,488nm Binned_Seq0160.nd2","260220_Day12_WellM05_Channel405nm Binned,561nm Binned,488nm Binned_Seq0160.nd2",.nd2,49692672,2026-02-20T09:24:40,M05,12,405nm Binned|561nm Binned|488nm Binned,Seq0160,20260220_085237_196,high,,not_requested,,,
"/Users/makennarodriguez/Documents/260213_Feb16recopy_HYdiff_landingpadlines_survival_384well1/20260220_085237_196/260220_Day12_WellM06_Channel405nm Binned,561nm Binned,488nm Binned_Seq0161.nd2","20260220_085237_196/260220_Day12_WellM06_Channel405nm Binned,561nm Binned,488nm Binned_Seq0161.nd2","260220_Day12_WellM06_Channel405nm Binned,561nm Binned,488nm Binned_Seq0161.nd2",.nd2,49692672,2026-02-20T09:24:52,M06,12,405nm Binned|561nm Binned|488nm Binned,Seq0161,20260220_085237_196,high,,not_requested,,,
"/Users/makennarodriguez/Documents/260213_Feb16recopy_HYdiff_landingpadlines_survival_384well1/20260220_085237_196/260220_Day12_WellM07_Channel405nm Binned,561nm Binned,488nm Binned_Seq0162.nd2","20260220_085237_196/260220_Day12_WellM07_Channel405nm Binned,561nm Binned,488nm Binned_Seq0162.nd2","260220_Day12_WellM07_Channel405nm Binned,561nm Binned,488nm Binned_Seq0162.nd2",.nd2,49692672,2026-02-20T09:25:04,M07,12,405nm Binned|561nm Binned|488nm Binned,Seq0162,20260220_085237_196,high,,not_requested,,,
"/Users/makennarodriguez/Documents/260213_Feb16recopy_HYdiff_landingpadlines_survival_384well1/20260220_085237_196/260220_Day12_WellM08_Channel405nm Binned,561nm Binned,488nm Binned_Seq0163.nd2","20260220_085237_196/260220_Day12_WellM08_Channel405nm Binned,561nm Binned,488nm Binned_Seq0163.nd2","260220_Day12_WellM08_Channel405nm Binned,561nm Binned,488nm Binned_Seq0163.nd2",.nd2,49692672,2026-02-20T09:25:16,M08,12,405nm Binned|561nm Binned|488nm Binned,Seq0163,20260220_085237_196,high,,not_requested,,,
"/Users/makennarodriguez/Documents/260213_Feb16recopy_HYdiff_landingpadlines_survival_384well1/20260220_085237_196/260220_Day12_WellM09_Channel405nm Binned,561nm Binned,488nm Binned_Seq0164.nd2","20260220_085237_196/260220_Day12_WellM09_Channel405nm Binned,561nm Binned,488nm Binned_Seq0164.nd2","260220_Day12_WellM09_Channel405nm Binned,561nm Binned,488nm Binned_Seq0164.nd2",.nd2,49692672,2026-02-20T09:25:26,M09,12,405nm Binned|561nm Binned|488nm Binned,Seq0164,20260220_085237_196,high,,not_requested,,,
"/Users/makennarodriguez/Documents/260213_Feb16recopy_HYdiff_landingpadlines_survival_384well1/20260220_085237_196/260220_Day12_WellM10_Channel405nm Binned,561nm Binned,488nm Binned_Seq0165.nd2","20260220_085237_196/260220_Day12_WellM10_Channel405nm Binned,561nm Binned,488nm Binned_Seq0165.nd2","260220_Day12_WellM10_Channel405nm Binned,561nm Binned,488nm Binned_Seq0165.nd2",.nd2,49692672,2026-02-20T09:25:38,M10,12,405nm Binned|561nm Binned|488nm Binned,Seq0165,20260220_085237_196,high,,not_requested,,,
"/Users/makennarodriguez/Documents/260213_Feb16recopy_HYdiff_landingpadlines_survival_384well1/20260220_085237_196/260220_Day12_WellM11_Channel405nm Binned,561nm Binned,488nm Binned_Seq0166.nd2","20260220_085237_196/260220_Day12_WellM11_Channel405nm Binned,561nm Binned,488nm Binned_Seq0166.nd2","260220_Day12_WellM11_Channel405nm Binned,561nm Binned,488nm Binned_Seq0166.nd2",.nd2,49692672,2026-02-20T09:25:50,M11,12,405nm Binned|561nm Binned|488nm Binned,Seq0166,20260220_085237_196,high,,not_requested,,,
"/Users/makennarodriguez/Documents/260213_Feb16recopy_HYdiff_landingpadlines_survival_384well1/20260220_085237_196/260220_Day12_WellM12_Channel405nm Binned,561nm Binned,488nm Binned_Seq0167.nd2","20260220_085237_196/260220_Day12_WellM12_Channel405nm Binned,561nm Binned,488nm Binned_Seq0167.nd2","260220_Day12_WellM12_Channel405nm Binned,561nm Binned,488nm Binned_Seq0167.nd2",.nd2,49692672,2026-02-20T09:26:02,M12,12,405nm Binned|561nm Binned|488nm Binned,Seq0167,20260220_085237_196,high,,not_requested,,,
"/Users/makennarodriguez/Documents/260213_Feb16recopy_HYdiff_landingpadlines_survival_384well1/20260220_085237_196/260220_Day12_WellM13_Channel405nm Binned,561nm Binned,488nm Binned_Seq0168.nd2","20260220_085237_196/260220_Day12_WellM13_Channel405nm Binned,561nm Binned,488nm Binned_Seq0168.nd2","260220_Day12_WellM13_Channel405nm Binned,561nm Binned,488nm Binned_Seq0168.nd2",.nd2,49692672,2026-02-20T09:26:14,M13,12,405nm Binned|561nm Binned|488nm Binned,Seq0168,20260220_085237_196,high,,not_requested,,,
"/Users/makennarodriguez/Documents/260213_Feb16recopy_HYdiff_landingpadlines_survival_384well1/20260220_085237_196/260220_Day12_WellM14_Channel405nm Binned,561nm Binned,488nm Binned_Seq0169.nd2","20260220_085237_196/260220_Day12_WellM14_Channel405nm Binned,561nm Binned,488nm Binned_Seq0169.nd2","260220_Day12_WellM14_Channel405nm Binned,561nm Binned,488nm Binned_Seq0169.nd2",.nd2,49692672,2026-02-20T09:26:24,M14,12,405nm Binned|561nm Binned|488nm Binned,Seq0169,20260220_085237_196,high,,not_requested,,,
"/Users/makennarodriguez/Documents/260213_Feb16recopy_HYdiff_landingpadlines_survival_384well1/20260220_085237_196/260220_Day12_WellM15_Channel405nm Binned,561nm Binned,488nm Binned_Seq0170.nd2","20260220_085237_196/260220_Day12_WellM15_Channel405nm Binned,561nm Binned,488nm Binned_Seq0170.nd2","260220_Day12_WellM15_Channel405nm Binned,561nm Binned,488nm Binned_Seq0170.nd2",.nd2,49692672,2026-02-20T09:26:36,M15,12,405nm Binned|561nm Binned|488nm Binned,Seq0170,20260220_085237_196,high,,not_requested,,,
"/Users/makennarodriguez/Documents/260213_Feb16recopy_HYdiff_landingpadlines_survival_384well1/20260220_085237_196/260220_Day12_WellM16_Channel405nm Binned,561nm Binned,488nm Binned_Seq0171.nd2","20260220_085237_196/260220_Day12_WellM16_Channel405nm Binned,561nm Binned,488nm Binned_Seq0171.nd2","260220_Day12_WellM16_Channel405nm Binned,561nm Binned,488nm Binned_Seq0171.nd2",.nd2,49692672,2026-02-20T09:26:48,M16,12,405nm Binned|561nm Binned|488nm Binned,Seq0171,20260220_085237_196,high,,not_requested,,,
"/Users/makennarodriguez/Documents/260213_Feb16recopy_HYdiff_landingpadlines_survival_384well1/20260220_085237_196/260220_Day12_WellM17_Channel405nm Binned,561nm Binned,488nm Binned_Seq0172.nd2","20260220_085237_196/260220_Day12_WellM17_Channel405nm Binned,561nm Binned,488nm Binned_Seq0172.nd2","260220_Day12_WellM17_Channel405nm Binned,561nm Binned,488nm Binned_Seq0172.nd2",.nd2,49692672,2026-02-20T09:27:00,M17,12,405nm Binned|561nm Binned|488nm Binned,Seq0172,20260220_085237_196,high,,not_requested,,,
"/Users/makennarodriguez/Documents/260213_Feb16recopy_HYdiff_landingpadlines_survival_384well1/20260220_085237_196/260220_Day12_WellM18_Channel405nm Binned,561nm Binned,488nm Binned_Seq0173.nd2","20260220_085237_196/260220_Day12_WellM18_Channel405nm Binned,561nm Binned,488nm Binned_Seq0173.nd2","260220_Day12_WellM18_Channel405nm Binned,561nm Binned,488nm Binned_Seq0173.nd2",.nd2,49692672,2026-02-20T09:27:10,M18,12,405nm Binned|561nm Binned|488nm Binned,Seq0173,20260220_085237_196,high,,not_requested,,,
"/Users/makennarodriguez/Documents/260213_Feb16recopy_HYdiff_landingpadlines_survival_384well1/20260220_085237_196/260220_Day12_WellM19_Channel405nm Binned,561nm Binned,488nm Binned_Seq0174.nd2","20260220_085237_196/260220_Day12_WellM19_Channel405nm Binned,561nm Binned,488nm Binned_Seq0174.nd2","260220_Day12_WellM19_Channel405nm Binned,561nm Binned,488nm Binned_Seq0174.nd2",.nd2,49692672,2026-02-20T09:27:22,M19,12,405nm Binned|561nm Binned|488nm Binned,Seq0174,20260220_085237_196,high,,not_requested,,,
"/Users/makennarodriguez/Documents/260213_Feb16recopy_HYdiff_landingpadlines_survival_384well1/20260220_085237_196/260220_Day12_WellM20_Channel405nm Binned,561nm Binned,488nm Binned_Seq0175.nd2","20260220_085237_196/260220_Day12_WellM20_Channel405nm Binned,561nm Binned,488nm Binned_Seq0175.nd2","260220_Day12_WellM20_Channel405nm Binned,561nm Binned,488nm Binned_Seq0175.nd2",.nd2,49692672,2026-02-20T09:27:34,M20,12,405nm Binned|561nm Binned|488nm Binned,Seq0175,20260220_085237_196,high,,not_requested,,,
"/Users/makennarodriguez/Documents/260213_Feb16recopy_HYdiff_landingpadlines_survival_384well1/20260220_085237_196/260220_Day12_WellN05_Channel405nm Binned,561nm Binned,488nm Binned_Seq0176.nd2","20260220_085237_196/260220_Day12_WellN05_Channel405nm Binned,561nm Binned,488nm Binned_Seq0176.nd2","260220_Day12_WellN05_Channel405nm Binned,561nm Binned,488nm Binned_Seq0176.nd2",.nd2,49692672,2026-02-20T09:27:48,N05,12,405nm Binned|561nm Binned|488nm Binned,Seq0176,20260220_085237_196,high,,not_requested,,,
"/Users/makennarodriguez/Documents/260213_Feb16recopy_HYdiff_landingpadlines_survival_384well1/20260220_085237_196/260220_Day12_WellN06_Channel405nm Binned,561nm Binned,488nm Binned_Seq0177.nd2","20260220_085237_196/260220_Day12_WellN06_Channel405nm Binned,561nm Binned,488nm Binned_Seq0177.nd2","260220_Day12_WellN06_Channel405nm Binned,561nm Binned,488nm Binned_Seq0177.nd2",.nd2,49692672,2026-02-20T09:28:00,N06,12,405nm Binned|561nm Binned|488nm Binned,Seq0177,20260220_085237_196,high,,not_requested,,,
"/Users/makennarodriguez/Documents/260213_Feb16recopy_HYdiff_landingpadlines_survival_384well1/20260220_085237_196/260220_Day12_WellN07_Channel405nm Binned,561nm Binned,488nm Binned_Seq0178.nd2","20260220_085237_196/260220_Day12_WellN07_Channel405nm Binned,561nm Binned,488nm Binned_Seq0178.nd2","260220_Day12_WellN07_Channel405nm Binned,561nm Binned,488nm Binned_Seq0178.nd2",.nd2,49692672,2026-02-20T09:28:12,N07,12,405nm Binned|561nm Binned|488nm Binned,Seq0178,20260220_085237_196,high,,not_requested,,,
"/Users/makennarodriguez/Documents/260213_Feb16recopy_HYdiff_landingpadlines_survival_384well1/20260220_085237_196/260220_Day12_WellN08_Channel405nm Binned,561nm Binned,488nm Binned_Seq0179.nd2","20260220_085237_196/260220_Day12_WellN08_Channel405nm Binned,561nm Binned,488nm Binned_Seq0179.nd2","260220_Day12_WellN08_Channel405nm Binned,561nm Binned,488nm Binned_Seq0179.nd2",.nd2,49692672,2026-02-20T09:28:22,N08,12,405nm Binned|561nm Binned|488nm Binned,Seq0179,20260220_085237_196,high,,not_requested,,,
"/Users/makennarodriguez/Documents/260213_Feb16recopy_HYdiff_landingpadlines_survival_384well1/20260220_085237_196/260220_Day12_WellN09_Channel405nm Binned,561nm Binned,488nm Binned_Seq0180.nd2","20260220_085237_196/260220_Day12_WellN09_Channel405nm Binned,561nm Binned,488nm Binned_Seq0180.nd2","260220_Day12_WellN09_Channel405nm Binned,561nm Binned,488nm Binned_Seq0180.nd2",.nd2,49692672,2026-02-20T09:28:34,N09,12,405nm Binned|561nm Binned|488nm Binned,Seq0180,20260220_085237_196,high,,not_requested,,,
"/Users/makennarodriguez/Documents/260213_Feb16recopy_HYdiff_landingpadlines_survival_384well1/20260220_085237_196/260220_Day12_WellN10_Channel405nm Binned,561nm Binned,488nm Binned_Seq0181.nd2","20260220_085237_196/260220_Day12_WellN10_Channel405nm Binned,561nm Binned,488nm Binned_Seq0181.nd2","260220_Day12_WellN10_Channel405nm Binned,561nm Binned,488nm Binned_Seq0181.nd2",.nd2,49692672,2026-02-20T09:28:46,N10,12,405nm Binned|561nm Binned|488nm Binned,Seq0181,20260220_085237_196,high,,not_requested,,,
"/Users/makennarodriguez/Documents/260213_Feb16recopy_HYdiff_landingpadlines_survival_384well1/20260220_085237_196/260220_Day12_WellN11_Channel405nm Binned,561nm Binned,488nm Binned_Seq0182.nd2","20260220_085237_196/260220_Day12_WellN11_Channel405nm Binned,561nm Binned,488nm Binned_Seq0182.nd2","260220_Day12_WellN11_Channel405nm Binned,561nm Binned,488nm Binned_Seq0182.nd2",.nd2,49692672,2026-02-20T09:28:58,N11,12,405nm Binned|561nm Binned|488nm Binned,Seq0182,20260220_085237_196,high,,not_requested,,,
"/Users/makennarodriguez/Documents/260213_Feb16recopy_HYdiff_landingpadlines_survival_384well1/20260220_085237_196/260220_Day12_WellN12_Channel405nm Binned,561nm Binned,488nm Binned_Seq0183.nd2","20260220_085237_196/260220_Day12_WellN12_Channel405nm Binned,561nm Binned,488nm Binned_Seq0183.nd2","260220_Day12_WellN12_Channel405nm Binned,561nm Binned,488nm Binned_Seq0183.nd2",.nd2,49692672,2026-02-20T09:29:08,N12,12,405nm Binned|561nm Binned|488nm Binned,Seq0183,20260220_085237_196,high,,not_requested,,,
"/Users/makennarodriguez/Documents/260213_Feb16recopy_HYdiff_landingpadlines_survival_384well1/20260220_085237_196/260220_Day12_WellN13_Channel405nm Binned,561nm Binned,488nm Binned_Seq0184.nd2","20260220_085237_196/260220_Day12_WellN13_Channel405nm Binned,561nm Binned,488nm Binned_Seq0184.nd2","260220_Day12_WellN13_Channel405nm Binned,561nm Binned,488nm Binned_Seq0184.nd2",.nd2,49692672,2026-02-20T09:29:20,N13,12,405nm Binned|561nm Binned|488nm Binned,Seq0184,20260220_085237_196,high,,not_requested,,,
"/Users/makennarodriguez/Documents/260213_Feb16recopy_HYdiff_landingpadlines_survival_384well1/20260220_085237_196/260220_Day12_WellN14_Channel405nm Binned,561nm Binned,488nm Binned_Seq0185.nd2","20260220_085237_196/260220_Day12_WellN14_Channel405nm Binned,561nm Binned,488nm Binned_Seq0185.nd2","260220_Day12_WellN14_Channel405nm Binned,561nm Binned,488nm Binned_Seq0185.nd2",.nd2,49692672,2026-02-20T09:29:32,N14,12,405nm Binned|561nm Binned|488nm Binned,Seq0185,20260220_085237_196,high,,not_requested,,,
"/Users/makennarodriguez/Documents/260213_Feb16recopy_HYdiff_landingpadlines_survival_384well1/20260220_085237_196/260220_Day12_WellN15_Channel405nm Binned,561nm Binned,488nm Binned_Seq0186.nd2","20260220_085237_196/260220_Day12_WellN15_Channel405nm Binned,561nm Binned,488nm Binned_Seq0186.nd2","260220_Day12_WellN15_Channel405nm Binned,561nm Binned,488nm Binned_Seq0186.nd2",.nd2,49692672,2026-02-20T09:29:44,N15,12,405nm Binned|561nm Binned|488nm Binned,Seq0186,20260220_085237_196,high,,not_requested,,,
"/Users/makennarodriguez/Documents/260213_Feb16recopy_HYdiff_landingpadlines_survival_384well1/20260220_085237_196/260220_Day12_WellN16_Channel405nm Binned,561nm Binned,488nm Binned_Seq0187.nd2","20260220_085237_196/260220_Day12_WellN16_Channel405nm Binned,561nm Binned,488nm Binned_Seq0187.nd2","260220_Day12_WellN16_Channel405nm Binned,561nm Binned,488nm Binned_Seq0187.nd2",.nd2,49692672,2026-02-20T09:29:56,N16,12,405nm Binned|561nm Binned|488nm Binned,Seq0187,20260220_085237_196,high,,not_requested,,,
"/Users/makennarodriguez/Documents/260213_Feb16recopy_HYdiff_landingpadlines_survival_384well1/20260220_085237_196/260220_Day12_WellN17_Channel405nm Binned,561nm Binned,488nm Binned_Seq0188.nd2","20260220_085237_196/260220_Day12_WellN17_Channel405nm Binned,561nm Binned,488nm Binned_Seq0188.nd2","260220_Day12_WellN17_Channel405nm Binned,561nm Binned,488nm Binned_Seq0188.nd2",.nd2,49692672,2026-02-20T09:30:06,N17,12,405nm Binned|561nm Binned|488nm Binned,Seq0188,20260220_085237_196,high,,not_requested,,,
"/Users/makennarodriguez/Documents/260213_Feb16recopy_HYdiff_landingpadlines_survival_384well1/20260220_085237_196/260220_Day12_WellN18_Channel405nm Binned,561nm Binned,488nm Binned_Seq0189.nd2","20260220_085237_196/260220_Day12_WellN18_Channel405nm Binned,561nm Binned,488nm Binned_Seq0189.nd2","260220_Day12_WellN18_Channel405nm Binned,561nm Binned,488nm Binned_Seq0189.nd2",.nd2,49692672,2026-02-20T09:30:18,N18,12,405nm Binned|561nm Binned|488nm Binned,Seq0189,20260220_085237_196,high,,not_requested,,,
"/Users/makennarodriguez/Documents/260213_Feb16recopy_HYdiff_landingpadlines_survival_384well1/20260220_085237_196/260220_Day12_WellN19_Channel405nm Binned,561nm Binned,488nm Binned_Seq0190.nd2","20260220_085237_196/260220_Day12_WellN19_Channel405nm Binned,561nm Binned,488nm Binned_Seq0190.nd2","260220_Day12_WellN19_Channel405nm Binned,561nm Binned,488nm Binned_Seq0190.nd2",.nd2,49692672,2026-02-20T09:30:30,N19,12,405nm Binned|561nm Binned|488nm Binned,Seq0190,20260220_085237_196,high,,not_requested,,,
"/Users/makennarodriguez/Documents/260213_Feb16recopy_HYdiff_landingpadlines_survival_384well1/20260220_085237_196/260220_Day12_WellN20_Channel405nm Binned,561nm Binned,488nm Binned_Seq0191.nd2","20260220_085237_196/260220_Day12_WellN20_Channel405nm Binned,561nm Binned,488nm Binned_Seq0191.nd2","260220_Day12_WellN20_Channel405nm Binned,561nm Binned,488nm Binned_Seq0191.nd2",.nd2,49692672,2026-02-20T09:30:42,N20,12,405nm Binned|561nm Binned|488nm Binned,Seq0191,20260220_085237_196,high,,not_requested,,,
"/Users/makennarodriguez/Documents/260213_Feb16recopy_HYdiff_landingpadlines_survival_384well1/20260224_090320_759/260224_day16_WellC05_Channel405nm Binned,561nm Binned,488nm Binned_Seq0000.nd2","20260224_090320_759/260224_day16_WellC05_Channel405nm Binned,561nm Binned,488nm Binned_Seq0000.nd2","260224_day16_WellC05_Channel405nm Binned,561nm Binned,488nm Binned_Seq0000.nd2",.nd2,49692672,2026-02-24T09:03:56,C05,16,405nm Binned|561nm Binned|488nm Binned,Seq0000,20260224_090320_759,high,,not_requested,,,
"/Users/makennarodriguez/Documents/260213_Feb16recopy_HYdiff_landingpadlines_survival_384well1/20260224_090320_759/260224_day16_WellC06_Channel405nm Binned,561nm Binned,488nm Binned_Seq0001.nd2","20260224_090320_759/260224_day16_WellC06_Channel405nm Binned,561nm Binned,488nm Binned_Seq0001.nd2","260224_day16_WellC06_Channel405nm Binned,561nm Binned,488nm Binned_Seq0001.nd2",.nd2,49692672,2026-02-24T09:04:08,C06,16,405nm Binned|561nm Binned|488nm Binned,Seq0001,20260224_090320_759,high,,not_requested,,,
"/Users/makennarodriguez/Documents/260213_Feb16recopy_HYdiff_landingpadlines_survival_384well1/20260224_090320_759/260224_day16_WellC07_Channel405nm Binned,561nm Binned,488nm Binned_Seq0002.nd2","20260224_090320_759/260224_day16_WellC07_Channel405nm Binned,561nm Binned,488nm Binned_Seq0002.nd2","260224_day16_WellC07_Channel405nm Binned,561nm Binned,488nm Binned_Seq0002.nd2",.nd2,49692672,2026-02-24T09:04:20,C07,16,405nm Binned|561nm Binned|488nm Binned,Seq0002,20260224_090320_759,high,,not_requested,,,
"/Users/makennarodriguez/Documents/260213_Feb16recopy_HYdiff_landingpadlines_survival_384well1/20260224_090320_759/260224_day16_WellC08_Channel405nm Binned,561nm Binned,488nm Binned_Seq0003.nd2","20260224_090320_759/260224_day16_WellC08_Channel405nm Binned,561nm Binned,488nm Binned_Seq0003.nd2","260224_day16_WellC08_Channel405nm Binned,561nm Binned,488nm Binned_Seq0003.nd2",.nd2,49692672,2026-02-24T09:04:32,C08,16,405nm Binned|561nm Binned|488nm Binned,Seq0003,20260224_090320_759,high,,not_requested,,,
"/Users/makennarodriguez/Documents/260213_Feb16recopy_HYdiff_landingpadlines_survival_384well1/20260224_090320_759/260224_day16_WellC09_Channel405nm Binned,561nm Binned,488nm Binned_Seq0004.nd2","20260224_090320_759/260224_day16_WellC09_Channel405nm Binned,561nm Binned,488nm Binned_Seq0004.nd2","260224_day16_WellC09_Channel405nm Binned,561nm Binned,488nm Binned_Seq0004.nd2",.nd2,49692672,2026-02-24T09:04:42,C09,16,405nm Binned|561nm Binned|488nm Binned,Seq0004,20260224_090320_759,high,,not_requested,,,
"/Users/makennarodriguez/Documents/260213_Feb16recopy_HYdiff_landingpadlines_survival_384well1/20260224_090320_759/260224_day16_WellC10_Channel405nm Binned,561nm Binned,488nm Binned_Seq0005.nd2","20260224_090320_759/260224_day16_WellC10_Channel405nm Binned,561nm Binned,488nm Binned_Seq0005.nd2","260224_day16_WellC10_Channel405nm Binned,561nm Binned,488nm Binned_Seq0005.nd2",.nd2,49692672,2026-02-24T09:04:54,C10,16,405nm Binned|561nm Binned|488nm Binned,Seq0005,20260224_090320_759,high,,not_requested,,,
"/Users/makennarodriguez/Documents/260213_Feb16recopy_HYdiff_landingpadlines_survival_384well1/20260224_090320_759/260224_day16_WellC11_Channel405nm Binned,561nm Binned,488nm Binned_Seq0006.nd2","20260224_090320_759/260224_day16_WellC11_Channel405nm Binned,561nm Binned,488nm Binned_Seq0006.nd2","260224_day16_WellC11_Channel405nm Binned,561nm Binned,488nm Binned_Seq0006.nd2",.nd2,49692672,2026-02-24T09:05:06,C11,16,405nm Binned|561nm Binned|488nm Binned,Seq0006,20260224_090320_759,high,,not_requested,,,
"/Users/makennarodriguez/Documents/260213_Feb16recopy_HYdiff_landingpadlines_survival_384well1/20260224_090320_759/260224_day16_WellC12_Channel405nm Binned,561nm Binned,488nm Binned_Seq0007.nd2","20260224_090320_759/260224_day16_WellC12_Channel405nm Binned,561nm Binned,488nm Binned_Seq0007.nd2","260224_day16_WellC12_Channel405nm Binned,561nm Binned,488nm Binned_Seq0007.nd2",.nd2,49692672,2026-02-24T09:05:18,C12,16,405nm Binned|561nm Binned|488nm Binned,Seq0007,20260224_090320_759,high,,not_requested,,,
"/Users/makennarodriguez/Documents/260213_Feb16recopy_HYdiff_landingpadlines_survival_384well1/20260224_090320_759/260224_day16_WellC13_Channel405nm Binned,561nm Binned,488nm Binned_Seq0008.nd2","20260224_090320_759/260224_day16_WellC13_Channel405nm Binned,561nm Binned,488nm Binned_Seq0008.nd2","260224_day16_WellC13_Channel405nm Binned,561nm Binned,488nm Binned_Seq0008.nd2",.nd2,49692672,2026-02-24T09:05:30,C13,16,405nm Binned|561nm Binned|488nm Binned,Seq0008,20260224_090320_759,high,,not_requested,,,
"/Users/makennarodriguez/Documents/260213_Feb16recopy_HYdiff_landingpadlines_survival_384well1/20260224_090320_759/260224_day16_WellC14_Channel405nm Binned,561nm Binned,488nm Binned_Seq0009.nd2","20260224_090320_759/260224_day16_WellC14_Channel405nm Binned,561nm Binned,488nm Binned_Seq0009.nd2","260224_day16_WellC14_Channel405nm Binned,561nm Binned,488nm Binned_Seq0009.nd2",.nd2,49692672,2026-02-24T09:05:42,C14,16,405nm Binned|561nm Binned|488nm Binned,Seq0009,20260224_090320_759,high,,not_requested,,,
"/Users/makennarodriguez/Documents/260213_Feb16recopy_HYdiff_landingpadlines_survival_384well1/20260224_090320_759/260224_day16_WellC15_Channel405nm Binned,561nm Binned,488nm Binned_Seq0010.nd2","20260224_090320_759/260224_day16_WellC15_Channel405nm Binned,561nm Binned,488nm Binned_Seq0010.nd2","260224_day16_WellC15_Channel405nm Binned,561nm Binned,488nm Binned_Seq0010.nd2",.nd2,49692672,2026-02-24T09:05:54,C15,16,405nm Binned|561nm Binned|488nm Binned,Seq0010,20260224_090320_759,high,,not_requested,,,
"/Users/makennarodriguez/Documents/260213_Feb16recopy_HYdiff_landingpadlines_survival_384well1/20260224_090320_759/260224_day16_WellC16_Channel405nm Binned,561nm Binned,488nm Binned_Seq0011.nd2","20260224_090320_759/260224_day16_WellC16_Channel405nm Binned,561nm Binned,488nm Binned_Seq0011.nd2","260224_day16_WellC16_Channel405nm Binned,561nm Binned,488nm Binned_Seq0011.nd2",.nd2,49692672,2026-02-24T09:06:04,C16,16,405nm Binned|561nm Binned|488nm Binned,Seq0011,20260224_090320_759,high,,not_requested,,,
"/Users/makennarodriguez/Documents/260213_Feb16recopy_HYdiff_landingpadlines_survival_384well1/20260224_090320_759/260224_day16_WellC17_Channel405nm Binned,561nm Binned,488nm Binned_Seq0012.nd2","20260224_090320_759/260224_day16_WellC17_Channel405nm Binned,561nm Binned,488nm Binned_Seq0012.nd2","260224_day16_WellC17_Channel405nm Binned,561nm Binned,488nm Binned_Seq0012.nd2",.nd2,49692672,2026-02-24T09:06:16,C17,16,405nm Binned|561nm Binned|488nm Binned,Seq0012,20260224_090320_759,high,,not_requested,,,
"/Users/makennarodriguez/Documents/260213_Feb16recopy_HYdiff_landingpadlines_survival_384well1/20260224_090320_759/260224_day16_WellC18_Channel405nm Binned,561nm Binned,488nm Binned_Seq0013.nd2","20260224_090320_759/260224_day16_WellC18_Channel405nm Binned,561nm Binned,488nm Binned_Seq0013.nd2","260224_day16_WellC18_Channel405nm Binned,561nm Binned,488nm Binned_Seq0013.nd2",.nd2,49692672,2026-02-24T09:06:28,C18,16,405nm Binned|561nm Binned|488nm Binned,Seq0013,20260224_090320_759,high,,not_requested,,,
"/Users/makennarodriguez/Documents/260213_Feb16recopy_HYdiff_landingpadlines_survival_384well1/20260224_090320_759/260224_day16_WellC19_Channel405nm Binned,561nm Binned,488nm Binned_Seq0014.nd2","20260224_090320_759/260224_day16_WellC19_Channel405nm Binned,561nm Binned,488nm Binned_Seq0014.nd2","260224_day16_WellC19_Channel405nm Binned,561nm Binned,488nm Binned_Seq0014.nd2",.nd2,49692672,2026-02-24T09:06:40,C19,16,405nm Binned|561nm Binned|488nm Binned,Seq0014,20260224_090320_759,high,,not_requested,,,
"/Users/makennarodriguez/Documents/260213_Feb16recopy_HYdiff_landingpadlines_survival_384well1/20260224_090320_759/260224_day16_WellC20_Channel405nm Binned,561nm Binned,488nm Binned_Seq0015.nd2","20260224_090320_759/260224_day16_WellC20_Channel405nm Binned,561nm Binned,488nm Binned_Seq0015.nd2","260224_day16_WellC20_Channel405nm Binned,561nm Binned,488nm Binned_Seq0015.nd2",.nd2,49692672,2026-02-24T09:06:50,C20,16,405nm Binned|561nm Binned|488nm Binned,Seq0015,20260224_090320_759,high,,not_requested,,,
"/Users/makennarodriguez/Documents/260213_Feb16recopy_HYdiff_landingpadlines_survival_384well1/20260224_090320_759/260224_day16_WellD05_Channel405nm Binned,561nm Binned,488nm Binned_Seq0016.nd2","20260224_090320_759/260224_day16_WellD05_Channel405nm Binned,561nm Binned,488nm Binned_Seq0016.nd2","260224_day16_WellD05_Channel405nm Binned,561nm Binned,488nm Binned_Seq0016.nd2",.nd2,49692672,2026-02-24T09:07:04,D05,16,405nm Binned|561nm Binned|488nm Binned,Seq0016,20260224_090320_759,high,,not_requested,,,
"/Users/makennarodriguez/Documents/260213_Feb16recopy_HYdiff_landingpadlines_survival_384well1/20260224_090320_759/260224_day16_WellD06_Channel405nm Binned,561nm Binned,488nm Binned_Seq0017.nd2","20260224_090320_759/260224_day16_WellD06_Channel405nm Binned,561nm Binned,488nm Binned_Seq0017.nd2","260224_day16_WellD06_Channel405nm Binned,561nm Binned,488nm Binned_Seq0017.nd2",.nd2,49692672,2026-02-24T09:07:16,D06,16,405nm Binned|561nm Binned|488nm Binned,Seq0017,20260224_090320_759,high,,not_requested,,,
"/Users/makennarodriguez/Documents/260213_Feb16recopy_HYdiff_landingpadlines_survival_384well1/20260224_090320_759/260224_day16_WellD07_Channel405nm Binned,561nm Binned,488nm Binned_Seq0018.nd2","20260224_090320_759/260224_day16_WellD07_Channel405nm Binned,561nm Binned,488nm Binned_Seq0018.nd2","260224_day16_WellD07_Channel405nm Binned,561nm Binned,488nm Binned_Seq0018.nd2",.nd2,49692672,2026-02-24T09:07:28,D07,16,405nm Binned|561nm Binned|488nm Binned,Seq0018,20260224_090320_759,high,,not_requested,,,
"/Users/makennarodriguez/Documents/260213_Feb16recopy_HYdiff_landingpadlines_survival_384well1/20260224_090320_759/260224_day16_WellD08_Channel405nm Binned,561nm Binned,488nm Binned_Seq0019.nd2","20260224_090320_759/260224_day16_WellD08_Channel405nm Binned,561nm Binned,488nm Binned_Seq0019.nd2","260224_day16_WellD08_Channel405nm Binned,561nm Binned,488nm Binned_Seq0019.nd2",.nd2,49692672,2026-02-24T09:07:38,D08,16,405nm Binned|561nm Binned|488nm Binned,Seq0019,20260224_090320_759,high,,not_requested,,,
"/Users/makennarodriguez/Documents/260213_Feb16recopy_HYdiff_landingpadlines_survival_384well1/20260224_090320_759/260224_day16_WellD09_Channel405nm Binned,561nm Binned,488nm Binned_Seq0020.nd2","20260224_090320_759/260224_day16_WellD09_Channel405nm Binned,561nm Binned,488nm Binned_Seq0020.nd2","260224_day16_WellD09_Channel405nm Binned,561nm Binned,488nm Binned_Seq0020.nd2",.nd2,49692672,2026-02-24T09:07:50,D09,16,405nm Binned|561nm Binned|488nm Binned,Seq0020,20260224_090320_759,high,,not_requested,,,
"/Users/makennarodriguez/Documents/260213_Feb16recopy_HYdiff_landingpadlines_survival_384well1/20260224_090320_759/260224_day16_WellD10_Channel405nm Binned,561nm Binned,488nm Binned_Seq0021.nd2","20260224_090320_759/260224_day16_WellD10_Channel405nm Binned,561nm Binned,488nm Binned_Seq0021.nd2","260224_day16_WellD10_Channel405nm Binned,561nm Binned,488nm Binned_Seq0021.nd2",.nd2,49692672,2026-02-24T09:08:02,D10,16,405nm Binned|561nm Binned|488nm Binned,Seq0021,20260224_090320_759,high,,not_requested,,,
"/Users/makennarodriguez/Documents/260213_Feb16recopy_HYdiff_landingpadlines_survival_384well1/20260224_090320_759/260224_day16_WellD11_Channel405nm Binned,561nm Binned,488nm Binned_Seq0022.nd2","20260224_090320_759/260224_day16_WellD11_Channel405nm Binned,561nm Binned,488nm Binned_Seq0022.nd2","260224_day16_WellD11_Channel405nm Binned,561nm Binned,488nm Binned_Seq0022.nd2",.nd2,49692672,2026-02-24T09:08:12,D11,16,405nm Binned|561nm Binned|488nm Binned,Seq0022,20260224_090320_759,high,,not_requested,,,
"/Users/makennarodriguez/Documents/260213_Feb16recopy_HYdiff_landingpadlines_survival_384well1/20260224_090320_759/260224_day16_WellD12_Channel405nm Binned,561nm Binned,488nm Binned_Seq0023.nd2","20260224_090320_759/260224_day16_WellD12_Channel405nm Binned,561nm Binned,488nm Binned_Seq0023.nd2","260224_day16_WellD12_Channel405nm Binned,561nm Binned,488nm Binned_Seq0023.nd2",.nd2,49692672,2026-02-24T09:08:24,D12,16,405nm Binned|561nm Binned|488nm Binned,Seq0023,20260224_090320_759,high,,not_requested,,,
"/Users/makennarodriguez/Documents/260213_Feb16recopy_HYdiff_landingpadlines_survival_384well1/20260224_090320_759/260224_day16_WellD13_Channel405nm Binned,561nm Binned,488nm Binned_Seq0024.nd2","20260224_090320_759/260224_day16_WellD13_Channel405nm Binned,561nm Binned,488nm Binned_Seq0024.nd2","260224_day16_WellD13_Channel405nm Binned,561nm Binned,488nm Binned_Seq0024.nd2",.nd2,49692672,2026-02-24T09:08:36,D13,16,405nm Binned|561nm Binned|488nm Binned,Seq0024,20260224_090320_759,high,,not_requested,,,
"/Users/makennarodriguez/Documents/260213_Feb16recopy_HYdiff_landingpadlines_survival_384well1/20260224_090320_759/260224_day16_WellD14_Channel405nm Binned,561nm Binned,488nm Binned_Seq0025.nd2","20260224_090320_759/260224_day16_WellD14_Channel405nm Binned,561nm Binned,488nm Binned_Seq0025.nd2","260224_day16_WellD14_Channel405nm Binned,561nm Binned,488nm Binned_Seq0025.nd2",.nd2,49692672,2026-02-24T09:08:48,D14,16,405nm Binned|561nm Binned|488nm Binned,Seq0025,20260224_090320_759,high,,not_requested,,,
"/Users/makennarodriguez/Documents/260213_Feb16recopy_HYdiff_landingpadlines_survival_384well1/20260224_090320_759/260224_day16_WellD15_Channel405nm Binned,561nm Binned,488nm Binned_Seq0026.nd2","20260224_090320_759/260224_day16_WellD15_Channel405nm Binned,561nm Binned,488nm Binned_Seq0026.nd2","260224_day16_WellD15_Channel405nm Binned,561nm Binned,488nm Binned_Seq0026.nd2",.nd2,49692672,2026-02-24T09:09:00,D15,16,405nm Binned|561nm Binned|488nm Binned,Seq0026,20260224_090320_759,high,,not_requested,,,
"/Users/makennarodriguez/Documents/260213_Feb16recopy_HYdiff_landingpadlines_survival_384well1/20260224_090320_759/260224_day16_WellD16_Channel405nm Binned,561nm Binned,488nm Binned_Seq0027.nd2","20260224_090320_759/260224_day16_WellD16_Channel405nm Binned,561nm Binned,488nm Binned_Seq0027.nd2","260224_day16_WellD16_Channel405nm Binned,561nm Binned,488nm Binned_Seq0027.nd2",.nd2,49692672,2026-02-24T09:09:10,D16,16,405nm Binned|561nm Binned|488nm Binned,Seq0027,20260224_090320_759,high,,not_requested,,,
"/Users/makennarodriguez/Documents/260213_Feb16recopy_HYdiff_landingpadlines_survival_384well1/20260224_090320_759/260224_day16_WellD17_Channel405nm Binned,561nm Binned,488nm Binned_Seq0028.nd2","20260224_090320_759/260224_day16_WellD17_Channel405nm Binned,561nm Binned,488nm Binned_Seq0028.nd2","260224_day16_WellD17_Channel405nm Binned,561nm Binned,488nm Binned_Seq0028.nd2",.nd2,49692672,2026-02-24T09:09:22,D17,16,405nm Binned|561nm Binned|488nm Binned,Seq0028,20260224_090320_759,high,,not_requested,,,
"/Users/makennarodriguez/Documents/260213_Feb16recopy_HYdiff_landingpadlines_survival_384well1/20260224_090320_759/260224_day16_WellD18_Channel405nm Binned,561nm Binned,488nm Binned_Seq0029.nd2","20260224_090320_759/260224_day16_WellD18_Channel405nm Binned,561nm Binned,488nm Binned_Seq0029.nd2","260224_day16_WellD18_Channel405nm Binned,561nm Binned,488nm Binned_Seq0029.nd2",.nd2,49692672,2026-02-24T09:09:34,D18,16,405nm Binned|561nm Binned|488nm Binned,Seq0029,20260224_090320_759,high,,not_requested,,,
"/Users/makennarodriguez/Documents/260213_Feb16recopy_HYdiff_landingpadlines_survival_384well1/20260224_090320_759/260224_day16_WellD19_Channel405nm Binned,561nm Binned,488nm Binned_Seq0030.nd2","20260224_090320_759/260224_day16_WellD19_Channel405nm Binned,561nm Binned,488nm Binned_Seq0030.nd2","260224_day16_WellD19_Channel405nm Binned,561nm Binned,488nm Binned_Seq0030.nd2",.nd2,49692672,2026-02-24T09:09:44,D19,16,405nm Binned|561nm Binned|488nm Binned,Seq0030,20260224_090320_759,high,,not_requested,,,
"/Users/makennarodriguez/Documents/260213_Feb16recopy_HYdiff_landingpadlines_survival_384well1/20260224_090320_759/260224_day16_WellD20_Channel405nm Binned,561nm Binned,488nm Binned_Seq0031.nd2","20260224_090320_759/260224_day16_WellD20_Channel405nm Binned,561nm Binned,488nm Binned_Seq0031.nd2","260224_day16_WellD20_Channel405nm Binned,561nm Binned,488nm Binned_Seq0031.nd2",.nd2,49692672,2026-02-24T09:09:56,D20,16,405nm Binned|561nm Binned|488nm Binned,Seq0031,20260224_090320_759,high,,not_requested,,,
"/Users/makennarodriguez/Documents/260213_Feb16recopy_HYdiff_landingpadlines_survival_384well1/20260224_090320_759/260224_day16_WellE05_Channel405nm Binned,561nm Binned,488nm Binned_Seq0032.nd2","20260224_090320_759/260224_day16_WellE05_Channel405nm Binned,561nm Binned,488nm Binned_Seq0032.nd2","260224_day16_WellE05_Channel405nm Binned,561nm Binned,488nm Binned_Seq0032.nd2",.nd2,49692672,2026-02-24T09:10:10,E05,16,405nm Binned|561nm Binned|488nm Binned,Seq0032,20260224_090320_759,high,,not_requested,,,
"/Users/makennarodriguez/Documents/260213_Feb16recopy_HYdiff_landingpadlines_survival_384well1/20260224_090320_759/260224_day16_WellE06_Channel405nm Binned,561nm Binned,488nm Binned_Seq0033.nd2","20260224_090320_759/260224_day16_WellE06_Channel405nm Binned,561nm Binned,488nm Binned_Seq0033.nd2","260224_day16_WellE06_Channel405nm Binned,561nm Binned,488nm Binned_Seq0033.nd2",.nd2,49692672,2026-02-24T09:10:22,E06,16,405nm Binned|561nm Binned|488nm Binned,Seq0033,20260224_090320_759,high,,not_requested,,,
"/Users/makennarodriguez/Documents/260213_Feb16recopy_HYdiff_landingpadlines_survival_384well1/20260224_090320_759/260224_day16_WellE07_Channel405nm Binned,561nm Binned,488nm Binned_Seq0034.nd2","20260224_090320_759/260224_day16_WellE07_Channel405nm Binned,561nm Binned,488nm Binned_Seq0034.nd2","260224_day16_WellE07_Channel405nm Binned,561nm Binned,488nm Binned_Seq0034.nd2",.nd2,49692672,2026-02-24T09:10:34,E07,16,405nm Binned|561nm Binned|488nm Binned,Seq0034,20260224_090320_759,high,,not_requested,,,
"/Users/makennarodriguez/Documents/260213_Feb16recopy_HYdiff_landingpadlines_survival_384well1/20260224_090320_759/260224_day16_WellE08_Channel405nm Binned,561nm Binned,488nm Binned_Seq0035.nd2","20260224_090320_759/260224_day16_WellE08_Channel405nm Binned,561nm Binned,488nm Binned_Seq0035.nd2","260224_day16_WellE08_Channel405nm Binned,561nm Binned,488nm Binned_Seq0035.nd2",.nd2,49692672,2026-02-24T09:10:46,E08,16,405nm Binned|561nm Binned|488nm Binned,Seq0035,20260224_090320_759,high,,not_requested,,,
"/Users/makennarodriguez/Documents/260213_Feb16recopy_HYdiff_landingpadlines_survival_384well1/20260224_090320_759/260224_day16_WellE09_Channel405nm Binned,561nm Binned,488nm Binned_Seq0036.nd2","20260224_090320_759/260224_day16_WellE09_Channel405nm Binned,561nm Binned,488nm Binned_Seq0036.nd2","260224_day16_WellE09_Channel405nm Binned,561nm Binned,488nm Binned_Seq0036.nd2",.nd2,49692672,2026-02-24T09:10:56,E09,16,405nm Binned|561nm Binned|488nm Binned,Seq0036,20260224_090320_759,high,,not_requested,,,
"/Users/makennarodriguez/Documents/260213_Feb16recopy_HYdiff_landingpadlines_survival_384well1/20260224_090320_759/260224_day16_WellE10_Channel405nm Binned,561nm Binned,488nm Binned_Seq0037.nd2","20260224_090320_759/260224_day16_WellE10_Channel405nm Binned,561nm Binned,488nm Binned_Seq0037.nd2","260224_day16_WellE10_Channel405nm Binned,561nm Binned,488nm Binned_Seq0037.nd2",.nd2,49692672,2026-02-24T09:11:08,E10,16,405nm Binned|561nm Binned|488nm Binned,Seq0037,20260224_090320_759,high,,not_requested,,,
"/Users/makennarodriguez/Documents/260213_Feb16recopy_HYdiff_landingpadlines_survival_384well1/20260224_090320_759/260224_day16_WellE11_Channel405nm Binned,561nm Binned,488nm Binned_Seq0038.nd2","20260224_090320_759/260224_day16_WellE11_Channel405nm Binned,561nm Binned,488nm Binned_Seq0038.nd2","260224_day16_WellE11_Channel405nm Binned,561nm Binned,488nm Binned_Seq0038.nd2",.nd2,49692672,2026-02-24T09:11:20,E11,16,405nm Binned|561nm Binned|488nm Binned,Seq0038,20260224_090320_759,high,,not_requested,,,
"/Users/makennarodriguez/Documents/260213_Feb16recopy_HYdiff_landingpadlines_survival_384well1/20260224_090320_759/260224_day16_WellE12_Channel405nm Binned,561nm Binned,488nm Binned_Seq0039.nd2","20260224_090320_759/260224_day16_WellE12_Channel405nm Binned,561nm Binned,488nm Binned_Seq0039.nd2","260224_day16_WellE12_Channel405nm Binned,561nm Binned,488nm Binned_Seq0039.nd2",.nd2,49692672,2026-02-24T09:11:32,E12,16,405nm Binned|561nm Binned|488nm Binned,Seq0039,20260224_090320_759,high,,not_requested,,,
"/Users/makennarodriguez/Documents/260213_Feb16recopy_HYdiff_landingpadlines_survival_384well1/20260224_090320_759/260224_day16_WellE13_Channel405nm Binned,561nm Binned,488nm Binned_Seq0040.nd2","20260224_090320_759/260224_day16_WellE13_Channel405nm Binned,561nm Binned,488nm Binned_Seq0040.nd2","260224_day16_WellE13_Channel405nm Binned,561nm Binned,488nm Binned_Seq0040.nd2",.nd2,49692672,2026-02-24T09:11:44,E13,16,405nm Binned|561nm Binned|488nm Binned,Seq0040,20260224_090320_759,high,,not_requested,,,
"/Users/makennarodriguez/Documents/260213_Feb16recopy_HYdiff_landingpadlines_survival_384well1/20260224_090320_759/260224_day16_WellE14_Channel405nm Binned,561nm Binned,488nm Binned_Seq0041.nd2","20260224_090320_759/260224_day16_WellE14_Channel405nm Binned,561nm Binned,488nm Binned_Seq0041.nd2","260224_day16_WellE14_Channel405nm Binned,561nm Binned,488nm Binned_Seq0041.nd2",.nd2,49692672,2026-02-24T09:11:56,E14,16,405nm Binned|561nm Binned|488nm Binned,Seq0041,20260224_090320_759,high,,not_requested,,,
"/Users/makennarodriguez/Documents/260213_Feb16recopy_HYdiff_landingpadlines_survival_384well1/20260224_090320_759/260224_day16_WellE15_Channel405nm Binned,561nm Binned,488nm Binned_Seq0042.nd2","20260224_090320_759/260224_day16_WellE15_Channel405nm Binned,561nm Binned,488nm Binned_Seq0042.nd2","260224_day16_WellE15_Channel405nm Binned,561nm Binned,488nm Binned_Seq0042.nd2",.nd2,49692672,2026-02-24T09:12:06,E15,16,405nm Binned|561nm Binned|488nm Binned,Seq0042,20260224_090320_759,high,,not_requested,,,
"/Users/makennarodriguez/Documents/260213_Feb16recopy_HYdiff_landingpadlines_survival_384well1/20260224_090320_759/260224_day16_WellE16_Channel405nm Binned,561nm Binned,488nm Binned_Seq0043.nd2","20260224_090320_759/260224_day16_WellE16_Channel405nm Binned,561nm Binned,488nm Binned_Seq0043.nd2","260224_day16_WellE16_Channel405nm Binned,561nm Binned,488nm Binned_Seq0043.nd2",.nd2,49692672,2026-02-24T09:12:18,E16,16,405nm Binned|561nm Binned|488nm Binned,Seq0043,20260224_090320_759,high,,not_requested,,,
"/Users/makennarodriguez/Documents/260213_Feb16recopy_HYdiff_landingpadlines_survival_384well1/20260224_090320_759/260224_day16_WellE17_Channel405nm Binned,561nm Binned,488nm Binned_Seq0044.nd2","20260224_090320_759/260224_day16_WellE17_Channel405nm Binned,561nm Binned,488nm Binned_Seq0044.nd2","260224_day16_WellE17_Channel405nm Binned,561nm Binned,488nm Binned_Seq0044.nd2",.nd2,49692672,2026-02-24T09:12:30,E17,16,405nm Binned|561nm Binned|488nm Binned,Seq0044,20260224_090320_759,high,,not_requested,,,
"/Users/makennarodriguez/Documents/260213_Feb16recopy_HYdiff_landingpadlines_survival_384well1/20260224_090320_759/260224_day16_WellE18_Channel405nm Binned,561nm Binned,488nm Binned_Seq0045.nd2","20260224_090320_759/260224_day16_WellE18_Channel405nm Binned,561nm Binned,488nm Binned_Seq0045.nd2","260224_day16_WellE18_Channel405nm Binned,561nm Binned,488nm Binned_Seq0045.nd2",.nd2,49692672,2026-02-24T09:12:42,E18,16,405nm Binned|561nm Binned|488nm Binned,Seq0045,20260224_090320_759,high,,not_requested,,,
"/Users/makennarodriguez/Documents/260213_Feb16recopy_HYdiff_landingpadlines_survival_384well1/20260224_090320_759/260224_day16_WellE19_Channel405nm Binned,561nm Binned,488nm Binned_Seq0046.nd2","20260224_090320_759/260224_day16_WellE19_Channel405nm Binned,561nm Binned,488nm Binned_Seq0046.nd2","260224_day16_WellE19_Channel405nm Binned,561nm Binned,488nm Binned_Seq0046.nd2",.nd2,49692672,2026-02-24T09:12:54,E19,16,405nm Binned|561nm Binned|488nm Binned,Seq0046,20260224_090320_759,high,,not_requested,,,
"/Users/makennarodriguez/Documents/260213_Feb16recopy_HYdiff_landingpadlines_survival_384well1/20260224_090320_759/260224_day16_WellE20_Channel405nm Binned,561nm Binned,488nm Binned_Seq0047.nd2","20260224_090320_759/260224_day16_WellE20_Channel405nm Binned,561nm Binned,488nm Binned_Seq0047.nd2","260224_day16_WellE20_Channel405nm Binned,561nm Binned,488nm Binned_Seq0047.nd2",.nd2,49692672,2026-02-24T09:13:06,E20,16,405nm Binned|561nm Binned|488nm Binned,Seq0047,20260224_090320_759,high,,not_requested,,,
"/Users/makennarodriguez/Documents/260213_Feb16recopy_HYdiff_landingpadlines_survival_384well1/20260224_090320_759/260224_day16_WellF05_Channel405nm Binned,561nm Binned,488nm Binned_Seq0048.nd2","20260224_090320_759/260224_day16_WellF05_Channel405nm Binned,561nm Binned,488nm Binned_Seq0048.nd2","260224_day16_WellF05_Channel405nm Binned,561nm Binned,488nm Binned_Seq0048.nd2",.nd2,49692672,2026-02-24T09:13:20,F05,16,405nm Binned|561nm Binned|488nm Binned,Seq0048,20260224_090320_759,high,,not_requested,,,
"/Users/makennarodriguez/Documents/260213_Feb16recopy_HYdiff_landingpadlines_survival_384well1/20260224_090320_759/260224_day16_WellF06_Channel405nm Binned,561nm Binned,488nm Binned_Seq0049.nd2","20260224_090320_759/260224_day16_WellF06_Channel405nm Binned,561nm Binned,488nm Binned_Seq0049.nd2","260224_day16_WellF06_Channel405nm Binned,561nm Binned,488nm Binned_Seq0049.nd2",.nd2,49692672,2026-02-24T09:13:30,F06,16,405nm Binned|561nm Binned|488nm Binned,Seq0049,20260224_090320_759,high,,not_requested,,,
"/Users/makennarodriguez/Documents/260213_Feb16recopy_HYdiff_landingpadlines_survival_384well1/20260224_090320_759/260224_day16_WellF07_Channel405nm Binned,561nm Binned,488nm Binned_Seq0050.nd2","20260224_090320_759/260224_day16_WellF07_Channel405nm Binned,561nm Binned,488nm Binned_Seq0050.nd2","260224_day16_WellF07_Channel405nm Binned,561nm Binned,488nm Binned_Seq0050.nd2",.nd2,49692672,2026-02-24T09:13:42,F07,16,405nm Binned|561nm Binned|488nm Binned,Seq0050,20260224_090320_759,high,,not_requested,,,
"/Users/makennarodriguez/Documents/260213_Feb16recopy_HYdiff_landingpadlines_survival_384well1/20260224_090320_759/260224_day16_WellF08_Channel405nm Binned,561nm Binned,488nm Binned_Seq0051.nd2","20260224_090320_759/260224_day16_WellF08_Channel405nm Binned,561nm Binned,488nm Binned_Seq0051.nd2","260224_day16_WellF08_Channel405nm Binned,561nm Binned,488nm Binned_Seq0051.nd2",.nd2,49692672,2026-02-24T09:13:54,F08,16,405nm Binned|561nm Binned|488nm Binned,Seq0051,20260224_090320_759,high,,not_requested,,,
"/Users/makennarodriguez/Documents/260213_Feb16recopy_HYdiff_landingpadlines_survival_384well1/20260224_090320_759/260224_day16_WellF09_Channel405nm Binned,561nm Binned,488nm Binned_Seq0052.nd2","20260224_090320_759/260224_day16_WellF09_Channel405nm Binned,561nm Binned,488nm Binned_Seq0052.nd2","260224_day16_WellF09_Channel405nm Binned,561nm Binned,488nm Binned_Seq0052.nd2",.nd2,49692672,2026-02-24T09:14:06,F09,16,405nm Binned|561nm Binned|488nm Binned,Seq0052,20260224_090320_759,high,,not_requested,,,
"/Users/makennarodriguez/Documents/260213_Feb16recopy_HYdiff_landingpadlines_survival_384well1/20260224_090320_759/260224_day16_WellF10_Channel405nm Binned,561nm Binned,488nm Binned_Seq0053.nd2","20260224_090320_759/260224_day16_WellF10_Channel405nm Binned,561nm Binned,488nm Binned_Seq0053.nd2","260224_day16_WellF10_Channel405nm Binned,561nm Binned,488nm Binned_Seq0053.nd2",.nd2,49692672,2026-02-24T09:14:18,F10,16,405nm Binned|561nm Binned|488nm Binned,Seq0053,20260224_090320_759,high,,not_requested,,,
"/Users/makennarodriguez/Documents/260213_Feb16recopy_HYdiff_landingpadlines_survival_384well1/20260224_090320_759/260224_day16_WellF11_Channel405nm Binned,561nm Binned,488nm Binned_Seq0054.nd2","20260224_090320_759/260224_day16_WellF11_Channel405nm Binned,561nm Binned,488nm Binned_Seq0054.nd2","260224_day16_WellF11_Channel405nm Binned,561nm Binned,488nm Binned_Seq0054.nd2",.nd2,49692672,2026-02-24T09:14:30,F11,16,405nm Binned|561nm Binned|488nm Binned,Seq0054,20260224_090320_759,high,,not_requested,,,
"/Users/makennarodriguez/Documents/260213_Feb16recopy_HYdiff_landingpadlines_survival_384well1/20260224_090320_759/260224_day16_WellF12_Channel405nm Binned,561nm Binned,488nm Binned_Seq0055.nd2","20260224_090320_759/260224_day16_WellF12_Channel405nm Binned,561nm Binned,488nm Binned_Seq0055.nd2","260224_day16_WellF12_Channel405nm Binned,561nm Binned,488nm Binned_Seq0055.nd2",.nd2,49692672,2026-02-24T09:14:42,F12,16,405nm Binned|561nm Binned|488nm Binned,Seq0055,20260224_090320_759,high,,not_requested,,,
"/Users/makennarodriguez/Documents/260213_Feb16recopy_HYdiff_landingpadlines_survival_384well1/20260224_090320_759/260224_day16_WellF13_Channel405nm Binned,561nm Binned,488nm Binned_Seq0056.nd2","20260224_090320_759/260224_day16_WellF13_Channel405nm Binned,561nm Binned,488nm Binned_Seq0056.nd2","260224_day16_WellF13_Channel405nm Binned,561nm Binned,488nm Binned_Seq0056.nd2",.nd2,49692672,2026-02-24T09:14:52,F13,16,405nm Binned|561nm Binned|488nm Binned,Seq0056,20260224_090320_759,high,,not_requested,,,
"/Users/makennarodriguez/Documents/260213_Feb16recopy_HYdiff_landingpadlines_survival_384well1/20260224_090320_759/260224_day16_WellF14_Channel405nm Binned,561nm Binned,488nm Binned_Seq0057.nd2","20260224_090320_759/260224_day16_WellF14_Channel405nm Binned,561nm Binned,488nm Binned_Seq0057.nd2","260224_day16_WellF14_Channel405nm Binned,561nm Binned,488nm Binned_Seq0057.nd2",.nd2,49692672,2026-02-24T09:15:04,F14,16,405nm Binned|561nm Binned|488nm Binned,Seq0057,20260224_090320_759,high,,not_requested,,,
"/Users/makennarodriguez/Documents/260213_Feb16recopy_HYdiff_landingpadlines_survival_384well1/20260224_090320_759/260224_day16_WellF15_Channel405nm Binned,561nm Binned,488nm Binned_Seq0058.nd2","20260224_090320_759/260224_day16_WellF15_Channel405nm Binned,561nm Binned,488nm Binned_Seq0058.nd2","260224_day16_WellF15_Channel405nm Binned,561nm Binned,488nm Binned_Seq0058.nd2",.nd2,49692672,2026-02-24T09:15:16,F15,16,405nm Binned|561nm Binned|488nm Binned,Seq0058,20260224_090320_759,high,,not_requested,,,
"/Users/makennarodriguez/Documents/260213_Feb16recopy_HYdiff_landingpadlines_survival_384well1/20260224_090320_759/260224_day16_WellF16_Channel405nm Binned,561nm Binned,488nm Binned_Seq0059.nd2","20260224_090320_759/260224_day16_WellF16_Channel405nm Binned,561nm Binned,488nm Binned_Seq0059.nd2","260224_day16_WellF16_Channel405nm Binned,561nm Binned,488nm Binned_Seq0059.nd2",.nd2,49692672,2026-02-24T09:15:28,F16,16,405nm Binned|561nm Binned|488nm Binned,Seq0059,20260224_090320_759,high,,not_requested,,,
"/Users/makennarodriguez/Documents/260213_Feb16recopy_HYdiff_landingpadlines_survival_384well1/20260224_090320_759/260224_day16_WellF17_Channel405nm Binned,561nm Binned,488nm Binned_Seq0060.nd2","20260224_090320_759/260224_day16_WellF17_Channel405nm Binned,561nm Binned,488nm Binned_Seq0060.nd2","260224_day16_WellF17_Channel405nm Binned,561nm Binned,488nm Binned_Seq0060.nd2",.nd2,49692672,2026-02-24T09:15:38,F17,16,405nm Binned|561nm Binned|488nm Binned,Seq0060,20260224_090320_759,high,,not_requested,,,
"/Users/makennarodriguez/Documents/260213_Feb16recopy_HYdiff_landingpadlines_survival_384well1/20260224_090320_759/260224_day16_WellF18_Channel405nm Binned,561nm Binned,488nm Binned_Seq0061.nd2","20260224_090320_759/260224_day16_WellF18_Channel405nm Binned,561nm Binned,488nm Binned_Seq0061.nd2","260224_day16_WellF18_Channel405nm Binned,561nm Binned,488nm Binned_Seq0061.nd2",.nd2,49692672,2026-02-24T09:15:50,F18,16,405nm Binned|561nm Binned|488nm Binned,Seq0061,20260224_090320_759,high,,not_requested,,,
"/Users/makennarodriguez/Documents/260213_Feb16recopy_HYdiff_landingpadlines_survival_384well1/20260224_090320_759/260224_day16_WellF19_Channel405nm Binned,561nm Binned,488nm Binned_Seq0062.nd2","20260224_090320_759/260224_day16_WellF19_Channel405nm Binned,561nm Binned,488nm Binned_Seq0062.nd2","260224_day16_WellF19_Channel405nm Binned,561nm Binned,488nm Binned_Seq0062.nd2",.nd2,49692672,2026-02-24T09:16:02,F19,16,405nm Binned|561nm Binned|488nm Binned,Seq0062,20260224_090320_759,high,,not_requested,,,
"/Users/makennarodriguez/Documents/260213_Feb16recopy_HYdiff_landingpadlines_survival_384well1/20260224_090320_759/260224_day16_WellF20_Channel405nm Binned,561nm Binned,488nm Binned_Seq0063.nd2","20260224_090320_759/260224_day16_WellF20_Channel405nm Binned,561nm Binned,488nm Binned_Seq0063.nd2","260224_day16_WellF20_Channel405nm Binned,561nm Binned,488nm Binned_Seq0063.nd2",.nd2,49692672,2026-02-24T09:16:14,F20,16,405nm Binned|561nm Binned|488nm Binned,Seq0063,20260224_090320_759,high,,not_requested,,,
"/Users/makennarodriguez/Documents/260213_Feb16recopy_HYdiff_landingpadlines_survival_384well1/20260224_090320_759/260224_day16_WellG05_Channel405nm Binned,561nm Binned,488nm Binned_Seq0064.nd2","20260224_090320_759/260224_day16_WellG05_Channel405nm Binned,561nm Binned,488nm Binned_Seq0064.nd2","260224_day16_WellG05_Channel405nm Binned,561nm Binned,488nm Binned_Seq0064.nd2",.nd2,49692672,2026-02-24T09:16:28,G05,16,405nm Binned|561nm Binned|488nm Binned,Seq0064,20260224_090320_759,high,,not_requested,,,
"/Users/makennarodriguez/Documents/260213_Feb16recopy_HYdiff_landingpadlines_survival_384well1/20260224_090320_759/260224_day16_WellG06_Channel405nm Binned,561nm Binned,488nm Binned_Seq0065.nd2","20260224_090320_759/260224_day16_WellG06_Channel405nm Binned,561nm Binned,488nm Binned_Seq0065.nd2","260224_day16_WellG06_Channel405nm Binned,561nm Binned,488nm Binned_Seq0065.nd2",.nd2,49692672,2026-02-24T09:16:38,G06,16,405nm Binned|561nm Binned|488nm Binned,Seq0065,20260224_090320_759,high,,not_requested,,,
"/Users/makennarodriguez/Documents/260213_Feb16recopy_HYdiff_landingpadlines_survival_384well1/20260224_090320_759/260224_day16_WellG07_Channel405nm Binned,561nm Binned,488nm Binned_Seq0066.nd2","20260224_090320_759/260224_day16_WellG07_Channel405nm Binned,561nm Binned,488nm Binned_Seq0066.nd2","260224_day16_WellG07_Channel405nm Binned,561nm Binned,488nm Binned_Seq0066.nd2",.nd2,49692672,2026-02-24T09:16:50,G07,16,405nm Binned|561nm Binned|488nm Binned,Seq0066,20260224_090320_759,high,,not_requested,,,
"/Users/makennarodriguez/Documents/260213_Feb16recopy_HYdiff_landingpadlines_survival_384well1/20260224_090320_759/260224_day16_WellG08_Channel405nm Binned,561nm Binned,488nm Binned_Seq0067.nd2","20260224_090320_759/260224_day16_WellG08_Channel405nm Binned,561nm Binned,488nm Binned_Seq0067.nd2","260224_day16_WellG08_Channel405nm Binned,561nm Binned,488nm Binned_Seq0067.nd2",.nd2,49692672,2026-02-24T09:17:02,G08,16,405nm Binned|561nm Binned|488nm Binned,Seq0067,20260224_090320_759,high,,not_requested,,,
"/Users/makennarodriguez/Documents/260213_Feb16recopy_HYdiff_landingpadlines_survival_384well1/20260224_090320_759/260224_day16_WellG09_Channel405nm Binned,561nm Binned,488nm Binned_Seq0068.nd2","20260224_090320_759/260224_day16_WellG09_Channel405nm Binned,561nm Binned,488nm Binned_Seq0068.nd2","260224_day16_WellG09_Channel405nm Binned,561nm Binned,488nm Binned_Seq0068.nd2",.nd2,49692672,2026-02-24T09:17:14,G09,16,405nm Binned|561nm Binned|488nm Binned,Seq0068,20260224_090320_759,high,,not_requested,,,
"/Users/makennarodriguez/Documents/260213_Feb16recopy_HYdiff_landingpadlines_survival_384well1/20260224_090320_759/260224_day16_WellG10_Channel405nm Binned,561nm Binned,488nm Binned_Seq0069.nd2","20260224_090320_759/260224_day16_WellG10_Channel405nm Binned,561nm Binned,488nm Binned_Seq0069.nd2","260224_day16_WellG10_Channel405nm Binned,561nm Binned,488nm Binned_Seq0069.nd2",.nd2,49692672,2026-02-24T09:17:24,G10,16,405nm Binned|561nm Binned|488nm Binned,Seq0069,20260224_090320_759,high,,not_requested,,,
"/Users/makennarodriguez/Documents/260213_Feb16recopy_HYdiff_landingpadlines_survival_384well1/20260224_090320_759/260224_day16_WellG11_Channel405nm Binned,561nm Binned,488nm Binned_Seq0070.nd2","20260224_090320_759/260224_day16_WellG11_Channel405nm Binned,561nm Binned,488nm Binned_Seq0070.nd2","260224_day16_WellG11_Channel405nm Binned,561nm Binned,488nm Binned_Seq0070.nd2",.nd2,49692672,2026-02-24T09:17:36,G11,16,405nm Binned|561nm Binned|488nm Binned,Seq0070,20260224_090320_759,high,,not_requested,,,
"/Users/makennarodriguez/Documents/260213_Feb16recopy_HYdiff_landingpadlines_survival_384well1/20260224_090320_759/260224_day16_WellG12_Channel405nm Binned,561nm Binned,488nm Binned_Seq0071.nd2","20260224_090320_759/260224_day16_WellG12_Channel405nm Binned,561nm Binned,488nm Binned_Seq0071.nd2","260224_day16_WellG12_Channel405nm Binned,561nm Binned,488nm Binned_Seq0071.nd2",.nd2,49692672,2026-02-24T09:17:48,G12,16,405nm Binned|561nm Binned|488nm Binned,Seq0071,20260224_090320_759,high,,not_requested,,,
"/Users/makennarodriguez/Documents/260213_Feb16recopy_HYdiff_landingpadlines_survival_384well1/20260224_090320_759/260224_day16_WellG13_Channel405nm Binned,561nm Binned,488nm Binned_Seq0072.nd2","20260224_090320_759/260224_day16_WellG13_Channel405nm Binned,561nm Binned,488nm Binned_Seq0072.nd2","260224_day16_WellG13_Channel405nm Binned,561nm Binned,488nm Binned_Seq0072.nd2",.nd2,49692672,2026-02-24T09:17:58,G13,16,405nm Binned|561nm Binned|488nm Binned,Seq0072,20260224_090320_759,high,,not_requested,,,
"/Users/makennarodriguez/Documents/260213_Feb16recopy_HYdiff_landingpadlines_survival_384well1/20260224_090320_759/260224_day16_WellG14_Channel405nm Binned,561nm Binned,488nm Binned_Seq0073.nd2","20260224_090320_759/260224_day16_WellG14_Channel405nm Binned,561nm Binned,488nm Binned_Seq0073.nd2","260224_day16_WellG14_Channel405nm Binned,561nm Binned,488nm Binned_Seq0073.nd2",.nd2,49692672,2026-02-24T09:18:10,G14,16,405nm Binned|561nm Binned|488nm Binned,Seq0073,20260224_090320_759,high,,not_requested,,,
"/Users/makennarodriguez/Documents/260213_Feb16recopy_HYdiff_landingpadlines_survival_384well1/20260224_090320_759/260224_day16_WellG15_Channel405nm Binned,561nm Binned,488nm Binned_Seq0074.nd2","20260224_090320_759/260224_day16_WellG15_Channel405nm Binned,561nm Binned,488nm Binned_Seq0074.nd2","260224_day16_WellG15_Channel405nm Binned,561nm Binned,488nm Binned_Seq0074.nd2",.nd2,49692672,2026-02-24T09:18:22,G15,16,405nm Binned|561nm Binned|488nm Binned,Seq0074,20260224_090320_759,high,,not_requested,,,
"/Users/makennarodriguez/Documents/260213_Feb16recopy_HYdiff_landingpadlines_survival_384well1/20260224_090320_759/260224_day16_WellG16_Channel405nm Binned,561nm Binned,488nm Binned_Seq0075.nd2","20260224_090320_759/260224_day16_WellG16_Channel405nm Binned,561nm Binned,488nm Binned_Seq0075.nd2","260224_day16_WellG16_Channel405nm Binned,561nm Binned,488nm Binned_Seq0075.nd2",.nd2,49692672,2026-02-24T09:18:32,G16,16,405nm Binned|561nm Binned|488nm Binned,Seq0075,20260224_090320_759,high,,not_requested,,,
"/Users/makennarodriguez/Documents/260213_Feb16recopy_HYdiff_landingpadlines_survival_384well1/20260224_090320_759/260224_day16_WellG17_Channel405nm Binned,561nm Binned,488nm Binned_Seq0076.nd2","20260224_090320_759/260224_day16_WellG17_Channel405nm Binned,561nm Binned,488nm Binned_Seq0076.nd2","260224_day16_WellG17_Channel405nm Binned,561nm Binned,488nm Binned_Seq0076.nd2",.nd2,49692672,2026-02-24T09:18:44,G17,16,405nm Binned|561nm Binned|488nm Binned,Seq0076,20260224_090320_759,high,,not_requested,,,
"/Users/makennarodriguez/Documents/260213_Feb16recopy_HYdiff_landingpadlines_survival_384well1/20260224_090320_759/260224_day16_WellG18_Channel405nm Binned,561nm Binned,488nm Binned_Seq0077.nd2","20260224_090320_759/260224_day16_WellG18_Channel405nm Binned,561nm Binned,488nm Binned_Seq0077.nd2","260224_day16_WellG18_Channel405nm Binned,561nm Binned,488nm Binned_Seq0077.nd2",.nd2,49692672,2026-02-24T09:18:54,G18,16,405nm Binned|561nm Binned|488nm Binned,Seq0077,20260224_090320_759,high,,not_requested,,,
"/Users/makennarodriguez/Documents/260213_Feb16recopy_HYdiff_landingpadlines_survival_384well1/20260224_090320_759/260224_day16_WellG19_Channel405nm Binned,561nm Binned,488nm Binned_Seq0078.nd2","20260224_090320_759/260224_day16_WellG19_Channel405nm Binned,561nm Binned,488nm Binned_Seq0078.nd2","260224_day16_WellG19_Channel405nm Binned,561nm Binned,488nm Binned_Seq0078.nd2",.nd2,49692672,2026-02-24T09:19:06,G19,16,405nm Binned|561nm Binned|488nm Binned,Seq0078,20260224_090320_759,high,,not_requested,,,
"/Users/makennarodriguez/Documents/260213_Feb16recopy_HYdiff_landingpadlines_survival_384well1/20260224_090320_759/260224_day16_WellG20_Channel405nm Binned,561nm Binned,488nm Binned_Seq0079.nd2","20260224_090320_759/260224_day16_WellG20_Channel405nm Binned,561nm Binned,488nm Binned_Seq0079.nd2","260224_day16_WellG20_Channel405nm Binned,561nm Binned,488nm Binned_Seq0079.nd2",.nd2,49692672,2026-02-24T09:19:18,G20,16,405nm Binned|561nm Binned|488nm Binned,Seq0079,20260224_090320_759,high,,not_requested,,,
"/Users/makennarodriguez/Documents/260213_Feb16recopy_HYdiff_landingpadlines_survival_384well1/20260224_090320_759/260224_day16_WellH05_Channel405nm Binned,561nm Binned,488nm Binned_Seq0080.nd2","20260224_090320_759/260224_day16_WellH05_Channel405nm Binned,561nm Binned,488nm Binned_Seq0080.nd2","260224_day16_WellH05_Channel405nm Binned,561nm Binned,488nm Binned_Seq0080.nd2",.nd2,49692672,2026-02-24T09:19:32,H05,16,405nm Binned|561nm Binned|488nm Binned,Seq0080,20260224_090320_759,high,,not_requested,,,
"/Users/makennarodriguez/Documents/260213_Feb16recopy_HYdiff_landingpadlines_survival_384well1/20260224_090320_759/260224_day16_WellH06_Channel405nm Binned,561nm Binned,488nm Binned_Seq0081.nd2","20260224_090320_759/260224_day16_WellH06_Channel405nm Binned,561nm Binned,488nm Binned_Seq0081.nd2","260224_day16_WellH06_Channel405nm Binned,561nm Binned,488nm Binned_Seq0081.nd2",.nd2,49692672,2026-02-24T09:19:44,H06,16,405nm Binned|561nm Binned|488nm Binned,Seq0081,20260224_090320_759,high,,not_requested,,,
"/Users/makennarodriguez/Documents/260213_Feb16recopy_HYdiff_landingpadlines_survival_384well1/20260224_090320_759/260224_day16_WellH07_Channel405nm Binned,561nm Binned,488nm Binned_Seq0082.nd2","20260224_090320_759/260224_day16_WellH07_Channel405nm Binned,561nm Binned,488nm Binned_Seq0082.nd2","260224_day16_WellH07_Channel405nm Binned,561nm Binned,488nm Binned_Seq0082.nd2",.nd2,49692672,2026-02-24T09:19:56,H07,16,405nm Binned|561nm Binned|488nm Binned,Seq0082,20260224_090320_759,high,,not_requested,,,
"/Users/makennarodriguez/Documents/260213_Feb16recopy_HYdiff_landingpadlines_survival_384well1/20260224_090320_759/260224_day16_WellH08_Channel405nm Binned,561nm Binned,488nm Binned_Seq0083.nd2","20260224_090320_759/260224_day16_WellH08_Channel405nm Binned,561nm Binned,488nm Binned_Seq0083.nd2","260224_day16_WellH08_Channel405nm Binned,561nm Binned,488nm Binned_Seq0083.nd2",.nd2,49692672,2026-02-24T09:20:06,H08,16,405nm Binned|561nm Binned|488nm Binned,Seq0083,20260224_090320_759,high,,not_requested,,,
"/Users/makennarodriguez/Documents/260213_Feb16recopy_HYdiff_landingpadlines_survival_384well1/20260224_090320_759/260224_day16_WellH09_Channel405nm Binned,561nm Binned,488nm Binned_Seq0084.nd2","20260224_090320_759/260224_day16_WellH09_Channel405nm Binned,561nm Binned,488nm Binned_Seq0084.nd2","260224_day16_WellH09_Channel405nm Binned,561nm Binned,488nm Binned_Seq0084.nd2",.nd2,49692672,2026-02-24T09:20:18,H09,16,405nm Binned|561nm Binned|488nm Binned,Seq0084,20260224_090320_759,high,,not_requested,,,
"/Users/makennarodriguez/Documents/260213_Feb16recopy_HYdiff_landingpadlines_survival_384well1/20260224_090320_759/260224_day16_WellH10_Channel405nm Binned,561nm Binned,488nm Binned_Seq0085.nd2","20260224_090320_759/260224_day16_WellH10_Channel405nm Binned,561nm Binned,488nm Binned_Seq0085.nd2","260224_day16_WellH10_Channel405nm Binned,561nm Binned,488nm Binned_Seq0085.nd2",.nd2,49692672,2026-02-24T09:20:30,H10,16,405nm Binned|561nm Binned|488nm Binned,Seq0085,20260224_090320_759,high,,not_requested,,,
"/Users/makennarodriguez/Documents/260213_Feb16recopy_HYdiff_landingpadlines_survival_384well1/20260224_090320_759/260224_day16_WellH11_Channel405nm Binned,561nm Binned,488nm Binned_Seq0086.nd2","20260224_090320_759/260224_day16_WellH11_Channel405nm Binned,561nm Binned,488nm Binned_Seq0086.nd2","260224_day16_WellH11_Channel405nm Binned,561nm Binned,488nm Binned_Seq0086.nd2",.nd2,49692672,2026-02-24T09:20:42,H11,16,405nm Binned|561nm Binned|488nm Binned,Seq0086,20260224_090320_759,high,,not_requested,,,
"/Users/makennarodriguez/Documents/260213_Feb16recopy_HYdiff_landingpadlines_survival_384well1/20260224_090320_759/260224_day16_WellH12_Channel405nm Binned,561nm Binned,488nm Binned_Seq0087.nd2","20260224_090320_759/260224_day16_WellH12_Channel405nm Binned,561nm Binned,488nm Binned_Seq0087.nd2","260224_day16_WellH12_Channel405nm Binned,561nm Binned,488nm Binned_Seq0087.nd2",.nd2,49692672,2026-02-24T09:20:54,H12,16,405nm Binned|561nm Binned|488nm Binned,Seq0087,20260224_090320_759,high,,not_requested,,,
"/Users/makennarodriguez/Documents/260213_Feb16recopy_HYdiff_landingpadlines_survival_384well1/20260224_090320_759/260224_day16_WellH13_Channel405nm Binned,561nm Binned,488nm Binned_Seq0088.nd2","20260224_090320_759/260224_day16_WellH13_Channel405nm Binned,561nm Binned,488nm Binned_Seq0088.nd2","260224_day16_WellH13_Channel405nm Binned,561nm Binned,488nm Binned_Seq0088.nd2",.nd2,49692672,2026-02-24T09:21:04,H13,16,405nm Binned|561nm Binned|488nm Binned,Seq0088,20260224_090320_759,high,,not_requested,,,
"/Users/makennarodriguez/Documents/260213_Feb16recopy_HYdiff_landingpadlines_survival_384well1/20260224_090320_759/260224_day16_WellH14_Channel405nm Binned,561nm Binned,488nm Binned_Seq0089.nd2","20260224_090320_759/260224_day16_WellH14_Channel405nm Binned,561nm Binned,488nm Binned_Seq0089.nd2","260224_day16_WellH14_Channel405nm Binned,561nm Binned,488nm Binned_Seq0089.nd2",.nd2,49692672,2026-02-24T09:21:16,H14,16,405nm Binned|561nm Binned|488nm Binned,Seq0089,20260224_090320_759,high,,not_requested,,,
"/Users/makennarodriguez/Documents/260213_Feb16recopy_HYdiff_landingpadlines_survival_384well1/20260224_090320_759/260224_day16_WellH15_Channel405nm Binned,561nm Binned,488nm Binned_Seq0090.nd2","20260224_090320_759/260224_day16_WellH15_Channel405nm Binned,561nm Binned,488nm Binned_Seq0090.nd2","260224_day16_WellH15_Channel405nm Binned,561nm Binned,488nm Binned_Seq0090.nd2",.nd2,49692672,2026-02-24T09:21:28,H15,16,405nm Binned|561nm Binned|488nm Binned,Seq0090,20260224_090320_759,high,,not_requested,,,
"/Users/makennarodriguez/Documents/260213_Feb16recopy_HYdiff_landingpadlines_survival_384well1/20260224_090320_759/260224_day16_WellH16_Channel405nm Binned,561nm Binned,488nm Binned_Seq0091.nd2","20260224_090320_759/260224_day16_WellH16_Channel405nm Binned,561nm Binned,488nm Binned_Seq0091.nd2","260224_day16_WellH16_Channel405nm Binned,561nm Binned,488nm Binned_Seq0091.nd2",.nd2,49692672,2026-02-24T09:21:40,H16,16,405nm Binned|561nm Binned|488nm Binned,Seq0091,20260224_090320_759,high,,not_requested,,,
"/Users/makennarodriguez/Documents/260213_Feb16recopy_HYdiff_landingpadlines_survival_384well1/20260224_090320_759/260224_day16_WellH17_Channel405nm Binned,561nm Binned,488nm Binned_Seq0092.nd2","20260224_090320_759/260224_day16_WellH17_Channel405nm Binned,561nm Binned,488nm Binned_Seq0092.nd2","260224_day16_WellH17_Channel405nm Binned,561nm Binned,488nm Binned_Seq0092.nd2",.nd2,49692672,2026-02-24T09:21:52,H17,16,405nm Binned|561nm Binned|488nm Binned,Seq0092,20260224_090320_759,high,,not_requested,,,
"/Users/makennarodriguez/Documents/260213_Feb16recopy_HYdiff_landingpadlines_survival_384well1/20260224_090320_759/260224_day16_WellH18_Channel405nm Binned,561nm Binned,488nm Binned_Seq0093.nd2","20260224_090320_759/260224_day16_WellH18_Channel405nm Binned,561nm Binned,488nm Binned_Seq0093.nd2","260224_day16_WellH18_Channel405nm Binned,561nm Binned,488nm Binned_Seq0093.nd2",.nd2,49692672,2026-02-24T09:22:02,H18,16,405nm Binned|561nm Binned|488nm Binned,Seq0093,20260224_090320_759,high,,not_requested,,,
"/Users/makennarodriguez/Documents/260213_Feb16recopy_HYdiff_landingpadlines_survival_384well1/20260224_090320_759/260224_day16_WellH19_Channel405nm Binned,561nm Binned,488nm Binned_Seq0094.nd2","20260224_090320_759/260224_day16_WellH19_Channel405nm Binned,561nm Binned,488nm Binned_Seq0094.nd2","260224_day16_WellH19_Channel405nm Binned,561nm Binned,488nm Binned_Seq0094.nd2",.nd2,49692672,2026-02-24T09:22:14,H19,16,405nm Binned|561nm Binned|488nm Binned,Seq0094,20260224_090320_759,high,,not_requested,,,
"/Users/makennarodriguez/Documents/260213_Feb16recopy_HYdiff_landingpadlines_survival_384well1/20260224_090320_759/260224_day16_WellH20_Channel405nm Binned,561nm Binned,488nm Binned_Seq0095.nd2","20260224_090320_759/260224_day16_WellH20_Channel405nm Binned,561nm Binned,488nm Binned_Seq0095.nd2","260224_day16_WellH20_Channel405nm Binned,561nm Binned,488nm Binned_Seq0095.nd2",.nd2,49692672,2026-02-24T09:22:26,H20,16,405nm Binned|561nm Binned|488nm Binned,Seq0095,20260224_090320_759,high,,not_requested,,,
"/Users/makennarodriguez/Documents/260213_Feb16recopy_HYdiff_landingpadlines_survival_384well1/20260224_090320_759/260224_day16_WellI05_Channel405nm Binned,561nm Binned,488nm Binned_Seq0096.nd2","20260224_090320_759/260224_day16_WellI05_Channel405nm Binned,561nm Binned,488nm Binned_Seq0096.nd2","260224_day16_WellI05_Channel405nm Binned,561nm Binned,488nm Binned_Seq0096.nd2",.nd2,49692672,2026-02-24T09:22:40,I05,16,405nm Binned|561nm Binned|488nm Binned,Seq0096,20260224_090320_759,high,,not_requested,,,
"/Users/makennarodriguez/Documents/260213_Feb16recopy_HYdiff_landingpadlines_survival_384well1/20260224_090320_759/260224_day16_WellI06_Channel405nm Binned,561nm Binned,488nm Binned_Seq0097.nd2","20260224_090320_759/260224_day16_WellI06_Channel405nm Binned,561nm Binned,488nm Binned_Seq0097.nd2","260224_day16_WellI06_Channel405nm Binned,561nm Binned,488nm Binned_Seq0097.nd2",.nd2,49692672,2026-02-24T09:22:52,I06,16,405nm Binned|561nm Binned|488nm Binned,Seq0097,20260224_090320_759,high,,not_requested,,,
"/Users/makennarodriguez/Documents/260213_Feb16recopy_HYdiff_landingpadlines_survival_384well1/20260224_090320_759/260224_day16_WellI07_Channel405nm Binned,561nm Binned,488nm Binned_Seq0098.nd2","20260224_090320_759/260224_day16_WellI07_Channel405nm Binned,561nm Binned,488nm Binned_Seq0098.nd2","260224_day16_WellI07_Channel405nm Binned,561nm Binned,488nm Binned_Seq0098.nd2",.nd2,49692672,2026-02-24T09:23:02,I07,16,405nm Binned|561nm Binned|488nm Binned,Seq0098,20260224_090320_759,high,,not_requested,,,
"/Users/makennarodriguez/Documents/260213_Feb16recopy_HYdiff_landingpadlines_survival_384well1/20260224_090320_759/260224_day16_WellI08_Channel405nm Binned,561nm Binned,488nm Binned_Seq0099.nd2","20260224_090320_759/260224_day16_WellI08_Channel405nm Binned,561nm Binned,488nm Binned_Seq0099.nd2","260224_day16_WellI08_Channel405nm Binned,561nm Binned,488nm Binned_Seq0099.nd2",.nd2,49692672,2026-02-24T09:23:14,I08,16,405nm Binned|561nm Binned|488nm Binned,Seq0099,20260224_090320_759,high,,not_requested,,,
"/Users/makennarodriguez/Documents/260213_Feb16recopy_HYdiff_landingpadlines_survival_384well1/20260224_090320_759/260224_day16_WellI09_Channel405nm Binned,561nm Binned,488nm Binned_Seq0100.nd2","20260224_090320_759/260224_day16_WellI09_Channel405nm Binned,561nm Binned,488nm Binned_Seq0100.nd2","260224_day16_WellI09_Channel405nm Binned,561nm Binned,488nm Binned_Seq0100.nd2",.nd2,49692672,2026-02-24T09:23:26,I09,16,405nm Binned|561nm Binned|488nm Binned,Seq0100,20260224_090320_759,high,,not_requested,,,
"/Users/makennarodriguez/Documents/260213_Feb16recopy_HYdiff_landingpadlines_survival_384well1/20260224_090320_759/260224_day16_WellI10_Channel405nm Binned,561nm Binned,488nm Binned_Seq0101.nd2","20260224_090320_759/260224_day16_WellI10_Channel405nm Binned,561nm Binned,488nm Binned_Seq0101.nd2","260224_day16_WellI10_Channel405nm Binned,561nm Binned,488nm Binned_Seq0101.nd2",.nd2,49692672,2026-02-24T09:23:38,I10,16,405nm Binned|561nm Binned|488nm Binned,Seq0101,20260224_090320_759,high,,not_requested,,,
"/Users/makennarodriguez/Documents/260213_Feb16recopy_HYdiff_landingpadlines_survival_384well1/20260224_090320_759/260224_day16_WellI11_Channel405nm Binned,561nm Binned,488nm Binned_Seq0102.nd2","20260224_090320_759/260224_day16_WellI11_Channel405nm Binned,561nm Binned,488nm Binned_Seq0102.nd2","260224_day16_WellI11_Channel405nm Binned,561nm Binned,488nm Binned_Seq0102.nd2",.nd2,49692672,2026-02-24T09:23:50,I11,16,405nm Binned|561nm Binned|488nm Binned,Seq0102,20260224_090320_759,high,,not_requested,,,
"/Users/makennarodriguez/Documents/260213_Feb16recopy_HYdiff_landingpadlines_survival_384well1/20260224_090320_759/260224_day16_WellI12_Channel405nm Binned,561nm Binned,488nm Binned_Seq0103.nd2","20260224_090320_759/260224_day16_WellI12_Channel405nm Binned,561nm Binned,488nm Binned_Seq0103.nd2","260224_day16_WellI12_Channel405nm Binned,561nm Binned,488nm Binned_Seq0103.nd2",.nd2,49692672,2026-02-24T09:24:00,I12,16,405nm Binned|561nm Binned|488nm Binned,Seq0103,20260224_090320_759,high,,not_requested,,,
"/Users/makennarodriguez/Documents/260213_Feb16recopy_HYdiff_landingpadlines_survival_384well1/20260224_090320_759/260224_day16_WellI13_Channel405nm Binned,561nm Binned,488nm Binned_Seq0104.nd2","20260224_090320_759/260224_day16_WellI13_Channel405nm Binned,561nm Binned,488nm Binned_Seq0104.nd2","260224_day16_WellI13_Channel405nm Binned,561nm Binned,488nm Binned_Seq0104.nd2",.nd2,49692672,2026-02-24T09:24:12,I13,16,405nm Binned|561nm Binned|488nm Binned,Seq0104,20260224_090320_759,high,,not_requested,,,
"/Users/makennarodriguez/Documents/260213_Feb16recopy_HYdiff_landingpadlines_survival_384well1/20260224_090320_759/260224_day16_WellI14_Channel405nm Binned,561nm Binned,488nm Binned_Seq0105.nd2","20260224_090320_759/260224_day16_WellI14_Channel405nm Binned,561nm Binned,488nm Binned_Seq0105.nd2","260224_day16_WellI14_Channel405nm Binned,561nm Binned,488nm Binned_Seq0105.nd2",.nd2,49692672,2026-02-24T09:24:24,I14,16,405nm Binned|561nm Binned|488nm Binned,Seq0105,20260224_090320_759,high,,not_requested,,,
"/Users/makennarodriguez/Documents/260213_Feb16recopy_HYdiff_landingpadlines_survival_384well1/20260224_090320_759/260224_day16_WellI15_Channel405nm Binned,561nm Binned,488nm Binned_Seq0106.nd2","20260224_090320_759/260224_day16_WellI15_Channel405nm Binned,561nm Binned,488nm Binned_Seq0106.nd2","260224_day16_WellI15_Channel405nm Binned,561nm Binned,488nm Binned_Seq0106.nd2",.nd2,49692672,2026-02-24T09:24:36,I15,16,405nm Binned|561nm Binned|488nm Binned,Seq0106,20260224_090320_759,high,,not_requested,,,
"/Users/makennarodriguez/Documents/260213_Feb16recopy_HYdiff_landingpadlines_survival_384well1/20260224_090320_759/260224_day16_WellI16_Channel405nm Binned,561nm Binned,488nm Binned_Seq0107.nd2","20260224_090320_759/260224_day16_WellI16_Channel405nm Binned,561nm Binned,488nm Binned_Seq0107.nd2","260224_day16_WellI16_Channel405nm Binned,561nm Binned,488nm Binned_Seq0107.nd2",.nd2,49692672,2026-02-24T09:24:48,I16,16,405nm Binned|561nm Binned|488nm Binned,Seq0107,20260224_090320_759,high,,not_requested,,,
"/Users/makennarodriguez/Documents/260213_Feb16recopy_HYdiff_landingpadlines_survival_384well1/20260224_090320_759/260224_day16_WellI17_Channel405nm Binned,561nm Binned,488nm Binned_Seq0108.nd2","20260224_090320_759/260224_day16_WellI17_Channel405nm Binned,561nm Binned,488nm Binned_Seq0108.nd2","260224_day16_WellI17_Channel405nm Binned,561nm Binned,488nm Binned_Seq0108.nd2",.nd2,49692672,2026-02-24T09:24:58,I17,16,405nm Binned|561nm Binned|488nm Binned,Seq0108,20260224_090320_759,high,,not_requested,,,
"/Users/makennarodriguez/Documents/260213_Feb16recopy_HYdiff_landingpadlines_survival_384well1/20260224_090320_759/260224_day16_WellI18_Channel405nm Binned,561nm Binned,488nm Binned_Seq0109.nd2","20260224_090320_759/260224_day16_WellI18_Channel405nm Binned,561nm Binned,488nm Binned_Seq0109.nd2","260224_day16_WellI18_Channel405nm Binned,561nm Binned,488nm Binned_Seq0109.nd2",.nd2,49692672,2026-02-24T09:25:10,I18,16,405nm Binned|561nm Binned|488nm Binned,Seq0109,20260224_090320_759,high,,not_requested,,,
"/Users/makennarodriguez/Documents/260213_Feb16recopy_HYdiff_landingpadlines_survival_384well1/20260224_090320_759/260224_day16_WellI19_Channel405nm Binned,561nm Binned,488nm Binned_Seq0110.nd2","20260224_090320_759/260224_day16_WellI19_Channel405nm Binned,561nm Binned,488nm Binned_Seq0110.nd2","260224_day16_WellI19_Channel405nm Binned,561nm Binned,488nm Binned_Seq0110.nd2",.nd2,49692672,2026-02-24T09:25:22,I19,16,405nm Binned|561nm Binned|488nm Binned,Seq0110,20260224_090320_759,high,,not_requested,,,
"/Users/makennarodriguez/Documents/260213_Feb16recopy_HYdiff_landingpadlines_survival_384well1/20260224_090320_759/260224_day16_WellI20_Channel405nm Binned,561nm Binned,488nm Binned_Seq0111.nd2","20260224_090320_759/260224_day16_WellI20_Channel405nm Binned,561nm Binned,488nm Binned_Seq0111.nd2","260224_day16_WellI20_Channel405nm Binned,561nm Binned,488nm Binned_Seq0111.nd2",.nd2,49692672,2026-02-24T09:25:34,I20,16,405nm Binned|561nm Binned|488nm Binned,Seq0111,20260224_090320_759,high,,not_requested,,,
"/Users/makennarodriguez/Documents/260213_Feb16recopy_HYdiff_landingpadlines_survival_384well1/20260224_090320_759/260224_day16_WellJ05_Channel405nm Binned,561nm Binned,488nm Binned_Seq0112.nd2","20260224_090320_759/260224_day16_WellJ05_Channel405nm Binned,561nm Binned,488nm Binned_Seq0112.nd2","260224_day16_WellJ05_Channel405nm Binned,561nm Binned,488nm Binned_Seq0112.nd2",.nd2,49692672,2026-02-24T09:25:48,J05,16,405nm Binned|561nm Binned|488nm Binned,Seq0112,20260224_090320_759,high,,not_requested,,,
"/Users/makennarodriguez/Documents/260213_Feb16recopy_HYdiff_landingpadlines_survival_384well1/20260224_090320_759/260224_day16_WellJ06_Channel405nm Binned,561nm Binned,488nm Binned_Seq0113.nd2","20260224_090320_759/260224_day16_WellJ06_Channel405nm Binned,561nm Binned,488nm Binned_Seq0113.nd2","260224_day16_WellJ06_Channel405nm Binned,561nm Binned,488nm Binned_Seq0113.nd2",.nd2,49692672,2026-02-24T09:26:00,J06,16,405nm Binned|561nm Binned|488nm Binned,Seq0113,20260224_090320_759,high,,not_requested,,,
"/Users/makennarodriguez/Documents/260213_Feb16recopy_HYdiff_landingpadlines_survival_384well1/20260224_090320_759/260224_day16_WellJ07_Channel405nm Binned,561nm Binned,488nm Binned_Seq0114.nd2","20260224_090320_759/260224_day16_WellJ07_Channel405nm Binned,561nm Binned,488nm Binned_Seq0114.nd2","260224_day16_WellJ07_Channel405nm Binned,561nm Binned,488nm Binned_Seq0114.nd2",.nd2,49692672,2026-02-24T09:26:10,J07,16,405nm Binned|561nm Binned|488nm Binned,Seq0114,20260224_090320_759,high,,not_requested,,,
"/Users/makennarodriguez/Documents/260213_Feb16recopy_HYdiff_landingpadlines_survival_384well1/20260224_090320_759/260224_day16_WellJ08_Channel405nm Binned,561nm Binned,488nm Binned_Seq0115.nd2","20260224_090320_759/260224_day16_WellJ08_Channel405nm Binned,561nm Binned,488nm Binned_Seq0115.nd2","260224_day16_WellJ08_Channel405nm Binned,561nm Binned,488nm Binned_Seq0115.nd2",.nd2,49692672,2026-02-24T09:26:22,J08,16,405nm Binned|561nm Binned|488nm Binned,Seq0115,20260224_090320_759,high,,not_requested,,,
"/Users/makennarodriguez/Documents/260213_Feb16recopy_HYdiff_landingpadlines_survival_384well1/20260224_090320_759/260224_day16_WellJ09_Channel405nm Binned,561nm Binned,488nm Binned_Seq0116.nd2","20260224_090320_759/260224_day16_WellJ09_Channel405nm Binned,561nm Binned,488nm Binned_Seq0116.nd2","260224_day16_WellJ09_Channel405nm Binned,561nm Binned,488nm Binned_Seq0116.nd2",.nd2,49692672,2026-02-24T09:26:34,J09,16,405nm Binned|561nm Binned|488nm Binned,Seq0116,20260224_090320_759,high,,not_requested,,,
"/Users/makennarodriguez/Documents/260213_Feb16recopy_HYdiff_landingpadlines_survival_384well1/20260224_090320_759/260224_day16_WellJ10_Channel405nm Binned,561nm Binned,488nm Binned_Seq0117.nd2","20260224_090320_759/260224_day16_WellJ10_Channel405nm Binned,561nm Binned,488nm Binned_Seq0117.nd2","260224_day16_WellJ10_Channel405nm Binned,561nm Binned,488nm Binned_Seq0117.nd2",.nd2,49692672,2026-02-24T09:26:46,J10,16,405nm Binned|561nm Binned|488nm Binned,Seq0117,20260224_090320_759,high,,not_requested,,,
"/Users/makennarodriguez/Documents/260213_Feb16recopy_HYdiff_landingpadlines_survival_384well1/20260224_090320_759/260224_day16_WellJ11_Channel405nm Binned,561nm Binned,488nm Binned_Seq0118.nd2","20260224_090320_759/260224_day16_WellJ11_Channel405nm Binned,561nm Binned,488nm Binned_Seq0118.nd2","260224_day16_WellJ11_Channel405nm Binned,561nm Binned,488nm Binned_Seq0118.nd2",.nd2,49692672,2026-02-24T09:26:56,J11,16,405nm Binned|561nm Binned|488nm Binned,Seq0118,20260224_090320_759,high,,not_requested,,,
"/Users/makennarodriguez/Documents/260213_Feb16recopy_HYdiff_landingpadlines_survival_384well1/20260224_090320_759/260224_day16_WellJ12_Channel405nm Binned,561nm Binned,488nm Binned_Seq0119.nd2","20260224_090320_759/260224_day16_WellJ12_Channel405nm Binned,561nm Binned,488nm Binned_Seq0119.nd2","260224_day16_WellJ12_Channel405nm Binned,561nm Binned,488nm Binned_Seq0119.nd2",.nd2,49692672,2026-02-24T09:27:08,J12,16,405nm Binned|561nm Binned|488nm Binned,Seq0119,20260224_090320_759,high,,not_requested,,,
"/Users/makennarodriguez/Documents/260213_Feb16recopy_HYdiff_landingpadlines_survival_384well1/20260224_090320_759/260224_day16_WellJ13_Channel405nm Binned,561nm Binned,488nm Binned_Seq0120.nd2","20260224_090320_759/260224_day16_WellJ13_Channel405nm Binned,561nm Binned,488nm Binned_Seq0120.nd2","260224_day16_WellJ13_Channel405nm Binned,561nm Binned,488nm Binned_Seq0120.nd2",.nd2,49692672,2026-02-24T09:27:20,J13,16,405nm Binned|561nm Binned|488nm Binned,Seq0120,20260224_090320_759,high,,not_requested,,,
"/Users/makennarodriguez/Documents/260213_Feb16recopy_HYdiff_landingpadlines_survival_384well1/20260224_090320_759/260224_day16_WellJ14_Channel405nm Binned,561nm Binned,488nm Binned_Seq0121.nd2","20260224_090320_759/260224_day16_WellJ14_Channel405nm Binned,561nm Binned,488nm Binned_Seq0121.nd2","260224_day16_WellJ14_Channel405nm Binned,561nm Binned,488nm Binned_Seq0121.nd2",.nd2,49692672,2026-02-24T09:27:32,J14,16,405nm Binned|561nm Binned|488nm Binned,Seq0121,20260224_090320_759,high,,not_requested,,,
"/Users/makennarodriguez/Documents/260213_Feb16recopy_HYdiff_landingpadlines_survival_384well1/20260224_090320_759/260224_day16_WellJ15_Channel405nm Binned,561nm Binned,488nm Binned_Seq0122.nd2","20260224_090320_759/260224_day16_WellJ15_Channel405nm Binned,561nm Binned,488nm Binned_Seq0122.nd2","260224_day16_WellJ15_Channel405nm Binned,561nm Binned,488nm Binned_Seq0122.nd2",.nd2,49692672,2026-02-24T09:27:44,J15,16,405nm Binned|561nm Binned|488nm Binned,Seq0122,20260224_090320_759,high,,not_requested,,,
"/Users/makennarodriguez/Documents/260213_Feb16recopy_HYdiff_landingpadlines_survival_384well1/20260224_090320_759/260224_day16_WellJ16_Channel405nm Binned,561nm Binned,488nm Binned_Seq0123.nd2","20260224_090320_759/260224_day16_WellJ16_Channel405nm Binned,561nm Binned,488nm Binned_Seq0123.nd2","260224_day16_WellJ16_Channel405nm Binned,561nm Binned,488nm Binned_Seq0123.nd2",.nd2,49692672,2026-02-24T09:27:54,J16,16,405nm Binned|561nm Binned|488nm Binned,Seq0123,20260224_090320_759,high,,not_requested,,,
"/Users/makennarodriguez/Documents/260213_Feb16recopy_HYdiff_landingpadlines_survival_384well1/20260224_090320_759/260224_day16_WellJ17_Channel405nm Binned,561nm Binned,488nm Binned_Seq0124.nd2","20260224_090320_759/260224_day16_WellJ17_Channel405nm Binned,561nm Binned,488nm Binned_Seq0124.nd2","260224_day16_WellJ17_Channel405nm Binned,561nm Binned,488nm Binned_Seq0124.nd2",.nd2,49692672,2026-02-24T09:28:06,J17,16,405nm Binned|561nm Binned|488nm Binned,Seq0124,20260224_090320_759,high,,not_requested,,,
"/Users/makennarodriguez/Documents/260213_Feb16recopy_HYdiff_landingpadlines_survival_384well1/20260224_090320_759/260224_day16_WellJ18_Channel405nm Binned,561nm Binned,488nm Binned_Seq0125.nd2","20260224_090320_759/260224_day16_WellJ18_Channel405nm Binned,561nm Binned,488nm Binned_Seq0125.nd2","260224_day16_WellJ18_Channel405nm Binned,561nm Binned,488nm Binned_Seq0125.nd2",.nd2,49692672,2026-02-24T09:28:18,J18,16,405nm Binned|561nm Binned|488nm Binned,Seq0125,20260224_090320_759,high,,not_requested,,,
"/Users/makennarodriguez/Documents/260213_Feb16recopy_HYdiff_landingpadlines_survival_384well1/20260224_090320_759/260224_day16_WellJ19_Channel405nm Binned,561nm Binned,488nm Binned_Seq0126.nd2","20260224_090320_759/260224_day16_WellJ19_Channel405nm Binned,561nm Binned,488nm Binned_Seq0126.nd2","260224_day16_WellJ19_Channel405nm Binned,561nm Binned,488nm Binned_Seq0126.nd2",.nd2,49692672,2026-02-24T09:28:28,J19,16,405nm Binned|561nm Binned|488nm Binned,Seq0126,20260224_090320_759,high,,not_requested,,,
"/Users/makennarodriguez/Documents/260213_Feb16recopy_HYdiff_landingpadlines_survival_384well1/20260224_090320_759/260224_day16_WellJ20_Channel405nm Binned,561nm Binned,488nm Binned_Seq0127.nd2","20260224_090320_759/260224_day16_WellJ20_Channel405nm Binned,561nm Binned,488nm Binned_Seq0127.nd2","260224_day16_WellJ20_Channel405nm Binned,561nm Binned,488nm Binned_Seq0127.nd2",.nd2,49692672,2026-02-24T09:28:40,J20,16,405nm Binned|561nm Binned|488nm Binned,Seq0127,20260224_090320_759,high,,not_requested,,,
"/Users/makennarodriguez/Documents/260213_Feb16recopy_HYdiff_landingpadlines_survival_384well1/20260224_090320_759/260224_day16_WellK05_Channel405nm Binned,561nm Binned,488nm Binned_Seq0128.nd2","20260224_090320_759/260224_day16_WellK05_Channel405nm Binned,561nm Binned,488nm Binned_Seq0128.nd2","260224_day16_WellK05_Channel405nm Binned,561nm Binned,488nm Binned_Seq0128.nd2",.nd2,49692672,2026-02-24T09:28:54,K05,16,405nm Binned|561nm Binned|488nm Binned,Seq0128,20260224_090320_759,high,,not_requested,,,
"/Users/makennarodriguez/Documents/260213_Feb16recopy_HYdiff_landingpadlines_survival_384well1/20260224_090320_759/260224_day16_WellK06_Channel405nm Binned,561nm Binned,488nm Binned_Seq0129.nd2","20260224_090320_759/260224_day16_WellK06_Channel405nm Binned,561nm Binned,488nm Binned_Seq0129.nd2","260224_day16_WellK06_Channel405nm Binned,561nm Binned,488nm Binned_Seq0129.nd2",.nd2,49692672,2026-02-24T09:29:06,K06,16,405nm Binned|561nm Binned|488nm Binned,Seq0129,20260224_090320_759,high,,not_requested,,,
"/Users/makennarodriguez/Documents/260213_Feb16recopy_HYdiff_landingpadlines_survival_384well1/20260224_090320_759/260224_day16_WellK07_Channel405nm Binned,561nm Binned,488nm Binned_Seq0130.nd2","20260224_090320_759/260224_day16_WellK07_Channel405nm Binned,561nm Binned,488nm Binned_Seq0130.nd2","260224_day16_WellK07_Channel405nm Binned,561nm Binned,488nm Binned_Seq0130.nd2",.nd2,49692672,2026-02-24T09:29:18,K07,16,405nm Binned|561nm Binned|488nm Binned,Seq0130,20260224_090320_759,high,,not_requested,,,
"/Users/makennarodriguez/Documents/260213_Feb16recopy_HYdiff_landingpadlines_survival_384well1/20260224_090320_759/260224_day16_WellK08_Channel405nm Binned,561nm Binned,488nm Binned_Seq0131.nd2","20260224_090320_759/260224_day16_WellK08_Channel405nm Binned,561nm Binned,488nm Binned_Seq0131.nd2","260224_day16_WellK08_Channel405nm Binned,561nm Binned,488nm Binned_Seq0131.nd2",.nd2,49692672,2026-02-24T09:29:30,K08,16,405nm Binned|561nm Binned|488nm Binned,Seq0131,20260224_090320_759,high,,not_requested,,,
"/Users/makennarodriguez/Documents/260213_Feb16recopy_HYdiff_landingpadlines_survival_384well1/20260224_090320_759/260224_day16_WellK09_Channel405nm Binned,561nm Binned,488nm Binned_Seq0132.nd2","20260224_090320_759/260224_day16_WellK09_Channel405nm Binned,561nm Binned,488nm Binned_Seq0132.nd2","260224_day16_WellK09_Channel405nm Binned,561nm Binned,488nm Binned_Seq0132.nd2",.nd2,49692672,2026-02-24T09:29:40,K09,16,405nm Binned|561nm Binned|488nm Binned,Seq0132,20260224_090320_759,high,,not_requested,,,
"/Users/makennarodriguez/Documents/260213_Feb16recopy_HYdiff_landingpadlines_survival_384well1/20260224_090320_759/260224_day16_WellK10_Channel405nm Binned,561nm Binned,488nm Binned_Seq0133.nd2","20260224_090320_759/260224_day16_WellK10_Channel405nm Binned,561nm Binned,488nm Binned_Seq0133.nd2","260224_day16_WellK10_Channel405nm Binned,561nm Binned,488nm Binned_Seq0133.nd2",.nd2,49692672,2026-02-24T09:29:52,K10,16,405nm Binned|561nm Binned|488nm Binned,Seq0133,20260224_090320_759,high,,not_requested,,,
"/Users/makennarodriguez/Documents/260213_Feb16recopy_HYdiff_landingpadlines_survival_384well1/20260224_090320_759/260224_day16_WellK11_Channel405nm Binned,561nm Binned,488nm Binned_Seq0134.nd2","20260224_090320_759/260224_day16_WellK11_Channel405nm Binned,561nm Binned,488nm Binned_Seq0134.nd2","260224_day16_WellK11_Channel405nm Binned,561nm Binned,488nm Binned_Seq0134.nd2",.nd2,49692672,2026-02-24T09:30:04,K11,16,405nm Binned|561nm Binned|488nm Binned,Seq0134,20260224_090320_759,high,,not_requested,,,
"/Users/makennarodriguez/Documents/260213_Feb16recopy_HYdiff_landingpadlines_survival_384well1/20260224_090320_759/260224_day16_WellK12_Channel405nm Binned,561nm Binned,488nm Binned_Seq0135.nd2","20260224_090320_759/260224_day16_WellK12_Channel405nm Binned,561nm Binned,488nm Binned_Seq0135.nd2","260224_day16_WellK12_Channel405nm Binned,561nm Binned,488nm Binned_Seq0135.nd2",.nd2,49692672,2026-02-24T09:30:16,K12,16,405nm Binned|561nm Binned|488nm Binned,Seq0135,20260224_090320_759,high,,not_requested,,,
"/Users/makennarodriguez/Documents/260213_Feb16recopy_HYdiff_landingpadlines_survival_384well1/20260224_090320_759/260224_day16_WellK13_Channel405nm Binned,561nm Binned,488nm Binned_Seq0136.nd2","20260224_090320_759/260224_day16_WellK13_Channel405nm Binned,561nm Binned,488nm Binned_Seq0136.nd2","260224_day16_WellK13_Channel405nm Binned,561nm Binned,488nm Binned_Seq0136.nd2",.nd2,49692672,2026-02-24T09:30:26,K13,16,405nm Binned|561nm Binned|488nm Binned,Seq0136,20260224_090320_759,high,,not_requested,,,
"/Users/makennarodriguez/Documents/260213_Feb16recopy_HYdiff_landingpadlines_survival_384well1/20260224_090320_759/260224_day16_WellK14_Channel405nm Binned,561nm Binned,488nm Binned_Seq0137.nd2","20260224_090320_759/260224_day16_WellK14_Channel405nm Binned,561nm Binned,488nm Binned_Seq0137.nd2","260224_day16_WellK14_Channel405nm Binned,561nm Binned,488nm Binned_Seq0137.nd2",.nd2,49692672,2026-02-24T09:30:38,K14,16,405nm Binned|561nm Binned|488nm Binned,Seq0137,20260224_090320_759,high,,not_requested,,,
"/Users/makennarodriguez/Documents/260213_Feb16recopy_HYdiff_landingpadlines_survival_384well1/20260224_090320_759/260224_day16_WellK15_Channel405nm Binned,561nm Binned,488nm Binned_Seq0138.nd2","20260224_090320_759/260224_day16_WellK15_Channel405nm Binned,561nm Binned,488nm Binned_Seq0138.nd2","260224_day16_WellK15_Channel405nm Binned,561nm Binned,488nm Binned_Seq0138.nd2",.nd2,49692672,2026-02-24T09:30:50,K15,16,405nm Binned|561nm Binned|488nm Binned,Seq0138,20260224_090320_759,high,,not_requested,,,
"/Users/makennarodriguez/Documents/260213_Feb16recopy_HYdiff_landingpadlines_survival_384well1/20260224_090320_759/260224_day16_WellK16_Channel405nm Binned,561nm Binned,488nm Binned_Seq0139.nd2","20260224_090320_759/260224_day16_WellK16_Channel405nm Binned,561nm Binned,488nm Binned_Seq0139.nd2","260224_day16_WellK16_Channel405nm Binned,561nm Binned,488nm Binned_Seq0139.nd2",.nd2,49692672,2026-02-24T09:31:02,K16,16,405nm Binned|561nm Binned|488nm Binned,Seq0139,20260224_090320_759,high,,not_requested,,,
"/Users/makennarodriguez/Documents/260213_Feb16recopy_HYdiff_landingpadlines_survival_384well1/20260224_090320_759/260224_day16_WellK17_Channel405nm Binned,561nm Binned,488nm Binned_Seq0140.nd2","20260224_090320_759/260224_day16_WellK17_Channel405nm Binned,561nm Binned,488nm Binned_Seq0140.nd2","260224_day16_WellK17_Channel405nm Binned,561nm Binned,488nm Binned_Seq0140.nd2",.nd2,49692672,2026-02-24T09:31:12,K17,16,405nm Binned|561nm Binned|488nm Binned,Seq0140,20260224_090320_759,high,,not_requested,,,
"/Users/makennarodriguez/Documents/260213_Feb16recopy_HYdiff_landingpadlines_survival_384well1/20260224_090320_759/260224_day16_WellK18_Channel405nm Binned,561nm Binned,488nm Binned_Seq0141.nd2","20260224_090320_759/260224_day16_WellK18_Channel405nm Binned,561nm Binned,488nm Binned_Seq0141.nd2","260224_day16_WellK18_Channel405nm Binned,561nm Binned,488nm Binned_Seq0141.nd2",.nd2,49692672,2026-02-24T09:31:24,K18,16,405nm Binned|561nm Binned|488nm Binned,Seq0141,20260224_090320_759,high,,not_requested,,,
"/Users/makennarodriguez/Documents/260213_Feb16recopy_HYdiff_landingpadlines_survival_384well1/20260224_090320_759/260224_day16_WellK19_Channel405nm Binned,561nm Binned,488nm Binned_Seq0142.nd2","20260224_090320_759/260224_day16_WellK19_Channel405nm Binned,561nm Binned,488nm Binned_Seq0142.nd2","260224_day16_WellK19_Channel405nm Binned,561nm Binned,488nm Binned_Seq0142.nd2",.nd2,49692672,2026-02-24T09:31:36,K19,16,405nm Binned|561nm Binned|488nm Binned,Seq0142,20260224_090320_759,high,,not_requested,,,
"/Users/makennarodriguez/Documents/260213_Feb16recopy_HYdiff_landingpadlines_survival_384well1/20260224_090320_759/260224_day16_WellK20_Channel405nm Binned,561nm Binned,488nm Binned_Seq0143.nd2","20260224_090320_759/260224_day16_WellK20_Channel405nm Binned,561nm Binned,488nm Binned_Seq0143.nd2","260224_day16_WellK20_Channel405nm Binned,561nm Binned,488nm Binned_Seq0143.nd2",.nd2,49692672,2026-02-24T09:31:48,K20,16,405nm Binned|561nm Binned|488nm Binned,Seq0143,20260224_090320_759,high,,not_requested,,,
"/Users/makennarodriguez/Documents/260213_Feb16recopy_HYdiff_landingpadlines_survival_384well1/20260224_090320_759/260224_day16_WellL05_Channel405nm Binned,561nm Binned,488nm Binned_Seq0144.nd2","20260224_090320_759/260224_day16_WellL05_Channel405nm Binned,561nm Binned,488nm Binned_Seq0144.nd2","260224_day16_WellL05_Channel405nm Binned,561nm Binned,488nm Binned_Seq0144.nd2",.nd2,49692672,2026-02-24T09:32:02,L05,16,405nm Binned|561nm Binned|488nm Binned,Seq0144,20260224_090320_759,high,,not_requested,,,
"/Users/makennarodriguez/Documents/260213_Feb16recopy_HYdiff_landingpadlines_survival_384well1/20260224_090320_759/260224_day16_WellL06_Channel405nm Binned,561nm Binned,488nm Binned_Seq0145.nd2","20260224_090320_759/260224_day16_WellL06_Channel405nm Binned,561nm Binned,488nm Binned_Seq0145.nd2","260224_day16_WellL06_Channel405nm Binned,561nm Binned,488nm Binned_Seq0145.nd2",.nd2,49692672,2026-02-24T09:32:14,L06,16,405nm Binned|561nm Binned|488nm Binned,Seq0145,20260224_090320_759,high,,not_requested,,,
"/Users/makennarodriguez/Documents/260213_Feb16recopy_HYdiff_landingpadlines_survival_384well1/20260224_090320_759/260224_day16_WellL07_Channel405nm Binned,561nm Binned,488nm Binned_Seq0146.nd2","20260224_090320_759/260224_day16_WellL07_Channel405nm Binned,561nm Binned,488nm Binned_Seq0146.nd2","260224_day16_WellL07_Channel405nm Binned,561nm Binned,488nm Binned_Seq0146.nd2",.nd2,49692672,2026-02-24T09:32:24,L07,16,405nm Binned|561nm Binned|488nm Binned,Seq0146,20260224_090320_759,high,,not_requested,,,
"/Users/makennarodriguez/Documents/260213_Feb16recopy_HYdiff_landingpadlines_survival_384well1/20260224_090320_759/260224_day16_WellL08_Channel405nm Binned,561nm Binned,488nm Binned_Seq0147.nd2","20260224_090320_759/260224_day16_WellL08_Channel405nm Binned,561nm Binned,488nm Binned_Seq0147.nd2","260224_day16_WellL08_Channel405nm Binned,561nm Binned,488nm Binned_Seq0147.nd2",.nd2,49692672,2026-02-24T09:32:36,L08,16,405nm Binned|561nm Binned|488nm Binned,Seq0147,20260224_090320_759,high,,not_requested,,,
"/Users/makennarodriguez/Documents/260213_Feb16recopy_HYdiff_landingpadlines_survival_384well1/20260224_090320_759/260224_day16_WellL09_Channel405nm Binned,561nm Binned,488nm Binned_Seq0148.nd2","20260224_090320_759/260224_day16_WellL09_Channel405nm Binned,561nm Binned,488nm Binned_Seq0148.nd2","260224_day16_WellL09_Channel405nm Binned,561nm Binned,488nm Binned_Seq0148.nd2",.nd2,49692672,2026-02-24T09:32:48,L09,16,405nm Binned|561nm Binned|488nm Binned,Seq0148,20260224_090320_759,high,,not_requested,,,
"/Users/makennarodriguez/Documents/260213_Feb16recopy_HYdiff_landingpadlines_survival_384well1/20260224_090320_759/260224_day16_WellL10_Channel405nm Binned,561nm Binned,488nm Binned_Seq0149.nd2","20260224_090320_759/260224_day16_WellL10_Channel405nm Binned,561nm Binned,488nm Binned_Seq0149.nd2","260224_day16_WellL10_Channel405nm Binned,561nm Binned,488nm Binned_Seq0149.nd2",.nd2,49692672,2026-02-24T09:33:00,L10,16,405nm Binned|561nm Binned|488nm Binned,Seq0149,20260224_090320_759,high,,not_requested,,,
"/Users/makennarodriguez/Documents/260213_Feb16recopy_HYdiff_landingpadlines_survival_384well1/20260224_090320_759/260224_day16_WellL11_Channel405nm Binned,561nm Binned,488nm Binned_Seq0150.nd2","20260224_090320_759/260224_day16_WellL11_Channel405nm Binned,561nm Binned,488nm Binned_Seq0150.nd2","260224_day16_WellL11_Channel405nm Binned,561nm Binned,488nm Binned_Seq0150.nd2",.nd2,49692672,2026-02-24T09:33:12,L11,16,405nm Binned|561nm Binned|488nm Binned,Seq0150,20260224_090320_759,high,,not_requested,,,
"/Users/makennarodriguez/Documents/260213_Feb16recopy_HYdiff_landingpadlines_survival_384well1/20260224_090320_759/260224_day16_WellL12_Channel405nm Binned,561nm Binned,488nm Binned_Seq0151.nd2","20260224_090320_759/260224_day16_WellL12_Channel405nm Binned,561nm Binned,488nm Binned_Seq0151.nd2","260224_day16_WellL12_Channel405nm Binned,561nm Binned,488nm Binned_Seq0151.nd2",.nd2,49692672,2026-02-24T09:33:22,L12,16,405nm Binned|561nm Binned|488nm Binned,Seq0151,20260224_090320_759,high,,not_requested,,,
"/Users/makennarodriguez/Documents/260213_Feb16recopy_HYdiff_landingpadlines_survival_384well1/20260224_090320_759/260224_day16_WellL13_Channel405nm Binned,561nm Binned,488nm Binned_Seq0152.nd2","20260224_090320_759/260224_day16_WellL13_Channel405nm Binned,561nm Binned,488nm Binned_Seq0152.nd2","260224_day16_WellL13_Channel405nm Binned,561nm Binned,488nm Binned_Seq0152.nd2",.nd2,49692672,2026-02-24T09:33:34,L13,16,405nm Binned|561nm Binned|488nm Binned,Seq0152,20260224_090320_759,high,,not_requested,,,
"/Users/makennarodriguez/Documents/260213_Feb16recopy_HYdiff_landingpadlines_survival_384well1/20260224_090320_759/260224_day16_WellL14_Channel405nm Binned,561nm Binned,488nm Binned_Seq0153.nd2","20260224_090320_759/260224_day16_WellL14_Channel405nm Binned,561nm Binned,488nm Binned_Seq0153.nd2","260224_day16_WellL14_Channel405nm Binned,561nm Binned,488nm Binned_Seq0153.nd2",.nd2,49692672,2026-02-24T09:33:46,L14,16,405nm Binned|561nm Binned|488nm Binned,Seq0153,20260224_090320_759,high,,not_requested,,,
"/Users/makennarodriguez/Documents/260213_Feb16recopy_HYdiff_landingpadlines_survival_384well1/20260224_090320_759/260224_day16_WellL15_Channel405nm Binned,561nm Binned,488nm Binned_Seq0154.nd2","20260224_090320_759/260224_day16_WellL15_Channel405nm Binned,561nm Binned,488nm Binned_Seq0154.nd2","260224_day16_WellL15_Channel405nm Binned,561nm Binned,488nm Binned_Seq0154.nd2",.nd2,49692672,2026-02-24T09:33:56,L15,16,405nm Binned|561nm Binned|488nm Binned,Seq0154,20260224_090320_759,high,,not_requested,,,
"/Users/makennarodriguez/Documents/260213_Feb16recopy_HYdiff_landingpadlines_survival_384well1/20260224_090320_759/260224_day16_WellL16_Channel405nm Binned,561nm Binned,488nm Binned_Seq0155.nd2","20260224_090320_759/260224_day16_WellL16_Channel405nm Binned,561nm Binned,488nm Binned_Seq0155.nd2","260224_day16_WellL16_Channel405nm Binned,561nm Binned,488nm Binned_Seq0155.nd2",.nd2,49692672,2026-02-24T09:34:08,L16,16,405nm Binned|561nm Binned|488nm Binned,Seq0155,20260224_090320_759,high,,not_requested,,,
"/Users/makennarodriguez/Documents/260213_Feb16recopy_HYdiff_landingpadlines_survival_384well1/20260224_090320_759/260224_day16_WellL17_Channel405nm Binned,561nm Binned,488nm Binned_Seq0156.nd2","20260224_090320_759/260224_day16_WellL17_Channel405nm Binned,561nm Binned,488nm Binned_Seq0156.nd2","260224_day16_WellL17_Channel405nm Binned,561nm Binned,488nm Binned_Seq0156.nd2",.nd2,49692672,2026-02-24T09:34:20,L17,16,405nm Binned|561nm Binned|488nm Binned,Seq0156,20260224_090320_759,high,,not_requested,,,
"/Users/makennarodriguez/Documents/260213_Feb16recopy_HYdiff_landingpadlines_survival_384well1/20260224_090320_759/260224_day16_WellL18_Channel405nm Binned,561nm Binned,488nm Binned_Seq0157.nd2","20260224_090320_759/260224_day16_WellL18_Channel405nm Binned,561nm Binned,488nm Binned_Seq0157.nd2","260224_day16_WellL18_Channel405nm Binned,561nm Binned,488nm Binned_Seq0157.nd2",.nd2,49692672,2026-02-24T09:34:30,L18,16,405nm Binned|561nm Binned|488nm Binned,Seq0157,20260224_090320_759,high,,not_requested,,,
"/Users/makennarodriguez/Documents/260213_Feb16recopy_HYdiff_landingpadlines_survival_384well1/20260224_090320_759/260224_day16_WellL19_Channel405nm Binned,561nm Binned,488nm Binned_Seq0158.nd2","20260224_090320_759/260224_day16_WellL19_Channel405nm Binned,561nm Binned,488nm Binned_Seq0158.nd2","260224_day16_WellL19_Channel405nm Binned,561nm Binned,488nm Binned_Seq0158.nd2",.nd2,49692672,2026-02-24T09:34:42,L19,16,405nm Binned|561nm Binned|488nm Binned,Seq0158,20260224_090320_759,high,,not_requested,,,
"/Users/makennarodriguez/Documents/260213_Feb16recopy_HYdiff_landingpadlines_survival_384well1/20260224_090320_759/260224_day16_WellL20_Channel405nm Binned,561nm Binned,488nm Binned_Seq0159.nd2","20260224_090320_759/260224_day16_WellL20_Channel405nm Binned,561nm Binned,488nm Binned_Seq0159.nd2","260224_day16_WellL20_Channel405nm Binned,561nm Binned,488nm Binned_Seq0159.nd2",.nd2,49692672,2026-02-24T09:34:54,L20,16,405nm Binned|561nm Binned|488nm Binned,Seq0159,20260224_090320_759,high,,not_requested,,,
"/Users/makennarodriguez/Documents/260213_Feb16recopy_HYdiff_landingpadlines_survival_384well1/20260224_090320_759/260224_day16_WellM05_Channel405nm Binned,561nm Binned,488nm Binned_Seq0160.nd2","20260224_090320_759/260224_day16_WellM05_Channel405nm Binned,561nm Binned,488nm Binned_Seq0160.nd2","260224_day16_WellM05_Channel405nm Binned,561nm Binned,488nm Binned_Seq0160.nd2",.nd2,49692672,2026-02-24T09:35:08,M05,16,405nm Binned|561nm Binned|488nm Binned,Seq0160,20260224_090320_759,high,,not_requested,,,
"/Users/makennarodriguez/Documents/260213_Feb16recopy_HYdiff_landingpadlines_survival_384well1/20260224_090320_759/260224_day16_WellM06_Channel405nm Binned,561nm Binned,488nm Binned_Seq0161.nd2","20260224_090320_759/260224_day16_WellM06_Channel405nm Binned,561nm Binned,488nm Binned_Seq0161.nd2","260224_day16_WellM06_Channel405nm Binned,561nm Binned,488nm Binned_Seq0161.nd2",.nd2,49692672,2026-02-24T09:35:20,M06,16,405nm Binned|561nm Binned|488nm Binned,Seq0161,20260224_090320_759,high,,not_requested,,,
"/Users/makennarodriguez/Documents/260213_Feb16recopy_HYdiff_landingpadlines_survival_384well1/20260224_090320_759/260224_day16_WellM07_Channel405nm Binned,561nm Binned,488nm Binned_Seq0162.nd2","20260224_090320_759/260224_day16_WellM07_Channel405nm Binned,561nm Binned,488nm Binned_Seq0162.nd2","260224_day16_WellM07_Channel405nm Binned,561nm Binned,488nm Binned_Seq0162.nd2",.nd2,49692672,2026-02-24T09:35:32,M07,16,405nm Binned|561nm Binned|488nm Binned,Seq0162,20260224_090320_759,high,,not_requested,,,
"/Users/makennarodriguez/Documents/260213_Feb16recopy_HYdiff_landingpadlines_survival_384well1/20260224_090320_759/260224_day16_WellM08_Channel405nm Binned,561nm Binned,488nm Binned_Seq0163.nd2","20260224_090320_759/260224_day16_WellM08_Channel405nm Binned,561nm Binned,488nm Binned_Seq0163.nd2","260224_day16_WellM08_Channel405nm Binned,561nm Binned,488nm Binned_Seq0163.nd2",.nd2,49692672,2026-02-24T09:35:42,M08,16,405nm Binned|561nm Binned|488nm Binned,Seq0163,20260224_090320_759,high,,not_requested,,,
"/Users/makennarodriguez/Documents/260213_Feb16recopy_HYdiff_landingpadlines_survival_384well1/20260224_090320_759/260224_day16_WellM09_Channel405nm Binned,561nm Binned,488nm Binned_Seq0164.nd2","20260224_090320_759/260224_day16_WellM09_Channel405nm Binned,561nm Binned,488nm Binned_Seq0164.nd2","260224_day16_WellM09_Channel405nm Binned,561nm Binned,488nm Binned_Seq0164.nd2",.nd2,49692672,2026-02-24T09:35:54,M09,16,405nm Binned|561nm Binned|488nm Binned,Seq0164,20260224_090320_759,high,,not_requested,,,
"/Users/makennarodriguez/Documents/260213_Feb16recopy_HYdiff_landingpadlines_survival_384well1/20260224_090320_759/260224_day16_WellM10_Channel405nm Binned,561nm Binned,488nm Binned_Seq0165.nd2","20260224_090320_759/260224_day16_WellM10_Channel405nm Binned,561nm Binned,488nm Binned_Seq0165.nd2","260224_day16_WellM10_Channel405nm Binned,561nm Binned,488nm Binned_Seq0165.nd2",.nd2,49692672,2026-02-24T09:36:06,M10,16,405nm Binned|561nm Binned|488nm Binned,Seq0165,20260224_090320_759,high,,not_requested,,,
"/Users/makennarodriguez/Documents/260213_Feb16recopy_HYdiff_landingpadlines_survival_384well1/20260224_090320_759/260224_day16_WellM11_Channel405nm Binned,561nm Binned,488nm Binned_Seq0166.nd2","20260224_090320_759/260224_day16_WellM11_Channel405nm Binned,561nm Binned,488nm Binned_Seq0166.nd2","260224_day16_WellM11_Channel405nm Binned,561nm Binned,488nm Binned_Seq0166.nd2",.nd2,49692672,2026-02-24T09:36:16,M11,16,405nm Binned|561nm Binned|488nm Binned,Seq0166,20260224_090320_759,high,,not_requested,,,
"/Users/makennarodriguez/Documents/260213_Feb16recopy_HYdiff_landingpadlines_survival_384well1/20260224_090320_759/260224_day16_WellM12_Channel405nm Binned,561nm Binned,488nm Binned_Seq0167.nd2","20260224_090320_759/260224_day16_WellM12_Channel405nm Binned,561nm Binned,488nm Binned_Seq0167.nd2","260224_day16_WellM12_Channel405nm Binned,561nm Binned,488nm Binned_Seq0167.nd2",.nd2,49692672,2026-02-24T09:36:28,M12,16,405nm Binned|561nm Binned|488nm Binned,Seq0167,20260224_090320_759,high,,not_requested,,,
"/Users/makennarodriguez/Documents/260213_Feb16recopy_HYdiff_landingpadlines_survival_384well1/20260224_090320_759/260224_day16_WellM13_Channel405nm Binned,561nm Binned,488nm Binned_Seq0168.nd2","20260224_090320_759/260224_day16_WellM13_Channel405nm Binned,561nm Binned,488nm Binned_Seq0168.nd2","260224_day16_WellM13_Channel405nm Binned,561nm Binned,488nm Binned_Seq0168.nd2",.nd2,49692672,2026-02-24T09:36:40,M13,16,405nm Binned|561nm Binned|488nm Binned,Seq0168,20260224_090320_759,high,,not_requested,,,
"/Users/makennarodriguez/Documents/260213_Feb16recopy_HYdiff_landingpadlines_survival_384well1/20260224_090320_759/260224_day16_WellM14_Channel405nm Binned,561nm Binned,488nm Binned_Seq0169.nd2","20260224_090320_759/260224_day16_WellM14_Channel405nm Binned,561nm Binned,488nm Binned_Seq0169.nd2","260224_day16_WellM14_Channel405nm Binned,561nm Binned,488nm Binned_Seq0169.nd2",.nd2,49692672,2026-02-24T09:36:52,M14,16,405nm Binned|561nm Binned|488nm Binned,Seq0169,20260224_090320_759,high,,not_requested,,,
"/Users/makennarodriguez/Documents/260213_Feb16recopy_HYdiff_landingpadlines_survival_384well1/20260224_090320_759/260224_day16_WellM15_Channel405nm Binned,561nm Binned,488nm Binned_Seq0170.nd2","20260224_090320_759/260224_day16_WellM15_Channel405nm Binned,561nm Binned,488nm Binned_Seq0170.nd2","260224_day16_WellM15_Channel405nm Binned,561nm Binned,488nm Binned_Seq0170.nd2",.nd2,49692672,2026-02-24T09:37:02,M15,16,405nm Binned|561nm Binned|488nm Binned,Seq0170,20260224_090320_759,high,,not_requested,,,
"/Users/makennarodriguez/Documents/260213_Feb16recopy_HYdiff_landingpadlines_survival_384well1/20260224_090320_759/260224_day16_WellM16_Channel405nm Binned,561nm Binned,488nm Binned_Seq0171.nd2","20260224_090320_759/260224_day16_WellM16_Channel405nm Binned,561nm Binned,488nm Binned_Seq0171.nd2","260224_day16_WellM16_Channel405nm Binned,561nm Binned,488nm Binned_Seq0171.nd2",.nd2,49692672,2026-02-24T09:37:14,M16,16,405nm Binned|561nm Binned|488nm Binned,Seq0171,20260224_090320_759,high,,not_requested,,,
"/Users/makennarodriguez/Documents/260213_Feb16recopy_HYdiff_landingpadlines_survival_384well1/20260224_090320_759/260224_day16_WellM17_Channel405nm Binned,561nm Binned,488nm Binned_Seq0172.nd2","20260224_090320_759/260224_day16_WellM17_Channel405nm Binned,561nm Binned,488nm Binned_Seq0172.nd2","260224_day16_WellM17_Channel405nm Binned,561nm Binned,488nm Binned_Seq0172.nd2",.nd2,49692672,2026-02-24T09:37:26,M17,16,405nm Binned|561nm Binned|488nm Binned,Seq0172,20260224_090320_759,high,,not_requested,,,
"/Users/makennarodriguez/Documents/260213_Feb16recopy_HYdiff_landingpadlines_survival_384well1/20260224_090320_759/260224_day16_WellM18_Channel405nm Binned,561nm Binned,488nm Binned_Seq0173.nd2","20260224_090320_759/260224_day16_WellM18_Channel405nm Binned,561nm Binned,488nm Binned_Seq0173.nd2","260224_day16_WellM18_Channel405nm Binned,561nm Binned,488nm Binned_Seq0173.nd2",.nd2,49692672,2026-02-24T09:37:38,M18,16,405nm Binned|561nm Binned|488nm Binned,Seq0173,20260224_090320_759,high,,not_requested,,,
"/Users/makennarodriguez/Documents/260213_Feb16recopy_HYdiff_landingpadlines_survival_384well1/20260224_090320_759/260224_day16_WellM19_Channel405nm Binned,561nm Binned,488nm Binned_Seq0174.nd2","20260224_090320_759/260224_day16_WellM19_Channel405nm Binned,561nm Binned,488nm Binned_Seq0174.nd2","260224_day16_WellM19_Channel405nm Binned,561nm Binned,488nm Binned_Seq0174.nd2",.nd2,49692672,2026-02-24T09:37:50,M19,16,405nm Binned|561nm Binned|488nm Binned,Seq0174,20260224_090320_759,high,,not_requested,,,
"/Users/makennarodriguez/Documents/260213_Feb16recopy_HYdiff_landingpadlines_survival_384well1/20260224_090320_759/260224_day16_WellM20_Channel405nm Binned,561nm Binned,488nm Binned_Seq0175.nd2","20260224_090320_759/260224_day16_WellM20_Channel405nm Binned,561nm Binned,488nm Binned_Seq0175.nd2","260224_day16_WellM20_Channel405nm Binned,561nm Binned,488nm Binned_Seq0175.nd2",.nd2,49692672,2026-02-24T09:38:02,M20,16,405nm Binned|561nm Binned|488nm Binned,Seq0175,20260224_090320_759,high,,not_requested,,,
"/Users/makennarodriguez/Documents/260213_Feb16recopy_HYdiff_landingpadlines_survival_384well1/20260224_090320_759/260224_day16_WellN05_Channel405nm Binned,561nm Binned,488nm Binned_Seq0176.nd2","20260224_090320_759/260224_day16_WellN05_Channel405nm Binned,561nm Binned,488nm Binned_Seq0176.nd2","260224_day16_WellN05_Channel405nm Binned,561nm Binned,488nm Binned_Seq0176.nd2",.nd2,49692672,2026-02-24T09:38:16,N05,16,405nm Binned|561nm Binned|488nm Binned,Seq0176,20260224_090320_759,high,,not_requested,,,
"/Users/makennarodriguez/Documents/260213_Feb16recopy_HYdiff_landingpadlines_survival_384well1/20260224_090320_759/260224_day16_WellN06_Channel405nm Binned,561nm Binned,488nm Binned_Seq0177.nd2","20260224_090320_759/260224_day16_WellN06_Channel405nm Binned,561nm Binned,488nm Binned_Seq0177.nd2","260224_day16_WellN06_Channel405nm Binned,561nm Binned,488nm Binned_Seq0177.nd2",.nd2,49692672,2026-02-24T09:38:28,N06,16,405nm Binned|561nm Binned|488nm Binned,Seq0177,20260224_090320_759,high,,not_requested,,,
"/Users/makennarodriguez/Documents/260213_Feb16recopy_HYdiff_landingpadlines_survival_384well1/20260224_090320_759/260224_day16_WellN07_Channel405nm Binned,561nm Binned,488nm Binned_Seq0178.nd2","20260224_090320_759/260224_day16_WellN07_Channel405nm Binned,561nm Binned,488nm Binned_Seq0178.nd2","260224_day16_WellN07_Channel405nm Binned,561nm Binned,488nm Binned_Seq0178.nd2",.nd2,49692672,2026-02-24T09:38:40,N07,16,405nm Binned|561nm Binned|488nm Binned,Seq0178,20260224_090320_759,high,,not_requested,,,
"/Users/makennarodriguez/Documents/260213_Feb16recopy_HYdiff_landingpadlines_survival_384well1/20260224_090320_759/260224_day16_WellN08_Channel405nm Binned,561nm Binned,488nm Binned_Seq0179.nd2","20260224_090320_759/260224_day16_WellN08_Channel405nm Binned,561nm Binned,488nm Binned_Seq0179.nd2","260224_day16_WellN08_Channel405nm Binned,561nm Binned,488nm Binned_Seq0179.nd2",.nd2,49692672,2026-02-24T09:38:50,N08,16,405nm Binned|561nm Binned|488nm Binned,Seq0179,20260224_090320_759,high,,not_requested,,,
"/Users/makennarodriguez/Documents/260213_Feb16recopy_HYdiff_landingpadlines_survival_384well1/20260224_090320_759/260224_day16_WellN09_Channel405nm Binned,561nm Binned,488nm Binned_Seq0180.nd2","20260224_090320_759/260224_day16_WellN09_Channel405nm Binned,561nm Binned,488nm Binned_Seq0180.nd2","260224_day16_WellN09_Channel405nm Binned,561nm Binned,488nm Binned_Seq0180.nd2",.nd2,49692672,2026-02-24T09:39:02,N09,16,405nm Binned|561nm Binned|488nm Binned,Seq0180,20260224_090320_759,high,,not_requested,,,
"/Users/makennarodriguez/Documents/260213_Feb16recopy_HYdiff_landingpadlines_survival_384well1/20260224_090320_759/260224_day16_WellN10_Channel405nm Binned,561nm Binned,488nm Binned_Seq0181.nd2","20260224_090320_759/260224_day16_WellN10_Channel405nm Binned,561nm Binned,488nm Binned_Seq0181.nd2","260224_day16_WellN10_Channel405nm Binned,561nm Binned,488nm Binned_Seq0181.nd2",.nd2,49692672,2026-02-24T09:39:14,N10,16,405nm Binned|561nm Binned|488nm Binned,Seq0181,20260224_090320_759,high,,not_requested,,,
"/Users/makennarodriguez/Documents/260213_Feb16recopy_HYdiff_landingpadlines_survival_384well1/20260224_090320_759/260224_day16_WellN11_Channel405nm Binned,561nm Binned,488nm Binned_Seq0182.nd2","20260224_090320_759/260224_day16_WellN11_Channel405nm Binned,561nm Binned,488nm Binned_Seq0182.nd2","260224_day16_WellN11_Channel405nm Binned,561nm Binned,488nm Binned_Seq0182.nd2",.nd2,49692672,2026-02-24T09:39:26,N11,16,405nm Binned|561nm Binned|488nm Binned,Seq0182,20260224_090320_759,high,,not_requested,,,
"/Users/makennarodriguez/Documents/260213_Feb16recopy_HYdiff_landingpadlines_survival_384well1/20260224_090320_759/260224_day16_WellN12_Channel405nm Binned,561nm Binned,488nm Binned_Seq0183.nd2","20260224_090320_759/260224_day16_WellN12_Channel405nm Binned,561nm Binned,488nm Binned_Seq0183.nd2","260224_day16_WellN12_Channel405nm Binned,561nm Binned,488nm Binned_Seq0183.nd2",.nd2,49692672,2026-02-24T09:39:36,N12,16,405nm Binned|561nm Binned|488nm Binned,Seq0183,20260224_090320_759,high,,not_requested,,,
"/Users/makennarodriguez/Documents/260213_Feb16recopy_HYdiff_landingpadlines_survival_384well1/20260224_090320_759/260224_day16_WellN13_Channel405nm Binned,561nm Binned,488nm Binned_Seq0184.nd2","20260224_090320_759/260224_day16_WellN13_Channel405nm Binned,561nm Binned,488nm Binned_Seq0184.nd2","260224_day16_WellN13_Channel405nm Binned,561nm Binned,488nm Binned_Seq0184.nd2",.nd2,49692672,2026-02-24T09:39:48,N13,16,405nm Binned|561nm Binned|488nm Binned,Seq0184,20260224_090320_759,high,,not_requested,,,
"/Users/makennarodriguez/Documents/260213_Feb16recopy_HYdiff_landingpadlines_survival_384well1/20260224_090320_759/260224_day16_WellN14_Channel405nm Binned,561nm Binned,488nm Binned_Seq0185.nd2","20260224_090320_759/260224_day16_WellN14_Channel405nm Binned,561nm Binned,488nm Binned_Seq0185.nd2","260224_day16_WellN14_Channel405nm Binned,561nm Binned,488nm Binned_Seq0185.nd2",.nd2,49692672,2026-02-24T09:40:00,N14,16,405nm Binned|561nm Binned|488nm Binned,Seq0185,20260224_090320_759,high,,not_requested,,,
"/Users/makennarodriguez/Documents/260213_Feb16recopy_HYdiff_landingpadlines_survival_384well1/20260224_090320_759/260224_day16_WellN15_Channel405nm Binned,561nm Binned,488nm Binned_Seq0186.nd2","20260224_090320_759/260224_day16_WellN15_Channel405nm Binned,561nm Binned,488nm Binned_Seq0186.nd2","260224_day16_WellN15_Channel405nm Binned,561nm Binned,488nm Binned_Seq0186.nd2",.nd2,49692672,2026-02-24T09:40:10,N15,16,405nm Binned|561nm Binned|488nm Binned,Seq0186,20260224_090320_759,high,,not_requested,,,
"/Users/makennarodriguez/Documents/260213_Feb16recopy_HYdiff_landingpadlines_survival_384well1/20260224_090320_759/260224_day16_WellN16_Channel405nm Binned,561nm Binned,488nm Binned_Seq0187.nd2","20260224_090320_759/260224_day16_WellN16_Channel405nm Binned,561nm Binned,488nm Binned_Seq0187.nd2","260224_day16_WellN16_Channel405nm Binned,561nm Binned,488nm Binned_Seq0187.nd2",.nd2,49692672,2026-02-24T09:40:22,N16,16,405nm Binned|561nm Binned|488nm Binned,Seq0187,20260224_090320_759,high,,not_requested,,,
"/Users/makennarodriguez/Documents/260213_Feb16recopy_HYdiff_landingpadlines_survival_384well1/20260224_090320_759/260224_day16_WellN17_Channel405nm Binned,561nm Binned,488nm Binned_Seq0188.nd2","20260224_090320_759/260224_day16_WellN17_Channel405nm Binned,561nm Binned,488nm Binned_Seq0188.nd2","260224_day16_WellN17_Channel405nm Binned,561nm Binned,488nm Binned_Seq0188.nd2",.nd2,49692672,2026-02-24T09:40:34,N17,16,405nm Binned|561nm Binned|488nm Binned,Seq0188,20260224_090320_759,high,,not_requested,,,
"/Users/makennarodriguez/Documents/260213_Feb16recopy_HYdiff_landingpadlines_survival_384well1/20260224_090320_759/260224_day16_WellN18_Channel405nm Binned,561nm Binned,488nm Binned_Seq0189.nd2","20260224_090320_759/260224_day16_WellN18_Channel405nm Binned,561nm Binned,488nm Binned_Seq0189.nd2","260224_day16_WellN18_Channel405nm Binned,561nm Binned,488nm Binned_Seq0189.nd2",.nd2,49692672,2026-02-24T09:40:46,N18,16,405nm Binned|561nm Binned|488nm Binned,Seq0189,20260224_090320_759,high,,not_requested,,,
"/Users/makennarodriguez/Documents/260213_Feb16recopy_HYdiff_landingpadlines_survival_384well1/20260224_090320_759/260224_day16_WellN19_Channel405nm Binned,561nm Binned,488nm Binned_Seq0190.nd2","20260224_090320_759/260224_day16_WellN19_Channel405nm Binned,561nm Binned,488nm Binned_Seq0190.nd2","260224_day16_WellN19_Channel405nm Binned,561nm Binned,488nm Binned_Seq0190.nd2",.nd2,49692672,2026-02-24T09:40:58,N19,16,405nm Binned|561nm Binned|488nm Binned,Seq0190,20260224_090320_759,high,,not_requested,,,
"/Users/makennarodriguez/Documents/260213_Feb16recopy_HYdiff_landingpadlines_survival_384well1/20260224_090320_759/260224_day16_WellN20_Channel405nm Binned,561nm Binned,488nm Binned_Seq0191.nd2","20260224_090320_759/260224_day16_WellN20_Channel405nm Binned,561nm Binned,488nm Binned_Seq0191.nd2","260224_day16_WellN20_Channel405nm Binned,561nm Binned,488nm Binned_Seq0191.nd2",.nd2,49692672,2026-02-24T09:41:08,N20,16,405nm Binned|561nm Binned|488nm Binned,Seq0191,20260224_090320_759,high,,not_requested,,,
"/Users/makennarodriguez/Documents/260213_Feb16recopy_HYdiff_landingpadlines_survival_384well1/20260228_090815_318/260228_day20_WellC05_Channel405nm Binned,561nm Binned,488nm Binned_Seq0000.nd2","20260228_090815_318/260228_day20_WellC05_Channel405nm Binned,561nm Binned,488nm Binned_Seq0000.nd2","260228_day20_WellC05_Channel405nm Binned,561nm Binned,488nm Binned_Seq0000.nd2",.nd2,49692672,2026-02-28T09:09:00,C05,20,405nm Binned|561nm Binned|488nm Binned,Seq0000,20260228_090815_318,high,,not_requested,,,
"/Users/makennarodriguez/Documents/260213_Feb16recopy_HYdiff_landingpadlines_survival_384well1/20260228_090815_318/260228_day20_WellC06_Channel405nm Binned,561nm Binned,488nm Binned_Seq0001.nd2","20260228_090815_318/260228_day20_WellC06_Channel405nm Binned,561nm Binned,488nm Binned_Seq0001.nd2","260228_day20_WellC06_Channel405nm Binned,561nm Binned,488nm Binned_Seq0001.nd2",.nd2,49692672,2026-02-28T09:09:10,C06,20,405nm Binned|561nm Binned|488nm Binned,Seq0001,20260228_090815_318,high,,not_requested,,,
"/Users/makennarodriguez/Documents/260213_Feb16recopy_HYdiff_landingpadlines_survival_384well1/20260228_090815_318/260228_day20_WellC07_Channel405nm Binned,561nm Binned,488nm Binned_Seq0002.nd2","20260228_090815_318/260228_day20_WellC07_Channel405nm Binned,561nm Binned,488nm Binned_Seq0002.nd2","260228_day20_WellC07_Channel405nm Binned,561nm Binned,488nm Binned_Seq0002.nd2",.nd2,49692672,2026-02-28T09:09:22,C07,20,405nm Binned|561nm Binned|488nm Binned,Seq0002,20260228_090815_318,high,,not_requested,,,
"/Users/makennarodriguez/Documents/260213_Feb16recopy_HYdiff_landingpadlines_survival_384well1/20260228_090815_318/260228_day20_WellC08_Channel405nm Binned,561nm Binned,488nm Binned_Seq0003.nd2","20260228_090815_318/260228_day20_WellC08_Channel405nm Binned,561nm Binned,488nm Binned_Seq0003.nd2","260228_day20_WellC08_Channel405nm Binned,561nm Binned,488nm Binned_Seq0003.nd2",.nd2,49692672,2026-02-28T09:09:32,C08,20,405nm Binned|561nm Binned|488nm Binned,Seq0003,20260228_090815_318,high,,not_requested,,,
"/Users/makennarodriguez/Documents/260213_Feb16recopy_HYdiff_landingpadlines_survival_384well1/20260228_090815_318/260228_day20_WellC09_Channel405nm Binned,561nm Binned,488nm Binned_Seq0004.nd2","20260228_090815_318/260228_day20_WellC09_Channel405nm Binned,561nm Binned,488nm Binned_Seq0004.nd2","260228_day20_WellC09_Channel405nm Binned,561nm Binned,488nm Binned_Seq0004.nd2",.nd2,49692672,2026-02-28T09:09:44,C09,20,405nm Binned|561nm Binned|488nm Binned,Seq0004,20260228_090815_318,high,,not_requested,,,
"/Users/makennarodriguez/Documents/260213_Feb16recopy_HYdiff_landingpadlines_survival_384well1/20260228_090815_318/260228_day20_WellC10_Channel405nm Binned,561nm Binned,488nm Binned_Seq0005.nd2","20260228_090815_318/260228_day20_WellC10_Channel405nm Binned,561nm Binned,488nm Binned_Seq0005.nd2","260228_day20_WellC10_Channel405nm Binned,561nm Binned,488nm Binned_Seq0005.nd2",.nd2,49692672,2026-02-28T09:09:56,C10,20,405nm Binned|561nm Binned|488nm Binned,Seq0005,20260228_090815_318,high,,not_requested,,,
"/Users/makennarodriguez/Documents/260213_Feb16recopy_HYdiff_landingpadlines_survival_384well1/20260228_090815_318/260228_day20_WellC11_Channel405nm Binned,561nm Binned,488nm Binned_Seq0006.nd2","20260228_090815_318/260228_day20_WellC11_Channel405nm Binned,561nm Binned,488nm Binned_Seq0006.nd2","260228_day20_WellC11_Channel405nm Binned,561nm Binned,488nm Binned_Seq0006.nd2",.nd2,49692672,2026-02-28T09:10:06,C11,20,405nm Binned|561nm Binned|488nm Binned,Seq0006,20260228_090815_318,high,,not_requested,,,
"/Users/makennarodriguez/Documents/260213_Feb16recopy_HYdiff_landingpadlines_survival_384well1/20260228_090815_318/260228_day20_WellC12_Channel405nm Binned,561nm Binned,488nm Binned_Seq0007.nd2","20260228_090815_318/260228_day20_WellC12_Channel405nm Binned,561nm Binned,488nm Binned_Seq0007.nd2","260228_day20_WellC12_Channel405nm Binned,561nm Binned,488nm Binned_Seq0007.nd2",.nd2,49692672,2026-02-28T09:10:20,C12,20,405nm Binned|561nm Binned|488nm Binned,Seq0007,20260228_090815_318,high,,not_requested,,,
"/Users/makennarodriguez/Documents/260213_Feb16recopy_HYdiff_landingpadlines_survival_384well1/20260228_090815_318/260228_day20_WellC13_Channel405nm Binned,561nm Binned,488nm Binned_Seq0008.nd2","20260228_090815_318/260228_day20_WellC13_Channel405nm Binned,561nm Binned,488nm Binned_Seq0008.nd2","260228_day20_WellC13_Channel405nm Binned,561nm Binned,488nm Binned_Seq0008.nd2",.nd2,49692672,2026-02-28T09:10:30,C13,20,405nm Binned|561nm Binned|488nm Binned,Seq0008,20260228_090815_318,high,,not_requested,,,
"/Users/makennarodriguez/Documents/260213_Feb16recopy_HYdiff_landingpadlines_survival_384well1/20260228_090815_318/260228_day20_WellC14_Channel405nm Binned,561nm Binned,488nm Binned_Seq0009.nd2","20260228_090815_318/260228_day20_WellC14_Channel405nm Binned,561nm Binned,488nm Binned_Seq0009.nd2","260228_day20_WellC14_Channel405nm Binned,561nm Binned,488nm Binned_Seq0009.nd2",.nd2,49692672,2026-02-28T09:10:42,C14,20,405nm Binned|561nm Binned|488nm Binned,Seq0009,20260228_090815_318,high,,not_requested,,,
"/Users/makennarodriguez/Documents/260213_Feb16recopy_HYdiff_landingpadlines_survival_384well1/20260228_090815_318/260228_day20_WellC15_Channel405nm Binned,561nm Binned,488nm Binned_Seq0010.nd2","20260228_090815_318/260228_day20_WellC15_Channel405nm Binned,561nm Binned,488nm Binned_Seq0010.nd2","260228_day20_WellC15_Channel405nm Binned,561nm Binned,488nm Binned_Seq0010.nd2",.nd2,49692672,2026-02-28T09:10:54,C15,20,405nm Binned|561nm Binned|488nm Binned,Seq0010,20260228_090815_318,high,,not_requested,,,
"/Users/makennarodriguez/Documents/260213_Feb16recopy_HYdiff_landingpadlines_survival_384well1/20260228_090815_318/260228_day20_WellC16_Channel405nm Binned,561nm Binned,488nm Binned_Seq0011.nd2","20260228_090815_318/260228_day20_WellC16_Channel405nm Binned,561nm Binned,488nm Binned_Seq0011.nd2","260228_day20_WellC16_Channel405nm Binned,561nm Binned,488nm Binned_Seq0011.nd2",.nd2,49692672,2026-02-28T09:11:06,C16,20,405nm Binned|561nm Binned|488nm Binned,Seq0011,20260228_090815_318,high,,not_requested,,,
"/Users/makennarodriguez/Documents/260213_Feb16recopy_HYdiff_landingpadlines_survival_384well1/20260228_090815_318/260228_day20_WellC17_Channel405nm Binned,561nm Binned,488nm Binned_Seq0012.nd2","20260228_090815_318/260228_day20_WellC17_Channel405nm Binned,561nm Binned,488nm Binned_Seq0012.nd2","260228_day20_WellC17_Channel405nm Binned,561nm Binned,488nm Binned_Seq0012.nd2",.nd2,49692672,2026-02-28T09:11:18,C17,20,405nm Binned|561nm Binned|488nm Binned,Seq0012,20260228_090815_318,high,,not_requested,,,
"/Users/makennarodriguez/Documents/260213_Feb16recopy_HYdiff_landingpadlines_survival_384well1/20260228_090815_318/260228_day20_WellC18_Channel405nm Binned,561nm Binned,488nm Binned_Seq0013.nd2","20260228_090815_318/260228_day20_WellC18_Channel405nm Binned,561nm Binned,488nm Binned_Seq0013.nd2","260228_day20_WellC18_Channel405nm Binned,561nm Binned,488nm Binned_Seq0013.nd2",.nd2,49692672,2026-02-28T09:11:28,C18,20,405nm Binned|561nm Binned|488nm Binned,Seq0013,20260228_090815_318,high,,not_requested,,,
"/Users/makennarodriguez/Documents/260213_Feb16recopy_HYdiff_landingpadlines_survival_384well1/20260228_090815_318/260228_day20_WellC19_Channel405nm Binned,561nm Binned,488nm Binned_Seq0014.nd2","20260228_090815_318/260228_day20_WellC19_Channel405nm Binned,561nm Binned,488nm Binned_Seq0014.nd2","260228_day20_WellC19_Channel405nm Binned,561nm Binned,488nm Binned_Seq0014.nd2",.nd2,49692672,2026-02-28T09:11:40,C19,20,405nm Binned|561nm Binned|488nm Binned,Seq0014,20260228_090815_318,high,,not_requested,,,
"/Users/makennarodriguez/Documents/260213_Feb16recopy_HYdiff_landingpadlines_survival_384well1/20260228_090815_318/260228_day20_WellC20_Channel405nm Binned,561nm Binned,488nm Binned_Seq0015.nd2","20260228_090815_318/260228_day20_WellC20_Channel405nm Binned,561nm Binned,488nm Binned_Seq0015.nd2","260228_day20_WellC20_Channel405nm Binned,561nm Binned,488nm Binned_Seq0015.nd2",.nd2,49692672,2026-02-28T09:11:52,C20,20,405nm Binned|561nm Binned|488nm Binned,Seq0015,20260228_090815_318,high,,not_requested,,,
"/Users/makennarodriguez/Documents/260213_Feb16recopy_HYdiff_landingpadlines_survival_384well1/20260228_090815_318/260228_day20_WellD05_Channel405nm Binned,561nm Binned,488nm Binned_Seq0016.nd2","20260228_090815_318/260228_day20_WellD05_Channel405nm Binned,561nm Binned,488nm Binned_Seq0016.nd2","260228_day20_WellD05_Channel405nm Binned,561nm Binned,488nm Binned_Seq0016.nd2",.nd2,49692672,2026-02-28T09:12:06,D05,20,405nm Binned|561nm Binned|488nm Binned,Seq0016,20260228_090815_318,high,,not_requested,,,
"/Users/makennarodriguez/Documents/260213_Feb16recopy_HYdiff_landingpadlines_survival_384well1/20260228_090815_318/260228_day20_WellD06_Channel405nm Binned,561nm Binned,488nm Binned_Seq0017.nd2","20260228_090815_318/260228_day20_WellD06_Channel405nm Binned,561nm Binned,488nm Binned_Seq0017.nd2","260228_day20_WellD06_Channel405nm Binned,561nm Binned,488nm Binned_Seq0017.nd2",.nd2,49692672,2026-02-28T09:12:18,D06,20,405nm Binned|561nm Binned|488nm Binned,Seq0017,20260228_090815_318,high,,not_requested,,,
"/Users/makennarodriguez/Documents/260213_Feb16recopy_HYdiff_landingpadlines_survival_384well1/20260228_090815_318/260228_day20_WellD07_Channel405nm Binned,561nm Binned,488nm Binned_Seq0018.nd2","20260228_090815_318/260228_day20_WellD07_Channel405nm Binned,561nm Binned,488nm Binned_Seq0018.nd2","260228_day20_WellD07_Channel405nm Binned,561nm Binned,488nm Binned_Seq0018.nd2",.nd2,49692672,2026-02-28T09:12:28,D07,20,405nm Binned|561nm Binned|488nm Binned,Seq0018,20260228_090815_318,high,,not_requested,,,
"/Users/makennarodriguez/Documents/260213_Feb16recopy_HYdiff_landingpadlines_survival_384well1/20260228_090815_318/260228_day20_WellD08_Channel405nm Binned,561nm Binned,488nm Binned_Seq0019.nd2","20260228_090815_318/260228_day20_WellD08_Channel405nm Binned,561nm Binned,488nm Binned_Seq0019.nd2","260228_day20_WellD08_Channel405nm Binned,561nm Binned,488nm Binned_Seq0019.nd2",.nd2,49692672,2026-02-28T09:12:40,D08,20,405nm Binned|561nm Binned|488nm Binned,Seq0019,20260228_090815_318,high,,not_requested,,,
"/Users/makennarodriguez/Documents/260213_Feb16recopy_HYdiff_landingpadlines_survival_384well1/20260228_090815_318/260228_day20_WellD09_Channel405nm Binned,561nm Binned,488nm Binned_Seq0020.nd2","20260228_090815_318/260228_day20_WellD09_Channel405nm Binned,561nm Binned,488nm Binned_Seq0020.nd2","260228_day20_WellD09_Channel405nm Binned,561nm Binned,488nm Binned_Seq0020.nd2",.nd2,49692672,2026-02-28T09:12:52,D09,20,405nm Binned|561nm Binned|488nm Binned,Seq0020,20260228_090815_318,high,,not_requested,,,
"/Users/makennarodriguez/Documents/260213_Feb16recopy_HYdiff_landingpadlines_survival_384well1/20260228_090815_318/260228_day20_WellD10_Channel405nm Binned,561nm Binned,488nm Binned_Seq0021.nd2","20260228_090815_318/260228_day20_WellD10_Channel405nm Binned,561nm Binned,488nm Binned_Seq0021.nd2","260228_day20_WellD10_Channel405nm Binned,561nm Binned,488nm Binned_Seq0021.nd2",.nd2,49692672,2026-02-28T09:13:02,D10,20,405nm Binned|561nm Binned|488nm Binned,Seq0021,20260228_090815_318,high,,not_requested,,,
"/Users/makennarodriguez/Documents/260213_Feb16recopy_HYdiff_landingpadlines_survival_384well1/20260228_090815_318/260228_day20_WellD11_Channel405nm Binned,561nm Binned,488nm Binned_Seq0022.nd2","20260228_090815_318/260228_day20_WellD11_Channel405nm Binned,561nm Binned,488nm Binned_Seq0022.nd2","260228_day20_WellD11_Channel405nm Binned,561nm Binned,488nm Binned_Seq0022.nd2",.nd2,49692672,2026-02-28T09:13:14,D11,20,405nm Binned|561nm Binned|488nm Binned,Seq0022,20260228_090815_318,high,,not_requested,,,
"/Users/makennarodriguez/Documents/260213_Feb16recopy_HYdiff_landingpadlines_survival_384well1/20260228_090815_318/260228_day20_WellD12_Channel405nm Binned,561nm Binned,488nm Binned_Seq0023.nd2","20260228_090815_318/260228_day20_WellD12_Channel405nm Binned,561nm Binned,488nm Binned_Seq0023.nd2","260228_day20_WellD12_Channel405nm Binned,561nm Binned,488nm Binned_Seq0023.nd2",.nd2,49692672,2026-02-28T09:13:26,D12,20,405nm Binned|561nm Binned|488nm Binned,Seq0023,20260228_090815_318,high,,not_requested,,,
"/Users/makennarodriguez/Documents/260213_Feb16recopy_HYdiff_landingpadlines_survival_384well1/20260228_090815_318/260228_day20_WellD13_Channel405nm Binned,561nm Binned,488nm Binned_Seq0024.nd2","20260228_090815_318/260228_day20_WellD13_Channel405nm Binned,561nm Binned,488nm Binned_Seq0024.nd2","260228_day20_WellD13_Channel405nm Binned,561nm Binned,488nm Binned_Seq0024.nd2",.nd2,49692672,2026-02-28T09:13:38,D13,20,405nm Binned|561nm Binned|488nm Binned,Seq0024,20260228_090815_318,high,,not_requested,,,
"/Users/makennarodriguez/Documents/260213_Feb16recopy_HYdiff_landingpadlines_survival_384well1/20260228_090815_318/260228_day20_WellD14_Channel405nm Binned,561nm Binned,488nm Binned_Seq0025.nd2","20260228_090815_318/260228_day20_WellD14_Channel405nm Binned,561nm Binned,488nm Binned_Seq0025.nd2","260228_day20_WellD14_Channel405nm Binned,561nm Binned,488nm Binned_Seq0025.nd2",.nd2,49692672,2026-02-28T09:13:50,D14,20,405nm Binned|561nm Binned|488nm Binned,Seq0025,20260228_090815_318,high,,not_requested,,,
"/Users/makennarodriguez/Documents/260213_Feb16recopy_HYdiff_landingpadlines_survival_384well1/20260228_090815_318/260228_day20_WellD15_Channel405nm Binned,561nm Binned,488nm Binned_Seq0026.nd2","20260228_090815_318/260228_day20_WellD15_Channel405nm Binned,561nm Binned,488nm Binned_Seq0026.nd2","260228_day20_WellD15_Channel405nm Binned,561nm Binned,488nm Binned_Seq0026.nd2",.nd2,49692672,2026-02-28T09:14:02,D15,20,405nm Binned|561nm Binned|488nm Binned,Seq0026,20260228_090815_318,high,,not_requested,,,
"/Users/makennarodriguez/Documents/260213_Feb16recopy_HYdiff_landingpadlines_survival_384well1/20260228_090815_318/260228_day20_WellD16_Channel405nm Binned,561nm Binned,488nm Binned_Seq0027.nd2","20260228_090815_318/260228_day20_WellD16_Channel405nm Binned,561nm Binned,488nm Binned_Seq0027.nd2","260228_day20_WellD16_Channel405nm Binned,561nm Binned,488nm Binned_Seq0027.nd2",.nd2,49692672,2026-02-28T09:14:12,D16,20,405nm Binned|561nm Binned|488nm Binned,Seq0027,20260228_090815_318,high,,not_requested,,,
"/Users/makennarodriguez/Documents/260213_Feb16recopy_HYdiff_landingpadlines_survival_384well1/20260228_090815_318/260228_day20_WellD17_Channel405nm Binned,561nm Binned,488nm Binned_Seq0028.nd2","20260228_090815_318/260228_day20_WellD17_Channel405nm Binned,561nm Binned,488nm Binned_Seq0028.nd2","260228_day20_WellD17_Channel405nm Binned,561nm Binned,488nm Binned_Seq0028.nd2",.nd2,49692672,2026-02-28T09:14:24,D17,20,405nm Binned|561nm Binned|488nm Binned,Seq0028,20260228_090815_318,high,,not_requested,,,
"/Users/makennarodriguez/Documents/260213_Feb16recopy_HYdiff_landingpadlines_survival_384well1/20260228_090815_318/260228_day20_WellD18_Channel405nm Binned,561nm Binned,488nm Binned_Seq0029.nd2","20260228_090815_318/260228_day20_WellD18_Channel405nm Binned,561nm Binned,488nm Binned_Seq0029.nd2","260228_day20_WellD18_Channel405nm Binned,561nm Binned,488nm Binned_Seq0029.nd2",.nd2,49692672,2026-02-28T09:14:36,D18,20,405nm Binned|561nm Binned|488nm Binned,Seq0029,20260228_090815_318,high,,not_requested,,,
"/Users/makennarodriguez/Documents/260213_Feb16recopy_HYdiff_landingpadlines_survival_384well1/20260228_090815_318/260228_day20_WellD19_Channel405nm Binned,561nm Binned,488nm Binned_Seq0030.nd2","20260228_090815_318/260228_day20_WellD19_Channel405nm Binned,561nm Binned,488nm Binned_Seq0030.nd2","260228_day20_WellD19_Channel405nm Binned,561nm Binned,488nm Binned_Seq0030.nd2",.nd2,49692672,2026-02-28T09:14:46,D19,20,405nm Binned|561nm Binned|488nm Binned,Seq0030,20260228_090815_318,high,,not_requested,,,
"/Users/makennarodriguez/Documents/260213_Feb16recopy_HYdiff_landingpadlines_survival_384well1/20260228_090815_318/260228_day20_WellD20_Channel405nm Binned,561nm Binned,488nm Binned_Seq0031.nd2","20260228_090815_318/260228_day20_WellD20_Channel405nm Binned,561nm Binned,488nm Binned_Seq0031.nd2","260228_day20_WellD20_Channel405nm Binned,561nm Binned,488nm Binned_Seq0031.nd2",.nd2,49692672,2026-02-28T09:14:58,D20,20,405nm Binned|561nm Binned|488nm Binned,Seq0031,20260228_090815_318,high,,not_requested,,,
"/Users/makennarodriguez/Documents/260213_Feb16recopy_HYdiff_landingpadlines_survival_384well1/20260228_090815_318/260228_day20_WellE05_Channel405nm Binned,561nm Binned,488nm Binned_Seq0032.nd2","20260228_090815_318/260228_day20_WellE05_Channel405nm Binned,561nm Binned,488nm Binned_Seq0032.nd2","260228_day20_WellE05_Channel405nm Binned,561nm Binned,488nm Binned_Seq0032.nd2",.nd2,49692672,2026-02-28T09:15:12,E05,20,405nm Binned|561nm Binned|488nm Binned,Seq0032,20260228_090815_318,high,,not_requested,,,
"/Users/makennarodriguez/Documents/260213_Feb16recopy_HYdiff_landingpadlines_survival_384well1/20260228_090815_318/260228_day20_WellE06_Channel405nm Binned,561nm Binned,488nm Binned_Seq0033.nd2","20260228_090815_318/260228_day20_WellE06_Channel405nm Binned,561nm Binned,488nm Binned_Seq0033.nd2","260228_day20_WellE06_Channel405nm Binned,561nm Binned,488nm Binned_Seq0033.nd2",.nd2,49692672,2026-02-28T09:15:24,E06,20,405nm Binned|561nm Binned|488nm Binned,Seq0033,20260228_090815_318,high,,not_requested,,,
"/Users/makennarodriguez/Documents/260213_Feb16recopy_HYdiff_landingpadlines_survival_384well1/20260228_090815_318/260228_day20_WellE07_Channel405nm Binned,561nm Binned,488nm Binned_Seq0034.nd2","20260228_090815_318/260228_day20_WellE07_Channel405nm Binned,561nm Binned,488nm Binned_Seq0034.nd2","260228_day20_WellE07_Channel405nm Binned,561nm Binned,488nm Binned_Seq0034.nd2",.nd2,49692672,2026-02-28T09:15:36,E07,20,405nm Binned|561nm Binned|488nm Binned,Seq0034,20260228_090815_318,high,,not_requested,,,
"/Users/makennarodriguez/Documents/260213_Feb16recopy_HYdiff_landingpadlines_survival_384well1/20260228_090815_318/260228_day20_WellE08_Channel405nm Binned,561nm Binned,488nm Binned_Seq0035.nd2","20260228_090815_318/260228_day20_WellE08_Channel405nm Binned,561nm Binned,488nm Binned_Seq0035.nd2","260228_day20_WellE08_Channel405nm Binned,561nm Binned,488nm Binned_Seq0035.nd2",.nd2,49692672,2026-02-28T09:15:48,E08,20,405nm Binned|561nm Binned|488nm Binned,Seq0035,20260228_090815_318,high,,not_requested,,,
"/Users/makennarodriguez/Documents/260213_Feb16recopy_HYdiff_landingpadlines_survival_384well1/20260228_090815_318/260228_day20_WellE09_Channel405nm Binned,561nm Binned,488nm Binned_Seq0036.nd2","20260228_090815_318/260228_day20_WellE09_Channel405nm Binned,561nm Binned,488nm Binned_Seq0036.nd2","260228_day20_WellE09_Channel405nm Binned,561nm Binned,488nm Binned_Seq0036.nd2",.nd2,49692672,2026-02-28T09:15:58,E09,20,405nm Binned|561nm Binned|488nm Binned,Seq0036,20260228_090815_318,high,,not_requested,,,
"/Users/makennarodriguez/Documents/260213_Feb16recopy_HYdiff_landingpadlines_survival_384well1/20260228_090815_318/260228_day20_WellE10_Channel405nm Binned,561nm Binned,488nm Binned_Seq0037.nd2","20260228_090815_318/260228_day20_WellE10_Channel405nm Binned,561nm Binned,488nm Binned_Seq0037.nd2","260228_day20_WellE10_Channel405nm Binned,561nm Binned,488nm Binned_Seq0037.nd2",.nd2,49692672,2026-02-28T09:16:10,E10,20,405nm Binned|561nm Binned|488nm Binned,Seq0037,20260228_090815_318,high,,not_requested,,,
"/Users/makennarodriguez/Documents/260213_Feb16recopy_HYdiff_landingpadlines_survival_384well1/20260228_090815_318/260228_day20_WellE11_Channel405nm Binned,561nm Binned,488nm Binned_Seq0038.nd2","20260228_090815_318/260228_day20_WellE11_Channel405nm Binned,561nm Binned,488nm Binned_Seq0038.nd2","260228_day20_WellE11_Channel405nm Binned,561nm Binned,488nm Binned_Seq0038.nd2",.nd2,49692672,2026-02-28T09:16:22,E11,20,405nm Binned|561nm Binned|488nm Binned,Seq0038,20260228_090815_318,high,,not_requested,,,
"/Users/makennarodriguez/Documents/260213_Feb16recopy_HYdiff_landingpadlines_survival_384well1/20260228_090815_318/260228_day20_WellE12_Channel405nm Binned,561nm Binned,488nm Binned_Seq0039.nd2","20260228_090815_318/260228_day20_WellE12_Channel405nm Binned,561nm Binned,488nm Binned_Seq0039.nd2","260228_day20_WellE12_Channel405nm Binned,561nm Binned,488nm Binned_Seq0039.nd2",.nd2,49692672,2026-02-28T09:16:34,E12,20,405nm Binned|561nm Binned|488nm Binned,Seq0039,20260228_090815_318,high,,not_requested,,,
"/Users/makennarodriguez/Documents/260213_Feb16recopy_HYdiff_landingpadlines_survival_384well1/20260228_090815_318/260228_day20_WellE13_Channel405nm Binned,561nm Binned,488nm Binned_Seq0040.nd2","20260228_090815_318/260228_day20_WellE13_Channel405nm Binned,561nm Binned,488nm Binned_Seq0040.nd2","260228_day20_WellE13_Channel405nm Binned,561nm Binned,488nm Binned_Seq0040.nd2",.nd2,49692672,2026-02-28T09:16:46,E13,20,405nm Binned|561nm Binned|488nm Binned,Seq0040,20260228_090815_318,high,,not_requested,,,
"/Users/makennarodriguez/Documents/260213_Feb16recopy_HYdiff_landingpadlines_survival_384well1/20260228_090815_318/260228_day20_WellE14_Channel405nm Binned,561nm Binned,488nm Binned_Seq0041.nd2","20260228_090815_318/260228_day20_WellE14_Channel405nm Binned,561nm Binned,488nm Binned_Seq0041.nd2","260228_day20_WellE14_Channel405nm Binned,561nm Binned,488nm Binned_Seq0041.nd2",.nd2,49692672,2026-02-28T09:16:58,E14,20,405nm Binned|561nm Binned|488nm Binned,Seq0041,20260228_090815_318,high,,not_requested,,,
"/Users/makennarodriguez/Documents/260213_Feb16recopy_HYdiff_landingpadlines_survival_384well1/20260228_090815_318/260228_day20_WellE15_Channel405nm Binned,561nm Binned,488nm Binned_Seq0042.nd2","20260228_090815_318/260228_day20_WellE15_Channel405nm Binned,561nm Binned,488nm Binned_Seq0042.nd2","260228_day20_WellE15_Channel405nm Binned,561nm Binned,488nm Binned_Seq0042.nd2",.nd2,49692672,2026-02-28T09:17:10,E15,20,405nm Binned|561nm Binned|488nm Binned,Seq0042,20260228_090815_318,high,,not_requested,,,
"/Users/makennarodriguez/Documents/260213_Feb16recopy_HYdiff_landingpadlines_survival_384well1/20260228_090815_318/260228_day20_WellE16_Channel405nm Binned,561nm Binned,488nm Binned_Seq0043.nd2","20260228_090815_318/260228_day20_WellE16_Channel405nm Binned,561nm Binned,488nm Binned_Seq0043.nd2","260228_day20_WellE16_Channel405nm Binned,561nm Binned,488nm Binned_Seq0043.nd2",.nd2,49692672,2026-02-28T09:17:22,E16,20,405nm Binned|561nm Binned|488nm Binned,Seq0043,20260228_090815_318,high,,not_requested,,,
"/Users/makennarodriguez/Documents/260213_Feb16recopy_HYdiff_landingpadlines_survival_384well1/20260228_090815_318/260228_day20_WellE17_Channel405nm Binned,561nm Binned,488nm Binned_Seq0044.nd2","20260228_090815_318/260228_day20_WellE17_Channel405nm Binned,561nm Binned,488nm Binned_Seq0044.nd2","260228_day20_WellE17_Channel405nm Binned,561nm Binned,488nm Binned_Seq0044.nd2",.nd2,49692672,2026-02-28T09:17:34,E17,20,405nm Binned|561nm Binned|488nm Binned,Seq0044,20260228_090815_318,high,,not_requested,,,
"/Users/makennarodriguez/Documents/260213_Feb16recopy_HYdiff_landingpadlines_survival_384well1/20260228_090815_318/260228_day20_WellE18_Channel405nm Binned,561nm Binned,488nm Binned_Seq0045.nd2","20260228_090815_318/260228_day20_WellE18_Channel405nm Binned,561nm Binned,488nm Binned_Seq0045.nd2","260228_day20_WellE18_Channel405nm Binned,561nm Binned,488nm Binned_Seq0045.nd2",.nd2,49692672,2026-02-28T09:17:44,E18,20,405nm Binned|561nm Binned|488nm Binned,Seq0045,20260228_090815_318,high,,not_requested,,,
"/Users/makennarodriguez/Documents/260213_Feb16recopy_HYdiff_landingpadlines_survival_384well1/20260228_090815_318/260228_day20_WellE19_Channel405nm Binned,561nm Binned,488nm Binned_Seq0046.nd2","20260228_090815_318/260228_day20_WellE19_Channel405nm Binned,561nm Binned,488nm Binned_Seq0046.nd2","260228_day20_WellE19_Channel405nm Binned,561nm Binned,488nm Binned_Seq0046.nd2",.nd2,49692672,2026-02-28T09:17:56,E19,20,405nm Binned|561nm Binned|488nm Binned,Seq0046,20260228_090815_318,high,,not_requested,,,
"/Users/makennarodriguez/Documents/260213_Feb16recopy_HYdiff_landingpadlines_survival_384well1/20260228_090815_318/260228_day20_WellE20_Channel405nm Binned,561nm Binned,488nm Binned_Seq0047.nd2","20260228_090815_318/260228_day20_WellE20_Channel405nm Binned,561nm Binned,488nm Binned_Seq0047.nd2","260228_day20_WellE20_Channel405nm Binned,561nm Binned,488nm Binned_Seq0047.nd2",.nd2,49692672,2026-02-28T09:18:08,E20,20,405nm Binned|561nm Binned|488nm Binned,Seq0047,20260228_090815_318,high,,not_requested,,,
"/Users/makennarodriguez/Documents/260213_Feb16recopy_HYdiff_landingpadlines_survival_384well1/20260228_090815_318/260228_day20_WellF05_Channel405nm Binned,561nm Binned,488nm Binned_Seq0048.nd2","20260228_090815_318/260228_day20_WellF05_Channel405nm Binned,561nm Binned,488nm Binned_Seq0048.nd2","260228_day20_WellF05_Channel405nm Binned,561nm Binned,488nm Binned_Seq0048.nd2",.nd2,49692672,2026-02-28T09:18:22,F05,20,405nm Binned|561nm Binned|488nm Binned,Seq0048,20260228_090815_318,high,,not_requested,,,
"/Users/makennarodriguez/Documents/260213_Feb16recopy_HYdiff_landingpadlines_survival_384well1/20260228_090815_318/260228_day20_WellF06_Channel405nm Binned,561nm Binned,488nm Binned_Seq0049.nd2","20260228_090815_318/260228_day20_WellF06_Channel405nm Binned,561nm Binned,488nm Binned_Seq0049.nd2","260228_day20_WellF06_Channel405nm Binned,561nm Binned,488nm Binned_Seq0049.nd2",.nd2,49692672,2026-02-28T09:18:34,F06,20,405nm Binned|561nm Binned|488nm Binned,Seq0049,20260228_090815_318,high,,not_requested,,,
"/Users/makennarodriguez/Documents/260213_Feb16recopy_HYdiff_landingpadlines_survival_384well1/20260228_090815_318/260228_day20_WellF07_Channel405nm Binned,561nm Binned,488nm Binned_Seq0050.nd2","20260228_090815_318/260228_day20_WellF07_Channel405nm Binned,561nm Binned,488nm Binned_Seq0050.nd2","260228_day20_WellF07_Channel405nm Binned,561nm Binned,488nm Binned_Seq0050.nd2",.nd2,49692672,2026-02-28T09:18:46,F07,20,405nm Binned|561nm Binned|488nm Binned,Seq0050,20260228_090815_318,high,,not_requested,,,
"/Users/makennarodriguez/Documents/260213_Feb16recopy_HYdiff_landingpadlines_survival_384well1/20260228_090815_318/260228_day20_WellF08_Channel405nm Binned,561nm Binned,488nm Binned_Seq0051.nd2","20260228_090815_318/260228_day20_WellF08_Channel405nm Binned,561nm Binned,488nm Binned_Seq0051.nd2","260228_day20_WellF08_Channel405nm Binned,561nm Binned,488nm Binned_Seq0051.nd2",.nd2,49692672,2026-02-28T09:18:58,F08,20,405nm Binned|561nm Binned|488nm Binned,Seq0051,20260228_090815_318,high,,not_requested,,,
"/Users/makennarodriguez/Documents/260213_Feb16recopy_HYdiff_landingpadlines_survival_384well1/20260228_090815_318/260228_day20_WellF09_Channel405nm Binned,561nm Binned,488nm Binned_Seq0052.nd2","20260228_090815_318/260228_day20_WellF09_Channel405nm Binned,561nm Binned,488nm Binned_Seq0052.nd2","260228_day20_WellF09_Channel405nm Binned,561nm Binned,488nm Binned_Seq0052.nd2",.nd2,49692672,2026-02-28T09:19:10,F09,20,405nm Binned|561nm Binned|488nm Binned,Seq0052,20260228_090815_318,high,,not_requested,,,
"/Users/makennarodriguez/Documents/260213_Feb16recopy_HYdiff_landingpadlines_survival_384well1/20260228_090815_318/260228_day20_WellF10_Channel405nm Binned,561nm Binned,488nm Binned_Seq0053.nd2","20260228_090815_318/260228_day20_WellF10_Channel405nm Binned,561nm Binned,488nm Binned_Seq0053.nd2","260228_day20_WellF10_Channel405nm Binned,561nm Binned,488nm Binned_Seq0053.nd2",.nd2,49692672,2026-02-28T09:19:20,F10,20,405nm Binned|561nm Binned|488nm Binned,Seq0053,20260228_090815_318,high,,not_requested,,,
"/Users/makennarodriguez/Documents/260213_Feb16recopy_HYdiff_landingpadlines_survival_384well1/20260228_090815_318/260228_day20_WellF11_Channel405nm Binned,561nm Binned,488nm Binned_Seq0054.nd2","20260228_090815_318/260228_day20_WellF11_Channel405nm Binned,561nm Binned,488nm Binned_Seq0054.nd2","260228_day20_WellF11_Channel405nm Binned,561nm Binned,488nm Binned_Seq0054.nd2",.nd2,49692672,2026-02-28T09:19:32,F11,20,405nm Binned|561nm Binned|488nm Binned,Seq0054,20260228_090815_318,high,,not_requested,,,
"/Users/makennarodriguez/Documents/260213_Feb16recopy_HYdiff_landingpadlines_survival_384well1/20260228_090815_318/260228_day20_WellF12_Channel405nm Binned,561nm Binned,488nm Binned_Seq0055.nd2","20260228_090815_318/260228_day20_WellF12_Channel405nm Binned,561nm Binned,488nm Binned_Seq0055.nd2","260228_day20_WellF12_Channel405nm Binned,561nm Binned,488nm Binned_Seq0055.nd2",.nd2,49692672,2026-02-28T09:19:44,F12,20,405nm Binned|561nm Binned|488nm Binned,Seq0055,20260228_090815_318,high,,not_requested,,,
"/Users/makennarodriguez/Documents/260213_Feb16recopy_HYdiff_landingpadlines_survival_384well1/20260228_090815_318/260228_day20_WellF13_Channel405nm Binned,561nm Binned,488nm Binned_Seq0056.nd2","20260228_090815_318/260228_day20_WellF13_Channel405nm Binned,561nm Binned,488nm Binned_Seq0056.nd2","260228_day20_WellF13_Channel405nm Binned,561nm Binned,488nm Binned_Seq0056.nd2",.nd2,49692672,2026-02-28T09:19:56,F13,20,405nm Binned|561nm Binned|488nm Binned,Seq0056,20260228_090815_318,high,,not_requested,,,
"/Users/makennarodriguez/Documents/260213_Feb16recopy_HYdiff_landingpadlines_survival_384well1/20260228_090815_318/260228_day20_WellF14_Channel405nm Binned,561nm Binned,488nm Binned_Seq0057.nd2","20260228_090815_318/260228_day20_WellF14_Channel405nm Binned,561nm Binned,488nm Binned_Seq0057.nd2","260228_day20_WellF14_Channel405nm Binned,561nm Binned,488nm Binned_Seq0057.nd2",.nd2,49692672,2026-02-28T09:20:08,F14,20,405nm Binned|561nm Binned|488nm Binned,Seq0057,20260228_090815_318,high,,not_requested,,,
"/Users/makennarodriguez/Documents/260213_Feb16recopy_HYdiff_landingpadlines_survival_384well1/20260228_090815_318/260228_day20_WellF15_Channel405nm Binned,561nm Binned,488nm Binned_Seq0058.nd2","20260228_090815_318/260228_day20_WellF15_Channel405nm Binned,561nm Binned,488nm Binned_Seq0058.nd2","260228_day20_WellF15_Channel405nm Binned,561nm Binned,488nm Binned_Seq0058.nd2",.nd2,49692672,2026-02-28T09:20:20,F15,20,405nm Binned|561nm Binned|488nm Binned,Seq0058,20260228_090815_318,high,,not_requested,,,
"/Users/makennarodriguez/Documents/260213_Feb16recopy_HYdiff_landingpadlines_survival_384well1/20260228_090815_318/260228_day20_WellF16_Channel405nm Binned,561nm Binned,488nm Binned_Seq0059.nd2","20260228_090815_318/260228_day20_WellF16_Channel405nm Binned,561nm Binned,488nm Binned_Seq0059.nd2","260228_day20_WellF16_Channel405nm Binned,561nm Binned,488nm Binned_Seq0059.nd2",.nd2,49692672,2026-02-28T09:20:30,F16,20,405nm Binned|561nm Binned|488nm Binned,Seq0059,20260228_090815_318,high,,not_requested,,,
"/Users/makennarodriguez/Documents/260213_Feb16recopy_HYdiff_landingpadlines_survival_384well1/20260228_090815_318/260228_day20_WellF17_Channel405nm Binned,561nm Binned,488nm Binned_Seq0060.nd2","20260228_090815_318/260228_day20_WellF17_Channel405nm Binned,561nm Binned,488nm Binned_Seq0060.nd2","260228_day20_WellF17_Channel405nm Binned,561nm Binned,488nm Binned_Seq0060.nd2",.nd2,49692672,2026-02-28T09:20:42,F17,20,405nm Binned|561nm Binned|488nm Binned,Seq0060,20260228_090815_318,high,,not_requested,,,
"/Users/makennarodriguez/Documents/260213_Feb16recopy_HYdiff_landingpadlines_survival_384well1/20260228_090815_318/260228_day20_WellF18_Channel405nm Binned,561nm Binned,488nm Binned_Seq0061.nd2","20260228_090815_318/260228_day20_WellF18_Channel405nm Binned,561nm Binned,488nm Binned_Seq0061.nd2","260228_day20_WellF18_Channel405nm Binned,561nm Binned,488nm Binned_Seq0061.nd2",.nd2,49692672,2026-02-28T09:20:54,F18,20,405nm Binned|561nm Binned|488nm Binned,Seq0061,20260228_090815_318,high,,not_requested,,,
"/Users/makennarodriguez/Documents/260213_Feb16recopy_HYdiff_landingpadlines_survival_384well1/20260228_090815_318/260228_day20_WellF19_Channel405nm Binned,561nm Binned,488nm Binned_Seq0062.nd2","20260228_090815_318/260228_day20_WellF19_Channel405nm Binned,561nm Binned,488nm Binned_Seq0062.nd2","260228_day20_WellF19_Channel405nm Binned,561nm Binned,488nm Binned_Seq0062.nd2",.nd2,49692672,2026-02-28T09:21:04,F19,20,405nm Binned|561nm Binned|488nm Binned,Seq0062,20260228_090815_318,high,,not_requested,,,
"/Users/makennarodriguez/Documents/260213_Feb16recopy_HYdiff_landingpadlines_survival_384well1/20260228_090815_318/260228_day20_WellF20_Channel405nm Binned,561nm Binned,488nm Binned_Seq0063.nd2","20260228_090815_318/260228_day20_WellF20_Channel405nm Binned,561nm Binned,488nm Binned_Seq0063.nd2","260228_day20_WellF20_Channel405nm Binned,561nm Binned,488nm Binned_Seq0063.nd2",.nd2,49692672,2026-02-28T09:21:16,F20,20,405nm Binned|561nm Binned|488nm Binned,Seq0063,20260228_090815_318,high,,not_requested,,,
"/Users/makennarodriguez/Documents/260213_Feb16recopy_HYdiff_landingpadlines_survival_384well1/20260228_090815_318/260228_day20_WellG05_Channel405nm Binned,561nm Binned,488nm Binned_Seq0064.nd2","20260228_090815_318/260228_day20_WellG05_Channel405nm Binned,561nm Binned,488nm Binned_Seq0064.nd2","260228_day20_WellG05_Channel405nm Binned,561nm Binned,488nm Binned_Seq0064.nd2",.nd2,49692672,2026-02-28T09:21:30,G05,20,405nm Binned|561nm Binned|488nm Binned,Seq0064,20260228_090815_318,high,,not_requested,,,
"/Users/makennarodriguez/Documents/260213_Feb16recopy_HYdiff_landingpadlines_survival_384well1/20260228_090815_318/260228_day20_WellG06_Channel405nm Binned,561nm Binned,488nm Binned_Seq0065.nd2","20260228_090815_318/260228_day20_WellG06_Channel405nm Binned,561nm Binned,488nm Binned_Seq0065.nd2","260228_day20_WellG06_Channel405nm Binned,561nm Binned,488nm Binned_Seq0065.nd2",.nd2,49692672,2026-02-28T09:21:42,G06,20,405nm Binned|561nm Binned|488nm Binned,Seq0065,20260228_090815_318,high,,not_requested,,,
"/Users/makennarodriguez/Documents/260213_Feb16recopy_HYdiff_landingpadlines_survival_384well1/20260228_090815_318/260228_day20_WellG07_Channel405nm Binned,561nm Binned,488nm Binned_Seq0066.nd2","20260228_090815_318/260228_day20_WellG07_Channel405nm Binned,561nm Binned,488nm Binned_Seq0066.nd2","260228_day20_WellG07_Channel405nm Binned,561nm Binned,488nm Binned_Seq0066.nd2",.nd2,49692672,2026-02-28T09:21:54,G07,20,405nm Binned|561nm Binned|488nm Binned,Seq0066,20260228_090815_318,high,,not_requested,,,
"/Users/makennarodriguez/Documents/260213_Feb16recopy_HYdiff_landingpadlines_survival_384well1/20260228_090815_318/260228_day20_WellG08_Channel405nm Binned,561nm Binned,488nm Binned_Seq0067.nd2","20260228_090815_318/260228_day20_WellG08_Channel405nm Binned,561nm Binned,488nm Binned_Seq0067.nd2","260228_day20_WellG08_Channel405nm Binned,561nm Binned,488nm Binned_Seq0067.nd2",.nd2,49692672,2026-02-28T09:22:04,G08,20,405nm Binned|561nm Binned|488nm Binned,Seq0067,20260228_090815_318,high,,not_requested,,,
"/Users/makennarodriguez/Documents/260213_Feb16recopy_HYdiff_landingpadlines_survival_384well1/20260228_090815_318/260228_day20_WellG09_Channel405nm Binned,561nm Binned,488nm Binned_Seq0068.nd2","20260228_090815_318/260228_day20_WellG09_Channel405nm Binned,561nm Binned,488nm Binned_Seq0068.nd2","260228_day20_WellG09_Channel405nm Binned,561nm Binned,488nm Binned_Seq0068.nd2",.nd2,49692672,2026-02-28T09:22:16,G09,20,405nm Binned|561nm Binned|488nm Binned,Seq0068,20260228_090815_318,high,,not_requested,,,
"/Users/makennarodriguez/Documents/260213_Feb16recopy_HYdiff_landingpadlines_survival_384well1/20260228_090815_318/260228_day20_WellG10_Channel405nm Binned,561nm Binned,488nm Binned_Seq0069.nd2","20260228_090815_318/260228_day20_WellG10_Channel405nm Binned,561nm Binned,488nm Binned_Seq0069.nd2","260228_day20_WellG10_Channel405nm Binned,561nm Binned,488nm Binned_Seq0069.nd2",.nd2,49692672,2026-02-28T09:22:28,G10,20,405nm Binned|561nm Binned|488nm Binned,Seq0069,20260228_090815_318,high,,not_requested,,,
"/Users/makennarodriguez/Documents/260213_Feb16recopy_HYdiff_landingpadlines_survival_384well1/20260228_090815_318/260228_day20_WellG11_Channel405nm Binned,561nm Binned,488nm Binned_Seq0070.nd2","20260228_090815_318/260228_day20_WellG11_Channel405nm Binned,561nm Binned,488nm Binned_Seq0070.nd2","260228_day20_WellG11_Channel405nm Binned,561nm Binned,488nm Binned_Seq0070.nd2",.nd2,49692672,2026-02-28T09:22:38,G11,20,405nm Binned|561nm Binned|488nm Binned,Seq0070,20260228_090815_318,high,,not_requested,,,
"/Users/makennarodriguez/Documents/260213_Feb16recopy_HYdiff_landingpadlines_survival_384well1/20260228_090815_318/260228_day20_WellG12_Channel405nm Binned,561nm Binned,488nm Binned_Seq0071.nd2","20260228_090815_318/260228_day20_WellG12_Channel405nm Binned,561nm Binned,488nm Binned_Seq0071.nd2","260228_day20_WellG12_Channel405nm Binned,561nm Binned,488nm Binned_Seq0071.nd2",.nd2,49692672,2026-02-28T09:22:50,G12,20,405nm Binned|561nm Binned|488nm Binned,Seq0071,20260228_090815_318,high,,not_requested,,,
"/Users/makennarodriguez/Documents/260213_Feb16recopy_HYdiff_landingpadlines_survival_384well1/20260228_090815_318/260228_day20_WellG13_Channel405nm Binned,561nm Binned,488nm Binned_Seq0072.nd2","20260228_090815_318/260228_day20_WellG13_Channel405nm Binned,561nm Binned,488nm Binned_Seq0072.nd2","260228_day20_WellG13_Channel405nm Binned,561nm Binned,488nm Binned_Seq0072.nd2",.nd2,49692672,2026-02-28T09:23:02,G13,20,405nm Binned|561nm Binned|488nm Binned,Seq0072,20260228_090815_318,high,,not_requested,,,
"/Users/makennarodriguez/Documents/260213_Feb16recopy_HYdiff_landingpadlines_survival_384well1/20260228_090815_318/260228_day20_WellG14_Channel405nm Binned,561nm Binned,488nm Binned_Seq0073.nd2","20260228_090815_318/260228_day20_WellG14_Channel405nm Binned,561nm Binned,488nm Binned_Seq0073.nd2","260228_day20_WellG14_Channel405nm Binned,561nm Binned,488nm Binned_Seq0073.nd2",.nd2,49692672,2026-02-28T09:23:14,G14,20,405nm Binned|561nm Binned|488nm Binned,Seq0073,20260228_090815_318,high,,not_requested,,,
"/Users/makennarodriguez/Documents/260213_Feb16recopy_HYdiff_landingpadlines_survival_384well1/20260228_090815_318/260228_day20_WellG15_Channel405nm Binned,561nm Binned,488nm Binned_Seq0074.nd2","20260228_090815_318/260228_day20_WellG15_Channel405nm Binned,561nm Binned,488nm Binned_Seq0074.nd2","260228_day20_WellG15_Channel405nm Binned,561nm Binned,488nm Binned_Seq0074.nd2",.nd2,49692672,2026-02-28T09:23:24,G15,20,405nm Binned|561nm Binned|488nm Binned,Seq0074,20260228_090815_318,high,,not_requested,,,
"/Users/makennarodriguez/Documents/260213_Feb16recopy_HYdiff_landingpadlines_survival_384well1/20260228_090815_318/260228_day20_WellG16_Channel405nm Binned,561nm Binned,488nm Binned_Seq0075.nd2","20260228_090815_318/260228_day20_WellG16_Channel405nm Binned,561nm Binned,488nm Binned_Seq0075.nd2","260228_day20_WellG16_Channel405nm Binned,561nm Binned,488nm Binned_Seq0075.nd2",.nd2,49692672,2026-02-28T09:23:36,G16,20,405nm Binned|561nm Binned|488nm Binned,Seq0075,20260228_090815_318,high,,not_requested,,,
"/Users/makennarodriguez/Documents/260213_Feb16recopy_HYdiff_landingpadlines_survival_384well1/20260228_090815_318/260228_day20_WellG17_Channel405nm Binned,561nm Binned,488nm Binned_Seq0076.nd2","20260228_090815_318/260228_day20_WellG17_Channel405nm Binned,561nm Binned,488nm Binned_Seq0076.nd2","260228_day20_WellG17_Channel405nm Binned,561nm Binned,488nm Binned_Seq0076.nd2",.nd2,49692672,2026-02-28T09:23:48,G17,20,405nm Binned|561nm Binned|488nm Binned,Seq0076,20260228_090815_318,high,,not_requested,,,
"/Users/makennarodriguez/Documents/260213_Feb16recopy_HYdiff_landingpadlines_survival_384well1/20260228_090815_318/260228_day20_WellG18_Channel405nm Binned,561nm Binned,488nm Binned_Seq0077.nd2","20260228_090815_318/260228_day20_WellG18_Channel405nm Binned,561nm Binned,488nm Binned_Seq0077.nd2","260228_day20_WellG18_Channel405nm Binned,561nm Binned,488nm Binned_Seq0077.nd2",.nd2,49692672,2026-02-28T09:23:58,G18,20,405nm Binned|561nm Binned|488nm Binned,Seq0077,20260228_090815_318,high,,not_requested,,,
"/Users/makennarodriguez/Documents/260213_Feb16recopy_HYdiff_landingpadlines_survival_384well1/20260228_090815_318/260228_day20_WellG19_Channel405nm Binned,561nm Binned,488nm Binned_Seq0078.nd2","20260228_090815_318/260228_day20_WellG19_Channel405nm Binned,561nm Binned,488nm Binned_Seq0078.nd2","260228_day20_WellG19_Channel405nm Binned,561nm Binned,488nm Binned_Seq0078.nd2",.nd2,49692672,2026-02-28T09:24:10,G19,20,405nm Binned|561nm Binned|488nm Binned,Seq0078,20260228_090815_318,high,,not_requested,,,
"/Users/makennarodriguez/Documents/260213_Feb16recopy_HYdiff_landingpadlines_survival_384well1/20260228_090815_318/260228_day20_WellG20_Channel405nm Binned,561nm Binned,488nm Binned_Seq0079.nd2","20260228_090815_318/260228_day20_WellG20_Channel405nm Binned,561nm Binned,488nm Binned_Seq0079.nd2","260228_day20_WellG20_Channel405nm Binned,561nm Binned,488nm Binned_Seq0079.nd2",.nd2,49692672,2026-02-28T09:24:22,G20,20,405nm Binned|561nm Binned|488nm Binned,Seq0079,20260228_090815_318,high,,not_requested,,,
"/Users/makennarodriguez/Documents/260213_Feb16recopy_HYdiff_landingpadlines_survival_384well1/20260228_090815_318/260228_day20_WellH05_Channel405nm Binned,561nm Binned,488nm Binned_Seq0080.nd2","20260228_090815_318/260228_day20_WellH05_Channel405nm Binned,561nm Binned,488nm Binned_Seq0080.nd2","260228_day20_WellH05_Channel405nm Binned,561nm Binned,488nm Binned_Seq0080.nd2",.nd2,49692672,2026-02-28T09:24:36,H05,20,405nm Binned|561nm Binned|488nm Binned,Seq0080,20260228_090815_318,high,,not_requested,,,
"/Users/makennarodriguez/Documents/260213_Feb16recopy_HYdiff_landingpadlines_survival_384well1/20260228_090815_318/260228_day20_WellH06_Channel405nm Binned,561nm Binned,488nm Binned_Seq0081.nd2","20260228_090815_318/260228_day20_WellH06_Channel405nm Binned,561nm Binned,488nm Binned_Seq0081.nd2","260228_day20_WellH06_Channel405nm Binned,561nm Binned,488nm Binned_Seq0081.nd2",.nd2,49692672,2026-02-28T09:24:48,H06,20,405nm Binned|561nm Binned|488nm Binned,Seq0081,20260228_090815_318,high,,not_requested,,,
"/Users/makennarodriguez/Documents/260213_Feb16recopy_HYdiff_landingpadlines_survival_384well1/20260228_090815_318/260228_day20_WellH07_Channel405nm Binned,561nm Binned,488nm Binned_Seq0082.nd2","20260228_090815_318/260228_day20_WellH07_Channel405nm Binned,561nm Binned,488nm Binned_Seq0082.nd2","260228_day20_WellH07_Channel405nm Binned,561nm Binned,488nm Binned_Seq0082.nd2",.nd2,49692672,2026-02-28T09:25:00,H07,20,405nm Binned|561nm Binned|488nm Binned,Seq0082,20260228_090815_318,high,,not_requested,,,
"/Users/makennarodriguez/Documents/260213_Feb16recopy_HYdiff_landingpadlines_survival_384well1/20260228_090815_318/260228_day20_WellH08_Channel405nm Binned,561nm Binned,488nm Binned_Seq0083.nd2","20260228_090815_318/260228_day20_WellH08_Channel405nm Binned,561nm Binned,488nm Binned_Seq0083.nd2","260228_day20_WellH08_Channel405nm Binned,561nm Binned,488nm Binned_Seq0083.nd2",.nd2,49692672,2026-02-28T09:25:12,H08,20,405nm Binned|561nm Binned|488nm Binned,Seq0083,20260228_090815_318,high,,not_requested,,,
"/Users/makennarodriguez/Documents/260213_Feb16recopy_HYdiff_landingpadlines_survival_384well1/20260228_090815_318/260228_day20_WellH09_Channel405nm Binned,561nm Binned,488nm Binned_Seq0084.nd2","20260228_090815_318/260228_day20_WellH09_Channel405nm Binned,561nm Binned,488nm Binned_Seq0084.nd2","260228_day20_WellH09_Channel405nm Binned,561nm Binned,488nm Binned_Seq0084.nd2",.nd2,49692672,2026-02-28T09:25:24,H09,20,405nm Binned|561nm Binned|488nm Binned,Seq0084,20260228_090815_318,high,,not_requested,,,
"/Users/makennarodriguez/Documents/260213_Feb16recopy_HYdiff_landingpadlines_survival_384well1/20260228_090815_318/260228_day20_WellH10_Channel405nm Binned,561nm Binned,488nm Binned_Seq0085.nd2","20260228_090815_318/260228_day20_WellH10_Channel405nm Binned,561nm Binned,488nm Binned_Seq0085.nd2","260228_day20_WellH10_Channel405nm Binned,561nm Binned,488nm Binned_Seq0085.nd2",.nd2,49692672,2026-02-28T09:25:34,H10,20,405nm Binned|561nm Binned|488nm Binned,Seq0085,20260228_090815_318,high,,not_requested,,,
"/Users/makennarodriguez/Documents/260213_Feb16recopy_HYdiff_landingpadlines_survival_384well1/20260228_090815_318/260228_day20_WellH11_Channel405nm Binned,561nm Binned,488nm Binned_Seq0086.nd2","20260228_090815_318/260228_day20_WellH11_Channel405nm Binned,561nm Binned,488nm Binned_Seq0086.nd2","260228_day20_WellH11_Channel405nm Binned,561nm Binned,488nm Binned_Seq0086.nd2",.nd2,49692672,2026-02-28T09:25:46,H11,20,405nm Binned|561nm Binned|488nm Binned,Seq0086,20260228_090815_318,high,,not_requested,,,
"/Users/makennarodriguez/Documents/260213_Feb16recopy_HYdiff_landingpadlines_survival_384well1/20260228_090815_318/260228_day20_WellH12_Channel405nm Binned,561nm Binned,488nm Binned_Seq0087.nd2","20260228_090815_318/260228_day20_WellH12_Channel405nm Binned,561nm Binned,488nm Binned_Seq0087.nd2","260228_day20_WellH12_Channel405nm Binned,561nm Binned,488nm Binned_Seq0087.nd2",.nd2,49692672,2026-02-28T09:25:58,H12,20,405nm Binned|561nm Binned|488nm Binned,Seq0087,20260228_090815_318,high,,not_requested,,,
"/Users/makennarodriguez/Documents/260213_Feb16recopy_HYdiff_landingpadlines_survival_384well1/20260228_090815_318/260228_day20_WellH13_Channel405nm Binned,561nm Binned,488nm Binned_Seq0088.nd2","20260228_090815_318/260228_day20_WellH13_Channel405nm Binned,561nm Binned,488nm Binned_Seq0088.nd2","260228_day20_WellH13_Channel405nm Binned,561nm Binned,488nm Binned_Seq0088.nd2",.nd2,49692672,2026-02-28T09:26:10,H13,20,405nm Binned|561nm Binned|488nm Binned,Seq0088,20260228_090815_318,high,,not_requested,,,
"/Users/makennarodriguez/Documents/260213_Feb16recopy_HYdiff_landingpadlines_survival_384well1/20260228_090815_318/260228_day20_WellH14_Channel405nm Binned,561nm Binned,488nm Binned_Seq0089.nd2","20260228_090815_318/260228_day20_WellH14_Channel405nm Binned,561nm Binned,488nm Binned_Seq0089.nd2","260228_day20_WellH14_Channel405nm Binned,561nm Binned,488nm Binned_Seq0089.nd2",.nd2,49692672,2026-02-28T09:26:22,H14,20,405nm Binned|561nm Binned|488nm Binned,Seq0089,20260228_090815_318,high,,not_requested,,,
"/Users/makennarodriguez/Documents/260213_Feb16recopy_HYdiff_landingpadlines_survival_384well1/20260228_090815_318/260228_day20_WellH15_Channel405nm Binned,561nm Binned,488nm Binned_Seq0090.nd2","20260228_090815_318/260228_day20_WellH15_Channel405nm Binned,561nm Binned,488nm Binned_Seq0090.nd2","260228_day20_WellH15_Channel405nm Binned,561nm Binned,488nm Binned_Seq0090.nd2",.nd2,49692672,2026-02-28T09:26:32,H15,20,405nm Binned|561nm Binned|488nm Binned,Seq0090,20260228_090815_318,high,,not_requested,,,
"/Users/makennarodriguez/Documents/260213_Feb16recopy_HYdiff_landingpadlines_survival_384well1/20260228_090815_318/260228_day20_WellH16_Channel405nm Binned,561nm Binned,488nm Binned_Seq0091.nd2","20260228_090815_318/260228_day20_WellH16_Channel405nm Binned,561nm Binned,488nm Binned_Seq0091.nd2","260228_day20_WellH16_Channel405nm Binned,561nm Binned,488nm Binned_Seq0091.nd2",.nd2,49692672,2026-02-28T09:26:44,H16,20,405nm Binned|561nm Binned|488nm Binned,Seq0091,20260228_090815_318,high,,not_requested,,,
"/Users/makennarodriguez/Documents/260213_Feb16recopy_HYdiff_landingpadlines_survival_384well1/20260228_090815_318/260228_day20_WellH17_Channel405nm Binned,561nm Binned,488nm Binned_Seq0092.nd2","20260228_090815_318/260228_day20_WellH17_Channel405nm Binned,561nm Binned,488nm Binned_Seq0092.nd2","260228_day20_WellH17_Channel405nm Binned,561nm Binned,488nm Binned_Seq0092.nd2",.nd2,49692672,2026-02-28T09:26:56,H17,20,405nm Binned|561nm Binned|488nm Binned,Seq0092,20260228_090815_318,high,,not_requested,,,
"/Users/makennarodriguez/Documents/260213_Feb16recopy_HYdiff_landingpadlines_survival_384well1/20260228_090815_318/260228_day20_WellH18_Channel405nm Binned,561nm Binned,488nm Binned_Seq0093.nd2","20260228_090815_318/260228_day20_WellH18_Channel405nm Binned,561nm Binned,488nm Binned_Seq0093.nd2","260228_day20_WellH18_Channel405nm Binned,561nm Binned,488nm Binned_Seq0093.nd2",.nd2,49692672,2026-02-28T09:27:06,H18,20,405nm Binned|561nm Binned|488nm Binned,Seq0093,20260228_090815_318,high,,not_requested,,,
"/Users/makennarodriguez/Documents/260213_Feb16recopy_HYdiff_landingpadlines_survival_384well1/20260228_090815_318/260228_day20_WellH19_Channel405nm Binned,561nm Binned,488nm Binned_Seq0094.nd2","20260228_090815_318/260228_day20_WellH19_Channel405nm Binned,561nm Binned,488nm Binned_Seq0094.nd2","260228_day20_WellH19_Channel405nm Binned,561nm Binned,488nm Binned_Seq0094.nd2",.nd2,49692672,2026-02-28T09:27:18,H19,20,405nm Binned|561nm Binned|488nm Binned,Seq0094,20260228_090815_318,high,,not_requested,,,
"/Users/makennarodriguez/Documents/260213_Feb16recopy_HYdiff_landingpadlines_survival_384well1/20260228_090815_318/260228_day20_WellH20_Channel405nm Binned,561nm Binned,488nm Binned_Seq0095.nd2","20260228_090815_318/260228_day20_WellH20_Channel405nm Binned,561nm Binned,488nm Binned_Seq0095.nd2","260228_day20_WellH20_Channel405nm Binned,561nm Binned,488nm Binned_Seq0095.nd2",.nd2,49692672,2026-02-28T09:27:30,H20,20,405nm Binned|561nm Binned|488nm Binned,Seq0095,20260228_090815_318,high,,not_requested,,,
"/Users/makennarodriguez/Documents/260213_Feb16recopy_HYdiff_landingpadlines_survival_384well1/20260228_090815_318/260228_day20_WellI05_Channel405nm Binned,561nm Binned,488nm Binned_Seq0096.nd2","20260228_090815_318/260228_day20_WellI05_Channel405nm Binned,561nm Binned,488nm Binned_Seq0096.nd2","260228_day20_WellI05_Channel405nm Binned,561nm Binned,488nm Binned_Seq0096.nd2",.nd2,49692672,2026-02-28T09:27:44,I05,20,405nm Binned|561nm Binned|488nm Binned,Seq0096,20260228_090815_318,high,,not_requested,,,
"/Users/makennarodriguez/Documents/260213_Feb16recopy_HYdiff_landingpadlines_survival_384well1/20260228_090815_318/260228_day20_WellI06_Channel405nm Binned,561nm Binned,488nm Binned_Seq0097.nd2","20260228_090815_318/260228_day20_WellI06_Channel405nm Binned,561nm Binned,488nm Binned_Seq0097.nd2","260228_day20_WellI06_Channel405nm Binned,561nm Binned,488nm Binned_Seq0097.nd2",.nd2,49692672,2026-02-28T09:27:56,I06,20,405nm Binned|561nm Binned|488nm Binned,Seq0097,20260228_090815_318,high,,not_requested,,,
"/Users/makennarodriguez/Documents/260213_Feb16recopy_HYdiff_landingpadlines_survival_384well1/20260228_090815_318/260228_day20_WellI07_Channel405nm Binned,561nm Binned,488nm Binned_Seq0098.nd2","20260228_090815_318/260228_day20_WellI07_Channel405nm Binned,561nm Binned,488nm Binned_Seq0098.nd2","260228_day20_WellI07_Channel405nm Binned,561nm Binned,488nm Binned_Seq0098.nd2",.nd2,49692672,2026-02-28T09:28:08,I07,20,405nm Binned|561nm Binned|488nm Binned,Seq0098,20260228_090815_318,high,,not_requested,,,
"/Users/makennarodriguez/Documents/260213_Feb16recopy_HYdiff_landingpadlines_survival_384well1/20260228_090815_318/260228_day20_WellI08_Channel405nm Binned,561nm Binned,488nm Binned_Seq0099.nd2","20260228_090815_318/260228_day20_WellI08_Channel405nm Binned,561nm Binned,488nm Binned_Seq0099.nd2","260228_day20_WellI08_Channel405nm Binned,561nm Binned,488nm Binned_Seq0099.nd2",.nd2,49692672,2026-02-28T09:28:20,I08,20,405nm Binned|561nm Binned|488nm Binned,Seq0099,20260228_090815_318,high,,not_requested,,,
"/Users/makennarodriguez/Documents/260213_Feb16recopy_HYdiff_landingpadlines_survival_384well1/20260228_090815_318/260228_day20_WellI09_Channel405nm Binned,561nm Binned,488nm Binned_Seq0100.nd2","20260228_090815_318/260228_day20_WellI09_Channel405nm Binned,561nm Binned,488nm Binned_Seq0100.nd2","260228_day20_WellI09_Channel405nm Binned,561nm Binned,488nm Binned_Seq0100.nd2",.nd2,49692672,2026-02-28T09:28:30,I09,20,405nm Binned|561nm Binned|488nm Binned,Seq0100,20260228_090815_318,high,,not_requested,,,
"/Users/makennarodriguez/Documents/260213_Feb16recopy_HYdiff_landingpadlines_survival_384well1/20260228_090815_318/260228_day20_WellI10_Channel405nm Binned,561nm Binned,488nm Binned_Seq0101.nd2","20260228_090815_318/260228_day20_WellI10_Channel405nm Binned,561nm Binned,488nm Binned_Seq0101.nd2","260228_day20_WellI10_Channel405nm Binned,561nm Binned,488nm Binned_Seq0101.nd2",.nd2,49692672,2026-02-28T09:28:42,I10,20,405nm Binned|561nm Binned|488nm Binned,Seq0101,20260228_090815_318,high,,not_requested,,,
"/Users/makennarodriguez/Documents/260213_Feb16recopy_HYdiff_landingpadlines_survival_384well1/20260228_090815_318/260228_day20_WellI11_Channel405nm Binned,561nm Binned,488nm Binned_Seq0102.nd2","20260228_090815_318/260228_day20_WellI11_Channel405nm Binned,561nm Binned,488nm Binned_Seq0102.nd2","260228_day20_WellI11_Channel405nm Binned,561nm Binned,488nm Binned_Seq0102.nd2",.nd2,49692672,2026-02-28T09:28:54,I11,20,405nm Binned|561nm Binned|488nm Binned,Seq0102,20260228_090815_318,high,,not_requested,,,
"/Users/makennarodriguez/Documents/260213_Feb16recopy_HYdiff_landingpadlines_survival_384well1/20260228_090815_318/260228_day20_WellI12_Channel405nm Binned,561nm Binned,488nm Binned_Seq0103.nd2","20260228_090815_318/260228_day20_WellI12_Channel405nm Binned,561nm Binned,488nm Binned_Seq0103.nd2","260228_day20_WellI12_Channel405nm Binned,561nm Binned,488nm Binned_Seq0103.nd2",.nd2,49692672,2026-02-28T09:29:06,I12,20,405nm Binned|561nm Binned|488nm Binned,Seq0103,20260228_090815_318,high,,not_requested,,,
"/Users/makennarodriguez/Documents/260213_Feb16recopy_HYdiff_landingpadlines_survival_384well1/20260228_090815_318/260228_day20_WellI13_Channel405nm Binned,561nm Binned,488nm Binned_Seq0104.nd2","20260228_090815_318/260228_day20_WellI13_Channel405nm Binned,561nm Binned,488nm Binned_Seq0104.nd2","260228_day20_WellI13_Channel405nm Binned,561nm Binned,488nm Binned_Seq0104.nd2",.nd2,49692672,2026-02-28T09:29:16,I13,20,405nm Binned|561nm Binned|488nm Binned,Seq0104,20260228_090815_318,high,,not_requested,,,
"/Users/makennarodriguez/Documents/260213_Feb16recopy_HYdiff_landingpadlines_survival_384well1/20260228_090815_318/260228_day20_WellI14_Channel405nm Binned,561nm Binned,488nm Binned_Seq0105.nd2","20260228_090815_318/260228_day20_WellI14_Channel405nm Binned,561nm Binned,488nm Binned_Seq0105.nd2","260228_day20_WellI14_Channel405nm Binned,561nm Binned,488nm Binned_Seq0105.nd2",.nd2,49692672,2026-02-28T09:29:28,I14,20,405nm Binned|561nm Binned|488nm Binned,Seq0105,20260228_090815_318,high,,not_requested,,,
"/Users/makennarodriguez/Documents/260213_Feb16recopy_HYdiff_landingpadlines_survival_384well1/20260228_090815_318/260228_day20_WellI15_Channel405nm Binned,561nm Binned,488nm Binned_Seq0106.nd2","20260228_090815_318/260228_day20_WellI15_Channel405nm Binned,561nm Binned,488nm Binned_Seq0106.nd2","260228_day20_WellI15_Channel405nm Binned,561nm Binned,488nm Binned_Seq0106.nd2",.nd2,49692672,2026-02-28T09:29:40,I15,20,405nm Binned|561nm Binned|488nm Binned,Seq0106,20260228_090815_318,high,,not_requested,,,
"/Users/makennarodriguez/Documents/260213_Feb16recopy_HYdiff_landingpadlines_survival_384well1/20260228_090815_318/260228_day20_WellI16_Channel405nm Binned,561nm Binned,488nm Binned_Seq0107.nd2","20260228_090815_318/260228_day20_WellI16_Channel405nm Binned,561nm Binned,488nm Binned_Seq0107.nd2","260228_day20_WellI16_Channel405nm Binned,561nm Binned,488nm Binned_Seq0107.nd2",.nd2,49692672,2026-02-28T09:29:52,I16,20,405nm Binned|561nm Binned|488nm Binned,Seq0107,20260228_090815_318,high,,not_requested,,,
"/Users/makennarodriguez/Documents/260213_Feb16recopy_HYdiff_landingpadlines_survival_384well1/20260228_090815_318/260228_day20_WellI17_Channel405nm Binned,561nm Binned,488nm Binned_Seq0108.nd2","20260228_090815_318/260228_day20_WellI17_Channel405nm Binned,561nm Binned,488nm Binned_Seq0108.nd2","260228_day20_WellI17_Channel405nm Binned,561nm Binned,488nm Binned_Seq0108.nd2",.nd2,49692672,2026-02-28T09:30:04,I17,20,405nm Binned|561nm Binned|488nm Binned,Seq0108,20260228_090815_318,high,,not_requested,,,
"/Users/makennarodriguez/Documents/260213_Feb16recopy_HYdiff_landingpadlines_survival_384well1/20260228_090815_318/260228_day20_WellI18_Channel405nm Binned,561nm Binned,488nm Binned_Seq0109.nd2","20260228_090815_318/260228_day20_WellI18_Channel405nm Binned,561nm Binned,488nm Binned_Seq0109.nd2","260228_day20_WellI18_Channel405nm Binned,561nm Binned,488nm Binned_Seq0109.nd2",.nd2,49692672,2026-02-28T09:30:14,I18,20,405nm Binned|561nm Binned|488nm Binned,Seq0109,20260228_090815_318,high,,not_requested,,,
"/Users/makennarodriguez/Documents/260213_Feb16recopy_HYdiff_landingpadlines_survival_384well1/20260228_090815_318/260228_day20_WellI19_Channel405nm Binned,561nm Binned,488nm Binned_Seq0110.nd2","20260228_090815_318/260228_day20_WellI19_Channel405nm Binned,561nm Binned,488nm Binned_Seq0110.nd2","260228_day20_WellI19_Channel405nm Binned,561nm Binned,488nm Binned_Seq0110.nd2",.nd2,49692672,2026-02-28T09:30:26,I19,20,405nm Binned|561nm Binned|488nm Binned,Seq0110,20260228_090815_318,high,,not_requested,,,
"/Users/makennarodriguez/Documents/260213_Feb16recopy_HYdiff_landingpadlines_survival_384well1/20260228_090815_318/260228_day20_WellI20_Channel405nm Binned,561nm Binned,488nm Binned_Seq0111.nd2","20260228_090815_318/260228_day20_WellI20_Channel405nm Binned,561nm Binned,488nm Binned_Seq0111.nd2","260228_day20_WellI20_Channel405nm Binned,561nm Binned,488nm Binned_Seq0111.nd2",.nd2,49692672,2026-02-28T09:30:38,I20,20,405nm Binned|561nm Binned|488nm Binned,Seq0111,20260228_090815_318,high,,not_requested,,,
"/Users/makennarodriguez/Documents/260213_Feb16recopy_HYdiff_landingpadlines_survival_384well1/20260228_090815_318/260228_day20_WellJ05_Channel405nm Binned,561nm Binned,488nm Binned_Seq0112.nd2","20260228_090815_318/260228_day20_WellJ05_Channel405nm Binned,561nm Binned,488nm Binned_Seq0112.nd2","260228_day20_WellJ05_Channel405nm Binned,561nm Binned,488nm Binned_Seq0112.nd2",.nd2,49692672,2026-02-28T09:30:52,J05,20,405nm Binned|561nm Binned|488nm Binned,Seq0112,20260228_090815_318,high,,not_requested,,,
"/Users/makennarodriguez/Documents/260213_Feb16recopy_HYdiff_landingpadlines_survival_384well1/20260228_090815_318/260228_day20_WellJ06_Channel405nm Binned,561nm Binned,488nm Binned_Seq0113.nd2","20260228_090815_318/260228_day20_WellJ06_Channel405nm Binned,561nm Binned,488nm Binned_Seq0113.nd2","260228_day20_WellJ06_Channel405nm Binned,561nm Binned,488nm Binned_Seq0113.nd2",.nd2,49692672,2026-02-28T09:31:04,J06,20,405nm Binned|561nm Binned|488nm Binned,Seq0113,20260228_090815_318,high,,not_requested,,,
"/Users/makennarodriguez/Documents/260213_Feb16recopy_HYdiff_landingpadlines_survival_384well1/20260228_090815_318/260228_day20_WellJ07_Channel405nm Binned,561nm Binned,488nm Binned_Seq0114.nd2","20260228_090815_318/260228_day20_WellJ07_Channel405nm Binned,561nm Binned,488nm Binned_Seq0114.nd2","260228_day20_WellJ07_Channel405nm Binned,561nm Binned,488nm Binned_Seq0114.nd2",.nd2,49692672,2026-02-28T09:31:16,J07,20,405nm Binned|561nm Binned|488nm Binned,Seq0114,20260228_090815_318,high,,not_requested,,,
"/Users/makennarodriguez/Documents/260213_Feb16recopy_HYdiff_landingpadlines_survival_384well1/20260228_090815_318/260228_day20_WellJ08_Channel405nm Binned,561nm Binned,488nm Binned_Seq0115.nd2","20260228_090815_318/260228_day20_WellJ08_Channel405nm Binned,561nm Binned,488nm Binned_Seq0115.nd2","260228_day20_WellJ08_Channel405nm Binned,561nm Binned,488nm Binned_Seq0115.nd2",.nd2,49692672,2026-02-28T09:31:28,J08,20,405nm Binned|561nm Binned|488nm Binned,Seq0115,20260228_090815_318,high,,not_requested,,,
"/Users/makennarodriguez/Documents/260213_Feb16recopy_HYdiff_landingpadlines_survival_384well1/20260228_090815_318/260228_day20_WellJ09_Channel405nm Binned,561nm Binned,488nm Binned_Seq0116.nd2","20260228_090815_318/260228_day20_WellJ09_Channel405nm Binned,561nm Binned,488nm Binned_Seq0116.nd2","260228_day20_WellJ09_Channel405nm Binned,561nm Binned,488nm Binned_Seq0116.nd2",.nd2,49692672,2026-02-28T09:31:40,J09,20,405nm Binned|561nm Binned|488nm Binned,Seq0116,20260228_090815_318,high,,not_requested,,,
"/Users/makennarodriguez/Documents/260213_Feb16recopy_HYdiff_landingpadlines_survival_384well1/20260228_090815_318/260228_day20_WellJ10_Channel405nm Binned,561nm Binned,488nm Binned_Seq0117.nd2","20260228_090815_318/260228_day20_WellJ10_Channel405nm Binned,561nm Binned,488nm Binned_Seq0117.nd2","260228_day20_WellJ10_Channel405nm Binned,561nm Binned,488nm Binned_Seq0117.nd2",.nd2,49692672,2026-02-28T09:31:50,J10,20,405nm Binned|561nm Binned|488nm Binned,Seq0117,20260228_090815_318,high,,not_requested,,,
"/Users/makennarodriguez/Documents/260213_Feb16recopy_HYdiff_landingpadlines_survival_384well1/20260228_090815_318/260228_day20_WellJ11_Channel405nm Binned,561nm Binned,488nm Binned_Seq0118.nd2","20260228_090815_318/260228_day20_WellJ11_Channel405nm Binned,561nm Binned,488nm Binned_Seq0118.nd2","260228_day20_WellJ11_Channel405nm Binned,561nm Binned,488nm Binned_Seq0118.nd2",.nd2,49692672,2026-02-28T09:32:02,J11,20,405nm Binned|561nm Binned|488nm Binned,Seq0118,20260228_090815_318,high,,not_requested,,,
"/Users/makennarodriguez/Documents/260213_Feb16recopy_HYdiff_landingpadlines_survival_384well1/20260228_090815_318/260228_day20_WellJ12_Channel405nm Binned,561nm Binned,488nm Binned_Seq0119.nd2","20260228_090815_318/260228_day20_WellJ12_Channel405nm Binned,561nm Binned,488nm Binned_Seq0119.nd2","260228_day20_WellJ12_Channel405nm Binned,561nm Binned,488nm Binned_Seq0119.nd2",.nd2,49692672,2026-02-28T09:32:14,J12,20,405nm Binned|561nm Binned|488nm Binned,Seq0119,20260228_090815_318,high,,not_requested,,,
"/Users/makennarodriguez/Documents/260213_Feb16recopy_HYdiff_landingpadlines_survival_384well1/20260228_090815_318/260228_day20_WellJ13_Channel405nm Binned,561nm Binned,488nm Binned_Seq0120.nd2","20260228_090815_318/260228_day20_WellJ13_Channel405nm Binned,561nm Binned,488nm Binned_Seq0120.nd2","260228_day20_WellJ13_Channel405nm Binned,561nm Binned,488nm Binned_Seq0120.nd2",.nd2,49692672,2026-02-28T09:32:24,J13,20,405nm Binned|561nm Binned|488nm Binned,Seq0120,20260228_090815_318,high,,not_requested,,,
"/Users/makennarodriguez/Documents/260213_Feb16recopy_HYdiff_landingpadlines_survival_384well1/20260228_090815_318/260228_day20_WellJ14_Channel405nm Binned,561nm Binned,488nm Binned_Seq0121.nd2","20260228_090815_318/260228_day20_WellJ14_Channel405nm Binned,561nm Binned,488nm Binned_Seq0121.nd2","260228_day20_WellJ14_Channel405nm Binned,561nm Binned,488nm Binned_Seq0121.nd2",.nd2,49692672,2026-02-28T09:32:36,J14,20,405nm Binned|561nm Binned|488nm Binned,Seq0121,20260228_090815_318,high,,not_requested,,,
"/Users/makennarodriguez/Documents/260213_Feb16recopy_HYdiff_landingpadlines_survival_384well1/20260228_090815_318/260228_day20_WellJ15_Channel405nm Binned,561nm Binned,488nm Binned_Seq0122.nd2","20260228_090815_318/260228_day20_WellJ15_Channel405nm Binned,561nm Binned,488nm Binned_Seq0122.nd2","260228_day20_WellJ15_Channel405nm Binned,561nm Binned,488nm Binned_Seq0122.nd2",.nd2,49692672,2026-02-28T09:32:48,J15,20,405nm Binned|561nm Binned|488nm Binned,Seq0122,20260228_090815_318,high,,not_requested,,,
"/Users/makennarodriguez/Documents/260213_Feb16recopy_HYdiff_landingpadlines_survival_384well1/20260228_090815_318/260228_day20_WellJ16_Channel405nm Binned,561nm Binned,488nm Binned_Seq0123.nd2","20260228_090815_318/260228_day20_WellJ16_Channel405nm Binned,561nm Binned,488nm Binned_Seq0123.nd2","260228_day20_WellJ16_Channel405nm Binned,561nm Binned,488nm Binned_Seq0123.nd2",.nd2,49692672,2026-02-28T09:33:00,J16,20,405nm Binned|561nm Binned|488nm Binned,Seq0123,20260228_090815_318,high,,not_requested,,,
"/Users/makennarodriguez/Documents/260213_Feb16recopy_HYdiff_landingpadlines_survival_384well1/20260228_090815_318/260228_day20_WellJ17_Channel405nm Binned,561nm Binned,488nm Binned_Seq0124.nd2","20260228_090815_318/260228_day20_WellJ17_Channel405nm Binned,561nm Binned,488nm Binned_Seq0124.nd2","260228_day20_WellJ17_Channel405nm Binned,561nm Binned,488nm Binned_Seq0124.nd2",.nd2,49692672,2026-02-28T09:33:10,J17,20,405nm Binned|561nm Binned|488nm Binned,Seq0124,20260228_090815_318,high,,not_requested,,,
"/Users/makennarodriguez/Documents/260213_Feb16recopy_HYdiff_landingpadlines_survival_384well1/20260228_090815_318/260228_day20_WellJ18_Channel405nm Binned,561nm Binned,488nm Binned_Seq0125.nd2","20260228_090815_318/260228_day20_WellJ18_Channel405nm Binned,561nm Binned,488nm Binned_Seq0125.nd2","260228_day20_WellJ18_Channel405nm Binned,561nm Binned,488nm Binned_Seq0125.nd2",.nd2,49692672,2026-02-28T09:33:22,J18,20,405nm Binned|561nm Binned|488nm Binned,Seq0125,20260228_090815_318,high,,not_requested,,,
"/Users/makennarodriguez/Documents/260213_Feb16recopy_HYdiff_landingpadlines_survival_384well1/20260228_090815_318/260228_day20_WellJ19_Channel405nm Binned,561nm Binned,488nm Binned_Seq0126.nd2","20260228_090815_318/260228_day20_WellJ19_Channel405nm Binned,561nm Binned,488nm Binned_Seq0126.nd2","260228_day20_WellJ19_Channel405nm Binned,561nm Binned,488nm Binned_Seq0126.nd2",.nd2,49692672,2026-02-28T09:33:34,J19,20,405nm Binned|561nm Binned|488nm Binned,Seq0126,20260228_090815_318,high,,not_requested,,,
"/Users/makennarodriguez/Documents/260213_Feb16recopy_HYdiff_landingpadlines_survival_384well1/20260228_090815_318/260228_day20_WellJ20_Channel405nm Binned,561nm Binned,488nm Binned_Seq0127.nd2","20260228_090815_318/260228_day20_WellJ20_Channel405nm Binned,561nm Binned,488nm Binned_Seq0127.nd2","260228_day20_WellJ20_Channel405nm Binned,561nm Binned,488nm Binned_Seq0127.nd2",.nd2,49692672,2026-02-28T09:33:46,J20,20,405nm Binned|561nm Binned|488nm Binned,Seq0127,20260228_090815_318,high,,not_requested,,,
"/Users/makennarodriguez/Documents/260213_Feb16recopy_HYdiff_landingpadlines_survival_384well1/20260228_090815_318/260228_day20_WellK05_Channel405nm Binned,561nm Binned,488nm Binned_Seq0128.nd2","20260228_090815_318/260228_day20_WellK05_Channel405nm Binned,561nm Binned,488nm Binned_Seq0128.nd2","260228_day20_WellK05_Channel405nm Binned,561nm Binned,488nm Binned_Seq0128.nd2",.nd2,49692672,2026-02-28T09:34:00,K05,20,405nm Binned|561nm Binned|488nm Binned,Seq0128,20260228_090815_318,high,,not_requested,,,
"/Users/makennarodriguez/Documents/260213_Feb16recopy_HYdiff_landingpadlines_survival_384well1/20260228_090815_318/260228_day20_WellK06_Channel405nm Binned,561nm Binned,488nm Binned_Seq0129.nd2","20260228_090815_318/260228_day20_WellK06_Channel405nm Binned,561nm Binned,488nm Binned_Seq0129.nd2","260228_day20_WellK06_Channel405nm Binned,561nm Binned,488nm Binned_Seq0129.nd2",.nd2,49692672,2026-02-28T09:34:10,K06,20,405nm Binned|561nm Binned|488nm Binned,Seq0129,20260228_090815_318,high,,not_requested,,,
"/Users/makennarodriguez/Documents/260213_Feb16recopy_HYdiff_landingpadlines_survival_384well1/20260228_090815_318/260228_day20_WellK07_Channel405nm Binned,561nm Binned,488nm Binned_Seq0130.nd2","20260228_090815_318/260228_day20_WellK07_Channel405nm Binned,561nm Binned,488nm Binned_Seq0130.nd2","260228_day20_WellK07_Channel405nm Binned,561nm Binned,488nm Binned_Seq0130.nd2",.nd2,49692672,2026-02-28T09:34:22,K07,20,405nm Binned|561nm Binned|488nm Binned,Seq0130,20260228_090815_318,high,,not_requested,,,
"/Users/makennarodriguez/Documents/260213_Feb16recopy_HYdiff_landingpadlines_survival_384well1/20260228_090815_318/260228_day20_WellK08_Channel405nm Binned,561nm Binned,488nm Binned_Seq0131.nd2","20260228_090815_318/260228_day20_WellK08_Channel405nm Binned,561nm Binned,488nm Binned_Seq0131.nd2","260228_day20_WellK08_Channel405nm Binned,561nm Binned,488nm Binned_Seq0131.nd2",.nd2,49692672,2026-02-28T09:34:34,K08,20,405nm Binned|561nm Binned|488nm Binned,Seq0131,20260228_090815_318,high,,not_requested,,,
"/Users/makennarodriguez/Documents/260213_Feb16recopy_HYdiff_landingpadlines_survival_384well1/20260228_090815_318/260228_day20_WellK09_Channel405nm Binned,561nm Binned,488nm Binned_Seq0132.nd2","20260228_090815_318/260228_day20_WellK09_Channel405nm Binned,561nm Binned,488nm Binned_Seq0132.nd2","260228_day20_WellK09_Channel405nm Binned,561nm Binned,488nm Binned_Seq0132.nd2",.nd2,49692672,2026-02-28T09:34:46,K09,20,405nm Binned|561nm Binned|488nm Binned,Seq0132,20260228_090815_318,high,,not_requested,,,
"/Users/makennarodriguez/Documents/260213_Feb16recopy_HYdiff_landingpadlines_survival_384well1/20260228_090815_318/260228_day20_WellK10_Channel405nm Binned,561nm Binned,488nm Binned_Seq0133.nd2","20260228_090815_318/260228_day20_WellK10_Channel405nm Binned,561nm Binned,488nm Binned_Seq0133.nd2","260228_day20_WellK10_Channel405nm Binned,561nm Binned,488nm Binned_Seq0133.nd2",.nd2,49692672,2026-02-28T09:34:56,K10,20,405nm Binned|561nm Binned|488nm Binned,Seq0133,20260228_090815_318,high,,not_requested,,,
"/Users/makennarodriguez/Documents/260213_Feb16recopy_HYdiff_landingpadlines_survival_384well1/20260228_090815_318/260228_day20_WellK11_Channel405nm Binned,561nm Binned,488nm Binned_Seq0134.nd2","20260228_090815_318/260228_day20_WellK11_Channel405nm Binned,561nm Binned,488nm Binned_Seq0134.nd2","260228_day20_WellK11_Channel405nm Binned,561nm Binned,488nm Binned_Seq0134.nd2",.nd2,49692672,2026-02-28T09:35:08,K11,20,405nm Binned|561nm Binned|488nm Binned,Seq0134,20260228_090815_318,high,,not_requested,,,
"/Users/makennarodriguez/Documents/260213_Feb16recopy_HYdiff_landingpadlines_survival_384well1/20260228_090815_318/260228_day20_WellK12_Channel405nm Binned,561nm Binned,488nm Binned_Seq0135.nd2","20260228_090815_318/260228_day20_WellK12_Channel405nm Binned,561nm Binned,488nm Binned_Seq0135.nd2","260228_day20_WellK12_Channel405nm Binned,561nm Binned,488nm Binned_Seq0135.nd2",.nd2,49692672,2026-02-28T09:35:20,K12,20,405nm Binned|561nm Binned|488nm Binned,Seq0135,20260228_090815_318,high,,not_requested,,,
"/Users/makennarodriguez/Documents/260213_Feb16recopy_HYdiff_landingpadlines_survival_384well1/20260228_090815_318/260228_day20_WellK13_Channel405nm Binned,561nm Binned,488nm Binned_Seq0136.nd2","20260228_090815_318/260228_day20_WellK13_Channel405nm Binned,561nm Binned,488nm Binned_Seq0136.nd2","260228_day20_WellK13_Channel405nm Binned,561nm Binned,488nm Binned_Seq0136.nd2",.nd2,49692672,2026-02-28T09:35:30,K13,20,405nm Binned|561nm Binned|488nm Binned,Seq0136,20260228_090815_318,high,,not_requested,,,
"/Users/makennarodriguez/Documents/260213_Feb16recopy_HYdiff_landingpadlines_survival_384well1/20260228_090815_318/260228_day20_WellK14_Channel405nm Binned,561nm Binned,488nm Binned_Seq0137.nd2","20260228_090815_318/260228_day20_WellK14_Channel405nm Binned,561nm Binned,488nm Binned_Seq0137.nd2","260228_day20_WellK14_Channel405nm Binned,561nm Binned,488nm Binned_Seq0137.nd2",.nd2,49692672,2026-02-28T09:35:42,K14,20,405nm Binned|561nm Binned|488nm Binned,Seq0137,20260228_090815_318,high,,not_requested,,,
"/Users/makennarodriguez/Documents/260213_Feb16recopy_HYdiff_landingpadlines_survival_384well1/20260228_090815_318/260228_day20_WellK15_Channel405nm Binned,561nm Binned,488nm Binned_Seq0138.nd2","20260228_090815_318/260228_day20_WellK15_Channel405nm Binned,561nm Binned,488nm Binned_Seq0138.nd2","260228_day20_WellK15_Channel405nm Binned,561nm Binned,488nm Binned_Seq0138.nd2",.nd2,49692672,2026-02-28T09:35:54,K15,20,405nm Binned|561nm Binned|488nm Binned,Seq0138,20260228_090815_318,high,,not_requested,,,
"/Users/makennarodriguez/Documents/260213_Feb16recopy_HYdiff_landingpadlines_survival_384well1/20260228_090815_318/260228_day20_WellK16_Channel405nm Binned,561nm Binned,488nm Binned_Seq0139.nd2","20260228_090815_318/260228_day20_WellK16_Channel405nm Binned,561nm Binned,488nm Binned_Seq0139.nd2","260228_day20_WellK16_Channel405nm Binned,561nm Binned,488nm Binned_Seq0139.nd2",.nd2,49692672,2026-02-28T09:36:06,K16,20,405nm Binned|561nm Binned|488nm Binned,Seq0139,20260228_090815_318,high,,not_requested,,,
"/Users/makennarodriguez/Documents/260213_Feb16recopy_HYdiff_landingpadlines_survival_384well1/20260228_090815_318/260228_day20_WellK17_Channel405nm Binned,561nm Binned,488nm Binned_Seq0140.nd2","20260228_090815_318/260228_day20_WellK17_Channel405nm Binned,561nm Binned,488nm Binned_Seq0140.nd2","260228_day20_WellK17_Channel405nm Binned,561nm Binned,488nm Binned_Seq0140.nd2",.nd2,49692672,2026-02-28T09:36:16,K17,20,405nm Binned|561nm Binned|488nm Binned,Seq0140,20260228_090815_318,high,,not_requested,,,
"/Users/makennarodriguez/Documents/260213_Feb16recopy_HYdiff_landingpadlines_survival_384well1/20260228_090815_318/260228_day20_WellK18_Channel405nm Binned,561nm Binned,488nm Binned_Seq0141.nd2","20260228_090815_318/260228_day20_WellK18_Channel405nm Binned,561nm Binned,488nm Binned_Seq0141.nd2","260228_day20_WellK18_Channel405nm Binned,561nm Binned,488nm Binned_Seq0141.nd2",.nd2,49692672,2026-02-28T09:36:28,K18,20,405nm Binned|561nm Binned|488nm Binned,Seq0141,20260228_090815_318,high,,not_requested,,,
"/Users/makennarodriguez/Documents/260213_Feb16recopy_HYdiff_landingpadlines_survival_384well1/20260228_090815_318/260228_day20_WellK19_Channel405nm Binned,561nm Binned,488nm Binned_Seq0142.nd2","20260228_090815_318/260228_day20_WellK19_Channel405nm Binned,561nm Binned,488nm Binned_Seq0142.nd2","260228_day20_WellK19_Channel405nm Binned,561nm Binned,488nm Binned_Seq0142.nd2",.nd2,49692672,2026-02-28T09:36:40,K19,20,405nm Binned|561nm Binned|488nm Binned,Seq0142,20260228_090815_318,high,,not_requested,,,
"/Users/makennarodriguez/Documents/260213_Feb16recopy_HYdiff_landingpadlines_survival_384well1/20260228_090815_318/260228_day20_WellK20_Channel405nm Binned,561nm Binned,488nm Binned_Seq0143.nd2","20260228_090815_318/260228_day20_WellK20_Channel405nm Binned,561nm Binned,488nm Binned_Seq0143.nd2","260228_day20_WellK20_Channel405nm Binned,561nm Binned,488nm Binned_Seq0143.nd2",.nd2,49692672,2026-02-28T09:36:50,K20,20,405nm Binned|561nm Binned|488nm Binned,Seq0143,20260228_090815_318,high,,not_requested,,,
"/Users/makennarodriguez/Documents/260213_Feb16recopy_HYdiff_landingpadlines_survival_384well1/20260228_090815_318/260228_day20_WellL05_Channel405nm Binned,561nm Binned,488nm Binned_Seq0144.nd2","20260228_090815_318/260228_day20_WellL05_Channel405nm Binned,561nm Binned,488nm Binned_Seq0144.nd2","260228_day20_WellL05_Channel405nm Binned,561nm Binned,488nm Binned_Seq0144.nd2",.nd2,49692672,2026-02-28T09:37:04,L05,20,405nm Binned|561nm Binned|488nm Binned,Seq0144,20260228_090815_318,high,,not_requested,,,
"/Users/makennarodriguez/Documents/260213_Feb16recopy_HYdiff_landingpadlines_survival_384well1/20260228_090815_318/260228_day20_WellL06_Channel405nm Binned,561nm Binned,488nm Binned_Seq0145.nd2","20260228_090815_318/260228_day20_WellL06_Channel405nm Binned,561nm Binned,488nm Binned_Seq0145.nd2","260228_day20_WellL06_Channel405nm Binned,561nm Binned,488nm Binned_Seq0145.nd2",.nd2,49692672,2026-02-28T09:37:16,L06,20,405nm Binned|561nm Binned|488nm Binned,Seq0145,20260228_090815_318,high,,not_requested,,,
"/Users/makennarodriguez/Documents/260213_Feb16recopy_HYdiff_landingpadlines_survival_384well1/20260228_090815_318/260228_day20_WellL07_Channel405nm Binned,561nm Binned,488nm Binned_Seq0146.nd2","20260228_090815_318/260228_day20_WellL07_Channel405nm Binned,561nm Binned,488nm Binned_Seq0146.nd2","260228_day20_WellL07_Channel405nm Binned,561nm Binned,488nm Binned_Seq0146.nd2",.nd2,49692672,2026-02-28T09:37:28,L07,20,405nm Binned|561nm Binned|488nm Binned,Seq0146,20260228_090815_318,high,,not_requested,,,
"/Users/makennarodriguez/Documents/260213_Feb16recopy_HYdiff_landingpadlines_survival_384well1/20260228_090815_318/260228_day20_WellL08_Channel405nm Binned,561nm Binned,488nm Binned_Seq0147.nd2","20260228_090815_318/260228_day20_WellL08_Channel405nm Binned,561nm Binned,488nm Binned_Seq0147.nd2","260228_day20_WellL08_Channel405nm Binned,561nm Binned,488nm Binned_Seq0147.nd2",.nd2,49692672,2026-02-28T09:37:40,L08,20,405nm Binned|561nm Binned|488nm Binned,Seq0147,20260228_090815_318,high,,not_requested,,,
"/Users/makennarodriguez/Documents/260213_Feb16recopy_HYdiff_landingpadlines_survival_384well1/20260228_090815_318/260228_day20_WellL09_Channel405nm Binned,561nm Binned,488nm Binned_Seq0148.nd2","20260228_090815_318/260228_day20_WellL09_Channel405nm Binned,561nm Binned,488nm Binned_Seq0148.nd2","260228_day20_WellL09_Channel405nm Binned,561nm Binned,488nm Binned_Seq0148.nd2",.nd2,49692672,2026-02-28T09:37:52,L09,20,405nm Binned|561nm Binned|488nm Binned,Seq0148,20260228_090815_318,high,,not_requested,,,
"/Users/makennarodriguez/Documents/260213_Feb16recopy_HYdiff_landingpadlines_survival_384well1/20260228_090815_318/260228_day20_WellL10_Channel405nm Binned,561nm Binned,488nm Binned_Seq0149.nd2","20260228_090815_318/260228_day20_WellL10_Channel405nm Binned,561nm Binned,488nm Binned_Seq0149.nd2","260228_day20_WellL10_Channel405nm Binned,561nm Binned,488nm Binned_Seq0149.nd2",.nd2,49692672,2026-02-28T09:38:02,L10,20,405nm Binned|561nm Binned|488nm Binned,Seq0149,20260228_090815_318,high,,not_requested,,,
"/Users/makennarodriguez/Documents/260213_Feb16recopy_HYdiff_landingpadlines_survival_384well1/20260228_090815_318/260228_day20_WellL11_Channel405nm Binned,561nm Binned,488nm Binned_Seq0150.nd2","20260228_090815_318/260228_day20_WellL11_Channel405nm Binned,561nm Binned,488nm Binned_Seq0150.nd2","260228_day20_WellL11_Channel405nm Binned,561nm Binned,488nm Binned_Seq0150.nd2",.nd2,49692672,2026-02-28T09:38:14,L11,20,405nm Binned|561nm Binned|488nm Binned,Seq0150,20260228_090815_318,high,,not_requested,,,
"/Users/makennarodriguez/Documents/260213_Feb16recopy_HYdiff_landingpadlines_survival_384well1/20260228_090815_318/260228_day20_WellL12_Channel405nm Binned,561nm Binned,488nm Binned_Seq0151.nd2","20260228_090815_318/260228_day20_WellL12_Channel405nm Binned,561nm Binned,488nm Binned_Seq0151.nd2","260228_day20_WellL12_Channel405nm Binned,561nm Binned,488nm Binned_Seq0151.nd2",.nd2,49692672,2026-02-28T09:38:26,L12,20,405nm Binned|561nm Binned|488nm Binned,Seq0151,20260228_090815_318,high,,not_requested,,,
"/Users/makennarodriguez/Documents/260213_Feb16recopy_HYdiff_landingpadlines_survival_384well1/20260228_090815_318/260228_day20_WellL13_Channel405nm Binned,561nm Binned,488nm Binned_Seq0152.nd2","20260228_090815_318/260228_day20_WellL13_Channel405nm Binned,561nm Binned,488nm Binned_Seq0152.nd2","260228_day20_WellL13_Channel405nm Binned,561nm Binned,488nm Binned_Seq0152.nd2",.nd2,49692672,2026-02-28T09:38:38,L13,20,405nm Binned|561nm Binned|488nm Binned,Seq0152,20260228_090815_318,high,,not_requested,,,
"/Users/makennarodriguez/Documents/260213_Feb16recopy_HYdiff_landingpadlines_survival_384well1/20260228_090815_318/260228_day20_WellL14_Channel405nm Binned,561nm Binned,488nm Binned_Seq0153.nd2","20260228_090815_318/260228_day20_WellL14_Channel405nm Binned,561nm Binned,488nm Binned_Seq0153.nd2","260228_day20_WellL14_Channel405nm Binned,561nm Binned,488nm Binned_Seq0153.nd2",.nd2,49692672,2026-02-28T09:38:48,L14,20,405nm Binned|561nm Binned|488nm Binned,Seq0153,20260228_090815_318,high,,not_requested,,,
"/Users/makennarodriguez/Documents/260213_Feb16recopy_HYdiff_landingpadlines_survival_384well1/20260228_090815_318/260228_day20_WellL15_Channel405nm Binned,561nm Binned,488nm Binned_Seq0154.nd2","20260228_090815_318/260228_day20_WellL15_Channel405nm Binned,561nm Binned,488nm Binned_Seq0154.nd2","260228_day20_WellL15_Channel405nm Binned,561nm Binned,488nm Binned_Seq0154.nd2",.nd2,49692672,2026-02-28T09:39:00,L15,20,405nm Binned|561nm Binned|488nm Binned,Seq0154,20260228_090815_318,high,,not_requested,,,
"/Users/makennarodriguez/Documents/260213_Feb16recopy_HYdiff_landingpadlines_survival_384well1/20260228_090815_318/260228_day20_WellL16_Channel405nm Binned,561nm Binned,488nm Binned_Seq0155.nd2","20260228_090815_318/260228_day20_WellL16_Channel405nm Binned,561nm Binned,488nm Binned_Seq0155.nd2","260228_day20_WellL16_Channel405nm Binned,561nm Binned,488nm Binned_Seq0155.nd2",.nd2,49692672,2026-02-28T09:39:12,L16,20,405nm Binned|561nm Binned|488nm Binned,Seq0155,20260228_090815_318,high,,not_requested,,,
"/Users/makennarodriguez/Documents/260213_Feb16recopy_HYdiff_landingpadlines_survival_384well1/20260228_090815_318/260228_day20_WellL17_Channel405nm Binned,561nm Binned,488nm Binned_Seq0156.nd2","20260228_090815_318/260228_day20_WellL17_Channel405nm Binned,561nm Binned,488nm Binned_Seq0156.nd2","260228_day20_WellL17_Channel405nm Binned,561nm Binned,488nm Binned_Seq0156.nd2",.nd2,49692672,2026-02-28T09:39:22,L17,20,405nm Binned|561nm Binned|488nm Binned,Seq0156,20260228_090815_318,high,,not_requested,,,
"/Users/makennarodriguez/Documents/260213_Feb16recopy_HYdiff_landingpadlines_survival_384well1/20260228_090815_318/260228_day20_WellL18_Channel405nm Binned,561nm Binned,488nm Binned_Seq0157.nd2","20260228_090815_318/260228_day20_WellL18_Channel405nm Binned,561nm Binned,488nm Binned_Seq0157.nd2","260228_day20_WellL18_Channel405nm Binned,561nm Binned,488nm Binned_Seq0157.nd2",.nd2,49692672,2026-02-28T09:39:34,L18,20,405nm Binned|561nm Binned|488nm Binned,Seq0157,20260228_090815_318,high,,not_requested,,,
"/Users/makennarodriguez/Documents/260213_Feb16recopy_HYdiff_landingpadlines_survival_384well1/20260228_090815_318/260228_day20_WellL19_Channel405nm Binned,561nm Binned,488nm Binned_Seq0158.nd2","20260228_090815_318/260228_day20_WellL19_Channel405nm Binned,561nm Binned,488nm Binned_Seq0158.nd2","260228_day20_WellL19_Channel405nm Binned,561nm Binned,488nm Binned_Seq0158.nd2",.nd2,49692672,2026-02-28T09:39:46,L19,20,405nm Binned|561nm Binned|488nm Binned,Seq0158,20260228_090815_318,high,,not_requested,,,
"/Users/makennarodriguez/Documents/260213_Feb16recopy_HYdiff_landingpadlines_survival_384well1/20260228_090815_318/260228_day20_WellL20_Channel405nm Binned,561nm Binned,488nm Binned_Seq0159.nd2","20260228_090815_318/260228_day20_WellL20_Channel405nm Binned,561nm Binned,488nm Binned_Seq0159.nd2","260228_day20_WellL20_Channel405nm Binned,561nm Binned,488nm Binned_Seq0159.nd2",.nd2,49692672,2026-02-28T09:39:58,L20,20,405nm Binned|561nm Binned|488nm Binned,Seq0159,20260228_090815_318,high,,not_requested,,,
"/Users/makennarodriguez/Documents/260213_Feb16recopy_HYdiff_landingpadlines_survival_384well1/20260228_090815_318/260228_day20_WellM05_Channel405nm Binned,561nm Binned,488nm Binned_Seq0160.nd2","20260228_090815_318/260228_day20_WellM05_Channel405nm Binned,561nm Binned,488nm Binned_Seq0160.nd2","260228_day20_WellM05_Channel405nm Binned,561nm Binned,488nm Binned_Seq0160.nd2",.nd2,49692672,2026-02-28T09:40:12,M05,20,405nm Binned|561nm Binned|488nm Binned,Seq0160,20260228_090815_318,high,,not_requested,,,
"/Users/makennarodriguez/Documents/260213_Feb16recopy_HYdiff_landingpadlines_survival_384well1/20260228_090815_318/260228_day20_WellM06_Channel405nm Binned,561nm Binned,488nm Binned_Seq0161.nd2","20260228_090815_318/260228_day20_WellM06_Channel405nm Binned,561nm Binned,488nm Binned_Seq0161.nd2","260228_day20_WellM06_Channel405nm Binned,561nm Binned,488nm Binned_Seq0161.nd2",.nd2,49692672,2026-02-28T09:40:24,M06,20,405nm Binned|561nm Binned|488nm Binned,Seq0161,20260228_090815_318,high,,not_requested,,,
"/Users/makennarodriguez/Documents/260213_Feb16recopy_HYdiff_landingpadlines_survival_384well1/20260228_090815_318/260228_day20_WellM07_Channel405nm Binned,561nm Binned,488nm Binned_Seq0162.nd2","20260228_090815_318/260228_day20_WellM07_Channel405nm Binned,561nm Binned,488nm Binned_Seq0162.nd2","260228_day20_WellM07_Channel405nm Binned,561nm Binned,488nm Binned_Seq0162.nd2",.nd2,49692672,2026-02-28T09:40:36,M07,20,405nm Binned|561nm Binned|488nm Binned,Seq0162,20260228_090815_318,high,,not_requested,,,
"/Users/makennarodriguez/Documents/260213_Feb16recopy_HYdiff_landingpadlines_survival_384well1/20260228_090815_318/260228_day20_WellM08_Channel405nm Binned,561nm Binned,488nm Binned_Seq0163.nd2","20260228_090815_318/260228_day20_WellM08_Channel405nm Binned,561nm Binned,488nm Binned_Seq0163.nd2","260228_day20_WellM08_Channel405nm Binned,561nm Binned,488nm Binned_Seq0163.nd2",.nd2,49692672,2026-02-28T09:40:46,M08,20,405nm Binned|561nm Binned|488nm Binned,Seq0163,20260228_090815_318,high,,not_requested,,,
"/Users/makennarodriguez/Documents/260213_Feb16recopy_HYdiff_landingpadlines_survival_384well1/20260228_090815_318/260228_day20_WellM09_Channel405nm Binned,561nm Binned,488nm Binned_Seq0164.nd2","20260228_090815_318/260228_day20_WellM09_Channel405nm Binned,561nm Binned,488nm Binned_Seq0164.nd2","260228_day20_WellM09_Channel405nm Binned,561nm Binned,488nm Binned_Seq0164.nd2",.nd2,49692672,2026-02-28T09:40:58,M09,20,405nm Binned|561nm Binned|488nm Binned,Seq0164,20260228_090815_318,high,,not_requested,,,
"/Users/makennarodriguez/Documents/260213_Feb16recopy_HYdiff_landingpadlines_survival_384well1/20260228_090815_318/260228_day20_WellM10_Channel405nm Binned,561nm Binned,488nm Binned_Seq0165.nd2","20260228_090815_318/260228_day20_WellM10_Channel405nm Binned,561nm Binned,488nm Binned_Seq0165.nd2","260228_day20_WellM10_Channel405nm Binned,561nm Binned,488nm Binned_Seq0165.nd2",.nd2,49692672,2026-02-28T09:41:10,M10,20,405nm Binned|561nm Binned|488nm Binned,Seq0165,20260228_090815_318,high,,not_requested,,,
"/Users/makennarodriguez/Documents/260213_Feb16recopy_HYdiff_landingpadlines_survival_384well1/20260228_090815_318/260228_day20_WellM11_Channel405nm Binned,561nm Binned,488nm Binned_Seq0166.nd2","20260228_090815_318/260228_day20_WellM11_Channel405nm Binned,561nm Binned,488nm Binned_Seq0166.nd2","260228_day20_WellM11_Channel405nm Binned,561nm Binned,488nm Binned_Seq0166.nd2",.nd2,49692672,2026-02-28T09:41:22,M11,20,405nm Binned|561nm Binned|488nm Binned,Seq0166,20260228_090815_318,high,,not_requested,,,
"/Users/makennarodriguez/Documents/260213_Feb16recopy_HYdiff_landingpadlines_survival_384well1/20260228_090815_318/260228_day20_WellM12_Channel405nm Binned,561nm Binned,488nm Binned_Seq0167.nd2","20260228_090815_318/260228_day20_WellM12_Channel405nm Binned,561nm Binned,488nm Binned_Seq0167.nd2","260228_day20_WellM12_Channel405nm Binned,561nm Binned,488nm Binned_Seq0167.nd2",.nd2,49692672,2026-02-28T09:41:34,M12,20,405nm Binned|561nm Binned|488nm Binned,Seq0167,20260228_090815_318,high,,not_requested,,,
"/Users/makennarodriguez/Documents/260213_Feb16recopy_HYdiff_landingpadlines_survival_384well1/20260228_090815_318/260228_day20_WellM13_Channel405nm Binned,561nm Binned,488nm Binned_Seq0168.nd2","20260228_090815_318/260228_day20_WellM13_Channel405nm Binned,561nm Binned,488nm Binned_Seq0168.nd2","260228_day20_WellM13_Channel405nm Binned,561nm Binned,488nm Binned_Seq0168.nd2",.nd2,49692672,2026-02-28T09:41:44,M13,20,405nm Binned|561nm Binned|488nm Binned,Seq0168,20260228_090815_318,high,,not_requested,,,
"/Users/makennarodriguez/Documents/260213_Feb16recopy_HYdiff_landingpadlines_survival_384well1/20260228_090815_318/260228_day20_WellM14_Channel405nm Binned,561nm Binned,488nm Binned_Seq0169.nd2","20260228_090815_318/260228_day20_WellM14_Channel405nm Binned,561nm Binned,488nm Binned_Seq0169.nd2","260228_day20_WellM14_Channel405nm Binned,561nm Binned,488nm Binned_Seq0169.nd2",.nd2,49692672,2026-02-28T09:41:56,M14,20,405nm Binned|561nm Binned|488nm Binned,Seq0169,20260228_090815_318,high,,not_requested,,,
"/Users/makennarodriguez/Documents/260213_Feb16recopy_HYdiff_landingpadlines_survival_384well1/20260228_090815_318/260228_day20_WellM15_Channel405nm Binned,561nm Binned,488nm Binned_Seq0170.nd2","20260228_090815_318/260228_day20_WellM15_Channel405nm Binned,561nm Binned,488nm Binned_Seq0170.nd2","260228_day20_WellM15_Channel405nm Binned,561nm Binned,488nm Binned_Seq0170.nd2",.nd2,49692672,2026-02-28T09:42:08,M15,20,405nm Binned|561nm Binned|488nm Binned,Seq0170,20260228_090815_318,high,,not_requested,,,
"/Users/makennarodriguez/Documents/260213_Feb16recopy_HYdiff_landingpadlines_survival_384well1/20260228_090815_318/260228_day20_WellM16_Channel405nm Binned,561nm Binned,488nm Binned_Seq0171.nd2","20260228_090815_318/260228_day20_WellM16_Channel405nm Binned,561nm Binned,488nm Binned_Seq0171.nd2","260228_day20_WellM16_Channel405nm Binned,561nm Binned,488nm Binned_Seq0171.nd2",.nd2,49692672,2026-02-28T09:42:20,M16,20,405nm Binned|561nm Binned|488nm Binned,Seq0171,20260228_090815_318,high,,not_requested,,,
"/Users/makennarodriguez/Documents/260213_Feb16recopy_HYdiff_landingpadlines_survival_384well1/20260228_090815_318/260228_day20_WellM17_Channel405nm Binned,561nm Binned,488nm Binned_Seq0172.nd2","20260228_090815_318/260228_day20_WellM17_Channel405nm Binned,561nm Binned,488nm Binned_Seq0172.nd2","260228_day20_WellM17_Channel405nm Binned,561nm Binned,488nm Binned_Seq0172.nd2",.nd2,49692672,2026-02-28T09:42:30,M17,20,405nm Binned|561nm Binned|488nm Binned,Seq0172,20260228_090815_318,high,,not_requested,,,
"/Users/makennarodriguez/Documents/260213_Feb16recopy_HYdiff_landingpadlines_survival_384well1/20260228_090815_318/260228_day20_WellM18_Channel405nm Binned,561nm Binned,488nm Binned_Seq0173.nd2","20260228_090815_318/260228_day20_WellM18_Channel405nm Binned,561nm Binned,488nm Binned_Seq0173.nd2","260228_day20_WellM18_Channel405nm Binned,561nm Binned,488nm Binned_Seq0173.nd2",.nd2,49692672,2026-02-28T09:42:42,M18,20,405nm Binned|561nm Binned|488nm Binned,Seq0173,20260228_090815_318,high,,not_requested,,,
"/Users/makennarodriguez/Documents/260213_Feb16recopy_HYdiff_landingpadlines_survival_384well1/20260228_090815_318/260228_day20_WellM19_Channel405nm Binned,561nm Binned,488nm Binned_Seq0174.nd2","20260228_090815_318/260228_day20_WellM19_Channel405nm Binned,561nm Binned,488nm Binned_Seq0174.nd2","260228_day20_WellM19_Channel405nm Binned,561nm Binned,488nm Binned_Seq0174.nd2",.nd2,49692672,2026-02-28T09:42:54,M19,20,405nm Binned|561nm Binned|488nm Binned,Seq0174,20260228_090815_318,high,,not_requested,,,
"/Users/makennarodriguez/Documents/260213_Feb16recopy_HYdiff_landingpadlines_survival_384well1/20260228_090815_318/260228_day20_WellM20_Channel405nm Binned,561nm Binned,488nm Binned_Seq0175.nd2","20260228_090815_318/260228_day20_WellM20_Channel405nm Binned,561nm Binned,488nm Binned_Seq0175.nd2","260228_day20_WellM20_Channel405nm Binned,561nm Binned,488nm Binned_Seq0175.nd2",.nd2,49692672,2026-02-28T09:43:06,M20,20,405nm Binned|561nm Binned|488nm Binned,Seq0175,20260228_090815_318,high,,not_requested,,,
"/Users/makennarodriguez/Documents/260213_Feb16recopy_HYdiff_landingpadlines_survival_384well1/20260228_090815_318/260228_day20_WellN05_Channel405nm Binned,561nm Binned,488nm Binned_Seq0176.nd2","20260228_090815_318/260228_day20_WellN05_Channel405nm Binned,561nm Binned,488nm Binned_Seq0176.nd2","260228_day20_WellN05_Channel405nm Binned,561nm Binned,488nm Binned_Seq0176.nd2",.nd2,49692672,2026-02-28T09:43:20,N05,20,405nm Binned|561nm Binned|488nm Binned,Seq0176,20260228_090815_318,high,,not_requested,,,
"/Users/makennarodriguez/Documents/260213_Feb16recopy_HYdiff_landingpadlines_survival_384well1/20260228_090815_318/260228_day20_WellN06_Channel405nm Binned,561nm Binned,488nm Binned_Seq0177.nd2","20260228_090815_318/260228_day20_WellN06_Channel405nm Binned,561nm Binned,488nm Binned_Seq0177.nd2","260228_day20_WellN06_Channel405nm Binned,561nm Binned,488nm Binned_Seq0177.nd2",.nd2,49692672,2026-02-28T09:43:32,N06,20,405nm Binned|561nm Binned|488nm Binned,Seq0177,20260228_090815_318,high,,not_requested,,,
"/Users/makennarodriguez/Documents/260213_Feb16recopy_HYdiff_landingpadlines_survival_384well1/20260228_090815_318/260228_day20_WellN07_Channel405nm Binned,561nm Binned,488nm Binned_Seq0178.nd2","20260228_090815_318/260228_day20_WellN07_Channel405nm Binned,561nm Binned,488nm Binned_Seq0178.nd2","260228_day20_WellN07_Channel405nm Binned,561nm Binned,488nm Binned_Seq0178.nd2",.nd2,49692672,2026-02-28T09:43:44,N07,20,405nm Binned|561nm Binned|488nm Binned,Seq0178,20260228_090815_318,high,,not_requested,,,
"/Users/makennarodriguez/Documents/260213_Feb16recopy_HYdiff_landingpadlines_survival_384well1/20260228_090815_318/260228_day20_WellN08_Channel405nm Binned,561nm Binned,488nm Binned_Seq0179.nd2","20260228_090815_318/260228_day20_WellN08_Channel405nm Binned,561nm Binned,488nm Binned_Seq0179.nd2","260228_day20_WellN08_Channel405nm Binned,561nm Binned,488nm Binned_Seq0179.nd2",.nd2,49692672,2026-02-28T09:43:54,N08,20,405nm Binned|561nm Binned|488nm Binned,Seq0179,20260228_090815_318,high,,not_requested,,,
"/Users/makennarodriguez/Documents/260213_Feb16recopy_HYdiff_landingpadlines_survival_384well1/20260228_090815_318/260228_day20_WellN09_Channel405nm Binned,561nm Binned,488nm Binned_Seq0180.nd2","20260228_090815_318/260228_day20_WellN09_Channel405nm Binned,561nm Binned,488nm Binned_Seq0180.nd2","260228_day20_WellN09_Channel405nm Binned,561nm Binned,488nm Binned_Seq0180.nd2",.nd2,49692672,2026-02-28T09:44:06,N09,20,405nm Binned|561nm Binned|488nm Binned,Seq0180,20260228_090815_318,high,,not_requested,,,
"/Users/makennarodriguez/Documents/260213_Feb16recopy_HYdiff_landingpadlines_survival_384well1/20260228_090815_318/260228_day20_WellN10_Channel405nm Binned,561nm Binned,488nm Binned_Seq0181.nd2","20260228_090815_318/260228_day20_WellN10_Channel405nm Binned,561nm Binned,488nm Binned_Seq0181.nd2","260228_day20_WellN10_Channel405nm Binned,561nm Binned,488nm Binned_Seq0181.nd2",.nd2,49692672,2026-02-28T09:44:18,N10,20,405nm Binned|561nm Binned|488nm Binned,Seq0181,20260228_090815_318,high,,not_requested,,,
"/Users/makennarodriguez/Documents/260213_Feb16recopy_HYdiff_landingpadlines_survival_384well1/20260228_090815_318/260228_day20_WellN11_Channel405nm Binned,561nm Binned,488nm Binned_Seq0182.nd2","20260228_090815_318/260228_day20_WellN11_Channel405nm Binned,561nm Binned,488nm Binned_Seq0182.nd2","260228_day20_WellN11_Channel405nm Binned,561nm Binned,488nm Binned_Seq0182.nd2",.nd2,49692672,2026-02-28T09:44:30,N11,20,405nm Binned|561nm Binned|488nm Binned,Seq0182,20260228_090815_318,high,,not_requested,,,
"/Users/makennarodriguez/Documents/260213_Feb16recopy_HYdiff_landingpadlines_survival_384well1/20260228_090815_318/260228_day20_WellN12_Channel405nm Binned,561nm Binned,488nm Binned_Seq0183.nd2","20260228_090815_318/260228_day20_WellN12_Channel405nm Binned,561nm Binned,488nm Binned_Seq0183.nd2","260228_day20_WellN12_Channel405nm Binned,561nm Binned,488nm Binned_Seq0183.nd2",.nd2,49692672,2026-02-28T09:44:42,N12,20,405nm Binned|561nm Binned|488nm Binned,Seq0183,20260228_090815_318,high,,not_requested,,,
"/Users/makennarodriguez/Documents/260213_Feb16recopy_HYdiff_landingpadlines_survival_384well1/20260228_090815_318/260228_day20_WellN13_Channel405nm Binned,561nm Binned,488nm Binned_Seq0184.nd2","20260228_090815_318/260228_day20_WellN13_Channel405nm Binned,561nm Binned,488nm Binned_Seq0184.nd2","260228_day20_WellN13_Channel405nm Binned,561nm Binned,488nm Binned_Seq0184.nd2",.nd2,49692672,2026-02-28T09:44:52,N13,20,405nm Binned|561nm Binned|488nm Binned,Seq0184,20260228_090815_318,high,,not_requested,,,
"/Users/makennarodriguez/Documents/260213_Feb16recopy_HYdiff_landingpadlines_survival_384well1/20260228_090815_318/260228_day20_WellN14_Channel405nm Binned,561nm Binned,488nm Binned_Seq0185.nd2","20260228_090815_318/260228_day20_WellN14_Channel405nm Binned,561nm Binned,488nm Binned_Seq0185.nd2","260228_day20_WellN14_Channel405nm Binned,561nm Binned,488nm Binned_Seq0185.nd2",.nd2,49692672,2026-02-28T09:45:04,N14,20,405nm Binned|561nm Binned|488nm Binned,Seq0185,20260228_090815_318,high,,not_requested,,,
"/Users/makennarodriguez/Documents/260213_Feb16recopy_HYdiff_landingpadlines_survival_384well1/20260228_090815_318/260228_day20_WellN15_Channel405nm Binned,561nm Binned,488nm Binned_Seq0186.nd2","20260228_090815_318/260228_day20_WellN15_Channel405nm Binned,561nm Binned,488nm Binned_Seq0186.nd2","260228_day20_WellN15_Channel405nm Binned,561nm Binned,488nm Binned_Seq0186.nd2",.nd2,49692672,2026-02-28T09:45:16,N15,20,405nm Binned|561nm Binned|488nm Binned,Seq0186,20260228_090815_318,high,,not_requested,,,
"/Users/makennarodriguez/Documents/260213_Feb16recopy_HYdiff_landingpadlines_survival_384well1/20260228_090815_318/260228_day20_WellN16_Channel405nm Binned,561nm Binned,488nm Binned_Seq0187.nd2","20260228_090815_318/260228_day20_WellN16_Channel405nm Binned,561nm Binned,488nm Binned_Seq0187.nd2","260228_day20_WellN16_Channel405nm Binned,561nm Binned,488nm Binned_Seq0187.nd2",.nd2,49692672,2026-02-28T09:45:28,N16,20,405nm Binned|561nm Binned|488nm Binned,Seq0187,20260228_090815_318,high,,not_requested,,,
"/Users/makennarodriguez/Documents/260213_Feb16recopy_HYdiff_landingpadlines_survival_384well1/20260228_090815_318/260228_day20_WellN17_Channel405nm Binned,561nm Binned,488nm Binned_Seq0188.nd2","20260228_090815_318/260228_day20_WellN17_Channel405nm Binned,561nm Binned,488nm Binned_Seq0188.nd2","260228_day20_WellN17_Channel405nm Binned,561nm Binned,488nm Binned_Seq0188.nd2",.nd2,49692672,2026-02-28T09:45:40,N17,20,405nm Binned|561nm Binned|488nm Binned,Seq0188,20260228_090815_318,high,,not_requested,,,
"/Users/makennarodriguez/Documents/260213_Feb16recopy_HYdiff_landingpadlines_survival_384well1/20260228_090815_318/260228_day20_WellN18_Channel405nm Binned,561nm Binned,488nm Binned_Seq0189.nd2","20260228_090815_318/260228_day20_WellN18_Channel405nm Binned,561nm Binned,488nm Binned_Seq0189.nd2","260228_day20_WellN18_Channel405nm Binned,561nm Binned,488nm Binned_Seq0189.nd2",.nd2,49692672,2026-02-28T09:45:50,N18,20,405nm Binned|561nm Binned|488nm Binned,Seq0189,20260228_090815_318,high,,not_requested,,,
"/Users/makennarodriguez/Documents/260213_Feb16recopy_HYdiff_landingpadlines_survival_384well1/20260228_090815_318/260228_day20_WellN19_Channel405nm Binned,561nm Binned,488nm Binned_Seq0190.nd2","20260228_090815_318/260228_day20_WellN19_Channel405nm Binned,561nm Binned,488nm Binned_Seq0190.nd2","260228_day20_WellN19_Channel405nm Binned,561nm Binned,488nm Binned_Seq0190.nd2",.nd2,49692672,2026-02-28T09:46:02,N19,20,405nm Binned|561nm Binned|488nm Binned,Seq0190,20260228_090815_318,high,,not_requested,,,
"/Users/makennarodriguez/Documents/260213_Feb16recopy_HYdiff_landingpadlines_survival_384well1/20260228_090815_318/260228_day20_WellN20_Channel405nm Binned,561nm Binned,488nm Binned_Seq0191.nd2","20260228_090815_318/260228_day20_WellN20_Channel405nm Binned,561nm Binned,488nm Binned_Seq0191.nd2","260228_day20_WellN20_Channel405nm Binned,561nm Binned,488nm Binned_Seq0191.nd2",.nd2,49692672,2026-02-28T09:46:14,N20,20,405nm Binned|561nm Binned|488nm Binned,Seq0191,20260228_090815_318,high,,not_requested,,,
"/Users/makennarodriguez/Documents/260213_Feb16recopy_HYdiff_landingpadlines_survival_384well1/20260305_171612_406/260305_day25_iNeurons_WellC05_Channel405nm Binned,561nm Binned,488nm Binned_Seq0000.nd2","20260305_171612_406/260305_day25_iNeurons_WellC05_Channel405nm Binned,561nm Binned,488nm Binned_Seq0000.nd2","260305_day25_iNeurons_WellC05_Channel405nm Binned,561nm Binned,488nm Binned_Seq0000.nd2",.nd2,49688576,2026-03-05T17:16:48,C05,25,405nm Binned|561nm Binned|488nm Binned,Seq0000,20260305_171612_406,high,,not_requested,,,
"/Users/makennarodriguez/Documents/260213_Feb16recopy_HYdiff_landingpadlines_survival_384well1/20260305_171612_406/260305_day25_iNeurons_WellC06_Channel405nm Binned,561nm Binned,488nm Binned_Seq0001.nd2","20260305_171612_406/260305_day25_iNeurons_WellC06_Channel405nm Binned,561nm Binned,488nm Binned_Seq0001.nd2","260305_day25_iNeurons_WellC06_Channel405nm Binned,561nm Binned,488nm Binned_Seq0001.nd2",.nd2,49688576,2026-03-05T17:16:58,C06,25,405nm Binned|561nm Binned|488nm Binned,Seq0001,20260305_171612_406,high,,not_requested,,,
"/Users/makennarodriguez/Documents/260213_Feb16recopy_HYdiff_landingpadlines_survival_384well1/20260305_171612_406/260305_day25_iNeurons_WellC07_Channel405nm Binned,561nm Binned,488nm Binned_Seq0002.nd2","20260305_171612_406/260305_day25_iNeurons_WellC07_Channel405nm Binned,561nm Binned,488nm Binned_Seq0002.nd2","260305_day25_iNeurons_WellC07_Channel405nm Binned,561nm Binned,488nm Binned_Seq0002.nd2",.nd2,49688576,2026-03-05T17:17:10,C07,25,405nm Binned|561nm Binned|488nm Binned,Seq0002,20260305_171612_406,high,,not_requested,,,
"/Users/makennarodriguez/Documents/260213_Feb16recopy_HYdiff_landingpadlines_survival_384well1/20260305_171612_406/260305_day25_iNeurons_WellC08_Channel405nm Binned,561nm Binned,488nm Binned_Seq0003.nd2","20260305_171612_406/260305_day25_iNeurons_WellC08_Channel405nm Binned,561nm Binned,488nm Binned_Seq0003.nd2","260305_day25_iNeurons_WellC08_Channel405nm Binned,561nm Binned,488nm Binned_Seq0003.nd2",.nd2,49688576,2026-03-05T17:17:20,C08,25,405nm Binned|561nm Binned|488nm Binned,Seq0003,20260305_171612_406,high,,not_requested,,,
"/Users/makennarodriguez/Documents/260213_Feb16recopy_HYdiff_landingpadlines_survival_384well1/20260305_171612_406/260305_day25_iNeurons_WellC09_Channel405nm Binned,561nm Binned,488nm Binned_Seq0004.nd2","20260305_171612_406/260305_day25_iNeurons_WellC09_Channel405nm Binned,561nm Binned,488nm Binned_Seq0004.nd2","260305_day25_iNeurons_WellC09_Channel405nm Binned,561nm Binned,488nm Binned_Seq0004.nd2",.nd2,49688576,2026-03-05T17:17:32,C09,25,405nm Binned|561nm Binned|488nm Binned,Seq0004,20260305_171612_406,high,,not_requested,,,
"/Users/makennarodriguez/Documents/260213_Feb16recopy_HYdiff_landingpadlines_survival_384well1/20260305_171612_406/260305_day25_iNeurons_WellC10_Channel405nm Binned,561nm Binned,488nm Binned_Seq0005.nd2","20260305_171612_406/260305_day25_iNeurons_WellC10_Channel405nm Binned,561nm Binned,488nm Binned_Seq0005.nd2","260305_day25_iNeurons_WellC10_Channel405nm Binned,561nm Binned,488nm Binned_Seq0005.nd2",.nd2,49688576,2026-03-05T17:17:44,C10,25,405nm Binned|561nm Binned|488nm Binned,Seq0005,20260305_171612_406,high,,not_requested,,,
"/Users/makennarodriguez/Documents/260213_Feb16recopy_HYdiff_landingpadlines_survival_384well1/20260305_171612_406/260305_day25_iNeurons_WellC11_Channel405nm Binned,561nm Binned,488nm Binned_Seq0006.nd2","20260305_171612_406/260305_day25_iNeurons_WellC11_Channel405nm Binned,561nm Binned,488nm Binned_Seq0006.nd2","260305_day25_iNeurons_WellC11_Channel405nm Binned,561nm Binned,488nm Binned_Seq0006.nd2",.nd2,49688576,2026-03-05T17:17:54,C11,25,405nm Binned|561nm Binned|488nm Binned,Seq0006,20260305_171612_406,high,,not_requested,,,
"/Users/makennarodriguez/Documents/260213_Feb16recopy_HYdiff_landingpadlines_survival_384well1/20260305_171612_406/260305_day25_iNeurons_WellC12_Channel405nm Binned,561nm Binned,488nm Binned_Seq0007.nd2","20260305_171612_406/260305_day25_iNeurons_WellC12_Channel405nm Binned,561nm Binned,488nm Binned_Seq0007.nd2","260305_day25_iNeurons_WellC12_Channel405nm Binned,561nm Binned,488nm Binned_Seq0007.nd2",.nd2,49688576,2026-03-05T17:18:06,C12,25,405nm Binned|561nm Binned|488nm Binned,Seq0007,20260305_171612_406,high,,not_requested,,,
"/Users/makennarodriguez/Documents/260213_Feb16recopy_HYdiff_landingpadlines_survival_384well1/20260305_171612_406/260305_day25_iNeurons_WellC13_Channel405nm Binned,561nm Binned,488nm Binned_Seq0008.nd2","20260305_171612_406/260305_day25_iNeurons_WellC13_Channel405nm Binned,561nm Binned,488nm Binned_Seq0008.nd2","260305_day25_iNeurons_WellC13_Channel405nm Binned,561nm Binned,488nm Binned_Seq0008.nd2",.nd2,49688576,2026-03-05T17:18:16,C13,25,405nm Binned|561nm Binned|488nm Binned,Seq0008,20260305_171612_406,high,,not_requested,,,
"/Users/makennarodriguez/Documents/260213_Feb16recopy_HYdiff_landingpadlines_survival_384well1/20260305_171612_406/260305_day25_iNeurons_WellC14_Channel405nm Binned,561nm Binned,488nm Binned_Seq0009.nd2","20260305_171612_406/260305_day25_iNeurons_WellC14_Channel405nm Binned,561nm Binned,488nm Binned_Seq0009.nd2","260305_day25_iNeurons_WellC14_Channel405nm Binned,561nm Binned,488nm Binned_Seq0009.nd2",.nd2,49688576,2026-03-05T17:18:28,C14,25,405nm Binned|561nm Binned|488nm Binned,Seq0009,20260305_171612_406,high,,not_requested,,,
"/Users/makennarodriguez/Documents/260213_Feb16recopy_HYdiff_landingpadlines_survival_384well1/20260305_171612_406/260305_day25_iNeurons_WellC15_Channel405nm Binned,561nm Binned,488nm Binned_Seq0010.nd2","20260305_171612_406/260305_day25_iNeurons_WellC15_Channel405nm Binned,561nm Binned,488nm Binned_Seq0010.nd2","260305_day25_iNeurons_WellC15_Channel405nm Binned,561nm Binned,488nm Binned_Seq0010.nd2",.nd2,49688576,2026-03-05T17:18:40,C15,25,405nm Binned|561nm Binned|488nm Binned,Seq0010,20260305_171612_406,high,,not_requested,,,
"/Users/makennarodriguez/Documents/260213_Feb16recopy_HYdiff_landingpadlines_survival_384well1/20260305_171612_406/260305_day25_iNeurons_WellC16_Channel405nm Binned,561nm Binned,488nm Binned_Seq0011.nd2","20260305_171612_406/260305_day25_iNeurons_WellC16_Channel405nm Binned,561nm Binned,488nm Binned_Seq0011.nd2","260305_day25_iNeurons_WellC16_Channel405nm Binned,561nm Binned,488nm Binned_Seq0011.nd2",.nd2,49688576,2026-03-05T17:18:50,C16,25,405nm Binned|561nm Binned|488nm Binned,Seq0011,20260305_171612_406,high,,not_requested,,,
"/Users/makennarodriguez/Documents/260213_Feb16recopy_HYdiff_landingpadlines_survival_384well1/20260305_171612_406/260305_day25_iNeurons_WellC17_Channel405nm Binned,561nm Binned,488nm Binned_Seq0012.nd2","20260305_171612_406/260305_day25_iNeurons_WellC17_Channel405nm Binned,561nm Binned,488nm Binned_Seq0012.nd2","260305_day25_iNeurons_WellC17_Channel405nm Binned,561nm Binned,488nm Binned_Seq0012.nd2",.nd2,49688576,2026-03-05T17:19:02,C17,25,405nm Binned|561nm Binned|488nm Binned,Seq0012,20260305_171612_406,high,,not_requested,,,
"/Users/makennarodriguez/Documents/260213_Feb16recopy_HYdiff_landingpadlines_survival_384well1/20260305_171612_406/260305_day25_iNeurons_WellC18_Channel405nm Binned,561nm Binned,488nm Binned_Seq0013.nd2","20260305_171612_406/260305_day25_iNeurons_WellC18_Channel405nm Binned,561nm Binned,488nm Binned_Seq0013.nd2","260305_day25_iNeurons_WellC18_Channel405nm Binned,561nm Binned,488nm Binned_Seq0013.nd2",.nd2,49688576,2026-03-05T17:19:14,C18,25,405nm Binned|561nm Binned|488nm Binned,Seq0013,20260305_171612_406,high,,not_requested,,,
"/Users/makennarodriguez/Documents/260213_Feb16recopy_HYdiff_landingpadlines_survival_384well1/20260305_171612_406/260305_day25_iNeurons_WellC19_Channel405nm Binned,561nm Binned,488nm Binned_Seq0014.nd2","20260305_171612_406/260305_day25_iNeurons_WellC19_Channel405nm Binned,561nm Binned,488nm Binned_Seq0014.nd2","260305_day25_iNeurons_WellC19_Channel405nm Binned,561nm Binned,488nm Binned_Seq0014.nd2",.nd2,49688576,2026-03-05T17:19:26,C19,25,405nm Binned|561nm Binned|488nm Binned,Seq0014,20260305_171612_406,high,,not_requested,,,
"/Users/makennarodriguez/Documents/260213_Feb16recopy_HYdiff_landingpadlines_survival_384well1/20260305_171612_406/260305_day25_iNeurons_WellC20_Channel405nm Binned,561nm Binned,488nm Binned_Seq0015.nd2","20260305_171612_406/260305_day25_iNeurons_WellC20_Channel405nm Binned,561nm Binned,488nm Binned_Seq0015.nd2","260305_day25_iNeurons_WellC20_Channel405nm Binned,561nm Binned,488nm Binned_Seq0015.nd2",.nd2,49688576,2026-03-05T17:19:38,C20,25,405nm Binned|561nm Binned|488nm Binned,Seq0015,20260305_171612_406,high,,not_requested,,,
"/Users/makennarodriguez/Documents/260213_Feb16recopy_HYdiff_landingpadlines_survival_384well1/20260305_171612_406/260305_day25_iNeurons_WellD05_Channel405nm Binned,561nm Binned,488nm Binned_Seq0016.nd2","20260305_171612_406/260305_day25_iNeurons_WellD05_Channel405nm Binned,561nm Binned,488nm Binned_Seq0016.nd2","260305_day25_iNeurons_WellD05_Channel405nm Binned,561nm Binned,488nm Binned_Seq0016.nd2",.nd2,49688576,2026-03-05T17:19:52,D05,25,405nm Binned|561nm Binned|488nm Binned,Seq0016,20260305_171612_406,high,,not_requested,,,
"/Users/makennarodriguez/Documents/260213_Feb16recopy_HYdiff_landingpadlines_survival_384well1/20260305_171612_406/260305_day25_iNeurons_WellD06_Channel405nm Binned,561nm Binned,488nm Binned_Seq0017.nd2","20260305_171612_406/260305_day25_iNeurons_WellD06_Channel405nm Binned,561nm Binned,488nm Binned_Seq0017.nd2","260305_day25_iNeurons_WellD06_Channel405nm Binned,561nm Binned,488nm Binned_Seq0017.nd2",.nd2,49688576,2026-03-05T17:20:04,D06,25,405nm Binned|561nm Binned|488nm Binned,Seq0017,20260305_171612_406,high,,not_requested,,,
"/Users/makennarodriguez/Documents/260213_Feb16recopy_HYdiff_landingpadlines_survival_384well1/20260305_171612_406/260305_day25_iNeurons_WellD07_Channel405nm Binned,561nm Binned,488nm Binned_Seq0018.nd2","20260305_171612_406/260305_day25_iNeurons_WellD07_Channel405nm Binned,561nm Binned,488nm Binned_Seq0018.nd2","260305_day25_iNeurons_WellD07_Channel405nm Binned,561nm Binned,488nm Binned_Seq0018.nd2",.nd2,49688576,2026-03-05T17:20:14,D07,25,405nm Binned|561nm Binned|488nm Binned,Seq0018,20260305_171612_406,high,,not_requested,,,
"/Users/makennarodriguez/Documents/260213_Feb16recopy_HYdiff_landingpadlines_survival_384well1/20260305_171612_406/260305_day25_iNeurons_WellD08_Channel405nm Binned,561nm Binned,488nm Binned_Seq0019.nd2","20260305_171612_406/260305_day25_iNeurons_WellD08_Channel405nm Binned,561nm Binned,488nm Binned_Seq0019.nd2","260305_day25_iNeurons_WellD08_Channel405nm Binned,561nm Binned,488nm Binned_Seq0019.nd2",.nd2,49688576,2026-03-05T17:20:26,D08,25,405nm Binned|561nm Binned|488nm Binned,Seq0019,20260305_171612_406,high,,not_requested,,,
"/Users/makennarodriguez/Documents/260213_Feb16recopy_HYdiff_landingpadlines_survival_384well1/20260305_171612_406/260305_day25_iNeurons_WellD09_Channel405nm Binned,561nm Binned,488nm Binned_Seq0020.nd2","20260305_171612_406/260305_day25_iNeurons_WellD09_Channel405nm Binned,561nm Binned,488nm Binned_Seq0020.nd2","260305_day25_iNeurons_WellD09_Channel405nm Binned,561nm Binned,488nm Binned_Seq0020.nd2",.nd2,49688576,2026-03-05T17:20:38,D09,25,405nm Binned|561nm Binned|488nm Binned,Seq0020,20260305_171612_406,high,,not_requested,,,
"/Users/makennarodriguez/Documents/260213_Feb16recopy_HYdiff_landingpadlines_survival_384well1/20260305_171612_406/260305_day25_iNeurons_WellD10_Channel405nm Binned,561nm Binned,488nm Binned_Seq0021.nd2","20260305_171612_406/260305_day25_iNeurons_WellD10_Channel405nm Binned,561nm Binned,488nm Binned_Seq0021.nd2","260305_day25_iNeurons_WellD10_Channel405nm Binned,561nm Binned,488nm Binned_Seq0021.nd2",.nd2,49688576,2026-03-05T17:20:48,D10,25,405nm Binned|561nm Binned|488nm Binned,Seq0021,20260305_171612_406,high,,not_requested,,,
"/Users/makennarodriguez/Documents/260213_Feb16recopy_HYdiff_landingpadlines_survival_384well1/20260305_171612_406/260305_day25_iNeurons_WellD11_Channel405nm Binned,561nm Binned,488nm Binned_Seq0022.nd2","20260305_171612_406/260305_day25_iNeurons_WellD11_Channel405nm Binned,561nm Binned,488nm Binned_Seq0022.nd2","260305_day25_iNeurons_WellD11_Channel405nm Binned,561nm Binned,488nm Binned_Seq0022.nd2",.nd2,49688576,2026-03-05T17:21:00,D11,25,405nm Binned|561nm Binned|488nm Binned,Seq0022,20260305_171612_406,high,,not_requested,,,
"/Users/makennarodriguez/Documents/260213_Feb16recopy_HYdiff_landingpadlines_survival_384well1/20260305_171612_406/260305_day25_iNeurons_WellD12_Channel405nm Binned,561nm Binned,488nm Binned_Seq0023.nd2","20260305_171612_406/260305_day25_iNeurons_WellD12_Channel405nm Binned,561nm Binned,488nm Binned_Seq0023.nd2","260305_day25_iNeurons_WellD12_Channel405nm Binned,561nm Binned,488nm Binned_Seq0023.nd2",.nd2,49688576,2026-03-05T17:21:12,D12,25,405nm Binned|561nm Binned|488nm Binned,Seq0023,20260305_171612_406,high,,not_requested,,,
"/Users/makennarodriguez/Documents/260213_Feb16recopy_HYdiff_landingpadlines_survival_384well1/20260305_171612_406/260305_day25_iNeurons_WellD13_Channel405nm Binned,561nm Binned,488nm Binned_Seq0024.nd2","20260305_171612_406/260305_day25_iNeurons_WellD13_Channel405nm Binned,561nm Binned,488nm Binned_Seq0024.nd2","260305_day25_iNeurons_WellD13_Channel405nm Binned,561nm Binned,488nm Binned_Seq0024.nd2",.nd2,49688576,2026-03-05T17:21:24,D13,25,405nm Binned|561nm Binned|488nm Binned,Seq0024,20260305_171612_406,high,,not_requested,,,
"/Users/makennarodriguez/Documents/260213_Feb16recopy_HYdiff_landingpadlines_survival_384well1/20260305_171612_406/260305_day25_iNeurons_WellD14_Channel405nm Binned,561nm Binned,488nm Binned_Seq0025.nd2","20260305_171612_406/260305_day25_iNeurons_WellD14_Channel405nm Binned,561nm Binned,488nm Binned_Seq0025.nd2","260305_day25_iNeurons_WellD14_Channel405nm Binned,561nm Binned,488nm Binned_Seq0025.nd2",.nd2,49688576,2026-03-05T17:21:36,D14,25,405nm Binned|561nm Binned|488nm Binned,Seq0025,20260305_171612_406,high,,not_requested,,,
"/Users/makennarodriguez/Documents/260213_Feb16recopy_HYdiff_landingpadlines_survival_384well1/20260305_171612_406/260305_day25_iNeurons_WellD15_Channel405nm Binned,561nm Binned,488nm Binned_Seq0026.nd2","20260305_171612_406/260305_day25_iNeurons_WellD15_Channel405nm Binned,561nm Binned,488nm Binned_Seq0026.nd2","260305_day25_iNeurons_WellD15_Channel405nm Binned,561nm Binned,488nm Binned_Seq0026.nd2",.nd2,49688576,2026-03-05T17:21:46,D15,25,405nm Binned|561nm Binned|488nm Binned,Seq0026,20260305_171612_406,high,,not_requested,,,
"/Users/makennarodriguez/Documents/260213_Feb16recopy_HYdiff_landingpadlines_survival_384well1/20260305_171612_406/260305_day25_iNeurons_WellD16_Channel405nm Binned,561nm Binned,488nm Binned_Seq0027.nd2","20260305_171612_406/260305_day25_iNeurons_WellD16_Channel405nm Binned,561nm Binned,488nm Binned_Seq0027.nd2","260305_day25_iNeurons_WellD16_Channel405nm Binned,561nm Binned,488nm Binned_Seq0027.nd2",.nd2,49688576,2026-03-05T17:21:58,D16,25,405nm Binned|561nm Binned|488nm Binned,Seq0027,20260305_171612_406,high,,not_requested,,,
"/Users/makennarodriguez/Documents/260213_Feb16recopy_HYdiff_landingpadlines_survival_384well1/20260305_171612_406/260305_day25_iNeurons_WellD17_Channel405nm Binned,561nm Binned,488nm Binned_Seq0028.nd2","20260305_171612_406/260305_day25_iNeurons_WellD17_Channel405nm Binned,561nm Binned,488nm Binned_Seq0028.nd2","260305_day25_iNeurons_WellD17_Channel405nm Binned,561nm Binned,488nm Binned_Seq0028.nd2",.nd2,49688576,2026-03-05T17:22:10,D17,25,405nm Binned|561nm Binned|488nm Binned,Seq0028,20260305_171612_406,high,,not_requested,,,
"/Users/makennarodriguez/Documents/260213_Feb16recopy_HYdiff_landingpadlines_survival_384well1/20260305_171612_406/260305_day25_iNeurons_WellD18_Channel405nm Binned,561nm Binned,488nm Binned_Seq0029.nd2","20260305_171612_406/260305_day25_iNeurons_WellD18_Channel405nm Binned,561nm Binned,488nm Binned_Seq0029.nd2","260305_day25_iNeurons_WellD18_Channel405nm Binned,561nm Binned,488nm Binned_Seq0029.nd2",.nd2,49688576,2026-03-05T17:22:20,D18,25,405nm Binned|561nm Binned|488nm Binned,Seq0029,20260305_171612_406,high,,not_requested,,,
"/Users/makennarodriguez/Documents/260213_Feb16recopy_HYdiff_landingpadlines_survival_384well1/20260305_171612_406/260305_day25_iNeurons_WellD19_Channel405nm Binned,561nm Binned,488nm Binned_Seq0030.nd2","20260305_171612_406/260305_day25_iNeurons_WellD19_Channel405nm Binned,561nm Binned,488nm Binned_Seq0030.nd2","260305_day25_iNeurons_WellD19_Channel405nm Binned,561nm Binned,488nm Binned_Seq0030.nd2",.nd2,49688576,2026-03-05T17:22:32,D19,25,405nm Binned|561nm Binned|488nm Binned,Seq0030,20260305_171612_406,high,,not_requested,,,
"/Users/makennarodriguez/Documents/260213_Feb16recopy_HYdiff_landingpadlines_survival_384well1/20260305_171612_406/260305_day25_iNeurons_WellD20_Channel405nm Binned,561nm Binned,488nm Binned_Seq0031.nd2","20260305_171612_406/260305_day25_iNeurons_WellD20_Channel405nm Binned,561nm Binned,488nm Binned_Seq0031.nd2","260305_day25_iNeurons_WellD20_Channel405nm Binned,561nm Binned,488nm Binned_Seq0031.nd2",.nd2,49688576,2026-03-05T17:22:44,D20,25,405nm Binned|561nm Binned|488nm Binned,Seq0031,20260305_171612_406,high,,not_requested,,,
"/Users/makennarodriguez/Documents/260213_Feb16recopy_HYdiff_landingpadlines_survival_384well1/20260305_171612_406/260305_day25_iNeurons_WellE05_Channel405nm Binned,561nm Binned,488nm Binned_Seq0032.nd2","20260305_171612_406/260305_day25_iNeurons_WellE05_Channel405nm Binned,561nm Binned,488nm Binned_Seq0032.nd2","260305_day25_iNeurons_WellE05_Channel405nm Binned,561nm Binned,488nm Binned_Seq0032.nd2",.nd2,49688576,2026-03-05T17:22:58,E05,25,405nm Binned|561nm Binned|488nm Binned,Seq0032,20260305_171612_406,high,,not_requested,,,
"/Users/makennarodriguez/Documents/260213_Feb16recopy_HYdiff_landingpadlines_survival_384well1/20260305_171612_406/260305_day25_iNeurons_WellE06_Channel405nm Binned,561nm Binned,488nm Binned_Seq0033.nd2","20260305_171612_406/260305_day25_iNeurons_WellE06_Channel405nm Binned,561nm Binned,488nm Binned_Seq0033.nd2","260305_day25_iNeurons_WellE06_Channel405nm Binned,561nm Binned,488nm Binned_Seq0033.nd2",.nd2,49688576,2026-03-05T17:23:10,E06,25,405nm Binned|561nm Binned|488nm Binned,Seq0033,20260305_171612_406,high,,not_requested,,,
"/Users/makennarodriguez/Documents/260213_Feb16recopy_HYdiff_landingpadlines_survival_384well1/20260305_171612_406/260305_day25_iNeurons_WellE07_Channel405nm Binned,561nm Binned,488nm Binned_Seq0034.nd2","20260305_171612_406/260305_day25_iNeurons_WellE07_Channel405nm Binned,561nm Binned,488nm Binned_Seq0034.nd2","260305_day25_iNeurons_WellE07_Channel405nm Binned,561nm Binned,488nm Binned_Seq0034.nd2",.nd2,49688576,2026-03-05T17:23:22,E07,25,405nm Binned|561nm Binned|488nm Binned,Seq0034,20260305_171612_406,high,,not_requested,,,
"/Users/makennarodriguez/Documents/260213_Feb16recopy_HYdiff_landingpadlines_survival_384well1/20260305_171612_406/260305_day25_iNeurons_WellE08_Channel405nm Binned,561nm Binned,488nm Binned_Seq0035.nd2","20260305_171612_406/260305_day25_iNeurons_WellE08_Channel405nm Binned,561nm Binned,488nm Binned_Seq0035.nd2","260305_day25_iNeurons_WellE08_Channel405nm Binned,561nm Binned,488nm Binned_Seq0035.nd2",.nd2,49688576,2026-03-05T17:23:32,E08,25,405nm Binned|561nm Binned|488nm Binned,Seq0035,20260305_171612_406,high,,not_requested,,,
"/Users/makennarodriguez/Documents/260213_Feb16recopy_HYdiff_landingpadlines_survival_384well1/20260305_171612_406/260305_day25_iNeurons_WellE09_Channel405nm Binned,561nm Binned,488nm Binned_Seq0036.nd2","20260305_171612_406/260305_day25_iNeurons_WellE09_Channel405nm Binned,561nm Binned,488nm Binned_Seq0036.nd2","260305_day25_iNeurons_WellE09_Channel405nm Binned,561nm Binned,488nm Binned_Seq0036.nd2",.nd2,49688576,2026-03-05T17:23:44,E09,25,405nm Binned|561nm Binned|488nm Binned,Seq0036,20260305_171612_406,high,,not_requested,,,
"/Users/makennarodriguez/Documents/260213_Feb16recopy_HYdiff_landingpadlines_survival_384well1/20260305_171612_406/260305_day25_iNeurons_WellE10_Channel405nm Binned,561nm Binned,488nm Binned_Seq0037.nd2","20260305_171612_406/260305_day25_iNeurons_WellE10_Channel405nm Binned,561nm Binned,488nm Binned_Seq0037.nd2","260305_day25_iNeurons_WellE10_Channel405nm Binned,561nm Binned,488nm Binned_Seq0037.nd2",.nd2,49688576,2026-03-05T17:23:56,E10,25,405nm Binned|561nm Binned|488nm Binned,Seq0037,20260305_171612_406,high,,not_requested,,,
"/Users/makennarodriguez/Documents/260213_Feb16recopy_HYdiff_landingpadlines_survival_384well1/20260305_171612_406/260305_day25_iNeurons_WellE11_Channel405nm Binned,561nm Binned,488nm Binned_Seq0038.nd2","20260305_171612_406/260305_day25_iNeurons_WellE11_Channel405nm Binned,561nm Binned,488nm Binned_Seq0038.nd2","260305_day25_iNeurons_WellE11_Channel405nm Binned,561nm Binned,488nm Binned_Seq0038.nd2",.nd2,49688576,2026-03-05T17:24:08,E11,25,405nm Binned|561nm Binned|488nm Binned,Seq0038,20260305_171612_406,high,,not_requested,,,
"/Users/makennarodriguez/Documents/260213_Feb16recopy_HYdiff_landingpadlines_survival_384well1/20260305_171612_406/260305_day25_iNeurons_WellE12_Channel405nm Binned,561nm Binned,488nm Binned_Seq0039.nd2","20260305_171612_406/260305_day25_iNeurons_WellE12_Channel405nm Binned,561nm Binned,488nm Binned_Seq0039.nd2","260305_day25_iNeurons_WellE12_Channel405nm Binned,561nm Binned,488nm Binned_Seq0039.nd2",.nd2,49688576,2026-03-05T17:24:20,E12,25,405nm Binned|561nm Binned|488nm Binned,Seq0039,20260305_171612_406,high,,not_requested,,,
"/Users/makennarodriguez/Documents/260213_Feb16recopy_HYdiff_landingpadlines_survival_384well1/20260305_171612_406/260305_day25_iNeurons_WellE13_Channel405nm Binned,561nm Binned,488nm Binned_Seq0040.nd2","20260305_171612_406/260305_day25_iNeurons_WellE13_Channel405nm Binned,561nm Binned,488nm Binned_Seq0040.nd2","260305_day25_iNeurons_WellE13_Channel405nm Binned,561nm Binned,488nm Binned_Seq0040.nd2",.nd2,49688576,2026-03-05T17:24:30,E13,25,405nm Binned|561nm Binned|488nm Binned,Seq0040,20260305_171612_406,high,,not_requested,,,
"/Users/makennarodriguez/Documents/260213_Feb16recopy_HYdiff_landingpadlines_survival_384well1/20260305_171612_406/260305_day25_iNeurons_WellE14_Channel405nm Binned,561nm Binned,488nm Binned_Seq0041.nd2","20260305_171612_406/260305_day25_iNeurons_WellE14_Channel405nm Binned,561nm Binned,488nm Binned_Seq0041.nd2","260305_day25_iNeurons_WellE14_Channel405nm Binned,561nm Binned,488nm Binned_Seq0041.nd2",.nd2,49688576,2026-03-05T17:24:42,E14,25,405nm Binned|561nm Binned|488nm Binned,Seq0041,20260305_171612_406,high,,not_requested,,,
"/Users/makennarodriguez/Documents/260213_Feb16recopy_HYdiff_landingpadlines_survival_384well1/20260305_171612_406/260305_day25_iNeurons_WellE15_Channel405nm Binned,561nm Binned,488nm Binned_Seq0042.nd2","20260305_171612_406/260305_day25_iNeurons_WellE15_Channel405nm Binned,561nm Binned,488nm Binned_Seq0042.nd2","260305_day25_iNeurons_WellE15_Channel405nm Binned,561nm Binned,488nm Binned_Seq0042.nd2",.nd2,49688576,2026-03-05T17:24:54,E15,25,405nm Binned|561nm Binned|488nm Binned,Seq0042,20260305_171612_406,high,,not_requested,,,
"/Users/makennarodriguez/Documents/260213_Feb16recopy_HYdiff_landingpadlines_survival_384well1/20260305_171612_406/260305_day25_iNeurons_WellE16_Channel405nm Binned,561nm Binned,488nm Binned_Seq0043.nd2","20260305_171612_406/260305_day25_iNeurons_WellE16_Channel405nm Binned,561nm Binned,488nm Binned_Seq0043.nd2","260305_day25_iNeurons_WellE16_Channel405nm Binned,561nm Binned,488nm Binned_Seq0043.nd2",.nd2,49688576,2026-03-05T17:25:06,E16,25,405nm Binned|561nm Binned|488nm Binned,Seq0043,20260305_171612_406,high,,not_requested,,,
"/Users/makennarodriguez/Documents/260213_Feb16recopy_HYdiff_landingpadlines_survival_384well1/20260305_171612_406/260305_day25_iNeurons_WellE17_Channel405nm Binned,561nm Binned,488nm Binned_Seq0044.nd2","20260305_171612_406/260305_day25_iNeurons_WellE17_Channel405nm Binned,561nm Binned,488nm Binned_Seq0044.nd2","260305_day25_iNeurons_WellE17_Channel405nm Binned,561nm Binned,488nm Binned_Seq0044.nd2",.nd2,49688576,2026-03-05T17:25:16,E17,25,405nm Binned|561nm Binned|488nm Binned,Seq0044,20260305_171612_406,high,,not_requested,,,
"/Users/makennarodriguez/Documents/260213_Feb16recopy_HYdiff_landingpadlines_survival_384well1/20260305_171612_406/260305_day25_iNeurons_WellE18_Channel405nm Binned,561nm Binned,488nm Binned_Seq0045.nd2","20260305_171612_406/260305_day25_iNeurons_WellE18_Channel405nm Binned,561nm Binned,488nm Binned_Seq0045.nd2","260305_day25_iNeurons_WellE18_Channel405nm Binned,561nm Binned,488nm Binned_Seq0045.nd2",.nd2,49688576,2026-03-05T17:25:28,E18,25,405nm Binned|561nm Binned|488nm Binned,Seq0045,20260305_171612_406,high,,not_requested,,,
"/Users/makennarodriguez/Documents/260213_Feb16recopy_HYdiff_landingpadlines_survival_384well1/20260305_171612_406/260305_day25_iNeurons_WellE19_Channel405nm Binned,561nm Binned,488nm Binned_Seq0046.nd2","20260305_171612_406/260305_day25_iNeurons_WellE19_Channel405nm Binned,561nm Binned,488nm Binned_Seq0046.nd2","260305_day25_iNeurons_WellE19_Channel405nm Binned,561nm Binned,488nm Binned_Seq0046.nd2",.nd2,49688576,2026-03-05T17:25:40,E19,25,405nm Binned|561nm Binned|488nm Binned,Seq0046,20260305_171612_406,high,,not_requested,,,
"/Users/makennarodriguez/Documents/260213_Feb16recopy_HYdiff_landingpadlines_survival_384well1/20260305_171612_406/260305_day25_iNeurons_WellE20_Channel405nm Binned,561nm Binned,488nm Binned_Seq0047.nd2","20260305_171612_406/260305_day25_iNeurons_WellE20_Channel405nm Binned,561nm Binned,488nm Binned_Seq0047.nd2","260305_day25_iNeurons_WellE20_Channel405nm Binned,561nm Binned,488nm Binned_Seq0047.nd2",.nd2,49688576,2026-03-05T17:25:52,E20,25,405nm Binned|561nm Binned|488nm Binned,Seq0047,20260305_171612_406,high,,not_requested,,,
"/Users/makennarodriguez/Documents/260213_Feb16recopy_HYdiff_landingpadlines_survival_384well1/20260305_171612_406/260305_day25_iNeurons_WellF05_Channel405nm Binned,561nm Binned,488nm Binned_Seq0048.nd2","20260305_171612_406/260305_day25_iNeurons_WellF05_Channel405nm Binned,561nm Binned,488nm Binned_Seq0048.nd2","260305_day25_iNeurons_WellF05_Channel405nm Binned,561nm Binned,488nm Binned_Seq0048.nd2",.nd2,49688576,2026-03-05T17:26:06,F05,25,405nm Binned|561nm Binned|488nm Binned,Seq0048,20260305_171612_406,high,,not_requested,,,
"/Users/makennarodriguez/Documents/260213_Feb16recopy_HYdiff_landingpadlines_survival_384well1/20260305_171612_406/260305_day25_iNeurons_WellF06_Channel405nm Binned,561nm Binned,488nm Binned_Seq0049.nd2","20260305_171612_406/260305_day25_iNeurons_WellF06_Channel405nm Binned,561nm Binned,488nm Binned_Seq0049.nd2","260305_day25_iNeurons_WellF06_Channel405nm Binned,561nm Binned,488nm Binned_Seq0049.nd2",.nd2,49688576,2026-03-05T17:26:18,F06,25,405nm Binned|561nm Binned|488nm Binned,Seq0049,20260305_171612_406,high,,not_requested,,,
"/Users/makennarodriguez/Documents/260213_Feb16recopy_HYdiff_landingpadlines_survival_384well1/20260305_171612_406/260305_day25_iNeurons_WellF07_Channel405nm Binned,561nm Binned,488nm Binned_Seq0050.nd2","20260305_171612_406/260305_day25_iNeurons_WellF07_Channel405nm Binned,561nm Binned,488nm Binned_Seq0050.nd2","260305_day25_iNeurons_WellF07_Channel405nm Binned,561nm Binned,488nm Binned_Seq0050.nd2",.nd2,49688576,2026-03-05T17:26:30,F07,25,405nm Binned|561nm Binned|488nm Binned,Seq0050,20260305_171612_406,high,,not_requested,,,
"/Users/makennarodriguez/Documents/260213_Feb16recopy_HYdiff_landingpadlines_survival_384well1/20260305_171612_406/260305_day25_iNeurons_WellF08_Channel405nm Binned,561nm Binned,488nm Binned_Seq0051.nd2","20260305_171612_406/260305_day25_iNeurons_WellF08_Channel405nm Binned,561nm Binned,488nm Binned_Seq0051.nd2","260305_day25_iNeurons_WellF08_Channel405nm Binned,561nm Binned,488nm Binned_Seq0051.nd2",.nd2,49688576,2026-03-05T17:26:40,F08,25,405nm Binned|561nm Binned|488nm Binned,Seq0051,20260305_171612_406,high,,not_requested,,,
"/Users/makennarodriguez/Documents/260213_Feb16recopy_HYdiff_landingpadlines_survival_384well1/20260305_171612_406/260305_day25_iNeurons_WellF09_Channel405nm Binned,561nm Binned,488nm Binned_Seq0052.nd2","20260305_171612_406/260305_day25_iNeurons_WellF09_Channel405nm Binned,561nm Binned,488nm Binned_Seq0052.nd2","260305_day25_iNeurons_WellF09_Channel405nm Binned,561nm Binned,488nm Binned_Seq0052.nd2",.nd2,49688576,2026-03-05T17:26:52,F09,25,405nm Binned|561nm Binned|488nm Binned,Seq0052,20260305_171612_406,high,,not_requested,,,
"/Users/makennarodriguez/Documents/260213_Feb16recopy_HYdiff_landingpadlines_survival_384well1/20260305_171612_406/260305_day25_iNeurons_WellF10_Channel405nm Binned,561nm Binned,488nm Binned_Seq0053.nd2","20260305_171612_406/260305_day25_iNeurons_WellF10_Channel405nm Binned,561nm Binned,488nm Binned_Seq0053.nd2","260305_day25_iNeurons_WellF10_Channel405nm Binned,561nm Binned,488nm Binned_Seq0053.nd2",.nd2,49688576,2026-03-05T17:27:04,F10,25,405nm Binned|561nm Binned|488nm Binned,Seq0053,20260305_171612_406,high,,not_requested,,,
"/Users/makennarodriguez/Documents/260213_Feb16recopy_HYdiff_landingpadlines_survival_384well1/20260305_171612_406/260305_day25_iNeurons_WellF11_Channel405nm Binned,561nm Binned,488nm Binned_Seq0054.nd2","20260305_171612_406/260305_day25_iNeurons_WellF11_Channel405nm Binned,561nm Binned,488nm Binned_Seq0054.nd2","260305_day25_iNeurons_WellF11_Channel405nm Binned,561nm Binned,488nm Binned_Seq0054.nd2",.nd2,49688576,2026-03-05T17:27:16,F11,25,405nm Binned|561nm Binned|488nm Binned,Seq0054,20260305_171612_406,high,,not_requested,,,
"/Users/makennarodriguez/Documents/260213_Feb16recopy_HYdiff_landingpadlines_survival_384well1/20260305_171612_406/260305_day25_iNeurons_WellF12_Channel405nm Binned,561nm Binned,488nm Binned_Seq0055.nd2","20260305_171612_406/260305_day25_iNeurons_WellF12_Channel405nm Binned,561nm Binned,488nm Binned_Seq0055.nd2","260305_day25_iNeurons_WellF12_Channel405nm Binned,561nm Binned,488nm Binned_Seq0055.nd2",.nd2,49688576,2026-03-05T17:27:28,F12,25,405nm Binned|561nm Binned|488nm Binned,Seq0055,20260305_171612_406,high,,not_requested,,,
"/Users/makennarodriguez/Documents/260213_Feb16recopy_HYdiff_landingpadlines_survival_384well1/20260305_171612_406/260305_day25_iNeurons_WellF13_Channel405nm Binned,561nm Binned,488nm Binned_Seq0056.nd2","20260305_171612_406/260305_day25_iNeurons_WellF13_Channel405nm Binned,561nm Binned,488nm Binned_Seq0056.nd2","260305_day25_iNeurons_WellF13_Channel405nm Binned,561nm Binned,488nm Binned_Seq0056.nd2",.nd2,49688576,2026-03-05T17:27:40,F13,25,405nm Binned|561nm Binned|488nm Binned,Seq0056,20260305_171612_406,high,,not_requested,,,
"/Users/makennarodriguez/Documents/260213_Feb16recopy_HYdiff_landingpadlines_survival_384well1/20260305_171612_406/260305_day25_iNeurons_WellF14_Channel405nm Binned,561nm Binned,488nm Binned_Seq0057.nd2","20260305_171612_406/260305_day25_iNeurons_WellF14_Channel405nm Binned,561nm Binned,488nm Binned_Seq0057.nd2","260305_day25_iNeurons_WellF14_Channel405nm Binned,561nm Binned,488nm Binned_Seq0057.nd2",.nd2,49688576,2026-03-05T17:27:52,F14,25,405nm Binned|561nm Binned|488nm Binned,Seq0057,20260305_171612_406,high,,not_requested,,,
"/Users/makennarodriguez/Documents/260213_Feb16recopy_HYdiff_landingpadlines_survival_384well1/20260305_171612_406/260305_day25_iNeurons_WellF15_Channel405nm Binned,561nm Binned,488nm Binned_Seq0058.nd2","20260305_171612_406/260305_day25_iNeurons_WellF15_Channel405nm Binned,561nm Binned,488nm Binned_Seq0058.nd2","260305_day25_iNeurons_WellF15_Channel405nm Binned,561nm Binned,488nm Binned_Seq0058.nd2",.nd2,49688576,2026-03-05T17:28:04,F15,25,405nm Binned|561nm Binned|488nm Binned,Seq0058,20260305_171612_406,high,,not_requested,,,
"/Users/makennarodriguez/Documents/260213_Feb16recopy_HYdiff_landingpadlines_survival_384well1/20260305_171612_406/260305_day25_iNeurons_WellF16_Channel405nm Binned,561nm Binned,488nm Binned_Seq0059.nd2","20260305_171612_406/260305_day25_iNeurons_WellF16_Channel405nm Binned,561nm Binned,488nm Binned_Seq0059.nd2","260305_day25_iNeurons_WellF16_Channel405nm Binned,561nm Binned,488nm Binned_Seq0059.nd2",.nd2,49688576,2026-03-05T17:28:16,F16,25,405nm Binned|561nm Binned|488nm Binned,Seq0059,20260305_171612_406,high,,not_requested,,,
"/Users/makennarodriguez/Documents/260213_Feb16recopy_HYdiff_landingpadlines_survival_384well1/20260305_171612_406/260305_day25_iNeurons_WellF17_Channel405nm Binned,561nm Binned,488nm Binned_Seq0060.nd2","20260305_171612_406/260305_day25_iNeurons_WellF17_Channel405nm Binned,561nm Binned,488nm Binned_Seq0060.nd2","260305_day25_iNeurons_WellF17_Channel405nm Binned,561nm Binned,488nm Binned_Seq0060.nd2",.nd2,49688576,2026-03-05T17:28:26,F17,25,405nm Binned|561nm Binned|488nm Binned,Seq0060,20260305_171612_406,high,,not_requested,,,
"/Users/makennarodriguez/Documents/260213_Feb16recopy_HYdiff_landingpadlines_survival_384well1/20260305_171612_406/260305_day25_iNeurons_WellF18_Channel405nm Binned,561nm Binned,488nm Binned_Seq0061.nd2","20260305_171612_406/260305_day25_iNeurons_WellF18_Channel405nm Binned,561nm Binned,488nm Binned_Seq0061.nd2","260305_day25_iNeurons_WellF18_Channel405nm Binned,561nm Binned,488nm Binned_Seq0061.nd2",.nd2,49688576,2026-03-05T17:28:38,F18,25,405nm Binned|561nm Binned|488nm Binned,Seq0061,20260305_171612_406,high,,not_requested,,,
"/Users/makennarodriguez/Documents/260213_Feb16recopy_HYdiff_landingpadlines_survival_384well1/20260305_171612_406/260305_day25_iNeurons_WellF19_Channel405nm Binned,561nm Binned,488nm Binned_Seq0062.nd2","20260305_171612_406/260305_day25_iNeurons_WellF19_Channel405nm Binned,561nm Binned,488nm Binned_Seq0062.nd2","260305_day25_iNeurons_WellF19_Channel405nm Binned,561nm Binned,488nm Binned_Seq0062.nd2",.nd2,49688576,2026-03-05T17:28:50,F19,25,405nm Binned|561nm Binned|488nm Binned,Seq0062,20260305_171612_406,high,,not_requested,,,
"/Users/makennarodriguez/Documents/260213_Feb16recopy_HYdiff_landingpadlines_survival_384well1/20260305_171612_406/260305_day25_iNeurons_WellF20_Channel405nm Binned,561nm Binned,488nm Binned_Seq0063.nd2","20260305_171612_406/260305_day25_iNeurons_WellF20_Channel405nm Binned,561nm Binned,488nm Binned_Seq0063.nd2","260305_day25_iNeurons_WellF20_Channel405nm Binned,561nm Binned,488nm Binned_Seq0063.nd2",.nd2,49688576,2026-03-05T17:29:02,F20,25,405nm Binned|561nm Binned|488nm Binned,Seq0063,20260305_171612_406,high,,not_requested,,,
"/Users/makennarodriguez/Documents/260213_Feb16recopy_HYdiff_landingpadlines_survival_384well1/20260305_171612_406/260305_day25_iNeurons_WellG05_Channel405nm Binned,561nm Binned,488nm Binned_Seq0064.nd2","20260305_171612_406/260305_day25_iNeurons_WellG05_Channel405nm Binned,561nm Binned,488nm Binned_Seq0064.nd2","260305_day25_iNeurons_WellG05_Channel405nm Binned,561nm Binned,488nm Binned_Seq0064.nd2",.nd2,49688576,2026-03-05T17:29:16,G05,25,405nm Binned|561nm Binned|488nm Binned,Seq0064,20260305_171612_406,high,,not_requested,,,
"/Users/makennarodriguez/Documents/260213_Feb16recopy_HYdiff_landingpadlines_survival_384well1/20260305_171612_406/260305_day25_iNeurons_WellG06_Channel405nm Binned,561nm Binned,488nm Binned_Seq0065.nd2","20260305_171612_406/260305_day25_iNeurons_WellG06_Channel405nm Binned,561nm Binned,488nm Binned_Seq0065.nd2","260305_day25_iNeurons_WellG06_Channel405nm Binned,561nm Binned,488nm Binned_Seq0065.nd2",.nd2,49688576,2026-03-05T17:29:28,G06,25,405nm Binned|561nm Binned|488nm Binned,Seq0065,20260305_171612_406,high,,not_requested,,,
"/Users/makennarodriguez/Documents/260213_Feb16recopy_HYdiff_landingpadlines_survival_384well1/20260305_171612_406/260305_day25_iNeurons_WellG07_Channel405nm Binned,561nm Binned,488nm Binned_Seq0066.nd2","20260305_171612_406/260305_day25_iNeurons_WellG07_Channel405nm Binned,561nm Binned,488nm Binned_Seq0066.nd2","260305_day25_iNeurons_WellG07_Channel405nm Binned,561nm Binned,488nm Binned_Seq0066.nd2",.nd2,49688576,2026-03-05T17:29:38,G07,25,405nm Binned|561nm Binned|488nm Binned,Seq0066,20260305_171612_406,high,,not_requested,,,
"/Users/makennarodriguez/Documents/260213_Feb16recopy_HYdiff_landingpadlines_survival_384well1/20260305_171612_406/260305_day25_iNeurons_WellG08_Channel405nm Binned,561nm Binned,488nm Binned_Seq0067.nd2","20260305_171612_406/260305_day25_iNeurons_WellG08_Channel405nm Binned,561nm Binned,488nm Binned_Seq0067.nd2","260305_day25_iNeurons_WellG08_Channel405nm Binned,561nm Binned,488nm Binned_Seq0067.nd2",.nd2,49688576,2026-03-05T17:29:50,G08,25,405nm Binned|561nm Binned|488nm Binned,Seq0067,20260305_171612_406,high,,not_requested,,,
"/Users/makennarodriguez/Documents/260213_Feb16recopy_HYdiff_landingpadlines_survival_384well1/20260305_171612_406/260305_day25_iNeurons_WellG09_Channel405nm Binned,561nm Binned,488nm Binned_Seq0068.nd2","20260305_171612_406/260305_day25_iNeurons_WellG09_Channel405nm Binned,561nm Binned,488nm Binned_Seq0068.nd2","260305_day25_iNeurons_WellG09_Channel405nm Binned,561nm Binned,488nm Binned_Seq0068.nd2",.nd2,49688576,2026-03-05T17:30:02,G09,25,405nm Binned|561nm Binned|488nm Binned,Seq0068,20260305_171612_406,high,,not_requested,,,
"/Users/makennarodriguez/Documents/260213_Feb16recopy_HYdiff_landingpadlines_survival_384well1/20260305_171612_406/260305_day25_iNeurons_WellG10_Channel405nm Binned,561nm Binned,488nm Binned_Seq0069.nd2","20260305_171612_406/260305_day25_iNeurons_WellG10_Channel405nm Binned,561nm Binned,488nm Binned_Seq0069.nd2","260305_day25_iNeurons_WellG10_Channel405nm Binned,561nm Binned,488nm Binned_Seq0069.nd2",.nd2,49688576,2026-03-05T17:30:14,G10,25,405nm Binned|561nm Binned|488nm Binned,Seq0069,20260305_171612_406,high,,not_requested,,,
"/Users/makennarodriguez/Documents/260213_Feb16recopy_HYdiff_landingpadlines_survival_384well1/20260305_171612_406/260305_day25_iNeurons_WellG11_Channel405nm Binned,561nm Binned,488nm Binned_Seq0070.nd2","20260305_171612_406/260305_day25_iNeurons_WellG11_Channel405nm Binned,561nm Binned,488nm Binned_Seq0070.nd2","260305_day25_iNeurons_WellG11_Channel405nm Binned,561nm Binned,488nm Binned_Seq0070.nd2",.nd2,49688576,2026-03-05T17:30:24,G11,25,405nm Binned|561nm Binned|488nm Binned,Seq0070,20260305_171612_406,high,,not_requested,,,
"/Users/makennarodriguez/Documents/260213_Feb16recopy_HYdiff_landingpadlines_survival_384well1/20260305_171612_406/260305_day25_iNeurons_WellG12_Channel405nm Binned,561nm Binned,488nm Binned_Seq0071.nd2","20260305_171612_406/260305_day25_iNeurons_WellG12_Channel405nm Binned,561nm Binned,488nm Binned_Seq0071.nd2","260305_day25_iNeurons_WellG12_Channel405nm Binned,561nm Binned,488nm Binned_Seq0071.nd2",.nd2,49688576,2026-03-05T17:30:36,G12,25,405nm Binned|561nm Binned|488nm Binned,Seq0071,20260305_171612_406,high,,not_requested,,,
"/Users/makennarodriguez/Documents/260213_Feb16recopy_HYdiff_landingpadlines_survival_384well1/20260305_171612_406/260305_day25_iNeurons_WellG13_Channel405nm Binned,561nm Binned,488nm Binned_Seq0072.nd2","20260305_171612_406/260305_day25_iNeurons_WellG13_Channel405nm Binned,561nm Binned,488nm Binned_Seq0072.nd2","260305_day25_iNeurons_WellG13_Channel405nm Binned,561nm Binned,488nm Binned_Seq0072.nd2",.nd2,49688576,2026-03-05T17:30:48,G13,25,405nm Binned|561nm Binned|488nm Binned,Seq0072,20260305_171612_406,high,,not_requested,,,
"/Users/makennarodriguez/Documents/260213_Feb16recopy_HYdiff_landingpadlines_survival_384well1/20260305_171612_406/260305_day25_iNeurons_WellG14_Channel405nm Binned,561nm Binned,488nm Binned_Seq0073.nd2","20260305_171612_406/260305_day25_iNeurons_WellG14_Channel405nm Binned,561nm Binned,488nm Binned_Seq0073.nd2","260305_day25_iNeurons_WellG14_Channel405nm Binned,561nm Binned,488nm Binned_Seq0073.nd2",.nd2,49688576,2026-03-05T17:30:58,G14,25,405nm Binned|561nm Binned|488nm Binned,Seq0073,20260305_171612_406,high,,not_requested,,,
"/Users/makennarodriguez/Documents/260213_Feb16recopy_HYdiff_landingpadlines_survival_384well1/20260305_171612_406/260305_day25_iNeurons_WellG15_Channel405nm Binned,561nm Binned,488nm Binned_Seq0074.nd2","20260305_171612_406/260305_day25_iNeurons_WellG15_Channel405nm Binned,561nm Binned,488nm Binned_Seq0074.nd2","260305_day25_iNeurons_WellG15_Channel405nm Binned,561nm Binned,488nm Binned_Seq0074.nd2",.nd2,49688576,2026-03-05T17:31:10,G15,25,405nm Binned|561nm Binned|488nm Binned,Seq0074,20260305_171612_406,high,,not_requested,,,
"/Users/makennarodriguez/Documents/260213_Feb16recopy_HYdiff_landingpadlines_survival_384well1/20260305_171612_406/260305_day25_iNeurons_WellG16_Channel405nm Binned,561nm Binned,488nm Binned_Seq0075.nd2","20260305_171612_406/260305_day25_iNeurons_WellG16_Channel405nm Binned,561nm Binned,488nm Binned_Seq0075.nd2","260305_day25_iNeurons_WellG16_Channel405nm Binned,561nm Binned,488nm Binned_Seq0075.nd2",.nd2,49688576,2026-03-05T17:31:22,G16,25,405nm Binned|561nm Binned|488nm Binned,Seq0075,20260305_171612_406,high,,not_requested,,,
"/Users/makennarodriguez/Documents/260213_Feb16recopy_HYdiff_landingpadlines_survival_384well1/20260305_171612_406/260305_day25_iNeurons_WellG17_Channel405nm Binned,561nm Binned,488nm Binned_Seq0076.nd2","20260305_171612_406/260305_day25_iNeurons_WellG17_Channel405nm Binned,561nm Binned,488nm Binned_Seq0076.nd2","260305_day25_iNeurons_WellG17_Channel405nm Binned,561nm Binned,488nm Binned_Seq0076.nd2",.nd2,49688576,2026-03-05T17:31:32,G17,25,405nm Binned|561nm Binned|488nm Binned,Seq0076,20260305_171612_406,high,,not_requested,,,
"/Users/makennarodriguez/Documents/260213_Feb16recopy_HYdiff_landingpadlines_survival_384well1/20260305_171612_406/260305_day25_iNeurons_WellG18_Channel405nm Binned,561nm Binned,488nm Binned_Seq0077.nd2","20260305_171612_406/260305_day25_iNeurons_WellG18_Channel405nm Binned,561nm Binned,488nm Binned_Seq0077.nd2","260305_day25_iNeurons_WellG18_Channel405nm Binned,561nm Binned,488nm Binned_Seq0077.nd2",.nd2,49688576,2026-03-05T17:31:44,G18,25,405nm Binned|561nm Binned|488nm Binned,Seq0077,20260305_171612_406,high,,not_requested,,,
"/Users/makennarodriguez/Documents/260213_Feb16recopy_HYdiff_landingpadlines_survival_384well1/20260305_171612_406/260305_day25_iNeurons_WellG19_Channel405nm Binned,561nm Binned,488nm Binned_Seq0078.nd2","20260305_171612_406/260305_day25_iNeurons_WellG19_Channel405nm Binned,561nm Binned,488nm Binned_Seq0078.nd2","260305_day25_iNeurons_WellG19_Channel405nm Binned,561nm Binned,488nm Binned_Seq0078.nd2",.nd2,49688576,2026-03-05T17:31:56,G19,25,405nm Binned|561nm Binned|488nm Binned,Seq0078,20260305_171612_406,high,,not_requested,,,
"/Users/makennarodriguez/Documents/260213_Feb16recopy_HYdiff_landingpadlines_survival_384well1/20260305_171612_406/260305_day25_iNeurons_WellG20_Channel405nm Binned,561nm Binned,488nm Binned_Seq0079.nd2","20260305_171612_406/260305_day25_iNeurons_WellG20_Channel405nm Binned,561nm Binned,488nm Binned_Seq0079.nd2","260305_day25_iNeurons_WellG20_Channel405nm Binned,561nm Binned,488nm Binned_Seq0079.nd2",.nd2,49688576,2026-03-05T17:32:08,G20,25,405nm Binned|561nm Binned|488nm Binned,Seq0079,20260305_171612_406,high,,not_requested,,,
"/Users/makennarodriguez/Documents/260213_Feb16recopy_HYdiff_landingpadlines_survival_384well1/20260305_171612_406/260305_day25_iNeurons_WellH05_Channel405nm Binned,561nm Binned,488nm Binned_Seq0080.nd2","20260305_171612_406/260305_day25_iNeurons_WellH05_Channel405nm Binned,561nm Binned,488nm Binned_Seq0080.nd2","260305_day25_iNeurons_WellH05_Channel405nm Binned,561nm Binned,488nm Binned_Seq0080.nd2",.nd2,49688576,2026-03-05T17:32:22,H05,25,405nm Binned|561nm Binned|488nm Binned,Seq0080,20260305_171612_406,high,,not_requested,,,
"/Users/makennarodriguez/Documents/260213_Feb16recopy_HYdiff_landingpadlines_survival_384well1/20260305_171612_406/260305_day25_iNeurons_WellH06_Channel405nm Binned,561nm Binned,488nm Binned_Seq0081.nd2","20260305_171612_406/260305_day25_iNeurons_WellH06_Channel405nm Binned,561nm Binned,488nm Binned_Seq0081.nd2","260305_day25_iNeurons_WellH06_Channel405nm Binned,561nm Binned,488nm Binned_Seq0081.nd2",.nd2,49688576,2026-03-05T17:32:34,H06,25,405nm Binned|561nm Binned|488nm Binned,Seq0081,20260305_171612_406,high,,not_requested,,,
"/Users/makennarodriguez/Documents/260213_Feb16recopy_HYdiff_landingpadlines_survival_384well1/20260305_171612_406/260305_day25_iNeurons_WellH07_Channel405nm Binned,561nm Binned,488nm Binned_Seq0082.nd2","20260305_171612_406/260305_day25_iNeurons_WellH07_Channel405nm Binned,561nm Binned,488nm Binned_Seq0082.nd2","260305_day25_iNeurons_WellH07_Channel405nm Binned,561nm Binned,488nm Binned_Seq0082.nd2",.nd2,49688576,2026-03-05T17:32:46,H07,25,405nm Binned|561nm Binned|488nm Binned,Seq0082,20260305_171612_406,high,,not_requested,,,
"/Users/makennarodriguez/Documents/260213_Feb16recopy_HYdiff_landingpadlines_survival_384well1/20260305_171612_406/260305_day25_iNeurons_WellH08_Channel405nm Binned,561nm Binned,488nm Binned_Seq0083.nd2","20260305_171612_406/260305_day25_iNeurons_WellH08_Channel405nm Binned,561nm Binned,488nm Binned_Seq0083.nd2","260305_day25_iNeurons_WellH08_Channel405nm Binned,561nm Binned,488nm Binned_Seq0083.nd2",.nd2,49688576,2026-03-05T17:32:56,H08,25,405nm Binned|561nm Binned|488nm Binned,Seq0083,20260305_171612_406,high,,not_requested,,,
"/Users/makennarodriguez/Documents/260213_Feb16recopy_HYdiff_landingpadlines_survival_384well1/20260305_171612_406/260305_day25_iNeurons_WellH09_Channel405nm Binned,561nm Binned,488nm Binned_Seq0084.nd2","20260305_171612_406/260305_day25_iNeurons_WellH09_Channel405nm Binned,561nm Binned,488nm Binned_Seq0084.nd2","260305_day25_iNeurons_WellH09_Channel405nm Binned,561nm Binned,488nm Binned_Seq0084.nd2",.nd2,49688576,2026-03-05T17:33:08,H09,25,405nm Binned|561nm Binned|488nm Binned,Seq0084,20260305_171612_406,high,,not_requested,,,
"/Users/makennarodriguez/Documents/260213_Feb16recopy_HYdiff_landingpadlines_survival_384well1/20260305_171612_406/260305_day25_iNeurons_WellH10_Channel405nm Binned,561nm Binned,488nm Binned_Seq0085.nd2","20260305_171612_406/260305_day25_iNeurons_WellH10_Channel405nm Binned,561nm Binned,488nm Binned_Seq0085.nd2","260305_day25_iNeurons_WellH10_Channel405nm Binned,561nm Binned,488nm Binned_Seq0085.nd2",.nd2,49688576,2026-03-05T17:33:20,H10,25,405nm Binned|561nm Binned|488nm Binned,Seq0085,20260305_171612_406,high,,not_requested,,,
"/Users/makennarodriguez/Documents/260213_Feb16recopy_HYdiff_landingpadlines_survival_384well1/20260305_171612_406/260305_day25_iNeurons_WellH11_Channel405nm Binned,561nm Binned,488nm Binned_Seq0086.nd2","20260305_171612_406/260305_day25_iNeurons_WellH11_Channel405nm Binned,561nm Binned,488nm Binned_Seq0086.nd2","260305_day25_iNeurons_WellH11_Channel405nm Binned,561nm Binned,488nm Binned_Seq0086.nd2",.nd2,49688576,2026-03-05T17:33:32,H11,25,405nm Binned|561nm Binned|488nm Binned,Seq0086,20260305_171612_406,high,,not_requested,,,
"/Users/makennarodriguez/Documents/260213_Feb16recopy_HYdiff_landingpadlines_survival_384well1/20260305_171612_406/260305_day25_iNeurons_WellH12_Channel405nm Binned,561nm Binned,488nm Binned_Seq0087.nd2","20260305_171612_406/260305_day25_iNeurons_WellH12_Channel405nm Binned,561nm Binned,488nm Binned_Seq0087.nd2","260305_day25_iNeurons_WellH12_Channel405nm Binned,561nm Binned,488nm Binned_Seq0087.nd2",.nd2,49688576,2026-03-05T17:33:42,H12,25,405nm Binned|561nm Binned|488nm Binned,Seq0087,20260305_171612_406,high,,not_requested,,,
"/Users/makennarodriguez/Documents/260213_Feb16recopy_HYdiff_landingpadlines_survival_384well1/20260305_171612_406/260305_day25_iNeurons_WellH13_Channel405nm Binned,561nm Binned,488nm Binned_Seq0088.nd2","20260305_171612_406/260305_day25_iNeurons_WellH13_Channel405nm Binned,561nm Binned,488nm Binned_Seq0088.nd2","260305_day25_iNeurons_WellH13_Channel405nm Binned,561nm Binned,488nm Binned_Seq0088.nd2",.nd2,49688576,2026-03-05T17:33:54,H13,25,405nm Binned|561nm Binned|488nm Binned,Seq0088,20260305_171612_406,high,,not_requested,,,
"/Users/makennarodriguez/Documents/260213_Feb16recopy_HYdiff_landingpadlines_survival_384well1/20260305_171612_406/260305_day25_iNeurons_WellH14_Channel405nm Binned,561nm Binned,488nm Binned_Seq0089.nd2","20260305_171612_406/260305_day25_iNeurons_WellH14_Channel405nm Binned,561nm Binned,488nm Binned_Seq0089.nd2","260305_day25_iNeurons_WellH14_Channel405nm Binned,561nm Binned,488nm Binned_Seq0089.nd2",.nd2,49688576,2026-03-05T17:34:06,H14,25,405nm Binned|561nm Binned|488nm Binned,Seq0089,20260305_171612_406,high,,not_requested,,,
"/Users/makennarodriguez/Documents/260213_Feb16recopy_HYdiff_landingpadlines_survival_384well1/20260305_171612_406/260305_day25_iNeurons_WellH15_Channel405nm Binned,561nm Binned,488nm Binned_Seq0090.nd2","20260305_171612_406/260305_day25_iNeurons_WellH15_Channel405nm Binned,561nm Binned,488nm Binned_Seq0090.nd2","260305_day25_iNeurons_WellH15_Channel405nm Binned,561nm Binned,488nm Binned_Seq0090.nd2",.nd2,49688576,2026-03-05T17:34:16,H15,25,405nm Binned|561nm Binned|488nm Binned,Seq0090,20260305_171612_406,high,,not_requested,,,
"/Users/makennarodriguez/Documents/260213_Feb16recopy_HYdiff_landingpadlines_survival_384well1/20260305_171612_406/260305_day25_iNeurons_WellH16_Channel405nm Binned,561nm Binned,488nm Binned_Seq0091.nd2","20260305_171612_406/260305_day25_iNeurons_WellH16_Channel405nm Binned,561nm Binned,488nm Binned_Seq0091.nd2","260305_day25_iNeurons_WellH16_Channel405nm Binned,561nm Binned,488nm Binned_Seq0091.nd2",.nd2,49688576,2026-03-05T17:34:28,H16,25,405nm Binned|561nm Binned|488nm Binned,Seq0091,20260305_171612_406,high,,not_requested,,,
"/Users/makennarodriguez/Documents/260213_Feb16recopy_HYdiff_landingpadlines_survival_384well1/20260305_171612_406/260305_day25_iNeurons_WellH17_Channel405nm Binned,561nm Binned,488nm Binned_Seq0092.nd2","20260305_171612_406/260305_day25_iNeurons_WellH17_Channel405nm Binned,561nm Binned,488nm Binned_Seq0092.nd2","260305_day25_iNeurons_WellH17_Channel405nm Binned,561nm Binned,488nm Binned_Seq0092.nd2",.nd2,49688576,2026-03-05T17:34:40,H17,25,405nm Binned|561nm Binned|488nm Binned,Seq0092,20260305_171612_406,high,,not_requested,,,
"/Users/makennarodriguez/Documents/260213_Feb16recopy_HYdiff_landingpadlines_survival_384well1/20260305_171612_406/260305_day25_iNeurons_WellH18_Channel405nm Binned,561nm Binned,488nm Binned_Seq0093.nd2","20260305_171612_406/260305_day25_iNeurons_WellH18_Channel405nm Binned,561nm Binned,488nm Binned_Seq0093.nd2","260305_day25_iNeurons_WellH18_Channel405nm Binned,561nm Binned,488nm Binned_Seq0093.nd2",.nd2,49688576,2026-03-05T17:34:50,H18,25,405nm Binned|561nm Binned|488nm Binned,Seq0093,20260305_171612_406,high,,not_requested,,,
"/Users/makennarodriguez/Documents/260213_Feb16recopy_HYdiff_landingpadlines_survival_384well1/20260305_171612_406/260305_day25_iNeurons_WellH19_Channel405nm Binned,561nm Binned,488nm Binned_Seq0094.nd2","20260305_171612_406/260305_day25_iNeurons_WellH19_Channel405nm Binned,561nm Binned,488nm Binned_Seq0094.nd2","260305_day25_iNeurons_WellH19_Channel405nm Binned,561nm Binned,488nm Binned_Seq0094.nd2",.nd2,49688576,2026-03-05T17:35:02,H19,25,405nm Binned|561nm Binned|488nm Binned,Seq0094,20260305_171612_406,high,,not_requested,,,
"/Users/makennarodriguez/Documents/260213_Feb16recopy_HYdiff_landingpadlines_survival_384well1/20260305_171612_406/260305_day25_iNeurons_WellH20_Channel405nm Binned,561nm Binned,488nm Binned_Seq0095.nd2","20260305_171612_406/260305_day25_iNeurons_WellH20_Channel405nm Binned,561nm Binned,488nm Binned_Seq0095.nd2","260305_day25_iNeurons_WellH20_Channel405nm Binned,561nm Binned,488nm Binned_Seq0095.nd2",.nd2,49688576,2026-03-05T17:35:14,H20,25,405nm Binned|561nm Binned|488nm Binned,Seq0095,20260305_171612_406,high,,not_requested,,,
"/Users/makennarodriguez/Documents/260213_Feb16recopy_HYdiff_landingpadlines_survival_384well1/20260305_171612_406/260305_day25_iNeurons_WellI05_Channel405nm Binned,561nm Binned,488nm Binned_Seq0096.nd2","20260305_171612_406/260305_day25_iNeurons_WellI05_Channel405nm Binned,561nm Binned,488nm Binned_Seq0096.nd2","260305_day25_iNeurons_WellI05_Channel405nm Binned,561nm Binned,488nm Binned_Seq0096.nd2",.nd2,49688576,2026-03-05T17:35:28,I05,25,405nm Binned|561nm Binned|488nm Binned,Seq0096,20260305_171612_406,high,,not_requested,,,
"/Users/makennarodriguez/Documents/260213_Feb16recopy_HYdiff_landingpadlines_survival_384well1/20260305_171612_406/260305_day25_iNeurons_WellI06_Channel405nm Binned,561nm Binned,488nm Binned_Seq0097.nd2","20260305_171612_406/260305_day25_iNeurons_WellI06_Channel405nm Binned,561nm Binned,488nm Binned_Seq0097.nd2","260305_day25_iNeurons_WellI06_Channel405nm Binned,561nm Binned,488nm Binned_Seq0097.nd2",.nd2,49688576,2026-03-05T17:35:40,I06,25,405nm Binned|561nm Binned|488nm Binned,Seq0097,20260305_171612_406,high,,not_requested,,,
"/Users/makennarodriguez/Documents/260213_Feb16recopy_HYdiff_landingpadlines_survival_384well1/20260305_171612_406/260305_day25_iNeurons_WellI07_Channel405nm Binned,561nm Binned,488nm Binned_Seq0098.nd2","20260305_171612_406/260305_day25_iNeurons_WellI07_Channel405nm Binned,561nm Binned,488nm Binned_Seq0098.nd2","260305_day25_iNeurons_WellI07_Channel405nm Binned,561nm Binned,488nm Binned_Seq0098.nd2",.nd2,49688576,2026-03-05T17:35:52,I07,25,405nm Binned|561nm Binned|488nm Binned,Seq0098,20260305_171612_406,high,,not_requested,,,
"/Users/makennarodriguez/Documents/260213_Feb16recopy_HYdiff_landingpadlines_survival_384well1/20260305_171612_406/260305_day25_iNeurons_WellI08_Channel405nm Binned,561nm Binned,488nm Binned_Seq0099.nd2","20260305_171612_406/260305_day25_iNeurons_WellI08_Channel405nm Binned,561nm Binned,488nm Binned_Seq0099.nd2","260305_day25_iNeurons_WellI08_Channel405nm Binned,561nm Binned,488nm Binned_Seq0099.nd2",.nd2,49688576,2026-03-05T17:36:04,I08,25,405nm Binned|561nm Binned|488nm Binned,Seq0099,20260305_171612_406,high,,not_requested,,,
"/Users/makennarodriguez/Documents/260213_Feb16recopy_HYdiff_landingpadlines_survival_384well1/20260305_171612_406/260305_day25_iNeurons_WellI09_Channel405nm Binned,561nm Binned,488nm Binned_Seq0100.nd2","20260305_171612_406/260305_day25_iNeurons_WellI09_Channel405nm Binned,561nm Binned,488nm Binned_Seq0100.nd2","260305_day25_iNeurons_WellI09_Channel405nm Binned,561nm Binned,488nm Binned_Seq0100.nd2",.nd2,49688576,2026-03-05T17:36:16,I09,25,405nm Binned|561nm Binned|488nm Binned,Seq0100,20260305_171612_406,high,,not_requested,,,
"/Users/makennarodriguez/Documents/260213_Feb16recopy_HYdiff_landingpadlines_survival_384well1/20260305_171612_406/260305_day25_iNeurons_WellI10_Channel405nm Binned,561nm Binned,488nm Binned_Seq0101.nd2","20260305_171612_406/260305_day25_iNeurons_WellI10_Channel405nm Binned,561nm Binned,488nm Binned_Seq0101.nd2","260305_day25_iNeurons_WellI10_Channel405nm Binned,561nm Binned,488nm Binned_Seq0101.nd2",.nd2,49688576,2026-03-05T17:36:26,I10,25,405nm Binned|561nm Binned|488nm Binned,Seq0101,20260305_171612_406,high,,not_requested,,,
"/Users/makennarodriguez/Documents/260213_Feb16recopy_HYdiff_landingpadlines_survival_384well1/20260305_171612_406/260305_day25_iNeurons_WellI11_Channel405nm Binned,561nm Binned,488nm Binned_Seq0102.nd2","20260305_171612_406/260305_day25_iNeurons_WellI11_Channel405nm Binned,561nm Binned,488nm Binned_Seq0102.nd2","260305_day25_iNeurons_WellI11_Channel405nm Binned,561nm Binned,488nm Binned_Seq0102.nd2",.nd2,49688576,2026-03-05T17:36:38,I11,25,405nm Binned|561nm Binned|488nm Binned,Seq0102,20260305_171612_406,high,,not_requested,,,
"/Users/makennarodriguez/Documents/260213_Feb16recopy_HYdiff_landingpadlines_survival_384well1/20260305_171612_406/260305_day25_iNeurons_WellI12_Channel405nm Binned,561nm Binned,488nm Binned_Seq0103.nd2","20260305_171612_406/260305_day25_iNeurons_WellI12_Channel405nm Binned,561nm Binned,488nm Binned_Seq0103.nd2","260305_day25_iNeurons_WellI12_Channel405nm Binned,561nm Binned,488nm Binned_Seq0103.nd2",.nd2,49688576,2026-03-05T17:36:50,I12,25,405nm Binned|561nm Binned|488nm Binned,Seq0103,20260305_171612_406,high,,not_requested,,,
"/Users/makennarodriguez/Documents/260213_Feb16recopy_HYdiff_landingpadlines_survival_384well1/20260305_171612_406/260305_day25_iNeurons_WellI13_Channel405nm Binned,561nm Binned,488nm Binned_Seq0104.nd2","20260305_171612_406/260305_day25_iNeurons_WellI13_Channel405nm Binned,561nm Binned,488nm Binned_Seq0104.nd2","260305_day25_iNeurons_WellI13_Channel405nm Binned,561nm Binned,488nm Binned_Seq0104.nd2",.nd2,49688576,2026-03-05T17:37:02,I13,25,405nm Binned|561nm Binned|488nm Binned,Seq0104,20260305_171612_406,high,,not_requested,,,
"/Users/makennarodriguez/Documents/260213_Feb16recopy_HYdiff_landingpadlines_survival_384well1/20260305_171612_406/260305_day25_iNeurons_WellI14_Channel405nm Binned,561nm Binned,488nm Binned_Seq0105.nd2","20260305_171612_406/260305_day25_iNeurons_WellI14_Channel405nm Binned,561nm Binned,488nm Binned_Seq0105.nd2","260305_day25_iNeurons_WellI14_Channel405nm Binned,561nm Binned,488nm Binned_Seq0105.nd2",.nd2,49688576,2026-03-05T17:37:14,I14,25,405nm Binned|561nm Binned|488nm Binned,Seq0105,20260305_171612_406,high,,not_requested,,,
"/Users/makennarodriguez/Documents/260213_Feb16recopy_HYdiff_landingpadlines_survival_384well1/20260305_171612_406/260305_day25_iNeurons_WellI15_Channel405nm Binned,561nm Binned,488nm Binned_Seq0106.nd2","20260305_171612_406/260305_day25_iNeurons_WellI15_Channel405nm Binned,561nm Binned,488nm Binned_Seq0106.nd2","260305_day25_iNeurons_WellI15_Channel405nm Binned,561nm Binned,488nm Binned_Seq0106.nd2",.nd2,49688576,2026-03-05T17:37:26,I15,25,405nm Binned|561nm Binned|488nm Binned,Seq0106,20260305_171612_406,high,,not_requested,,,
"/Users/makennarodriguez/Documents/260213_Feb16recopy_HYdiff_landingpadlines_survival_384well1/20260305_171612_406/260305_day25_iNeurons_WellI16_Channel405nm Binned,561nm Binned,488nm Binned_Seq0107.nd2","20260305_171612_406/260305_day25_iNeurons_WellI16_Channel405nm Binned,561nm Binned,488nm Binned_Seq0107.nd2","260305_day25_iNeurons_WellI16_Channel405nm Binned,561nm Binned,488nm Binned_Seq0107.nd2",.nd2,49688576,2026-03-05T17:37:36,I16,25,405nm Binned|561nm Binned|488nm Binned,Seq0107,20260305_171612_406,high,,not_requested,,,
"/Users/makennarodriguez/Documents/260213_Feb16recopy_HYdiff_landingpadlines_survival_384well1/20260305_171612_406/260305_day25_iNeurons_WellI17_Channel405nm Binned,561nm Binned,488nm Binned_Seq0108.nd2","20260305_171612_406/260305_day25_iNeurons_WellI17_Channel405nm Binned,561nm Binned,488nm Binned_Seq0108.nd2","260305_day25_iNeurons_WellI17_Channel405nm Binned,561nm Binned,488nm Binned_Seq0108.nd2",.nd2,49688576,2026-03-05T17:37:48,I17,25,405nm Binned|561nm Binned|488nm Binned,Seq0108,20260305_171612_406,high,,not_requested,,,
"/Users/makennarodriguez/Documents/260213_Feb16recopy_HYdiff_landingpadlines_survival_384well1/20260305_171612_406/260305_day25_iNeurons_WellI18_Channel405nm Binned,561nm Binned,488nm Binned_Seq0109.nd2","20260305_171612_406/260305_day25_iNeurons_WellI18_Channel405nm Binned,561nm Binned,488nm Binned_Seq0109.nd2","260305_day25_iNeurons_WellI18_Channel405nm Binned,561nm Binned,488nm Binned_Seq0109.nd2",.nd2,49688576,2026-03-05T17:38:00,I18,25,405nm Binned|561nm Binned|488nm Binned,Seq0109,20260305_171612_406,high,,not_requested,,,
"/Users/makennarodriguez/Documents/260213_Feb16recopy_HYdiff_landingpadlines_survival_384well1/20260305_171612_406/260305_day25_iNeurons_WellI19_Channel405nm Binned,561nm Binned,488nm Binned_Seq0110.nd2","20260305_171612_406/260305_day25_iNeurons_WellI19_Channel405nm Binned,561nm Binned,488nm Binned_Seq0110.nd2","260305_day25_iNeurons_WellI19_Channel405nm Binned,561nm Binned,488nm Binned_Seq0110.nd2",.nd2,49688576,2026-03-05T17:38:12,I19,25,405nm Binned|561nm Binned|488nm Binned,Seq0110,20260305_171612_406,high,,not_requested,,,
"/Users/makennarodriguez/Documents/260213_Feb16recopy_HYdiff_landingpadlines_survival_384well1/20260305_171612_406/260305_day25_iNeurons_WellI20_Channel405nm Binned,561nm Binned,488nm Binned_Seq0111.nd2","20260305_171612_406/260305_day25_iNeurons_WellI20_Channel405nm Binned,561nm Binned,488nm Binned_Seq0111.nd2","260305_day25_iNeurons_WellI20_Channel405nm Binned,561nm Binned,488nm Binned_Seq0111.nd2",.nd2,49688576,2026-03-05T17:38:22,I20,25,405nm Binned|561nm Binned|488nm Binned,Seq0111,20260305_171612_406,high,,not_requested,,,
"/Users/makennarodriguez/Documents/260213_Feb16recopy_HYdiff_landingpadlines_survival_384well1/20260305_171612_406/260305_day25_iNeurons_WellJ05_Channel405nm Binned,561nm Binned,488nm Binned_Seq0112.nd2","20260305_171612_406/260305_day25_iNeurons_WellJ05_Channel405nm Binned,561nm Binned,488nm Binned_Seq0112.nd2","260305_day25_iNeurons_WellJ05_Channel405nm Binned,561nm Binned,488nm Binned_Seq0112.nd2",.nd2,49688576,2026-03-05T17:38:36,J05,25,405nm Binned|561nm Binned|488nm Binned,Seq0112,20260305_171612_406,high,,not_requested,,,
"/Users/makennarodriguez/Documents/260213_Feb16recopy_HYdiff_landingpadlines_survival_384well1/20260305_171612_406/260305_day25_iNeurons_WellJ06_Channel405nm Binned,561nm Binned,488nm Binned_Seq0113.nd2","20260305_171612_406/260305_day25_iNeurons_WellJ06_Channel405nm Binned,561nm Binned,488nm Binned_Seq0113.nd2","260305_day25_iNeurons_WellJ06_Channel405nm Binned,561nm Binned,488nm Binned_Seq0113.nd2",.nd2,49688576,2026-03-05T17:38:48,J06,25,405nm Binned|561nm Binned|488nm Binned,Seq0113,20260305_171612_406,high,,not_requested,,,
"/Users/makennarodriguez/Documents/260213_Feb16recopy_HYdiff_landingpadlines_survival_384well1/20260305_171612_406/260305_day25_iNeurons_WellJ07_Channel405nm Binned,561nm Binned,488nm Binned_Seq0114.nd2","20260305_171612_406/260305_day25_iNeurons_WellJ07_Channel405nm Binned,561nm Binned,488nm Binned_Seq0114.nd2","260305_day25_iNeurons_WellJ07_Channel405nm Binned,561nm Binned,488nm Binned_Seq0114.nd2",.nd2,49688576,2026-03-05T17:39:00,J07,25,405nm Binned|561nm Binned|488nm Binned,Seq0114,20260305_171612_406,high,,not_requested,,,
"/Users/makennarodriguez/Documents/260213_Feb16recopy_HYdiff_landingpadlines_survival_384well1/20260305_171612_406/260305_day25_iNeurons_WellJ08_Channel405nm Binned,561nm Binned,488nm Binned_Seq0115.nd2","20260305_171612_406/260305_day25_iNeurons_WellJ08_Channel405nm Binned,561nm Binned,488nm Binned_Seq0115.nd2","260305_day25_iNeurons_WellJ08_Channel405nm Binned,561nm Binned,488nm Binned_Seq0115.nd2",.nd2,49688576,2026-03-05T17:39:12,J08,25,405nm Binned|561nm Binned|488nm Binned,Seq0115,20260305_171612_406,high,,not_requested,,,
"/Users/makennarodriguez/Documents/260213_Feb16recopy_HYdiff_landingpadlines_survival_384well1/20260305_171612_406/260305_day25_iNeurons_WellJ09_Channel405nm Binned,561nm Binned,488nm Binned_Seq0116.nd2","20260305_171612_406/260305_day25_iNeurons_WellJ09_Channel405nm Binned,561nm Binned,488nm Binned_Seq0116.nd2","260305_day25_iNeurons_WellJ09_Channel405nm Binned,561nm Binned,488nm Binned_Seq0116.nd2",.nd2,49688576,2026-03-05T17:39:24,J09,25,405nm Binned|561nm Binned|488nm Binned,Seq0116,20260305_171612_406,high,,not_requested,,,
"/Users/makennarodriguez/Documents/260213_Feb16recopy_HYdiff_landingpadlines_survival_384well1/20260305_171612_406/260305_day25_iNeurons_WellJ10_Channel405nm Binned,561nm Binned,488nm Binned_Seq0117.nd2","20260305_171612_406/260305_day25_iNeurons_WellJ10_Channel405nm Binned,561nm Binned,488nm Binned_Seq0117.nd2","260305_day25_iNeurons_WellJ10_Channel405nm Binned,561nm Binned,488nm Binned_Seq0117.nd2",.nd2,49688576,2026-03-05T17:39:36,J10,25,405nm Binned|561nm Binned|488nm Binned,Seq0117,20260305_171612_406,high,,not_requested,,,
"/Users/makennarodriguez/Documents/260213_Feb16recopy_HYdiff_landingpadlines_survival_384well1/20260305_171612_406/260305_day25_iNeurons_WellJ11_Channel405nm Binned,561nm Binned,488nm Binned_Seq0118.nd2","20260305_171612_406/260305_day25_iNeurons_WellJ11_Channel405nm Binned,561nm Binned,488nm Binned_Seq0118.nd2","260305_day25_iNeurons_WellJ11_Channel405nm Binned,561nm Binned,488nm Binned_Seq0118.nd2",.nd2,49688576,2026-03-05T17:39:48,J11,25,405nm Binned|561nm Binned|488nm Binned,Seq0118,20260305_171612_406,high,,not_requested,,,
"/Users/makennarodriguez/Documents/260213_Feb16recopy_HYdiff_landingpadlines_survival_384well1/20260305_171612_406/260305_day25_iNeurons_WellJ12_Channel405nm Binned,561nm Binned,488nm Binned_Seq0119.nd2","20260305_171612_406/260305_day25_iNeurons_WellJ12_Channel405nm Binned,561nm Binned,488nm Binned_Seq0119.nd2","260305_day25_iNeurons_WellJ12_Channel405nm Binned,561nm Binned,488nm Binned_Seq0119.nd2",.nd2,49688576,2026-03-05T17:39:58,J12,25,405nm Binned|561nm Binned|488nm Binned,Seq0119,20260305_171612_406,high,,not_requested,,,
"/Users/makennarodriguez/Documents/260213_Feb16recopy_HYdiff_landingpadlines_survival_384well1/20260305_171612_406/260305_day25_iNeurons_WellJ13_Channel405nm Binned,561nm Binned,488nm Binned_Seq0120.nd2","20260305_171612_406/260305_day25_iNeurons_WellJ13_Channel405nm Binned,561nm Binned,488nm Binned_Seq0120.nd2","260305_day25_iNeurons_WellJ13_Channel405nm Binned,561nm Binned,488nm Binned_Seq0120.nd2",.nd2,49688576,2026-03-05T17:40:10,J13,25,405nm Binned|561nm Binned|488nm Binned,Seq0120,20260305_171612_406,high,,not_requested,,,
"/Users/makennarodriguez/Documents/260213_Feb16recopy_HYdiff_landingpadlines_survival_384well1/20260305_171612_406/260305_day25_iNeurons_WellJ14_Channel405nm Binned,561nm Binned,488nm Binned_Seq0121.nd2","20260305_171612_406/260305_day25_iNeurons_WellJ14_Channel405nm Binned,561nm Binned,488nm Binned_Seq0121.nd2","260305_day25_iNeurons_WellJ14_Channel405nm Binned,561nm Binned,488nm Binned_Seq0121.nd2",.nd2,49688576,2026-03-05T17:40:22,J14,25,405nm Binned|561nm Binned|488nm Binned,Seq0121,20260305_171612_406,high,,not_requested,,,
"/Users/makennarodriguez/Documents/260213_Feb16recopy_HYdiff_landingpadlines_survival_384well1/20260305_171612_406/260305_day25_iNeurons_WellJ15_Channel405nm Binned,561nm Binned,488nm Binned_Seq0122.nd2","20260305_171612_406/260305_day25_iNeurons_WellJ15_Channel405nm Binned,561nm Binned,488nm Binned_Seq0122.nd2","260305_day25_iNeurons_WellJ15_Channel405nm Binned,561nm Binned,488nm Binned_Seq0122.nd2",.nd2,49688576,2026-03-05T17:40:34,J15,25,405nm Binned|561nm Binned|488nm Binned,Seq0122,20260305_171612_406,high,,not_requested,,,
"/Users/makennarodriguez/Documents/260213_Feb16recopy_HYdiff_landingpadlines_survival_384well1/20260305_171612_406/260305_day25_iNeurons_WellJ16_Channel405nm Binned,561nm Binned,488nm Binned_Seq0123.nd2","20260305_171612_406/260305_day25_iNeurons_WellJ16_Channel405nm Binned,561nm Binned,488nm Binned_Seq0123.nd2","260305_day25_iNeurons_WellJ16_Channel405nm Binned,561nm Binned,488nm Binned_Seq0123.nd2",.nd2,49688576,2026-03-05T17:40:46,J16,25,405nm Binned|561nm Binned|488nm Binned,Seq0123,20260305_171612_406,high,,not_requested,,,
"/Users/makennarodriguez/Documents/260213_Feb16recopy_HYdiff_landingpadlines_survival_384well1/20260305_171612_406/260305_day25_iNeurons_WellJ17_Channel405nm Binned,561nm Binned,488nm Binned_Seq0124.nd2","20260305_171612_406/260305_day25_iNeurons_WellJ17_Channel405nm Binned,561nm Binned,488nm Binned_Seq0124.nd2","260305_day25_iNeurons_WellJ17_Channel405nm Binned,561nm Binned,488nm Binned_Seq0124.nd2",.nd2,49688576,2026-03-05T17:40:56,J17,25,405nm Binned|561nm Binned|488nm Binned,Seq0124,20260305_171612_406,high,,not_requested,,,
"/Users/makennarodriguez/Documents/260213_Feb16recopy_HYdiff_landingpadlines_survival_384well1/20260305_171612_406/260305_day25_iNeurons_WellJ18_Channel405nm Binned,561nm Binned,488nm Binned_Seq0125.nd2","20260305_171612_406/260305_day25_iNeurons_WellJ18_Channel405nm Binned,561nm Binned,488nm Binned_Seq0125.nd2","260305_day25_iNeurons_WellJ18_Channel405nm Binned,561nm Binned,488nm Binned_Seq0125.nd2",.nd2,49688576,2026-03-05T17:41:08,J18,25,405nm Binned|561nm Binned|488nm Binned,Seq0125,20260305_171612_406,high,,not_requested,,,
"/Users/makennarodriguez/Documents/260213_Feb16recopy_HYdiff_landingpadlines_survival_384well1/20260305_171612_406/260305_day25_iNeurons_WellJ19_Channel405nm Binned,561nm Binned,488nm Binned_Seq0126.nd2","20260305_171612_406/260305_day25_iNeurons_WellJ19_Channel405nm Binned,561nm Binned,488nm Binned_Seq0126.nd2","260305_day25_iNeurons_WellJ19_Channel405nm Binned,561nm Binned,488nm Binned_Seq0126.nd2",.nd2,49688576,2026-03-05T17:41:20,J19,25,405nm Binned|561nm Binned|488nm Binned,Seq0126,20260305_171612_406,high,,not_requested,,,
"/Users/makennarodriguez/Documents/260213_Feb16recopy_HYdiff_landingpadlines_survival_384well1/20260305_171612_406/260305_day25_iNeurons_WellJ20_Channel405nm Binned,561nm Binned,488nm Binned_Seq0127.nd2","20260305_171612_406/260305_day25_iNeurons_WellJ20_Channel405nm Binned,561nm Binned,488nm Binned_Seq0127.nd2","260305_day25_iNeurons_WellJ20_Channel405nm Binned,561nm Binned,488nm Binned_Seq0127.nd2",.nd2,49688576,2026-03-05T17:41:32,J20,25,405nm Binned|561nm Binned|488nm Binned,Seq0127,20260305_171612_406,high,,not_requested,,,
"/Users/makennarodriguez/Documents/260213_Feb16recopy_HYdiff_landingpadlines_survival_384well1/20260305_171612_406/260305_day25_iNeurons_WellK05_Channel405nm Binned,561nm Binned,488nm Binned_Seq0128.nd2","20260305_171612_406/260305_day25_iNeurons_WellK05_Channel405nm Binned,561nm Binned,488nm Binned_Seq0128.nd2","260305_day25_iNeurons_WellK05_Channel405nm Binned,561nm Binned,488nm Binned_Seq0128.nd2",.nd2,49688576,2026-03-05T17:41:46,K05,25,405nm Binned|561nm Binned|488nm Binned,Seq0128,20260305_171612_406,high,,not_requested,,,
"/Users/makennarodriguez/Documents/260213_Feb16recopy_HYdiff_landingpadlines_survival_384well1/20260305_171612_406/260305_day25_iNeurons_WellK06_Channel405nm Binned,561nm Binned,488nm Binned_Seq0129.nd2","20260305_171612_406/260305_day25_iNeurons_WellK06_Channel405nm Binned,561nm Binned,488nm Binned_Seq0129.nd2","260305_day25_iNeurons_WellK06_Channel405nm Binned,561nm Binned,488nm Binned_Seq0129.nd2",.nd2,49688576,2026-03-05T17:41:56,K06,25,405nm Binned|561nm Binned|488nm Binned,Seq0129,20260305_171612_406,high,,not_requested,,,
"/Users/makennarodriguez/Documents/260213_Feb16recopy_HYdiff_landingpadlines_survival_384well1/20260305_171612_406/260305_day25_iNeurons_WellK07_Channel405nm Binned,561nm Binned,488nm Binned_Seq0130.nd2","20260305_171612_406/260305_day25_iNeurons_WellK07_Channel405nm Binned,561nm Binned,488nm Binned_Seq0130.nd2","260305_day25_iNeurons_WellK07_Channel405nm Binned,561nm Binned,488nm Binned_Seq0130.nd2",.nd2,49688576,2026-03-05T17:42:08,K07,25,405nm Binned|561nm Binned|488nm Binned,Seq0130,20260305_171612_406,high,,not_requested,,,
"/Users/makennarodriguez/Documents/260213_Feb16recopy_HYdiff_landingpadlines_survival_384well1/20260305_171612_406/260305_day25_iNeurons_WellK08_Channel405nm Binned,561nm Binned,488nm Binned_Seq0131.nd2","20260305_171612_406/260305_day25_iNeurons_WellK08_Channel405nm Binned,561nm Binned,488nm Binned_Seq0131.nd2","260305_day25_iNeurons_WellK08_Channel405nm Binned,561nm Binned,488nm Binned_Seq0131.nd2",.nd2,49688576,2026-03-05T17:42:20,K08,25,405nm Binned|561nm Binned|488nm Binned,Seq0131,20260305_171612_406,high,,not_requested,,,
"/Users/makennarodriguez/Documents/260213_Feb16recopy_HYdiff_landingpadlines_survival_384well1/20260305_171612_406/260305_day25_iNeurons_WellK09_Channel405nm Binned,561nm Binned,488nm Binned_Seq0132.nd2","20260305_171612_406/260305_day25_iNeurons_WellK09_Channel405nm Binned,561nm Binned,488nm Binned_Seq0132.nd2","260305_day25_iNeurons_WellK09_Channel405nm Binned,561nm Binned,488nm Binned_Seq0132.nd2",.nd2,49688576,2026-03-05T17:42:32,K09,25,405nm Binned|561nm Binned|488nm Binned,Seq0132,20260305_171612_406,high,,not_requested,,,
"/Users/makennarodriguez/Documents/260213_Feb16recopy_HYdiff_landingpadlines_survival_384well1/20260305_171612_406/260305_day25_iNeurons_WellK10_Channel405nm Binned,561nm Binned,488nm Binned_Seq0133.nd2","20260305_171612_406/260305_day25_iNeurons_WellK10_Channel405nm Binned,561nm Binned,488nm Binned_Seq0133.nd2","260305_day25_iNeurons_WellK10_Channel405nm Binned,561nm Binned,488nm Binned_Seq0133.nd2",.nd2,49688576,2026-03-05T17:42:42,K10,25,405nm Binned|561nm Binned|488nm Binned,Seq0133,20260305_171612_406,high,,not_requested,,,
"/Users/makennarodriguez/Documents/260213_Feb16recopy_HYdiff_landingpadlines_survival_384well1/20260305_171612_406/260305_day25_iNeurons_WellK11_Channel405nm Binned,561nm Binned,488nm Binned_Seq0134.nd2","20260305_171612_406/260305_day25_iNeurons_WellK11_Channel405nm Binned,561nm Binned,488nm Binned_Seq0134.nd2","260305_day25_iNeurons_WellK11_Channel405nm Binned,561nm Binned,488nm Binned_Seq0134.nd2",.nd2,49688576,2026-03-05T17:42:54,K11,25,405nm Binned|561nm Binned|488nm Binned,Seq0134,20260305_171612_406,high,,not_requested,,,
"/Users/makennarodriguez/Documents/260213_Feb16recopy_HYdiff_landingpadlines_survival_384well1/20260305_171612_406/260305_day25_iNeurons_WellK12_Channel405nm Binned,561nm Binned,488nm Binned_Seq0135.nd2","20260305_171612_406/260305_day25_iNeurons_WellK12_Channel405nm Binned,561nm Binned,488nm Binned_Seq0135.nd2","260305_day25_iNeurons_WellK12_Channel405nm Binned,561nm Binned,488nm Binned_Seq0135.nd2",.nd2,49688576,2026-03-05T17:43:06,K12,25,405nm Binned|561nm Binned|488nm Binned,Seq0135,20260305_171612_406,high,,not_requested,,,
"/Users/makennarodriguez/Documents/260213_Feb16recopy_HYdiff_landingpadlines_survival_384well1/20260305_171612_406/260305_day25_iNeurons_WellK13_Channel405nm Binned,561nm Binned,488nm Binned_Seq0136.nd2","20260305_171612_406/260305_day25_iNeurons_WellK13_Channel405nm Binned,561nm Binned,488nm Binned_Seq0136.nd2","260305_day25_iNeurons_WellK13_Channel405nm Binned,561nm Binned,488nm Binned_Seq0136.nd2",.nd2,49688576,2026-03-05T17:43:16,K13,25,405nm Binned|561nm Binned|488nm Binned,Seq0136,20260305_171612_406,high,,not_requested,,,
"/Users/makennarodriguez/Documents/260213_Feb16recopy_HYdiff_landingpadlines_survival_384well1/20260305_171612_406/260305_day25_iNeurons_WellK14_Channel405nm Binned,561nm Binned,488nm Binned_Seq0137.nd2","20260305_171612_406/260305_day25_iNeurons_WellK14_Channel405nm Binned,561nm Binned,488nm Binned_Seq0137.nd2","260305_day25_iNeurons_WellK14_Channel405nm Binned,561nm Binned,488nm Binned_Seq0137.nd2",.nd2,49688576,2026-03-05T17:43:28,K14,25,405nm Binned|561nm Binned|488nm Binned,Seq0137,20260305_171612_406,high,,not_requested,,,
"/Users/makennarodriguez/Documents/260213_Feb16recopy_HYdiff_landingpadlines_survival_384well1/20260305_171612_406/260305_day25_iNeurons_WellK15_Channel405nm Binned,561nm Binned,488nm Binned_Seq0138.nd2","20260305_171612_406/260305_day25_iNeurons_WellK15_Channel405nm Binned,561nm Binned,488nm Binned_Seq0138.nd2","260305_day25_iNeurons_WellK15_Channel405nm Binned,561nm Binned,488nm Binned_Seq0138.nd2",.nd2,49688576,2026-03-05T17:43:40,K15,25,405nm Binned|561nm Binned|488nm Binned,Seq0138,20260305_171612_406,high,,not_requested,,,
"/Users/makennarodriguez/Documents/260213_Feb16recopy_HYdiff_landingpadlines_survival_384well1/20260305_171612_406/260305_day25_iNeurons_WellK16_Channel405nm Binned,561nm Binned,488nm Binned_Seq0139.nd2","20260305_171612_406/260305_day25_iNeurons_WellK16_Channel405nm Binned,561nm Binned,488nm Binned_Seq0139.nd2","260305_day25_iNeurons_WellK16_Channel405nm Binned,561nm Binned,488nm Binned_Seq0139.nd2",.nd2,49688576,2026-03-05T17:43:52,K16,25,405nm Binned|561nm Binned|488nm Binned,Seq0139,20260305_171612_406,high,,not_requested,,,
"/Users/makennarodriguez/Documents/260213_Feb16recopy_HYdiff_landingpadlines_survival_384well1/20260305_171612_406/260305_day25_iNeurons_WellK17_Channel405nm Binned,561nm Binned,488nm Binned_Seq0140.nd2","20260305_171612_406/260305_day25_iNeurons_WellK17_Channel405nm Binned,561nm Binned,488nm Binned_Seq0140.nd2","260305_day25_iNeurons_WellK17_Channel405nm Binned,561nm Binned,488nm Binned_Seq0140.nd2",.nd2,49688576,2026-03-05T17:44:04,K17,25,405nm Binned|561nm Binned|488nm Binned,Seq0140,20260305_171612_406,high,,not_requested,,,
"/Users/makennarodriguez/Documents/260213_Feb16recopy_HYdiff_landingpadlines_survival_384well1/20260305_171612_406/260305_day25_iNeurons_WellK18_Channel405nm Binned,561nm Binned,488nm Binned_Seq0141.nd2","20260305_171612_406/260305_day25_iNeurons_WellK18_Channel405nm Binned,561nm Binned,488nm Binned_Seq0141.nd2","260305_day25_iNeurons_WellK18_Channel405nm Binned,561nm Binned,488nm Binned_Seq0141.nd2",.nd2,49688576,2026-03-05T17:44:14,K18,25,405nm Binned|561nm Binned|488nm Binned,Seq0141,20260305_171612_406,high,,not_requested,,,
"/Users/makennarodriguez/Documents/260213_Feb16recopy_HYdiff_landingpadlines_survival_384well1/20260305_171612_406/260305_day25_iNeurons_WellK19_Channel405nm Binned,561nm Binned,488nm Binned_Seq0142.nd2","20260305_171612_406/260305_day25_iNeurons_WellK19_Channel405nm Binned,561nm Binned,488nm Binned_Seq0142.nd2","260305_day25_iNeurons_WellK19_Channel405nm Binned,561nm Binned,488nm Binned_Seq0142.nd2",.nd2,49688576,2026-03-05T17:44:26,K19,25,405nm Binned|561nm Binned|488nm Binned,Seq0142,20260305_171612_406,high,,not_requested,,,
"/Users/makennarodriguez/Documents/260213_Feb16recopy_HYdiff_landingpadlines_survival_384well1/20260305_171612_406/260305_day25_iNeurons_WellK20_Channel405nm Binned,561nm Binned,488nm Binned_Seq0143.nd2","20260305_171612_406/260305_day25_iNeurons_WellK20_Channel405nm Binned,561nm Binned,488nm Binned_Seq0143.nd2","260305_day25_iNeurons_WellK20_Channel405nm Binned,561nm Binned,488nm Binned_Seq0143.nd2",.nd2,49688576,2026-03-05T17:44:38,K20,25,405nm Binned|561nm Binned|488nm Binned,Seq0143,20260305_171612_406,high,,not_requested,,,
"/Users/makennarodriguez/Documents/260213_Feb16recopy_HYdiff_landingpadlines_survival_384well1/20260305_171612_406/260305_day25_iNeurons_WellL05_Channel405nm Binned,561nm Binned,488nm Binned_Seq0144.nd2","20260305_171612_406/260305_day25_iNeurons_WellL05_Channel405nm Binned,561nm Binned,488nm Binned_Seq0144.nd2","260305_day25_iNeurons_WellL05_Channel405nm Binned,561nm Binned,488nm Binned_Seq0144.nd2",.nd2,49688576,2026-03-05T17:44:52,L05,25,405nm Binned|561nm Binned|488nm Binned,Seq0144,20260305_171612_406,high,,not_requested,,,
"/Users/makennarodriguez/Documents/260213_Feb16recopy_HYdiff_landingpadlines_survival_384well1/20260305_171612_406/260305_day25_iNeurons_WellL06_Channel405nm Binned,561nm Binned,488nm Binned_Seq0145.nd2","20260305_171612_406/260305_day25_iNeurons_WellL06_Channel405nm Binned,561nm Binned,488nm Binned_Seq0145.nd2","260305_day25_iNeurons_WellL06_Channel405nm Binned,561nm Binned,488nm Binned_Seq0145.nd2",.nd2,49688576,2026-03-05T17:45:04,L06,25,405nm Binned|561nm Binned|488nm Binned,Seq0145,20260305_171612_406,high,,not_requested,,,
"/Users/makennarodriguez/Documents/260213_Feb16recopy_HYdiff_landingpadlines_survival_384well1/20260305_171612_406/260305_day25_iNeurons_WellL07_Channel405nm Binned,561nm Binned,488nm Binned_Seq0146.nd2","20260305_171612_406/260305_day25_iNeurons_WellL07_Channel405nm Binned,561nm Binned,488nm Binned_Seq0146.nd2","260305_day25_iNeurons_WellL07_Channel405nm Binned,561nm Binned,488nm Binned_Seq0146.nd2",.nd2,49688576,2026-03-05T17:45:16,L07,25,405nm Binned|561nm Binned|488nm Binned,Seq0146,20260305_171612_406,high,,not_requested,,,
"/Users/makennarodriguez/Documents/260213_Feb16recopy_HYdiff_landingpadlines_survival_384well1/20260305_171612_406/260305_day25_iNeurons_WellL08_Channel405nm Binned,561nm Binned,488nm Binned_Seq0147.nd2","20260305_171612_406/260305_day25_iNeurons_WellL08_Channel405nm Binned,561nm Binned,488nm Binned_Seq0147.nd2","260305_day25_iNeurons_WellL08_Channel405nm Binned,561nm Binned,488nm Binned_Seq0147.nd2",.nd2,49688576,2026-03-05T17:45:28,L08,25,405nm Binned|561nm Binned|488nm Binned,Seq0147,20260305_171612_406,high,,not_requested,,,
"/Users/makennarodriguez/Documents/260213_Feb16recopy_HYdiff_landingpadlines_survival_384well1/20260305_171612_406/260305_day25_iNeurons_WellL09_Channel405nm Binned,561nm Binned,488nm Binned_Seq0148.nd2","20260305_171612_406/260305_day25_iNeurons_WellL09_Channel405nm Binned,561nm Binned,488nm Binned_Seq0148.nd2","260305_day25_iNeurons_WellL09_Channel405nm Binned,561nm Binned,488nm Binned_Seq0148.nd2",.nd2,49688576,2026-03-05T17:45:40,L09,25,405nm Binned|561nm Binned|488nm Binned,Seq0148,20260305_171612_406,high,,not_requested,,,
"/Users/makennarodriguez/Documents/260213_Feb16recopy_HYdiff_landingpadlines_survival_384well1/20260305_171612_406/260305_day25_iNeurons_WellL10_Channel405nm Binned,561nm Binned,488nm Binned_Seq0149.nd2","20260305_171612_406/260305_day25_iNeurons_WellL10_Channel405nm Binned,561nm Binned,488nm Binned_Seq0149.nd2","260305_day25_iNeurons_WellL10_Channel405nm Binned,561nm Binned,488nm Binned_Seq0149.nd2",.nd2,49688576,2026-03-05T17:45:50,L10,25,405nm Binned|561nm Binned|488nm Binned,Seq0149,20260305_171612_406,high,,not_requested,,,
"/Users/makennarodriguez/Documents/260213_Feb16recopy_HYdiff_landingpadlines_survival_384well1/20260305_171612_406/260305_day25_iNeurons_WellL11_Channel405nm Binned,561nm Binned,488nm Binned_Seq0150.nd2","20260305_171612_406/260305_day25_iNeurons_WellL11_Channel405nm Binned,561nm Binned,488nm Binned_Seq0150.nd2","260305_day25_iNeurons_WellL11_Channel405nm Binned,561nm Binned,488nm Binned_Seq0150.nd2",.nd2,49688576,2026-03-05T17:46:02,L11,25,405nm Binned|561nm Binned|488nm Binned,Seq0150,20260305_171612_406,high,,not_requested,,,
"/Users/makennarodriguez/Documents/260213_Feb16recopy_HYdiff_landingpadlines_survival_384well1/20260305_171612_406/260305_day25_iNeurons_WellL12_Channel405nm Binned,561nm Binned,488nm Binned_Seq0151.nd2","20260305_171612_406/260305_day25_iNeurons_WellL12_Channel405nm Binned,561nm Binned,488nm Binned_Seq0151.nd2","260305_day25_iNeurons_WellL12_Channel405nm Binned,561nm Binned,488nm Binned_Seq0151.nd2",.nd2,49688576,2026-03-05T17:46:14,L12,25,405nm Binned|561nm Binned|488nm Binned,Seq0151,20260305_171612_406,high,,not_requested,,,
"/Users/makennarodriguez/Documents/260213_Feb16recopy_HYdiff_landingpadlines_survival_384well1/20260305_171612_406/260305_day25_iNeurons_WellL13_Channel405nm Binned,561nm Binned,488nm Binned_Seq0152.nd2","20260305_171612_406/260305_day25_iNeurons_WellL13_Channel405nm Binned,561nm Binned,488nm Binned_Seq0152.nd2","260305_day25_iNeurons_WellL13_Channel405nm Binned,561nm Binned,488nm Binned_Seq0152.nd2",.nd2,49688576,2026-03-05T17:46:26,L13,25,405nm Binned|561nm Binned|488nm Binned,Seq0152,20260305_171612_406,high,,not_requested,,,
"/Users/makennarodriguez/Documents/260213_Feb16recopy_HYdiff_landingpadlines_survival_384well1/20260305_171612_406/260305_day25_iNeurons_WellL14_Channel405nm Binned,561nm Binned,488nm Binned_Seq0153.nd2","20260305_171612_406/260305_day25_iNeurons_WellL14_Channel405nm Binned,561nm Binned,488nm Binned_Seq0153.nd2","260305_day25_iNeurons_WellL14_Channel405nm Binned,561nm Binned,488nm Binned_Seq0153.nd2",.nd2,49688576,2026-03-05T17:46:36,L14,25,405nm Binned|561nm Binned|488nm Binned,Seq0153,20260305_171612_406,high,,not_requested,,,
"/Users/makennarodriguez/Documents/260213_Feb16recopy_HYdiff_landingpadlines_survival_384well1/20260305_171612_406/260305_day25_iNeurons_WellL15_Channel405nm Binned,561nm Binned,488nm Binned_Seq0154.nd2","20260305_171612_406/260305_day25_iNeurons_WellL15_Channel405nm Binned,561nm Binned,488nm Binned_Seq0154.nd2","260305_day25_iNeurons_WellL15_Channel405nm Binned,561nm Binned,488nm Binned_Seq0154.nd2",.nd2,49688576,2026-03-05T17:46:48,L15,25,405nm Binned|561nm Binned|488nm Binned,Seq0154,20260305_171612_406,high,,not_requested,,,
"/Users/makennarodriguez/Documents/260213_Feb16recopy_HYdiff_landingpadlines_survival_384well1/20260305_171612_406/260305_day25_iNeurons_WellL16_Channel405nm Binned,561nm Binned,488nm Binned_Seq0155.nd2","20260305_171612_406/260305_day25_iNeurons_WellL16_Channel405nm Binned,561nm Binned,488nm Binned_Seq0155.nd2","260305_day25_iNeurons_WellL16_Channel405nm Binned,561nm Binned,488nm Binned_Seq0155.nd2",.nd2,49688576,2026-03-05T17:47:00,L16,25,405nm Binned|561nm Binned|488nm Binned,Seq0155,20260305_171612_406,high,,not_requested,,,
"/Users/makennarodriguez/Documents/260213_Feb16recopy_HYdiff_landingpadlines_survival_384well1/20260305_171612_406/260305_day25_iNeurons_WellL17_Channel405nm Binned,561nm Binned,488nm Binned_Seq0156.nd2","20260305_171612_406/260305_day25_iNeurons_WellL17_Channel405nm Binned,561nm Binned,488nm Binned_Seq0156.nd2","260305_day25_iNeurons_WellL17_Channel405nm Binned,561nm Binned,488nm Binned_Seq0156.nd2",.nd2,49688576,2026-03-05T17:47:10,L17,25,405nm Binned|561nm Binned|488nm Binned,Seq0156,20260305_171612_406,high,,not_requested,,,
"/Users/makennarodriguez/Documents/260213_Feb16recopy_HYdiff_landingpadlines_survival_384well1/20260305_171612_406/260305_day25_iNeurons_WellL18_Channel405nm Binned,561nm Binned,488nm Binned_Seq0157.nd2","20260305_171612_406/260305_day25_iNeurons_WellL18_Channel405nm Binned,561nm Binned,488nm Binned_Seq0157.nd2","260305_day25_iNeurons_WellL18_Channel405nm Binned,561nm Binned,488nm Binned_Seq0157.nd2",.nd2,49688576,2026-03-05T17:47:22,L18,25,405nm Binned|561nm Binned|488nm Binned,Seq0157,20260305_171612_406,high,,not_requested,,,
"/Users/makennarodriguez/Documents/260213_Feb16recopy_HYdiff_landingpadlines_survival_384well1/20260305_171612_406/260305_day25_iNeurons_WellL19_Channel405nm Binned,561nm Binned,488nm Binned_Seq0158.nd2","20260305_171612_406/260305_day25_iNeurons_WellL19_Channel405nm Binned,561nm Binned,488nm Binned_Seq0158.nd2","260305_day25_iNeurons_WellL19_Channel405nm Binned,561nm Binned,488nm Binned_Seq0158.nd2",.nd2,49688576,2026-03-05T17:47:34,L19,25,405nm Binned|561nm Binned|488nm Binned,Seq0158,20260305_171612_406,high,,not_requested,,,
"/Users/makennarodriguez/Documents/260213_Feb16recopy_HYdiff_landingpadlines_survival_384well1/20260305_171612_406/260305_day25_iNeurons_WellL20_Channel405nm Binned,561nm Binned,488nm Binned_Seq0159.nd2","20260305_171612_406/260305_day25_iNeurons_WellL20_Channel405nm Binned,561nm Binned,488nm Binned_Seq0159.nd2","260305_day25_iNeurons_WellL20_Channel405nm Binned,561nm Binned,488nm Binned_Seq0159.nd2",.nd2,49688576,2026-03-05T17:47:46,L20,25,405nm Binned|561nm Binned|488nm Binned,Seq0159,20260305_171612_406,high,,not_requested,,,
"/Users/makennarodriguez/Documents/260213_Feb16recopy_HYdiff_landingpadlines_survival_384well1/20260305_171612_406/260305_day25_iNeurons_WellM05_Channel405nm Binned,561nm Binned,488nm Binned_Seq0160.nd2","20260305_171612_406/260305_day25_iNeurons_WellM05_Channel405nm Binned,561nm Binned,488nm Binned_Seq0160.nd2","260305_day25_iNeurons_WellM05_Channel405nm Binned,561nm Binned,488nm Binned_Seq0160.nd2",.nd2,49688576,2026-03-05T17:48:00,M05,25,405nm Binned|561nm Binned|488nm Binned,Seq0160,20260305_171612_406,high,,not_requested,,,
"/Users/makennarodriguez/Documents/260213_Feb16recopy_HYdiff_landingpadlines_survival_384well1/20260305_171612_406/260305_day25_iNeurons_WellM06_Channel405nm Binned,561nm Binned,488nm Binned_Seq0161.nd2","20260305_171612_406/260305_day25_iNeurons_WellM06_Channel405nm Binned,561nm Binned,488nm Binned_Seq0161.nd2","260305_day25_iNeurons_WellM06_Channel405nm Binned,561nm Binned,488nm Binned_Seq0161.nd2",.nd2,49688576,2026-03-05T17:48:10,M06,25,405nm Binned|561nm Binned|488nm Binned,Seq0161,20260305_171612_406,high,,not_requested,,,
"/Users/makennarodriguez/Documents/260213_Feb16recopy_HYdiff_landingpadlines_survival_384well1/20260305_171612_406/260305_day25_iNeurons_WellM07_Channel405nm Binned,561nm Binned,488nm Binned_Seq0162.nd2","20260305_171612_406/260305_day25_iNeurons_WellM07_Channel405nm Binned,561nm Binned,488nm Binned_Seq0162.nd2","260305_day25_iNeurons_WellM07_Channel405nm Binned,561nm Binned,488nm Binned_Seq0162.nd2",.nd2,49688576,2026-03-05T17:48:22,M07,25,405nm Binned|561nm Binned|488nm Binned,Seq0162,20260305_171612_406,high,,not_requested,,,
"/Users/makennarodriguez/Documents/260213_Feb16recopy_HYdiff_landingpadlines_survival_384well1/20260305_171612_406/260305_day25_iNeurons_WellM08_Channel405nm Binned,561nm Binned,488nm Binned_Seq0163.nd2","20260305_171612_406/260305_day25_iNeurons_WellM08_Channel405nm Binned,561nm Binned,488nm Binned_Seq0163.nd2","260305_day25_iNeurons_WellM08_Channel405nm Binned,561nm Binned,488nm Binned_Seq0163.nd2",.nd2,49688576,2026-03-05T17:48:34,M08,25,405nm Binned|561nm Binned|488nm Binned,Seq0163,20260305_171612_406,high,,not_requested,,,
"/Users/makennarodriguez/Documents/260213_Feb16recopy_HYdiff_landingpadlines_survival_384well1/20260305_171612_406/260305_day25_iNeurons_WellM09_Channel405nm Binned,561nm Binned,488nm Binned_Seq0164.nd2","20260305_171612_406/260305_day25_iNeurons_WellM09_Channel405nm Binned,561nm Binned,488nm Binned_Seq0164.nd2","260305_day25_iNeurons_WellM09_Channel405nm Binned,561nm Binned,488nm Binned_Seq0164.nd2",.nd2,49688576,2026-03-05T17:48:44,M09,25,405nm Binned|561nm Binned|488nm Binned,Seq0164,20260305_171612_406,high,,not_requested,,,
"/Users/makennarodriguez/Documents/260213_Feb16recopy_HYdiff_landingpadlines_survival_384well1/20260305_171612_406/260305_day25_iNeurons_WellM10_Channel405nm Binned,561nm Binned,488nm Binned_Seq0165.nd2","20260305_171612_406/260305_day25_iNeurons_WellM10_Channel405nm Binned,561nm Binned,488nm Binned_Seq0165.nd2","260305_day25_iNeurons_WellM10_Channel405nm Binned,561nm Binned,488nm Binned_Seq0165.nd2",.nd2,49688576,2026-03-05T17:48:56,M10,25,405nm Binned|561nm Binned|488nm Binned,Seq0165,20260305_171612_406,high,,not_requested,,,
"/Users/makennarodriguez/Documents/260213_Feb16recopy_HYdiff_landingpadlines_survival_384well1/20260305_171612_406/260305_day25_iNeurons_WellM11_Channel405nm Binned,561nm Binned,488nm Binned_Seq0166.nd2","20260305_171612_406/260305_day25_iNeurons_WellM11_Channel405nm Binned,561nm Binned,488nm Binned_Seq0166.nd2","260305_day25_iNeurons_WellM11_Channel405nm Binned,561nm Binned,488nm Binned_Seq0166.nd2",.nd2,49688576,2026-03-05T17:49:08,M11,25,405nm Binned|561nm Binned|488nm Binned,Seq0166,20260305_171612_406,high,,not_requested,,,
"/Users/makennarodriguez/Documents/260213_Feb16recopy_HYdiff_landingpadlines_survival_384well1/20260305_171612_406/260305_day25_iNeurons_WellM12_Channel405nm Binned,561nm Binned,488nm Binned_Seq0167.nd2","20260305_171612_406/260305_day25_iNeurons_WellM12_Channel405nm Binned,561nm Binned,488nm Binned_Seq0167.nd2","260305_day25_iNeurons_WellM12_Channel405nm Binned,561nm Binned,488nm Binned_Seq0167.nd2",.nd2,49688576,2026-03-05T17:49:20,M12,25,405nm Binned|561nm Binned|488nm Binned,Seq0167,20260305_171612_406,high,,not_requested,,,
"/Users/makennarodriguez/Documents/260213_Feb16recopy_HYdiff_landingpadlines_survival_384well1/20260305_171612_406/260305_day25_iNeurons_WellM13_Channel405nm Binned,561nm Binned,488nm Binned_Seq0168.nd2","20260305_171612_406/260305_day25_iNeurons_WellM13_Channel405nm Binned,561nm Binned,488nm Binned_Seq0168.nd2","260305_day25_iNeurons_WellM13_Channel405nm Binned,561nm Binned,488nm Binned_Seq0168.nd2",.nd2,49688576,2026-03-05T17:49:32,M13,25,405nm Binned|561nm Binned|488nm Binned,Seq0168,20260305_171612_406,high,,not_requested,,,
"/Users/makennarodriguez/Documents/260213_Feb16recopy_HYdiff_landingpadlines_survival_384well1/20260305_171612_406/260305_day25_iNeurons_WellM14_Channel405nm Binned,561nm Binned,488nm Binned_Seq0169.nd2","20260305_171612_406/260305_day25_iNeurons_WellM14_Channel405nm Binned,561nm Binned,488nm Binned_Seq0169.nd2","260305_day25_iNeurons_WellM14_Channel405nm Binned,561nm Binned,488nm Binned_Seq0169.nd2",.nd2,49688576,2026-03-05T17:49:42,M14,25,405nm Binned|561nm Binned|488nm Binned,Seq0169,20260305_171612_406,high,,not_requested,,,
"/Users/makennarodriguez/Documents/260213_Feb16recopy_HYdiff_landingpadlines_survival_384well1/20260305_171612_406/260305_day25_iNeurons_WellM15_Channel405nm Binned,561nm Binned,488nm Binned_Seq0170.nd2","20260305_171612_406/260305_day25_iNeurons_WellM15_Channel405nm Binned,561nm Binned,488nm Binned_Seq0170.nd2","260305_day25_iNeurons_WellM15_Channel405nm Binned,561nm Binned,488nm Binned_Seq0170.nd2",.nd2,49688576,2026-03-05T17:49:54,M15,25,405nm Binned|561nm Binned|488nm Binned,Seq0170,20260305_171612_406,high,,not_requested,,,
"/Users/makennarodriguez/Documents/260213_Feb16recopy_HYdiff_landingpadlines_survival_384well1/20260305_171612_406/260305_day25_iNeurons_WellM16_Channel405nm Binned,561nm Binned,488nm Binned_Seq0171.nd2","20260305_171612_406/260305_day25_iNeurons_WellM16_Channel405nm Binned,561nm Binned,488nm Binned_Seq0171.nd2","260305_day25_iNeurons_WellM16_Channel405nm Binned,561nm Binned,488nm Binned_Seq0171.nd2",.nd2,49688576,2026-03-05T17:50:06,M16,25,405nm Binned|561nm Binned|488nm Binned,Seq0171,20260305_171612_406,high,,not_requested,,,
"/Users/makennarodriguez/Documents/260213_Feb16recopy_HYdiff_landingpadlines_survival_384well1/20260305_171612_406/260305_day25_iNeurons_WellM17_Channel405nm Binned,561nm Binned,488nm Binned_Seq0172.nd2","20260305_171612_406/260305_day25_iNeurons_WellM17_Channel405nm Binned,561nm Binned,488nm Binned_Seq0172.nd2","260305_day25_iNeurons_WellM17_Channel405nm Binned,561nm Binned,488nm Binned_Seq0172.nd2",.nd2,49688576,2026-03-05T17:50:16,M17,25,405nm Binned|561nm Binned|488nm Binned,Seq0172,20260305_171612_406,high,,not_requested,,,
"/Users/makennarodriguez/Documents/260213_Feb16recopy_HYdiff_landingpadlines_survival_384well1/20260305_171612_406/260305_day25_iNeurons_WellM18_Channel405nm Binned,561nm Binned,488nm Binned_Seq0173.nd2","20260305_171612_406/260305_day25_iNeurons_WellM18_Channel405nm Binned,561nm Binned,488nm Binned_Seq0173.nd2","260305_day25_iNeurons_WellM18_Channel405nm Binned,561nm Binned,488nm Binned_Seq0173.nd2",.nd2,49688576,2026-03-05T17:50:28,M18,25,405nm Binned|561nm Binned|488nm Binned,Seq0173,20260305_171612_406,high,,not_requested,,,
"/Users/makennarodriguez/Documents/260213_Feb16recopy_HYdiff_landingpadlines_survival_384well1/20260305_171612_406/260305_day25_iNeurons_WellM19_Channel405nm Binned,561nm Binned,488nm Binned_Seq0174.nd2","20260305_171612_406/260305_day25_iNeurons_WellM19_Channel405nm Binned,561nm Binned,488nm Binned_Seq0174.nd2","260305_day25_iNeurons_WellM19_Channel405nm Binned,561nm Binned,488nm Binned_Seq0174.nd2",.nd2,49688576,2026-03-05T17:50:40,M19,25,405nm Binned|561nm Binned|488nm Binned,Seq0174,20260305_171612_406,high,,not_requested,,,
"/Users/makennarodriguez/Documents/260213_Feb16recopy_HYdiff_landingpadlines_survival_384well1/20260305_171612_406/260305_day25_iNeurons_WellM20_Channel405nm Binned,561nm Binned,488nm Binned_Seq0175.nd2","20260305_171612_406/260305_day25_iNeurons_WellM20_Channel405nm Binned,561nm Binned,488nm Binned_Seq0175.nd2","260305_day25_iNeurons_WellM20_Channel405nm Binned,561nm Binned,488nm Binned_Seq0175.nd2",.nd2,49688576,2026-03-05T17:50:52,M20,25,405nm Binned|561nm Binned|488nm Binned,Seq0175,20260305_171612_406,high,,not_requested,,,
"/Users/makennarodriguez/Documents/260213_Feb16recopy_HYdiff_landingpadlines_survival_384well1/20260305_171612_406/260305_day25_iNeurons_WellN05_Channel405nm Binned,561nm Binned,488nm Binned_Seq0176.nd2","20260305_171612_406/260305_day25_iNeurons_WellN05_Channel405nm Binned,561nm Binned,488nm Binned_Seq0176.nd2","260305_day25_iNeurons_WellN05_Channel405nm Binned,561nm Binned,488nm Binned_Seq0176.nd2",.nd2,49688576,2026-03-05T17:51:06,N05,25,405nm Binned|561nm Binned|488nm Binned,Seq0176,20260305_171612_406,high,,not_requested,,,
"/Users/makennarodriguez/Documents/260213_Feb16recopy_HYdiff_landingpadlines_survival_384well1/20260305_171612_406/260305_day25_iNeurons_WellN06_Channel405nm Binned,561nm Binned,488nm Binned_Seq0177.nd2","20260305_171612_406/260305_day25_iNeurons_WellN06_Channel405nm Binned,561nm Binned,488nm Binned_Seq0177.nd2","260305_day25_iNeurons_WellN06_Channel405nm Binned,561nm Binned,488nm Binned_Seq0177.nd2",.nd2,49688576,2026-03-05T17:51:18,N06,25,405nm Binned|561nm Binned|488nm Binned,Seq0177,20260305_171612_406,high,,not_requested,,,
"/Users/makennarodriguez/Documents/260213_Feb16recopy_HYdiff_landingpadlines_survival_384well1/20260305_171612_406/260305_day25_iNeurons_WellN07_Channel405nm Binned,561nm Binned,488nm Binned_Seq0178.nd2","20260305_171612_406/260305_day25_iNeurons_WellN07_Channel405nm Binned,561nm Binned,488nm Binned_Seq0178.nd2","260305_day25_iNeurons_WellN07_Channel405nm Binned,561nm Binned,488nm Binned_Seq0178.nd2",.nd2,49688576,2026-03-05T17:51:30,N07,25,405nm Binned|561nm Binned|488nm Binned,Seq0178,20260305_171612_406,high,,not_requested,,,
"/Users/makennarodriguez/Documents/260213_Feb16recopy_HYdiff_landingpadlines_survival_384well1/20260305_171612_406/260305_day25_iNeurons_WellN08_Channel405nm Binned,561nm Binned,488nm Binned_Seq0179.nd2","20260305_171612_406/260305_day25_iNeurons_WellN08_Channel405nm Binned,561nm Binned,488nm Binned_Seq0179.nd2","260305_day25_iNeurons_WellN08_Channel405nm Binned,561nm Binned,488nm Binned_Seq0179.nd2",.nd2,49688576,2026-03-05T17:51:40,N08,25,405nm Binned|561nm Binned|488nm Binned,Seq0179,20260305_171612_406,high,,not_requested,,,
"/Users/makennarodriguez/Documents/260213_Feb16recopy_HYdiff_landingpadlines_survival_384well1/20260305_171612_406/260305_day25_iNeurons_WellN09_Channel405nm Binned,561nm Binned,488nm Binned_Seq0180.nd2","20260305_171612_406/260305_day25_iNeurons_WellN09_Channel405nm Binned,561nm Binned,488nm Binned_Seq0180.nd2","260305_day25_iNeurons_WellN09_Channel405nm Binned,561nm Binned,488nm Binned_Seq0180.nd2",.nd2,49688576,2026-03-05T17:51:52,N09,25,405nm Binned|561nm Binned|488nm Binned,Seq0180,20260305_171612_406,high,,not_requested,,,
"/Users/makennarodriguez/Documents/260213_Feb16recopy_HYdiff_landingpadlines_survival_384well1/20260305_171612_406/260305_day25_iNeurons_WellN10_Channel405nm Binned,561nm Binned,488nm Binned_Seq0181.nd2","20260305_171612_406/260305_day25_iNeurons_WellN10_Channel405nm Binned,561nm Binned,488nm Binned_Seq0181.nd2","260305_day25_iNeurons_WellN10_Channel405nm Binned,561nm Binned,488nm Binned_Seq0181.nd2",.nd2,49688576,2026-03-05T17:52:04,N10,25,405nm Binned|561nm Binned|488nm Binned,Seq0181,20260305_171612_406,high,,not_requested,,,
"/Users/makennarodriguez/Documents/260213_Feb16recopy_HYdiff_landingpadlines_survival_384well1/20260305_171612_406/260305_day25_iNeurons_WellN11_Channel405nm Binned,561nm Binned,488nm Binned_Seq0182.nd2","20260305_171612_406/260305_day25_iNeurons_WellN11_Channel405nm Binned,561nm Binned,488nm Binned_Seq0182.nd2","260305_day25_iNeurons_WellN11_Channel405nm Binned,561nm Binned,488nm Binned_Seq0182.nd2",.nd2,49688576,2026-03-05T17:52:16,N11,25,405nm Binned|561nm Binned|488nm Binned,Seq0182,20260305_171612_406,high,,not_requested,,,
"/Users/makennarodriguez/Documents/260213_Feb16recopy_HYdiff_landingpadlines_survival_384well1/20260305_171612_406/260305_day25_iNeurons_WellN12_Channel405nm Binned,561nm Binned,488nm Binned_Seq0183.nd2","20260305_171612_406/260305_day25_iNeurons_WellN12_Channel405nm Binned,561nm Binned,488nm Binned_Seq0183.nd2","260305_day25_iNeurons_WellN12_Channel405nm Binned,561nm Binned,488nm Binned_Seq0183.nd2",.nd2,49688576,2026-03-05T17:52:26,N12,25,405nm Binned|561nm Binned|488nm Binned,Seq0183,20260305_171612_406,high,,not_requested,,,
"/Users/makennarodriguez/Documents/260213_Feb16recopy_HYdiff_landingpadlines_survival_384well1/20260305_171612_406/260305_day25_iNeurons_WellN13_Channel405nm Binned,561nm Binned,488nm Binned_Seq0184.nd2","20260305_171612_406/260305_day25_iNeurons_WellN13_Channel405nm Binned,561nm Binned,488nm Binned_Seq0184.nd2","260305_day25_iNeurons_WellN13_Channel405nm Binned,561nm Binned,488nm Binned_Seq0184.nd2",.nd2,49688576,2026-03-05T17:52:38,N13,25,405nm Binned|561nm Binned|488nm Binned,Seq0184,20260305_171612_406,high,,not_requested,,,
"/Users/makennarodriguez/Documents/260213_Feb16recopy_HYdiff_landingpadlines_survival_384well1/20260305_171612_406/260305_day25_iNeurons_WellN14_Channel405nm Binned,561nm Binned,488nm Binned_Seq0185.nd2","20260305_171612_406/260305_day25_iNeurons_WellN14_Channel405nm Binned,561nm Binned,488nm Binned_Seq0185.nd2","260305_day25_iNeurons_WellN14_Channel405nm Binned,561nm Binned,488nm Binned_Seq0185.nd2",.nd2,49688576,2026-03-05T17:52:50,N14,25,405nm Binned|561nm Binned|488nm Binned,Seq0185,20260305_171612_406,high,,not_requested,,,
"/Users/makennarodriguez/Documents/260213_Feb16recopy_HYdiff_landingpadlines_survival_384well1/20260305_171612_406/260305_day25_iNeurons_WellN15_Channel405nm Binned,561nm Binned,488nm Binned_Seq0186.nd2","20260305_171612_406/260305_day25_iNeurons_WellN15_Channel405nm Binned,561nm Binned,488nm Binned_Seq0186.nd2","260305_day25_iNeurons_WellN15_Channel405nm Binned,561nm Binned,488nm Binned_Seq0186.nd2",.nd2,49688576,2026-03-05T17:53:00,N15,25,405nm Binned|561nm Binned|488nm Binned,Seq0186,20260305_171612_406,high,,not_requested,,,
"/Users/makennarodriguez/Documents/260213_Feb16recopy_HYdiff_landingpadlines_survival_384well1/20260305_171612_406/260305_day25_iNeurons_WellN16_Channel405nm Binned,561nm Binned,488nm Binned_Seq0187.nd2","20260305_171612_406/260305_day25_iNeurons_WellN16_Channel405nm Binned,561nm Binned,488nm Binned_Seq0187.nd2","260305_day25_iNeurons_WellN16_Channel405nm Binned,561nm Binned,488nm Binned_Seq0187.nd2",.nd2,49688576,2026-03-05T17:53:12,N16,25,405nm Binned|561nm Binned|488nm Binned,Seq0187,20260305_171612_406,high,,not_requested,,,
"/Users/makennarodriguez/Documents/260213_Feb16recopy_HYdiff_landingpadlines_survival_384well1/20260305_171612_406/260305_day25_iNeurons_WellN17_Channel405nm Binned,561nm Binned,488nm Binned_Seq0188.nd2","20260305_171612_406/260305_day25_iNeurons_WellN17_Channel405nm Binned,561nm Binned,488nm Binned_Seq0188.nd2","260305_day25_iNeurons_WellN17_Channel405nm Binned,561nm Binned,488nm Binned_Seq0188.nd2",.nd2,49688576,2026-03-05T17:53:24,N17,25,405nm Binned|561nm Binned|488nm Binned,Seq0188,20260305_171612_406,high,,not_requested,,,
"/Users/makennarodriguez/Documents/260213_Feb16recopy_HYdiff_landingpadlines_survival_384well1/20260305_171612_406/260305_day25_iNeurons_WellN18_Channel405nm Binned,561nm Binned,488nm Binned_Seq0189.nd2","20260305_171612_406/260305_day25_iNeurons_WellN18_Channel405nm Binned,561nm Binned,488nm Binned_Seq0189.nd2","260305_day25_iNeurons_WellN18_Channel405nm Binned,561nm Binned,488nm Binned_Seq0189.nd2",.nd2,49688576,2026-03-05T17:53:36,N18,25,405nm Binned|561nm Binned|488nm Binned,Seq0189,20260305_171612_406,high,,not_requested,,,
"/Users/makennarodriguez/Documents/260213_Feb16recopy_HYdiff_landingpadlines_survival_384well1/20260305_171612_406/260305_day25_iNeurons_WellN19_Channel405nm Binned,561nm Binned,488nm Binned_Seq0190.nd2","20260305_171612_406/260305_day25_iNeurons_WellN19_Channel405nm Binned,561nm Binned,488nm Binned_Seq0190.nd2","260305_day25_iNeurons_WellN19_Channel405nm Binned,561nm Binned,488nm Binned_Seq0190.nd2",.nd2,49688576,2026-03-05T17:53:46,N19,25,405nm Binned|561nm Binned|488nm Binned,Seq0190,20260305_171612_406,high,,not_requested,,,
"/Users/makennarodriguez/Documents/260213_Feb16recopy_HYdiff_landingpadlines_survival_384well1/20260305_171612_406/260305_day25_iNeurons_WellN20_Channel405nm Binned,561nm Binned,488nm Binned_Seq0191.nd2","20260305_171612_406/260305_day25_iNeurons_WellN20_Channel405nm Binned,561nm Binned,488nm Binned_Seq0191.nd2","260305_day25_iNeurons_WellN20_Channel405nm Binned,561nm Binned,488nm Binned_Seq0191.nd2",.nd2,49688576,2026-03-05T17:53:58,N20,25,405nm Binned|561nm Binned|488nm Binned,Seq0191,20260305_171612_406,high,,not_requested,,,
"/Users/makennarodriguez/Documents/260213_Feb16recopy_HYdiff_landingpadlines_survival_384well1/20260309_090353_210/260309_Day29_WellC05_Channel405nm Binned,561nm Binned,488nm Binned_Seq0000.nd2","20260309_090353_210/260309_Day29_WellC05_Channel405nm Binned,561nm Binned,488nm Binned_Seq0000.nd2","260309_Day29_WellC05_Channel405nm Binned,561nm Binned,488nm Binned_Seq0000.nd2",.nd2,49688576,2026-03-09T09:04:28,C05,29,405nm Binned|561nm Binned|488nm Binned,Seq0000,20260309_090353_210,high,,not_requested,,,
"/Users/makennarodriguez/Documents/260213_Feb16recopy_HYdiff_landingpadlines_survival_384well1/20260309_090353_210/260309_Day29_WellC06_Channel405nm Binned,561nm Binned,488nm Binned_Seq0001.nd2","20260309_090353_210/260309_Day29_WellC06_Channel405nm Binned,561nm Binned,488nm Binned_Seq0001.nd2","260309_Day29_WellC06_Channel405nm Binned,561nm Binned,488nm Binned_Seq0001.nd2",.nd2,49688576,2026-03-09T09:04:40,C06,29,405nm Binned|561nm Binned|488nm Binned,Seq0001,20260309_090353_210,high,,not_requested,,,
"/Users/makennarodriguez/Documents/260213_Feb16recopy_HYdiff_landingpadlines_survival_384well1/20260309_090353_210/260309_Day29_WellC07_Channel405nm Binned,561nm Binned,488nm Binned_Seq0002.nd2","20260309_090353_210/260309_Day29_WellC07_Channel405nm Binned,561nm Binned,488nm Binned_Seq0002.nd2","260309_Day29_WellC07_Channel405nm Binned,561nm Binned,488nm Binned_Seq0002.nd2",.nd2,49688576,2026-03-09T09:04:50,C07,29,405nm Binned|561nm Binned|488nm Binned,Seq0002,20260309_090353_210,high,,not_requested,,,
"/Users/makennarodriguez/Documents/260213_Feb16recopy_HYdiff_landingpadlines_survival_384well1/20260309_090353_210/260309_Day29_WellC08_Channel405nm Binned,561nm Binned,488nm Binned_Seq0003.nd2","20260309_090353_210/260309_Day29_WellC08_Channel405nm Binned,561nm Binned,488nm Binned_Seq0003.nd2","260309_Day29_WellC08_Channel405nm Binned,561nm Binned,488nm Binned_Seq0003.nd2",.nd2,49688576,2026-03-09T09:05:02,C08,29,405nm Binned|561nm Binned|488nm Binned,Seq0003,20260309_090353_210,high,,not_requested,,,
"/Users/makennarodriguez/Documents/260213_Feb16recopy_HYdiff_landingpadlines_survival_384well1/20260309_090353_210/260309_Day29_WellC09_Channel405nm Binned,561nm Binned,488nm Binned_Seq0004.nd2","20260309_090353_210/260309_Day29_WellC09_Channel405nm Binned,561nm Binned,488nm Binned_Seq0004.nd2","260309_Day29_WellC09_Channel405nm Binned,561nm Binned,488nm Binned_Seq0004.nd2",.nd2,49688576,2026-03-09T09:05:14,C09,29,405nm Binned|561nm Binned|488nm Binned,Seq0004,20260309_090353_210,high,,not_requested,,,
"/Users/makennarodriguez/Documents/260213_Feb16recopy_HYdiff_landingpadlines_survival_384well1/20260309_090353_210/260309_Day29_WellC10_Channel405nm Binned,561nm Binned,488nm Binned_Seq0005.nd2","20260309_090353_210/260309_Day29_WellC10_Channel405nm Binned,561nm Binned,488nm Binned_Seq0005.nd2","260309_Day29_WellC10_Channel405nm Binned,561nm Binned,488nm Binned_Seq0005.nd2",.nd2,49688576,2026-03-09T09:05:26,C10,29,405nm Binned|561nm Binned|488nm Binned,Seq0005,20260309_090353_210,high,,not_requested,,,
"/Users/makennarodriguez/Documents/260213_Feb16recopy_HYdiff_landingpadlines_survival_384well1/20260309_090353_210/260309_Day29_WellC11_Channel405nm Binned,561nm Binned,488nm Binned_Seq0006.nd2","20260309_090353_210/260309_Day29_WellC11_Channel405nm Binned,561nm Binned,488nm Binned_Seq0006.nd2","260309_Day29_WellC11_Channel405nm Binned,561nm Binned,488nm Binned_Seq0006.nd2",.nd2,49688576,2026-03-09T09:05:38,C11,29,405nm Binned|561nm Binned|488nm Binned,Seq0006,20260309_090353_210,high,,not_requested,,,
"/Users/makennarodriguez/Documents/260213_Feb16recopy_HYdiff_landingpadlines_survival_384well1/20260309_090353_210/260309_Day29_WellC12_Channel405nm Binned,561nm Binned,488nm Binned_Seq0007.nd2","20260309_090353_210/260309_Day29_WellC12_Channel405nm Binned,561nm Binned,488nm Binned_Seq0007.nd2","260309_Day29_WellC12_Channel405nm Binned,561nm Binned,488nm Binned_Seq0007.nd2",.nd2,49688576,2026-03-09T09:05:50,C12,29,405nm Binned|561nm Binned|488nm Binned,Seq0007,20260309_090353_210,high,,not_requested,,,
"/Users/makennarodriguez/Documents/260213_Feb16recopy_HYdiff_landingpadlines_survival_384well1/20260309_090353_210/260309_Day29_WellC13_Channel405nm Binned,561nm Binned,488nm Binned_Seq0008.nd2","20260309_090353_210/260309_Day29_WellC13_Channel405nm Binned,561nm Binned,488nm Binned_Seq0008.nd2","260309_Day29_WellC13_Channel405nm Binned,561nm Binned,488nm Binned_Seq0008.nd2",.nd2,49688576,2026-03-09T09:06:00,C13,29,405nm Binned|561nm Binned|488nm Binned,Seq0008,20260309_090353_210,high,,not_requested,,,
"/Users/makennarodriguez/Documents/260213_Feb16recopy_HYdiff_landingpadlines_survival_384well1/20260309_090353_210/260309_Day29_WellC14_Channel405nm Binned,561nm Binned,488nm Binned_Seq0009.nd2","20260309_090353_210/260309_Day29_WellC14_Channel405nm Binned,561nm Binned,488nm Binned_Seq0009.nd2","260309_Day29_WellC14_Channel405nm Binned,561nm Binned,488nm Binned_Seq0009.nd2",.nd2,49688576,2026-03-09T09:06:12,C14,29,405nm Binned|561nm Binned|488nm Binned,Seq0009,20260309_090353_210,high,,not_requested,,,
"/Users/makennarodriguez/Documents/260213_Feb16recopy_HYdiff_landingpadlines_survival_384well1/20260309_090353_210/260309_Day29_WellC15_Channel405nm Binned,561nm Binned,488nm Binned_Seq0010.nd2","20260309_090353_210/260309_Day29_WellC15_Channel405nm Binned,561nm Binned,488nm Binned_Seq0010.nd2","260309_Day29_WellC15_Channel405nm Binned,561nm Binned,488nm Binned_Seq0010.nd2",.nd2,49688576,2026-03-09T09:06:24,C15,29,405nm Binned|561nm Binned|488nm Binned,Seq0010,20260309_090353_210,high,,not_requested,,,
"/Users/makennarodriguez/Documents/260213_Feb16recopy_HYdiff_landingpadlines_survival_384well1/20260309_090353_210/260309_Day29_WellC16_Channel405nm Binned,561nm Binned,488nm Binned_Seq0011.nd2","20260309_090353_210/260309_Day29_WellC16_Channel405nm Binned,561nm Binned,488nm Binned_Seq0011.nd2","260309_Day29_WellC16_Channel405nm Binned,561nm Binned,488nm Binned_Seq0011.nd2",.nd2,49688576,2026-03-09T09:06:36,C16,29,405nm Binned|561nm Binned|488nm Binned,Seq0011,20260309_090353_210,high,,not_requested,,,
"/Users/makennarodriguez/Documents/260213_Feb16recopy_HYdiff_landingpadlines_survival_384well1/20260309_090353_210/260309_Day29_WellC17_Channel405nm Binned,561nm Binned,488nm Binned_Seq0012.nd2","20260309_090353_210/260309_Day29_WellC17_Channel405nm Binned,561nm Binned,488nm Binned_Seq0012.nd2","260309_Day29_WellC17_Channel405nm Binned,561nm Binned,488nm Binned_Seq0012.nd2",.nd2,49688576,2026-03-09T09:06:48,C17,29,405nm Binned|561nm Binned|488nm Binned,Seq0012,20260309_090353_210,high,,not_requested,,,
"/Users/makennarodriguez/Documents/260213_Feb16recopy_HYdiff_landingpadlines_survival_384well1/20260309_090353_210/260309_Day29_WellC18_Channel405nm Binned,561nm Binned,488nm Binned_Seq0013.nd2","20260309_090353_210/260309_Day29_WellC18_Channel405nm Binned,561nm Binned,488nm Binned_Seq0013.nd2","260309_Day29_WellC18_Channel405nm Binned,561nm Binned,488nm Binned_Seq0013.nd2",.nd2,49688576,2026-03-09T09:06:58,C18,29,405nm Binned|561nm Binned|488nm Binned,Seq0013,20260309_090353_210,high,,not_requested,,,
"/Users/makennarodriguez/Documents/260213_Feb16recopy_HYdiff_landingpadlines_survival_384well1/20260309_090353_210/260309_Day29_WellC19_Channel405nm Binned,561nm Binned,488nm Binned_Seq0014.nd2","20260309_090353_210/260309_Day29_WellC19_Channel405nm Binned,561nm Binned,488nm Binned_Seq0014.nd2","260309_Day29_WellC19_Channel405nm Binned,561nm Binned,488nm Binned_Seq0014.nd2",.nd2,49688576,2026-03-09T09:07:10,C19,29,405nm Binned|561nm Binned|488nm Binned,Seq0014,20260309_090353_210,high,,not_requested,,,
"/Users/makennarodriguez/Documents/260213_Feb16recopy_HYdiff_landingpadlines_survival_384well1/20260309_090353_210/260309_Day29_WellC20_Channel405nm Binned,561nm Binned,488nm Binned_Seq0015.nd2","20260309_090353_210/260309_Day29_WellC20_Channel405nm Binned,561nm Binned,488nm Binned_Seq0015.nd2","260309_Day29_WellC20_Channel405nm Binned,561nm Binned,488nm Binned_Seq0015.nd2",.nd2,49688576,2026-03-09T09:07:22,C20,29,405nm Binned|561nm Binned|488nm Binned,Seq0015,20260309_090353_210,high,,not_requested,,,
"/Users/makennarodriguez/Documents/260213_Feb16recopy_HYdiff_landingpadlines_survival_384well1/20260309_090353_210/260309_Day29_WellD05_Channel405nm Binned,561nm Binned,488nm Binned_Seq0016.nd2","20260309_090353_210/260309_Day29_WellD05_Channel405nm Binned,561nm Binned,488nm Binned_Seq0016.nd2","260309_Day29_WellD05_Channel405nm Binned,561nm Binned,488nm Binned_Seq0016.nd2",.nd2,49688576,2026-03-09T09:07:36,D05,29,405nm Binned|561nm Binned|488nm Binned,Seq0016,20260309_090353_210,high,,not_requested,,,
"/Users/makennarodriguez/Documents/260213_Feb16recopy_HYdiff_landingpadlines_survival_384well1/20260309_090353_210/260309_Day29_WellD06_Channel405nm Binned,561nm Binned,488nm Binned_Seq0017.nd2","20260309_090353_210/260309_Day29_WellD06_Channel405nm Binned,561nm Binned,488nm Binned_Seq0017.nd2","260309_Day29_WellD06_Channel405nm Binned,561nm Binned,488nm Binned_Seq0017.nd2",.nd2,49688576,2026-03-09T09:07:48,D06,29,405nm Binned|561nm Binned|488nm Binned,Seq0017,20260309_090353_210,high,,not_requested,,,
"/Users/makennarodriguez/Documents/260213_Feb16recopy_HYdiff_landingpadlines_survival_384well1/20260309_090353_210/260309_Day29_WellD07_Channel405nm Binned,561nm Binned,488nm Binned_Seq0018.nd2","20260309_090353_210/260309_Day29_WellD07_Channel405nm Binned,561nm Binned,488nm Binned_Seq0018.nd2","260309_Day29_WellD07_Channel405nm Binned,561nm Binned,488nm Binned_Seq0018.nd2",.nd2,49688576,2026-03-09T09:07:58,D07,29,405nm Binned|561nm Binned|488nm Binned,Seq0018,20260309_090353_210,high,,not_requested,,,
"/Users/makennarodriguez/Documents/260213_Feb16recopy_HYdiff_landingpadlines_survival_384well1/20260309_090353_210/260309_Day29_WellD08_Channel405nm Binned,561nm Binned,488nm Binned_Seq0019.nd2","20260309_090353_210/260309_Day29_WellD08_Channel405nm Binned,561nm Binned,488nm Binned_Seq0019.nd2","260309_Day29_WellD08_Channel405nm Binned,561nm Binned,488nm Binned_Seq0019.nd2",.nd2,49688576,2026-03-09T09:08:10,D08,29,405nm Binned|561nm Binned|488nm Binned,Seq0019,20260309_090353_210,high,,not_requested,,,
"/Users/makennarodriguez/Documents/260213_Feb16recopy_HYdiff_landingpadlines_survival_384well1/20260309_090353_210/260309_Day29_WellD09_Channel405nm Binned,561nm Binned,488nm Binned_Seq0020.nd2","20260309_090353_210/260309_Day29_WellD09_Channel405nm Binned,561nm Binned,488nm Binned_Seq0020.nd2","260309_Day29_WellD09_Channel405nm Binned,561nm Binned,488nm Binned_Seq0020.nd2",.nd2,49688576,2026-03-09T09:08:22,D09,29,405nm Binned|561nm Binned|488nm Binned,Seq0020,20260309_090353_210,high,,not_requested,,,
"/Users/makennarodriguez/Documents/260213_Feb16recopy_HYdiff_landingpadlines_survival_384well1/20260309_090353_210/260309_Day29_WellD10_Channel405nm Binned,561nm Binned,488nm Binned_Seq0021.nd2","20260309_090353_210/260309_Day29_WellD10_Channel405nm Binned,561nm Binned,488nm Binned_Seq0021.nd2","260309_Day29_WellD10_Channel405nm Binned,561nm Binned,488nm Binned_Seq0021.nd2",.nd2,49688576,2026-03-09T09:08:34,D10,29,405nm Binned|561nm Binned|488nm Binned,Seq0021,20260309_090353_210,high,,not_requested,,,
"/Users/makennarodriguez/Documents/260213_Feb16recopy_HYdiff_landingpadlines_survival_384well1/20260309_090353_210/260309_Day29_WellD11_Channel405nm Binned,561nm Binned,488nm Binned_Seq0022.nd2","20260309_090353_210/260309_Day29_WellD11_Channel405nm Binned,561nm Binned,488nm Binned_Seq0022.nd2","260309_Day29_WellD11_Channel405nm Binned,561nm Binned,488nm Binned_Seq0022.nd2",.nd2,49688576,2026-03-09T09:08:44,D11,29,405nm Binned|561nm Binned|488nm Binned,Seq0022,20260309_090353_210,high,,not_requested,,,
"/Users/makennarodriguez/Documents/260213_Feb16recopy_HYdiff_landingpadlines_survival_384well1/20260309_090353_210/260309_Day29_WellD12_Channel405nm Binned,561nm Binned,488nm Binned_Seq0023.nd2","20260309_090353_210/260309_Day29_WellD12_Channel405nm Binned,561nm Binned,488nm Binned_Seq0023.nd2","260309_Day29_WellD12_Channel405nm Binned,561nm Binned,488nm Binned_Seq0023.nd2",.nd2,49688576,2026-03-09T09:08:56,D12,29,405nm Binned|561nm Binned|488nm Binned,Seq0023,20260309_090353_210,high,,not_requested,,,
"/Users/makennarodriguez/Documents/260213_Feb16recopy_HYdiff_landingpadlines_survival_384well1/20260309_090353_210/260309_Day29_WellD13_Channel405nm Binned,561nm Binned,488nm Binned_Seq0024.nd2","20260309_090353_210/260309_Day29_WellD13_Channel405nm Binned,561nm Binned,488nm Binned_Seq0024.nd2","260309_Day29_WellD13_Channel405nm Binned,561nm Binned,488nm Binned_Seq0024.nd2",.nd2,49688576,2026-03-09T09:09:08,D13,29,405nm Binned|561nm Binned|488nm Binned,Seq0024,20260309_090353_210,high,,not_requested,,,
"/Users/makennarodriguez/Documents/260213_Feb16recopy_HYdiff_landingpadlines_survival_384well1/20260309_090353_210/260309_Day29_WellD14_Channel405nm Binned,561nm Binned,488nm Binned_Seq0025.nd2","20260309_090353_210/260309_Day29_WellD14_Channel405nm Binned,561nm Binned,488nm Binned_Seq0025.nd2","260309_Day29_WellD14_Channel405nm Binned,561nm Binned,488nm Binned_Seq0025.nd2",.nd2,49688576,2026-03-09T09:09:18,D14,29,405nm Binned|561nm Binned|488nm Binned,Seq0025,20260309_090353_210,high,,not_requested,,,
"/Users/makennarodriguez/Documents/260213_Feb16recopy_HYdiff_landingpadlines_survival_384well1/20260309_090353_210/260309_Day29_WellD15_Channel405nm Binned,561nm Binned,488nm Binned_Seq0026.nd2","20260309_090353_210/260309_Day29_WellD15_Channel405nm Binned,561nm Binned,488nm Binned_Seq0026.nd2","260309_Day29_WellD15_Channel405nm Binned,561nm Binned,488nm Binned_Seq0026.nd2",.nd2,49688576,2026-03-09T09:09:30,D15,29,405nm Binned|561nm Binned|488nm Binned,Seq0026,20260309_090353_210,high,,not_requested,,,
"/Users/makennarodriguez/Documents/260213_Feb16recopy_HYdiff_landingpadlines_survival_384well1/20260309_090353_210/260309_Day29_WellD16_Channel405nm Binned,561nm Binned,488nm Binned_Seq0027.nd2","20260309_090353_210/260309_Day29_WellD16_Channel405nm Binned,561nm Binned,488nm Binned_Seq0027.nd2","260309_Day29_WellD16_Channel405nm Binned,561nm Binned,488nm Binned_Seq0027.nd2",.nd2,49688576,2026-03-09T09:09:42,D16,29,405nm Binned|561nm Binned|488nm Binned,Seq0027,20260309_090353_210,high,,not_requested,,,
"/Users/makennarodriguez/Documents/260213_Feb16recopy_HYdiff_landingpadlines_survival_384well1/20260309_090353_210/260309_Day29_WellD17_Channel405nm Binned,561nm Binned,488nm Binned_Seq0028.nd2","20260309_090353_210/260309_Day29_WellD17_Channel405nm Binned,561nm Binned,488nm Binned_Seq0028.nd2","260309_Day29_WellD17_Channel405nm Binned,561nm Binned,488nm Binned_Seq0028.nd2",.nd2,49688576,2026-03-09T09:09:54,D17,29,405nm Binned|561nm Binned|488nm Binned,Seq0028,20260309_090353_210,high,,not_requested,,,
"/Users/makennarodriguez/Documents/260213_Feb16recopy_HYdiff_landingpadlines_survival_384well1/20260309_090353_210/260309_Day29_WellD18_Channel405nm Binned,561nm Binned,488nm Binned_Seq0029.nd2","20260309_090353_210/260309_Day29_WellD18_Channel405nm Binned,561nm Binned,488nm Binned_Seq0029.nd2","260309_Day29_WellD18_Channel405nm Binned,561nm Binned,488nm Binned_Seq0029.nd2",.nd2,49688576,2026-03-09T09:10:04,D18,29,405nm Binned|561nm Binned|488nm Binned,Seq0029,20260309_090353_210,high,,not_requested,,,
"/Users/makennarodriguez/Documents/260213_Feb16recopy_HYdiff_landingpadlines_survival_384well1/20260309_090353_210/260309_Day29_WellD19_Channel405nm Binned,561nm Binned,488nm Binned_Seq0030.nd2","20260309_090353_210/260309_Day29_WellD19_Channel405nm Binned,561nm Binned,488nm Binned_Seq0030.nd2","260309_Day29_WellD19_Channel405nm Binned,561nm Binned,488nm Binned_Seq0030.nd2",.nd2,49688576,2026-03-09T09:10:16,D19,29,405nm Binned|561nm Binned|488nm Binned,Seq0030,20260309_090353_210,high,,not_requested,,,
"/Users/makennarodriguez/Documents/260213_Feb16recopy_HYdiff_landingpadlines_survival_384well1/20260309_090353_210/260309_Day29_WellD20_Channel405nm Binned,561nm Binned,488nm Binned_Seq0031.nd2","20260309_090353_210/260309_Day29_WellD20_Channel405nm Binned,561nm Binned,488nm Binned_Seq0031.nd2","260309_Day29_WellD20_Channel405nm Binned,561nm Binned,488nm Binned_Seq0031.nd2",.nd2,49688576,2026-03-09T09:10:28,D20,29,405nm Binned|561nm Binned|488nm Binned,Seq0031,20260309_090353_210,high,,not_requested,,,
"/Users/makennarodriguez/Documents/260213_Feb16recopy_HYdiff_landingpadlines_survival_384well1/20260309_090353_210/260309_Day29_WellE05_Channel405nm Binned,561nm Binned,488nm Binned_Seq0032.nd2","20260309_090353_210/260309_Day29_WellE05_Channel405nm Binned,561nm Binned,488nm Binned_Seq0032.nd2","260309_Day29_WellE05_Channel405nm Binned,561nm Binned,488nm Binned_Seq0032.nd2",.nd2,49688576,2026-03-09T09:10:42,E05,29,405nm Binned|561nm Binned|488nm Binned,Seq0032,20260309_090353_210,high,,not_requested,,,
"/Users/makennarodriguez/Documents/260213_Feb16recopy_HYdiff_landingpadlines_survival_384well1/20260309_090353_210/260309_Day29_WellE06_Channel405nm Binned,561nm Binned,488nm Binned_Seq0033.nd2","20260309_090353_210/260309_Day29_WellE06_Channel405nm Binned,561nm Binned,488nm Binned_Seq0033.nd2","260309_Day29_WellE06_Channel405nm Binned,561nm Binned,488nm Binned_Seq0033.nd2",.nd2,49688576,2026-03-09T09:10:54,E06,29,405nm Binned|561nm Binned|488nm Binned,Seq0033,20260309_090353_210,high,,not_requested,,,
"/Users/makennarodriguez/Documents/260213_Feb16recopy_HYdiff_landingpadlines_survival_384well1/20260309_090353_210/260309_Day29_WellE07_Channel405nm Binned,561nm Binned,488nm Binned_Seq0034.nd2","20260309_090353_210/260309_Day29_WellE07_Channel405nm Binned,561nm Binned,488nm Binned_Seq0034.nd2","260309_Day29_WellE07_Channel405nm Binned,561nm Binned,488nm Binned_Seq0034.nd2",.nd2,49688576,2026-03-09T09:11:06,E07,29,405nm Binned|561nm Binned|488nm Binned,Seq0034,20260309_090353_210,high,,not_requested,,,
"/Users/makennarodriguez/Documents/260213_Feb16recopy_HYdiff_landingpadlines_survival_384well1/20260309_090353_210/260309_Day29_WellE08_Channel405nm Binned,561nm Binned,488nm Binned_Seq0035.nd2","20260309_090353_210/260309_Day29_WellE08_Channel405nm Binned,561nm Binned,488nm Binned_Seq0035.nd2","260309_Day29_WellE08_Channel405nm Binned,561nm Binned,488nm Binned_Seq0035.nd2",.nd2,49688576,2026-03-09T09:11:18,E08,29,405nm Binned|561nm Binned|488nm Binned,Seq0035,20260309_090353_210,high,,not_requested,,,
"/Users/makennarodriguez/Documents/260213_Feb16recopy_HYdiff_landingpadlines_survival_384well1/20260309_090353_210/260309_Day29_WellE09_Channel405nm Binned,561nm Binned,488nm Binned_Seq0036.nd2","20260309_090353_210/260309_Day29_WellE09_Channel405nm Binned,561nm Binned,488nm Binned_Seq0036.nd2","260309_Day29_WellE09_Channel405nm Binned,561nm Binned,488nm Binned_Seq0036.nd2",.nd2,49688576,2026-03-09T09:11:28,E09,29,405nm Binned|561nm Binned|488nm Binned,Seq0036,20260309_090353_210,high,,not_requested,,,
"/Users/makennarodriguez/Documents/260213_Feb16recopy_HYdiff_landingpadlines_survival_384well1/20260309_090353_210/260309_Day29_WellE10_Channel405nm Binned,561nm Binned,488nm Binned_Seq0037.nd2","20260309_090353_210/260309_Day29_WellE10_Channel405nm Binned,561nm Binned,488nm Binned_Seq0037.nd2","260309_Day29_WellE10_Channel405nm Binned,561nm Binned,488nm Binned_Seq0037.nd2",.nd2,49688576,2026-03-09T09:11:40,E10,29,405nm Binned|561nm Binned|488nm Binned,Seq0037,20260309_090353_210,high,,not_requested,,,
"/Users/makennarodriguez/Documents/260213_Feb16recopy_HYdiff_landingpadlines_survival_384well1/20260309_090353_210/260309_Day29_WellE11_Channel405nm Binned,561nm Binned,488nm Binned_Seq0038.nd2","20260309_090353_210/260309_Day29_WellE11_Channel405nm Binned,561nm Binned,488nm Binned_Seq0038.nd2","260309_Day29_WellE11_Channel405nm Binned,561nm Binned,488nm Binned_Seq0038.nd2",.nd2,49688576,2026-03-09T09:11:52,E11,29,405nm Binned|561nm Binned|488nm Binned,Seq0038,20260309_090353_210,high,,not_requested,,,
"/Users/makennarodriguez/Documents/260213_Feb16recopy_HYdiff_landingpadlines_survival_384well1/20260309_090353_210/260309_Day29_WellE12_Channel405nm Binned,561nm Binned,488nm Binned_Seq0039.nd2","20260309_090353_210/260309_Day29_WellE12_Channel405nm Binned,561nm Binned,488nm Binned_Seq0039.nd2","260309_Day29_WellE12_Channel405nm Binned,561nm Binned,488nm Binned_Seq0039.nd2",.nd2,49688576,2026-03-09T09:12:04,E12,29,405nm Binned|561nm Binned|488nm Binned,Seq0039,20260309_090353_210,high,,not_requested,,,
"/Users/makennarodriguez/Documents/260213_Feb16recopy_HYdiff_landingpadlines_survival_384well1/20260309_090353_210/260309_Day29_WellE13_Channel405nm Binned,561nm Binned,488nm Binned_Seq0040.nd2","20260309_090353_210/260309_Day29_WellE13_Channel405nm Binned,561nm Binned,488nm Binned_Seq0040.nd2","260309_Day29_WellE13_Channel405nm Binned,561nm Binned,488nm Binned_Seq0040.nd2",.nd2,49688576,2026-03-09T09:12:16,E13,29,405nm Binned|561nm Binned|488nm Binned,Seq0040,20260309_090353_210,high,,not_requested,,,
"/Users/makennarodriguez/Documents/260213_Feb16recopy_HYdiff_landingpadlines_survival_384well1/20260309_090353_210/260309_Day29_WellE14_Channel405nm Binned,561nm Binned,488nm Binned_Seq0041.nd2","20260309_090353_210/260309_Day29_WellE14_Channel405nm Binned,561nm Binned,488nm Binned_Seq0041.nd2","260309_Day29_WellE14_Channel405nm Binned,561nm Binned,488nm Binned_Seq0041.nd2",.nd2,49688576,2026-03-09T09:12:26,E14,29,405nm Binned|561nm Binned|488nm Binned,Seq0041,20260309_090353_210,high,,not_requested,,,
"/Users/makennarodriguez/Documents/260213_Feb16recopy_HYdiff_landingpadlines_survival_384well1/20260309_090353_210/260309_Day29_WellE15_Channel405nm Binned,561nm Binned,488nm Binned_Seq0042.nd2","20260309_090353_210/260309_Day29_WellE15_Channel405nm Binned,561nm Binned,488nm Binned_Seq0042.nd2","260309_Day29_WellE15_Channel405nm Binned,561nm Binned,488nm Binned_Seq0042.nd2",.nd2,49688576,2026-03-09T09:12:38,E15,29,405nm Binned|561nm Binned|488nm Binned,Seq0042,20260309_090353_210,high,,not_requested,,,
"/Users/makennarodriguez/Documents/260213_Feb16recopy_HYdiff_landingpadlines_survival_384well1/20260309_090353_210/260309_Day29_WellE16_Channel405nm Binned,561nm Binned,488nm Binned_Seq0043.nd2","20260309_090353_210/260309_Day29_WellE16_Channel405nm Binned,561nm Binned,488nm Binned_Seq0043.nd2","260309_Day29_WellE16_Channel405nm Binned,561nm Binned,488nm Binned_Seq0043.nd2",.nd2,49688576,2026-03-09T09:12:50,E16,29,405nm Binned|561nm Binned|488nm Binned,Seq0043,20260309_090353_210,high,,not_requested,,,
"/Users/makennarodriguez/Documents/260213_Feb16recopy_HYdiff_landingpadlines_survival_384well1/20260309_090353_210/260309_Day29_WellE17_Channel405nm Binned,561nm Binned,488nm Binned_Seq0044.nd2","20260309_090353_210/260309_Day29_WellE17_Channel405nm Binned,561nm Binned,488nm Binned_Seq0044.nd2","260309_Day29_WellE17_Channel405nm Binned,561nm Binned,488nm Binned_Seq0044.nd2",.nd2,49688576,2026-03-09T09:13:02,E17,29,405nm Binned|561nm Binned|488nm Binned,Seq0044,20260309_090353_210,high,,not_requested,,,
"/Users/makennarodriguez/Documents/260213_Feb16recopy_HYdiff_landingpadlines_survival_384well1/20260309_090353_210/260309_Day29_WellE18_Channel405nm Binned,561nm Binned,488nm Binned_Seq0045.nd2","20260309_090353_210/260309_Day29_WellE18_Channel405nm Binned,561nm Binned,488nm Binned_Seq0045.nd2","260309_Day29_WellE18_Channel405nm Binned,561nm Binned,488nm Binned_Seq0045.nd2",.nd2,49688576,2026-03-09T09:13:14,E18,29,405nm Binned|561nm Binned|488nm Binned,Seq0045,20260309_090353_210,high,,not_requested,,,
"/Users/makennarodriguez/Documents/260213_Feb16recopy_HYdiff_landingpadlines_survival_384well1/20260309_090353_210/260309_Day29_WellE19_Channel405nm Binned,561nm Binned,488nm Binned_Seq0046.nd2","20260309_090353_210/260309_Day29_WellE19_Channel405nm Binned,561nm Binned,488nm Binned_Seq0046.nd2","260309_Day29_WellE19_Channel405nm Binned,561nm Binned,488nm Binned_Seq0046.nd2",.nd2,49688576,2026-03-09T09:13:26,E19,29,405nm Binned|561nm Binned|488nm Binned,Seq0046,20260309_090353_210,high,,not_requested,,,
"/Users/makennarodriguez/Documents/260213_Feb16recopy_HYdiff_landingpadlines_survival_384well1/20260309_090353_210/260309_Day29_WellE20_Channel405nm Binned,561nm Binned,488nm Binned_Seq0047.nd2","20260309_090353_210/260309_Day29_WellE20_Channel405nm Binned,561nm Binned,488nm Binned_Seq0047.nd2","260309_Day29_WellE20_Channel405nm Binned,561nm Binned,488nm Binned_Seq0047.nd2",.nd2,49688576,2026-03-09T09:13:36,E20,29,405nm Binned|561nm Binned|488nm Binned,Seq0047,20260309_090353_210,high,,not_requested,,,
"/Users/makennarodriguez/Documents/260213_Feb16recopy_HYdiff_landingpadlines_survival_384well1/20260309_090353_210/260309_Day29_WellF05_Channel405nm Binned,561nm Binned,488nm Binned_Seq0048.nd2","20260309_090353_210/260309_Day29_WellF05_Channel405nm Binned,561nm Binned,488nm Binned_Seq0048.nd2","260309_Day29_WellF05_Channel405nm Binned,561nm Binned,488nm Binned_Seq0048.nd2",.nd2,49688576,2026-03-09T09:13:50,F05,29,405nm Binned|561nm Binned|488nm Binned,Seq0048,20260309_090353_210,high,,not_requested,,,
"/Users/makennarodriguez/Documents/260213_Feb16recopy_HYdiff_landingpadlines_survival_384well1/20260309_090353_210/260309_Day29_WellF06_Channel405nm Binned,561nm Binned,488nm Binned_Seq0049.nd2","20260309_090353_210/260309_Day29_WellF06_Channel405nm Binned,561nm Binned,488nm Binned_Seq0049.nd2","260309_Day29_WellF06_Channel405nm Binned,561nm Binned,488nm Binned_Seq0049.nd2",.nd2,49688576,2026-03-09T09:14:02,F06,29,405nm Binned|561nm Binned|488nm Binned,Seq0049,20260309_090353_210,high,,not_requested,,,
"/Users/makennarodriguez/Documents/260213_Feb16recopy_HYdiff_landingpadlines_survival_384well1/20260309_090353_210/260309_Day29_WellF07_Channel405nm Binned,561nm Binned,488nm Binned_Seq0050.nd2","20260309_090353_210/260309_Day29_WellF07_Channel405nm Binned,561nm Binned,488nm Binned_Seq0050.nd2","260309_Day29_WellF07_Channel405nm Binned,561nm Binned,488nm Binned_Seq0050.nd2",.nd2,49688576,2026-03-09T09:14:14,F07,29,405nm Binned|561nm Binned|488nm Binned,Seq0050,20260309_090353_210,high,,not_requested,,,
"/Users/makennarodriguez/Documents/260213_Feb16recopy_HYdiff_landingpadlines_survival_384well1/20260309_090353_210/260309_Day29_WellF08_Channel405nm Binned,561nm Binned,488nm Binned_Seq0051.nd2","20260309_090353_210/260309_Day29_WellF08_Channel405nm Binned,561nm Binned,488nm Binned_Seq0051.nd2","260309_Day29_WellF08_Channel405nm Binned,561nm Binned,488nm Binned_Seq0051.nd2",.nd2,49688576,2026-03-09T09:14:26,F08,29,405nm Binned|561nm Binned|488nm Binned,Seq0051,20260309_090353_210,high,,not_requested,,,
"/Users/makennarodriguez/Documents/260213_Feb16recopy_HYdiff_landingpadlines_survival_384well1/20260309_090353_210/260309_Day29_WellF09_Channel405nm Binned,561nm Binned,488nm Binned_Seq0052.nd2","20260309_090353_210/260309_Day29_WellF09_Channel405nm Binned,561nm Binned,488nm Binned_Seq0052.nd2","260309_Day29_WellF09_Channel405nm Binned,561nm Binned,488nm Binned_Seq0052.nd2",.nd2,49688576,2026-03-09T09:14:38,F09,29,405nm Binned|561nm Binned|488nm Binned,Seq0052,20260309_090353_210,high,,not_requested,,,
"/Users/makennarodriguez/Documents/260213_Feb16recopy_HYdiff_landingpadlines_survival_384well1/20260309_090353_210/260309_Day29_WellF10_Channel405nm Binned,561nm Binned,488nm Binned_Seq0053.nd2","20260309_090353_210/260309_Day29_WellF10_Channel405nm Binned,561nm Binned,488nm Binned_Seq0053.nd2","260309_Day29_WellF10_Channel405nm Binned,561nm Binned,488nm Binned_Seq0053.nd2",.nd2,49688576,2026-03-09T09:14:50,F10,29,405nm Binned|561nm Binned|488nm Binned,Seq0053,20260309_090353_210,high,,not_requested,,,
"/Users/makennarodriguez/Documents/260213_Feb16recopy_HYdiff_landingpadlines_survival_384well1/20260309_090353_210/260309_Day29_WellF11_Channel405nm Binned,561nm Binned,488nm Binned_Seq0054.nd2","20260309_090353_210/260309_Day29_WellF11_Channel405nm Binned,561nm Binned,488nm Binned_Seq0054.nd2","260309_Day29_WellF11_Channel405nm Binned,561nm Binned,488nm Binned_Seq0054.nd2",.nd2,49688576,2026-03-09T09:15:00,F11,29,405nm Binned|561nm Binned|488nm Binned,Seq0054,20260309_090353_210,high,,not_requested,,,
"/Users/makennarodriguez/Documents/260213_Feb16recopy_HYdiff_landingpadlines_survival_384well1/20260309_090353_210/260309_Day29_WellF12_Channel405nm Binned,561nm Binned,488nm Binned_Seq0055.nd2","20260309_090353_210/260309_Day29_WellF12_Channel405nm Binned,561nm Binned,488nm Binned_Seq0055.nd2","260309_Day29_WellF12_Channel405nm Binned,561nm Binned,488nm Binned_Seq0055.nd2",.nd2,49688576,2026-03-09T09:15:12,F12,29,405nm Binned|561nm Binned|488nm Binned,Seq0055,20260309_090353_210,high,,not_requested,,,
"/Users/makennarodriguez/Documents/260213_Feb16recopy_HYdiff_landingpadlines_survival_384well1/20260309_090353_210/260309_Day29_WellF13_Channel405nm Binned,561nm Binned,488nm Binned_Seq0056.nd2","20260309_090353_210/260309_Day29_WellF13_Channel405nm Binned,561nm Binned,488nm Binned_Seq0056.nd2","260309_Day29_WellF13_Channel405nm Binned,561nm Binned,488nm Binned_Seq0056.nd2",.nd2,49688576,2026-03-09T09:15:24,F13,29,405nm Binned|561nm Binned|488nm Binned,Seq0056,20260309_090353_210,high,,not_requested,,,
"/Users/makennarodriguez/Documents/260213_Feb16recopy_HYdiff_landingpadlines_survival_384well1/20260309_090353_210/260309_Day29_WellF14_Channel405nm Binned,561nm Binned,488nm Binned_Seq0057.nd2","20260309_090353_210/260309_Day29_WellF14_Channel405nm Binned,561nm Binned,488nm Binned_Seq0057.nd2","260309_Day29_WellF14_Channel405nm Binned,561nm Binned,488nm Binned_Seq0057.nd2",.nd2,49688576,2026-03-09T09:15:36,F14,29,405nm Binned|561nm Binned|488nm Binned,Seq0057,20260309_090353_210,high,,not_requested,,,
"/Users/makennarodriguez/Documents/260213_Feb16recopy_HYdiff_landingpadlines_survival_384well1/20260309_090353_210/260309_Day29_WellF15_Channel405nm Binned,561nm Binned,488nm Binned_Seq0058.nd2","20260309_090353_210/260309_Day29_WellF15_Channel405nm Binned,561nm Binned,488nm Binned_Seq0058.nd2","260309_Day29_WellF15_Channel405nm Binned,561nm Binned,488nm Binned_Seq0058.nd2",.nd2,49688576,2026-03-09T09:15:48,F15,29,405nm Binned|561nm Binned|488nm Binned,Seq0058,20260309_090353_210,high,,not_requested,,,
"/Users/makennarodriguez/Documents/260213_Feb16recopy_HYdiff_landingpadlines_survival_384well1/20260309_090353_210/260309_Day29_WellF16_Channel405nm Binned,561nm Binned,488nm Binned_Seq0059.nd2","20260309_090353_210/260309_Day29_WellF16_Channel405nm Binned,561nm Binned,488nm Binned_Seq0059.nd2","260309_Day29_WellF16_Channel405nm Binned,561nm Binned,488nm Binned_Seq0059.nd2",.nd2,49688576,2026-03-09T09:15:58,F16,29,405nm Binned|561nm Binned|488nm Binned,Seq0059,20260309_090353_210,high,,not_requested,,,
"/Users/makennarodriguez/Documents/260213_Feb16recopy_HYdiff_landingpadlines_survival_384well1/20260309_090353_210/260309_Day29_WellF17_Channel405nm Binned,561nm Binned,488nm Binned_Seq0060.nd2","20260309_090353_210/260309_Day29_WellF17_Channel405nm Binned,561nm Binned,488nm Binned_Seq0060.nd2","260309_Day29_WellF17_Channel405nm Binned,561nm Binned,488nm Binned_Seq0060.nd2",.nd2,49688576,2026-03-09T09:16:10,F17,29,405nm Binned|561nm Binned|488nm Binned,Seq0060,20260309_090353_210,high,,not_requested,,,
"/Users/makennarodriguez/Documents/260213_Feb16recopy_HYdiff_landingpadlines_survival_384well1/20260309_090353_210/260309_Day29_WellF18_Channel405nm Binned,561nm Binned,488nm Binned_Seq0061.nd2","20260309_090353_210/260309_Day29_WellF18_Channel405nm Binned,561nm Binned,488nm Binned_Seq0061.nd2","260309_Day29_WellF18_Channel405nm Binned,561nm Binned,488nm Binned_Seq0061.nd2",.nd2,49688576,2026-03-09T09:16:22,F18,29,405nm Binned|561nm Binned|488nm Binned,Seq0061,20260309_090353_210,high,,not_requested,,,
"/Users/makennarodriguez/Documents/260213_Feb16recopy_HYdiff_landingpadlines_survival_384well1/20260309_090353_210/260309_Day29_WellF19_Channel405nm Binned,561nm Binned,488nm Binned_Seq0062.nd2","20260309_090353_210/260309_Day29_WellF19_Channel405nm Binned,561nm Binned,488nm Binned_Seq0062.nd2","260309_Day29_WellF19_Channel405nm Binned,561nm Binned,488nm Binned_Seq0062.nd2",.nd2,49688576,2026-03-09T09:16:34,F19,29,405nm Binned|561nm Binned|488nm Binned,Seq0062,20260309_090353_210,high,,not_requested,,,
"/Users/makennarodriguez/Documents/260213_Feb16recopy_HYdiff_landingpadlines_survival_384well1/20260309_090353_210/260309_Day29_WellF20_Channel405nm Binned,561nm Binned,488nm Binned_Seq0063.nd2","20260309_090353_210/260309_Day29_WellF20_Channel405nm Binned,561nm Binned,488nm Binned_Seq0063.nd2","260309_Day29_WellF20_Channel405nm Binned,561nm Binned,488nm Binned_Seq0063.nd2",.nd2,49688576,2026-03-09T09:16:44,F20,29,405nm Binned|561nm Binned|488nm Binned,Seq0063,20260309_090353_210,high,,not_requested,,,
"/Users/makennarodriguez/Documents/260213_Feb16recopy_HYdiff_landingpadlines_survival_384well1/20260309_090353_210/260309_Day29_WellG05_Channel405nm Binned,561nm Binned,488nm Binned_Seq0064.nd2","20260309_090353_210/260309_Day29_WellG05_Channel405nm Binned,561nm Binned,488nm Binned_Seq0064.nd2","260309_Day29_WellG05_Channel405nm Binned,561nm Binned,488nm Binned_Seq0064.nd2",.nd2,49688576,2026-03-09T09:16:58,G05,29,405nm Binned|561nm Binned|488nm Binned,Seq0064,20260309_090353_210,high,,not_requested,,,
"/Users/makennarodriguez/Documents/260213_Feb16recopy_HYdiff_landingpadlines_survival_384well1/20260309_090353_210/260309_Day29_WellG06_Channel405nm Binned,561nm Binned,488nm Binned_Seq0065.nd2","20260309_090353_210/260309_Day29_WellG06_Channel405nm Binned,561nm Binned,488nm Binned_Seq0065.nd2","260309_Day29_WellG06_Channel405nm Binned,561nm Binned,488nm Binned_Seq0065.nd2",.nd2,49688576,2026-03-09T09:17:10,G06,29,405nm Binned|561nm Binned|488nm Binned,Seq0065,20260309_090353_210,high,,not_requested,,,
"/Users/makennarodriguez/Documents/260213_Feb16recopy_HYdiff_landingpadlines_survival_384well1/20260309_090353_210/260309_Day29_WellG07_Channel405nm Binned,561nm Binned,488nm Binned_Seq0066.nd2","20260309_090353_210/260309_Day29_WellG07_Channel405nm Binned,561nm Binned,488nm Binned_Seq0066.nd2","260309_Day29_WellG07_Channel405nm Binned,561nm Binned,488nm Binned_Seq0066.nd2",.nd2,49688576,2026-03-09T09:17:22,G07,29,405nm Binned|561nm Binned|488nm Binned,Seq0066,20260309_090353_210,high,,not_requested,,,
"/Users/makennarodriguez/Documents/260213_Feb16recopy_HYdiff_landingpadlines_survival_384well1/20260309_090353_210/260309_Day29_WellG08_Channel405nm Binned,561nm Binned,488nm Binned_Seq0067.nd2","20260309_090353_210/260309_Day29_WellG08_Channel405nm Binned,561nm Binned,488nm Binned_Seq0067.nd2","260309_Day29_WellG08_Channel405nm Binned,561nm Binned,488nm Binned_Seq0067.nd2",.nd2,49688576,2026-03-09T09:17:34,G08,29,405nm Binned|561nm Binned|488nm Binned,Seq0067,20260309_090353_210,high,,not_requested,,,
"/Users/makennarodriguez/Documents/260213_Feb16recopy_HYdiff_landingpadlines_survival_384well1/20260309_090353_210/260309_Day29_WellG09_Channel405nm Binned,561nm Binned,488nm Binned_Seq0068.nd2","20260309_090353_210/260309_Day29_WellG09_Channel405nm Binned,561nm Binned,488nm Binned_Seq0068.nd2","260309_Day29_WellG09_Channel405nm Binned,561nm Binned,488nm Binned_Seq0068.nd2",.nd2,49688576,2026-03-09T09:17:44,G09,29,405nm Binned|561nm Binned|488nm Binned,Seq0068,20260309_090353_210,high,,not_requested,,,
"/Users/makennarodriguez/Documents/260213_Feb16recopy_HYdiff_landingpadlines_survival_384well1/20260309_090353_210/260309_Day29_WellG10_Channel405nm Binned,561nm Binned,488nm Binned_Seq0069.nd2","20260309_090353_210/260309_Day29_WellG10_Channel405nm Binned,561nm Binned,488nm Binned_Seq0069.nd2","260309_Day29_WellG10_Channel405nm Binned,561nm Binned,488nm Binned_Seq0069.nd2",.nd2,49688576,2026-03-09T09:17:56,G10,29,405nm Binned|561nm Binned|488nm Binned,Seq0069,20260309_090353_210,high,,not_requested,,,
"/Users/makennarodriguez/Documents/260213_Feb16recopy_HYdiff_landingpadlines_survival_384well1/20260309_090353_210/260309_Day29_WellG11_Channel405nm Binned,561nm Binned,488nm Binned_Seq0070.nd2","20260309_090353_210/260309_Day29_WellG11_Channel405nm Binned,561nm Binned,488nm Binned_Seq0070.nd2","260309_Day29_WellG11_Channel405nm Binned,561nm Binned,488nm Binned_Seq0070.nd2",.nd2,49688576,2026-03-09T09:18:08,G11,29,405nm Binned|561nm Binned|488nm Binned,Seq0070,20260309_090353_210,high,,not_requested,,,
"/Users/makennarodriguez/Documents/260213_Feb16recopy_HYdiff_landingpadlines_survival_384well1/20260309_090353_210/260309_Day29_WellG12_Channel405nm Binned,561nm Binned,488nm Binned_Seq0071.nd2","20260309_090353_210/260309_Day29_WellG12_Channel405nm Binned,561nm Binned,488nm Binned_Seq0071.nd2","260309_Day29_WellG12_Channel405nm Binned,561nm Binned,488nm Binned_Seq0071.nd2",.nd2,49688576,2026-03-09T09:18:20,G12,29,405nm Binned|561nm Binned|488nm Binned,Seq0071,20260309_090353_210,high,,not_requested,,,
"/Users/makennarodriguez/Documents/260213_Feb16recopy_HYdiff_landingpadlines_survival_384well1/20260309_090353_210/260309_Day29_WellG13_Channel405nm Binned,561nm Binned,488nm Binned_Seq0072.nd2","20260309_090353_210/260309_Day29_WellG13_Channel405nm Binned,561nm Binned,488nm Binned_Seq0072.nd2","260309_Day29_WellG13_Channel405nm Binned,561nm Binned,488nm Binned_Seq0072.nd2",.nd2,49688576,2026-03-09T09:18:30,G13,29,405nm Binned|561nm Binned|488nm Binned,Seq0072,20260309_090353_210,high,,not_requested,,,
"/Users/makennarodriguez/Documents/260213_Feb16recopy_HYdiff_landingpadlines_survival_384well1/20260309_090353_210/260309_Day29_WellG14_Channel405nm Binned,561nm Binned,488nm Binned_Seq0073.nd2","20260309_090353_210/260309_Day29_WellG14_Channel405nm Binned,561nm Binned,488nm Binned_Seq0073.nd2","260309_Day29_WellG14_Channel405nm Binned,561nm Binned,488nm Binned_Seq0073.nd2",.nd2,49688576,2026-03-09T09:18:42,G14,29,405nm Binned|561nm Binned|488nm Binned,Seq0073,20260309_090353_210,high,,not_requested,,,
"/Users/makennarodriguez/Documents/260213_Feb16recopy_HYdiff_landingpadlines_survival_384well1/20260309_090353_210/260309_Day29_WellG15_Channel405nm Binned,561nm Binned,488nm Binned_Seq0074.nd2","20260309_090353_210/260309_Day29_WellG15_Channel405nm Binned,561nm Binned,488nm Binned_Seq0074.nd2","260309_Day29_WellG15_Channel405nm Binned,561nm Binned,488nm Binned_Seq0074.nd2",.nd2,49688576,2026-03-09T09:18:54,G15,29,405nm Binned|561nm Binned|488nm Binned,Seq0074,20260309_090353_210,high,,not_requested,,,
"/Users/makennarodriguez/Documents/260213_Feb16recopy_HYdiff_landingpadlines_survival_384well1/20260309_090353_210/260309_Day29_WellG16_Channel405nm Binned,561nm Binned,488nm Binned_Seq0075.nd2","20260309_090353_210/260309_Day29_WellG16_Channel405nm Binned,561nm Binned,488nm Binned_Seq0075.nd2","260309_Day29_WellG16_Channel405nm Binned,561nm Binned,488nm Binned_Seq0075.nd2",.nd2,49688576,2026-03-09T09:19:04,G16,29,405nm Binned|561nm Binned|488nm Binned,Seq0075,20260309_090353_210,high,,not_requested,,,
"/Users/makennarodriguez/Documents/260213_Feb16recopy_HYdiff_landingpadlines_survival_384well1/20260309_090353_210/260309_Day29_WellG17_Channel405nm Binned,561nm Binned,488nm Binned_Seq0076.nd2","20260309_090353_210/260309_Day29_WellG17_Channel405nm Binned,561nm Binned,488nm Binned_Seq0076.nd2","260309_Day29_WellG17_Channel405nm Binned,561nm Binned,488nm Binned_Seq0076.nd2",.nd2,49688576,2026-03-09T09:19:16,G17,29,405nm Binned|561nm Binned|488nm Binned,Seq0076,20260309_090353_210,high,,not_requested,,,
"/Users/makennarodriguez/Documents/260213_Feb16recopy_HYdiff_landingpadlines_survival_384well1/20260309_090353_210/260309_Day29_WellG18_Channel405nm Binned,561nm Binned,488nm Binned_Seq0077.nd2","20260309_090353_210/260309_Day29_WellG18_Channel405nm Binned,561nm Binned,488nm Binned_Seq0077.nd2","260309_Day29_WellG18_Channel405nm Binned,561nm Binned,488nm Binned_Seq0077.nd2",.nd2,49688576,2026-03-09T09:19:28,G18,29,405nm Binned|561nm Binned|488nm Binned,Seq0077,20260309_090353_210,high,,not_requested,,,
"/Users/makennarodriguez/Documents/260213_Feb16recopy_HYdiff_landingpadlines_survival_384well1/20260309_090353_210/260309_Day29_WellG19_Channel405nm Binned,561nm Binned,488nm Binned_Seq0078.nd2","20260309_090353_210/260309_Day29_WellG19_Channel405nm Binned,561nm Binned,488nm Binned_Seq0078.nd2","260309_Day29_WellG19_Channel405nm Binned,561nm Binned,488nm Binned_Seq0078.nd2",.nd2,49688576,2026-03-09T09:19:40,G19,29,405nm Binned|561nm Binned|488nm Binned,Seq0078,20260309_090353_210,high,,not_requested,,,
"/Users/makennarodriguez/Documents/260213_Feb16recopy_HYdiff_landingpadlines_survival_384well1/20260309_090353_210/260309_Day29_WellG20_Channel405nm Binned,561nm Binned,488nm Binned_Seq0079.nd2","20260309_090353_210/260309_Day29_WellG20_Channel405nm Binned,561nm Binned,488nm Binned_Seq0079.nd2","260309_Day29_WellG20_Channel405nm Binned,561nm Binned,488nm Binned_Seq0079.nd2",.nd2,49688576,2026-03-09T09:19:52,G20,29,405nm Binned|561nm Binned|488nm Binned,Seq0079,20260309_090353_210,high,,not_requested,,,
"/Users/makennarodriguez/Documents/260213_Feb16recopy_HYdiff_landingpadlines_survival_384well1/20260309_090353_210/260309_Day29_WellH05_Channel405nm Binned,561nm Binned,488nm Binned_Seq0080.nd2","20260309_090353_210/260309_Day29_WellH05_Channel405nm Binned,561nm Binned,488nm Binned_Seq0080.nd2","260309_Day29_WellH05_Channel405nm Binned,561nm Binned,488nm Binned_Seq0080.nd2",.nd2,49688576,2026-03-09T09:20:06,H05,29,405nm Binned|561nm Binned|488nm Binned,Seq0080,20260309_090353_210,high,,not_requested,,,
"/Users/makennarodriguez/Documents/260213_Feb16recopy_HYdiff_landingpadlines_survival_384well1/20260309_090353_210/260309_Day29_WellH06_Channel405nm Binned,561nm Binned,488nm Binned_Seq0081.nd2","20260309_090353_210/260309_Day29_WellH06_Channel405nm Binned,561nm Binned,488nm Binned_Seq0081.nd2","260309_Day29_WellH06_Channel405nm Binned,561nm Binned,488nm Binned_Seq0081.nd2",.nd2,49688576,2026-03-09T09:20:18,H06,29,405nm Binned|561nm Binned|488nm Binned,Seq0081,20260309_090353_210,high,,not_requested,,,
"/Users/makennarodriguez/Documents/260213_Feb16recopy_HYdiff_landingpadlines_survival_384well1/20260309_090353_210/260309_Day29_WellH07_Channel405nm Binned,561nm Binned,488nm Binned_Seq0082.nd2","20260309_090353_210/260309_Day29_WellH07_Channel405nm Binned,561nm Binned,488nm Binned_Seq0082.nd2","260309_Day29_WellH07_Channel405nm Binned,561nm Binned,488nm Binned_Seq0082.nd2",.nd2,49688576,2026-03-09T09:20:30,H07,29,405nm Binned|561nm Binned|488nm Binned,Seq0082,20260309_090353_210,high,,not_requested,,,
"/Users/makennarodriguez/Documents/260213_Feb16recopy_HYdiff_landingpadlines_survival_384well1/20260309_090353_210/260309_Day29_WellH08_Channel405nm Binned,561nm Binned,488nm Binned_Seq0083.nd2","20260309_090353_210/260309_Day29_WellH08_Channel405nm Binned,561nm Binned,488nm Binned_Seq0083.nd2","260309_Day29_WellH08_Channel405nm Binned,561nm Binned,488nm Binned_Seq0083.nd2",.nd2,49688576,2026-03-09T09:20:42,H08,29,405nm Binned|561nm Binned|488nm Binned,Seq0083,20260309_090353_210,high,,not_requested,,,
"/Users/makennarodriguez/Documents/260213_Feb16recopy_HYdiff_landingpadlines_survival_384well1/20260309_090353_210/260309_Day29_WellH09_Channel405nm Binned,561nm Binned,488nm Binned_Seq0084.nd2","20260309_090353_210/260309_Day29_WellH09_Channel405nm Binned,561nm Binned,488nm Binned_Seq0084.nd2","260309_Day29_WellH09_Channel405nm Binned,561nm Binned,488nm Binned_Seq0084.nd2",.nd2,49688576,2026-03-09T09:20:52,H09,29,405nm Binned|561nm Binned|488nm Binned,Seq0084,20260309_090353_210,high,,not_requested,,,
"/Users/makennarodriguez/Documents/260213_Feb16recopy_HYdiff_landingpadlines_survival_384well1/20260309_090353_210/260309_Day29_WellH10_Channel405nm Binned,561nm Binned,488nm Binned_Seq0085.nd2","20260309_090353_210/260309_Day29_WellH10_Channel405nm Binned,561nm Binned,488nm Binned_Seq0085.nd2","260309_Day29_WellH10_Channel405nm Binned,561nm Binned,488nm Binned_Seq0085.nd2",.nd2,49688576,2026-03-09T09:21:04,H10,29,405nm Binned|561nm Binned|488nm Binned,Seq0085,20260309_090353_210,high,,not_requested,,,
"/Users/makennarodriguez/Documents/260213_Feb16recopy_HYdiff_landingpadlines_survival_384well1/20260309_090353_210/260309_Day29_WellH11_Channel405nm Binned,561nm Binned,488nm Binned_Seq0086.nd2","20260309_090353_210/260309_Day29_WellH11_Channel405nm Binned,561nm Binned,488nm Binned_Seq0086.nd2","260309_Day29_WellH11_Channel405nm Binned,561nm Binned,488nm Binned_Seq0086.nd2",.nd2,49688576,2026-03-09T09:21:16,H11,29,405nm Binned|561nm Binned|488nm Binned,Seq0086,20260309_090353_210,high,,not_requested,,,
"/Users/makennarodriguez/Documents/260213_Feb16recopy_HYdiff_landingpadlines_survival_384well1/20260309_090353_210/260309_Day29_WellH12_Channel405nm Binned,561nm Binned,488nm Binned_Seq0087.nd2","20260309_090353_210/260309_Day29_WellH12_Channel405nm Binned,561nm Binned,488nm Binned_Seq0087.nd2","260309_Day29_WellH12_Channel405nm Binned,561nm Binned,488nm Binned_Seq0087.nd2",.nd2,49688576,2026-03-09T09:21:28,H12,29,405nm Binned|561nm Binned|488nm Binned,Seq0087,20260309_090353_210,high,,not_requested,,,
"/Users/makennarodriguez/Documents/260213_Feb16recopy_HYdiff_landingpadlines_survival_384well1/20260309_090353_210/260309_Day29_WellH13_Channel405nm Binned,561nm Binned,488nm Binned_Seq0088.nd2","20260309_090353_210/260309_Day29_WellH13_Channel405nm Binned,561nm Binned,488nm Binned_Seq0088.nd2","260309_Day29_WellH13_Channel405nm Binned,561nm Binned,488nm Binned_Seq0088.nd2",.nd2,49688576,2026-03-09T09:21:38,H13,29,405nm Binned|561nm Binned|488nm Binned,Seq0088,20260309_090353_210,high,,not_requested,,,
"/Users/makennarodriguez/Documents/260213_Feb16recopy_HYdiff_landingpadlines_survival_384well1/20260309_090353_210/260309_Day29_WellH14_Channel405nm Binned,561nm Binned,488nm Binned_Seq0089.nd2","20260309_090353_210/260309_Day29_WellH14_Channel405nm Binned,561nm Binned,488nm Binned_Seq0089.nd2","260309_Day29_WellH14_Channel405nm Binned,561nm Binned,488nm Binned_Seq0089.nd2",.nd2,49688576,2026-03-09T09:21:50,H14,29,405nm Binned|561nm Binned|488nm Binned,Seq0089,20260309_090353_210,high,,not_requested,,,
"/Users/makennarodriguez/Documents/260213_Feb16recopy_HYdiff_landingpadlines_survival_384well1/20260309_090353_210/260309_Day29_WellH15_Channel405nm Binned,561nm Binned,488nm Binned_Seq0090.nd2","20260309_090353_210/260309_Day29_WellH15_Channel405nm Binned,561nm Binned,488nm Binned_Seq0090.nd2","260309_Day29_WellH15_Channel405nm Binned,561nm Binned,488nm Binned_Seq0090.nd2",.nd2,49688576,2026-03-09T09:22:02,H15,29,405nm Binned|561nm Binned|488nm Binned,Seq0090,20260309_090353_210,high,,not_requested,,,
"/Users/makennarodriguez/Documents/260213_Feb16recopy_HYdiff_landingpadlines_survival_384well1/20260309_090353_210/260309_Day29_WellH16_Channel405nm Binned,561nm Binned,488nm Binned_Seq0091.nd2","20260309_090353_210/260309_Day29_WellH16_Channel405nm Binned,561nm Binned,488nm Binned_Seq0091.nd2","260309_Day29_WellH16_Channel405nm Binned,561nm Binned,488nm Binned_Seq0091.nd2",.nd2,49688576,2026-03-09T09:22:14,H16,29,405nm Binned|561nm Binned|488nm Binned,Seq0091,20260309_090353_210,high,,not_requested,,,
"/Users/makennarodriguez/Documents/260213_Feb16recopy_HYdiff_landingpadlines_survival_384well1/20260309_090353_210/260309_Day29_WellH17_Channel405nm Binned,561nm Binned,488nm Binned_Seq0092.nd2","20260309_090353_210/260309_Day29_WellH17_Channel405nm Binned,561nm Binned,488nm Binned_Seq0092.nd2","260309_Day29_WellH17_Channel405nm Binned,561nm Binned,488nm Binned_Seq0092.nd2",.nd2,49688576,2026-03-09T09:22:24,H17,29,405nm Binned|561nm Binned|488nm Binned,Seq0092,20260309_090353_210,high,,not_requested,,,
"/Users/makennarodriguez/Documents/260213_Feb16recopy_HYdiff_landingpadlines_survival_384well1/20260309_090353_210/260309_Day29_WellH18_Channel405nm Binned,561nm Binned,488nm Binned_Seq0093.nd2","20260309_090353_210/260309_Day29_WellH18_Channel405nm Binned,561nm Binned,488nm Binned_Seq0093.nd2","260309_Day29_WellH18_Channel405nm Binned,561nm Binned,488nm Binned_Seq0093.nd2",.nd2,49688576,2026-03-09T09:22:36,H18,29,405nm Binned|561nm Binned|488nm Binned,Seq0093,20260309_090353_210,high,,not_requested,,,
"/Users/makennarodriguez/Documents/260213_Feb16recopy_HYdiff_landingpadlines_survival_384well1/20260309_090353_210/260309_Day29_WellH19_Channel405nm Binned,561nm Binned,488nm Binned_Seq0094.nd2","20260309_090353_210/260309_Day29_WellH19_Channel405nm Binned,561nm Binned,488nm Binned_Seq0094.nd2","260309_Day29_WellH19_Channel405nm Binned,561nm Binned,488nm Binned_Seq0094.nd2",.nd2,49688576,2026-03-09T09:22:48,H19,29,405nm Binned|561nm Binned|488nm Binned,Seq0094,20260309_090353_210,high,,not_requested,,,
"/Users/makennarodriguez/Documents/260213_Feb16recopy_HYdiff_landingpadlines_survival_384well1/20260309_090353_210/260309_Day29_WellH20_Channel405nm Binned,561nm Binned,488nm Binned_Seq0095.nd2","20260309_090353_210/260309_Day29_WellH20_Channel405nm Binned,561nm Binned,488nm Binned_Seq0095.nd2","260309_Day29_WellH20_Channel405nm Binned,561nm Binned,488nm Binned_Seq0095.nd2",.nd2,49688576,2026-03-09T09:23:00,H20,29,405nm Binned|561nm Binned|488nm Binned,Seq0095,20260309_090353_210,high,,not_requested,,,
"/Users/makennarodriguez/Documents/260213_Feb16recopy_HYdiff_landingpadlines_survival_384well1/20260309_090353_210/260309_Day29_WellI05_Channel405nm Binned,561nm Binned,488nm Binned_Seq0096.nd2","20260309_090353_210/260309_Day29_WellI05_Channel405nm Binned,561nm Binned,488nm Binned_Seq0096.nd2","260309_Day29_WellI05_Channel405nm Binned,561nm Binned,488nm Binned_Seq0096.nd2",.nd2,49688576,2026-03-09T09:23:14,I05,29,405nm Binned|561nm Binned|488nm Binned,Seq0096,20260309_090353_210,high,,not_requested,,,
"/Users/makennarodriguez/Documents/260213_Feb16recopy_HYdiff_landingpadlines_survival_384well1/20260309_090353_210/260309_Day29_WellI06_Channel405nm Binned,561nm Binned,488nm Binned_Seq0097.nd2","20260309_090353_210/260309_Day29_WellI06_Channel405nm Binned,561nm Binned,488nm Binned_Seq0097.nd2","260309_Day29_WellI06_Channel405nm Binned,561nm Binned,488nm Binned_Seq0097.nd2",.nd2,49688576,2026-03-09T09:23:26,I06,29,405nm Binned|561nm Binned|488nm Binned,Seq0097,20260309_090353_210,high,,not_requested,,,
"/Users/makennarodriguez/Documents/260213_Feb16recopy_HYdiff_landingpadlines_survival_384well1/20260309_090353_210/260309_Day29_WellI07_Channel405nm Binned,561nm Binned,488nm Binned_Seq0098.nd2","20260309_090353_210/260309_Day29_WellI07_Channel405nm Binned,561nm Binned,488nm Binned_Seq0098.nd2","260309_Day29_WellI07_Channel405nm Binned,561nm Binned,488nm Binned_Seq0098.nd2",.nd2,49688576,2026-03-09T09:23:38,I07,29,405nm Binned|561nm Binned|488nm Binned,Seq0098,20260309_090353_210,high,,not_requested,,,
"/Users/makennarodriguez/Documents/260213_Feb16recopy_HYdiff_landingpadlines_survival_384well1/20260309_090353_210/260309_Day29_WellI08_Channel405nm Binned,561nm Binned,488nm Binned_Seq0099.nd2","20260309_090353_210/260309_Day29_WellI08_Channel405nm Binned,561nm Binned,488nm Binned_Seq0099.nd2","260309_Day29_WellI08_Channel405nm Binned,561nm Binned,488nm Binned_Seq0099.nd2",.nd2,49688576,2026-03-09T09:23:48,I08,29,405nm Binned|561nm Binned|488nm Binned,Seq0099,20260309_090353_210,high,,not_requested,,,
"/Users/makennarodriguez/Documents/260213_Feb16recopy_HYdiff_landingpadlines_survival_384well1/20260309_090353_210/260309_Day29_WellI09_Channel405nm Binned,561nm Binned,488nm Binned_Seq0100.nd2","20260309_090353_210/260309_Day29_WellI09_Channel405nm Binned,561nm Binned,488nm Binned_Seq0100.nd2","260309_Day29_WellI09_Channel405nm Binned,561nm Binned,488nm Binned_Seq0100.nd2",.nd2,49688576,2026-03-09T09:24:00,I09,29,405nm Binned|561nm Binned|488nm Binned,Seq0100,20260309_090353_210,high,,not_requested,,,
"/Users/makennarodriguez/Documents/260213_Feb16recopy_HYdiff_landingpadlines_survival_384well1/20260309_090353_210/260309_Day29_WellI10_Channel405nm Binned,561nm Binned,488nm Binned_Seq0101.nd2","20260309_090353_210/260309_Day29_WellI10_Channel405nm Binned,561nm Binned,488nm Binned_Seq0101.nd2","260309_Day29_WellI10_Channel405nm Binned,561nm Binned,488nm Binned_Seq0101.nd2",.nd2,49688576,2026-03-09T09:24:12,I10,29,405nm Binned|561nm Binned|488nm Binned,Seq0101,20260309_090353_210,high,,not_requested,,,
"/Users/makennarodriguez/Documents/260213_Feb16recopy_HYdiff_landingpadlines_survival_384well1/20260309_090353_210/260309_Day29_WellI11_Channel405nm Binned,561nm Binned,488nm Binned_Seq0102.nd2","20260309_090353_210/260309_Day29_WellI11_Channel405nm Binned,561nm Binned,488nm Binned_Seq0102.nd2","260309_Day29_WellI11_Channel405nm Binned,561nm Binned,488nm Binned_Seq0102.nd2",.nd2,49688576,2026-03-09T09:24:24,I11,29,405nm Binned|561nm Binned|488nm Binned,Seq0102,20260309_090353_210,high,,not_requested,,,
"/Users/makennarodriguez/Documents/260213_Feb16recopy_HYdiff_landingpadlines_survival_384well1/20260309_090353_210/260309_Day29_WellI12_Channel405nm Binned,561nm Binned,488nm Binned_Seq0103.nd2","20260309_090353_210/260309_Day29_WellI12_Channel405nm Binned,561nm Binned,488nm Binned_Seq0103.nd2","260309_Day29_WellI12_Channel405nm Binned,561nm Binned,488nm Binned_Seq0103.nd2",.nd2,49688576,2026-03-09T09:24:36,I12,29,405nm Binned|561nm Binned|488nm Binned,Seq0103,20260309_090353_210,high,,not_requested,,,
"/Users/makennarodriguez/Documents/260213_Feb16recopy_HYdiff_landingpadlines_survival_384well1/20260309_090353_210/260309_Day29_WellI13_Channel405nm Binned,561nm Binned,488nm Binned_Seq0104.nd2","20260309_090353_210/260309_Day29_WellI13_Channel405nm Binned,561nm Binned,488nm Binned_Seq0104.nd2","260309_Day29_WellI13_Channel405nm Binned,561nm Binned,488nm Binned_Seq0104.nd2",.nd2,49688576,2026-03-09T09:24:46,I13,29,405nm Binned|561nm Binned|488nm Binned,Seq0104,20260309_090353_210,high,,not_requested,,,
"/Users/makennarodriguez/Documents/260213_Feb16recopy_HYdiff_landingpadlines_survival_384well1/20260309_090353_210/260309_Day29_WellI14_Channel405nm Binned,561nm Binned,488nm Binned_Seq0105.nd2","20260309_090353_210/260309_Day29_WellI14_Channel405nm Binned,561nm Binned,488nm Binned_Seq0105.nd2","260309_Day29_WellI14_Channel405nm Binned,561nm Binned,488nm Binned_Seq0105.nd2",.nd2,49688576,2026-03-09T09:24:58,I14,29,405nm Binned|561nm Binned|488nm Binned,Seq0105,20260309_090353_210,high,,not_requested,,,
"/Users/makennarodriguez/Documents/260213_Feb16recopy_HYdiff_landingpadlines_survival_384well1/20260309_090353_210/260309_Day29_WellI15_Channel405nm Binned,561nm Binned,488nm Binned_Seq0106.nd2","20260309_090353_210/260309_Day29_WellI15_Channel405nm Binned,561nm Binned,488nm Binned_Seq0106.nd2","260309_Day29_WellI15_Channel405nm Binned,561nm Binned,488nm Binned_Seq0106.nd2",.nd2,49688576,2026-03-09T09:25:10,I15,29,405nm Binned|561nm Binned|488nm Binned,Seq0106,20260309_090353_210,high,,not_requested,,,
"/Users/makennarodriguez/Documents/260213_Feb16recopy_HYdiff_landingpadlines_survival_384well1/20260309_090353_210/260309_Day29_WellI16_Channel405nm Binned,561nm Binned,488nm Binned_Seq0107.nd2","20260309_090353_210/260309_Day29_WellI16_Channel405nm Binned,561nm Binned,488nm Binned_Seq0107.nd2","260309_Day29_WellI16_Channel405nm Binned,561nm Binned,488nm Binned_Seq0107.nd2",.nd2,49688576,2026-03-09T09:25:22,I16,29,405nm Binned|561nm Binned|488nm Binned,Seq0107,20260309_090353_210,high,,not_requested,,,
"/Users/makennarodriguez/Documents/260213_Feb16recopy_HYdiff_landingpadlines_survival_384well1/20260309_090353_210/260309_Day29_WellI17_Channel405nm Binned,561nm Binned,488nm Binned_Seq0108.nd2","20260309_090353_210/260309_Day29_WellI17_Channel405nm Binned,561nm Binned,488nm Binned_Seq0108.nd2","260309_Day29_WellI17_Channel405nm Binned,561nm Binned,488nm Binned_Seq0108.nd2",.nd2,49688576,2026-03-09T09:25:32,I17,29,405nm Binned|561nm Binned|488nm Binned,Seq0108,20260309_090353_210,high,,not_requested,,,
"/Users/makennarodriguez/Documents/260213_Feb16recopy_HYdiff_landingpadlines_survival_384well1/20260309_090353_210/260309_Day29_WellI18_Channel405nm Binned,561nm Binned,488nm Binned_Seq0109.nd2","20260309_090353_210/260309_Day29_WellI18_Channel405nm Binned,561nm Binned,488nm Binned_Seq0109.nd2","260309_Day29_WellI18_Channel405nm Binned,561nm Binned,488nm Binned_Seq0109.nd2",.nd2,49688576,2026-03-09T09:25:44,I18,29,405nm Binned|561nm Binned|488nm Binned,Seq0109,20260309_090353_210,high,,not_requested,,,
"/Users/makennarodriguez/Documents/260213_Feb16recopy_HYdiff_landingpadlines_survival_384well1/20260309_090353_210/260309_Day29_WellI19_Channel405nm Binned,561nm Binned,488nm Binned_Seq0110.nd2","20260309_090353_210/260309_Day29_WellI19_Channel405nm Binned,561nm Binned,488nm Binned_Seq0110.nd2","260309_Day29_WellI19_Channel405nm Binned,561nm Binned,488nm Binned_Seq0110.nd2",.nd2,49688576,2026-03-09T09:25:56,I19,29,405nm Binned|561nm Binned|488nm Binned,Seq0110,20260309_090353_210,high,,not_requested,,,
"/Users/makennarodriguez/Documents/260213_Feb16recopy_HYdiff_landingpadlines_survival_384well1/20260309_090353_210/260309_Day29_WellI20_Channel405nm Binned,561nm Binned,488nm Binned_Seq0111.nd2","20260309_090353_210/260309_Day29_WellI20_Channel405nm Binned,561nm Binned,488nm Binned_Seq0111.nd2","260309_Day29_WellI20_Channel405nm Binned,561nm Binned,488nm Binned_Seq0111.nd2",.nd2,49688576,2026-03-09T09:26:08,I20,29,405nm Binned|561nm Binned|488nm Binned,Seq0111,20260309_090353_210,high,,not_requested,,,
"/Users/makennarodriguez/Documents/260213_Feb16recopy_HYdiff_landingpadlines_survival_384well1/20260309_090353_210/260309_Day29_WellJ05_Channel405nm Binned,561nm Binned,488nm Binned_Seq0112.nd2","20260309_090353_210/260309_Day29_WellJ05_Channel405nm Binned,561nm Binned,488nm Binned_Seq0112.nd2","260309_Day29_WellJ05_Channel405nm Binned,561nm Binned,488nm Binned_Seq0112.nd2",.nd2,49688576,2026-03-09T09:26:22,J05,29,405nm Binned|561nm Binned|488nm Binned,Seq0112,20260309_090353_210,high,,not_requested,,,
"/Users/makennarodriguez/Documents/260213_Feb16recopy_HYdiff_landingpadlines_survival_384well1/20260309_090353_210/260309_Day29_WellJ06_Channel405nm Binned,561nm Binned,488nm Binned_Seq0113.nd2","20260309_090353_210/260309_Day29_WellJ06_Channel405nm Binned,561nm Binned,488nm Binned_Seq0113.nd2","260309_Day29_WellJ06_Channel405nm Binned,561nm Binned,488nm Binned_Seq0113.nd2",.nd2,49688576,2026-03-09T09:26:34,J06,29,405nm Binned|561nm Binned|488nm Binned,Seq0113,20260309_090353_210,high,,not_requested,,,
"/Users/makennarodriguez/Documents/260213_Feb16recopy_HYdiff_landingpadlines_survival_384well1/20260309_090353_210/260309_Day29_WellJ07_Channel405nm Binned,561nm Binned,488nm Binned_Seq0114.nd2","20260309_090353_210/260309_Day29_WellJ07_Channel405nm Binned,561nm Binned,488nm Binned_Seq0114.nd2","260309_Day29_WellJ07_Channel405nm Binned,561nm Binned,488nm Binned_Seq0114.nd2",.nd2,49688576,2026-03-09T09:26:44,J07,29,405nm Binned|561nm Binned|488nm Binned,Seq0114,20260309_090353_210,high,,not_requested,,,
"/Users/makennarodriguez/Documents/260213_Feb16recopy_HYdiff_landingpadlines_survival_384well1/20260309_090353_210/260309_Day29_WellJ08_Channel405nm Binned,561nm Binned,488nm Binned_Seq0115.nd2","20260309_090353_210/260309_Day29_WellJ08_Channel405nm Binned,561nm Binned,488nm Binned_Seq0115.nd2","260309_Day29_WellJ08_Channel405nm Binned,561nm Binned,488nm Binned_Seq0115.nd2",.nd2,49688576,2026-03-09T09:26:56,J08,29,405nm Binned|561nm Binned|488nm Binned,Seq0115,20260309_090353_210,high,,not_requested,,,
"/Users/makennarodriguez/Documents/260213_Feb16recopy_HYdiff_landingpadlines_survival_384well1/20260309_090353_210/260309_Day29_WellJ09_Channel405nm Binned,561nm Binned,488nm Binned_Seq0116.nd2","20260309_090353_210/260309_Day29_WellJ09_Channel405nm Binned,561nm Binned,488nm Binned_Seq0116.nd2","260309_Day29_WellJ09_Channel405nm Binned,561nm Binned,488nm Binned_Seq0116.nd2",.nd2,49688576,2026-03-09T09:27:08,J09,29,405nm Binned|561nm Binned|488nm Binned,Seq0116,20260309_090353_210,high,,not_requested,,,
"/Users/makennarodriguez/Documents/260213_Feb16recopy_HYdiff_landingpadlines_survival_384well1/20260309_090353_210/260309_Day29_WellJ10_Channel405nm Binned,561nm Binned,488nm Binned_Seq0117.nd2","20260309_090353_210/260309_Day29_WellJ10_Channel405nm Binned,561nm Binned,488nm Binned_Seq0117.nd2","260309_Day29_WellJ10_Channel405nm Binned,561nm Binned,488nm Binned_Seq0117.nd2",.nd2,49688576,2026-03-09T09:27:20,J10,29,405nm Binned|561nm Binned|488nm Binned,Seq0117,20260309_090353_210,high,,not_requested,,,
"/Users/makennarodriguez/Documents/260213_Feb16recopy_HYdiff_landingpadlines_survival_384well1/20260309_090353_210/260309_Day29_WellJ11_Channel405nm Binned,561nm Binned,488nm Binned_Seq0118.nd2","20260309_090353_210/260309_Day29_WellJ11_Channel405nm Binned,561nm Binned,488nm Binned_Seq0118.nd2","260309_Day29_WellJ11_Channel405nm Binned,561nm Binned,488nm Binned_Seq0118.nd2",.nd2,49688576,2026-03-09T09:27:30,J11,29,405nm Binned|561nm Binned|488nm Binned,Seq0118,20260309_090353_210,high,,not_requested,,,
"/Users/makennarodriguez/Documents/260213_Feb16recopy_HYdiff_landingpadlines_survival_384well1/20260309_090353_210/260309_Day29_WellJ12_Channel405nm Binned,561nm Binned,488nm Binned_Seq0119.nd2","20260309_090353_210/260309_Day29_WellJ12_Channel405nm Binned,561nm Binned,488nm Binned_Seq0119.nd2","260309_Day29_WellJ12_Channel405nm Binned,561nm Binned,488nm Binned_Seq0119.nd2",.nd2,49688576,2026-03-09T09:27:42,J12,29,405nm Binned|561nm Binned|488nm Binned,Seq0119,20260309_090353_210,high,,not_requested,,,
"/Users/makennarodriguez/Documents/260213_Feb16recopy_HYdiff_landingpadlines_survival_384well1/20260309_090353_210/260309_Day29_WellJ13_Channel405nm Binned,561nm Binned,488nm Binned_Seq0120.nd2","20260309_090353_210/260309_Day29_WellJ13_Channel405nm Binned,561nm Binned,488nm Binned_Seq0120.nd2","260309_Day29_WellJ13_Channel405nm Binned,561nm Binned,488nm Binned_Seq0120.nd2",.nd2,49688576,2026-03-09T09:27:54,J13,29,405nm Binned|561nm Binned|488nm Binned,Seq0120,20260309_090353_210,high,,not_requested,,,
"/Users/makennarodriguez/Documents/260213_Feb16recopy_HYdiff_landingpadlines_survival_384well1/20260309_090353_210/260309_Day29_WellJ14_Channel405nm Binned,561nm Binned,488nm Binned_Seq0121.nd2","20260309_090353_210/260309_Day29_WellJ14_Channel405nm Binned,561nm Binned,488nm Binned_Seq0121.nd2","260309_Day29_WellJ14_Channel405nm Binned,561nm Binned,488nm Binned_Seq0121.nd2",.nd2,49688576,2026-03-09T09:28:06,J14,29,405nm Binned|561nm Binned|488nm Binned,Seq0121,20260309_090353_210,high,,not_requested,,,
"/Users/makennarodriguez/Documents/260213_Feb16recopy_HYdiff_landingpadlines_survival_384well1/20260309_090353_210/260309_Day29_WellJ15_Channel405nm Binned,561nm Binned,488nm Binned_Seq0122.nd2","20260309_090353_210/260309_Day29_WellJ15_Channel405nm Binned,561nm Binned,488nm Binned_Seq0122.nd2","260309_Day29_WellJ15_Channel405nm Binned,561nm Binned,488nm Binned_Seq0122.nd2",.nd2,49688576,2026-03-09T09:28:18,J15,29,405nm Binned|561nm Binned|488nm Binned,Seq0122,20260309_090353_210,high,,not_requested,,,
"/Users/makennarodriguez/Documents/260213_Feb16recopy_HYdiff_landingpadlines_survival_384well1/20260309_090353_210/260309_Day29_WellJ16_Channel405nm Binned,561nm Binned,488nm Binned_Seq0123.nd2","20260309_090353_210/260309_Day29_WellJ16_Channel405nm Binned,561nm Binned,488nm Binned_Seq0123.nd2","260309_Day29_WellJ16_Channel405nm Binned,561nm Binned,488nm Binned_Seq0123.nd2",.nd2,49688576,2026-03-09T09:28:28,J16,29,405nm Binned|561nm Binned|488nm Binned,Seq0123,20260309_090353_210,high,,not_requested,,,
"/Users/makennarodriguez/Documents/260213_Feb16recopy_HYdiff_landingpadlines_survival_384well1/20260309_090353_210/260309_Day29_WellJ17_Channel405nm Binned,561nm Binned,488nm Binned_Seq0124.nd2","20260309_090353_210/260309_Day29_WellJ17_Channel405nm Binned,561nm Binned,488nm Binned_Seq0124.nd2","260309_Day29_WellJ17_Channel405nm Binned,561nm Binned,488nm Binned_Seq0124.nd2",.nd2,49688576,2026-03-09T09:28:40,J17,29,405nm Binned|561nm Binned|488nm Binned,Seq0124,20260309_090353_210,high,,not_requested,,,
"/Users/makennarodriguez/Documents/260213_Feb16recopy_HYdiff_landingpadlines_survival_384well1/20260309_090353_210/260309_Day29_WellJ18_Channel405nm Binned,561nm Binned,488nm Binned_Seq0125.nd2","20260309_090353_210/260309_Day29_WellJ18_Channel405nm Binned,561nm Binned,488nm Binned_Seq0125.nd2","260309_Day29_WellJ18_Channel405nm Binned,561nm Binned,488nm Binned_Seq0125.nd2",.nd2,49688576,2026-03-09T09:28:52,J18,29,405nm Binned|561nm Binned|488nm Binned,Seq0125,20260309_090353_210,high,,not_requested,,,
"/Users/makennarodriguez/Documents/260213_Feb16recopy_HYdiff_landingpadlines_survival_384well1/20260309_090353_210/260309_Day29_WellJ19_Channel405nm Binned,561nm Binned,488nm Binned_Seq0126.nd2","20260309_090353_210/260309_Day29_WellJ19_Channel405nm Binned,561nm Binned,488nm Binned_Seq0126.nd2","260309_Day29_WellJ19_Channel405nm Binned,561nm Binned,488nm Binned_Seq0126.nd2",.nd2,49688576,2026-03-09T09:29:02,J19,29,405nm Binned|561nm Binned|488nm Binned,Seq0126,20260309_090353_210,high,,not_requested,,,
"/Users/makennarodriguez/Documents/260213_Feb16recopy_HYdiff_landingpadlines_survival_384well1/20260309_090353_210/260309_Day29_WellJ20_Channel405nm Binned,561nm Binned,488nm Binned_Seq0127.nd2","20260309_090353_210/260309_Day29_WellJ20_Channel405nm Binned,561nm Binned,488nm Binned_Seq0127.nd2","260309_Day29_WellJ20_Channel405nm Binned,561nm Binned,488nm Binned_Seq0127.nd2",.nd2,49688576,2026-03-09T09:29:14,J20,29,405nm Binned|561nm Binned|488nm Binned,Seq0127,20260309_090353_210,high,,not_requested,,,
"/Users/makennarodriguez/Documents/260213_Feb16recopy_HYdiff_landingpadlines_survival_384well1/20260309_090353_210/260309_Day29_WellK05_Channel405nm Binned,561nm Binned,488nm Binned_Seq0128.nd2","20260309_090353_210/260309_Day29_WellK05_Channel405nm Binned,561nm Binned,488nm Binned_Seq0128.nd2","260309_Day29_WellK05_Channel405nm Binned,561nm Binned,488nm Binned_Seq0128.nd2",.nd2,49688576,2026-03-09T09:29:28,K05,29,405nm Binned|561nm Binned|488nm Binned,Seq0128,20260309_090353_210,high,,not_requested,,,
"/Users/makennarodriguez/Documents/260213_Feb16recopy_HYdiff_landingpadlines_survival_384well1/20260309_090353_210/260309_Day29_WellK06_Channel405nm Binned,561nm Binned,488nm Binned_Seq0129.nd2","20260309_090353_210/260309_Day29_WellK06_Channel405nm Binned,561nm Binned,488nm Binned_Seq0129.nd2","260309_Day29_WellK06_Channel405nm Binned,561nm Binned,488nm Binned_Seq0129.nd2",.nd2,49688576,2026-03-09T09:29:40,K06,29,405nm Binned|561nm Binned|488nm Binned,Seq0129,20260309_090353_210,high,,not_requested,,,
"/Users/makennarodriguez/Documents/260213_Feb16recopy_HYdiff_landingpadlines_survival_384well1/20260309_090353_210/260309_Day29_WellK07_Channel405nm Binned,561nm Binned,488nm Binned_Seq0130.nd2","20260309_090353_210/260309_Day29_WellK07_Channel405nm Binned,561nm Binned,488nm Binned_Seq0130.nd2","260309_Day29_WellK07_Channel405nm Binned,561nm Binned,488nm Binned_Seq0130.nd2",.nd2,49688576,2026-03-09T09:29:52,K07,29,405nm Binned|561nm Binned|488nm Binned,Seq0130,20260309_090353_210,high,,not_requested,,,
"/Users/makennarodriguez/Documents/260213_Feb16recopy_HYdiff_landingpadlines_survival_384well1/20260309_090353_210/260309_Day29_WellK08_Channel405nm Binned,561nm Binned,488nm Binned_Seq0131.nd2","20260309_090353_210/260309_Day29_WellK08_Channel405nm Binned,561nm Binned,488nm Binned_Seq0131.nd2","260309_Day29_WellK08_Channel405nm Binned,561nm Binned,488nm Binned_Seq0131.nd2",.nd2,49688576,2026-03-09T09:30:04,K08,29,405nm Binned|561nm Binned|488nm Binned,Seq0131,20260309_090353_210,high,,not_requested,,,
"/Users/makennarodriguez/Documents/260213_Feb16recopy_HYdiff_landingpadlines_survival_384well1/20260309_090353_210/260309_Day29_WellK09_Channel405nm Binned,561nm Binned,488nm Binned_Seq0132.nd2","20260309_090353_210/260309_Day29_WellK09_Channel405nm Binned,561nm Binned,488nm Binned_Seq0132.nd2","260309_Day29_WellK09_Channel405nm Binned,561nm Binned,488nm Binned_Seq0132.nd2",.nd2,49688576,2026-03-09T09:30:16,K09,29,405nm Binned|561nm Binned|488nm Binned,Seq0132,20260309_090353_210,high,,not_requested,,,
"/Users/makennarodriguez/Documents/260213_Feb16recopy_HYdiff_landingpadlines_survival_384well1/20260309_090353_210/260309_Day29_WellK10_Channel405nm Binned,561nm Binned,488nm Binned_Seq0133.nd2","20260309_090353_210/260309_Day29_WellK10_Channel405nm Binned,561nm Binned,488nm Binned_Seq0133.nd2","260309_Day29_WellK10_Channel405nm Binned,561nm Binned,488nm Binned_Seq0133.nd2",.nd2,49688576,2026-03-09T09:30:26,K10,29,405nm Binned|561nm Binned|488nm Binned,Seq0133,20260309_090353_210,high,,not_requested,,,
"/Users/makennarodriguez/Documents/260213_Feb16recopy_HYdiff_landingpadlines_survival_384well1/20260309_090353_210/260309_Day29_WellK11_Channel405nm Binned,561nm Binned,488nm Binned_Seq0134.nd2","20260309_090353_210/260309_Day29_WellK11_Channel405nm Binned,561nm Binned,488nm Binned_Seq0134.nd2","260309_Day29_WellK11_Channel405nm Binned,561nm Binned,488nm Binned_Seq0134.nd2",.nd2,49688576,2026-03-09T09:30:38,K11,29,405nm Binned|561nm Binned|488nm Binned,Seq0134,20260309_090353_210,high,,not_requested,,,
"/Users/makennarodriguez/Documents/260213_Feb16recopy_HYdiff_landingpadlines_survival_384well1/20260309_090353_210/260309_Day29_WellK12_Channel405nm Binned,561nm Binned,488nm Binned_Seq0135.nd2","20260309_090353_210/260309_Day29_WellK12_Channel405nm Binned,561nm Binned,488nm Binned_Seq0135.nd2","260309_Day29_WellK12_Channel405nm Binned,561nm Binned,488nm Binned_Seq0135.nd2",.nd2,49688576,2026-03-09T09:30:50,K12,29,405nm Binned|561nm Binned|488nm Binned,Seq0135,20260309_090353_210,high,,not_requested,,,
"/Users/makennarodriguez/Documents/260213_Feb16recopy_HYdiff_landingpadlines_survival_384well1/20260309_090353_210/260309_Day29_WellK13_Channel405nm Binned,561nm Binned,488nm Binned_Seq0136.nd2","20260309_090353_210/260309_Day29_WellK13_Channel405nm Binned,561nm Binned,488nm Binned_Seq0136.nd2","260309_Day29_WellK13_Channel405nm Binned,561nm Binned,488nm Binned_Seq0136.nd2",.nd2,49688576,2026-03-09T09:31:00,K13,29,405nm Binned|561nm Binned|488nm Binned,Seq0136,20260309_090353_210,high,,not_requested,,,
"/Users/makennarodriguez/Documents/260213_Feb16recopy_HYdiff_landingpadlines_survival_384well1/20260309_090353_210/260309_Day29_WellK14_Channel405nm Binned,561nm Binned,488nm Binned_Seq0137.nd2","20260309_090353_210/260309_Day29_WellK14_Channel405nm Binned,561nm Binned,488nm Binned_Seq0137.nd2","260309_Day29_WellK14_Channel405nm Binned,561nm Binned,488nm Binned_Seq0137.nd2",.nd2,49688576,2026-03-09T09:31:12,K14,29,405nm Binned|561nm Binned|488nm Binned,Seq0137,20260309_090353_210,high,,not_requested,,,
"/Users/makennarodriguez/Documents/260213_Feb16recopy_HYdiff_landingpadlines_survival_384well1/20260309_090353_210/260309_Day29_WellK15_Channel405nm Binned,561nm Binned,488nm Binned_Seq0138.nd2","20260309_090353_210/260309_Day29_WellK15_Channel405nm Binned,561nm Binned,488nm Binned_Seq0138.nd2","260309_Day29_WellK15_Channel405nm Binned,561nm Binned,488nm Binned_Seq0138.nd2",.nd2,49688576,2026-03-09T09:31:24,K15,29,405nm Binned|561nm Binned|488nm Binned,Seq0138,20260309_090353_210,high,,not_requested,,,
"/Users/makennarodriguez/Documents/260213_Feb16recopy_HYdiff_landingpadlines_survival_384well1/20260309_090353_210/260309_Day29_WellK16_Channel405nm Binned,561nm Binned,488nm Binned_Seq0139.nd2","20260309_090353_210/260309_Day29_WellK16_Channel405nm Binned,561nm Binned,488nm Binned_Seq0139.nd2","260309_Day29_WellK16_Channel405nm Binned,561nm Binned,488nm Binned_Seq0139.nd2",.nd2,49688576,2026-03-09T09:31:36,K16,29,405nm Binned|561nm Binned|488nm Binned,Seq0139,20260309_090353_210,high,,not_requested,,,
"/Users/makennarodriguez/Documents/260213_Feb16recopy_HYdiff_landingpadlines_survival_384well1/20260309_090353_210/260309_Day29_WellK17_Channel405nm Binned,561nm Binned,488nm Binned_Seq0140.nd2","20260309_090353_210/260309_Day29_WellK17_Channel405nm Binned,561nm Binned,488nm Binned_Seq0140.nd2","260309_Day29_WellK17_Channel405nm Binned,561nm Binned,488nm Binned_Seq0140.nd2",.nd2,49688576,2026-03-09T09:31:46,K17,29,405nm Binned|561nm Binned|488nm Binned,Seq0140,20260309_090353_210,high,,not_requested,,,
"/Users/makennarodriguez/Documents/260213_Feb16recopy_HYdiff_landingpadlines_survival_384well1/20260309_090353_210/260309_Day29_WellK18_Channel405nm Binned,561nm Binned,488nm Binned_Seq0141.nd2","20260309_090353_210/260309_Day29_WellK18_Channel405nm Binned,561nm Binned,488nm Binned_Seq0141.nd2","260309_Day29_WellK18_Channel405nm Binned,561nm Binned,488nm Binned_Seq0141.nd2",.nd2,49688576,2026-03-09T09:31:58,K18,29,405nm Binned|561nm Binned|488nm Binned,Seq0141,20260309_090353_210,high,,not_requested,,,
"/Users/makennarodriguez/Documents/260213_Feb16recopy_HYdiff_landingpadlines_survival_384well1/20260309_090353_210/260309_Day29_WellK19_Channel405nm Binned,561nm Binned,488nm Binned_Seq0142.nd2","20260309_090353_210/260309_Day29_WellK19_Channel405nm Binned,561nm Binned,488nm Binned_Seq0142.nd2","260309_Day29_WellK19_Channel405nm Binned,561nm Binned,488nm Binned_Seq0142.nd2",.nd2,49688576,2026-03-09T09:32:10,K19,29,405nm Binned|561nm Binned|488nm Binned,Seq0142,20260309_090353_210,high,,not_requested,,,
"/Users/makennarodriguez/Documents/260213_Feb16recopy_HYdiff_landingpadlines_survival_384well1/20260309_090353_210/260309_Day29_WellK20_Channel405nm Binned,561nm Binned,488nm Binned_Seq0143.nd2","20260309_090353_210/260309_Day29_WellK20_Channel405nm Binned,561nm Binned,488nm Binned_Seq0143.nd2","260309_Day29_WellK20_Channel405nm Binned,561nm Binned,488nm Binned_Seq0143.nd2",.nd2,49688576,2026-03-09T09:32:22,K20,29,405nm Binned|561nm Binned|488nm Binned,Seq0143,20260309_090353_210,high,,not_requested,,,
"/Users/makennarodriguez/Documents/260213_Feb16recopy_HYdiff_landingpadlines_survival_384well1/20260309_090353_210/260309_Day29_WellL05_Channel405nm Binned,561nm Binned,488nm Binned_Seq0144.nd2","20260309_090353_210/260309_Day29_WellL05_Channel405nm Binned,561nm Binned,488nm Binned_Seq0144.nd2","260309_Day29_WellL05_Channel405nm Binned,561nm Binned,488nm Binned_Seq0144.nd2",.nd2,49688576,2026-03-09T09:32:36,L05,29,405nm Binned|561nm Binned|488nm Binned,Seq0144,20260309_090353_210,high,,not_requested,,,
"/Users/makennarodriguez/Documents/260213_Feb16recopy_HYdiff_landingpadlines_survival_384well1/20260309_090353_210/260309_Day29_WellL06_Channel405nm Binned,561nm Binned,488nm Binned_Seq0145.nd2","20260309_090353_210/260309_Day29_WellL06_Channel405nm Binned,561nm Binned,488nm Binned_Seq0145.nd2","260309_Day29_WellL06_Channel405nm Binned,561nm Binned,488nm Binned_Seq0145.nd2",.nd2,49688576,2026-03-09T09:32:48,L06,29,405nm Binned|561nm Binned|488nm Binned,Seq0145,20260309_090353_210,high,,not_requested,,,
"/Users/makennarodriguez/Documents/260213_Feb16recopy_HYdiff_landingpadlines_survival_384well1/20260309_090353_210/260309_Day29_WellL07_Channel405nm Binned,561nm Binned,488nm Binned_Seq0146.nd2","20260309_090353_210/260309_Day29_WellL07_Channel405nm Binned,561nm Binned,488nm Binned_Seq0146.nd2","260309_Day29_WellL07_Channel405nm Binned,561nm Binned,488nm Binned_Seq0146.nd2",.nd2,49688576,2026-03-09T09:33:00,L07,29,405nm Binned|561nm Binned|488nm Binned,Seq0146,20260309_090353_210,high,,not_requested,,,
"/Users/makennarodriguez/Documents/260213_Feb16recopy_HYdiff_landingpadlines_survival_384well1/20260309_090353_210/260309_Day29_WellL08_Channel405nm Binned,561nm Binned,488nm Binned_Seq0147.nd2","20260309_090353_210/260309_Day29_WellL08_Channel405nm Binned,561nm Binned,488nm Binned_Seq0147.nd2","260309_Day29_WellL08_Channel405nm Binned,561nm Binned,488nm Binned_Seq0147.nd2",.nd2,49688576,2026-03-09T09:33:12,L08,29,405nm Binned|561nm Binned|488nm Binned,Seq0147,20260309_090353_210,high,,not_requested,,,
"/Users/makennarodriguez/Documents/260213_Feb16recopy_HYdiff_landingpadlines_survival_384well1/20260309_090353_210/260309_Day29_WellL09_Channel405nm Binned,561nm Binned,488nm Binned_Seq0148.nd2","20260309_090353_210/260309_Day29_WellL09_Channel405nm Binned,561nm Binned,488nm Binned_Seq0148.nd2","260309_Day29_WellL09_Channel405nm Binned,561nm Binned,488nm Binned_Seq0148.nd2",.nd2,49688576,2026-03-09T09:33:22,L09,29,405nm Binned|561nm Binned|488nm Binned,Seq0148,20260309_090353_210,high,,not_requested,,,
"/Users/makennarodriguez/Documents/260213_Feb16recopy_HYdiff_landingpadlines_survival_384well1/20260309_090353_210/260309_Day29_WellL10_Channel405nm Binned,561nm Binned,488nm Binned_Seq0149.nd2","20260309_090353_210/260309_Day29_WellL10_Channel405nm Binned,561nm Binned,488nm Binned_Seq0149.nd2","260309_Day29_WellL10_Channel405nm Binned,561nm Binned,488nm Binned_Seq0149.nd2",.nd2,49688576,2026-03-09T09:33:34,L10,29,405nm Binned|561nm Binned|488nm Binned,Seq0149,20260309_090353_210,high,,not_requested,,,
"/Users/makennarodriguez/Documents/260213_Feb16recopy_HYdiff_landingpadlines_survival_384well1/20260309_090353_210/260309_Day29_WellL11_Channel405nm Binned,561nm Binned,488nm Binned_Seq0150.nd2","20260309_090353_210/260309_Day29_WellL11_Channel405nm Binned,561nm Binned,488nm Binned_Seq0150.nd2","260309_Day29_WellL11_Channel405nm Binned,561nm Binned,488nm Binned_Seq0150.nd2",.nd2,49688576,2026-03-09T09:33:46,L11,29,405nm Binned|561nm Binned|488nm Binned,Seq0150,20260309_090353_210,high,,not_requested,,,
"/Users/makennarodriguez/Documents/260213_Feb16recopy_HYdiff_landingpadlines_survival_384well1/20260309_090353_210/260309_Day29_WellL12_Channel405nm Binned,561nm Binned,488nm Binned_Seq0151.nd2","20260309_090353_210/260309_Day29_WellL12_Channel405nm Binned,561nm Binned,488nm Binned_Seq0151.nd2","260309_Day29_WellL12_Channel405nm Binned,561nm Binned,488nm Binned_Seq0151.nd2",.nd2,49688576,2026-03-09T09:33:58,L12,29,405nm Binned|561nm Binned|488nm Binned,Seq0151,20260309_090353_210,high,,not_requested,,,
"/Users/makennarodriguez/Documents/260213_Feb16recopy_HYdiff_landingpadlines_survival_384well1/20260309_090353_210/260309_Day29_WellL13_Channel405nm Binned,561nm Binned,488nm Binned_Seq0152.nd2","20260309_090353_210/260309_Day29_WellL13_Channel405nm Binned,561nm Binned,488nm Binned_Seq0152.nd2","260309_Day29_WellL13_Channel405nm Binned,561nm Binned,488nm Binned_Seq0152.nd2",.nd2,49688576,2026-03-09T09:34:08,L13,29,405nm Binned|561nm Binned|488nm Binned,Seq0152,20260309_090353_210,high,,not_requested,,,
"/Users/makennarodriguez/Documents/260213_Feb16recopy_HYdiff_landingpadlines_survival_384well1/20260309_090353_210/260309_Day29_WellL14_Channel405nm Binned,561nm Binned,488nm Binned_Seq0153.nd2","20260309_090353_210/260309_Day29_WellL14_Channel405nm Binned,561nm Binned,488nm Binned_Seq0153.nd2","260309_Day29_WellL14_Channel405nm Binned,561nm Binned,488nm Binned_Seq0153.nd2",.nd2,49688576,2026-03-09T09:34:20,L14,29,405nm Binned|561nm Binned|488nm Binned,Seq0153,20260309_090353_210,high,,not_requested,,,
"/Users/makennarodriguez/Documents/260213_Feb16recopy_HYdiff_landingpadlines_survival_384well1/20260309_090353_210/260309_Day29_WellL15_Channel405nm Binned,561nm Binned,488nm Binned_Seq0154.nd2","20260309_090353_210/260309_Day29_WellL15_Channel405nm Binned,561nm Binned,488nm Binned_Seq0154.nd2","260309_Day29_WellL15_Channel405nm Binned,561nm Binned,488nm Binned_Seq0154.nd2",.nd2,49688576,2026-03-09T09:34:32,L15,29,405nm Binned|561nm Binned|488nm Binned,Seq0154,20260309_090353_210,high,,not_requested,,,
"/Users/makennarodriguez/Documents/260213_Feb16recopy_HYdiff_landingpadlines_survival_384well1/20260309_090353_210/260309_Day29_WellL16_Channel405nm Binned,561nm Binned,488nm Binned_Seq0155.nd2","20260309_090353_210/260309_Day29_WellL16_Channel405nm Binned,561nm Binned,488nm Binned_Seq0155.nd2","260309_Day29_WellL16_Channel405nm Binned,561nm Binned,488nm Binned_Seq0155.nd2",.nd2,49688576,2026-03-09T09:34:42,L16,29,405nm Binned|561nm Binned|488nm Binned,Seq0155,20260309_090353_210,high,,not_requested,,,
"/Users/makennarodriguez/Documents/260213_Feb16recopy_HYdiff_landingpadlines_survival_384well1/20260309_090353_210/260309_Day29_WellL17_Channel405nm Binned,561nm Binned,488nm Binned_Seq0156.nd2","20260309_090353_210/260309_Day29_WellL17_Channel405nm Binned,561nm Binned,488nm Binned_Seq0156.nd2","260309_Day29_WellL17_Channel405nm Binned,561nm Binned,488nm Binned_Seq0156.nd2",.nd2,49688576,2026-03-09T09:34:54,L17,29,405nm Binned|561nm Binned|488nm Binned,Seq0156,20260309_090353_210,high,,not_requested,,,
"/Users/makennarodriguez/Documents/260213_Feb16recopy_HYdiff_landingpadlines_survival_384well1/20260309_090353_210/260309_Day29_WellL18_Channel405nm Binned,561nm Binned,488nm Binned_Seq0157.nd2","20260309_090353_210/260309_Day29_WellL18_Channel405nm Binned,561nm Binned,488nm Binned_Seq0157.nd2","260309_Day29_WellL18_Channel405nm Binned,561nm Binned,488nm Binned_Seq0157.nd2",.nd2,49688576,2026-03-09T09:35:06,L18,29,405nm Binned|561nm Binned|488nm Binned,Seq0157,20260309_090353_210,high,,not_requested,,,
"/Users/makennarodriguez/Documents/260213_Feb16recopy_HYdiff_landingpadlines_survival_384well1/20260309_090353_210/260309_Day29_WellL19_Channel405nm Binned,561nm Binned,488nm Binned_Seq0158.nd2","20260309_090353_210/260309_Day29_WellL19_Channel405nm Binned,561nm Binned,488nm Binned_Seq0158.nd2","260309_Day29_WellL19_Channel405nm Binned,561nm Binned,488nm Binned_Seq0158.nd2",.nd2,49688576,2026-03-09T09:35:16,L19,29,405nm Binned|561nm Binned|488nm Binned,Seq0158,20260309_090353_210,high,,not_requested,,,
"/Users/makennarodriguez/Documents/260213_Feb16recopy_HYdiff_landingpadlines_survival_384well1/20260309_090353_210/260309_Day29_WellL20_Channel405nm Binned,561nm Binned,488nm Binned_Seq0159.nd2","20260309_090353_210/260309_Day29_WellL20_Channel405nm Binned,561nm Binned,488nm Binned_Seq0159.nd2","260309_Day29_WellL20_Channel405nm Binned,561nm Binned,488nm Binned_Seq0159.nd2",.nd2,49688576,2026-03-09T09:35:28,L20,29,405nm Binned|561nm Binned|488nm Binned,Seq0159,20260309_090353_210,high,,not_requested,,,
"/Users/makennarodriguez/Documents/260213_Feb16recopy_HYdiff_landingpadlines_survival_384well1/20260309_090353_210/260309_Day29_WellM05_Channel405nm Binned,561nm Binned,488nm Binned_Seq0160.nd2","20260309_090353_210/260309_Day29_WellM05_Channel405nm Binned,561nm Binned,488nm Binned_Seq0160.nd2","260309_Day29_WellM05_Channel405nm Binned,561nm Binned,488nm Binned_Seq0160.nd2",.nd2,49688576,2026-03-09T09:35:42,M05,29,405nm Binned|561nm Binned|488nm Binned,Seq0160,20260309_090353_210,high,,not_requested,,,
"/Users/makennarodriguez/Documents/260213_Feb16recopy_HYdiff_landingpadlines_survival_384well1/20260309_090353_210/260309_Day29_WellM06_Channel405nm Binned,561nm Binned,488nm Binned_Seq0161.nd2","20260309_090353_210/260309_Day29_WellM06_Channel405nm Binned,561nm Binned,488nm Binned_Seq0161.nd2","260309_Day29_WellM06_Channel405nm Binned,561nm Binned,488nm Binned_Seq0161.nd2",.nd2,49688576,2026-03-09T09:35:54,M06,29,405nm Binned|561nm Binned|488nm Binned,Seq0161,20260309_090353_210,high,,not_requested,,,
"/Users/makennarodriguez/Documents/260213_Feb16recopy_HYdiff_landingpadlines_survival_384well1/20260309_090353_210/260309_Day29_WellM07_Channel405nm Binned,561nm Binned,488nm Binned_Seq0162.nd2","20260309_090353_210/260309_Day29_WellM07_Channel405nm Binned,561nm Binned,488nm Binned_Seq0162.nd2","260309_Day29_WellM07_Channel405nm Binned,561nm Binned,488nm Binned_Seq0162.nd2",.nd2,49688576,2026-03-09T09:36:06,M07,29,405nm Binned|561nm Binned|488nm Binned,Seq0162,20260309_090353_210,high,,not_requested,,,
"/Users/makennarodriguez/Documents/260213_Feb16recopy_HYdiff_landingpadlines_survival_384well1/20260309_090353_210/260309_Day29_WellM08_Channel405nm Binned,561nm Binned,488nm Binned_Seq0163.nd2","20260309_090353_210/260309_Day29_WellM08_Channel405nm Binned,561nm Binned,488nm Binned_Seq0163.nd2","260309_Day29_WellM08_Channel405nm Binned,561nm Binned,488nm Binned_Seq0163.nd2",.nd2,49688576,2026-03-09T09:36:18,M08,29,405nm Binned|561nm Binned|488nm Binned,Seq0163,20260309_090353_210,high,,not_requested,,,
"/Users/makennarodriguez/Documents/260213_Feb16recopy_HYdiff_landingpadlines_survival_384well1/20260309_090353_210/260309_Day29_WellM09_Channel405nm Binned,561nm Binned,488nm Binned_Seq0164.nd2","20260309_090353_210/260309_Day29_WellM09_Channel405nm Binned,561nm Binned,488nm Binned_Seq0164.nd2","260309_Day29_WellM09_Channel405nm Binned,561nm Binned,488nm Binned_Seq0164.nd2",.nd2,49688576,2026-03-09T09:36:30,M09,29,405nm Binned|561nm Binned|488nm Binned,Seq0164,20260309_090353_210,high,,not_requested,,,
"/Users/makennarodriguez/Documents/260213_Feb16recopy_HYdiff_landingpadlines_survival_384well1/20260309_090353_210/260309_Day29_WellM10_Channel405nm Binned,561nm Binned,488nm Binned_Seq0165.nd2","20260309_090353_210/260309_Day29_WellM10_Channel405nm Binned,561nm Binned,488nm Binned_Seq0165.nd2","260309_Day29_WellM10_Channel405nm Binned,561nm Binned,488nm Binned_Seq0165.nd2",.nd2,49688576,2026-03-09T09:36:40,M10,29,405nm Binned|561nm Binned|488nm Binned,Seq0165,20260309_090353_210,high,,not_requested,,,
"/Users/makennarodriguez/Documents/260213_Feb16recopy_HYdiff_landingpadlines_survival_384well1/20260309_090353_210/260309_Day29_WellM11_Channel405nm Binned,561nm Binned,488nm Binned_Seq0166.nd2","20260309_090353_210/260309_Day29_WellM11_Channel405nm Binned,561nm Binned,488nm Binned_Seq0166.nd2","260309_Day29_WellM11_Channel405nm Binned,561nm Binned,488nm Binned_Seq0166.nd2",.nd2,49688576,2026-03-09T09:36:52,M11,29,405nm Binned|561nm Binned|488nm Binned,Seq0166,20260309_090353_210,high,,not_requested,,,
"/Users/makennarodriguez/Documents/260213_Feb16recopy_HYdiff_landingpadlines_survival_384well1/20260309_090353_210/260309_Day29_WellM12_Channel405nm Binned,561nm Binned,488nm Binned_Seq0167.nd2","20260309_090353_210/260309_Day29_WellM12_Channel405nm Binned,561nm Binned,488nm Binned_Seq0167.nd2","260309_Day29_WellM12_Channel405nm Binned,561nm Binned,488nm Binned_Seq0167.nd2",.nd2,49688576,2026-03-09T09:37:04,M12,29,405nm Binned|561nm Binned|488nm Binned,Seq0167,20260309_090353_210,high,,not_requested,,,
"/Users/makennarodriguez/Documents/260213_Feb16recopy_HYdiff_landingpadlines_survival_384well1/20260309_090353_210/260309_Day29_WellM13_Channel405nm Binned,561nm Binned,488nm Binned_Seq0168.nd2","20260309_090353_210/260309_Day29_WellM13_Channel405nm Binned,561nm Binned,488nm Binned_Seq0168.nd2","260309_Day29_WellM13_Channel405nm Binned,561nm Binned,488nm Binned_Seq0168.nd2",.nd2,49688576,2026-03-09T09:37:16,M13,29,405nm Binned|561nm Binned|488nm Binned,Seq0168,20260309_090353_210,high,,not_requested,,,
"/Users/makennarodriguez/Documents/260213_Feb16recopy_HYdiff_landingpadlines_survival_384well1/20260309_090353_210/260309_Day29_WellM14_Channel405nm Binned,561nm Binned,488nm Binned_Seq0169.nd2","20260309_090353_210/260309_Day29_WellM14_Channel405nm Binned,561nm Binned,488nm Binned_Seq0169.nd2","260309_Day29_WellM14_Channel405nm Binned,561nm Binned,488nm Binned_Seq0169.nd2",.nd2,49688576,2026-03-09T09:37:28,M14,29,405nm Binned|561nm Binned|488nm Binned,Seq0169,20260309_090353_210,high,,not_requested,,,
"/Users/makennarodriguez/Documents/260213_Feb16recopy_HYdiff_landingpadlines_survival_384well1/20260309_090353_210/260309_Day29_WellM15_Channel405nm Binned,561nm Binned,488nm Binned_Seq0170.nd2","20260309_090353_210/260309_Day29_WellM15_Channel405nm Binned,561nm Binned,488nm Binned_Seq0170.nd2","260309_Day29_WellM15_Channel405nm Binned,561nm Binned,488nm Binned_Seq0170.nd2",.nd2,49688576,2026-03-09T09:37:38,M15,29,405nm Binned|561nm Binned|488nm Binned,Seq0170,20260309_090353_210,high,,not_requested,,,
"/Users/makennarodriguez/Documents/260213_Feb16recopy_HYdiff_landingpadlines_survival_384well1/20260309_090353_210/260309_Day29_WellM16_Channel405nm Binned,561nm Binned,488nm Binned_Seq0171.nd2","20260309_090353_210/260309_Day29_WellM16_Channel405nm Binned,561nm Binned,488nm Binned_Seq0171.nd2","260309_Day29_WellM16_Channel405nm Binned,561nm Binned,488nm Binned_Seq0171.nd2",.nd2,49688576,2026-03-09T09:37:50,M16,29,405nm Binned|561nm Binned|488nm Binned,Seq0171,20260309_090353_210,high,,not_requested,,,
"/Users/makennarodriguez/Documents/260213_Feb16recopy_HYdiff_landingpadlines_survival_384well1/20260309_090353_210/260309_Day29_WellM17_Channel405nm Binned,561nm Binned,488nm Binned_Seq0172.nd2","20260309_090353_210/260309_Day29_WellM17_Channel405nm Binned,561nm Binned,488nm Binned_Seq0172.nd2","260309_Day29_WellM17_Channel405nm Binned,561nm Binned,488nm Binned_Seq0172.nd2",.nd2,49688576,2026-03-09T09:38:02,M17,29,405nm Binned|561nm Binned|488nm Binned,Seq0172,20260309_090353_210,high,,not_requested,,,
"/Users/makennarodriguez/Documents/260213_Feb16recopy_HYdiff_landingpadlines_survival_384well1/20260309_090353_210/260309_Day29_WellM18_Channel405nm Binned,561nm Binned,488nm Binned_Seq0173.nd2","20260309_090353_210/260309_Day29_WellM18_Channel405nm Binned,561nm Binned,488nm Binned_Seq0173.nd2","260309_Day29_WellM18_Channel405nm Binned,561nm Binned,488nm Binned_Seq0173.nd2",.nd2,49688576,2026-03-09T09:38:12,M18,29,405nm Binned|561nm Binned|488nm Binned,Seq0173,20260309_090353_210,high,,not_requested,,,
"/Users/makennarodriguez/Documents/260213_Feb16recopy_HYdiff_landingpadlines_survival_384well1/20260309_090353_210/260309_Day29_WellM19_Channel405nm Binned,561nm Binned,488nm Binned_Seq0174.nd2","20260309_090353_210/260309_Day29_WellM19_Channel405nm Binned,561nm Binned,488nm Binned_Seq0174.nd2","260309_Day29_WellM19_Channel405nm Binned,561nm Binned,488nm Binned_Seq0174.nd2",.nd2,49688576,2026-03-09T09:38:24,M19,29,405nm Binned|561nm Binned|488nm Binned,Seq0174,20260309_090353_210,high,,not_requested,,,
"/Users/makennarodriguez/Documents/260213_Feb16recopy_HYdiff_landingpadlines_survival_384well1/20260309_090353_210/260309_Day29_WellM20_Channel405nm Binned,561nm Binned,488nm Binned_Seq0175.nd2","20260309_090353_210/260309_Day29_WellM20_Channel405nm Binned,561nm Binned,488nm Binned_Seq0175.nd2","260309_Day29_WellM20_Channel405nm Binned,561nm Binned,488nm Binned_Seq0175.nd2",.nd2,49688576,2026-03-09T09:38:36,M20,29,405nm Binned|561nm Binned|488nm Binned,Seq0175,20260309_090353_210,high,,not_requested,,,
"/Users/makennarodriguez/Documents/260213_Feb16recopy_HYdiff_landingpadlines_survival_384well1/20260309_090353_210/260309_Day29_WellN05_Channel405nm Binned,561nm Binned,488nm Binned_Seq0176.nd2","20260309_090353_210/260309_Day29_WellN05_Channel405nm Binned,561nm Binned,488nm Binned_Seq0176.nd2","260309_Day29_WellN05_Channel405nm Binned,561nm Binned,488nm Binned_Seq0176.nd2",.nd2,49688576,2026-03-09T09:38:50,N05,29,405nm Binned|561nm Binned|488nm Binned,Seq0176,20260309_090353_210,high,,not_requested,,,
"/Users/makennarodriguez/Documents/260213_Feb16recopy_HYdiff_landingpadlines_survival_384well1/20260309_090353_210/260309_Day29_WellN06_Channel405nm Binned,561nm Binned,488nm Binned_Seq0177.nd2","20260309_090353_210/260309_Day29_WellN06_Channel405nm Binned,561nm Binned,488nm Binned_Seq0177.nd2","260309_Day29_WellN06_Channel405nm Binned,561nm Binned,488nm Binned_Seq0177.nd2",.nd2,49688576,2026-03-09T09:39:02,N06,29,405nm Binned|561nm Binned|488nm Binned,Seq0177,20260309_090353_210,high,,not_requested,,,
"/Users/makennarodriguez/Documents/260213_Feb16recopy_HYdiff_landingpadlines_survival_384well1/20260309_090353_210/260309_Day29_WellN07_Channel405nm Binned,561nm Binned,488nm Binned_Seq0178.nd2","20260309_090353_210/260309_Day29_WellN07_Channel405nm Binned,561nm Binned,488nm Binned_Seq0178.nd2","260309_Day29_WellN07_Channel405nm Binned,561nm Binned,488nm Binned_Seq0178.nd2",.nd2,49688576,2026-03-09T09:39:14,N07,29,405nm Binned|561nm Binned|488nm Binned,Seq0178,20260309_090353_210,high,,not_requested,,,
"/Users/makennarodriguez/Documents/260213_Feb16recopy_HYdiff_landingpadlines_survival_384well1/20260309_090353_210/260309_Day29_WellN08_Channel405nm Binned,561nm Binned,488nm Binned_Seq0179.nd2","20260309_090353_210/260309_Day29_WellN08_Channel405nm Binned,561nm Binned,488nm Binned_Seq0179.nd2","260309_Day29_WellN08_Channel405nm Binned,561nm Binned,488nm Binned_Seq0179.nd2",.nd2,49688576,2026-03-09T09:39:26,N08,29,405nm Binned|561nm Binned|488nm Binned,Seq0179,20260309_090353_210,high,,not_requested,,,
"/Users/makennarodriguez/Documents/260213_Feb16recopy_HYdiff_landingpadlines_survival_384well1/20260309_090353_210/260309_Day29_WellN09_Channel405nm Binned,561nm Binned,488nm Binned_Seq0180.nd2","20260309_090353_210/260309_Day29_WellN09_Channel405nm Binned,561nm Binned,488nm Binned_Seq0180.nd2","260309_Day29_WellN09_Channel405nm Binned,561nm Binned,488nm Binned_Seq0180.nd2",.nd2,49688576,2026-03-09T09:39:36,N09,29,405nm Binned|561nm Binned|488nm Binned,Seq0180,20260309_090353_210,high,,not_requested,,,
"/Users/makennarodriguez/Documents/260213_Feb16recopy_HYdiff_landingpadlines_survival_384well1/20260309_090353_210/260309_Day29_WellN10_Channel405nm Binned,561nm Binned,488nm Binned_Seq0181.nd2","20260309_090353_210/260309_Day29_WellN10_Channel405nm Binned,561nm Binned,488nm Binned_Seq0181.nd2","260309_Day29_WellN10_Channel405nm Binned,561nm Binned,488nm Binned_Seq0181.nd2",.nd2,49688576,2026-03-09T09:39:48,N10,29,405nm Binned|561nm Binned|488nm Binned,Seq0181,20260309_090353_210,high,,not_requested,,,
"/Users/makennarodriguez/Documents/260213_Feb16recopy_HYdiff_landingpadlines_survival_384well1/20260309_090353_210/260309_Day29_WellN11_Channel405nm Binned,561nm Binned,488nm Binned_Seq0182.nd2","20260309_090353_210/260309_Day29_WellN11_Channel405nm Binned,561nm Binned,488nm Binned_Seq0182.nd2","260309_Day29_WellN11_Channel405nm Binned,561nm Binned,488nm Binned_Seq0182.nd2",.nd2,49688576,2026-03-09T09:40:00,N11,29,405nm Binned|561nm Binned|488nm Binned,Seq0182,20260309_090353_210,high,,not_requested,,,
"/Users/makennarodriguez/Documents/260213_Feb16recopy_HYdiff_landingpadlines_survival_384well1/20260309_090353_210/260309_Day29_WellN12_Channel405nm Binned,561nm Binned,488nm Binned_Seq0183.nd2","20260309_090353_210/260309_Day29_WellN12_Channel405nm Binned,561nm Binned,488nm Binned_Seq0183.nd2","260309_Day29_WellN12_Channel405nm Binned,561nm Binned,488nm Binned_Seq0183.nd2",.nd2,49688576,2026-03-09T09:40:12,N12,29,405nm Binned|561nm Binned|488nm Binned,Seq0183,20260309_090353_210,high,,not_requested,,,
"/Users/makennarodriguez/Documents/260213_Feb16recopy_HYdiff_landingpadlines_survival_384well1/20260309_090353_210/260309_Day29_WellN13_Channel405nm Binned,561nm Binned,488nm Binned_Seq0184.nd2","20260309_090353_210/260309_Day29_WellN13_Channel405nm Binned,561nm Binned,488nm Binned_Seq0184.nd2","260309_Day29_WellN13_Channel405nm Binned,561nm Binned,488nm Binned_Seq0184.nd2",.nd2,49688576,2026-03-09T09:40:24,N13,29,405nm Binned|561nm Binned|488nm Binned,Seq0184,20260309_090353_210,high,,not_requested,,,
"/Users/makennarodriguez/Documents/260213_Feb16recopy_HYdiff_landingpadlines_survival_384well1/20260309_090353_210/260309_Day29_WellN14_Channel405nm Binned,561nm Binned,488nm Binned_Seq0185.nd2","20260309_090353_210/260309_Day29_WellN14_Channel405nm Binned,561nm Binned,488nm Binned_Seq0185.nd2","260309_Day29_WellN14_Channel405nm Binned,561nm Binned,488nm Binned_Seq0185.nd2",.nd2,49688576,2026-03-09T09:40:34,N14,29,405nm Binned|561nm Binned|488nm Binned,Seq0185,20260309_090353_210,high,,not_requested,,,
"/Users/makennarodriguez/Documents/260213_Feb16recopy_HYdiff_landingpadlines_survival_384well1/20260309_090353_210/260309_Day29_WellN15_Channel405nm Binned,561nm Binned,488nm Binned_Seq0186.nd2","20260309_090353_210/260309_Day29_WellN15_Channel405nm Binned,561nm Binned,488nm Binned_Seq0186.nd2","260309_Day29_WellN15_Channel405nm Binned,561nm Binned,488nm Binned_Seq0186.nd2",.nd2,49688576,2026-03-09T09:40:46,N15,29,405nm Binned|561nm Binned|488nm Binned,Seq0186,20260309_090353_210,high,,not_requested,,,
"/Users/makennarodriguez/Documents/260213_Feb16recopy_HYdiff_landingpadlines_survival_384well1/20260309_090353_210/260309_Day29_WellN16_Channel405nm Binned,561nm Binned,488nm Binned_Seq0187.nd2","20260309_090353_210/260309_Day29_WellN16_Channel405nm Binned,561nm Binned,488nm Binned_Seq0187.nd2","260309_Day29_WellN16_Channel405nm Binned,561nm Binned,488nm Binned_Seq0187.nd2",.nd2,49688576,2026-03-09T09:40:58,N16,29,405nm Binned|561nm Binned|488nm Binned,Seq0187,20260309_090353_210,high,,not_requested,,,
"/Users/makennarodriguez/Documents/260213_Feb16recopy_HYdiff_landingpadlines_survival_384well1/20260309_090353_210/260309_Day29_WellN17_Channel405nm Binned,561nm Binned,488nm Binned_Seq0188.nd2","20260309_090353_210/260309_Day29_WellN17_Channel405nm Binned,561nm Binned,488nm Binned_Seq0188.nd2","260309_Day29_WellN17_Channel405nm Binned,561nm Binned,488nm Binned_Seq0188.nd2",.nd2,49688576,2026-03-09T09:41:10,N17,29,405nm Binned|561nm Binned|488nm Binned,Seq0188,20260309_090353_210,high,,not_requested,,,
"/Users/makennarodriguez/Documents/260213_Feb16recopy_HYdiff_landingpadlines_survival_384well1/20260309_090353_210/260309_Day29_WellN18_Channel405nm Binned,561nm Binned,488nm Binned_Seq0189.nd2","20260309_090353_210/260309_Day29_WellN18_Channel405nm Binned,561nm Binned,488nm Binned_Seq0189.nd2","260309_Day29_WellN18_Channel405nm Binned,561nm Binned,488nm Binned_Seq0189.nd2",.nd2,49688576,2026-03-09T09:41:20,N18,29,405nm Binned|561nm Binned|488nm Binned,Seq0189,20260309_090353_210,high,,not_requested,,,
"/Users/makennarodriguez/Documents/260213_Feb16recopy_HYdiff_landingpadlines_survival_384well1/20260309_090353_210/260309_Day29_WellN19_Channel405nm Binned,561nm Binned,488nm Binned_Seq0190.nd2","20260309_090353_210/260309_Day29_WellN19_Channel405nm Binned,561nm Binned,488nm Binned_Seq0190.nd2","260309_Day29_WellN19_Channel405nm Binned,561nm Binned,488nm Binned_Seq0190.nd2",.nd2,49688576,2026-03-09T09:41:32,N19,29,405nm Binned|561nm Binned|488nm Binned,Seq0190,20260309_090353_210,high,,not_requested,,,
"/Users/makennarodriguez/Documents/260213_Feb16recopy_HYdiff_landingpadlines_survival_384well1/20260309_090353_210/260309_Day29_WellN20_Channel405nm Binned,561nm Binned,488nm Binned_Seq0191.nd2","20260309_090353_210/260309_Day29_WellN20_Channel405nm Binned,561nm Binned,488nm Binned_Seq0191.nd2","260309_Day29_WellN20_Channel405nm Binned,561nm Binned,488nm Binned_Seq0191.nd2",.nd2,49688576,2026-03-09T09:41:44,N20,29,405nm Binned|561nm Binned|488nm Binned,Seq0191,20260309_090353_210,high,,not_requested,,,
"/Users/makennarodriguez/Documents/260213_Feb16recopy_HYdiff_landingpadlines_survival_384well1/20260312_083635_497/260312_Day32_WellC05_Channel405nm Binned,561 nm,488nm Binned_Seq0000.nd2","20260312_083635_497/260312_Day32_WellC05_Channel405nm Binned,561 nm,488nm Binned_Seq0000.nd2","260312_Day32_WellC05_Channel405nm Binned,561 nm,488nm Binned_Seq0000.nd2",.nd2,49688576,2026-03-12T08:37:06,C05,32,405nm Binned|561 nm|488nm Binned,Seq0000,20260312_083635_497,high,,not_requested,,,
"/Users/makennarodriguez/Documents/260213_Feb16recopy_HYdiff_landingpadlines_survival_384well1/20260312_083635_497/260312_Day32_WellC06_Channel405nm Binned,561 nm,488nm Binned_Seq0001.nd2","20260312_083635_497/260312_Day32_WellC06_Channel405nm Binned,561 nm,488nm Binned_Seq0001.nd2","260312_Day32_WellC06_Channel405nm Binned,561 nm,488nm Binned_Seq0001.nd2",.nd2,49688576,2026-03-12T08:37:18,C06,32,405nm Binned|561 nm|488nm Binned,Seq0001,20260312_083635_497,high,,not_requested,,,
"/Users/makennarodriguez/Documents/260213_Feb16recopy_HYdiff_landingpadlines_survival_384well1/20260312_083635_497/260312_Day32_WellC07_Channel405nm Binned,561 nm,488nm Binned_Seq0002.nd2","20260312_083635_497/260312_Day32_WellC07_Channel405nm Binned,561 nm,488nm Binned_Seq0002.nd2","260312_Day32_WellC07_Channel405nm Binned,561 nm,488nm Binned_Seq0002.nd2",.nd2,49688576,2026-03-12T08:37:28,C07,32,405nm Binned|561 nm|488nm Binned,Seq0002,20260312_083635_497,high,,not_requested,,,
"/Users/makennarodriguez/Documents/260213_Feb16recopy_HYdiff_landingpadlines_survival_384well1/20260312_083635_497/260312_Day32_WellC08_Channel405nm Binned,561 nm,488nm Binned_Seq0003.nd2","20260312_083635_497/260312_Day32_WellC08_Channel405nm Binned,561 nm,488nm Binned_Seq0003.nd2","260312_Day32_WellC08_Channel405nm Binned,561 nm,488nm Binned_Seq0003.nd2",.nd2,49688576,2026-03-12T08:37:40,C08,32,405nm Binned|561 nm|488nm Binned,Seq0003,20260312_083635_497,high,,not_requested,,,
"/Users/makennarodriguez/Documents/260213_Feb16recopy_HYdiff_landingpadlines_survival_384well1/20260312_083635_497/260312_Day32_WellC09_Channel405nm Binned,561 nm,488nm Binned_Seq0004.nd2","20260312_083635_497/260312_Day32_WellC09_Channel405nm Binned,561 nm,488nm Binned_Seq0004.nd2","260312_Day32_WellC09_Channel405nm Binned,561 nm,488nm Binned_Seq0004.nd2",.nd2,49688576,2026-03-12T08:37:50,C09,32,405nm Binned|561 nm|488nm Binned,Seq0004,20260312_083635_497,high,,not_requested,,,
"/Users/makennarodriguez/Documents/260213_Feb16recopy_HYdiff_landingpadlines_survival_384well1/20260312_083635_497/260312_Day32_WellC10_Channel405nm Binned,561 nm,488nm Binned_Seq0005.nd2","20260312_083635_497/260312_Day32_WellC10_Channel405nm Binned,561 nm,488nm Binned_Seq0005.nd2","260312_Day32_WellC10_Channel405nm Binned,561 nm,488nm Binned_Seq0005.nd2",.nd2,49688576,2026-03-12T08:38:02,C10,32,405nm Binned|561 nm|488nm Binned,Seq0005,20260312_083635_497,high,,not_requested,,,
"/Users/makennarodriguez/Documents/260213_Feb16recopy_HYdiff_landingpadlines_survival_384well1/20260312_083635_497/260312_Day32_WellC11_Channel405nm Binned,561 nm,488nm Binned_Seq0006.nd2","20260312_083635_497/260312_Day32_WellC11_Channel405nm Binned,561 nm,488nm Binned_Seq0006.nd2","260312_Day32_WellC11_Channel405nm Binned,561 nm,488nm Binned_Seq0006.nd2",.nd2,49688576,2026-03-12T08:38:14,C11,32,405nm Binned|561 nm|488nm Binned,Seq0006,20260312_083635_497,high,,not_requested,,,
"/Users/makennarodriguez/Documents/260213_Feb16recopy_HYdiff_landingpadlines_survival_384well1/20260312_083635_497/260312_Day32_WellC12_Channel405nm Binned,561 nm,488nm Binned_Seq0007.nd2","20260312_083635_497/260312_Day32_WellC12_Channel405nm Binned,561 nm,488nm Binned_Seq0007.nd2","260312_Day32_WellC12_Channel405nm Binned,561 nm,488nm Binned_Seq0007.nd2",.nd2,49688576,2026-03-12T08:38:24,C12,32,405nm Binned|561 nm|488nm Binned,Seq0007,20260312_083635_497,high,,not_requested,,,
"/Users/makennarodriguez/Documents/260213_Feb16recopy_HYdiff_landingpadlines_survival_384well1/20260312_083635_497/260312_Day32_WellC13_Channel405nm Binned,561 nm,488nm Binned_Seq0008.nd2","20260312_083635_497/260312_Day32_WellC13_Channel405nm Binned,561 nm,488nm Binned_Seq0008.nd2","260312_Day32_WellC13_Channel405nm Binned,561 nm,488nm Binned_Seq0008.nd2",.nd2,49688576,2026-03-12T08:38:36,C13,32,405nm Binned|561 nm|488nm Binned,Seq0008,20260312_083635_497,high,,not_requested,,,
"/Users/makennarodriguez/Documents/260213_Feb16recopy_HYdiff_landingpadlines_survival_384well1/20260312_083635_497/260312_Day32_WellC14_Channel405nm Binned,561 nm,488nm Binned_Seq0009.nd2","20260312_083635_497/260312_Day32_WellC14_Channel405nm Binned,561 nm,488nm Binned_Seq0009.nd2","260312_Day32_WellC14_Channel405nm Binned,561 nm,488nm Binned_Seq0009.nd2",.nd2,49688576,2026-03-12T08:38:48,C14,32,405nm Binned|561 nm|488nm Binned,Seq0009,20260312_083635_497,high,,not_requested,,,
"/Users/makennarodriguez/Documents/260213_Feb16recopy_HYdiff_landingpadlines_survival_384well1/20260312_083635_497/260312_Day32_WellC15_Channel405nm Binned,561 nm,488nm Binned_Seq0010.nd2","20260312_083635_497/260312_Day32_WellC15_Channel405nm Binned,561 nm,488nm Binned_Seq0010.nd2","260312_Day32_WellC15_Channel405nm Binned,561 nm,488nm Binned_Seq0010.nd2",.nd2,49688576,2026-03-12T08:38:58,C15,32,405nm Binned|561 nm|488nm Binned,Seq0010,20260312_083635_497,high,,not_requested,,,
"/Users/makennarodriguez/Documents/260213_Feb16recopy_HYdiff_landingpadlines_survival_384well1/20260312_083635_497/260312_Day32_WellC16_Channel405nm Binned,561 nm,488nm Binned_Seq0011.nd2","20260312_083635_497/260312_Day32_WellC16_Channel405nm Binned,561 nm,488nm Binned_Seq0011.nd2","260312_Day32_WellC16_Channel405nm Binned,561 nm,488nm Binned_Seq0011.nd2",.nd2,49688576,2026-03-12T08:39:10,C16,32,405nm Binned|561 nm|488nm Binned,Seq0011,20260312_083635_497,high,,not_requested,,,
"/Users/makennarodriguez/Documents/260213_Feb16recopy_HYdiff_landingpadlines_survival_384well1/20260312_083635_497/260312_Day32_WellC17_Channel405nm Binned,561 nm,488nm Binned_Seq0012.nd2","20260312_083635_497/260312_Day32_WellC17_Channel405nm Binned,561 nm,488nm Binned_Seq0012.nd2","260312_Day32_WellC17_Channel405nm Binned,561 nm,488nm Binned_Seq0012.nd2",.nd2,49688576,2026-03-12T08:39:22,C17,32,405nm Binned|561 nm|488nm Binned,Seq0012,20260312_083635_497,high,,not_requested,,,
"/Users/makennarodriguez/Documents/260213_Feb16recopy_HYdiff_landingpadlines_survival_384well1/20260312_083635_497/260312_Day32_WellC18_Channel405nm Binned,561 nm,488nm Binned_Seq0013.nd2","20260312_083635_497/260312_Day32_WellC18_Channel405nm Binned,561 nm,488nm Binned_Seq0013.nd2","260312_Day32_WellC18_Channel405nm Binned,561 nm,488nm Binned_Seq0013.nd2",.nd2,49688576,2026-03-12T08:39:34,C18,32,405nm Binned|561 nm|488nm Binned,Seq0013,20260312_083635_497,high,,not_requested,,,
"/Users/makennarodriguez/Documents/260213_Feb16recopy_HYdiff_landingpadlines_survival_384well1/20260312_083635_497/260312_Day32_WellC19_Channel405nm Binned,561 nm,488nm Binned_Seq0014.nd2","20260312_083635_497/260312_Day32_WellC19_Channel405nm Binned,561 nm,488nm Binned_Seq0014.nd2","260312_Day32_WellC19_Channel405nm Binned,561 nm,488nm Binned_Seq0014.nd2",.nd2,49688576,2026-03-12T08:39:46,C19,32,405nm Binned|561 nm|488nm Binned,Seq0014,20260312_083635_497,high,,not_requested,,,
"/Users/makennarodriguez/Documents/260213_Feb16recopy_HYdiff_landingpadlines_survival_384well1/20260312_083635_497/260312_Day32_WellC20_Channel405nm Binned,561 nm,488nm Binned_Seq0015.nd2","20260312_083635_497/260312_Day32_WellC20_Channel405nm Binned,561 nm,488nm Binned_Seq0015.nd2","260312_Day32_WellC20_Channel405nm Binned,561 nm,488nm Binned_Seq0015.nd2",.nd2,49688576,2026-03-12T08:39:56,C20,32,405nm Binned|561 nm|488nm Binned,Seq0015,20260312_083635_497,high,,not_requested,,,
"/Users/makennarodriguez/Documents/260213_Feb16recopy_HYdiff_landingpadlines_survival_384well1/20260312_083635_497/260312_Day32_WellD05_Channel405nm Binned,561 nm,488nm Binned_Seq0016.nd2","20260312_083635_497/260312_Day32_WellD05_Channel405nm Binned,561 nm,488nm Binned_Seq0016.nd2","260312_Day32_WellD05_Channel405nm Binned,561 nm,488nm Binned_Seq0016.nd2",.nd2,49688576,2026-03-12T08:40:12,D05,32,405nm Binned|561 nm|488nm Binned,Seq0016,20260312_083635_497,high,,not_requested,,,
"/Users/makennarodriguez/Documents/260213_Feb16recopy_HYdiff_landingpadlines_survival_384well1/20260312_083635_497/260312_Day32_WellD06_Channel405nm Binned,561 nm,488nm Binned_Seq0017.nd2","20260312_083635_497/260312_Day32_WellD06_Channel405nm Binned,561 nm,488nm Binned_Seq0017.nd2","260312_Day32_WellD06_Channel405nm Binned,561 nm,488nm Binned_Seq0017.nd2",.nd2,49688576,2026-03-12T08:40:22,D06,32,405nm Binned|561 nm|488nm Binned,Seq0017,20260312_083635_497,high,,not_requested,,,
"/Users/makennarodriguez/Documents/260213_Feb16recopy_HYdiff_landingpadlines_survival_384well1/20260312_083635_497/260312_Day32_WellD07_Channel405nm Binned,561 nm,488nm Binned_Seq0018.nd2","20260312_083635_497/260312_Day32_WellD07_Channel405nm Binned,561 nm,488nm Binned_Seq0018.nd2","260312_Day32_WellD07_Channel405nm Binned,561 nm,488nm Binned_Seq0018.nd2",.nd2,49688576,2026-03-12T08:40:34,D07,32,405nm Binned|561 nm|488nm Binned,Seq0018,20260312_083635_497,high,,not_requested,,,
"/Users/makennarodriguez/Documents/260213_Feb16recopy_HYdiff_landingpadlines_survival_384well1/20260312_083635_497/260312_Day32_WellD08_Channel405nm Binned,561 nm,488nm Binned_Seq0019.nd2","20260312_083635_497/260312_Day32_WellD08_Channel405nm Binned,561 nm,488nm Binned_Seq0019.nd2","260312_Day32_WellD08_Channel405nm Binned,561 nm,488nm Binned_Seq0019.nd2",.nd2,49688576,2026-03-12T08:40:44,D08,32,405nm Binned|561 nm|488nm Binned,Seq0019,20260312_083635_497,high,,not_requested,,,
"/Users/makennarodriguez/Documents/260213_Feb16recopy_HYdiff_landingpadlines_survival_384well1/20260312_083635_497/260312_Day32_WellD09_Channel405nm Binned,561 nm,488nm Binned_Seq0020.nd2","20260312_083635_497/260312_Day32_WellD09_Channel405nm Binned,561 nm,488nm Binned_Seq0020.nd2","260312_Day32_WellD09_Channel405nm Binned,561 nm,488nm Binned_Seq0020.nd2",.nd2,49688576,2026-03-12T08:40:56,D09,32,405nm Binned|561 nm|488nm Binned,Seq0020,20260312_083635_497,high,,not_requested,,,
"/Users/makennarodriguez/Documents/260213_Feb16recopy_HYdiff_landingpadlines_survival_384well1/20260312_083635_497/260312_Day32_WellD10_Channel405nm Binned,561 nm,488nm Binned_Seq0021.nd2","20260312_083635_497/260312_Day32_WellD10_Channel405nm Binned,561 nm,488nm Binned_Seq0021.nd2","260312_Day32_WellD10_Channel405nm Binned,561 nm,488nm Binned_Seq0021.nd2",.nd2,49688576,2026-03-12T08:41:08,D10,32,405nm Binned|561 nm|488nm Binned,Seq0021,20260312_083635_497,high,,not_requested,,,
"/Users/makennarodriguez/Documents/260213_Feb16recopy_HYdiff_landingpadlines_survival_384well1/20260312_083635_497/260312_Day32_WellD11_Channel405nm Binned,561 nm,488nm Binned_Seq0022.nd2","20260312_083635_497/260312_Day32_WellD11_Channel405nm Binned,561 nm,488nm Binned_Seq0022.nd2","260312_Day32_WellD11_Channel405nm Binned,561 nm,488nm Binned_Seq0022.nd2",.nd2,49688576,2026-03-12T08:41:18,D11,32,405nm Binned|561 nm|488nm Binned,Seq0022,20260312_083635_497,high,,not_requested,,,
"/Users/makennarodriguez/Documents/260213_Feb16recopy_HYdiff_landingpadlines_survival_384well1/20260312_083635_497/260312_Day32_WellD12_Channel405nm Binned,561 nm,488nm Binned_Seq0023.nd2","20260312_083635_497/260312_Day32_WellD12_Channel405nm Binned,561 nm,488nm Binned_Seq0023.nd2","260312_Day32_WellD12_Channel405nm Binned,561 nm,488nm Binned_Seq0023.nd2",.nd2,49688576,2026-03-12T08:41:30,D12,32,405nm Binned|561 nm|488nm Binned,Seq0023,20260312_083635_497,high,,not_requested,,,
"/Users/makennarodriguez/Documents/260213_Feb16recopy_HYdiff_landingpadlines_survival_384well1/20260312_083635_497/260312_Day32_WellD13_Channel405nm Binned,561 nm,488nm Binned_Seq0024.nd2","20260312_083635_497/260312_Day32_WellD13_Channel405nm Binned,561 nm,488nm Binned_Seq0024.nd2","260312_Day32_WellD13_Channel405nm Binned,561 nm,488nm Binned_Seq0024.nd2",.nd2,49688576,2026-03-12T08:41:42,D13,32,405nm Binned|561 nm|488nm Binned,Seq0024,20260312_083635_497,high,,not_requested,,,
"/Users/makennarodriguez/Documents/260213_Feb16recopy_HYdiff_landingpadlines_survival_384well1/20260312_083635_497/260312_Day32_WellD14_Channel405nm Binned,561 nm,488nm Binned_Seq0025.nd2","20260312_083635_497/260312_Day32_WellD14_Channel405nm Binned,561 nm,488nm Binned_Seq0025.nd2","260312_Day32_WellD14_Channel405nm Binned,561 nm,488nm Binned_Seq0025.nd2",.nd2,49688576,2026-03-12T08:41:54,D14,32,405nm Binned|561 nm|488nm Binned,Seq0025,20260312_083635_497,high,,not_requested,,,
"/Users/makennarodriguez/Documents/260213_Feb16recopy_HYdiff_landingpadlines_survival_384well1/20260312_083635_497/260312_Day32_WellD15_Channel405nm Binned,561 nm,488nm Binned_Seq0026.nd2","20260312_083635_497/260312_Day32_WellD15_Channel405nm Binned,561 nm,488nm Binned_Seq0026.nd2","260312_Day32_WellD15_Channel405nm Binned,561 nm,488nm Binned_Seq0026.nd2",.nd2,49688576,2026-03-12T08:42:04,D15,32,405nm Binned|561 nm|488nm Binned,Seq0026,20260312_083635_497,high,,not_requested,,,
"/Users/makennarodriguez/Documents/260213_Feb16recopy_HYdiff_landingpadlines_survival_384well1/20260312_083635_497/260312_Day32_WellD16_Channel405nm Binned,561 nm,488nm Binned_Seq0027.nd2","20260312_083635_497/260312_Day32_WellD16_Channel405nm Binned,561 nm,488nm Binned_Seq0027.nd2","260312_Day32_WellD16_Channel405nm Binned,561 nm,488nm Binned_Seq0027.nd2",.nd2,49688576,2026-03-12T08:42:16,D16,32,405nm Binned|561 nm|488nm Binned,Seq0027,20260312_083635_497,high,,not_requested,,,
"/Users/makennarodriguez/Documents/260213_Feb16recopy_HYdiff_landingpadlines_survival_384well1/20260312_083635_497/260312_Day32_WellD17_Channel405nm Binned,561 nm,488nm Binned_Seq0028.nd2","20260312_083635_497/260312_Day32_WellD17_Channel405nm Binned,561 nm,488nm Binned_Seq0028.nd2","260312_Day32_WellD17_Channel405nm Binned,561 nm,488nm Binned_Seq0028.nd2",.nd2,49688576,2026-03-12T08:42:36,D17,32,405nm Binned|561 nm|488nm Binned,Seq0028,20260312_083635_497,high,,not_requested,,,
"/Users/makennarodriguez/Documents/260213_Feb16recopy_HYdiff_landingpadlines_survival_384well1/20260312_083635_497/260312_Day32_WellD18_Channel405nm Binned,561 nm,488nm Binned_Seq0029.nd2","20260312_083635_497/260312_Day32_WellD18_Channel405nm Binned,561 nm,488nm Binned_Seq0029.nd2","260312_Day32_WellD18_Channel405nm Binned,561 nm,488nm Binned_Seq0029.nd2",.nd2,49688576,2026-03-12T08:42:46,D18,32,405nm Binned|561 nm|488nm Binned,Seq0029,20260312_083635_497,high,,not_requested,,,
"/Users/makennarodriguez/Documents/260213_Feb16recopy_HYdiff_landingpadlines_survival_384well1/20260312_083635_497/260312_Day32_WellD19_Channel405nm Binned,561 nm,488nm Binned_Seq0030.nd2","20260312_083635_497/260312_Day32_WellD19_Channel405nm Binned,561 nm,488nm Binned_Seq0030.nd2","260312_Day32_WellD19_Channel405nm Binned,561 nm,488nm Binned_Seq0030.nd2",.nd2,49688576,2026-03-12T08:42:56,D19,32,405nm Binned|561 nm|488nm Binned,Seq0030,20260312_083635_497,high,,not_requested,,,
"/Users/makennarodriguez/Documents/260213_Feb16recopy_HYdiff_landingpadlines_survival_384well1/20260312_083635_497/260312_Day32_WellD20_Channel405nm Binned,561 nm,488nm Binned_Seq0031.nd2","20260312_083635_497/260312_Day32_WellD20_Channel405nm Binned,561 nm,488nm Binned_Seq0031.nd2","260312_Day32_WellD20_Channel405nm Binned,561 nm,488nm Binned_Seq0031.nd2",.nd2,49688576,2026-03-12T08:43:06,D20,32,405nm Binned|561 nm|488nm Binned,Seq0031,20260312_083635_497,high,,not_requested,,,
"/Users/makennarodriguez/Documents/260213_Feb16recopy_HYdiff_landingpadlines_survival_384well1/20260312_083635_497/260312_Day32_WellE05_Channel405nm Binned,561 nm,488nm Binned_Seq0032.nd2","20260312_083635_497/260312_Day32_WellE05_Channel405nm Binned,561 nm,488nm Binned_Seq0032.nd2","260312_Day32_WellE05_Channel405nm Binned,561 nm,488nm Binned_Seq0032.nd2",.nd2,49688576,2026-03-12T08:43:18,E05,32,405nm Binned|561 nm|488nm Binned,Seq0032,20260312_083635_497,high,,not_requested,,,
"/Users/makennarodriguez/Documents/260213_Feb16recopy_HYdiff_landingpadlines_survival_384well1/20260312_083635_497/260312_Day32_WellE06_Channel405nm Binned,561 nm,488nm Binned_Seq0033.nd2","20260312_083635_497/260312_Day32_WellE06_Channel405nm Binned,561 nm,488nm Binned_Seq0033.nd2","260312_Day32_WellE06_Channel405nm Binned,561 nm,488nm Binned_Seq0033.nd2",.nd2,49688576,2026-03-12T08:43:30,E06,32,405nm Binned|561 nm|488nm Binned,Seq0033,20260312_083635_497,high,,not_requested,,,
"/Users/makennarodriguez/Documents/260213_Feb16recopy_HYdiff_landingpadlines_survival_384well1/20260312_083635_497/260312_Day32_WellE07_Channel405nm Binned,561 nm,488nm Binned_Seq0034.nd2","20260312_083635_497/260312_Day32_WellE07_Channel405nm Binned,561 nm,488nm Binned_Seq0034.nd2","260312_Day32_WellE07_Channel405nm Binned,561 nm,488nm Binned_Seq0034.nd2",.nd2,49688576,2026-03-12T08:43:40,E07,32,405nm Binned|561 nm|488nm Binned,Seq0034,20260312_083635_497,high,,not_requested,,,
"/Users/makennarodriguez/Documents/260213_Feb16recopy_HYdiff_landingpadlines_survival_384well1/20260312_083635_497/260312_Day32_WellE08_Channel405nm Binned,561 nm,488nm Binned_Seq0035.nd2","20260312_083635_497/260312_Day32_WellE08_Channel405nm Binned,561 nm,488nm Binned_Seq0035.nd2","260312_Day32_WellE08_Channel405nm Binned,561 nm,488nm Binned_Seq0035.nd2",.nd2,49688576,2026-03-12T08:43:52,E08,32,405nm Binned|561 nm|488nm Binned,Seq0035,20260312_083635_497,high,,not_requested,,,
"/Users/makennarodriguez/Documents/260213_Feb16recopy_HYdiff_landingpadlines_survival_384well1/20260312_083635_497/260312_Day32_WellE09_Channel405nm Binned,561 nm,488nm Binned_Seq0036.nd2","20260312_083635_497/260312_Day32_WellE09_Channel405nm Binned,561 nm,488nm Binned_Seq0036.nd2","260312_Day32_WellE09_Channel405nm Binned,561 nm,488nm Binned_Seq0036.nd2",.nd2,49688576,2026-03-12T08:44:04,E09,32,405nm Binned|561 nm|488nm Binned,Seq0036,20260312_083635_497,high,,not_requested,,,
"/Users/makennarodriguez/Documents/260213_Feb16recopy_HYdiff_landingpadlines_survival_384well1/20260312_083635_497/260312_Day32_WellE10_Channel405nm Binned,561 nm,488nm Binned_Seq0037.nd2","20260312_083635_497/260312_Day32_WellE10_Channel405nm Binned,561 nm,488nm Binned_Seq0037.nd2","260312_Day32_WellE10_Channel405nm Binned,561 nm,488nm Binned_Seq0037.nd2",.nd2,49688576,2026-03-12T08:44:14,E10,32,405nm Binned|561 nm|488nm Binned,Seq0037,20260312_083635_497,high,,not_requested,,,
"/Users/makennarodriguez/Documents/260213_Feb16recopy_HYdiff_landingpadlines_survival_384well1/20260312_083635_497/260312_Day32_WellE11_Channel405nm Binned,561 nm,488nm Binned_Seq0038.nd2","20260312_083635_497/260312_Day32_WellE11_Channel405nm Binned,561 nm,488nm Binned_Seq0038.nd2","260312_Day32_WellE11_Channel405nm Binned,561 nm,488nm Binned_Seq0038.nd2",.nd2,49688576,2026-03-12T08:44:26,E11,32,405nm Binned|561 nm|488nm Binned,Seq0038,20260312_083635_497,high,,not_requested,,,
"/Users/makennarodriguez/Documents/260213_Feb16recopy_HYdiff_landingpadlines_survival_384well1/20260312_083635_497/260312_Day32_WellE12_Channel405nm Binned,561 nm,488nm Binned_Seq0039.nd2","20260312_083635_497/260312_Day32_WellE12_Channel405nm Binned,561 nm,488nm Binned_Seq0039.nd2","260312_Day32_WellE12_Channel405nm Binned,561 nm,488nm Binned_Seq0039.nd2",.nd2,49688576,2026-03-12T08:44:38,E12,32,405nm Binned|561 nm|488nm Binned,Seq0039,20260312_083635_497,high,,not_requested,,,
"/Users/makennarodriguez/Documents/260213_Feb16recopy_HYdiff_landingpadlines_survival_384well1/20260312_083635_497/260312_Day32_WellE13_Channel405nm Binned,561 nm,488nm Binned_Seq0040.nd2","20260312_083635_497/260312_Day32_WellE13_Channel405nm Binned,561 nm,488nm Binned_Seq0040.nd2","260312_Day32_WellE13_Channel405nm Binned,561 nm,488nm Binned_Seq0040.nd2",.nd2,49688576,2026-03-12T08:44:50,E13,32,405nm Binned|561 nm|488nm Binned,Seq0040,20260312_083635_497,high,,not_requested,,,
"/Users/makennarodriguez/Documents/260213_Feb16recopy_HYdiff_landingpadlines_survival_384well1/20260312_083635_497/260312_Day32_WellE14_Channel405nm Binned,561 nm,488nm Binned_Seq0041.nd2","20260312_083635_497/260312_Day32_WellE14_Channel405nm Binned,561 nm,488nm Binned_Seq0041.nd2","260312_Day32_WellE14_Channel405nm Binned,561 nm,488nm Binned_Seq0041.nd2",.nd2,49688576,2026-03-12T08:45:02,E14,32,405nm Binned|561 nm|488nm Binned,Seq0041,20260312_083635_497,high,,not_requested,,,
"/Users/makennarodriguez/Documents/260213_Feb16recopy_HYdiff_landingpadlines_survival_384well1/20260312_083635_497/260312_Day32_WellE15_Channel405nm Binned,561 nm,488nm Binned_Seq0042.nd2","20260312_083635_497/260312_Day32_WellE15_Channel405nm Binned,561 nm,488nm Binned_Seq0042.nd2","260312_Day32_WellE15_Channel405nm Binned,561 nm,488nm Binned_Seq0042.nd2",.nd2,49688576,2026-03-12T08:45:14,E15,32,405nm Binned|561 nm|488nm Binned,Seq0042,20260312_083635_497,high,,not_requested,,,
"/Users/makennarodriguez/Documents/260213_Feb16recopy_HYdiff_landingpadlines_survival_384well1/20260312_083635_497/260312_Day32_WellE16_Channel405nm Binned,561 nm,488nm Binned_Seq0043.nd2","20260312_083635_497/260312_Day32_WellE16_Channel405nm Binned,561 nm,488nm Binned_Seq0043.nd2","260312_Day32_WellE16_Channel405nm Binned,561 nm,488nm Binned_Seq0043.nd2",.nd2,49688576,2026-03-12T08:45:24,E16,32,405nm Binned|561 nm|488nm Binned,Seq0043,20260312_083635_497,high,,not_requested,,,
"/Users/makennarodriguez/Documents/260213_Feb16recopy_HYdiff_landingpadlines_survival_384well1/20260312_083635_497/260312_Day32_WellE17_Channel405nm Binned,561 nm,488nm Binned_Seq0044.nd2","20260312_083635_497/260312_Day32_WellE17_Channel405nm Binned,561 nm,488nm Binned_Seq0044.nd2","260312_Day32_WellE17_Channel405nm Binned,561 nm,488nm Binned_Seq0044.nd2",.nd2,49688576,2026-03-12T08:45:36,E17,32,405nm Binned|561 nm|488nm Binned,Seq0044,20260312_083635_497,high,,not_requested,,,
"/Users/makennarodriguez/Documents/260213_Feb16recopy_HYdiff_landingpadlines_survival_384well1/20260312_083635_497/260312_Day32_WellE18_Channel405nm Binned,561 nm,488nm Binned_Seq0045.nd2","20260312_083635_497/260312_Day32_WellE18_Channel405nm Binned,561 nm,488nm Binned_Seq0045.nd2","260312_Day32_WellE18_Channel405nm Binned,561 nm,488nm Binned_Seq0045.nd2",.nd2,49688576,2026-03-12T08:45:48,E18,32,405nm Binned|561 nm|488nm Binned,Seq0045,20260312_083635_497,high,,not_requested,,,
"/Users/makennarodriguez/Documents/260213_Feb16recopy_HYdiff_landingpadlines_survival_384well1/20260312_083635_497/260312_Day32_WellE19_Channel405nm Binned,561 nm,488nm Binned_Seq0046.nd2","20260312_083635_497/260312_Day32_WellE19_Channel405nm Binned,561 nm,488nm Binned_Seq0046.nd2","260312_Day32_WellE19_Channel405nm Binned,561 nm,488nm Binned_Seq0046.nd2",.nd2,49688576,2026-03-12T08:45:58,E19,32,405nm Binned|561 nm|488nm Binned,Seq0046,20260312_083635_497,high,,not_requested,,,
"/Users/makennarodriguez/Documents/260213_Feb16recopy_HYdiff_landingpadlines_survival_384well1/20260312_083635_497/260312_Day32_WellE20_Channel405nm Binned,561 nm,488nm Binned_Seq0047.nd2","20260312_083635_497/260312_Day32_WellE20_Channel405nm Binned,561 nm,488nm Binned_Seq0047.nd2","260312_Day32_WellE20_Channel405nm Binned,561 nm,488nm Binned_Seq0047.nd2",.nd2,49688576,2026-03-12T08:46:10,E20,32,405nm Binned|561 nm|488nm Binned,Seq0047,20260312_083635_497,high,,not_requested,,,
"/Users/makennarodriguez/Documents/260213_Feb16recopy_HYdiff_landingpadlines_survival_384well1/20260312_083635_497/260312_Day32_WellF05_Channel405nm Binned,561 nm,488nm Binned_Seq0048.nd2","20260312_083635_497/260312_Day32_WellF05_Channel405nm Binned,561 nm,488nm Binned_Seq0048.nd2","260312_Day32_WellF05_Channel405nm Binned,561 nm,488nm Binned_Seq0048.nd2",.nd2,49688576,2026-03-12T08:46:24,F05,32,405nm Binned|561 nm|488nm Binned,Seq0048,20260312_083635_497,high,,not_requested,,,
"/Users/makennarodriguez/Documents/260213_Feb16recopy_HYdiff_landingpadlines_survival_384well1/20260312_083635_497/260312_Day32_WellF06_Channel405nm Binned,561 nm,488nm Binned_Seq0049.nd2","20260312_083635_497/260312_Day32_WellF06_Channel405nm Binned,561 nm,488nm Binned_Seq0049.nd2","260312_Day32_WellF06_Channel405nm Binned,561 nm,488nm Binned_Seq0049.nd2",.nd2,49688576,2026-03-12T08:46:36,F06,32,405nm Binned|561 nm|488nm Binned,Seq0049,20260312_083635_497,high,,not_requested,,,
"/Users/makennarodriguez/Documents/260213_Feb16recopy_HYdiff_landingpadlines_survival_384well1/20260312_083635_497/260312_Day32_WellF07_Channel405nm Binned,561 nm,488nm Binned_Seq0050.nd2","20260312_083635_497/260312_Day32_WellF07_Channel405nm Binned,561 nm,488nm Binned_Seq0050.nd2","260312_Day32_WellF07_Channel405nm Binned,561 nm,488nm Binned_Seq0050.nd2",.nd2,49688576,2026-03-12T08:46:48,F07,32,405nm Binned|561 nm|488nm Binned,Seq0050,20260312_083635_497,high,,not_requested,,,
"/Users/makennarodriguez/Documents/260213_Feb16recopy_HYdiff_landingpadlines_survival_384well1/20260312_083635_497/260312_Day32_WellF08_Channel405nm Binned,561 nm,488nm Binned_Seq0051.nd2","20260312_083635_497/260312_Day32_WellF08_Channel405nm Binned,561 nm,488nm Binned_Seq0051.nd2","260312_Day32_WellF08_Channel405nm Binned,561 nm,488nm Binned_Seq0051.nd2",.nd2,49688576,2026-03-12T08:47:00,F08,32,405nm Binned|561 nm|488nm Binned,Seq0051,20260312_083635_497,high,,not_requested,,,
"/Users/makennarodriguez/Documents/260213_Feb16recopy_HYdiff_landingpadlines_survival_384well1/20260312_083635_497/260312_Day32_WellF09_Channel405nm Binned,561 nm,488nm Binned_Seq0052.nd2","20260312_083635_497/260312_Day32_WellF09_Channel405nm Binned,561 nm,488nm Binned_Seq0052.nd2","260312_Day32_WellF09_Channel405nm Binned,561 nm,488nm Binned_Seq0052.nd2",.nd2,49688576,2026-03-12T08:47:12,F09,32,405nm Binned|561 nm|488nm Binned,Seq0052,20260312_083635_497,high,,not_requested,,,
"/Users/makennarodriguez/Documents/260213_Feb16recopy_HYdiff_landingpadlines_survival_384well1/20260312_083635_497/260312_Day32_WellF10_Channel405nm Binned,561 nm,488nm Binned_Seq0053.nd2","20260312_083635_497/260312_Day32_WellF10_Channel405nm Binned,561 nm,488nm Binned_Seq0053.nd2","260312_Day32_WellF10_Channel405nm Binned,561 nm,488nm Binned_Seq0053.nd2",.nd2,49688576,2026-03-12T08:47:24,F10,32,405nm Binned|561 nm|488nm Binned,Seq0053,20260312_083635_497,high,,not_requested,,,
"/Users/makennarodriguez/Documents/260213_Feb16recopy_HYdiff_landingpadlines_survival_384well1/20260312_083635_497/260312_Day32_WellF11_Channel405nm Binned,561 nm,488nm Binned_Seq0054.nd2","20260312_083635_497/260312_Day32_WellF11_Channel405nm Binned,561 nm,488nm Binned_Seq0054.nd2","260312_Day32_WellF11_Channel405nm Binned,561 nm,488nm Binned_Seq0054.nd2",.nd2,49688576,2026-03-12T08:47:36,F11,32,405nm Binned|561 nm|488nm Binned,Seq0054,20260312_083635_497,high,,not_requested,,,
"/Users/makennarodriguez/Documents/260213_Feb16recopy_HYdiff_landingpadlines_survival_384well1/20260312_083635_497/260312_Day32_WellF12_Channel405nm Binned,561 nm,488nm Binned_Seq0055.nd2","20260312_083635_497/260312_Day32_WellF12_Channel405nm Binned,561 nm,488nm Binned_Seq0055.nd2","260312_Day32_WellF12_Channel405nm Binned,561 nm,488nm Binned_Seq0055.nd2",.nd2,49688576,2026-03-12T08:47:46,F12,32,405nm Binned|561 nm|488nm Binned,Seq0055,20260312_083635_497,high,,not_requested,,,
"/Users/makennarodriguez/Documents/260213_Feb16recopy_HYdiff_landingpadlines_survival_384well1/20260312_083635_497/260312_Day32_WellF13_Channel405nm Binned,561 nm,488nm Binned_Seq0056.nd2","20260312_083635_497/260312_Day32_WellF13_Channel405nm Binned,561 nm,488nm Binned_Seq0056.nd2","260312_Day32_WellF13_Channel405nm Binned,561 nm,488nm Binned_Seq0056.nd2",.nd2,49688576,2026-03-12T08:47:58,F13,32,405nm Binned|561 nm|488nm Binned,Seq0056,20260312_083635_497,high,,not_requested,,,
"/Users/makennarodriguez/Documents/260213_Feb16recopy_HYdiff_landingpadlines_survival_384well1/20260312_083635_497/260312_Day32_WellF14_Channel405nm Binned,561 nm,488nm Binned_Seq0057.nd2","20260312_083635_497/260312_Day32_WellF14_Channel405nm Binned,561 nm,488nm Binned_Seq0057.nd2","260312_Day32_WellF14_Channel405nm Binned,561 nm,488nm Binned_Seq0057.nd2",.nd2,49688576,2026-03-12T08:48:10,F14,32,405nm Binned|561 nm|488nm Binned,Seq0057,20260312_083635_497,high,,not_requested,,,
"/Users/makennarodriguez/Documents/260213_Feb16recopy_HYdiff_landingpadlines_survival_384well1/20260312_083635_497/260312_Day32_WellF15_Channel405nm Binned,561 nm,488nm Binned_Seq0058.nd2","20260312_083635_497/260312_Day32_WellF15_Channel405nm Binned,561 nm,488nm Binned_Seq0058.nd2","260312_Day32_WellF15_Channel405nm Binned,561 nm,488nm Binned_Seq0058.nd2",.nd2,49688576,2026-03-12T08:48:22,F15,32,405nm Binned|561 nm|488nm Binned,Seq0058,20260312_083635_497,high,,not_requested,,,
"/Users/makennarodriguez/Documents/260213_Feb16recopy_HYdiff_landingpadlines_survival_384well1/20260312_083635_497/260312_Day32_WellF16_Channel405nm Binned,561 nm,488nm Binned_Seq0059.nd2","20260312_083635_497/260312_Day32_WellF16_Channel405nm Binned,561 nm,488nm Binned_Seq0059.nd2","260312_Day32_WellF16_Channel405nm Binned,561 nm,488nm Binned_Seq0059.nd2",.nd2,49688576,2026-03-12T08:48:32,F16,32,405nm Binned|561 nm|488nm Binned,Seq0059,20260312_083635_497,high,,not_requested,,,
"/Users/makennarodriguez/Documents/260213_Feb16recopy_HYdiff_landingpadlines_survival_384well1/20260312_083635_497/260312_Day32_WellF17_Channel405nm Binned,561 nm,488nm Binned_Seq0060.nd2","20260312_083635_497/260312_Day32_WellF17_Channel405nm Binned,561 nm,488nm Binned_Seq0060.nd2","260312_Day32_WellF17_Channel405nm Binned,561 nm,488nm Binned_Seq0060.nd2",.nd2,49688576,2026-03-12T08:48:44,F17,32,405nm Binned|561 nm|488nm Binned,Seq0060,20260312_083635_497,high,,not_requested,,,
"/Users/makennarodriguez/Documents/260213_Feb16recopy_HYdiff_landingpadlines_survival_384well1/20260312_083635_497/260312_Day32_WellF18_Channel405nm Binned,561 nm,488nm Binned_Seq0061.nd2","20260312_083635_497/260312_Day32_WellF18_Channel405nm Binned,561 nm,488nm Binned_Seq0061.nd2","260312_Day32_WellF18_Channel405nm Binned,561 nm,488nm Binned_Seq0061.nd2",.nd2,49688576,2026-03-12T08:48:56,F18,32,405nm Binned|561 nm|488nm Binned,Seq0061,20260312_083635_497,high,,not_requested,,,
"/Users/makennarodriguez/Documents/260213_Feb16recopy_HYdiff_landingpadlines_survival_384well1/20260312_083635_497/260312_Day32_WellF19_Channel405nm Binned,561 nm,488nm Binned_Seq0062.nd2","20260312_083635_497/260312_Day32_WellF19_Channel405nm Binned,561 nm,488nm Binned_Seq0062.nd2","260312_Day32_WellF19_Channel405nm Binned,561 nm,488nm Binned_Seq0062.nd2",.nd2,49688576,2026-03-12T08:49:08,F19,32,405nm Binned|561 nm|488nm Binned,Seq0062,20260312_083635_497,high,,not_requested,,,
"/Users/makennarodriguez/Documents/260213_Feb16recopy_HYdiff_landingpadlines_survival_384well1/20260312_083635_497/260312_Day32_WellF20_Channel405nm Binned,561 nm,488nm Binned_Seq0063.nd2","20260312_083635_497/260312_Day32_WellF20_Channel405nm Binned,561 nm,488nm Binned_Seq0063.nd2","260312_Day32_WellF20_Channel405nm Binned,561 nm,488nm Binned_Seq0063.nd2",.nd2,49688576,2026-03-12T08:49:18,F20,32,405nm Binned|561 nm|488nm Binned,Seq0063,20260312_083635_497,high,,not_requested,,,
"/Users/makennarodriguez/Documents/260213_Feb16recopy_HYdiff_landingpadlines_survival_384well1/20260312_083635_497/260312_Day32_WellG05_Channel405nm Binned,561 nm,488nm Binned_Seq0064.nd2","20260312_083635_497/260312_Day32_WellG05_Channel405nm Binned,561 nm,488nm Binned_Seq0064.nd2","260312_Day32_WellG05_Channel405nm Binned,561 nm,488nm Binned_Seq0064.nd2",.nd2,49688576,2026-03-12T08:49:32,G05,32,405nm Binned|561 nm|488nm Binned,Seq0064,20260312_083635_497,high,,not_requested,,,
"/Users/makennarodriguez/Documents/260213_Feb16recopy_HYdiff_landingpadlines_survival_384well1/20260312_083635_497/260312_Day32_WellG06_Channel405nm Binned,561 nm,488nm Binned_Seq0065.nd2","20260312_083635_497/260312_Day32_WellG06_Channel405nm Binned,561 nm,488nm Binned_Seq0065.nd2","260312_Day32_WellG06_Channel405nm Binned,561 nm,488nm Binned_Seq0065.nd2",.nd2,49688576,2026-03-12T08:49:44,G06,32,405nm Binned|561 nm|488nm Binned,Seq0065,20260312_083635_497,high,,not_requested,,,
"/Users/makennarodriguez/Documents/260213_Feb16recopy_HYdiff_landingpadlines_survival_384well1/20260312_083635_497/260312_Day32_WellG07_Channel405nm Binned,561 nm,488nm Binned_Seq0066.nd2","20260312_083635_497/260312_Day32_WellG07_Channel405nm Binned,561 nm,488nm Binned_Seq0066.nd2","260312_Day32_WellG07_Channel405nm Binned,561 nm,488nm Binned_Seq0066.nd2",.nd2,49688576,2026-03-12T08:49:56,G07,32,405nm Binned|561 nm|488nm Binned,Seq0066,20260312_083635_497,high,,not_requested,,,
"/Users/makennarodriguez/Documents/260213_Feb16recopy_HYdiff_landingpadlines_survival_384well1/20260312_083635_497/260312_Day32_WellG08_Channel405nm Binned,561 nm,488nm Binned_Seq0067.nd2","20260312_083635_497/260312_Day32_WellG08_Channel405nm Binned,561 nm,488nm Binned_Seq0067.nd2","260312_Day32_WellG08_Channel405nm Binned,561 nm,488nm Binned_Seq0067.nd2",.nd2,49688576,2026-03-12T08:50:06,G08,32,405nm Binned|561 nm|488nm Binned,Seq0067,20260312_083635_497,high,,not_requested,,,
"/Users/makennarodriguez/Documents/260213_Feb16recopy_HYdiff_landingpadlines_survival_384well1/20260312_083635_497/260312_Day32_WellG09_Channel405nm Binned,561 nm,488nm Binned_Seq0068.nd2","20260312_083635_497/260312_Day32_WellG09_Channel405nm Binned,561 nm,488nm Binned_Seq0068.nd2","260312_Day32_WellG09_Channel405nm Binned,561 nm,488nm Binned_Seq0068.nd2",.nd2,49688576,2026-03-12T08:50:18,G09,32,405nm Binned|561 nm|488nm Binned,Seq0068,20260312_083635_497,high,,not_requested,,,
"/Users/makennarodriguez/Documents/260213_Feb16recopy_HYdiff_landingpadlines_survival_384well1/20260312_083635_497/260312_Day32_WellG10_Channel405nm Binned,561 nm,488nm Binned_Seq0069.nd2","20260312_083635_497/260312_Day32_WellG10_Channel405nm Binned,561 nm,488nm Binned_Seq0069.nd2","260312_Day32_WellG10_Channel405nm Binned,561 nm,488nm Binned_Seq0069.nd2",.nd2,49688576,2026-03-12T08:50:30,G10,32,405nm Binned|561 nm|488nm Binned,Seq0069,20260312_083635_497,high,,not_requested,,,
"/Users/makennarodriguez/Documents/260213_Feb16recopy_HYdiff_landingpadlines_survival_384well1/20260312_083635_497/260312_Day32_WellG11_Channel405nm Binned,561 nm,488nm Binned_Seq0070.nd2","20260312_083635_497/260312_Day32_WellG11_Channel405nm Binned,561 nm,488nm Binned_Seq0070.nd2","260312_Day32_WellG11_Channel405nm Binned,561 nm,488nm Binned_Seq0070.nd2",.nd2,49688576,2026-03-12T08:50:42,G11,32,405nm Binned|561 nm|488nm Binned,Seq0070,20260312_083635_497,high,,not_requested,,,
"/Users/makennarodriguez/Documents/260213_Feb16recopy_HYdiff_landingpadlines_survival_384well1/20260312_083635_497/260312_Day32_WellG12_Channel405nm Binned,561 nm,488nm Binned_Seq0071.nd2","20260312_083635_497/260312_Day32_WellG12_Channel405nm Binned,561 nm,488nm Binned_Seq0071.nd2","260312_Day32_WellG12_Channel405nm Binned,561 nm,488nm Binned_Seq0071.nd2",.nd2,49688576,2026-03-12T08:50:52,G12,32,405nm Binned|561 nm|488nm Binned,Seq0071,20260312_083635_497,high,,not_requested,,,
"/Users/makennarodriguez/Documents/260213_Feb16recopy_HYdiff_landingpadlines_survival_384well1/20260312_083635_497/260312_Day32_WellG13_Channel405nm Binned,561 nm,488nm Binned_Seq0072.nd2","20260312_083635_497/260312_Day32_WellG13_Channel405nm Binned,561 nm,488nm Binned_Seq0072.nd2","260312_Day32_WellG13_Channel405nm Binned,561 nm,488nm Binned_Seq0072.nd2",.nd2,49688576,2026-03-12T08:51:04,G13,32,405nm Binned|561 nm|488nm Binned,Seq0072,20260312_083635_497,high,,not_requested,,,
"/Users/makennarodriguez/Documents/260213_Feb16recopy_HYdiff_landingpadlines_survival_384well1/20260312_083635_497/260312_Day32_WellG14_Channel405nm Binned,561 nm,488nm Binned_Seq0073.nd2","20260312_083635_497/260312_Day32_WellG14_Channel405nm Binned,561 nm,488nm Binned_Seq0073.nd2","260312_Day32_WellG14_Channel405nm Binned,561 nm,488nm Binned_Seq0073.nd2",.nd2,49688576,2026-03-12T08:51:16,G14,32,405nm Binned|561 nm|488nm Binned,Seq0073,20260312_083635_497,high,,not_requested,,,
"/Users/makennarodriguez/Documents/260213_Feb16recopy_HYdiff_landingpadlines_survival_384well1/20260312_083635_497/260312_Day32_WellG15_Channel405nm Binned,561 nm,488nm Binned_Seq0074.nd2","20260312_083635_497/260312_Day32_WellG15_Channel405nm Binned,561 nm,488nm Binned_Seq0074.nd2","260312_Day32_WellG15_Channel405nm Binned,561 nm,488nm Binned_Seq0074.nd2",.nd2,49688576,2026-03-12T08:51:26,G15,32,405nm Binned|561 nm|488nm Binned,Seq0074,20260312_083635_497,high,,not_requested,,,
"/Users/makennarodriguez/Documents/260213_Feb16recopy_HYdiff_landingpadlines_survival_384well1/20260312_083635_497/260312_Day32_WellG16_Channel405nm Binned,561 nm,488nm Binned_Seq0075.nd2","20260312_083635_497/260312_Day32_WellG16_Channel405nm Binned,561 nm,488nm Binned_Seq0075.nd2","260312_Day32_WellG16_Channel405nm Binned,561 nm,488nm Binned_Seq0075.nd2",.nd2,49688576,2026-03-12T08:51:38,G16,32,405nm Binned|561 nm|488nm Binned,Seq0075,20260312_083635_497,high,,not_requested,,,
"/Users/makennarodriguez/Documents/260213_Feb16recopy_HYdiff_landingpadlines_survival_384well1/20260312_083635_497/260312_Day32_WellG17_Channel405nm Binned,561 nm,488nm Binned_Seq0076.nd2","20260312_083635_497/260312_Day32_WellG17_Channel405nm Binned,561 nm,488nm Binned_Seq0076.nd2","260312_Day32_WellG17_Channel405nm Binned,561 nm,488nm Binned_Seq0076.nd2",.nd2,49688576,2026-03-12T08:51:50,G17,32,405nm Binned|561 nm|488nm Binned,Seq0076,20260312_083635_497,high,,not_requested,,,
"/Users/makennarodriguez/Documents/260213_Feb16recopy_HYdiff_landingpadlines_survival_384well1/20260312_083635_497/260312_Day32_WellG18_Channel405nm Binned,561 nm,488nm Binned_Seq0077.nd2","20260312_083635_497/260312_Day32_WellG18_Channel405nm Binned,561 nm,488nm Binned_Seq0077.nd2","260312_Day32_WellG18_Channel405nm Binned,561 nm,488nm Binned_Seq0077.nd2",.nd2,49688576,2026-03-12T08:52:00,G18,32,405nm Binned|561 nm|488nm Binned,Seq0077,20260312_083635_497,high,,not_requested,,,
"/Users/makennarodriguez/Documents/260213_Feb16recopy_HYdiff_landingpadlines_survival_384well1/20260312_083635_497/260312_Day32_WellG19_Channel405nm Binned,561 nm,488nm Binned_Seq0078.nd2","20260312_083635_497/260312_Day32_WellG19_Channel405nm Binned,561 nm,488nm Binned_Seq0078.nd2","260312_Day32_WellG19_Channel405nm Binned,561 nm,488nm Binned_Seq0078.nd2",.nd2,49688576,2026-03-12T08:52:12,G19,32,405nm Binned|561 nm|488nm Binned,Seq0078,20260312_083635_497,high,,not_requested,,,
"/Users/makennarodriguez/Documents/260213_Feb16recopy_HYdiff_landingpadlines_survival_384well1/20260312_083635_497/260312_Day32_WellG20_Channel405nm Binned,561 nm,488nm Binned_Seq0079.nd2","20260312_083635_497/260312_Day32_WellG20_Channel405nm Binned,561 nm,488nm Binned_Seq0079.nd2","260312_Day32_WellG20_Channel405nm Binned,561 nm,488nm Binned_Seq0079.nd2",.nd2,49688576,2026-03-12T08:52:24,G20,32,405nm Binned|561 nm|488nm Binned,Seq0079,20260312_083635_497,high,,not_requested,,,
"/Users/makennarodriguez/Documents/260213_Feb16recopy_HYdiff_landingpadlines_survival_384well1/20260312_083635_497/260312_Day32_WellH05_Channel405nm Binned,561 nm,488nm Binned_Seq0080.nd2","20260312_083635_497/260312_Day32_WellH05_Channel405nm Binned,561 nm,488nm Binned_Seq0080.nd2","260312_Day32_WellH05_Channel405nm Binned,561 nm,488nm Binned_Seq0080.nd2",.nd2,49688576,2026-03-12T08:52:38,H05,32,405nm Binned|561 nm|488nm Binned,Seq0080,20260312_083635_497,high,,not_requested,,,
"/Users/makennarodriguez/Documents/260213_Feb16recopy_HYdiff_landingpadlines_survival_384well1/20260312_083635_497/260312_Day32_WellH06_Channel405nm Binned,561 nm,488nm Binned_Seq0081.nd2","20260312_083635_497/260312_Day32_WellH06_Channel405nm Binned,561 nm,488nm Binned_Seq0081.nd2","260312_Day32_WellH06_Channel405nm Binned,561 nm,488nm Binned_Seq0081.nd2",.nd2,49688576,2026-03-12T08:52:50,H06,32,405nm Binned|561 nm|488nm Binned,Seq0081,20260312_083635_497,high,,not_requested,,,
"/Users/makennarodriguez/Documents/260213_Feb16recopy_HYdiff_landingpadlines_survival_384well1/20260312_083635_497/260312_Day32_WellH07_Channel405nm Binned,561 nm,488nm Binned_Seq0082.nd2","20260312_083635_497/260312_Day32_WellH07_Channel405nm Binned,561 nm,488nm Binned_Seq0082.nd2","260312_Day32_WellH07_Channel405nm Binned,561 nm,488nm Binned_Seq0082.nd2",.nd2,49688576,2026-03-12T08:53:02,H07,32,405nm Binned|561 nm|488nm Binned,Seq0082,20260312_083635_497,high,,not_requested,,,
"/Users/makennarodriguez/Documents/260213_Feb16recopy_HYdiff_landingpadlines_survival_384well1/20260312_083635_497/260312_Day32_WellH08_Channel405nm Binned,561 nm,488nm Binned_Seq0083.nd2","20260312_083635_497/260312_Day32_WellH08_Channel405nm Binned,561 nm,488nm Binned_Seq0083.nd2","260312_Day32_WellH08_Channel405nm Binned,561 nm,488nm Binned_Seq0083.nd2",.nd2,49688576,2026-03-12T08:53:12,H08,32,405nm Binned|561 nm|488nm Binned,Seq0083,20260312_083635_497,high,,not_requested,,,
"/Users/makennarodriguez/Documents/260213_Feb16recopy_HYdiff_landingpadlines_survival_384well1/20260312_083635_497/260312_Day32_WellH09_Channel405nm Binned,561 nm,488nm Binned_Seq0084.nd2","20260312_083635_497/260312_Day32_WellH09_Channel405nm Binned,561 nm,488nm Binned_Seq0084.nd2","260312_Day32_WellH09_Channel405nm Binned,561 nm,488nm Binned_Seq0084.nd2",.nd2,49688576,2026-03-12T08:53:24,H09,32,405nm Binned|561 nm|488nm Binned,Seq0084,20260312_083635_497,high,,not_requested,,,
"/Users/makennarodriguez/Documents/260213_Feb16recopy_HYdiff_landingpadlines_survival_384well1/20260312_083635_497/260312_Day32_WellH10_Channel405nm Binned,561 nm,488nm Binned_Seq0085.nd2","20260312_083635_497/260312_Day32_WellH10_Channel405nm Binned,561 nm,488nm Binned_Seq0085.nd2","260312_Day32_WellH10_Channel405nm Binned,561 nm,488nm Binned_Seq0085.nd2",.nd2,49688576,2026-03-12T08:53:36,H10,32,405nm Binned|561 nm|488nm Binned,Seq0085,20260312_083635_497,high,,not_requested,,,
"/Users/makennarodriguez/Documents/260213_Feb16recopy_HYdiff_landingpadlines_survival_384well1/20260312_083635_497/260312_Day32_WellH11_Channel405nm Binned,561 nm,488nm Binned_Seq0086.nd2","20260312_083635_497/260312_Day32_WellH11_Channel405nm Binned,561 nm,488nm Binned_Seq0086.nd2","260312_Day32_WellH11_Channel405nm Binned,561 nm,488nm Binned_Seq0086.nd2",.nd2,49688576,2026-03-12T08:53:48,H11,32,405nm Binned|561 nm|488nm Binned,Seq0086,20260312_083635_497,high,,not_requested,,,
"/Users/makennarodriguez/Documents/260213_Feb16recopy_HYdiff_landingpadlines_survival_384well1/20260312_083635_497/260312_Day32_WellH12_Channel405nm Binned,561 nm,488nm Binned_Seq0087.nd2","20260312_083635_497/260312_Day32_WellH12_Channel405nm Binned,561 nm,488nm Binned_Seq0087.nd2","260312_Day32_WellH12_Channel405nm Binned,561 nm,488nm Binned_Seq0087.nd2",.nd2,49688576,2026-03-12T08:54:00,H12,32,405nm Binned|561 nm|488nm Binned,Seq0087,20260312_083635_497,high,,not_requested,,,
"/Users/makennarodriguez/Documents/260213_Feb16recopy_HYdiff_landingpadlines_survival_384well1/20260312_083635_497/260312_Day32_WellH13_Channel405nm Binned,561 nm,488nm Binned_Seq0088.nd2","20260312_083635_497/260312_Day32_WellH13_Channel405nm Binned,561 nm,488nm Binned_Seq0088.nd2","260312_Day32_WellH13_Channel405nm Binned,561 nm,488nm Binned_Seq0088.nd2",.nd2,49688576,2026-03-12T08:54:10,H13,32,405nm Binned|561 nm|488nm Binned,Seq0088,20260312_083635_497,high,,not_requested,,,
"/Users/makennarodriguez/Documents/260213_Feb16recopy_HYdiff_landingpadlines_survival_384well1/20260312_083635_497/260312_Day32_WellH14_Channel405nm Binned,561 nm,488nm Binned_Seq0089.nd2","20260312_083635_497/260312_Day32_WellH14_Channel405nm Binned,561 nm,488nm Binned_Seq0089.nd2","260312_Day32_WellH14_Channel405nm Binned,561 nm,488nm Binned_Seq0089.nd2",.nd2,49688576,2026-03-12T08:54:22,H14,32,405nm Binned|561 nm|488nm Binned,Seq0089,20260312_083635_497,high,,not_requested,,,
"/Users/makennarodriguez/Documents/260213_Feb16recopy_HYdiff_landingpadlines_survival_384well1/20260312_083635_497/260312_Day32_WellH15_Channel405nm Binned,561 nm,488nm Binned_Seq0090.nd2","20260312_083635_497/260312_Day32_WellH15_Channel405nm Binned,561 nm,488nm Binned_Seq0090.nd2","260312_Day32_WellH15_Channel405nm Binned,561 nm,488nm Binned_Seq0090.nd2",.nd2,49688576,2026-03-12T08:54:34,H15,32,405nm Binned|561 nm|488nm Binned,Seq0090,20260312_083635_497,high,,not_requested,,,
"/Users/makennarodriguez/Documents/260213_Feb16recopy_HYdiff_landingpadlines_survival_384well1/20260312_083635_497/260312_Day32_WellH16_Channel405nm Binned,561 nm,488nm Binned_Seq0091.nd2","20260312_083635_497/260312_Day32_WellH16_Channel405nm Binned,561 nm,488nm Binned_Seq0091.nd2","260312_Day32_WellH16_Channel405nm Binned,561 nm,488nm Binned_Seq0091.nd2",.nd2,49688576,2026-03-12T08:54:44,H16,32,405nm Binned|561 nm|488nm Binned,Seq0091,20260312_083635_497,high,,not_requested,,,
"/Users/makennarodriguez/Documents/260213_Feb16recopy_HYdiff_landingpadlines_survival_384well1/20260312_083635_497/260312_Day32_WellH17_Channel405nm Binned,561 nm,488nm Binned_Seq0092.nd2","20260312_083635_497/260312_Day32_WellH17_Channel405nm Binned,561 nm,488nm Binned_Seq0092.nd2","260312_Day32_WellH17_Channel405nm Binned,561 nm,488nm Binned_Seq0092.nd2",.nd2,49688576,2026-03-12T08:54:56,H17,32,405nm Binned|561 nm|488nm Binned,Seq0092,20260312_083635_497,high,,not_requested,,,
"/Users/makennarodriguez/Documents/260213_Feb16recopy_HYdiff_landingpadlines_survival_384well1/20260312_083635_497/260312_Day32_WellH18_Channel405nm Binned,561 nm,488nm Binned_Seq0093.nd2","20260312_083635_497/260312_Day32_WellH18_Channel405nm Binned,561 nm,488nm Binned_Seq0093.nd2","260312_Day32_WellH18_Channel405nm Binned,561 nm,488nm Binned_Seq0093.nd2",.nd2,49688576,2026-03-12T08:55:08,H18,32,405nm Binned|561 nm|488nm Binned,Seq0093,20260312_083635_497,high,,not_requested,,,
"/Users/makennarodriguez/Documents/260213_Feb16recopy_HYdiff_landingpadlines_survival_384well1/20260312_083635_497/260312_Day32_WellH19_Channel405nm Binned,561 nm,488nm Binned_Seq0094.nd2","20260312_083635_497/260312_Day32_WellH19_Channel405nm Binned,561 nm,488nm Binned_Seq0094.nd2","260312_Day32_WellH19_Channel405nm Binned,561 nm,488nm Binned_Seq0094.nd2",.nd2,49688576,2026-03-12T08:55:20,H19,32,405nm Binned|561 nm|488nm Binned,Seq0094,20260312_083635_497,high,,not_requested,,,
"/Users/makennarodriguez/Documents/260213_Feb16recopy_HYdiff_landingpadlines_survival_384well1/20260312_083635_497/260312_Day32_WellH20_Channel405nm Binned,561 nm,488nm Binned_Seq0095.nd2","20260312_083635_497/260312_Day32_WellH20_Channel405nm Binned,561 nm,488nm Binned_Seq0095.nd2","260312_Day32_WellH20_Channel405nm Binned,561 nm,488nm Binned_Seq0095.nd2",.nd2,49688576,2026-03-12T08:55:30,H20,32,405nm Binned|561 nm|488nm Binned,Seq0095,20260312_083635_497,high,,not_requested,,,
"/Users/makennarodriguez/Documents/260213_Feb16recopy_HYdiff_landingpadlines_survival_384well1/20260312_083635_497/260312_Day32_WellI05_Channel405nm Binned,561 nm,488nm Binned_Seq0096.nd2","20260312_083635_497/260312_Day32_WellI05_Channel405nm Binned,561 nm,488nm Binned_Seq0096.nd2","260312_Day32_WellI05_Channel405nm Binned,561 nm,488nm Binned_Seq0096.nd2",.nd2,49688576,2026-03-12T08:55:46,I05,32,405nm Binned|561 nm|488nm Binned,Seq0096,20260312_083635_497,high,,not_requested,,,
"/Users/makennarodriguez/Documents/260213_Feb16recopy_HYdiff_landingpadlines_survival_384well1/20260312_083635_497/260312_Day32_WellI06_Channel405nm Binned,561 nm,488nm Binned_Seq0097.nd2","20260312_083635_497/260312_Day32_WellI06_Channel405nm Binned,561 nm,488nm Binned_Seq0097.nd2","260312_Day32_WellI06_Channel405nm Binned,561 nm,488nm Binned_Seq0097.nd2",.nd2,49688576,2026-03-12T08:55:56,I06,32,405nm Binned|561 nm|488nm Binned,Seq0097,20260312_083635_497,high,,not_requested,,,
"/Users/makennarodriguez/Documents/260213_Feb16recopy_HYdiff_landingpadlines_survival_384well1/20260312_083635_497/260312_Day32_WellI07_Channel405nm Binned,561 nm,488nm Binned_Seq0098.nd2","20260312_083635_497/260312_Day32_WellI07_Channel405nm Binned,561 nm,488nm Binned_Seq0098.nd2","260312_Day32_WellI07_Channel405nm Binned,561 nm,488nm Binned_Seq0098.nd2",.nd2,49688576,2026-03-12T08:56:08,I07,32,405nm Binned|561 nm|488nm Binned,Seq0098,20260312_083635_497,high,,not_requested,,,
"/Users/makennarodriguez/Documents/260213_Feb16recopy_HYdiff_landingpadlines_survival_384well1/20260312_083635_497/260312_Day32_WellI08_Channel405nm Binned,561 nm,488nm Binned_Seq0099.nd2","20260312_083635_497/260312_Day32_WellI08_Channel405nm Binned,561 nm,488nm Binned_Seq0099.nd2","260312_Day32_WellI08_Channel405nm Binned,561 nm,488nm Binned_Seq0099.nd2",.nd2,49688576,2026-03-12T08:56:20,I08,32,405nm Binned|561 nm|488nm Binned,Seq0099,20260312_083635_497,high,,not_requested,,,
"/Users/makennarodriguez/Documents/260213_Feb16recopy_HYdiff_landingpadlines_survival_384well1/20260312_083635_497/260312_Day32_WellI09_Channel405nm Binned,561 nm,488nm Binned_Seq0100.nd2","20260312_083635_497/260312_Day32_WellI09_Channel405nm Binned,561 nm,488nm Binned_Seq0100.nd2","260312_Day32_WellI09_Channel405nm Binned,561 nm,488nm Binned_Seq0100.nd2",.nd2,49688576,2026-03-12T08:56:32,I09,32,405nm Binned|561 nm|488nm Binned,Seq0100,20260312_083635_497,high,,not_requested,,,
"/Users/makennarodriguez/Documents/260213_Feb16recopy_HYdiff_landingpadlines_survival_384well1/20260312_083635_497/260312_Day32_WellI10_Channel405nm Binned,561 nm,488nm Binned_Seq0101.nd2","20260312_083635_497/260312_Day32_WellI10_Channel405nm Binned,561 nm,488nm Binned_Seq0101.nd2","260312_Day32_WellI10_Channel405nm Binned,561 nm,488nm Binned_Seq0101.nd2",.nd2,49688576,2026-03-12T08:56:42,I10,32,405nm Binned|561 nm|488nm Binned,Seq0101,20260312_083635_497,high,,not_requested,,,
"/Users/makennarodriguez/Documents/260213_Feb16recopy_HYdiff_landingpadlines_survival_384well1/20260312_083635_497/260312_Day32_WellI11_Channel405nm Binned,561 nm,488nm Binned_Seq0102.nd2","20260312_083635_497/260312_Day32_WellI11_Channel405nm Binned,561 nm,488nm Binned_Seq0102.nd2","260312_Day32_WellI11_Channel405nm Binned,561 nm,488nm Binned_Seq0102.nd2",.nd2,49688576,2026-03-12T08:56:54,I11,32,405nm Binned|561 nm|488nm Binned,Seq0102,20260312_083635_497,high,,not_requested,,,
"/Users/makennarodriguez/Documents/260213_Feb16recopy_HYdiff_landingpadlines_survival_384well1/20260312_083635_497/260312_Day32_WellI12_Channel405nm Binned,561 nm,488nm Binned_Seq0103.nd2","20260312_083635_497/260312_Day32_WellI12_Channel405nm Binned,561 nm,488nm Binned_Seq0103.nd2","260312_Day32_WellI12_Channel405nm Binned,561 nm,488nm Binned_Seq0103.nd2",.nd2,49688576,2026-03-12T08:57:06,I12,32,405nm Binned|561 nm|488nm Binned,Seq0103,20260312_083635_497,high,,not_requested,,,
"/Users/makennarodriguez/Documents/260213_Feb16recopy_HYdiff_landingpadlines_survival_384well1/20260312_083635_497/260312_Day32_WellI13_Channel405nm Binned,561 nm,488nm Binned_Seq0104.nd2","20260312_083635_497/260312_Day32_WellI13_Channel405nm Binned,561 nm,488nm Binned_Seq0104.nd2","260312_Day32_WellI13_Channel405nm Binned,561 nm,488nm Binned_Seq0104.nd2",.nd2,49688576,2026-03-12T08:57:18,I13,32,405nm Binned|561 nm|488nm Binned,Seq0104,20260312_083635_497,high,,not_requested,,,
"/Users/makennarodriguez/Documents/260213_Feb16recopy_HYdiff_landingpadlines_survival_384well1/20260312_083635_497/260312_Day32_WellI14_Channel405nm Binned,561 nm,488nm Binned_Seq0105.nd2","20260312_083635_497/260312_Day32_WellI14_Channel405nm Binned,561 nm,488nm Binned_Seq0105.nd2","260312_Day32_WellI14_Channel405nm Binned,561 nm,488nm Binned_Seq0105.nd2",.nd2,49688576,2026-03-12T08:57:30,I14,32,405nm Binned|561 nm|488nm Binned,Seq0105,20260312_083635_497,high,,not_requested,,,
"/Users/makennarodriguez/Documents/260213_Feb16recopy_HYdiff_landingpadlines_survival_384well1/20260312_083635_497/260312_Day32_WellI15_Channel405nm Binned,561 nm,488nm Binned_Seq0106.nd2","20260312_083635_497/260312_Day32_WellI15_Channel405nm Binned,561 nm,488nm Binned_Seq0106.nd2","260312_Day32_WellI15_Channel405nm Binned,561 nm,488nm Binned_Seq0106.nd2",.nd2,49688576,2026-03-12T08:57:42,I15,32,405nm Binned|561 nm|488nm Binned,Seq0106,20260312_083635_497,high,,not_requested,,,
"/Users/makennarodriguez/Documents/260213_Feb16recopy_HYdiff_landingpadlines_survival_384well1/20260312_083635_497/260312_Day32_WellI16_Channel405nm Binned,561 nm,488nm Binned_Seq0107.nd2","20260312_083635_497/260312_Day32_WellI16_Channel405nm Binned,561 nm,488nm Binned_Seq0107.nd2","260312_Day32_WellI16_Channel405nm Binned,561 nm,488nm Binned_Seq0107.nd2",.nd2,49688576,2026-03-12T08:57:52,I16,32,405nm Binned|561 nm|488nm Binned,Seq0107,20260312_083635_497,high,,not_requested,,,
"/Users/makennarodriguez/Documents/260213_Feb16recopy_HYdiff_landingpadlines_survival_384well1/20260312_083635_497/260312_Day32_WellI17_Channel405nm Binned,561 nm,488nm Binned_Seq0108.nd2","20260312_083635_497/260312_Day32_WellI17_Channel405nm Binned,561 nm,488nm Binned_Seq0108.nd2","260312_Day32_WellI17_Channel405nm Binned,561 nm,488nm Binned_Seq0108.nd2",.nd2,49688576,2026-03-12T08:58:04,I17,32,405nm Binned|561 nm|488nm Binned,Seq0108,20260312_083635_497,high,,not_requested,,,
"/Users/makennarodriguez/Documents/260213_Feb16recopy_HYdiff_landingpadlines_survival_384well1/20260312_083635_497/260312_Day32_WellI18_Channel405nm Binned,561 nm,488nm Binned_Seq0109.nd2","20260312_083635_497/260312_Day32_WellI18_Channel405nm Binned,561 nm,488nm Binned_Seq0109.nd2","260312_Day32_WellI18_Channel405nm Binned,561 nm,488nm Binned_Seq0109.nd2",.nd2,49688576,2026-03-12T08:58:16,I18,32,405nm Binned|561 nm|488nm Binned,Seq0109,20260312_083635_497,high,,not_requested,,,
"/Users/makennarodriguez/Documents/260213_Feb16recopy_HYdiff_landingpadlines_survival_384well1/20260312_083635_497/260312_Day32_WellI19_Channel405nm Binned,561 nm,488nm Binned_Seq0110.nd2","20260312_083635_497/260312_Day32_WellI19_Channel405nm Binned,561 nm,488nm Binned_Seq0110.nd2","260312_Day32_WellI19_Channel405nm Binned,561 nm,488nm Binned_Seq0110.nd2",.nd2,49688576,2026-03-12T08:58:28,I19,32,405nm Binned|561 nm|488nm Binned,Seq0110,20260312_083635_497,high,,not_requested,,,
"/Users/makennarodriguez/Documents/260213_Feb16recopy_HYdiff_landingpadlines_survival_384well1/20260312_083635_497/260312_Day32_WellI20_Channel405nm Binned,561 nm,488nm Binned_Seq0111.nd2","20260312_083635_497/260312_Day32_WellI20_Channel405nm Binned,561 nm,488nm Binned_Seq0111.nd2","260312_Day32_WellI20_Channel405nm Binned,561 nm,488nm Binned_Seq0111.nd2",.nd2,49688576,2026-03-12T08:58:40,I20,32,405nm Binned|561 nm|488nm Binned,Seq0111,20260312_083635_497,high,,not_requested,,,
"/Users/makennarodriguez/Documents/260213_Feb16recopy_HYdiff_landingpadlines_survival_384well1/20260312_083635_497/260312_Day32_WellJ05_Channel405nm Binned,561 nm,488nm Binned_Seq0112.nd2","20260312_083635_497/260312_Day32_WellJ05_Channel405nm Binned,561 nm,488nm Binned_Seq0112.nd2","260312_Day32_WellJ05_Channel405nm Binned,561 nm,488nm Binned_Seq0112.nd2",.nd2,49688576,2026-03-12T08:58:54,J05,32,405nm Binned|561 nm|488nm Binned,Seq0112,20260312_083635_497,high,,not_requested,,,
"/Users/makennarodriguez/Documents/260213_Feb16recopy_HYdiff_landingpadlines_survival_384well1/20260312_083635_497/260312_Day32_WellJ06_Channel405nm Binned,561 nm,488nm Binned_Seq0113.nd2","20260312_083635_497/260312_Day32_WellJ06_Channel405nm Binned,561 nm,488nm Binned_Seq0113.nd2","260312_Day32_WellJ06_Channel405nm Binned,561 nm,488nm Binned_Seq0113.nd2",.nd2,49688576,2026-03-12T08:59:04,J06,32,405nm Binned|561 nm|488nm Binned,Seq0113,20260312_083635_497,high,,not_requested,,,
"/Users/makennarodriguez/Documents/260213_Feb16recopy_HYdiff_landingpadlines_survival_384well1/20260312_083635_497/260312_Day32_WellJ07_Channel405nm Binned,561 nm,488nm Binned_Seq0114.nd2","20260312_083635_497/260312_Day32_WellJ07_Channel405nm Binned,561 nm,488nm Binned_Seq0114.nd2","260312_Day32_WellJ07_Channel405nm Binned,561 nm,488nm Binned_Seq0114.nd2",.nd2,49688576,2026-03-12T08:59:16,J07,32,405nm Binned|561 nm|488nm Binned,Seq0114,20260312_083635_497,high,,not_requested,,,
"/Users/makennarodriguez/Documents/260213_Feb16recopy_HYdiff_landingpadlines_survival_384well1/20260312_083635_497/260312_Day32_WellJ08_Channel405nm Binned,561 nm,488nm Binned_Seq0115.nd2","20260312_083635_497/260312_Day32_WellJ08_Channel405nm Binned,561 nm,488nm Binned_Seq0115.nd2","260312_Day32_WellJ08_Channel405nm Binned,561 nm,488nm Binned_Seq0115.nd2",.nd2,49688576,2026-03-12T08:59:28,J08,32,405nm Binned|561 nm|488nm Binned,Seq0115,20260312_083635_497,high,,not_requested,,,
"/Users/makennarodriguez/Documents/260213_Feb16recopy_HYdiff_landingpadlines_survival_384well1/20260312_083635_497/260312_Day32_WellJ09_Channel405nm Binned,561 nm,488nm Binned_Seq0116.nd2","20260312_083635_497/260312_Day32_WellJ09_Channel405nm Binned,561 nm,488nm Binned_Seq0116.nd2","260312_Day32_WellJ09_Channel405nm Binned,561 nm,488nm Binned_Seq0116.nd2",.nd2,49688576,2026-03-12T08:59:40,J09,32,405nm Binned|561 nm|488nm Binned,Seq0116,20260312_083635_497,high,,not_requested,,,
"/Users/makennarodriguez/Documents/260213_Feb16recopy_HYdiff_landingpadlines_survival_384well1/20260312_083635_497/260312_Day32_WellJ10_Channel405nm Binned,561 nm,488nm Binned_Seq0117.nd2","20260312_083635_497/260312_Day32_WellJ10_Channel405nm Binned,561 nm,488nm Binned_Seq0117.nd2","260312_Day32_WellJ10_Channel405nm Binned,561 nm,488nm Binned_Seq0117.nd2",.nd2,49688576,2026-03-12T08:59:52,J10,32,405nm Binned|561 nm|488nm Binned,Seq0117,20260312_083635_497,high,,not_requested,,,
"/Users/makennarodriguez/Documents/260213_Feb16recopy_HYdiff_landingpadlines_survival_384well1/20260312_083635_497/260312_Day32_WellJ11_Channel405nm Binned,561 nm,488nm Binned_Seq0118.nd2","20260312_083635_497/260312_Day32_WellJ11_Channel405nm Binned,561 nm,488nm Binned_Seq0118.nd2","260312_Day32_WellJ11_Channel405nm Binned,561 nm,488nm Binned_Seq0118.nd2",.nd2,49688576,2026-03-12T09:00:02,J11,32,405nm Binned|561 nm|488nm Binned,Seq0118,20260312_083635_497,high,,not_requested,,,
"/Users/makennarodriguez/Documents/260213_Feb16recopy_HYdiff_landingpadlines_survival_384well1/20260312_083635_497/260312_Day32_WellJ12_Channel405nm Binned,561 nm,488nm Binned_Seq0119.nd2","20260312_083635_497/260312_Day32_WellJ12_Channel405nm Binned,561 nm,488nm Binned_Seq0119.nd2","260312_Day32_WellJ12_Channel405nm Binned,561 nm,488nm Binned_Seq0119.nd2",.nd2,49688576,2026-03-12T09:00:14,J12,32,405nm Binned|561 nm|488nm Binned,Seq0119,20260312_083635_497,high,,not_requested,,,
"/Users/makennarodriguez/Documents/260213_Feb16recopy_HYdiff_landingpadlines_survival_384well1/20260312_083635_497/260312_Day32_WellJ13_Channel405nm Binned,561 nm,488nm Binned_Seq0120.nd2","20260312_083635_497/260312_Day32_WellJ13_Channel405nm Binned,561 nm,488nm Binned_Seq0120.nd2","260312_Day32_WellJ13_Channel405nm Binned,561 nm,488nm Binned_Seq0120.nd2",.nd2,49688576,2026-03-12T09:00:26,J13,32,405nm Binned|561 nm|488nm Binned,Seq0120,20260312_083635_497,high,,not_requested,,,
"/Users/makennarodriguez/Documents/260213_Feb16recopy_HYdiff_landingpadlines_survival_384well1/20260312_083635_497/260312_Day32_WellJ14_Channel405nm Binned,561 nm,488nm Binned_Seq0121.nd2","20260312_083635_497/260312_Day32_WellJ14_Channel405nm Binned,561 nm,488nm Binned_Seq0121.nd2","260312_Day32_WellJ14_Channel405nm Binned,561 nm,488nm Binned_Seq0121.nd2",.nd2,49688576,2026-03-12T09:00:38,J14,32,405nm Binned|561 nm|488nm Binned,Seq0121,20260312_083635_497,high,,not_requested,,,
"/Users/makennarodriguez/Documents/260213_Feb16recopy_HYdiff_landingpadlines_survival_384well1/20260312_083635_497/260312_Day32_WellJ15_Channel405nm Binned,561 nm,488nm Binned_Seq0122.nd2","20260312_083635_497/260312_Day32_WellJ15_Channel405nm Binned,561 nm,488nm Binned_Seq0122.nd2","260312_Day32_WellJ15_Channel405nm Binned,561 nm,488nm Binned_Seq0122.nd2",.nd2,49688576,2026-03-12T09:00:48,J15,32,405nm Binned|561 nm|488nm Binned,Seq0122,20260312_083635_497,high,,not_requested,,,
"/Users/makennarodriguez/Documents/260213_Feb16recopy_HYdiff_landingpadlines_survival_384well1/20260312_083635_497/260312_Day32_WellJ16_Channel405nm Binned,561 nm,488nm Binned_Seq0123.nd2","20260312_083635_497/260312_Day32_WellJ16_Channel405nm Binned,561 nm,488nm Binned_Seq0123.nd2","260312_Day32_WellJ16_Channel405nm Binned,561 nm,488nm Binned_Seq0123.nd2",.nd2,49688576,2026-03-12T09:01:00,J16,32,405nm Binned|561 nm|488nm Binned,Seq0123,20260312_083635_497,high,,not_requested,,,
"/Users/makennarodriguez/Documents/260213_Feb16recopy_HYdiff_landingpadlines_survival_384well1/20260312_083635_497/260312_Day32_WellJ17_Channel405nm Binned,561 nm,488nm Binned_Seq0124.nd2","20260312_083635_497/260312_Day32_WellJ17_Channel405nm Binned,561 nm,488nm Binned_Seq0124.nd2","260312_Day32_WellJ17_Channel405nm Binned,561 nm,488nm Binned_Seq0124.nd2",.nd2,49688576,2026-03-12T09:01:12,J17,32,405nm Binned|561 nm|488nm Binned,Seq0124,20260312_083635_497,high,,not_requested,,,
"/Users/makennarodriguez/Documents/260213_Feb16recopy_HYdiff_landingpadlines_survival_384well1/20260312_083635_497/260312_Day32_WellJ18_Channel405nm Binned,561 nm,488nm Binned_Seq0125.nd2","20260312_083635_497/260312_Day32_WellJ18_Channel405nm Binned,561 nm,488nm Binned_Seq0125.nd2","260312_Day32_WellJ18_Channel405nm Binned,561 nm,488nm Binned_Seq0125.nd2",.nd2,49688576,2026-03-12T09:01:24,J18,32,405nm Binned|561 nm|488nm Binned,Seq0125,20260312_083635_497,high,,not_requested,,,
"/Users/makennarodriguez/Documents/260213_Feb16recopy_HYdiff_landingpadlines_survival_384well1/20260312_083635_497/260312_Day32_WellJ19_Channel405nm Binned,561 nm,488nm Binned_Seq0126.nd2","20260312_083635_497/260312_Day32_WellJ19_Channel405nm Binned,561 nm,488nm Binned_Seq0126.nd2","260312_Day32_WellJ19_Channel405nm Binned,561 nm,488nm Binned_Seq0126.nd2",.nd2,49688576,2026-03-12T09:01:34,J19,32,405nm Binned|561 nm|488nm Binned,Seq0126,20260312_083635_497,high,,not_requested,,,
"/Users/makennarodriguez/Documents/260213_Feb16recopy_HYdiff_landingpadlines_survival_384well1/20260312_083635_497/260312_Day32_WellJ20_Channel405nm Binned,561 nm,488nm Binned_Seq0127.nd2","20260312_083635_497/260312_Day32_WellJ20_Channel405nm Binned,561 nm,488nm Binned_Seq0127.nd2","260312_Day32_WellJ20_Channel405nm Binned,561 nm,488nm Binned_Seq0127.nd2",.nd2,49688576,2026-03-12T09:01:46,J20,32,405nm Binned|561 nm|488nm Binned,Seq0127,20260312_083635_497,high,,not_requested,,,
"/Users/makennarodriguez/Documents/260213_Feb16recopy_HYdiff_landingpadlines_survival_384well1/20260312_083635_497/260312_Day32_WellK05_Channel405nm Binned,561 nm,488nm Binned_Seq0128.nd2","20260312_083635_497/260312_Day32_WellK05_Channel405nm Binned,561 nm,488nm Binned_Seq0128.nd2","260312_Day32_WellK05_Channel405nm Binned,561 nm,488nm Binned_Seq0128.nd2",.nd2,49688576,2026-03-12T09:02:00,K05,32,405nm Binned|561 nm|488nm Binned,Seq0128,20260312_083635_497,high,,not_requested,,,
"/Users/makennarodriguez/Documents/260213_Feb16recopy_HYdiff_landingpadlines_survival_384well1/20260312_083635_497/260312_Day32_WellK06_Channel405nm Binned,561 nm,488nm Binned_Seq0129.nd2","20260312_083635_497/260312_Day32_WellK06_Channel405nm Binned,561 nm,488nm Binned_Seq0129.nd2","260312_Day32_WellK06_Channel405nm Binned,561 nm,488nm Binned_Seq0129.nd2",.nd2,49688576,2026-03-12T09:02:12,K06,32,405nm Binned|561 nm|488nm Binned,Seq0129,20260312_083635_497,high,,not_requested,,,
"/Users/makennarodriguez/Documents/260213_Feb16recopy_HYdiff_landingpadlines_survival_384well1/20260312_083635_497/260312_Day32_WellK07_Channel405nm Binned,561 nm,488nm Binned_Seq0130.nd2","20260312_083635_497/260312_Day32_WellK07_Channel405nm Binned,561 nm,488nm Binned_Seq0130.nd2","260312_Day32_WellK07_Channel405nm Binned,561 nm,488nm Binned_Seq0130.nd2",.nd2,49688576,2026-03-12T09:02:24,K07,32,405nm Binned|561 nm|488nm Binned,Seq0130,20260312_083635_497,high,,not_requested,,,
"/Users/makennarodriguez/Documents/260213_Feb16recopy_HYdiff_landingpadlines_survival_384well1/20260312_083635_497/260312_Day32_WellK08_Channel405nm Binned,561 nm,488nm Binned_Seq0131.nd2","20260312_083635_497/260312_Day32_WellK08_Channel405nm Binned,561 nm,488nm Binned_Seq0131.nd2","260312_Day32_WellK08_Channel405nm Binned,561 nm,488nm Binned_Seq0131.nd2",.nd2,49688576,2026-03-12T09:02:36,K08,32,405nm Binned|561 nm|488nm Binned,Seq0131,20260312_083635_497,high,,not_requested,,,
"/Users/makennarodriguez/Documents/260213_Feb16recopy_HYdiff_landingpadlines_survival_384well1/20260312_083635_497/260312_Day32_WellK09_Channel405nm Binned,561 nm,488nm Binned_Seq0132.nd2","20260312_083635_497/260312_Day32_WellK09_Channel405nm Binned,561 nm,488nm Binned_Seq0132.nd2","260312_Day32_WellK09_Channel405nm Binned,561 nm,488nm Binned_Seq0132.nd2",.nd2,49688576,2026-03-12T09:02:46,K09,32,405nm Binned|561 nm|488nm Binned,Seq0132,20260312_083635_497,high,,not_requested,,,
"/Users/makennarodriguez/Documents/260213_Feb16recopy_HYdiff_landingpadlines_survival_384well1/20260312_083635_497/260312_Day32_WellK10_Channel405nm Binned,561 nm,488nm Binned_Seq0133.nd2","20260312_083635_497/260312_Day32_WellK10_Channel405nm Binned,561 nm,488nm Binned_Seq0133.nd2","260312_Day32_WellK10_Channel405nm Binned,561 nm,488nm Binned_Seq0133.nd2",.nd2,49688576,2026-03-12T09:02:58,K10,32,405nm Binned|561 nm|488nm Binned,Seq0133,20260312_083635_497,high,,not_requested,,,
"/Users/makennarodriguez/Documents/260213_Feb16recopy_HYdiff_landingpadlines_survival_384well1/20260312_083635_497/260312_Day32_WellK11_Channel405nm Binned,561 nm,488nm Binned_Seq0134.nd2","20260312_083635_497/260312_Day32_WellK11_Channel405nm Binned,561 nm,488nm Binned_Seq0134.nd2","260312_Day32_WellK11_Channel405nm Binned,561 nm,488nm Binned_Seq0134.nd2",.nd2,49688576,2026-03-12T09:03:10,K11,32,405nm Binned|561 nm|488nm Binned,Seq0134,20260312_083635_497,high,,not_requested,,,
"/Users/makennarodriguez/Documents/260213_Feb16recopy_HYdiff_landingpadlines_survival_384well1/20260312_083635_497/260312_Day32_WellK12_Channel405nm Binned,561 nm,488nm Binned_Seq0135.nd2","20260312_083635_497/260312_Day32_WellK12_Channel405nm Binned,561 nm,488nm Binned_Seq0135.nd2","260312_Day32_WellK12_Channel405nm Binned,561 nm,488nm Binned_Seq0135.nd2",.nd2,49688576,2026-03-12T09:03:22,K12,32,405nm Binned|561 nm|488nm Binned,Seq0135,20260312_083635_497,high,,not_requested,,,
"/Users/makennarodriguez/Documents/260213_Feb16recopy_HYdiff_landingpadlines_survival_384well1/20260312_083635_497/260312_Day32_WellK13_Channel405nm Binned,561 nm,488nm Binned_Seq0136.nd2","20260312_083635_497/260312_Day32_WellK13_Channel405nm Binned,561 nm,488nm Binned_Seq0136.nd2","260312_Day32_WellK13_Channel405nm Binned,561 nm,488nm Binned_Seq0136.nd2",.nd2,49688576,2026-03-12T09:03:32,K13,32,405nm Binned|561 nm|488nm Binned,Seq0136,20260312_083635_497,high,,not_requested,,,
"/Users/makennarodriguez/Documents/260213_Feb16recopy_HYdiff_landingpadlines_survival_384well1/20260312_083635_497/260312_Day32_WellK14_Channel405nm Binned,561 nm,488nm Binned_Seq0137.nd2","20260312_083635_497/260312_Day32_WellK14_Channel405nm Binned,561 nm,488nm Binned_Seq0137.nd2","260312_Day32_WellK14_Channel405nm Binned,561 nm,488nm Binned_Seq0137.nd2",.nd2,49688576,2026-03-12T09:03:44,K14,32,405nm Binned|561 nm|488nm Binned,Seq0137,20260312_083635_497,high,,not_requested,,,
"/Users/makennarodriguez/Documents/260213_Feb16recopy_HYdiff_landingpadlines_survival_384well1/20260312_083635_497/260312_Day32_WellK15_Channel405nm Binned,561 nm,488nm Binned_Seq0138.nd2","20260312_083635_497/260312_Day32_WellK15_Channel405nm Binned,561 nm,488nm Binned_Seq0138.nd2","260312_Day32_WellK15_Channel405nm Binned,561 nm,488nm Binned_Seq0138.nd2",.nd2,49688576,2026-03-12T09:03:56,K15,32,405nm Binned|561 nm|488nm Binned,Seq0138,20260312_083635_497,high,,not_requested,,,
"/Users/makennarodriguez/Documents/260213_Feb16recopy_HYdiff_landingpadlines_survival_384well1/20260312_083635_497/260312_Day32_WellK16_Channel405nm Binned,561 nm,488nm Binned_Seq0139.nd2","20260312_083635_497/260312_Day32_WellK16_Channel405nm Binned,561 nm,488nm Binned_Seq0139.nd2","260312_Day32_WellK16_Channel405nm Binned,561 nm,488nm Binned_Seq0139.nd2",.nd2,49688576,2026-03-12T09:04:08,K16,32,405nm Binned|561 nm|488nm Binned,Seq0139,20260312_083635_497,high,,not_requested,,,
"/Users/makennarodriguez/Documents/260213_Feb16recopy_HYdiff_landingpadlines_survival_384well1/20260312_083635_497/260312_Day32_WellK17_Channel405nm Binned,561 nm,488nm Binned_Seq0140.nd2","20260312_083635_497/260312_Day32_WellK17_Channel405nm Binned,561 nm,488nm Binned_Seq0140.nd2","260312_Day32_WellK17_Channel405nm Binned,561 nm,488nm Binned_Seq0140.nd2",.nd2,49688576,2026-03-12T09:04:18,K17,32,405nm Binned|561 nm|488nm Binned,Seq0140,20260312_083635_497,high,,not_requested,,,
"/Users/makennarodriguez/Documents/260213_Feb16recopy_HYdiff_landingpadlines_survival_384well1/20260312_083635_497/260312_Day32_WellK18_Channel405nm Binned,561 nm,488nm Binned_Seq0141.nd2","20260312_083635_497/260312_Day32_WellK18_Channel405nm Binned,561 nm,488nm Binned_Seq0141.nd2","260312_Day32_WellK18_Channel405nm Binned,561 nm,488nm Binned_Seq0141.nd2",.nd2,49688576,2026-03-12T09:04:30,K18,32,405nm Binned|561 nm|488nm Binned,Seq0141,20260312_083635_497,high,,not_requested,,,
"/Users/makennarodriguez/Documents/260213_Feb16recopy_HYdiff_landingpadlines_survival_384well1/20260312_083635_497/260312_Day32_WellK19_Channel405nm Binned,561 nm,488nm Binned_Seq0142.nd2","20260312_083635_497/260312_Day32_WellK19_Channel405nm Binned,561 nm,488nm Binned_Seq0142.nd2","260312_Day32_WellK19_Channel405nm Binned,561 nm,488nm Binned_Seq0142.nd2",.nd2,49688576,2026-03-12T09:04:42,K19,32,405nm Binned|561 nm|488nm Binned,Seq0142,20260312_083635_497,high,,not_requested,,,
"/Users/makennarodriguez/Documents/260213_Feb16recopy_HYdiff_landingpadlines_survival_384well1/20260312_083635_497/260312_Day32_WellK20_Channel405nm Binned,561 nm,488nm Binned_Seq0143.nd2","20260312_083635_497/260312_Day32_WellK20_Channel405nm Binned,561 nm,488nm Binned_Seq0143.nd2","260312_Day32_WellK20_Channel405nm Binned,561 nm,488nm Binned_Seq0143.nd2",.nd2,49688576,2026-03-12T09:04:54,K20,32,405nm Binned|561 nm|488nm Binned,Seq0143,20260312_083635_497,high,,not_requested,,,
"/Users/makennarodriguez/Documents/260213_Feb16recopy_HYdiff_landingpadlines_survival_384well1/20260312_083635_497/260312_Day32_WellL05_Channel405nm Binned,561 nm,488nm Binned_Seq0144.nd2","20260312_083635_497/260312_Day32_WellL05_Channel405nm Binned,561 nm,488nm Binned_Seq0144.nd2","260312_Day32_WellL05_Channel405nm Binned,561 nm,488nm Binned_Seq0144.nd2",.nd2,49688576,2026-03-12T09:05:08,L05,32,405nm Binned|561 nm|488nm Binned,Seq0144,20260312_083635_497,high,,not_requested,,,
"/Users/makennarodriguez/Documents/260213_Feb16recopy_HYdiff_landingpadlines_survival_384well1/20260312_083635_497/260312_Day32_WellL06_Channel405nm Binned,561 nm,488nm Binned_Seq0145.nd2","20260312_083635_497/260312_Day32_WellL06_Channel405nm Binned,561 nm,488nm Binned_Seq0145.nd2","260312_Day32_WellL06_Channel405nm Binned,561 nm,488nm Binned_Seq0145.nd2",.nd2,49688576,2026-03-12T09:05:18,L06,32,405nm Binned|561 nm|488nm Binned,Seq0145,20260312_083635_497,high,,not_requested,,,
"/Users/makennarodriguez/Documents/260213_Feb16recopy_HYdiff_landingpadlines_survival_384well1/20260312_083635_497/260312_Day32_WellL07_Channel405nm Binned,561 nm,488nm Binned_Seq0146.nd2","20260312_083635_497/260312_Day32_WellL07_Channel405nm Binned,561 nm,488nm Binned_Seq0146.nd2","260312_Day32_WellL07_Channel405nm Binned,561 nm,488nm Binned_Seq0146.nd2",.nd2,49688576,2026-03-12T09:05:30,L07,32,405nm Binned|561 nm|488nm Binned,Seq0146,20260312_083635_497,high,,not_requested,,,
"/Users/makennarodriguez/Documents/260213_Feb16recopy_HYdiff_landingpadlines_survival_384well1/20260312_083635_497/260312_Day32_WellL08_Channel405nm Binned,561 nm,488nm Binned_Seq0147.nd2","20260312_083635_497/260312_Day32_WellL08_Channel405nm Binned,561 nm,488nm Binned_Seq0147.nd2","260312_Day32_WellL08_Channel405nm Binned,561 nm,488nm Binned_Seq0147.nd2",.nd2,49688576,2026-03-12T09:05:42,L08,32,405nm Binned|561 nm|488nm Binned,Seq0147,20260312_083635_497,high,,not_requested,,,
"/Users/makennarodriguez/Documents/260213_Feb16recopy_HYdiff_landingpadlines_survival_384well1/20260312_083635_497/260312_Day32_WellL09_Channel405nm Binned,561 nm,488nm Binned_Seq0148.nd2","20260312_083635_497/260312_Day32_WellL09_Channel405nm Binned,561 nm,488nm Binned_Seq0148.nd2","260312_Day32_WellL09_Channel405nm Binned,561 nm,488nm Binned_Seq0148.nd2",.nd2,49688576,2026-03-12T09:05:54,L09,32,405nm Binned|561 nm|488nm Binned,Seq0148,20260312_083635_497,high,,not_requested,,,
"/Users/makennarodriguez/Documents/260213_Feb16recopy_HYdiff_landingpadlines_survival_384well1/20260312_083635_497/260312_Day32_WellL10_Channel405nm Binned,561 nm,488nm Binned_Seq0149.nd2","20260312_083635_497/260312_Day32_WellL10_Channel405nm Binned,561 nm,488nm Binned_Seq0149.nd2","260312_Day32_WellL10_Channel405nm Binned,561 nm,488nm Binned_Seq0149.nd2",.nd2,49688576,2026-03-12T09:06:06,L10,32,405nm Binned|561 nm|488nm Binned,Seq0149,20260312_083635_497,high,,not_requested,,,
"/Users/makennarodriguez/Documents/260213_Feb16recopy_HYdiff_landingpadlines_survival_384well1/20260312_083635_497/260312_Day32_WellL11_Channel405nm Binned,561 nm,488nm Binned_Seq0150.nd2","20260312_083635_497/260312_Day32_WellL11_Channel405nm Binned,561 nm,488nm Binned_Seq0150.nd2","260312_Day32_WellL11_Channel405nm Binned,561 nm,488nm Binned_Seq0150.nd2",.nd2,49688576,2026-03-12T09:06:18,L11,32,405nm Binned|561 nm|488nm Binned,Seq0150,20260312_083635_497,high,,not_requested,,,
"/Users/makennarodriguez/Documents/260213_Feb16recopy_HYdiff_landingpadlines_survival_384well1/20260312_083635_497/260312_Day32_WellL12_Channel405nm Binned,561 nm,488nm Binned_Seq0151.nd2","20260312_083635_497/260312_Day32_WellL12_Channel405nm Binned,561 nm,488nm Binned_Seq0151.nd2","260312_Day32_WellL12_Channel405nm Binned,561 nm,488nm Binned_Seq0151.nd2",.nd2,49688576,2026-03-12T09:06:28,L12,32,405nm Binned|561 nm|488nm Binned,Seq0151,20260312_083635_497,high,,not_requested,,,
"/Users/makennarodriguez/Documents/260213_Feb16recopy_HYdiff_landingpadlines_survival_384well1/20260312_083635_497/260312_Day32_WellL13_Channel405nm Binned,561 nm,488nm Binned_Seq0152.nd2","20260312_083635_497/260312_Day32_WellL13_Channel405nm Binned,561 nm,488nm Binned_Seq0152.nd2","260312_Day32_WellL13_Channel405nm Binned,561 nm,488nm Binned_Seq0152.nd2",.nd2,49688576,2026-03-12T09:06:40,L13,32,405nm Binned|561 nm|488nm Binned,Seq0152,20260312_083635_497,high,,not_requested,,,
"/Users/makennarodriguez/Documents/260213_Feb16recopy_HYdiff_landingpadlines_survival_384well1/20260312_083635_497/260312_Day32_WellL14_Channel405nm Binned,561 nm,488nm Binned_Seq0153.nd2","20260312_083635_497/260312_Day32_WellL14_Channel405nm Binned,561 nm,488nm Binned_Seq0153.nd2","260312_Day32_WellL14_Channel405nm Binned,561 nm,488nm Binned_Seq0153.nd2",.nd2,49688576,2026-03-12T09:06:52,L14,32,405nm Binned|561 nm|488nm Binned,Seq0153,20260312_083635_497,high,,not_requested,,,
"/Users/makennarodriguez/Documents/260213_Feb16recopy_HYdiff_landingpadlines_survival_384well1/20260312_083635_497/260312_Day32_WellL15_Channel405nm Binned,561 nm,488nm Binned_Seq0154.nd2","20260312_083635_497/260312_Day32_WellL15_Channel405nm Binned,561 nm,488nm Binned_Seq0154.nd2","260312_Day32_WellL15_Channel405nm Binned,561 nm,488nm Binned_Seq0154.nd2",.nd2,49688576,2026-03-12T09:07:02,L15,32,405nm Binned|561 nm|488nm Binned,Seq0154,20260312_083635_497,high,,not_requested,,,
"/Users/makennarodriguez/Documents/260213_Feb16recopy_HYdiff_landingpadlines_survival_384well1/20260312_083635_497/260312_Day32_WellL16_Channel405nm Binned,561 nm,488nm Binned_Seq0155.nd2","20260312_083635_497/260312_Day32_WellL16_Channel405nm Binned,561 nm,488nm Binned_Seq0155.nd2","260312_Day32_WellL16_Channel405nm Binned,561 nm,488nm Binned_Seq0155.nd2",.nd2,49688576,2026-03-12T09:07:14,L16,32,405nm Binned|561 nm|488nm Binned,Seq0155,20260312_083635_497,high,,not_requested,,,
"/Users/makennarodriguez/Documents/260213_Feb16recopy_HYdiff_landingpadlines_survival_384well1/20260312_083635_497/260312_Day32_WellL17_Channel405nm Binned,561 nm,488nm Binned_Seq0156.nd2","20260312_083635_497/260312_Day32_WellL17_Channel405nm Binned,561 nm,488nm Binned_Seq0156.nd2","260312_Day32_WellL17_Channel405nm Binned,561 nm,488nm Binned_Seq0156.nd2",.nd2,49688576,2026-03-12T09:07:26,L17,32,405nm Binned|561 nm|488nm Binned,Seq0156,20260312_083635_497,high,,not_requested,,,
"/Users/makennarodriguez/Documents/260213_Feb16recopy_HYdiff_landingpadlines_survival_384well1/20260312_083635_497/260312_Day32_WellL18_Channel405nm Binned,561 nm,488nm Binned_Seq0157.nd2","20260312_083635_497/260312_Day32_WellL18_Channel405nm Binned,561 nm,488nm Binned_Seq0157.nd2","260312_Day32_WellL18_Channel405nm Binned,561 nm,488nm Binned_Seq0157.nd2",.nd2,49688576,2026-03-12T09:07:38,L18,32,405nm Binned|561 nm|488nm Binned,Seq0157,20260312_083635_497,high,,not_requested,,,
"/Users/makennarodriguez/Documents/260213_Feb16recopy_HYdiff_landingpadlines_survival_384well1/20260312_083635_497/260312_Day32_WellL19_Channel405nm Binned,561 nm,488nm Binned_Seq0158.nd2","20260312_083635_497/260312_Day32_WellL19_Channel405nm Binned,561 nm,488nm Binned_Seq0158.nd2","260312_Day32_WellL19_Channel405nm Binned,561 nm,488nm Binned_Seq0158.nd2",.nd2,49688576,2026-03-12T09:07:48,L19,32,405nm Binned|561 nm|488nm Binned,Seq0158,20260312_083635_497,high,,not_requested,,,
"/Users/makennarodriguez/Documents/260213_Feb16recopy_HYdiff_landingpadlines_survival_384well1/20260312_083635_497/260312_Day32_WellL20_Channel405nm Binned,561 nm,488nm Binned_Seq0159.nd2","20260312_083635_497/260312_Day32_WellL20_Channel405nm Binned,561 nm,488nm Binned_Seq0159.nd2","260312_Day32_WellL20_Channel405nm Binned,561 nm,488nm Binned_Seq0159.nd2",.nd2,49688576,2026-03-12T09:08:00,L20,32,405nm Binned|561 nm|488nm Binned,Seq0159,20260312_083635_497,high,,not_requested,,,
"/Users/makennarodriguez/Documents/260213_Feb16recopy_HYdiff_landingpadlines_survival_384well1/20260312_083635_497/260312_Day32_WellM05_Channel405nm Binned,561 nm,488nm Binned_Seq0160.nd2","20260312_083635_497/260312_Day32_WellM05_Channel405nm Binned,561 nm,488nm Binned_Seq0160.nd2","260312_Day32_WellM05_Channel405nm Binned,561 nm,488nm Binned_Seq0160.nd2",.nd2,49688576,2026-03-12T09:08:14,M05,32,405nm Binned|561 nm|488nm Binned,Seq0160,20260312_083635_497,high,,not_requested,,,
"/Users/makennarodriguez/Documents/260213_Feb16recopy_HYdiff_landingpadlines_survival_384well1/20260312_083635_497/260312_Day32_WellM06_Channel405nm Binned,561 nm,488nm Binned_Seq0161.nd2","20260312_083635_497/260312_Day32_WellM06_Channel405nm Binned,561 nm,488nm Binned_Seq0161.nd2","260312_Day32_WellM06_Channel405nm Binned,561 nm,488nm Binned_Seq0161.nd2",.nd2,49688576,2026-03-12T09:08:26,M06,32,405nm Binned|561 nm|488nm Binned,Seq0161,20260312_083635_497,high,,not_requested,,,
"/Users/makennarodriguez/Documents/260213_Feb16recopy_HYdiff_landingpadlines_survival_384well1/20260312_083635_497/260312_Day32_WellM07_Channel405nm Binned,561 nm,488nm Binned_Seq0162.nd2","20260312_083635_497/260312_Day32_WellM07_Channel405nm Binned,561 nm,488nm Binned_Seq0162.nd2","260312_Day32_WellM07_Channel405nm Binned,561 nm,488nm Binned_Seq0162.nd2",.nd2,49688576,2026-03-12T09:08:38,M07,32,405nm Binned|561 nm|488nm Binned,Seq0162,20260312_083635_497,high,,not_requested,,,
"/Users/makennarodriguez/Documents/260213_Feb16recopy_HYdiff_landingpadlines_survival_384well1/20260312_083635_497/260312_Day32_WellM08_Channel405nm Binned,561 nm,488nm Binned_Seq0163.nd2","20260312_083635_497/260312_Day32_WellM08_Channel405nm Binned,561 nm,488nm Binned_Seq0163.nd2","260312_Day32_WellM08_Channel405nm Binned,561 nm,488nm Binned_Seq0163.nd2",.nd2,49688576,2026-03-12T09:08:50,M08,32,405nm Binned|561 nm|488nm Binned,Seq0163,20260312_083635_497,high,,not_requested,,,
"/Users/makennarodriguez/Documents/260213_Feb16recopy_HYdiff_landingpadlines_survival_384well1/20260312_083635_497/260312_Day32_WellM09_Channel405nm Binned,561 nm,488nm Binned_Seq0164.nd2","20260312_083635_497/260312_Day32_WellM09_Channel405nm Binned,561 nm,488nm Binned_Seq0164.nd2","260312_Day32_WellM09_Channel405nm Binned,561 nm,488nm Binned_Seq0164.nd2",.nd2,49688576,2026-03-12T09:09:00,M09,32,405nm Binned|561 nm|488nm Binned,Seq0164,20260312_083635_497,high,,not_requested,,,
"/Users/makennarodriguez/Documents/260213_Feb16recopy_HYdiff_landingpadlines_survival_384well1/20260312_083635_497/260312_Day32_WellM10_Channel405nm Binned,561 nm,488nm Binned_Seq0165.nd2","20260312_083635_497/260312_Day32_WellM10_Channel405nm Binned,561 nm,488nm Binned_Seq0165.nd2","260312_Day32_WellM10_Channel405nm Binned,561 nm,488nm Binned_Seq0165.nd2",.nd2,49688576,2026-03-12T09:09:12,M10,32,405nm Binned|561 nm|488nm Binned,Seq0165,20260312_083635_497,high,,not_requested,,,
"/Users/makennarodriguez/Documents/260213_Feb16recopy_HYdiff_landingpadlines_survival_384well1/20260312_083635_497/260312_Day32_WellM11_Channel405nm Binned,561 nm,488nm Binned_Seq0166.nd2","20260312_083635_497/260312_Day32_WellM11_Channel405nm Binned,561 nm,488nm Binned_Seq0166.nd2","260312_Day32_WellM11_Channel405nm Binned,561 nm,488nm Binned_Seq0166.nd2",.nd2,49688576,2026-03-12T09:09:24,M11,32,405nm Binned|561 nm|488nm Binned,Seq0166,20260312_083635_497,high,,not_requested,,,
"/Users/makennarodriguez/Documents/260213_Feb16recopy_HYdiff_landingpadlines_survival_384well1/20260312_083635_497/260312_Day32_WellM12_Channel405nm Binned,561 nm,488nm Binned_Seq0167.nd2","20260312_083635_497/260312_Day32_WellM12_Channel405nm Binned,561 nm,488nm Binned_Seq0167.nd2","260312_Day32_WellM12_Channel405nm Binned,561 nm,488nm Binned_Seq0167.nd2",.nd2,49688576,2026-03-12T09:09:36,M12,32,405nm Binned|561 nm|488nm Binned,Seq0167,20260312_083635_497,high,,not_requested,,,
"/Users/makennarodriguez/Documents/260213_Feb16recopy_HYdiff_landingpadlines_survival_384well1/20260312_083635_497/260312_Day32_WellM13_Channel405nm Binned,561 nm,488nm Binned_Seq0168.nd2","20260312_083635_497/260312_Day32_WellM13_Channel405nm Binned,561 nm,488nm Binned_Seq0168.nd2","260312_Day32_WellM13_Channel405nm Binned,561 nm,488nm Binned_Seq0168.nd2",.nd2,49688576,2026-03-12T09:09:46,M13,32,405nm Binned|561 nm|488nm Binned,Seq0168,20260312_083635_497,high,,not_requested,,,
"/Users/makennarodriguez/Documents/260213_Feb16recopy_HYdiff_landingpadlines_survival_384well1/20260312_083635_497/260312_Day32_WellM14_Channel405nm Binned,561 nm,488nm Binned_Seq0169.nd2","20260312_083635_497/260312_Day32_WellM14_Channel405nm Binned,561 nm,488nm Binned_Seq0169.nd2","260312_Day32_WellM14_Channel405nm Binned,561 nm,488nm Binned_Seq0169.nd2",.nd2,49688576,2026-03-12T09:09:58,M14,32,405nm Binned|561 nm|488nm Binned,Seq0169,20260312_083635_497,high,,not_requested,,,
"/Users/makennarodriguez/Documents/260213_Feb16recopy_HYdiff_landingpadlines_survival_384well1/20260312_083635_497/260312_Day32_WellM15_Channel405nm Binned,561 nm,488nm Binned_Seq0170.nd2","20260312_083635_497/260312_Day32_WellM15_Channel405nm Binned,561 nm,488nm Binned_Seq0170.nd2","260312_Day32_WellM15_Channel405nm Binned,561 nm,488nm Binned_Seq0170.nd2",.nd2,49688576,2026-03-12T09:10:10,M15,32,405nm Binned|561 nm|488nm Binned,Seq0170,20260312_083635_497,high,,not_requested,,,
"/Users/makennarodriguez/Documents/260213_Feb16recopy_HYdiff_landingpadlines_survival_384well1/20260312_083635_497/260312_Day32_WellM16_Channel405nm Binned,561 nm,488nm Binned_Seq0171.nd2","20260312_083635_497/260312_Day32_WellM16_Channel405nm Binned,561 nm,488nm Binned_Seq0171.nd2","260312_Day32_WellM16_Channel405nm Binned,561 nm,488nm Binned_Seq0171.nd2",.nd2,49688576,2026-03-12T09:10:22,M16,32,405nm Binned|561 nm|488nm Binned,Seq0171,20260312_083635_497,high,,not_requested,,,
"/Users/makennarodriguez/Documents/260213_Feb16recopy_HYdiff_landingpadlines_survival_384well1/20260312_083635_497/260312_Day32_WellM17_Channel405nm Binned,561 nm,488nm Binned_Seq0172.nd2","20260312_083635_497/260312_Day32_WellM17_Channel405nm Binned,561 nm,488nm Binned_Seq0172.nd2","260312_Day32_WellM17_Channel405nm Binned,561 nm,488nm Binned_Seq0172.nd2",.nd2,49688576,2026-03-12T09:10:32,M17,32,405nm Binned|561 nm|488nm Binned,Seq0172,20260312_083635_497,high,,not_requested,,,
"/Users/makennarodriguez/Documents/260213_Feb16recopy_HYdiff_landingpadlines_survival_384well1/20260312_083635_497/260312_Day32_WellM18_Channel405nm Binned,561 nm,488nm Binned_Seq0173.nd2","20260312_083635_497/260312_Day32_WellM18_Channel405nm Binned,561 nm,488nm Binned_Seq0173.nd2","260312_Day32_WellM18_Channel405nm Binned,561 nm,488nm Binned_Seq0173.nd2",.nd2,49688576,2026-03-12T09:10:44,M18,32,405nm Binned|561 nm|488nm Binned,Seq0173,20260312_083635_497,high,,not_requested,,,
"/Users/makennarodriguez/Documents/260213_Feb16recopy_HYdiff_landingpadlines_survival_384well1/20260312_083635_497/260312_Day32_WellM19_Channel405nm Binned,561 nm,488nm Binned_Seq0174.nd2","20260312_083635_497/260312_Day32_WellM19_Channel405nm Binned,561 nm,488nm Binned_Seq0174.nd2","260312_Day32_WellM19_Channel405nm Binned,561 nm,488nm Binned_Seq0174.nd2",.nd2,49688576,2026-03-12T09:10:56,M19,32,405nm Binned|561 nm|488nm Binned,Seq0174,20260312_083635_497,high,,not_requested,,,
"/Users/makennarodriguez/Documents/260213_Feb16recopy_HYdiff_landingpadlines_survival_384well1/20260312_083635_497/260312_Day32_WellM20_Channel405nm Binned,561 nm,488nm Binned_Seq0175.nd2","20260312_083635_497/260312_Day32_WellM20_Channel405nm Binned,561 nm,488nm Binned_Seq0175.nd2","260312_Day32_WellM20_Channel405nm Binned,561 nm,488nm Binned_Seq0175.nd2",.nd2,49688576,2026-03-12T09:11:08,M20,32,405nm Binned|561 nm|488nm Binned,Seq0175,20260312_083635_497,high,,not_requested,,,
"/Users/makennarodriguez/Documents/260213_Feb16recopy_HYdiff_landingpadlines_survival_384well1/20260312_083635_497/260312_Day32_WellN05_Channel405nm Binned,561 nm,488nm Binned_Seq0176.nd2","20260312_083635_497/260312_Day32_WellN05_Channel405nm Binned,561 nm,488nm Binned_Seq0176.nd2","260312_Day32_WellN05_Channel405nm Binned,561 nm,488nm Binned_Seq0176.nd2",.nd2,49688576,2026-03-12T09:11:22,N05,32,405nm Binned|561 nm|488nm Binned,Seq0176,20260312_083635_497,high,,not_requested,,,
"/Users/makennarodriguez/Documents/260213_Feb16recopy_HYdiff_landingpadlines_survival_384well1/20260312_083635_497/260312_Day32_WellN06_Channel405nm Binned,561 nm,488nm Binned_Seq0177.nd2","20260312_083635_497/260312_Day32_WellN06_Channel405nm Binned,561 nm,488nm Binned_Seq0177.nd2","260312_Day32_WellN06_Channel405nm Binned,561 nm,488nm Binned_Seq0177.nd2",.nd2,49688576,2026-03-12T09:11:34,N06,32,405nm Binned|561 nm|488nm Binned,Seq0177,20260312_083635_497,high,,not_requested,,,
"/Users/makennarodriguez/Documents/260213_Feb16recopy_HYdiff_landingpadlines_survival_384well1/20260312_083635_497/260312_Day32_WellN07_Channel405nm Binned,561 nm,488nm Binned_Seq0178.nd2","20260312_083635_497/260312_Day32_WellN07_Channel405nm Binned,561 nm,488nm Binned_Seq0178.nd2","260312_Day32_WellN07_Channel405nm Binned,561 nm,488nm Binned_Seq0178.nd2",.nd2,49688576,2026-03-12T09:11:46,N07,32,405nm Binned|561 nm|488nm Binned,Seq0178,20260312_083635_497,high,,not_requested,,,
"/Users/makennarodriguez/Documents/260213_Feb16recopy_HYdiff_landingpadlines_survival_384well1/20260312_083635_497/260312_Day32_WellN08_Channel405nm Binned,561 nm,488nm Binned_Seq0179.nd2","20260312_083635_497/260312_Day32_WellN08_Channel405nm Binned,561 nm,488nm Binned_Seq0179.nd2","260312_Day32_WellN08_Channel405nm Binned,561 nm,488nm Binned_Seq0179.nd2",.nd2,49688576,2026-03-12T09:11:56,N08,32,405nm Binned|561 nm|488nm Binned,Seq0179,20260312_083635_497,high,,not_requested,,,
"/Users/makennarodriguez/Documents/260213_Feb16recopy_HYdiff_landingpadlines_survival_384well1/20260312_083635_497/260312_Day32_WellN09_Channel405nm Binned,561 nm,488nm Binned_Seq0180.nd2","20260312_083635_497/260312_Day32_WellN09_Channel405nm Binned,561 nm,488nm Binned_Seq0180.nd2","260312_Day32_WellN09_Channel405nm Binned,561 nm,488nm Binned_Seq0180.nd2",.nd2,49688576,2026-03-12T09:12:08,N09,32,405nm Binned|561 nm|488nm Binned,Seq0180,20260312_083635_497,high,,not_requested,,,
"/Users/makennarodriguez/Documents/260213_Feb16recopy_HYdiff_landingpadlines_survival_384well1/20260312_083635_497/260312_Day32_WellN10_Channel405nm Binned,561 nm,488nm Binned_Seq0181.nd2","20260312_083635_497/260312_Day32_WellN10_Channel405nm Binned,561 nm,488nm Binned_Seq0181.nd2","260312_Day32_WellN10_Channel405nm Binned,561 nm,488nm Binned_Seq0181.nd2",.nd2,49688576,2026-03-12T09:12:20,N10,32,405nm Binned|561 nm|488nm Binned,Seq0181,20260312_083635_497,high,,not_requested,,,
"/Users/makennarodriguez/Documents/260213_Feb16recopy_HYdiff_landingpadlines_survival_384well1/20260312_083635_497/260312_Day32_WellN11_Channel405nm Binned,561 nm,488nm Binned_Seq0182.nd2","20260312_083635_497/260312_Day32_WellN11_Channel405nm Binned,561 nm,488nm Binned_Seq0182.nd2","260312_Day32_WellN11_Channel405nm Binned,561 nm,488nm Binned_Seq0182.nd2",.nd2,49688576,2026-03-12T09:12:32,N11,32,405nm Binned|561 nm|488nm Binned,Seq0182,20260312_083635_497,high,,not_requested,,,
"/Users/makennarodriguez/Documents/260213_Feb16recopy_HYdiff_landingpadlines_survival_384well1/20260312_083635_497/260312_Day32_WellN12_Channel405nm Binned,561 nm,488nm Binned_Seq0183.nd2","20260312_083635_497/260312_Day32_WellN12_Channel405nm Binned,561 nm,488nm Binned_Seq0183.nd2","260312_Day32_WellN12_Channel405nm Binned,561 nm,488nm Binned_Seq0183.nd2",.nd2,49688576,2026-03-12T09:12:44,N12,32,405nm Binned|561 nm|488nm Binned,Seq0183,20260312_083635_497,high,,not_requested,,,
"/Users/makennarodriguez/Documents/260213_Feb16recopy_HYdiff_landingpadlines_survival_384well1/20260312_083635_497/260312_Day32_WellN13_Channel405nm Binned,561 nm,488nm Binned_Seq0184.nd2","20260312_083635_497/260312_Day32_WellN13_Channel405nm Binned,561 nm,488nm Binned_Seq0184.nd2","260312_Day32_WellN13_Channel405nm Binned,561 nm,488nm Binned_Seq0184.nd2",.nd2,49688576,2026-03-12T09:12:54,N13,32,405nm Binned|561 nm|488nm Binned,Seq0184,20260312_083635_497,high,,not_requested,,,
"/Users/makennarodriguez/Documents/260213_Feb16recopy_HYdiff_landingpadlines_survival_384well1/20260312_083635_497/260312_Day32_WellN14_Channel405nm Binned,561 nm,488nm Binned_Seq0185.nd2","20260312_083635_497/260312_Day32_WellN14_Channel405nm Binned,561 nm,488nm Binned_Seq0185.nd2","260312_Day32_WellN14_Channel405nm Binned,561 nm,488nm Binned_Seq0185.nd2",.nd2,49688576,2026-03-12T09:13:06,N14,32,405nm Binned|561 nm|488nm Binned,Seq0185,20260312_083635_497,high,,not_requested,,,
"/Users/makennarodriguez/Documents/260213_Feb16recopy_HYdiff_landingpadlines_survival_384well1/20260312_083635_497/260312_Day32_WellN15_Channel405nm Binned,561 nm,488nm Binned_Seq0186.nd2","20260312_083635_497/260312_Day32_WellN15_Channel405nm Binned,561 nm,488nm Binned_Seq0186.nd2","260312_Day32_WellN15_Channel405nm Binned,561 nm,488nm Binned_Seq0186.nd2",.nd2,49688576,2026-03-12T09:13:18,N15,32,405nm Binned|561 nm|488nm Binned,Seq0186,20260312_083635_497,high,,not_requested,,,
"/Users/makennarodriguez/Documents/260213_Feb16recopy_HYdiff_landingpadlines_survival_384well1/20260312_083635_497/260312_Day32_WellN16_Channel405nm Binned,561 nm,488nm Binned_Seq0187.nd2","20260312_083635_497/260312_Day32_WellN16_Channel405nm Binned,561 nm,488nm Binned_Seq0187.nd2","260312_Day32_WellN16_Channel405nm Binned,561 nm,488nm Binned_Seq0187.nd2",.nd2,49688576,2026-03-12T09:13:30,N16,32,405nm Binned|561 nm|488nm Binned,Seq0187,20260312_083635_497,high,,not_requested,,,
"/Users/makennarodriguez/Documents/260213_Feb16recopy_HYdiff_landingpadlines_survival_384well1/20260312_083635_497/260312_Day32_WellN17_Channel405nm Binned,561 nm,488nm Binned_Seq0188.nd2","20260312_083635_497/260312_Day32_WellN17_Channel405nm Binned,561 nm,488nm Binned_Seq0188.nd2","260312_Day32_WellN17_Channel405nm Binned,561 nm,488nm Binned_Seq0188.nd2",.nd2,49688576,2026-03-12T09:13:40,N17,32,405nm Binned|561 nm|488nm Binned,Seq0188,20260312_083635_497,high,,not_requested,,,
"/Users/makennarodriguez/Documents/260213_Feb16recopy_HYdiff_landingpadlines_survival_384well1/20260312_083635_497/260312_Day32_WellN18_Channel405nm Binned,561 nm,488nm Binned_Seq0189.nd2","20260312_083635_497/260312_Day32_WellN18_Channel405nm Binned,561 nm,488nm Binned_Seq0189.nd2","260312_Day32_WellN18_Channel405nm Binned,561 nm,488nm Binned_Seq0189.nd2",.nd2,49688576,2026-03-12T09:13:52,N18,32,405nm Binned|561 nm|488nm Binned,Seq0189,20260312_083635_497,high,,not_requested,,,
"/Users/makennarodriguez/Documents/260213_Feb16recopy_HYdiff_landingpadlines_survival_384well1/20260312_083635_497/260312_Day32_WellN19_Channel405nm Binned,561 nm,488nm Binned_Seq0190.nd2","20260312_083635_497/260312_Day32_WellN19_Channel405nm Binned,561 nm,488nm Binned_Seq0190.nd2","260312_Day32_WellN19_Channel405nm Binned,561 nm,488nm Binned_Seq0190.nd2",.nd2,49688576,2026-03-12T09:14:04,N19,32,405nm Binned|561 nm|488nm Binned,Seq0190,20260312_083635_497,high,,not_requested,,,
"/Users/makennarodriguez/Documents/260213_Feb16recopy_HYdiff_landingpadlines_survival_384well1/20260312_083635_497/260312_Day32_WellN20_Channel405nm Binned,561 nm,488nm Binned_Seq0191.nd2","20260312_083635_497/260312_Day32_WellN20_Channel405nm Binned,561 nm,488nm Binned_Seq0191.nd2","260312_Day32_WellN20_Channel405nm Binned,561 nm,488nm Binned_Seq0191.nd2",.nd2,49688576,2026-03-12T09:14:16,N20,32,405nm Binned|561 nm|488nm Binned,Seq0191,20260312_083635_497,high,,not_requested,,,
"/Users/makennarodriguez/Documents/260213_Feb16recopy_HYdiff_landingpadlines_survival_384well1/20260316_093139_667/260316_Day36_WellC05_Channel405nm Binned,561nm Binned,488nm Binned_Seq0000.nd2","20260316_093139_667/260316_Day36_WellC05_Channel405nm Binned,561nm Binned,488nm Binned_Seq0000.nd2","260316_Day36_WellC05_Channel405nm Binned,561nm Binned,488nm Binned_Seq0000.nd2",.nd2,49700864,2026-03-16T09:32:14,C05,36,405nm Binned|561nm Binned|488nm Binned,Seq0000,20260316_093139_667,high,,not_requested,,,
"/Users/makennarodriguez/Documents/260213_Feb16recopy_HYdiff_landingpadlines_survival_384well1/20260316_093139_667/260316_Day36_WellC06_Channel405nm Binned,561nm Binned,488nm Binned_Seq0001.nd2","20260316_093139_667/260316_Day36_WellC06_Channel405nm Binned,561nm Binned,488nm Binned_Seq0001.nd2","260316_Day36_WellC06_Channel405nm Binned,561nm Binned,488nm Binned_Seq0001.nd2",.nd2,49700864,2026-03-16T09:32:26,C06,36,405nm Binned|561nm Binned|488nm Binned,Seq0001,20260316_093139_667,high,,not_requested,,,
"/Users/makennarodriguez/Documents/260213_Feb16recopy_HYdiff_landingpadlines_survival_384well1/20260316_093139_667/260316_Day36_WellC07_Channel405nm Binned,561nm Binned,488nm Binned_Seq0002.nd2","20260316_093139_667/260316_Day36_WellC07_Channel405nm Binned,561nm Binned,488nm Binned_Seq0002.nd2","260316_Day36_WellC07_Channel405nm Binned,561nm Binned,488nm Binned_Seq0002.nd2",.nd2,49700864,2026-03-16T09:32:36,C07,36,405nm Binned|561nm Binned|488nm Binned,Seq0002,20260316_093139_667,high,,not_requested,,,
"/Users/makennarodriguez/Documents/260213_Feb16recopy_HYdiff_landingpadlines_survival_384well1/20260316_093139_667/260316_Day36_WellC08_Channel405nm Binned,561nm Binned,488nm Binned_Seq0003.nd2","20260316_093139_667/260316_Day36_WellC08_Channel405nm Binned,561nm Binned,488nm Binned_Seq0003.nd2","260316_Day36_WellC08_Channel405nm Binned,561nm Binned,488nm Binned_Seq0003.nd2",.nd2,49700864,2026-03-16T09:32:48,C08,36,405nm Binned|561nm Binned|488nm Binned,Seq0003,20260316_093139_667,high,,not_requested,,,
"/Users/makennarodriguez/Documents/260213_Feb16recopy_HYdiff_landingpadlines_survival_384well1/20260316_093139_667/260316_Day36_WellC09_Channel405nm Binned,561nm Binned,488nm Binned_Seq0004.nd2","20260316_093139_667/260316_Day36_WellC09_Channel405nm Binned,561nm Binned,488nm Binned_Seq0004.nd2","260316_Day36_WellC09_Channel405nm Binned,561nm Binned,488nm Binned_Seq0004.nd2",.nd2,49700864,2026-03-16T09:33:00,C09,36,405nm Binned|561nm Binned|488nm Binned,Seq0004,20260316_093139_667,high,,not_requested,,,
"/Users/makennarodriguez/Documents/260213_Feb16recopy_HYdiff_landingpadlines_survival_384well1/20260316_093139_667/260316_Day36_WellC10_Channel405nm Binned,561nm Binned,488nm Binned_Seq0005.nd2","20260316_093139_667/260316_Day36_WellC10_Channel405nm Binned,561nm Binned,488nm Binned_Seq0005.nd2","260316_Day36_WellC10_Channel405nm Binned,561nm Binned,488nm Binned_Seq0005.nd2",.nd2,49700864,2026-03-16T09:33:12,C10,36,405nm Binned|561nm Binned|488nm Binned,Seq0005,20260316_093139_667,high,,not_requested,,,
"/Users/makennarodriguez/Documents/260213_Feb16recopy_HYdiff_landingpadlines_survival_384well1/20260316_093139_667/260316_Day36_WellC11_Channel405nm Binned,561nm Binned,488nm Binned_Seq0006.nd2","20260316_093139_667/260316_Day36_WellC11_Channel405nm Binned,561nm Binned,488nm Binned_Seq0006.nd2","260316_Day36_WellC11_Channel405nm Binned,561nm Binned,488nm Binned_Seq0006.nd2",.nd2,49700864,2026-03-16T09:33:22,C11,36,405nm Binned|561nm Binned|488nm Binned,Seq0006,20260316_093139_667,high,,not_requested,,,
"/Users/makennarodriguez/Documents/260213_Feb16recopy_HYdiff_landingpadlines_survival_384well1/20260316_093139_667/260316_Day36_WellC12_Channel405nm Binned,561nm Binned,488nm Binned_Seq0007.nd2","20260316_093139_667/260316_Day36_WellC12_Channel405nm Binned,561nm Binned,488nm Binned_Seq0007.nd2","260316_Day36_WellC12_Channel405nm Binned,561nm Binned,488nm Binned_Seq0007.nd2",.nd2,49700864,2026-03-16T09:33:34,C12,36,405nm Binned|561nm Binned|488nm Binned,Seq0007,20260316_093139_667,high,,not_requested,,,
"/Users/makennarodriguez/Documents/260213_Feb16recopy_HYdiff_landingpadlines_survival_384well1/20260316_093139_667/260316_Day36_WellC13_Channel405nm Binned,561nm Binned,488nm Binned_Seq0008.nd2","20260316_093139_667/260316_Day36_WellC13_Channel405nm Binned,561nm Binned,488nm Binned_Seq0008.nd2","260316_Day36_WellC13_Channel405nm Binned,561nm Binned,488nm Binned_Seq0008.nd2",.nd2,49700864,2026-03-16T09:33:46,C13,36,405nm Binned|561nm Binned|488nm Binned,Seq0008,20260316_093139_667,high,,not_requested,,,
"/Users/makennarodriguez/Documents/260213_Feb16recopy_HYdiff_landingpadlines_survival_384well1/20260316_093139_667/260316_Day36_WellC14_Channel405nm Binned,561nm Binned,488nm Binned_Seq0009.nd2","20260316_093139_667/260316_Day36_WellC14_Channel405nm Binned,561nm Binned,488nm Binned_Seq0009.nd2","260316_Day36_WellC14_Channel405nm Binned,561nm Binned,488nm Binned_Seq0009.nd2",.nd2,49700864,2026-03-16T09:33:58,C14,36,405nm Binned|561nm Binned|488nm Binned,Seq0009,20260316_093139_667,high,,not_requested,,,
"/Users/makennarodriguez/Documents/260213_Feb16recopy_HYdiff_landingpadlines_survival_384well1/20260316_093139_667/260316_Day36_WellC15_Channel405nm Binned,561nm Binned,488nm Binned_Seq0010.nd2","20260316_093139_667/260316_Day36_WellC15_Channel405nm Binned,561nm Binned,488nm Binned_Seq0010.nd2","260316_Day36_WellC15_Channel405nm Binned,561nm Binned,488nm Binned_Seq0010.nd2",.nd2,49700864,2026-03-16T09:34:10,C15,36,405nm Binned|561nm Binned|488nm Binned,Seq0010,20260316_093139_667,high,,not_requested,,,
"/Users/makennarodriguez/Documents/260213_Feb16recopy_HYdiff_landingpadlines_survival_384well1/20260316_093139_667/260316_Day36_WellC16_Channel405nm Binned,561nm Binned,488nm Binned_Seq0011.nd2","20260316_093139_667/260316_Day36_WellC16_Channel405nm Binned,561nm Binned,488nm Binned_Seq0011.nd2","260316_Day36_WellC16_Channel405nm Binned,561nm Binned,488nm Binned_Seq0011.nd2",.nd2,49700864,2026-03-16T09:34:22,C16,36,405nm Binned|561nm Binned|488nm Binned,Seq0011,20260316_093139_667,high,,not_requested,,,
"/Users/makennarodriguez/Documents/260213_Feb16recopy_HYdiff_landingpadlines_survival_384well1/20260316_093139_667/260316_Day36_WellC17_Channel405nm Binned,561nm Binned,488nm Binned_Seq0012.nd2","20260316_093139_667/260316_Day36_WellC17_Channel405nm Binned,561nm Binned,488nm Binned_Seq0012.nd2","260316_Day36_WellC17_Channel405nm Binned,561nm Binned,488nm Binned_Seq0012.nd2",.nd2,49700864,2026-03-16T09:34:34,C17,36,405nm Binned|561nm Binned|488nm Binned,Seq0012,20260316_093139_667,high,,not_requested,,,
"/Users/makennarodriguez/Documents/260213_Feb16recopy_HYdiff_landingpadlines_survival_384well1/20260316_093139_667/260316_Day36_WellC18_Channel405nm Binned,561nm Binned,488nm Binned_Seq0013.nd2","20260316_093139_667/260316_Day36_WellC18_Channel405nm Binned,561nm Binned,488nm Binned_Seq0013.nd2","260316_Day36_WellC18_Channel405nm Binned,561nm Binned,488nm Binned_Seq0013.nd2",.nd2,49700864,2026-03-16T09:34:44,C18,36,405nm Binned|561nm Binned|488nm Binned,Seq0013,20260316_093139_667,high,,not_requested,,,
"/Users/makennarodriguez/Documents/260213_Feb16recopy_HYdiff_landingpadlines_survival_384well1/20260316_093139_667/260316_Day36_WellC19_Channel405nm Binned,561nm Binned,488nm Binned_Seq0014.nd2","20260316_093139_667/260316_Day36_WellC19_Channel405nm Binned,561nm Binned,488nm Binned_Seq0014.nd2","260316_Day36_WellC19_Channel405nm Binned,561nm Binned,488nm Binned_Seq0014.nd2",.nd2,49700864,2026-03-16T09:34:56,C19,36,405nm Binned|561nm Binned|488nm Binned,Seq0014,20260316_093139_667,high,,not_requested,,,
"/Users/makennarodriguez/Documents/260213_Feb16recopy_HYdiff_landingpadlines_survival_384well1/20260316_093139_667/260316_Day36_WellC20_Channel405nm Binned,561nm Binned,488nm Binned_Seq0015.nd2","20260316_093139_667/260316_Day36_WellC20_Channel405nm Binned,561nm Binned,488nm Binned_Seq0015.nd2","260316_Day36_WellC20_Channel405nm Binned,561nm Binned,488nm Binned_Seq0015.nd2",.nd2,49700864,2026-03-16T09:35:08,C20,36,405nm Binned|561nm Binned|488nm Binned,Seq0015,20260316_093139_667,high,,not_requested,,,
"/Users/makennarodriguez/Documents/260213_Feb16recopy_HYdiff_landingpadlines_survival_384well1/20260316_093139_667/260316_Day36_WellD05_Channel405nm Binned,561nm Binned,488nm Binned_Seq0016.nd2","20260316_093139_667/260316_Day36_WellD05_Channel405nm Binned,561nm Binned,488nm Binned_Seq0016.nd2","260316_Day36_WellD05_Channel405nm Binned,561nm Binned,488nm Binned_Seq0016.nd2",.nd2,49700864,2026-03-16T09:35:22,D05,36,405nm Binned|561nm Binned|488nm Binned,Seq0016,20260316_093139_667,high,,not_requested,,,
"/Users/makennarodriguez/Documents/260213_Feb16recopy_HYdiff_landingpadlines_survival_384well1/20260316_093139_667/260316_Day36_WellD06_Channel405nm Binned,561nm Binned,488nm Binned_Seq0017.nd2","20260316_093139_667/260316_Day36_WellD06_Channel405nm Binned,561nm Binned,488nm Binned_Seq0017.nd2","260316_Day36_WellD06_Channel405nm Binned,561nm Binned,488nm Binned_Seq0017.nd2",.nd2,49700864,2026-03-16T09:35:32,D06,36,405nm Binned|561nm Binned|488nm Binned,Seq0017,20260316_093139_667,high,,not_requested,,,
"/Users/makennarodriguez/Documents/260213_Feb16recopy_HYdiff_landingpadlines_survival_384well1/20260316_093139_667/260316_Day36_WellD07_Channel405nm Binned,561nm Binned,488nm Binned_Seq0018.nd2","20260316_093139_667/260316_Day36_WellD07_Channel405nm Binned,561nm Binned,488nm Binned_Seq0018.nd2","260316_Day36_WellD07_Channel405nm Binned,561nm Binned,488nm Binned_Seq0018.nd2",.nd2,49700864,2026-03-16T09:35:44,D07,36,405nm Binned|561nm Binned|488nm Binned,Seq0018,20260316_093139_667,high,,not_requested,,,
"/Users/makennarodriguez/Documents/260213_Feb16recopy_HYdiff_landingpadlines_survival_384well1/20260316_093139_667/260316_Day36_WellD08_Channel405nm Binned,561nm Binned,488nm Binned_Seq0019.nd2","20260316_093139_667/260316_Day36_WellD08_Channel405nm Binned,561nm Binned,488nm Binned_Seq0019.nd2","260316_Day36_WellD08_Channel405nm Binned,561nm Binned,488nm Binned_Seq0019.nd2",.nd2,49700864,2026-03-16T09:35:56,D08,36,405nm Binned|561nm Binned|488nm Binned,Seq0019,20260316_093139_667,high,,not_requested,,,
"/Users/makennarodriguez/Documents/260213_Feb16recopy_HYdiff_landingpadlines_survival_384well1/20260316_093139_667/260316_Day36_WellD09_Channel405nm Binned,561nm Binned,488nm Binned_Seq0020.nd2","20260316_093139_667/260316_Day36_WellD09_Channel405nm Binned,561nm Binned,488nm Binned_Seq0020.nd2","260316_Day36_WellD09_Channel405nm Binned,561nm Binned,488nm Binned_Seq0020.nd2",.nd2,49700864,2026-03-16T09:36:06,D09,36,405nm Binned|561nm Binned|488nm Binned,Seq0020,20260316_093139_667,high,,not_requested,,,
"/Users/makennarodriguez/Documents/260213_Feb16recopy_HYdiff_landingpadlines_survival_384well1/20260316_093139_667/260316_Day36_WellD10_Channel405nm Binned,561nm Binned,488nm Binned_Seq0021.nd2","20260316_093139_667/260316_Day36_WellD10_Channel405nm Binned,561nm Binned,488nm Binned_Seq0021.nd2","260316_Day36_WellD10_Channel405nm Binned,561nm Binned,488nm Binned_Seq0021.nd2",.nd2,49700864,2026-03-16T09:36:18,D10,36,405nm Binned|561nm Binned|488nm Binned,Seq0021,20260316_093139_667,high,,not_requested,,,
"/Users/makennarodriguez/Documents/260213_Feb16recopy_HYdiff_landingpadlines_survival_384well1/20260316_093139_667/260316_Day36_WellD11_Channel405nm Binned,561nm Binned,488nm Binned_Seq0022.nd2","20260316_093139_667/260316_Day36_WellD11_Channel405nm Binned,561nm Binned,488nm Binned_Seq0022.nd2","260316_Day36_WellD11_Channel405nm Binned,561nm Binned,488nm Binned_Seq0022.nd2",.nd2,49700864,2026-03-16T09:36:30,D11,36,405nm Binned|561nm Binned|488nm Binned,Seq0022,20260316_093139_667,high,,not_requested,,,
"/Users/makennarodriguez/Documents/260213_Feb16recopy_HYdiff_landingpadlines_survival_384well1/20260316_093139_667/260316_Day36_WellD12_Channel405nm Binned,561nm Binned,488nm Binned_Seq0023.nd2","20260316_093139_667/260316_Day36_WellD12_Channel405nm Binned,561nm Binned,488nm Binned_Seq0023.nd2","260316_Day36_WellD12_Channel405nm Binned,561nm Binned,488nm Binned_Seq0023.nd2",.nd2,49700864,2026-03-16T09:36:42,D12,36,405nm Binned|561nm Binned|488nm Binned,Seq0023,20260316_093139_667,high,,not_requested,,,
"/Users/makennarodriguez/Documents/260213_Feb16recopy_HYdiff_landingpadlines_survival_384well1/20260316_093139_667/260316_Day36_WellD13_Channel405nm Binned,561nm Binned,488nm Binned_Seq0024.nd2","20260316_093139_667/260316_Day36_WellD13_Channel405nm Binned,561nm Binned,488nm Binned_Seq0024.nd2","260316_Day36_WellD13_Channel405nm Binned,561nm Binned,488nm Binned_Seq0024.nd2",.nd2,49700864,2026-03-16T09:36:52,D13,36,405nm Binned|561nm Binned|488nm Binned,Seq0024,20260316_093139_667,high,,not_requested,,,
"/Users/makennarodriguez/Documents/260213_Feb16recopy_HYdiff_landingpadlines_survival_384well1/20260316_093139_667/260316_Day36_WellD14_Channel405nm Binned,561nm Binned,488nm Binned_Seq0025.nd2","20260316_093139_667/260316_Day36_WellD14_Channel405nm Binned,561nm Binned,488nm Binned_Seq0025.nd2","260316_Day36_WellD14_Channel405nm Binned,561nm Binned,488nm Binned_Seq0025.nd2",.nd2,49700864,2026-03-16T09:37:04,D14,36,405nm Binned|561nm Binned|488nm Binned,Seq0025,20260316_093139_667,high,,not_requested,,,
"/Users/makennarodriguez/Documents/260213_Feb16recopy_HYdiff_landingpadlines_survival_384well1/20260316_093139_667/260316_Day36_WellD15_Channel405nm Binned,561nm Binned,488nm Binned_Seq0026.nd2","20260316_093139_667/260316_Day36_WellD15_Channel405nm Binned,561nm Binned,488nm Binned_Seq0026.nd2","260316_Day36_WellD15_Channel405nm Binned,561nm Binned,488nm Binned_Seq0026.nd2",.nd2,49700864,2026-03-16T09:37:16,D15,36,405nm Binned|561nm Binned|488nm Binned,Seq0026,20260316_093139_667,high,,not_requested,,,
"/Users/makennarodriguez/Documents/260213_Feb16recopy_HYdiff_landingpadlines_survival_384well1/20260316_093139_667/260316_Day36_WellD16_Channel405nm Binned,561nm Binned,488nm Binned_Seq0027.nd2","20260316_093139_667/260316_Day36_WellD16_Channel405nm Binned,561nm Binned,488nm Binned_Seq0027.nd2","260316_Day36_WellD16_Channel405nm Binned,561nm Binned,488nm Binned_Seq0027.nd2",.nd2,49700864,2026-03-16T09:37:26,D16,36,405nm Binned|561nm Binned|488nm Binned,Seq0027,20260316_093139_667,high,,not_requested,,,
"/Users/makennarodriguez/Documents/260213_Feb16recopy_HYdiff_landingpadlines_survival_384well1/20260316_093139_667/260316_Day36_WellD17_Channel405nm Binned,561nm Binned,488nm Binned_Seq0028.nd2","20260316_093139_667/260316_Day36_WellD17_Channel405nm Binned,561nm Binned,488nm Binned_Seq0028.nd2","260316_Day36_WellD17_Channel405nm Binned,561nm Binned,488nm Binned_Seq0028.nd2",.nd2,49700864,2026-03-16T09:37:38,D17,36,405nm Binned|561nm Binned|488nm Binned,Seq0028,20260316_093139_667,high,,not_requested,,,
"/Users/makennarodriguez/Documents/260213_Feb16recopy_HYdiff_landingpadlines_survival_384well1/20260316_093139_667/260316_Day36_WellD18_Channel405nm Binned,561nm Binned,488nm Binned_Seq0029.nd2","20260316_093139_667/260316_Day36_WellD18_Channel405nm Binned,561nm Binned,488nm Binned_Seq0029.nd2","260316_Day36_WellD18_Channel405nm Binned,561nm Binned,488nm Binned_Seq0029.nd2",.nd2,49700864,2026-03-16T09:37:50,D18,36,405nm Binned|561nm Binned|488nm Binned,Seq0029,20260316_093139_667,high,,not_requested,,,
"/Users/makennarodriguez/Documents/260213_Feb16recopy_HYdiff_landingpadlines_survival_384well1/20260316_093139_667/260316_Day36_WellD19_Channel405nm Binned,561nm Binned,488nm Binned_Seq0030.nd2","20260316_093139_667/260316_Day36_WellD19_Channel405nm Binned,561nm Binned,488nm Binned_Seq0030.nd2","260316_Day36_WellD19_Channel405nm Binned,561nm Binned,488nm Binned_Seq0030.nd2",.nd2,49700864,2026-03-16T09:38:02,D19,36,405nm Binned|561nm Binned|488nm Binned,Seq0030,20260316_093139_667,high,,not_requested,,,
"/Users/makennarodriguez/Documents/260213_Feb16recopy_HYdiff_landingpadlines_survival_384well1/20260316_093139_667/260316_Day36_WellD20_Channel405nm Binned,561nm Binned,488nm Binned_Seq0031.nd2","20260316_093139_667/260316_Day36_WellD20_Channel405nm Binned,561nm Binned,488nm Binned_Seq0031.nd2","260316_Day36_WellD20_Channel405nm Binned,561nm Binned,488nm Binned_Seq0031.nd2",.nd2,49700864,2026-03-16T09:38:12,D20,36,405nm Binned|561nm Binned|488nm Binned,Seq0031,20260316_093139_667,high,,not_requested,,,
"/Users/makennarodriguez/Documents/260213_Feb16recopy_HYdiff_landingpadlines_survival_384well1/20260316_093139_667/260316_Day36_WellE05_Channel405nm Binned,561nm Binned,488nm Binned_Seq0032.nd2","20260316_093139_667/260316_Day36_WellE05_Channel405nm Binned,561nm Binned,488nm Binned_Seq0032.nd2","260316_Day36_WellE05_Channel405nm Binned,561nm Binned,488nm Binned_Seq0032.nd2",.nd2,49700864,2026-03-16T09:38:28,E05,36,405nm Binned|561nm Binned|488nm Binned,Seq0032,20260316_093139_667,high,,not_requested,,,
"/Users/makennarodriguez/Documents/260213_Feb16recopy_HYdiff_landingpadlines_survival_384well1/20260316_093139_667/260316_Day36_WellE06_Channel405nm Binned,561nm Binned,488nm Binned_Seq0033.nd2","20260316_093139_667/260316_Day36_WellE06_Channel405nm Binned,561nm Binned,488nm Binned_Seq0033.nd2","260316_Day36_WellE06_Channel405nm Binned,561nm Binned,488nm Binned_Seq0033.nd2",.nd2,49700864,2026-03-16T09:38:38,E06,36,405nm Binned|561nm Binned|488nm Binned,Seq0033,20260316_093139_667,high,,not_requested,,,
"/Users/makennarodriguez/Documents/260213_Feb16recopy_HYdiff_landingpadlines_survival_384well1/20260316_093139_667/260316_Day36_WellE07_Channel405nm Binned,561nm Binned,488nm Binned_Seq0034.nd2","20260316_093139_667/260316_Day36_WellE07_Channel405nm Binned,561nm Binned,488nm Binned_Seq0034.nd2","260316_Day36_WellE07_Channel405nm Binned,561nm Binned,488nm Binned_Seq0034.nd2",.nd2,49700864,2026-03-16T09:38:50,E07,36,405nm Binned|561nm Binned|488nm Binned,Seq0034,20260316_093139_667,high,,not_requested,,,
"/Users/makennarodriguez/Documents/260213_Feb16recopy_HYdiff_landingpadlines_survival_384well1/20260316_093139_667/260316_Day36_WellE08_Channel405nm Binned,561nm Binned,488nm Binned_Seq0035.nd2","20260316_093139_667/260316_Day36_WellE08_Channel405nm Binned,561nm Binned,488nm Binned_Seq0035.nd2","260316_Day36_WellE08_Channel405nm Binned,561nm Binned,488nm Binned_Seq0035.nd2",.nd2,49700864,2026-03-16T09:39:02,E08,36,405nm Binned|561nm Binned|488nm Binned,Seq0035,20260316_093139_667,high,,not_requested,,,
"/Users/makennarodriguez/Documents/260213_Feb16recopy_HYdiff_landingpadlines_survival_384well1/20260316_093139_667/260316_Day36_WellE09_Channel405nm Binned,561nm Binned,488nm Binned_Seq0036.nd2","20260316_093139_667/260316_Day36_WellE09_Channel405nm Binned,561nm Binned,488nm Binned_Seq0036.nd2","260316_Day36_WellE09_Channel405nm Binned,561nm Binned,488nm Binned_Seq0036.nd2",.nd2,49700864,2026-03-16T09:39:14,E09,36,405nm Binned|561nm Binned|488nm Binned,Seq0036,20260316_093139_667,high,,not_requested,,,
"/Users/makennarodriguez/Documents/260213_Feb16recopy_HYdiff_landingpadlines_survival_384well1/20260316_093139_667/260316_Day36_WellE10_Channel405nm Binned,561nm Binned,488nm Binned_Seq0037.nd2","20260316_093139_667/260316_Day36_WellE10_Channel405nm Binned,561nm Binned,488nm Binned_Seq0037.nd2","260316_Day36_WellE10_Channel405nm Binned,561nm Binned,488nm Binned_Seq0037.nd2",.nd2,49700864,2026-03-16T09:39:24,E10,36,405nm Binned|561nm Binned|488nm Binned,Seq0037,20260316_093139_667,high,,not_requested,,,
"/Users/makennarodriguez/Documents/260213_Feb16recopy_HYdiff_landingpadlines_survival_384well1/20260316_093139_667/260316_Day36_WellE11_Channel405nm Binned,561nm Binned,488nm Binned_Seq0038.nd2","20260316_093139_667/260316_Day36_WellE11_Channel405nm Binned,561nm Binned,488nm Binned_Seq0038.nd2","260316_Day36_WellE11_Channel405nm Binned,561nm Binned,488nm Binned_Seq0038.nd2",.nd2,49700864,2026-03-16T09:39:36,E11,36,405nm Binned|561nm Binned|488nm Binned,Seq0038,20260316_093139_667,high,,not_requested,,,
"/Users/makennarodriguez/Documents/260213_Feb16recopy_HYdiff_landingpadlines_survival_384well1/20260316_093139_667/260316_Day36_WellE12_Channel405nm Binned,561nm Binned,488nm Binned_Seq0039.nd2","20260316_093139_667/260316_Day36_WellE12_Channel405nm Binned,561nm Binned,488nm Binned_Seq0039.nd2","260316_Day36_WellE12_Channel405nm Binned,561nm Binned,488nm Binned_Seq0039.nd2",.nd2,49700864,2026-03-16T09:39:48,E12,36,405nm Binned|561nm Binned|488nm Binned,Seq0039,20260316_093139_667,high,,not_requested,,,
"/Users/makennarodriguez/Documents/260213_Feb16recopy_HYdiff_landingpadlines_survival_384well1/20260316_093139_667/260316_Day36_WellE13_Channel405nm Binned,561nm Binned,488nm Binned_Seq0040.nd2","20260316_093139_667/260316_Day36_WellE13_Channel405nm Binned,561nm Binned,488nm Binned_Seq0040.nd2","260316_Day36_WellE13_Channel405nm Binned,561nm Binned,488nm Binned_Seq0040.nd2",.nd2,49700864,2026-03-16T09:40:00,E13,36,405nm Binned|561nm Binned|488nm Binned,Seq0040,20260316_093139_667,high,,not_requested,,,
"/Users/makennarodriguez/Documents/260213_Feb16recopy_HYdiff_landingpadlines_survival_384well1/20260316_093139_667/260316_Day36_WellE14_Channel405nm Binned,561nm Binned,488nm Binned_Seq0041.nd2","20260316_093139_667/260316_Day36_WellE14_Channel405nm Binned,561nm Binned,488nm Binned_Seq0041.nd2","260316_Day36_WellE14_Channel405nm Binned,561nm Binned,488nm Binned_Seq0041.nd2",.nd2,49700864,2026-03-16T09:40:10,E14,36,405nm Binned|561nm Binned|488nm Binned,Seq0041,20260316_093139_667,high,,not_requested,,,
"/Users/makennarodriguez/Documents/260213_Feb16recopy_HYdiff_landingpadlines_survival_384well1/20260316_093139_667/260316_Day36_WellE15_Channel405nm Binned,561nm Binned,488nm Binned_Seq0042.nd2","20260316_093139_667/260316_Day36_WellE15_Channel405nm Binned,561nm Binned,488nm Binned_Seq0042.nd2","260316_Day36_WellE15_Channel405nm Binned,561nm Binned,488nm Binned_Seq0042.nd2",.nd2,49700864,2026-03-16T09:40:22,E15,36,405nm Binned|561nm Binned|488nm Binned,Seq0042,20260316_093139_667,high,,not_requested,,,
"/Users/makennarodriguez/Documents/260213_Feb16recopy_HYdiff_landingpadlines_survival_384well1/20260316_093139_667/260316_Day36_WellE16_Channel405nm Binned,561nm Binned,488nm Binned_Seq0043.nd2","20260316_093139_667/260316_Day36_WellE16_Channel405nm Binned,561nm Binned,488nm Binned_Seq0043.nd2","260316_Day36_WellE16_Channel405nm Binned,561nm Binned,488nm Binned_Seq0043.nd2",.nd2,49700864,2026-03-16T09:40:34,E16,36,405nm Binned|561nm Binned|488nm Binned,Seq0043,20260316_093139_667,high,,not_requested,,,
"/Users/makennarodriguez/Documents/260213_Feb16recopy_HYdiff_landingpadlines_survival_384well1/20260316_093139_667/260316_Day36_WellE17_Channel405nm Binned,561nm Binned,488nm Binned_Seq0044.nd2","20260316_093139_667/260316_Day36_WellE17_Channel405nm Binned,561nm Binned,488nm Binned_Seq0044.nd2","260316_Day36_WellE17_Channel405nm Binned,561nm Binned,488nm Binned_Seq0044.nd2",.nd2,49700864,2026-03-16T09:40:46,E17,36,405nm Binned|561nm Binned|488nm Binned,Seq0044,20260316_093139_667,high,,not_requested,,,
"/Users/makennarodriguez/Documents/260213_Feb16recopy_HYdiff_landingpadlines_survival_384well1/20260316_093139_667/260316_Day36_WellE18_Channel405nm Binned,561nm Binned,488nm Binned_Seq0045.nd2","20260316_093139_667/260316_Day36_WellE18_Channel405nm Binned,561nm Binned,488nm Binned_Seq0045.nd2","260316_Day36_WellE18_Channel405nm Binned,561nm Binned,488nm Binned_Seq0045.nd2",.nd2,49700864,2026-03-16T09:40:56,E18,36,405nm Binned|561nm Binned|488nm Binned,Seq0045,20260316_093139_667,high,,not_requested,,,
"/Users/makennarodriguez/Documents/260213_Feb16recopy_HYdiff_landingpadlines_survival_384well1/20260316_093139_667/260316_Day36_WellE19_Channel405nm Binned,561nm Binned,488nm Binned_Seq0046.nd2","20260316_093139_667/260316_Day36_WellE19_Channel405nm Binned,561nm Binned,488nm Binned_Seq0046.nd2","260316_Day36_WellE19_Channel405nm Binned,561nm Binned,488nm Binned_Seq0046.nd2",.nd2,49700864,2026-03-16T09:41:08,E19,36,405nm Binned|561nm Binned|488nm Binned,Seq0046,20260316_093139_667,high,,not_requested,,,
"/Users/makennarodriguez/Documents/260213_Feb16recopy_HYdiff_landingpadlines_survival_384well1/20260316_093139_667/260316_Day36_WellE20_Channel405nm Binned,561nm Binned,488nm Binned_Seq0047.nd2","20260316_093139_667/260316_Day36_WellE20_Channel405nm Binned,561nm Binned,488nm Binned_Seq0047.nd2","260316_Day36_WellE20_Channel405nm Binned,561nm Binned,488nm Binned_Seq0047.nd2",.nd2,49700864,2026-03-16T09:41:20,E20,36,405nm Binned|561nm Binned|488nm Binned,Seq0047,20260316_093139_667,high,,not_requested,,,
"/Users/makennarodriguez/Documents/260213_Feb16recopy_HYdiff_landingpadlines_survival_384well1/20260316_093139_667/260316_Day36_WellF05_Channel405nm Binned,561nm Binned,488nm Binned_Seq0048.nd2","20260316_093139_667/260316_Day36_WellF05_Channel405nm Binned,561nm Binned,488nm Binned_Seq0048.nd2","260316_Day36_WellF05_Channel405nm Binned,561nm Binned,488nm Binned_Seq0048.nd2",.nd2,49700864,2026-03-16T09:41:34,F05,36,405nm Binned|561nm Binned|488nm Binned,Seq0048,20260316_093139_667,high,,not_requested,,,
"/Users/makennarodriguez/Documents/260213_Feb16recopy_HYdiff_landingpadlines_survival_384well1/20260316_093139_667/260316_Day36_WellF06_Channel405nm Binned,561nm Binned,488nm Binned_Seq0049.nd2","20260316_093139_667/260316_Day36_WellF06_Channel405nm Binned,561nm Binned,488nm Binned_Seq0049.nd2","260316_Day36_WellF06_Channel405nm Binned,561nm Binned,488nm Binned_Seq0049.nd2",.nd2,49700864,2026-03-16T09:41:46,F06,36,405nm Binned|561nm Binned|488nm Binned,Seq0049,20260316_093139_667,high,,not_requested,,,
"/Users/makennarodriguez/Documents/260213_Feb16recopy_HYdiff_landingpadlines_survival_384well1/20260316_093139_667/260316_Day36_WellF07_Channel405nm Binned,561nm Binned,488nm Binned_Seq0050.nd2","20260316_093139_667/260316_Day36_WellF07_Channel405nm Binned,561nm Binned,488nm Binned_Seq0050.nd2","260316_Day36_WellF07_Channel405nm Binned,561nm Binned,488nm Binned_Seq0050.nd2",.nd2,49700864,2026-03-16T09:41:56,F07,36,405nm Binned|561nm Binned|488nm Binned,Seq0050,20260316_093139_667,high,,not_requested,,,
"/Users/makennarodriguez/Documents/260213_Feb16recopy_HYdiff_landingpadlines_survival_384well1/20260316_093139_667/260316_Day36_WellF08_Channel405nm Binned,561nm Binned,488nm Binned_Seq0051.nd2","20260316_093139_667/260316_Day36_WellF08_Channel405nm Binned,561nm Binned,488nm Binned_Seq0051.nd2","260316_Day36_WellF08_Channel405nm Binned,561nm Binned,488nm Binned_Seq0051.nd2",.nd2,49700864,2026-03-16T09:42:08,F08,36,405nm Binned|561nm Binned|488nm Binned,Seq0051,20260316_093139_667,high,,not_requested,,,
"/Users/makennarodriguez/Documents/260213_Feb16recopy_HYdiff_landingpadlines_survival_384well1/20260316_093139_667/260316_Day36_WellF09_Channel405nm Binned,561nm Binned,488nm Binned_Seq0052.nd2","20260316_093139_667/260316_Day36_WellF09_Channel405nm Binned,561nm Binned,488nm Binned_Seq0052.nd2","260316_Day36_WellF09_Channel405nm Binned,561nm Binned,488nm Binned_Seq0052.nd2",.nd2,49700864,2026-03-16T09:42:20,F09,36,405nm Binned|561nm Binned|488nm Binned,Seq0052,20260316_093139_667,high,,not_requested,,,
"/Users/makennarodriguez/Documents/260213_Feb16recopy_HYdiff_landingpadlines_survival_384well1/20260316_093139_667/260316_Day36_WellF10_Channel405nm Binned,561nm Binned,488nm Binned_Seq0053.nd2","20260316_093139_667/260316_Day36_WellF10_Channel405nm Binned,561nm Binned,488nm Binned_Seq0053.nd2","260316_Day36_WellF10_Channel405nm Binned,561nm Binned,488nm Binned_Seq0053.nd2",.nd2,49700864,2026-03-16T09:42:32,F10,36,405nm Binned|561nm Binned|488nm Binned,Seq0053,20260316_093139_667,high,,not_requested,,,
"/Users/makennarodriguez/Documents/260213_Feb16recopy_HYdiff_landingpadlines_survival_384well1/20260316_093139_667/260316_Day36_WellF11_Channel405nm Binned,561nm Binned,488nm Binned_Seq0054.nd2","20260316_093139_667/260316_Day36_WellF11_Channel405nm Binned,561nm Binned,488nm Binned_Seq0054.nd2","260316_Day36_WellF11_Channel405nm Binned,561nm Binned,488nm Binned_Seq0054.nd2",.nd2,49700864,2026-03-16T09:42:42,F11,36,405nm Binned|561nm Binned|488nm Binned,Seq0054,20260316_093139_667,high,,not_requested,,,
"/Users/makennarodriguez/Documents/260213_Feb16recopy_HYdiff_landingpadlines_survival_384well1/20260316_093139_667/260316_Day36_WellF12_Channel405nm Binned,561nm Binned,488nm Binned_Seq0055.nd2","20260316_093139_667/260316_Day36_WellF12_Channel405nm Binned,561nm Binned,488nm Binned_Seq0055.nd2","260316_Day36_WellF12_Channel405nm Binned,561nm Binned,488nm Binned_Seq0055.nd2",.nd2,49700864,2026-03-16T09:42:54,F12,36,405nm Binned|561nm Binned|488nm Binned,Seq0055,20260316_093139_667,high,,not_requested,,,
"/Users/makennarodriguez/Documents/260213_Feb16recopy_HYdiff_landingpadlines_survival_384well1/20260316_093139_667/260316_Day36_WellF13_Channel405nm Binned,561nm Binned,488nm Binned_Seq0056.nd2","20260316_093139_667/260316_Day36_WellF13_Channel405nm Binned,561nm Binned,488nm Binned_Seq0056.nd2","260316_Day36_WellF13_Channel405nm Binned,561nm Binned,488nm Binned_Seq0056.nd2",.nd2,49700864,2026-03-16T09:43:06,F13,36,405nm Binned|561nm Binned|488nm Binned,Seq0056,20260316_093139_667,high,,not_requested,,,
"/Users/makennarodriguez/Documents/260213_Feb16recopy_HYdiff_landingpadlines_survival_384well1/20260316_093139_667/260316_Day36_WellF14_Channel405nm Binned,561nm Binned,488nm Binned_Seq0057.nd2","20260316_093139_667/260316_Day36_WellF14_Channel405nm Binned,561nm Binned,488nm Binned_Seq0057.nd2","260316_Day36_WellF14_Channel405nm Binned,561nm Binned,488nm Binned_Seq0057.nd2",.nd2,49700864,2026-03-16T09:43:18,F14,36,405nm Binned|561nm Binned|488nm Binned,Seq0057,20260316_093139_667,high,,not_requested,,,
"/Users/makennarodriguez/Documents/260213_Feb16recopy_HYdiff_landingpadlines_survival_384well1/20260316_093139_667/260316_Day36_WellF15_Channel405nm Binned,561nm Binned,488nm Binned_Seq0058.nd2","20260316_093139_667/260316_Day36_WellF15_Channel405nm Binned,561nm Binned,488nm Binned_Seq0058.nd2","260316_Day36_WellF15_Channel405nm Binned,561nm Binned,488nm Binned_Seq0058.nd2",.nd2,49700864,2026-03-16T09:43:28,F15,36,405nm Binned|561nm Binned|488nm Binned,Seq0058,20260316_093139_667,high,,not_requested,,,
"/Users/makennarodriguez/Documents/260213_Feb16recopy_HYdiff_landingpadlines_survival_384well1/20260316_093139_667/260316_Day36_WellF16_Channel405nm Binned,561nm Binned,488nm Binned_Seq0059.nd2","20260316_093139_667/260316_Day36_WellF16_Channel405nm Binned,561nm Binned,488nm Binned_Seq0059.nd2","260316_Day36_WellF16_Channel405nm Binned,561nm Binned,488nm Binned_Seq0059.nd2",.nd2,49700864,2026-03-16T09:43:40,F16,36,405nm Binned|561nm Binned|488nm Binned,Seq0059,20260316_093139_667,high,,not_requested,,,
"/Users/makennarodriguez/Documents/260213_Feb16recopy_HYdiff_landingpadlines_survival_384well1/20260316_093139_667/260316_Day36_WellF17_Channel405nm Binned,561nm Binned,488nm Binned_Seq0060.nd2","20260316_093139_667/260316_Day36_WellF17_Channel405nm Binned,561nm Binned,488nm Binned_Seq0060.nd2","260316_Day36_WellF17_Channel405nm Binned,561nm Binned,488nm Binned_Seq0060.nd2",.nd2,49700864,2026-03-16T09:43:52,F17,36,405nm Binned|561nm Binned|488nm Binned,Seq0060,20260316_093139_667,high,,not_requested,,,
"/Users/makennarodriguez/Documents/260213_Feb16recopy_HYdiff_landingpadlines_survival_384well1/20260316_093139_667/260316_Day36_WellF18_Channel405nm Binned,561nm Binned,488nm Binned_Seq0061.nd2","20260316_093139_667/260316_Day36_WellF18_Channel405nm Binned,561nm Binned,488nm Binned_Seq0061.nd2","260316_Day36_WellF18_Channel405nm Binned,561nm Binned,488nm Binned_Seq0061.nd2",.nd2,49700864,2026-03-16T09:44:02,F18,36,405nm Binned|561nm Binned|488nm Binned,Seq0061,20260316_093139_667,high,,not_requested,,,
"/Users/makennarodriguez/Documents/260213_Feb16recopy_HYdiff_landingpadlines_survival_384well1/20260316_093139_667/260316_Day36_WellF19_Channel405nm Binned,561nm Binned,488nm Binned_Seq0062.nd2","20260316_093139_667/260316_Day36_WellF19_Channel405nm Binned,561nm Binned,488nm Binned_Seq0062.nd2","260316_Day36_WellF19_Channel405nm Binned,561nm Binned,488nm Binned_Seq0062.nd2",.nd2,49700864,2026-03-16T09:44:14,F19,36,405nm Binned|561nm Binned|488nm Binned,Seq0062,20260316_093139_667,high,,not_requested,,,
"/Users/makennarodriguez/Documents/260213_Feb16recopy_HYdiff_landingpadlines_survival_384well1/20260316_093139_667/260316_Day36_WellF20_Channel405nm Binned,561nm Binned,488nm Binned_Seq0063.nd2","20260316_093139_667/260316_Day36_WellF20_Channel405nm Binned,561nm Binned,488nm Binned_Seq0063.nd2","260316_Day36_WellF20_Channel405nm Binned,561nm Binned,488nm Binned_Seq0063.nd2",.nd2,49700864,2026-03-16T09:44:26,F20,36,405nm Binned|561nm Binned|488nm Binned,Seq0063,20260316_093139_667,high,,not_requested,,,
"/Users/makennarodriguez/Documents/260213_Feb16recopy_HYdiff_landingpadlines_survival_384well1/20260316_093139_667/260316_Day36_WellG05_Channel405nm Binned,561nm Binned,488nm Binned_Seq0064.nd2","20260316_093139_667/260316_Day36_WellG05_Channel405nm Binned,561nm Binned,488nm Binned_Seq0064.nd2","260316_Day36_WellG05_Channel405nm Binned,561nm Binned,488nm Binned_Seq0064.nd2",.nd2,49700864,2026-03-16T09:44:40,G05,36,405nm Binned|561nm Binned|488nm Binned,Seq0064,20260316_093139_667,high,,not_requested,,,
"/Users/makennarodriguez/Documents/260213_Feb16recopy_HYdiff_landingpadlines_survival_384well1/20260316_093139_667/260316_Day36_WellG06_Channel405nm Binned,561nm Binned,488nm Binned_Seq0065.nd2","20260316_093139_667/260316_Day36_WellG06_Channel405nm Binned,561nm Binned,488nm Binned_Seq0065.nd2","260316_Day36_WellG06_Channel405nm Binned,561nm Binned,488nm Binned_Seq0065.nd2",.nd2,49700864,2026-03-16T09:44:52,G06,36,405nm Binned|561nm Binned|488nm Binned,Seq0065,20260316_093139_667,high,,not_requested,,,
"/Users/makennarodriguez/Documents/260213_Feb16recopy_HYdiff_landingpadlines_survival_384well1/20260316_093139_667/260316_Day36_WellG07_Channel405nm Binned,561nm Binned,488nm Binned_Seq0066.nd2","20260316_093139_667/260316_Day36_WellG07_Channel405nm Binned,561nm Binned,488nm Binned_Seq0066.nd2","260316_Day36_WellG07_Channel405nm Binned,561nm Binned,488nm Binned_Seq0066.nd2",.nd2,49700864,2026-03-16T09:45:02,G07,36,405nm Binned|561nm Binned|488nm Binned,Seq0066,20260316_093139_667,high,,not_requested,,,
"/Users/makennarodriguez/Documents/260213_Feb16recopy_HYdiff_landingpadlines_survival_384well1/20260316_093139_667/260316_Day36_WellG08_Channel405nm Binned,561nm Binned,488nm Binned_Seq0067.nd2","20260316_093139_667/260316_Day36_WellG08_Channel405nm Binned,561nm Binned,488nm Binned_Seq0067.nd2","260316_Day36_WellG08_Channel405nm Binned,561nm Binned,488nm Binned_Seq0067.nd2",.nd2,49700864,2026-03-16T09:45:14,G08,36,405nm Binned|561nm Binned|488nm Binned,Seq0067,20260316_093139_667,high,,not_requested,,,
"/Users/makennarodriguez/Documents/260213_Feb16recopy_HYdiff_landingpadlines_survival_384well1/20260316_093139_667/260316_Day36_WellG09_Channel405nm Binned,561nm Binned,488nm Binned_Seq0068.nd2","20260316_093139_667/260316_Day36_WellG09_Channel405nm Binned,561nm Binned,488nm Binned_Seq0068.nd2","260316_Day36_WellG09_Channel405nm Binned,561nm Binned,488nm Binned_Seq0068.nd2",.nd2,49700864,2026-03-16T09:45:26,G09,36,405nm Binned|561nm Binned|488nm Binned,Seq0068,20260316_093139_667,high,,not_requested,,,
"/Users/makennarodriguez/Documents/260213_Feb16recopy_HYdiff_landingpadlines_survival_384well1/20260316_093139_667/260316_Day36_WellG10_Channel405nm Binned,561nm Binned,488nm Binned_Seq0069.nd2","20260316_093139_667/260316_Day36_WellG10_Channel405nm Binned,561nm Binned,488nm Binned_Seq0069.nd2","260316_Day36_WellG10_Channel405nm Binned,561nm Binned,488nm Binned_Seq0069.nd2",.nd2,49700864,2026-03-16T09:45:38,G10,36,405nm Binned|561nm Binned|488nm Binned,Seq0069,20260316_093139_667,high,,not_requested,,,
"/Users/makennarodriguez/Documents/260213_Feb16recopy_HYdiff_landingpadlines_survival_384well1/20260316_093139_667/260316_Day36_WellG11_Channel405nm Binned,561nm Binned,488nm Binned_Seq0070.nd2","20260316_093139_667/260316_Day36_WellG11_Channel405nm Binned,561nm Binned,488nm Binned_Seq0070.nd2","260316_Day36_WellG11_Channel405nm Binned,561nm Binned,488nm Binned_Seq0070.nd2",.nd2,49700864,2026-03-16T09:45:48,G11,36,405nm Binned|561nm Binned|488nm Binned,Seq0070,20260316_093139_667,high,,not_requested,,,
"/Users/makennarodriguez/Documents/260213_Feb16recopy_HYdiff_landingpadlines_survival_384well1/20260316_093139_667/260316_Day36_WellG12_Channel405nm Binned,561nm Binned,488nm Binned_Seq0071.nd2","20260316_093139_667/260316_Day36_WellG12_Channel405nm Binned,561nm Binned,488nm Binned_Seq0071.nd2","260316_Day36_WellG12_Channel405nm Binned,561nm Binned,488nm Binned_Seq0071.nd2",.nd2,49700864,2026-03-16T09:46:00,G12,36,405nm Binned|561nm Binned|488nm Binned,Seq0071,20260316_093139_667,high,,not_requested,,,
"/Users/makennarodriguez/Documents/260213_Feb16recopy_HYdiff_landingpadlines_survival_384well1/20260316_093139_667/260316_Day36_WellG13_Channel405nm Binned,561nm Binned,488nm Binned_Seq0072.nd2","20260316_093139_667/260316_Day36_WellG13_Channel405nm Binned,561nm Binned,488nm Binned_Seq0072.nd2","260316_Day36_WellG13_Channel405nm Binned,561nm Binned,488nm Binned_Seq0072.nd2",.nd2,49700864,2026-03-16T09:46:12,G13,36,405nm Binned|561nm Binned|488nm Binned,Seq0072,20260316_093139_667,high,,not_requested,,,
"/Users/makennarodriguez/Documents/260213_Feb16recopy_HYdiff_landingpadlines_survival_384well1/20260316_093139_667/260316_Day36_WellG14_Channel405nm Binned,561nm Binned,488nm Binned_Seq0073.nd2","20260316_093139_667/260316_Day36_WellG14_Channel405nm Binned,561nm Binned,488nm Binned_Seq0073.nd2","260316_Day36_WellG14_Channel405nm Binned,561nm Binned,488nm Binned_Seq0073.nd2",.nd2,49700864,2026-03-16T09:46:22,G14,36,405nm Binned|561nm Binned|488nm Binned,Seq0073,20260316_093139_667,high,,not_requested,,,
"/Users/makennarodriguez/Documents/260213_Feb16recopy_HYdiff_landingpadlines_survival_384well1/20260316_093139_667/260316_Day36_WellG15_Channel405nm Binned,561nm Binned,488nm Binned_Seq0074.nd2","20260316_093139_667/260316_Day36_WellG15_Channel405nm Binned,561nm Binned,488nm Binned_Seq0074.nd2","260316_Day36_WellG15_Channel405nm Binned,561nm Binned,488nm Binned_Seq0074.nd2",.nd2,49700864,2026-03-16T09:46:34,G15,36,405nm Binned|561nm Binned|488nm Binned,Seq0074,20260316_093139_667,high,,not_requested,,,
"/Users/makennarodriguez/Documents/260213_Feb16recopy_HYdiff_landingpadlines_survival_384well1/20260316_093139_667/260316_Day36_WellG16_Channel405nm Binned,561nm Binned,488nm Binned_Seq0075.nd2","20260316_093139_667/260316_Day36_WellG16_Channel405nm Binned,561nm Binned,488nm Binned_Seq0075.nd2","260316_Day36_WellG16_Channel405nm Binned,561nm Binned,488nm Binned_Seq0075.nd2",.nd2,49700864,2026-03-16T09:46:46,G16,36,405nm Binned|561nm Binned|488nm Binned,Seq0075,20260316_093139_667,high,,not_requested,,,
"/Users/makennarodriguez/Documents/260213_Feb16recopy_HYdiff_landingpadlines_survival_384well1/20260316_093139_667/260316_Day36_WellG17_Channel405nm Binned,561nm Binned,488nm Binned_Seq0076.nd2","20260316_093139_667/260316_Day36_WellG17_Channel405nm Binned,561nm Binned,488nm Binned_Seq0076.nd2","260316_Day36_WellG17_Channel405nm Binned,561nm Binned,488nm Binned_Seq0076.nd2",.nd2,49700864,2026-03-16T09:46:58,G17,36,405nm Binned|561nm Binned|488nm Binned,Seq0076,20260316_093139_667,high,,not_requested,,,
"/Users/makennarodriguez/Documents/260213_Feb16recopy_HYdiff_landingpadlines_survival_384well1/20260316_093139_667/260316_Day36_WellG18_Channel405nm Binned,561nm Binned,488nm Binned_Seq0077.nd2","20260316_093139_667/260316_Day36_WellG18_Channel405nm Binned,561nm Binned,488nm Binned_Seq0077.nd2","260316_Day36_WellG18_Channel405nm Binned,561nm Binned,488nm Binned_Seq0077.nd2",.nd2,49700864,2026-03-16T09:47:10,G18,36,405nm Binned|561nm Binned|488nm Binned,Seq0077,20260316_093139_667,high,,not_requested,,,
"/Users/makennarodriguez/Documents/260213_Feb16recopy_HYdiff_landingpadlines_survival_384well1/20260316_093139_667/260316_Day36_WellG19_Channel405nm Binned,561nm Binned,488nm Binned_Seq0078.nd2","20260316_093139_667/260316_Day36_WellG19_Channel405nm Binned,561nm Binned,488nm Binned_Seq0078.nd2","260316_Day36_WellG19_Channel405nm Binned,561nm Binned,488nm Binned_Seq0078.nd2",.nd2,49700864,2026-03-16T09:47:20,G19,36,405nm Binned|561nm Binned|488nm Binned,Seq0078,20260316_093139_667,high,,not_requested,,,
"/Users/makennarodriguez/Documents/260213_Feb16recopy_HYdiff_landingpadlines_survival_384well1/20260316_093139_667/260316_Day36_WellG20_Channel405nm Binned,561nm Binned,488nm Binned_Seq0079.nd2","20260316_093139_667/260316_Day36_WellG20_Channel405nm Binned,561nm Binned,488nm Binned_Seq0079.nd2","260316_Day36_WellG20_Channel405nm Binned,561nm Binned,488nm Binned_Seq0079.nd2",.nd2,49700864,2026-03-16T09:47:32,G20,36,405nm Binned|561nm Binned|488nm Binned,Seq0079,20260316_093139_667,high,,not_requested,,,
"/Users/makennarodriguez/Documents/260213_Feb16recopy_HYdiff_landingpadlines_survival_384well1/20260316_093139_667/260316_Day36_WellH05_Channel405nm Binned,561nm Binned,488nm Binned_Seq0080.nd2","20260316_093139_667/260316_Day36_WellH05_Channel405nm Binned,561nm Binned,488nm Binned_Seq0080.nd2","260316_Day36_WellH05_Channel405nm Binned,561nm Binned,488nm Binned_Seq0080.nd2",.nd2,49700864,2026-03-16T09:47:46,H05,36,405nm Binned|561nm Binned|488nm Binned,Seq0080,20260316_093139_667,high,,not_requested,,,
"/Users/makennarodriguez/Documents/260213_Feb16recopy_HYdiff_landingpadlines_survival_384well1/20260316_093139_667/260316_Day36_WellH06_Channel405nm Binned,561nm Binned,488nm Binned_Seq0081.nd2","20260316_093139_667/260316_Day36_WellH06_Channel405nm Binned,561nm Binned,488nm Binned_Seq0081.nd2","260316_Day36_WellH06_Channel405nm Binned,561nm Binned,488nm Binned_Seq0081.nd2",.nd2,49700864,2026-03-16T09:47:58,H06,36,405nm Binned|561nm Binned|488nm Binned,Seq0081,20260316_093139_667,high,,not_requested,,,
"/Users/makennarodriguez/Documents/260213_Feb16recopy_HYdiff_landingpadlines_survival_384well1/20260316_093139_667/260316_Day36_WellH07_Channel405nm Binned,561nm Binned,488nm Binned_Seq0082.nd2","20260316_093139_667/260316_Day36_WellH07_Channel405nm Binned,561nm Binned,488nm Binned_Seq0082.nd2","260316_Day36_WellH07_Channel405nm Binned,561nm Binned,488nm Binned_Seq0082.nd2",.nd2,49700864,2026-03-16T09:48:10,H07,36,405nm Binned|561nm Binned|488nm Binned,Seq0082,20260316_093139_667,high,,not_requested,,,
"/Users/makennarodriguez/Documents/260213_Feb16recopy_HYdiff_landingpadlines_survival_384well1/20260316_093139_667/260316_Day36_WellH08_Channel405nm Binned,561nm Binned,488nm Binned_Seq0083.nd2","20260316_093139_667/260316_Day36_WellH08_Channel405nm Binned,561nm Binned,488nm Binned_Seq0083.nd2","260316_Day36_WellH08_Channel405nm Binned,561nm Binned,488nm Binned_Seq0083.nd2",.nd2,49700864,2026-03-16T09:48:22,H08,36,405nm Binned|561nm Binned|488nm Binned,Seq0083,20260316_093139_667,high,,not_requested,,,
"/Users/makennarodriguez/Documents/260213_Feb16recopy_HYdiff_landingpadlines_survival_384well1/20260316_093139_667/260316_Day36_WellH09_Channel405nm Binned,561nm Binned,488nm Binned_Seq0084.nd2","20260316_093139_667/260316_Day36_WellH09_Channel405nm Binned,561nm Binned,488nm Binned_Seq0084.nd2","260316_Day36_WellH09_Channel405nm Binned,561nm Binned,488nm Binned_Seq0084.nd2",.nd2,49700864,2026-03-16T09:48:32,H09,36,405nm Binned|561nm Binned|488nm Binned,Seq0084,20260316_093139_667,high,,not_requested,,,
"/Users/makennarodriguez/Documents/260213_Feb16recopy_HYdiff_landingpadlines_survival_384well1/20260316_093139_667/260316_Day36_WellH10_Channel405nm Binned,561nm Binned,488nm Binned_Seq0085.nd2","20260316_093139_667/260316_Day36_WellH10_Channel405nm Binned,561nm Binned,488nm Binned_Seq0085.nd2","260316_Day36_WellH10_Channel405nm Binned,561nm Binned,488nm Binned_Seq0085.nd2",.nd2,49700864,2026-03-16T09:48:44,H10,36,405nm Binned|561nm Binned|488nm Binned,Seq0085,20260316_093139_667,high,,not_requested,,,
"/Users/makennarodriguez/Documents/260213_Feb16recopy_HYdiff_landingpadlines_survival_384well1/20260316_093139_667/260316_Day36_WellH11_Channel405nm Binned,561nm Binned,488nm Binned_Seq0086.nd2","20260316_093139_667/260316_Day36_WellH11_Channel405nm Binned,561nm Binned,488nm Binned_Seq0086.nd2","260316_Day36_WellH11_Channel405nm Binned,561nm Binned,488nm Binned_Seq0086.nd2",.nd2,49700864,2026-03-16T09:48:56,H11,36,405nm Binned|561nm Binned|488nm Binned,Seq0086,20260316_093139_667,high,,not_requested,,,
"/Users/makennarodriguez/Documents/260213_Feb16recopy_HYdiff_landingpadlines_survival_384well1/20260316_093139_667/260316_Day36_WellH12_Channel405nm Binned,561nm Binned,488nm Binned_Seq0087.nd2","20260316_093139_667/260316_Day36_WellH12_Channel405nm Binned,561nm Binned,488nm Binned_Seq0087.nd2","260316_Day36_WellH12_Channel405nm Binned,561nm Binned,488nm Binned_Seq0087.nd2",.nd2,49700864,2026-03-16T09:49:08,H12,36,405nm Binned|561nm Binned|488nm Binned,Seq0087,20260316_093139_667,high,,not_requested,,,
"/Users/makennarodriguez/Documents/260213_Feb16recopy_HYdiff_landingpadlines_survival_384well1/20260316_093139_667/260316_Day36_WellH13_Channel405nm Binned,561nm Binned,488nm Binned_Seq0088.nd2","20260316_093139_667/260316_Day36_WellH13_Channel405nm Binned,561nm Binned,488nm Binned_Seq0088.nd2","260316_Day36_WellH13_Channel405nm Binned,561nm Binned,488nm Binned_Seq0088.nd2",.nd2,49700864,2026-03-16T09:49:18,H13,36,405nm Binned|561nm Binned|488nm Binned,Seq0088,20260316_093139_667,high,,not_requested,,,
"/Users/makennarodriguez/Documents/260213_Feb16recopy_HYdiff_landingpadlines_survival_384well1/20260316_093139_667/260316_Day36_WellH14_Channel405nm Binned,561nm Binned,488nm Binned_Seq0089.nd2","20260316_093139_667/260316_Day36_WellH14_Channel405nm Binned,561nm Binned,488nm Binned_Seq0089.nd2","260316_Day36_WellH14_Channel405nm Binned,561nm Binned,488nm Binned_Seq0089.nd2",.nd2,49700864,2026-03-16T09:49:30,H14,36,405nm Binned|561nm Binned|488nm Binned,Seq0089,20260316_093139_667,high,,not_requested,,,
"/Users/makennarodriguez/Documents/260213_Feb16recopy_HYdiff_landingpadlines_survival_384well1/20260316_093139_667/260316_Day36_WellH15_Channel405nm Binned,561nm Binned,488nm Binned_Seq0090.nd2","20260316_093139_667/260316_Day36_WellH15_Channel405nm Binned,561nm Binned,488nm Binned_Seq0090.nd2","260316_Day36_WellH15_Channel405nm Binned,561nm Binned,488nm Binned_Seq0090.nd2",.nd2,49700864,2026-03-16T09:49:42,H15,36,405nm Binned|561nm Binned|488nm Binned,Seq0090,20260316_093139_667,high,,not_requested,,,
"/Users/makennarodriguez/Documents/260213_Feb16recopy_HYdiff_landingpadlines_survival_384well1/20260316_093139_667/260316_Day36_WellH16_Channel405nm Binned,561nm Binned,488nm Binned_Seq0091.nd2","20260316_093139_667/260316_Day36_WellH16_Channel405nm Binned,561nm Binned,488nm Binned_Seq0091.nd2","260316_Day36_WellH16_Channel405nm Binned,561nm Binned,488nm Binned_Seq0091.nd2",.nd2,49700864,2026-03-16T09:49:52,H16,36,405nm Binned|561nm Binned|488nm Binned,Seq0091,20260316_093139_667,high,,not_requested,,,
"/Users/makennarodriguez/Documents/260213_Feb16recopy_HYdiff_landingpadlines_survival_384well1/20260316_093139_667/260316_Day36_WellH17_Channel405nm Binned,561nm Binned,488nm Binned_Seq0092.nd2","20260316_093139_667/260316_Day36_WellH17_Channel405nm Binned,561nm Binned,488nm Binned_Seq0092.nd2","260316_Day36_WellH17_Channel405nm Binned,561nm Binned,488nm Binned_Seq0092.nd2",.nd2,49700864,2026-03-16T09:50:04,H17,36,405nm Binned|561nm Binned|488nm Binned,Seq0092,20260316_093139_667,high,,not_requested,,,
"/Users/makennarodriguez/Documents/260213_Feb16recopy_HYdiff_landingpadlines_survival_384well1/20260316_093139_667/260316_Day36_WellH18_Channel405nm Binned,561nm Binned,488nm Binned_Seq0093.nd2","20260316_093139_667/260316_Day36_WellH18_Channel405nm Binned,561nm Binned,488nm Binned_Seq0093.nd2","260316_Day36_WellH18_Channel405nm Binned,561nm Binned,488nm Binned_Seq0093.nd2",.nd2,49700864,2026-03-16T09:50:16,H18,36,405nm Binned|561nm Binned|488nm Binned,Seq0093,20260316_093139_667,high,,not_requested,,,
"/Users/makennarodriguez/Documents/260213_Feb16recopy_HYdiff_landingpadlines_survival_384well1/20260316_093139_667/260316_Day36_WellH19_Channel405nm Binned,561nm Binned,488nm Binned_Seq0094.nd2","20260316_093139_667/260316_Day36_WellH19_Channel405nm Binned,561nm Binned,488nm Binned_Seq0094.nd2","260316_Day36_WellH19_Channel405nm Binned,561nm Binned,488nm Binned_Seq0094.nd2",.nd2,49700864,2026-03-16T09:50:28,H19,36,405nm Binned|561nm Binned|488nm Binned,Seq0094,20260316_093139_667,high,,not_requested,,,
"/Users/makennarodriguez/Documents/260213_Feb16recopy_HYdiff_landingpadlines_survival_384well1/20260316_093139_667/260316_Day36_WellH20_Channel405nm Binned,561nm Binned,488nm Binned_Seq0095.nd2","20260316_093139_667/260316_Day36_WellH20_Channel405nm Binned,561nm Binned,488nm Binned_Seq0095.nd2","260316_Day36_WellH20_Channel405nm Binned,561nm Binned,488nm Binned_Seq0095.nd2",.nd2,49700864,2026-03-16T09:50:38,H20,36,405nm Binned|561nm Binned|488nm Binned,Seq0095,20260316_093139_667,high,,not_requested,,,
"/Users/makennarodriguez/Documents/260213_Feb16recopy_HYdiff_landingpadlines_survival_384well1/20260316_093139_667/260316_Day36_WellI05_Channel405nm Binned,561nm Binned,488nm Binned_Seq0096.nd2","20260316_093139_667/260316_Day36_WellI05_Channel405nm Binned,561nm Binned,488nm Binned_Seq0096.nd2","260316_Day36_WellI05_Channel405nm Binned,561nm Binned,488nm Binned_Seq0096.nd2",.nd2,49700864,2026-03-16T09:50:54,I05,36,405nm Binned|561nm Binned|488nm Binned,Seq0096,20260316_093139_667,high,,not_requested,,,
"/Users/makennarodriguez/Documents/260213_Feb16recopy_HYdiff_landingpadlines_survival_384well1/20260316_093139_667/260316_Day36_WellI06_Channel405nm Binned,561nm Binned,488nm Binned_Seq0097.nd2","20260316_093139_667/260316_Day36_WellI06_Channel405nm Binned,561nm Binned,488nm Binned_Seq0097.nd2","260316_Day36_WellI06_Channel405nm Binned,561nm Binned,488nm Binned_Seq0097.nd2",.nd2,49700864,2026-03-16T09:51:04,I06,36,405nm Binned|561nm Binned|488nm Binned,Seq0097,20260316_093139_667,high,,not_requested,,,
"/Users/makennarodriguez/Documents/260213_Feb16recopy_HYdiff_landingpadlines_survival_384well1/20260316_093139_667/260316_Day36_WellI07_Channel405nm Binned,561nm Binned,488nm Binned_Seq0098.nd2","20260316_093139_667/260316_Day36_WellI07_Channel405nm Binned,561nm Binned,488nm Binned_Seq0098.nd2","260316_Day36_WellI07_Channel405nm Binned,561nm Binned,488nm Binned_Seq0098.nd2",.nd2,49700864,2026-03-16T09:51:16,I07,36,405nm Binned|561nm Binned|488nm Binned,Seq0098,20260316_093139_667,high,,not_requested,,,
"/Users/makennarodriguez/Documents/260213_Feb16recopy_HYdiff_landingpadlines_survival_384well1/20260316_093139_667/260316_Day36_WellI08_Channel405nm Binned,561nm Binned,488nm Binned_Seq0099.nd2","20260316_093139_667/260316_Day36_WellI08_Channel405nm Binned,561nm Binned,488nm Binned_Seq0099.nd2","260316_Day36_WellI08_Channel405nm Binned,561nm Binned,488nm Binned_Seq0099.nd2",.nd2,49700864,2026-03-16T09:51:28,I08,36,405nm Binned|561nm Binned|488nm Binned,Seq0099,20260316_093139_667,high,,not_requested,,,
"/Users/makennarodriguez/Documents/260213_Feb16recopy_HYdiff_landingpadlines_survival_384well1/20260316_093139_667/260316_Day36_WellI09_Channel405nm Binned,561nm Binned,488nm Binned_Seq0100.nd2","20260316_093139_667/260316_Day36_WellI09_Channel405nm Binned,561nm Binned,488nm Binned_Seq0100.nd2","260316_Day36_WellI09_Channel405nm Binned,561nm Binned,488nm Binned_Seq0100.nd2",.nd2,49700864,2026-03-16T09:51:40,I09,36,405nm Binned|561nm Binned|488nm Binned,Seq0100,20260316_093139_667,high,,not_requested,,,
"/Users/makennarodriguez/Documents/260213_Feb16recopy_HYdiff_landingpadlines_survival_384well1/20260316_093139_667/260316_Day36_WellI10_Channel405nm Binned,561nm Binned,488nm Binned_Seq0101.nd2","20260316_093139_667/260316_Day36_WellI10_Channel405nm Binned,561nm Binned,488nm Binned_Seq0101.nd2","260316_Day36_WellI10_Channel405nm Binned,561nm Binned,488nm Binned_Seq0101.nd2",.nd2,49700864,2026-03-16T09:51:52,I10,36,405nm Binned|561nm Binned|488nm Binned,Seq0101,20260316_093139_667,high,,not_requested,,,
"/Users/makennarodriguez/Documents/260213_Feb16recopy_HYdiff_landingpadlines_survival_384well1/20260316_093139_667/260316_Day36_WellI11_Channel405nm Binned,561nm Binned,488nm Binned_Seq0102.nd2","20260316_093139_667/260316_Day36_WellI11_Channel405nm Binned,561nm Binned,488nm Binned_Seq0102.nd2","260316_Day36_WellI11_Channel405nm Binned,561nm Binned,488nm Binned_Seq0102.nd2",.nd2,49700864,2026-03-16T09:52:02,I11,36,405nm Binned|561nm Binned|488nm Binned,Seq0102,20260316_093139_667,high,,not_requested,,,
"/Users/makennarodriguez/Documents/260213_Feb16recopy_HYdiff_landingpadlines_survival_384well1/20260316_093139_667/260316_Day36_WellI12_Channel405nm Binned,561nm Binned,488nm Binned_Seq0103.nd2","20260316_093139_667/260316_Day36_WellI12_Channel405nm Binned,561nm Binned,488nm Binned_Seq0103.nd2","260316_Day36_WellI12_Channel405nm Binned,561nm Binned,488nm Binned_Seq0103.nd2",.nd2,49700864,2026-03-16T09:52:14,I12,36,405nm Binned|561nm Binned|488nm Binned,Seq0103,20260316_093139_667,high,,not_requested,,,
"/Users/makennarodriguez/Documents/260213_Feb16recopy_HYdiff_landingpadlines_survival_384well1/20260316_093139_667/260316_Day36_WellI13_Channel405nm Binned,561nm Binned,488nm Binned_Seq0104.nd2","20260316_093139_667/260316_Day36_WellI13_Channel405nm Binned,561nm Binned,488nm Binned_Seq0104.nd2","260316_Day36_WellI13_Channel405nm Binned,561nm Binned,488nm Binned_Seq0104.nd2",.nd2,49700864,2026-03-16T09:52:26,I13,36,405nm Binned|561nm Binned|488nm Binned,Seq0104,20260316_093139_667,high,,not_requested,,,
"/Users/makennarodriguez/Documents/260213_Feb16recopy_HYdiff_landingpadlines_survival_384well1/20260316_093139_667/260316_Day36_WellI14_Channel405nm Binned,561nm Binned,488nm Binned_Seq0105.nd2","20260316_093139_667/260316_Day36_WellI14_Channel405nm Binned,561nm Binned,488nm Binned_Seq0105.nd2","260316_Day36_WellI14_Channel405nm Binned,561nm Binned,488nm Binned_Seq0105.nd2",.nd2,49700864,2026-03-16T09:52:38,I14,36,405nm Binned|561nm Binned|488nm Binned,Seq0105,20260316_093139_667,high,,not_requested,,,
"/Users/makennarodriguez/Documents/260213_Feb16recopy_HYdiff_landingpadlines_survival_384well1/20260316_093139_667/260316_Day36_WellI15_Channel405nm Binned,561nm Binned,488nm Binned_Seq0106.nd2","20260316_093139_667/260316_Day36_WellI15_Channel405nm Binned,561nm Binned,488nm Binned_Seq0106.nd2","260316_Day36_WellI15_Channel405nm Binned,561nm Binned,488nm Binned_Seq0106.nd2",.nd2,49700864,2026-03-16T09:52:48,I15,36,405nm Binned|561nm Binned|488nm Binned,Seq0106,20260316_093139_667,high,,not_requested,,,
"/Users/makennarodriguez/Documents/260213_Feb16recopy_HYdiff_landingpadlines_survival_384well1/20260316_093139_667/260316_Day36_WellI16_Channel405nm Binned,561nm Binned,488nm Binned_Seq0107.nd2","20260316_093139_667/260316_Day36_WellI16_Channel405nm Binned,561nm Binned,488nm Binned_Seq0107.nd2","260316_Day36_WellI16_Channel405nm Binned,561nm Binned,488nm Binned_Seq0107.nd2",.nd2,49700864,2026-03-16T09:53:00,I16,36,405nm Binned|561nm Binned|488nm Binned,Seq0107,20260316_093139_667,high,,not_requested,,,
"/Users/makennarodriguez/Documents/260213_Feb16recopy_HYdiff_landingpadlines_survival_384well1/20260316_093139_667/260316_Day36_WellI17_Channel405nm Binned,561nm Binned,488nm Binned_Seq0108.nd2","20260316_093139_667/260316_Day36_WellI17_Channel405nm Binned,561nm Binned,488nm Binned_Seq0108.nd2","260316_Day36_WellI17_Channel405nm Binned,561nm Binned,488nm Binned_Seq0108.nd2",.nd2,49700864,2026-03-16T09:53:12,I17,36,405nm Binned|561nm Binned|488nm Binned,Seq0108,20260316_093139_667,high,,not_requested,,,
"/Users/makennarodriguez/Documents/260213_Feb16recopy_HYdiff_landingpadlines_survival_384well1/20260316_093139_667/260316_Day36_WellI18_Channel405nm Binned,561nm Binned,488nm Binned_Seq0109.nd2","20260316_093139_667/260316_Day36_WellI18_Channel405nm Binned,561nm Binned,488nm Binned_Seq0109.nd2","260316_Day36_WellI18_Channel405nm Binned,561nm Binned,488nm Binned_Seq0109.nd2",.nd2,49700864,2026-03-16T09:53:22,I18,36,405nm Binned|561nm Binned|488nm Binned,Seq0109,20260316_093139_667,high,,not_requested,,,
"/Users/makennarodriguez/Documents/260213_Feb16recopy_HYdiff_landingpadlines_survival_384well1/20260316_093139_667/260316_Day36_WellI19_Channel405nm Binned,561nm Binned,488nm Binned_Seq0110.nd2","20260316_093139_667/260316_Day36_WellI19_Channel405nm Binned,561nm Binned,488nm Binned_Seq0110.nd2","260316_Day36_WellI19_Channel405nm Binned,561nm Binned,488nm Binned_Seq0110.nd2",.nd2,49700864,2026-03-16T09:53:34,I19,36,405nm Binned|561nm Binned|488nm Binned,Seq0110,20260316_093139_667,high,,not_requested,,,
"/Users/makennarodriguez/Documents/260213_Feb16recopy_HYdiff_landingpadlines_survival_384well1/20260316_093139_667/260316_Day36_WellI20_Channel405nm Binned,561nm Binned,488nm Binned_Seq0111.nd2","20260316_093139_667/260316_Day36_WellI20_Channel405nm Binned,561nm Binned,488nm Binned_Seq0111.nd2","260316_Day36_WellI20_Channel405nm Binned,561nm Binned,488nm Binned_Seq0111.nd2",.nd2,49700864,2026-03-16T09:53:46,I20,36,405nm Binned|561nm Binned|488nm Binned,Seq0111,20260316_093139_667,high,,not_requested,,,
"/Users/makennarodriguez/Documents/260213_Feb16recopy_HYdiff_landingpadlines_survival_384well1/20260316_093139_667/260316_Day36_WellJ05_Channel405nm Binned,561nm Binned,488nm Binned_Seq0112.nd2","20260316_093139_667/260316_Day36_WellJ05_Channel405nm Binned,561nm Binned,488nm Binned_Seq0112.nd2","260316_Day36_WellJ05_Channel405nm Binned,561nm Binned,488nm Binned_Seq0112.nd2",.nd2,49700864,2026-03-16T09:54:00,J05,36,405nm Binned|561nm Binned|488nm Binned,Seq0112,20260316_093139_667,high,,not_requested,,,
"/Users/makennarodriguez/Documents/260213_Feb16recopy_HYdiff_landingpadlines_survival_384well1/20260316_093139_667/260316_Day36_WellJ06_Channel405nm Binned,561nm Binned,488nm Binned_Seq0113.nd2","20260316_093139_667/260316_Day36_WellJ06_Channel405nm Binned,561nm Binned,488nm Binned_Seq0113.nd2","260316_Day36_WellJ06_Channel405nm Binned,561nm Binned,488nm Binned_Seq0113.nd2",.nd2,49700864,2026-03-16T09:54:12,J06,36,405nm Binned|561nm Binned|488nm Binned,Seq0113,20260316_093139_667,high,,not_requested,,,
"/Users/makennarodriguez/Documents/260213_Feb16recopy_HYdiff_landingpadlines_survival_384well1/20260316_093139_667/260316_Day36_WellJ07_Channel405nm Binned,561nm Binned,488nm Binned_Seq0114.nd2","20260316_093139_667/260316_Day36_WellJ07_Channel405nm Binned,561nm Binned,488nm Binned_Seq0114.nd2","260316_Day36_WellJ07_Channel405nm Binned,561nm Binned,488nm Binned_Seq0114.nd2",.nd2,49700864,2026-03-16T09:54:24,J07,36,405nm Binned|561nm Binned|488nm Binned,Seq0114,20260316_093139_667,high,,not_requested,,,
"/Users/makennarodriguez/Documents/260213_Feb16recopy_HYdiff_landingpadlines_survival_384well1/20260316_093139_667/260316_Day36_WellJ08_Channel405nm Binned,561nm Binned,488nm Binned_Seq0115.nd2","20260316_093139_667/260316_Day36_WellJ08_Channel405nm Binned,561nm Binned,488nm Binned_Seq0115.nd2","260316_Day36_WellJ08_Channel405nm Binned,561nm Binned,488nm Binned_Seq0115.nd2",.nd2,49700864,2026-03-16T09:54:36,J08,36,405nm Binned|561nm Binned|488nm Binned,Seq0115,20260316_093139_667,high,,not_requested,,,
"/Users/makennarodriguez/Documents/260213_Feb16recopy_HYdiff_landingpadlines_survival_384well1/20260316_093139_667/260316_Day36_WellJ09_Channel405nm Binned,561nm Binned,488nm Binned_Seq0116.nd2","20260316_093139_667/260316_Day36_WellJ09_Channel405nm Binned,561nm Binned,488nm Binned_Seq0116.nd2","260316_Day36_WellJ09_Channel405nm Binned,561nm Binned,488nm Binned_Seq0116.nd2",.nd2,49700864,2026-03-16T09:54:46,J09,36,405nm Binned|561nm Binned|488nm Binned,Seq0116,20260316_093139_667,high,,not_requested,,,
"/Users/makennarodriguez/Documents/260213_Feb16recopy_HYdiff_landingpadlines_survival_384well1/20260316_093139_667/260316_Day36_WellJ10_Channel405nm Binned,561nm Binned,488nm Binned_Seq0117.nd2","20260316_093139_667/260316_Day36_WellJ10_Channel405nm Binned,561nm Binned,488nm Binned_Seq0117.nd2","260316_Day36_WellJ10_Channel405nm Binned,561nm Binned,488nm Binned_Seq0117.nd2",.nd2,49700864,2026-03-16T09:54:58,J10,36,405nm Binned|561nm Binned|488nm Binned,Seq0117,20260316_093139_667,high,,not_requested,,,
"/Users/makennarodriguez/Documents/260213_Feb16recopy_HYdiff_landingpadlines_survival_384well1/20260316_093139_667/260316_Day36_WellJ11_Channel405nm Binned,561nm Binned,488nm Binned_Seq0118.nd2","20260316_093139_667/260316_Day36_WellJ11_Channel405nm Binned,561nm Binned,488nm Binned_Seq0118.nd2","260316_Day36_WellJ11_Channel405nm Binned,561nm Binned,488nm Binned_Seq0118.nd2",.nd2,49700864,2026-03-16T09:55:10,J11,36,405nm Binned|561nm Binned|488nm Binned,Seq0118,20260316_093139_667,high,,not_requested,,,
"/Users/makennarodriguez/Documents/260213_Feb16recopy_HYdiff_landingpadlines_survival_384well1/20260316_093139_667/260316_Day36_WellJ12_Channel405nm Binned,561nm Binned,488nm Binned_Seq0119.nd2","20260316_093139_667/260316_Day36_WellJ12_Channel405nm Binned,561nm Binned,488nm Binned_Seq0119.nd2","260316_Day36_WellJ12_Channel405nm Binned,561nm Binned,488nm Binned_Seq0119.nd2",.nd2,49700864,2026-03-16T09:55:20,J12,36,405nm Binned|561nm Binned|488nm Binned,Seq0119,20260316_093139_667,high,,not_requested,,,
"/Users/makennarodriguez/Documents/260213_Feb16recopy_HYdiff_landingpadlines_survival_384well1/20260316_093139_667/260316_Day36_WellJ13_Channel405nm Binned,561nm Binned,488nm Binned_Seq0120.nd2","20260316_093139_667/260316_Day36_WellJ13_Channel405nm Binned,561nm Binned,488nm Binned_Seq0120.nd2","260316_Day36_WellJ13_Channel405nm Binned,561nm Binned,488nm Binned_Seq0120.nd2",.nd2,49700864,2026-03-16T09:55:32,J13,36,405nm Binned|561nm Binned|488nm Binned,Seq0120,20260316_093139_667,high,,not_requested,,,
"/Users/makennarodriguez/Documents/260213_Feb16recopy_HYdiff_landingpadlines_survival_384well1/20260316_093139_667/260316_Day36_WellJ14_Channel405nm Binned,561nm Binned,488nm Binned_Seq0121.nd2","20260316_093139_667/260316_Day36_WellJ14_Channel405nm Binned,561nm Binned,488nm Binned_Seq0121.nd2","260316_Day36_WellJ14_Channel405nm Binned,561nm Binned,488nm Binned_Seq0121.nd2",.nd2,49700864,2026-03-16T09:55:44,J14,36,405nm Binned|561nm Binned|488nm Binned,Seq0121,20260316_093139_667,high,,not_requested,,,
"/Users/makennarodriguez/Documents/260213_Feb16recopy_HYdiff_landingpadlines_survival_384well1/20260316_093139_667/260316_Day36_WellJ15_Channel405nm Binned,561nm Binned,488nm Binned_Seq0122.nd2","20260316_093139_667/260316_Day36_WellJ15_Channel405nm Binned,561nm Binned,488nm Binned_Seq0122.nd2","260316_Day36_WellJ15_Channel405nm Binned,561nm Binned,488nm Binned_Seq0122.nd2",.nd2,49700864,2026-03-16T09:55:56,J15,36,405nm Binned|561nm Binned|488nm Binned,Seq0122,20260316_093139_667,high,,not_requested,,,
"/Users/makennarodriguez/Documents/260213_Feb16recopy_HYdiff_landingpadlines_survival_384well1/20260316_093139_667/260316_Day36_WellJ16_Channel405nm Binned,561nm Binned,488nm Binned_Seq0123.nd2","20260316_093139_667/260316_Day36_WellJ16_Channel405nm Binned,561nm Binned,488nm Binned_Seq0123.nd2","260316_Day36_WellJ16_Channel405nm Binned,561nm Binned,488nm Binned_Seq0123.nd2",.nd2,49700864,2026-03-16T09:56:06,J16,36,405nm Binned|561nm Binned|488nm Binned,Seq0123,20260316_093139_667,high,,not_requested,,,
"/Users/makennarodriguez/Documents/260213_Feb16recopy_HYdiff_landingpadlines_survival_384well1/20260316_093139_667/260316_Day36_WellJ17_Channel405nm Binned,561nm Binned,488nm Binned_Seq0124.nd2","20260316_093139_667/260316_Day36_WellJ17_Channel405nm Binned,561nm Binned,488nm Binned_Seq0124.nd2","260316_Day36_WellJ17_Channel405nm Binned,561nm Binned,488nm Binned_Seq0124.nd2",.nd2,49700864,2026-03-16T09:56:18,J17,36,405nm Binned|561nm Binned|488nm Binned,Seq0124,20260316_093139_667,high,,not_requested,,,
"/Users/makennarodriguez/Documents/260213_Feb16recopy_HYdiff_landingpadlines_survival_384well1/20260316_093139_667/260316_Day36_WellJ18_Channel405nm Binned,561nm Binned,488nm Binned_Seq0125.nd2","20260316_093139_667/260316_Day36_WellJ18_Channel405nm Binned,561nm Binned,488nm Binned_Seq0125.nd2","260316_Day36_WellJ18_Channel405nm Binned,561nm Binned,488nm Binned_Seq0125.nd2",.nd2,49700864,2026-03-16T09:56:30,J18,36,405nm Binned|561nm Binned|488nm Binned,Seq0125,20260316_093139_667,high,,not_requested,,,
"/Users/makennarodriguez/Documents/260213_Feb16recopy_HYdiff_landingpadlines_survival_384well1/20260316_093139_667/260316_Day36_WellJ19_Channel405nm Binned,561nm Binned,488nm Binned_Seq0126.nd2","20260316_093139_667/260316_Day36_WellJ19_Channel405nm Binned,561nm Binned,488nm Binned_Seq0126.nd2","260316_Day36_WellJ19_Channel405nm Binned,561nm Binned,488nm Binned_Seq0126.nd2",.nd2,49700864,2026-03-16T09:56:42,J19,36,405nm Binned|561nm Binned|488nm Binned,Seq0126,20260316_093139_667,high,,not_requested,,,
"/Users/makennarodriguez/Documents/260213_Feb16recopy_HYdiff_landingpadlines_survival_384well1/20260316_093139_667/260316_Day36_WellJ20_Channel405nm Binned,561nm Binned,488nm Binned_Seq0127.nd2","20260316_093139_667/260316_Day36_WellJ20_Channel405nm Binned,561nm Binned,488nm Binned_Seq0127.nd2","260316_Day36_WellJ20_Channel405nm Binned,561nm Binned,488nm Binned_Seq0127.nd2",.nd2,49700864,2026-03-16T09:56:52,J20,36,405nm Binned|561nm Binned|488nm Binned,Seq0127,20260316_093139_667,high,,not_requested,,,
"/Users/makennarodriguez/Documents/260213_Feb16recopy_HYdiff_landingpadlines_survival_384well1/20260316_093139_667/260316_Day36_WellK05_Channel405nm Binned,561nm Binned,488nm Binned_Seq0128.nd2","20260316_093139_667/260316_Day36_WellK05_Channel405nm Binned,561nm Binned,488nm Binned_Seq0128.nd2","260316_Day36_WellK05_Channel405nm Binned,561nm Binned,488nm Binned_Seq0128.nd2",.nd2,49700864,2026-03-16T09:57:06,K05,36,405nm Binned|561nm Binned|488nm Binned,Seq0128,20260316_093139_667,high,,not_requested,,,
"/Users/makennarodriguez/Documents/260213_Feb16recopy_HYdiff_landingpadlines_survival_384well1/20260316_093139_667/260316_Day36_WellK06_Channel405nm Binned,561nm Binned,488nm Binned_Seq0129.nd2","20260316_093139_667/260316_Day36_WellK06_Channel405nm Binned,561nm Binned,488nm Binned_Seq0129.nd2","260316_Day36_WellK06_Channel405nm Binned,561nm Binned,488nm Binned_Seq0129.nd2",.nd2,49700864,2026-03-16T09:57:18,K06,36,405nm Binned|561nm Binned|488nm Binned,Seq0129,20260316_093139_667,high,,not_requested,,,
"/Users/makennarodriguez/Documents/260213_Feb16recopy_HYdiff_landingpadlines_survival_384well1/20260316_093139_667/260316_Day36_WellK07_Channel405nm Binned,561nm Binned,488nm Binned_Seq0130.nd2","20260316_093139_667/260316_Day36_WellK07_Channel405nm Binned,561nm Binned,488nm Binned_Seq0130.nd2","260316_Day36_WellK07_Channel405nm Binned,561nm Binned,488nm Binned_Seq0130.nd2",.nd2,49700864,2026-03-16T09:57:30,K07,36,405nm Binned|561nm Binned|488nm Binned,Seq0130,20260316_093139_667,high,,not_requested,,,
"/Users/makennarodriguez/Documents/260213_Feb16recopy_HYdiff_landingpadlines_survival_384well1/20260316_093139_667/260316_Day36_WellK08_Channel405nm Binned,561nm Binned,488nm Binned_Seq0131.nd2","20260316_093139_667/260316_Day36_WellK08_Channel405nm Binned,561nm Binned,488nm Binned_Seq0131.nd2","260316_Day36_WellK08_Channel405nm Binned,561nm Binned,488nm Binned_Seq0131.nd2",.nd2,49700864,2026-03-16T09:57:42,K08,36,405nm Binned|561nm Binned|488nm Binned,Seq0131,20260316_093139_667,high,,not_requested,,,
"/Users/makennarodriguez/Documents/260213_Feb16recopy_HYdiff_landingpadlines_survival_384well1/20260316_093139_667/260316_Day36_WellK09_Channel405nm Binned,561nm Binned,488nm Binned_Seq0132.nd2","20260316_093139_667/260316_Day36_WellK09_Channel405nm Binned,561nm Binned,488nm Binned_Seq0132.nd2","260316_Day36_WellK09_Channel405nm Binned,561nm Binned,488nm Binned_Seq0132.nd2",.nd2,49700864,2026-03-16T09:57:54,K09,36,405nm Binned|561nm Binned|488nm Binned,Seq0132,20260316_093139_667,high,,not_requested,,,
"/Users/makennarodriguez/Documents/260213_Feb16recopy_HYdiff_landingpadlines_survival_384well1/20260316_093139_667/260316_Day36_WellK10_Channel405nm Binned,561nm Binned,488nm Binned_Seq0133.nd2","20260316_093139_667/260316_Day36_WellK10_Channel405nm Binned,561nm Binned,488nm Binned_Seq0133.nd2","260316_Day36_WellK10_Channel405nm Binned,561nm Binned,488nm Binned_Seq0133.nd2",.nd2,49700864,2026-03-16T09:58:04,K10,36,405nm Binned|561nm Binned|488nm Binned,Seq0133,20260316_093139_667,high,,not_requested,,,
"/Users/makennarodriguez/Documents/260213_Feb16recopy_HYdiff_landingpadlines_survival_384well1/20260316_093139_667/260316_Day36_WellK11_Channel405nm Binned,561nm Binned,488nm Binned_Seq0134.nd2","20260316_093139_667/260316_Day36_WellK11_Channel405nm Binned,561nm Binned,488nm Binned_Seq0134.nd2","260316_Day36_WellK11_Channel405nm Binned,561nm Binned,488nm Binned_Seq0134.nd2",.nd2,49700864,2026-03-16T09:58:16,K11,36,405nm Binned|561nm Binned|488nm Binned,Seq0134,20260316_093139_667,high,,not_requested,,,
"/Users/makennarodriguez/Documents/260213_Feb16recopy_HYdiff_landingpadlines_survival_384well1/20260316_093139_667/260316_Day36_WellK12_Channel405nm Binned,561nm Binned,488nm Binned_Seq0135.nd2","20260316_093139_667/260316_Day36_WellK12_Channel405nm Binned,561nm Binned,488nm Binned_Seq0135.nd2","260316_Day36_WellK12_Channel405nm Binned,561nm Binned,488nm Binned_Seq0135.nd2",.nd2,49700864,2026-03-16T09:58:28,K12,36,405nm Binned|561nm Binned|488nm Binned,Seq0135,20260316_093139_667,high,,not_requested,,,
"/Users/makennarodriguez/Documents/260213_Feb16recopy_HYdiff_landingpadlines_survival_384well1/20260316_093139_667/260316_Day36_WellK13_Channel405nm Binned,561nm Binned,488nm Binned_Seq0136.nd2","20260316_093139_667/260316_Day36_WellK13_Channel405nm Binned,561nm Binned,488nm Binned_Seq0136.nd2","260316_Day36_WellK13_Channel405nm Binned,561nm Binned,488nm Binned_Seq0136.nd2",.nd2,49700864,2026-03-16T09:58:38,K13,36,405nm Binned|561nm Binned|488nm Binned,Seq0136,20260316_093139_667,high,,not_requested,,,
"/Users/makennarodriguez/Documents/260213_Feb16recopy_HYdiff_landingpadlines_survival_384well1/20260316_093139_667/260316_Day36_WellK14_Channel405nm Binned,561nm Binned,488nm Binned_Seq0137.nd2","20260316_093139_667/260316_Day36_WellK14_Channel405nm Binned,561nm Binned,488nm Binned_Seq0137.nd2","260316_Day36_WellK14_Channel405nm Binned,561nm Binned,488nm Binned_Seq0137.nd2",.nd2,49700864,2026-03-16T09:58:50,K14,36,405nm Binned|561nm Binned|488nm Binned,Seq0137,20260316_093139_667,high,,not_requested,,,
"/Users/makennarodriguez/Documents/260213_Feb16recopy_HYdiff_landingpadlines_survival_384well1/20260316_093139_667/260316_Day36_WellK15_Channel405nm Binned,561nm Binned,488nm Binned_Seq0138.nd2","20260316_093139_667/260316_Day36_WellK15_Channel405nm Binned,561nm Binned,488nm Binned_Seq0138.nd2","260316_Day36_WellK15_Channel405nm Binned,561nm Binned,488nm Binned_Seq0138.nd2",.nd2,49700864,2026-03-16T09:59:02,K15,36,405nm Binned|561nm Binned|488nm Binned,Seq0138,20260316_093139_667,high,,not_requested,,,
"/Users/makennarodriguez/Documents/260213_Feb16recopy_HYdiff_landingpadlines_survival_384well1/20260316_093139_667/260316_Day36_WellK16_Channel405nm Binned,561nm Binned,488nm Binned_Seq0139.nd2","20260316_093139_667/260316_Day36_WellK16_Channel405nm Binned,561nm Binned,488nm Binned_Seq0139.nd2","260316_Day36_WellK16_Channel405nm Binned,561nm Binned,488nm Binned_Seq0139.nd2",.nd2,49700864,2026-03-16T09:59:14,K16,36,405nm Binned|561nm Binned|488nm Binned,Seq0139,20260316_093139_667,high,,not_requested,,,
"/Users/makennarodriguez/Documents/260213_Feb16recopy_HYdiff_landingpadlines_survival_384well1/20260316_093139_667/260316_Day36_WellK17_Channel405nm Binned,561nm Binned,488nm Binned_Seq0140.nd2","20260316_093139_667/260316_Day36_WellK17_Channel405nm Binned,561nm Binned,488nm Binned_Seq0140.nd2","260316_Day36_WellK17_Channel405nm Binned,561nm Binned,488nm Binned_Seq0140.nd2",.nd2,49700864,2026-03-16T09:59:24,K17,36,405nm Binned|561nm Binned|488nm Binned,Seq0140,20260316_093139_667,high,,not_requested,,,
"/Users/makennarodriguez/Documents/260213_Feb16recopy_HYdiff_landingpadlines_survival_384well1/20260316_093139_667/260316_Day36_WellK18_Channel405nm Binned,561nm Binned,488nm Binned_Seq0141.nd2","20260316_093139_667/260316_Day36_WellK18_Channel405nm Binned,561nm Binned,488nm Binned_Seq0141.nd2","260316_Day36_WellK18_Channel405nm Binned,561nm Binned,488nm Binned_Seq0141.nd2",.nd2,49700864,2026-03-16T09:59:36,K18,36,405nm Binned|561nm Binned|488nm Binned,Seq0141,20260316_093139_667,high,,not_requested,,,
"/Users/makennarodriguez/Documents/260213_Feb16recopy_HYdiff_landingpadlines_survival_384well1/20260316_093139_667/260316_Day36_WellK19_Channel405nm Binned,561nm Binned,488nm Binned_Seq0142.nd2","20260316_093139_667/260316_Day36_WellK19_Channel405nm Binned,561nm Binned,488nm Binned_Seq0142.nd2","260316_Day36_WellK19_Channel405nm Binned,561nm Binned,488nm Binned_Seq0142.nd2",.nd2,49700864,2026-03-16T09:59:48,K19,36,405nm Binned|561nm Binned|488nm Binned,Seq0142,20260316_093139_667,high,,not_requested,,,
"/Users/makennarodriguez/Documents/260213_Feb16recopy_HYdiff_landingpadlines_survival_384well1/20260316_093139_667/260316_Day36_WellK20_Channel405nm Binned,561nm Binned,488nm Binned_Seq0143.nd2","20260316_093139_667/260316_Day36_WellK20_Channel405nm Binned,561nm Binned,488nm Binned_Seq0143.nd2","260316_Day36_WellK20_Channel405nm Binned,561nm Binned,488nm Binned_Seq0143.nd2",.nd2,49700864,2026-03-16T10:00:00,K20,36,405nm Binned|561nm Binned|488nm Binned,Seq0143,20260316_093139_667,high,,not_requested,,,
"/Users/makennarodriguez/Documents/260213_Feb16recopy_HYdiff_landingpadlines_survival_384well1/20260316_093139_667/260316_Day36_WellL05_Channel405nm Binned,561nm Binned,488nm Binned_Seq0144.nd2","20260316_093139_667/260316_Day36_WellL05_Channel405nm Binned,561nm Binned,488nm Binned_Seq0144.nd2","260316_Day36_WellL05_Channel405nm Binned,561nm Binned,488nm Binned_Seq0144.nd2",.nd2,49700864,2026-03-16T10:00:14,L05,36,405nm Binned|561nm Binned|488nm Binned,Seq0144,20260316_093139_667,high,,not_requested,,,
"/Users/makennarodriguez/Documents/260213_Feb16recopy_HYdiff_landingpadlines_survival_384well1/20260316_093139_667/260316_Day36_WellL06_Channel405nm Binned,561nm Binned,488nm Binned_Seq0145.nd2","20260316_093139_667/260316_Day36_WellL06_Channel405nm Binned,561nm Binned,488nm Binned_Seq0145.nd2","260316_Day36_WellL06_Channel405nm Binned,561nm Binned,488nm Binned_Seq0145.nd2",.nd2,49700864,2026-03-16T10:00:26,L06,36,405nm Binned|561nm Binned|488nm Binned,Seq0145,20260316_093139_667,high,,not_requested,,,
"/Users/makennarodriguez/Documents/260213_Feb16recopy_HYdiff_landingpadlines_survival_384well1/20260316_093139_667/260316_Day36_WellL07_Channel405nm Binned,561nm Binned,488nm Binned_Seq0146.nd2","20260316_093139_667/260316_Day36_WellL07_Channel405nm Binned,561nm Binned,488nm Binned_Seq0146.nd2","260316_Day36_WellL07_Channel405nm Binned,561nm Binned,488nm Binned_Seq0146.nd2",.nd2,49700864,2026-03-16T10:00:38,L07,36,405nm Binned|561nm Binned|488nm Binned,Seq0146,20260316_093139_667,high,,not_requested,,,
"/Users/makennarodriguez/Documents/260213_Feb16recopy_HYdiff_landingpadlines_survival_384well1/20260316_093139_667/260316_Day36_WellL08_Channel405nm Binned,561nm Binned,488nm Binned_Seq0147.nd2","20260316_093139_667/260316_Day36_WellL08_Channel405nm Binned,561nm Binned,488nm Binned_Seq0147.nd2","260316_Day36_WellL08_Channel405nm Binned,561nm Binned,488nm Binned_Seq0147.nd2",.nd2,49700864,2026-03-16T10:00:48,L08,36,405nm Binned|561nm Binned|488nm Binned,Seq0147,20260316_093139_667,high,,not_requested,,,
"/Users/makennarodriguez/Documents/260213_Feb16recopy_HYdiff_landingpadlines_survival_384well1/20260316_093139_667/260316_Day36_WellL09_Channel405nm Binned,561nm Binned,488nm Binned_Seq0148.nd2","20260316_093139_667/260316_Day36_WellL09_Channel405nm Binned,561nm Binned,488nm Binned_Seq0148.nd2","260316_Day36_WellL09_Channel405nm Binned,561nm Binned,488nm Binned_Seq0148.nd2",.nd2,49700864,2026-03-16T10:01:00,L09,36,405nm Binned|561nm Binned|488nm Binned,Seq0148,20260316_093139_667,high,,not_requested,,,
"/Users/makennarodriguez/Documents/260213_Feb16recopy_HYdiff_landingpadlines_survival_384well1/20260316_093139_667/260316_Day36_WellL10_Channel405nm Binned,561nm Binned,488nm Binned_Seq0149.nd2","20260316_093139_667/260316_Day36_WellL10_Channel405nm Binned,561nm Binned,488nm Binned_Seq0149.nd2","260316_Day36_WellL10_Channel405nm Binned,561nm Binned,488nm Binned_Seq0149.nd2",.nd2,49700864,2026-03-16T10:01:12,L10,36,405nm Binned|561nm Binned|488nm Binned,Seq0149,20260316_093139_667,high,,not_requested,,,
"/Users/makennarodriguez/Documents/260213_Feb16recopy_HYdiff_landingpadlines_survival_384well1/20260316_093139_667/260316_Day36_WellL11_Channel405nm Binned,561nm Binned,488nm Binned_Seq0150.nd2","20260316_093139_667/260316_Day36_WellL11_Channel405nm Binned,561nm Binned,488nm Binned_Seq0150.nd2","260316_Day36_WellL11_Channel405nm Binned,561nm Binned,488nm Binned_Seq0150.nd2",.nd2,49700864,2026-03-16T10:01:22,L11,36,405nm Binned|561nm Binned|488nm Binned,Seq0150,20260316_093139_667,high,,not_requested,,,
"/Users/makennarodriguez/Documents/260213_Feb16recopy_HYdiff_landingpadlines_survival_384well1/20260316_093139_667/260316_Day36_WellL12_Channel405nm Binned,561nm Binned,488nm Binned_Seq0151.nd2","20260316_093139_667/260316_Day36_WellL12_Channel405nm Binned,561nm Binned,488nm Binned_Seq0151.nd2","260316_Day36_WellL12_Channel405nm Binned,561nm Binned,488nm Binned_Seq0151.nd2",.nd2,49700864,2026-03-16T10:01:34,L12,36,405nm Binned|561nm Binned|488nm Binned,Seq0151,20260316_093139_667,high,,not_requested,,,
"/Users/makennarodriguez/Documents/260213_Feb16recopy_HYdiff_landingpadlines_survival_384well1/20260316_093139_667/260316_Day36_WellL13_Channel405nm Binned,561nm Binned,488nm Binned_Seq0152.nd2","20260316_093139_667/260316_Day36_WellL13_Channel405nm Binned,561nm Binned,488nm Binned_Seq0152.nd2","260316_Day36_WellL13_Channel405nm Binned,561nm Binned,488nm Binned_Seq0152.nd2",.nd2,49700864,2026-03-16T10:01:46,L13,36,405nm Binned|561nm Binned|488nm Binned,Seq0152,20260316_093139_667,high,,not_requested,,,
"/Users/makennarodriguez/Documents/260213_Feb16recopy_HYdiff_landingpadlines_survival_384well1/20260316_093139_667/260316_Day36_WellL14_Channel405nm Binned,561nm Binned,488nm Binned_Seq0153.nd2","20260316_093139_667/260316_Day36_WellL14_Channel405nm Binned,561nm Binned,488nm Binned_Seq0153.nd2","260316_Day36_WellL14_Channel405nm Binned,561nm Binned,488nm Binned_Seq0153.nd2",.nd2,49700864,2026-03-16T10:01:58,L14,36,405nm Binned|561nm Binned|488nm Binned,Seq0153,20260316_093139_667,high,,not_requested,,,
"/Users/makennarodriguez/Documents/260213_Feb16recopy_HYdiff_landingpadlines_survival_384well1/20260316_093139_667/260316_Day36_WellL15_Channel405nm Binned,561nm Binned,488nm Binned_Seq0154.nd2","20260316_093139_667/260316_Day36_WellL15_Channel405nm Binned,561nm Binned,488nm Binned_Seq0154.nd2","260316_Day36_WellL15_Channel405nm Binned,561nm Binned,488nm Binned_Seq0154.nd2",.nd2,49700864,2026-03-16T10:02:08,L15,36,405nm Binned|561nm Binned|488nm Binned,Seq0154,20260316_093139_667,high,,not_requested,,,
"/Users/makennarodriguez/Documents/260213_Feb16recopy_HYdiff_landingpadlines_survival_384well1/20260316_093139_667/260316_Day36_WellL16_Channel405nm Binned,561nm Binned,488nm Binned_Seq0155.nd2","20260316_093139_667/260316_Day36_WellL16_Channel405nm Binned,561nm Binned,488nm Binned_Seq0155.nd2","260316_Day36_WellL16_Channel405nm Binned,561nm Binned,488nm Binned_Seq0155.nd2",.nd2,49700864,2026-03-16T10:02:20,L16,36,405nm Binned|561nm Binned|488nm Binned,Seq0155,20260316_093139_667,high,,not_requested,,,
"/Users/makennarodriguez/Documents/260213_Feb16recopy_HYdiff_landingpadlines_survival_384well1/20260316_093139_667/260316_Day36_WellL17_Channel405nm Binned,561nm Binned,488nm Binned_Seq0156.nd2","20260316_093139_667/260316_Day36_WellL17_Channel405nm Binned,561nm Binned,488nm Binned_Seq0156.nd2","260316_Day36_WellL17_Channel405nm Binned,561nm Binned,488nm Binned_Seq0156.nd2",.nd2,49700864,2026-03-16T10:02:32,L17,36,405nm Binned|561nm Binned|488nm Binned,Seq0156,20260316_093139_667,high,,not_requested,,,
"/Users/makennarodriguez/Documents/260213_Feb16recopy_HYdiff_landingpadlines_survival_384well1/20260316_093139_667/260316_Day36_WellL18_Channel405nm Binned,561nm Binned,488nm Binned_Seq0157.nd2","20260316_093139_667/260316_Day36_WellL18_Channel405nm Binned,561nm Binned,488nm Binned_Seq0157.nd2","260316_Day36_WellL18_Channel405nm Binned,561nm Binned,488nm Binned_Seq0157.nd2",.nd2,49700864,2026-03-16T10:02:44,L18,36,405nm Binned|561nm Binned|488nm Binned,Seq0157,20260316_093139_667,high,,not_requested,,,
"/Users/makennarodriguez/Documents/260213_Feb16recopy_HYdiff_landingpadlines_survival_384well1/20260316_093139_667/260316_Day36_WellL19_Channel405nm Binned,561nm Binned,488nm Binned_Seq0158.nd2","20260316_093139_667/260316_Day36_WellL19_Channel405nm Binned,561nm Binned,488nm Binned_Seq0158.nd2","260316_Day36_WellL19_Channel405nm Binned,561nm Binned,488nm Binned_Seq0158.nd2",.nd2,49700864,2026-03-16T10:02:56,L19,36,405nm Binned|561nm Binned|488nm Binned,Seq0158,20260316_093139_667,high,,not_requested,,,
"/Users/makennarodriguez/Documents/260213_Feb16recopy_HYdiff_landingpadlines_survival_384well1/20260316_093139_667/260316_Day36_WellL20_Channel405nm Binned,561nm Binned,488nm Binned_Seq0159.nd2","20260316_093139_667/260316_Day36_WellL20_Channel405nm Binned,561nm Binned,488nm Binned_Seq0159.nd2","260316_Day36_WellL20_Channel405nm Binned,561nm Binned,488nm Binned_Seq0159.nd2",.nd2,49700864,2026-03-16T10:03:06,L20,36,405nm Binned|561nm Binned|488nm Binned,Seq0159,20260316_093139_667,high,,not_requested,,,
"/Users/makennarodriguez/Documents/260213_Feb16recopy_HYdiff_landingpadlines_survival_384well1/20260316_093139_667/260316_Day36_WellM05_Channel405nm Binned,561nm Binned,488nm Binned_Seq0160.nd2","20260316_093139_667/260316_Day36_WellM05_Channel405nm Binned,561nm Binned,488nm Binned_Seq0160.nd2","260316_Day36_WellM05_Channel405nm Binned,561nm Binned,488nm Binned_Seq0160.nd2",.nd2,49700864,2026-03-16T10:03:20,M05,36,405nm Binned|561nm Binned|488nm Binned,Seq0160,20260316_093139_667,high,,not_requested,,,
"/Users/makennarodriguez/Documents/260213_Feb16recopy_HYdiff_landingpadlines_survival_384well1/20260316_093139_667/260316_Day36_WellM06_Channel405nm Binned,561nm Binned,488nm Binned_Seq0161.nd2","20260316_093139_667/260316_Day36_WellM06_Channel405nm Binned,561nm Binned,488nm Binned_Seq0161.nd2","260316_Day36_WellM06_Channel405nm Binned,561nm Binned,488nm Binned_Seq0161.nd2",.nd2,49700864,2026-03-16T10:03:32,M06,36,405nm Binned|561nm Binned|488nm Binned,Seq0161,20260316_093139_667,high,,not_requested,,,
"/Users/makennarodriguez/Documents/260213_Feb16recopy_HYdiff_landingpadlines_survival_384well1/20260316_093139_667/260316_Day36_WellM07_Channel405nm Binned,561nm Binned,488nm Binned_Seq0162.nd2","20260316_093139_667/260316_Day36_WellM07_Channel405nm Binned,561nm Binned,488nm Binned_Seq0162.nd2","260316_Day36_WellM07_Channel405nm Binned,561nm Binned,488nm Binned_Seq0162.nd2",.nd2,49700864,2026-03-16T10:03:44,M07,36,405nm Binned|561nm Binned|488nm Binned,Seq0162,20260316_093139_667,high,,not_requested,,,
"/Users/makennarodriguez/Documents/260213_Feb16recopy_HYdiff_landingpadlines_survival_384well1/20260316_093139_667/260316_Day36_WellM08_Channel405nm Binned,561nm Binned,488nm Binned_Seq0163.nd2","20260316_093139_667/260316_Day36_WellM08_Channel405nm Binned,561nm Binned,488nm Binned_Seq0163.nd2","260316_Day36_WellM08_Channel405nm Binned,561nm Binned,488nm Binned_Seq0163.nd2",.nd2,49700864,2026-03-16T10:03:56,M08,36,405nm Binned|561nm Binned|488nm Binned,Seq0163,20260316_093139_667,high,,not_requested,,,
"/Users/makennarodriguez/Documents/260213_Feb16recopy_HYdiff_landingpadlines_survival_384well1/20260316_093139_667/260316_Day36_WellM09_Channel405nm Binned,561nm Binned,488nm Binned_Seq0164.nd2","20260316_093139_667/260316_Day36_WellM09_Channel405nm Binned,561nm Binned,488nm Binned_Seq0164.nd2","260316_Day36_WellM09_Channel405nm Binned,561nm Binned,488nm Binned_Seq0164.nd2",.nd2,49700864,2026-03-16T10:04:06,M09,36,405nm Binned|561nm Binned|488nm Binned,Seq0164,20260316_093139_667,high,,not_requested,,,
"/Users/makennarodriguez/Documents/260213_Feb16recopy_HYdiff_landingpadlines_survival_384well1/20260316_093139_667/260316_Day36_WellM10_Channel405nm Binned,561nm Binned,488nm Binned_Seq0165.nd2","20260316_093139_667/260316_Day36_WellM10_Channel405nm Binned,561nm Binned,488nm Binned_Seq0165.nd2","260316_Day36_WellM10_Channel405nm Binned,561nm Binned,488nm Binned_Seq0165.nd2",.nd2,49700864,2026-03-16T10:04:18,M10,36,405nm Binned|561nm Binned|488nm Binned,Seq0165,20260316_093139_667,high,,not_requested,,,
"/Users/makennarodriguez/Documents/260213_Feb16recopy_HYdiff_landingpadlines_survival_384well1/20260316_093139_667/260316_Day36_WellM11_Channel405nm Binned,561nm Binned,488nm Binned_Seq0166.nd2","20260316_093139_667/260316_Day36_WellM11_Channel405nm Binned,561nm Binned,488nm Binned_Seq0166.nd2","260316_Day36_WellM11_Channel405nm Binned,561nm Binned,488nm Binned_Seq0166.nd2",.nd2,49700864,2026-03-16T10:04:30,M11,36,405nm Binned|561nm Binned|488nm Binned,Seq0166,20260316_093139_667,high,,not_requested,,,
"/Users/makennarodriguez/Documents/260213_Feb16recopy_HYdiff_landingpadlines_survival_384well1/20260316_093139_667/260316_Day36_WellM12_Channel405nm Binned,561nm Binned,488nm Binned_Seq0167.nd2","20260316_093139_667/260316_Day36_WellM12_Channel405nm Binned,561nm Binned,488nm Binned_Seq0167.nd2","260316_Day36_WellM12_Channel405nm Binned,561nm Binned,488nm Binned_Seq0167.nd2",.nd2,49700864,2026-03-16T10:04:42,M12,36,405nm Binned|561nm Binned|488nm Binned,Seq0167,20260316_093139_667,high,,not_requested,,,
"/Users/makennarodriguez/Documents/260213_Feb16recopy_HYdiff_landingpadlines_survival_384well1/20260316_093139_667/260316_Day36_WellM13_Channel405nm Binned,561nm Binned,488nm Binned_Seq0168.nd2","20260316_093139_667/260316_Day36_WellM13_Channel405nm Binned,561nm Binned,488nm Binned_Seq0168.nd2","260316_Day36_WellM13_Channel405nm Binned,561nm Binned,488nm Binned_Seq0168.nd2",.nd2,49700864,2026-03-16T10:04:54,M13,36,405nm Binned|561nm Binned|488nm Binned,Seq0168,20260316_093139_667,high,,not_requested,,,
"/Users/makennarodriguez/Documents/260213_Feb16recopy_HYdiff_landingpadlines_survival_384well1/20260316_093139_667/260316_Day36_WellM14_Channel405nm Binned,561nm Binned,488nm Binned_Seq0169.nd2","20260316_093139_667/260316_Day36_WellM14_Channel405nm Binned,561nm Binned,488nm Binned_Seq0169.nd2","260316_Day36_WellM14_Channel405nm Binned,561nm Binned,488nm Binned_Seq0169.nd2",.nd2,49700864,2026-03-16T10:05:06,M14,36,405nm Binned|561nm Binned|488nm Binned,Seq0169,20260316_093139_667,high,,not_requested,,,
"/Users/makennarodriguez/Documents/260213_Feb16recopy_HYdiff_landingpadlines_survival_384well1/20260316_093139_667/260316_Day36_WellM15_Channel405nm Binned,561nm Binned,488nm Binned_Seq0170.nd2","20260316_093139_667/260316_Day36_WellM15_Channel405nm Binned,561nm Binned,488nm Binned_Seq0170.nd2","260316_Day36_WellM15_Channel405nm Binned,561nm Binned,488nm Binned_Seq0170.nd2",.nd2,49700864,2026-03-16T10:05:16,M15,36,405nm Binned|561nm Binned|488nm Binned,Seq0170,20260316_093139_667,high,,not_requested,,,
"/Users/makennarodriguez/Documents/260213_Feb16recopy_HYdiff_landingpadlines_survival_384well1/20260316_093139_667/260316_Day36_WellM16_Channel405nm Binned,561nm Binned,488nm Binned_Seq0171.nd2","20260316_093139_667/260316_Day36_WellM16_Channel405nm Binned,561nm Binned,488nm Binned_Seq0171.nd2","260316_Day36_WellM16_Channel405nm Binned,561nm Binned,488nm Binned_Seq0171.nd2",.nd2,49700864,2026-03-16T10:05:28,M16,36,405nm Binned|561nm Binned|488nm Binned,Seq0171,20260316_093139_667,high,,not_requested,,,
"/Users/makennarodriguez/Documents/260213_Feb16recopy_HYdiff_landingpadlines_survival_384well1/20260316_093139_667/260316_Day36_WellM17_Channel405nm Binned,561nm Binned,488nm Binned_Seq0172.nd2","20260316_093139_667/260316_Day36_WellM17_Channel405nm Binned,561nm Binned,488nm Binned_Seq0172.nd2","260316_Day36_WellM17_Channel405nm Binned,561nm Binned,488nm Binned_Seq0172.nd2",.nd2,49700864,2026-03-16T10:05:40,M17,36,405nm Binned|561nm Binned|488nm Binned,Seq0172,20260316_093139_667,high,,not_requested,,,
"/Users/makennarodriguez/Documents/260213_Feb16recopy_HYdiff_landingpadlines_survival_384well1/20260316_093139_667/260316_Day36_WellM18_Channel405nm Binned,561nm Binned,488nm Binned_Seq0173.nd2","20260316_093139_667/260316_Day36_WellM18_Channel405nm Binned,561nm Binned,488nm Binned_Seq0173.nd2","260316_Day36_WellM18_Channel405nm Binned,561nm Binned,488nm Binned_Seq0173.nd2",.nd2,49700864,2026-03-16T10:05:52,M18,36,405nm Binned|561nm Binned|488nm Binned,Seq0173,20260316_093139_667,high,,not_requested,,,
"/Users/makennarodriguez/Documents/260213_Feb16recopy_HYdiff_landingpadlines_survival_384well1/20260316_093139_667/260316_Day36_WellM19_Channel405nm Binned,561nm Binned,488nm Binned_Seq0174.nd2","20260316_093139_667/260316_Day36_WellM19_Channel405nm Binned,561nm Binned,488nm Binned_Seq0174.nd2","260316_Day36_WellM19_Channel405nm Binned,561nm Binned,488nm Binned_Seq0174.nd2",.nd2,49700864,2026-03-16T10:06:04,M19,36,405nm Binned|561nm Binned|488nm Binned,Seq0174,20260316_093139_667,high,,not_requested,,,
"/Users/makennarodriguez/Documents/260213_Feb16recopy_HYdiff_landingpadlines_survival_384well1/20260316_093139_667/260316_Day36_WellM20_Channel405nm Binned,561nm Binned,488nm Binned_Seq0175.nd2","20260316_093139_667/260316_Day36_WellM20_Channel405nm Binned,561nm Binned,488nm Binned_Seq0175.nd2","260316_Day36_WellM20_Channel405nm Binned,561nm Binned,488nm Binned_Seq0175.nd2",.nd2,49700864,2026-03-16T10:06:16,M20,36,405nm Binned|561nm Binned|488nm Binned,Seq0175,20260316_093139_667,high,,not_requested,,,
"/Users/makennarodriguez/Documents/260213_Feb16recopy_HYdiff_landingpadlines_survival_384well1/20260316_093139_667/260316_Day36_WellN05_Channel405nm Binned,561nm Binned,488nm Binned_Seq0176.nd2","20260316_093139_667/260316_Day36_WellN05_Channel405nm Binned,561nm Binned,488nm Binned_Seq0176.nd2","260316_Day36_WellN05_Channel405nm Binned,561nm Binned,488nm Binned_Seq0176.nd2",.nd2,49700864,2026-03-16T10:06:30,N05,36,405nm Binned|561nm Binned|488nm Binned,Seq0176,20260316_093139_667,high,,not_requested,,,
"/Users/makennarodriguez/Documents/260213_Feb16recopy_HYdiff_landingpadlines_survival_384well1/20260316_093139_667/260316_Day36_WellN06_Channel405nm Binned,561nm Binned,488nm Binned_Seq0177.nd2","20260316_093139_667/260316_Day36_WellN06_Channel405nm Binned,561nm Binned,488nm Binned_Seq0177.nd2","260316_Day36_WellN06_Channel405nm Binned,561nm Binned,488nm Binned_Seq0177.nd2",.nd2,49700864,2026-03-16T10:06:42,N06,36,405nm Binned|561nm Binned|488nm Binned,Seq0177,20260316_093139_667,high,,not_requested,,,
"/Users/makennarodriguez/Documents/260213_Feb16recopy_HYdiff_landingpadlines_survival_384well1/20260316_093139_667/260316_Day36_WellN07_Channel405nm Binned,561nm Binned,488nm Binned_Seq0178.nd2","20260316_093139_667/260316_Day36_WellN07_Channel405nm Binned,561nm Binned,488nm Binned_Seq0178.nd2","260316_Day36_WellN07_Channel405nm Binned,561nm Binned,488nm Binned_Seq0178.nd2",.nd2,49700864,2026-03-16T10:06:54,N07,36,405nm Binned|561nm Binned|488nm Binned,Seq0178,20260316_093139_667,high,,not_requested,,,
"/Users/makennarodriguez/Documents/260213_Feb16recopy_HYdiff_landingpadlines_survival_384well1/20260316_093139_667/260316_Day36_WellN08_Channel405nm Binned,561nm Binned,488nm Binned_Seq0179.nd2","20260316_093139_667/260316_Day36_WellN08_Channel405nm Binned,561nm Binned,488nm Binned_Seq0179.nd2","260316_Day36_WellN08_Channel405nm Binned,561nm Binned,488nm Binned_Seq0179.nd2",.nd2,49700864,2026-03-16T10:07:04,N08,36,405nm Binned|561nm Binned|488nm Binned,Seq0179,20260316_093139_667,high,,not_requested,,,
"/Users/makennarodriguez/Documents/260213_Feb16recopy_HYdiff_landingpadlines_survival_384well1/20260316_093139_667/260316_Day36_WellN09_Channel405nm Binned,561nm Binned,488nm Binned_Seq0180.nd2","20260316_093139_667/260316_Day36_WellN09_Channel405nm Binned,561nm Binned,488nm Binned_Seq0180.nd2","260316_Day36_WellN09_Channel405nm Binned,561nm Binned,488nm Binned_Seq0180.nd2",.nd2,49700864,2026-03-16T10:07:16,N09,36,405nm Binned|561nm Binned|488nm Binned,Seq0180,20260316_093139_667,high,,not_requested,,,
"/Users/makennarodriguez/Documents/260213_Feb16recopy_HYdiff_landingpadlines_survival_384well1/20260316_093139_667/260316_Day36_WellN10_Channel405nm Binned,561nm Binned,488nm Binned_Seq0181.nd2","20260316_093139_667/260316_Day36_WellN10_Channel405nm Binned,561nm Binned,488nm Binned_Seq0181.nd2","260316_Day36_WellN10_Channel405nm Binned,561nm Binned,488nm Binned_Seq0181.nd2",.nd2,49700864,2026-03-16T10:07:28,N10,36,405nm Binned|561nm Binned|488nm Binned,Seq0181,20260316_093139_667,high,,not_requested,,,
"/Users/makennarodriguez/Documents/260213_Feb16recopy_HYdiff_landingpadlines_survival_384well1/20260316_093139_667/260316_Day36_WellN11_Channel405nm Binned,561nm Binned,488nm Binned_Seq0182.nd2","20260316_093139_667/260316_Day36_WellN11_Channel405nm Binned,561nm Binned,488nm Binned_Seq0182.nd2","260316_Day36_WellN11_Channel405nm Binned,561nm Binned,488nm Binned_Seq0182.nd2",.nd2,49700864,2026-03-16T10:07:40,N11,36,405nm Binned|561nm Binned|488nm Binned,Seq0182,20260316_093139_667,high,,not_requested,,,
"/Users/makennarodriguez/Documents/260213_Feb16recopy_HYdiff_landingpadlines_survival_384well1/20260316_093139_667/260316_Day36_WellN12_Channel405nm Binned,561nm Binned,488nm Binned_Seq0183.nd2","20260316_093139_667/260316_Day36_WellN12_Channel405nm Binned,561nm Binned,488nm Binned_Seq0183.nd2","260316_Day36_WellN12_Channel405nm Binned,561nm Binned,488nm Binned_Seq0183.nd2",.nd2,49700864,2026-03-16T10:07:52,N12,36,405nm Binned|561nm Binned|488nm Binned,Seq0183,20260316_093139_667,high,,not_requested,,,
"/Users/makennarodriguez/Documents/260213_Feb16recopy_HYdiff_landingpadlines_survival_384well1/20260316_093139_667/260316_Day36_WellN13_Channel405nm Binned,561nm Binned,488nm Binned_Seq0184.nd2","20260316_093139_667/260316_Day36_WellN13_Channel405nm Binned,561nm Binned,488nm Binned_Seq0184.nd2","260316_Day36_WellN13_Channel405nm Binned,561nm Binned,488nm Binned_Seq0184.nd2",.nd2,49700864,2026-03-16T10:08:02,N13,36,405nm Binned|561nm Binned|488nm Binned,Seq0184,20260316_093139_667,high,,not_requested,,,
"/Users/makennarodriguez/Documents/260213_Feb16recopy_HYdiff_landingpadlines_survival_384well1/20260316_093139_667/260316_Day36_WellN14_Channel405nm Binned,561nm Binned,488nm Binned_Seq0185.nd2","20260316_093139_667/260316_Day36_WellN14_Channel405nm Binned,561nm Binned,488nm Binned_Seq0185.nd2","260316_Day36_WellN14_Channel405nm Binned,561nm Binned,488nm Binned_Seq0185.nd2",.nd2,49700864,2026-03-16T10:08:14,N14,36,405nm Binned|561nm Binned|488nm Binned,Seq0185,20260316_093139_667,high,,not_requested,,,
"/Users/makennarodriguez/Documents/260213_Feb16recopy_HYdiff_landingpadlines_survival_384well1/20260316_093139_667/260316_Day36_WellN15_Channel405nm Binned,561nm Binned,488nm Binned_Seq0186.nd2","20260316_093139_667/260316_Day36_WellN15_Channel405nm Binned,561nm Binned,488nm Binned_Seq0186.nd2","260316_Day36_WellN15_Channel405nm Binned,561nm Binned,488nm Binned_Seq0186.nd2",.nd2,49700864,2026-03-16T10:08:26,N15,36,405nm Binned|561nm Binned|488nm Binned,Seq0186,20260316_093139_667,high,,not_requested,,,
"/Users/makennarodriguez/Documents/260213_Feb16recopy_HYdiff_landingpadlines_survival_384well1/20260316_093139_667/260316_Day36_WellN16_Channel405nm Binned,561nm Binned,488nm Binned_Seq0187.nd2","20260316_093139_667/260316_Day36_WellN16_Channel405nm Binned,561nm Binned,488nm Binned_Seq0187.nd2","260316_Day36_WellN16_Channel405nm Binned,561nm Binned,488nm Binned_Seq0187.nd2",.nd2,49700864,2026-03-16T10:08:38,N16,36,405nm Binned|561nm Binned|488nm Binned,Seq0187,20260316_093139_667,high,,not_requested,,,
"/Users/makennarodriguez/Documents/260213_Feb16recopy_HYdiff_landingpadlines_survival_384well1/20260316_093139_667/260316_Day36_WellN17_Channel405nm Binned,561nm Binned,488nm Binned_Seq0188.nd2","20260316_093139_667/260316_Day36_WellN17_Channel405nm Binned,561nm Binned,488nm Binned_Seq0188.nd2","260316_Day36_WellN17_Channel405nm Binned,561nm Binned,488nm Binned_Seq0188.nd2",.nd2,49700864,2026-03-16T10:08:50,N17,36,405nm Binned|561nm Binned|488nm Binned,Seq0188,20260316_093139_667,high,,not_requested,,,
"/Users/makennarodriguez/Documents/260213_Feb16recopy_HYdiff_landingpadlines_survival_384well1/20260316_093139_667/260316_Day36_WellN18_Channel405nm Binned,561nm Binned,488nm Binned_Seq0189.nd2","20260316_093139_667/260316_Day36_WellN18_Channel405nm Binned,561nm Binned,488nm Binned_Seq0189.nd2","260316_Day36_WellN18_Channel405nm Binned,561nm Binned,488nm Binned_Seq0189.nd2",.nd2,49700864,2026-03-16T10:09:02,N18,36,405nm Binned|561nm Binned|488nm Binned,Seq0189,20260316_093139_667,high,,not_requested,,,
"/Users/makennarodriguez/Documents/260213_Feb16recopy_HYdiff_landingpadlines_survival_384well1/20260316_093139_667/260316_Day36_WellN19_Channel405nm Binned,561nm Binned,488nm Binned_Seq0190.nd2","20260316_093139_667/260316_Day36_WellN19_Channel405nm Binned,561nm Binned,488nm Binned_Seq0190.nd2","260316_Day36_WellN19_Channel405nm Binned,561nm Binned,488nm Binned_Seq0190.nd2",.nd2,49700864,2026-03-16T10:09:12,N19,36,405nm Binned|561nm Binned|488nm Binned,Seq0190,20260316_093139_667,high,,not_requested,,,
"/Users/makennarodriguez/Documents/260213_Feb16recopy_HYdiff_landingpadlines_survival_384well1/20260316_093139_667/260316_Day36_WellN20_Channel405nm Binned,561nm Binned,488nm Binned_Seq0191.nd2","20260316_093139_667/260316_Day36_WellN20_Channel405nm Binned,561nm Binned,488nm Binned_Seq0191.nd2","260316_Day36_WellN20_Channel405nm Binned,561nm Binned,488nm Binned_Seq0191.nd2",.nd2,49700864,2026-03-16T10:09:24,N20,36,405nm Binned|561nm Binned|488nm Binned,Seq0191,20260316_093139_667,high,,not_requested,,,
"/Users/makennarodriguez/Documents/260213_Feb16recopy_HYdiff_landingpadlines_survival_384well1/20260319_083746_585/260319_Day39_WellC05_Channel405nm Binned,561nm Binned,488nm Binned_Seq0000.nd2","20260319_083746_585/260319_Day39_WellC05_Channel405nm Binned,561nm Binned,488nm Binned_Seq0000.nd2","260319_Day39_WellC05_Channel405nm Binned,561nm Binned,488nm Binned_Seq0000.nd2",.nd2,49692672,2026-03-19T08:38:32,C05,39,405nm Binned|561nm Binned|488nm Binned,Seq0000,20260319_083746_585,high,,not_requested,,,
"/Users/makennarodriguez/Documents/260213_Feb16recopy_HYdiff_landingpadlines_survival_384well1/20260319_083746_585/260319_Day39_WellC06_Channel405nm Binned,561nm Binned,488nm Binned_Seq0001.nd2","20260319_083746_585/260319_Day39_WellC06_Channel405nm Binned,561nm Binned,488nm Binned_Seq0001.nd2","260319_Day39_WellC06_Channel405nm Binned,561nm Binned,488nm Binned_Seq0001.nd2",.nd2,49692672,2026-03-19T08:38:42,C06,39,405nm Binned|561nm Binned|488nm Binned,Seq0001,20260319_083746_585,high,,not_requested,,,
"/Users/makennarodriguez/Documents/260213_Feb16recopy_HYdiff_landingpadlines_survival_384well1/20260319_083746_585/260319_Day39_WellC07_Channel405nm Binned,561nm Binned,488nm Binned_Seq0002.nd2","20260319_083746_585/260319_Day39_WellC07_Channel405nm Binned,561nm Binned,488nm Binned_Seq0002.nd2","260319_Day39_WellC07_Channel405nm Binned,561nm Binned,488nm Binned_Seq0002.nd2",.nd2,49692672,2026-03-19T08:38:52,C07,39,405nm Binned|561nm Binned|488nm Binned,Seq0002,20260319_083746_585,high,,not_requested,,,
"/Users/makennarodriguez/Documents/260213_Feb16recopy_HYdiff_landingpadlines_survival_384well1/20260319_083746_585/260319_Day39_WellC08_Channel405nm Binned,561nm Binned,488nm Binned_Seq0003.nd2","20260319_083746_585/260319_Day39_WellC08_Channel405nm Binned,561nm Binned,488nm Binned_Seq0003.nd2","260319_Day39_WellC08_Channel405nm Binned,561nm Binned,488nm Binned_Seq0003.nd2",.nd2,49692672,2026-03-19T08:39:02,C08,39,405nm Binned|561nm Binned|488nm Binned,Seq0003,20260319_083746_585,high,,not_requested,,,
"/Users/makennarodriguez/Documents/260213_Feb16recopy_HYdiff_landingpadlines_survival_384well1/20260319_083746_585/260319_Day39_WellC09_Channel405nm Binned,561nm Binned,488nm Binned_Seq0004.nd2","20260319_083746_585/260319_Day39_WellC09_Channel405nm Binned,561nm Binned,488nm Binned_Seq0004.nd2","260319_Day39_WellC09_Channel405nm Binned,561nm Binned,488nm Binned_Seq0004.nd2",.nd2,49692672,2026-03-19T08:39:14,C09,39,405nm Binned|561nm Binned|488nm Binned,Seq0004,20260319_083746_585,high,,not_requested,,,
"/Users/makennarodriguez/Documents/260213_Feb16recopy_HYdiff_landingpadlines_survival_384well1/20260319_083746_585/260319_Day39_WellC10_Channel405nm Binned,561nm Binned,488nm Binned_Seq0005.nd2","20260319_083746_585/260319_Day39_WellC10_Channel405nm Binned,561nm Binned,488nm Binned_Seq0005.nd2","260319_Day39_WellC10_Channel405nm Binned,561nm Binned,488nm Binned_Seq0005.nd2",.nd2,49692672,2026-03-19T08:39:26,C10,39,405nm Binned|561nm Binned|488nm Binned,Seq0005,20260319_083746_585,high,,not_requested,,,
"/Users/makennarodriguez/Documents/260213_Feb16recopy_HYdiff_landingpadlines_survival_384well1/20260319_083746_585/260319_Day39_WellC11_Channel405nm Binned,561nm Binned,488nm Binned_Seq0006.nd2","20260319_083746_585/260319_Day39_WellC11_Channel405nm Binned,561nm Binned,488nm Binned_Seq0006.nd2","260319_Day39_WellC11_Channel405nm Binned,561nm Binned,488nm Binned_Seq0006.nd2",.nd2,49692672,2026-03-19T08:39:36,C11,39,405nm Binned|561nm Binned|488nm Binned,Seq0006,20260319_083746_585,high,,not_requested,,,
"/Users/makennarodriguez/Documents/260213_Feb16recopy_HYdiff_landingpadlines_survival_384well1/20260319_083746_585/260319_Day39_WellC12_Channel405nm Binned,561nm Binned,488nm Binned_Seq0007.nd2","20260319_083746_585/260319_Day39_WellC12_Channel405nm Binned,561nm Binned,488nm Binned_Seq0007.nd2","260319_Day39_WellC12_Channel405nm Binned,561nm Binned,488nm Binned_Seq0007.nd2",.nd2,49692672,2026-03-19T08:39:48,C12,39,405nm Binned|561nm Binned|488nm Binned,Seq0007,20260319_083746_585,high,,not_requested,,,
"/Users/makennarodriguez/Documents/260213_Feb16recopy_HYdiff_landingpadlines_survival_384well1/20260319_083746_585/260319_Day39_WellC13_Channel405nm Binned,561nm Binned,488nm Binned_Seq0008.nd2","20260319_083746_585/260319_Day39_WellC13_Channel405nm Binned,561nm Binned,488nm Binned_Seq0008.nd2","260319_Day39_WellC13_Channel405nm Binned,561nm Binned,488nm Binned_Seq0008.nd2",.nd2,49692672,2026-03-19T08:40:00,C13,39,405nm Binned|561nm Binned|488nm Binned,Seq0008,20260319_083746_585,high,,not_requested,,,
"/Users/makennarodriguez/Documents/260213_Feb16recopy_HYdiff_landingpadlines_survival_384well1/20260319_083746_585/260319_Day39_WellC14_Channel405nm Binned,561nm Binned,488nm Binned_Seq0009.nd2","20260319_083746_585/260319_Day39_WellC14_Channel405nm Binned,561nm Binned,488nm Binned_Seq0009.nd2","260319_Day39_WellC14_Channel405nm Binned,561nm Binned,488nm Binned_Seq0009.nd2",.nd2,49692672,2026-03-19T08:40:10,C14,39,405nm Binned|561nm Binned|488nm Binned,Seq0009,20260319_083746_585,high,,not_requested,,,
"/Users/makennarodriguez/Documents/260213_Feb16recopy_HYdiff_landingpadlines_survival_384well1/20260319_083746_585/260319_Day39_WellC15_Channel405nm Binned,561nm Binned,488nm Binned_Seq0010.nd2","20260319_083746_585/260319_Day39_WellC15_Channel405nm Binned,561nm Binned,488nm Binned_Seq0010.nd2","260319_Day39_WellC15_Channel405nm Binned,561nm Binned,488nm Binned_Seq0010.nd2",.nd2,49692672,2026-03-19T08:40:22,C15,39,405nm Binned|561nm Binned|488nm Binned,Seq0010,20260319_083746_585,high,,not_requested,,,
"/Users/makennarodriguez/Documents/260213_Feb16recopy_HYdiff_landingpadlines_survival_384well1/20260319_083746_585/260319_Day39_WellC16_Channel405nm Binned,561nm Binned,488nm Binned_Seq0011.nd2","20260319_083746_585/260319_Day39_WellC16_Channel405nm Binned,561nm Binned,488nm Binned_Seq0011.nd2","260319_Day39_WellC16_Channel405nm Binned,561nm Binned,488nm Binned_Seq0011.nd2",.nd2,49692672,2026-03-19T08:40:34,C16,39,405nm Binned|561nm Binned|488nm Binned,Seq0011,20260319_083746_585,high,,not_requested,,,
"/Users/makennarodriguez/Documents/260213_Feb16recopy_HYdiff_landingpadlines_survival_384well1/20260319_083746_585/260319_Day39_WellC17_Channel405nm Binned,561nm Binned,488nm Binned_Seq0012.nd2","20260319_083746_585/260319_Day39_WellC17_Channel405nm Binned,561nm Binned,488nm Binned_Seq0012.nd2","260319_Day39_WellC17_Channel405nm Binned,561nm Binned,488nm Binned_Seq0012.nd2",.nd2,49692672,2026-03-19T08:40:46,C17,39,405nm Binned|561nm Binned|488nm Binned,Seq0012,20260319_083746_585,high,,not_requested,,,
"/Users/makennarodriguez/Documents/260213_Feb16recopy_HYdiff_landingpadlines_survival_384well1/20260319_083746_585/260319_Day39_WellC18_Channel405nm Binned,561nm Binned,488nm Binned_Seq0013.nd2","20260319_083746_585/260319_Day39_WellC18_Channel405nm Binned,561nm Binned,488nm Binned_Seq0013.nd2","260319_Day39_WellC18_Channel405nm Binned,561nm Binned,488nm Binned_Seq0013.nd2",.nd2,49692672,2026-03-19T08:40:58,C18,39,405nm Binned|561nm Binned|488nm Binned,Seq0013,20260319_083746_585,high,,not_requested,,,
"/Users/makennarodriguez/Documents/260213_Feb16recopy_HYdiff_landingpadlines_survival_384well1/20260319_083746_585/260319_Day39_WellC19_Channel405nm Binned,561nm Binned,488nm Binned_Seq0014.nd2","20260319_083746_585/260319_Day39_WellC19_Channel405nm Binned,561nm Binned,488nm Binned_Seq0014.nd2","260319_Day39_WellC19_Channel405nm Binned,561nm Binned,488nm Binned_Seq0014.nd2",.nd2,49692672,2026-03-19T08:41:10,C19,39,405nm Binned|561nm Binned|488nm Binned,Seq0014,20260319_083746_585,high,,not_requested,,,
"/Users/makennarodriguez/Documents/260213_Feb16recopy_HYdiff_landingpadlines_survival_384well1/20260319_083746_585/260319_Day39_WellC20_Channel405nm Binned,561nm Binned,488nm Binned_Seq0015.nd2","20260319_083746_585/260319_Day39_WellC20_Channel405nm Binned,561nm Binned,488nm Binned_Seq0015.nd2","260319_Day39_WellC20_Channel405nm Binned,561nm Binned,488nm Binned_Seq0015.nd2",.nd2,49692672,2026-03-19T08:41:20,C20,39,405nm Binned|561nm Binned|488nm Binned,Seq0015,20260319_083746_585,high,,not_requested,,,
"/Users/makennarodriguez/Documents/260213_Feb16recopy_HYdiff_landingpadlines_survival_384well1/20260319_083746_585/260319_Day39_WellD05_Channel405nm Binned,561nm Binned,488nm Binned_Seq0016.nd2","20260319_083746_585/260319_Day39_WellD05_Channel405nm Binned,561nm Binned,488nm Binned_Seq0016.nd2","260319_Day39_WellD05_Channel405nm Binned,561nm Binned,488nm Binned_Seq0016.nd2",.nd2,49692672,2026-03-19T08:41:36,D05,39,405nm Binned|561nm Binned|488nm Binned,Seq0016,20260319_083746_585,high,,not_requested,,,
"/Users/makennarodriguez/Documents/260213_Feb16recopy_HYdiff_landingpadlines_survival_384well1/20260319_083746_585/260319_Day39_WellD06_Channel405nm Binned,561nm Binned,488nm Binned_Seq0017.nd2","20260319_083746_585/260319_Day39_WellD06_Channel405nm Binned,561nm Binned,488nm Binned_Seq0017.nd2","260319_Day39_WellD06_Channel405nm Binned,561nm Binned,488nm Binned_Seq0017.nd2",.nd2,49692672,2026-03-19T08:41:46,D06,39,405nm Binned|561nm Binned|488nm Binned,Seq0017,20260319_083746_585,high,,not_requested,,,
"/Users/makennarodriguez/Documents/260213_Feb16recopy_HYdiff_landingpadlines_survival_384well1/20260319_083746_585/260319_Day39_WellD07_Channel405nm Binned,561nm Binned,488nm Binned_Seq0018.nd2","20260319_083746_585/260319_Day39_WellD07_Channel405nm Binned,561nm Binned,488nm Binned_Seq0018.nd2","260319_Day39_WellD07_Channel405nm Binned,561nm Binned,488nm Binned_Seq0018.nd2",.nd2,49692672,2026-03-19T08:41:58,D07,39,405nm Binned|561nm Binned|488nm Binned,Seq0018,20260319_083746_585,high,,not_requested,,,
"/Users/makennarodriguez/Documents/260213_Feb16recopy_HYdiff_landingpadlines_survival_384well1/20260319_083746_585/260319_Day39_WellD08_Channel405nm Binned,561nm Binned,488nm Binned_Seq0019.nd2","20260319_083746_585/260319_Day39_WellD08_Channel405nm Binned,561nm Binned,488nm Binned_Seq0019.nd2","260319_Day39_WellD08_Channel405nm Binned,561nm Binned,488nm Binned_Seq0019.nd2",.nd2,49692672,2026-03-19T08:42:10,D08,39,405nm Binned|561nm Binned|488nm Binned,Seq0019,20260319_083746_585,high,,not_requested,,,
"/Users/makennarodriguez/Documents/260213_Feb16recopy_HYdiff_landingpadlines_survival_384well1/20260319_083746_585/260319_Day39_WellD09_Channel405nm Binned,561nm Binned,488nm Binned_Seq0020.nd2","20260319_083746_585/260319_Day39_WellD09_Channel405nm Binned,561nm Binned,488nm Binned_Seq0020.nd2","260319_Day39_WellD09_Channel405nm Binned,561nm Binned,488nm Binned_Seq0020.nd2",.nd2,49692672,2026-03-19T08:42:22,D09,39,405nm Binned|561nm Binned|488nm Binned,Seq0020,20260319_083746_585,high,,not_requested,,,
"/Users/makennarodriguez/Documents/260213_Feb16recopy_HYdiff_landingpadlines_survival_384well1/20260319_083746_585/260319_Day39_WellD10_Channel405nm Binned,561nm Binned,488nm Binned_Seq0021.nd2","20260319_083746_585/260319_Day39_WellD10_Channel405nm Binned,561nm Binned,488nm Binned_Seq0021.nd2","260319_Day39_WellD10_Channel405nm Binned,561nm Binned,488nm Binned_Seq0021.nd2",.nd2,49692672,2026-03-19T08:42:32,D10,39,405nm Binned|561nm Binned|488nm Binned,Seq0021,20260319_083746_585,high,,not_requested,,,
"/Users/makennarodriguez/Documents/260213_Feb16recopy_HYdiff_landingpadlines_survival_384well1/20260319_083746_585/260319_Day39_WellD11_Channel405nm Binned,561nm Binned,488nm Binned_Seq0022.nd2","20260319_083746_585/260319_Day39_WellD11_Channel405nm Binned,561nm Binned,488nm Binned_Seq0022.nd2","260319_Day39_WellD11_Channel405nm Binned,561nm Binned,488nm Binned_Seq0022.nd2",.nd2,49692672,2026-03-19T08:42:44,D11,39,405nm Binned|561nm Binned|488nm Binned,Seq0022,20260319_083746_585,high,,not_requested,,,
"/Users/makennarodriguez/Documents/260213_Feb16recopy_HYdiff_landingpadlines_survival_384well1/20260319_083746_585/260319_Day39_WellD12_Channel405nm Binned,561nm Binned,488nm Binned_Seq0023.nd2","20260319_083746_585/260319_Day39_WellD12_Channel405nm Binned,561nm Binned,488nm Binned_Seq0023.nd2","260319_Day39_WellD12_Channel405nm Binned,561nm Binned,488nm Binned_Seq0023.nd2",.nd2,49692672,2026-03-19T08:42:56,D12,39,405nm Binned|561nm Binned|488nm Binned,Seq0023,20260319_083746_585,high,,not_requested,,,
"/Users/makennarodriguez/Documents/260213_Feb16recopy_HYdiff_landingpadlines_survival_384well1/20260319_083746_585/260319_Day39_WellD13_Channel405nm Binned,561nm Binned,488nm Binned_Seq0024.nd2","20260319_083746_585/260319_Day39_WellD13_Channel405nm Binned,561nm Binned,488nm Binned_Seq0024.nd2","260319_Day39_WellD13_Channel405nm Binned,561nm Binned,488nm Binned_Seq0024.nd2",.nd2,49692672,2026-03-19T08:43:06,D13,39,405nm Binned|561nm Binned|488nm Binned,Seq0024,20260319_083746_585,high,,not_requested,,,
"/Users/makennarodriguez/Documents/260213_Feb16recopy_HYdiff_landingpadlines_survival_384well1/20260319_083746_585/260319_Day39_WellD14_Channel405nm Binned,561nm Binned,488nm Binned_Seq0025.nd2","20260319_083746_585/260319_Day39_WellD14_Channel405nm Binned,561nm Binned,488nm Binned_Seq0025.nd2","260319_Day39_WellD14_Channel405nm Binned,561nm Binned,488nm Binned_Seq0025.nd2",.nd2,49692672,2026-03-19T08:43:18,D14,39,405nm Binned|561nm Binned|488nm Binned,Seq0025,20260319_083746_585,high,,not_requested,,,
"/Users/makennarodriguez/Documents/260213_Feb16recopy_HYdiff_landingpadlines_survival_384well1/20260319_083746_585/260319_Day39_WellD15_Channel405nm Binned,561nm Binned,488nm Binned_Seq0026.nd2","20260319_083746_585/260319_Day39_WellD15_Channel405nm Binned,561nm Binned,488nm Binned_Seq0026.nd2","260319_Day39_WellD15_Channel405nm Binned,561nm Binned,488nm Binned_Seq0026.nd2",.nd2,49692672,2026-03-19T08:43:30,D15,39,405nm Binned|561nm Binned|488nm Binned,Seq0026,20260319_083746_585,high,,not_requested,,,
"/Users/makennarodriguez/Documents/260213_Feb16recopy_HYdiff_landingpadlines_survival_384well1/20260319_083746_585/260319_Day39_WellD16_Channel405nm Binned,561nm Binned,488nm Binned_Seq0027.nd2","20260319_083746_585/260319_Day39_WellD16_Channel405nm Binned,561nm Binned,488nm Binned_Seq0027.nd2","260319_Day39_WellD16_Channel405nm Binned,561nm Binned,488nm Binned_Seq0027.nd2",.nd2,49692672,2026-03-19T08:43:42,D16,39,405nm Binned|561nm Binned|488nm Binned,Seq0027,20260319_083746_585,high,,not_requested,,,
"/Users/makennarodriguez/Documents/260213_Feb16recopy_HYdiff_landingpadlines_survival_384well1/20260319_083746_585/260319_Day39_WellD17_Channel405nm Binned,561nm Binned,488nm Binned_Seq0028.nd2","20260319_083746_585/260319_Day39_WellD17_Channel405nm Binned,561nm Binned,488nm Binned_Seq0028.nd2","260319_Day39_WellD17_Channel405nm Binned,561nm Binned,488nm Binned_Seq0028.nd2",.nd2,49692672,2026-03-19T08:43:54,D17,39,405nm Binned|561nm Binned|488nm Binned,Seq0028,20260319_083746_585,high,,not_requested,,,
"/Users/makennarodriguez/Documents/260213_Feb16recopy_HYdiff_landingpadlines_survival_384well1/20260319_083746_585/260319_Day39_WellD18_Channel405nm Binned,561nm Binned,488nm Binned_Seq0029.nd2","20260319_083746_585/260319_Day39_WellD18_Channel405nm Binned,561nm Binned,488nm Binned_Seq0029.nd2","260319_Day39_WellD18_Channel405nm Binned,561nm Binned,488nm Binned_Seq0029.nd2",.nd2,49692672,2026-03-19T08:44:04,D18,39,405nm Binned|561nm Binned|488nm Binned,Seq0029,20260319_083746_585,high,,not_requested,,,
"/Users/makennarodriguez/Documents/260213_Feb16recopy_HYdiff_landingpadlines_survival_384well1/20260319_083746_585/260319_Day39_WellD19_Channel405nm Binned,561nm Binned,488nm Binned_Seq0030.nd2","20260319_083746_585/260319_Day39_WellD19_Channel405nm Binned,561nm Binned,488nm Binned_Seq0030.nd2","260319_Day39_WellD19_Channel405nm Binned,561nm Binned,488nm Binned_Seq0030.nd2",.nd2,49692672,2026-03-19T08:44:16,D19,39,405nm Binned|561nm Binned|488nm Binned,Seq0030,20260319_083746_585,high,,not_requested,,,
"/Users/makennarodriguez/Documents/260213_Feb16recopy_HYdiff_landingpadlines_survival_384well1/20260319_083746_585/260319_Day39_WellD20_Channel405nm Binned,561nm Binned,488nm Binned_Seq0031.nd2","20260319_083746_585/260319_Day39_WellD20_Channel405nm Binned,561nm Binned,488nm Binned_Seq0031.nd2","260319_Day39_WellD20_Channel405nm Binned,561nm Binned,488nm Binned_Seq0031.nd2",.nd2,49692672,2026-03-19T08:44:28,D20,39,405nm Binned|561nm Binned|488nm Binned,Seq0031,20260319_083746_585,high,,not_requested,,,
"/Users/makennarodriguez/Documents/260213_Feb16recopy_HYdiff_landingpadlines_survival_384well1/20260319_083746_585/260319_Day39_WellE05_Channel405nm Binned,561nm Binned,488nm Binned_Seq0032.nd2","20260319_083746_585/260319_Day39_WellE05_Channel405nm Binned,561nm Binned,488nm Binned_Seq0032.nd2","260319_Day39_WellE05_Channel405nm Binned,561nm Binned,488nm Binned_Seq0032.nd2",.nd2,49692672,2026-03-19T08:44:42,E05,39,405nm Binned|561nm Binned|488nm Binned,Seq0032,20260319_083746_585,high,,not_requested,,,
"/Users/makennarodriguez/Documents/260213_Feb16recopy_HYdiff_landingpadlines_survival_384well1/20260319_083746_585/260319_Day39_WellE06_Channel405nm Binned,561nm Binned,488nm Binned_Seq0033.nd2","20260319_083746_585/260319_Day39_WellE06_Channel405nm Binned,561nm Binned,488nm Binned_Seq0033.nd2","260319_Day39_WellE06_Channel405nm Binned,561nm Binned,488nm Binned_Seq0033.nd2",.nd2,49692672,2026-03-19T08:44:54,E06,39,405nm Binned|561nm Binned|488nm Binned,Seq0033,20260319_083746_585,high,,not_requested,,,
"/Users/makennarodriguez/Documents/260213_Feb16recopy_HYdiff_landingpadlines_survival_384well1/20260319_083746_585/260319_Day39_WellE07_Channel405nm Binned,561nm Binned,488nm Binned_Seq0034.nd2","20260319_083746_585/260319_Day39_WellE07_Channel405nm Binned,561nm Binned,488nm Binned_Seq0034.nd2","260319_Day39_WellE07_Channel405nm Binned,561nm Binned,488nm Binned_Seq0034.nd2",.nd2,49692672,2026-03-19T08:45:06,E07,39,405nm Binned|561nm Binned|488nm Binned,Seq0034,20260319_083746_585,high,,not_requested,,,
"/Users/makennarodriguez/Documents/260213_Feb16recopy_HYdiff_landingpadlines_survival_384well1/20260319_083746_585/260319_Day39_WellE08_Channel405nm Binned,561nm Binned,488nm Binned_Seq0035.nd2","20260319_083746_585/260319_Day39_WellE08_Channel405nm Binned,561nm Binned,488nm Binned_Seq0035.nd2","260319_Day39_WellE08_Channel405nm Binned,561nm Binned,488nm Binned_Seq0035.nd2",.nd2,49692672,2026-03-19T08:45:16,E08,39,405nm Binned|561nm Binned|488nm Binned,Seq0035,20260319_083746_585,high,,not_requested,,,
"/Users/makennarodriguez/Documents/260213_Feb16recopy_HYdiff_landingpadlines_survival_384well1/20260319_083746_585/260319_Day39_WellE09_Channel405nm Binned,561nm Binned,488nm Binned_Seq0036.nd2","20260319_083746_585/260319_Day39_WellE09_Channel405nm Binned,561nm Binned,488nm Binned_Seq0036.nd2","260319_Day39_WellE09_Channel405nm Binned,561nm Binned,488nm Binned_Seq0036.nd2",.nd2,49692672,2026-03-19T08:45:28,E09,39,405nm Binned|561nm Binned|488nm Binned,Seq0036,20260319_083746_585,high,,not_requested,,,
"/Users/makennarodriguez/Documents/260213_Feb16recopy_HYdiff_landingpadlines_survival_384well1/20260319_083746_585/260319_Day39_WellE10_Channel405nm Binned,561nm Binned,488nm Binned_Seq0037.nd2","20260319_083746_585/260319_Day39_WellE10_Channel405nm Binned,561nm Binned,488nm Binned_Seq0037.nd2","260319_Day39_WellE10_Channel405nm Binned,561nm Binned,488nm Binned_Seq0037.nd2",.nd2,49692672,2026-03-19T08:45:40,E10,39,405nm Binned|561nm Binned|488nm Binned,Seq0037,20260319_083746_585,high,,not_requested,,,
"/Users/makennarodriguez/Documents/260213_Feb16recopy_HYdiff_landingpadlines_survival_384well1/20260319_083746_585/260319_Day39_WellE11_Channel405nm Binned,561nm Binned,488nm Binned_Seq0038.nd2","20260319_083746_585/260319_Day39_WellE11_Channel405nm Binned,561nm Binned,488nm Binned_Seq0038.nd2","260319_Day39_WellE11_Channel405nm Binned,561nm Binned,488nm Binned_Seq0038.nd2",.nd2,49692672,2026-03-19T08:45:52,E11,39,405nm Binned|561nm Binned|488nm Binned,Seq0038,20260319_083746_585,high,,not_requested,,,
"/Users/makennarodriguez/Documents/260213_Feb16recopy_HYdiff_landingpadlines_survival_384well1/20260319_083746_585/260319_Day39_WellE12_Channel405nm Binned,561nm Binned,488nm Binned_Seq0039.nd2","20260319_083746_585/260319_Day39_WellE12_Channel405nm Binned,561nm Binned,488nm Binned_Seq0039.nd2","260319_Day39_WellE12_Channel405nm Binned,561nm Binned,488nm Binned_Seq0039.nd2",.nd2,49692672,2026-03-19T08:46:04,E12,39,405nm Binned|561nm Binned|488nm Binned,Seq0039,20260319_083746_585,high,,not_requested,,,
"/Users/makennarodriguez/Documents/260213_Feb16recopy_HYdiff_landingpadlines_survival_384well1/20260319_083746_585/260319_Day39_WellE13_Channel405nm Binned,561nm Binned,488nm Binned_Seq0040.nd2","20260319_083746_585/260319_Day39_WellE13_Channel405nm Binned,561nm Binned,488nm Binned_Seq0040.nd2","260319_Day39_WellE13_Channel405nm Binned,561nm Binned,488nm Binned_Seq0040.nd2",.nd2,49692672,2026-03-19T08:46:14,E13,39,405nm Binned|561nm Binned|488nm Binned,Seq0040,20260319_083746_585,high,,not_requested,,,
"/Users/makennarodriguez/Documents/260213_Feb16recopy_HYdiff_landingpadlines_survival_384well1/20260319_083746_585/260319_Day39_WellE14_Channel405nm Binned,561nm Binned,488nm Binned_Seq0041.nd2","20260319_083746_585/260319_Day39_WellE14_Channel405nm Binned,561nm Binned,488nm Binned_Seq0041.nd2","260319_Day39_WellE14_Channel405nm Binned,561nm Binned,488nm Binned_Seq0041.nd2",.nd2,49692672,2026-03-19T08:46:26,E14,39,405nm Binned|561nm Binned|488nm Binned,Seq0041,20260319_083746_585,high,,not_requested,,,
"/Users/makennarodriguez/Documents/260213_Feb16recopy_HYdiff_landingpadlines_survival_384well1/20260319_083746_585/260319_Day39_WellE15_Channel405nm Binned,561nm Binned,488nm Binned_Seq0042.nd2","20260319_083746_585/260319_Day39_WellE15_Channel405nm Binned,561nm Binned,488nm Binned_Seq0042.nd2","260319_Day39_WellE15_Channel405nm Binned,561nm Binned,488nm Binned_Seq0042.nd2",.nd2,49692672,2026-03-19T08:46:38,E15,39,405nm Binned|561nm Binned|488nm Binned,Seq0042,20260319_083746_585,high,,not_requested,,,
"/Users/makennarodriguez/Documents/260213_Feb16recopy_HYdiff_landingpadlines_survival_384well1/20260319_083746_585/260319_Day39_WellE16_Channel405nm Binned,561nm Binned,488nm Binned_Seq0043.nd2","20260319_083746_585/260319_Day39_WellE16_Channel405nm Binned,561nm Binned,488nm Binned_Seq0043.nd2","260319_Day39_WellE16_Channel405nm Binned,561nm Binned,488nm Binned_Seq0043.nd2",.nd2,49692672,2026-03-19T08:46:50,E16,39,405nm Binned|561nm Binned|488nm Binned,Seq0043,20260319_083746_585,high,,not_requested,,,
"/Users/makennarodriguez/Documents/260213_Feb16recopy_HYdiff_landingpadlines_survival_384well1/20260319_083746_585/260319_Day39_WellE17_Channel405nm Binned,561nm Binned,488nm Binned_Seq0044.nd2","20260319_083746_585/260319_Day39_WellE17_Channel405nm Binned,561nm Binned,488nm Binned_Seq0044.nd2","260319_Day39_WellE17_Channel405nm Binned,561nm Binned,488nm Binned_Seq0044.nd2",.nd2,49692672,2026-03-19T08:47:00,E17,39,405nm Binned|561nm Binned|488nm Binned,Seq0044,20260319_083746_585,high,,not_requested,,,
"/Users/makennarodriguez/Documents/260213_Feb16recopy_HYdiff_landingpadlines_survival_384well1/20260319_083746_585/260319_Day39_WellE18_Channel405nm Binned,561nm Binned,488nm Binned_Seq0045.nd2","20260319_083746_585/260319_Day39_WellE18_Channel405nm Binned,561nm Binned,488nm Binned_Seq0045.nd2","260319_Day39_WellE18_Channel405nm Binned,561nm Binned,488nm Binned_Seq0045.nd2",.nd2,49692672,2026-03-19T08:47:12,E18,39,405nm Binned|561nm Binned|488nm Binned,Seq0045,20260319_083746_585,high,,not_requested,,,
"/Users/makennarodriguez/Documents/260213_Feb16recopy_HYdiff_landingpadlines_survival_384well1/20260319_083746_585/260319_Day39_WellE19_Channel405nm Binned,561nm Binned,488nm Binned_Seq0046.nd2","20260319_083746_585/260319_Day39_WellE19_Channel405nm Binned,561nm Binned,488nm Binned_Seq0046.nd2","260319_Day39_WellE19_Channel405nm Binned,561nm Binned,488nm Binned_Seq0046.nd2",.nd2,49692672,2026-03-19T08:47:24,E19,39,405nm Binned|561nm Binned|488nm Binned,Seq0046,20260319_083746_585,high,,not_requested,,,
"/Users/makennarodriguez/Documents/260213_Feb16recopy_HYdiff_landingpadlines_survival_384well1/20260319_083746_585/260319_Day39_WellE20_Channel405nm Binned,561nm Binned,488nm Binned_Seq0047.nd2","20260319_083746_585/260319_Day39_WellE20_Channel405nm Binned,561nm Binned,488nm Binned_Seq0047.nd2","260319_Day39_WellE20_Channel405nm Binned,561nm Binned,488nm Binned_Seq0047.nd2",.nd2,49692672,2026-03-19T08:47:36,E20,39,405nm Binned|561nm Binned|488nm Binned,Seq0047,20260319_083746_585,high,,not_requested,,,
"/Users/makennarodriguez/Documents/260213_Feb16recopy_HYdiff_landingpadlines_survival_384well1/20260319_083746_585/260319_Day39_WellF05_Channel405nm Binned,561nm Binned,488nm Binned_Seq0048.nd2","20260319_083746_585/260319_Day39_WellF05_Channel405nm Binned,561nm Binned,488nm Binned_Seq0048.nd2","260319_Day39_WellF05_Channel405nm Binned,561nm Binned,488nm Binned_Seq0048.nd2",.nd2,49692672,2026-03-19T08:47:50,F05,39,405nm Binned|561nm Binned|488nm Binned,Seq0048,20260319_083746_585,high,,not_requested,,,
"/Users/makennarodriguez/Documents/260213_Feb16recopy_HYdiff_landingpadlines_survival_384well1/20260319_083746_585/260319_Day39_WellF06_Channel405nm Binned,561nm Binned,488nm Binned_Seq0049.nd2","20260319_083746_585/260319_Day39_WellF06_Channel405nm Binned,561nm Binned,488nm Binned_Seq0049.nd2","260319_Day39_WellF06_Channel405nm Binned,561nm Binned,488nm Binned_Seq0049.nd2",.nd2,49692672,2026-03-19T08:48:00,F06,39,405nm Binned|561nm Binned|488nm Binned,Seq0049,20260319_083746_585,high,,not_requested,,,
"/Users/makennarodriguez/Documents/260213_Feb16recopy_HYdiff_landingpadlines_survival_384well1/20260319_083746_585/260319_Day39_WellF07_Channel405nm Binned,561nm Binned,488nm Binned_Seq0050.nd2","20260319_083746_585/260319_Day39_WellF07_Channel405nm Binned,561nm Binned,488nm Binned_Seq0050.nd2","260319_Day39_WellF07_Channel405nm Binned,561nm Binned,488nm Binned_Seq0050.nd2",.nd2,49692672,2026-03-19T08:48:12,F07,39,405nm Binned|561nm Binned|488nm Binned,Seq0050,20260319_083746_585,high,,not_requested,,,
"/Users/makennarodriguez/Documents/260213_Feb16recopy_HYdiff_landingpadlines_survival_384well1/20260319_083746_585/260319_Day39_WellF08_Channel405nm Binned,561nm Binned,488nm Binned_Seq0051.nd2","20260319_083746_585/260319_Day39_WellF08_Channel405nm Binned,561nm Binned,488nm Binned_Seq0051.nd2","260319_Day39_WellF08_Channel405nm Binned,561nm Binned,488nm Binned_Seq0051.nd2",.nd2,49692672,2026-03-19T08:48:24,F08,39,405nm Binned|561nm Binned|488nm Binned,Seq0051,20260319_083746_585,high,,not_requested,,,
"/Users/makennarodriguez/Documents/260213_Feb16recopy_HYdiff_landingpadlines_survival_384well1/20260319_083746_585/260319_Day39_WellF09_Channel405nm Binned,561nm Binned,488nm Binned_Seq0052.nd2","20260319_083746_585/260319_Day39_WellF09_Channel405nm Binned,561nm Binned,488nm Binned_Seq0052.nd2","260319_Day39_WellF09_Channel405nm Binned,561nm Binned,488nm Binned_Seq0052.nd2",.nd2,49692672,2026-03-19T08:48:36,F09,39,405nm Binned|561nm Binned|488nm Binned,Seq0052,20260319_083746_585,high,,not_requested,,,
"/Users/makennarodriguez/Documents/260213_Feb16recopy_HYdiff_landingpadlines_survival_384well1/20260319_083746_585/260319_Day39_WellF10_Channel405nm Binned,561nm Binned,488nm Binned_Seq0053.nd2","20260319_083746_585/260319_Day39_WellF10_Channel405nm Binned,561nm Binned,488nm Binned_Seq0053.nd2","260319_Day39_WellF10_Channel405nm Binned,561nm Binned,488nm Binned_Seq0053.nd2",.nd2,49692672,2026-03-19T08:48:48,F10,39,405nm Binned|561nm Binned|488nm Binned,Seq0053,20260319_083746_585,high,,not_requested,,,
"/Users/makennarodriguez/Documents/260213_Feb16recopy_HYdiff_landingpadlines_survival_384well1/20260319_083746_585/260319_Day39_WellF11_Channel405nm Binned,561nm Binned,488nm Binned_Seq0054.nd2","20260319_083746_585/260319_Day39_WellF11_Channel405nm Binned,561nm Binned,488nm Binned_Seq0054.nd2","260319_Day39_WellF11_Channel405nm Binned,561nm Binned,488nm Binned_Seq0054.nd2",.nd2,49692672,2026-03-19T08:48:58,F11,39,405nm Binned|561nm Binned|488nm Binned,Seq0054,20260319_083746_585,high,,not_requested,,,
"/Users/makennarodriguez/Documents/260213_Feb16recopy_HYdiff_landingpadlines_survival_384well1/20260319_083746_585/260319_Day39_WellF12_Channel405nm Binned,561nm Binned,488nm Binned_Seq0055.nd2","20260319_083746_585/260319_Day39_WellF12_Channel405nm Binned,561nm Binned,488nm Binned_Seq0055.nd2","260319_Day39_WellF12_Channel405nm Binned,561nm Binned,488nm Binned_Seq0055.nd2",.nd2,49692672,2026-03-19T08:49:10,F12,39,405nm Binned|561nm Binned|488nm Binned,Seq0055,20260319_083746_585,high,,not_requested,,,
"/Users/makennarodriguez/Documents/260213_Feb16recopy_HYdiff_landingpadlines_survival_384well1/20260319_083746_585/260319_Day39_WellF13_Channel405nm Binned,561nm Binned,488nm Binned_Seq0056.nd2","20260319_083746_585/260319_Day39_WellF13_Channel405nm Binned,561nm Binned,488nm Binned_Seq0056.nd2","260319_Day39_WellF13_Channel405nm Binned,561nm Binned,488nm Binned_Seq0056.nd2",.nd2,49692672,2026-03-19T08:49:22,F13,39,405nm Binned|561nm Binned|488nm Binned,Seq0056,20260319_083746_585,high,,not_requested,,,
"/Users/makennarodriguez/Documents/260213_Feb16recopy_HYdiff_landingpadlines_survival_384well1/20260319_083746_585/260319_Day39_WellF14_Channel405nm Binned,561nm Binned,488nm Binned_Seq0057.nd2","20260319_083746_585/260319_Day39_WellF14_Channel405nm Binned,561nm Binned,488nm Binned_Seq0057.nd2","260319_Day39_WellF14_Channel405nm Binned,561nm Binned,488nm Binned_Seq0057.nd2",.nd2,49692672,2026-03-19T08:49:34,F14,39,405nm Binned|561nm Binned|488nm Binned,Seq0057,20260319_083746_585,high,,not_requested,,,
"/Users/makennarodriguez/Documents/260213_Feb16recopy_HYdiff_landingpadlines_survival_384well1/20260319_083746_585/260319_Day39_WellF15_Channel405nm Binned,561nm Binned,488nm Binned_Seq0058.nd2","20260319_083746_585/260319_Day39_WellF15_Channel405nm Binned,561nm Binned,488nm Binned_Seq0058.nd2","260319_Day39_WellF15_Channel405nm Binned,561nm Binned,488nm Binned_Seq0058.nd2",.nd2,49692672,2026-03-19T08:49:46,F15,39,405nm Binned|561nm Binned|488nm Binned,Seq0058,20260319_083746_585,high,,not_requested,,,
"/Users/makennarodriguez/Documents/260213_Feb16recopy_HYdiff_landingpadlines_survival_384well1/20260319_083746_585/260319_Day39_WellF16_Channel405nm Binned,561nm Binned,488nm Binned_Seq0059.nd2","20260319_083746_585/260319_Day39_WellF16_Channel405nm Binned,561nm Binned,488nm Binned_Seq0059.nd2","260319_Day39_WellF16_Channel405nm Binned,561nm Binned,488nm Binned_Seq0059.nd2",.nd2,49692672,2026-03-19T08:49:56,F16,39,405nm Binned|561nm Binned|488nm Binned,Seq0059,20260319_083746_585,high,,not_requested,,,
"/Users/makennarodriguez/Documents/260213_Feb16recopy_HYdiff_landingpadlines_survival_384well1/20260319_083746_585/260319_Day39_WellF17_Channel405nm Binned,561nm Binned,488nm Binned_Seq0060.nd2","20260319_083746_585/260319_Day39_WellF17_Channel405nm Binned,561nm Binned,488nm Binned_Seq0060.nd2","260319_Day39_WellF17_Channel405nm Binned,561nm Binned,488nm Binned_Seq0060.nd2",.nd2,49692672,2026-03-19T08:50:08,F17,39,405nm Binned|561nm Binned|488nm Binned,Seq0060,20260319_083746_585,high,,not_requested,,,
"/Users/makennarodriguez/Documents/260213_Feb16recopy_HYdiff_landingpadlines_survival_384well1/20260319_083746_585/260319_Day39_WellF18_Channel405nm Binned,561nm Binned,488nm Binned_Seq0061.nd2","20260319_083746_585/260319_Day39_WellF18_Channel405nm Binned,561nm Binned,488nm Binned_Seq0061.nd2","260319_Day39_WellF18_Channel405nm Binned,561nm Binned,488nm Binned_Seq0061.nd2",.nd2,49692672,2026-03-19T08:50:20,F18,39,405nm Binned|561nm Binned|488nm Binned,Seq0061,20260319_083746_585,high,,not_requested,,,
"/Users/makennarodriguez/Documents/260213_Feb16recopy_HYdiff_landingpadlines_survival_384well1/20260319_083746_585/260319_Day39_WellF19_Channel405nm Binned,561nm Binned,488nm Binned_Seq0062.nd2","20260319_083746_585/260319_Day39_WellF19_Channel405nm Binned,561nm Binned,488nm Binned_Seq0062.nd2","260319_Day39_WellF19_Channel405nm Binned,561nm Binned,488nm Binned_Seq0062.nd2",.nd2,49692672,2026-03-19T08:50:32,F19,39,405nm Binned|561nm Binned|488nm Binned,Seq0062,20260319_083746_585,high,,not_requested,,,
"/Users/makennarodriguez/Documents/260213_Feb16recopy_HYdiff_landingpadlines_survival_384well1/20260319_083746_585/260319_Day39_WellF20_Channel405nm Binned,561nm Binned,488nm Binned_Seq0063.nd2","20260319_083746_585/260319_Day39_WellF20_Channel405nm Binned,561nm Binned,488nm Binned_Seq0063.nd2","260319_Day39_WellF20_Channel405nm Binned,561nm Binned,488nm Binned_Seq0063.nd2",.nd2,49692672,2026-03-19T08:50:42,F20,39,405nm Binned|561nm Binned|488nm Binned,Seq0063,20260319_083746_585,high,,not_requested,,,
"/Users/makennarodriguez/Documents/260213_Feb16recopy_HYdiff_landingpadlines_survival_384well1/20260319_083746_585/260319_Day39_WellG05_Channel405nm Binned,561nm Binned,488nm Binned_Seq0064.nd2","20260319_083746_585/260319_Day39_WellG05_Channel405nm Binned,561nm Binned,488nm Binned_Seq0064.nd2","260319_Day39_WellG05_Channel405nm Binned,561nm Binned,488nm Binned_Seq0064.nd2",.nd2,49692672,2026-03-19T08:50:56,G05,39,405nm Binned|561nm Binned|488nm Binned,Seq0064,20260319_083746_585,high,,not_requested,,,
"/Users/makennarodriguez/Documents/260213_Feb16recopy_HYdiff_landingpadlines_survival_384well1/20260319_083746_585/260319_Day39_WellG06_Channel405nm Binned,561nm Binned,488nm Binned_Seq0065.nd2","20260319_083746_585/260319_Day39_WellG06_Channel405nm Binned,561nm Binned,488nm Binned_Seq0065.nd2","260319_Day39_WellG06_Channel405nm Binned,561nm Binned,488nm Binned_Seq0065.nd2",.nd2,49692672,2026-03-19T08:51:08,G06,39,405nm Binned|561nm Binned|488nm Binned,Seq0065,20260319_083746_585,high,,not_requested,,,
"/Users/makennarodriguez/Documents/260213_Feb16recopy_HYdiff_landingpadlines_survival_384well1/20260319_083746_585/260319_Day39_WellG07_Channel405nm Binned,561nm Binned,488nm Binned_Seq0066.nd2","20260319_083746_585/260319_Day39_WellG07_Channel405nm Binned,561nm Binned,488nm Binned_Seq0066.nd2","260319_Day39_WellG07_Channel405nm Binned,561nm Binned,488nm Binned_Seq0066.nd2",.nd2,49692672,2026-03-19T08:51:20,G07,39,405nm Binned|561nm Binned|488nm Binned,Seq0066,20260319_083746_585,high,,not_requested,,,
"/Users/makennarodriguez/Documents/260213_Feb16recopy_HYdiff_landingpadlines_survival_384well1/20260319_083746_585/260319_Day39_WellG08_Channel405nm Binned,561nm Binned,488nm Binned_Seq0067.nd2","20260319_083746_585/260319_Day39_WellG08_Channel405nm Binned,561nm Binned,488nm Binned_Seq0067.nd2","260319_Day39_WellG08_Channel405nm Binned,561nm Binned,488nm Binned_Seq0067.nd2",.nd2,49692672,2026-03-19T08:51:32,G08,39,405nm Binned|561nm Binned|488nm Binned,Seq0067,20260319_083746_585,high,,not_requested,,,
"/Users/makennarodriguez/Documents/260213_Feb16recopy_HYdiff_landingpadlines_survival_384well1/20260319_083746_585/260319_Day39_WellG09_Channel405nm Binned,561nm Binned,488nm Binned_Seq0068.nd2","20260319_083746_585/260319_Day39_WellG09_Channel405nm Binned,561nm Binned,488nm Binned_Seq0068.nd2","260319_Day39_WellG09_Channel405nm Binned,561nm Binned,488nm Binned_Seq0068.nd2",.nd2,49692672,2026-03-19T08:51:42,G09,39,405nm Binned|561nm Binned|488nm Binned,Seq0068,20260319_083746_585,high,,not_requested,,,
"/Users/makennarodriguez/Documents/260213_Feb16recopy_HYdiff_landingpadlines_survival_384well1/20260319_083746_585/260319_Day39_WellG10_Channel405nm Binned,561nm Binned,488nm Binned_Seq0069.nd2","20260319_083746_585/260319_Day39_WellG10_Channel405nm Binned,561nm Binned,488nm Binned_Seq0069.nd2","260319_Day39_WellG10_Channel405nm Binned,561nm Binned,488nm Binned_Seq0069.nd2",.nd2,49692672,2026-03-19T08:51:54,G10,39,405nm Binned|561nm Binned|488nm Binned,Seq0069,20260319_083746_585,high,,not_requested,,,
"/Users/makennarodriguez/Documents/260213_Feb16recopy_HYdiff_landingpadlines_survival_384well1/20260319_083746_585/260319_Day39_WellG11_Channel405nm Binned,561nm Binned,488nm Binned_Seq0070.nd2","20260319_083746_585/260319_Day39_WellG11_Channel405nm Binned,561nm Binned,488nm Binned_Seq0070.nd2","260319_Day39_WellG11_Channel405nm Binned,561nm Binned,488nm Binned_Seq0070.nd2",.nd2,49692672,2026-03-19T08:52:06,G11,39,405nm Binned|561nm Binned|488nm Binned,Seq0070,20260319_083746_585,high,,not_requested,,,
"/Users/makennarodriguez/Documents/260213_Feb16recopy_HYdiff_landingpadlines_survival_384well1/20260319_083746_585/260319_Day39_WellG12_Channel405nm Binned,561nm Binned,488nm Binned_Seq0071.nd2","20260319_083746_585/260319_Day39_WellG12_Channel405nm Binned,561nm Binned,488nm Binned_Seq0071.nd2","260319_Day39_WellG12_Channel405nm Binned,561nm Binned,488nm Binned_Seq0071.nd2",.nd2,49692672,2026-03-19T08:52:18,G12,39,405nm Binned|561nm Binned|488nm Binned,Seq0071,20260319_083746_585,high,,not_requested,,,
"/Users/makennarodriguez/Documents/260213_Feb16recopy_HYdiff_landingpadlines_survival_384well1/20260319_083746_585/260319_Day39_WellG13_Channel405nm Binned,561nm Binned,488nm Binned_Seq0072.nd2","20260319_083746_585/260319_Day39_WellG13_Channel405nm Binned,561nm Binned,488nm Binned_Seq0072.nd2","260319_Day39_WellG13_Channel405nm Binned,561nm Binned,488nm Binned_Seq0072.nd2",.nd2,49692672,2026-03-19T08:52:28,G13,39,405nm Binned|561nm Binned|488nm Binned,Seq0072,20260319_083746_585,high,,not_requested,,,
"/Users/makennarodriguez/Documents/260213_Feb16recopy_HYdiff_landingpadlines_survival_384well1/20260319_083746_585/260319_Day39_WellG14_Channel405nm Binned,561nm Binned,488nm Binned_Seq0073.nd2","20260319_083746_585/260319_Day39_WellG14_Channel405nm Binned,561nm Binned,488nm Binned_Seq0073.nd2","260319_Day39_WellG14_Channel405nm Binned,561nm Binned,488nm Binned_Seq0073.nd2",.nd2,49692672,2026-03-19T08:52:40,G14,39,405nm Binned|561nm Binned|488nm Binned,Seq0073,20260319_083746_585,high,,not_requested,,,
"/Users/makennarodriguez/Documents/260213_Feb16recopy_HYdiff_landingpadlines_survival_384well1/20260319_083746_585/260319_Day39_WellG15_Channel405nm Binned,561nm Binned,488nm Binned_Seq0074.nd2","20260319_083746_585/260319_Day39_WellG15_Channel405nm Binned,561nm Binned,488nm Binned_Seq0074.nd2","260319_Day39_WellG15_Channel405nm Binned,561nm Binned,488nm Binned_Seq0074.nd2",.nd2,49692672,2026-03-19T08:52:52,G15,39,405nm Binned|561nm Binned|488nm Binned,Seq0074,20260319_083746_585,high,,not_requested,,,
"/Users/makennarodriguez/Documents/260213_Feb16recopy_HYdiff_landingpadlines_survival_384well1/20260319_083746_585/260319_Day39_WellG16_Channel405nm Binned,561nm Binned,488nm Binned_Seq0075.nd2","20260319_083746_585/260319_Day39_WellG16_Channel405nm Binned,561nm Binned,488nm Binned_Seq0075.nd2","260319_Day39_WellG16_Channel405nm Binned,561nm Binned,488nm Binned_Seq0075.nd2",.nd2,49692672,2026-03-19T08:53:04,G16,39,405nm Binned|561nm Binned|488nm Binned,Seq0075,20260319_083746_585,high,,not_requested,,,
"/Users/makennarodriguez/Documents/260213_Feb16recopy_HYdiff_landingpadlines_survival_384well1/20260319_083746_585/260319_Day39_WellG17_Channel405nm Binned,561nm Binned,488nm Binned_Seq0076.nd2","20260319_083746_585/260319_Day39_WellG17_Channel405nm Binned,561nm Binned,488nm Binned_Seq0076.nd2","260319_Day39_WellG17_Channel405nm Binned,561nm Binned,488nm Binned_Seq0076.nd2",.nd2,49692672,2026-03-19T08:53:14,G17,39,405nm Binned|561nm Binned|488nm Binned,Seq0076,20260319_083746_585,high,,not_requested,,,
"/Users/makennarodriguez/Documents/260213_Feb16recopy_HYdiff_landingpadlines_survival_384well1/20260319_083746_585/260319_Day39_WellG18_Channel405nm Binned,561nm Binned,488nm Binned_Seq0077.nd2","20260319_083746_585/260319_Day39_WellG18_Channel405nm Binned,561nm Binned,488nm Binned_Seq0077.nd2","260319_Day39_WellG18_Channel405nm Binned,561nm Binned,488nm Binned_Seq0077.nd2",.nd2,49692672,2026-03-19T08:53:26,G18,39,405nm Binned|561nm Binned|488nm Binned,Seq0077,20260319_083746_585,high,,not_requested,,,
"/Users/makennarodriguez/Documents/260213_Feb16recopy_HYdiff_landingpadlines_survival_384well1/20260319_083746_585/260319_Day39_WellG19_Channel405nm Binned,561nm Binned,488nm Binned_Seq0078.nd2","20260319_083746_585/260319_Day39_WellG19_Channel405nm Binned,561nm Binned,488nm Binned_Seq0078.nd2","260319_Day39_WellG19_Channel405nm Binned,561nm Binned,488nm Binned_Seq0078.nd2",.nd2,49692672,2026-03-19T08:53:38,G19,39,405nm Binned|561nm Binned|488nm Binned,Seq0078,20260319_083746_585,high,,not_requested,,,
"/Users/makennarodriguez/Documents/260213_Feb16recopy_HYdiff_landingpadlines_survival_384well1/20260319_083746_585/260319_Day39_WellG20_Channel405nm Binned,561nm Binned,488nm Binned_Seq0079.nd2","20260319_083746_585/260319_Day39_WellG20_Channel405nm Binned,561nm Binned,488nm Binned_Seq0079.nd2","260319_Day39_WellG20_Channel405nm Binned,561nm Binned,488nm Binned_Seq0079.nd2",.nd2,49692672,2026-03-19T08:53:48,G20,39,405nm Binned|561nm Binned|488nm Binned,Seq0079,20260319_083746_585,high,,not_requested,,,
"/Users/makennarodriguez/Documents/260213_Feb16recopy_HYdiff_landingpadlines_survival_384well1/20260319_083746_585/260319_Day39_WellH05_Channel405nm Binned,561nm Binned,488nm Binned_Seq0080.nd2","20260319_083746_585/260319_Day39_WellH05_Channel405nm Binned,561nm Binned,488nm Binned_Seq0080.nd2","260319_Day39_WellH05_Channel405nm Binned,561nm Binned,488nm Binned_Seq0080.nd2",.nd2,49692672,2026-03-19T08:54:02,H05,39,405nm Binned|561nm Binned|488nm Binned,Seq0080,20260319_083746_585,high,,not_requested,,,
"/Users/makennarodriguez/Documents/260213_Feb16recopy_HYdiff_landingpadlines_survival_384well1/20260319_083746_585/260319_Day39_WellH06_Channel405nm Binned,561nm Binned,488nm Binned_Seq0081.nd2","20260319_083746_585/260319_Day39_WellH06_Channel405nm Binned,561nm Binned,488nm Binned_Seq0081.nd2","260319_Day39_WellH06_Channel405nm Binned,561nm Binned,488nm Binned_Seq0081.nd2",.nd2,49692672,2026-03-19T08:54:14,H06,39,405nm Binned|561nm Binned|488nm Binned,Seq0081,20260319_083746_585,high,,not_requested,,,
"/Users/makennarodriguez/Documents/260213_Feb16recopy_HYdiff_landingpadlines_survival_384well1/20260319_083746_585/260319_Day39_WellH07_Channel405nm Binned,561nm Binned,488nm Binned_Seq0082.nd2","20260319_083746_585/260319_Day39_WellH07_Channel405nm Binned,561nm Binned,488nm Binned_Seq0082.nd2","260319_Day39_WellH07_Channel405nm Binned,561nm Binned,488nm Binned_Seq0082.nd2",.nd2,49692672,2026-03-19T08:54:26,H07,39,405nm Binned|561nm Binned|488nm Binned,Seq0082,20260319_083746_585,high,,not_requested,,,
"/Users/makennarodriguez/Documents/260213_Feb16recopy_HYdiff_landingpadlines_survival_384well1/20260319_083746_585/260319_Day39_WellH08_Channel405nm Binned,561nm Binned,488nm Binned_Seq0083.nd2","20260319_083746_585/260319_Day39_WellH08_Channel405nm Binned,561nm Binned,488nm Binned_Seq0083.nd2","260319_Day39_WellH08_Channel405nm Binned,561nm Binned,488nm Binned_Seq0083.nd2",.nd2,49692672,2026-03-19T08:54:38,H08,39,405nm Binned|561nm Binned|488nm Binned,Seq0083,20260319_083746_585,high,,not_requested,,,
"/Users/makennarodriguez/Documents/260213_Feb16recopy_HYdiff_landingpadlines_survival_384well1/20260319_083746_585/260319_Day39_WellH09_Channel405nm Binned,561nm Binned,488nm Binned_Seq0084.nd2","20260319_083746_585/260319_Day39_WellH09_Channel405nm Binned,561nm Binned,488nm Binned_Seq0084.nd2","260319_Day39_WellH09_Channel405nm Binned,561nm Binned,488nm Binned_Seq0084.nd2",.nd2,49692672,2026-03-19T08:54:50,H09,39,405nm Binned|561nm Binned|488nm Binned,Seq0084,20260319_083746_585,high,,not_requested,,,
"/Users/makennarodriguez/Documents/260213_Feb16recopy_HYdiff_landingpadlines_survival_384well1/20260319_083746_585/260319_Day39_WellH10_Channel405nm Binned,561nm Binned,488nm Binned_Seq0085.nd2","20260319_083746_585/260319_Day39_WellH10_Channel405nm Binned,561nm Binned,488nm Binned_Seq0085.nd2","260319_Day39_WellH10_Channel405nm Binned,561nm Binned,488nm Binned_Seq0085.nd2",.nd2,49692672,2026-03-19T08:55:00,H10,39,405nm Binned|561nm Binned|488nm Binned,Seq0085,20260319_083746_585,high,,not_requested,,,
"/Users/makennarodriguez/Documents/260213_Feb16recopy_HYdiff_landingpadlines_survival_384well1/20260319_083746_585/260319_Day39_WellH11_Channel405nm Binned,561nm Binned,488nm Binned_Seq0086.nd2","20260319_083746_585/260319_Day39_WellH11_Channel405nm Binned,561nm Binned,488nm Binned_Seq0086.nd2","260319_Day39_WellH11_Channel405nm Binned,561nm Binned,488nm Binned_Seq0086.nd2",.nd2,49692672,2026-03-19T08:55:12,H11,39,405nm Binned|561nm Binned|488nm Binned,Seq0086,20260319_083746_585,high,,not_requested,,,
"/Users/makennarodriguez/Documents/260213_Feb16recopy_HYdiff_landingpadlines_survival_384well1/20260319_083746_585/260319_Day39_WellH12_Channel405nm Binned,561nm Binned,488nm Binned_Seq0087.nd2","20260319_083746_585/260319_Day39_WellH12_Channel405nm Binned,561nm Binned,488nm Binned_Seq0087.nd2","260319_Day39_WellH12_Channel405nm Binned,561nm Binned,488nm Binned_Seq0087.nd2",.nd2,49692672,2026-03-19T08:55:24,H12,39,405nm Binned|561nm Binned|488nm Binned,Seq0087,20260319_083746_585,high,,not_requested,,,
"/Users/makennarodriguez/Documents/260213_Feb16recopy_HYdiff_landingpadlines_survival_384well1/20260319_083746_585/260319_Day39_WellH13_Channel405nm Binned,561nm Binned,488nm Binned_Seq0088.nd2","20260319_083746_585/260319_Day39_WellH13_Channel405nm Binned,561nm Binned,488nm Binned_Seq0088.nd2","260319_Day39_WellH13_Channel405nm Binned,561nm Binned,488nm Binned_Seq0088.nd2",.nd2,49692672,2026-03-19T08:55:34,H13,39,405nm Binned|561nm Binned|488nm Binned,Seq0088,20260319_083746_585,high,,not_requested,,,
"/Users/makennarodriguez/Documents/260213_Feb16recopy_HYdiff_landingpadlines_survival_384well1/20260319_083746_585/260319_Day39_WellH14_Channel405nm Binned,561nm Binned,488nm Binned_Seq0089.nd2","20260319_083746_585/260319_Day39_WellH14_Channel405nm Binned,561nm Binned,488nm Binned_Seq0089.nd2","260319_Day39_WellH14_Channel405nm Binned,561nm Binned,488nm Binned_Seq0089.nd2",.nd2,49692672,2026-03-19T08:55:46,H14,39,405nm Binned|561nm Binned|488nm Binned,Seq0089,20260319_083746_585,high,,not_requested,,,
"/Users/makennarodriguez/Documents/260213_Feb16recopy_HYdiff_landingpadlines_survival_384well1/20260319_083746_585/260319_Day39_WellH15_Channel405nm Binned,561nm Binned,488nm Binned_Seq0090.nd2","20260319_083746_585/260319_Day39_WellH15_Channel405nm Binned,561nm Binned,488nm Binned_Seq0090.nd2","260319_Day39_WellH15_Channel405nm Binned,561nm Binned,488nm Binned_Seq0090.nd2",.nd2,49692672,2026-03-19T08:55:58,H15,39,405nm Binned|561nm Binned|488nm Binned,Seq0090,20260319_083746_585,high,,not_requested,,,
"/Users/makennarodriguez/Documents/260213_Feb16recopy_HYdiff_landingpadlines_survival_384well1/20260319_083746_585/260319_Day39_WellH16_Channel405nm Binned,561nm Binned,488nm Binned_Seq0091.nd2","20260319_083746_585/260319_Day39_WellH16_Channel405nm Binned,561nm Binned,488nm Binned_Seq0091.nd2","260319_Day39_WellH16_Channel405nm Binned,561nm Binned,488nm Binned_Seq0091.nd2",.nd2,49692672,2026-03-19T08:56:10,H16,39,405nm Binned|561nm Binned|488nm Binned,Seq0091,20260319_083746_585,high,,not_requested,,,
"/Users/makennarodriguez/Documents/260213_Feb16recopy_HYdiff_landingpadlines_survival_384well1/20260319_083746_585/260319_Day39_WellH17_Channel405nm Binned,561nm Binned,488nm Binned_Seq0092.nd2","20260319_083746_585/260319_Day39_WellH17_Channel405nm Binned,561nm Binned,488nm Binned_Seq0092.nd2","260319_Day39_WellH17_Channel405nm Binned,561nm Binned,488nm Binned_Seq0092.nd2",.nd2,49692672,2026-03-19T08:56:22,H17,39,405nm Binned|561nm Binned|488nm Binned,Seq0092,20260319_083746_585,high,,not_requested,,,
"/Users/makennarodriguez/Documents/260213_Feb16recopy_HYdiff_landingpadlines_survival_384well1/20260319_083746_585/260319_Day39_WellH18_Channel405nm Binned,561nm Binned,488nm Binned_Seq0093.nd2","20260319_083746_585/260319_Day39_WellH18_Channel405nm Binned,561nm Binned,488nm Binned_Seq0093.nd2","260319_Day39_WellH18_Channel405nm Binned,561nm Binned,488nm Binned_Seq0093.nd2",.nd2,49692672,2026-03-19T08:56:32,H18,39,405nm Binned|561nm Binned|488nm Binned,Seq0093,20260319_083746_585,high,,not_requested,,,
"/Users/makennarodriguez/Documents/260213_Feb16recopy_HYdiff_landingpadlines_survival_384well1/20260319_083746_585/260319_Day39_WellH19_Channel405nm Binned,561nm Binned,488nm Binned_Seq0094.nd2","20260319_083746_585/260319_Day39_WellH19_Channel405nm Binned,561nm Binned,488nm Binned_Seq0094.nd2","260319_Day39_WellH19_Channel405nm Binned,561nm Binned,488nm Binned_Seq0094.nd2",.nd2,49692672,2026-03-19T08:56:44,H19,39,405nm Binned|561nm Binned|488nm Binned,Seq0094,20260319_083746_585,high,,not_requested,,,
"/Users/makennarodriguez/Documents/260213_Feb16recopy_HYdiff_landingpadlines_survival_384well1/20260319_083746_585/260319_Day39_WellH20_Channel405nm Binned,561nm Binned,488nm Binned_Seq0095.nd2","20260319_083746_585/260319_Day39_WellH20_Channel405nm Binned,561nm Binned,488nm Binned_Seq0095.nd2","260319_Day39_WellH20_Channel405nm Binned,561nm Binned,488nm Binned_Seq0095.nd2",.nd2,49692672,2026-03-19T08:56:56,H20,39,405nm Binned|561nm Binned|488nm Binned,Seq0095,20260319_083746_585,high,,not_requested,,,
"/Users/makennarodriguez/Documents/260213_Feb16recopy_HYdiff_landingpadlines_survival_384well1/20260319_083746_585/260319_Day39_WellI05_Channel405nm Binned,561nm Binned,488nm Binned_Seq0096.nd2","20260319_083746_585/260319_Day39_WellI05_Channel405nm Binned,561nm Binned,488nm Binned_Seq0096.nd2","260319_Day39_WellI05_Channel405nm Binned,561nm Binned,488nm Binned_Seq0096.nd2",.nd2,49692672,2026-03-19T08:57:10,I05,39,405nm Binned|561nm Binned|488nm Binned,Seq0096,20260319_083746_585,high,,not_requested,,,
"/Users/makennarodriguez/Documents/260213_Feb16recopy_HYdiff_landingpadlines_survival_384well1/20260319_083746_585/260319_Day39_WellI06_Channel405nm Binned,561nm Binned,488nm Binned_Seq0097.nd2","20260319_083746_585/260319_Day39_WellI06_Channel405nm Binned,561nm Binned,488nm Binned_Seq0097.nd2","260319_Day39_WellI06_Channel405nm Binned,561nm Binned,488nm Binned_Seq0097.nd2",.nd2,49692672,2026-03-19T08:57:22,I06,39,405nm Binned|561nm Binned|488nm Binned,Seq0097,20260319_083746_585,high,,not_requested,,,
"/Users/makennarodriguez/Documents/260213_Feb16recopy_HYdiff_landingpadlines_survival_384well1/20260319_083746_585/260319_Day39_WellI07_Channel405nm Binned,561nm Binned,488nm Binned_Seq0098.nd2","20260319_083746_585/260319_Day39_WellI07_Channel405nm Binned,561nm Binned,488nm Binned_Seq0098.nd2","260319_Day39_WellI07_Channel405nm Binned,561nm Binned,488nm Binned_Seq0098.nd2",.nd2,49692672,2026-03-19T08:57:32,I07,39,405nm Binned|561nm Binned|488nm Binned,Seq0098,20260319_083746_585,high,,not_requested,,,
"/Users/makennarodriguez/Documents/260213_Feb16recopy_HYdiff_landingpadlines_survival_384well1/20260319_083746_585/260319_Day39_WellI08_Channel405nm Binned,561nm Binned,488nm Binned_Seq0099.nd2","20260319_083746_585/260319_Day39_WellI08_Channel405nm Binned,561nm Binned,488nm Binned_Seq0099.nd2","260319_Day39_WellI08_Channel405nm Binned,561nm Binned,488nm Binned_Seq0099.nd2",.nd2,49692672,2026-03-19T08:57:44,I08,39,405nm Binned|561nm Binned|488nm Binned,Seq0099,20260319_083746_585,high,,not_requested,,,
"/Users/makennarodriguez/Documents/260213_Feb16recopy_HYdiff_landingpadlines_survival_384well1/20260319_083746_585/260319_Day39_WellI09_Channel405nm Binned,561nm Binned,488nm Binned_Seq0100.nd2","20260319_083746_585/260319_Day39_WellI09_Channel405nm Binned,561nm Binned,488nm Binned_Seq0100.nd2","260319_Day39_WellI09_Channel405nm Binned,561nm Binned,488nm Binned_Seq0100.nd2",.nd2,49692672,2026-03-19T08:57:56,I09,39,405nm Binned|561nm Binned|488nm Binned,Seq0100,20260319_083746_585,high,,not_requested,,,
"/Users/makennarodriguez/Documents/260213_Feb16recopy_HYdiff_landingpadlines_survival_384well1/20260319_083746_585/260319_Day39_WellI10_Channel405nm Binned,561nm Binned,488nm Binned_Seq0101.nd2","20260319_083746_585/260319_Day39_WellI10_Channel405nm Binned,561nm Binned,488nm Binned_Seq0101.nd2","260319_Day39_WellI10_Channel405nm Binned,561nm Binned,488nm Binned_Seq0101.nd2",.nd2,49692672,2026-03-19T08:58:08,I10,39,405nm Binned|561nm Binned|488nm Binned,Seq0101,20260319_083746_585,high,,not_requested,,,
"/Users/makennarodriguez/Documents/260213_Feb16recopy_HYdiff_landingpadlines_survival_384well1/20260319_083746_585/260319_Day39_WellI11_Channel405nm Binned,561nm Binned,488nm Binned_Seq0102.nd2","20260319_083746_585/260319_Day39_WellI11_Channel405nm Binned,561nm Binned,488nm Binned_Seq0102.nd2","260319_Day39_WellI11_Channel405nm Binned,561nm Binned,488nm Binned_Seq0102.nd2",.nd2,49692672,2026-03-19T08:58:18,I11,39,405nm Binned|561nm Binned|488nm Binned,Seq0102,20260319_083746_585,high,,not_requested,,,
"/Users/makennarodriguez/Documents/260213_Feb16recopy_HYdiff_landingpadlines_survival_384well1/20260319_083746_585/260319_Day39_WellI12_Channel405nm Binned,561nm Binned,488nm Binned_Seq0103.nd2","20260319_083746_585/260319_Day39_WellI12_Channel405nm Binned,561nm Binned,488nm Binned_Seq0103.nd2","260319_Day39_WellI12_Channel405nm Binned,561nm Binned,488nm Binned_Seq0103.nd2",.nd2,49692672,2026-03-19T08:58:30,I12,39,405nm Binned|561nm Binned|488nm Binned,Seq0103,20260319_083746_585,high,,not_requested,,,
"/Users/makennarodriguez/Documents/260213_Feb16recopy_HYdiff_landingpadlines_survival_384well1/20260319_083746_585/260319_Day39_WellI13_Channel405nm Binned,561nm Binned,488nm Binned_Seq0104.nd2","20260319_083746_585/260319_Day39_WellI13_Channel405nm Binned,561nm Binned,488nm Binned_Seq0104.nd2","260319_Day39_WellI13_Channel405nm Binned,561nm Binned,488nm Binned_Seq0104.nd2",.nd2,49692672,2026-03-19T08:58:42,I13,39,405nm Binned|561nm Binned|488nm Binned,Seq0104,20260319_083746_585,high,,not_requested,,,
"/Users/makennarodriguez/Documents/260213_Feb16recopy_HYdiff_landingpadlines_survival_384well1/20260319_083746_585/260319_Day39_WellI14_Channel405nm Binned,561nm Binned,488nm Binned_Seq0105.nd2","20260319_083746_585/260319_Day39_WellI14_Channel405nm Binned,561nm Binned,488nm Binned_Seq0105.nd2","260319_Day39_WellI14_Channel405nm Binned,561nm Binned,488nm Binned_Seq0105.nd2",.nd2,49692672,2026-03-19T08:58:54,I14,39,405nm Binned|561nm Binned|488nm Binned,Seq0105,20260319_083746_585,high,,not_requested,,,
"/Users/makennarodriguez/Documents/260213_Feb16recopy_HYdiff_landingpadlines_survival_384well1/20260319_083746_585/260319_Day39_WellI15_Channel405nm Binned,561nm Binned,488nm Binned_Seq0106.nd2","20260319_083746_585/260319_Day39_WellI15_Channel405nm Binned,561nm Binned,488nm Binned_Seq0106.nd2","260319_Day39_WellI15_Channel405nm Binned,561nm Binned,488nm Binned_Seq0106.nd2",.nd2,49692672,2026-03-19T08:59:06,I15,39,405nm Binned|561nm Binned|488nm Binned,Seq0106,20260319_083746_585,high,,not_requested,,,
"/Users/makennarodriguez/Documents/260213_Feb16recopy_HYdiff_landingpadlines_survival_384well1/20260319_083746_585/260319_Day39_WellI16_Channel405nm Binned,561nm Binned,488nm Binned_Seq0107.nd2","20260319_083746_585/260319_Day39_WellI16_Channel405nm Binned,561nm Binned,488nm Binned_Seq0107.nd2","260319_Day39_WellI16_Channel405nm Binned,561nm Binned,488nm Binned_Seq0107.nd2",.nd2,49692672,2026-03-19T08:59:18,I16,39,405nm Binned|561nm Binned|488nm Binned,Seq0107,20260319_083746_585,high,,not_requested,,,
"/Users/makennarodriguez/Documents/260213_Feb16recopy_HYdiff_landingpadlines_survival_384well1/20260319_083746_585/260319_Day39_WellI17_Channel405nm Binned,561nm Binned,488nm Binned_Seq0108.nd2","20260319_083746_585/260319_Day39_WellI17_Channel405nm Binned,561nm Binned,488nm Binned_Seq0108.nd2","260319_Day39_WellI17_Channel405nm Binned,561nm Binned,488nm Binned_Seq0108.nd2",.nd2,49692672,2026-03-19T08:59:28,I17,39,405nm Binned|561nm Binned|488nm Binned,Seq0108,20260319_083746_585,high,,not_requested,,,
"/Users/makennarodriguez/Documents/260213_Feb16recopy_HYdiff_landingpadlines_survival_384well1/20260319_083746_585/260319_Day39_WellI18_Channel405nm Binned,561nm Binned,488nm Binned_Seq0109.nd2","20260319_083746_585/260319_Day39_WellI18_Channel405nm Binned,561nm Binned,488nm Binned_Seq0109.nd2","260319_Day39_WellI18_Channel405nm Binned,561nm Binned,488nm Binned_Seq0109.nd2",.nd2,49692672,2026-03-19T08:59:40,I18,39,405nm Binned|561nm Binned|488nm Binned,Seq0109,20260319_083746_585,high,,not_requested,,,
"/Users/makennarodriguez/Documents/260213_Feb16recopy_HYdiff_landingpadlines_survival_384well1/20260319_083746_585/260319_Day39_WellI19_Channel405nm Binned,561nm Binned,488nm Binned_Seq0110.nd2","20260319_083746_585/260319_Day39_WellI19_Channel405nm Binned,561nm Binned,488nm Binned_Seq0110.nd2","260319_Day39_WellI19_Channel405nm Binned,561nm Binned,488nm Binned_Seq0110.nd2",.nd2,49692672,2026-03-19T08:59:52,I19,39,405nm Binned|561nm Binned|488nm Binned,Seq0110,20260319_083746_585,high,,not_requested,,,
"/Users/makennarodriguez/Documents/260213_Feb16recopy_HYdiff_landingpadlines_survival_384well1/20260319_083746_585/260319_Day39_WellI20_Channel405nm Binned,561nm Binned,488nm Binned_Seq0111.nd2","20260319_083746_585/260319_Day39_WellI20_Channel405nm Binned,561nm Binned,488nm Binned_Seq0111.nd2","260319_Day39_WellI20_Channel405nm Binned,561nm Binned,488nm Binned_Seq0111.nd2",.nd2,49692672,2026-03-19T09:00:04,I20,39,405nm Binned|561nm Binned|488nm Binned,Seq0111,20260319_083746_585,high,,not_requested,,,
"/Users/makennarodriguez/Documents/260213_Feb16recopy_HYdiff_landingpadlines_survival_384well1/20260319_083746_585/260319_Day39_WellJ05_Channel405nm Binned,561nm Binned,488nm Binned_Seq0112.nd2","20260319_083746_585/260319_Day39_WellJ05_Channel405nm Binned,561nm Binned,488nm Binned_Seq0112.nd2","260319_Day39_WellJ05_Channel405nm Binned,561nm Binned,488nm Binned_Seq0112.nd2",.nd2,49692672,2026-03-19T09:00:18,J05,39,405nm Binned|561nm Binned|488nm Binned,Seq0112,20260319_083746_585,high,,not_requested,,,
"/Users/makennarodriguez/Documents/260213_Feb16recopy_HYdiff_landingpadlines_survival_384well1/20260319_083746_585/260319_Day39_WellJ06_Channel405nm Binned,561nm Binned,488nm Binned_Seq0113.nd2","20260319_083746_585/260319_Day39_WellJ06_Channel405nm Binned,561nm Binned,488nm Binned_Seq0113.nd2","260319_Day39_WellJ06_Channel405nm Binned,561nm Binned,488nm Binned_Seq0113.nd2",.nd2,49692672,2026-03-19T09:00:30,J06,39,405nm Binned|561nm Binned|488nm Binned,Seq0113,20260319_083746_585,high,,not_requested,,,
"/Users/makennarodriguez/Documents/260213_Feb16recopy_HYdiff_landingpadlines_survival_384well1/20260319_083746_585/260319_Day39_WellJ07_Channel405nm Binned,561nm Binned,488nm Binned_Seq0114.nd2","20260319_083746_585/260319_Day39_WellJ07_Channel405nm Binned,561nm Binned,488nm Binned_Seq0114.nd2","260319_Day39_WellJ07_Channel405nm Binned,561nm Binned,488nm Binned_Seq0114.nd2",.nd2,49692672,2026-03-19T09:00:42,J07,39,405nm Binned|561nm Binned|488nm Binned,Seq0114,20260319_083746_585,high,,not_requested,,,
"/Users/makennarodriguez/Documents/260213_Feb16recopy_HYdiff_landingpadlines_survival_384well1/20260319_083746_585/260319_Day39_WellJ08_Channel405nm Binned,561nm Binned,488nm Binned_Seq0115.nd2","20260319_083746_585/260319_Day39_WellJ08_Channel405nm Binned,561nm Binned,488nm Binned_Seq0115.nd2","260319_Day39_WellJ08_Channel405nm Binned,561nm Binned,488nm Binned_Seq0115.nd2",.nd2,49692672,2026-03-19T09:00:54,J08,39,405nm Binned|561nm Binned|488nm Binned,Seq0115,20260319_083746_585,high,,not_requested,,,
"/Users/makennarodriguez/Documents/260213_Feb16recopy_HYdiff_landingpadlines_survival_384well1/20260319_083746_585/260319_Day39_WellJ09_Channel405nm Binned,561nm Binned,488nm Binned_Seq0116.nd2","20260319_083746_585/260319_Day39_WellJ09_Channel405nm Binned,561nm Binned,488nm Binned_Seq0116.nd2","260319_Day39_WellJ09_Channel405nm Binned,561nm Binned,488nm Binned_Seq0116.nd2",.nd2,49692672,2026-03-19T09:01:04,J09,39,405nm Binned|561nm Binned|488nm Binned,Seq0116,20260319_083746_585,high,,not_requested,,,
"/Users/makennarodriguez/Documents/260213_Feb16recopy_HYdiff_landingpadlines_survival_384well1/20260319_083746_585/260319_Day39_WellJ10_Channel405nm Binned,561nm Binned,488nm Binned_Seq0117.nd2","20260319_083746_585/260319_Day39_WellJ10_Channel405nm Binned,561nm Binned,488nm Binned_Seq0117.nd2","260319_Day39_WellJ10_Channel405nm Binned,561nm Binned,488nm Binned_Seq0117.nd2",.nd2,49692672,2026-03-19T09:01:16,J10,39,405nm Binned|561nm Binned|488nm Binned,Seq0117,20260319_083746_585,high,,not_requested,,,
"/Users/makennarodriguez/Documents/260213_Feb16recopy_HYdiff_landingpadlines_survival_384well1/20260319_083746_585/260319_Day39_WellJ11_Channel405nm Binned,561nm Binned,488nm Binned_Seq0118.nd2","20260319_083746_585/260319_Day39_WellJ11_Channel405nm Binned,561nm Binned,488nm Binned_Seq0118.nd2","260319_Day39_WellJ11_Channel405nm Binned,561nm Binned,488nm Binned_Seq0118.nd2",.nd2,49692672,2026-03-19T09:01:28,J11,39,405nm Binned|561nm Binned|488nm Binned,Seq0118,20260319_083746_585,high,,not_requested,,,
"/Users/makennarodriguez/Documents/260213_Feb16recopy_HYdiff_landingpadlines_survival_384well1/20260319_083746_585/260319_Day39_WellJ12_Channel405nm Binned,561nm Binned,488nm Binned_Seq0119.nd2","20260319_083746_585/260319_Day39_WellJ12_Channel405nm Binned,561nm Binned,488nm Binned_Seq0119.nd2","260319_Day39_WellJ12_Channel405nm Binned,561nm Binned,488nm Binned_Seq0119.nd2",.nd2,49692672,2026-03-19T09:01:40,J12,39,405nm Binned|561nm Binned|488nm Binned,Seq0119,20260319_083746_585,high,,not_requested,,,
"/Users/makennarodriguez/Documents/260213_Feb16recopy_HYdiff_landingpadlines_survival_384well1/20260319_083746_585/260319_Day39_WellJ13_Channel405nm Binned,561nm Binned,488nm Binned_Seq0120.nd2","20260319_083746_585/260319_Day39_WellJ13_Channel405nm Binned,561nm Binned,488nm Binned_Seq0120.nd2","260319_Day39_WellJ13_Channel405nm Binned,561nm Binned,488nm Binned_Seq0120.nd2",.nd2,49692672,2026-03-19T09:01:52,J13,39,405nm Binned|561nm Binned|488nm Binned,Seq0120,20260319_083746_585,high,,not_requested,,,
"/Users/makennarodriguez/Documents/260213_Feb16recopy_HYdiff_landingpadlines_survival_384well1/20260319_083746_585/260319_Day39_WellJ14_Channel405nm Binned,561nm Binned,488nm Binned_Seq0121.nd2","20260319_083746_585/260319_Day39_WellJ14_Channel405nm Binned,561nm Binned,488nm Binned_Seq0121.nd2","260319_Day39_WellJ14_Channel405nm Binned,561nm Binned,488nm Binned_Seq0121.nd2",.nd2,49692672,2026-03-19T09:02:04,J14,39,405nm Binned|561nm Binned|488nm Binned,Seq0121,20260319_083746_585,high,,not_requested,,,
"/Users/makennarodriguez/Documents/260213_Feb16recopy_HYdiff_landingpadlines_survival_384well1/20260319_083746_585/260319_Day39_WellJ15_Channel405nm Binned,561nm Binned,488nm Binned_Seq0122.nd2","20260319_083746_585/260319_Day39_WellJ15_Channel405nm Binned,561nm Binned,488nm Binned_Seq0122.nd2","260319_Day39_WellJ15_Channel405nm Binned,561nm Binned,488nm Binned_Seq0122.nd2",.nd2,49692672,2026-03-19T09:02:16,J15,39,405nm Binned|561nm Binned|488nm Binned,Seq0122,20260319_083746_585,high,,not_requested,,,
"/Users/makennarodriguez/Documents/260213_Feb16recopy_HYdiff_landingpadlines_survival_384well1/20260319_083746_585/260319_Day39_WellJ16_Channel405nm Binned,561nm Binned,488nm Binned_Seq0123.nd2","20260319_083746_585/260319_Day39_WellJ16_Channel405nm Binned,561nm Binned,488nm Binned_Seq0123.nd2","260319_Day39_WellJ16_Channel405nm Binned,561nm Binned,488nm Binned_Seq0123.nd2",.nd2,49692672,2026-03-19T09:02:28,J16,39,405nm Binned|561nm Binned|488nm Binned,Seq0123,20260319_083746_585,high,,not_requested,,,
"/Users/makennarodriguez/Documents/260213_Feb16recopy_HYdiff_landingpadlines_survival_384well1/20260319_083746_585/260319_Day39_WellJ17_Channel405nm Binned,561nm Binned,488nm Binned_Seq0124.nd2","20260319_083746_585/260319_Day39_WellJ17_Channel405nm Binned,561nm Binned,488nm Binned_Seq0124.nd2","260319_Day39_WellJ17_Channel405nm Binned,561nm Binned,488nm Binned_Seq0124.nd2",.nd2,49692672,2026-03-19T09:02:38,J17,39,405nm Binned|561nm Binned|488nm Binned,Seq0124,20260319_083746_585,high,,not_requested,,,
"/Users/makennarodriguez/Documents/260213_Feb16recopy_HYdiff_landingpadlines_survival_384well1/20260319_083746_585/260319_Day39_WellJ18_Channel405nm Binned,561nm Binned,488nm Binned_Seq0125.nd2","20260319_083746_585/260319_Day39_WellJ18_Channel405nm Binned,561nm Binned,488nm Binned_Seq0125.nd2","260319_Day39_WellJ18_Channel405nm Binned,561nm Binned,488nm Binned_Seq0125.nd2",.nd2,49692672,2026-03-19T09:02:50,J18,39,405nm Binned|561nm Binned|488nm Binned,Seq0125,20260319_083746_585,high,,not_requested,,,
"/Users/makennarodriguez/Documents/260213_Feb16recopy_HYdiff_landingpadlines_survival_384well1/20260319_083746_585/260319_Day39_WellJ19_Channel405nm Binned,561nm Binned,488nm Binned_Seq0126.nd2","20260319_083746_585/260319_Day39_WellJ19_Channel405nm Binned,561nm Binned,488nm Binned_Seq0126.nd2","260319_Day39_WellJ19_Channel405nm Binned,561nm Binned,488nm Binned_Seq0126.nd2",.nd2,49692672,2026-03-19T09:03:02,J19,39,405nm Binned|561nm Binned|488nm Binned,Seq0126,20260319_083746_585,high,,not_requested,,,
"/Users/makennarodriguez/Documents/260213_Feb16recopy_HYdiff_landingpadlines_survival_384well1/20260319_083746_585/260319_Day39_WellJ20_Channel405nm Binned,561nm Binned,488nm Binned_Seq0127.nd2","20260319_083746_585/260319_Day39_WellJ20_Channel405nm Binned,561nm Binned,488nm Binned_Seq0127.nd2","260319_Day39_WellJ20_Channel405nm Binned,561nm Binned,488nm Binned_Seq0127.nd2",.nd2,49692672,2026-03-19T09:03:14,J20,39,405nm Binned|561nm Binned|488nm Binned,Seq0127,20260319_083746_585,high,,not_requested,,,
"/Users/makennarodriguez/Documents/260213_Feb16recopy_HYdiff_landingpadlines_survival_384well1/20260319_083746_585/260319_Day39_WellK05_Channel405nm Binned,561nm Binned,488nm Binned_Seq0128.nd2","20260319_083746_585/260319_Day39_WellK05_Channel405nm Binned,561nm Binned,488nm Binned_Seq0128.nd2","260319_Day39_WellK05_Channel405nm Binned,561nm Binned,488nm Binned_Seq0128.nd2",.nd2,49692672,2026-03-19T09:03:28,K05,39,405nm Binned|561nm Binned|488nm Binned,Seq0128,20260319_083746_585,high,,not_requested,,,
"/Users/makennarodriguez/Documents/260213_Feb16recopy_HYdiff_landingpadlines_survival_384well1/20260319_083746_585/260319_Day39_WellK06_Channel405nm Binned,561nm Binned,488nm Binned_Seq0129.nd2","20260319_083746_585/260319_Day39_WellK06_Channel405nm Binned,561nm Binned,488nm Binned_Seq0129.nd2","260319_Day39_WellK06_Channel405nm Binned,561nm Binned,488nm Binned_Seq0129.nd2",.nd2,49692672,2026-03-19T09:03:38,K06,39,405nm Binned|561nm Binned|488nm Binned,Seq0129,20260319_083746_585,high,,not_requested,,,
"/Users/makennarodriguez/Documents/260213_Feb16recopy_HYdiff_landingpadlines_survival_384well1/20260319_083746_585/260319_Day39_WellK07_Channel405nm Binned,561nm Binned,488nm Binned_Seq0130.nd2","20260319_083746_585/260319_Day39_WellK07_Channel405nm Binned,561nm Binned,488nm Binned_Seq0130.nd2","260319_Day39_WellK07_Channel405nm Binned,561nm Binned,488nm Binned_Seq0130.nd2",.nd2,49692672,2026-03-19T09:03:50,K07,39,405nm Binned|561nm Binned|488nm Binned,Seq0130,20260319_083746_585,high,,not_requested,,,
"/Users/makennarodriguez/Documents/260213_Feb16recopy_HYdiff_landingpadlines_survival_384well1/20260319_083746_585/260319_Day39_WellK08_Channel405nm Binned,561nm Binned,488nm Binned_Seq0131.nd2","20260319_083746_585/260319_Day39_WellK08_Channel405nm Binned,561nm Binned,488nm Binned_Seq0131.nd2","260319_Day39_WellK08_Channel405nm Binned,561nm Binned,488nm Binned_Seq0131.nd2",.nd2,49692672,2026-03-19T09:04:02,K08,39,405nm Binned|561nm Binned|488nm Binned,Seq0131,20260319_083746_585,high,,not_requested,,,
"/Users/makennarodriguez/Documents/260213_Feb16recopy_HYdiff_landingpadlines_survival_384well1/20260319_083746_585/260319_Day39_WellK09_Channel405nm Binned,561nm Binned,488nm Binned_Seq0132.nd2","20260319_083746_585/260319_Day39_WellK09_Channel405nm Binned,561nm Binned,488nm Binned_Seq0132.nd2","260319_Day39_WellK09_Channel405nm Binned,561nm Binned,488nm Binned_Seq0132.nd2",.nd2,49692672,2026-03-19T09:04:14,K09,39,405nm Binned|561nm Binned|488nm Binned,Seq0132,20260319_083746_585,high,,not_requested,,,
"/Users/makennarodriguez/Documents/260213_Feb16recopy_HYdiff_landingpadlines_survival_384well1/20260319_083746_585/260319_Day39_WellK10_Channel405nm Binned,561nm Binned,488nm Binned_Seq0133.nd2","20260319_083746_585/260319_Day39_WellK10_Channel405nm Binned,561nm Binned,488nm Binned_Seq0133.nd2","260319_Day39_WellK10_Channel405nm Binned,561nm Binned,488nm Binned_Seq0133.nd2",.nd2,49692672,2026-03-19T09:04:24,K10,39,405nm Binned|561nm Binned|488nm Binned,Seq0133,20260319_083746_585,high,,not_requested,,,
"/Users/makennarodriguez/Documents/260213_Feb16recopy_HYdiff_landingpadlines_survival_384well1/20260319_083746_585/260319_Day39_WellK11_Channel405nm Binned,561nm Binned,488nm Binned_Seq0134.nd2","20260319_083746_585/260319_Day39_WellK11_Channel405nm Binned,561nm Binned,488nm Binned_Seq0134.nd2","260319_Day39_WellK11_Channel405nm Binned,561nm Binned,488nm Binned_Seq0134.nd2",.nd2,49692672,2026-03-19T09:04:36,K11,39,405nm Binned|561nm Binned|488nm Binned,Seq0134,20260319_083746_585,high,,not_requested,,,
"/Users/makennarodriguez/Documents/260213_Feb16recopy_HYdiff_landingpadlines_survival_384well1/20260319_083746_585/260319_Day39_WellK12_Channel405nm Binned,561nm Binned,488nm Binned_Seq0135.nd2","20260319_083746_585/260319_Day39_WellK12_Channel405nm Binned,561nm Binned,488nm Binned_Seq0135.nd2","260319_Day39_WellK12_Channel405nm Binned,561nm Binned,488nm Binned_Seq0135.nd2",.nd2,49692672,2026-03-19T09:04:48,K12,39,405nm Binned|561nm Binned|488nm Binned,Seq0135,20260319_083746_585,high,,not_requested,,,
"/Users/makennarodriguez/Documents/260213_Feb16recopy_HYdiff_landingpadlines_survival_384well1/20260319_083746_585/260319_Day39_WellK13_Channel405nm Binned,561nm Binned,488nm Binned_Seq0136.nd2","20260319_083746_585/260319_Day39_WellK13_Channel405nm Binned,561nm Binned,488nm Binned_Seq0136.nd2","260319_Day39_WellK13_Channel405nm Binned,561nm Binned,488nm Binned_Seq0136.nd2",.nd2,49692672,2026-03-19T09:05:00,K13,39,405nm Binned|561nm Binned|488nm Binned,Seq0136,20260319_083746_585,high,,not_requested,,,
"/Users/makennarodriguez/Documents/260213_Feb16recopy_HYdiff_landingpadlines_survival_384well1/20260319_083746_585/260319_Day39_WellK14_Channel405nm Binned,561nm Binned,488nm Binned_Seq0137.nd2","20260319_083746_585/260319_Day39_WellK14_Channel405nm Binned,561nm Binned,488nm Binned_Seq0137.nd2","260319_Day39_WellK14_Channel405nm Binned,561nm Binned,488nm Binned_Seq0137.nd2",.nd2,49692672,2026-03-19T09:05:10,K14,39,405nm Binned|561nm Binned|488nm Binned,Seq0137,20260319_083746_585,high,,not_requested,,,
"/Users/makennarodriguez/Documents/260213_Feb16recopy_HYdiff_landingpadlines_survival_384well1/20260319_083746_585/260319_Day39_WellK15_Channel405nm Binned,561nm Binned,488nm Binned_Seq0138.nd2","20260319_083746_585/260319_Day39_WellK15_Channel405nm Binned,561nm Binned,488nm Binned_Seq0138.nd2","260319_Day39_WellK15_Channel405nm Binned,561nm Binned,488nm Binned_Seq0138.nd2",.nd2,49692672,2026-03-19T09:05:22,K15,39,405nm Binned|561nm Binned|488nm Binned,Seq0138,20260319_083746_585,high,,not_requested,,,
"/Users/makennarodriguez/Documents/260213_Feb16recopy_HYdiff_landingpadlines_survival_384well1/20260319_083746_585/260319_Day39_WellK16_Channel405nm Binned,561nm Binned,488nm Binned_Seq0139.nd2","20260319_083746_585/260319_Day39_WellK16_Channel405nm Binned,561nm Binned,488nm Binned_Seq0139.nd2","260319_Day39_WellK16_Channel405nm Binned,561nm Binned,488nm Binned_Seq0139.nd2",.nd2,49692672,2026-03-19T09:05:34,K16,39,405nm Binned|561nm Binned|488nm Binned,Seq0139,20260319_083746_585,high,,not_requested,,,
"/Users/makennarodriguez/Documents/260213_Feb16recopy_HYdiff_landingpadlines_survival_384well1/20260319_083746_585/260319_Day39_WellK17_Channel405nm Binned,561nm Binned,488nm Binned_Seq0140.nd2","20260319_083746_585/260319_Day39_WellK17_Channel405nm Binned,561nm Binned,488nm Binned_Seq0140.nd2","260319_Day39_WellK17_Channel405nm Binned,561nm Binned,488nm Binned_Seq0140.nd2",.nd2,49692672,2026-03-19T09:05:44,K17,39,405nm Binned|561nm Binned|488nm Binned,Seq0140,20260319_083746_585,high,,not_requested,,,
"/Users/makennarodriguez/Documents/260213_Feb16recopy_HYdiff_landingpadlines_survival_384well1/20260319_083746_585/260319_Day39_WellK18_Channel405nm Binned,561nm Binned,488nm Binned_Seq0141.nd2","20260319_083746_585/260319_Day39_WellK18_Channel405nm Binned,561nm Binned,488nm Binned_Seq0141.nd2","260319_Day39_WellK18_Channel405nm Binned,561nm Binned,488nm Binned_Seq0141.nd2",.nd2,49692672,2026-03-19T09:05:56,K18,39,405nm Binned|561nm Binned|488nm Binned,Seq0141,20260319_083746_585,high,,not_requested,,,
"/Users/makennarodriguez/Documents/260213_Feb16recopy_HYdiff_landingpadlines_survival_384well1/20260319_083746_585/260319_Day39_WellK19_Channel405nm Binned,561nm Binned,488nm Binned_Seq0142.nd2","20260319_083746_585/260319_Day39_WellK19_Channel405nm Binned,561nm Binned,488nm Binned_Seq0142.nd2","260319_Day39_WellK19_Channel405nm Binned,561nm Binned,488nm Binned_Seq0142.nd2",.nd2,49692672,2026-03-19T09:06:08,K19,39,405nm Binned|561nm Binned|488nm Binned,Seq0142,20260319_083746_585,high,,not_requested,,,
"/Users/makennarodriguez/Documents/260213_Feb16recopy_HYdiff_landingpadlines_survival_384well1/20260319_083746_585/260319_Day39_WellK20_Channel405nm Binned,561nm Binned,488nm Binned_Seq0143.nd2","20260319_083746_585/260319_Day39_WellK20_Channel405nm Binned,561nm Binned,488nm Binned_Seq0143.nd2","260319_Day39_WellK20_Channel405nm Binned,561nm Binned,488nm Binned_Seq0143.nd2",.nd2,49692672,2026-03-19T09:06:20,K20,39,405nm Binned|561nm Binned|488nm Binned,Seq0143,20260319_083746_585,high,,not_requested,,,
"/Users/makennarodriguez/Documents/260213_Feb16recopy_HYdiff_landingpadlines_survival_384well1/20260319_083746_585/260319_Day39_WellL05_Channel405nm Binned,561nm Binned,488nm Binned_Seq0144.nd2","20260319_083746_585/260319_Day39_WellL05_Channel405nm Binned,561nm Binned,488nm Binned_Seq0144.nd2","260319_Day39_WellL05_Channel405nm Binned,561nm Binned,488nm Binned_Seq0144.nd2",.nd2,49692672,2026-03-19T09:06:34,L05,39,405nm Binned|561nm Binned|488nm Binned,Seq0144,20260319_083746_585,high,,not_requested,,,
"/Users/makennarodriguez/Documents/260213_Feb16recopy_HYdiff_landingpadlines_survival_384well1/20260319_083746_585/260319_Day39_WellL06_Channel405nm Binned,561nm Binned,488nm Binned_Seq0145.nd2","20260319_083746_585/260319_Day39_WellL06_Channel405nm Binned,561nm Binned,488nm Binned_Seq0145.nd2","260319_Day39_WellL06_Channel405nm Binned,561nm Binned,488nm Binned_Seq0145.nd2",.nd2,49692672,2026-03-19T09:06:44,L06,39,405nm Binned|561nm Binned|488nm Binned,Seq0145,20260319_083746_585,high,,not_requested,,,
"/Users/makennarodriguez/Documents/260213_Feb16recopy_HYdiff_landingpadlines_survival_384well1/20260319_083746_585/260319_Day39_WellL07_Channel405nm Binned,561nm Binned,488nm Binned_Seq0146.nd2","20260319_083746_585/260319_Day39_WellL07_Channel405nm Binned,561nm Binned,488nm Binned_Seq0146.nd2","260319_Day39_WellL07_Channel405nm Binned,561nm Binned,488nm Binned_Seq0146.nd2",.nd2,49692672,2026-03-19T09:06:56,L07,39,405nm Binned|561nm Binned|488nm Binned,Seq0146,20260319_083746_585,high,,not_requested,,,
"/Users/makennarodriguez/Documents/260213_Feb16recopy_HYdiff_landingpadlines_survival_384well1/20260319_083746_585/260319_Day39_WellL08_Channel405nm Binned,561nm Binned,488nm Binned_Seq0147.nd2","20260319_083746_585/260319_Day39_WellL08_Channel405nm Binned,561nm Binned,488nm Binned_Seq0147.nd2","260319_Day39_WellL08_Channel405nm Binned,561nm Binned,488nm Binned_Seq0147.nd2",.nd2,49692672,2026-03-19T09:07:08,L08,39,405nm Binned|561nm Binned|488nm Binned,Seq0147,20260319_083746_585,high,,not_requested,,,
"/Users/makennarodriguez/Documents/260213_Feb16recopy_HYdiff_landingpadlines_survival_384well1/20260319_083746_585/260319_Day39_WellL09_Channel405nm Binned,561nm Binned,488nm Binned_Seq0148.nd2","20260319_083746_585/260319_Day39_WellL09_Channel405nm Binned,561nm Binned,488nm Binned_Seq0148.nd2","260319_Day39_WellL09_Channel405nm Binned,561nm Binned,488nm Binned_Seq0148.nd2",.nd2,49692672,2026-03-19T09:07:20,L09,39,405nm Binned|561nm Binned|488nm Binned,Seq0148,20260319_083746_585,high,,not_requested,,,
"/Users/makennarodriguez/Documents/260213_Feb16recopy_HYdiff_landingpadlines_survival_384well1/20260319_083746_585/260319_Day39_WellL10_Channel405nm Binned,561nm Binned,488nm Binned_Seq0149.nd2","20260319_083746_585/260319_Day39_WellL10_Channel405nm Binned,561nm Binned,488nm Binned_Seq0149.nd2","260319_Day39_WellL10_Channel405nm Binned,561nm Binned,488nm Binned_Seq0149.nd2",.nd2,49692672,2026-03-19T09:07:30,L10,39,405nm Binned|561nm Binned|488nm Binned,Seq0149,20260319_083746_585,high,,not_requested,,,
"/Users/makennarodriguez/Documents/260213_Feb16recopy_HYdiff_landingpadlines_survival_384well1/20260319_083746_585/260319_Day39_WellL11_Channel405nm Binned,561nm Binned,488nm Binned_Seq0150.nd2","20260319_083746_585/260319_Day39_WellL11_Channel405nm Binned,561nm Binned,488nm Binned_Seq0150.nd2","260319_Day39_WellL11_Channel405nm Binned,561nm Binned,488nm Binned_Seq0150.nd2",.nd2,49692672,2026-03-19T09:07:42,L11,39,405nm Binned|561nm Binned|488nm Binned,Seq0150,20260319_083746_585,high,,not_requested,,,
"/Users/makennarodriguez/Documents/260213_Feb16recopy_HYdiff_landingpadlines_survival_384well1/20260319_083746_585/260319_Day39_WellL12_Channel405nm Binned,561nm Binned,488nm Binned_Seq0151.nd2","20260319_083746_585/260319_Day39_WellL12_Channel405nm Binned,561nm Binned,488nm Binned_Seq0151.nd2","260319_Day39_WellL12_Channel405nm Binned,561nm Binned,488nm Binned_Seq0151.nd2",.nd2,49692672,2026-03-19T09:07:54,L12,39,405nm Binned|561nm Binned|488nm Binned,Seq0151,20260319_083746_585,high,,not_requested,,,
"/Users/makennarodriguez/Documents/260213_Feb16recopy_HYdiff_landingpadlines_survival_384well1/20260319_083746_585/260319_Day39_WellL13_Channel405nm Binned,561nm Binned,488nm Binned_Seq0152.nd2","20260319_083746_585/260319_Day39_WellL13_Channel405nm Binned,561nm Binned,488nm Binned_Seq0152.nd2","260319_Day39_WellL13_Channel405nm Binned,561nm Binned,488nm Binned_Seq0152.nd2",.nd2,49692672,2026-03-19T09:08:06,L13,39,405nm Binned|561nm Binned|488nm Binned,Seq0152,20260319_083746_585,high,,not_requested,,,
"/Users/makennarodriguez/Documents/260213_Feb16recopy_HYdiff_landingpadlines_survival_384well1/20260319_083746_585/260319_Day39_WellL14_Channel405nm Binned,561nm Binned,488nm Binned_Seq0153.nd2","20260319_083746_585/260319_Day39_WellL14_Channel405nm Binned,561nm Binned,488nm Binned_Seq0153.nd2","260319_Day39_WellL14_Channel405nm Binned,561nm Binned,488nm Binned_Seq0153.nd2",.nd2,49692672,2026-03-19T09:08:16,L14,39,405nm Binned|561nm Binned|488nm Binned,Seq0153,20260319_083746_585,high,,not_requested,,,
"/Users/makennarodriguez/Documents/260213_Feb16recopy_HYdiff_landingpadlines_survival_384well1/20260319_083746_585/260319_Day39_WellL15_Channel405nm Binned,561nm Binned,488nm Binned_Seq0154.nd2","20260319_083746_585/260319_Day39_WellL15_Channel405nm Binned,561nm Binned,488nm Binned_Seq0154.nd2","260319_Day39_WellL15_Channel405nm Binned,561nm Binned,488nm Binned_Seq0154.nd2",.nd2,49692672,2026-03-19T09:08:28,L15,39,405nm Binned|561nm Binned|488nm Binned,Seq0154,20260319_083746_585,high,,not_requested,,,
"/Users/makennarodriguez/Documents/260213_Feb16recopy_HYdiff_landingpadlines_survival_384well1/20260319_083746_585/260319_Day39_WellL16_Channel405nm Binned,561nm Binned,488nm Binned_Seq0155.nd2","20260319_083746_585/260319_Day39_WellL16_Channel405nm Binned,561nm Binned,488nm Binned_Seq0155.nd2","260319_Day39_WellL16_Channel405nm Binned,561nm Binned,488nm Binned_Seq0155.nd2",.nd2,49692672,2026-03-19T09:08:40,L16,39,405nm Binned|561nm Binned|488nm Binned,Seq0155,20260319_083746_585,high,,not_requested,,,
"/Users/makennarodriguez/Documents/260213_Feb16recopy_HYdiff_landingpadlines_survival_384well1/20260319_083746_585/260319_Day39_WellL17_Channel405nm Binned,561nm Binned,488nm Binned_Seq0156.nd2","20260319_083746_585/260319_Day39_WellL17_Channel405nm Binned,561nm Binned,488nm Binned_Seq0156.nd2","260319_Day39_WellL17_Channel405nm Binned,561nm Binned,488nm Binned_Seq0156.nd2",.nd2,49692672,2026-03-19T09:08:50,L17,39,405nm Binned|561nm Binned|488nm Binned,Seq0156,20260319_083746_585,high,,not_requested,,,
"/Users/makennarodriguez/Documents/260213_Feb16recopy_HYdiff_landingpadlines_survival_384well1/20260319_083746_585/260319_Day39_WellL18_Channel405nm Binned,561nm Binned,488nm Binned_Seq0157.nd2","20260319_083746_585/260319_Day39_WellL18_Channel405nm Binned,561nm Binned,488nm Binned_Seq0157.nd2","260319_Day39_WellL18_Channel405nm Binned,561nm Binned,488nm Binned_Seq0157.nd2",.nd2,49692672,2026-03-19T09:09:02,L18,39,405nm Binned|561nm Binned|488nm Binned,Seq0157,20260319_083746_585,high,,not_requested,,,
"/Users/makennarodriguez/Documents/260213_Feb16recopy_HYdiff_landingpadlines_survival_384well1/20260319_083746_585/260319_Day39_WellL19_Channel405nm Binned,561nm Binned,488nm Binned_Seq0158.nd2","20260319_083746_585/260319_Day39_WellL19_Channel405nm Binned,561nm Binned,488nm Binned_Seq0158.nd2","260319_Day39_WellL19_Channel405nm Binned,561nm Binned,488nm Binned_Seq0158.nd2",.nd2,49692672,2026-03-19T09:09:14,L19,39,405nm Binned|561nm Binned|488nm Binned,Seq0158,20260319_083746_585,high,,not_requested,,,
"/Users/makennarodriguez/Documents/260213_Feb16recopy_HYdiff_landingpadlines_survival_384well1/20260319_083746_585/260319_Day39_WellL20_Channel405nm Binned,561nm Binned,488nm Binned_Seq0159.nd2","20260319_083746_585/260319_Day39_WellL20_Channel405nm Binned,561nm Binned,488nm Binned_Seq0159.nd2","260319_Day39_WellL20_Channel405nm Binned,561nm Binned,488nm Binned_Seq0159.nd2",.nd2,49692672,2026-03-19T09:09:26,L20,39,405nm Binned|561nm Binned|488nm Binned,Seq0159,20260319_083746_585,high,,not_requested,,,
"/Users/makennarodriguez/Documents/260213_Feb16recopy_HYdiff_landingpadlines_survival_384well1/20260319_083746_585/260319_Day39_WellM05_Channel405nm Binned,561nm Binned,488nm Binned_Seq0160.nd2","20260319_083746_585/260319_Day39_WellM05_Channel405nm Binned,561nm Binned,488nm Binned_Seq0160.nd2","260319_Day39_WellM05_Channel405nm Binned,561nm Binned,488nm Binned_Seq0160.nd2",.nd2,49692672,2026-03-19T09:09:40,M05,39,405nm Binned|561nm Binned|488nm Binned,Seq0160,20260319_083746_585,high,,not_requested,,,
"/Users/makennarodriguez/Documents/260213_Feb16recopy_HYdiff_landingpadlines_survival_384well1/20260319_083746_585/260319_Day39_WellM06_Channel405nm Binned,561nm Binned,488nm Binned_Seq0161.nd2","20260319_083746_585/260319_Day39_WellM06_Channel405nm Binned,561nm Binned,488nm Binned_Seq0161.nd2","260319_Day39_WellM06_Channel405nm Binned,561nm Binned,488nm Binned_Seq0161.nd2",.nd2,49692672,2026-03-19T09:09:50,M06,39,405nm Binned|561nm Binned|488nm Binned,Seq0161,20260319_083746_585,high,,not_requested,,,
"/Users/makennarodriguez/Documents/260213_Feb16recopy_HYdiff_landingpadlines_survival_384well1/20260319_083746_585/260319_Day39_WellM07_Channel405nm Binned,561nm Binned,488nm Binned_Seq0162.nd2","20260319_083746_585/260319_Day39_WellM07_Channel405nm Binned,561nm Binned,488nm Binned_Seq0162.nd2","260319_Day39_WellM07_Channel405nm Binned,561nm Binned,488nm Binned_Seq0162.nd2",.nd2,49692672,2026-03-19T09:10:02,M07,39,405nm Binned|561nm Binned|488nm Binned,Seq0162,20260319_083746_585,high,,not_requested,,,
"/Users/makennarodriguez/Documents/260213_Feb16recopy_HYdiff_landingpadlines_survival_384well1/20260319_083746_585/260319_Day39_WellM08_Channel405nm Binned,561nm Binned,488nm Binned_Seq0163.nd2","20260319_083746_585/260319_Day39_WellM08_Channel405nm Binned,561nm Binned,488nm Binned_Seq0163.nd2","260319_Day39_WellM08_Channel405nm Binned,561nm Binned,488nm Binned_Seq0163.nd2",.nd2,49692672,2026-03-19T09:10:14,M08,39,405nm Binned|561nm Binned|488nm Binned,Seq0163,20260319_083746_585,high,,not_requested,,,
"/Users/makennarodriguez/Documents/260213_Feb16recopy_HYdiff_landingpadlines_survival_384well1/20260319_083746_585/260319_Day39_WellM09_Channel405nm Binned,561nm Binned,488nm Binned_Seq0164.nd2","20260319_083746_585/260319_Day39_WellM09_Channel405nm Binned,561nm Binned,488nm Binned_Seq0164.nd2","260319_Day39_WellM09_Channel405nm Binned,561nm Binned,488nm Binned_Seq0164.nd2",.nd2,49692672,2026-03-19T09:10:26,M09,39,405nm Binned|561nm Binned|488nm Binned,Seq0164,20260319_083746_585,high,,not_requested,,,
"/Users/makennarodriguez/Documents/260213_Feb16recopy_HYdiff_landingpadlines_survival_384well1/20260319_083746_585/260319_Day39_WellM10_Channel405nm Binned,561nm Binned,488nm Binned_Seq0165.nd2","20260319_083746_585/260319_Day39_WellM10_Channel405nm Binned,561nm Binned,488nm Binned_Seq0165.nd2","260319_Day39_WellM10_Channel405nm Binned,561nm Binned,488nm Binned_Seq0165.nd2",.nd2,49692672,2026-03-19T09:10:36,M10,39,405nm Binned|561nm Binned|488nm Binned,Seq0165,20260319_083746_585,high,,not_requested,,,
"/Users/makennarodriguez/Documents/260213_Feb16recopy_HYdiff_landingpadlines_survival_384well1/20260319_083746_585/260319_Day39_WellM11_Channel405nm Binned,561nm Binned,488nm Binned_Seq0166.nd2","20260319_083746_585/260319_Day39_WellM11_Channel405nm Binned,561nm Binned,488nm Binned_Seq0166.nd2","260319_Day39_WellM11_Channel405nm Binned,561nm Binned,488nm Binned_Seq0166.nd2",.nd2,49692672,2026-03-19T09:10:48,M11,39,405nm Binned|561nm Binned|488nm Binned,Seq0166,20260319_083746_585,high,,not_requested,,,
"/Users/makennarodriguez/Documents/260213_Feb16recopy_HYdiff_landingpadlines_survival_384well1/20260319_083746_585/260319_Day39_WellM12_Channel405nm Binned,561nm Binned,488nm Binned_Seq0167.nd2","20260319_083746_585/260319_Day39_WellM12_Channel405nm Binned,561nm Binned,488nm Binned_Seq0167.nd2","260319_Day39_WellM12_Channel405nm Binned,561nm Binned,488nm Binned_Seq0167.nd2",.nd2,49692672,2026-03-19T09:11:00,M12,39,405nm Binned|561nm Binned|488nm Binned,Seq0167,20260319_083746_585,high,,not_requested,,,
"/Users/makennarodriguez/Documents/260213_Feb16recopy_HYdiff_landingpadlines_survival_384well1/20260319_083746_585/260319_Day39_WellM13_Channel405nm Binned,561nm Binned,488nm Binned_Seq0168.nd2","20260319_083746_585/260319_Day39_WellM13_Channel405nm Binned,561nm Binned,488nm Binned_Seq0168.nd2","260319_Day39_WellM13_Channel405nm Binned,561nm Binned,488nm Binned_Seq0168.nd2",.nd2,49692672,2026-03-19T09:11:12,M13,39,405nm Binned|561nm Binned|488nm Binned,Seq0168,20260319_083746_585,high,,not_requested,,,
"/Users/makennarodriguez/Documents/260213_Feb16recopy_HYdiff_landingpadlines_survival_384well1/20260319_083746_585/260319_Day39_WellM14_Channel405nm Binned,561nm Binned,488nm Binned_Seq0169.nd2","20260319_083746_585/260319_Day39_WellM14_Channel405nm Binned,561nm Binned,488nm Binned_Seq0169.nd2","260319_Day39_WellM14_Channel405nm Binned,561nm Binned,488nm Binned_Seq0169.nd2",.nd2,49692672,2026-03-19T09:11:24,M14,39,405nm Binned|561nm Binned|488nm Binned,Seq0169,20260319_083746_585,high,,not_requested,,,
"/Users/makennarodriguez/Documents/260213_Feb16recopy_HYdiff_landingpadlines_survival_384well1/20260319_083746_585/260319_Day39_WellM15_Channel405nm Binned,561nm Binned,488nm Binned_Seq0170.nd2","20260319_083746_585/260319_Day39_WellM15_Channel405nm Binned,561nm Binned,488nm Binned_Seq0170.nd2","260319_Day39_WellM15_Channel405nm Binned,561nm Binned,488nm Binned_Seq0170.nd2",.nd2,49692672,2026-03-19T09:11:34,M15,39,405nm Binned|561nm Binned|488nm Binned,Seq0170,20260319_083746_585,high,,not_requested,,,
"/Users/makennarodriguez/Documents/260213_Feb16recopy_HYdiff_landingpadlines_survival_384well1/20260319_083746_585/260319_Day39_WellM16_Channel405nm Binned,561nm Binned,488nm Binned_Seq0171.nd2","20260319_083746_585/260319_Day39_WellM16_Channel405nm Binned,561nm Binned,488nm Binned_Seq0171.nd2","260319_Day39_WellM16_Channel405nm Binned,561nm Binned,488nm Binned_Seq0171.nd2",.nd2,49692672,2026-03-19T09:11:46,M16,39,405nm Binned|561nm Binned|488nm Binned,Seq0171,20260319_083746_585,high,,not_requested,,,
"/Users/makennarodriguez/Documents/260213_Feb16recopy_HYdiff_landingpadlines_survival_384well1/20260319_083746_585/260319_Day39_WellM17_Channel405nm Binned,561nm Binned,488nm Binned_Seq0172.nd2","20260319_083746_585/260319_Day39_WellM17_Channel405nm Binned,561nm Binned,488nm Binned_Seq0172.nd2","260319_Day39_WellM17_Channel405nm Binned,561nm Binned,488nm Binned_Seq0172.nd2",.nd2,49692672,2026-03-19T09:11:58,M17,39,405nm Binned|561nm Binned|488nm Binned,Seq0172,20260319_083746_585,high,,not_requested,,,
"/Users/makennarodriguez/Documents/260213_Feb16recopy_HYdiff_landingpadlines_survival_384well1/20260319_083746_585/260319_Day39_WellM18_Channel405nm Binned,561nm Binned,488nm Binned_Seq0173.nd2","20260319_083746_585/260319_Day39_WellM18_Channel405nm Binned,561nm Binned,488nm Binned_Seq0173.nd2","260319_Day39_WellM18_Channel405nm Binned,561nm Binned,488nm Binned_Seq0173.nd2",.nd2,49692672,2026-03-19T09:12:08,M18,39,405nm Binned|561nm Binned|488nm Binned,Seq0173,20260319_083746_585,high,,not_requested,,,
"/Users/makennarodriguez/Documents/260213_Feb16recopy_HYdiff_landingpadlines_survival_384well1/20260319_083746_585/260319_Day39_WellM19_Channel405nm Binned,561nm Binned,488nm Binned_Seq0174.nd2","20260319_083746_585/260319_Day39_WellM19_Channel405nm Binned,561nm Binned,488nm Binned_Seq0174.nd2","260319_Day39_WellM19_Channel405nm Binned,561nm Binned,488nm Binned_Seq0174.nd2",.nd2,49692672,2026-03-19T09:12:20,M19,39,405nm Binned|561nm Binned|488nm Binned,Seq0174,20260319_083746_585,high,,not_requested,,,
"/Users/makennarodriguez/Documents/260213_Feb16recopy_HYdiff_landingpadlines_survival_384well1/20260319_083746_585/260319_Day39_WellM20_Channel405nm Binned,561nm Binned,488nm Binned_Seq0175.nd2","20260319_083746_585/260319_Day39_WellM20_Channel405nm Binned,561nm Binned,488nm Binned_Seq0175.nd2","260319_Day39_WellM20_Channel405nm Binned,561nm Binned,488nm Binned_Seq0175.nd2",.nd2,49692672,2026-03-19T09:12:32,M20,39,405nm Binned|561nm Binned|488nm Binned,Seq0175,20260319_083746_585,high,,not_requested,,,
"/Users/makennarodriguez/Documents/260213_Feb16recopy_HYdiff_landingpadlines_survival_384well1/20260319_083746_585/260319_Day39_WellN05_Channel405nm Binned,561nm Binned,488nm Binned_Seq0176.nd2","20260319_083746_585/260319_Day39_WellN05_Channel405nm Binned,561nm Binned,488nm Binned_Seq0176.nd2","260319_Day39_WellN05_Channel405nm Binned,561nm Binned,488nm Binned_Seq0176.nd2",.nd2,49692672,2026-03-19T09:12:46,N05,39,405nm Binned|561nm Binned|488nm Binned,Seq0176,20260319_083746_585,high,,not_requested,,,
"/Users/makennarodriguez/Documents/260213_Feb16recopy_HYdiff_landingpadlines_survival_384well1/20260319_083746_585/260319_Day39_WellN06_Channel405nm Binned,561nm Binned,488nm Binned_Seq0177.nd2","20260319_083746_585/260319_Day39_WellN06_Channel405nm Binned,561nm Binned,488nm Binned_Seq0177.nd2","260319_Day39_WellN06_Channel405nm Binned,561nm Binned,488nm Binned_Seq0177.nd2",.nd2,49692672,2026-03-19T09:12:58,N06,39,405nm Binned|561nm Binned|488nm Binned,Seq0177,20260319_083746_585,high,,not_requested,,,
"/Users/makennarodriguez/Documents/260213_Feb16recopy_HYdiff_landingpadlines_survival_384well1/20260319_083746_585/260319_Day39_WellN07_Channel405nm Binned,561nm Binned,488nm Binned_Seq0178.nd2","20260319_083746_585/260319_Day39_WellN07_Channel405nm Binned,561nm Binned,488nm Binned_Seq0178.nd2","260319_Day39_WellN07_Channel405nm Binned,561nm Binned,488nm Binned_Seq0178.nd2",.nd2,49692672,2026-03-19T09:13:08,N07,39,405nm Binned|561nm Binned|488nm Binned,Seq0178,20260319_083746_585,high,,not_requested,,,
"/Users/makennarodriguez/Documents/260213_Feb16recopy_HYdiff_landingpadlines_survival_384well1/20260319_083746_585/260319_Day39_WellN08_Channel405nm Binned,561nm Binned,488nm Binned_Seq0179.nd2","20260319_083746_585/260319_Day39_WellN08_Channel405nm Binned,561nm Binned,488nm Binned_Seq0179.nd2","260319_Day39_WellN08_Channel405nm Binned,561nm Binned,488nm Binned_Seq0179.nd2",.nd2,49692672,2026-03-19T09:13:20,N08,39,405nm Binned|561nm Binned|488nm Binned,Seq0179,20260319_083746_585,high,,not_requested,,,
"/Users/makennarodriguez/Documents/260213_Feb16recopy_HYdiff_landingpadlines_survival_384well1/20260319_083746_585/260319_Day39_WellN09_Channel405nm Binned,561nm Binned,488nm Binned_Seq0180.nd2","20260319_083746_585/260319_Day39_WellN09_Channel405nm Binned,561nm Binned,488nm Binned_Seq0180.nd2","260319_Day39_WellN09_Channel405nm Binned,561nm Binned,488nm Binned_Seq0180.nd2",.nd2,49692672,2026-03-19T09:13:32,N09,39,405nm Binned|561nm Binned|488nm Binned,Seq0180,20260319_083746_585,high,,not_requested,,,
"/Users/makennarodriguez/Documents/260213_Feb16recopy_HYdiff_landingpadlines_survival_384well1/20260319_083746_585/260319_Day39_WellN10_Channel405nm Binned,561nm Binned,488nm Binned_Seq0181.nd2","20260319_083746_585/260319_Day39_WellN10_Channel405nm Binned,561nm Binned,488nm Binned_Seq0181.nd2","260319_Day39_WellN10_Channel405nm Binned,561nm Binned,488nm Binned_Seq0181.nd2",.nd2,49692672,2026-03-19T09:13:44,N10,39,405nm Binned|561nm Binned|488nm Binned,Seq0181,20260319_083746_585,high,,not_requested,,,
"/Users/makennarodriguez/Documents/260213_Feb16recopy_HYdiff_landingpadlines_survival_384well1/20260319_083746_585/260319_Day39_WellN11_Channel405nm Binned,561nm Binned,488nm Binned_Seq0182.nd2","20260319_083746_585/260319_Day39_WellN11_Channel405nm Binned,561nm Binned,488nm Binned_Seq0182.nd2","260319_Day39_WellN11_Channel405nm Binned,561nm Binned,488nm Binned_Seq0182.nd2",.nd2,49692672,2026-03-19T09:13:54,N11,39,405nm Binned|561nm Binned|488nm Binned,Seq0182,20260319_083746_585,high,,not_requested,,,
"/Users/makennarodriguez/Documents/260213_Feb16recopy_HYdiff_landingpadlines_survival_384well1/20260319_083746_585/260319_Day39_WellN12_Channel405nm Binned,561nm Binned,488nm Binned_Seq0183.nd2","20260319_083746_585/260319_Day39_WellN12_Channel405nm Binned,561nm Binned,488nm Binned_Seq0183.nd2","260319_Day39_WellN12_Channel405nm Binned,561nm Binned,488nm Binned_Seq0183.nd2",.nd2,49692672,2026-03-19T09:14:06,N12,39,405nm Binned|561nm Binned|488nm Binned,Seq0183,20260319_083746_585,high,,not_requested,,,
"/Users/makennarodriguez/Documents/260213_Feb16recopy_HYdiff_landingpadlines_survival_384well1/20260319_083746_585/260319_Day39_WellN13_Channel405nm Binned,561nm Binned,488nm Binned_Seq0184.nd2","20260319_083746_585/260319_Day39_WellN13_Channel405nm Binned,561nm Binned,488nm Binned_Seq0184.nd2","260319_Day39_WellN13_Channel405nm Binned,561nm Binned,488nm Binned_Seq0184.nd2",.nd2,49692672,2026-03-19T09:14:18,N13,39,405nm Binned|561nm Binned|488nm Binned,Seq0184,20260319_083746_585,high,,not_requested,,,
"/Users/makennarodriguez/Documents/260213_Feb16recopy_HYdiff_landingpadlines_survival_384well1/20260319_083746_585/260319_Day39_WellN14_Channel405nm Binned,561nm Binned,488nm Binned_Seq0185.nd2","20260319_083746_585/260319_Day39_WellN14_Channel405nm Binned,561nm Binned,488nm Binned_Seq0185.nd2","260319_Day39_WellN14_Channel405nm Binned,561nm Binned,488nm Binned_Seq0185.nd2",.nd2,49692672,2026-03-19T09:14:28,N14,39,405nm Binned|561nm Binned|488nm Binned,Seq0185,20260319_083746_585,high,,not_requested,,,
"/Users/makennarodriguez/Documents/260213_Feb16recopy_HYdiff_landingpadlines_survival_384well1/20260319_083746_585/260319_Day39_WellN15_Channel405nm Binned,561nm Binned,488nm Binned_Seq0186.nd2","20260319_083746_585/260319_Day39_WellN15_Channel405nm Binned,561nm Binned,488nm Binned_Seq0186.nd2","260319_Day39_WellN15_Channel405nm Binned,561nm Binned,488nm Binned_Seq0186.nd2",.nd2,49692672,2026-03-19T09:14:40,N15,39,405nm Binned|561nm Binned|488nm Binned,Seq0186,20260319_083746_585,high,,not_requested,,,
"/Users/makennarodriguez/Documents/260213_Feb16recopy_HYdiff_landingpadlines_survival_384well1/20260319_083746_585/260319_Day39_WellN16_Channel405nm Binned,561nm Binned,488nm Binned_Seq0187.nd2","20260319_083746_585/260319_Day39_WellN16_Channel405nm Binned,561nm Binned,488nm Binned_Seq0187.nd2","260319_Day39_WellN16_Channel405nm Binned,561nm Binned,488nm Binned_Seq0187.nd2",.nd2,49692672,2026-03-19T09:14:52,N16,39,405nm Binned|561nm Binned|488nm Binned,Seq0187,20260319_083746_585,high,,not_requested,,,
"/Users/makennarodriguez/Documents/260213_Feb16recopy_HYdiff_landingpadlines_survival_384well1/20260319_083746_585/260319_Day39_WellN17_Channel405nm Binned,561nm Binned,488nm Binned_Seq0188.nd2","20260319_083746_585/260319_Day39_WellN17_Channel405nm Binned,561nm Binned,488nm Binned_Seq0188.nd2","260319_Day39_WellN17_Channel405nm Binned,561nm Binned,488nm Binned_Seq0188.nd2",.nd2,49692672,2026-03-19T09:15:02,N17,39,405nm Binned|561nm Binned|488nm Binned,Seq0188,20260319_083746_585,high,,not_requested,,,
"/Users/makennarodriguez/Documents/260213_Feb16recopy_HYdiff_landingpadlines_survival_384well1/20260319_083746_585/260319_Day39_WellN18_Channel405nm Binned,561nm Binned,488nm Binned_Seq0189.nd2","20260319_083746_585/260319_Day39_WellN18_Channel405nm Binned,561nm Binned,488nm Binned_Seq0189.nd2","260319_Day39_WellN18_Channel405nm Binned,561nm Binned,488nm Binned_Seq0189.nd2",.nd2,49692672,2026-03-19T09:15:14,N18,39,405nm Binned|561nm Binned|488nm Binned,Seq0189,20260319_083746_585,high,,not_requested,,,
"/Users/makennarodriguez/Documents/260213_Feb16recopy_HYdiff_landingpadlines_survival_384well1/20260319_083746_585/260319_Day39_WellN19_Channel405nm Binned,561nm Binned,488nm Binned_Seq0190.nd2","20260319_083746_585/260319_Day39_WellN19_Channel405nm Binned,561nm Binned,488nm Binned_Seq0190.nd2","260319_Day39_WellN19_Channel405nm Binned,561nm Binned,488nm Binned_Seq0190.nd2",.nd2,49692672,2026-03-19T09:15:26,N19,39,405nm Binned|561nm Binned|488nm Binned,Seq0190,20260319_083746_585,high,,not_requested,,,
"/Users/makennarodriguez/Documents/260213_Feb16recopy_HYdiff_landingpadlines_survival_384well1/20260319_083746_585/260319_Day39_WellN20_Channel405nm Binned,561nm Binned,488nm Binned_Seq0191.nd2","20260319_083746_585/260319_Day39_WellN20_Channel405nm Binned,561nm Binned,488nm Binned_Seq0191.nd2","260319_Day39_WellN20_Channel405nm Binned,561nm Binned,488nm Binned_Seq0191.nd2",.nd2,49692672,2026-03-19T09:15:38,N20,39,405nm Binned|561nm Binned|488nm Binned,Seq0191,20260319_083746_585,high,,not_requested,,,
