cell_id,cell_area_px,n_lysosomes,lyso_area_frac,lyso_mean_size_um2,lamp1_mean,lamp1_integrated,perinuclear_index,tmem_manders_m1,tmem_pearson,qc_pass,qc_reason,condition,well,fov,timepoint,plate,file_path,n_z_slices
1,18592,1,0.0004840791738382,0.1049759999999999,86.80970001220703,1613966.0,4.9038801929811,6.195917308104981e-07,-0.0280759890094068,True,,KO,C8,1.0,d7,Plate1,/Users/pmihack/claire/tmem_2026/data/cleaved_tmem_pld3_260821/d7/TMEM_KO/TMEMKO_Plate1_d7_TMEM561LAMP1640MAP2488DAPI405_C8_F1.nd2,13
2,10578,0,0.0,0.0,43.71506881713867,462418.0,,0.0,-0.0304789899138056,True,,KO,C8,1.0,d7,Plate1,/Users/pmihack/claire/tmem_2026/data/cleaved_tmem_pld3_260821/d7/TMEM_KO/TMEMKO_Plate1_d7_TMEM561LAMP1640MAP2488DAPI405_C8_F1.nd2,13
3,8234,1,0.169419480204032,16.271279999999997,1874.8123779296875,15437205.0,8.698897912520861,0.0,0.1193439123669041,True,,KO,C8,1.0,d7,Plate1,/Users/pmihack/claire/tmem_2026/data/cleaved_tmem_pld3_260821/d7/TMEM_KO/TMEMKO_Plate1_d7_TMEM561LAMP1640MAP2488DAPI405_C8_F1.nd2,13
4,22060,10,0.0815049864007252,2.0971872,918.5858764648438,20264004.0,10.422454550509666,0.0019404852064326,0.0110138909293857,True,,KO,C8,1.0,d7,Plate1,/Users/pmihack/claire/tmem_2026/data/cleaved_tmem_pld3_260821/d7/TMEM_KO/TMEMKO_Plate1_d7_TMEM561LAMP1640MAP2488DAPI405_C8_F1.nd2,13
5,21241,10,0.0627559907725625,1.5548112,763.75,16222814.0,7.507712280824816,0.0,0.1965719607877998,True,,KO,C8,1.0,d7,Plate1,/Users/pmihack/claire/tmem_2026/data/cleaved_tmem_pld3_260821/d7/TMEM_KO/TMEMKO_Plate1_d7_TMEM561LAMP1640MAP2488DAPI405_C8_F1.nd2,13
6,24219,6,0.1242000082579792,5.847551999999999,1197.525634765625,29002874.0,8.15280905262761,0.0,0.0911087075857269,True,,KO,C8,1.0,d7,Plate1,/Users/pmihack/claire/tmem_2026/data/cleaved_tmem_pld3_260821/d7/TMEM_KO/TMEMKO_Plate1_d7_TMEM561LAMP1640MAP2488DAPI405_C8_F1.nd2,13
7,12895,8,0.0935246219464908,1.7583479999999998,947.2303466796876,12214535.0,17.12264954732849,0.0,0.445098132140283,True,,KO,C8,1.0,d7,Plate1,/Users/pmihack/claire/tmem_2026/data/cleaved_tmem_pld3_260821/d7/TMEM_KO/TMEMKO_Plate1_d7_TMEM561LAMP1640MAP2488DAPI405_C8_F1.nd2,13
8,18732,7,0.0919816357036088,2.8710102857142856,927.1007690429688,17366452.0,6.40851033313732,0.0,0.146105985366258,True,,KO,C8,1.0,d7,Plate1,/Users/pmihack/claire/tmem_2026/data/cleaved_tmem_pld3_260821/d7/TMEM_KO/TMEMKO_Plate1_d7_TMEM561LAMP1640MAP2488DAPI405_C8_F1.nd2,13
9,19870,13,0.0398087569199798,0.7097095384615384,579.4769897460938,11514208.0,12.892350875197614,0.0,0.1527103296314843,True,,KO,C8,1.0,d7,Plate1,/Users/pmihack/claire/tmem_2026/data/cleaved_tmem_pld3_260821/d7/TMEM_KO/TMEMKO_Plate1_d7_TMEM561LAMP1640MAP2488DAPI405_C8_F1.nd2,13
10,10643,5,0.0855961664944094,2.1251808,991.9661865234376,10557496.0,21.207042479198503,0.0,0.1449000403411187,True,,KO,C8,1.0,d7,Plate1,/Users/pmihack/claire/tmem_2026/data/cleaved_tmem_pld3_260821/d7/TMEM_KO/TMEMKO_Plate1_d7_TMEM561LAMP1640MAP2488DAPI405_C8_F1.nd2,13
11,11795,7,0.1376854599406528,2.7060479999999996,1576.9271240234375,18599856.0,23.162177682150848,0.0,0.5569947732222693,True,,KO,C8,1.0,d7,Plate1,/Users/pmihack/claire/tmem_2026/data/cleaved_tmem_pld3_260821/d7/TMEM_KO/TMEMKO_Plate1_d7_TMEM561LAMP1640MAP2488DAPI405_C8_F1.nd2,13
12,12432,6,0.0796332046332046,1.92456,923.5521240234376,11481600.0,21.37367682820648,0.0,0.0382829492282944,True,,KO,C8,1.0,d7,Plate1,/Users/pmihack/claire/tmem_2026/data/cleaved_tmem_pld3_260821/d7/TMEM_KO/TMEMKO_Plate1_d7_TMEM561LAMP1640MAP2488DAPI405_C8_F1.nd2,13
13,16233,8,0.0519928540627117,1.230552,640.717041015625,10400760.0,13.04081754349756,0.0,0.2800911642900132,True,,KO,C8,1.0,d7,Plate1,/Users/pmihack/claire/tmem_2026/data/cleaved_tmem_pld3_260821/d7/TMEM_KO/TMEMKO_Plate1_d7_TMEM561LAMP1640MAP2488DAPI405_C8_F1.nd2,13
14,26719,8,0.0201729106628242,0.785862,384.0882873535156,10262455.0,11.605017477175386,0.0,0.1690934422858424,True,,KO,C8,1.0,d7,Plate1,/Users/pmihack/claire/tmem_2026/data/cleaved_tmem_pld3_260821/d7/TMEM_KO/TMEMKO_Plate1_d7_TMEM561LAMP1640MAP2488DAPI405_C8_F1.nd2,13
15,390,0,0.0,0.0,158.4871826171875,61810.0,,0.0,0.7200927985507448,False,size_outlier,KO,C8,1.0,d7,Plate1,/Users/pmihack/claire/tmem_2026/data/cleaved_tmem_pld3_260821/d7/TMEM_KO/TMEMKO_Plate1_d7_TMEM561LAMP1640MAP2488DAPI405_C8_F1.nd2,13
16,15025,2,0.1287188019966722,11.279088,1265.251220703125,19010400.0,13.971258035000176,0.0,0.1288867630153241,True,,KO,C8,1.0,d7,Plate1,/Users/pmihack/claire/tmem_2026/data/cleaved_tmem_pld3_260821/d7/TMEM_KO/TMEMKO_Plate1_d7_TMEM561LAMP1640MAP2488DAPI405_C8_F1.nd2,13
17,280,0,0.0,0.0,12.899999618530272,3612.0,,0.0,0.1010241632035027,False,size_outlier,KO,C8,1.0,d7,Plate1,/Users/pmihack/claire/tmem_2026/data/cleaved_tmem_pld3_260821/d7/TMEM_KO/TMEMKO_Plate1_d7_TMEM561LAMP1640MAP2488DAPI405_C8_F1.nd2,13
18,21557,4,0.0761237649023519,4.785156,928.227294921875,20009796.0,13.426015157749925,0.0,0.2629225992302351,True,,KO,C8,1.0,d7,Plate1,/Users/pmihack/claire/tmem_2026/data/cleaved_tmem_pld3_260821/d7/TMEM_KO/TMEMKO_Plate1_d7_TMEM561LAMP1640MAP2488DAPI405_C8_F1.nd2,13
19,12986,4,0.1164330817803788,4.408992,1257.2117919921875,16326153.0,19.13800880002995,0.0,0.2761064750838827,True,,KO,C8,1.0,d7,Plate1,/Users/pmihack/claire/tmem_2026/data/cleaved_tmem_pld3_260821/d7/TMEM_KO/TMEMKO_Plate1_d7_TMEM561LAMP1640MAP2488DAPI405_C8_F1.nd2,13
1,9442,2,0.0517898750264774,2.851848,181.6651153564453,1715282.0,12.374943496594655,0.0,-0.0396487758385946,True,,KO,C8,2.0,d7,Plate1,/Users/pmihack/claire/tmem_2026/data/cleaved_tmem_pld3_260821/d7/TMEM_KO/TMEMKO_Plate1_d7_TMEM561LAMP1640MAP2488DAPI405_C8_F2.nd2,12
2,8635,4,0.0123914302258251,0.3120119999999999,89.87249755859375,776049.0,12.28230010906147,0.0,-0.0570290530292101,True,,KO,C8,2.0,d7,Plate1,/Users/pmihack/claire/tmem_2026/data/cleaved_tmem_pld3_260821/d7/TMEM_KO/TMEMKO_Plate1_d7_TMEM561LAMP1640MAP2488DAPI405_C8_F2.nd2,12
3,12615,6,0.0342449464922711,0.8398079999999999,163.55726623535156,2063275.0,15.46074785948078,0.0,-0.0236499609101398,True,,KO,C8,2.0,d7,Plate1,/Users/pmihack/claire/tmem_2026/data/cleaved_tmem_pld3_260821/d7/TMEM_KO/TMEMKO_Plate1_d7_TMEM561LAMP1640MAP2488DAPI405_C8_F2.nd2,12
4,18731,8,0.0096097378677059,0.2624399999999999,118.99177551269533,2228835.0,6.2782449042753425,0.0,0.0208025811486158,True,,KO,C8,2.0,d7,Plate1,/Users/pmihack/claire/tmem_2026/data/cleaved_tmem_pld3_260821/d7/TMEM_KO/TMEMKO_Plate1_d7_TMEM561LAMP1640MAP2488DAPI405_C8_F2.nd2,12
5,8618,1,0.0010443258296588,0.1049759999999999,30.209213256835938,260343.0,10.098764549488337,0.0,-0.0260750350929264,True,,KO,C8,2.0,d7,Plate1,/Users/pmihack/claire/tmem_2026/data/cleaved_tmem_pld3_260821/d7/TMEM_KO/TMEMKO_Plate1_d7_TMEM561LAMP1640MAP2488DAPI405_C8_F2.nd2,12
6,15493,4,0.0121345123604208,0.5482079999999999,91.07894134521484,1411086.0,10.465642932589406,0.0,-0.0028275709810846,True,,KO,C8,2.0,d7,Plate1,/Users/pmihack/claire/tmem_2026/data/cleaved_tmem_pld3_260821/d7/TMEM_KO/TMEMKO_Plate1_d7_TMEM561LAMP1640MAP2488DAPI405_C8_F2.nd2,12
7,10203,1,0.0002940311673037,0.0349919999999999,74.37714385986328,758870.0,20.8418485927106,0.0,-0.092850470846007,True,,KO,C8,2.0,d7,Plate1,/Users/pmihack/claire/tmem_2026/data/cleaved_tmem_pld3_260821/d7/TMEM_KO/TMEMKO_Plate1_d7_TMEM561LAMP1640MAP2488DAPI405_C8_F2.nd2,12
8,17577,9,0.0341355180064857,0.7776,156.55038452148438,2751686.0,20.4658518999169,0.0,0.0514871083784341,True,,KO,C8,2.0,d7,Plate1,/Users/pmihack/claire/tmem_2026/data/cleaved_tmem_pld3_260821/d7/TMEM_KO/TMEMKO_Plate1_d7_TMEM561LAMP1640MAP2488DAPI405_C8_F2.nd2,12
9,8120,11,0.1147783251231527,0.9882589090909092,502.5023498535156,4080319.0,25.64361283212933,0.0,0.0471719575809123,True,,KO,C8,2.0,d7,Plate1,/Users/pmihack/claire/tmem_2026/data/cleaved_tmem_pld3_260821/d7/TMEM_KO/TMEMKO_Plate1_d7_TMEM561LAMP1640MAP2488DAPI405_C8_F2.nd2,12
10,18956,16,0.0926883308714918,1.2808529999999998,393.83197021484375,7465479.0,2.8003706086554527,0.0,0.0311267147785638,True,,KO,C8,2.0,d7,Plate1,/Users/pmihack/claire/tmem_2026/data/cleaved_tmem_pld3_260821/d7/TMEM_KO/TMEMKO_Plate1_d7_TMEM561LAMP1640MAP2488DAPI405_C8_F2.nd2,12
11,4100,2,0.0192682926829268,0.4607279999999999,116.4497528076172,477444.0,43.91497284913504,0.0,0.0568291309766914,True,,KO,C8,2.0,d7,Plate1,/Users/pmihack/claire/tmem_2026/data/cleaved_tmem_pld3_260821/d7/TMEM_KO/TMEMKO_Plate1_d7_TMEM561LAMP1640MAP2488DAPI405_C8_F2.nd2,12
12,1106,0,0.0,0.0,8.08227825164795,8939.0,,0.0,0.0792059507186307,False,size_outlier,KO,C8,2.0,d7,Plate1,/Users/pmihack/claire/tmem_2026/data/cleaved_tmem_pld3_260821/d7/TMEM_KO/TMEMKO_Plate1_d7_TMEM561LAMP1640MAP2488DAPI405_C8_F2.nd2,12
13,9335,10,0.0343867166577396,0.3744144,178.9854278564453,1670829.0,1.2766000770633523,0.0,0.0160763473753884,True,,KO,C8,2.0,d7,Plate1,/Users/pmihack/claire/tmem_2026/data/cleaved_tmem_pld3_260821/d7/TMEM_KO/TMEMKO_Plate1_d7_TMEM561LAMP1640MAP2488DAPI405_C8_F2.nd2,12
14,9617,6,0.0289071435998752,0.540432,156.37974548339844,1503904.0,10.862437283982525,0.0,-0.0495647096004728,True,,KO,C8,2.0,d7,Plate1,/Users/pmihack/claire/tmem_2026/data/cleaved_tmem_pld3_260821/d7/TMEM_KO/TMEMKO_Plate1_d7_TMEM561LAMP1640MAP2488DAPI405_C8_F2.nd2,12
15,8776,3,0.0091157702825888,0.31104,76.1229476928711,668055.0,10.752421118089922,0.0,0.0340422294022911,True,,KO,C8,2.0,d7,Plate1,/Users/pmihack/claire/tmem_2026/data/cleaved_tmem_pld3_260821/d7/TMEM_KO/TMEMKO_Plate1_d7_TMEM561LAMP1640MAP2488DAPI405_C8_F2.nd2,12
16,14069,15,0.0242376856919468,0.2651616,194.7933807373047,2740548.0,13.004690729495207,0.0,-0.0494787123637009,True,,KO,C8,2.0,d7,Plate1,/Users/pmihack/claire/tmem_2026/data/cleaved_tmem_pld3_260821/d7/TMEM_KO/TMEMKO_Plate1_d7_TMEM561LAMP1640MAP2488DAPI405_C8_F2.nd2,12
17,9551,9,0.0279551879384357,0.346032,160.27923583984375,1530827.0,29.17950791572864,0.0,-0.0568206968303345,True,,KO,C8,2.0,d7,Plate1,/Users/pmihack/claire/tmem_2026/data/cleaved_tmem_pld3_260821/d7/TMEM_KO/TMEMKO_Plate1_d7_TMEM561LAMP1640MAP2488DAPI405_C8_F2.nd2,12
18,6884,6,0.0565078442765833,0.7562159999999999,271.8002624511719,1871073.0,16.861076586323176,0.0,0.0365219454242604,True,,KO,C8,2.0,d7,Plate1,/Users/pmihack/claire/tmem_2026/data/cleaved_tmem_pld3_260821/d7/TMEM_KO/TMEMKO_Plate1_d7_TMEM561LAMP1640MAP2488DAPI405_C8_F2.nd2,12
19,9082,12,0.097115172869412,0.857304,378.4500122070313,3437083.0,26.65745353947782,0.0,-0.0215549036746417,True,,KO,C8,2.0,d7,Plate1,/Users/pmihack/claire/tmem_2026/data/cleaved_tmem_pld3_260821/d7/TMEM_KO/TMEMKO_Plate1_d7_TMEM561LAMP1640MAP2488DAPI405_C8_F2.nd2,12
20,3307,0,0.0,0.0,19.10825538635254,63191.0,,0.0,-0.0861910145158475,True,,KO,C8,2.0,d7,Plate1,/Users/pmihack/claire/tmem_2026/data/cleaved_tmem_pld3_260821/d7/TMEM_KO/TMEMKO_Plate1_d7_TMEM561LAMP1640MAP2488DAPI405_C8_F2.nd2,12
21,13663,9,0.093390909756276,1.6536959999999998,375.9727783203125,5136916.0,16.950805242103762,0.0,0.0819832674153435,True,,KO,C8,2.0,d7,Plate1,/Users/pmihack/claire/tmem_2026/data/cleaved_tmem_pld3_260821/d7/TMEM_KO/TMEMKO_Plate1_d7_TMEM561LAMP1640MAP2488DAPI405_C8_F2.nd2,12
22,11269,18,0.061851095926879,0.4516559999999999,298.7051086425781,3366108.0,13.18944545944649,0.0,-0.0749072813545175,True,,KO,C8,2.0,d7,Plate1,/Users/pmihack/claire/tmem_2026/data/cleaved_tmem_pld3_260821/d7/TMEM_KO/TMEMKO_Plate1_d7_TMEM561LAMP1640MAP2488DAPI405_C8_F2.nd2,12
23,6861,6,0.0728756740999854,0.972,294.14837646484375,2018152.0,20.23855776421239,0.0,0.1022581448581464,True,,KO,C8,2.0,d7,Plate1,/Users/pmihack/claire/tmem_2026/data/cleaved_tmem_pld3_260821/d7/TMEM_KO/TMEMKO_Plate1_d7_TMEM561LAMP1640MAP2488DAPI405_C8_F2.nd2,12
24,17148,7,0.0579659435502682,1.6562879999999998,263.82305908203125,4524038.0,12.377519474808556,0.0,0.0375280893596492,True,,KO,C8,2.0,d7,Plate1,/Users/pmihack/claire/tmem_2026/data/cleaved_tmem_pld3_260821/d7/TMEM_KO/TMEMKO_Plate1_d7_TMEM561LAMP1640MAP2488DAPI405_C8_F2.nd2,12
25,7655,6,0.0785107772697583,1.168344,299.7491760253906,2294580.0,29.95262959281494,0.0,0.0081575321445536,False,border,KO,C8,2.0,d7,Plate1,/Users/pmihack/claire/tmem_2026/data/cleaved_tmem_pld3_260821/d7/TMEM_KO/TMEMKO_Plate1_d7_TMEM561LAMP1640MAP2488DAPI405_C8_F2.nd2,12
1,1743,0,0.0,0.0,115.33390808105467,201027.0,,0.0,-0.0688046292784865,False,size_outlier,KO,C8,3.0,d7,Plate1,/Users/pmihack/claire/tmem_2026/data/cleaved_tmem_pld3_260821/d7/TMEM_KO/TMEMKO_Plate1_d7_TMEM561LAMP1640MAP2488DAPI405_C8_F3.nd2,14
2,10154,0,0.0,0.0,213.1581573486328,2164408.0,,0.0,-0.0627000175676613,True,,KO,C8,3.0,d7,Plate1,/Users/pmihack/claire/tmem_2026/data/cleaved_tmem_pld3_260821/d7/TMEM_KO/TMEMKO_Plate1_d7_TMEM561LAMP1640MAP2488DAPI405_C8_F3.nd2,14
3,13353,3,0.0376694375795701,1.9556639999999996,417.3132629394531,5572384.0,9.74693697052578,0.0,-0.0325867321787884,True,,KO,C8,3.0,d7,Plate1,/Users/pmihack/claire/tmem_2026/data/cleaved_tmem_pld3_260821/d7/TMEM_KO/TMEMKO_Plate1_d7_TMEM561LAMP1640MAP2488DAPI405_C8_F3.nd2,14
4,12529,3,0.0670444568600846,3.26592,621.9664916992188,7792618.0,19.775659958371772,0.0,-0.0133053808929204,True,,KO,C8,3.0,d7,Plate1,/Users/pmihack/claire/tmem_2026/data/cleaved_tmem_pld3_260821/d7/TMEM_KO/TMEMKO_Plate1_d7_TMEM561LAMP1640MAP2488DAPI405_C8_F3.nd2,14
5,11551,6,0.0344558912648255,0.7737119999999998,447.2298583984375,5165952.0,6.456305872456859,9.465825132792816e-05,-0.0298094358185409,True,,KO,C8,3.0,d7,Plate1,/Users/pmihack/claire/tmem_2026/data/cleaved_tmem_pld3_260821/d7/TMEM_KO/TMEMKO_Plate1_d7_TMEM561LAMP1640MAP2488DAPI405_C8_F3.nd2,14
6,12657,2,0.0046614521608596,0.3440879999999999,243.4242706298828,3081021.0,18.189020505488195,0.0,0.0048400143337447,True,,KO,C8,3.0,d7,Plate1,/Users/pmihack/claire/tmem_2026/data/cleaved_tmem_pld3_260821/d7/TMEM_KO/TMEMKO_Plate1_d7_TMEM561LAMP1640MAP2488DAPI405_C8_F3.nd2,14
7,9807,7,0.061180789232181,0.9997714285714284,950.5774536132812,9322313.0,9.27043168459022,0.0,0.1659815104700042,True,,KO,C8,3.0,d7,Plate1,/Users/pmihack/claire/tmem_2026/data/cleaved_tmem_pld3_260821/d7/TMEM_KO/TMEMKO_Plate1_d7_TMEM561LAMP1640MAP2488DAPI405_C8_F3.nd2,14
8,6012,0,0.0,0.0,182.7722930908203,1098827.0,,0.0,0.5360814363856975,True,,KO,C8,3.0,d7,Plate1,/Users/pmihack/claire/tmem_2026/data/cleaved_tmem_pld3_260821/d7/TMEM_KO/TMEMKO_Plate1_d7_TMEM561LAMP1640MAP2488DAPI405_C8_F3.nd2,14
9,5921,0,0.0,0.0,60.2391471862793,356676.0,,0.0,-0.0162321343924063,True,,KO,C8,3.0,d7,Plate1,/Users/pmihack/claire/tmem_2026/data/cleaved_tmem_pld3_260821/d7/TMEM_KO/TMEMKO_Plate1_d7_TMEM561LAMP1640MAP2488DAPI405_C8_F3.nd2,14
10,11981,0,0.0,0.0,158.64718627929688,1900752.0,,0.0,0.2235552075134743,True,,KO,C8,3.0,d7,Plate1,/Users/pmihack/claire/tmem_2026/data/cleaved_tmem_pld3_260821/d7/TMEM_KO/TMEMKO_Plate1_d7_TMEM561LAMP1640MAP2488DAPI405_C8_F3.nd2,14
11,13835,11,0.0294181423924828,0.4315679999999999,441.19183349609375,6103889.0,7.522838019692922,0.0,-0.01719576298402,True,,KO,C8,3.0,d7,Plate1,/Users/pmihack/claire/tmem_2026/data/cleaved_tmem_pld3_260821/d7/TMEM_KO/TMEMKO_Plate1_d7_TMEM561LAMP1640MAP2488DAPI405_C8_F3.nd2,14
12,9176,5,0.0180906713164777,0.3872448,349.68963623046875,3208752.0,10.344003567912209,0.0,0.1235843086457896,True,,KO,C8,3.0,d7,Plate1,/Users/pmihack/claire/tmem_2026/data/cleaved_tmem_pld3_260821/d7/TMEM_KO/TMEMKO_Plate1_d7_TMEM561LAMP1640MAP2488DAPI405_C8_F3.nd2,14
13,6831,7,0.0169814082857561,0.1932891428571428,478.5169067382813,3268749.0,10.910730385964005,0.0233388990163803,0.1423057791574244,True,,KO,C8,3.0,d7,Plate1,/Users/pmihack/claire/tmem_2026/data/cleaved_tmem_pld3_260821/d7/TMEM_KO/TMEMKO_Plate1_d7_TMEM561LAMP1640MAP2488DAPI405_C8_F3.nd2,14
14,13377,4,0.053449951409135,2.08494,537.017333984375,7183681.0,9.480044563087278,0.0,0.0634972229935961,True,,KO,C8,3.0,d7,Plate1,/Users/pmihack/claire/tmem_2026/data/cleaved_tmem_pld3_260821/d7/TMEM_KO/TMEMKO_Plate1_d7_TMEM561LAMP1640MAP2488DAPI405_C8_F3.nd2,14
15,19254,12,0.0331879090059208,0.621108,465.1820983886719,8956616.0,5.613755205974752,0.0,0.0324378294822629,True,,KO,C8,3.0,d7,Plate1,/Users/pmihack/claire/tmem_2026/data/cleaved_tmem_pld3_260821/d7/TMEM_KO/TMEMKO_Plate1_d7_TMEM561LAMP1640MAP2488DAPI405_C8_F3.nd2,14
16,5933,0,0.0,0.0,142.06809997558594,842890.0,,0.0,-0.0427229039927934,True,,KO,C8,3.0,d7,Plate1,/Users/pmihack/claire/tmem_2026/data/cleaved_tmem_pld3_260821/d7/TMEM_KO/TMEMKO_Plate1_d7_TMEM561LAMP1640MAP2488DAPI405_C8_F3.nd2,14
17,11491,0,0.0,0.0,103.09485626220705,1184663.0,,0.0,0.0698216560271708,True,,KO,C8,3.0,d7,Plate1,/Users/pmihack/claire/tmem_2026/data/cleaved_tmem_pld3_260821/d7/TMEM_KO/TMEMKO_Plate1_d7_TMEM561LAMP1640MAP2488DAPI405_C8_F3.nd2,14
18,7813,0,0.0,0.0,33.71138000488281,263387.0,,0.0,-0.0619184468462852,True,,KO,C8,3.0,d7,Plate1,/Users/pmihack/claire/tmem_2026/data/cleaved_tmem_pld3_260821/d7/TMEM_KO/TMEMKO_Plate1_d7_TMEM561LAMP1640MAP2488DAPI405_C8_F3.nd2,14
19,10893,0,0.0,0.0,15.939410209655762,173628.0,,0.0,-0.0361150124326966,True,,KO,C8,3.0,d7,Plate1,/Users/pmihack/claire/tmem_2026/data/cleaved_tmem_pld3_260821/d7/TMEM_KO/TMEMKO_Plate1_d7_TMEM561LAMP1640MAP2488DAPI405_C8_F3.nd2,14
20,4435,1,0.0004509582863585,0.0233279999999999,226.9916534423828,1006708.0,32.40417691691266,0.0,0.1697827932888574,True,,KO,C8,3.0,d7,Plate1,/Users/pmihack/claire/tmem_2026/data/cleaved_tmem_pld3_260821/d7/TMEM_KO/TMEMKO_Plate1_d7_TMEM561LAMP1640MAP2488DAPI405_C8_F3.nd2,14
21,6235,0,0.0,0.0,6.656295299530029,41502.0,,0.0,-0.0091888714188291,True,,KO,C8,3.0,d7,Plate1,/Users/pmihack/claire/tmem_2026/data/cleaved_tmem_pld3_260821/d7/TMEM_KO/TMEMKO_Plate1_d7_TMEM561LAMP1640MAP2488DAPI405_C8_F3.nd2,14
1,4894,0,0.0,0.0,75.43931579589844,369200.0,,0.0,-0.1195638203223665,True,,KO,C8,4.0,d7,Plate1,/Users/pmihack/claire/tmem_2026/data/cleaved_tmem_pld3_260821/d7/TMEM_KO/TMEMKO_Plate1_d7_TMEM561LAMP1640MAP2488DAPI405_C8_F4.nd2,13
2,14104,15,0.0721781055019852,0.7915967999999999,554.0567626953125,7814417.0,2.6451287987517227,0.0,0.0184206345480237,True,,KO,C8,4.0,d7,Plate1,/Users/pmihack/claire/tmem_2026/data/cleaved_tmem_pld3_260821/d7/TMEM_KO/TMEMKO_Plate1_d7_TMEM561LAMP1640MAP2488DAPI405_C8_F4.nd2,13
3,11485,10,0.0433609055289508,0.5808671999999999,406.9866027832031,4674241.0,10.603121322979508,0.0,-0.0266077515546729,True,,KO,C8,4.0,d7,Plate1,/Users/pmihack/claire/tmem_2026/data/cleaved_tmem_pld3_260821/d7/TMEM_KO/TMEMKO_Plate1_d7_TMEM561LAMP1640MAP2488DAPI405_C8_F4.nd2,13
4,16645,3,0.006488434965455,0.4199039999999999,124.44596099853516,2071403.0,13.538308746820082,0.0,0.0222291458852553,True,,KO,C8,4.0,d7,Plate1,/Users/pmihack/claire/tmem_2026/data/cleaved_tmem_pld3_260821/d7/TMEM_KO/TMEMKO_Plate1_d7_TMEM561LAMP1640MAP2488DAPI405_C8_F4.nd2,13
5,14955,4,0.0050819124038783,0.2216159999999999,210.26834106445312,3144563.0,2.5124961513559927,0.0,0.0945637535227837,True,,KO,C8,4.0,d7,Plate1,/Users/pmihack/claire/tmem_2026/data/cleaved_tmem_pld3_260821/d7/TMEM_KO/TMEMKO_Plate1_d7_TMEM561LAMP1640MAP2488DAPI405_C8_F4.nd2,13
6,11939,2,0.0029315688081078,0.20412,115.5378189086914,1379406.0,2.601679651916763,0.0,-0.0316313628369891,True,,KO,C8,4.0,d7,Plate1,/Users/pmihack/claire/tmem_2026/data/cleaved_tmem_pld3_260821/d7/TMEM_KO/TMEMKO_Plate1_d7_TMEM561LAMP1640MAP2488DAPI405_C8_F4.nd2,13
7,6096,0,0.0,0.0,54.078739166259766,329664.0,,0.0,0.0668642232171846,True,,KO,C8,4.0,d7,Plate1,/Users/pmihack/claire/tmem_2026/data/cleaved_tmem_pld3_260821/d7/TMEM_KO/TMEMKO_Plate1_d7_TMEM561LAMP1640MAP2488DAPI405_C8_F4.nd2,13
8,9070,3,0.0592061742006615,2.087856,318.16119384765625,2885722.0,3.4113293557185913,0.0,0.0369317177164294,True,,KO,C8,4.0,d7,Plate1,/Users/pmihack/claire/tmem_2026/data/cleaved_tmem_pld3_260821/d7/TMEM_KO/TMEMKO_Plate1_d7_TMEM561LAMP1640MAP2488DAPI405_C8_F4.nd2,13
9,7404,2,0.0237709346299297,1.026432,230.6130523681641,1707459.0,7.688604739535126,0.0,-0.0027289077717331,True,,KO,C8,4.0,d7,Plate1,/Users/pmihack/claire/tmem_2026/data/cleaved_tmem_pld3_260821/d7/TMEM_KO/TMEMKO_Plate1_d7_TMEM561LAMP1640MAP2488DAPI405_C8_F4.nd2,13
10,16136,14,0.0875681705503222,1.1772308571428571,500.975830078125,8083746.0,9.95285374858992,0.0,0.0279205469307852,True,,KO,C8,4.0,d7,Plate1,/Users/pmihack/claire/tmem_2026/data/cleaved_tmem_pld3_260821/d7/TMEM_KO/TMEMKO_Plate1_d7_TMEM561LAMP1640MAP2488DAPI405_C8_F4.nd2,13
11,7820,12,0.1346547314578005,1.023516,796.4668579101562,6228371.0,4.6954188170544695,0.0,-0.0453633959330641,True,,KO,C8,4.0,d7,Plate1,/Users/pmihack/claire/tmem_2026/data/cleaved_tmem_pld3_260821/d7/TMEM_KO/TMEMKO_Plate1_d7_TMEM561LAMP1640MAP2488DAPI405_C8_F4.nd2,13
12,11651,5,0.0592223843446914,1.609632,420.5363464355469,4899669.0,11.932120018879404,0.0,0.0060032060671387,True,,KO,C8,4.0,d7,Plate1,/Users/pmihack/claire/tmem_2026/data/cleaved_tmem_pld3_260821/d7/TMEM_KO/TMEMKO_Plate1_d7_TMEM561LAMP1640MAP2488DAPI405_C8_F4.nd2,13
13,7629,0,0.0,0.0,5.125835418701172,39105.0,,0.0,0.0432317318538377,True,,KO,C8,4.0,d7,Plate1,/Users/pmihack/claire/tmem_2026/data/cleaved_tmem_pld3_260821/d7/TMEM_KO/TMEMKO_Plate1_d7_TMEM561LAMP1640MAP2488DAPI405_C8_F4.nd2,13
14,15362,0,0.0,0.0,74.83446502685547,1149607.0,,0.0,-0.0046170226731087,True,,KO,C8,4.0,d7,Plate1,/Users/pmihack/claire/tmem_2026/data/cleaved_tmem_pld3_260821/d7/TMEM_KO/TMEMKO_Plate1_d7_TMEM561LAMP1640MAP2488DAPI405_C8_F4.nd2,13
15,10272,9,0.1166277258566978,1.552608,638.274169921875,6556352.0,16.04950681845133,0.0,0.2269954681344125,True,,KO,C8,4.0,d7,Plate1,/Users/pmihack/claire/tmem_2026/data/cleaved_tmem_pld3_260821/d7/TMEM_KO/TMEMKO_Plate1_d7_TMEM561LAMP1640MAP2488DAPI405_C8_F4.nd2,13
16,16691,12,0.1049068360194116,1.7019719999999998,595.92236328125,9946540.0,15.308509913964402,0.0,-0.0206746469742845,True,,KO,C8,4.0,d7,Plate1,/Users/pmihack/claire/tmem_2026/data/cleaved_tmem_pld3_260821/d7/TMEM_KO/TMEMKO_Plate1_d7_TMEM561LAMP1640MAP2488DAPI405_C8_F4.nd2,13
17,8244,9,0.1615720524017467,1.7262719999999998,1038.98828125,8565419.0,14.85197921505953,0.0,-0.0322894445173822,True,,KO,C8,4.0,d7,Plate1,/Users/pmihack/claire/tmem_2026/data/cleaved_tmem_pld3_260821/d7/TMEM_KO/TMEMKO_Plate1_d7_TMEM561LAMP1640MAP2488DAPI405_C8_F4.nd2,13
18,15290,5,0.024329627207325,0.8678016,156.99620056152344,2400472.0,17.51007370625314,0.0,-0.0135276475721021,True,,KO,C8,4.0,d7,Plate1,/Users/pmihack/claire/tmem_2026/data/cleaved_tmem_pld3_260821/d7/TMEM_KO/TMEMKO_Plate1_d7_TMEM561LAMP1640MAP2488DAPI405_C8_F4.nd2,13
19,4754,0,0.0,0.0,79.97286224365234,380191.0,,0.0,0.0150826679002002,True,,KO,C8,4.0,d7,Plate1,/Users/pmihack/claire/tmem_2026/data/cleaved_tmem_pld3_260821/d7/TMEM_KO/TMEMKO_Plate1_d7_TMEM561LAMP1640MAP2488DAPI405_C8_F4.nd2,13
20,13881,4,0.0168575751026583,0.682344,155.21331787109375,2154516.0,6.4720349629477,0.0,-0.0891052963537085,True,,KO,C8,4.0,d7,Plate1,/Users/pmihack/claire/tmem_2026/data/cleaved_tmem_pld3_260821/d7/TMEM_KO/TMEMKO_Plate1_d7_TMEM561LAMP1640MAP2488DAPI405_C8_F4.nd2,13
21,11802,2,0.0230469411964073,1.586304,177.51473999023438,2095029.0,31.07723535766893,0.0,-0.0409986278467697,True,,KO,C8,4.0,d7,Plate1,/Users/pmihack/claire/tmem_2026/data/cleaved_tmem_pld3_260821/d7/TMEM_KO/TMEMKO_Plate1_d7_TMEM561LAMP1640MAP2488DAPI405_C8_F4.nd2,13
22,4779,4,0.0713538397154216,0.994356,428.322021484375,2046951.0,37.6713370296664,0.0,-0.1284571555584794,True,,KO,C8,4.0,d7,Plate1,/Users/pmihack/claire/tmem_2026/data/cleaved_tmem_pld3_260821/d7/TMEM_KO/TMEMKO_Plate1_d7_TMEM561LAMP1640MAP2488DAPI405_C8_F4.nd2,13
23,7038,1,0.0022733731173628,0.1866239999999999,143.25588989257812,1008235.0,19.67334553509624,0.0,-0.0538074868440111,True,,KO,C8,4.0,d7,Plate1,/Users/pmihack/claire/tmem_2026/data/cleaved_tmem_pld3_260821/d7/TMEM_KO/TMEMKO_Plate1_d7_TMEM561LAMP1640MAP2488DAPI405_C8_F4.nd2,13
24,9584,4,0.0501878130217028,1.402596,329.2792053222656,3155812.0,4.552208103193866,0.0,-0.0694467613217536,True,,KO,C8,4.0,d7,Plate1,/Users/pmihack/claire/tmem_2026/data/cleaved_tmem_pld3_260821/d7/TMEM_KO/TMEMKO_Plate1_d7_TMEM561LAMP1640MAP2488DAPI405_C8_F4.nd2,13
25,10660,4,0.0032833020637898,0.10206,95.13395690917967,1014128.0,17.297182271374194,0.0,-0.0468565052327461,True,,KO,C8,4.0,d7,Plate1,/Users/pmihack/claire/tmem_2026/data/cleaved_tmem_pld3_260821/d7/TMEM_KO/TMEMKO_Plate1_d7_TMEM561LAMP1640MAP2488DAPI405_C8_F4.nd2,13
26,10386,2,0.0179087232813402,1.084752,128.62603759765625,1335910.0,16.049895055443596,0.0,-0.0908095136229207,True,,KO,C8,4.0,d7,Plate1,/Users/pmihack/claire/tmem_2026/data/cleaved_tmem_pld3_260821/d7/TMEM_KO/TMEMKO_Plate1_d7_TMEM561LAMP1640MAP2488DAPI405_C8_F4.nd2,13
1,304,0,0.0,0.0,5.799342155456543,1763.0,,0.0,0.2542993048272855,False,size_outlier,KO,D8,1.0,d7,Plate1,/Users/pmihack/claire/tmem_2026/data/cleaved_tmem_pld3_260821/d7/TMEM_KO/TMEMKO_Plate1_d7_TMEM561LAMP1640MAP2488DAPI405_D8_F1.nd2,13
2,13069,0,0.0,0.0,792.5545043945312,10357895.0,,0.0,0.1074954523855161,True,,KO,D8,1.0,d7,Plate1,/Users/pmihack/claire/tmem_2026/data/cleaved_tmem_pld3_260821/d7/TMEM_KO/TMEMKO_Plate1_d7_TMEM561LAMP1640MAP2488DAPI405_D8_F1.nd2,13
3,391,0,0.0,0.0,3.0025575160980225,1174.0,,0.0,0.1344794654386439,False,size_outlier,KO,D8,1.0,d7,Plate1,/Users/pmihack/claire/tmem_2026/data/cleaved_tmem_pld3_260821/d7/TMEM_KO/TMEMKO_Plate1_d7_TMEM561LAMP1640MAP2488DAPI405_D8_F1.nd2,13
4,630,0,0.0,0.0,0.6301587224006653,397.0,,0.0,0.1270630000109413,False,size_outlier,KO,D8,1.0,d7,Plate1,/Users/pmihack/claire/tmem_2026/data/cleaved_tmem_pld3_260821/d7/TMEM_KO/TMEMKO_Plate1_d7_TMEM561LAMP1640MAP2488DAPI405_D8_F1.nd2,13
5,12546,1,0.0002391200382592,0.0349919999999999,804.8451538085938,10097587.0,9.57516708792963,0.0,0.0730528816765671,True,,KO,D8,1.0,d7,Plate1,/Users/pmihack/claire/tmem_2026/data/cleaved_tmem_pld3_260821/d7/TMEM_KO/TMEMKO_Plate1_d7_TMEM561LAMP1640MAP2488DAPI405_D8_F1.nd2,13
6,14326,0,0.0,0.0,269.6998596191406,3863720.0,,0.0,0.3692271266886202,True,,KO,D8,1.0,d7,Plate1,/Users/pmihack/claire/tmem_2026/data/cleaved_tmem_pld3_260821/d7/TMEM_KO/TMEMKO_Plate1_d7_TMEM561LAMP1640MAP2488DAPI405_D8_F1.nd2,13
7,10937,0,0.0,0.0,85.89457702636719,939429.0,,0.0,0.0715254420815599,True,,KO,D8,1.0,d7,Plate1,/Users/pmihack/claire/tmem_2026/data/cleaved_tmem_pld3_260821/d7/TMEM_KO/TMEMKO_Plate1_d7_TMEM561LAMP1640MAP2488DAPI405_D8_F1.nd2,13
8,16546,0,0.0,0.0,85.70796203613281,1418124.0,,0.0,0.2394295006294181,True,,KO,D8,1.0,d7,Plate1,/Users/pmihack/claire/tmem_2026/data/cleaved_tmem_pld3_260821/d7/TMEM_KO/TMEMKO_Plate1_d7_TMEM561LAMP1640MAP2488DAPI405_D8_F1.nd2,13
9,8142,0,0.0,0.0,25.40076065063477,206813.0,,0.0,0.0430689883904371,True,,KO,D8,1.0,d7,Plate1,/Users/pmihack/claire/tmem_2026/data/cleaved_tmem_pld3_260821/d7/TMEM_KO/TMEMKO_Plate1_d7_TMEM561LAMP1640MAP2488DAPI405_D8_F1.nd2,13
10,9915,0,0.0,0.0,81.25597381591797,805653.0,,0.0,0.1409157413571588,True,,KO,D8,1.0,d7,Plate1,/Users/pmihack/claire/tmem_2026/data/cleaved_tmem_pld3_260821/d7/TMEM_KO/TMEMKO_Plate1_d7_TMEM561LAMP1640MAP2488DAPI405_D8_F1.nd2,13
11,9772,0,0.0,0.0,263.541748046875,2575330.0,,0.0,0.2262286966848278,True,,KO,D8,1.0,d7,Plate1,/Users/pmihack/claire/tmem_2026/data/cleaved_tmem_pld3_260821/d7/TMEM_KO/TMEMKO_Plate1_d7_TMEM561LAMP1640MAP2488DAPI405_D8_F1.nd2,13
12,21233,0,0.0,0.0,174.9132080078125,3713932.0,,0.0,0.179018647119993,True,,KO,D8,1.0,d7,Plate1,/Users/pmihack/claire/tmem_2026/data/cleaved_tmem_pld3_260821/d7/TMEM_KO/TMEMKO_Plate1_d7_TMEM561LAMP1640MAP2488DAPI405_D8_F1.nd2,13
13,17717,0,0.0,0.0,309.92059326171875,5490863.0,,0.0,0.0113379682524398,True,,KO,D8,1.0,d7,Plate1,/Users/pmihack/claire/tmem_2026/data/cleaved_tmem_pld3_260821/d7/TMEM_KO/TMEMKO_Plate1_d7_TMEM561LAMP1640MAP2488DAPI405_D8_F1.nd2,13
14,9637,0,0.0,0.0,86.74494171142578,835961.0,,0.0,0.1287403834223551,True,,KO,D8,1.0,d7,Plate1,/Users/pmihack/claire/tmem_2026/data/cleaved_tmem_pld3_260821/d7/TMEM_KO/TMEMKO_Plate1_d7_TMEM561LAMP1640MAP2488DAPI405_D8_F1.nd2,13
15,13431,0,0.0,0.0,367.9951477050781,4942543.0,,0.0,0.2386935989069788,True,,KO,D8,1.0,d7,Plate1,/Users/pmihack/claire/tmem_2026/data/cleaved_tmem_pld3_260821/d7/TMEM_KO/TMEMKO_Plate1_d7_TMEM561LAMP1640MAP2488DAPI405_D8_F1.nd2,13
16,26719,0,0.0,0.0,590.817138671875,15786043.0,,0.0,0.1347986897877051,True,,KO,D8,1.0,d7,Plate1,/Users/pmihack/claire/tmem_2026/data/cleaved_tmem_pld3_260821/d7/TMEM_KO/TMEMKO_Plate1_d7_TMEM561LAMP1640MAP2488DAPI405_D8_F1.nd2,13
17,18063,0,0.0,0.0,340.5232849121094,6150872.0,,0.0,0.083675391840743,True,,KO,D8,1.0,d7,Plate1,/Users/pmihack/claire/tmem_2026/data/cleaved_tmem_pld3_260821/d7/TMEM_KO/TMEMKO_Plate1_d7_TMEM561LAMP1640MAP2488DAPI405_D8_F1.nd2,13
18,11588,0,0.0,0.0,142.2864227294922,1648815.0,,0.0,0.3088967345873543,True,,KO,D8,1.0,d7,Plate1,/Users/pmihack/claire/tmem_2026/data/cleaved_tmem_pld3_260821/d7/TMEM_KO/TMEMKO_Plate1_d7_TMEM561LAMP1640MAP2488DAPI405_D8_F1.nd2,13
1,12351,16,0.0784551858149137,0.706401,778.3555297851562,9613469.0,0.6597336266590371,0.0,0.3907629665328701,False,border,KO,D8,2.0,d7,Plate1,/Users/pmihack/claire/tmem_2026/data/cleaved_tmem_pld3_260821/d7/TMEM_KO/TMEMKO_Plate1_d7_TMEM561LAMP1640MAP2488DAPI405_D8_F2.nd2,10
2,23428,24,0.0912583233737408,1.039068,905.61474609375,21216742.0,10.293792654827328,0.0,0.1957277281658057,True,,KO,D8,2.0,d7,Plate1,/Users/pmihack/claire/tmem_2026/data/cleaved_tmem_pld3_260821/d7/TMEM_KO/TMEMKO_Plate1_d7_TMEM561LAMP1640MAP2488DAPI405_D8_F2.nd2,10
3,23685,11,0.0368587713742875,0.9256974545454544,486.7200622558594,11527965.0,13.138233085913823,0.0,0.177907231026234,True,,KO,D8,2.0,d7,Plate1,/Users/pmihack/claire/tmem_2026/data/cleaved_tmem_pld3_260821/d7/TMEM_KO/TMEMKO_Plate1_d7_TMEM561LAMP1640MAP2488DAPI405_D8_F2.nd2,10
4,11850,14,0.0273417721518987,0.2699382857142857,490.0648193359375,5807268.0,26.513094234292016,0.0,0.1708403365775242,True,,KO,D8,2.0,d7,Plate1,/Users/pmihack/claire/tmem_2026/data/cleaved_tmem_pld3_260821/d7/TMEM_KO/TMEMKO_Plate1_d7_TMEM561LAMP1640MAP2488DAPI405_D8_F2.nd2,10
5,8750,8,0.0158857142857142,0.2026619999999999,402.7281188964844,3523871.0,12.396424295084907,0.0,0.2643818058982365,True,,KO,D8,2.0,d7,Plate1,/Users/pmihack/claire/tmem_2026/data/cleaved_tmem_pld3_260821/d7/TMEM_KO/TMEMKO_Plate1_d7_TMEM561LAMP1640MAP2488DAPI405_D8_F2.nd2,10
6,9537,4,0.005976722239698,0.166212,96.2072982788086,917529.0,5.144519068045955,0.0,0.0169249827877067,True,,KO,D8,2.0,d7,Plate1,/Users/pmihack/claire/tmem_2026/data/cleaved_tmem_pld3_260821/d7/TMEM_KO/TMEMKO_Plate1_d7_TMEM561LAMP1640MAP2488DAPI405_D8_F2.nd2,10
7,12546,6,0.0755619320899091,1.842912,834.5349731445312,10470076.0,13.933756700102371,0.0,0.3392049079494951,True,,KO,D8,2.0,d7,Plate1,/Users/pmihack/claire/tmem_2026/data/cleaved_tmem_pld3_260821/d7/TMEM_KO/TMEMKO_Plate1_d7_TMEM561LAMP1640MAP2488DAPI405_D8_F2.nd2,10
8,18901,7,0.0379345008200624,1.194726857142857,444.6954040527344,8405188.0,8.61576019834669,0.0,0.3594448647486943,True,,KO,D8,2.0,d7,Plate1,/Users/pmihack/claire/tmem_2026/data/cleaved_tmem_pld3_260821/d7/TMEM_KO/TMEMKO_Plate1_d7_TMEM561LAMP1640MAP2488DAPI405_D8_F2.nd2,10
9,7044,1,0.0070982396365701,0.5831999999999999,117.27243041992188,826067.0,17.027877619873703,0.0,0.0636868491969583,True,,KO,D8,2.0,d7,Plate1,/Users/pmihack/claire/tmem_2026/data/cleaved_tmem_pld3_260821/d7/TMEM_KO/TMEMKO_Plate1_d7_TMEM561LAMP1640MAP2488DAPI405_D8_F2.nd2,10
10,7636,6,0.214903090623363,3.190104,1956.4393310546875,14939371.0,7.699024889030072,0.0,0.2438434542270584,True,,KO,D8,2.0,d7,Plate1,/Users/pmihack/claire/tmem_2026/data/cleaved_tmem_pld3_260821/d7/TMEM_KO/TMEMKO_Plate1_d7_TMEM561LAMP1640MAP2488DAPI405_D8_F2.nd2,10
11,10256,5,0.0037051482059282,0.0886463999999999,123.78217315673828,1269510.0,2.1209916366826653,0.0,0.2220268348068678,True,,KO,D8,2.0,d7,Plate1,/Users/pmihack/claire/tmem_2026/data/cleaved_tmem_pld3_260821/d7/TMEM_KO/TMEMKO_Plate1_d7_TMEM561LAMP1640MAP2488DAPI405_D8_F2.nd2,10
12,16512,31,0.0626211240310077,0.3890508387096773,778.2631225585938,12850681.0,5.683992839081156,0.0,0.2081464945949786,True,,KO,D8,2.0,d7,Plate1,/Users/pmihack/claire/tmem_2026/data/cleaved_tmem_pld3_260821/d7/TMEM_KO/TMEMKO_Plate1_d7_TMEM561LAMP1640MAP2488DAPI405_D8_F2.nd2,10
13,7995,4,0.1704815509693558,3.974508,1560.6497802734375,12477395.0,31.98724067025712,0.0,0.4800855623768454,True,,KO,D8,2.0,d7,Plate1,/Users/pmihack/claire/tmem_2026/data/cleaved_tmem_pld3_260821/d7/TMEM_KO/TMEMKO_Plate1_d7_TMEM561LAMP1640MAP2488DAPI405_D8_F2.nd2,10
14,18873,13,0.0330101202776453,0.5589747692307692,416.5409240722656,7861377.0,10.963384266234735,0.0002971489739138,-0.003624455169363,True,,KO,D8,2.0,d7,Plate1,/Users/pmihack/claire/tmem_2026/data/cleaved_tmem_pld3_260821/d7/TMEM_KO/TMEMKO_Plate1_d7_TMEM561LAMP1640MAP2488DAPI405_D8_F2.nd2,10
15,2636,0,0.0,0.0,63.18209457397461,166548.0,,0.0,0.0128092785804953,True,,KO,D8,2.0,d7,Plate1,/Users/pmihack/claire/tmem_2026/data/cleaved_tmem_pld3_260821/d7/TMEM_KO/TMEMKO_Plate1_d7_TMEM561LAMP1640MAP2488DAPI405_D8_F2.nd2,10
16,19897,12,0.0583002462682816,1.12752,603.7864990234375,12013540.0,17.44794687246942,0.0,0.3970944276846039,True,,KO,D8,2.0,d7,Plate1,/Users/pmihack/claire/tmem_2026/data/cleaved_tmem_pld3_260821/d7/TMEM_KO/TMEMKO_Plate1_d7_TMEM561LAMP1640MAP2488DAPI405_D8_F2.nd2,10
17,7750,4,0.0358709677419354,0.8106479999999999,365.5665893554687,2833141.0,32.42492060611637,0.0,0.2834402279138783,True,,KO,D8,2.0,d7,Plate1,/Users/pmihack/claire/tmem_2026/data/cleaved_tmem_pld3_260821/d7/TMEM_KO/TMEMKO_Plate1_d7_TMEM561LAMP1640MAP2488DAPI405_D8_F2.nd2,10
18,21523,9,0.0544069135343585,1.517616,549.0555419921875,11817322.0,8.14377591180225,0.0,0.562123989503546,True,,KO,D8,2.0,d7,Plate1,/Users/pmihack/claire/tmem_2026/data/cleaved_tmem_pld3_260821/d7/TMEM_KO/TMEMKO_Plate1_d7_TMEM561LAMP1640MAP2488DAPI405_D8_F2.nd2,10
19,22065,21,0.0429639700883752,0.5265462857142857,576.0445556640625,12710423.0,12.723155704437652,0.0,0.2744321888931087,True,,KO,D8,2.0,d7,Plate1,/Users/pmihack/claire/tmem_2026/data/cleaved_tmem_pld3_260821/d7/TMEM_KO/TMEMKO_Plate1_d7_TMEM561LAMP1640MAP2488DAPI405_D8_F2.nd2,10
20,26948,16,0.0516550393350155,1.014768,542.5016479492188,14619335.0,10.251321683263996,0.0,0.3913486138398659,True,,KO,D8,2.0,d7,Plate1,/Users/pmihack/claire/tmem_2026/data/cleaved_tmem_pld3_260821/d7/TMEM_KO/TMEMKO_Plate1_d7_TMEM561LAMP1640MAP2488DAPI405_D8_F2.nd2,10
21,16259,10,0.0325358263115812,0.6170256,331.13446044921875,5383915.0,5.8327296392556836,0.0,0.2938023703737214,True,,KO,D8,2.0,d7,Plate1,/Users/pmihack/claire/tmem_2026/data/cleaved_tmem_pld3_260821/d7/TMEM_KO/TMEMKO_Plate1_d7_TMEM561LAMP1640MAP2488DAPI405_D8_F2.nd2,10
22,12343,0,0.0,0.0,15.766020774841309,194600.0,,0.0,-0.0132548128019285,True,,KO,D8,2.0,d7,Plate1,/Users/pmihack/claire/tmem_2026/data/cleaved_tmem_pld3_260821/d7/TMEM_KO/TMEMKO_Plate1_d7_TMEM561LAMP1640MAP2488DAPI405_D8_F2.nd2,10
23,9258,3,0.1107150572477857,3.9852,1156.373291015625,10705704.0,19.935455820216127,0.0,0.324374959413429,True,,KO,D8,2.0,d7,Plate1,/Users/pmihack/claire/tmem_2026/data/cleaved_tmem_pld3_260821/d7/TMEM_KO/TMEMKO_Plate1_d7_TMEM561LAMP1640MAP2488DAPI405_D8_F2.nd2,10
24,9235,5,0.0763400108283703,1.644624,792.0520629882812,7314601.0,28.279815191108,0.0,0.3186475486182359,True,,KO,D8,2.0,d7,Plate1,/Users/pmihack/claire/tmem_2026/data/cleaved_tmem_pld3_260821/d7/TMEM_KO/TMEMKO_Plate1_d7_TMEM561LAMP1640MAP2488DAPI405_D8_F2.nd2,10
25,13167,18,0.0347079820764031,0.2961359999999999,599.7125854492188,7896416.0,24.244804110031883,0.0,0.2674168722624657,True,,KO,D8,2.0,d7,Plate1,/Users/pmihack/claire/tmem_2026/data/cleaved_tmem_pld3_260821/d7/TMEM_KO/TMEMKO_Plate1_d7_TMEM561LAMP1640MAP2488DAPI405_D8_F2.nd2,10
26,10153,6,0.0849010144784792,1.6757279999999997,945.4909057617188,9599569.0,12.401492317017514,0.0,0.2800576847015352,True,,KO,D8,2.0,d7,Plate1,/Users/pmihack/claire/tmem_2026/data/cleaved_tmem_pld3_260821/d7/TMEM_KO/TMEMKO_Plate1_d7_TMEM561LAMP1640MAP2488DAPI405_D8_F2.nd2,10
1,18914,4,0.0090409220683091,0.4986359999999999,99.45838928222656,1881156.0,6.213485892712557,0.0,0.1973852172229368,True,,KO,D8,3.0,d7,Plate1,/Users/pmihack/claire/tmem_2026/data/cleaved_tmem_pld3_260821/d7/TMEM_KO/TMEMKO_Plate1_d7_TMEM561LAMP1640MAP2488DAPI405_D8_F3.nd2,13
2,22956,6,0.0324969506882732,1.4502239999999995,250.5480499267578,5751581.0,5.044752252118252,0.0,0.2878739364009509,True,,KO,D8,3.0,d7,Plate1,/Users/pmihack/claire/tmem_2026/data/cleaved_tmem_pld3_260821/d7/TMEM_KO/TMEMKO_Plate1_d7_TMEM561LAMP1640MAP2488DAPI405_D8_F3.nd2,13
3,12093,3,0.0675597453072025,3.1764959999999993,445.9378051757813,5392726.0,5.547543524412536,0.0,0.419767136212954,True,,KO,D8,3.0,d7,Plate1,/Users/pmihack/claire/tmem_2026/data/cleaved_tmem_pld3_260821/d7/TMEM_KO/TMEMKO_Plate1_d7_TMEM561LAMP1640MAP2488DAPI405_D8_F3.nd2,13
4,14030,11,0.0308624376336421,0.4591374545454545,285.05560302734375,3999330.0,12.55562784500261,0.0,0.4693210453748683,True,,KO,D8,3.0,d7,Plate1,/Users/pmihack/claire/tmem_2026/data/cleaved_tmem_pld3_260821/d7/TMEM_KO/TMEMKO_Plate1_d7_TMEM561LAMP1640MAP2488DAPI405_D8_F3.nd2,13
5,11058,10,0.0201663953698679,0.2601072,259.83270263671875,2873230.0,4.545010322105066,0.0,0.3643486611954786,True,,KO,D8,3.0,d7,Plate1,/Users/pmihack/claire/tmem_2026/data/cleaved_tmem_pld3_260821/d7/TMEM_KO/TMEMKO_Plate1_d7_TMEM561LAMP1640MAP2488DAPI405_D8_F3.nd2,13
6,14667,5,0.069134792391082,2.3654592,491.0780029296875,7202641.0,4.061720323413775,0.0,0.2485864362191042,True,,KO,D8,3.0,d7,Plate1,/Users/pmihack/claire/tmem_2026/data/cleaved_tmem_pld3_260821/d7/TMEM_KO/TMEMKO_Plate1_d7_TMEM561LAMP1640MAP2488DAPI405_D8_F3.nd2,13
7,9714,12,0.0459131150916203,0.4335119999999999,399.75982666015625,3883267.0,7.2790320012541505,0.0,0.1001923103862895,True,,KO,D8,3.0,d7,Plate1,/Users/pmihack/claire/tmem_2026/data/cleaved_tmem_pld3_260821/d7/TMEM_KO/TMEMKO_Plate1_d7_TMEM561LAMP1640MAP2488DAPI405_D8_F3.nd2,13
8,18371,11,0.0084916444396059,0.1654167272727272,130.80491638183594,2403017.0,2.356406905598176,0.0,0.2440090628755777,True,,KO,D8,3.0,d7,Plate1,/Users/pmihack/claire/tmem_2026/data/cleaved_tmem_pld3_260821/d7/TMEM_KO/TMEMKO_Plate1_d7_TMEM561LAMP1640MAP2488DAPI405_D8_F3.nd2,13
9,23858,9,0.0626205046525274,1.936224,414.4391479492187,9887689.0,13.043804716905589,0.0,0.2093751020621021,True,,KO,D8,3.0,d7,Plate1,/Users/pmihack/claire/tmem_2026/data/cleaved_tmem_pld3_260821/d7/TMEM_KO/TMEMKO_Plate1_d7_TMEM561LAMP1640MAP2488DAPI405_D8_F3.nd2,13
10,14359,10,0.0684588063235601,1.1465712,525.7186279296875,7548794.0,3.126639570229603,0.0,0.107512908171904,True,,KO,D8,3.0,d7,Plate1,/Users/pmihack/claire/tmem_2026/data/cleaved_tmem_pld3_260821/d7/TMEM_KO/TMEMKO_Plate1_d7_TMEM561LAMP1640MAP2488DAPI405_D8_F3.nd2,13
11,14398,12,0.0913321294624253,1.27818,800.8761596679688,11531015.0,5.742642832576513,4.639660983229987e-05,0.0322076373639423,True,,KO,D8,3.0,d7,Plate1,/Users/pmihack/claire/tmem_2026/data/cleaved_tmem_pld3_260821/d7/TMEM_KO/TMEMKO_Plate1_d7_TMEM561LAMP1640MAP2488DAPI405_D8_F3.nd2,13
12,10710,4,0.0054154995331465,0.1691279999999999,117.61354064941406,1259641.0,22.598626820174612,0.0,0.1955322035494347,True,,KO,D8,3.0,d7,Plate1,/Users/pmihack/claire/tmem_2026/data/cleaved_tmem_pld3_260821/d7/TMEM_KO/TMEMKO_Plate1_d7_TMEM561LAMP1640MAP2488DAPI405_D8_F3.nd2,13
13,5253,3,0.1762802208261945,3.600288,1106.93017578125,5814704.0,25.538471232718045,0.0,0.2344487303530067,True,,KO,D8,3.0,d7,Plate1,/Users/pmihack/claire/tmem_2026/data/cleaved_tmem_pld3_260821/d7/TMEM_KO/TMEMKO_Plate1_d7_TMEM561LAMP1640MAP2488DAPI405_D8_F3.nd2,13
14,12507,8,0.0444551051411209,0.8106479999999999,330.9638671875,4139365.0,17.155345133069996,0.0,0.1558588786413643,True,,KO,D8,3.0,d7,Plate1,/Users/pmihack/claire/tmem_2026/data/cleaved_tmem_pld3_260821/d7/TMEM_KO/TMEMKO_Plate1_d7_TMEM561LAMP1640MAP2488DAPI405_D8_F3.nd2,13
15,11966,2,0.0023399632291492,0.163296,114.7404327392578,1372984.0,23.5291569890265,0.0,0.1935795437389508,True,,KO,D8,3.0,d7,Plate1,/Users/pmihack/claire/tmem_2026/data/cleaved_tmem_pld3_260821/d7/TMEM_KO/TMEMKO_Plate1_d7_TMEM561LAMP1640MAP2488DAPI405_D8_F3.nd2,13
16,13227,3,0.0298631586905571,1.5357599999999998,237.3258514404297,3139109.0,15.039174188748932,0.0,0.3341470155473059,True,,KO,D8,3.0,d7,Plate1,/Users/pmihack/claire/tmem_2026/data/cleaved_tmem_pld3_260821/d7/TMEM_KO/TMEMKO_Plate1_d7_TMEM561LAMP1640MAP2488DAPI405_D8_F3.nd2,13
17,11829,9,0.0395637839208724,0.606528,300.00946044921875,3548812.0,13.79573089248865,0.0,0.411492378708041,True,,KO,D8,3.0,d7,Plate1,/Users/pmihack/claire/tmem_2026/data/cleaved_tmem_pld3_260821/d7/TMEM_KO/TMEMKO_Plate1_d7_TMEM561LAMP1640MAP2488DAPI405_D8_F3.nd2,13
18,19663,11,0.0313278746885012,0.653184,248.50506591796875,4886355.0,26.92423220206012,0.0,0.2741365909816726,True,,KO,D8,3.0,d7,Plate1,/Users/pmihack/claire/tmem_2026/data/cleaved_tmem_pld3_260821/d7/TMEM_KO/TMEMKO_Plate1_d7_TMEM561LAMP1640MAP2488DAPI405_D8_F3.nd2,13
19,16408,7,0.0162725499756216,0.4448982857142857,183.0481414794922,3003454.0,22.802174403130422,0.0,0.5213398282480703,False,border,KO,D8,3.0,d7,Plate1,/Users/pmihack/claire/tmem_2026/data/cleaved_tmem_pld3_260821/d7/TMEM_KO/TMEMKO_Plate1_d7_TMEM561LAMP1640MAP2488DAPI405_D8_F3.nd2,13
20,16236,11,0.0591278640059127,1.0179490909090907,466.11627197265625,7567864.0,13.666440819138607,0.0,0.0677857216309117,True,,KO,D8,3.0,d7,Plate1,/Users/pmihack/claire/tmem_2026/data/cleaved_tmem_pld3_260821/d7/TMEM_KO/TMEMKO_Plate1_d7_TMEM561LAMP1640MAP2488DAPI405_D8_F3.nd2,13
1,13955,7,0.059763525618058,1.3896822857142856,469.9820251464844,6558599.0,7.969589485851312,0.0,0.1046354498009911,True,,KO,D8,4.0,d7,Plate1,/Users/pmihack/claire/tmem_2026/data/cleaved_tmem_pld3_260821/d7/TMEM_KO/TMEMKO_Plate1_d7_TMEM561LAMP1640MAP2488DAPI405_D8_F4.nd2,10
2,19255,8,0.069228771747598,1.9435139999999995,483.0164184570313,9300481.0,2.453742637701102,0.0,0.3452975592054554,True,,KO,D8,4.0,d7,Plate1,/Users/pmihack/claire/tmem_2026/data/cleaved_tmem_pld3_260821/d7/TMEM_KO/TMEMKO_Plate1_d7_TMEM561LAMP1640MAP2488DAPI405_D8_F4.nd2,10
3,11729,12,0.0295847898371557,0.337284,393.2220153808594,4612101.0,0.7032884929099494,0.0005199365550652,0.0600143189092922,True,,KO,D8,4.0,d7,Plate1,/Users/pmihack/claire/tmem_2026/data/cleaved_tmem_pld3_260821/d7/TMEM_KO/TMEMKO_Plate1_d7_TMEM561LAMP1640MAP2488DAPI405_D8_F4.nd2,10
4,3654,0,0.0,0.0,10.16174030303955,37131.0,,0.0,0.0464271372298711,True,,KO,D8,4.0,d7,Plate1,/Users/pmihack/claire/tmem_2026/data/cleaved_tmem_pld3_260821/d7/TMEM_KO/TMEMKO_Plate1_d7_TMEM561LAMP1640MAP2488DAPI405_D8_F4.nd2,10
5,13812,20,0.0850709527946713,0.68526,728.7092895507812,10064933.0,0.5952580556601322,0.0,0.3181356847398792,True,,KO,D8,4.0,d7,Plate1,/Users/pmihack/claire/tmem_2026/data/cleaved_tmem_pld3_260821/d7/TMEM_KO/TMEMKO_Plate1_d7_TMEM561LAMP1640MAP2488DAPI405_D8_F4.nd2,10
6,8265,2,0.1150635208711433,5.546232,874.4468383789062,7227303.0,3.4230874949929286,0.0,0.4122619795604339,True,,KO,D8,4.0,d7,Plate1,/Users/pmihack/claire/tmem_2026/data/cleaved_tmem_pld3_260821/d7/TMEM_KO/TMEMKO_Plate1_d7_TMEM561LAMP1640MAP2488DAPI405_D8_F4.nd2,10
7,10365,7,0.1495417269657501,2.582742857142857,1373.0107421875,14231256.0,5.49851051980593,0.0,0.4639033334313419,True,,KO,D8,4.0,d7,Plate1,/Users/pmihack/claire/tmem_2026/data/cleaved_tmem_pld3_260821/d7/TMEM_KO/TMEMKO_Plate1_d7_TMEM561LAMP1640MAP2488DAPI405_D8_F4.nd2,10
8,6840,10,0.3179824561403508,2.53692,2745.935791015625,18782200.0,22.585092756230516,0.0,0.3705821204503446,True,,KO,D8,4.0,d7,Plate1,/Users/pmihack/claire/tmem_2026/data/cleaved_tmem_pld3_260821/d7/TMEM_KO/TMEMKO_Plate1_d7_TMEM561LAMP1640MAP2488DAPI405_D8_F4.nd2,10
9,10866,4,0.0051536904104546,0.163296,126.04454040527344,1369600.0,14.580169174808892,0.0,0.1700047917155894,True,,KO,D8,4.0,d7,Plate1,/Users/pmihack/claire/tmem_2026/data/cleaved_tmem_pld3_260821/d7/TMEM_KO/TMEMKO_Plate1_d7_TMEM561LAMP1640MAP2488DAPI405_D8_F4.nd2,10
10,5248,2,0.0015243902439024,0.0466559999999999,180.8464202880859,949082.0,15.239636347163575,0.0,0.2377807165368761,True,,KO,D8,4.0,d7,Plate1,/Users/pmihack/claire/tmem_2026/data/cleaved_tmem_pld3_260821/d7/TMEM_KO/TMEMKO_Plate1_d7_TMEM561LAMP1640MAP2488DAPI405_D8_F4.nd2,10
11,28410,9,0.0055614220344948,0.204768,121.35892486572266,3447807.0,4.554648466164073,0.0,0.0971983375945219,True,,KO,D8,4.0,d7,Plate1,/Users/pmihack/claire/tmem_2026/data/cleaved_tmem_pld3_260821/d7/TMEM_KO/TMEMKO_Plate1_d7_TMEM561LAMP1640MAP2488DAPI405_D8_F4.nd2,10
12,5356,2,0.0048543689320388,0.151632,178.1573944091797,954211.0,24.33011490454392,0.0,0.3869077172750194,True,,KO,D8,4.0,d7,Plate1,/Users/pmihack/claire/tmem_2026/data/cleaved_tmem_pld3_260821/d7/TMEM_KO/TMEMKO_Plate1_d7_TMEM561LAMP1640MAP2488DAPI405_D8_F4.nd2,10
13,9165,0,0.0,0.0,26.22062110900879,240312.0,,0.0,0.0567102531279465,True,,KO,D8,4.0,d7,Plate1,/Users/pmihack/claire/tmem_2026/data/cleaved_tmem_pld3_260821/d7/TMEM_KO/TMEMKO_Plate1_d7_TMEM561LAMP1640MAP2488DAPI405_D8_F4.nd2,10
14,14300,2,0.0425874125874125,3.5516879999999995,307.1558837890625,4392329.0,22.922883745369784,0.0,0.4527318242969266,True,,KO,D8,4.0,d7,Plate1,/Users/pmihack/claire/tmem_2026/data/cleaved_tmem_pld3_260821/d7/TMEM_KO/TMEMKO_Plate1_d7_TMEM561LAMP1640MAP2488DAPI405_D8_F4.nd2,10
15,2102,0,0.0,0.0,6.876783847808838,14455.0,,0.0,0.0023268892849779,True,,KO,D8,4.0,d7,Plate1,/Users/pmihack/claire/tmem_2026/data/cleaved_tmem_pld3_260821/d7/TMEM_KO/TMEMKO_Plate1_d7_TMEM561LAMP1640MAP2488DAPI405_D8_F4.nd2,10
16,16125,7,0.0826046511627907,2.219492571428571,695.206298828125,11210202.0,12.28426354202088,0.0,0.3602489500480251,True,,KO,D8,4.0,d7,Plate1,/Users/pmihack/claire/tmem_2026/data/cleaved_tmem_pld3_260821/d7/TMEM_KO/TMEMKO_Plate1_d7_TMEM561LAMP1640MAP2488DAPI405_D8_F4.nd2,10
17,11683,3,0.0844817255841821,3.837455999999999,688.5390625,8044202.0,13.014393868263449,0.0,0.3315081255273674,True,,KO,D8,4.0,d7,Plate1,/Users/pmihack/claire/tmem_2026/data/cleaved_tmem_pld3_260821/d7/TMEM_KO/TMEMKO_Plate1_d7_TMEM561LAMP1640MAP2488DAPI405_D8_F4.nd2,10
18,24880,9,0.0342443729903537,1.104192,282.6625671386719,7032645.0,14.378409128339674,2.7016862986783963e-06,0.0714584785841239,True,,KO,D8,4.0,d7,Plate1,/Users/pmihack/claire/tmem_2026/data/cleaved_tmem_pld3_260821/d7/TMEM_KO/TMEMKO_Plate1_d7_TMEM561LAMP1640MAP2488DAPI405_D8_F4.nd2,10
19,12413,2,0.1012648030290824,7.330824,777.7491455078125,9654200.0,20.082102918997673,0.0,0.397329749086429,True,,KO,D8,4.0,d7,Plate1,/Users/pmihack/claire/tmem_2026/data/cleaved_tmem_pld3_260821/d7/TMEM_KO/TMEMKO_Plate1_d7_TMEM561LAMP1640MAP2488DAPI405_D8_F4.nd2,10
20,10939,14,0.0866624005850626,0.7898194285714284,687.7598266601562,7523405.0,33.60171104874468,0.0,0.4593283439411433,True,,KO,D8,4.0,d7,Plate1,/Users/pmihack/claire/tmem_2026/data/cleaved_tmem_pld3_260821/d7/TMEM_KO/TMEMKO_Plate1_d7_TMEM561LAMP1640MAP2488DAPI405_D8_F4.nd2,10
1,12601,11,0.0392032378382668,0.5238196363636363,236.00689697265625,2973923.0,1.1525934137655198,0.0,0.0402040666967984,True,,KO,E8,1.0,d7,Plate1,/Users/pmihack/claire/tmem_2026/data/cleaved_tmem_pld3_260821/d7/TMEM_KO/TMEMKO_Plate1_d7_TMEM561LAMP1640MAP2488DAPI405_E8_F1.nd2,12
2,7009,1,0.0004280211157083,0.0349919999999999,52.50791931152344,368028.0,0.3355806807985186,0.0,0.0027751300335374,True,,KO,E8,1.0,d7,Plate1,/Users/pmihack/claire/tmem_2026/data/cleaved_tmem_pld3_260821/d7/TMEM_KO/TMEMKO_Plate1_d7_TMEM561LAMP1640MAP2488DAPI405_E8_F1.nd2,12
3,22462,5,0.0170955391327575,0.8957951999999999,149.3915557861328,3355633.0,7.097742435518691,0.0,0.0907223212430231,True,,KO,E8,1.0,d7,Plate1,/Users/pmihack/claire/tmem_2026/data/cleaved_tmem_pld3_260821/d7/TMEM_KO/TMEMKO_Plate1_d7_TMEM561LAMP1640MAP2488DAPI405_E8_F1.nd2,12
4,10333,3,0.0227426691183586,0.9136799999999998,331.3516845703125,3423857.0,23.83735584508521,0.0,-0.00147074765288,True,,KO,E8,1.0,d7,Plate1,/Users/pmihack/claire/tmem_2026/data/cleaved_tmem_pld3_260821/d7/TMEM_KO/TMEMKO_Plate1_d7_TMEM561LAMP1640MAP2488DAPI405_E8_F1.nd2,12
5,12640,13,0.0188291139240506,0.213540923076923,220.5907440185547,2788267.0,8.206927862474934,0.0,0.127547324935722,True,,KO,E8,1.0,d7,Plate1,/Users/pmihack/claire/tmem_2026/data/cleaved_tmem_pld3_260821/d7/TMEM_KO/TMEMKO_Plate1_d7_TMEM561LAMP1640MAP2488DAPI405_E8_F1.nd2,12
6,11006,3,0.0109031437397783,0.46656,95.76376342773438,1053976.0,4.633192866896497,0.0,-0.0237148491307811,True,,KO,E8,1.0,d7,Plate1,/Users/pmihack/claire/tmem_2026/data/cleaved_tmem_pld3_260821/d7/TMEM_KO/TMEMKO_Plate1_d7_TMEM561LAMP1640MAP2488DAPI405_E8_F1.nd2,12
7,11262,1,0.0586929497424968,7.709903999999999,250.2344207763672,2818140.0,1.6675105372931431,0.0,0.0099836311851792,True,,KO,E8,1.0,d7,Plate1,/Users/pmihack/claire/tmem_2026/data/cleaved_tmem_pld3_260821/d7/TMEM_KO/TMEMKO_Plate1_d7_TMEM561LAMP1640MAP2488DAPI405_E8_F1.nd2,12
8,17043,5,0.0028164055624009,0.1119743999999999,64.43290710449219,1098130.0,2.549528963809058,0.0,-0.0479731741231042,True,,KO,E8,1.0,d7,Plate1,/Users/pmihack/claire/tmem_2026/data/cleaved_tmem_pld3_260821/d7/TMEM_KO/TMEMKO_Plate1_d7_TMEM561LAMP1640MAP2488DAPI405_E8_F1.nd2,12
9,10454,4,0.0815955615075569,2.487348,353.3579406738281,3694004.0,1.0134577427739884,0.0,0.1425757556549728,True,,KO,E8,1.0,d7,Plate1,/Users/pmihack/claire/tmem_2026/data/cleaved_tmem_pld3_260821/d7/TMEM_KO/TMEMKO_Plate1_d7_TMEM561LAMP1640MAP2488DAPI405_E8_F1.nd2,12
10,12974,2,0.000462463388315,0.0349919999999999,87.59418487548828,1136447.0,6.175983607654229,0.0,0.2768404318905874,True,,KO,E8,1.0,d7,Plate1,/Users/pmihack/claire/tmem_2026/data/cleaved_tmem_pld3_260821/d7/TMEM_KO/TMEMKO_Plate1_d7_TMEM561LAMP1640MAP2488DAPI405_E8_F1.nd2,12
11,4435,2,0.001803833145434,0.0466559999999999,109.81398010253906,487025.0,5.598789655038543,0.0,0.0249624678094985,True,,KO,E8,1.0,d7,Plate1,/Users/pmihack/claire/tmem_2026/data/cleaved_tmem_pld3_260821/d7/TMEM_KO/TMEMKO_Plate1_d7_TMEM561LAMP1640MAP2488DAPI405_E8_F1.nd2,12
12,9953,4,0.0152717773535617,0.4432319999999999,124.49512481689452,1239100.0,14.935907797628008,0.0,0.0062311169991127,True,,KO,E8,1.0,d7,Plate1,/Users/pmihack/claire/tmem_2026/data/cleaved_tmem_pld3_260821/d7/TMEM_KO/TMEMKO_Plate1_d7_TMEM561LAMP1640MAP2488DAPI405_E8_F1.nd2,12
13,12591,6,0.0335954253037884,0.8223119999999999,171.77117919921875,2162771.0,11.948285004342331,0.0,0.0533046610686923,True,,KO,E8,1.0,d7,Plate1,/Users/pmihack/claire/tmem_2026/data/cleaved_tmem_pld3_260821/d7/TMEM_KO/TMEMKO_Plate1_d7_TMEM561LAMP1640MAP2488DAPI405_E8_F1.nd2,12
14,9212,7,0.0269214068606165,0.4132388571428571,198.0199737548828,1824160.0,13.414335388241538,0.0,0.1395499263061519,True,,KO,E8,1.0,d7,Plate1,/Users/pmihack/claire/tmem_2026/data/cleaved_tmem_pld3_260821/d7/TMEM_KO/TMEMKO_Plate1_d7_TMEM561LAMP1640MAP2488DAPI405_E8_F1.nd2,12
15,12357,8,0.0144047908068301,0.259524,192.24188232421875,2375533.0,26.097258691160288,0.0,0.0155121941847323,True,,KO,E8,1.0,d7,Plate1,/Users/pmihack/claire/tmem_2026/data/cleaved_tmem_pld3_260821/d7/TMEM_KO/TMEMKO_Plate1_d7_TMEM561LAMP1640MAP2488DAPI405_E8_F1.nd2,12
16,7037,0,0.0,0.0,11.891572952270508,83681.0,,0.0,0.0782826976821015,True,,KO,E8,1.0,d7,Plate1,/Users/pmihack/claire/tmem_2026/data/cleaved_tmem_pld3_260821/d7/TMEM_KO/TMEMKO_Plate1_d7_TMEM561LAMP1640MAP2488DAPI405_E8_F1.nd2,12
17,13486,3,0.0175737802165208,0.921456,171.47894287109375,2312565.0,12.834909738620793,0.0,-0.0504246401829243,True,,KO,E8,1.0,d7,Plate1,/Users/pmihack/claire/tmem_2026/data/cleaved_tmem_pld3_260821/d7/TMEM_KO/TMEMKO_Plate1_d7_TMEM561LAMP1640MAP2488DAPI405_E8_F1.nd2,12
18,13805,8,0.0375950742484607,0.756702,178.603759765625,2465625.0,10.525000063953,0.0,0.0791297768038751,True,,KO,E8,1.0,d7,Plate1,/Users/pmihack/claire/tmem_2026/data/cleaved_tmem_pld3_260821/d7/TMEM_KO/TMEMKO_Plate1_d7_TMEM561LAMP1640MAP2488DAPI405_E8_F1.nd2,12
19,7600,3,0.0985526315789473,2.9121119999999996,456.0993347167969,3466355.0,13.422589635863384,0.0,0.0578854177929823,True,,KO,E8,1.0,d7,Plate1,/Users/pmihack/claire/tmem_2026/data/cleaved_tmem_pld3_260821/d7/TMEM_KO/TMEMKO_Plate1_d7_TMEM561LAMP1640MAP2488DAPI405_E8_F1.nd2,12
20,11660,7,0.0427101200686106,0.8298102857142856,291.5528259277344,3399506.0,26.809595400246163,0.0,0.0285825931520571,True,,KO,E8,1.0,d7,Plate1,/Users/pmihack/claire/tmem_2026/data/cleaved_tmem_pld3_260821/d7/TMEM_KO/TMEMKO_Plate1_d7_TMEM561LAMP1640MAP2488DAPI405_E8_F1.nd2,12
21,15726,5,0.0448938064352028,1.6469567999999997,239.63156127929688,3768446.0,9.606681935741916,0.0,0.0156878354737223,False,border,KO,E8,1.0,d7,Plate1,/Users/pmihack/claire/tmem_2026/data/cleaved_tmem_pld3_260821/d7/TMEM_KO/TMEMKO_Plate1_d7_TMEM561LAMP1640MAP2488DAPI405_E8_F1.nd2,12
1,6431,0,0.0,0.0,7.902037143707275,50818.0,,0.0,0.0438391983728118,True,,KO,E8,2.0,d7,Plate1,/Users/pmihack/claire/tmem_2026/data/cleaved_tmem_pld3_260821/d7/TMEM_KO/TMEMKO_Plate1_d7_TMEM561LAMP1640MAP2488DAPI405_E8_F2.nd2,9
2,6072,0,0.0,0.0,30.539690017700195,185437.0,,0.0,-0.0439497607427416,True,,KO,E8,2.0,d7,Plate1,/Users/pmihack/claire/tmem_2026/data/cleaved_tmem_pld3_260821/d7/TMEM_KO/TMEMKO_Plate1_d7_TMEM561LAMP1640MAP2488DAPI405_E8_F2.nd2,9
3,20220,1,0.0002472799208704,0.05832,199.3538055419922,4030934.0,0.4367858916880398,0.0,0.0463137934294603,True,,KO,E8,2.0,d7,Plate1,/Users/pmihack/claire/tmem_2026/data/cleaved_tmem_pld3_260821/d7/TMEM_KO/TMEMKO_Plate1_d7_TMEM561LAMP1640MAP2488DAPI405_E8_F2.nd2,9
4,8294,0,0.0,0.0,282.89208984375,2346307.0,,0.0,-0.0942594864415484,True,,KO,E8,2.0,d7,Plate1,/Users/pmihack/claire/tmem_2026/data/cleaved_tmem_pld3_260821/d7/TMEM_KO/TMEMKO_Plate1_d7_TMEM561LAMP1640MAP2488DAPI405_E8_F2.nd2,9
5,11056,0,0.0,0.0,82.09198760986328,907609.0,,0.0,-0.047672978109014,True,,KO,E8,2.0,d7,Plate1,/Users/pmihack/claire/tmem_2026/data/cleaved_tmem_pld3_260821/d7/TMEM_KO/TMEMKO_Plate1_d7_TMEM561LAMP1640MAP2488DAPI405_E8_F2.nd2,9
6,19600,0,0.0,0.0,56.51540756225586,1107702.0,,0.0,0.1506248703160341,True,,KO,E8,2.0,d7,Plate1,/Users/pmihack/claire/tmem_2026/data/cleaved_tmem_pld3_260821/d7/TMEM_KO/TMEMKO_Plate1_d7_TMEM561LAMP1640MAP2488DAPI405_E8_F2.nd2,9
7,11475,0,0.0,0.0,44.767581939697266,513708.0,,0.0,0.1100901895063629,True,,KO,E8,2.0,d7,Plate1,/Users/pmihack/claire/tmem_2026/data/cleaved_tmem_pld3_260821/d7/TMEM_KO/TMEMKO_Plate1_d7_TMEM561LAMP1640MAP2488DAPI405_E8_F2.nd2,9
8,18093,0,0.0,0.0,28.74924087524414,520160.0,,0.0,-0.0033744462401588,True,,KO,E8,2.0,d7,Plate1,/Users/pmihack/claire/tmem_2026/data/cleaved_tmem_pld3_260821/d7/TMEM_KO/TMEMKO_Plate1_d7_TMEM561LAMP1640MAP2488DAPI405_E8_F2.nd2,9
9,10678,0,0.0,0.0,151.87693786621094,1621742.0,,0.0,-0.0240704765887746,True,,KO,E8,2.0,d7,Plate1,/Users/pmihack/claire/tmem_2026/data/cleaved_tmem_pld3_260821/d7/TMEM_KO/TMEMKO_Plate1_d7_TMEM561LAMP1640MAP2488DAPI405_E8_F2.nd2,9
10,22047,0,0.0,0.0,97.54696655273438,2150618.0,,0.0,0.1391143983415793,True,,KO,E8,2.0,d7,Plate1,/Users/pmihack/claire/tmem_2026/data/cleaved_tmem_pld3_260821/d7/TMEM_KO/TMEMKO_Plate1_d7_TMEM561LAMP1640MAP2488DAPI405_E8_F2.nd2,9
11,18006,0,0.0,0.0,104.6448974609375,1884236.0,,0.0040292190387845,0.1240885155074905,True,,KO,E8,2.0,d7,Plate1,/Users/pmihack/claire/tmem_2026/data/cleaved_tmem_pld3_260821/d7/TMEM_KO/TMEMKO_Plate1_d7_TMEM561LAMP1640MAP2488DAPI405_E8_F2.nd2,9
12,17450,0,0.0,0.0,251.17266845703125,4382963.0,,0.0,0.0586088826987257,True,,KO,E8,2.0,d7,Plate1,/Users/pmihack/claire/tmem_2026/data/cleaved_tmem_pld3_260821/d7/TMEM_KO/TMEMKO_Plate1_d7_TMEM561LAMP1640MAP2488DAPI405_E8_F2.nd2,9
13,11385,0,0.0,0.0,72.52428436279297,825689.0,,0.0,-0.0195386719256411,True,,KO,E8,2.0,d7,Plate1,/Users/pmihack/claire/tmem_2026/data/cleaved_tmem_pld3_260821/d7/TMEM_KO/TMEMKO_Plate1_d7_TMEM561LAMP1640MAP2488DAPI405_E8_F2.nd2,9
14,10936,0,0.0,0.0,131.05596923828125,1433228.0,,0.0,-0.021304926949174,True,,KO,E8,2.0,d7,Plate1,/Users/pmihack/claire/tmem_2026/data/cleaved_tmem_pld3_260821/d7/TMEM_KO/TMEMKO_Plate1_d7_TMEM561LAMP1640MAP2488DAPI405_E8_F2.nd2,9
15,13101,0,0.0,0.0,294.52569580078125,3858581.0,,0.0005100320558995,0.0104602025263342,True,,KO,E8,2.0,d7,Plate1,/Users/pmihack/claire/tmem_2026/data/cleaved_tmem_pld3_260821/d7/TMEM_KO/TMEMKO_Plate1_d7_TMEM561LAMP1640MAP2488DAPI405_E8_F2.nd2,9
16,10006,0,0.0,0.0,190.23255920410156,1903467.0,,0.0,-0.131682891689132,True,,KO,E8,2.0,d7,Plate1,/Users/pmihack/claire/tmem_2026/data/cleaved_tmem_pld3_260821/d7/TMEM_KO/TMEMKO_Plate1_d7_TMEM561LAMP1640MAP2488DAPI405_E8_F2.nd2,9
17,10816,0,0.0,0.0,13.842917442321776,149725.0,,0.0,0.1588770364713797,True,,KO,E8,2.0,d7,Plate1,/Users/pmihack/claire/tmem_2026/data/cleaved_tmem_pld3_260821/d7/TMEM_KO/TMEMKO_Plate1_d7_TMEM561LAMP1640MAP2488DAPI405_E8_F2.nd2,9
18,7692,0,0.0,0.0,35.684349060058594,274484.0,,0.0,0.0326306370545262,True,,KO,E8,2.0,d7,Plate1,/Users/pmihack/claire/tmem_2026/data/cleaved_tmem_pld3_260821/d7/TMEM_KO/TMEMKO_Plate1_d7_TMEM561LAMP1640MAP2488DAPI405_E8_F2.nd2,9
19,19444,0,0.0,0.0,201.6348419189453,3920588.0,,0.0,-0.0139307560903446,True,,KO,E8,2.0,d7,Plate1,/Users/pmihack/claire/tmem_2026/data/cleaved_tmem_pld3_260821/d7/TMEM_KO/TMEMKO_Plate1_d7_TMEM561LAMP1640MAP2488DAPI405_E8_F2.nd2,9
20,14492,0,0.0,0.0,26.956113815307617,390648.0,,0.0,0.1235533616218359,True,,KO,E8,2.0,d7,Plate1,/Users/pmihack/claire/tmem_2026/data/cleaved_tmem_pld3_260821/d7/TMEM_KO/TMEMKO_Plate1_d7_TMEM561LAMP1640MAP2488DAPI405_E8_F2.nd2,9
21,22483,2,0.0004892585509051,0.064152,110.48908233642578,2484126.0,5.3221098227646415,0.0,-0.0222517109960686,True,,KO,E8,2.0,d7,Plate1,/Users/pmihack/claire/tmem_2026/data/cleaved_tmem_pld3_260821/d7/TMEM_KO/TMEMKO_Plate1_d7_TMEM561LAMP1640MAP2488DAPI405_E8_F2.nd2,9
22,11278,0,0.0,0.0,86.32319641113281,973553.0,,0.0,-0.005209721044049,True,,KO,E8,2.0,d7,Plate1,/Users/pmihack/claire/tmem_2026/data/cleaved_tmem_pld3_260821/d7/TMEM_KO/TMEMKO_Plate1_d7_TMEM561LAMP1640MAP2488DAPI405_E8_F2.nd2,9
23,12666,0,0.0,0.0,148.75390625,1884117.0,,0.0,0.1198426489084465,True,,KO,E8,2.0,d7,Plate1,/Users/pmihack/claire/tmem_2026/data/cleaved_tmem_pld3_260821/d7/TMEM_KO/TMEMKO_Plate1_d7_TMEM561LAMP1640MAP2488DAPI405_E8_F2.nd2,9
24,10300,0,0.0,0.0,77.70233154296875,800334.0,,0.0,-0.0701717857380629,True,,KO,E8,2.0,d7,Plate1,/Users/pmihack/claire/tmem_2026/data/cleaved_tmem_pld3_260821/d7/TMEM_KO/TMEMKO_Plate1_d7_TMEM561LAMP1640MAP2488DAPI405_E8_F2.nd2,9
25,16312,0,0.0,0.0,83.41454315185547,1360658.0,,0.0,0.0558388851902014,True,,KO,E8,2.0,d7,Plate1,/Users/pmihack/claire/tmem_2026/data/cleaved_tmem_pld3_260821/d7/TMEM_KO/TMEMKO_Plate1_d7_TMEM561LAMP1640MAP2488DAPI405_E8_F2.nd2,9
26,12655,0,0.0,0.0,175.77810668945312,2224472.0,,0.0,-0.0396656996093939,True,,KO,E8,2.0,d7,Plate1,/Users/pmihack/claire/tmem_2026/data/cleaved_tmem_pld3_260821/d7/TMEM_KO/TMEMKO_Plate1_d7_TMEM561LAMP1640MAP2488DAPI405_E8_F2.nd2,9
27,12277,0,0.0,0.0,31.791154861450195,390300.0,,0.0,-0.0319657192491692,True,,KO,E8,2.0,d7,Plate1,/Users/pmihack/claire/tmem_2026/data/cleaved_tmem_pld3_260821/d7/TMEM_KO/TMEMKO_Plate1_d7_TMEM561LAMP1640MAP2488DAPI405_E8_F2.nd2,9
1,8885,8,0.0221722003376477,0.287226,674.5537719726562,5993410.0,18.503386731890156,0.0,0.2943284536734645,True,,KO,E8,3.0,d7,Plate1,/Users/pmihack/claire/tmem_2026/data/cleaved_tmem_pld3_260821/d7/TMEM_KO/TMEMKO_Plate1_d7_TMEM561LAMP1640MAP2488DAPI405_E8_F3.nd2,13
2,16460,8,0.0301336573511543,0.7231679999999999,494.1273498535156,8133336.0,5.988868914724109,0.0,0.5228926753128361,True,,KO,E8,3.0,d7,Plate1,/Users/pmihack/claire/tmem_2026/data/cleaved_tmem_pld3_260821/d7/TMEM_KO/TMEMKO_Plate1_d7_TMEM561LAMP1640MAP2488DAPI405_E8_F3.nd2,13
3,8962,0,0.0,0.0,230.97824096679688,2070027.0,,0.0,0.1469052381870455,True,,KO,E8,3.0,d7,Plate1,/Users/pmihack/claire/tmem_2026/data/cleaved_tmem_pld3_260821/d7/TMEM_KO/TMEMKO_Plate1_d7_TMEM561LAMP1640MAP2488DAPI405_E8_F3.nd2,13
4,18114,8,0.0062934746604836,0.166212,340.6748962402344,6170985.0,4.897123330629939,0.0,0.2918514790259251,True,,KO,E8,3.0,d7,Plate1,/Users/pmihack/claire/tmem_2026/data/cleaved_tmem_pld3_260821/d7/TMEM_KO/TMEMKO_Plate1_d7_TMEM561LAMP1640MAP2488DAPI405_E8_F3.nd2,13
5,15662,0,0.0,0.0,157.75328063964844,2470732.0,,0.0071970573626458,0.0532239875493297,True,,KO,E8,3.0,d7,Plate1,/Users/pmihack/claire/tmem_2026/data/cleaved_tmem_pld3_260821/d7/TMEM_KO/TMEMKO_Plate1_d7_TMEM561LAMP1640MAP2488DAPI405_E8_F3.nd2,13
6,11755,1,0.0004253509145044,0.05832,214.88124084472656,2525929.0,21.62020563228672,0.0,0.1780908709801107,True,,KO,E8,3.0,d7,Plate1,/Users/pmihack/claire/tmem_2026/data/cleaved_tmem_pld3_260821/d7/TMEM_KO/TMEMKO_Plate1_d7_TMEM561LAMP1640MAP2488DAPI405_E8_F3.nd2,13
7,8426,0,0.0,0.0,51.32138442993164,432434.0,,0.0,0.2013583648886965,True,,KO,E8,3.0,d7,Plate1,/Users/pmihack/claire/tmem_2026/data/cleaved_tmem_pld3_260821/d7/TMEM_KO/TMEMKO_Plate1_d7_TMEM561LAMP1640MAP2488DAPI405_E8_F3.nd2,13
8,10401,0,0.0,0.0,2.741370916366577,28513.0,,0.0,0.0013888978445286,True,,KO,E8,3.0,d7,Plate1,/Users/pmihack/claire/tmem_2026/data/cleaved_tmem_pld3_260821/d7/TMEM_KO/TMEMKO_Plate1_d7_TMEM561LAMP1640MAP2488DAPI405_E8_F3.nd2,13
9,18823,12,0.0439887371832332,0.804816,752.6659545898438,14167431.0,15.970918107967783,0.0,0.2825112192357213,True,,KO,E8,3.0,d7,Plate1,/Users/pmihack/claire/tmem_2026/data/cleaved_tmem_pld3_260821/d7/TMEM_KO/TMEMKO_Plate1_d7_TMEM561LAMP1640MAP2488DAPI405_E8_F3.nd2,13
10,8217,1,0.0017037848363149,0.163296,173.83302307128906,1428386.0,28.296018727244764,0.0,0.102144447373641,False,border,KO,E8,3.0,d7,Plate1,/Users/pmihack/claire/tmem_2026/data/cleaved_tmem_pld3_260821/d7/TMEM_KO/TMEMKO_Plate1_d7_TMEM561LAMP1640MAP2488DAPI405_E8_F3.nd2,13
11,6656,0,0.0,0.0,16.25495719909668,108193.0,,0.0,0.1422482047891788,True,,KO,E8,3.0,d7,Plate1,/Users/pmihack/claire/tmem_2026/data/cleaved_tmem_pld3_260821/d7/TMEM_KO/TMEMKO_Plate1_d7_TMEM561LAMP1640MAP2488DAPI405_E8_F3.nd2,13
12,14171,14,0.043610189824289,0.5148822857142857,862.08544921875,12216613.0,11.20668125508672,0.0,0.388024919013772,True,,KO,E8,3.0,d7,Plate1,/Users/pmihack/claire/tmem_2026/data/cleaved_tmem_pld3_260821/d7/TMEM_KO/TMEMKO_Plate1_d7_TMEM561LAMP1640MAP2488DAPI405_E8_F3.nd2,13
13,14736,6,0.018186753528773,0.5209919999999999,490.8560791015625,7233255.0,15.77943244754989,0.0,0.0752456509958904,True,,KO,E8,3.0,d7,Plate1,/Users/pmihack/claire/tmem_2026/data/cleaved_tmem_pld3_260821/d7/TMEM_KO/TMEMKO_Plate1_d7_TMEM561LAMP1640MAP2488DAPI405_E8_F3.nd2,13
14,12067,4,0.0038120493909008,0.1341359999999999,380.0653991699219,4586249.0,5.5265089587036025,0.0,0.1451243288504046,True,,KO,E8,3.0,d7,Plate1,/Users/pmihack/claire/tmem_2026/data/cleaved_tmem_pld3_260821/d7/TMEM_KO/TMEMKO_Plate1_d7_TMEM561LAMP1640MAP2488DAPI405_E8_F3.nd2,13
15,6935,0,0.0,0.0,36.100215911865234,250355.0,,0.0,0.0525208969231045,True,,KO,E8,3.0,d7,Plate1,/Users/pmihack/claire/tmem_2026/data/cleaved_tmem_pld3_260821/d7/TMEM_KO/TMEMKO_Plate1_d7_TMEM561LAMP1640MAP2488DAPI405_E8_F3.nd2,13
16,10051,5,0.1159088647895731,2.7177119999999997,1565.21923828125,15732018.0,8.60796230567416,0.0,0.3631578901118308,True,,KO,E8,3.0,d7,Plate1,/Users/pmihack/claire/tmem_2026/data/cleaved_tmem_pld3_260821/d7/TMEM_KO/TMEMKO_Plate1_d7_TMEM561LAMP1640MAP2488DAPI405_E8_F3.nd2,13
17,16392,0,0.0,0.0,16.933076858520508,277567.0,,0.0,0.1794451480337976,True,,KO,E8,3.0,d7,Plate1,/Users/pmihack/claire/tmem_2026/data/cleaved_tmem_pld3_260821/d7/TMEM_KO/TMEMKO_Plate1_d7_TMEM561LAMP1640MAP2488DAPI405_E8_F3.nd2,13
18,12676,20,0.0937204165351846,0.6928416,1467.9637451171875,18607908.0,9.642879285491686,0.0,0.2577945305852564,True,,KO,E8,3.0,d7,Plate1,/Users/pmihack/claire/tmem_2026/data/cleaved_tmem_pld3_260821/d7/TMEM_KO/TMEMKO_Plate1_d7_TMEM561LAMP1640MAP2488DAPI405_E8_F3.nd2,13
19,19908,6,0.0057263411693791,0.2216159999999999,238.60598754882812,4750168.0,8.307772962843758,0.0,0.4090694095334345,True,,KO,E8,3.0,d7,Plate1,/Users/pmihack/claire/tmem_2026/data/cleaved_tmem_pld3_260821/d7/TMEM_KO/TMEMKO_Plate1_d7_TMEM561LAMP1640MAP2488DAPI405_E8_F3.nd2,13
20,19108,20,0.025382038936571,0.282852,713.7869873046875,13639042.0,9.795428036145177,0.0,0.2527428393925908,True,,KO,E8,3.0,d7,Plate1,/Users/pmihack/claire/tmem_2026/data/cleaved_tmem_pld3_260821/d7/TMEM_KO/TMEMKO_Plate1_d7_TMEM561LAMP1640MAP2488DAPI405_E8_F3.nd2,13
21,28151,7,0.0052218393662747,0.2449439999999999,234.2078094482422,6593184.0,5.325061469520091,0.0,0.340958176633615,True,,KO,E8,3.0,d7,Plate1,/Users/pmihack/claire/tmem_2026/data/cleaved_tmem_pld3_260821/d7/TMEM_KO/TMEMKO_Plate1_d7_TMEM561LAMP1640MAP2488DAPI405_E8_F3.nd2,13
1,11957,13,0.1527138914443422,1.6383433846153843,1458.900390625,17444072.0,17.278963123665307,0.0,0.4781751362592253,True,,KO,E8,4.0,d7,Plate1,/Users/pmihack/claire/tmem_2026/data/cleaved_tmem_pld3_260821/d7/TMEM_KO/TMEMKO_Plate1_d7_TMEM561LAMP1640MAP2488DAPI405_E8_F4.nd2,14
2,32539,10,0.0287654814222932,1.0917503999999998,307.3616943359375,10001242.0,11.249265201214405,0.0,0.372842749166554,True,,KO,E8,4.0,d7,Plate1,/Users/pmihack/claire/tmem_2026/data/cleaved_tmem_pld3_260821/d7/TMEM_KO/TMEMKO_Plate1_d7_TMEM561LAMP1640MAP2488DAPI405_E8_F4.nd2,14
3,12957,5,0.0430655244269506,1.3017024,458.5901184082031,5941952.0,3.0566385607799034,0.0,0.2221336357622013,True,,KO,E8,4.0,d7,Plate1,/Users/pmihack/claire/tmem_2026/data/cleaved_tmem_pld3_260821/d7/TMEM_KO/TMEMKO_Plate1_d7_TMEM561LAMP1640MAP2488DAPI405_E8_F4.nd2,14
4,10341,3,0.0896431679721496,3.604176,849.173583984375,8781304.0,5.327725276346092,0.0,0.4638684980969091,True,,KO,E8,4.0,d7,Plate1,/Users/pmihack/claire/tmem_2026/data/cleaved_tmem_pld3_260821/d7/TMEM_KO/TMEMKO_Plate1_d7_TMEM561LAMP1640MAP2488DAPI405_E8_F4.nd2,14
5,28047,16,0.0825756765429457,1.6883639999999998,840.0850219726562,23561864.0,5.892010206626044,0.0,0.285151063881356,True,,KO,E8,4.0,d7,Plate1,/Users/pmihack/claire/tmem_2026/data/cleaved_tmem_pld3_260821/d7/TMEM_KO/TMEMKO_Plate1_d7_TMEM561LAMP1640MAP2488DAPI405_E8_F4.nd2,14
6,22448,16,0.1115021382751247,1.824687,1041.2952880859375,23374996.0,5.960312119251685,0.0,0.3422809121989451,True,,KO,E8,4.0,d7,Plate1,/Users/pmihack/claire/tmem_2026/data/cleaved_tmem_pld3_260821/d7/TMEM_KO/TMEMKO_Plate1_d7_TMEM561LAMP1640MAP2488DAPI405_E8_F4.nd2,14
7,11622,5,0.0235759765961108,0.6391872,295.7997741699219,3437785.0,18.737498580055806,0.0,0.1978075693789358,True,,KO,E8,4.0,d7,Plate1,/Users/pmihack/claire/tmem_2026/data/cleaved_tmem_pld3_260821/d7/TMEM_KO/TMEMKO_Plate1_d7_TMEM561LAMP1640MAP2488DAPI405_E8_F4.nd2,14
8,5524,13,0.1261766835626357,0.625369846153846,1449.1038818359375,8004850.0,12.32933143691666,0.0,0.1311929912280832,True,,KO,E8,4.0,d7,Plate1,/Users/pmihack/claire/tmem_2026/data/cleaved_tmem_pld3_260821/d7/TMEM_KO/TMEMKO_Plate1_d7_TMEM561LAMP1640MAP2488DAPI405_E8_F4.nd2,14
9,17121,8,0.0919338823666841,2.294892,827.0223999023438,14159450.0,20.003432537426864,0.0,0.3998127464536469,True,,KO,E8,4.0,d7,Plate1,/Users/pmihack/claire/tmem_2026/data/cleaved_tmem_pld3_260821/d7/TMEM_KO/TMEMKO_Plate1_d7_TMEM561LAMP1640MAP2488DAPI405_E8_F4.nd2,14
10,14604,8,0.0456039441248972,0.971028,559.0712280273438,8164676.0,13.117457129045524,0.000593532458879,0.0349242317439525,True,,KO,E8,4.0,d7,Plate1,/Users/pmihack/claire/tmem_2026/data/cleaved_tmem_pld3_260821/d7/TMEM_KO/TMEMKO_Plate1_d7_TMEM561LAMP1640MAP2488DAPI405_E8_F4.nd2,14
11,18029,9,0.0507515669199622,1.18584,529.0548095703125,9538329.0,9.38915568281069,0.0,0.4755873349779518,True,,KO,E8,4.0,d7,Plate1,/Users/pmihack/claire/tmem_2026/data/cleaved_tmem_pld3_260821/d7/TMEM_KO/TMEMKO_Plate1_d7_TMEM561LAMP1640MAP2488DAPI405_E8_F4.nd2,14
12,8701,6,0.0290771175726927,0.4918319999999999,470.46478271484375,4093514.0,15.940230728665092,0.0,0.1303267797709106,True,,KO,E8,4.0,d7,Plate1,/Users/pmihack/claire/tmem_2026/data/cleaved_tmem_pld3_260821/d7/TMEM_KO/TMEMKO_Plate1_d7_TMEM561LAMP1640MAP2488DAPI405_E8_F4.nd2,14
13,7695,6,0.0648473034437946,0.970056,641.143310546875,4933598.0,43.6623138611934,0.0,0.4506480558687333,True,,KO,E8,4.0,d7,Plate1,/Users/pmihack/claire/tmem_2026/data/cleaved_tmem_pld3_260821/d7/TMEM_KO/TMEMKO_Plate1_d7_TMEM561LAMP1640MAP2488DAPI405_E8_F4.nd2,14
14,12426,7,0.04160630935136,0.8614697142857143,463.6360778808594,5761142.0,14.474891616622818,0.0,0.3281799456947095,True,,KO,E8,4.0,d7,Plate1,/Users/pmihack/claire/tmem_2026/data/cleaved_tmem_pld3_260821/d7/TMEM_KO/TMEMKO_Plate1_d7_TMEM561LAMP1640MAP2488DAPI405_E8_F4.nd2,14
15,16223,11,0.0085680823522159,0.1473905454545454,187.64230346679688,3044121.0,12.1153583156229,0.0,0.3432448040569836,True,,KO,E8,4.0,d7,Plate1,/Users/pmihack/claire/tmem_2026/data/cleaved_tmem_pld3_260821/d7/TMEM_KO/TMEMKO_Plate1_d7_TMEM561LAMP1640MAP2488DAPI405_E8_F4.nd2,14
16,13892,6,0.0282176792398502,0.7620479999999998,347.74713134765625,4830903.0,29.473678210844714,0.0,0.2316706624786023,True,,KO,E8,4.0,d7,Plate1,/Users/pmihack/claire/tmem_2026/data/cleaved_tmem_pld3_260821/d7/TMEM_KO/TMEMKO_Plate1_d7_TMEM561LAMP1640MAP2488DAPI405_E8_F4.nd2,14
17,29199,9,0.0258912976471797,0.979776,256.14202880859375,7479091.0,8.90038187697876,0.0,0.2657970208118169,True,,KO,E8,4.0,d7,Plate1,/Users/pmihack/claire/tmem_2026/data/cleaved_tmem_pld3_260821/d7/TMEM_KO/TMEMKO_Plate1_d7_TMEM561LAMP1640MAP2488DAPI405_E8_F4.nd2,14
18,10842,2,0.0012912746725696,0.081648,222.94290161132812,2417147.0,15.150292631783616,0.0,0.072256742102803,True,,KO,E8,4.0,d7,Plate1,/Users/pmihack/claire/tmem_2026/data/cleaved_tmem_pld3_260821/d7/TMEM_KO/TMEMKO_Plate1_d7_TMEM561LAMP1640MAP2488DAPI405_E8_F4.nd2,14
19,9277,6,0.1061765657001185,1.9148399999999997,1003.669921875,9311046.0,16.29524720277127,0.0,0.532613154374864,True,,KO,E8,4.0,d7,Plate1,/Users/pmihack/claire/tmem_2026/data/cleaved_tmem_pld3_260821/d7/TMEM_KO/TMEMKO_Plate1_d7_TMEM561LAMP1640MAP2488DAPI405_E8_F4.nd2,14
20,11043,9,0.0974372905913248,1.394496,876.494140625,9679125.0,17.598252908823838,0.0,0.492451941837504,True,,KO,E8,4.0,d7,Plate1,/Users/pmihack/claire/tmem_2026/data/cleaved_tmem_pld3_260821/d7/TMEM_KO/TMEMKO_Plate1_d7_TMEM561LAMP1640MAP2488DAPI405_E8_F4.nd2,14
21,12485,3,0.0014417300760913,0.0699839999999999,252.38214111328125,3150991.0,14.872172378581892,0.0,0.2654765460157595,True,,KO,E8,4.0,d7,Plate1,/Users/pmihack/claire/tmem_2026/data/cleaved_tmem_pld3_260821/d7/TMEM_KO/TMEMKO_Plate1_d7_TMEM561LAMP1640MAP2488DAPI405_E8_F4.nd2,14
22,19349,6,0.0551966509897152,2.076192,611.0648803710938,11823494.0,13.882198634737897,0.0,0.1823600752783467,True,,KO,E8,4.0,d7,Plate1,/Users/pmihack/claire/tmem_2026/data/cleaved_tmem_pld3_260821/d7/TMEM_KO/TMEMKO_Plate1_d7_TMEM561LAMP1640MAP2488DAPI405_E8_F4.nd2,14
1,14703,0,0.0,0.0,168.48915100097656,2477296.0,,0.0,0.266998357081211,True,,KO,F8,1.0,d7,Plate1,/Users/pmihack/claire/tmem_2026/data/cleaved_tmem_pld3_260821/d7/TMEM_KO/TMEMKO_Plate1_d7_TMEM561LAMP1640MAP2488DAPI405_F8_F1.nd2,13
2,10786,0,0.0,0.0,383.5544128417969,4137018.0,,3.9642080082558095e-05,0.0045242565955766,True,,KO,F8,1.0,d7,Plate1,/Users/pmihack/claire/tmem_2026/data/cleaved_tmem_pld3_260821/d7/TMEM_KO/TMEMKO_Plate1_d7_TMEM561LAMP1640MAP2488DAPI405_F8_F1.nd2,13
3,538,0,0.0,0.0,3.9702601432800297,2136.0,,0.0,0.1273825470402031,False,size_outlier,KO,F8,1.0,d7,Plate1,/Users/pmihack/claire/tmem_2026/data/cleaved_tmem_pld3_260821/d7/TMEM_KO/TMEMKO_Plate1_d7_TMEM561LAMP1640MAP2488DAPI405_F8_F1.nd2,13
4,23190,0,0.0,0.0,136.36761474609375,3162365.0,,0.0,0.4414317021870142,True,,KO,F8,1.0,d7,Plate1,/Users/pmihack/claire/tmem_2026/data/cleaved_tmem_pld3_260821/d7/TMEM_KO/TMEMKO_Plate1_d7_TMEM561LAMP1640MAP2488DAPI405_F8_F1.nd2,13
5,10702,0,0.0,0.0,496.3524475097656,5311964.0,,0.0,0.475420130838798,True,,KO,F8,1.0,d7,Plate1,/Users/pmihack/claire/tmem_2026/data/cleaved_tmem_pld3_260821/d7/TMEM_KO/TMEMKO_Plate1_d7_TMEM561LAMP1640MAP2488DAPI405_F8_F1.nd2,13
6,479,0,0.0,0.0,0.425887256860733,204.0,,0.0,0.0011276561317417,False,size_outlier,KO,F8,1.0,d7,Plate1,/Users/pmihack/claire/tmem_2026/data/cleaved_tmem_pld3_260821/d7/TMEM_KO/TMEMKO_Plate1_d7_TMEM561LAMP1640MAP2488DAPI405_F8_F1.nd2,13
7,26313,0,0.0,0.0,117.89127349853516,3102073.0,,0.0003143059439025,0.0094301849078479,True,,KO,F8,1.0,d7,Plate1,/Users/pmihack/claire/tmem_2026/data/cleaved_tmem_pld3_260821/d7/TMEM_KO/TMEMKO_Plate1_d7_TMEM561LAMP1640MAP2488DAPI405_F8_F1.nd2,13
8,557,0,0.0,0.0,14.387791633605955,8014.0,,0.0,-0.0054812072563097,False,size_outlier,KO,F8,1.0,d7,Plate1,/Users/pmihack/claire/tmem_2026/data/cleaved_tmem_pld3_260821/d7/TMEM_KO/TMEMKO_Plate1_d7_TMEM561LAMP1640MAP2488DAPI405_F8_F1.nd2,13
9,543,0,0.0,0.0,2.7808470726013184,1510.0,,0.0,0.609078785955574,False,size_outlier,KO,F8,1.0,d7,Plate1,/Users/pmihack/claire/tmem_2026/data/cleaved_tmem_pld3_260821/d7/TMEM_KO/TMEMKO_Plate1_d7_TMEM561LAMP1640MAP2488DAPI405_F8_F1.nd2,13
10,6636,0,0.0,0.0,253.09779357910156,1679557.0,,0.0,0.3343103528200097,True,,KO,F8,1.0,d7,Plate1,/Users/pmihack/claire/tmem_2026/data/cleaved_tmem_pld3_260821/d7/TMEM_KO/TMEMKO_Plate1_d7_TMEM561LAMP1640MAP2488DAPI405_F8_F1.nd2,13
11,14520,0,0.0,0.0,78.9307861328125,1146075.0,,0.0,0.2724417154478524,True,,KO,F8,1.0,d7,Plate1,/Users/pmihack/claire/tmem_2026/data/cleaved_tmem_pld3_260821/d7/TMEM_KO/TMEMKO_Plate1_d7_TMEM561LAMP1640MAP2488DAPI405_F8_F1.nd2,13
12,14632,0,0.0,0.0,132.0837860107422,1932650.0,,0.0,0.3704023200886783,True,,KO,F8,1.0,d7,Plate1,/Users/pmihack/claire/tmem_2026/data/cleaved_tmem_pld3_260821/d7/TMEM_KO/TMEMKO_Plate1_d7_TMEM561LAMP1640MAP2488DAPI405_F8_F1.nd2,13
13,328,0,0.0,0.0,5.064024448394775,1661.0,,0.0,0.2563145252390057,False,size_outlier,KO,F8,1.0,d7,Plate1,/Users/pmihack/claire/tmem_2026/data/cleaved_tmem_pld3_260821/d7/TMEM_KO/TMEMKO_Plate1_d7_TMEM561LAMP1640MAP2488DAPI405_F8_F1.nd2,13
14,279,0,0.0,0.0,1.2688171863555908,354.0,,0.0,0.0835887709956551,False,size_outlier,KO,F8,1.0,d7,Plate1,/Users/pmihack/claire/tmem_2026/data/cleaved_tmem_pld3_260821/d7/TMEM_KO/TMEMKO_Plate1_d7_TMEM561LAMP1640MAP2488DAPI405_F8_F1.nd2,13
15,13075,0,0.0,0.0,181.63609313964844,2374892.0,,0.0,0.2437388243053276,True,,KO,F8,1.0,d7,Plate1,/Users/pmihack/claire/tmem_2026/data/cleaved_tmem_pld3_260821/d7/TMEM_KO/TMEMKO_Plate1_d7_TMEM561LAMP1640MAP2488DAPI405_F8_F1.nd2,13
16,286,0,0.0,0.0,1.7727272510528564,507.0,,0.0,0.1688940356650538,False,size_outlier,KO,F8,1.0,d7,Plate1,/Users/pmihack/claire/tmem_2026/data/cleaved_tmem_pld3_260821/d7/TMEM_KO/TMEMKO_Plate1_d7_TMEM561LAMP1640MAP2488DAPI405_F8_F1.nd2,13
17,548,0,0.0,0.0,4.833941459655762,2649.0,,0.0,0.1514881956817428,False,size_outlier,KO,F8,1.0,d7,Plate1,/Users/pmihack/claire/tmem_2026/data/cleaved_tmem_pld3_260821/d7/TMEM_KO/TMEMKO_Plate1_d7_TMEM561LAMP1640MAP2488DAPI405_F8_F1.nd2,13
18,750,0,0.0,0.0,28.457332611083984,21343.0,,0.0,-0.089599310355541,False,size_outlier,KO,F8,1.0,d7,Plate1,/Users/pmihack/claire/tmem_2026/data/cleaved_tmem_pld3_260821/d7/TMEM_KO/TMEMKO_Plate1_d7_TMEM561LAMP1640MAP2488DAPI405_F8_F1.nd2,13
19,4782,0,0.0,0.0,121.26160430908205,579873.0,,0.0,0.0333062319419358,True,,KO,F8,1.0,d7,Plate1,/Users/pmihack/claire/tmem_2026/data/cleaved_tmem_pld3_260821/d7/TMEM_KO/TMEMKO_Plate1_d7_TMEM561LAMP1640MAP2488DAPI405_F8_F1.nd2,13
20,15886,0,0.0,0.0,145.12684631347656,2305485.0,,0.0,0.3377824767838165,True,,KO,F8,1.0,d7,Plate1,/Users/pmihack/claire/tmem_2026/data/cleaved_tmem_pld3_260821/d7/TMEM_KO/TMEMKO_Plate1_d7_TMEM561LAMP1640MAP2488DAPI405_F8_F1.nd2,13
21,20575,0,0.0,0.0,97.14420318603516,1998742.0,,0.0,0.0483070278234097,True,,KO,F8,1.0,d7,Plate1,/Users/pmihack/claire/tmem_2026/data/cleaved_tmem_pld3_260821/d7/TMEM_KO/TMEMKO_Plate1_d7_TMEM561LAMP1640MAP2488DAPI405_F8_F1.nd2,13
1,18186,0,0.0,0.0,161.34107971191406,2934149.0,,0.0,0.0722434679960376,False,border,KO,F8,2.0,d7,Plate1,/Users/pmihack/claire/tmem_2026/data/cleaved_tmem_pld3_260821/d7/TMEM_KO/TMEMKO_Plate1_d7_TMEM561LAMP1640MAP2488DAPI405_F8_F2.nd2,14
2,4882,4,0.0071691929537074,0.10206,685.6333618164062,3347262.0,19.81457577436669,0.0,0.0984126134455506,True,,KO,F8,2.0,d7,Plate1,/Users/pmihack/claire/tmem_2026/data/cleaved_tmem_pld3_260821/d7/TMEM_KO/TMEMKO_Plate1_d7_TMEM561LAMP1640MAP2488DAPI405_F8_F2.nd2,14
3,20509,1,0.0093129845433712,2.227824,322.546142578125,6615099.0,7.999440847785882,0.0,0.18427293877672,True,,KO,F8,2.0,d7,Plate1,/Users/pmihack/claire/tmem_2026/data/cleaved_tmem_pld3_260821/d7/TMEM_KO/TMEMKO_Plate1_d7_TMEM561LAMP1640MAP2488DAPI405_F8_F2.nd2,14
4,9403,1,0.0017015846006593,0.1866239999999999,349.064453125,3282253.0,12.26778934549292,0.0,0.2352241326288995,True,,KO,F8,2.0,d7,Plate1,/Users/pmihack/claire/tmem_2026/data/cleaved_tmem_pld3_260821/d7/TMEM_KO/TMEMKO_Plate1_d7_TMEM561LAMP1640MAP2488DAPI405_F8_F2.nd2,14
5,22667,0,0.0,0.0,57.41302490234375,1301381.0,,0.0,0.0196412226033385,True,,KO,F8,2.0,d7,Plate1,/Users/pmihack/claire/tmem_2026/data/cleaved_tmem_pld3_260821/d7/TMEM_KO/TMEMKO_Plate1_d7_TMEM561LAMP1640MAP2488DAPI405_F8_F2.nd2,14
6,10539,0,0.0,0.0,31.993452072143555,337179.0,,0.0,0.2634347061311635,True,,KO,F8,2.0,d7,Plate1,/Users/pmihack/claire/tmem_2026/data/cleaved_tmem_pld3_260821/d7/TMEM_KO/TMEMKO_Plate1_d7_TMEM561LAMP1640MAP2488DAPI405_F8_F2.nd2,14
7,25469,0,0.0,0.0,61.38839340209961,1563501.0,,0.0,0.0768568199427497,True,,KO,F8,2.0,d7,Plate1,/Users/pmihack/claire/tmem_2026/data/cleaved_tmem_pld3_260821/d7/TMEM_KO/TMEMKO_Plate1_d7_TMEM561LAMP1640MAP2488DAPI405_F8_F2.nd2,14
8,9089,0,0.0,0.0,239.726806640625,2178877.0,,0.0,0.5151663054701635,True,,KO,F8,2.0,d7,Plate1,/Users/pmihack/claire/tmem_2026/data/cleaved_tmem_pld3_260821/d7/TMEM_KO/TMEMKO_Plate1_d7_TMEM561LAMP1640MAP2488DAPI405_F8_F2.nd2,14
9,8303,0,0.0,0.0,1.7435866594314575,14477.0,,0.0,0.0272257173562526,True,,KO,F8,2.0,d7,Plate1,/Users/pmihack/claire/tmem_2026/data/cleaved_tmem_pld3_260821/d7/TMEM_KO/TMEMKO_Plate1_d7_TMEM561LAMP1640MAP2488DAPI405_F8_F2.nd2,14
10,9317,1,0.0027905978319201,0.303264,375.5364379882813,3498873.0,7.792703360542779,0.0,0.0994385264505618,True,,KO,F8,2.0,d7,Plate1,/Users/pmihack/claire/tmem_2026/data/cleaved_tmem_pld3_260821/d7/TMEM_KO/TMEMKO_Plate1_d7_TMEM561LAMP1640MAP2488DAPI405_F8_F2.nd2,14
11,8429,0,0.0,0.0,127.48001098632812,1074529.0,,0.0,0.3922537057380749,True,,KO,F8,2.0,d7,Plate1,/Users/pmihack/claire/tmem_2026/data/cleaved_tmem_pld3_260821/d7/TMEM_KO/TMEMKO_Plate1_d7_TMEM561LAMP1640MAP2488DAPI405_F8_F2.nd2,14
12,4948,0,0.0,0.0,228.22817993164065,1129273.0,,0.0,0.705761963550295,True,,KO,F8,2.0,d7,Plate1,/Users/pmihack/claire/tmem_2026/data/cleaved_tmem_pld3_260821/d7/TMEM_KO/TMEMKO_Plate1_d7_TMEM561LAMP1640MAP2488DAPI405_F8_F2.nd2,14
13,8188,0,0.0,0.0,207.79861450195312,1701455.0,,0.0,0.3953724003917158,True,,KO,F8,2.0,d7,Plate1,/Users/pmihack/claire/tmem_2026/data/cleaved_tmem_pld3_260821/d7/TMEM_KO/TMEMKO_Plate1_d7_TMEM561LAMP1640MAP2488DAPI405_F8_F2.nd2,14
14,5229,0,0.0,0.0,546.7879028320312,2859154.0,,0.0,0.305712229011607,True,,KO,F8,2.0,d7,Plate1,/Users/pmihack/claire/tmem_2026/data/cleaved_tmem_pld3_260821/d7/TMEM_KO/TMEMKO_Plate1_d7_TMEM561LAMP1640MAP2488DAPI405_F8_F2.nd2,14
15,16836,2,0.0004751722499406,0.0466559999999999,250.6024627685547,4219143.0,4.6345211650395255,0.0,0.2026115971833118,True,,KO,F8,2.0,d7,Plate1,/Users/pmihack/claire/tmem_2026/data/cleaved_tmem_pld3_260821/d7/TMEM_KO/TMEMKO_Plate1_d7_TMEM561LAMP1640MAP2488DAPI405_F8_F2.nd2,14
16,128,0,0.0,0.0,7.890625,1010.0,,0.0,-0.0257408204986372,False,size_outlier,KO,F8,2.0,d7,Plate1,/Users/pmihack/claire/tmem_2026/data/cleaved_tmem_pld3_260821/d7/TMEM_KO/TMEMKO_Plate1_d7_TMEM561LAMP1640MAP2488DAPI405_F8_F2.nd2,14
17,20056,2,0.001396090945353,0.163296,234.8949432373047,4711053.0,13.431149061633048,0.0,0.4062871479959005,True,,KO,F8,2.0,d7,Plate1,/Users/pmihack/claire/tmem_2026/data/cleaved_tmem_pld3_260821/d7/TMEM_KO/TMEMKO_Plate1_d7_TMEM561LAMP1640MAP2488DAPI405_F8_F2.nd2,14
18,15155,3,0.0032332563510392,0.1905119999999999,390.4770812988281,5917680.0,9.959313399793793,0.0,0.1701266786560859,True,,KO,F8,2.0,d7,Plate1,/Users/pmihack/claire/tmem_2026/data/cleaved_tmem_pld3_260821/d7/TMEM_KO/TMEMKO_Plate1_d7_TMEM561LAMP1640MAP2488DAPI405_F8_F2.nd2,14
19,10751,0,0.0,0.0,42.118499755859375,452816.0,,0.0,0.0278193350718357,True,,KO,F8,2.0,d7,Plate1,/Users/pmihack/claire/tmem_2026/data/cleaved_tmem_pld3_260821/d7/TMEM_KO/TMEMKO_Plate1_d7_TMEM561LAMP1640MAP2488DAPI405_F8_F2.nd2,14
20,19773,4,0.0040459212056845,0.23328,263.8805847167969,5217711.0,10.164425008428356,0.0,0.4040373530541441,True,,KO,F8,2.0,d7,Plate1,/Users/pmihack/claire/tmem_2026/data/cleaved_tmem_pld3_260821/d7/TMEM_KO/TMEMKO_Plate1_d7_TMEM561LAMP1640MAP2488DAPI405_F8_F2.nd2,14
21,6303,0,0.0,0.0,247.2854156494141,1558640.0,,0.0,0.4451411263651221,True,,KO,F8,2.0,d7,Plate1,/Users/pmihack/claire/tmem_2026/data/cleaved_tmem_pld3_260821/d7/TMEM_KO/TMEMKO_Plate1_d7_TMEM561LAMP1640MAP2488DAPI405_F8_F2.nd2,14
1,5308,3,0.0214770158251695,0.4432319999999999,200.25433349609375,1062950.0,2.209513856939298,0.0,0.5461465814246397,True,,KO,F8,3.0,d7,Plate1,/Users/pmihack/claire/tmem_2026/data/cleaved_tmem_pld3_260821/d7/TMEM_KO/TMEMKO_Plate1_d7_TMEM561LAMP1640MAP2488DAPI405_F8_F3.nd2,12
2,17587,0,0.0,0.0,67.4618148803711,1186451.0,,0.0,0.2820327050169613,True,,KO,F8,3.0,d7,Plate1,/Users/pmihack/claire/tmem_2026/data/cleaved_tmem_pld3_260821/d7/TMEM_KO/TMEMKO_Plate1_d7_TMEM561LAMP1640MAP2488DAPI405_F8_F3.nd2,12
3,13521,7,0.0107240588713852,0.2416114285714285,268.33184814453125,3628115.0,5.719940612375158,0.0,0.1851727670166447,True,,KO,F8,3.0,d7,Plate1,/Users/pmihack/claire/tmem_2026/data/cleaved_tmem_pld3_260821/d7/TMEM_KO/TMEMKO_Plate1_d7_TMEM561LAMP1640MAP2488DAPI405_F8_F3.nd2,12
4,12623,1,0.0003961023528479,0.05832,119.5299072265625,1508826.0,7.932124679106064,0.0,0.1859769977765754,True,,KO,F8,3.0,d7,Plate1,/Users/pmihack/claire/tmem_2026/data/cleaved_tmem_pld3_260821/d7/TMEM_KO/TMEMKO_Plate1_d7_TMEM561LAMP1640MAP2488DAPI405_F8_F3.nd2,12
5,12876,0,0.0,0.0,61.840946197509766,796264.0,,2.5117296900134537e-05,0.0236273316364516,True,,KO,F8,3.0,d7,Plate1,/Users/pmihack/claire/tmem_2026/data/cleaved_tmem_pld3_260821/d7/TMEM_KO/TMEMKO_Plate1_d7_TMEM561LAMP1640MAP2488DAPI405_F8_F3.nd2,12
6,4093,2,0.017591009039824,0.4199039999999999,358.3019714355469,1466530.0,16.578242626931107,0.0,0.0428100139309317,True,,KO,F8,3.0,d7,Plate1,/Users/pmihack/claire/tmem_2026/data/cleaved_tmem_pld3_260821/d7/TMEM_KO/TMEMKO_Plate1_d7_TMEM561LAMP1640MAP2488DAPI405_F8_F3.nd2,12
7,14273,6,0.0357318013031598,0.99144,320.8634338378906,4579684.0,3.17092354141087,0.0,0.3610207363787046,True,,KO,F8,3.0,d7,Plate1,/Users/pmihack/claire/tmem_2026/data/cleaved_tmem_pld3_260821/d7/TMEM_KO/TMEMKO_Plate1_d7_TMEM561LAMP1640MAP2488DAPI405_F8_F3.nd2,12
8,10025,3,0.0026932668329177,0.1049759999999999,161.57505798339844,1619790.0,25.197753114938305,0.0,-0.012502915352083,True,,KO,F8,3.0,d7,Plate1,/Users/pmihack/claire/tmem_2026/data/cleaved_tmem_pld3_260821/d7/TMEM_KO/TMEMKO_Plate1_d7_TMEM561LAMP1640MAP2488DAPI405_F8_F3.nd2,12
9,16551,3,0.0050148027309528,0.322704,85.57971954345703,1416430.0,7.285491995991444,0.0,0.1687955175467976,True,,KO,F8,3.0,d7,Plate1,/Users/pmihack/claire/tmem_2026/data/cleaved_tmem_pld3_260821/d7/TMEM_KO/TMEMKO_Plate1_d7_TMEM561LAMP1640MAP2488DAPI405_F8_F3.nd2,12
10,17782,2,0.0046676414351591,0.484056,159.8326416015625,2842144.0,6.857545334273498,0.0,0.4269433687929004,True,,KO,F8,3.0,d7,Plate1,/Users/pmihack/claire/tmem_2026/data/cleaved_tmem_pld3_260821/d7/TMEM_KO/TMEMKO_Plate1_d7_TMEM561LAMP1640MAP2488DAPI405_F8_F3.nd2,12
11,22163,5,0.0291927988088255,1.5093216,241.39222717285156,5349976.0,18.257406566799222,0.0,0.3152056635634296,True,,KO,F8,3.0,d7,Plate1,/Users/pmihack/claire/tmem_2026/data/cleaved_tmem_pld3_260821/d7/TMEM_KO/TMEMKO_Plate1_d7_TMEM561LAMP1640MAP2488DAPI405_F8_F3.nd2,12
12,9598,4,0.0077099395707439,0.2157839999999999,136.4613494873047,1309756.0,21.621382416386194,0.0,0.5198683140401793,True,,KO,F8,3.0,d7,Plate1,/Users/pmihack/claire/tmem_2026/data/cleaved_tmem_pld3_260821/d7/TMEM_KO/TMEMKO_Plate1_d7_TMEM561LAMP1640MAP2488DAPI405_F8_F3.nd2,12
13,11597,0,0.0,0.0,8.362421035766602,96979.0,,0.0,0.149659460694969,True,,KO,F8,3.0,d7,Plate1,/Users/pmihack/claire/tmem_2026/data/cleaved_tmem_pld3_260821/d7/TMEM_KO/TMEMKO_Plate1_d7_TMEM561LAMP1640MAP2488DAPI405_F8_F3.nd2,12
14,16163,5,0.0077955825032481,0.2939328,179.50912475585938,2901406.0,19.871999612876657,0.0,0.2185855693840743,True,,KO,F8,3.0,d7,Plate1,/Users/pmihack/claire/tmem_2026/data/cleaved_tmem_pld3_260821/d7/TMEM_KO/TMEMKO_Plate1_d7_TMEM561LAMP1640MAP2488DAPI405_F8_F3.nd2,12
15,13654,4,0.004028123626776,0.16038,108.87673950195312,1486603.0,10.839103296351189,0.0,-0.0434764865096579,True,,KO,F8,3.0,d7,Plate1,/Users/pmihack/claire/tmem_2026/data/cleaved_tmem_pld3_260821/d7/TMEM_KO/TMEMKO_Plate1_d7_TMEM561LAMP1640MAP2488DAPI405_F8_F3.nd2,12
16,6090,4,0.0101806239737274,0.1807919999999999,266.6454772949219,1623871.0,20.306189993650325,0.0,0.4441858879418108,True,,KO,F8,3.0,d7,Plate1,/Users/pmihack/claire/tmem_2026/data/cleaved_tmem_pld3_260821/d7/TMEM_KO/TMEMKO_Plate1_d7_TMEM561LAMP1640MAP2488DAPI405_F8_F3.nd2,12
17,8881,2,0.0014637991217205,0.075816,121.99335479736328,1083423.0,24.270571121560877,0.0,0.0872698370603747,True,,KO,F8,3.0,d7,Plate1,/Users/pmihack/claire/tmem_2026/data/cleaved_tmem_pld3_260821/d7/TMEM_KO/TMEMKO_Plate1_d7_TMEM561LAMP1640MAP2488DAPI405_F8_F3.nd2,12
18,8236,9,0.0405536668285575,0.432864,483.1985168457031,3979623.0,18.70001149170084,0.0,0.1663412276821016,True,,KO,F8,3.0,d7,Plate1,/Users/pmihack/claire/tmem_2026/data/cleaved_tmem_pld3_260821/d7/TMEM_KO/TMEMKO_Plate1_d7_TMEM561LAMP1640MAP2488DAPI405_F8_F3.nd2,12
19,6893,0,0.0,0.0,16.284637451171875,112250.0,,0.0,0.0875418105357979,True,,KO,F8,3.0,d7,Plate1,/Users/pmihack/claire/tmem_2026/data/cleaved_tmem_pld3_260821/d7/TMEM_KO/TMEMKO_Plate1_d7_TMEM561LAMP1640MAP2488DAPI405_F8_F3.nd2,12
20,13276,0,0.0,0.0,101.3577880859375,1345626.0,,0.0,0.3884426823967893,True,,KO,F8,3.0,d7,Plate1,/Users/pmihack/claire/tmem_2026/data/cleaved_tmem_pld3_260821/d7/TMEM_KO/TMEMKO_Plate1_d7_TMEM561LAMP1640MAP2488DAPI405_F8_F3.nd2,12
21,23352,2,0.0005566974991435,0.075816,73.1768569946289,1708826.0,14.631454710860748,0.0,0.3432585121975328,True,,KO,F8,3.0,d7,Plate1,/Users/pmihack/claire/tmem_2026/data/cleaved_tmem_pld3_260821/d7/TMEM_KO/TMEMKO_Plate1_d7_TMEM561LAMP1640MAP2488DAPI405_F8_F3.nd2,12
22,12884,14,0.0596088171375349,0.6398537142857142,594.4585571289062,7659004.0,14.305269133935528,0.0,0.0468762377375658,True,,KO,F8,3.0,d7,Plate1,/Users/pmihack/claire/tmem_2026/data/cleaved_tmem_pld3_260821/d7/TMEM_KO/TMEMKO_Plate1_d7_TMEM561LAMP1640MAP2488DAPI405_F8_F3.nd2,12
23,11976,5,0.0371576486305945,1.038096,313.2356262207031,3751310.0,16.587966490419795,0.0,0.1383375574377641,True,,KO,F8,3.0,d7,Plate1,/Users/pmihack/claire/tmem_2026/data/cleaved_tmem_pld3_260821/d7/TMEM_KO/TMEMKO_Plate1_d7_TMEM561LAMP1640MAP2488DAPI405_F8_F3.nd2,12
24,20949,26,0.0653969163205881,0.6146030769230769,659.3065795898438,13811814.0,13.069590609893671,0.0,0.2480597786448626,True,,KO,F8,3.0,d7,Plate1,/Users/pmihack/claire/tmem_2026/data/cleaved_tmem_pld3_260821/d7/TMEM_KO/TMEMKO_Plate1_d7_TMEM561LAMP1640MAP2488DAPI405_F8_F3.nd2,12
25,9843,7,0.0643096616885096,1.054758857142857,504.9635314941406,4970356.0,17.312568228258765,0.0,0.1943483632529563,True,,KO,F8,3.0,d7,Plate1,/Users/pmihack/claire/tmem_2026/data/cleaved_tmem_pld3_260821/d7/TMEM_KO/TMEMKO_Plate1_d7_TMEM561LAMP1640MAP2488DAPI405_F8_F3.nd2,12
26,22056,0,0.0,0.0,98.53921508789062,2173381.0,,0.0,0.3805163057695757,True,,KO,F8,3.0,d7,Plate1,/Users/pmihack/claire/tmem_2026/data/cleaved_tmem_pld3_260821/d7/TMEM_KO/TMEMKO_Plate1_d7_TMEM561LAMP1640MAP2488DAPI405_F8_F3.nd2,12
27,4677,2,0.0100491768227496,0.2741039999999999,171.55206298828125,802349.0,50.67347084886529,0.0,0.6025573903611616,True,,KO,F8,3.0,d7,Plate1,/Users/pmihack/claire/tmem_2026/data/cleaved_tmem_pld3_260821/d7/TMEM_KO/TMEMKO_Plate1_d7_TMEM561LAMP1640MAP2488DAPI405_F8_F3.nd2,12
28,13628,10,0.0689756383915468,1.0964159999999998,593.6593627929688,8090390.0,19.734922812690527,0.0,0.1173493005764719,True,,KO,F8,3.0,d7,Plate1,/Users/pmihack/claire/tmem_2026/data/cleaved_tmem_pld3_260821/d7/TMEM_KO/TMEMKO_Plate1_d7_TMEM561LAMP1640MAP2488DAPI405_F8_F3.nd2,12
29,14943,7,0.0077628320952954,0.1932891428571428,184.55938720703125,2757871.0,15.020122844734354,0.0,0.1538833639603044,True,,KO,F8,3.0,d7,Plate1,/Users/pmihack/claire/tmem_2026/data/cleaved_tmem_pld3_260821/d7/TMEM_KO/TMEMKO_Plate1_d7_TMEM561LAMP1640MAP2488DAPI405_F8_F3.nd2,12
30,14656,0,0.0,0.0,112.12554931640624,1643312.0,,0.0,0.3582899203543568,True,,KO,F8,3.0,d7,Plate1,/Users/pmihack/claire/tmem_2026/data/cleaved_tmem_pld3_260821/d7/TMEM_KO/TMEMKO_Plate1_d7_TMEM561LAMP1640MAP2488DAPI405_F8_F3.nd2,12
1,16938,0,0.0,0.0,38.42277908325195,650805.0,,0.0010402501793578,-0.0104866427691779,True,,KO,F8,4.0,d7,Plate1,/Users/pmihack/claire/tmem_2026/data/cleaved_tmem_pld3_260821/d7/TMEM_KO/TMEMKO_Plate1_d7_TMEM561LAMP1640MAP2488DAPI405_F8_F4.nd2,8
2,16292,0,0.0,0.0,67.49214172363281,1099582.0,,0.0,-0.0288933616973856,True,,KO,F8,4.0,d7,Plate1,/Users/pmihack/claire/tmem_2026/data/cleaved_tmem_pld3_260821/d7/TMEM_KO/TMEMKO_Plate1_d7_TMEM561LAMP1640MAP2488DAPI405_F8_F4.nd2,8
3,12822,0,0.0,0.0,151.9784698486328,1948668.0,,0.0,0.068451410606667,True,,KO,F8,4.0,d7,Plate1,/Users/pmihack/claire/tmem_2026/data/cleaved_tmem_pld3_260821/d7/TMEM_KO/TMEMKO_Plate1_d7_TMEM561LAMP1640MAP2488DAPI405_F8_F4.nd2,8
4,7823,0,0.0,0.0,82.208740234375,643119.0,,0.0,-0.0939461616809914,True,,KO,F8,4.0,d7,Plate1,/Users/pmihack/claire/tmem_2026/data/cleaved_tmem_pld3_260821/d7/TMEM_KO/TMEMKO_Plate1_d7_TMEM561LAMP1640MAP2488DAPI405_F8_F4.nd2,8
5,17263,0,0.0,0.0,45.104618072509766,778641.0,,0.0,0.0687828629592398,True,,KO,F8,4.0,d7,Plate1,/Users/pmihack/claire/tmem_2026/data/cleaved_tmem_pld3_260821/d7/TMEM_KO/TMEMKO_Plate1_d7_TMEM561LAMP1640MAP2488DAPI405_F8_F4.nd2,8
6,15172,0,0.0,0.0,261.6087646484375,3969128.0,,0.0,0.0512572900476132,True,,KO,F8,4.0,d7,Plate1,/Users/pmihack/claire/tmem_2026/data/cleaved_tmem_pld3_260821/d7/TMEM_KO/TMEMKO_Plate1_d7_TMEM561LAMP1640MAP2488DAPI405_F8_F4.nd2,8
7,10755,0,0.0,0.0,50.19581604003906,539856.0,,0.0,0.0759630860133133,True,,KO,F8,4.0,d7,Plate1,/Users/pmihack/claire/tmem_2026/data/cleaved_tmem_pld3_260821/d7/TMEM_KO/TMEMKO_Plate1_d7_TMEM561LAMP1640MAP2488DAPI405_F8_F4.nd2,8
8,15619,0,0.0,0.0,317.3025207519531,4955948.0,,0.0,0.0174148198703984,True,,KO,F8,4.0,d7,Plate1,/Users/pmihack/claire/tmem_2026/data/cleaved_tmem_pld3_260821/d7/TMEM_KO/TMEMKO_Plate1_d7_TMEM561LAMP1640MAP2488DAPI405_F8_F4.nd2,8
9,11574,0,0.0,0.0,228.2435607910156,2641691.0,,0.0,0.1192176895091011,True,,KO,F8,4.0,d7,Plate1,/Users/pmihack/claire/tmem_2026/data/cleaved_tmem_pld3_260821/d7/TMEM_KO/TMEMKO_Plate1_d7_TMEM561LAMP1640MAP2488DAPI405_F8_F4.nd2,8
10,8029,0,0.0,0.0,82.26416778564453,660499.0,,0.0,0.12422065545969,True,,KO,F8,4.0,d7,Plate1,/Users/pmihack/claire/tmem_2026/data/cleaved_tmem_pld3_260821/d7/TMEM_KO/TMEMKO_Plate1_d7_TMEM561LAMP1640MAP2488DAPI405_F8_F4.nd2,8
11,4867,0,0.0,0.0,181.67823791503903,884228.0,,0.0,-0.0862235270735828,True,,KO,F8,4.0,d7,Plate1,/Users/pmihack/claire/tmem_2026/data/cleaved_tmem_pld3_260821/d7/TMEM_KO/TMEMKO_Plate1_d7_TMEM561LAMP1640MAP2488DAPI405_F8_F4.nd2,8
12,13774,0,0.0,0.0,105.2593994140625,1449843.0,,0.0,-0.0124629408995028,True,,KO,F8,4.0,d7,Plate1,/Users/pmihack/claire/tmem_2026/data/cleaved_tmem_pld3_260821/d7/TMEM_KO/TMEMKO_Plate1_d7_TMEM561LAMP1640MAP2488DAPI405_F8_F4.nd2,8
13,13634,0,0.0,0.0,121.49053955078124,1656402.0,,0.0,0.035188545198077,True,,KO,F8,4.0,d7,Plate1,/Users/pmihack/claire/tmem_2026/data/cleaved_tmem_pld3_260821/d7/TMEM_KO/TMEMKO_Plate1_d7_TMEM561LAMP1640MAP2488DAPI405_F8_F4.nd2,8
14,13037,0,0.0,0.0,146.7230224609375,1912828.0,,0.0,0.0827523357579691,True,,KO,F8,4.0,d7,Plate1,/Users/pmihack/claire/tmem_2026/data/cleaved_tmem_pld3_260821/d7/TMEM_KO/TMEMKO_Plate1_d7_TMEM561LAMP1640MAP2488DAPI405_F8_F4.nd2,8
15,9606,0,0.0,0.0,105.5461196899414,1013876.0,,0.0,0.084660554478117,True,,KO,F8,4.0,d7,Plate1,/Users/pmihack/claire/tmem_2026/data/cleaved_tmem_pld3_260821/d7/TMEM_KO/TMEMKO_Plate1_d7_TMEM561LAMP1640MAP2488DAPI405_F8_F4.nd2,8
16,8534,0,0.0,0.0,175.08531188964844,1494178.0,,0.0,-0.1422492015229258,True,,KO,F8,4.0,d7,Plate1,/Users/pmihack/claire/tmem_2026/data/cleaved_tmem_pld3_260821/d7/TMEM_KO/TMEMKO_Plate1_d7_TMEM561LAMP1640MAP2488DAPI405_F8_F4.nd2,8
17,13374,0,0.0,0.0,73.86241912841797,987836.0,,0.0,0.0845021468935955,True,,KO,F8,4.0,d7,Plate1,/Users/pmihack/claire/tmem_2026/data/cleaved_tmem_pld3_260821/d7/TMEM_KO/TMEMKO_Plate1_d7_TMEM561LAMP1640MAP2488DAPI405_F8_F4.nd2,8
18,10216,0,0.0,0.0,107.71524810791016,1100419.0,,0.0,-0.0656251530723128,True,,KO,F8,4.0,d7,Plate1,/Users/pmihack/claire/tmem_2026/data/cleaved_tmem_pld3_260821/d7/TMEM_KO/TMEMKO_Plate1_d7_TMEM561LAMP1640MAP2488DAPI405_F8_F4.nd2,8
19,22793,0,0.0,0.0,51.63633728027344,1176947.0,,0.0,0.0545013182562078,True,,KO,F8,4.0,d7,Plate1,/Users/pmihack/claire/tmem_2026/data/cleaved_tmem_pld3_260821/d7/TMEM_KO/TMEMKO_Plate1_d7_TMEM561LAMP1640MAP2488DAPI405_F8_F4.nd2,8
20,14838,0,0.0,0.0,101.22732543945312,1502011.0,,0.0,0.1877565337220087,True,,KO,F8,4.0,d7,Plate1,/Users/pmihack/claire/tmem_2026/data/cleaved_tmem_pld3_260821/d7/TMEM_KO/TMEMKO_Plate1_d7_TMEM561LAMP1640MAP2488DAPI405_F8_F4.nd2,8
21,13910,0,0.0,0.0,46.23723983764648,643160.0,,0.0,-0.0767737941414951,True,,KO,F8,4.0,d7,Plate1,/Users/pmihack/claire/tmem_2026/data/cleaved_tmem_pld3_260821/d7/TMEM_KO/TMEMKO_Plate1_d7_TMEM561LAMP1640MAP2488DAPI405_F8_F4.nd2,8
22,17698,0,0.0,0.0,28.022432327270508,495941.0,,0.0,0.0388818483764753,True,,KO,F8,4.0,d7,Plate1,/Users/pmihack/claire/tmem_2026/data/cleaved_tmem_pld3_260821/d7/TMEM_KO/TMEMKO_Plate1_d7_TMEM561LAMP1640MAP2488DAPI405_F8_F4.nd2,8
23,2339,0,0.0,0.0,349.4155578613281,817283.0,,0.0,0.4415720373191348,True,,KO,F8,4.0,d7,Plate1,/Users/pmihack/claire/tmem_2026/data/cleaved_tmem_pld3_260821/d7/TMEM_KO/TMEMKO_Plate1_d7_TMEM561LAMP1640MAP2488DAPI405_F8_F4.nd2,8
24,6287,0,0.0,0.0,10.272785186767578,64585.0,,0.0,0.0899477835394776,True,,KO,F8,4.0,d7,Plate1,/Users/pmihack/claire/tmem_2026/data/cleaved_tmem_pld3_260821/d7/TMEM_KO/TMEMKO_Plate1_d7_TMEM561LAMP1640MAP2488DAPI405_F8_F4.nd2,8
25,13055,0,0.0,0.0,137.26649475097656,1792014.0,,0.0,0.0547052353968965,True,,KO,F8,4.0,d7,Plate1,/Users/pmihack/claire/tmem_2026/data/cleaved_tmem_pld3_260821/d7/TMEM_KO/TMEMKO_Plate1_d7_TMEM561LAMP1640MAP2488DAPI405_F8_F4.nd2,8
26,10194,0,0.0,0.0,101.2165985107422,1031802.0,,0.0,-0.0174432017226742,False,border,KO,F8,4.0,d7,Plate1,/Users/pmihack/claire/tmem_2026/data/cleaved_tmem_pld3_260821/d7/TMEM_KO/TMEMKO_Plate1_d7_TMEM561LAMP1640MAP2488DAPI405_F8_F4.nd2,8
1,11786,0,0.0,0.0,74.53520965576172,878472.0,,0.0,0.2262086561560689,True,,KO,G8,1.0,d7,Plate1,/Users/pmihack/claire/tmem_2026/data/cleaved_tmem_pld3_260821/d7/TMEM_KO/TMEMKO_Plate1_d7_TMEM561LAMP1640MAP2488DAPI405_G8_F1.nd2,10
2,8885,0,0.0,0.0,112.90433502197266,1003155.0,,0.0,0.3209534744740958,True,,KO,G8,1.0,d7,Plate1,/Users/pmihack/claire/tmem_2026/data/cleaved_tmem_pld3_260821/d7/TMEM_KO/TMEMKO_Plate1_d7_TMEM561LAMP1640MAP2488DAPI405_G8_F1.nd2,10
3,25169,1,3.973141563033891e-05,0.0116639999999999,29.212045669555664,735238.0,4.292063489954594,0.000525000039488,0.0005348429278185,True,,KO,G8,1.0,d7,Plate1,/Users/pmihack/claire/tmem_2026/data/cleaved_tmem_pld3_260821/d7/TMEM_KO/TMEMKO_Plate1_d7_TMEM561LAMP1640MAP2488DAPI405_G8_F1.nd2,10
4,9419,0,0.0,0.0,104.81739044189452,987275.0,,0.0,0.3708182332529281,True,,KO,G8,1.0,d7,Plate1,/Users/pmihack/claire/tmem_2026/data/cleaved_tmem_pld3_260821/d7/TMEM_KO/TMEMKO_Plate1_d7_TMEM561LAMP1640MAP2488DAPI405_G8_F1.nd2,10
5,26352,0,0.0,0.0,370.5207824707031,9763964.0,,0.0,0.3552208801312103,True,,KO,G8,1.0,d7,Plate1,/Users/pmihack/claire/tmem_2026/data/cleaved_tmem_pld3_260821/d7/TMEM_KO/TMEMKO_Plate1_d7_TMEM561LAMP1640MAP2488DAPI405_G8_F1.nd2,10
6,23422,0,0.0,0.0,61.02518844604492,1429332.0,,0.0,0.2818190867196579,True,,KO,G8,1.0,d7,Plate1,/Users/pmihack/claire/tmem_2026/data/cleaved_tmem_pld3_260821/d7/TMEM_KO/TMEMKO_Plate1_d7_TMEM561LAMP1640MAP2488DAPI405_G8_F1.nd2,10
7,16094,0,0.0,0.0,124.4793701171875,2003371.0,,0.0,0.3595612617239059,True,,KO,G8,1.0,d7,Plate1,/Users/pmihack/claire/tmem_2026/data/cleaved_tmem_pld3_260821/d7/TMEM_KO/TMEMKO_Plate1_d7_TMEM561LAMP1640MAP2488DAPI405_G8_F1.nd2,10
8,19181,0,0.0,0.0,79.27146911621094,1520506.0,,0.0,0.2796121079330322,True,,KO,G8,1.0,d7,Plate1,/Users/pmihack/claire/tmem_2026/data/cleaved_tmem_pld3_260821/d7/TMEM_KO/TMEMKO_Plate1_d7_TMEM561LAMP1640MAP2488DAPI405_G8_F1.nd2,10
9,14126,0,0.0,0.0,103.0563507080078,1455774.0,,0.0,0.2742385913606373,True,,KO,G8,1.0,d7,Plate1,/Users/pmihack/claire/tmem_2026/data/cleaved_tmem_pld3_260821/d7/TMEM_KO/TMEMKO_Plate1_d7_TMEM561LAMP1640MAP2488DAPI405_G8_F1.nd2,10
10,8161,0,0.0,0.0,107.86190795898438,880261.0,,0.0,0.4009815802324372,True,,KO,G8,1.0,d7,Plate1,/Users/pmihack/claire/tmem_2026/data/cleaved_tmem_pld3_260821/d7/TMEM_KO/TMEMKO_Plate1_d7_TMEM561LAMP1640MAP2488DAPI405_G8_F1.nd2,10
11,21078,0,0.0,0.0,102.4080581665039,2158557.0,,0.0,0.1318535384622037,True,,KO,G8,1.0,d7,Plate1,/Users/pmihack/claire/tmem_2026/data/cleaved_tmem_pld3_260821/d7/TMEM_KO/TMEMKO_Plate1_d7_TMEM561LAMP1640MAP2488DAPI405_G8_F1.nd2,10
12,8587,0,0.0,0.0,11.210433959960938,96264.0,,0.0,0.266076517137124,False,border,KO,G8,1.0,d7,Plate1,/Users/pmihack/claire/tmem_2026/data/cleaved_tmem_pld3_260821/d7/TMEM_KO/TMEMKO_Plate1_d7_TMEM561LAMP1640MAP2488DAPI405_G8_F1.nd2,10
13,14608,0,0.0,0.0,94.47686004638672,1380118.0,,0.0,0.1922671508116921,True,,KO,G8,1.0,d7,Plate1,/Users/pmihack/claire/tmem_2026/data/cleaved_tmem_pld3_260821/d7/TMEM_KO/TMEMKO_Plate1_d7_TMEM561LAMP1640MAP2488DAPI405_G8_F1.nd2,10
14,7682,0,0.0,0.0,6.13303804397583,47114.0,,0.0,0.0845385965981829,True,,KO,G8,1.0,d7,Plate1,/Users/pmihack/claire/tmem_2026/data/cleaved_tmem_pld3_260821/d7/TMEM_KO/TMEMKO_Plate1_d7_TMEM561LAMP1640MAP2488DAPI405_G8_F1.nd2,10
15,12820,0,0.0,0.0,114.77176666259766,1471374.0,,0.0,0.2594537716844383,True,,KO,G8,1.0,d7,Plate1,/Users/pmihack/claire/tmem_2026/data/cleaved_tmem_pld3_260821/d7/TMEM_KO/TMEMKO_Plate1_d7_TMEM561LAMP1640MAP2488DAPI405_G8_F1.nd2,10
16,381,0,0.0,0.0,1.503937005996704,573.0,,0.0,0.0688640224078273,False,size_outlier,KO,G8,1.0,d7,Plate1,/Users/pmihack/claire/tmem_2026/data/cleaved_tmem_pld3_260821/d7/TMEM_KO/TMEMKO_Plate1_d7_TMEM561LAMP1640MAP2488DAPI405_G8_F1.nd2,10
17,21960,0,0.0,0.0,99.49171447753906,2184838.0,,0.0,0.3178708387253815,True,,KO,G8,1.0,d7,Plate1,/Users/pmihack/claire/tmem_2026/data/cleaved_tmem_pld3_260821/d7/TMEM_KO/TMEMKO_Plate1_d7_TMEM561LAMP1640MAP2488DAPI405_G8_F1.nd2,10
18,11183,0,0.0,0.0,140.58517456054688,1572164.0,,0.0,0.0489450171955235,True,,KO,G8,1.0,d7,Plate1,/Users/pmihack/claire/tmem_2026/data/cleaved_tmem_pld3_260821/d7/TMEM_KO/TMEMKO_Plate1_d7_TMEM561LAMP1640MAP2488DAPI405_G8_F1.nd2,10
19,3910,0,0.0,0.0,84.25882720947266,329452.0,,0.0,0.1681034058516263,True,,KO,G8,1.0,d7,Plate1,/Users/pmihack/claire/tmem_2026/data/cleaved_tmem_pld3_260821/d7/TMEM_KO/TMEMKO_Plate1_d7_TMEM561LAMP1640MAP2488DAPI405_G8_F1.nd2,10
1,8250,2,0.0095757575757575,0.4607279999999999,290.3919982910156,2395734.0,0.9320097876783234,0.0,-0.0372896255611288,True,,KO,G8,2.0,d7,Plate1,/Users/pmihack/claire/tmem_2026/data/cleaved_tmem_pld3_260821/d7/TMEM_KO/TMEMKO_Plate1_d7_TMEM561LAMP1640MAP2488DAPI405_G8_F2.nd2,12
2,10801,9,0.0291639662994167,0.40824,767.7511596679688,8292480.0,2.408198790138356,0.0,0.124126963101249,True,,KO,G8,2.0,d7,Plate1,/Users/pmihack/claire/tmem_2026/data/cleaved_tmem_pld3_260821/d7/TMEM_KO/TMEMKO_Plate1_d7_TMEM561LAMP1640MAP2488DAPI405_G8_F2.nd2,12
3,14700,12,0.0097278911564625,0.1389959999999999,366.1312255859375,5382129.0,15.188150910496752,0.0,0.3144644087594131,True,,KO,G8,2.0,d7,Plate1,/Users/pmihack/claire/tmem_2026/data/cleaved_tmem_pld3_260821/d7/TMEM_KO/TMEMKO_Plate1_d7_TMEM561LAMP1640MAP2488DAPI405_G8_F2.nd2,12
4,3645,3,0.0246913580246913,0.3499199999999999,582.017578125,2121454.0,12.886500161492986,0.0,0.1512808479843284,True,,KO,G8,2.0,d7,Plate1,/Users/pmihack/claire/tmem_2026/data/cleaved_tmem_pld3_260821/d7/TMEM_KO/TMEMKO_Plate1_d7_TMEM561LAMP1640MAP2488DAPI405_G8_F2.nd2,12
5,8478,7,0.1667846190139184,2.356128,2346.61083984375,19894566.0,1.2483985138130071,0.0,0.5976370893950775,True,,KO,G8,2.0,d7,Plate1,/Users/pmihack/claire/tmem_2026/data/cleaved_tmem_pld3_260821/d7/TMEM_KO/TMEMKO_Plate1_d7_TMEM561LAMP1640MAP2488DAPI405_G8_F2.nd2,12
6,14879,15,0.0539014718731097,0.6236352,923.0333251953124,13733813.0,4.874809761307353,0.0,0.2741786727804918,True,,KO,G8,2.0,d7,Plate1,/Users/pmihack/claire/tmem_2026/data/cleaved_tmem_pld3_260821/d7/TMEM_KO/TMEMKO_Plate1_d7_TMEM561LAMP1640MAP2488DAPI405_G8_F2.nd2,12
7,6269,2,0.0043069070027117,0.157464,319.21038818359375,2001130.0,13.227366017890242,0.0,0.2125183514848961,True,,KO,G8,2.0,d7,Plate1,/Users/pmihack/claire/tmem_2026/data/cleaved_tmem_pld3_260821/d7/TMEM_KO/TMEMKO_Plate1_d7_TMEM561LAMP1640MAP2488DAPI405_G8_F2.nd2,12
8,15387,5,0.0419834925586534,1.5069887999999998,733.436279296875,11285384.0,16.275781223204735,0.0,0.3081253895447233,True,,KO,G8,2.0,d7,Plate1,/Users/pmihack/claire/tmem_2026/data/cleaved_tmem_pld3_260821/d7/TMEM_KO/TMEMKO_Plate1_d7_TMEM561LAMP1640MAP2488DAPI405_G8_F2.nd2,12
9,7325,8,0.2511945392491467,2.68272,3241.99755859375,23747632.0,19.687238993192658,0.0,0.5768611306500876,True,,KO,G8,2.0,d7,Plate1,/Users/pmihack/claire/tmem_2026/data/cleaved_tmem_pld3_260821/d7/TMEM_KO/TMEMKO_Plate1_d7_TMEM561LAMP1640MAP2488DAPI405_G8_F2.nd2,12
10,11966,15,0.0286645495570783,0.2667168,882.5609130859375,10560724.0,13.14663128036582,0.0,0.4475862982058006,True,,KO,G8,2.0,d7,Plate1,/Users/pmihack/claire/tmem_2026/data/cleaved_tmem_pld3_260821/d7/TMEM_KO/TMEMKO_Plate1_d7_TMEM561LAMP1640MAP2488DAPI405_G8_F2.nd2,12
11,8836,8,0.1004979628791308,1.294704,1972.19921875,17426352.0,5.33072364434423,0.0,0.0899343522438112,True,,KO,G8,2.0,d7,Plate1,/Users/pmihack/claire/tmem_2026/data/cleaved_tmem_pld3_260821/d7/TMEM_KO/TMEMKO_Plate1_d7_TMEM561LAMP1640MAP2488DAPI405_G8_F2.nd2,12
12,5744,1,0.0008704735376044,0.05832,45.54700469970703,261622.0,16.086809863631824,0.0,-0.0108751520265259,True,,KO,G8,2.0,d7,Plate1,/Users/pmihack/claire/tmem_2026/data/cleaved_tmem_pld3_260821/d7/TMEM_KO/TMEMKO_Plate1_d7_TMEM561LAMP1640MAP2488DAPI405_G8_F2.nd2,12
13,22416,4,0.0239114917915774,1.562976,420.9314270019531,9435599.0,21.48183978086542,0.0,0.3424966916916568,True,,KO,G8,2.0,d7,Plate1,/Users/pmihack/claire/tmem_2026/data/cleaved_tmem_pld3_260821/d7/TMEM_KO/TMEMKO_Plate1_d7_TMEM561LAMP1640MAP2488DAPI405_G8_F2.nd2,12
14,8281,5,0.0074870184760294,0.1446336,348.18548583984375,2883324.0,3.8430866350838,0.0,0.0736038336548606,True,,KO,G8,2.0,d7,Plate1,/Users/pmihack/claire/tmem_2026/data/cleaved_tmem_pld3_260821/d7/TMEM_KO/TMEMKO_Plate1_d7_TMEM561LAMP1640MAP2488DAPI405_G8_F2.nd2,12
15,8555,8,0.0751607247223845,0.937494,1251.0289306640625,10702553.0,18.635410217344887,0.0,0.4080219645324376,True,,KO,G8,2.0,d7,Plate1,/Users/pmihack/claire/tmem_2026/data/cleaved_tmem_pld3_260821/d7/TMEM_KO/TMEMKO_Plate1_d7_TMEM561LAMP1640MAP2488DAPI405_G8_F2.nd2,12
16,12897,0,0.0,0.0,27.28378677368164,351879.0,,0.0,0.0434968391552836,True,,KO,G8,2.0,d7,Plate1,/Users/pmihack/claire/tmem_2026/data/cleaved_tmem_pld3_260821/d7/TMEM_KO/TMEMKO_Plate1_d7_TMEM561LAMP1640MAP2488DAPI405_G8_F2.nd2,12
17,10424,12,0.1233691481197237,1.249992,2133.43896484375,22238968.0,12.199456739982756,0.0,0.2966390830192612,True,,KO,G8,2.0,d7,Plate1,/Users/pmihack/claire/tmem_2026/data/cleaved_tmem_pld3_260821/d7/TMEM_KO/TMEMKO_Plate1_d7_TMEM561LAMP1640MAP2488DAPI405_G8_F2.nd2,12
18,13669,6,0.1109810520155095,2.949048,1980.307373046875,27068822.0,7.015236134074734,0.0,0.435302511922525,True,,KO,G8,2.0,d7,Plate1,/Users/pmihack/claire/tmem_2026/data/cleaved_tmem_pld3_260821/d7/TMEM_KO/TMEMKO_Plate1_d7_TMEM561LAMP1640MAP2488DAPI405_G8_F2.nd2,12
19,10476,10,0.1311569301260023,1.6026336,2030.0418701171875,21266718.0,6.082683554257312,0.0,0.0763859908598685,True,,KO,G8,2.0,d7,Plate1,/Users/pmihack/claire/tmem_2026/data/cleaved_tmem_pld3_260821/d7/TMEM_KO/TMEMKO_Plate1_d7_TMEM561LAMP1640MAP2488DAPI405_G8_F2.nd2,12
20,14491,8,0.0343661583051549,0.726084,613.9913330078125,8897348.0,7.297480670696379,0.0,0.2974985824765483,True,,KO,G8,2.0,d7,Plate1,/Users/pmihack/claire/tmem_2026/data/cleaved_tmem_pld3_260821/d7/TMEM_KO/TMEMKO_Plate1_d7_TMEM561LAMP1640MAP2488DAPI405_G8_F2.nd2,12
21,14961,6,0.0471225185482253,1.37052,757.7636108398438,11336901.0,7.958553029257532,0.0,0.2592830566647638,True,,KO,G8,2.0,d7,Plate1,/Users/pmihack/claire/tmem_2026/data/cleaved_tmem_pld3_260821/d7/TMEM_KO/TMEMKO_Plate1_d7_TMEM561LAMP1640MAP2488DAPI405_G8_F2.nd2,12
22,8612,9,0.041802136553646,0.46656,945.2169189453124,8140208.0,30.63727296728688,0.0,0.0160298191691232,True,,KO,G8,2.0,d7,Plate1,/Users/pmihack/claire/tmem_2026/data/cleaved_tmem_pld3_260821/d7/TMEM_KO/TMEMKO_Plate1_d7_TMEM561LAMP1640MAP2488DAPI405_G8_F2.nd2,12
23,7870,8,0.1382465057179161,1.586304,1985.955322265625,15629468.0,10.265524531233227,0.0,0.4252426989790965,True,,KO,G8,2.0,d7,Plate1,/Users/pmihack/claire/tmem_2026/data/cleaved_tmem_pld3_260821/d7/TMEM_KO/TMEMKO_Plate1_d7_TMEM561LAMP1640MAP2488DAPI405_G8_F2.nd2,12
24,9624,9,0.1366375727348296,1.70424,1966.7926025390625,18928412.0,14.068324160616218,0.0,0.5815382271015064,True,,KO,G8,2.0,d7,Plate1,/Users/pmihack/claire/tmem_2026/data/cleaved_tmem_pld3_260821/d7/TMEM_KO/TMEMKO_Plate1_d7_TMEM561LAMP1640MAP2488DAPI405_G8_F2.nd2,12
25,22084,6,0.1148795508060134,4.931927999999999,2015.0615234375,44500620.0,12.113854392965033,0.0002204014308517,0.0091945568222917,True,,KO,G8,2.0,d7,Plate1,/Users/pmihack/claire/tmem_2026/data/cleaved_tmem_pld3_260821/d7/TMEM_KO/TMEMKO_Plate1_d7_TMEM561LAMP1640MAP2488DAPI405_G8_F2.nd2,12
26,8757,2,0.1605572684709375,8.199791999999999,2125.390380859375,18612044.0,24.128677211601257,0.0,0.3451969810902815,True,,KO,G8,2.0,d7,Plate1,/Users/pmihack/claire/tmem_2026/data/cleaved_tmem_pld3_260821/d7/TMEM_KO/TMEMKO_Plate1_d7_TMEM561LAMP1640MAP2488DAPI405_G8_F2.nd2,12
27,12526,14,0.0261057001437011,0.2724377142857143,778.4720458984375,9751141.0,18.670432938354384,0.0,0.2717945397716513,True,,KO,G8,2.0,d7,Plate1,/Users/pmihack/claire/tmem_2026/data/cleaved_tmem_pld3_260821/d7/TMEM_KO/TMEMKO_Plate1_d7_TMEM561LAMP1640MAP2488DAPI405_G8_F2.nd2,12
28,7949,2,0.0818970939740847,3.796632,1235.7537841796875,9823007.0,31.583171490876552,0.0,0.4330487457546246,True,,KO,G8,2.0,d7,Plate1,/Users/pmihack/claire/tmem_2026/data/cleaved_tmem_pld3_260821/d7/TMEM_KO/TMEMKO_Plate1_d7_TMEM561LAMP1640MAP2488DAPI405_G8_F2.nd2,12
29,2383,0,0.0,0.0,21.77591323852539,51892.0,,0.0,-0.0441657489445585,False,border,KO,G8,2.0,d7,Plate1,/Users/pmihack/claire/tmem_2026/data/cleaved_tmem_pld3_260821/d7/TMEM_KO/TMEMKO_Plate1_d7_TMEM561LAMP1640MAP2488DAPI405_G8_F2.nd2,12
30,7990,0,0.0,0.0,38.36433029174805,306531.0,,0.0,-0.0373882938153887,True,,KO,G8,2.0,d7,Plate1,/Users/pmihack/claire/tmem_2026/data/cleaved_tmem_pld3_260821/d7/TMEM_KO/TMEMKO_Plate1_d7_TMEM561LAMP1640MAP2488DAPI405_G8_F2.nd2,12
31,9240,5,0.1085497835497835,2.3397984,1576.127685546875,14563420.0,26.014664777673467,0.0,0.3017679438626845,True,,KO,G8,2.0,d7,Plate1,/Users/pmihack/claire/tmem_2026/data/cleaved_tmem_pld3_260821/d7/TMEM_KO/TMEMKO_Plate1_d7_TMEM561LAMP1640MAP2488DAPI405_G8_F2.nd2,12
32,13536,4,0.0493498817966903,1.947888,861.774658203125,11664982.0,20.021049607639107,0.0,0.2960878899690512,True,,KO,G8,2.0,d7,Plate1,/Users/pmihack/claire/tmem_2026/data/cleaved_tmem_pld3_260821/d7/TMEM_KO/TMEMKO_Plate1_d7_TMEM561LAMP1640MAP2488DAPI405_G8_F2.nd2,12
33,11458,10,0.0354337580729621,0.4735584,645.7722778320312,7399259.0,16.694496268742586,0.0,0.331184843591434,True,,KO,G8,2.0,d7,Plate1,/Users/pmihack/claire/tmem_2026/data/cleaved_tmem_pld3_260821/d7/TMEM_KO/TMEMKO_Plate1_d7_TMEM561LAMP1640MAP2488DAPI405_G8_F2.nd2,12
34,15576,5,0.0150231124807395,0.5458751999999999,452.263671875,7044459.0,17.445272156725,0.0,0.1853440691935551,True,,KO,G8,2.0,d7,Plate1,/Users/pmihack/claire/tmem_2026/data/cleaved_tmem_pld3_260821/d7/TMEM_KO/TMEMKO_Plate1_d7_TMEM561LAMP1640MAP2488DAPI405_G8_F2.nd2,12
35,5148,7,0.1186868686868686,1.0181005714285714,1785.766845703125,9193128.0,28.04000520397384,0.0,0.3895179926065079,True,,KO,G8,2.0,d7,Plate1,/Users/pmihack/claire/tmem_2026/data/cleaved_tmem_pld3_260821/d7/TMEM_KO/TMEMKO_Plate1_d7_TMEM561LAMP1640MAP2488DAPI405_G8_F2.nd2,12
36,6206,0,0.0,0.0,5.19207239151001,32222.0,,0.0,0.0855668945335405,True,,KO,G8,2.0,d7,Plate1,/Users/pmihack/claire/tmem_2026/data/cleaved_tmem_pld3_260821/d7/TMEM_KO/TMEMKO_Plate1_d7_TMEM561LAMP1640MAP2488DAPI405_G8_F2.nd2,12
1,9317,16,0.0574219169260491,0.3900149999999999,698.0916748046875,6504120.0,0.7363320789343862,0.0,0.1745925250862779,True,,KO,G8,3.0,d7,Plate1,/Users/pmihack/claire/tmem_2026/data/cleaved_tmem_pld3_260821/d7/TMEM_KO/TMEMKO_Plate1_d7_TMEM561LAMP1640MAP2488DAPI405_G8_F3.nd2,12
2,7505,5,0.1337774816788807,2.3421312,1151.2879638671875,8640416.0,0.3195591654095742,0.0,0.4233472847360663,True,,KO,G8,3.0,d7,Plate1,/Users/pmihack/claire/tmem_2026/data/cleaved_tmem_pld3_260821/d7/TMEM_KO/TMEMKO_Plate1_d7_TMEM561LAMP1640MAP2488DAPI405_G8_F3.nd2,12
3,6742,12,0.1904479382972412,1.2480479999999998,1671.641845703125,11270209.0,22.32315633114249,0.0,0.3816712418429965,True,,KO,G8,3.0,d7,Plate1,/Users/pmihack/claire/tmem_2026/data/cleaved_tmem_pld3_260821/d7/TMEM_KO/TMEMKO_Plate1_d7_TMEM561LAMP1640MAP2488DAPI405_G8_F3.nd2,12
4,14923,17,0.0304228372311197,0.3114974117647058,410.041015625,6119042.0,15.88849752927354,0.0,0.1769822611951565,True,,KO,G8,3.0,d7,Plate1,/Users/pmihack/claire/tmem_2026/data/cleaved_tmem_pld3_260821/d7/TMEM_KO/TMEMKO_Plate1_d7_TMEM561LAMP1640MAP2488DAPI405_G8_F3.nd2,12
5,11893,10,0.1095602455225763,1.5198192,1037.7520751953125,12341985.0,0.6255170248686381,0.0,0.1051797113425156,True,,KO,G8,3.0,d7,Plate1,/Users/pmihack/claire/tmem_2026/data/cleaved_tmem_pld3_260821/d7/TMEM_KO/TMEMKO_Plate1_d7_TMEM561LAMP1640MAP2488DAPI405_G8_F3.nd2,12
6,5782,21,0.1189899688689034,0.382134857142857,1360.3875732421875,7865761.0,14.437755935854264,0.0251678135246038,0.1746240074194284,True,,KO,G8,3.0,d7,Plate1,/Users/pmihack/claire/tmem_2026/data/cleaved_tmem_pld3_260821/d7/TMEM_KO/TMEMKO_Plate1_d7_TMEM561LAMP1640MAP2488DAPI405_G8_F3.nd2,12
7,10195,2,0.0878862187346738,5.225472,722.0870971679688,7361678.0,0.7771133742046614,0.0,0.3780791400776224,True,,KO,G8,3.0,d7,Plate1,/Users/pmihack/claire/tmem_2026/data/cleaved_tmem_pld3_260821/d7/TMEM_KO/TMEMKO_Plate1_d7_TMEM561LAMP1640MAP2488DAPI405_G8_F3.nd2,12
8,17472,16,0.0741185897435897,0.944055,600.3731689453125,10489720.0,0.7236705402152155,0.0,0.3442973256789106,True,,KO,G8,3.0,d7,Plate1,/Users/pmihack/claire/tmem_2026/data/cleaved_tmem_pld3_260821/d7/TMEM_KO/TMEMKO_Plate1_d7_TMEM561LAMP1640MAP2488DAPI405_G8_F3.nd2,12
9,1600,0,0.0,0.0,176.91624450683594,283066.0,,0.0,0.4691754975473437,False,size_outlier,KO,G8,3.0,d7,Plate1,/Users/pmihack/claire/tmem_2026/data/cleaved_tmem_pld3_260821/d7/TMEM_KO/TMEMKO_Plate1_d7_TMEM561LAMP1640MAP2488DAPI405_G8_F3.nd2,12
10,12841,5,0.1164239545206759,3.4875359999999995,1124.5245361328125,14440019.0,3.471701240553659,0.0,0.336094096952685,True,,KO,G8,3.0,d7,Plate1,/Users/pmihack/claire/tmem_2026/data/cleaved_tmem_pld3_260821/d7/TMEM_KO/TMEMKO_Plate1_d7_TMEM561LAMP1640MAP2488DAPI405_G8_F3.nd2,12
11,12173,13,0.0386100386100386,0.4216984615384615,501.2755126953125,6102027.0,5.525419956535094,0.0,0.1956031324066078,True,,KO,G8,3.0,d7,Plate1,/Users/pmihack/claire/tmem_2026/data/cleaved_tmem_pld3_260821/d7/TMEM_KO/TMEMKO_Plate1_d7_TMEM561LAMP1640MAP2488DAPI405_G8_F3.nd2,12
12,6590,15,0.1810318664643399,0.9276768,1797.3321533203125,11844419.0,22.24960385961847,0.0,0.3034694323662388,True,,KO,G8,3.0,d7,Plate1,/Users/pmihack/claire/tmem_2026/data/cleaved_tmem_pld3_260821/d7/TMEM_KO/TMEMKO_Plate1_d7_TMEM561LAMP1640MAP2488DAPI405_G8_F3.nd2,12
13,12740,9,0.0255102040816326,0.4212,338.1694641113281,4308279.0,17.110955297205717,0.0,0.4094859857805018,True,,KO,G8,3.0,d7,Plate1,/Users/pmihack/claire/tmem_2026/data/cleaved_tmem_pld3_260821/d7/TMEM_KO/TMEMKO_Plate1_d7_TMEM561LAMP1640MAP2488DAPI405_G8_F3.nd2,12
14,21449,5,0.0106298661942281,0.5318784,153.1403350830078,3284707.0,3.725281660684452,0.0,0.4855026909640122,True,,KO,G8,3.0,d7,Plate1,/Users/pmihack/claire/tmem_2026/data/cleaved_tmem_pld3_260821/d7/TMEM_KO/TMEMKO_Plate1_d7_TMEM561LAMP1640MAP2488DAPI405_G8_F3.nd2,12
15,9915,5,0.0982349974785678,2.2721472,869.2396240234375,8618511.0,0.7156889771578584,0.0,0.2392750929950102,True,,KO,G8,3.0,d7,Plate1,/Users/pmihack/claire/tmem_2026/data/cleaved_tmem_pld3_260821/d7/TMEM_KO/TMEMKO_Plate1_d7_TMEM561LAMP1640MAP2488DAPI405_G8_F3.nd2,12
16,8075,1,0.0006191950464396,0.05832,61.23418045043945,494466.0,1.634975531008002,0.0,0.032574055175135,True,,KO,G8,3.0,d7,Plate1,/Users/pmihack/claire/tmem_2026/data/cleaved_tmem_pld3_260821/d7/TMEM_KO/TMEMKO_Plate1_d7_TMEM561LAMP1640MAP2488DAPI405_G8_F3.nd2,12
17,8384,4,0.0189646946564885,0.4636439999999999,319.30487060546875,2677052.0,36.90993879855104,0.0,0.1355802276534478,True,,KO,G8,3.0,d7,Plate1,/Users/pmihack/claire/tmem_2026/data/cleaved_tmem_pld3_260821/d7/TMEM_KO/TMEMKO_Plate1_d7_TMEM561LAMP1640MAP2488DAPI405_G8_F3.nd2,12
18,15323,9,0.0042419891666122,0.08424,167.2985076904297,2563515.0,3.6282532588947585,0.0,0.2346625181413127,True,,KO,G8,3.0,d7,Plate1,/Users/pmihack/claire/tmem_2026/data/cleaved_tmem_pld3_260821/d7/TMEM_KO/TMEMKO_Plate1_d7_TMEM561LAMP1640MAP2488DAPI405_G8_F3.nd2,12
19,6357,0,0.0,0.0,29.144407272338867,185271.0,,0.0,0.5038585611965488,True,,KO,G8,3.0,d7,Plate1,/Users/pmihack/claire/tmem_2026/data/cleaved_tmem_pld3_260821/d7/TMEM_KO/TMEMKO_Plate1_d7_TMEM561LAMP1640MAP2488DAPI405_G8_F3.nd2,12
20,8699,4,0.0875962754339579,2.2219919999999997,892.3095703125,7762201.0,7.623353082343094,0.0,0.523603907832124,True,,KO,G8,3.0,d7,Plate1,/Users/pmihack/claire/tmem_2026/data/cleaved_tmem_pld3_260821/d7/TMEM_KO/TMEMKO_Plate1_d7_TMEM561LAMP1640MAP2488DAPI405_G8_F3.nd2,12
21,14311,1,0.0023757948431276,0.396576,143.59646606445312,2055009.0,13.0529662714065,0.0,0.2298643226418044,True,,KO,G8,3.0,d7,Plate1,/Users/pmihack/claire/tmem_2026/data/cleaved_tmem_pld3_260821/d7/TMEM_KO/TMEMKO_Plate1_d7_TMEM561LAMP1640MAP2488DAPI405_G8_F3.nd2,12
22,14099,1,0.0034044967728207,0.5598719999999999,78.86793518066406,1111959.0,9.26254577188566,0.0,0.2413921862618844,True,,KO,G8,3.0,d7,Plate1,/Users/pmihack/claire/tmem_2026/data/cleaved_tmem_pld3_260821/d7/TMEM_KO/TMEMKO_Plate1_d7_TMEM561LAMP1640MAP2488DAPI405_G8_F3.nd2,12
23,12420,1,0.0023349436392914,0.3382559999999999,47.57511901855469,590883.0,5.084268571213788,0.0,0.063038011658377,True,,KO,G8,3.0,d7,Plate1,/Users/pmihack/claire/tmem_2026/data/cleaved_tmem_pld3_260821/d7/TMEM_KO/TMEMKO_Plate1_d7_TMEM561LAMP1640MAP2488DAPI405_G8_F3.nd2,12
24,8779,9,0.1174393438888256,1.3361759999999998,1025.2711181640625,9000855.0,13.597262749462343,0.0,0.5388838501800999,True,,KO,G8,3.0,d7,Plate1,/Users/pmihack/claire/tmem_2026/data/cleaved_tmem_pld3_260821/d7/TMEM_KO/TMEMKO_Plate1_d7_TMEM561LAMP1640MAP2488DAPI405_G8_F3.nd2,12
25,19012,5,0.0068377866610561,0.303264,159.311279296875,3028826.0,15.964177006568358,0.0,0.1850613571901196,True,,KO,G8,3.0,d7,Plate1,/Users/pmihack/claire/tmem_2026/data/cleaved_tmem_pld3_260821/d7/TMEM_KO/TMEMKO_Plate1_d7_TMEM561LAMP1640MAP2488DAPI405_G8_F3.nd2,12
26,14947,8,0.0072924332642001,0.1589219999999999,216.0143890380859,3228767.0,15.763668528827743,0.0,0.2747864359606695,True,,KO,G8,3.0,d7,Plate1,/Users/pmihack/claire/tmem_2026/data/cleaved_tmem_pld3_260821/d7/TMEM_KO/TMEMKO_Plate1_d7_TMEM561LAMP1640MAP2488DAPI405_G8_F3.nd2,12
27,9890,0,0.0,0.0,10.899999618530272,107801.0,,0.0,0.0106124012466588,True,,KO,G8,3.0,d7,Plate1,/Users/pmihack/claire/tmem_2026/data/cleaved_tmem_pld3_260821/d7/TMEM_KO/TMEMKO_Plate1_d7_TMEM561LAMP1640MAP2488DAPI405_G8_F3.nd2,12
28,9779,6,0.0462214950403926,0.8786879999999999,459.8575439453125,4496947.0,22.36135731176096,0.0,0.5380113037325168,True,,KO,G8,3.0,d7,Plate1,/Users/pmihack/claire/tmem_2026/data/cleaved_tmem_pld3_260821/d7/TMEM_KO/TMEMKO_Plate1_d7_TMEM561LAMP1640MAP2488DAPI405_G8_F3.nd2,12
29,8744,5,0.0057182067703568,0.11664,139.1296844482422,1216550.0,22.310931808241428,0.0,0.3721464020258947,True,,KO,G8,3.0,d7,Plate1,/Users/pmihack/claire/tmem_2026/data/cleaved_tmem_pld3_260821/d7/TMEM_KO/TMEMKO_Plate1_d7_TMEM561LAMP1640MAP2488DAPI405_G8_F3.nd2,12
1,13256,9,0.0114665057332528,0.196992,285.5460205078125,3785198.0,4.610900598223792,0.0,0.1026555504431101,True,,KO,G8,4.0,d7,Plate1,/Users/pmihack/claire/tmem_2026/data/cleaved_tmem_pld3_260821/d7/TMEM_KO/TMEMKO_Plate1_d7_TMEM561LAMP1640MAP2488DAPI405_G8_F4.nd2,10
2,11117,0,0.0,0.0,14.184222221374512,157686.0,,0.0,0.0063764339667653,True,,KO,G8,4.0,d7,Plate1,/Users/pmihack/claire/tmem_2026/data/cleaved_tmem_pld3_260821/d7/TMEM_KO/TMEMKO_Plate1_d7_TMEM561LAMP1640MAP2488DAPI405_G8_F4.nd2,10
3,11308,6,0.0097276264591439,0.2138399999999999,169.08180236816406,1911977.0,10.048873742813557,0.0002688316744752,0.0777144286004142,True,,KO,G8,4.0,d7,Plate1,/Users/pmihack/claire/tmem_2026/data/cleaved_tmem_pld3_260821/d7/TMEM_KO/TMEMKO_Plate1_d7_TMEM561LAMP1640MAP2488DAPI405_G8_F4.nd2,10
4,11359,3,0.0053701910379434,0.2371679999999999,175.62205505371094,1994891.0,11.451246159676264,0.0,0.1112987938275329,True,,KO,G8,4.0,d7,Plate1,/Users/pmihack/claire/tmem_2026/data/cleaved_tmem_pld3_260821/d7/TMEM_KO/TMEMKO_Plate1_d7_TMEM561LAMP1640MAP2488DAPI405_G8_F4.nd2,10
5,13648,14,0.0695339976553341,0.7906525714285715,1123.41748046875,15332401.0,23.30774402777191,0.0,0.5952258524376768,True,,KO,G8,4.0,d7,Plate1,/Users/pmihack/claire/tmem_2026/data/cleaved_tmem_pld3_260821/d7/TMEM_KO/TMEMKO_Plate1_d7_TMEM561LAMP1640MAP2488DAPI405_G8_F4.nd2,10
6,18527,7,0.0059912560047498,0.1849577142857142,179.53143310546875,3326179.0,14.640007419564066,0.0,0.3697490925314058,True,,KO,G8,4.0,d7,Plate1,/Users/pmihack/claire/tmem_2026/data/cleaved_tmem_pld3_260821/d7/TMEM_KO/TMEMKO_Plate1_d7_TMEM561LAMP1640MAP2488DAPI405_G8_F4.nd2,10
7,10124,8,0.0693401817463453,1.023516,685.7110595703125,6942139.0,7.295512324335028,0.0,0.0854403831364328,True,,KO,G8,4.0,d7,Plate1,/Users/pmihack/claire/tmem_2026/data/cleaved_tmem_pld3_260821/d7/TMEM_KO/TMEMKO_Plate1_d7_TMEM561LAMP1640MAP2488DAPI405_G8_F4.nd2,10
8,19819,11,0.0139764872092436,0.2937207272727272,231.49705505371097,4588040.0,5.886754535658397,0.0,0.4447719078650204,True,,KO,G8,4.0,d7,Plate1,/Users/pmihack/claire/tmem_2026/data/cleaved_tmem_pld3_260821/d7/TMEM_KO/TMEMKO_Plate1_d7_TMEM561LAMP1640MAP2488DAPI405_G8_F4.nd2,10
9,5340,0,0.0,0.0,9.806366920471191,52366.0,,0.0,0.0510792354118883,True,,KO,G8,4.0,d7,Plate1,/Users/pmihack/claire/tmem_2026/data/cleaved_tmem_pld3_260821/d7/TMEM_KO/TMEMKO_Plate1_d7_TMEM561LAMP1640MAP2488DAPI405_G8_F4.nd2,10
10,23626,13,0.0928214678743756,1.9676270769230768,833.998291015625,19704044.0,5.876255037492268,2.4106726414174773e-05,0.0192300123007666,True,,KO,G8,4.0,d7,Plate1,/Users/pmihack/claire/tmem_2026/data/cleaved_tmem_pld3_260821/d7/TMEM_KO/TMEMKO_Plate1_d7_TMEM561LAMP1640MAP2488DAPI405_G8_F4.nd2,10
11,9371,2,0.0019208195496745,0.1049759999999999,138.99818420410156,1302552.0,5.726692418908703,0.0,0.09370006581049,True,,KO,G8,4.0,d7,Plate1,/Users/pmihack/claire/tmem_2026/data/cleaved_tmem_pld3_260821/d7/TMEM_KO/TMEMKO_Plate1_d7_TMEM561LAMP1640MAP2488DAPI405_G8_F4.nd2,10
12,11877,6,0.0733350172602509,1.6932239999999998,610.5149536132812,7251086.0,24.184094884744045,0.0,0.4059236510435973,True,,KO,G8,4.0,d7,Plate1,/Users/pmihack/claire/tmem_2026/data/cleaved_tmem_pld3_260821/d7/TMEM_KO/TMEMKO_Plate1_d7_TMEM561LAMP1640MAP2488DAPI405_G8_F4.nd2,10
13,15023,8,0.0139785661984956,0.3061799999999999,234.67909240722656,3525584.0,7.547695276438996,0.0,0.2693794244567864,True,,KO,G8,4.0,d7,Plate1,/Users/pmihack/claire/tmem_2026/data/cleaved_tmem_pld3_260821/d7/TMEM_KO/TMEMKO_Plate1_d7_TMEM561LAMP1640MAP2488DAPI405_G8_F4.nd2,10
14,23891,16,0.0097107697459294,0.1691279999999999,244.74546813964844,5847214.0,14.96155624026574,0.0,0.2424153017402991,True,,KO,G8,4.0,d7,Plate1,/Users/pmihack/claire/tmem_2026/data/cleaved_tmem_pld3_260821/d7/TMEM_KO/TMEMKO_Plate1_d7_TMEM561LAMP1640MAP2488DAPI405_G8_F4.nd2,10
15,17127,11,0.0168155543878087,0.3053847272727272,288.5858459472656,4942610.0,16.618278064444386,0.0,0.3066177540657631,True,,KO,G8,4.0,d7,Plate1,/Users/pmihack/claire/tmem_2026/data/cleaved_tmem_pld3_260821/d7/TMEM_KO/TMEMKO_Plate1_d7_TMEM561LAMP1640MAP2488DAPI405_G8_F4.nd2,10
16,29258,4,0.0012304327021669,0.1049759999999999,124.19816589355467,3633790.0,8.971264850128907,0.0,0.3576641458827655,True,,KO,G8,4.0,d7,Plate1,/Users/pmihack/claire/tmem_2026/data/cleaved_tmem_pld3_260821/d7/TMEM_KO/TMEMKO_Plate1_d7_TMEM561LAMP1640MAP2488DAPI405_G8_F4.nd2,10
17,20951,2,0.0010500692091069,0.128304,83.31636047363281,1745561.0,21.52285240952088,0.0,0.2748198601661404,True,,KO,G8,4.0,d7,Plate1,/Users/pmihack/claire/tmem_2026/data/cleaved_tmem_pld3_260821/d7/TMEM_KO/TMEMKO_Plate1_d7_TMEM561LAMP1640MAP2488DAPI405_G8_F4.nd2,10
18,12997,7,0.0154651073324613,0.3349234285714285,364.46148681640625,4736906.0,24.93991415663095,0.0,0.2633947463774334,True,,KO,G8,4.0,d7,Plate1,/Users/pmihack/claire/tmem_2026/data/cleaved_tmem_pld3_260821/d7/TMEM_KO/TMEMKO_Plate1_d7_TMEM561LAMP1640MAP2488DAPI405_G8_F4.nd2,10
19,17674,5,0.0059975104673531,0.2472767999999999,178.57440185546875,3156124.0,23.93261649295817,0.0,0.3525414927610587,True,,KO,G8,4.0,d7,Plate1,/Users/pmihack/claire/tmem_2026/data/cleaved_tmem_pld3_260821/d7/TMEM_KO/TMEMKO_Plate1_d7_TMEM561LAMP1640MAP2488DAPI405_G8_F4.nd2,10
1,13238,0,0.0,0.0,38.85420608520508,514352.0,,0.0,0.1440837114070161,False,border,KO,H8,1.0,d7,Plate1,/Users/pmihack/claire/tmem_2026/data/cleaved_tmem_pld3_260821/d7/TMEM_KO/TMEMKO_Plate1_d7_TMEM561LAMP1640MAP2488DAPI405_H8_F1.nd2,9
2,8857,4,0.0035000564525234,0.0903959999999999,305.23992919921875,2703510.0,27.50732062634618,0.0,0.1206702505873252,True,,KO,H8,1.0,d7,Plate1,/Users/pmihack/claire/tmem_2026/data/cleaved_tmem_pld3_260821/d7/TMEM_KO/TMEMKO_Plate1_d7_TMEM561LAMP1640MAP2488DAPI405_H8_F1.nd2,9
3,20912,3,0.0013867635807192,0.1127519999999999,163.0719757080078,3410161.0,8.651651360608277,0.0,0.0579543179783737,True,,KO,H8,1.0,d7,Plate1,/Users/pmihack/claire/tmem_2026/data/cleaved_tmem_pld3_260821/d7/TMEM_KO/TMEMKO_Plate1_d7_TMEM561LAMP1640MAP2488DAPI405_H8_F1.nd2,9
4,24063,4,0.0011636121846818,0.081648,121.1687240600586,2915683.0,9.61587207228732,0.0,0.3756931458341667,True,,KO,H8,1.0,d7,Plate1,/Users/pmihack/claire/tmem_2026/data/cleaved_tmem_pld3_260821/d7/TMEM_KO/TMEMKO_Plate1_d7_TMEM561LAMP1640MAP2488DAPI405_H8_F1.nd2,9
5,21941,1,0.0003646141926074,0.0933119999999999,109.83068084716795,2409795.0,16.967468578750672,0.0,0.2750372430446948,True,,KO,H8,1.0,d7,Plate1,/Users/pmihack/claire/tmem_2026/data/cleaved_tmem_pld3_260821/d7/TMEM_KO/TMEMKO_Plate1_d7_TMEM561LAMP1640MAP2488DAPI405_H8_F1.nd2,9
6,7612,0,0.0,0.0,87.00984954833984,662319.0,,0.0,0.0839338374187857,True,,KO,H8,1.0,d7,Plate1,/Users/pmihack/claire/tmem_2026/data/cleaved_tmem_pld3_260821/d7/TMEM_KO/TMEMKO_Plate1_d7_TMEM561LAMP1640MAP2488DAPI405_H8_F1.nd2,9
7,16027,8,0.0073001809446558,0.170586,256.5061950683594,4111025.0,15.710573876197437,0.0,0.1092656143756453,True,,KO,H8,1.0,d7,Plate1,/Users/pmihack/claire/tmem_2026/data/cleaved_tmem_pld3_260821/d7/TMEM_KO/TMEMKO_Plate1_d7_TMEM561LAMP1640MAP2488DAPI405_H8_F1.nd2,9
8,14566,3,0.0056982012906769,0.322704,205.8678436279297,2998671.0,17.715815880889416,0.0,0.0924724629136658,True,,KO,H8,1.0,d7,Plate1,/Users/pmihack/claire/tmem_2026/data/cleaved_tmem_pld3_260821/d7/TMEM_KO/TMEMKO_Plate1_d7_TMEM561LAMP1640MAP2488DAPI405_H8_F1.nd2,9
9,14835,0,0.0,0.0,37.70663833618164,559378.0,,0.0,0.109229623430865,True,,KO,H8,1.0,d7,Plate1,/Users/pmihack/claire/tmem_2026/data/cleaved_tmem_pld3_260821/d7/TMEM_KO/TMEMKO_Plate1_d7_TMEM561LAMP1640MAP2488DAPI405_H8_F1.nd2,9
10,11815,1,0.0005078290308929,0.0699839999999999,151.18882751464844,1786296.0,16.441752183238435,0.0,0.2668980547044561,True,,KO,H8,1.0,d7,Plate1,/Users/pmihack/claire/tmem_2026/data/cleaved_tmem_pld3_260821/d7/TMEM_KO/TMEMKO_Plate1_d7_TMEM561LAMP1640MAP2488DAPI405_H8_F1.nd2,9
11,13017,1,0.0002304678497349,0.0349919999999999,204.04486083984375,2656052.0,20.201327704797045,0.0,-0.0041701416807975,True,,KO,H8,1.0,d7,Plate1,/Users/pmihack/claire/tmem_2026/data/cleaved_tmem_pld3_260821/d7/TMEM_KO/TMEMKO_Plate1_d7_TMEM561LAMP1640MAP2488DAPI405_H8_F1.nd2,9
12,10946,6,0.0113283391193129,0.241056,310.81884765625,3402223.0,18.526999353516576,0.0,0.1077045755596487,True,,KO,H8,1.0,d7,Plate1,/Users/pmihack/claire/tmem_2026/data/cleaved_tmem_pld3_260821/d7/TMEM_KO/TMEMKO_Plate1_d7_TMEM561LAMP1640MAP2488DAPI405_H8_F1.nd2,9
13,15447,1,0.0001942124684404,0.0349919999999999,69.22088623046875,1069255.0,33.03808962780625,0.0,0.1186384126368432,True,,KO,H8,1.0,d7,Plate1,/Users/pmihack/claire/tmem_2026/data/cleaved_tmem_pld3_260821/d7/TMEM_KO/TMEMKO_Plate1_d7_TMEM561LAMP1640MAP2488DAPI405_H8_F1.nd2,9
1,17672,1,0.0002263467632412,0.0466559999999999,20.400802612304688,360523.0,5.578402517888495,0.0,0.0637326276267357,True,,KO,H8,2.0,d7,Plate1,/Users/pmihack/claire/tmem_2026/data/cleaved_tmem_pld3_260821/d7/TMEM_KO/TMEMKO_Plate1_d7_TMEM561LAMP1640MAP2488DAPI405_H8_F2.nd2,9
2,24840,0,0.0,0.0,21.036231994628903,522540.0,,0.0,0.0446076771567848,True,,KO,H8,2.0,d7,Plate1,/Users/pmihack/claire/tmem_2026/data/cleaved_tmem_pld3_260821/d7/TMEM_KO/TMEMKO_Plate1_d7_TMEM561LAMP1640MAP2488DAPI405_H8_F2.nd2,9
3,26712,7,0.0025456723569931,0.1133074285714285,72.81431579589844,1945016.0,0.747763021263188,0.0,0.021484143368683,True,,KO,H8,2.0,d7,Plate1,/Users/pmihack/claire/tmem_2026/data/cleaved_tmem_pld3_260821/d7/TMEM_KO/TMEMKO_Plate1_d7_TMEM561LAMP1640MAP2488DAPI405_H8_F2.nd2,9
4,19093,6,0.0743204315717802,2.758536,411.10992431640625,7849322.0,13.762548594791502,0.0,0.2684722646454993,True,,KO,H8,2.0,d7,Plate1,/Users/pmihack/claire/tmem_2026/data/cleaved_tmem_pld3_260821/d7/TMEM_KO/TMEMKO_Plate1_d7_TMEM561LAMP1640MAP2488DAPI405_H8_F2.nd2,9
5,14252,0,0.0,0.0,9.178711891174316,130815.0,,0.0,0.0472348765012548,True,,KO,H8,2.0,d7,Plate1,/Users/pmihack/claire/tmem_2026/data/cleaved_tmem_pld3_260821/d7/TMEM_KO/TMEMKO_Plate1_d7_TMEM561LAMP1640MAP2488DAPI405_H8_F2.nd2,9
6,7348,9,0.0909090909090909,0.865728,510.2275390625,3749152.0,6.266681258019624,0.0,0.1757620030424971,True,,KO,H8,2.0,d7,Plate1,/Users/pmihack/claire/tmem_2026/data/cleaved_tmem_pld3_260821/d7/TMEM_KO/TMEMKO_Plate1_d7_TMEM561LAMP1640MAP2488DAPI405_H8_F2.nd2,9
7,11990,12,0.0297748123436196,0.347004,322.36456298828125,3865151.0,5.249158864943421,0.0,0.107447328192859,True,,KO,H8,2.0,d7,Plate1,/Users/pmihack/claire/tmem_2026/data/cleaved_tmem_pld3_260821/d7/TMEM_KO/TMEMKO_Plate1_d7_TMEM561LAMP1640MAP2488DAPI405_H8_F2.nd2,9
8,15192,11,0.0048709847288046,0.078466909090909,170.11874389648438,2584444.0,24.25364544427032,0.0,0.1771927685820701,True,,KO,H8,2.0,d7,Plate1,/Users/pmihack/claire/tmem_2026/data/cleaved_tmem_pld3_260821/d7/TMEM_KO/TMEMKO_Plate1_d7_TMEM561LAMP1640MAP2488DAPI405_H8_F2.nd2,9
9,20293,6,0.0237520327206425,0.9370079999999998,191.2962646484375,3881975.0,7.761680010720751,0.0,0.0073599175526249,True,,KO,H8,2.0,d7,Plate1,/Users/pmihack/claire/tmem_2026/data/cleaved_tmem_pld3_260821/d7/TMEM_KO/TMEMKO_Plate1_d7_TMEM561LAMP1640MAP2488DAPI405_H8_F2.nd2,9
10,21291,8,0.0073740077967216,0.2289059999999999,130.51951599121094,2778891.0,22.9881205271582,0.0,0.3218912062774773,True,,KO,H8,2.0,d7,Plate1,/Users/pmihack/claire/tmem_2026/data/cleaved_tmem_pld3_260821/d7/TMEM_KO/TMEMKO_Plate1_d7_TMEM561LAMP1640MAP2488DAPI405_H8_F2.nd2,9
11,7956,0,0.0,0.0,34.70462417602539,276110.0,,0.0,-0.0200079180164545,True,,KO,H8,2.0,d7,Plate1,/Users/pmihack/claire/tmem_2026/data/cleaved_tmem_pld3_260821/d7/TMEM_KO/TMEMKO_Plate1_d7_TMEM561LAMP1640MAP2488DAPI405_H8_F2.nd2,9
12,4559,9,0.1237113402061855,0.7309439999999999,834.4483642578125,3804250.0,32.77597169474763,0.0,0.036439796078191,True,,KO,H8,2.0,d7,Plate1,/Users/pmihack/claire/tmem_2026/data/cleaved_tmem_pld3_260821/d7/TMEM_KO/TMEMKO_Plate1_d7_TMEM561LAMP1640MAP2488DAPI405_H8_F2.nd2,9
13,2330,0,0.0,0.0,7.0309014320373535,16382.0,,0.0,0.0838737537348746,True,,KO,H8,2.0,d7,Plate1,/Users/pmihack/claire/tmem_2026/data/cleaved_tmem_pld3_260821/d7/TMEM_KO/TMEMKO_Plate1_d7_TMEM561LAMP1640MAP2488DAPI405_H8_F2.nd2,9
14,20338,18,0.0160782771167273,0.211896,258.59942626953125,5259395.0,20.157962532193725,0.0,0.0902984283640973,True,,KO,H8,2.0,d7,Plate1,/Users/pmihack/claire/tmem_2026/data/cleaved_tmem_pld3_260821/d7/TMEM_KO/TMEMKO_Plate1_d7_TMEM561LAMP1640MAP2488DAPI405_H8_F2.nd2,9
1,26174,7,0.0490563154275235,2.1395108571428567,244.9846038818359,6412227.0,18.34233599010572,0.0,0.2873550529493605,True,,KO,H8,3.0,d7,Plate1,/Users/pmihack/claire/tmem_2026/data/cleaved_tmem_pld3_260821/d7/TMEM_KO/TMEMKO_Plate1_d7_TMEM561LAMP1640MAP2488DAPI405_H8_F3.nd2,10
2,22488,12,0.0642564923514763,1.40454,362.5102233886719,8152130.0,5.660349988497619,0.0,0.2897440072459364,True,,KO,H8,3.0,d7,Plate1,/Users/pmihack/claire/tmem_2026/data/cleaved_tmem_pld3_260821/d7/TMEM_KO/TMEMKO_Plate1_d7_TMEM561LAMP1640MAP2488DAPI405_H8_F3.nd2,10
3,17822,10,0.0081921220962854,0.1702943999999999,153.57215881347656,2736963.0,4.101065682096151,0.0,0.1924204515569193,True,,KO,H8,3.0,d7,Plate1,/Users/pmihack/claire/tmem_2026/data/cleaved_tmem_pld3_260821/d7/TMEM_KO/TMEMKO_Plate1_d7_TMEM561LAMP1640MAP2488DAPI405_H8_F3.nd2,10
4,13385,10,0.0375046694060515,0.5855328,280.9254455566406,3760187.0,10.175348820995644,0.0,0.3871003787459909,True,,KO,H8,3.0,d7,Plate1,/Users/pmihack/claire/tmem_2026/data/cleaved_tmem_pld3_260821/d7/TMEM_KO/TMEMKO_Plate1_d7_TMEM561LAMP1640MAP2488DAPI405_H8_F3.nd2,10
5,16333,8,0.0266944223351497,0.6356879999999999,171.07518005371094,2794171.0,3.496871892606475,0.0,0.2656611975924189,True,,KO,H8,3.0,d7,Plate1,/Users/pmihack/claire/tmem_2026/data/cleaved_tmem_pld3_260821/d7/TMEM_KO/TMEMKO_Plate1_d7_TMEM561LAMP1640MAP2488DAPI405_H8_F3.nd2,10
6,20084,14,0.0337582154949213,0.5648708571428571,313.7846984863281,6302052.0,11.569624312544022,0.0,0.1173268593287768,True,,KO,H8,3.0,d7,Plate1,/Users/pmihack/claire/tmem_2026/data/cleaved_tmem_pld3_260821/d7/TMEM_KO/TMEMKO_Plate1_d7_TMEM561LAMP1640MAP2488DAPI405_H8_F3.nd2,10
7,14155,11,0.1077357824090427,1.6170545454545453,653.5449829101562,9250929.0,4.075499164893556,0.0,0.0366787989275962,True,,KO,H8,3.0,d7,Plate1,/Users/pmihack/claire/tmem_2026/data/cleaved_tmem_pld3_260821/d7/TMEM_KO/TMEMKO_Plate1_d7_TMEM561LAMP1640MAP2488DAPI405_H8_F3.nd2,10
8,29078,17,0.0674736914505812,1.3461628235294116,378.8567199707031,11016396.0,7.666792276157323,0.0067367767915129,0.2519495165023786,True,,KO,H8,3.0,d7,Plate1,/Users/pmihack/claire/tmem_2026/data/cleaved_tmem_pld3_260821/d7/TMEM_KO/TMEMKO_Plate1_d7_TMEM561LAMP1640MAP2488DAPI405_H8_F3.nd2,10
9,8593,1,0.1234725939718375,12.375504,660.6907958984375,5677316.0,16.110038194426092,0.0,0.3911132758624931,True,,KO,H8,3.0,d7,Plate1,/Users/pmihack/claire/tmem_2026/data/cleaved_tmem_pld3_260821/d7/TMEM_KO/TMEMKO_Plate1_d7_TMEM561LAMP1640MAP2488DAPI405_H8_F3.nd2,10
10,23197,11,0.0683709100314695,1.6817367272727273,421.2373046875,9771442.0,3.8423217744320337,0.0,0.0999399247976516,True,,KO,H8,3.0,d7,Plate1,/Users/pmihack/claire/tmem_2026/data/cleaved_tmem_pld3_260821/d7/TMEM_KO/TMEMKO_Plate1_d7_TMEM561LAMP1640MAP2488DAPI405_H8_F3.nd2,10
11,11469,5,0.0966954398814194,2.5870752,538.2017822265625,6172636.0,22.390515247284903,0.001181018888019,0.1063983547600696,True,,KO,H8,3.0,d7,Plate1,/Users/pmihack/claire/tmem_2026/data/cleaved_tmem_pld3_260821/d7/TMEM_KO/TMEMKO_Plate1_d7_TMEM561LAMP1640MAP2488DAPI405_H8_F3.nd2,10
12,12429,8,0.0946978839810121,1.716066,521.9635620117188,6487485.0,25.65459743526416,0.0,0.4260510551276961,True,,KO,H8,3.0,d7,Plate1,/Users/pmihack/claire/tmem_2026/data/cleaved_tmem_pld3_260821/d7/TMEM_KO/TMEMKO_Plate1_d7_TMEM561LAMP1640MAP2488DAPI405_H8_F3.nd2,10
13,12755,8,0.0210113680909447,0.390744,179.13046264648438,2284809.0,18.57250664861373,0.0,0.0502978568398266,True,,KO,H8,3.0,d7,Plate1,/Users/pmihack/claire/tmem_2026/data/cleaved_tmem_pld3_260821/d7/TMEM_KO/TMEMKO_Plate1_d7_TMEM561LAMP1640MAP2488DAPI405_H8_F3.nd2,10
14,12909,8,0.0270354016577581,0.5088419999999999,204.1361846923828,2635194.0,14.852078142368471,0.0009308612789027,0.1345671136716616,True,,KO,H8,3.0,d7,Plate1,/Users/pmihack/claire/tmem_2026/data/cleaved_tmem_pld3_260821/d7/TMEM_KO/TMEMKO_Plate1_d7_TMEM561LAMP1640MAP2488DAPI405_H8_F3.nd2,10
15,16772,3,0.008287622227522,0.540432,67.71833801269531,1135772.0,8.103121717004326,8.452400652458891e-05,0.0590264260229324,True,,KO,H8,3.0,d7,Plate1,/Users/pmihack/claire/tmem_2026/data/cleaved_tmem_pld3_260821/d7/TMEM_KO/TMEMKO_Plate1_d7_TMEM561LAMP1640MAP2488DAPI405_H8_F3.nd2,10
16,4906,4,0.1092539747248267,1.562976,591.8300170898438,2903518.0,46.71828268818645,0.0,0.2528120090606408,True,,KO,H8,3.0,d7,Plate1,/Users/pmihack/claire/tmem_2026/data/cleaved_tmem_pld3_260821/d7/TMEM_KO/TMEMKO_Plate1_d7_TMEM561LAMP1640MAP2488DAPI405_H8_F3.nd2,10
17,20052,9,0.0216437263115898,0.562464,199.1182403564453,3992719.0,11.938851365006784,0.0001447635004296,0.0113902689460635,True,,KO,H8,3.0,d7,Plate1,/Users/pmihack/claire/tmem_2026/data/cleaved_tmem_pld3_260821/d7/TMEM_KO/TMEMKO_Plate1_d7_TMEM561LAMP1640MAP2488DAPI405_H8_F3.nd2,10
18,22776,12,0.0504039339655778,1.115856,338.280517578125,7704677.0,8.953500636529732,0.0,0.0690968899609733,True,,KO,H8,3.0,d7,Plate1,/Users/pmihack/claire/tmem_2026/data/cleaved_tmem_pld3_260821/d7/TMEM_KO/TMEMKO_Plate1_d7_TMEM561LAMP1640MAP2488DAPI405_H8_F3.nd2,10
19,17736,9,0.0081190798376184,0.1866239999999999,147.46493530273438,2615438.0,9.826604994701167,0.0,0.1790489508125188,True,,KO,H8,3.0,d7,Plate1,/Users/pmihack/claire/tmem_2026/data/cleaved_tmem_pld3_260821/d7/TMEM_KO/TMEMKO_Plate1_d7_TMEM561LAMP1640MAP2488DAPI405_H8_F3.nd2,10
20,17141,5,0.0537308208389242,2.1485087999999997,279.64581298828125,4793409.0,12.620012368174116,0.0,0.1970926471714378,True,,KO,H8,3.0,d7,Plate1,/Users/pmihack/claire/tmem_2026/data/cleaved_tmem_pld3_260821/d7/TMEM_KO/TMEMKO_Plate1_d7_TMEM561LAMP1640MAP2488DAPI405_H8_F3.nd2,10
21,19062,3,0.0366698142902108,2.7177119999999997,201.52040100097656,3841382.0,14.96537960221164,0.0,0.4772093421778973,False,border,KO,H8,3.0,d7,Plate1,/Users/pmihack/claire/tmem_2026/data/cleaved_tmem_pld3_260821/d7/TMEM_KO/TMEMKO_Plate1_d7_TMEM561LAMP1640MAP2488DAPI405_H8_F3.nd2,10
22,12477,9,0.0100985813897571,0.163296,129.2519073486328,1612676.0,13.306373157014493,0.0,0.221797597473814,True,,KO,H8,3.0,d7,Plate1,/Users/pmihack/claire/tmem_2026/data/cleaved_tmem_pld3_260821/d7/TMEM_KO/TMEMKO_Plate1_d7_TMEM561LAMP1640MAP2488DAPI405_H8_F3.nd2,10
23,16816,6,0.037999524262607,1.242216,229.488525390625,3859079.0,17.40041375177058,0.0,0.1235948683029768,False,border,KO,H8,3.0,d7,Plate1,/Users/pmihack/claire/tmem_2026/data/cleaved_tmem_pld3_260821/d7/TMEM_KO/TMEMKO_Plate1_d7_TMEM561LAMP1640MAP2488DAPI405_H8_F3.nd2,10
1,15022,0,0.0,0.0,135.0389404296875,2028555.0,,0.0,0.053909254524358,True,,KO,H8,4.0,d7,Plate1,/Users/pmihack/claire/tmem_2026/data/cleaved_tmem_pld3_260821/d7/TMEM_KO/TMEMKO_Plate1_d7_TMEM561LAMP1640MAP2488DAPI405_H8_F4.nd2,8
2,16209,0,0.0,0.0,11.623788833618164,188410.0,,0.0,0.0194857733846968,True,,KO,H8,4.0,d7,Plate1,/Users/pmihack/claire/tmem_2026/data/cleaved_tmem_pld3_260821/d7/TMEM_KO/TMEMKO_Plate1_d7_TMEM561LAMP1640MAP2488DAPI405_H8_F4.nd2,8
3,15285,0,0.0,0.0,396.4298400878906,6059430.0,,0.0,0.0140146207640988,False,abnormal_nucleus,KO,H8,4.0,d7,Plate1,/Users/pmihack/claire/tmem_2026/data/cleaved_tmem_pld3_260821/d7/TMEM_KO/TMEMKO_Plate1_d7_TMEM561LAMP1640MAP2488DAPI405_H8_F4.nd2,8
4,15055,0,0.0,0.0,208.9615478515625,3145916.0,,0.0,0.0576524225865488,False,border,KO,H8,4.0,d7,Plate1,/Users/pmihack/claire/tmem_2026/data/cleaved_tmem_pld3_260821/d7/TMEM_KO/TMEMKO_Plate1_d7_TMEM561LAMP1640MAP2488DAPI405_H8_F4.nd2,8
5,7804,4,0.0058944131214761,0.1341359999999999,943.6468505859376,7364220.0,21.42735778877633,0.0,0.1449502318559622,True,,KO,H8,4.0,d7,Plate1,/Users/pmihack/claire/tmem_2026/data/cleaved_tmem_pld3_260821/d7/TMEM_KO/TMEMKO_Plate1_d7_TMEM561LAMP1640MAP2488DAPI405_H8_F4.nd2,8
6,11941,0,0.0,0.0,230.41436767578125,2751378.0,,0.0,0.1247922986971734,True,,KO,H8,4.0,d7,Plate1,/Users/pmihack/claire/tmem_2026/data/cleaved_tmem_pld3_260821/d7/TMEM_KO/TMEMKO_Plate1_d7_TMEM561LAMP1640MAP2488DAPI405_H8_F4.nd2,8
7,7792,1,0.000641683778234,0.05832,861.75732421875,6714813.0,7.006616975064171,0.0,0.1190183357971014,True,,KO,H8,4.0,d7,Plate1,/Users/pmihack/claire/tmem_2026/data/cleaved_tmem_pld3_260821/d7/TMEM_KO/TMEMKO_Plate1_d7_TMEM561LAMP1640MAP2488DAPI405_H8_F4.nd2,8
8,7534,1,0.0027873639500929,0.2449439999999999,630.4275512695312,4749641.0,33.22973274900538,0.0,0.1366455694229812,True,,KO,H8,4.0,d7,Plate1,/Users/pmihack/claire/tmem_2026/data/cleaved_tmem_pld3_260821/d7/TMEM_KO/TMEMKO_Plate1_d7_TMEM561LAMP1640MAP2488DAPI405_H8_F4.nd2,8
9,11812,0,0.0,0.0,22.559600830078125,266474.0,,0.0,0.0187195198566541,True,,KO,H8,4.0,d7,Plate1,/Users/pmihack/claire/tmem_2026/data/cleaved_tmem_pld3_260821/d7/TMEM_KO/TMEMKO_Plate1_d7_TMEM561LAMP1640MAP2488DAPI405_H8_F4.nd2,8
10,11029,0,0.0,0.0,364.57421875,4020889.0,,0.0,0.0583616263274383,True,,KO,H8,4.0,d7,Plate1,/Users/pmihack/claire/tmem_2026/data/cleaved_tmem_pld3_260821/d7/TMEM_KO/TMEMKO_Plate1_d7_TMEM561LAMP1640MAP2488DAPI405_H8_F4.nd2,8
11,9572,0,0.0,0.0,109.4715805053711,1047862.0,,0.0,-0.0283845633850292,True,,KO,H8,4.0,d7,Plate1,/Users/pmihack/claire/tmem_2026/data/cleaved_tmem_pld3_260821/d7/TMEM_KO/TMEMKO_Plate1_d7_TMEM561LAMP1640MAP2488DAPI405_H8_F4.nd2,8
12,10841,1,0.0003689696522461,0.0466559999999999,377.478271484375,4092242.0,13.603623232664908,0.0,0.0818845187708625,True,,KO,H8,4.0,d7,Plate1,/Users/pmihack/claire/tmem_2026/data/cleaved_tmem_pld3_260821/d7/TMEM_KO/TMEMKO_Plate1_d7_TMEM561LAMP1640MAP2488DAPI405_H8_F4.nd2,8
13,9621,0,0.0,0.0,243.70127868652344,2344650.0,,0.0,0.1507698947073396,True,,KO,H8,4.0,d7,Plate1,/Users/pmihack/claire/tmem_2026/data/cleaved_tmem_pld3_260821/d7/TMEM_KO/TMEMKO_Plate1_d7_TMEM561LAMP1640MAP2488DAPI405_H8_F4.nd2,8
14,7515,0,0.0,0.0,35.63433074951172,267792.0,,0.0,-0.0132540817408102,True,,KO,H8,4.0,d7,Plate1,/Users/pmihack/claire/tmem_2026/data/cleaved_tmem_pld3_260821/d7/TMEM_KO/TMEMKO_Plate1_d7_TMEM561LAMP1640MAP2488DAPI405_H8_F4.nd2,8
15,8825,0,0.0,0.0,95.54696655273438,843202.0,,0.0,0.0323707045127842,True,,KO,H8,4.0,d7,Plate1,/Users/pmihack/claire/tmem_2026/data/cleaved_tmem_pld3_260821/d7/TMEM_KO/TMEMKO_Plate1_d7_TMEM561LAMP1640MAP2488DAPI405_H8_F4.nd2,8
16,14698,0,0.0,0.0,133.20968627929688,1957916.0,,0.0,0.0558764261695623,True,,KO,H8,4.0,d7,Plate1,/Users/pmihack/claire/tmem_2026/data/cleaved_tmem_pld3_260821/d7/TMEM_KO/TMEMKO_Plate1_d7_TMEM561LAMP1640MAP2488DAPI405_H8_F4.nd2,8
1,12193,0,0.0,0.0,431.88043212890625,5265918.0,,0.0,-0.0723885708387911,True,,Control,C17,1.0,d7,Plate1,/Users/pmihack/claire/tmem_2026/data/cleaved_tmem_pld3_260821/d7/Z59_PLD_Control/PLD3Control_Plate1_d7_TMEM561LAMP1640MAP2488DAPI405_C17_F1.nd2,10
2,14268,0,0.0,0.0,480.6571960449219,6858017.0,,0.0,0.0312281917041631,True,,Control,C17,1.0,d7,Plate1,/Users/pmihack/claire/tmem_2026/data/cleaved_tmem_pld3_260821/d7/Z59_PLD_Control/PLD3Control_Plate1_d7_TMEM561LAMP1640MAP2488DAPI405_C17_F1.nd2,10
3,9846,0,0.0,0.0,323.866943359375,3188794.0,,0.0,0.0508814262694295,True,,Control,C17,1.0,d7,Plate1,/Users/pmihack/claire/tmem_2026/data/cleaved_tmem_pld3_260821/d7/Z59_PLD_Control/PLD3Control_Plate1_d7_TMEM561LAMP1640MAP2488DAPI405_C17_F1.nd2,10
4,12085,0,0.0,0.0,433.6702575683594,5240905.0,,0.0,-0.0684173796481884,True,,Control,C17,1.0,d7,Plate1,/Users/pmihack/claire/tmem_2026/data/cleaved_tmem_pld3_260821/d7/Z59_PLD_Control/PLD3Control_Plate1_d7_TMEM561LAMP1640MAP2488DAPI405_C17_F1.nd2,10
5,3328,0,0.0,0.0,13.13671875,43719.0,,0.0,-0.025335857491335,True,,Control,C17,1.0,d7,Plate1,/Users/pmihack/claire/tmem_2026/data/cleaved_tmem_pld3_260821/d7/Z59_PLD_Control/PLD3Control_Plate1_d7_TMEM561LAMP1640MAP2488DAPI405_C17_F1.nd2,10
6,7406,0,0.0,0.0,628.6884765625,4656067.0,,0.0,-0.0347491049245186,True,,Control,C17,1.0,d7,Plate1,/Users/pmihack/claire/tmem_2026/data/cleaved_tmem_pld3_260821/d7/Z59_PLD_Control/PLD3Control_Plate1_d7_TMEM561LAMP1640MAP2488DAPI405_C17_F1.nd2,10
7,12789,0,0.0,0.0,213.0462188720703,2724648.0,,0.0,-0.0940437179528911,True,,Control,C17,1.0,d7,Plate1,/Users/pmihack/claire/tmem_2026/data/cleaved_tmem_pld3_260821/d7/Z59_PLD_Control/PLD3Control_Plate1_d7_TMEM561LAMP1640MAP2488DAPI405_C17_F1.nd2,10
8,13853,0,0.0,0.0,227.8721618652344,3156713.0,,0.0,-0.0422638734419111,True,,Control,C17,1.0,d7,Plate1,/Users/pmihack/claire/tmem_2026/data/cleaved_tmem_pld3_260821/d7/Z59_PLD_Control/PLD3Control_Plate1_d7_TMEM561LAMP1640MAP2488DAPI405_C17_F1.nd2,10
9,6909,0,0.0,0.0,20.104066848754883,138899.0,,0.0,-0.0194837546950179,True,,Control,C17,1.0,d7,Plate1,/Users/pmihack/claire/tmem_2026/data/cleaved_tmem_pld3_260821/d7/Z59_PLD_Control/PLD3Control_Plate1_d7_TMEM561LAMP1640MAP2488DAPI405_C17_F1.nd2,10
10,12000,0,0.0,0.0,169.90533447265625,2038864.0,,0.0,-0.0574234864136558,True,,Control,C17,1.0,d7,Plate1,/Users/pmihack/claire/tmem_2026/data/cleaved_tmem_pld3_260821/d7/Z59_PLD_Control/PLD3Control_Plate1_d7_TMEM561LAMP1640MAP2488DAPI405_C17_F1.nd2,10
11,15843,0,0.0,0.0,239.7461395263672,3798298.0,,0.0,-0.0143722538163211,True,,Control,C17,1.0,d7,Plate1,/Users/pmihack/claire/tmem_2026/data/cleaved_tmem_pld3_260821/d7/Z59_PLD_Control/PLD3Control_Plate1_d7_TMEM561LAMP1640MAP2488DAPI405_C17_F1.nd2,10
12,11826,0,0.0,0.0,262.8948974609375,3108995.0,,0.0,-0.020294758206885,True,,Control,C17,1.0,d7,Plate1,/Users/pmihack/claire/tmem_2026/data/cleaved_tmem_pld3_260821/d7/Z59_PLD_Control/PLD3Control_Plate1_d7_TMEM561LAMP1640MAP2488DAPI405_C17_F1.nd2,10
13,13377,0,0.0,0.0,799.9119262695312,10700422.0,,0.0,-0.0648727661598645,True,,Control,C17,1.0,d7,Plate1,/Users/pmihack/claire/tmem_2026/data/cleaved_tmem_pld3_260821/d7/Z59_PLD_Control/PLD3Control_Plate1_d7_TMEM561LAMP1640MAP2488DAPI405_C17_F1.nd2,10
14,11179,0,0.0,0.0,212.36094665527344,2373983.0,,0.0,-0.0304528184018593,True,,Control,C17,1.0,d7,Plate1,/Users/pmihack/claire/tmem_2026/data/cleaved_tmem_pld3_260821/d7/Z59_PLD_Control/PLD3Control_Plate1_d7_TMEM561LAMP1640MAP2488DAPI405_C17_F1.nd2,10
15,13186,0,0.0,0.0,333.072509765625,4391894.0,,0.0,-0.0539661375505665,False,abnormal_nucleus,Control,C17,1.0,d7,Plate1,/Users/pmihack/claire/tmem_2026/data/cleaved_tmem_pld3_260821/d7/Z59_PLD_Control/PLD3Control_Plate1_d7_TMEM561LAMP1640MAP2488DAPI405_C17_F1.nd2,10
16,20171,0,0.0,0.0,276.2964172363281,5573175.0,,0.0016502263024449,0.0826364483081482,True,,Control,C17,1.0,d7,Plate1,/Users/pmihack/claire/tmem_2026/data/cleaved_tmem_pld3_260821/d7/Z59_PLD_Control/PLD3Control_Plate1_d7_TMEM561LAMP1640MAP2488DAPI405_C17_F1.nd2,10
17,3948,0,0.0,0.0,642.4219970703125,2536282.0,,0.0,0.1108679202025979,True,,Control,C17,1.0,d7,Plate1,/Users/pmihack/claire/tmem_2026/data/cleaved_tmem_pld3_260821/d7/Z59_PLD_Control/PLD3Control_Plate1_d7_TMEM561LAMP1640MAP2488DAPI405_C17_F1.nd2,10
18,16239,0,0.0,0.0,186.5253448486328,3028985.0,,0.0,-0.0132416856977104,True,,Control,C17,1.0,d7,Plate1,/Users/pmihack/claire/tmem_2026/data/cleaved_tmem_pld3_260821/d7/Z59_PLD_Control/PLD3Control_Plate1_d7_TMEM561LAMP1640MAP2488DAPI405_C17_F1.nd2,10
1,22077,9,0.0917697150881007,2.625696,795.39501953125,17559936.0,17.458817397099253,0.0,-0.0027418585746412,True,,Control,C17,2.0,d7,Plate1,/Users/pmihack/claire/tmem_2026/data/cleaved_tmem_pld3_260821/d7/Z59_PLD_Control/PLD3Control_Plate1_d7_TMEM561LAMP1640MAP2488DAPI405_C17_F2.nd2,11
2,8772,0,0.0,0.0,144.277587890625,1265603.0,,0.0,-0.1142158619569164,True,,Control,C17,2.0,d7,Plate1,/Users/pmihack/claire/tmem_2026/data/cleaved_tmem_pld3_260821/d7/Z59_PLD_Control/PLD3Control_Plate1_d7_TMEM561LAMP1640MAP2488DAPI405_C17_F2.nd2,11
3,10249,8,0.0511269392135818,0.7639919999999999,570.3129272460938,5845137.0,12.740599335178388,0.0,-0.0940296802829257,True,,Control,C17,2.0,d7,Plate1,/Users/pmihack/claire/tmem_2026/data/cleaved_tmem_pld3_260821/d7/Z59_PLD_Control/PLD3Control_Plate1_d7_TMEM561LAMP1640MAP2488DAPI405_C17_F2.nd2,11
4,6851,4,0.1341410013136768,2.679804,1132.774658203125,7760639.0,35.632665224201894,0.0,-0.1104148177860081,False,border,Control,C17,2.0,d7,Plate1,/Users/pmihack/claire/tmem_2026/data/cleaved_tmem_pld3_260821/d7/Z59_PLD_Control/PLD3Control_Plate1_d7_TMEM561LAMP1640MAP2488DAPI405_C17_F2.nd2,11
5,15697,7,0.1284321844938523,3.3592319999999996,1270.078125,19936416.0,15.52685252075408,0.0,-0.0725511995998144,True,,Control,C17,2.0,d7,Plate1,/Users/pmihack/claire/tmem_2026/data/cleaved_tmem_pld3_260821/d7/Z59_PLD_Control/PLD3Control_Plate1_d7_TMEM561LAMP1640MAP2488DAPI405_C17_F2.nd2,11
6,8715,4,0.1497418244406196,3.805379999999999,1782.9423828125,15538343.0,13.267015729175696,0.0,0.0165431844531717,True,,Control,C17,2.0,d7,Plate1,/Users/pmihack/claire/tmem_2026/data/cleaved_tmem_pld3_260821/d7/Z59_PLD_Control/PLD3Control_Plate1_d7_TMEM561LAMP1640MAP2488DAPI405_C17_F2.nd2,11
7,21621,12,0.0458813190879237,0.964224,566.6593627929688,12251742.0,9.760898367383042,0.0,-0.0333661638037263,True,,Control,C17,2.0,d7,Plate1,/Users/pmihack/claire/tmem_2026/data/cleaved_tmem_pld3_260821/d7/Z59_PLD_Control/PLD3Control_Plate1_d7_TMEM561LAMP1640MAP2488DAPI405_C17_F2.nd2,11
8,4300,1,0.0013953488372093,0.0699839999999999,97.12488555908205,417637.0,0.5051313242903275,0.0,0.0006298837054212,True,,Control,C17,2.0,d7,Plate1,/Users/pmihack/claire/tmem_2026/data/cleaved_tmem_pld3_260821/d7/Z59_PLD_Control/PLD3Control_Plate1_d7_TMEM561LAMP1640MAP2488DAPI405_C17_F2.nd2,11
9,26944,13,0.0416419239904988,1.006692923076923,451.8978271484375,12175935.0,3.6289577117557137,0.0,0.0060872488389489,True,,Control,C17,2.0,d7,Plate1,/Users/pmihack/claire/tmem_2026/data/cleaved_tmem_pld3_260821/d7/Z59_PLD_Control/PLD3Control_Plate1_d7_TMEM561LAMP1640MAP2488DAPI405_C17_F2.nd2,11
10,14692,4,0.0035393411380343,0.151632,365.6046752929687,5371464.0,0.7170474953684197,0.0,-0.0253523050001348,True,,Control,C17,2.0,d7,Plate1,/Users/pmihack/claire/tmem_2026/data/cleaved_tmem_pld3_260821/d7/Z59_PLD_Control/PLD3Control_Plate1_d7_TMEM561LAMP1640MAP2488DAPI405_C17_F2.nd2,11
11,8185,12,0.0521686010995723,0.4150439999999999,707.0328369140625,5787064.0,5.555817418471568,0.0,-0.0239277402694679,True,,Control,C17,2.0,d7,Plate1,/Users/pmihack/claire/tmem_2026/data/cleaved_tmem_pld3_260821/d7/Z59_PLD_Control/PLD3Control_Plate1_d7_TMEM561LAMP1640MAP2488DAPI405_C17_F2.nd2,11
12,9492,4,0.0847029077117572,2.344464,775.1065063476562,7357311.0,4.220780507634856,0.0,-0.1694993977003434,True,,Control,C17,2.0,d7,Plate1,/Users/pmihack/claire/tmem_2026/data/cleaved_tmem_pld3_260821/d7/Z59_PLD_Control/PLD3Control_Plate1_d7_TMEM561LAMP1640MAP2488DAPI405_C17_F2.nd2,11
13,8545,8,0.0653013458162668,0.813564,688.2245483398438,5880879.0,23.808982669444692,0.0,0.0009864401529593,True,,Control,C17,2.0,d7,Plate1,/Users/pmihack/claire/tmem_2026/data/cleaved_tmem_pld3_260821/d7/Z59_PLD_Control/PLD3Control_Plate1_d7_TMEM561LAMP1640MAP2488DAPI405_C17_F2.nd2,11
14,8969,5,0.0930984502174155,1.947888,925.3970336914062,8299886.0,13.6892638190863,0.0,-0.0558991258960393,True,,Control,C17,2.0,d7,Plate1,/Users/pmihack/claire/tmem_2026/data/cleaved_tmem_pld3_260821/d7/Z59_PLD_Control/PLD3Control_Plate1_d7_TMEM561LAMP1640MAP2488DAPI405_C17_F2.nd2,11
15,10619,29,0.2036914963744232,0.8699735172413793,2059.167724609375,21866302.0,11.190761373305143,0.0,-0.0514077239360309,True,,Control,C17,2.0,d7,Plate1,/Users/pmihack/claire/tmem_2026/data/cleaved_tmem_pld3_260821/d7/Z59_PLD_Control/PLD3Control_Plate1_d7_TMEM561LAMP1640MAP2488DAPI405_C17_F2.nd2,11
16,12016,6,0.082057256990679,1.916784,786.2610473632812,9447713.0,22.452326330789457,0.0,0.0040199224857795,True,,Control,C17,2.0,d7,Plate1,/Users/pmihack/claire/tmem_2026/data/cleaved_tmem_pld3_260821/d7/Z59_PLD_Control/PLD3Control_Plate1_d7_TMEM561LAMP1640MAP2488DAPI405_C17_F2.nd2,11
1,6287,13,0.1095912199777318,0.618192,1209.8798828125,7606515.0,36.91819294735633,0.0,-0.1514030337586575,False,border,Control,C17,3.0,d7,Plate1,/Users/pmihack/claire/tmem_2026/data/cleaved_tmem_pld3_260821/d7/Z59_PLD_Control/PLD3Control_Plate1_d7_TMEM561LAMP1640MAP2488DAPI405_C17_F3.nd2,12
2,14995,3,0.0024674891630543,0.1438559999999999,149.06414794921875,2235217.0,19.795854791643592,3.981716145062819e-05,0.0590527925749032,True,,Control,C17,3.0,d7,Plate1,/Users/pmihack/claire/tmem_2026/data/cleaved_tmem_pld3_260821/d7/Z59_PLD_Control/PLD3Control_Plate1_d7_TMEM561LAMP1640MAP2488DAPI405_C17_F3.nd2,12
3,17104,10,0.1252338634237605,2.4984287999999997,1315.9697265625,22508346.0,2.5232945346606455,0.004533695988357,0.1694575432711092,True,,Control,C17,3.0,d7,Plate1,/Users/pmihack/claire/tmem_2026/data/cleaved_tmem_pld3_260821/d7/Z59_PLD_Control/PLD3Control_Plate1_d7_TMEM561LAMP1640MAP2488DAPI405_C17_F3.nd2,12
4,9256,12,0.1167891097666378,1.0507319999999998,1217.1593017578125,11266027.0,7.168011860169019,0.0,0.1782402583728266,True,,Control,C17,3.0,d7,Plate1,/Users/pmihack/claire/tmem_2026/data/cleaved_tmem_pld3_260821/d7/Z59_PLD_Control/PLD3Control_Plate1_d7_TMEM561LAMP1640MAP2488DAPI405_C17_F3.nd2,12
5,15154,5,0.00422330737759,0.1492992,515.336669921875,7809412.0,6.2683011233910175,0.0002219117159256,0.1167187853413195,True,,Control,C17,3.0,d7,Plate1,/Users/pmihack/claire/tmem_2026/data/cleaved_tmem_pld3_260821/d7/Z59_PLD_Control/PLD3Control_Plate1_d7_TMEM561LAMP1640MAP2488DAPI405_C17_F3.nd2,12
6,14649,0,0.0,0.0,25.369104385375977,371632.0,,0.0,0.1008599276902022,True,,Control,C17,3.0,d7,Plate1,/Users/pmihack/claire/tmem_2026/data/cleaved_tmem_pld3_260821/d7/Z59_PLD_Control/PLD3Control_Plate1_d7_TMEM561LAMP1640MAP2488DAPI405_C17_F3.nd2,12
7,15589,17,0.1804477516197318,1.9300489411764703,1684.239990234375,26255618.0,4.118249734881482,0.0005779715138487,0.0637655058928609,True,,Control,C17,3.0,d7,Plate1,/Users/pmihack/claire/tmem_2026/data/cleaved_tmem_pld3_260821/d7/Z59_PLD_Control/PLD3Control_Plate1_d7_TMEM561LAMP1640MAP2488DAPI405_C17_F3.nd2,12
8,14312,0,0.0,0.0,105.28165435791016,1506791.0,,0.0,0.0331975597677723,True,,Control,C17,3.0,d7,Plate1,/Users/pmihack/claire/tmem_2026/data/cleaved_tmem_pld3_260821/d7/Z59_PLD_Control/PLD3Control_Plate1_d7_TMEM561LAMP1640MAP2488DAPI405_C17_F3.nd2,12
9,14213,2,0.1459931049039611,12.101399999999998,1401.0277099609375,19912806.0,12.15364003248406,0.0,0.3106889950237467,True,,Control,C17,3.0,d7,Plate1,/Users/pmihack/claire/tmem_2026/data/cleaved_tmem_pld3_260821/d7/Z59_PLD_Control/PLD3Control_Plate1_d7_TMEM561LAMP1640MAP2488DAPI405_C17_F3.nd2,12
10,16621,6,0.0079417604235605,0.256608,203.577880859375,3383668.0,2.3381690366009904,0.0,0.0096521547939025,True,,Control,C17,3.0,d7,Plate1,/Users/pmihack/claire/tmem_2026/data/cleaved_tmem_pld3_260821/d7/Z59_PLD_Control/PLD3Control_Plate1_d7_TMEM561LAMP1640MAP2488DAPI405_C17_F3.nd2,12
11,7772,5,0.2040658775090067,3.699820799999999,1824.76953125,14182109.0,30.68253804998165,0.0,-0.1601574367887444,True,,Control,C17,3.0,d7,Plate1,/Users/pmihack/claire/tmem_2026/data/cleaved_tmem_pld3_260821/d7/Z59_PLD_Control/PLD3Control_Plate1_d7_TMEM561LAMP1640MAP2488DAPI405_C17_F3.nd2,12
12,5458,3,0.0056797361670941,0.120528,242.95016479492188,1326022.0,6.714854826519784,0.0,0.022572123487132,True,,Control,C17,3.0,d7,Plate1,/Users/pmihack/claire/tmem_2026/data/cleaved_tmem_pld3_260821/d7/Z59_PLD_Control/PLD3Control_Plate1_d7_TMEM561LAMP1640MAP2488DAPI405_C17_F3.nd2,12
13,4836,3,0.3215467328370554,6.04584,3191.413818359375,15433677.0,40.06461674544923,0.0,0.3432899608867341,True,,Control,C17,3.0,d7,Plate1,/Users/pmihack/claire/tmem_2026/data/cleaved_tmem_pld3_260821/d7/Z59_PLD_Control/PLD3Control_Plate1_d7_TMEM561LAMP1640MAP2488DAPI405_C17_F3.nd2,12
14,29868,8,0.0616713539574126,2.6856359999999997,627.2513427734375,18734744.0,8.699026533128196,0.0002065680746454,0.0165745337752192,True,,Control,C17,3.0,d7,Plate1,/Users/pmihack/claire/tmem_2026/data/cleaved_tmem_pld3_260821/d7/Z59_PLD_Control/PLD3Control_Plate1_d7_TMEM561LAMP1640MAP2488DAPI405_C17_F3.nd2,12
15,20833,9,0.1004656074497191,2.712528,1412.85009765625,29433906.0,7.897883716755011,0.0,0.0806734124038274,True,,Control,C17,3.0,d7,Plate1,/Users/pmihack/claire/tmem_2026/data/cleaved_tmem_pld3_260821/d7/Z59_PLD_Control/PLD3Control_Plate1_d7_TMEM561LAMP1640MAP2488DAPI405_C17_F3.nd2,12
16,8678,13,0.0687946531458861,0.5356467692307691,1050.138671875,9113103.0,17.016425474831376,0.0008037876687012,0.0136674292724599,True,,Control,C17,3.0,d7,Plate1,/Users/pmihack/claire/tmem_2026/data/cleaved_tmem_pld3_260821/d7/Z59_PLD_Control/PLD3Control_Plate1_d7_TMEM561LAMP1640MAP2488DAPI405_C17_F3.nd2,12
17,7559,13,0.0673369493319222,0.4566904615384615,935.846435546875,7074063.0,26.349726331521374,0.000247948046308,0.042715699412119,True,,Control,C17,3.0,d7,Plate1,/Users/pmihack/claire/tmem_2026/data/cleaved_tmem_pld3_260821/d7/Z59_PLD_Control/PLD3Control_Plate1_d7_TMEM561LAMP1640MAP2488DAPI405_C17_F3.nd2,12
18,18342,16,0.034892596227238,0.46656,593.1614379882812,10879767.0,7.873466472175037,0.0043988074176013,0.1417951668672423,True,,Control,C17,3.0,d7,Plate1,/Users/pmihack/claire/tmem_2026/data/cleaved_tmem_pld3_260821/d7/Z59_PLD_Control/PLD3Control_Plate1_d7_TMEM561LAMP1640MAP2488DAPI405_C17_F3.nd2,12
19,257,0,0.0,0.0,224.1050567626953,57595.0,,0.0,0.2273642200816364,False,size_outlier,Control,C17,3.0,d7,Plate1,/Users/pmihack/claire/tmem_2026/data/cleaved_tmem_pld3_260821/d7/Z59_PLD_Control/PLD3Control_Plate1_d7_TMEM561LAMP1640MAP2488DAPI405_C17_F3.nd2,12
20,19912,10,0.0350040176777822,0.8129808,539.05859375,10733735.0,13.556347019991266,0.0012456987751647,0.1645282915150499,True,,Control,C17,3.0,d7,Plate1,/Users/pmihack/claire/tmem_2026/data/cleaved_tmem_pld3_260821/d7/Z59_PLD_Control/PLD3Control_Plate1_d7_TMEM561LAMP1640MAP2488DAPI405_C17_F3.nd2,12
21,13379,11,0.0147993123551834,0.2099519999999999,411.088134765625,5499948.0,16.567434261795103,1.6909250916796736e-05,0.0157813392971192,True,,Control,C17,3.0,d7,Plate1,/Users/pmihack/claire/tmem_2026/data/cleaved_tmem_pld3_260821/d7/Z59_PLD_Control/PLD3Control_Plate1_d7_TMEM561LAMP1640MAP2488DAPI405_C17_F3.nd2,12
22,23939,4,0.0892685575838589,6.231491999999999,1043.2813720703125,24975112.0,16.71610723677756,2.222212242486421e-05,0.0269058515771301,True,,Control,C17,3.0,d7,Plate1,/Users/pmihack/claire/tmem_2026/data/cleaved_tmem_pld3_260821/d7/Z59_PLD_Control/PLD3Control_Plate1_d7_TMEM561LAMP1640MAP2488DAPI405_C17_F3.nd2,12
23,20777,13,0.1462193771959378,2.7257870769230768,1710.1729736328125,35532264.0,18.9862982469792,0.0,0.1068374322980654,True,,Control,C17,3.0,d7,Plate1,/Users/pmihack/claire/tmem_2026/data/cleaved_tmem_pld3_260821/d7/Z59_PLD_Control/PLD3Control_Plate1_d7_TMEM561LAMP1640MAP2488DAPI405_C17_F3.nd2,12
24,8646,3,0.004973398103169,0.167184,182.9925994873047,1582154.0,33.285936037434396,0.0,0.0150987747361561,True,,Control,C17,3.0,d7,Plate1,/Users/pmihack/claire/tmem_2026/data/cleaved_tmem_pld3_260821/d7/Z59_PLD_Control/PLD3Control_Plate1_d7_TMEM561LAMP1640MAP2488DAPI405_C17_F3.nd2,12
25,11670,0,0.0,0.0,86.71619415283203,1011978.0,,0.0,0.1034611625215891,True,,Control,C17,3.0,d7,Plate1,/Users/pmihack/claire/tmem_2026/data/cleaved_tmem_pld3_260821/d7/Z59_PLD_Control/PLD3Control_Plate1_d7_TMEM561LAMP1640MAP2488DAPI405_C17_F3.nd2,12
1,13501,17,0.0994741130286645,0.921456,1110.743896484375,14996153.0,7.437273384848976,0.0,0.2938458424804807,True,,Control,C17,4.0,d7,Plate1,/Users/pmihack/claire/tmem_2026/data/cleaved_tmem_pld3_260821/d7/Z59_PLD_Control/PLD3Control_Plate1_d7_TMEM561LAMP1640MAP2488DAPI405_C17_F4.nd2,11
2,7458,5,0.0150174309466344,0.2612735999999999,456.4384460449219,3404118.0,4.021912631564835,0.0001034041706589,0.030149673826911,True,,Control,C17,4.0,d7,Plate1,/Users/pmihack/claire/tmem_2026/data/cleaved_tmem_pld3_260821/d7/Z59_PLD_Control/PLD3Control_Plate1_d7_TMEM561LAMP1640MAP2488DAPI405_C17_F4.nd2,11
3,31410,10,0.0542184017828717,1.9863792,657.7888793945312,20661148.0,5.132156217147635,0.0004173533816356,0.0191579717508901,True,,Control,C17,4.0,d7,Plate1,/Users/pmihack/claire/tmem_2026/data/cleaved_tmem_pld3_260821/d7/Z59_PLD_Control/PLD3Control_Plate1_d7_TMEM561LAMP1640MAP2488DAPI405_C17_F4.nd2,11
4,35779,17,0.0569887364096257,1.398993882352941,628.2326049804688,22477534.0,7.011066747134121,0.0,0.5701056621010654,True,,Control,C17,4.0,d7,Plate1,/Users/pmihack/claire/tmem_2026/data/cleaved_tmem_pld3_260821/d7/Z59_PLD_Control/PLD3Control_Plate1_d7_TMEM561LAMP1640MAP2488DAPI405_C17_F4.nd2,11
5,8354,2,0.2335408187694517,11.378232,2180.409423828125,18215140.0,28.497216139696665,0.0,0.0307987202461079,True,,Control,C17,4.0,d7,Plate1,/Users/pmihack/claire/tmem_2026/data/cleaved_tmem_pld3_260821/d7/Z59_PLD_Control/PLD3Control_Plate1_d7_TMEM561LAMP1640MAP2488DAPI405_C17_F4.nd2,11
6,10658,7,0.1523738037155188,2.7060479999999996,1420.1439208984375,15135894.0,9.124864621467887,0.0,0.1120063711422291,True,,Control,C17,4.0,d7,Plate1,/Users/pmihack/claire/tmem_2026/data/cleaved_tmem_pld3_260821/d7/Z59_PLD_Control/PLD3Control_Plate1_d7_TMEM561LAMP1640MAP2488DAPI405_C17_F4.nd2,11
7,5478,0,0.0,0.0,30.48320579528809,166987.0,,0.0002455280919093,0.0205928771890491,True,,Control,C17,4.0,d7,Plate1,/Users/pmihack/claire/tmem_2026/data/cleaved_tmem_pld3_260821/d7/Z59_PLD_Control/PLD3Control_Plate1_d7_TMEM561LAMP1640MAP2488DAPI405_C17_F4.nd2,11
8,10198,6,0.1266915081388507,2.511648,1168.5721435546875,11917099.0,5.19032009949941,0.0,0.3484383770785335,True,,Control,C17,4.0,d7,Plate1,/Users/pmihack/claire/tmem_2026/data/cleaved_tmem_pld3_260821/d7/Z59_PLD_Control/PLD3Control_Plate1_d7_TMEM561LAMP1640MAP2488DAPI405_C17_F4.nd2,11
9,5098,0,0.0,0.0,28.88348388671875,147248.0,,0.0,0.0179435446666073,True,,Control,C17,4.0,d7,Plate1,/Users/pmihack/claire/tmem_2026/data/cleaved_tmem_pld3_260821/d7/Z59_PLD_Control/PLD3Control_Plate1_d7_TMEM561LAMP1640MAP2488DAPI405_C17_F4.nd2,11
10,12670,4,0.1254143646408839,4.6335239999999995,1371.0074462890625,17370664.0,6.693411943438645,0.0031347679905593,0.2647837711347731,True,,Control,C17,4.0,d7,Plate1,/Users/pmihack/claire/tmem_2026/data/cleaved_tmem_pld3_260821/d7/Z59_PLD_Control/PLD3Control_Plate1_d7_TMEM561LAMP1640MAP2488DAPI405_C17_F4.nd2,11
11,7211,0,0.0,0.0,25.548744201660156,184232.0,,0.0,0.0753293606332555,True,,Control,C17,4.0,d7,Plate1,/Users/pmihack/claire/tmem_2026/data/cleaved_tmem_pld3_260821/d7/Z59_PLD_Control/PLD3Control_Plate1_d7_TMEM561LAMP1640MAP2488DAPI405_C17_F4.nd2,11
12,9911,5,0.1497326203208556,3.4618751999999997,1577.0128173828125,15629774.0,12.456295456936695,0.0,0.4873194896419915,True,,Control,C17,4.0,d7,Plate1,/Users/pmihack/claire/tmem_2026/data/cleaved_tmem_pld3_260821/d7/Z59_PLD_Control/PLD3Control_Plate1_d7_TMEM561LAMP1640MAP2488DAPI405_C17_F4.nd2,11
13,14489,4,0.039409206984609,1.665036,434.6978454589844,6298337.0,6.448567088871832,0.0,0.2031651787669113,True,,Control,C17,4.0,d7,Plate1,/Users/pmihack/claire/tmem_2026/data/cleaved_tmem_pld3_260821/d7/Z59_PLD_Control/PLD3Control_Plate1_d7_TMEM561LAMP1640MAP2488DAPI405_C17_F4.nd2,11
14,34351,27,0.0428226252510843,0.6354719999999999,555.5974731445312,19085328.0,8.3072208784577,3.3009650906024035e-06,0.1286914770363086,True,,Control,C17,4.0,d7,Plate1,/Users/pmihack/claire/tmem_2026/data/cleaved_tmem_pld3_260821/d7/Z59_PLD_Control/PLD3Control_Plate1_d7_TMEM561LAMP1640MAP2488DAPI405_C17_F4.nd2,11
15,31485,30,0.0346196601556296,0.423792,503.2987976074219,15846363.0,8.335724354024507,0.0004834547871723,0.0363389183822938,True,,Control,C17,4.0,d7,Plate1,/Users/pmihack/claire/tmem_2026/data/cleaved_tmem_pld3_260821/d7/Z59_PLD_Control/PLD3Control_Plate1_d7_TMEM561LAMP1640MAP2488DAPI405_C17_F4.nd2,11
16,12504,12,0.1560300703774792,1.896372,2002.728271484375,25042114.0,25.53866775495535,6.548968030983815e-06,0.0787727474226072,True,,Control,C17,4.0,d7,Plate1,/Users/pmihack/claire/tmem_2026/data/cleaved_tmem_pld3_260821/d7/Z59_PLD_Control/PLD3Control_Plate1_d7_TMEM561LAMP1640MAP2488DAPI405_C17_F4.nd2,11
17,9335,5,0.0770219603642206,1.6772832,842.3472900390625,7863312.0,23.732455349685537,0.0042096767574548,0.2516377527202121,True,,Control,C17,4.0,d7,Plate1,/Users/pmihack/claire/tmem_2026/data/cleaved_tmem_pld3_260821/d7/Z59_PLD_Control/PLD3Control_Plate1_d7_TMEM561LAMP1640MAP2488DAPI405_C17_F4.nd2,11
18,7656,3,0.0790229885057471,2.3522399999999997,1083.296630859375,8293719.0,30.583641848564,0.0,0.0123464294561387,True,,Control,C17,4.0,d7,Plate1,/Users/pmihack/claire/tmem_2026/data/cleaved_tmem_pld3_260821/d7/Z59_PLD_Control/PLD3Control_Plate1_d7_TMEM561LAMP1640MAP2488DAPI405_C17_F4.nd2,11
19,14707,4,0.1269463520772421,5.444171999999999,1204.4305419921875,17713560.0,19.145244020302687,0.0,0.107900609904912,True,,Control,C17,4.0,d7,Plate1,/Users/pmihack/claire/tmem_2026/data/cleaved_tmem_pld3_260821/d7/Z59_PLD_Control/PLD3Control_Plate1_d7_TMEM561LAMP1640MAP2488DAPI405_C17_F4.nd2,11
20,13417,7,0.0504583737050011,1.1280754285714285,512.1123046875,6871011.0,11.799183176294594,0.0111135030165314,0.1930290791560455,True,,Control,C17,4.0,d7,Plate1,/Users/pmihack/claire/tmem_2026/data/cleaved_tmem_pld3_260821/d7/Z59_PLD_Control/PLD3Control_Plate1_d7_TMEM561LAMP1640MAP2488DAPI405_C17_F4.nd2,11
21,32866,11,0.0069068338100164,0.2407025454545454,205.88986206054688,6766776.0,6.009573012875739,1.477808609706699e-06,0.1693475658600487,True,,Control,C17,4.0,d7,Plate1,/Users/pmihack/claire/tmem_2026/data/cleaved_tmem_pld3_260821/d7/Z59_PLD_Control/PLD3Control_Plate1_d7_TMEM561LAMP1640MAP2488DAPI405_C17_F4.nd2,11
22,6489,6,0.0542456464786561,0.6842879999999999,749.3995971679688,4862854.0,22.726506251975582,0.0,0.1529884095453411,True,,Control,C17,4.0,d7,Plate1,/Users/pmihack/claire/tmem_2026/data/cleaved_tmem_pld3_260821/d7/Z59_PLD_Control/PLD3Control_Plate1_d7_TMEM561LAMP1640MAP2488DAPI405_C17_F4.nd2,11
23,9423,2,0.0605964130319431,3.330072,689.8389282226562,6500352.0,17.534936526215514,0.0,0.300953046820162,True,,Control,C17,4.0,d7,Plate1,/Users/pmihack/claire/tmem_2026/data/cleaved_tmem_pld3_260821/d7/Z59_PLD_Control/PLD3Control_Plate1_d7_TMEM561LAMP1640MAP2488DAPI405_C17_F4.nd2,11
24,14926,8,0.0436821653490553,0.950616,488.40863037109375,7289987.0,7.703487470609654,0.0,0.0975509611031626,True,,Control,C17,4.0,d7,Plate1,/Users/pmihack/claire/tmem_2026/data/cleaved_tmem_pld3_260821/d7/Z59_PLD_Control/PLD3Control_Plate1_d7_TMEM561LAMP1640MAP2488DAPI405_C17_F4.nd2,11
1,5226,0,0.0,0.0,7.14982795715332,37365.0,,0.0,0.0549943027636367,True,,Control,D17,1.0,d7,Plate1,/Users/pmihack/claire/tmem_2026/data/cleaved_tmem_pld3_260821/d7/Z59_PLD_Control/PLD3Control_Plate1_d7_TMEM561LAMP1640MAP2488DAPI405_D17_F1.nd2,12
2,9297,5,0.0101107884263741,0.2192831999999999,211.42648315429688,1965632.0,30.499188877159835,0.0,0.0750506676551798,True,,Control,D17,1.0,d7,Plate1,/Users/pmihack/claire/tmem_2026/data/cleaved_tmem_pld3_260821/d7/Z59_PLD_Control/PLD3Control_Plate1_d7_TMEM561LAMP1640MAP2488DAPI405_D17_F1.nd2,12
3,10715,0,0.0,0.0,76.21222686767578,816614.0,,0.0,0.0055761049330326,True,,Control,D17,1.0,d7,Plate1,/Users/pmihack/claire/tmem_2026/data/cleaved_tmem_pld3_260821/d7/Z59_PLD_Control/PLD3Control_Plate1_d7_TMEM561LAMP1640MAP2488DAPI405_D17_F1.nd2,12
4,16904,7,0.048272598201609,1.3596891428571427,392.5122985839844,6635028.0,10.847499405073604,0.0,0.0055437802093041,True,,Control,D17,1.0,d7,Plate1,/Users/pmihack/claire/tmem_2026/data/cleaved_tmem_pld3_260821/d7/Z59_PLD_Control/PLD3Control_Plate1_d7_TMEM561LAMP1640MAP2488DAPI405_D17_F1.nd2,12
5,14824,4,0.0207771181867242,0.8981279999999999,150.94482421875,2237606.0,19.25158807756764,0.0,0.0800761585818779,True,,Control,D17,1.0,d7,Plate1,/Users/pmihack/claire/tmem_2026/data/cleaved_tmem_pld3_260821/d7/Z59_PLD_Control/PLD3Control_Plate1_d7_TMEM561LAMP1640MAP2488DAPI405_D17_F1.nd2,12
6,20489,5,0.047928156571819,2.2908096,384.52691650390625,7878572.0,14.913268747495252,7.107887086021947e-06,0.0068146650236372,True,,Control,D17,1.0,d7,Plate1,/Users/pmihack/claire/tmem_2026/data/cleaved_tmem_pld3_260821/d7/Z59_PLD_Control/PLD3Control_Plate1_d7_TMEM561LAMP1640MAP2488DAPI405_D17_F1.nd2,12
7,5566,0,0.0,0.0,8.660798072814941,48206.0,,0.0,0.1429139122575486,True,,Control,D17,1.0,d7,Plate1,/Users/pmihack/claire/tmem_2026/data/cleaved_tmem_pld3_260821/d7/Z59_PLD_Control/PLD3Control_Plate1_d7_TMEM561LAMP1640MAP2488DAPI405_D17_F1.nd2,12
8,17194,3,0.0107595672909154,0.7192799999999999,173.41864013671875,2981760.0,13.277799226809874,0.0,-0.0142709479160389,True,,Control,D17,1.0,d7,Plate1,/Users/pmihack/claire/tmem_2026/data/cleaved_tmem_pld3_260821/d7/Z59_PLD_Control/PLD3Control_Plate1_d7_TMEM561LAMP1640MAP2488DAPI405_D17_F1.nd2,12
9,17965,1,0.0002783189535207,0.05832,98.8614501953125,1776046.0,5.8639089347410405,0.0,0.0547362405851444,True,,Control,D17,1.0,d7,Plate1,/Users/pmihack/claire/tmem_2026/data/cleaved_tmem_pld3_260821/d7/Z59_PLD_Control/PLD3Control_Plate1_d7_TMEM561LAMP1640MAP2488DAPI405_D17_F1.nd2,12
10,13044,4,0.0050597976080956,0.192456,205.62779235839844,2682209.0,8.489527620620875,0.0,0.2411549944322686,True,,Control,D17,1.0,d7,Plate1,/Users/pmihack/claire/tmem_2026/data/cleaved_tmem_pld3_260821/d7/Z59_PLD_Control/PLD3Control_Plate1_d7_TMEM561LAMP1640MAP2488DAPI405_D17_F1.nd2,12
11,5428,0,0.0,0.0,79.3839340209961,430896.0,,0.0,-0.0165930089241246,True,,Control,D17,1.0,d7,Plate1,/Users/pmihack/claire/tmem_2026/data/cleaved_tmem_pld3_260821/d7/Z59_PLD_Control/PLD3Control_Plate1_d7_TMEM561LAMP1640MAP2488DAPI405_D17_F1.nd2,12
12,7825,0,0.0,0.0,38.27412033081055,299495.0,,0.0,-0.0223826910098497,True,,Control,D17,1.0,d7,Plate1,/Users/pmihack/claire/tmem_2026/data/cleaved_tmem_pld3_260821/d7/Z59_PLD_Control/PLD3Control_Plate1_d7_TMEM561LAMP1640MAP2488DAPI405_D17_F1.nd2,12
13,4766,0,0.0,0.0,8.866135597229004,42256.0,,0.0,0.0780848436370393,True,,Control,D17,1.0,d7,Plate1,/Users/pmihack/claire/tmem_2026/data/cleaved_tmem_pld3_260821/d7/Z59_PLD_Control/PLD3Control_Plate1_d7_TMEM561LAMP1640MAP2488DAPI405_D17_F1.nd2,12
14,7483,1,0.0010690899371909,0.0933119999999999,144.5942840576172,1081999.0,29.90102847662516,0.0,0.1182041217249625,False,border,Control,D17,1.0,d7,Plate1,/Users/pmihack/claire/tmem_2026/data/cleaved_tmem_pld3_260821/d7/Z59_PLD_Control/PLD3Control_Plate1_d7_TMEM561LAMP1640MAP2488DAPI405_D17_F1.nd2,12
15,21613,1,0.0002776106972655,0.0699839999999999,86.85425567626953,1877181.0,8.732707300964131,0.0,0.0317408862450183,True,,Control,D17,1.0,d7,Plate1,/Users/pmihack/claire/tmem_2026/data/cleaved_tmem_pld3_260821/d7/Z59_PLD_Control/PLD3Control_Plate1_d7_TMEM561LAMP1640MAP2488DAPI405_D17_F1.nd2,12
16,9247,1,0.0004325727262896,0.0466559999999999,93.6019287109375,865537.0,14.893678690355388,0.0,-0.0026340003554895,True,,Control,D17,1.0,d7,Plate1,/Users/pmihack/claire/tmem_2026/data/cleaved_tmem_pld3_260821/d7/Z59_PLD_Control/PLD3Control_Plate1_d7_TMEM561LAMP1640MAP2488DAPI405_D17_F1.nd2,12
17,19652,5,0.0020354162426216,0.0933119999999999,133.6480712890625,2626452.0,17.564929551865937,0.0,0.1742730496939749,True,,Control,D17,1.0,d7,Plate1,/Users/pmihack/claire/tmem_2026/data/cleaved_tmem_pld3_260821/d7/Z59_PLD_Control/PLD3Control_Plate1_d7_TMEM561LAMP1640MAP2488DAPI405_D17_F1.nd2,12
18,4078,0,0.0,0.0,42.76042175292969,174377.0,,0.0,-0.0132789344135113,True,,Control,D17,1.0,d7,Plate1,/Users/pmihack/claire/tmem_2026/data/cleaved_tmem_pld3_260821/d7/Z59_PLD_Control/PLD3Control_Plate1_d7_TMEM561LAMP1640MAP2488DAPI405_D17_F1.nd2,12
1,7575,0,0.0,0.0,6.5450825691223145,49579.0,,0.0,0.268186021129083,True,,Control,D17,2.0,d7,Plate1,/Users/pmihack/claire/tmem_2026/data/cleaved_tmem_pld3_260821/d7/Z59_PLD_Control/PLD3Control_Plate1_d7_TMEM561LAMP1640MAP2488DAPI405_D17_F2.nd2,9
2,20833,11,0.0312965007440119,0.6913570909090908,65.92425537109375,1373400.0,5.453433280004693,0.0,0.0714016151592888,True,,Control,D17,2.0,d7,Plate1,/Users/pmihack/claire/tmem_2026/data/cleaved_tmem_pld3_260821/d7/Z59_PLD_Control/PLD3Control_Plate1_d7_TMEM561LAMP1640MAP2488DAPI405_D17_F2.nd2,9
3,11838,10,0.0288900152052711,0.3989088,92.6367645263672,1096634.0,11.6885191938095,0.0007304169121198,0.039355195889576,True,,Control,D17,2.0,d7,Plate1,/Users/pmihack/claire/tmem_2026/data/cleaved_tmem_pld3_260821/d7/Z59_PLD_Control/PLD3Control_Plate1_d7_TMEM561LAMP1640MAP2488DAPI405_D17_F2.nd2,9
4,6339,6,0.0395961508124309,0.487944,101.31771850585938,642253.0,35.193864452414594,0.0,-0.0600522843553006,True,,Control,D17,2.0,d7,Plate1,/Users/pmihack/claire/tmem_2026/data/cleaved_tmem_pld3_260821/d7/Z59_PLD_Control/PLD3Control_Plate1_d7_TMEM561LAMP1640MAP2488DAPI405_D17_F2.nd2,9
5,2493,0,0.0,0.0,10.573606491088867,26360.0,,0.0,0.0406670597812046,True,,Control,D17,2.0,d7,Plate1,/Users/pmihack/claire/tmem_2026/data/cleaved_tmem_pld3_260821/d7/Z59_PLD_Control/PLD3Control_Plate1_d7_TMEM561LAMP1640MAP2488DAPI405_D17_F2.nd2,9
6,13677,13,0.0251517145572859,0.3086473846153845,71.80865478515625,982127.0,27.77592686670627,0.0,0.0958719253375347,True,,Control,D17,2.0,d7,Plate1,/Users/pmihack/claire/tmem_2026/data/cleaved_tmem_pld3_260821/d7/Z59_PLD_Control/PLD3Control_Plate1_d7_TMEM561LAMP1640MAP2488DAPI405_D17_F2.nd2,9
7,15582,3,0.0447310999871646,2.709936,89.07913208007812,1388031.0,3.70380805565678,0.0,0.0639493832527404,True,,Control,D17,2.0,d7,Plate1,/Users/pmihack/claire/tmem_2026/data/cleaved_tmem_pld3_260821/d7/Z59_PLD_Control/PLD3Control_Plate1_d7_TMEM561LAMP1640MAP2488DAPI405_D17_F2.nd2,9
8,13520,13,0.0547337278106508,0.6639507692307691,108.22337341308594,1463180.0,5.671750676945834,0.0,0.0372923474923456,True,,Control,D17,2.0,d7,Plate1,/Users/pmihack/claire/tmem_2026/data/cleaved_tmem_pld3_260821/d7/Z59_PLD_Control/PLD3Control_Plate1_d7_TMEM561LAMP1640MAP2488DAPI405_D17_F2.nd2,9
9,8175,7,0.0101529051987767,0.1383017142857142,47.08256912231445,384900.0,14.748372142540369,0.0001610807958059,-0.0519886203275545,True,,Control,D17,2.0,d7,Plate1,/Users/pmihack/claire/tmem_2026/data/cleaved_tmem_pld3_260821/d7/Z59_PLD_Control/PLD3Control_Plate1_d7_TMEM561LAMP1640MAP2488DAPI405_D17_F2.nd2,9
10,7840,2,0.0792091836734694,3.621672,131.4544677734375,1030603.0,16.369470663609345,3.0079478165134788e-05,-0.0638139633730617,True,,Control,D17,2.0,d7,Plate1,/Users/pmihack/claire/tmem_2026/data/cleaved_tmem_pld3_260821/d7/Z59_PLD_Control/PLD3Control_Plate1_d7_TMEM561LAMP1640MAP2488DAPI405_D17_F2.nd2,9
11,15051,1,0.0002657630722211,0.0466559999999999,42.51531600952149,639898.0,15.580925394980724,0.0,-0.0273331316635822,True,,Control,D17,2.0,d7,Plate1,/Users/pmihack/claire/tmem_2026/data/cleaved_tmem_pld3_260821/d7/Z59_PLD_Control/PLD3Control_Plate1_d7_TMEM561LAMP1640MAP2488DAPI405_D17_F2.nd2,9
12,20608,21,0.054202251552795,0.6204137142857142,116.12572479248048,2393119.0,6.497729018022668,0.0,0.0658476461864224,True,,Control,D17,2.0,d7,Plate1,/Users/pmihack/claire/tmem_2026/data/cleaved_tmem_pld3_260821/d7/Z59_PLD_Control/PLD3Control_Plate1_d7_TMEM561LAMP1640MAP2488DAPI405_D17_F2.nd2,9
13,13889,6,0.0680394556843545,1.83708,118.26488494873048,1642581.0,10.808893884720147,0.0,0.0722150136243845,True,,Control,D17,2.0,d7,Plate1,/Users/pmihack/claire/tmem_2026/data/cleaved_tmem_pld3_260821/d7/Z59_PLD_Control/PLD3Control_Plate1_d7_TMEM561LAMP1640MAP2488DAPI405_D17_F2.nd2,9
14,22935,12,0.0396337475474166,0.8835479999999999,79.3494644165039,1819880.0,13.232895482513715,0.0,0.1027021519552462,True,,Control,D17,2.0,d7,Plate1,/Users/pmihack/claire/tmem_2026/data/cleaved_tmem_pld3_260821/d7/Z59_PLD_Control/PLD3Control_Plate1_d7_TMEM561LAMP1640MAP2488DAPI405_D17_F2.nd2,9
15,12393,19,0.0496247881868796,0.3775452631578947,133.8156280517578,1658377.0,22.039235666465924,0.0,0.0458405773888115,True,,Control,D17,2.0,d7,Plate1,/Users/pmihack/claire/tmem_2026/data/cleaved_tmem_pld3_260821/d7/Z59_PLD_Control/PLD3Control_Plate1_d7_TMEM561LAMP1640MAP2488DAPI405_D17_F2.nd2,9
16,7549,0,0.0,0.0,17.372896194458008,131148.0,,0.0012809955514967,0.0109737663122459,True,,Control,D17,2.0,d7,Plate1,/Users/pmihack/claire/tmem_2026/data/cleaved_tmem_pld3_260821/d7/Z59_PLD_Control/PLD3Control_Plate1_d7_TMEM561LAMP1640MAP2488DAPI405_D17_F2.nd2,9
17,7585,1,0.0005273566249176,0.0466559999999999,30.543704986572266,231674.0,40.35798850989493,0.0,0.0808359131707051,False,border,Control,D17,2.0,d7,Plate1,/Users/pmihack/claire/tmem_2026/data/cleaved_tmem_pld3_260821/d7/Z59_PLD_Control/PLD3Control_Plate1_d7_TMEM561LAMP1640MAP2488DAPI405_D17_F2.nd2,9
1,17165,0,0.0,0.0,33.66082000732422,577788.0,,0.0,0.1059023633696694,True,,Control,D17,3.0,d7,Plate1,/Users/pmihack/claire/tmem_2026/data/cleaved_tmem_pld3_260821/d7/Z59_PLD_Control/PLD3Control_Plate1_d7_TMEM561LAMP1640MAP2488DAPI405_D17_F3.nd2,9
2,9849,0,0.0,0.0,110.47618865966795,1088080.0,,0.0,0.0143567368466138,True,,Control,D17,3.0,d7,Plate1,/Users/pmihack/claire/tmem_2026/data/cleaved_tmem_pld3_260821/d7/Z59_PLD_Control/PLD3Control_Plate1_d7_TMEM561LAMP1640MAP2488DAPI405_D17_F3.nd2,9
3,11099,1,9.00982070456798e-05,0.0116639999999999,51.68024063110352,573599.0,25.31529733357307,0.0,-0.0335638690661998,True,,Control,D17,3.0,d7,Plate1,/Users/pmihack/claire/tmem_2026/data/cleaved_tmem_pld3_260821/d7/Z59_PLD_Control/PLD3Control_Plate1_d7_TMEM561LAMP1640MAP2488DAPI405_D17_F3.nd2,9
4,7978,0,0.0,0.0,20.25545310974121,161598.0,,0.0,-0.0222285092195417,True,,Control,D17,3.0,d7,Plate1,/Users/pmihack/claire/tmem_2026/data/cleaved_tmem_pld3_260821/d7/Z59_PLD_Control/PLD3Control_Plate1_d7_TMEM561LAMP1640MAP2488DAPI405_D17_F3.nd2,9
5,15907,0,0.0,0.0,144.38253784179688,2296693.0,,0.0,-0.0274008288337843,True,,Control,D17,3.0,d7,Plate1,/Users/pmihack/claire/tmem_2026/data/cleaved_tmem_pld3_260821/d7/Z59_PLD_Control/PLD3Control_Plate1_d7_TMEM561LAMP1640MAP2488DAPI405_D17_F3.nd2,9
6,17987,0,0.0,0.0,89.86067962646484,1616324.0,,0.0,0.1528132184348811,True,,Control,D17,3.0,d7,Plate1,/Users/pmihack/claire/tmem_2026/data/cleaved_tmem_pld3_260821/d7/Z59_PLD_Control/PLD3Control_Plate1_d7_TMEM561LAMP1640MAP2488DAPI405_D17_F3.nd2,9
7,17904,0,0.0,0.0,38.91990661621094,696822.0,,0.0,-0.0083403741854702,True,,Control,D17,3.0,d7,Plate1,/Users/pmihack/claire/tmem_2026/data/cleaved_tmem_pld3_260821/d7/Z59_PLD_Control/PLD3Control_Plate1_d7_TMEM561LAMP1640MAP2488DAPI405_D17_F3.nd2,9
8,21123,0,0.0,0.0,76.30615997314453,1611815.0,,0.0,0.0105271319791654,True,,Control,D17,3.0,d7,Plate1,/Users/pmihack/claire/tmem_2026/data/cleaved_tmem_pld3_260821/d7/Z59_PLD_Control/PLD3Control_Plate1_d7_TMEM561LAMP1640MAP2488DAPI405_D17_F3.nd2,9
9,8950,7,0.0229050279329608,0.3415885714285714,566.4842529296875,5070034.0,12.45510089543962,0.0,0.1461949010661539,True,,Control,D17,3.0,d7,Plate1,/Users/pmihack/claire/tmem_2026/data/cleaved_tmem_pld3_260821/d7/Z59_PLD_Control/PLD3Control_Plate1_d7_TMEM561LAMP1640MAP2488DAPI405_D17_F3.nd2,9
10,11145,8,0.0907133243606998,1.474038,1095.6676025390625,12211216.0,7.497333623540934,0.0,0.034252565903212,True,,Control,D17,3.0,d7,Plate1,/Users/pmihack/claire/tmem_2026/data/cleaved_tmem_pld3_260821/d7/Z59_PLD_Control/PLD3Control_Plate1_d7_TMEM561LAMP1640MAP2488DAPI405_D17_F3.nd2,9
11,10698,6,0.1690970274817723,3.5166959999999996,2390.330078125,25571752.0,5.49018487042003,0.0,0.2467453135657437,True,,Control,D17,3.0,d7,Plate1,/Users/pmihack/claire/tmem_2026/data/cleaved_tmem_pld3_260821/d7/Z59_PLD_Control/PLD3Control_Plate1_d7_TMEM561LAMP1640MAP2488DAPI405_D17_F3.nd2,9
12,15551,5,0.0033438364092341,0.1213056,241.09896850585935,3749330.0,16.262477382633016,0.0,0.0028264925117686,True,,Control,D17,3.0,d7,Plate1,/Users/pmihack/claire/tmem_2026/data/cleaved_tmem_pld3_260821/d7/Z59_PLD_Control/PLD3Control_Plate1_d7_TMEM561LAMP1640MAP2488DAPI405_D17_F3.nd2,9
13,6146,8,0.0732183534005857,0.6560999999999999,1013.0977783203124,6226499.0,12.545760576522538,0.0,-0.0917270895577234,True,,Control,D17,3.0,d7,Plate1,/Users/pmihack/claire/tmem_2026/data/cleaved_tmem_pld3_260821/d7/Z59_PLD_Control/PLD3Control_Plate1_d7_TMEM561LAMP1640MAP2488DAPI405_D17_F3.nd2,9
14,32479,15,0.0505249545860402,1.2760416,543.2870483398438,17645420.0,3.961628798863193,0.0,0.1577751009848604,True,,Control,D17,3.0,d7,Plate1,/Users/pmihack/claire/tmem_2026/data/cleaved_tmem_pld3_260821/d7/Z59_PLD_Control/PLD3Control_Plate1_d7_TMEM561LAMP1640MAP2488DAPI405_D17_F3.nd2,9
15,27631,25,0.0543230429589953,0.7003065599999999,768.663330078125,21238936.0,4.406177157795731,0.0,0.0673932028727796,True,,Control,D17,3.0,d7,Plate1,/Users/pmihack/claire/tmem_2026/data/cleaved_tmem_pld3_260821/d7/Z59_PLD_Control/PLD3Control_Plate1_d7_TMEM561LAMP1640MAP2488DAPI405_D17_F3.nd2,9
16,23694,13,0.0691736304549675,1.4705612307692306,905.1664428710938,21447014.0,12.193540421383004,0.0,-0.0035077703606016,True,,Control,D17,3.0,d7,Plate1,/Users/pmihack/claire/tmem_2026/data/cleaved_tmem_pld3_260821/d7/Z59_PLD_Control/PLD3Control_Plate1_d7_TMEM561LAMP1640MAP2488DAPI405_D17_F3.nd2,9
17,16265,0,0.0,0.0,40.971473693847656,666401.0,,0.0,0.0612951701571006,True,,Control,D17,3.0,d7,Plate1,/Users/pmihack/claire/tmem_2026/data/cleaved_tmem_pld3_260821/d7/Z59_PLD_Control/PLD3Control_Plate1_d7_TMEM561LAMP1640MAP2488DAPI405_D17_F3.nd2,9
18,18458,8,0.0121898363853071,0.3280499999999999,705.1151733398438,13015016.0,17.353468906788166,0.0,0.0523813059324065,True,,Control,D17,3.0,d7,Plate1,/Users/pmihack/claire/tmem_2026/data/cleaved_tmem_pld3_260821/d7/Z59_PLD_Control/PLD3Control_Plate1_d7_TMEM561LAMP1640MAP2488DAPI405_D17_F3.nd2,9
1,8323,8,0.2197524930914333,2.666682,2205.297119140625,18354688.0,1.7937049391063442,0.0,0.1782480140866516,True,,Control,D17,4.0,d7,Plate1,/Users/pmihack/claire/tmem_2026/data/cleaved_tmem_pld3_260821/d7/Z59_PLD_Control/PLD3Control_Plate1_d7_TMEM561LAMP1640MAP2488DAPI405_D17_F4.nd2,12
2,11134,5,0.1350817316328363,3.5085311999999997,1423.073974609375,15844506.0,13.897572770872126,0.0,0.274956962383412,True,,Control,D17,4.0,d7,Plate1,/Users/pmihack/claire/tmem_2026/data/cleaved_tmem_pld3_260821/d7/Z59_PLD_Control/PLD3Control_Plate1_d7_TMEM561LAMP1640MAP2488DAPI405_D17_F4.nd2,12
3,38905,11,0.0797840894486569,3.2913687272727272,839.9965209960938,32680064.0,6.674311898120426,0.0,0.0808842338189854,True,,Control,D17,4.0,d7,Plate1,/Users/pmihack/claire/tmem_2026/data/cleaved_tmem_pld3_260821/d7/Z59_PLD_Control/PLD3Control_Plate1_d7_TMEM561LAMP1640MAP2488DAPI405_D17_F4.nd2,12
4,18836,7,0.0153429602888086,0.4815565714285714,283.7992248535156,5345642.0,5.795953671043815,0.0,0.1255048318253188,True,,Control,D17,4.0,d7,Plate1,/Users/pmihack/claire/tmem_2026/data/cleaved_tmem_pld3_260821/d7/Z59_PLD_Control/PLD3Control_Plate1_d7_TMEM561LAMP1640MAP2488DAPI405_D17_F4.nd2,12
5,29449,9,0.1119562633705728,4.272912,1152.3216552734375,33934720.0,14.637095288865456,0.0,0.1701728831661959,True,,Control,D17,4.0,d7,Plate1,/Users/pmihack/claire/tmem_2026/data/cleaved_tmem_pld3_260821/d7/Z59_PLD_Control/PLD3Control_Plate1_d7_TMEM561LAMP1640MAP2488DAPI405_D17_F4.nd2,12
6,14598,8,0.0343197698314837,0.7304579999999999,454.7695007324219,6638725.0,8.852688672768508,0.0,0.2044715375121654,False,border,Control,D17,4.0,d7,Plate1,/Users/pmihack/claire/tmem_2026/data/cleaved_tmem_pld3_260821/d7/Z59_PLD_Control/PLD3Control_Plate1_d7_TMEM561LAMP1640MAP2488DAPI405_D17_F4.nd2,12
7,6097,4,0.1548302443824832,2.7527039999999996,1449.4447021484375,8837264.0,14.195350523219188,0.0,0.3244650592604677,True,,Control,D17,4.0,d7,Plate1,/Users/pmihack/claire/tmem_2026/data/cleaved_tmem_pld3_260821/d7/Z59_PLD_Control/PLD3Control_Plate1_d7_TMEM561LAMP1640MAP2488DAPI405_D17_F4.nd2,12
8,14601,1,6.848845969454146e-05,0.0116639999999999,30.52215576171875,445654.0,10.75828746334105,0.0,0.0765135956879102,True,,Control,D17,4.0,d7,Plate1,/Users/pmihack/claire/tmem_2026/data/cleaved_tmem_pld3_260821/d7/Z59_PLD_Control/PLD3Control_Plate1_d7_TMEM561LAMP1640MAP2488DAPI405_D17_F4.nd2,12
9,14529,3,0.0589854773212196,3.332016,611.9122924804688,8890474.0,24.43542938513424,0.0027375367935746,0.0782660660536873,True,,Control,D17,4.0,d7,Plate1,/Users/pmihack/claire/tmem_2026/data/cleaved_tmem_pld3_260821/d7/Z59_PLD_Control/PLD3Control_Plate1_d7_TMEM561LAMP1640MAP2488DAPI405_D17_F4.nd2,12
10,16355,21,0.1291959645368388,1.1736205714285712,1268.006103515625,20738240.0,15.305773326134432,0.0009836418321356,0.0396860433243867,True,,Control,D17,4.0,d7,Plate1,/Users/pmihack/claire/tmem_2026/data/cleaved_tmem_pld3_260821/d7/Z59_PLD_Control/PLD3Control_Plate1_d7_TMEM561LAMP1640MAP2488DAPI405_D17_F4.nd2,12
11,21574,0,0.0,0.0,66.29174041748047,1430178.0,,0.000532800797373,0.0266159861678591,True,,Control,D17,4.0,d7,Plate1,/Users/pmihack/claire/tmem_2026/data/cleaved_tmem_pld3_260821/d7/Z59_PLD_Control/PLD3Control_Plate1_d7_TMEM561LAMP1640MAP2488DAPI405_D17_F4.nd2,12
12,24231,13,0.0839007882464611,1.8240701538461537,821.7993774414062,19913020.0,11.129639289898996,0.0,0.225468644670374,True,,Control,D17,4.0,d7,Plate1,/Users/pmihack/claire/tmem_2026/data/cleaved_tmem_pld3_260821/d7/Z59_PLD_Control/PLD3Control_Plate1_d7_TMEM561LAMP1640MAP2488DAPI405_D17_F4.nd2,12
13,9359,12,0.0731915802970402,0.66582,862.4750366210938,8071904.0,35.17438358194801,0.0,0.2425750818280213,True,,Control,D17,4.0,d7,Plate1,/Users/pmihack/claire/tmem_2026/data/cleaved_tmem_pld3_260821/d7/Z59_PLD_Control/PLD3Control_Plate1_d7_TMEM561LAMP1640MAP2488DAPI405_D17_F4.nd2,12
14,16444,7,0.0813062515203113,2.227824,813.8008422851562,13382141.0,17.307295200873718,0.0,0.1285715728307188,True,,Control,D17,4.0,d7,Plate1,/Users/pmihack/claire/tmem_2026/data/cleaved_tmem_pld3_260821/d7/Z59_PLD_Control/PLD3Control_Plate1_d7_TMEM561LAMP1640MAP2488DAPI405_D17_F4.nd2,12
15,18212,9,0.0491983307709202,1.161216,542.1163940429688,9873024.0,13.554501385708685,0.0,0.2265717244418339,True,,Control,D17,4.0,d7,Plate1,/Users/pmihack/claire/tmem_2026/data/cleaved_tmem_pld3_260821/d7/Z59_PLD_Control/PLD3Control_Plate1_d7_TMEM561LAMP1640MAP2488DAPI405_D17_F4.nd2,12
16,9204,2,0.1194046066927422,6.409368,1092.1390380859375,10052048.0,17.44633179756821,0.0,0.0506853278395901,True,,Control,D17,4.0,d7,Plate1,/Users/pmihack/claire/tmem_2026/data/cleaved_tmem_pld3_260821/d7/Z59_PLD_Control/PLD3Control_Plate1_d7_TMEM561LAMP1640MAP2488DAPI405_D17_F4.nd2,12
17,10564,3,0.1120787580461946,4.6033919999999995,1130.1776123046875,11939196.0,17.840484223493227,0.0,0.2394274505336934,True,,Control,D17,4.0,d7,Plate1,/Users/pmihack/claire/tmem_2026/data/cleaved_tmem_pld3_260821/d7/Z59_PLD_Control/PLD3Control_Plate1_d7_TMEM561LAMP1640MAP2488DAPI405_D17_F4.nd2,12
18,5709,5,0.1119285338938518,1.4906592,1167.667236328125,6666212.0,27.338270051385507,0.0,0.3347213782009257,True,,Control,D17,4.0,d7,Plate1,/Users/pmihack/claire/tmem_2026/data/cleaved_tmem_pld3_260821/d7/Z59_PLD_Control/PLD3Control_Plate1_d7_TMEM561LAMP1640MAP2488DAPI405_D17_F4.nd2,12
1,4633,2,0.0692855601122382,1.8720719999999995,430.1090087890625,1992695.0,6.5751825469497245,0.0,-0.1728570249099682,True,,Control,E17,1.0,d7,Plate1,/Users/pmihack/claire/tmem_2026/data/cleaved_tmem_pld3_260821/d7/Z59_PLD_Control/PLD3Control_Plate1_d7_TMEM561LAMP1640MAP2488DAPI405_E17_F1.nd2,12
2,10944,7,0.0676169590643274,1.2330514285714285,396.5549926757813,4339898.0,5.612284810230179,0.0,-0.0196425936335159,True,,Control,E17,1.0,d7,Plate1,/Users/pmihack/claire/tmem_2026/data/cleaved_tmem_pld3_260821/d7/Z59_PLD_Control/PLD3Control_Plate1_d7_TMEM561LAMP1640MAP2488DAPI405_E17_F1.nd2,12
3,17025,4,0.0304845814977973,1.513404,188.17626953125,3203701.0,2.626036554984751,0.0,0.0695926132871823,True,,Control,E17,1.0,d7,Plate1,/Users/pmihack/claire/tmem_2026/data/cleaved_tmem_pld3_260821/d7/Z59_PLD_Control/PLD3Control_Plate1_d7_TMEM561LAMP1640MAP2488DAPI405_E17_F1.nd2,12
4,10888,0,0.0,0.0,14.978876113891602,163090.0,,0.0,-0.0409337851543338,True,,Control,E17,1.0,d7,Plate1,/Users/pmihack/claire/tmem_2026/data/cleaved_tmem_pld3_260821/d7/Z59_PLD_Control/PLD3Control_Plate1_d7_TMEM561LAMP1640MAP2488DAPI405_E17_F1.nd2,12
5,8842,3,0.0528161049536304,1.815696,334.4719543457031,2957401.0,21.92082075930342,0.0,-0.008801001475605,True,,Control,E17,1.0,d7,Plate1,/Users/pmihack/claire/tmem_2026/data/cleaved_tmem_pld3_260821/d7/Z59_PLD_Control/PLD3Control_Plate1_d7_TMEM561LAMP1640MAP2488DAPI405_E17_F1.nd2,12
6,9812,5,0.0621687729311047,1.4230079999999998,382.2052612304687,3750198.0,24.327098922462067,0.0,-0.0642591708279461,True,,Control,E17,1.0,d7,Plate1,/Users/pmihack/claire/tmem_2026/data/cleaved_tmem_pld3_260821/d7/Z59_PLD_Control/PLD3Control_Plate1_d7_TMEM561LAMP1640MAP2488DAPI405_E17_F1.nd2,12
7,9064,7,0.0585834068843777,0.8847977142857143,379.6614074707031,3441251.0,17.295528585250985,0.0,0.0522987600420865,True,,Control,E17,1.0,d7,Plate1,/Users/pmihack/claire/tmem_2026/data/cleaved_tmem_pld3_260821/d7/Z59_PLD_Control/PLD3Control_Plate1_d7_TMEM561LAMP1640MAP2488DAPI405_E17_F1.nd2,12
8,19787,24,0.0519533026734724,0.499608,360.3255615234375,7129762.0,11.376390000597729,0.0,0.0047258390425263,True,,Control,E17,1.0,d7,Plate1,/Users/pmihack/claire/tmem_2026/data/cleaved_tmem_pld3_260821/d7/Z59_PLD_Control/PLD3Control_Plate1_d7_TMEM561LAMP1640MAP2488DAPI405_E17_F1.nd2,12
9,16889,2,0.0624666942980638,6.15276,468.1690368652344,7906907.0,6.481120946368202,0.0,-0.0121860476709649,True,,Control,E17,1.0,d7,Plate1,/Users/pmihack/claire/tmem_2026/data/cleaved_tmem_pld3_260821/d7/Z59_PLD_Control/PLD3Control_Plate1_d7_TMEM561LAMP1640MAP2488DAPI405_E17_F1.nd2,12
10,15776,7,0.0506465517241379,1.3313622857142855,327.9527893066406,5173783.0,7.093473180284505,0.0,-0.0173471243901087,True,,Control,E17,1.0,d7,Plate1,/Users/pmihack/claire/tmem_2026/data/cleaved_tmem_pld3_260821/d7/Z59_PLD_Control/PLD3Control_Plate1_d7_TMEM561LAMP1640MAP2488DAPI405_E17_F1.nd2,12
11,14027,6,0.0278748128609111,0.760104,190.707275390625,2675051.0,5.987717327360743,0.0,0.0301307064189403,True,,Control,E17,1.0,d7,Plate1,/Users/pmihack/claire/tmem_2026/data/cleaved_tmem_pld3_260821/d7/Z59_PLD_Control/PLD3Control_Plate1_d7_TMEM561LAMP1640MAP2488DAPI405_E17_F1.nd2,12
12,9549,1,0.0849303591999162,9.459504,504.0419006347656,4813096.0,14.400683354716524,0.0,-0.0256379879519174,True,,Control,E17,1.0,d7,Plate1,/Users/pmihack/claire/tmem_2026/data/cleaved_tmem_pld3_260821/d7/Z59_PLD_Control/PLD3Control_Plate1_d7_TMEM561LAMP1640MAP2488DAPI405_E17_F1.nd2,12
13,10526,0,0.0,0.0,16.874502182006836,177621.0,,0.0,-0.0206438910479257,True,,Control,E17,1.0,d7,Plate1,/Users/pmihack/claire/tmem_2026/data/cleaved_tmem_pld3_260821/d7/Z59_PLD_Control/PLD3Control_Plate1_d7_TMEM561LAMP1640MAP2488DAPI405_E17_F1.nd2,12
14,11965,1,0.0024237358963643,0.3382559999999999,102.42733001708984,1225543.0,8.335683835625348,0.0,-0.0750518373312889,True,,Control,E17,1.0,d7,Plate1,/Users/pmihack/claire/tmem_2026/data/cleaved_tmem_pld3_260821/d7/Z59_PLD_Control/PLD3Control_Plate1_d7_TMEM561LAMP1640MAP2488DAPI405_E17_F1.nd2,12
15,9298,4,0.0561411056141105,1.522152,337.69134521484375,3139854.0,18.75475468477621,0.0,-0.0593567291152408,True,,Control,E17,1.0,d7,Plate1,/Users/pmihack/claire/tmem_2026/data/cleaved_tmem_pld3_260821/d7/Z59_PLD_Control/PLD3Control_Plate1_d7_TMEM561LAMP1640MAP2488DAPI405_E17_F1.nd2,12
16,12401,0,0.0,0.0,102.3298110961914,1268992.0,,0.0,0.1933732622616972,True,,Control,E17,1.0,d7,Plate1,/Users/pmihack/claire/tmem_2026/data/cleaved_tmem_pld3_260821/d7/Z59_PLD_Control/PLD3Control_Plate1_d7_TMEM561LAMP1640MAP2488DAPI405_E17_F1.nd2,12
17,8573,0,0.0,0.0,21.630701065063477,185440.0,,0.0,0.0284739502014323,True,,Control,E17,1.0,d7,Plate1,/Users/pmihack/claire/tmem_2026/data/cleaved_tmem_pld3_260821/d7/Z59_PLD_Control/PLD3Control_Plate1_d7_TMEM561LAMP1640MAP2488DAPI405_E17_F1.nd2,12
1,20988,5,0.0425481227368019,2.0831904,176.07398986816406,3695441.0,0.6673004678762194,0.0,0.1248690084020055,True,,Control,E17,2.0,d7,Plate1,/Users/pmihack/claire/tmem_2026/data/cleaved_tmem_pld3_260821/d7/Z59_PLD_Control/PLD3Control_Plate1_d7_TMEM561LAMP1640MAP2488DAPI405_E17_F2.nd2,10
2,19285,7,0.0049261083743842,0.1582971428571428,69.58770751953125,1341999.0,4.437947203535419,0.0,0.075357878862938,True,,Control,E17,2.0,d7,Plate1,/Users/pmihack/claire/tmem_2026/data/cleaved_tmem_pld3_260821/d7/Z59_PLD_Control/PLD3Control_Plate1_d7_TMEM561LAMP1640MAP2488DAPI405_E17_F2.nd2,10
3,8242,6,0.0954865323950497,1.5299279999999995,362.1933898925781,2985198.0,12.205492930971891,0.0,0.0617575644543787,True,,Control,E17,2.0,d7,Plate1,/Users/pmihack/claire/tmem_2026/data/cleaved_tmem_pld3_260821/d7/Z59_PLD_Control/PLD3Control_Plate1_d7_TMEM561LAMP1640MAP2488DAPI405_E17_F2.nd2,10
4,5798,5,0.1257330113832356,1.7006112,421.85064697265625,2445890.0,24.65606255610616,0.0,0.2834046987311316,True,,Control,E17,2.0,d7,Plate1,/Users/pmihack/claire/tmem_2026/data/cleaved_tmem_pld3_260821/d7/Z59_PLD_Control/PLD3Control_Plate1_d7_TMEM561LAMP1640MAP2488DAPI405_E17_F2.nd2,10
5,13771,2,0.0071890204051993,0.577368,58.00217819213867,798748.0,20.53097966304169,0.0,0.2419704589373844,True,,Control,E17,2.0,d7,Plate1,/Users/pmihack/claire/tmem_2026/data/cleaved_tmem_pld3_260821/d7/Z59_PLD_Control/PLD3Control_Plate1_d7_TMEM561LAMP1640MAP2488DAPI405_E17_F2.nd2,10
6,10327,2,0.070204318776024,4.228199999999999,277.9775390625,2870674.0,3.5164758009949812,0.0,0.1838274624270243,True,,Control,E17,2.0,d7,Plate1,/Users/pmihack/claire/tmem_2026/data/cleaved_tmem_pld3_260821/d7/Z59_PLD_Control/PLD3Control_Plate1_d7_TMEM561LAMP1640MAP2488DAPI405_E17_F2.nd2,10
7,19354,4,0.0405084220316213,2.2861439999999997,161.69375610351562,3129421.0,17.729409633051766,0.0,0.1172331661963302,True,,Control,E17,2.0,d7,Plate1,/Users/pmihack/claire/tmem_2026/data/cleaved_tmem_pld3_260821/d7/Z59_PLD_Control/PLD3Control_Plate1_d7_TMEM561LAMP1640MAP2488DAPI405_E17_F2.nd2,10
8,14794,1,0.0002703798837366,0.0466559999999999,28.380626678466797,419863.0,12.88466458943596,0.0,0.008574482650813,True,,Control,E17,2.0,d7,Plate1,/Users/pmihack/claire/tmem_2026/data/cleaved_tmem_pld3_260821/d7/Z59_PLD_Control/PLD3Control_Plate1_d7_TMEM561LAMP1640MAP2488DAPI405_E17_F2.nd2,10
9,23164,6,0.0141167328613365,0.6356879999999999,91.32200622558594,2115383.0,10.918269193400816,0.0,0.0056535864785482,True,,Control,E17,2.0,d7,Plate1,/Users/pmihack/claire/tmem_2026/data/cleaved_tmem_pld3_260821/d7/Z59_PLD_Control/PLD3Control_Plate1_d7_TMEM561LAMP1640MAP2488DAPI405_E17_F2.nd2,10
10,25559,20,0.0505105833561563,0.7529111999999999,236.7021026611328,6049869.0,5.127958885728462,0.0,0.0032064011919906,True,,Control,E17,2.0,d7,Plate1,/Users/pmihack/claire/tmem_2026/data/cleaved_tmem_pld3_260821/d7/Z59_PLD_Control/PLD3Control_Plate1_d7_TMEM561LAMP1640MAP2488DAPI405_E17_F2.nd2,10
11,12586,1,0.0021452407436834,0.314928,44.98355484008789,566163.0,31.15225594667145,0.0,0.002916314019457,True,,Control,E17,2.0,d7,Plate1,/Users/pmihack/claire/tmem_2026/data/cleaved_tmem_pld3_260821/d7/Z59_PLD_Control/PLD3Control_Plate1_d7_TMEM561LAMP1640MAP2488DAPI405_E17_F2.nd2,10
12,4926,0,0.0,0.0,38.566383361816406,189978.0,,0.0,0.5835538952017684,True,,Control,E17,2.0,d7,Plate1,/Users/pmihack/claire/tmem_2026/data/cleaved_tmem_pld3_260821/d7/Z59_PLD_Control/PLD3Control_Plate1_d7_TMEM561LAMP1640MAP2488DAPI405_E17_F2.nd2,10
13,10809,7,0.0398741789249699,0.7181691428571427,159.23443603515625,1721165.0,26.699239299015332,0.0,-0.0173957222264041,True,,Control,E17,2.0,d7,Plate1,/Users/pmihack/claire/tmem_2026/data/cleaved_tmem_pld3_260821/d7/Z59_PLD_Control/PLD3Control_Plate1_d7_TMEM561LAMP1640MAP2488DAPI405_E17_F2.nd2,10
14,13553,5,0.0224304582011362,0.7091711999999999,161.56201171875,2189650.0,24.942892924696928,0.0,-0.0880580033213027,True,,Control,E17,2.0,d7,Plate1,/Users/pmihack/claire/tmem_2026/data/cleaved_tmem_pld3_260821/d7/Z59_PLD_Control/PLD3Control_Plate1_d7_TMEM561LAMP1640MAP2488DAPI405_E17_F2.nd2,10
15,12289,11,0.0300268532834242,0.3912741818181818,149.60134887695312,1838451.0,14.095507342094567,0.0,-0.0235053493193643,True,,Control,E17,2.0,d7,Plate1,/Users/pmihack/claire/tmem_2026/data/cleaved_tmem_pld3_260821/d7/Z59_PLD_Control/PLD3Control_Plate1_d7_TMEM561LAMP1640MAP2488DAPI405_E17_F2.nd2,10
16,10633,9,0.010251105050315,0.1412639999999999,116.7391128540039,1241287.0,35.692385954857194,0.0,0.0211990840761874,True,,Control,E17,2.0,d7,Plate1,/Users/pmihack/claire/tmem_2026/data/cleaved_tmem_pld3_260821/d7/Z59_PLD_Control/PLD3Control_Plate1_d7_TMEM561LAMP1640MAP2488DAPI405_E17_F2.nd2,10
1,4593,3,0.2582190289571086,4.611167999999999,2746.421875,12614316.0,22.974483196565888,0.0,0.319977858762806,True,,Control,E17,3.0,d7,Plate1,/Users/pmihack/claire/tmem_2026/data/cleaved_tmem_pld3_260821/d7/Z59_PLD_Control/PLD3Control_Plate1_d7_TMEM561LAMP1640MAP2488DAPI405_E17_F3.nd2,13
2,21871,10,0.0824379315074756,2.1030192,1000.3623046875,21878924.0,14.222723560836329,0.0,0.3152639500904188,True,,Control,E17,3.0,d7,Plate1,/Users/pmihack/claire/tmem_2026/data/cleaved_tmem_pld3_260821/d7/Z59_PLD_Control/PLD3Control_Plate1_d7_TMEM561LAMP1640MAP2488DAPI405_E17_F3.nd2,13
3,19657,5,0.1268250496006511,5.8156704,1708.874755859375,33591352.0,15.073995987336115,0.0,0.2528042125215679,True,,Control,E17,3.0,d7,Plate1,/Users/pmihack/claire/tmem_2026/data/cleaved_tmem_pld3_260821/d7/Z59_PLD_Control/PLD3Control_Plate1_d7_TMEM561LAMP1640MAP2488DAPI405_E17_F3.nd2,13
4,35408,14,0.0778637596023497,2.2969748571428568,900.7210693359376,31892732.0,4.2362967470285415,0.0018864800222218,0.2279352460712399,True,,Control,E17,3.0,d7,Plate1,/Users/pmihack/claire/tmem_2026/data/cleaved_tmem_pld3_260821/d7/Z59_PLD_Control/PLD3Control_Plate1_d7_TMEM561LAMP1640MAP2488DAPI405_E17_F3.nd2,13
5,28473,10,0.0765286411688266,2.5415856,912.83447265625,25991136.0,12.521336152114928,0.0,0.230022588650047,True,,Control,E17,3.0,d7,Plate1,/Users/pmihack/claire/tmem_2026/data/cleaved_tmem_pld3_260821/d7/Z59_PLD_Control/PLD3Control_Plate1_d7_TMEM561LAMP1640MAP2488DAPI405_E17_F3.nd2,13
6,21592,13,0.1506576509818451,2.918691692307692,1855.721435546875,40068736.0,5.336377863814184,0.0,0.1843743685634823,True,,Control,E17,3.0,d7,Plate1,/Users/pmihack/claire/tmem_2026/data/cleaved_tmem_pld3_260821/d7/Z59_PLD_Control/PLD3Control_Plate1_d7_TMEM561LAMP1640MAP2488DAPI405_E17_F3.nd2,13
7,12714,13,0.0372030832153531,0.4243901538461538,635.983642578125,8085896.0,21.284257697098734,0.0005571429501287,0.1904923938463066,True,,Control,E17,3.0,d7,Plate1,/Users/pmihack/claire/tmem_2026/data/cleaved_tmem_pld3_260821/d7/Z59_PLD_Control/PLD3Control_Plate1_d7_TMEM561LAMP1640MAP2488DAPI405_E17_F3.nd2,13
8,22162,13,0.0298709502752459,0.5939667692307692,383.3460998535156,8495716.0,4.101015021188657,0.0,0.3714032152729032,True,,Control,E17,3.0,d7,Plate1,/Users/pmihack/claire/tmem_2026/data/cleaved_tmem_pld3_260821/d7/Z59_PLD_Control/PLD3Control_Plate1_d7_TMEM561LAMP1640MAP2488DAPI405_E17_F3.nd2,13
9,9845,0,0.0,0.0,3.6879634857177734,36308.0,,0.0,0.0063452847175333,True,,Control,E17,3.0,d7,Plate1,/Users/pmihack/claire/tmem_2026/data/cleaved_tmem_pld3_260821/d7/Z59_PLD_Control/PLD3Control_Plate1_d7_TMEM561LAMP1640MAP2488DAPI405_E17_F3.nd2,13
10,21027,20,0.0376183002805916,0.4613111999999999,632.7592163085938,13305028.0,8.753797155575558,1.292744400416268e-05,0.0689928917606123,True,,Control,E17,3.0,d7,Plate1,/Users/pmihack/claire/tmem_2026/data/cleaved_tmem_pld3_260821/d7/Z59_PLD_Control/PLD3Control_Plate1_d7_TMEM561LAMP1640MAP2488DAPI405_E17_F3.nd2,13
11,15678,0,0.0,0.0,12.738040924072266,199707.0,,1.5022007573861629e-05,0.0413169045312491,True,,Control,E17,3.0,d7,Plate1,/Users/pmihack/claire/tmem_2026/data/cleaved_tmem_pld3_260821/d7/Z59_PLD_Control/PLD3Control_Plate1_d7_TMEM561LAMP1640MAP2488DAPI405_E17_F3.nd2,13
12,8415,9,0.0804515745692216,0.877392,1060.41357421875,8923380.0,23.065627533859544,0.0,0.3428822286773116,True,,Control,E17,3.0,d7,Plate1,/Users/pmihack/claire/tmem_2026/data/cleaved_tmem_pld3_260821/d7/Z59_PLD_Control/PLD3Control_Plate1_d7_TMEM561LAMP1640MAP2488DAPI405_E17_F3.nd2,13
13,7079,0,0.0,0.0,89.31473541259766,632259.0,,0.0,-0.0166986755980171,True,,Control,E17,3.0,d7,Plate1,/Users/pmihack/claire/tmem_2026/data/cleaved_tmem_pld3_260821/d7/Z59_PLD_Control/PLD3Control_Plate1_d7_TMEM561LAMP1640MAP2488DAPI405_E17_F3.nd2,13
14,15489,12,0.0424171993027309,0.638604,640.7305297851562,9924275.0,11.284406106745068,0.0,0.3161474534840541,True,,Control,E17,3.0,d7,Plate1,/Users/pmihack/claire/tmem_2026/data/cleaved_tmem_pld3_260821/d7/Z59_PLD_Control/PLD3Control_Plate1_d7_TMEM561LAMP1640MAP2488DAPI405_E17_F3.nd2,13
15,28108,22,0.0475309520421232,0.708322909090909,658.8278198242188,18518332.0,7.873835581314494,0.0006928810034878,0.0684495231084395,True,,Control,E17,3.0,d7,Plate1,/Users/pmihack/claire/tmem_2026/data/cleaved_tmem_pld3_260821/d7/Z59_PLD_Control/PLD3Control_Plate1_d7_TMEM561LAMP1640MAP2488DAPI405_E17_F3.nd2,13
16,15630,10,0.1056941778630838,1.9268927999999996,1162.3309326171875,18167232.0,12.535324912678098,0.0,0.2732218206191083,True,,Control,E17,3.0,d7,Plate1,/Users/pmihack/claire/tmem_2026/data/cleaved_tmem_pld3_260821/d7/Z59_PLD_Control/PLD3Control_Plate1_d7_TMEM561LAMP1640MAP2488DAPI405_E17_F3.nd2,13
17,31703,17,0.0439390593950099,0.955761882352941,596.961181640625,18925460.0,8.279595530786203,0.0,0.2107360884878324,True,,Control,E17,3.0,d7,Plate1,/Users/pmihack/claire/tmem_2026/data/cleaved_tmem_pld3_260821/d7/Z59_PLD_Control/PLD3Control_Plate1_d7_TMEM561LAMP1640MAP2488DAPI405_E17_F3.nd2,13
18,24533,9,0.0304895446949007,0.969408,409.836181640625,10054511.0,9.008973984338274,0.0,0.1120207266785134,True,,Control,E17,3.0,d7,Plate1,/Users/pmihack/claire/tmem_2026/data/cleaved_tmem_pld3_260821/d7/Z59_PLD_Control/PLD3Control_Plate1_d7_TMEM561LAMP1640MAP2488DAPI405_E17_F3.nd2,13
19,20334,1,0.0001967148618078,0.0466559999999999,102.05714416503906,2075230.0,12.006042805758696,0.0,0.1522570241401656,True,,Control,E17,3.0,d7,Plate1,/Users/pmihack/claire/tmem_2026/data/cleaved_tmem_pld3_260821/d7/Z59_PLD_Control/PLD3Control_Plate1_d7_TMEM561LAMP1640MAP2488DAPI405_E17_F3.nd2,13
20,12984,5,0.0815619223659889,2.4704352,1069.4517822265625,13885762.0,17.624887341994953,0.0,0.1297485693154754,True,,Control,E17,3.0,d7,Plate1,/Users/pmihack/claire/tmem_2026/data/cleaved_tmem_pld3_260821/d7/Z59_PLD_Control/PLD3Control_Plate1_d7_TMEM561LAMP1640MAP2488DAPI405_E17_F3.nd2,13
1,9673,12,0.0859092318825597,0.8077319999999999,1093.0712890625,10573278.0,0.8940998504701074,0.0,0.1812394233286448,True,,Control,E17,4.0,d7,Plate1,/Users/pmihack/claire/tmem_2026/data/cleaved_tmem_pld3_260821/d7/Z59_PLD_Control/PLD3Control_Plate1_d7_TMEM561LAMP1640MAP2488DAPI405_E17_F4.nd2,8
2,29327,19,0.0552391993725918,0.9945094736842104,782.5277709960938,22949192.0,5.331906526148264,0.0,0.0387404277366942,True,,Control,E17,4.0,d7,Plate1,/Users/pmihack/claire/tmem_2026/data/cleaved_tmem_pld3_260821/d7/Z59_PLD_Control/PLD3Control_Plate1_d7_TMEM561LAMP1640MAP2488DAPI405_E17_F4.nd2,8
3,14691,4,0.0751480498264243,3.219264,951.4825439453124,13978230.0,5.870935822208449,0.0,0.2744987462791555,True,,Control,E17,4.0,d7,Plate1,/Users/pmihack/claire/tmem_2026/data/cleaved_tmem_pld3_260821/d7/Z59_PLD_Control/PLD3Control_Plate1_d7_TMEM561LAMP1640MAP2488DAPI405_E17_F4.nd2,8
4,11609,3,0.0111982082866741,0.50544,292.67767333984375,3397695.0,2.424511025947437,0.0,-0.0018872317637975,True,,Control,E17,4.0,d7,Plate1,/Users/pmihack/claire/tmem_2026/data/cleaved_tmem_pld3_260821/d7/Z59_PLD_Control/PLD3Control_Plate1_d7_TMEM561LAMP1640MAP2488DAPI405_E17_F4.nd2,8
5,8787,3,0.0693069306930693,2.3677919999999997,924.776611328125,8126012.0,7.78052668326916,0.0,0.3549509291974876,True,,Control,E17,4.0,d7,Plate1,/Users/pmihack/claire/tmem_2026/data/cleaved_tmem_pld3_260821/d7/Z59_PLD_Control/PLD3Control_Plate1_d7_TMEM561LAMP1640MAP2488DAPI405_E17_F4.nd2,8
6,25021,2,0.0525558530834099,7.669079999999999,638.0078735351562,15963595.0,13.651525693158066,0.0,0.1292405319969117,True,,Control,E17,4.0,d7,Plate1,/Users/pmihack/claire/tmem_2026/data/cleaved_tmem_pld3_260821/d7/Z59_PLD_Control/PLD3Control_Plate1_d7_TMEM561LAMP1640MAP2488DAPI405_E17_F4.nd2,8
7,20681,5,0.0088970552681204,0.4292351999999999,210.219482421875,4347549.0,5.53905043449432,0.0,0.0152885095816512,True,,Control,E17,4.0,d7,Plate1,/Users/pmihack/claire/tmem_2026/data/cleaved_tmem_pld3_260821/d7/Z59_PLD_Control/PLD3Control_Plate1_d7_TMEM561LAMP1640MAP2488DAPI405_E17_F4.nd2,8
8,11744,6,0.1697036784741144,3.874392,2979.40771484375,34990164.0,15.40705002816446,0.0,0.1522675280338057,True,,Control,E17,4.0,d7,Plate1,/Users/pmihack/claire/tmem_2026/data/cleaved_tmem_pld3_260821/d7/Z59_PLD_Control/PLD3Control_Plate1_d7_TMEM561LAMP1640MAP2488DAPI405_E17_F4.nd2,8
9,12456,13,0.0863840719332048,0.9654203076923076,1130.2723388671875,14078673.0,5.995718938442158,0.0,0.2177584693245678,True,,Control,E17,4.0,d7,Plate1,/Users/pmihack/claire/tmem_2026/data/cleaved_tmem_pld3_260821/d7/Z59_PLD_Control/PLD3Control_Plate1_d7_TMEM561LAMP1640MAP2488DAPI405_E17_F4.nd2,8
10,17048,27,0.1529211637728766,1.126224,2131.419921875,36336448.0,12.05331436464192,0.0,-0.013445235284189,True,,Control,E17,4.0,d7,Plate1,/Users/pmihack/claire/tmem_2026/data/cleaved_tmem_pld3_260821/d7/Z59_PLD_Control/PLD3Control_Plate1_d7_TMEM561LAMP1640MAP2488DAPI405_E17_F4.nd2,8
11,11647,4,0.0686872155919979,2.3328,928.7329711914062,10816953.0,20.21412091114527,0.0,0.0613772246497179,True,,Control,E17,4.0,d7,Plate1,/Users/pmihack/claire/tmem_2026/data/cleaved_tmem_pld3_260821/d7/Z59_PLD_Control/PLD3Control_Plate1_d7_TMEM561LAMP1640MAP2488DAPI405_E17_F4.nd2,8
12,9567,2,0.0372112469948782,2.076192,504.3670043945313,4825279.0,8.028862384595195,0.0,0.2328780335278303,True,,Control,E17,4.0,d7,Plate1,/Users/pmihack/claire/tmem_2026/data/cleaved_tmem_pld3_260821/d7/Z59_PLD_Control/PLD3Control_Plate1_d7_TMEM561LAMP1640MAP2488DAPI405_E17_F4.nd2,8
13,13328,3,0.1084933973589435,5.6220479999999995,1156.6220703125,15415459.0,6.886733491824451,0.0,0.1094842897762517,True,,Control,E17,4.0,d7,Plate1,/Users/pmihack/claire/tmem_2026/data/cleaved_tmem_pld3_260821/d7/Z59_PLD_Control/PLD3Control_Plate1_d7_TMEM561LAMP1640MAP2488DAPI405_E17_F4.nd2,8
14,7533,0,0.0,0.0,37.20350646972656,280254.0,,0.0,-0.0198199784565957,True,,Control,E17,4.0,d7,Plate1,/Users/pmihack/claire/tmem_2026/data/cleaved_tmem_pld3_260821/d7/Z59_PLD_Control/PLD3Control_Plate1_d7_TMEM561LAMP1640MAP2488DAPI405_E17_F4.nd2,8
15,12478,17,0.1217342522840198,1.042212705882353,1592.5965576171875,19872420.0,18.439606920663703,0.0,0.1745062473122519,True,,Control,E17,4.0,d7,Plate1,/Users/pmihack/claire/tmem_2026/data/cleaved_tmem_pld3_260821/d7/Z59_PLD_Control/PLD3Control_Plate1_d7_TMEM561LAMP1640MAP2488DAPI405_E17_F4.nd2,8
16,9428,14,0.0896266440390326,0.7040057142857142,1379.3221435546875,13004249.0,19.56079800982711,0.0,0.3568893230322219,True,,Control,E17,4.0,d7,Plate1,/Users/pmihack/claire/tmem_2026/data/cleaved_tmem_pld3_260821/d7/Z59_PLD_Control/PLD3Control_Plate1_d7_TMEM561LAMP1640MAP2488DAPI405_E17_F4.nd2,8
17,15441,5,0.0996049478660708,3.5878464,1113.273681640625,17190058.0,19.224879895570957,0.0,0.391731303371643,True,,Control,E17,4.0,d7,Plate1,/Users/pmihack/claire/tmem_2026/data/cleaved_tmem_pld3_260821/d7/Z59_PLD_Control/PLD3Control_Plate1_d7_TMEM561LAMP1640MAP2488DAPI405_E17_F4.nd2,8
18,5006,3,0.1164602477027566,2.266704,1157.7467041015625,5795680.0,36.95567087127757,0.0,0.4979794581999069,True,,Control,E17,4.0,d7,Plate1,/Users/pmihack/claire/tmem_2026/data/cleaved_tmem_pld3_260821/d7/Z59_PLD_Control/PLD3Control_Plate1_d7_TMEM561LAMP1640MAP2488DAPI405_E17_F4.nd2,8
19,14381,2,0.1193936443919059,10.013544,1234.0218505859375,17746468.0,18.37462902843241,0.0,0.3412396168834114,True,,Control,E17,4.0,d7,Plate1,/Users/pmihack/claire/tmem_2026/data/cleaved_tmem_pld3_260821/d7/Z59_PLD_Control/PLD3Control_Plate1_d7_TMEM561LAMP1640MAP2488DAPI405_E17_F4.nd2,8
20,30428,10,0.0632640988563165,2.24532,772.4293212890625,23503480.0,19.050008764206535,0.0,0.193630650822078,True,,Control,E17,4.0,d7,Plate1,/Users/pmihack/claire/tmem_2026/data/cleaved_tmem_pld3_260821/d7/Z59_PLD_Control/PLD3Control_Plate1_d7_TMEM561LAMP1640MAP2488DAPI405_E17_F4.nd2,8
21,16600,5,0.0598192771084337,2.3164703999999996,767.3114624023438,12737370.0,15.3330417342571,0.0,0.1059965720694124,True,,Control,E17,4.0,d7,Plate1,/Users/pmihack/claire/tmem_2026/data/cleaved_tmem_pld3_260821/d7/Z59_PLD_Control/PLD3Control_Plate1_d7_TMEM561LAMP1640MAP2488DAPI405_E17_F4.nd2,8
22,7495,0,0.0,0.0,8.405736923217773,63001.0,,0.0,-0.0414660993779322,True,,Control,E17,4.0,d7,Plate1,/Users/pmihack/claire/tmem_2026/data/cleaved_tmem_pld3_260821/d7/Z59_PLD_Control/PLD3Control_Plate1_d7_TMEM561LAMP1640MAP2488DAPI405_E17_F4.nd2,8
23,11687,6,0.0820569863951399,1.864296,981.8121948242188,11474439.0,23.929414953909447,0.0,0.1237718659328218,True,,Control,E17,4.0,d7,Plate1,/Users/pmihack/claire/tmem_2026/data/cleaved_tmem_pld3_260821/d7/Z59_PLD_Control/PLD3Control_Plate1_d7_TMEM561LAMP1640MAP2488DAPI405_E17_F4.nd2,8
1,16623,1,0.0003007880647295,0.05832,59.84708023071289,994838.0,0.9133453726225632,0.0,0.0720353692986112,True,,Control,F17,1.0,d7,Plate1,/Users/pmihack/claire/tmem_2026/data/cleaved_tmem_pld3_260821/d7/Z59_PLD_Control/PLD3Control_Plate1_d7_TMEM561LAMP1640MAP2488DAPI405_F17_F1.nd2,12
2,14365,0,0.0,0.0,77.8773422241211,1118708.0,,0.0,0.0328386334501298,True,,Control,F17,1.0,d7,Plate1,/Users/pmihack/claire/tmem_2026/data/cleaved_tmem_pld3_260821/d7/Z59_PLD_Control/PLD3Control_Plate1_d7_TMEM561LAMP1640MAP2488DAPI405_F17_F1.nd2,12
3,5343,0,0.0,0.0,12.70971393585205,67908.0,,8.835483458824456e-05,0.0113960823796525,True,,Control,F17,1.0,d7,Plate1,/Users/pmihack/claire/tmem_2026/data/cleaved_tmem_pld3_260821/d7/Z59_PLD_Control/PLD3Control_Plate1_d7_TMEM561LAMP1640MAP2488DAPI405_F17_F1.nd2,12
4,14546,0,0.0,0.0,137.47434997558594,1999702.0,,0.0,-0.0486271993014086,False,border,Control,F17,1.0,d7,Plate1,/Users/pmihack/claire/tmem_2026/data/cleaved_tmem_pld3_260821/d7/Z59_PLD_Control/PLD3Control_Plate1_d7_TMEM561LAMP1640MAP2488DAPI405_F17_F1.nd2,12
5,8294,1,0.0009645526886906,0.0933119999999999,259.8600158691406,2155279.0,0.3602171947300389,0.0,0.0294990101898766,True,,Control,F17,1.0,d7,Plate1,/Users/pmihack/claire/tmem_2026/data/cleaved_tmem_pld3_260821/d7/Z59_PLD_Control/PLD3Control_Plate1_d7_TMEM561LAMP1640MAP2488DAPI405_F17_F1.nd2,12
6,15304,2,0.0016989022477783,0.151632,81.82749938964844,1252288.0,10.650520976987446,0.0,0.0919740295974256,True,,Control,F17,1.0,d7,Plate1,/Users/pmihack/claire/tmem_2026/data/cleaved_tmem_pld3_260821/d7/Z59_PLD_Control/PLD3Control_Plate1_d7_TMEM561LAMP1640MAP2488DAPI405_F17_F1.nd2,12
7,24737,0,0.0,0.0,28.038848876953125,693597.0,,4.325278041505953e-06,0.0078093776458917,True,,Control,F17,1.0,d7,Plate1,/Users/pmihack/claire/tmem_2026/data/cleaved_tmem_pld3_260821/d7/Z59_PLD_Control/PLD3Control_Plate1_d7_TMEM561LAMP1640MAP2488DAPI405_F17_F1.nd2,12
8,25656,1,0.0003118178983473,0.0933119999999999,92.28352355957033,2367626.0,10.459251977205708,0.0,0.0597180535186065,True,,Control,F17,1.0,d7,Plate1,/Users/pmihack/claire/tmem_2026/data/cleaved_tmem_pld3_260821/d7/Z59_PLD_Control/PLD3Control_Plate1_d7_TMEM561LAMP1640MAP2488DAPI405_F17_F1.nd2,12
9,8513,3,0.1423704921884177,4.712256,1346.7322998046875,11464732.0,10.474986659286186,0.0,0.0339339237884272,True,,Control,F17,1.0,d7,Plate1,/Users/pmihack/claire/tmem_2026/data/cleaved_tmem_pld3_260821/d7/Z59_PLD_Control/PLD3Control_Plate1_d7_TMEM561LAMP1640MAP2488DAPI405_F17_F1.nd2,12
10,17020,0,0.0,0.0,17.47538185119629,297431.0,,0.0,0.0868547943830835,True,,Control,F17,1.0,d7,Plate1,/Users/pmihack/claire/tmem_2026/data/cleaved_tmem_pld3_260821/d7/Z59_PLD_Control/PLD3Control_Plate1_d7_TMEM561LAMP1640MAP2488DAPI405_F17_F1.nd2,12
11,8550,2,0.0132163742690058,0.6590159999999999,152.4256134033203,1303239.0,15.040388448329226,0.0,-0.0454923084384315,True,,Control,F17,1.0,d7,Plate1,/Users/pmihack/claire/tmem_2026/data/cleaved_tmem_pld3_260821/d7/Z59_PLD_Control/PLD3Control_Plate1_d7_TMEM561LAMP1640MAP2488DAPI405_F17_F1.nd2,12
12,11617,1,0.0015494533872772,0.2099519999999999,73.22174072265625,850617.0,25.459929573767873,0.0004102904058527,0.0557362070433606,True,,Control,F17,1.0,d7,Plate1,/Users/pmihack/claire/tmem_2026/data/cleaved_tmem_pld3_260821/d7/Z59_PLD_Control/PLD3Control_Plate1_d7_TMEM561LAMP1640MAP2488DAPI405_F17_F1.nd2,12
13,10287,4,0.0930300379119276,2.790612,1045.9022216796875,10759196.0,19.79889065788158,0.0,0.0470138586429547,True,,Control,F17,1.0,d7,Plate1,/Users/pmihack/claire/tmem_2026/data/cleaved_tmem_pld3_260821/d7/Z59_PLD_Control/PLD3Control_Plate1_d7_TMEM561LAMP1640MAP2488DAPI405_F17_F1.nd2,12
14,16914,5,0.0260730755587087,1.0287648,369.2799377441406,6246001.0,14.73018230558563,0.0,0.0486829136144839,True,,Control,F17,1.0,d7,Plate1,/Users/pmihack/claire/tmem_2026/data/cleaved_tmem_pld3_260821/d7/Z59_PLD_Control/PLD3Control_Plate1_d7_TMEM561LAMP1640MAP2488DAPI405_F17_F1.nd2,12
15,21243,11,0.029091936167208,0.6553047272727271,424.38470458984375,9015204.0,16.745409568482035,0.0,0.4200498555291015,True,,Control,F17,1.0,d7,Plate1,/Users/pmihack/claire/tmem_2026/data/cleaved_tmem_pld3_260821/d7/Z59_PLD_Control/PLD3Control_Plate1_d7_TMEM561LAMP1640MAP2488DAPI405_F17_F1.nd2,12
16,8980,0,0.0,0.0,18.97516632080078,170397.0,,0.0,0.0020577993566817,True,,Control,F17,1.0,d7,Plate1,/Users/pmihack/claire/tmem_2026/data/cleaved_tmem_pld3_260821/d7/Z59_PLD_Control/PLD3Control_Plate1_d7_TMEM561LAMP1640MAP2488DAPI405_F17_F1.nd2,12
1,31435,3,0.0284078256720216,3.471984,298.6108703613281,9386833.0,4.827877495028621,0.0,0.2978625654302328,True,,Control,F17,2.0,d7,Plate1,/Users/pmihack/claire/tmem_2026/data/cleaved_tmem_pld3_260821/d7/Z59_PLD_Control/PLD3Control_Plate1_d7_TMEM561LAMP1640MAP2488DAPI405_F17_F2.nd2,10
2,13972,8,0.1514457486401374,3.0851279999999996,1542.404296875,21550472.0,4.701537456170485,0.0,0.3100440248996384,True,,Control,F17,2.0,d7,Plate1,/Users/pmihack/claire/tmem_2026/data/cleaved_tmem_pld3_260821/d7/Z59_PLD_Control/PLD3Control_Plate1_d7_TMEM561LAMP1640MAP2488DAPI405_F17_F2.nd2,10
3,13834,5,0.0472748301286684,1.5256512,529.3764038085938,7323393.0,7.224970042126225,0.0,0.3926560626687655,True,,Control,F17,2.0,d7,Plate1,/Users/pmihack/claire/tmem_2026/data/cleaved_tmem_pld3_260821/d7/Z59_PLD_Control/PLD3Control_Plate1_d7_TMEM561LAMP1640MAP2488DAPI405_F17_F2.nd2,10
4,12612,9,0.0280685061845861,0.4587839999999999,421.5669860839844,5316803.0,11.362597324581468,0.0034800989087671,0.3533289328241467,True,,Control,F17,2.0,d7,Plate1,/Users/pmihack/claire/tmem_2026/data/cleaved_tmem_pld3_260821/d7/Z59_PLD_Control/PLD3Control_Plate1_d7_TMEM561LAMP1640MAP2488DAPI405_F17_F2.nd2,10
5,15964,6,0.0512402906539714,1.590192,529.1382446289062,8447163.0,12.044817513104665,0.0011865522246807,0.1519633984519883,True,,Control,F17,2.0,d7,Plate1,/Users/pmihack/claire/tmem_2026/data/cleaved_tmem_pld3_260821/d7/Z59_PLD_Control/PLD3Control_Plate1_d7_TMEM561LAMP1640MAP2488DAPI405_F17_F2.nd2,10
6,31044,13,0.0255443886097152,0.7115039999999999,343.301513671875,10657452.0,11.304794479786604,0.0,0.3463516697879078,True,,Control,F17,2.0,d7,Plate1,/Users/pmihack/claire/tmem_2026/data/cleaved_tmem_pld3_260821/d7/Z59_PLD_Control/PLD3Control_Plate1_d7_TMEM561LAMP1640MAP2488DAPI405_F17_F2.nd2,10
7,9399,4,0.1089477604000425,2.9859839999999997,1135.9447021484375,10676744.0,21.02077850275554,0.0,0.4069116878338538,True,,Control,F17,2.0,d7,Plate1,/Users/pmihack/claire/tmem_2026/data/cleaved_tmem_pld3_260821/d7/Z59_PLD_Control/PLD3Control_Plate1_d7_TMEM561LAMP1640MAP2488DAPI405_F17_F2.nd2,10
8,9207,5,0.1494515042902139,3.2099328,1807.071044921875,16637703.0,26.10103901448763,0.0,0.3312462656732625,True,,Control,F17,2.0,d7,Plate1,/Users/pmihack/claire/tmem_2026/data/cleaved_tmem_pld3_260821/d7/Z59_PLD_Control/PLD3Control_Plate1_d7_TMEM561LAMP1640MAP2488DAPI405_F17_F2.nd2,10
9,19584,3,0.0743464052287581,5.660927999999999,825.3082275390625,16162836.0,4.964846260703021,0.0,0.5309879642591522,True,,Control,F17,2.0,d7,Plate1,/Users/pmihack/claire/tmem_2026/data/cleaved_tmem_pld3_260821/d7/Z59_PLD_Control/PLD3Control_Plate1_d7_TMEM561LAMP1640MAP2488DAPI405_F17_F2.nd2,10
10,28695,9,0.0815821571702387,3.0339359999999993,863.0731201171875,24765884.0,11.019109526675985,0.0,0.3633376681881526,True,,Control,F17,2.0,d7,Plate1,/Users/pmihack/claire/tmem_2026/data/cleaved_tmem_pld3_260821/d7/Z59_PLD_Control/PLD3Control_Plate1_d7_TMEM561LAMP1640MAP2488DAPI405_F17_F2.nd2,10
11,12299,1,0.0665094723148223,9.541152,740.8369140625,9111553.0,16.56146190933116,0.0,0.4673396032041091,True,,Control,F17,2.0,d7,Plate1,/Users/pmihack/claire/tmem_2026/data/cleaved_tmem_pld3_260821/d7/Z59_PLD_Control/PLD3Control_Plate1_d7_TMEM561LAMP1640MAP2488DAPI405_F17_F2.nd2,10
12,8807,2,0.0014760985579652,0.075816,82.97820281982422,730789.0,19.00988522438392,0.0,-0.0526657390226132,True,,Control,F17,2.0,d7,Plate1,/Users/pmihack/claire/tmem_2026/data/cleaved_tmem_pld3_260821/d7/Z59_PLD_Control/PLD3Control_Plate1_d7_TMEM561LAMP1640MAP2488DAPI405_F17_F2.nd2,10
13,11534,4,0.0347667764869082,1.1693159999999998,412.4039306640625,4756667.0,23.76329528995247,0.0,0.2244699044786669,True,,Control,F17,2.0,d7,Plate1,/Users/pmihack/claire/tmem_2026/data/cleaved_tmem_pld3_260821/d7/Z59_PLD_Control/PLD3Control_Plate1_d7_TMEM561LAMP1640MAP2488DAPI405_F17_F2.nd2,10
14,11596,12,0.1192652638840979,1.3442759999999998,1205.60205078125,13980162.0,33.22934805410639,0.0,0.4908143233540473,True,,Control,F17,2.0,d7,Plate1,/Users/pmihack/claire/tmem_2026/data/cleaved_tmem_pld3_260821/d7/Z59_PLD_Control/PLD3Control_Plate1_d7_TMEM561LAMP1640MAP2488DAPI405_F17_F2.nd2,10
15,19156,6,0.0590415535602422,2.198664,615.904296875,11798263.0,12.564464104570831,2.059625148831401e-05,0.2062288053998381,True,,Control,F17,2.0,d7,Plate1,/Users/pmihack/claire/tmem_2026/data/cleaved_tmem_pld3_260821/d7/Z59_PLD_Control/PLD3Control_Plate1_d7_TMEM561LAMP1640MAP2488DAPI405_F17_F2.nd2,10
16,21762,2,0.0700762797536991,8.893799999999999,631.2950439453125,13738243.0,11.324551036687245,0.0,0.5739516813092447,True,,Control,F17,2.0,d7,Plate1,/Users/pmihack/claire/tmem_2026/data/cleaved_tmem_pld3_260821/d7/Z59_PLD_Control/PLD3Control_Plate1_d7_TMEM561LAMP1640MAP2488DAPI405_F17_F2.nd2,10
17,21569,3,0.0028744958041633,0.241056,65.4742431640625,1412214.0,12.99817982820088,9.913511348713657e-06,0.0999013774494807,True,,Control,F17,2.0,d7,Plate1,/Users/pmihack/claire/tmem_2026/data/cleaved_tmem_pld3_260821/d7/Z59_PLD_Control/PLD3Control_Plate1_d7_TMEM561LAMP1640MAP2488DAPI405_F17_F2.nd2,10
1,8404,2,0.0253450737743931,1.242216,232.55604553222656,1954401.0,1.266224977435753,0.0,-0.0687203885004229,True,,Control,F17,3.0,d7,Plate1,/Users/pmihack/claire/tmem_2026/data/cleaved_tmem_pld3_260821/d7/Z59_PLD_Control/PLD3Control_Plate1_d7_TMEM561LAMP1640MAP2488DAPI405_F17_F3.nd2,12
2,11954,5,0.0359712230215827,1.003104,295.59619140625,3533557.0,10.649819465250228,0.0,-0.0306694339704175,True,,Control,F17,3.0,d7,Plate1,/Users/pmihack/claire/tmem_2026/data/cleaved_tmem_pld3_260821/d7/Z59_PLD_Control/PLD3Control_Plate1_d7_TMEM561LAMP1640MAP2488DAPI405_F17_F3.nd2,12
3,8936,5,0.0721799462846911,1.5046559999999998,527.767333984375,4716129.0,5.64471146098207,0.0,-0.0081636786543671,True,,Control,F17,3.0,d7,Plate1,/Users/pmihack/claire/tmem_2026/data/cleaved_tmem_pld3_260821/d7/Z59_PLD_Control/PLD3Control_Plate1_d7_TMEM561LAMP1640MAP2488DAPI405_F17_F3.nd2,12
4,6692,0,0.0,0.0,82.48102569580078,551963.0,,0.0,-0.0620976882366769,True,,Control,F17,3.0,d7,Plate1,/Users/pmihack/claire/tmem_2026/data/cleaved_tmem_pld3_260821/d7/Z59_PLD_Control/PLD3Control_Plate1_d7_TMEM561LAMP1640MAP2488DAPI405_F17_F3.nd2,12
5,19995,13,0.0530132533133283,0.9510646153846152,402.3074340820313,8044137.0,9.88912958211542,0.0,-0.0083978854227841,True,,Control,F17,3.0,d7,Plate1,/Users/pmihack/claire/tmem_2026/data/cleaved_tmem_pld3_260821/d7/Z59_PLD_Control/PLD3Control_Plate1_d7_TMEM561LAMP1640MAP2488DAPI405_F17_F3.nd2,12
6,16749,3,0.035166278583796,2.290032,271.6026611328125,4549073.0,5.02444116473124,0.0,-0.0759560639691279,True,,Control,F17,3.0,d7,Plate1,/Users/pmihack/claire/tmem_2026/data/cleaved_tmem_pld3_260821/d7/Z59_PLD_Control/PLD3Control_Plate1_d7_TMEM561LAMP1640MAP2488DAPI405_F17_F3.nd2,12
7,8910,7,0.0141414141414141,0.2099519999999999,274.3841857910156,2444763.0,32.000224381304676,0.0,0.01817872540882,True,,Control,F17,3.0,d7,Plate1,/Users/pmihack/claire/tmem_2026/data/cleaved_tmem_pld3_260821/d7/Z59_PLD_Control/PLD3Control_Plate1_d7_TMEM561LAMP1640MAP2488DAPI405_F17_F3.nd2,12
8,8939,4,0.0041391654547488,0.1078919999999999,154.03781127929688,1376944.0,9.769345862122092,0.0,-0.0067120820887524,True,,Control,F17,3.0,d7,Plate1,/Users/pmihack/claire/tmem_2026/data/cleaved_tmem_pld3_260821/d7/Z59_PLD_Control/PLD3Control_Plate1_d7_TMEM561LAMP1640MAP2488DAPI405_F17_F3.nd2,12
9,14717,2,0.0178704899096283,1.5338159999999998,206.41651916503903,3037832.0,23.877911080472845,0.0,-0.0261383546275879,True,,Control,F17,3.0,d7,Plate1,/Users/pmihack/claire/tmem_2026/data/cleaved_tmem_pld3_260821/d7/Z59_PLD_Control/PLD3Control_Plate1_d7_TMEM561LAMP1640MAP2488DAPI405_F17_F3.nd2,12
10,15304,2,0.0743596445373758,6.636816,598.1959228515625,9154790.0,12.352843241230207,0.0,-0.0330698209092845,True,,Control,F17,3.0,d7,Plate1,/Users/pmihack/claire/tmem_2026/data/cleaved_tmem_pld3_260821/d7/Z59_PLD_Control/PLD3Control_Plate1_d7_TMEM561LAMP1640MAP2488DAPI405_F17_F3.nd2,12
11,13237,7,0.0244768452066178,0.5398765714285714,267.6234130859375,3542531.0,20.704308318708268,0.0,0.0762771987130312,False,border,Control,F17,3.0,d7,Plate1,/Users/pmihack/claire/tmem_2026/data/cleaved_tmem_pld3_260821/d7/Z59_PLD_Control/PLD3Control_Plate1_d7_TMEM561LAMP1640MAP2488DAPI405_F17_F3.nd2,12
12,11093,8,0.0188407103578833,0.304722,260.0845642089844,2885118.0,12.199238450288334,0.0,0.0409765034427809,True,,Control,F17,3.0,d7,Plate1,/Users/pmihack/claire/tmem_2026/data/cleaved_tmem_pld3_260821/d7/Z59_PLD_Control/PLD3Control_Plate1_d7_TMEM561LAMP1640MAP2488DAPI405_F17_F3.nd2,12
13,4382,3,0.0814696485623003,1.388016,542.4660034179688,2377086.0,20.4346853811787,0.0,0.0814926979109666,True,,Control,F17,3.0,d7,Plate1,/Users/pmihack/claire/tmem_2026/data/cleaved_tmem_pld3_260821/d7/Z59_PLD_Control/PLD3Control_Plate1_d7_TMEM561LAMP1640MAP2488DAPI405_F17_F3.nd2,12
1,14149,0,0.0,0.0,9.651494979858398,136559.0,,0.0,0.0627347786530204,True,,Control,F17,4.0,d7,Plate1,/Users/pmihack/claire/tmem_2026/data/cleaved_tmem_pld3_260821/d7/Z59_PLD_Control/PLD3Control_Plate1_d7_TMEM561LAMP1640MAP2488DAPI405_F17_F4.nd2,12
2,3925,0,0.0,0.0,16.211719512939453,63631.0,,0.0,0.0339822072585601,True,,Control,F17,4.0,d7,Plate1,/Users/pmihack/claire/tmem_2026/data/cleaved_tmem_pld3_260821/d7/Z59_PLD_Control/PLD3Control_Plate1_d7_TMEM561LAMP1640MAP2488DAPI405_F17_F4.nd2,12
3,14990,11,0.0236824549699799,0.3764290909090909,84.52501678466797,1267030.0,1.7034482776692006,0.0,-0.0031372082470965,True,,Control,F17,4.0,d7,Plate1,/Users/pmihack/claire/tmem_2026/data/cleaved_tmem_pld3_260821/d7/Z59_PLD_Control/PLD3Control_Plate1_d7_TMEM561LAMP1640MAP2488DAPI405_F17_F4.nd2,12
4,13074,9,0.1691907602875937,2.8667519999999995,375.9598388671875,4915299.0,1.378322440215825,0.0,0.1951956169788423,True,,Control,F17,4.0,d7,Plate1,/Users/pmihack/claire/tmem_2026/data/cleaved_tmem_pld3_260821/d7/Z59_PLD_Control/PLD3Control_Plate1_d7_TMEM561LAMP1640MAP2488DAPI405_F17_F4.nd2,12
5,38760,11,0.0087719298245614,0.3605236363636363,38.82195663452149,1504739.0,7.655204150995519,0.0003741512773558,-0.0070862376580588,True,,Control,F17,4.0,d7,Plate1,/Users/pmihack/claire/tmem_2026/data/cleaved_tmem_pld3_260821/d7/Z59_PLD_Control/PLD3Control_Plate1_d7_TMEM561LAMP1640MAP2488DAPI405_F17_F4.nd2,12
6,19470,15,0.0442732408834103,0.6702912,131.35012817382812,2557387.0,4.615814146422028,0.0,-0.0510605540728025,True,,Control,F17,4.0,d7,Plate1,/Users/pmihack/claire/tmem_2026/data/cleaved_tmem_pld3_260821/d7/Z59_PLD_Control/PLD3Control_Plate1_d7_TMEM561LAMP1640MAP2488DAPI405_F17_F4.nd2,12
7,11723,5,0.0131365691375927,0.3592512,65.33182525634766,765885.0,1.102491222472212,0.0,-0.0306218314939304,True,,Control,F17,4.0,d7,Plate1,/Users/pmihack/claire/tmem_2026/data/cleaved_tmem_pld3_260821/d7/Z59_PLD_Control/PLD3Control_Plate1_d7_TMEM561LAMP1640MAP2488DAPI405_F17_F4.nd2,12
8,14539,8,0.0066029300502097,0.1399679999999999,54.24327850341797,788643.0,11.30022720225154,0.0,0.0038551468252009,True,,Control,F17,4.0,d7,Plate1,/Users/pmihack/claire/tmem_2026/data/cleaved_tmem_pld3_260821/d7/Z59_PLD_Control/PLD3Control_Plate1_d7_TMEM561LAMP1640MAP2488DAPI405_F17_F4.nd2,12
9,4733,1,0.0080287344179167,0.4432319999999999,49.59750747680664,234745.0,3.3541197122021345,0.0,-0.0379786758948257,True,,Control,F17,4.0,d7,Plate1,/Users/pmihack/claire/tmem_2026/data/cleaved_tmem_pld3_260821/d7/Z59_PLD_Control/PLD3Control_Plate1_d7_TMEM561LAMP1640MAP2488DAPI405_F17_F4.nd2,12
10,16239,9,0.0657060163803189,1.3828319999999998,163.20758056640625,2650328.0,3.766027029913913,0.0,-0.0244995816715659,True,,Control,F17,4.0,d7,Plate1,/Users/pmihack/claire/tmem_2026/data/cleaved_tmem_pld3_260821/d7/Z59_PLD_Control/PLD3Control_Plate1_d7_TMEM561LAMP1640MAP2488DAPI405_F17_F4.nd2,12
11,12001,4,0.0036663611365719,0.128304,41.17757034301758,494172.0,11.680282698666192,0.0,-0.0501309518794999,True,,Control,F17,4.0,d7,Plate1,/Users/pmihack/claire/tmem_2026/data/cleaved_tmem_pld3_260821/d7/Z59_PLD_Control/PLD3Control_Plate1_d7_TMEM561LAMP1640MAP2488DAPI405_F17_F4.nd2,12
12,7626,6,0.0124573826383425,0.1846799999999999,70.71807098388672,539296.0,33.13800975205975,0.0,0.0035485621712211,True,,Control,F17,4.0,d7,Plate1,/Users/pmihack/claire/tmem_2026/data/cleaved_tmem_pld3_260821/d7/Z59_PLD_Control/PLD3Control_Plate1_d7_TMEM561LAMP1640MAP2488DAPI405_F17_F4.nd2,12
13,12199,8,0.0270513976555455,0.4811399999999999,93.71817016601562,1143268.0,14.185616910508728,0.0,-0.0181807546540627,True,,Control,F17,4.0,d7,Plate1,/Users/pmihack/claire/tmem_2026/data/cleaved_tmem_pld3_260821/d7/Z59_PLD_Control/PLD3Control_Plate1_d7_TMEM561LAMP1640MAP2488DAPI405_F17_F4.nd2,12
14,10690,9,0.0314312441534144,0.435456,103.23535919189452,1103586.0,12.959834975606324,0.0,-0.030170600729569,True,,Control,F17,4.0,d7,Plate1,/Users/pmihack/claire/tmem_2026/data/cleaved_tmem_pld3_260821/d7/Z59_PLD_Control/PLD3Control_Plate1_d7_TMEM561LAMP1640MAP2488DAPI405_F17_F4.nd2,12
15,26439,3,0.0310526116721509,3.192048,82.8376235961914,2190144.0,13.97194989601437,0.0,0.0036588047239052,True,,Control,F17,4.0,d7,Plate1,/Users/pmihack/claire/tmem_2026/data/cleaved_tmem_pld3_260821/d7/Z59_PLD_Control/PLD3Control_Plate1_d7_TMEM561LAMP1640MAP2488DAPI405_F17_F4.nd2,12
16,8416,1,0.0010693916349809,0.1049759999999999,20.412309646606445,171790.0,20.989044533168588,0.0,-0.026532418423142,True,,Control,F17,4.0,d7,Plate1,/Users/pmihack/claire/tmem_2026/data/cleaved_tmem_pld3_260821/d7/Z59_PLD_Control/PLD3Control_Plate1_d7_TMEM561LAMP1640MAP2488DAPI405_F17_F4.nd2,12
17,7783,1,0.000513940639856,0.0466559999999999,17.608505249023438,137047.0,9.004927631256416,0.0,-0.0450961704679754,True,,Control,F17,4.0,d7,Plate1,/Users/pmihack/claire/tmem_2026/data/cleaved_tmem_pld3_260821/d7/Z59_PLD_Control/PLD3Control_Plate1_d7_TMEM561LAMP1640MAP2488DAPI405_F17_F4.nd2,12
18,19179,6,0.0104802127326763,0.390744,69.20590209960938,1327300.0,8.137853263575257,0.0,-0.0111268042315125,True,,Control,F17,4.0,d7,Plate1,/Users/pmihack/claire/tmem_2026/data/cleaved_tmem_pld3_260821/d7/Z59_PLD_Control/PLD3Control_Plate1_d7_TMEM561LAMP1640MAP2488DAPI405_F17_F4.nd2,12
19,9653,0,0.0,0.0,13.679166793823242,132045.0,,0.0,0.0227734012086037,True,,Control,F17,4.0,d7,Plate1,/Users/pmihack/claire/tmem_2026/data/cleaved_tmem_pld3_260821/d7/Z59_PLD_Control/PLD3Control_Plate1_d7_TMEM561LAMP1640MAP2488DAPI405_F17_F4.nd2,12
20,10140,4,0.0028599605522682,0.0845639999999999,36.97150039672851,374891.0,9.427822791800889,0.0,0.0960349015875173,True,,Control,F17,4.0,d7,Plate1,/Users/pmihack/claire/tmem_2026/data/cleaved_tmem_pld3_260821/d7/Z59_PLD_Control/PLD3Control_Plate1_d7_TMEM561LAMP1640MAP2488DAPI405_F17_F4.nd2,12
21,7588,4,0.0027675276752767,0.0612359999999999,37.27886199951172,282872.0,14.44241096271391,0.0,-0.0108178104433496,True,,Control,F17,4.0,d7,Plate1,/Users/pmihack/claire/tmem_2026/data/cleaved_tmem_pld3_260821/d7/Z59_PLD_Control/PLD3Control_Plate1_d7_TMEM561LAMP1640MAP2488DAPI405_F17_F4.nd2,12
22,30405,13,0.0093076796579509,0.2539163076923076,66.36681365966797,2017883.0,6.614002915276814,0.0,0.0246548812460616,True,,Control,F17,4.0,d7,Plate1,/Users/pmihack/claire/tmem_2026/data/cleaved_tmem_pld3_260821/d7/Z59_PLD_Control/PLD3Control_Plate1_d7_TMEM561LAMP1640MAP2488DAPI405_F17_F4.nd2,12
23,22028,5,0.0024514254585073,0.1259712,53.81678009033203,1185476.0,7.154429581245354,0.0,0.0500962937907718,True,,Control,F17,4.0,d7,Plate1,/Users/pmihack/claire/tmem_2026/data/cleaved_tmem_pld3_260821/d7/Z59_PLD_Control/PLD3Control_Plate1_d7_TMEM561LAMP1640MAP2488DAPI405_F17_F4.nd2,12
24,15527,5,0.0078572808655889,0.2846015999999999,44.82379150390625,695979.0,11.505110175852812,0.0,-0.0348173833588382,True,,Control,F17,4.0,d7,Plate1,/Users/pmihack/claire/tmem_2026/data/cleaved_tmem_pld3_260821/d7/Z59_PLD_Control/PLD3Control_Plate1_d7_TMEM561LAMP1640MAP2488DAPI405_F17_F4.nd2,12
25,11939,5,0.0174218946310411,0.4852224,73.87335968017578,881974.0,10.801034856355331,0.0015556013677269,-0.0066482186211061,True,,Control,F17,4.0,d7,Plate1,/Users/pmihack/claire/tmem_2026/data/cleaved_tmem_pld3_260821/d7/Z59_PLD_Control/PLD3Control_Plate1_d7_TMEM561LAMP1640MAP2488DAPI405_F17_F4.nd2,12
26,10603,5,0.0356502876544374,0.8817983999999999,94.46986389160156,1001664.0,19.562612075560068,0.0,0.0103514099376518,True,,Control,F17,4.0,d7,Plate1,/Users/pmihack/claire/tmem_2026/data/cleaved_tmem_pld3_260821/d7/Z59_PLD_Control/PLD3Control_Plate1_d7_TMEM561LAMP1640MAP2488DAPI405_F17_F4.nd2,12
27,9911,0,0.0,0.0,10.88790225982666,107910.0,,0.0,0.1289896688538989,False,border,Control,F17,4.0,d7,Plate1,/Users/pmihack/claire/tmem_2026/data/cleaved_tmem_pld3_260821/d7/Z59_PLD_Control/PLD3Control_Plate1_d7_TMEM561LAMP1640MAP2488DAPI405_F17_F4.nd2,12
1,17820,4,0.0170594837261503,0.8864639999999999,283.3534240722656,5049358.0,10.135991774468891,0.0,0.3141712379482615,True,,Control,G17,1.0,d7,Plate1,/Users/pmihack/claire/tmem_2026/data/cleaved_tmem_pld3_260821/d7/Z59_PLD_Control/PLD3Control_Plate1_d7_TMEM561LAMP1640MAP2488DAPI405_G17_F1.nd2,11
2,9528,4,0.1108312342569269,3.079296,1015.184326171875,9672676.0,12.448602519565783,0.0,0.4340539683817615,True,,Control,G17,1.0,d7,Plate1,/Users/pmihack/claire/tmem_2026/data/cleaved_tmem_pld3_260821/d7/Z59_PLD_Control/PLD3Control_Plate1_d7_TMEM561LAMP1640MAP2488DAPI405_G17_F1.nd2,11
3,10475,7,0.1028162291169451,1.794589714285714,1040.274658203125,10896877.0,5.418688565150374,0.0,0.4244890301511083,True,,Control,G17,1.0,d7,Plate1,/Users/pmihack/claire/tmem_2026/data/cleaved_tmem_pld3_260821/d7/Z59_PLD_Control/PLD3Control_Plate1_d7_TMEM561LAMP1640MAP2488DAPI405_G17_F1.nd2,11
4,13388,7,0.0347325963549447,0.7748228571428571,414.83209228515625,5553772.0,15.74626050857908,0.0,0.4060182899091059,True,,Control,G17,1.0,d7,Plate1,/Users/pmihack/claire/tmem_2026/data/cleaved_tmem_pld3_260821/d7/Z59_PLD_Control/PLD3Control_Plate1_d7_TMEM561LAMP1640MAP2488DAPI405_G17_F1.nd2,11
5,19630,4,0.0024452368823229,0.1399679999999999,150.73855590820312,2958998.0,18.14364048910816,0.0,0.3223258900071839,True,,Control,G17,1.0,d7,Plate1,/Users/pmihack/claire/tmem_2026/data/cleaved_tmem_pld3_260821/d7/Z59_PLD_Control/PLD3Control_Plate1_d7_TMEM561LAMP1640MAP2488DAPI405_G17_F1.nd2,11
6,14019,0,0.0,0.0,8.696625709533691,121918.0,,0.0,0.0829108432421953,True,,Control,G17,1.0,d7,Plate1,/Users/pmihack/claire/tmem_2026/data/cleaved_tmem_pld3_260821/d7/Z59_PLD_Control/PLD3Control_Plate1_d7_TMEM561LAMP1640MAP2488DAPI405_G17_F1.nd2,11
7,11680,1,0.0007705479452054,0.1049759999999999,72.28484344482422,844287.0,1.0126693156504898,0.0,-0.0095383256732261,True,,Control,G17,1.0,d7,Plate1,/Users/pmihack/claire/tmem_2026/data/cleaved_tmem_pld3_260821/d7/Z59_PLD_Control/PLD3Control_Plate1_d7_TMEM561LAMP1640MAP2488DAPI405_G17_F1.nd2,11
8,14983,8,0.0219582193152239,0.4796819999999999,310.5528259277344,4653013.0,0.9735825950408556,0.0,0.3142472419250302,True,,Control,G17,1.0,d7,Plate1,/Users/pmihack/claire/tmem_2026/data/cleaved_tmem_pld3_260821/d7/Z59_PLD_Control/PLD3Control_Plate1_d7_TMEM561LAMP1640MAP2488DAPI405_G17_F1.nd2,11
9,20676,14,0.0450280518475527,0.7756559999999999,510.546875,10556067.0,5.596198892196281,0.0,0.3681167630244146,True,,Control,G17,1.0,d7,Plate1,/Users/pmihack/claire/tmem_2026/data/cleaved_tmem_pld3_260821/d7/Z59_PLD_Control/PLD3Control_Plate1_d7_TMEM561LAMP1640MAP2488DAPI405_G17_F1.nd2,11
10,9052,9,0.0578877596111356,0.6791039999999999,595.5282592773438,5390722.0,1.1080428673994145,0.0,0.3343306530159771,True,,Control,G17,1.0,d7,Plate1,/Users/pmihack/claire/tmem_2026/data/cleaved_tmem_pld3_260821/d7/Z59_PLD_Control/PLD3Control_Plate1_d7_TMEM561LAMP1640MAP2488DAPI405_G17_F1.nd2,11
11,15078,5,0.0411858336649423,1.4486688,412.8197326660156,6224496.0,2.105408138255309,0.0,0.3144767527303074,True,,Control,G17,1.0,d7,Plate1,/Users/pmihack/claire/tmem_2026/data/cleaved_tmem_pld3_260821/d7/Z59_PLD_Control/PLD3Control_Plate1_d7_TMEM561LAMP1640MAP2488DAPI405_G17_F1.nd2,11
12,12985,6,0.0948016942626107,2.393064,816.0985717773438,10597040.0,3.4451323505695814,0.0,0.528735179837342,True,,Control,G17,1.0,d7,Plate1,/Users/pmihack/claire/tmem_2026/data/cleaved_tmem_pld3_260821/d7/Z59_PLD_Control/PLD3Control_Plate1_d7_TMEM561LAMP1640MAP2488DAPI405_G17_F1.nd2,11
13,21077,11,0.0378611756891398,0.8461701818181817,407.09423828125,8580325.0,8.788255005692037,0.0,0.4361754770653833,True,,Control,G17,1.0,d7,Plate1,/Users/pmihack/claire/tmem_2026/data/cleaved_tmem_pld3_260821/d7/Z59_PLD_Control/PLD3Control_Plate1_d7_TMEM561LAMP1640MAP2488DAPI405_G17_F1.nd2,11
14,34353,28,0.0990306523447733,1.417176,1299.094970703125,44627808.0,2.791261355558152,0.0,0.2622858973623258,True,,Control,G17,1.0,d7,Plate1,/Users/pmihack/claire/tmem_2026/data/cleaved_tmem_pld3_260821/d7/Z59_PLD_Control/PLD3Control_Plate1_d7_TMEM561LAMP1640MAP2488DAPI405_G17_F1.nd2,11
15,13597,13,0.1077443553725086,1.3144430769230768,1000.3331909179688,13601530.0,5.365711251385039,0.0,0.2086433519311035,True,,Control,G17,1.0,d7,Plate1,/Users/pmihack/claire/tmem_2026/data/cleaved_tmem_pld3_260821/d7/Z59_PLD_Control/PLD3Control_Plate1_d7_TMEM561LAMP1640MAP2488DAPI405_G17_F1.nd2,11
16,12816,15,0.1410736579275905,1.4059008,1406.3843994140625,18024222.0,13.365169974682903,0.0,0.344216318207548,True,,Control,G17,1.0,d7,Plate1,/Users/pmihack/claire/tmem_2026/data/cleaved_tmem_pld3_260821/d7/Z59_PLD_Control/PLD3Control_Plate1_d7_TMEM561LAMP1640MAP2488DAPI405_G17_F1.nd2,11
17,14023,7,0.0841474720102688,1.9662171428571429,809.1982421875,11347387.0,15.336091045813086,0.0,0.322842772262992,True,,Control,G17,1.0,d7,Plate1,/Users/pmihack/claire/tmem_2026/data/cleaved_tmem_pld3_260821/d7/Z59_PLD_Control/PLD3Control_Plate1_d7_TMEM561LAMP1640MAP2488DAPI405_G17_F1.nd2,11
18,10950,4,0.0378995433789954,1.21014,487.6552429199219,5339825.0,28.369572783550815,0.0,0.2413541813990223,True,,Control,G17,1.0,d7,Plate1,/Users/pmihack/claire/tmem_2026/data/cleaved_tmem_pld3_260821/d7/Z59_PLD_Control/PLD3Control_Plate1_d7_TMEM561LAMP1640MAP2488DAPI405_G17_F1.nd2,11
1,8317,8,0.0169532283275219,0.2055779999999999,183.1435546875,1523205.0,25.59080363375321,0.0,0.0537752447900892,True,,Control,G17,2.0,d7,Plate1,/Users/pmihack/claire/tmem_2026/data/cleaved_tmem_pld3_260821/d7/Z59_PLD_Control/PLD3Control_Plate1_d7_TMEM561LAMP1640MAP2488DAPI405_G17_F2.nd2,12
2,29995,9,0.0188698116352725,0.7335359999999999,201.00750732421875,6029220.0,9.957116465229763,0.0,-0.0160749859845262,True,,Control,G17,2.0,d7,Plate1,/Users/pmihack/claire/tmem_2026/data/cleaved_tmem_pld3_260821/d7/Z59_PLD_Control/PLD3Control_Plate1_d7_TMEM561LAMP1640MAP2488DAPI405_G17_F2.nd2,12
3,9496,10,0.0373841617523167,0.4140719999999999,290.39996337890625,2757638.0,14.826841414848994,0.0,0.0084899872750656,True,,Control,G17,2.0,d7,Plate1,/Users/pmihack/claire/tmem_2026/data/cleaved_tmem_pld3_260821/d7/Z59_PLD_Control/PLD3Control_Plate1_d7_TMEM561LAMP1640MAP2488DAPI405_G17_F2.nd2,12
4,16903,2,0.0445483050346092,4.391496,262.2525634765625,4432855.0,11.556322195562206,0.0,-0.0331995409317623,True,,Control,G17,2.0,d7,Plate1,/Users/pmihack/claire/tmem_2026/data/cleaved_tmem_pld3_260821/d7/Z59_PLD_Control/PLD3Control_Plate1_d7_TMEM561LAMP1640MAP2488DAPI405_G17_F2.nd2,12
5,22630,16,0.0704816615112682,1.162755,390.41839599609375,8835168.0,14.925424782376671,0.0,0.0663149946787087,True,,Control,G17,2.0,d7,Plate1,/Users/pmihack/claire/tmem_2026/data/cleaved_tmem_pld3_260821/d7/Z59_PLD_Control/PLD3Control_Plate1_d7_TMEM561LAMP1640MAP2488DAPI405_G17_F2.nd2,12
6,14717,1,0.0355371339267513,6.1002719999999995,210.8740234375,3103433.0,11.897141511613016,0.0,0.0342874774503243,True,,Control,G17,2.0,d7,Plate1,/Users/pmihack/claire/tmem_2026/data/cleaved_tmem_pld3_260821/d7/Z59_PLD_Control/PLD3Control_Plate1_d7_TMEM561LAMP1640MAP2488DAPI405_G17_F2.nd2,12
7,23305,16,0.0243724522634627,0.4140719999999999,311.0291748046875,7248535.0,8.48748491364397,0.0,-0.0178350961527099,True,,Control,G17,2.0,d7,Plate1,/Users/pmihack/claire/tmem_2026/data/cleaved_tmem_pld3_260821/d7/Z59_PLD_Control/PLD3Control_Plate1_d7_TMEM561LAMP1640MAP2488DAPI405_G17_F2.nd2,12
8,19994,9,0.0078023407022106,0.2021759999999999,85.96849060058594,1718854.0,11.295656375364755,0.0,-0.0036167674522087,True,,Control,G17,2.0,d7,Plate1,/Users/pmihack/claire/tmem_2026/data/cleaved_tmem_pld3_260821/d7/Z59_PLD_Control/PLD3Control_Plate1_d7_TMEM561LAMP1640MAP2488DAPI405_G17_F2.nd2,12
9,18491,5,0.0135741712184305,0.5855328,222.38153076171875,4112057.0,13.105156142427974,0.0,0.0185990818157385,True,,Control,G17,2.0,d7,Plate1,/Users/pmihack/claire/tmem_2026/data/cleaved_tmem_pld3_260821/d7/Z59_PLD_Control/PLD3Control_Plate1_d7_TMEM561LAMP1640MAP2488DAPI405_G17_F2.nd2,12
10,25783,15,0.048675483845945,0.975888,336.0404968261719,8664132.0,19.400678111363987,0.0,0.0023898242894714,True,,Control,G17,2.0,d7,Plate1,/Users/pmihack/claire/tmem_2026/data/cleaved_tmem_pld3_260821/d7/Z59_PLD_Control/PLD3Control_Plate1_d7_TMEM561LAMP1640MAP2488DAPI405_G17_F2.nd2,12
11,11846,4,0.0771568461928077,2.665224,409.74456787109375,4853834.0,25.51795283283496,0.0,-0.0277824435570244,True,,Control,G17,2.0,d7,Plate1,/Users/pmihack/claire/tmem_2026/data/cleaved_tmem_pld3_260821/d7/Z59_PLD_Control/PLD3Control_Plate1_d7_TMEM561LAMP1640MAP2488DAPI405_G17_F2.nd2,12
12,16882,3,0.0421750977372349,2.768256,224.3185577392578,3786946.0,14.188424877487552,0.0,-0.0434218754559213,True,,Control,G17,2.0,d7,Plate1,/Users/pmihack/claire/tmem_2026/data/cleaved_tmem_pld3_260821/d7/Z59_PLD_Control/PLD3Control_Plate1_d7_TMEM561LAMP1640MAP2488DAPI405_G17_F2.nd2,12
13,12052,7,0.0207434450713574,0.4165714285714285,178.13458251953125,2146878.0,15.470481436479004,0.0,0.0740658482236969,True,,Control,G17,2.0,d7,Plate1,/Users/pmihack/claire/tmem_2026/data/cleaved_tmem_pld3_260821/d7/Z59_PLD_Control/PLD3Control_Plate1_d7_TMEM561LAMP1640MAP2488DAPI405_G17_F2.nd2,12
1,18355,25,0.1583219831108689,1.3558233599999998,1483.3912353515625,27227646.0,13.45274982985741,0.0,0.1678429699911259,True,,Control,G17,3.0,d7,Plate1,/Users/pmihack/claire/tmem_2026/data/cleaved_tmem_pld3_260821/d7/Z59_PLD_Control/PLD3Control_Plate1_d7_TMEM561LAMP1640MAP2488DAPI405_G17_F3.nd2,12
2,12587,4,0.0112814808929848,0.4140719999999999,197.09962463378903,2480893.0,20.17119142107313,0.0,-0.0005860112152342,True,,Control,G17,3.0,d7,Plate1,/Users/pmihack/claire/tmem_2026/data/cleaved_tmem_pld3_260821/d7/Z59_PLD_Control/PLD3Control_Plate1_d7_TMEM561LAMP1640MAP2488DAPI405_G17_F3.nd2,12
3,25729,4,0.0444245792685296,3.332988,429.3392333984375,11046469.0,5.642292185837707,0.0,0.2852345679272801,True,,Control,G17,3.0,d7,Plate1,/Users/pmihack/claire/tmem_2026/data/cleaved_tmem_pld3_260821/d7/Z59_PLD_Control/PLD3Control_Plate1_d7_TMEM561LAMP1640MAP2488DAPI405_G17_F3.nd2,12
4,13550,7,0.0991881918819188,2.2394879999999997,817.5698852539062,11078072.0,13.574044471684433,0.0,0.2620183201178345,True,,Control,G17,3.0,d7,Plate1,/Users/pmihack/claire/tmem_2026/data/cleaved_tmem_pld3_260821/d7/Z59_PLD_Control/PLD3Control_Plate1_d7_TMEM561LAMP1640MAP2488DAPI405_G17_F3.nd2,12
5,23826,10,0.0517921598254008,1.4393376,493.4358825683594,11756603.0,7.914533466133389,0.0,0.1862247119298975,True,,Control,G17,3.0,d7,Plate1,/Users/pmihack/claire/tmem_2026/data/cleaved_tmem_pld3_260821/d7/Z59_PLD_Control/PLD3Control_Plate1_d7_TMEM561LAMP1640MAP2488DAPI405_G17_F3.nd2,12
6,33014,11,0.0682740655479493,2.390059636363636,718.177978515625,23709928.0,9.673373968212577,1.2990339200769084e-05,0.0449844806833662,True,,Control,G17,3.0,d7,Plate1,/Users/pmihack/claire/tmem_2026/data/cleaved_tmem_pld3_260821/d7/Z59_PLD_Control/PLD3Control_Plate1_d7_TMEM561LAMP1640MAP2488DAPI405_G17_F3.nd2,12
7,23010,6,0.0238591916558018,1.067256,300.097900390625,6905253.0,10.700786863553738,0.0,0.0535026025701644,True,,Control,G17,3.0,d7,Plate1,/Users/pmihack/claire/tmem_2026/data/cleaved_tmem_pld3_260821/d7/Z59_PLD_Control/PLD3Control_Plate1_d7_TMEM561LAMP1640MAP2488DAPI405_G17_F3.nd2,12
8,9147,6,0.1135891549141795,2.0198159999999996,973.05224609375,8900509.0,27.364907643421382,0.0,0.4353245759121438,True,,Control,G17,3.0,d7,Plate1,/Users/pmihack/claire/tmem_2026/data/cleaved_tmem_pld3_260821/d7/Z59_PLD_Control/PLD3Control_Plate1_d7_TMEM561LAMP1640MAP2488DAPI405_G17_F3.nd2,12
9,7034,7,0.1936309354563548,2.269481142857143,1593.376708984375,11207812.0,16.06280227427082,0.0,0.4933499890307856,True,,Control,G17,3.0,d7,Plate1,/Users/pmihack/claire/tmem_2026/data/cleaved_tmem_pld3_260821/d7/Z59_PLD_Control/PLD3Control_Plate1_d7_TMEM561LAMP1640MAP2488DAPI405_G17_F3.nd2,12
10,26450,20,0.0926654064272211,1.4294231999999998,803.890380859375,21262900.0,10.820962951355517,0.0,0.2809557987453798,True,,Control,G17,3.0,d7,Plate1,/Users/pmihack/claire/tmem_2026/data/cleaved_tmem_pld3_260821/d7/Z59_PLD_Control/PLD3Control_Plate1_d7_TMEM561LAMP1640MAP2488DAPI405_G17_F3.nd2,12
11,9174,14,0.1462829736211031,1.1180777142857143,1391.231689453125,12763159.0,15.33283222965176,0.0,0.1389704228120217,True,,Control,G17,3.0,d7,Plate1,/Users/pmihack/claire/tmem_2026/data/cleaved_tmem_pld3_260821/d7/Z59_PLD_Control/PLD3Control_Plate1_d7_TMEM561LAMP1640MAP2488DAPI405_G17_F3.nd2,12
12,14998,12,0.0372049606614215,0.542376,475.5336608886719,7132054.0,22.06763277950277,0.0,0.2847530295198839,True,,Control,G17,3.0,d7,Plate1,/Users/pmihack/claire/tmem_2026/data/cleaved_tmem_pld3_260821/d7/Z59_PLD_Control/PLD3Control_Plate1_d7_TMEM561LAMP1640MAP2488DAPI405_G17_F3.nd2,12
13,20000,10,0.10285,2.3992848,902.9370727539062,18058742.0,14.190129260175723,0.0,0.0863826266479801,True,,Control,G17,3.0,d7,Plate1,/Users/pmihack/claire/tmem_2026/data/cleaved_tmem_pld3_260821/d7/Z59_PLD_Control/PLD3Control_Plate1_d7_TMEM561LAMP1640MAP2488DAPI405_G17_F3.nd2,12
14,8338,14,0.0904293595586471,0.6281897142857142,1013.3518676757812,8449328.0,15.999026408318825,0.0,-0.0201118453701879,True,,Control,G17,3.0,d7,Plate1,/Users/pmihack/claire/tmem_2026/data/cleaved_tmem_pld3_260821/d7/Z59_PLD_Control/PLD3Control_Plate1_d7_TMEM561LAMP1640MAP2488DAPI405_G17_F3.nd2,12
15,19336,6,0.0588022341745966,2.2103279999999996,588.8239135742188,11385499.0,11.676241899496508,0.0,0.0815541791258578,True,,Control,G17,3.0,d7,Plate1,/Users/pmihack/claire/tmem_2026/data/cleaved_tmem_pld3_260821/d7/Z59_PLD_Control/PLD3Control_Plate1_d7_TMEM561LAMP1640MAP2488DAPI405_G17_F3.nd2,12
16,5931,0,0.0,0.0,79.4076919555664,470967.0,,0.0,-0.1114785675501696,True,,Control,G17,3.0,d7,Plate1,/Users/pmihack/claire/tmem_2026/data/cleaved_tmem_pld3_260821/d7/Z59_PLD_Control/PLD3Control_Plate1_d7_TMEM561LAMP1640MAP2488DAPI405_G17_F3.nd2,12
17,13281,11,0.0802650402831112,1.1303476363636362,738.7597045898438,9811468.0,32.39265648425393,0.0,0.3132291335132511,True,,Control,G17,3.0,d7,Plate1,/Users/pmihack/claire/tmem_2026/data/cleaved_tmem_pld3_260821/d7/Z59_PLD_Control/PLD3Control_Plate1_d7_TMEM561LAMP1640MAP2488DAPI405_G17_F3.nd2,12
1,13005,12,0.1363321799307958,1.723356,1711.96484375,22264102.0,10.620345497008914,0.0021925428882241,0.0165943350640881,True,,Control,G17,4.0,d7,Plate1,/Users/pmihack/claire/tmem_2026/data/cleaved_tmem_pld3_260821/d7/Z59_PLD_Control/PLD3Control_Plate1_d7_TMEM561LAMP1640MAP2488DAPI405_G17_F4.nd2,14
2,29728,7,0.0654938105489773,3.244258285714286,796.951416015625,23691772.0,18.3843935636831,0.0,0.2792721034792267,True,,Control,G17,4.0,d7,Plate1,/Users/pmihack/claire/tmem_2026/data/cleaved_tmem_pld3_260821/d7/Z59_PLD_Control/PLD3Control_Plate1_d7_TMEM561LAMP1640MAP2488DAPI405_G17_F4.nd2,14
3,13066,2,0.0021429664778815,0.163296,241.3199920654297,3153087.0,10.511408530145117,0.0,0.1186428882154113,True,,Control,G17,4.0,d7,Plate1,/Users/pmihack/claire/tmem_2026/data/cleaved_tmem_pld3_260821/d7/Z59_PLD_Control/PLD3Control_Plate1_d7_TMEM561LAMP1640MAP2488DAPI405_G17_F4.nd2,14
4,6285,2,0.0103420843277645,0.37908,362.9498901367187,2281140.0,24.31348769221944,0.0,0.1810150227188952,True,,Control,G17,4.0,d7,Plate1,/Users/pmihack/claire/tmem_2026/data/cleaved_tmem_pld3_260821/d7/Z59_PLD_Control/PLD3Control_Plate1_d7_TMEM561LAMP1640MAP2488DAPI405_G17_F4.nd2,14
5,9183,5,0.02156158118262,0.4618944,414.75238037109375,3808671.0,4.672186092160902,0.0,0.0978123792842072,True,,Control,G17,4.0,d7,Plate1,/Users/pmihack/claire/tmem_2026/data/cleaved_tmem_pld3_260821/d7/Z59_PLD_Control/PLD3Control_Plate1_d7_TMEM561LAMP1640MAP2488DAPI405_G17_F4.nd2,14
6,10107,1,0.0013851785890966,0.163296,122.20807647705078,1235157.0,25.91100546559349,0.0,-0.0173356718989727,True,,Control,G17,4.0,d7,Plate1,/Users/pmihack/claire/tmem_2026/data/cleaved_tmem_pld3_260821/d7/Z59_PLD_Control/PLD3Control_Plate1_d7_TMEM561LAMP1640MAP2488DAPI405_G17_F4.nd2,14
7,8027,7,0.0754952036875545,1.0097691428571427,896.9686279296875,7199967.0,9.37508406471098,0.0,0.3599693198775974,True,,Control,G17,4.0,d7,Plate1,/Users/pmihack/claire/tmem_2026/data/cleaved_tmem_pld3_260821/d7/Z59_PLD_Control/PLD3Control_Plate1_d7_TMEM561LAMP1640MAP2488DAPI405_G17_F4.nd2,14
8,28689,8,0.0405033288019798,1.6941959999999998,516.7150268554688,14824037.0,2.899309945380562,2.165402111131698e-05,0.0310555033580476,True,,Control,G17,4.0,d7,Plate1,/Users/pmihack/claire/tmem_2026/data/cleaved_tmem_pld3_260821/d7/Z59_PLD_Control/PLD3Control_Plate1_d7_TMEM561LAMP1640MAP2488DAPI405_G17_F4.nd2,14
9,9071,3,0.1704332488149046,6.010848,1969.0892333984375,17861608.0,25.9499514817758,0.0001093406608561,0.0073211595531649,True,,Control,G17,4.0,d7,Plate1,/Users/pmihack/claire/tmem_2026/data/cleaved_tmem_pld3_260821/d7/Z59_PLD_Control/PLD3Control_Plate1_d7_TMEM561LAMP1640MAP2488DAPI405_G17_F4.nd2,14
10,10143,12,0.0287883269249728,0.2838239999999999,568.9341430664062,5770699.0,25.61328094760193,0.0,0.0769986669620582,True,,Control,G17,4.0,d7,Plate1,/Users/pmihack/claire/tmem_2026/data/cleaved_tmem_pld3_260821/d7/Z59_PLD_Control/PLD3Control_Plate1_d7_TMEM561LAMP1640MAP2488DAPI405_G17_F4.nd2,14
11,19843,14,0.1170185959784306,1.9345577142857144,1373.264892578125,27249696.0,4.165555982092118,9.467995369050186e-06,0.0263926617288322,True,,Control,G17,4.0,d7,Plate1,/Users/pmihack/claire/tmem_2026/data/cleaved_tmem_pld3_260821/d7/Z59_PLD_Control/PLD3Control_Plate1_d7_TMEM561LAMP1640MAP2488DAPI405_G17_F4.nd2,14
12,15774,8,0.1102447064790161,2.535462,1904.67431640625,30044332.0,27.1312861335006,0.00018995263963,0.0344590452870638,False,border,Control,G17,4.0,d7,Plate1,/Users/pmihack/claire/tmem_2026/data/cleaved_tmem_pld3_260821/d7/Z59_PLD_Control/PLD3Control_Plate1_d7_TMEM561LAMP1640MAP2488DAPI405_G17_F4.nd2,14
13,14089,3,0.113066931648804,6.1935839999999995,1579.04638671875,22247184.0,9.091721963942012,0.0,0.1998690778776261,True,,Control,G17,4.0,d7,Plate1,/Users/pmihack/claire/tmem_2026/data/cleaved_tmem_pld3_260821/d7/Z59_PLD_Control/PLD3Control_Plate1_d7_TMEM561LAMP1640MAP2488DAPI405_G17_F4.nd2,14
14,11813,4,0.1030220943028866,3.5487719999999996,1178.0311279296875,13916081.0,16.53190610359721,0.0,0.3990319982296615,True,,Control,G17,4.0,d7,Plate1,/Users/pmihack/claire/tmem_2026/data/cleaved_tmem_pld3_260821/d7/Z59_PLD_Control/PLD3Control_Plate1_d7_TMEM561LAMP1640MAP2488DAPI405_G17_F4.nd2,14
15,9230,1,0.0594799566630552,6.403536,1350.7813720703125,12467712.0,14.51637976667094,2.6067333237733692e-05,0.0395323485476154,True,,Control,G17,4.0,d7,Plate1,/Users/pmihack/claire/tmem_2026/data/cleaved_tmem_pld3_260821/d7/Z59_PLD_Control/PLD3Control_Plate1_d7_TMEM561LAMP1640MAP2488DAPI405_G17_F4.nd2,14
16,10241,4,0.1365101064349184,4.076568,1542.74072265625,15799208.0,19.95705054208187,0.0,0.2432436109714369,True,,Control,G17,4.0,d7,Plate1,/Users/pmihack/claire/tmem_2026/data/cleaved_tmem_pld3_260821/d7/Z59_PLD_Control/PLD3Control_Plate1_d7_TMEM561LAMP1640MAP2488DAPI405_G17_F4.nd2,14
17,6938,4,0.0256558085903718,0.519048,682.4756469726562,4735016.0,15.15585881187016,0.0,0.147347835322474,True,,Control,G17,4.0,d7,Plate1,/Users/pmihack/claire/tmem_2026/data/cleaved_tmem_pld3_260821/d7/Z59_PLD_Control/PLD3Control_Plate1_d7_TMEM561LAMP1640MAP2488DAPI405_G17_F4.nd2,14
18,8773,9,0.1543371708651544,1.754784,1885.800048828125,16544124.0,17.358798833277294,4.835553681914462e-07,0.0759409009064043,True,,Control,G17,4.0,d7,Plate1,/Users/pmihack/claire/tmem_2026/data/cleaved_tmem_pld3_260821/d7/Z59_PLD_Control/PLD3Control_Plate1_d7_TMEM561LAMP1640MAP2488DAPI405_G17_F4.nd2,14
19,11988,3,0.0900066733400066,4.195152,1475.279052734375,17685646.0,14.722123341121062,0.0,0.5671071094463792,True,,Control,G17,4.0,d7,Plate1,/Users/pmihack/claire/tmem_2026/data/cleaved_tmem_pld3_260821/d7/Z59_PLD_Control/PLD3Control_Plate1_d7_TMEM561LAMP1640MAP2488DAPI405_G17_F4.nd2,14
20,9228,1,0.1132423060251408,12.18888,1519.5859375,14022739.0,11.4435505226728,0.0,0.3038261519261254,True,,Control,G17,4.0,d7,Plate1,/Users/pmihack/claire/tmem_2026/data/cleaved_tmem_pld3_260821/d7/Z59_PLD_Control/PLD3Control_Plate1_d7_TMEM561LAMP1640MAP2488DAPI405_G17_F4.nd2,14
21,10806,6,0.0469183786785119,0.985608,639.1097412109375,6906220.0,35.474699830580526,0.0,0.3599576961686634,True,,Control,G17,4.0,d7,Plate1,/Users/pmihack/claire/tmem_2026/data/cleaved_tmem_pld3_260821/d7/Z59_PLD_Control/PLD3Control_Plate1_d7_TMEM561LAMP1640MAP2488DAPI405_G17_F4.nd2,14
22,10945,7,0.1174052078574691,2.141177142857143,1411.7889404296875,15452030.0,15.20787334401066,4.911976066068746e-05,0.0820751464556784,True,,Control,G17,4.0,d7,Plate1,/Users/pmihack/claire/tmem_2026/data/cleaved_tmem_pld3_260821/d7/Z59_PLD_Control/PLD3Control_Plate1_d7_TMEM561LAMP1640MAP2488DAPI405_G17_F4.nd2,14
23,6840,7,0.035672514619883,0.4065737142857142,607.0816040039062,4152438.0,24.650483502587747,0.0,0.6996630078220244,True,,Control,G17,4.0,d7,Plate1,/Users/pmihack/claire/tmem_2026/data/cleaved_tmem_pld3_260821/d7/Z59_PLD_Control/PLD3Control_Plate1_d7_TMEM561LAMP1640MAP2488DAPI405_G17_F4.nd2,14
24,12256,2,0.0178687989556135,1.277208,330.03369140625,4044893.0,16.957284491406785,0.0,0.311721734351353,False,border,Control,G17,4.0,d7,Plate1,/Users/pmihack/claire/tmem_2026/data/cleaved_tmem_pld3_260821/d7/Z59_PLD_Control/PLD3Control_Plate1_d7_TMEM561LAMP1640MAP2488DAPI405_G17_F4.nd2,14
25,7825,2,0.002811501597444,0.128304,91.3041534423828,714455.0,20.324643412945093,0.0,0.1830316311371772,False,border,Control,G17,4.0,d7,Plate1,/Users/pmihack/claire/tmem_2026/data/cleaved_tmem_pld3_260821/d7/Z59_PLD_Control/PLD3Control_Plate1_d7_TMEM561LAMP1640MAP2488DAPI405_G17_F4.nd2,14
1,13971,3,0.150883973946031,8.195903999999999,1261.9921875,17631292.0,10.047578840323668,0.0002772910811472,0.0070931904485839,True,,Control,H17,1.0,d7,Plate1,/Users/pmihack/claire/tmem_2026/data/cleaved_tmem_pld3_260821/d7/Z59_PLD_Control/PLD3Control_Plate1_d7_TMEM561LAMP1640MAP2488DAPI405_H17_F1.nd2,14
2,380,0,0.0,0.0,28.094736099243164,10676.0,,0.0,-0.0118937585569489,False,size_outlier,Control,H17,1.0,d7,Plate1,/Users/pmihack/claire/tmem_2026/data/cleaved_tmem_pld3_260821/d7/Z59_PLD_Control/PLD3Control_Plate1_d7_TMEM561LAMP1640MAP2488DAPI405_H17_F1.nd2,14
3,425,0,0.0,0.0,33.6588249206543,14305.0,,0.0,-0.1612351941545094,False,size_outlier,Control,H17,1.0,d7,Plate1,/Users/pmihack/claire/tmem_2026/data/cleaved_tmem_pld3_260821/d7/Z59_PLD_Control/PLD3Control_Plate1_d7_TMEM561LAMP1640MAP2488DAPI405_H17_F1.nd2,14
4,545,0,0.0,0.0,31.027523040771484,16910.0,,0.0,0.0090934802828568,False,size_outlier,Control,H17,1.0,d7,Plate1,/Users/pmihack/claire/tmem_2026/data/cleaved_tmem_pld3_260821/d7/Z59_PLD_Control/PLD3Control_Plate1_d7_TMEM561LAMP1640MAP2488DAPI405_H17_F1.nd2,14
5,11837,4,0.1381262144124355,4.767659999999999,1231.397705078125,14576055.0,0.5714472755120206,0.0,0.0715881988337068,True,,Control,H17,1.0,d7,Plate1,/Users/pmihack/claire/tmem_2026/data/cleaved_tmem_pld3_260821/d7/Z59_PLD_Control/PLD3Control_Plate1_d7_TMEM561LAMP1640MAP2488DAPI405_H17_F1.nd2,14
6,10086,7,0.2174301011302796,3.654164571428571,2531.969970703125,25537448.0,3.794895268755633,0.0,0.1867442313206344,True,,Control,H17,1.0,d7,Plate1,/Users/pmihack/claire/tmem_2026/data/cleaved_tmem_pld3_260821/d7/Z59_PLD_Control/PLD3Control_Plate1_d7_TMEM561LAMP1640MAP2488DAPI405_H17_F1.nd2,14
7,11418,16,0.1660535995796111,1.382184,1690.551025390625,19302712.0,18.524613048131535,0.0001139218147727,-0.0277792356323395,True,,Control,H17,1.0,d7,Plate1,/Users/pmihack/claire/tmem_2026/data/cleaved_tmem_pld3_260821/d7/Z59_PLD_Control/PLD3Control_Plate1_d7_TMEM561LAMP1640MAP2488DAPI405_H17_F1.nd2,14
8,25827,8,0.10550973787122,3.97305,1390.3115234375,35907576.0,4.29733222375623,0.0,0.1689610761192465,True,,Control,H17,1.0,d7,Plate1,/Users/pmihack/claire/tmem_2026/data/cleaved_tmem_pld3_260821/d7/Z59_PLD_Control/PLD3Control_Plate1_d7_TMEM561LAMP1640MAP2488DAPI405_H17_F1.nd2,14
9,16381,10,0.0983456443440571,1.8790704,888.2334594726562,14550152.0,10.998620861200129,0.0,0.3308559788338333,True,,Control,H17,1.0,d7,Plate1,/Users/pmihack/claire/tmem_2026/data/cleaved_tmem_pld3_260821/d7/Z59_PLD_Control/PLD3Control_Plate1_d7_TMEM561LAMP1640MAP2488DAPI405_H17_F1.nd2,14
10,14280,8,0.1892857142857142,3.940974,1973.4703369140625,28181156.0,10.290174682126285,0.0,0.0566763816544288,True,,Control,H17,1.0,d7,Plate1,/Users/pmihack/claire/tmem_2026/data/cleaved_tmem_pld3_260821/d7/Z59_PLD_Control/PLD3Control_Plate1_d7_TMEM561LAMP1640MAP2488DAPI405_H17_F1.nd2,14
11,14940,9,0.1501338688085676,2.9069279999999997,1302.1748046875,19454492.0,10.758780752664816,0.0,0.5026079397613751,True,,Control,H17,1.0,d7,Plate1,/Users/pmihack/claire/tmem_2026/data/cleaved_tmem_pld3_260821/d7/Z59_PLD_Control/PLD3Control_Plate1_d7_TMEM561LAMP1640MAP2488DAPI405_H17_F1.nd2,14
12,30129,35,0.0387334461814199,0.3889110857142857,631.1847534179688,19016966.0,3.839571216615797,0.0,0.0911566707172949,True,,Control,H17,1.0,d7,Plate1,/Users/pmihack/claire/tmem_2026/data/cleaved_tmem_pld3_260821/d7/Z59_PLD_Control/PLD3Control_Plate1_d7_TMEM561LAMP1640MAP2488DAPI405_H17_F1.nd2,14
13,10717,14,0.1740225809461603,1.5538114285714286,1811.21923828125,19410836.0,5.46472865382136,0.0,0.139705895155981,True,,Control,H17,1.0,d7,Plate1,/Users/pmihack/claire/tmem_2026/data/cleaved_tmem_pld3_260821/d7/Z59_PLD_Control/PLD3Control_Plate1_d7_TMEM561LAMP1640MAP2488DAPI405_H17_F1.nd2,14
14,14055,12,0.1242262540021344,1.697112,1235.8057861328125,17369250.0,6.720672123273769,0.0,0.5362083308313587,True,,Control,H17,1.0,d7,Plate1,/Users/pmihack/claire/tmem_2026/data/cleaved_tmem_pld3_260821/d7/Z59_PLD_Control/PLD3Control_Plate1_d7_TMEM561LAMP1640MAP2488DAPI405_H17_F1.nd2,14
15,5162,7,0.0278961642774118,0.2399451428571428,637.0592651367188,3288500.0,28.13607746250584,0.0,0.0418888493974787,True,,Control,H17,1.0,d7,Plate1,/Users/pmihack/claire/tmem_2026/data/cleaved_tmem_pld3_260821/d7/Z59_PLD_Control/PLD3Control_Plate1_d7_TMEM561LAMP1640MAP2488DAPI405_H17_F1.nd2,14
16,8320,2,0.2109375,10.23516,2270.38623046875,18889614.0,23.77375081353586,0.0,0.3352370143487823,True,,Control,H17,1.0,d7,Plate1,/Users/pmihack/claire/tmem_2026/data/cleaved_tmem_pld3_260821/d7/Z59_PLD_Control/PLD3Control_Plate1_d7_TMEM561LAMP1640MAP2488DAPI405_H17_F1.nd2,14
1,9819,5,0.0768917405031062,1.761264,951.3116455078124,9340929.0,30.05414458620243,0.0,0.1479426184926367,True,,Control,H17,2.0,d7,Plate1,/Users/pmihack/claire/tmem_2026/data/cleaved_tmem_pld3_260821/d7/Z59_PLD_Control/PLD3Control_Plate1_d7_TMEM561LAMP1640MAP2488DAPI405_H17_F2.nd2,11
2,13628,6,0.1006017023774581,2.665224,1019.1390991210938,13888828.0,30.448086318557795,0.0009276520577259,-0.0138472592354252,True,,Control,H17,2.0,d7,Plate1,/Users/pmihack/claire/tmem_2026/data/cleaved_tmem_pld3_260821/d7/Z59_PLD_Control/PLD3Control_Plate1_d7_TMEM561LAMP1640MAP2488DAPI405_H17_F2.nd2,11
3,14176,3,0.0929034988713318,5.120495999999999,1132.5504150390625,16055035.0,3.082832984340424,0.0,0.3546625194656412,True,,Control,H17,2.0,d7,Plate1,/Users/pmihack/claire/tmem_2026/data/cleaved_tmem_pld3_260821/d7/Z59_PLD_Control/PLD3Control_Plate1_d7_TMEM561LAMP1640MAP2488DAPI405_H17_F2.nd2,11
4,22379,3,0.0515215157066893,4.482863999999999,566.74951171875,12683287.0,5.058216754925407,0.0,0.0607666376487586,True,,Control,H17,2.0,d7,Plate1,/Users/pmihack/claire/tmem_2026/data/cleaved_tmem_pld3_260821/d7/Z59_PLD_Control/PLD3Control_Plate1_d7_TMEM561LAMP1640MAP2488DAPI405_H17_F2.nd2,11
5,13697,4,0.0952763378842082,3.805379999999999,986.29736328125,13509315.0,4.213663012234567,0.0,0.2591514383875971,True,,Control,H17,2.0,d7,Plate1,/Users/pmihack/claire/tmem_2026/data/cleaved_tmem_pld3_260821/d7/Z59_PLD_Control/PLD3Control_Plate1_d7_TMEM561LAMP1640MAP2488DAPI405_H17_F2.nd2,11
6,10191,1,0.1170640761456186,13.915152,1263.8590087890625,12879987.0,8.944767558586017,0.0,0.2155140850006516,True,,Control,H17,2.0,d7,Plate1,/Users/pmihack/claire/tmem_2026/data/cleaved_tmem_pld3_260821/d7/Z59_PLD_Control/PLD3Control_Plate1_d7_TMEM561LAMP1640MAP2488DAPI405_H17_F2.nd2,11
7,24408,9,0.0857915437561455,2.713824,1094.465576171875,26713716.0,16.590652432877878,0.0,0.1323605624016665,True,,Control,H17,2.0,d7,Plate1,/Users/pmihack/claire/tmem_2026/data/cleaved_tmem_pld3_260821/d7/Z59_PLD_Control/PLD3Control_Plate1_d7_TMEM561LAMP1640MAP2488DAPI405_H17_F2.nd2,11
8,22902,12,0.1333507990568509,2.968488,1406.4205322265625,32209844.0,14.116301084218522,0.0,0.1833385582121245,True,,Control,H17,2.0,d7,Plate1,/Users/pmihack/claire/tmem_2026/data/cleaved_tmem_pld3_260821/d7/Z59_PLD_Control/PLD3Control_Plate1_d7_TMEM561LAMP1640MAP2488DAPI405_H17_F2.nd2,11
9,15849,3,0.1070099059877594,6.594048,1352.4189453125,21434488.0,19.972598875659127,0.0,0.2181237555388221,True,,Control,H17,2.0,d7,Plate1,/Users/pmihack/claire/tmem_2026/data/cleaved_tmem_pld3_260821/d7/Z59_PLD_Control/PLD3Control_Plate1_d7_TMEM561LAMP1640MAP2488DAPI405_H17_F2.nd2,11
10,22113,9,0.078777189888301,2.2576319999999996,889.4534301757812,19668484.0,8.898026896163966,0.0,0.0264649542188285,True,,Control,H17,2.0,d7,Plate1,/Users/pmihack/claire/tmem_2026/data/cleaved_tmem_pld3_260821/d7/Z59_PLD_Control/PLD3Control_Plate1_d7_TMEM561LAMP1640MAP2488DAPI405_H17_F2.nd2,11
11,19862,6,0.0850367535998389,3.283416,865.7567138671875,17195660.0,5.703822123705394,7.036659098957898e-06,0.0099323862456662,True,,Control,H17,2.0,d7,Plate1,/Users/pmihack/claire/tmem_2026/data/cleaved_tmem_pld3_260821/d7/Z59_PLD_Control/PLD3Control_Plate1_d7_TMEM561LAMP1640MAP2488DAPI405_H17_F2.nd2,11
12,8956,1,0.1751898168825368,18.300816,2051.684326171875,18374884.0,23.557143600520583,0.0,0.4404874127076611,True,,Control,H17,2.0,d7,Plate1,/Users/pmihack/claire/tmem_2026/data/cleaved_tmem_pld3_260821/d7/Z59_PLD_Control/PLD3Control_Plate1_d7_TMEM561LAMP1640MAP2488DAPI405_H17_F2.nd2,11
13,16,0,0.0,0.0,758.5,12136.0,,0.0,0.0964316140186307,False,size_outlier,Control,H17,2.0,d7,Plate1,/Users/pmihack/claire/tmem_2026/data/cleaved_tmem_pld3_260821/d7/Z59_PLD_Control/PLD3Control_Plate1_d7_TMEM561LAMP1640MAP2488DAPI405_H17_F2.nd2,11
14,14333,4,0.0773738924161027,3.233844,825.2147216796875,11827803.0,4.267537811928462,0.0,0.1703635229684608,True,,Control,H17,2.0,d7,Plate1,/Users/pmihack/claire/tmem_2026/data/cleaved_tmem_pld3_260821/d7/Z59_PLD_Control/PLD3Control_Plate1_d7_TMEM561LAMP1640MAP2488DAPI405_H17_F2.nd2,11
15,16096,8,0.069955268389662,1.641708,901.2315673828124,14506223.0,16.073144348017358,0.0,0.2658423900284144,True,,Control,H17,2.0,d7,Plate1,/Users/pmihack/claire/tmem_2026/data/cleaved_tmem_pld3_260821/d7/Z59_PLD_Control/PLD3Control_Plate1_d7_TMEM561LAMP1640MAP2488DAPI405_H17_F2.nd2,11
16,13979,3,0.0027898991344159,0.151632,81.46427154541016,1138789.0,16.509598334843307,0.0,-0.0302373869729684,True,,Control,H17,2.0,d7,Plate1,/Users/pmihack/claire/tmem_2026/data/cleaved_tmem_pld3_260821/d7/Z59_PLD_Control/PLD3Control_Plate1_d7_TMEM561LAMP1640MAP2488DAPI405_H17_F2.nd2,11
17,16345,14,0.0155399204649739,0.2116182857142857,367.5353393554687,6007365.0,14.888436065405578,0.0,0.0213979045288179,True,,Control,H17,2.0,d7,Plate1,/Users/pmihack/claire/tmem_2026/data/cleaved_tmem_pld3_260821/d7/Z59_PLD_Control/PLD3Control_Plate1_d7_TMEM561LAMP1640MAP2488DAPI405_H17_F2.nd2,11
18,18186,3,0.0819861431870669,5.797008,852.0579833984375,15495526.0,21.243025010326125,4.097957207704894e-05,-0.0053104419141206,True,,Control,H17,2.0,d7,Plate1,/Users/pmihack/claire/tmem_2026/data/cleaved_tmem_pld3_260821/d7/Z59_PLD_Control/PLD3Control_Plate1_d7_TMEM561LAMP1640MAP2488DAPI405_H17_F2.nd2,11
19,22020,5,0.0851044504995458,4.3716672,1037.76220703125,22851524.0,12.932122393354591,0.0,0.150214842951585,True,,Control,H17,2.0,d7,Plate1,/Users/pmihack/claire/tmem_2026/data/cleaved_tmem_pld3_260821/d7/Z59_PLD_Control/PLD3Control_Plate1_d7_TMEM561LAMP1640MAP2488DAPI405_H17_F2.nd2,11
20,12874,6,0.0824918440267205,2.0645279999999997,904.22216796875,11640956.0,15.471004766670085,0.0,0.1120298694981548,True,,Control,H17,2.0,d7,Plate1,/Users/pmihack/claire/tmem_2026/data/cleaved_tmem_pld3_260821/d7/Z59_PLD_Control/PLD3Control_Plate1_d7_TMEM561LAMP1640MAP2488DAPI405_H17_F2.nd2,11
21,29246,12,0.0940983382342884,2.674944,990.2593994140624,28961126.0,9.761893785417646,2.0095903892070055e-05,-0.003948755981076,True,,Control,H17,2.0,d7,Plate1,/Users/pmihack/claire/tmem_2026/data/cleaved_tmem_pld3_260821/d7/Z59_PLD_Control/PLD3Control_Plate1_d7_TMEM561LAMP1640MAP2488DAPI405_H17_F2.nd2,11
22,36140,22,0.1320143884892086,2.5294974545454543,1712.1441650390625,61876892.0,8.653624516937382,0.0,0.0298580772868964,True,,Control,H17,2.0,d7,Plate1,/Users/pmihack/claire/tmem_2026/data/cleaved_tmem_pld3_260821/d7/Z59_PLD_Control/PLD3Control_Plate1_d7_TMEM561LAMP1640MAP2488DAPI405_H17_F2.nd2,11
23,5173,6,0.1020684322443456,1.026432,1066.9794921875,5519485.0,20.194433171819245,0.0,0.2530393820297653,True,,Control,H17,2.0,d7,Plate1,/Users/pmihack/claire/tmem_2026/data/cleaved_tmem_pld3_260821/d7/Z59_PLD_Control/PLD3Control_Plate1_d7_TMEM561LAMP1640MAP2488DAPI405_H17_F2.nd2,11
24,15,2,0.9333333333333332,0.081648,6483.7998046875,97257.0,413.3674373096803,0.0,0.788848670727082,False,size_outlier,Control,H17,2.0,d7,Plate1,/Users/pmihack/claire/tmem_2026/data/cleaved_tmem_pld3_260821/d7/Z59_PLD_Control/PLD3Control_Plate1_d7_TMEM561LAMP1640MAP2488DAPI405_H17_F2.nd2,11
25,2039,4,0.0156939676311917,0.0933119999999999,969.8965454101562,1977619.0,41.389687832240355,0.0,0.2022414641977019,True,,Control,H17,2.0,d7,Plate1,/Users/pmihack/claire/tmem_2026/data/cleaved_tmem_pld3_260821/d7/Z59_PLD_Control/PLD3Control_Plate1_d7_TMEM561LAMP1640MAP2488DAPI405_H17_F2.nd2,11
1,7106,7,0.1539544047283985,1.822916571428571,1727.7037353515625,12277063.0,26.67558172318943,0.0,0.2265752714823905,True,,Control,H17,3.0,d7,Plate1,/Users/pmihack/claire/tmem_2026/data/cleaved_tmem_pld3_260821/d7/Z59_PLD_Control/PLD3Control_Plate1_d7_TMEM561LAMP1640MAP2488DAPI405_H17_F3.nd2,12
2,9253,5,0.1350913217334918,2.916,1438.084716796875,13306598.0,9.13854823773674,0.0,-0.0056116337392397,True,,Control,H17,3.0,d7,Plate1,/Users/pmihack/claire/tmem_2026/data/cleaved_tmem_pld3_260821/d7/Z59_PLD_Control/PLD3Control_Plate1_d7_TMEM561LAMP1640MAP2488DAPI405_H17_F3.nd2,12
3,5666,0,0.0,0.0,72.29121398925781,409602.0,,0.0,-0.0447282482844089,True,,Control,H17,3.0,d7,Plate1,/Users/pmihack/claire/tmem_2026/data/cleaved_tmem_pld3_260821/d7/Z59_PLD_Control/PLD3Control_Plate1_d7_TMEM561LAMP1640MAP2488DAPI405_H17_F3.nd2,12
4,9262,5,0.0861584970848628,1.8615744,975.1491088867188,9031831.0,14.195625396801532,0.0,0.0975744887425181,True,,Control,H17,3.0,d7,Plate1,/Users/pmihack/claire/tmem_2026/data/cleaved_tmem_pld3_260821/d7/Z59_PLD_Control/PLD3Control_Plate1_d7_TMEM561LAMP1640MAP2488DAPI405_H17_F3.nd2,12
5,29232,12,0.0575054734537493,1.633932,664.0822143554688,19412452.0,12.613195484489308,0.0,0.0069830358720164,True,,Control,H17,3.0,d7,Plate1,/Users/pmihack/claire/tmem_2026/data/cleaved_tmem_pld3_260821/d7/Z59_PLD_Control/PLD3Control_Plate1_d7_TMEM561LAMP1640MAP2488DAPI405_H17_F3.nd2,12
6,8496,7,0.2231638418079096,3.1592777142857136,2251.060791015625,19125012.0,17.472829727513776,0.0,0.3675824736997714,True,,Control,H17,3.0,d7,Plate1,/Users/pmihack/claire/tmem_2026/data/cleaved_tmem_pld3_260821/d7/Z59_PLD_Control/PLD3Control_Plate1_d7_TMEM561LAMP1640MAP2488DAPI405_H17_F3.nd2,12
7,24785,4,0.0685495259229372,4.9542839999999995,695.4428100585938,17236550.0,6.604327935799464,0.0,0.1840499333045789,True,,Control,H17,3.0,d7,Plate1,/Users/pmihack/claire/tmem_2026/data/cleaved_tmem_pld3_260821/d7/Z59_PLD_Control/PLD3Control_Plate1_d7_TMEM561LAMP1640MAP2488DAPI405_H17_F3.nd2,12
8,18705,0,0.0,0.0,176.10018920898438,3293954.0,,0.0,0.122471993105317,True,,Control,H17,3.0,d7,Plate1,/Users/pmihack/claire/tmem_2026/data/cleaved_tmem_pld3_260821/d7/Z59_PLD_Control/PLD3Control_Plate1_d7_TMEM561LAMP1640MAP2488DAPI405_H17_F3.nd2,12
9,18637,6,0.0877287117025272,3.1784399999999997,1059.994873046875,19755124.0,18.074589714564592,0.0,0.0291447289790963,True,,Control,H17,3.0,d7,Plate1,/Users/pmihack/claire/tmem_2026/data/cleaved_tmem_pld3_260821/d7/Z59_PLD_Control/PLD3Control_Plate1_d7_TMEM561LAMP1640MAP2488DAPI405_H17_F3.nd2,12
10,39091,34,0.0652835691079788,0.8754861176470587,847.0948486328125,33113784.0,9.295538446323366,0.0001191950796055,0.0143716509351587,True,,Control,H17,3.0,d7,Plate1,/Users/pmihack/claire/tmem_2026/data/cleaved_tmem_pld3_260821/d7/Z59_PLD_Control/PLD3Control_Plate1_d7_TMEM561LAMP1640MAP2488DAPI405_H17_F3.nd2,12
11,11422,6,0.1294869549991245,2.8751759999999997,1534.7264404296875,17529646.0,17.04368193651538,0.0005480429972521,-0.0020260784222495,True,,Control,H17,3.0,d7,Plate1,/Users/pmihack/claire/tmem_2026/data/cleaved_tmem_pld3_260821/d7/Z59_PLD_Control/PLD3Control_Plate1_d7_TMEM561LAMP1640MAP2488DAPI405_H17_F3.nd2,12
12,20126,13,0.1179568717082381,2.130025846153846,1288.952392578125,25941456.0,13.7619547751591,0.0,0.0192333895527839,True,,Control,H17,3.0,d7,Plate1,/Users/pmihack/claire/tmem_2026/data/cleaved_tmem_pld3_260821/d7/Z59_PLD_Control/PLD3Control_Plate1_d7_TMEM561LAMP1640MAP2488DAPI405_H17_F3.nd2,12
13,10741,11,0.0692672935480867,0.7889105454545454,900.086669921875,9667831.0,22.092255601083245,0.0,0.2650441034816821,True,,Control,H17,3.0,d7,Plate1,/Users/pmihack/claire/tmem_2026/data/cleaved_tmem_pld3_260821/d7/Z59_PLD_Control/PLD3Control_Plate1_d7_TMEM561LAMP1640MAP2488DAPI405_H17_F3.nd2,12
14,19646,13,0.0355288608368115,0.6262670769230769,544.2951049804688,10693222.0,18.96690056510464,0.0,0.0016889376519368,True,,Control,H17,3.0,d7,Plate1,/Users/pmihack/claire/tmem_2026/data/cleaved_tmem_pld3_260821/d7/Z59_PLD_Control/PLD3Control_Plate1_d7_TMEM561LAMP1640MAP2488DAPI405_H17_F3.nd2,12
15,10417,2,0.000959969280983,0.05832,73.86272430419922,769428.0,31.00507301817816,0.0,0.0373912243696058,True,,Control,H17,3.0,d7,Plate1,/Users/pmihack/claire/tmem_2026/data/cleaved_tmem_pld3_260821/d7/Z59_PLD_Control/PLD3Control_Plate1_d7_TMEM561LAMP1640MAP2488DAPI405_H17_F3.nd2,12
16,8200,7,0.0913414634146341,1.2480479999999998,1272.31005859375,10432942.0,30.193836643595176,0.0,0.0635154188588581,True,,Control,H17,3.0,d7,Plate1,/Users/pmihack/claire/tmem_2026/data/cleaved_tmem_pld3_260821/d7/Z59_PLD_Control/PLD3Control_Plate1_d7_TMEM561LAMP1640MAP2488DAPI405_H17_F3.nd2,12
17,6789,5,0.4066872882604213,6.4408608,4027.331298828125,27341552.0,26.439006256952357,0.0,0.3058838387534487,True,,Control,H17,3.0,d7,Plate1,/Users/pmihack/claire/tmem_2026/data/cleaved_tmem_pld3_260821/d7/Z59_PLD_Control/PLD3Control_Plate1_d7_TMEM561LAMP1640MAP2488DAPI405_H17_F3.nd2,12
1,8559,6,0.1473302955952798,2.4513839999999996,1015.9192504882812,8695253.0,0.7947528815242342,0.0,0.2138458300829689,True,,Control,H17,4.0,d7,Plate1,/Users/pmihack/claire/tmem_2026/data/cleaved_tmem_pld3_260821/d7/Z59_PLD_Control/PLD3Control_Plate1_d7_TMEM561LAMP1640MAP2488DAPI405_H17_F4.nd2,11
2,11390,4,0.0607550482879719,2.0178719999999997,405.1022033691406,4614114.0,3.2628660805107335,0.0,-0.0016945388150259,True,,Control,H17,4.0,d7,Plate1,/Users/pmihack/claire/tmem_2026/data/cleaved_tmem_pld3_260821/d7/Z59_PLD_Control/PLD3Control_Plate1_d7_TMEM561LAMP1640MAP2488DAPI405_H17_F4.nd2,11
3,11569,9,0.0521220503068545,0.781488,485.23095703125,5613637.0,18.156270505055225,0.0,-0.0809244226223839,True,,Control,H17,4.0,d7,Plate1,/Users/pmihack/claire/tmem_2026/data/cleaved_tmem_pld3_260821/d7/Z59_PLD_Control/PLD3Control_Plate1_d7_TMEM561LAMP1640MAP2488DAPI405_H17_F4.nd2,11
4,17446,5,0.0744583285566892,3.0303072,489.72027587890625,8543660.0,9.004171797369047,0.0,-0.0890352333018577,True,,Control,H17,4.0,d7,Plate1,/Users/pmihack/claire/tmem_2026/data/cleaved_tmem_pld3_260821/d7/Z59_PLD_Control/PLD3Control_Plate1_d7_TMEM561LAMP1640MAP2488DAPI405_H17_F4.nd2,11
5,14942,4,0.0688662829607816,3.000564,585.540283203125,8749143.0,8.98368055520845,0.0,-0.0227559512679099,True,,Control,H17,4.0,d7,Plate1,/Users/pmihack/claire/tmem_2026/data/cleaved_tmem_pld3_260821/d7/Z59_PLD_Control/PLD3Control_Plate1_d7_TMEM561LAMP1640MAP2488DAPI405_H17_F4.nd2,11
6,17725,13,0.0368970380818053,0.586788923076923,383.4642639160156,6796904.0,4.985757235151603,0.0,0.0223893654713966,True,,Control,H17,4.0,d7,Plate1,/Users/pmihack/claire/tmem_2026/data/cleaved_tmem_pld3_260821/d7/Z59_PLD_Control/PLD3Control_Plate1_d7_TMEM561LAMP1640MAP2488DAPI405_H17_F4.nd2,11
7,14123,11,0.0557247043829214,0.8345061818181818,428.9918518066406,6058652.0,15.39964298519458,0.0,-0.0539016068237133,True,,Control,H17,4.0,d7,Plate1,/Users/pmihack/claire/tmem_2026/data/cleaved_tmem_pld3_260821/d7/Z59_PLD_Control/PLD3Control_Plate1_d7_TMEM561LAMP1640MAP2488DAPI405_H17_F4.nd2,11
8,10895,4,0.0803120697567691,2.5515,627.8858032226562,6840816.0,19.45192120953924,0.0,-0.0194682980924504,True,,Control,H17,4.0,d7,Plate1,/Users/pmihack/claire/tmem_2026/data/cleaved_tmem_pld3_260821/d7/Z59_PLD_Control/PLD3Control_Plate1_d7_TMEM561LAMP1640MAP2488DAPI405_H17_F4.nd2,11
9,8485,3,0.0657631113730111,2.169504,463.9667663574219,3936758.0,7.446808187949867,0.0,0.1544474342600799,True,,Control,H17,4.0,d7,Plate1,/Users/pmihack/claire/tmem_2026/data/cleaved_tmem_pld3_260821/d7/Z59_PLD_Control/PLD3Control_Plate1_d7_TMEM561LAMP1640MAP2488DAPI405_H17_F4.nd2,11
10,15181,12,0.0204861339832685,0.302292,242.1905059814453,3676694.0,18.929138786161737,0.0,-0.0601021346454356,True,,Control,H17,4.0,d7,Plate1,/Users/pmihack/claire/tmem_2026/data/cleaved_tmem_pld3_260821/d7/Z59_PLD_Control/PLD3Control_Plate1_d7_TMEM561LAMP1640MAP2488DAPI405_H17_F4.nd2,11
11,12218,3,0.0880667867081355,4.183488,610.4843139648438,7458897.0,11.147619887002325,0.0,-0.1082978686721908,True,,Control,H17,4.0,d7,Plate1,/Users/pmihack/claire/tmem_2026/data/cleaved_tmem_pld3_260821/d7/Z59_PLD_Control/PLD3Control_Plate1_d7_TMEM561LAMP1640MAP2488DAPI405_H17_F4.nd2,11
12,7534,1,0.0971595434032386,8.538048,652.8984375,4918937.0,15.544286009670133,0.0,0.0407119193060533,True,,Control,H17,4.0,d7,Plate1,/Users/pmihack/claire/tmem_2026/data/cleaved_tmem_pld3_260821/d7/Z59_PLD_Control/PLD3Control_Plate1_d7_TMEM561LAMP1640MAP2488DAPI405_H17_F4.nd2,11
13,5022,1,0.0015929908403026,0.0933119999999999,128.5726776123047,645692.0,22.839722485866048,0.0,0.0863439982172947,True,,Control,H17,4.0,d7,Plate1,/Users/pmihack/claire/tmem_2026/data/cleaved_tmem_pld3_260821/d7/Z59_PLD_Control/PLD3Control_Plate1_d7_TMEM561LAMP1640MAP2488DAPI405_H17_F4.nd2,11
14,23705,9,0.0191520776207551,0.5883839999999999,242.38050842285156,5745630.0,14.306683542522553,0.0,0.2628664610007296,True,,Control,H17,4.0,d7,Plate1,/Users/pmihack/claire/tmem_2026/data/cleaved_tmem_pld3_260821/d7/Z59_PLD_Control/PLD3Control_Plate1_d7_TMEM561LAMP1640MAP2488DAPI405_H17_F4.nd2,11
15,2490,0,0.0,0.0,31.8823299407959,79387.0,,0.0,0.1144732400141686,True,,Control,H17,4.0,d7,Plate1,/Users/pmihack/claire/tmem_2026/data/cleaved_tmem_pld3_260821/d7/Z59_PLD_Control/PLD3Control_Plate1_d7_TMEM561LAMP1640MAP2488DAPI405_H17_F4.nd2,11
16,25165,11,0.0138287303794953,0.3690065454545454,249.29144287109375,6273419.0,14.760239043702589,0.0,-0.0386620954707458,True,,Control,H17,4.0,d7,Plate1,/Users/pmihack/claire/tmem_2026/data/cleaved_tmem_pld3_260821/d7/Z59_PLD_Control/PLD3Control_Plate1_d7_TMEM561LAMP1640MAP2488DAPI405_H17_F4.nd2,11
17,22888,19,0.0615169521146452,0.8643637894736842,626.1695556640625,14331769.0,12.779746524866802,0.0,0.0827549316906213,True,,Control,H17,4.0,d7,Plate1,/Users/pmihack/claire/tmem_2026/data/cleaved_tmem_pld3_260821/d7/Z59_PLD_Control/PLD3Control_Plate1_d7_TMEM561LAMP1640MAP2488DAPI405_H17_F4.nd2,11
18,15000,5,0.0452666666666666,1.5839712,317.46380615234375,4761957.0,19.19763241915867,0.0,0.0406491538603646,True,,Control,H17,4.0,d7,Plate1,/Users/pmihack/claire/tmem_2026/data/cleaved_tmem_pld3_260821/d7/Z59_PLD_Control/PLD3Control_Plate1_d7_TMEM561LAMP1640MAP2488DAPI405_H17_F4.nd2,11
1,26485,15,0.0812157825184066,1.6726176,1391.2525634765625,36847324.0,11.3336828391054,0.0,0.7622392417767199,True,,KI,C20,1.0,d7,Plate1,/Users/pmihack/claire/tmem_2026/data/cleaved_tmem_pld3_260821/d7/Z60_PLD_TMEMki/PLD3TMEM106B_Plate1_d7_TMEM561LAMP1640MAP2488DAPI405_C20_F1.nd2,12
2,11523,10,0.0802742341404148,1.07892,1070.392333984375,12334131.0,13.259735542923544,0.0266690868884325,0.5775217152790145,True,,KI,C20,1.0,d7,Plate1,/Users/pmihack/claire/tmem_2026/data/cleaved_tmem_pld3_260821/d7/Z60_PLD_TMEMki/PLD3TMEM106B_Plate1_d7_TMEM561LAMP1640MAP2488DAPI405_C20_F1.nd2,12
3,12176,6,0.0491130091984231,1.162512,840.3911743164062,10232603.0,17.91998774491461,0.0,0.631358894933004,False,border,KI,C20,1.0,d7,Plate1,/Users/pmihack/claire/tmem_2026/data/cleaved_tmem_pld3_260821/d7/Z60_PLD_TMEMki/PLD3TMEM106B_Plate1_d7_TMEM561LAMP1640MAP2488DAPI405_C20_F1.nd2,12
4,10553,7,0.0376196342272339,0.6615154285714285,560.4503784179688,5914433.0,14.230877760984724,0.0,0.5215370887131967,True,,KI,C20,1.0,d7,Plate1,/Users/pmihack/claire/tmem_2026/data/cleaved_tmem_pld3_260821/d7/Z60_PLD_TMEMki/PLD3TMEM106B_Plate1_d7_TMEM561LAMP1640MAP2488DAPI405_C20_F1.nd2,12
5,3157,1,0.0063351282863477,0.23328,261.7621154785156,826383.0,56.57009853878876,0.0,0.1431260064733534,True,,KI,C20,1.0,d7,Plate1,/Users/pmihack/claire/tmem_2026/data/cleaved_tmem_pld3_260821/d7/Z60_PLD_TMEMki/PLD3TMEM106B_Plate1_d7_TMEM561LAMP1640MAP2488DAPI405_C20_F1.nd2,12
6,12203,3,0.0023764648037367,0.1127519999999999,312.341552734375,3811504.0,32.01143875798707,0.0,0.3780432682867162,True,,KI,C20,1.0,d7,Plate1,/Users/pmihack/claire/tmem_2026/data/cleaved_tmem_pld3_260821/d7/Z60_PLD_TMEMki/PLD3TMEM106B_Plate1_d7_TMEM561LAMP1640MAP2488DAPI405_C20_F1.nd2,12
7,12866,0,0.0,0.0,46.299781799316406,595693.0,,0.0,-0.0080096512375184,True,,KI,C20,1.0,d7,Plate1,/Users/pmihack/claire/tmem_2026/data/cleaved_tmem_pld3_260821/d7/Z60_PLD_TMEMki/PLD3TMEM106B_Plate1_d7_TMEM561LAMP1640MAP2488DAPI405_C20_F1.nd2,12
8,16426,3,0.0332399853890174,2.122848,519.7383422851562,8537222.0,10.279762313357734,0.0,0.6302534890044215,True,,KI,C20,1.0,d7,Plate1,/Users/pmihack/claire/tmem_2026/data/cleaved_tmem_pld3_260821/d7/Z60_PLD_TMEMki/PLD3TMEM106B_Plate1_d7_TMEM561LAMP1640MAP2488DAPI405_C20_F1.nd2,12
9,22919,7,0.0657969370391378,2.512758857142857,955.8436279296876,21906980.0,18.295747275156323,0.0039659962058067,0.6373728778868246,True,,KI,C20,1.0,d7,Plate1,/Users/pmihack/claire/tmem_2026/data/cleaved_tmem_pld3_260821/d7/Z60_PLD_TMEMki/PLD3TMEM106B_Plate1_d7_TMEM561LAMP1640MAP2488DAPI405_C20_F1.nd2,12
10,96,0,0.0,0.0,44.29166793823242,4252.0,,0.0,0.2133996809528712,False,size_outlier,KI,C20,1.0,d7,Plate1,/Users/pmihack/claire/tmem_2026/data/cleaved_tmem_pld3_260821/d7/Z60_PLD_TMEMki/PLD3TMEM106B_Plate1_d7_TMEM561LAMP1640MAP2488DAPI405_C20_F1.nd2,12
11,30221,16,0.1008239303795374,2.221263,1612.4716796875,48730508.0,14.110112754732876,0.0005866345600225,0.6273297410978456,True,,KI,C20,1.0,d7,Plate1,/Users/pmihack/claire/tmem_2026/data/cleaved_tmem_pld3_260821/d7/Z60_PLD_TMEMki/PLD3TMEM106B_Plate1_d7_TMEM561LAMP1640MAP2488DAPI405_C20_F1.nd2,12
12,21721,3,0.0010588831085124,0.0894239999999999,157.93807983398438,3430573.0,11.004352702232495,0.0,0.412454747850659,True,,KI,C20,1.0,d7,Plate1,/Users/pmihack/claire/tmem_2026/data/cleaved_tmem_pld3_260821/d7/Z60_PLD_TMEMki/PLD3TMEM106B_Plate1_d7_TMEM561LAMP1640MAP2488DAPI405_C20_F1.nd2,12
13,18809,12,0.0912329204104418,1.667952,1356.0828857421875,25506564.0,15.470639131670922,0.0046452358365058,0.4757214237106973,True,,KI,C20,1.0,d7,Plate1,/Users/pmihack/claire/tmem_2026/data/cleaved_tmem_pld3_260821/d7/Z60_PLD_TMEMki/PLD3TMEM106B_Plate1_d7_TMEM561LAMP1640MAP2488DAPI405_C20_F1.nd2,12
14,24552,0,0.0,0.0,36.47148895263672,895448.0,,0.0003942160692531,0.0159148021534582,True,,KI,C20,1.0,d7,Plate1,/Users/pmihack/claire/tmem_2026/data/cleaved_tmem_pld3_260821/d7/Z60_PLD_TMEMki/PLD3TMEM106B_Plate1_d7_TMEM561LAMP1640MAP2488DAPI405_C20_F1.nd2,12
15,21737,10,0.0481207158301513,1.2200543999999998,745.6038818359375,16207191.0,18.798098225961883,0.0208272989839315,0.4167995928473132,True,,KI,C20,1.0,d7,Plate1,/Users/pmihack/claire/tmem_2026/data/cleaved_tmem_pld3_260821/d7/Z60_PLD_TMEMki/PLD3TMEM106B_Plate1_d7_TMEM561LAMP1640MAP2488DAPI405_C20_F1.nd2,12
16,10315,6,0.0069801260300533,0.1399679999999999,307.8026123046875,3174984.0,25.798381738625455,0.0,0.2619746686094232,True,,KI,C20,1.0,d7,Plate1,/Users/pmihack/claire/tmem_2026/data/cleaved_tmem_pld3_260821/d7/Z60_PLD_TMEMki/PLD3TMEM106B_Plate1_d7_TMEM561LAMP1640MAP2488DAPI405_C20_F1.nd2,12
1,10758,6,0.1727086819111359,3.611952,1895.64453125,20393344.0,4.414348193824707,0.0,0.646832434668699,True,,KI,C20,2.0,d7,Plate1,/Users/pmihack/claire/tmem_2026/data/cleaved_tmem_pld3_260821/d7/Z60_PLD_TMEMki/PLD3TMEM106B_Plate1_d7_TMEM561LAMP1640MAP2488DAPI405_C20_F2.nd2,10
2,9236,3,0.1543958423559982,5.544287999999999,1827.331298828125,16877232.0,2.145468692285976,0.0,0.6682984179203879,True,,KI,C20,2.0,d7,Plate1,/Users/pmihack/claire/tmem_2026/data/cleaved_tmem_pld3_260821/d7/Z60_PLD_TMEMki/PLD3TMEM106B_Plate1_d7_TMEM561LAMP1640MAP2488DAPI405_C20_F2.nd2,10
3,3107,4,0.1876408110717734,1.700028,2245.021240234375,6975281.0,54.818835300717865,0.0,0.3404635401945542,True,,KI,C20,2.0,d7,Plate1,/Users/pmihack/claire/tmem_2026/data/cleaved_tmem_pld3_260821/d7/Z60_PLD_TMEMki/PLD3TMEM106B_Plate1_d7_TMEM561LAMP1640MAP2488DAPI405_C20_F2.nd2,10
4,8653,7,0.0565121923032474,0.8148137142857143,903.909423828125,7821528.0,0.7440077839364669,0.0404060445725917,0.2497329808299815,True,,KI,C20,2.0,d7,Plate1,/Users/pmihack/claire/tmem_2026/data/cleaved_tmem_pld3_260821/d7/Z60_PLD_TMEMki/PLD3TMEM106B_Plate1_d7_TMEM561LAMP1640MAP2488DAPI405_C20_F2.nd2,10
5,6773,4,0.0222944042521777,0.440316,538.1589965820312,3644951.0,7.295985424293129,0.0417520031332969,0.2524412956466492,True,,KI,C20,2.0,d7,Plate1,/Users/pmihack/claire/tmem_2026/data/cleaved_tmem_pld3_260821/d7/Z60_PLD_TMEMki/PLD3TMEM106B_Plate1_d7_TMEM561LAMP1640MAP2488DAPI405_C20_F2.nd2,10
6,4827,6,0.0352185622539879,0.3304799999999999,636.19287109375,3070903.0,0.5098799899808469,0.0,0.0931080257470381,True,,KI,C20,2.0,d7,Plate1,/Users/pmihack/claire/tmem_2026/data/cleaved_tmem_pld3_260821/d7/Z60_PLD_TMEMki/PLD3TMEM106B_Plate1_d7_TMEM561LAMP1640MAP2488DAPI405_C20_F2.nd2,10
7,10179,2,0.00108065625307,0.064152,244.01600646972656,2483839.0,8.335824286038106,0.0090609733015298,0.2230939827079928,True,,KI,C20,2.0,d7,Plate1,/Users/pmihack/claire/tmem_2026/data/cleaved_tmem_pld3_260821/d7/Z60_PLD_TMEMki/PLD3TMEM106B_Plate1_d7_TMEM561LAMP1640MAP2488DAPI405_C20_F2.nd2,10
8,9938,3,0.1569732340511169,6.06528,1837.6075439453125,18262144.0,1.0748864163706184,0.0033348221331834,0.5172667972178145,True,,KI,C20,2.0,d7,Plate1,/Users/pmihack/claire/tmem_2026/data/cleaved_tmem_pld3_260821/d7/Z60_PLD_TMEMki/PLD3TMEM106B_Plate1_d7_TMEM561LAMP1640MAP2488DAPI405_C20_F2.nd2,10
9,16961,8,0.2164377100406815,5.3523179999999995,2791.662353515625,47349384.0,13.644383094025862,0.0017799597699195,0.6050107541978201,True,,KI,C20,2.0,d7,Plate1,/Users/pmihack/claire/tmem_2026/data/cleaved_tmem_pld3_260821/d7/Z60_PLD_TMEMki/PLD3TMEM106B_Plate1_d7_TMEM561LAMP1640MAP2488DAPI405_C20_F2.nd2,10
10,11394,3,0.0009654203967,0.0427679999999999,266.27716064453125,3033962.0,5.886535582045049,0.0,0.448509396112363,True,,KI,C20,2.0,d7,Plate1,/Users/pmihack/claire/tmem_2026/data/cleaved_tmem_pld3_260821/d7/Z60_PLD_TMEMki/PLD3TMEM106B_Plate1_d7_TMEM561LAMP1640MAP2488DAPI405_C20_F2.nd2,10
11,30802,5,0.058924745146419,4.234032,789.399169921875,24315074.0,12.226563907885824,0.000513632025104,0.4429627806793729,True,,KI,C20,2.0,d7,Plate1,/Users/pmihack/claire/tmem_2026/data/cleaved_tmem_pld3_260821/d7/Z60_PLD_TMEMki/PLD3TMEM106B_Plate1_d7_TMEM561LAMP1640MAP2488DAPI405_C20_F2.nd2,10
12,12221,8,0.0172653628999263,0.3076379999999999,419.8658752441406,5131181.0,13.142924181171978,0.0,0.4820432333386775,True,,KI,C20,2.0,d7,Plate1,/Users/pmihack/claire/tmem_2026/data/cleaved_tmem_pld3_260821/d7/Z60_PLD_TMEMki/PLD3TMEM106B_Plate1_d7_TMEM561LAMP1640MAP2488DAPI405_C20_F2.nd2,10
13,5005,1,0.0001998001998001,0.0116639999999999,74.66693115234375,373708.0,19.453658744989227,0.0,0.4783573630497446,True,,KI,C20,2.0,d7,Plate1,/Users/pmihack/claire/tmem_2026/data/cleaved_tmem_pld3_260821/d7/Z60_PLD_TMEMki/PLD3TMEM106B_Plate1_d7_TMEM561LAMP1640MAP2488DAPI405_C20_F2.nd2,10
14,9084,0,0.0,0.0,25.73634910583496,233789.0,,0.0,0.0287867727727987,True,,KI,C20,2.0,d7,Plate1,/Users/pmihack/claire/tmem_2026/data/cleaved_tmem_pld3_260821/d7/Z60_PLD_TMEMki/PLD3TMEM106B_Plate1_d7_TMEM561LAMP1640MAP2488DAPI405_C20_F2.nd2,10
15,17500,8,0.0680571428571428,1.7364779999999995,886.3138427734375,15510492.0,14.137786345728,0.0269300285726785,0.4577847337715272,True,,KI,C20,2.0,d7,Plate1,/Users/pmihack/claire/tmem_2026/data/cleaved_tmem_pld3_260821/d7/Z60_PLD_TMEMki/PLD3TMEM106B_Plate1_d7_TMEM561LAMP1640MAP2488DAPI405_C20_F2.nd2,10
16,19714,7,0.0862331338135335,2.8326857142857143,1271.2479248046875,25061382.0,15.658517264883882,0.0006657653721049,0.7280577332234855,True,,KI,C20,2.0,d7,Plate1,/Users/pmihack/claire/tmem_2026/data/cleaved_tmem_pld3_260821/d7/Z60_PLD_TMEMki/PLD3TMEM106B_Plate1_d7_TMEM561LAMP1640MAP2488DAPI405_C20_F2.nd2,10
17,12724,12,0.0429110342659541,0.530712,839.6951293945312,10684281.0,27.26521246159701,0.0398157835006713,0.2616945596302122,True,,KI,C20,2.0,d7,Plate1,/Users/pmihack/claire/tmem_2026/data/cleaved_tmem_pld3_260821/d7/Z60_PLD_TMEMki/PLD3TMEM106B_Plate1_d7_TMEM561LAMP1640MAP2488DAPI405_C20_F2.nd2,10
18,14883,5,0.0300342672848216,1.0427616,342.7577209472656,5101263.0,10.724049958204594,0.0938185304403305,0.5470733635852904,True,,KI,C20,2.0,d7,Plate1,/Users/pmihack/claire/tmem_2026/data/cleaved_tmem_pld3_260821/d7/Z60_PLD_TMEMki/PLD3TMEM106B_Plate1_d7_TMEM561LAMP1640MAP2488DAPI405_C20_F2.nd2,10
19,8900,5,0.0870786516853932,1.8079199999999995,1166.4637451171875,10381527.0,17.92751236683116,0.0103269005194306,0.4070312927056146,True,,KI,C20,2.0,d7,Plate1,/Users/pmihack/claire/tmem_2026/data/cleaved_tmem_pld3_260821/d7/Z60_PLD_TMEMki/PLD3TMEM106B_Plate1_d7_TMEM561LAMP1640MAP2488DAPI405_C20_F2.nd2,10
20,8713,21,0.1039825548031676,0.5032182857142857,1666.1317138671875,14517006.0,35.42458459142362,0.0,0.6485979064954805,True,,KI,C20,2.0,d7,Plate1,/Users/pmihack/claire/tmem_2026/data/cleaved_tmem_pld3_260821/d7/Z60_PLD_TMEMki/PLD3TMEM106B_Plate1_d7_TMEM561LAMP1640MAP2488DAPI405_C20_F2.nd2,10
21,4652,0,0.0,0.0,110.02493286132812,511836.0,,0.0,0.3639278421411514,True,,KI,C20,2.0,d7,Plate1,/Users/pmihack/claire/tmem_2026/data/cleaved_tmem_pld3_260821/d7/Z60_PLD_TMEMki/PLD3TMEM106B_Plate1_d7_TMEM561LAMP1640MAP2488DAPI405_C20_F2.nd2,10
1,10198,0,0.0,0.0,71.09335327148438,725010.0,,0.0,0.2324812216338331,True,,KI,C20,3.0,d7,Plate1,/Users/pmihack/claire/tmem_2026/data/cleaved_tmem_pld3_260821/d7/Z60_PLD_TMEMki/PLD3TMEM106B_Plate1_d7_TMEM561LAMP1640MAP2488DAPI405_C20_F3.nd2,8
2,11591,2,0.0172547666292813,1.1664,396.6280822753906,4597316.0,0.6585481690469375,0.1351936608552932,0.7801695575460923,True,,KI,C20,3.0,d7,Plate1,/Users/pmihack/claire/tmem_2026/data/cleaved_tmem_pld3_260821/d7/Z60_PLD_TMEMki/PLD3TMEM106B_Plate1_d7_TMEM561LAMP1640MAP2488DAPI405_C20_F3.nd2,8
3,11507,0,0.0,0.0,49.59711456298828,570714.0,,0.0,0.0272178721936174,True,,KI,C20,3.0,d7,Plate1,/Users/pmihack/claire/tmem_2026/data/cleaved_tmem_pld3_260821/d7/Z60_PLD_TMEMki/PLD3TMEM106B_Plate1_d7_TMEM561LAMP1640MAP2488DAPI405_C20_F3.nd2,8
4,13020,6,0.0233486943164362,0.590976,379.1719665527344,4936819.0,11.558385363794804,4.98296576552093e-05,0.0481649424187005,True,,KI,C20,3.0,d7,Plate1,/Users/pmihack/claire/tmem_2026/data/cleaved_tmem_pld3_260821/d7/Z60_PLD_TMEMki/PLD3TMEM106B_Plate1_d7_TMEM561LAMP1640MAP2488DAPI405_C20_F3.nd2,8
5,8243,0,0.0,0.0,16.978527069091797,139954.0,,0.0,0.0278743788963645,True,,KI,C20,3.0,d7,Plate1,/Users/pmihack/claire/tmem_2026/data/cleaved_tmem_pld3_260821/d7/Z60_PLD_TMEMki/PLD3TMEM106B_Plate1_d7_TMEM561LAMP1640MAP2488DAPI405_C20_F3.nd2,8
6,9836,0,0.0,0.0,179.3360137939453,1763949.0,,0.0,0.234092955814137,True,,KI,C20,3.0,d7,Plate1,/Users/pmihack/claire/tmem_2026/data/cleaved_tmem_pld3_260821/d7/Z60_PLD_TMEMki/PLD3TMEM106B_Plate1_d7_TMEM561LAMP1640MAP2488DAPI405_C20_F3.nd2,8
7,20527,3,0.0088176547961221,0.703728,183.89886474609375,3774892.0,22.96838085703954,0.0,0.2046969630448689,True,,KI,C20,3.0,d7,Plate1,/Users/pmihack/claire/tmem_2026/data/cleaved_tmem_pld3_260821/d7/Z60_PLD_TMEMki/PLD3TMEM106B_Plate1_d7_TMEM561LAMP1640MAP2488DAPI405_C20_F3.nd2,8
8,10784,0,0.0,0.0,95.87843322753906,1033953.0,,0.0,0.4632882932328069,True,,KI,C20,3.0,d7,Plate1,/Users/pmihack/claire/tmem_2026/data/cleaved_tmem_pld3_260821/d7/Z60_PLD_TMEMki/PLD3TMEM106B_Plate1_d7_TMEM561LAMP1640MAP2488DAPI405_C20_F3.nd2,8
9,23246,0,0.0,0.0,100.78181457519533,2342774.0,,0.0,0.3027684729544864,True,,KI,C20,3.0,d7,Plate1,/Users/pmihack/claire/tmem_2026/data/cleaved_tmem_pld3_260821/d7/Z60_PLD_TMEMki/PLD3TMEM106B_Plate1_d7_TMEM561LAMP1640MAP2488DAPI405_C20_F3.nd2,8
10,3314,0,0.0,0.0,68.4547348022461,226859.0,,0.0,0.2955624812509339,True,,KI,C20,3.0,d7,Plate1,/Users/pmihack/claire/tmem_2026/data/cleaved_tmem_pld3_260821/d7/Z60_PLD_TMEMki/PLD3TMEM106B_Plate1_d7_TMEM561LAMP1640MAP2488DAPI405_C20_F3.nd2,8
11,16117,7,0.0407644102500465,1.0947497142857143,485.1024475097656,7818396.0,8.935256816354027,0.0,0.0764174210269249,True,,KI,C20,3.0,d7,Plate1,/Users/pmihack/claire/tmem_2026/data/cleaved_tmem_pld3_260821/d7/Z60_PLD_TMEMki/PLD3TMEM106B_Plate1_d7_TMEM561LAMP1640MAP2488DAPI405_C20_F3.nd2,8
12,13365,2,0.0035914702581369,0.2799359999999999,145.33482360839844,1942400.0,10.47159129423595,0.1311532109975814,0.739399098081095,True,,KI,C20,3.0,d7,Plate1,/Users/pmihack/claire/tmem_2026/data/cleaved_tmem_pld3_260821/d7/Z60_PLD_TMEMki/PLD3TMEM106B_Plate1_d7_TMEM561LAMP1640MAP2488DAPI405_C20_F3.nd2,8
13,12908,0,0.0,0.0,56.39425277709961,727937.0,,0.0,0.2723316896682093,True,,KI,C20,3.0,d7,Plate1,/Users/pmihack/claire/tmem_2026/data/cleaved_tmem_pld3_260821/d7/Z60_PLD_TMEMki/PLD3TMEM106B_Plate1_d7_TMEM561LAMP1640MAP2488DAPI405_C20_F3.nd2,8
14,15339,0,0.0,0.0,65.38359832763672,1002919.0,,0.0,0.2564357273656493,True,,KI,C20,3.0,d7,Plate1,/Users/pmihack/claire/tmem_2026/data/cleaved_tmem_pld3_260821/d7/Z60_PLD_TMEMki/PLD3TMEM106B_Plate1_d7_TMEM561LAMP1640MAP2488DAPI405_C20_F3.nd2,8
15,28463,0,0.0,0.0,66.11601257324219,1881860.0,,0.0,0.3121100114624699,True,,KI,C20,3.0,d7,Plate1,/Users/pmihack/claire/tmem_2026/data/cleaved_tmem_pld3_260821/d7/Z60_PLD_TMEMki/PLD3TMEM106B_Plate1_d7_TMEM561LAMP1640MAP2488DAPI405_C20_F3.nd2,8
16,13432,0,0.0,0.0,20.805017471313477,279453.0,,0.0,0.0131740416704601,True,,KI,C20,3.0,d7,Plate1,/Users/pmihack/claire/tmem_2026/data/cleaved_tmem_pld3_260821/d7/Z60_PLD_TMEMki/PLD3TMEM106B_Plate1_d7_TMEM561LAMP1640MAP2488DAPI405_C20_F3.nd2,8
17,16267,0,0.0,0.0,29.69594955444336,483064.0,,7.65944059821777e-05,-0.0114742376396129,True,,KI,C20,3.0,d7,Plate1,/Users/pmihack/claire/tmem_2026/data/cleaved_tmem_pld3_260821/d7/Z60_PLD_TMEMki/PLD3TMEM106B_Plate1_d7_TMEM561LAMP1640MAP2488DAPI405_C20_F3.nd2,8
18,12542,0,0.0,0.0,15.307846069335938,191991.0,,0.0,0.0166559786980838,True,,KI,C20,3.0,d7,Plate1,/Users/pmihack/claire/tmem_2026/data/cleaved_tmem_pld3_260821/d7/Z60_PLD_TMEMki/PLD3TMEM106B_Plate1_d7_TMEM561LAMP1640MAP2488DAPI405_C20_F3.nd2,8
19,11082,0,0.0,0.0,27.540245056152344,305201.0,,0.0,-0.0034644576842548,True,,KI,C20,3.0,d7,Plate1,/Users/pmihack/claire/tmem_2026/data/cleaved_tmem_pld3_260821/d7/Z60_PLD_TMEMki/PLD3TMEM106B_Plate1_d7_TMEM561LAMP1640MAP2488DAPI405_C20_F3.nd2,8
20,12834,0,0.0,0.0,36.055633544921875,462738.0,,0.0,0.0199365264438767,True,,KI,C20,3.0,d7,Plate1,/Users/pmihack/claire/tmem_2026/data/cleaved_tmem_pld3_260821/d7/Z60_PLD_TMEMki/PLD3TMEM106B_Plate1_d7_TMEM561LAMP1640MAP2488DAPI405_C20_F3.nd2,8
1,8579,0,0.0,0.0,10.7919340133667,92584.0,,0.0,0.0321975762573565,True,,KI,C20,4.0,d7,Plate1,/Users/pmihack/claire/tmem_2026/data/cleaved_tmem_pld3_260821/d7/Z60_PLD_TMEMki/PLD3TMEM106B_Plate1_d7_TMEM561LAMP1640MAP2488DAPI405_C20_F4.nd2,13
2,18426,6,0.0599153370237707,2.1461759999999996,993.0348510742188,18297660.0,8.765992118372795,7.050081876514014e-06,0.5933859823347389,True,,KI,C20,4.0,d7,Plate1,/Users/pmihack/claire/tmem_2026/data/cleaved_tmem_pld3_260821/d7/Z60_PLD_TMEMki/PLD3TMEM106B_Plate1_d7_TMEM561LAMP1640MAP2488DAPI405_C20_F4.nd2,13
3,23396,17,0.0984783723713455,1.5808150588235292,1613.393798828125,37746960.0,8.409646609489005,2.556497202022001e-05,0.7673214380424155,True,,KI,C20,4.0,d7,Plate1,/Users/pmihack/claire/tmem_2026/data/cleaved_tmem_pld3_260821/d7/Z60_PLD_TMEMki/PLD3TMEM106B_Plate1_d7_TMEM561LAMP1640MAP2488DAPI405_C20_F4.nd2,13
4,29091,8,0.035371764463236,1.500282,601.5462036132812,17499580.0,5.660538435640298,1.8914739484898743e-05,0.5613719888114515,True,,KI,C20,4.0,d7,Plate1,/Users/pmihack/claire/tmem_2026/data/cleaved_tmem_pld3_260821/d7/Z60_PLD_TMEMki/PLD3TMEM106B_Plate1_d7_TMEM561LAMP1640MAP2488DAPI405_C20_F4.nd2,13
5,39713,16,0.0831465766877345,2.407158,1228.323974609375,48780428.0,12.86250594560368,0.0,0.8020901236756323,True,,KI,C20,4.0,d7,Plate1,/Users/pmihack/claire/tmem_2026/data/cleaved_tmem_pld3_260821/d7/Z60_PLD_TMEMki/PLD3TMEM106B_Plate1_d7_TMEM561LAMP1640MAP2488DAPI405_C20_F4.nd2,13
6,9739,2,0.1024745867132149,5.820335999999999,1322.822265625,12882966.0,18.47456686139139,0.0,0.7181515305623667,True,,KI,C20,4.0,d7,Plate1,/Users/pmihack/claire/tmem_2026/data/cleaved_tmem_pld3_260821/d7/Z60_PLD_TMEMki/PLD3TMEM106B_Plate1_d7_TMEM561LAMP1640MAP2488DAPI405_C20_F4.nd2,13
7,20263,16,0.1085229235552484,1.603071,1722.721435546875,34907504.0,20.513195507512552,2.071187918772921e-05,0.7938002324020756,True,,KI,C20,4.0,d7,Plate1,/Users/pmihack/claire/tmem_2026/data/cleaved_tmem_pld3_260821/d7/Z60_PLD_TMEMki/PLD3TMEM106B_Plate1_d7_TMEM561LAMP1640MAP2488DAPI405_C20_F4.nd2,13
8,11137,2,0.0694082787106042,4.5081359999999995,868.2679443359375,9669900.0,6.650372702261968,0.0,0.7724209578901401,True,,KI,C20,4.0,d7,Plate1,/Users/pmihack/claire/tmem_2026/data/cleaved_tmem_pld3_260821/d7/Z60_PLD_TMEMki/PLD3TMEM106B_Plate1_d7_TMEM561LAMP1640MAP2488DAPI405_C20_F4.nd2,13
9,20407,16,0.065565737247023,0.975402,1117.1778564453125,22798248.0,20.27105381725453,0.0,0.7589394637639568,True,,KI,C20,4.0,d7,Plate1,/Users/pmihack/claire/tmem_2026/data/cleaved_tmem_pld3_260821/d7/Z60_PLD_TMEMki/PLD3TMEM106B_Plate1_d7_TMEM561LAMP1640MAP2488DAPI405_C20_F4.nd2,13
10,2838,2,0.0218463706835799,0.3615839999999999,509.70013427734375,1446529.0,54.98942363733348,0.0,0.5459654185771209,True,,KI,C20,4.0,d7,Plate1,/Users/pmihack/claire/tmem_2026/data/cleaved_tmem_pld3_260821/d7/Z60_PLD_TMEMki/PLD3TMEM106B_Plate1_d7_TMEM561LAMP1640MAP2488DAPI405_C20_F4.nd2,13
1,13398,6,0.0146290491118077,0.3810239999999999,259.3471374511719,3474733.0,1.1973055745771206,0.0,0.1096362288419572,True,,KI,D20,1.0,d7,Plate1,/Users/pmihack/claire/tmem_2026/data/cleaved_tmem_pld3_260821/d7/Z60_PLD_TMEMki/PLD3TMEM106B_Plate1_d7_TMEM561LAMP1640MAP2488DAPI405_D20_F1.nd2,9
2,6296,0,0.0,0.0,54.601810455322266,343773.0,,0.0,0.5526121462372959,True,,KI,D20,1.0,d7,Plate1,/Users/pmihack/claire/tmem_2026/data/cleaved_tmem_pld3_260821/d7/Z60_PLD_TMEMki/PLD3TMEM106B_Plate1_d7_TMEM561LAMP1640MAP2488DAPI405_D20_F1.nd2,9
3,8003,3,0.0301137073597401,0.9370079999999998,487.3427429199219,3900204.0,3.8636002096941895,0.0,0.1264097732416246,True,,KI,D20,1.0,d7,Plate1,/Users/pmihack/claire/tmem_2026/data/cleaved_tmem_pld3_260821/d7/Z60_PLD_TMEMki/PLD3TMEM106B_Plate1_d7_TMEM561LAMP1640MAP2488DAPI405_D20_F1.nd2,9
4,20846,2,0.0251367168761393,3.0559679999999996,284.9432373046875,5939927.0,11.138283869144244,0.0,0.7002740435609676,True,,KI,D20,1.0,d7,Plate1,/Users/pmihack/claire/tmem_2026/data/cleaved_tmem_pld3_260821/d7/Z60_PLD_TMEMki/PLD3TMEM106B_Plate1_d7_TMEM561LAMP1640MAP2488DAPI405_D20_F1.nd2,9
5,15672,4,0.05895865237366,2.694384,740.6505126953125,11607475.0,0.9111820045783772,0.0,0.4641352286255734,True,,KI,D20,1.0,d7,Plate1,/Users/pmihack/claire/tmem_2026/data/cleaved_tmem_pld3_260821/d7/Z60_PLD_TMEMki/PLD3TMEM106B_Plate1_d7_TMEM561LAMP1640MAP2488DAPI405_D20_F1.nd2,9
6,14684,2,0.0393625715064015,3.3708959999999997,418.1405029296875,6139975.0,2.033048532206821,0.0,0.3202465860945878,True,,KI,D20,1.0,d7,Plate1,/Users/pmihack/claire/tmem_2026/data/cleaved_tmem_pld3_260821/d7/Z60_PLD_TMEMki/PLD3TMEM106B_Plate1_d7_TMEM561LAMP1640MAP2488DAPI405_D20_F1.nd2,9
7,13481,9,0.0571916029968103,0.999216,691.038330078125,9315888.0,16.8861069279492,0.0,0.3342121462336838,True,,KI,D20,1.0,d7,Plate1,/Users/pmihack/claire/tmem_2026/data/cleaved_tmem_pld3_260821/d7/Z60_PLD_TMEMki/PLD3TMEM106B_Plate1_d7_TMEM561LAMP1640MAP2488DAPI405_D20_F1.nd2,9
8,15552,7,0.090406378600823,2.342797714285714,1006.5797119140624,15654328.0,10.521377804769877,0.0,0.5230012687531995,True,,KI,D20,1.0,d7,Plate1,/Users/pmihack/claire/tmem_2026/data/cleaved_tmem_pld3_260821/d7/Z60_PLD_TMEMki/PLD3TMEM106B_Plate1_d7_TMEM561LAMP1640MAP2488DAPI405_D20_F1.nd2,9
9,23033,13,0.069726045239439,1.4409526153846153,732.7413940429688,16877232.0,14.785031571303938,0.0,0.5640511035582132,True,,KI,D20,1.0,d7,Plate1,/Users/pmihack/claire/tmem_2026/data/cleaved_tmem_pld3_260821/d7/Z60_PLD_TMEMki/PLD3TMEM106B_Plate1_d7_TMEM561LAMP1640MAP2488DAPI405_D20_F1.nd2,9
10,8120,2,0.0020935960591133,0.099144,131.4716796875,1067550.0,8.532712859896186,0.0,0.3764577317777552,True,,KI,D20,1.0,d7,Plate1,/Users/pmihack/claire/tmem_2026/data/cleaved_tmem_pld3_260821/d7/Z60_PLD_TMEMki/PLD3TMEM106B_Plate1_d7_TMEM561LAMP1640MAP2488DAPI405_D20_F1.nd2,9
11,10597,0,0.0,0.0,10.686609268188477,113246.0,,0.0,0.0363762860089514,True,,KI,D20,1.0,d7,Plate1,/Users/pmihack/claire/tmem_2026/data/cleaved_tmem_pld3_260821/d7/Z60_PLD_TMEMki/PLD3TMEM106B_Plate1_d7_TMEM561LAMP1640MAP2488DAPI405_D20_F1.nd2,9
12,15524,3,0.1163359958773512,7.0217279999999995,1222.4908447265625,18977948.0,5.561368903610805,0.0090217338874936,0.4331640407796422,True,,KI,D20,1.0,d7,Plate1,/Users/pmihack/claire/tmem_2026/data/cleaved_tmem_pld3_260821/d7/Z60_PLD_TMEMki/PLD3TMEM106B_Plate1_d7_TMEM561LAMP1640MAP2488DAPI405_D20_F1.nd2,9
13,270,0,0.0,0.0,86.64073944091797,23393.0,,0.0,0.658124621401468,False,size_outlier,KI,D20,1.0,d7,Plate1,/Users/pmihack/claire/tmem_2026/data/cleaved_tmem_pld3_260821/d7/Z60_PLD_TMEMki/PLD3TMEM106B_Plate1_d7_TMEM561LAMP1640MAP2488DAPI405_D20_F1.nd2,9
14,151,0,0.0,0.0,5.589404106140137,844.0,,0.0,0.105419127346512,False,size_outlier,KI,D20,1.0,d7,Plate1,/Users/pmihack/claire/tmem_2026/data/cleaved_tmem_pld3_260821/d7/Z60_PLD_TMEMki/PLD3TMEM106B_Plate1_d7_TMEM561LAMP1640MAP2488DAPI405_D20_F1.nd2,9
15,9849,0,0.0,0.0,22.593358993530273,222522.0,,0.0,0.003040419750396,True,,KI,D20,1.0,d7,Plate1,/Users/pmihack/claire/tmem_2026/data/cleaved_tmem_pld3_260821/d7/Z60_PLD_TMEMki/PLD3TMEM106B_Plate1_d7_TMEM561LAMP1640MAP2488DAPI405_D20_F1.nd2,9
16,11200,2,0.0067857142857142,0.4432319999999999,113.91133880615234,1275807.0,13.019678257274409,0.0,0.0969551112499603,False,border,KI,D20,1.0,d7,Plate1,/Users/pmihack/claire/tmem_2026/data/cleaved_tmem_pld3_260821/d7/Z60_PLD_TMEMki/PLD3TMEM106B_Plate1_d7_TMEM561LAMP1640MAP2488DAPI405_D20_F1.nd2,9
17,12539,6,0.1020815057022091,2.48832,1167.2432861328125,14636064.0,9.02316820659321,0.0,0.575541478998808,True,,KI,D20,1.0,d7,Plate1,/Users/pmihack/claire/tmem_2026/data/cleaved_tmem_pld3_260821/d7/Z60_PLD_TMEMki/PLD3TMEM106B_Plate1_d7_TMEM561LAMP1640MAP2488DAPI405_D20_F1.nd2,9
18,19631,9,0.0837960368804442,2.1319199999999996,918.4583740234376,18030256.0,12.941657467032227,0.0,0.4395104192970972,True,,KI,D20,1.0,d7,Plate1,/Users/pmihack/claire/tmem_2026/data/cleaved_tmem_pld3_260821/d7/Z60_PLD_TMEMki/PLD3TMEM106B_Plate1_d7_TMEM561LAMP1640MAP2488DAPI405_D20_F1.nd2,9
19,10981,4,0.0420726709771423,1.347192,721.9749755859375,7928007.0,29.401224116715465,0.0,0.2064939559714232,True,,KI,D20,1.0,d7,Plate1,/Users/pmihack/claire/tmem_2026/data/cleaved_tmem_pld3_260821/d7/Z60_PLD_TMEMki/PLD3TMEM106B_Plate1_d7_TMEM561LAMP1640MAP2488DAPI405_D20_F1.nd2,9
20,19092,6,0.0772574900481877,2.8674,760.8236694335938,14525645.0,5.477046205227891,0.0,0.4681469449173797,True,,KI,D20,1.0,d7,Plate1,/Users/pmihack/claire/tmem_2026/data/cleaved_tmem_pld3_260821/d7/Z60_PLD_TMEMki/PLD3TMEM106B_Plate1_d7_TMEM561LAMP1640MAP2488DAPI405_D20_F1.nd2,9
21,14743,4,0.131520043410432,5.6541239999999995,1431.9085693359375,21110628.0,13.55439797551548,0.0,0.6702072208853278,True,,KI,D20,1.0,d7,Plate1,/Users/pmihack/claire/tmem_2026/data/cleaved_tmem_pld3_260821/d7/Z60_PLD_TMEMki/PLD3TMEM106B_Plate1_d7_TMEM561LAMP1640MAP2488DAPI405_D20_F1.nd2,9
22,58,0,0.0,0.0,6.896551609039307,400.0,,0.0,-0.0110949291333417,False,size_outlier,KI,D20,1.0,d7,Plate1,/Users/pmihack/claire/tmem_2026/data/cleaved_tmem_pld3_260821/d7/Z60_PLD_TMEMki/PLD3TMEM106B_Plate1_d7_TMEM561LAMP1640MAP2488DAPI405_D20_F1.nd2,9
23,159,0,0.0,0.0,9.12578582763672,1451.0,,0.0,0.0180872066760876,False,size_outlier,KI,D20,1.0,d7,Plate1,/Users/pmihack/claire/tmem_2026/data/cleaved_tmem_pld3_260821/d7/Z60_PLD_TMEMki/PLD3TMEM106B_Plate1_d7_TMEM561LAMP1640MAP2488DAPI405_D20_F1.nd2,9
24,13443,3,0.0519973220263334,2.7177119999999997,558.4347534179688,7507038.0,4.848727857767171,0.0,0.3299177626771171,True,,KI,D20,1.0,d7,Plate1,/Users/pmihack/claire/tmem_2026/data/cleaved_tmem_pld3_260821/d7/Z60_PLD_TMEMki/PLD3TMEM106B_Plate1_d7_TMEM561LAMP1640MAP2488DAPI405_D20_F1.nd2,9
25,19731,4,0.1144392073387055,6.584327999999999,1158.52734375,22858902.0,14.148189913649242,0.0,0.716268608762727,True,,KI,D20,1.0,d7,Plate1,/Users/pmihack/claire/tmem_2026/data/cleaved_tmem_pld3_260821/d7/Z60_PLD_TMEMki/PLD3TMEM106B_Plate1_d7_TMEM561LAMP1640MAP2488DAPI405_D20_F1.nd2,9
26,11767,4,0.1018951304495623,3.4962839999999997,1164.0318603515625,13697163.0,11.772928700512816,0.0,0.4615960788065939,True,,KI,D20,1.0,d7,Plate1,/Users/pmihack/claire/tmem_2026/data/cleaved_tmem_pld3_260821/d7/Z60_PLD_TMEMki/PLD3TMEM106B_Plate1_d7_TMEM561LAMP1640MAP2488DAPI405_D20_F1.nd2,9
27,7142,1,0.1029123494819378,8.573039999999999,974.4378051757812,6959435.0,23.741297993136204,0.0,0.574619319128711,True,,KI,D20,1.0,d7,Plate1,/Users/pmihack/claire/tmem_2026/data/cleaved_tmem_pld3_260821/d7/Z60_PLD_TMEMki/PLD3TMEM106B_Plate1_d7_TMEM561LAMP1640MAP2488DAPI405_D20_F1.nd2,9
28,8656,16,0.1166820702402957,0.7362899999999999,1403.5015869140625,12148710.0,15.04137740226082,0.0454192273318767,0.5123952106777491,True,,KI,D20,1.0,d7,Plate1,/Users/pmihack/claire/tmem_2026/data/cleaved_tmem_pld3_260821/d7/Z60_PLD_TMEMki/PLD3TMEM106B_Plate1_d7_TMEM561LAMP1640MAP2488DAPI405_D20_F1.nd2,9
29,7695,3,0.0953866146848603,2.853791999999999,957.1990966796876,7365647.0,30.10799879515483,0.0,0.4691313328537949,True,,KI,D20,1.0,d7,Plate1,/Users/pmihack/claire/tmem_2026/data/cleaved_tmem_pld3_260821/d7/Z60_PLD_TMEMki/PLD3TMEM106B_Plate1_d7_TMEM561LAMP1640MAP2488DAPI405_D20_F1.nd2,9
30,12598,4,0.1149388791871725,4.2223679999999995,1337.6055908203125,16851156.0,12.835762172917688,0.0,0.755100994030982,True,,KI,D20,1.0,d7,Plate1,/Users/pmihack/claire/tmem_2026/data/cleaved_tmem_pld3_260821/d7/Z60_PLD_TMEMki/PLD3TMEM106B_Plate1_d7_TMEM561LAMP1640MAP2488DAPI405_D20_F1.nd2,9
1,6241,2,0.0054478448966511,0.198288,136.5742645263672,852360.0,21.09734600920293,0.0,0.3834540199182772,True,,KI,D20,2.0,d7,Plate1,/Users/pmihack/claire/tmem_2026/data/cleaved_tmem_pld3_260821/d7/Z60_PLD_TMEMki/PLD3TMEM106B_Plate1_d7_TMEM561LAMP1640MAP2488DAPI405_D20_F2.nd2,9
2,16784,8,0.1068875119161105,2.615652,1364.0703125,22894556.0,11.814186309962134,0.0205174535512924,0.3709373129521555,True,,KI,D20,2.0,d7,Plate1,/Users/pmihack/claire/tmem_2026/data/cleaved_tmem_pld3_260821/d7/Z60_PLD_TMEMki/PLD3TMEM106B_Plate1_d7_TMEM561LAMP1640MAP2488DAPI405_D20_F2.nd2,9
3,13277,0,0.0,0.0,37.7152214050293,500745.0,,0.0,0.0866198702946651,True,,KI,D20,2.0,d7,Plate1,/Users/pmihack/claire/tmem_2026/data/cleaved_tmem_pld3_260821/d7/Z60_PLD_TMEMki/PLD3TMEM106B_Plate1_d7_TMEM561LAMP1640MAP2488DAPI405_D20_F2.nd2,9
4,12024,1,0.0275282767797737,3.860784,374.4671630859375,4502593.0,11.894309780049916,0.0,0.3783974009033452,True,,KI,D20,2.0,d7,Plate1,/Users/pmihack/claire/tmem_2026/data/cleaved_tmem_pld3_260821/d7/Z60_PLD_TMEMki/PLD3TMEM106B_Plate1_d7_TMEM561LAMP1640MAP2488DAPI405_D20_F2.nd2,9
5,12586,4,0.0610201811536628,2.2394879999999997,844.0601196289062,10623341.0,19.514334113183875,0.0,0.7358684748485659,True,,KI,D20,2.0,d7,Plate1,/Users/pmihack/claire/tmem_2026/data/cleaved_tmem_pld3_260821/d7/Z60_PLD_TMEMki/PLD3TMEM106B_Plate1_d7_TMEM561LAMP1640MAP2488DAPI405_D20_F2.nd2,9
6,9323,7,0.0855947656333798,1.329696,1099.850341796875,10253905.0,17.398390233026074,0.0,0.6513347199591287,True,,KI,D20,2.0,d7,Plate1,/Users/pmihack/claire/tmem_2026/data/cleaved_tmem_pld3_260821/d7/Z60_PLD_TMEMki/PLD3TMEM106B_Plate1_d7_TMEM561LAMP1640MAP2488DAPI405_D20_F2.nd2,9
7,8791,8,0.0427710158116255,0.5482079999999999,596.5270385742188,5244069.0,11.25622008980309,0.0014299964532256,0.5257698900441179,True,,KI,D20,2.0,d7,Plate1,/Users/pmihack/claire/tmem_2026/data/cleaved_tmem_pld3_260821/d7/Z60_PLD_TMEMki/PLD3TMEM106B_Plate1_d7_TMEM561LAMP1640MAP2488DAPI405_D20_F2.nd2,9
8,8958,1,0.0016744809109176,0.1749599999999999,110.91046905517578,993536.0,24.805823811717357,0.0,0.2112576437564112,True,,KI,D20,2.0,d7,Plate1,/Users/pmihack/claire/tmem_2026/data/cleaved_tmem_pld3_260821/d7/Z60_PLD_TMEMki/PLD3TMEM106B_Plate1_d7_TMEM561LAMP1640MAP2488DAPI405_D20_F2.nd2,9
9,17255,3,0.122920892494929,8.246448,1401.9063720703125,24189894.0,18.686612915714704,0.0,0.605795932130027,True,,KI,D20,2.0,d7,Plate1,/Users/pmihack/claire/tmem_2026/data/cleaved_tmem_pld3_260821/d7/Z60_PLD_TMEMki/PLD3TMEM106B_Plate1_d7_TMEM561LAMP1640MAP2488DAPI405_D20_F2.nd2,9
10,13298,2,0.0026319747330425,0.20412,109.51150512695312,1456284.0,14.065330518828462,0.0,0.3432150422389373,True,,KI,D20,2.0,d7,Plate1,/Users/pmihack/claire/tmem_2026/data/cleaved_tmem_pld3_260821/d7/Z60_PLD_TMEMki/PLD3TMEM106B_Plate1_d7_TMEM561LAMP1640MAP2488DAPI405_D20_F2.nd2,9
11,10511,8,0.1735324897726191,2.659392,1881.8604736328125,19780236.0,15.261550762457455,3.720885797520168e-05,0.2259548549627134,True,,KI,D20,2.0,d7,Plate1,/Users/pmihack/claire/tmem_2026/data/cleaved_tmem_pld3_260821/d7/Z60_PLD_TMEMki/PLD3TMEM106B_Plate1_d7_TMEM561LAMP1640MAP2488DAPI405_D20_F2.nd2,9
12,10819,3,0.2087069045198262,8.779103999999998,3040.457275390625,32894708.0,13.960418618067898,0.0,0.7173697529699076,True,,KI,D20,2.0,d7,Plate1,/Users/pmihack/claire/tmem_2026/data/cleaved_tmem_pld3_260821/d7/Z60_PLD_TMEMki/PLD3TMEM106B_Plate1_d7_TMEM561LAMP1640MAP2488DAPI405_D20_F2.nd2,9
13,10422,3,0.1224333141431587,4.961087999999999,1438.59716796875,14993060.0,10.385705440149026,0.0,0.5609296882224799,True,,KI,D20,2.0,d7,Plate1,/Users/pmihack/claire/tmem_2026/data/cleaved_tmem_pld3_260821/d7/Z60_PLD_TMEMki/PLD3TMEM106B_Plate1_d7_TMEM561LAMP1640MAP2488DAPI405_D20_F2.nd2,9
14,29596,17,0.0794364103257196,1.6130625882352938,1084.9150390625,32109144.0,8.913746458775147,0.0118652181699872,0.6614744461960199,True,,KI,D20,2.0,d7,Plate1,/Users/pmihack/claire/tmem_2026/data/cleaved_tmem_pld3_260821/d7/Z60_PLD_TMEMki/PLD3TMEM106B_Plate1_d7_TMEM561LAMP1640MAP2488DAPI405_D20_F2.nd2,9
15,13966,10,0.0634397823285121,1.0334304,910.4093627929688,12714777.0,11.363075676228128,0.0,0.6554189250724872,True,,KI,D20,2.0,d7,Plate1,/Users/pmihack/claire/tmem_2026/data/cleaved_tmem_pld3_260821/d7/Z60_PLD_TMEMki/PLD3TMEM106B_Plate1_d7_TMEM561LAMP1640MAP2488DAPI405_D20_F2.nd2,9
16,20046,3,0.0593135787688316,4.622832,632.2752075195312,12674589.0,10.978084607964355,0.0,0.5218267033295655,True,,KI,D20,2.0,d7,Plate1,/Users/pmihack/claire/tmem_2026/data/cleaved_tmem_pld3_260821/d7/Z60_PLD_TMEMki/PLD3TMEM106B_Plate1_d7_TMEM561LAMP1640MAP2488DAPI405_D20_F2.nd2,9
17,21602,2,0.1116100361077678,14.060952,1412.1944580078125,30506226.0,24.422796277221757,0.0,0.7410201802110109,True,,KI,D20,2.0,d7,Plate1,/Users/pmihack/claire/tmem_2026/data/cleaved_tmem_pld3_260821/d7/Z60_PLD_TMEMki/PLD3TMEM106B_Plate1_d7_TMEM561LAMP1640MAP2488DAPI405_D20_F2.nd2,9
18,22066,10,0.0196682679235022,0.5062175999999999,387.3132934570313,8546455.0,12.77470655214161,0.0106957796961069,0.2556395605156967,True,,KI,D20,2.0,d7,Plate1,/Users/pmihack/claire/tmem_2026/data/cleaved_tmem_pld3_260821/d7/Z60_PLD_TMEMki/PLD3TMEM106B_Plate1_d7_TMEM561LAMP1640MAP2488DAPI405_D20_F2.nd2,9
19,7520,4,0.076595744680851,1.6796159999999998,1019.4276733398438,7666096.0,22.653997873565263,0.0,0.2814384324298905,True,,KI,D20,2.0,d7,Plate1,/Users/pmihack/claire/tmem_2026/data/cleaved_tmem_pld3_260821/d7/Z60_PLD_TMEMki/PLD3TMEM106B_Plate1_d7_TMEM561LAMP1640MAP2488DAPI405_D20_F2.nd2,9
1,28174,7,0.145488748491517,6.830105142857142,1528.1192626953125,43053232.0,1.4305822452108006,0.0,0.4922847525092561,True,,KI,D20,3.0,d7,Plate1,/Users/pmihack/claire/tmem_2026/data/cleaved_tmem_pld3_260821/d7/Z60_PLD_TMEMki/PLD3TMEM106B_Plate1_d7_TMEM561LAMP1640MAP2488DAPI405_D20_F3.nd2,8
2,12722,0,0.0,0.0,78.32062530517578,996395.0,,0.0,0.1177222889810194,True,,KI,D20,3.0,d7,Plate1,/Users/pmihack/claire/tmem_2026/data/cleaved_tmem_pld3_260821/d7/Z60_PLD_TMEMki/PLD3TMEM106B_Plate1_d7_TMEM561LAMP1640MAP2488DAPI405_D20_F3.nd2,8
3,8409,1,0.1739802592460459,17.064432,2184.75634765625,18371616.0,9.916450200888352,0.0,0.0636188280884013,True,,KI,D20,3.0,d7,Plate1,/Users/pmihack/claire/tmem_2026/data/cleaved_tmem_pld3_260821/d7/Z60_PLD_TMEMki/PLD3TMEM106B_Plate1_d7_TMEM561LAMP1640MAP2488DAPI405_D20_F3.nd2,8
4,17964,9,0.1064350924070362,2.477952,1150.22802734375,20662696.0,6.994470736524536,0.0,0.2465733994067629,True,,KI,D20,3.0,d7,Plate1,/Users/pmihack/claire/tmem_2026/data/cleaved_tmem_pld3_260821/d7/Z60_PLD_TMEMki/PLD3TMEM106B_Plate1_d7_TMEM561LAMP1640MAP2488DAPI405_D20_F3.nd2,8
5,6944,2,0.0976382488479262,3.954096,1093.0447998046875,7590103.0,18.48731058603938,0.0,-0.0450701393348745,True,,KI,D20,3.0,d7,Plate1,/Users/pmihack/claire/tmem_2026/data/cleaved_tmem_pld3_260821/d7/Z60_PLD_TMEMki/PLD3TMEM106B_Plate1_d7_TMEM561LAMP1640MAP2488DAPI405_D20_F3.nd2,8
6,7183,1,0.0073785326465265,0.618192,88.98204040527344,639158.0,41.87540326182161,0.0,0.9236018556091148,True,,KI,D20,3.0,d7,Plate1,/Users/pmihack/claire/tmem_2026/data/cleaved_tmem_pld3_260821/d7/Z60_PLD_TMEMki/PLD3TMEM106B_Plate1_d7_TMEM561LAMP1640MAP2488DAPI405_D20_F3.nd2,8
7,11860,2,0.0338954468802698,2.344464,531.5549926757812,6304242.0,20.828654469607287,0.0,0.1082474942763526,True,,KI,D20,3.0,d7,Plate1,/Users/pmihack/claire/tmem_2026/data/cleaved_tmem_pld3_260821/d7/Z60_PLD_TMEMki/PLD3TMEM106B_Plate1_d7_TMEM561LAMP1640MAP2488DAPI405_D20_F3.nd2,8
8,5700,0,0.0,0.0,59.36824417114258,338399.0,,0.0,-0.0135935765652525,True,,KI,D20,3.0,d7,Plate1,/Users/pmihack/claire/tmem_2026/data/cleaved_tmem_pld3_260821/d7/Z60_PLD_TMEMki/PLD3TMEM106B_Plate1_d7_TMEM561LAMP1640MAP2488DAPI405_D20_F3.nd2,8
9,18441,10,0.0914809392115395,1.9677167999999996,1041.4227294921875,19204876.0,12.798577678903598,0.0,-0.0101246783955501,True,,KI,D20,3.0,d7,Plate1,/Users/pmihack/claire/tmem_2026/data/cleaved_tmem_pld3_260821/d7/Z60_PLD_TMEMki/PLD3TMEM106B_Plate1_d7_TMEM561LAMP1640MAP2488DAPI405_D20_F3.nd2,8
10,8826,1,0.000679809653297,0.0699839999999999,151.17550659179688,1334275.0,12.640603231472632,0.0,-0.0903473861213453,True,,KI,D20,3.0,d7,Plate1,/Users/pmihack/claire/tmem_2026/data/cleaved_tmem_pld3_260821/d7/Z60_PLD_TMEMki/PLD3TMEM106B_Plate1_d7_TMEM561LAMP1640MAP2488DAPI405_D20_F3.nd2,8
11,9890,0,0.0,0.0,27.36026382446289,270593.0,,0.0,-0.0051045902749109,True,,KI,D20,3.0,d7,Plate1,/Users/pmihack/claire/tmem_2026/data/cleaved_tmem_pld3_260821/d7/Z60_PLD_TMEMki/PLD3TMEM106B_Plate1_d7_TMEM561LAMP1640MAP2488DAPI405_D20_F3.nd2,8
12,9201,3,0.0055428757743723,0.198288,155.5087432861328,1430836.0,19.353294984180085,0.0,0.1542239061353978,True,,KI,D20,3.0,d7,Plate1,/Users/pmihack/claire/tmem_2026/data/cleaved_tmem_pld3_260821/d7/Z60_PLD_TMEMki/PLD3TMEM106B_Plate1_d7_TMEM561LAMP1640MAP2488DAPI405_D20_F3.nd2,8
13,3560,0,0.0,0.0,43.19578552246094,153777.0,,0.0,0.0574976805640885,True,,KI,D20,3.0,d7,Plate1,/Users/pmihack/claire/tmem_2026/data/cleaved_tmem_pld3_260821/d7/Z60_PLD_TMEMki/PLD3TMEM106B_Plate1_d7_TMEM561LAMP1640MAP2488DAPI405_D20_F3.nd2,8
14,10191,0,0.0,0.0,118.34638214111328,1206068.0,,0.0,-0.0532027874664013,True,,KI,D20,3.0,d7,Plate1,/Users/pmihack/claire/tmem_2026/data/cleaved_tmem_pld3_260821/d7/Z60_PLD_TMEMki/PLD3TMEM106B_Plate1_d7_TMEM561LAMP1640MAP2488DAPI405_D20_F3.nd2,8
15,6564,5,0.1924131627056672,2.9463264,3334.764404296875,21889394.0,13.76090845996423,0.0,0.4297922372545942,True,,KI,D20,3.0,d7,Plate1,/Users/pmihack/claire/tmem_2026/data/cleaved_tmem_pld3_260821/d7/Z60_PLD_TMEMki/PLD3TMEM106B_Plate1_d7_TMEM561LAMP1640MAP2488DAPI405_D20_F3.nd2,8
16,13333,0,0.0,0.0,74.4806137084961,993050.0,,0.0,0.078546057019963,True,,KI,D20,3.0,d7,Plate1,/Users/pmihack/claire/tmem_2026/data/cleaved_tmem_pld3_260821/d7/Z60_PLD_TMEMki/PLD3TMEM106B_Plate1_d7_TMEM561LAMP1640MAP2488DAPI405_D20_F3.nd2,8
17,2126,0,0.0,0.0,387.91204833984375,824701.0,,0.0,0.1291721223020265,True,,KI,D20,3.0,d7,Plate1,/Users/pmihack/claire/tmem_2026/data/cleaved_tmem_pld3_260821/d7/Z60_PLD_TMEMki/PLD3TMEM106B_Plate1_d7_TMEM561LAMP1640MAP2488DAPI405_D20_F3.nd2,8
1,22511,8,0.0629470036870863,2.0659859999999997,575.8118896484375,12962101.0,8.418310875251553,0.0,0.4542253348716016,True,,KI,D20,4.0,d7,Plate1,/Users/pmihack/claire/tmem_2026/data/cleaved_tmem_pld3_260821/d7/Z60_PLD_TMEMki/PLD3TMEM106B_Plate1_d7_TMEM561LAMP1640MAP2488DAPI405_D20_F4.nd2,8
2,9040,8,0.1276548672566371,1.682532,1165.5616455078125,10536677.0,13.045647010677882,0.0004289777425583,0.1473373182600109,True,,KI,D20,4.0,d7,Plate1,/Users/pmihack/claire/tmem_2026/data/cleaved_tmem_pld3_260821/d7/Z60_PLD_TMEMki/PLD3TMEM106B_Plate1_d7_TMEM561LAMP1640MAP2488DAPI405_D20_F4.nd2,8
3,10488,2,0.0014302059496567,0.0874799999999999,110.03899383544922,1154089.0,16.520348892060607,0.0,0.2931066109683793,True,,KI,D20,4.0,d7,Plate1,/Users/pmihack/claire/tmem_2026/data/cleaved_tmem_pld3_260821/d7/Z60_PLD_TMEMki/PLD3TMEM106B_Plate1_d7_TMEM561LAMP1640MAP2488DAPI405_D20_F4.nd2,8
4,267,0,0.0,0.0,152.44943237304688,40704.0,,0.0,0.4548682679745817,False,size_outlier,KI,D20,4.0,d7,Plate1,/Users/pmihack/claire/tmem_2026/data/cleaved_tmem_pld3_260821/d7/Z60_PLD_TMEMki/PLD3TMEM106B_Plate1_d7_TMEM561LAMP1640MAP2488DAPI405_D20_F4.nd2,8
5,21791,7,0.1048139140011931,3.805796571428571,1000.6287841796876,21804702.0,13.086886072814986,0.0003106669464614,0.5211883767554369,True,,KI,D20,4.0,d7,Plate1,/Users/pmihack/claire/tmem_2026/data/cleaved_tmem_pld3_260821/d7/Z60_PLD_TMEMki/PLD3TMEM106B_Plate1_d7_TMEM561LAMP1640MAP2488DAPI405_D20_F4.nd2,8
6,12108,2,0.0721010901883052,5.091335999999999,638.0241088867188,7725196.0,9.40549689682463,0.0,0.5349043755703573,True,,KI,D20,4.0,d7,Plate1,/Users/pmihack/claire/tmem_2026/data/cleaved_tmem_pld3_260821/d7/Z60_PLD_TMEMki/PLD3TMEM106B_Plate1_d7_TMEM561LAMP1640MAP2488DAPI405_D20_F4.nd2,8
7,18791,7,0.0688095364802299,2.1545074285714283,661.9398193359375,12438511.0,7.707066760874744,0.0,0.605932629803973,True,,KI,D20,4.0,d7,Plate1,/Users/pmihack/claire/tmem_2026/data/cleaved_tmem_pld3_260821/d7/Z60_PLD_TMEMki/PLD3TMEM106B_Plate1_d7_TMEM561LAMP1640MAP2488DAPI405_D20_F4.nd2,8
8,15280,4,0.1344240837696335,5.989464,1080.0965576171875,16503875.0,7.306283750511446,0.0,0.7405407875298737,True,,KI,D20,4.0,d7,Plate1,/Users/pmihack/claire/tmem_2026/data/cleaved_tmem_pld3_260821/d7/Z60_PLD_TMEMki/PLD3TMEM106B_Plate1_d7_TMEM561LAMP1640MAP2488DAPI405_D20_F4.nd2,8
9,23215,4,0.0805082920525522,5.450004,628.7056884765625,14595402.0,11.442554824245718,0.0,0.3463330166740972,True,,KI,D20,4.0,d7,Plate1,/Users/pmihack/claire/tmem_2026/data/cleaved_tmem_pld3_260821/d7/Z60_PLD_TMEMki/PLD3TMEM106B_Plate1_d7_TMEM561LAMP1640MAP2488DAPI405_D20_F4.nd2,8
10,15949,6,0.1028904633519342,3.190104,837.8829956054688,13363396.0,16.206229020822683,0.0,0.5613706560630602,True,,KI,D20,4.0,d7,Plate1,/Users/pmihack/claire/tmem_2026/data/cleaved_tmem_pld3_260821/d7/Z60_PLD_TMEMki/PLD3TMEM106B_Plate1_d7_TMEM561LAMP1640MAP2488DAPI405_D20_F4.nd2,8
11,8022,1,0.2496883570181999,23.362992,1964.82080078125,15761792.0,20.87560392960325,0.0,0.6149354540711914,True,,KI,D20,4.0,d7,Plate1,/Users/pmihack/claire/tmem_2026/data/cleaved_tmem_pld3_260821/d7/Z60_PLD_TMEMki/PLD3TMEM106B_Plate1_d7_TMEM561LAMP1640MAP2488DAPI405_D20_F4.nd2,8
1,14171,18,0.0449509561781102,0.4127759999999999,360.8700866699219,5113890.0,0.8515699851012425,0.0,0.4130349976448776,True,,KI,E20,1.0,d7,Plate1,/Users/pmihack/claire/tmem_2026/data/cleaved_tmem_pld3_260821/d7/Z60_PLD_TMEMki/PLD3TMEM106B_Plate1_d7_TMEM561LAMP1640MAP2488DAPI405_E20_F1.nd2,6
2,6568,6,0.0193361753958587,0.246888,200.9735107421875,1319994.0,0.8175783953298881,0.0,0.2231902114735387,True,,KI,E20,1.0,d7,Plate1,/Users/pmihack/claire/tmem_2026/data/cleaved_tmem_pld3_260821/d7/Z60_PLD_TMEMki/PLD3TMEM106B_Plate1_d7_TMEM561LAMP1640MAP2488DAPI405_E20_F1.nd2,6
3,10675,8,0.1154098360655737,1.796256,608.272216796875,6493306.0,5.431657842132634,0.0,0.2721928320434998,True,,KI,E20,1.0,d7,Plate1,/Users/pmihack/claire/tmem_2026/data/cleaved_tmem_pld3_260821/d7/Z60_PLD_TMEMki/PLD3TMEM106B_Plate1_d7_TMEM561LAMP1640MAP2488DAPI405_E20_F1.nd2,6
4,9886,6,0.0102164677321464,0.1963439999999999,155.48806762695312,1537155.0,5.305581457832409,0.0,0.145959563471234,True,,KI,E20,1.0,d7,Plate1,/Users/pmihack/claire/tmem_2026/data/cleaved_tmem_pld3_260821/d7/Z60_PLD_TMEMki/PLD3TMEM106B_Plate1_d7_TMEM561LAMP1640MAP2488DAPI405_E20_F1.nd2,6
5,8452,0,0.0,0.0,29.472787857055664,249104.0,,0.0,0.1992373154559019,True,,KI,E20,1.0,d7,Plate1,/Users/pmihack/claire/tmem_2026/data/cleaved_tmem_pld3_260821/d7/Z60_PLD_TMEMki/PLD3TMEM106B_Plate1_d7_TMEM561LAMP1640MAP2488DAPI405_E20_F1.nd2,6
6,12677,5,0.0377849648970576,1.1174111999999998,233.04827880859375,2954353.0,10.368134558539587,0.0,0.2129550692196243,True,,KI,E20,1.0,d7,Plate1,/Users/pmihack/claire/tmem_2026/data/cleaved_tmem_pld3_260821/d7/Z60_PLD_TMEMki/PLD3TMEM106B_Plate1_d7_TMEM561LAMP1640MAP2488DAPI405_E20_F1.nd2,6
7,12493,3,0.0803650044024653,3.903552,390.3780517578125,4876993.0,8.54821753929071,0.0,0.4745176482123446,True,,KI,E20,1.0,d7,Plate1,/Users/pmihack/claire/tmem_2026/data/cleaved_tmem_pld3_260821/d7/Z60_PLD_TMEMki/PLD3TMEM106B_Plate1_d7_TMEM561LAMP1640MAP2488DAPI405_E20_F1.nd2,6
8,9069,1,0.0015437203660822,0.163296,87.14875030517578,790352.0,23.498207664687634,0.0,0.0762472515202095,True,,KI,E20,1.0,d7,Plate1,/Users/pmihack/claire/tmem_2026/data/cleaved_tmem_pld3_260821/d7/Z60_PLD_TMEMki/PLD3TMEM106B_Plate1_d7_TMEM561LAMP1640MAP2488DAPI405_E20_F1.nd2,6
9,28724,22,0.0140300793761314,0.2136632727272727,149.5149688720703,4294668.0,7.946663784312807,0.0,0.3392129649702667,True,,KI,E20,1.0,d7,Plate1,/Users/pmihack/claire/tmem_2026/data/cleaved_tmem_pld3_260821/d7/Z60_PLD_TMEMki/PLD3TMEM106B_Plate1_d7_TMEM561LAMP1640MAP2488DAPI405_E20_F1.nd2,6
10,10369,12,0.1114861606712315,1.1236319999999995,532.0855712890625,5517195.0,14.211971125290557,0.0,0.2233660387047741,True,,KI,E20,1.0,d7,Plate1,/Users/pmihack/claire/tmem_2026/data/cleaved_tmem_pld3_260821/d7/Z60_PLD_TMEMki/PLD3TMEM106B_Plate1_d7_TMEM561LAMP1640MAP2488DAPI405_E20_F1.nd2,6
11,13009,18,0.0672611269121377,0.567,391.9303588867187,5098622.0,7.406220935916564,0.0,0.2016229167037481,True,,KI,E20,1.0,d7,Plate1,/Users/pmihack/claire/tmem_2026/data/cleaved_tmem_pld3_260821/d7/Z60_PLD_TMEMki/PLD3TMEM106B_Plate1_d7_TMEM561LAMP1640MAP2488DAPI405_E20_F1.nd2,6
12,9015,1,0.0226289517470881,2.379456,158.2936248779297,1427017.0,2.9164012632553447,0.0,0.189041289880015,True,,KI,E20,1.0,d7,Plate1,/Users/pmihack/claire/tmem_2026/data/cleaved_tmem_pld3_260821/d7/Z60_PLD_TMEMki/PLD3TMEM106B_Plate1_d7_TMEM561LAMP1640MAP2488DAPI405_E20_F1.nd2,6
13,11685,12,0.0621309370988446,0.705672,347.6836242675781,4062683.0,6.438580959006596,0.0,0.1928672728890073,True,,KI,E20,1.0,d7,Plate1,/Users/pmihack/claire/tmem_2026/data/cleaved_tmem_pld3_260821/d7/Z60_PLD_TMEMki/PLD3TMEM106B_Plate1_d7_TMEM561LAMP1640MAP2488DAPI405_E20_F1.nd2,6
14,12691,0,0.0,0.0,16.013317108154297,203225.0,,0.0,-0.0004868009343033,False,abnormal_nucleus,KI,E20,1.0,d7,Plate1,/Users/pmihack/claire/tmem_2026/data/cleaved_tmem_pld3_260821/d7/Z60_PLD_TMEMki/PLD3TMEM106B_Plate1_d7_TMEM561LAMP1640MAP2488DAPI405_E20_F1.nd2,6
15,14350,5,0.0795121951219512,2.6617247999999996,369.0026550292969,5295188.0,10.716149742403504,0.0,0.290664871578947,True,,KI,E20,1.0,d7,Plate1,/Users/pmihack/claire/tmem_2026/data/cleaved_tmem_pld3_260821/d7/Z60_PLD_TMEMki/PLD3TMEM106B_Plate1_d7_TMEM561LAMP1640MAP2488DAPI405_E20_F1.nd2,6
16,6504,9,0.0645756457564575,0.5443199999999999,490.17864990234375,3188122.0,15.239827069751165,0.1025738641619682,0.3666298219734051,True,,KI,E20,1.0,d7,Plate1,/Users/pmihack/claire/tmem_2026/data/cleaved_tmem_pld3_260821/d7/Z60_PLD_TMEMki/PLD3TMEM106B_Plate1_d7_TMEM561LAMP1640MAP2488DAPI405_E20_F1.nd2,6
17,6938,0,0.0,0.0,21.557941436767575,149569.0,,0.0,-0.0032957140230079,True,,KI,E20,1.0,d7,Plate1,/Users/pmihack/claire/tmem_2026/data/cleaved_tmem_pld3_260821/d7/Z60_PLD_TMEMki/PLD3TMEM106B_Plate1_d7_TMEM561LAMP1640MAP2488DAPI405_E20_F1.nd2,6
18,10029,7,0.0708944062219563,1.1847291428571427,346.2864685058594,3472907.0,27.88381243402018,0.0,0.2525785507046729,True,,KI,E20,1.0,d7,Plate1,/Users/pmihack/claire/tmem_2026/data/cleaved_tmem_pld3_260821/d7/Z60_PLD_TMEMki/PLD3TMEM106B_Plate1_d7_TMEM561LAMP1640MAP2488DAPI405_E20_F1.nd2,6
19,8323,6,0.0145380271536705,0.235224,119.62200927734376,995614.0,23.473886252118184,0.0,0.1611836786923996,True,,KI,E20,1.0,d7,Plate1,/Users/pmihack/claire/tmem_2026/data/cleaved_tmem_pld3_260821/d7/Z60_PLD_TMEMki/PLD3TMEM106B_Plate1_d7_TMEM561LAMP1640MAP2488DAPI405_E20_F1.nd2,6
20,9760,12,0.105327868852459,0.999216,525.000732421875,5124007.0,13.389478729713913,0.0,0.3526399443608806,False,border,KI,E20,1.0,d7,Plate1,/Users/pmihack/claire/tmem_2026/data/cleaved_tmem_pld3_260821/d7/Z60_PLD_TMEMki/PLD3TMEM106B_Plate1_d7_TMEM561LAMP1640MAP2488DAPI405_E20_F1.nd2,6
1,10934,18,0.0620998719590268,0.4399919999999999,833.5856323242188,9114425.0,5.605803546024769,0.0,0.6064571184238169,True,,KI,E20,2.0,d7,Plate1,/Users/pmihack/claire/tmem_2026/data/cleaved_tmem_pld3_260821/d7/Z60_PLD_TMEMki/PLD3TMEM106B_Plate1_d7_TMEM561LAMP1640MAP2488DAPI405_E20_F2.nd2,8
2,12357,5,0.0872380027514768,2.5147584,912.885986328125,11280532.0,15.416309247133723,0.0,0.8453593745630021,True,,KI,E20,2.0,d7,Plate1,/Users/pmihack/claire/tmem_2026/data/cleaved_tmem_pld3_260821/d7/Z60_PLD_TMEMki/PLD3TMEM106B_Plate1_d7_TMEM561LAMP1640MAP2488DAPI405_E20_F2.nd2,8
3,10284,13,0.0294632438739789,0.271860923076923,626.572265625,6443669.0,7.548357704643449,0.0,0.6595852129691512,True,,KI,E20,2.0,d7,Plate1,/Users/pmihack/claire/tmem_2026/data/cleaved_tmem_pld3_260821/d7/Z60_PLD_TMEMki/PLD3TMEM106B_Plate1_d7_TMEM561LAMP1640MAP2488DAPI405_E20_F2.nd2,8
4,6388,5,0.1307138384470882,1.947888,1327.40283203125,8479449.0,8.453342323862989,0.0,0.8388835049335733,True,,KI,E20,2.0,d7,Plate1,/Users/pmihack/claire/tmem_2026/data/cleaved_tmem_pld3_260821/d7/Z60_PLD_TMEMki/PLD3TMEM106B_Plate1_d7_TMEM561LAMP1640MAP2488DAPI405_E20_F2.nd2,8
5,11900,5,0.1098319327731092,3.0489695999999995,1051.346435546875,12511023.0,5.2504917178222295,0.0,0.7426814761379733,True,,KI,E20,2.0,d7,Plate1,/Users/pmihack/claire/tmem_2026/data/cleaved_tmem_pld3_260821/d7/Z60_PLD_TMEMki/PLD3TMEM106B_Plate1_d7_TMEM561LAMP1640MAP2488DAPI405_E20_F2.nd2,8
6,16820,6,0.073602853745541,2.406672,766.7761840820312,12897175.0,5.2932221772077,0.0,0.8509119080583929,True,,KI,E20,2.0,d7,Plate1,/Users/pmihack/claire/tmem_2026/data/cleaved_tmem_pld3_260821/d7/Z60_PLD_TMEMki/PLD3TMEM106B_Plate1_d7_TMEM561LAMP1640MAP2488DAPI405_E20_F2.nd2,8
7,8800,4,0.07375,1.892484,738.7658081054688,6501139.0,16.752441770055903,0.0093028312548995,0.5787944653368636,True,,KI,E20,2.0,d7,Plate1,/Users/pmihack/claire/tmem_2026/data/cleaved_tmem_pld3_260821/d7/Z60_PLD_TMEMki/PLD3TMEM106B_Plate1_d7_TMEM561LAMP1640MAP2488DAPI405_E20_F2.nd2,8
8,5726,1,0.2039818372336709,13.623551999999998,1818.2744140625,10411439.0,24.958485702462088,0.0,0.735153702546492,True,,KI,E20,2.0,d7,Plate1,/Users/pmihack/claire/tmem_2026/data/cleaved_tmem_pld3_260821/d7/Z60_PLD_TMEMki/PLD3TMEM106B_Plate1_d7_TMEM561LAMP1640MAP2488DAPI405_E20_F2.nd2,8
9,11141,10,0.0927205816354007,1.2048911999999998,1025.2305908203125,11422094.0,15.927134369727796,0.0,0.6053597693276656,True,,KI,E20,2.0,d7,Plate1,/Users/pmihack/claire/tmem_2026/data/cleaved_tmem_pld3_260821/d7/Z60_PLD_TMEMki/PLD3TMEM106B_Plate1_d7_TMEM561LAMP1640MAP2488DAPI405_E20_F2.nd2,8
10,8922,0,0.0,0.0,75.62833404541016,674756.0,,0.0,0.2918209101138398,True,,KI,E20,2.0,d7,Plate1,/Users/pmihack/claire/tmem_2026/data/cleaved_tmem_pld3_260821/d7/Z60_PLD_TMEMki/PLD3TMEM106B_Plate1_d7_TMEM561LAMP1640MAP2488DAPI405_E20_F2.nd2,8
11,15113,6,0.1048104281082511,3.079296,994.8323364257812,15034901.0,17.342266867677136,0.0,0.7696344617020291,True,,KI,E20,2.0,d7,Plate1,/Users/pmihack/claire/tmem_2026/data/cleaved_tmem_pld3_260821/d7/Z60_PLD_TMEMki/PLD3TMEM106B_Plate1_d7_TMEM561LAMP1640MAP2488DAPI405_E20_F2.nd2,8
12,9698,3,0.1489997937719117,5.61816,1288.96142578125,12500348.0,24.092148198631637,0.0,0.8328875118089675,True,,KI,E20,2.0,d7,Plate1,/Users/pmihack/claire/tmem_2026/data/cleaved_tmem_pld3_260821/d7/Z60_PLD_TMEMki/PLD3TMEM106B_Plate1_d7_TMEM561LAMP1640MAP2488DAPI405_E20_F2.nd2,8
1,28741,12,0.0808948888347656,2.2599,874.4537963867188,25132676.0,10.072795983461733,0.0294022411108016,0.6734395299388829,True,,KI,E20,3.0,d7,Plate1,/Users/pmihack/claire/tmem_2026/data/cleaved_tmem_pld3_260821/d7/Z60_PLD_TMEMki/PLD3TMEM106B_Plate1_d7_TMEM561LAMP1640MAP2488DAPI405_E20_F3.nd2,14
2,24482,4,0.1164937505105792,8.316431999999999,1167.56201171875,28584252.0,3.0990424783010257,0.0126808285713195,0.5896988626364353,True,,KI,E20,3.0,d7,Plate1,/Users/pmihack/claire/tmem_2026/data/cleaved_tmem_pld3_260821/d7/Z60_PLD_TMEMki/PLD3TMEM106B_Plate1_d7_TMEM561LAMP1640MAP2488DAPI405_E20_F3.nd2,14
3,4956,0,0.0,0.0,13.96610164642334,69216.0,,0.0,0.3436222804398464,True,,KI,E20,3.0,d7,Plate1,/Users/pmihack/claire/tmem_2026/data/cleaved_tmem_pld3_260821/d7/Z60_PLD_TMEMki/PLD3TMEM106B_Plate1_d7_TMEM561LAMP1640MAP2488DAPI405_E20_F3.nd2,14
4,18296,8,0.1352754700480979,3.60855,1461.3760986328125,26737336.0,16.347825175924182,0.0,0.7512034652284519,True,,KI,E20,3.0,d7,Plate1,/Users/pmihack/claire/tmem_2026/data/cleaved_tmem_pld3_260821/d7/Z60_PLD_TMEMki/PLD3TMEM106B_Plate1_d7_TMEM561LAMP1640MAP2488DAPI405_E20_F3.nd2,14
5,8436,9,0.0892603129445234,0.975888,1107.658203125,9344205.0,12.10504513544549,0.1083398759365081,0.5310987037890814,True,,KI,E20,3.0,d7,Plate1,/Users/pmihack/claire/tmem_2026/data/cleaved_tmem_pld3_260821/d7/Z60_PLD_TMEMki/PLD3TMEM106B_Plate1_d7_TMEM561LAMP1640MAP2488DAPI405_E20_F3.nd2,14
6,23049,15,0.0875092194889149,1.5684192,956.6490478515624,22049804.0,2.8654158818893976,0.0033784427214413,0.7357018332306663,True,,KI,E20,3.0,d7,Plate1,/Users/pmihack/claire/tmem_2026/data/cleaved_tmem_pld3_260821/d7/Z60_PLD_TMEMki/PLD3TMEM106B_Plate1_d7_TMEM561LAMP1640MAP2488DAPI405_E20_F3.nd2,14
7,8873,7,0.0388820015778203,0.5748685714285714,418.6015930175781,3714252.0,26.24086268055646,0.0,0.7032851163993533,True,,KI,E20,3.0,d7,Plate1,/Users/pmihack/claire/tmem_2026/data/cleaved_tmem_pld3_260821/d7/Z60_PLD_TMEMki/PLD3TMEM106B_Plate1_d7_TMEM561LAMP1640MAP2488DAPI405_E20_F3.nd2,14
8,7402,3,0.0295865982166981,0.8514719999999999,376.8539733886719,2789473.0,6.510556929198052,0.0840452685952186,0.8133255473014477,True,,KI,E20,3.0,d7,Plate1,/Users/pmihack/claire/tmem_2026/data/cleaved_tmem_pld3_260821/d7/Z60_PLD_TMEMki/PLD3TMEM106B_Plate1_d7_TMEM561LAMP1640MAP2488DAPI405_E20_F3.nd2,14
9,27740,11,0.0862292718096611,2.536389818181818,904.6458740234376,25094876.0,12.702645248679318,0.079213261604309,0.7157531777297139,True,,KI,E20,3.0,d7,Plate1,/Users/pmihack/claire/tmem_2026/data/cleaved_tmem_pld3_260821/d7/Z60_PLD_TMEMki/PLD3TMEM106B_Plate1_d7_TMEM561LAMP1640MAP2488DAPI405_E20_F3.nd2,14
10,13091,7,0.0656939882361928,1.4330057142857142,670.6416625976562,8779370.0,15.933082079957922,0.1583337932825088,0.7982769960385436,False,abnormal_nucleus,KI,E20,3.0,d7,Plate1,/Users/pmihack/claire/tmem_2026/data/cleaved_tmem_pld3_260821/d7/Z60_PLD_TMEMki/PLD3TMEM106B_Plate1_d7_TMEM561LAMP1640MAP2488DAPI405_E20_F3.nd2,14
11,14842,4,0.0786955935857701,3.4058879999999996,769.4547729492188,11420248.0,7.195294754843237,0.1271087080240249,0.6112749604919374,True,,KI,E20,3.0,d7,Plate1,/Users/pmihack/claire/tmem_2026/data/cleaved_tmem_pld3_260821/d7/Z60_PLD_TMEMki/PLD3TMEM106B_Plate1_d7_TMEM561LAMP1640MAP2488DAPI405_E20_F3.nd2,14
12,9652,0,0.0,0.0,26.969850540161133,260313.0,,0.0,-0.0747982389527874,True,,KI,E20,3.0,d7,Plate1,/Users/pmihack/claire/tmem_2026/data/cleaved_tmem_pld3_260821/d7/Z60_PLD_TMEMki/PLD3TMEM106B_Plate1_d7_TMEM561LAMP1640MAP2488DAPI405_E20_F3.nd2,14
13,11061,3,0.1357924238314799,5.839776,1357.9224853515625,15019980.0,14.974941288953204,0.0,0.7316033057921605,False,abnormal_nucleus,KI,E20,3.0,d7,Plate1,/Users/pmihack/claire/tmem_2026/data/cleaved_tmem_pld3_260821/d7/Z60_PLD_TMEMki/PLD3TMEM106B_Plate1_d7_TMEM561LAMP1640MAP2488DAPI405_E20_F3.nd2,14
14,15855,12,0.0740460422579627,1.141128,824.2708129882812,13068814.0,6.777179078651648,0.082963690161705,0.735990330465219,True,,KI,E20,3.0,d7,Plate1,/Users/pmihack/claire/tmem_2026/data/cleaved_tmem_pld3_260821/d7/Z60_PLD_TMEMki/PLD3TMEM106B_Plate1_d7_TMEM561LAMP1640MAP2488DAPI405_E20_F3.nd2,14
15,14578,1,0.0003429825764851,0.05832,40.7042121887207,593386.0,15.117399003311142,0.0,0.173863759180625,False,abnormal_nucleus,KI,E20,3.0,d7,Plate1,/Users/pmihack/claire/tmem_2026/data/cleaved_tmem_pld3_260821/d7/Z60_PLD_TMEMki/PLD3TMEM106B_Plate1_d7_TMEM561LAMP1640MAP2488DAPI405_E20_F3.nd2,14
16,8980,0,0.0,0.0,38.920379638671875,349505.0,,0.0,0.3969835962080146,False,abnormal_nucleus,KI,E20,3.0,d7,Plate1,/Users/pmihack/claire/tmem_2026/data/cleaved_tmem_pld3_260821/d7/Z60_PLD_TMEMki/PLD3TMEM106B_Plate1_d7_TMEM561LAMP1640MAP2488DAPI405_E20_F3.nd2,14
17,17493,15,0.1351397701937918,1.8382464,1304.0928955078125,22812496.0,21.205528252996828,0.034822229295969,0.7685251462710768,True,,KI,E20,3.0,d7,Plate1,/Users/pmihack/claire/tmem_2026/data/cleaved_tmem_pld3_260821/d7/Z60_PLD_TMEMki/PLD3TMEM106B_Plate1_d7_TMEM561LAMP1640MAP2488DAPI405_E20_F3.nd2,14
18,15299,11,0.1190927511602065,1.9319825454545452,1367.3623046875,20919276.0,22.456598974758013,0.0226629264652729,0.7132325561762795,True,,KI,E20,3.0,d7,Plate1,/Users/pmihack/claire/tmem_2026/data/cleaved_tmem_pld3_260821/d7/Z60_PLD_TMEMki/PLD3TMEM106B_Plate1_d7_TMEM561LAMP1640MAP2488DAPI405_E20_F3.nd2,14
1,13691,7,0.2248922649916003,5.130493714285714,3019.90234375,41345484.0,1.3609911509704962,0.1878781765699386,0.8502615151468433,True,,KI,E20,4.0,d7,Plate1,/Users/pmihack/claire/tmem_2026/data/cleaved_tmem_pld3_260821/d7/Z60_PLD_TMEMki/PLD3TMEM106B_Plate1_d7_TMEM561LAMP1640MAP2488DAPI405_E20_F4.nd2,15
2,10782,2,0.1439436097199035,9.051264,1635.982177734375,17639160.0,1.1821291747761642,0.0182520598173141,0.8530992497035917,True,,KI,E20,4.0,d7,Plate1,/Users/pmihack/claire/tmem_2026/data/cleaved_tmem_pld3_260821/d7/Z60_PLD_TMEMki/PLD3TMEM106B_Plate1_d7_TMEM561LAMP1640MAP2488DAPI405_E20_F4.nd2,15
3,17160,17,0.074009324009324,0.8713694117647057,1254.041259765625,21519348.0,0.9187362230454164,0.0426057502627372,0.5841770777649262,True,,KI,E20,4.0,d7,Plate1,/Users/pmihack/claire/tmem_2026/data/cleaved_tmem_pld3_260821/d7/Z60_PLD_TMEMki/PLD3TMEM106B_Plate1_d7_TMEM561LAMP1640MAP2488DAPI405_E20_F4.nd2,15
4,6145,6,0.1830756712774613,2.187,2088.34375,12832873.0,17.79239593682416,0.1253045946359634,0.5632956134529297,True,,KI,E20,4.0,d7,Plate1,/Users/pmihack/claire/tmem_2026/data/cleaved_tmem_pld3_260821/d7/Z60_PLD_TMEMki/PLD3TMEM106B_Plate1_d7_TMEM561LAMP1640MAP2488DAPI405_E20_F4.nd2,15
5,19180,4,0.0824817518248175,4.613111999999999,877.2400512695312,16825464.0,6.854478621913424,0.1157812923192977,0.8068012443699318,True,,KI,E20,4.0,d7,Plate1,/Users/pmihack/claire/tmem_2026/data/cleaved_tmem_pld3_260821/d7/Z60_PLD_TMEMki/PLD3TMEM106B_Plate1_d7_TMEM561LAMP1640MAP2488DAPI405_E20_F4.nd2,15
6,9415,5,0.1486988847583643,3.26592,1752.37158203125,16498579.0,4.090714812596671,0.0141450967639684,0.6755983618163286,True,,KI,E20,4.0,d7,Plate1,/Users/pmihack/claire/tmem_2026/data/cleaved_tmem_pld3_260821/d7/Z60_PLD_TMEMki/PLD3TMEM106B_Plate1_d7_TMEM561LAMP1640MAP2488DAPI405_E20_F4.nd2,15
7,10011,4,0.1568274897612626,4.578119999999999,1885.9090576171875,18879836.0,13.260896171084436,0.1005494967103004,0.7429251440365272,True,,KI,E20,4.0,d7,Plate1,/Users/pmihack/claire/tmem_2026/data/cleaved_tmem_pld3_260821/d7/Z60_PLD_TMEMki/PLD3TMEM106B_Plate1_d7_TMEM561LAMP1640MAP2488DAPI405_E20_F4.nd2,15
8,9393,6,0.1441498988608538,2.632176,1630.838134765625,15318463.0,6.147269666595517,0.085844449698925,0.5606885807712847,True,,KI,E20,4.0,d7,Plate1,/Users/pmihack/claire/tmem_2026/data/cleaved_tmem_pld3_260821/d7/Z60_PLD_TMEMki/PLD3TMEM106B_Plate1_d7_TMEM561LAMP1640MAP2488DAPI405_E20_F4.nd2,15
9,10739,3,0.1193779681534593,4.9844159999999995,1307.423828125,14040425.0,24.54195083612818,0.1620044261217117,0.7235656435009992,True,,KI,E20,4.0,d7,Plate1,/Users/pmihack/claire/tmem_2026/data/cleaved_tmem_pld3_260821/d7/Z60_PLD_TMEMki/PLD3TMEM106B_Plate1_d7_TMEM561LAMP1640MAP2488DAPI405_E20_F4.nd2,15
10,22909,12,0.1403378584835654,3.12498,1514.5552978515625,34696948.0,18.792575288176263,0.0882236957550048,0.8174430007791758,True,,KI,E20,4.0,d7,Plate1,/Users/pmihack/claire/tmem_2026/data/cleaved_tmem_pld3_260821/d7/Z60_PLD_TMEMki/PLD3TMEM106B_Plate1_d7_TMEM561LAMP1640MAP2488DAPI405_E20_F4.nd2,15
11,31021,10,0.0560910351052512,2.029536,755.8406372070312,23446932.0,4.603691000581821,0.0256875827908515,0.6913951362310019,True,,KI,E20,4.0,d7,Plate1,/Users/pmihack/claire/tmem_2026/data/cleaved_tmem_pld3_260821/d7/Z60_PLD_TMEMki/PLD3TMEM106B_Plate1_d7_TMEM561LAMP1640MAP2488DAPI405_E20_F4.nd2,15
12,12291,0,0.0,0.0,123.7486801147461,1520995.0,,0.0,0.5059917727800207,True,,KI,E20,4.0,d7,Plate1,/Users/pmihack/claire/tmem_2026/data/cleaved_tmem_pld3_260821/d7/Z60_PLD_TMEMki/PLD3TMEM106B_Plate1_d7_TMEM561LAMP1640MAP2488DAPI405_E20_F4.nd2,15
13,6547,4,0.118374828165572,2.2599,1725.04296875,11293856.0,17.466854886397524,0.0139142908155918,0.7820411525661733,True,,KI,E20,4.0,d7,Plate1,/Users/pmihack/claire/tmem_2026/data/cleaved_tmem_pld3_260821/d7/Z60_PLD_TMEMki/PLD3TMEM106B_Plate1_d7_TMEM561LAMP1640MAP2488DAPI405_E20_F4.nd2,15
14,12208,2,0.1382699868938401,9.844416,1731.1710205078125,21134136.0,9.97098250931576,0.285406231880188,0.8145829137365259,True,,KI,E20,4.0,d7,Plate1,/Users/pmihack/claire/tmem_2026/data/cleaved_tmem_pld3_260821/d7/Z60_PLD_TMEMki/PLD3TMEM106B_Plate1_d7_TMEM561LAMP1640MAP2488DAPI405_E20_F4.nd2,15
15,8725,6,0.0927220630372492,1.572696,1068.061767578125,9318839.0,10.452291808296474,0.0866974964737892,0.7359828091542179,True,,KI,E20,4.0,d7,Plate1,/Users/pmihack/claire/tmem_2026/data/cleaved_tmem_pld3_260821/d7/Z60_PLD_TMEMki/PLD3TMEM106B_Plate1_d7_TMEM561LAMP1640MAP2488DAPI405_E20_F4.nd2,15
16,12856,9,0.1130989421281891,1.8843839999999996,1366.4788818359375,17567452.0,25.22628886638743,0.1473317742347717,0.7303859958931075,True,,KI,E20,4.0,d7,Plate1,/Users/pmihack/claire/tmem_2026/data/cleaved_tmem_pld3_260821/d7/Z60_PLD_TMEMki/PLD3TMEM106B_Plate1_d7_TMEM561LAMP1640MAP2488DAPI405_E20_F4.nd2,15
17,16517,2,0.0519464793848761,5.003856,681.7991333007812,11261276.0,10.173068566634054,0.1075498014688491,0.5627832644410204,True,,KI,E20,4.0,d7,Plate1,/Users/pmihack/claire/tmem_2026/data/cleaved_tmem_pld3_260821/d7/Z60_PLD_TMEMki/PLD3TMEM106B_Plate1_d7_TMEM561LAMP1640MAP2488DAPI405_E20_F4.nd2,15
1,19830,4,0.0796772566817952,4.607279999999999,902.163818359375,17889908.0,0.6059008457998883,0.0,0.7421436250308275,True,,KI,F20,1.0,d7,Plate1,/Users/pmihack/claire/tmem_2026/data/cleaved_tmem_pld3_260821/d7/Z60_PLD_TMEMki/PLD3TMEM106B_Plate1_d7_TMEM561LAMP1640MAP2488DAPI405_F20_F1.nd2,10
2,31890,14,0.0174349325807463,0.4632274285714285,343.7116394042969,10960964.0,8.87561929706532,0.0,0.4239943347065094,True,,KI,F20,1.0,d7,Plate1,/Users/pmihack/claire/tmem_2026/data/cleaved_tmem_pld3_260821/d7/Z60_PLD_TMEMki/PLD3TMEM106B_Plate1_d7_TMEM561LAMP1640MAP2488DAPI405_F20_F1.nd2,10
3,15435,2,0.1039844509232264,9.36036,1263.97607421875,19509470.0,14.14058996459917,0.0,0.7030113949987502,True,,KI,F20,1.0,d7,Plate1,/Users/pmihack/claire/tmem_2026/data/cleaved_tmem_pld3_260821/d7/Z60_PLD_TMEMki/PLD3TMEM106B_Plate1_d7_TMEM561LAMP1640MAP2488DAPI405_F20_F1.nd2,10
4,15721,2,0.0284969149545194,2.612736,408.8261413574219,6427156.0,19.441599831818664,0.0,0.7604529028907073,True,,KI,F20,1.0,d7,Plate1,/Users/pmihack/claire/tmem_2026/data/cleaved_tmem_pld3_260821/d7/Z60_PLD_TMEMki/PLD3TMEM106B_Plate1_d7_TMEM561LAMP1640MAP2488DAPI405_F20_F1.nd2,10
5,14306,6,0.009087096323221,0.25272,203.4774932861328,2910949.0,4.997765479754229,0.0,0.1763044400893342,True,,KI,F20,1.0,d7,Plate1,/Users/pmihack/claire/tmem_2026/data/cleaved_tmem_pld3_260821/d7/Z60_PLD_TMEMki/PLD3TMEM106B_Plate1_d7_TMEM561LAMP1640MAP2488DAPI405_F20_F1.nd2,10
6,34001,18,0.0281168200935266,0.619488,474.72467041015625,16141114.0,4.460912418349897,0.0,0.5416844418306503,True,,KI,F20,1.0,d7,Plate1,/Users/pmihack/claire/tmem_2026/data/cleaved_tmem_pld3_260821/d7/Z60_PLD_TMEMki/PLD3TMEM106B_Plate1_d7_TMEM561LAMP1640MAP2488DAPI405_F20_F1.nd2,10
7,15167,8,0.107206435023406,2.3707079999999996,1219.7977294921875,18500672.0,16.38621299378603,0.0,0.5954024404157031,True,,KI,F20,1.0,d7,Plate1,/Users/pmihack/claire/tmem_2026/data/cleaved_tmem_pld3_260821/d7/Z60_PLD_TMEMki/PLD3TMEM106B_Plate1_d7_TMEM561LAMP1640MAP2488DAPI405_F20_F1.nd2,10
8,29087,11,0.0719221645408601,2.218280727272727,973.6809692382812,28321458.0,7.552728730913616,0.0,0.785728195587676,True,,KI,F20,1.0,d7,Plate1,/Users/pmihack/claire/tmem_2026/data/cleaved_tmem_pld3_260821/d7/Z60_PLD_TMEMki/PLD3TMEM106B_Plate1_d7_TMEM561LAMP1640MAP2488DAPI405_F20_F1.nd2,10
9,18133,7,0.0484200077207301,1.462998857142857,748.1571044921875,13566333.0,18.05000984954922,0.0,0.4555810607624007,True,,KI,F20,1.0,d7,Plate1,/Users/pmihack/claire/tmem_2026/data/cleaved_tmem_pld3_260821/d7/Z60_PLD_TMEMki/PLD3TMEM106B_Plate1_d7_TMEM561LAMP1640MAP2488DAPI405_F20_F1.nd2,10
10,14171,0,0.0,0.0,48.27888107299805,684160.0,,0.0,0.4188001212290149,True,,KI,F20,1.0,d7,Plate1,/Users/pmihack/claire/tmem_2026/data/cleaved_tmem_pld3_260821/d7/Z60_PLD_TMEMki/PLD3TMEM106B_Plate1_d7_TMEM561LAMP1640MAP2488DAPI405_F20_F1.nd2,10
11,16459,2,0.0117261072969196,1.125576,264.3126525878906,4350322.0,14.653636703012609,0.0,0.2605603947618853,True,,KI,F20,1.0,d7,Plate1,/Users/pmihack/claire/tmem_2026/data/cleaved_tmem_pld3_260821/d7/Z60_PLD_TMEMki/PLD3TMEM106B_Plate1_d7_TMEM561LAMP1640MAP2488DAPI405_F20_F1.nd2,10
12,26801,3,0.0693630834670348,7.227791999999999,919.6237182617188,24646836.0,12.496789895304804,0.0,0.7235900285089402,True,,KI,F20,1.0,d7,Plate1,/Users/pmihack/claire/tmem_2026/data/cleaved_tmem_pld3_260821/d7/Z60_PLD_TMEMki/PLD3TMEM106B_Plate1_d7_TMEM561LAMP1640MAP2488DAPI405_F20_F1.nd2,10
13,6903,5,0.1258872953788208,2.0272032,1406.1632080078125,9706745.0,29.62471835547672,0.0,0.6567061988232711,True,,KI,F20,1.0,d7,Plate1,/Users/pmihack/claire/tmem_2026/data/cleaved_tmem_pld3_260821/d7/Z60_PLD_TMEMki/PLD3TMEM106B_Plate1_d7_TMEM561LAMP1640MAP2488DAPI405_F20_F1.nd2,10
1,9881,2,0.0046553992510879,0.2682719999999999,78.37374877929688,774411.0,1.7365135226296955,0.0,0.643144312941161,True,,KI,F20,2.0,d7,Plate1,/Users/pmihack/claire/tmem_2026/data/cleaved_tmem_pld3_260821/d7/Z60_PLD_TMEMki/PLD3TMEM106B_Plate1_d7_TMEM561LAMP1640MAP2488DAPI405_F20_F2.nd2,12
2,16800,5,0.0886904761904762,3.475872,669.3466186523438,11245023.0,9.52507940590078,0.0,0.5066225286972135,True,,KI,F20,2.0,d7,Plate1,/Users/pmihack/claire/tmem_2026/data/cleaved_tmem_pld3_260821/d7/Z60_PLD_TMEMki/PLD3TMEM106B_Plate1_d7_TMEM561LAMP1640MAP2488DAPI405_F20_F2.nd2,12
3,18001,7,0.0467196266874062,1.4013462857142855,379.21142578125,6826185.0,2.3003266876026465,0.0,0.6182337503253682,True,,KI,F20,2.0,d7,Plate1,/Users/pmihack/claire/tmem_2026/data/cleaved_tmem_pld3_260821/d7/Z60_PLD_TMEMki/PLD3TMEM106B_Plate1_d7_TMEM561LAMP1640MAP2488DAPI405_F20_F2.nd2,12
4,19117,9,0.0310718208923994,0.769824,268.18341064453125,5126862.0,11.130264416169988,0.0,0.4550081150255253,True,,KI,F20,2.0,d7,Plate1,/Users/pmihack/claire/tmem_2026/data/cleaved_tmem_pld3_260821/d7/Z60_PLD_TMEMki/PLD3TMEM106B_Plate1_d7_TMEM561LAMP1640MAP2488DAPI405_F20_F2.nd2,12
5,14834,14,0.0581097478764999,0.7181691428571427,453.8370056152344,6732218.0,28.322366956411994,0.0,0.6653074236255675,True,,KI,F20,2.0,d7,Plate1,/Users/pmihack/claire/tmem_2026/data/cleaved_tmem_pld3_260821/d7/Z60_PLD_TMEMki/PLD3TMEM106B_Plate1_d7_TMEM561LAMP1640MAP2488DAPI405_F20_F2.nd2,12
6,10743,0,0.0,0.0,38.76263427734375,416427.0,,0.0,0.5207838429493746,True,,KI,F20,2.0,d7,Plate1,/Users/pmihack/claire/tmem_2026/data/cleaved_tmem_pld3_260821/d7/Z60_PLD_TMEMki/PLD3TMEM106B_Plate1_d7_TMEM561LAMP1640MAP2488DAPI405_F20_F2.nd2,12
7,23210,13,0.0328306764325721,0.6836898461538461,271.3421325683594,6297851.0,10.806420755979447,0.0,0.7102625038158877,True,,KI,F20,2.0,d7,Plate1,/Users/pmihack/claire/tmem_2026/data/cleaved_tmem_pld3_260821/d7/Z60_PLD_TMEMki/PLD3TMEM106B_Plate1_d7_TMEM561LAMP1640MAP2488DAPI405_F20_F2.nd2,12
8,12344,2,0.0059948152948801,0.4315679999999999,90.92166137695312,1122337.0,20.87009573352986,0.0,0.1279871278261538,True,,KI,F20,2.0,d7,Plate1,/Users/pmihack/claire/tmem_2026/data/cleaved_tmem_pld3_260821/d7/Z60_PLD_TMEMki/PLD3TMEM106B_Plate1_d7_TMEM561LAMP1640MAP2488DAPI405_F20_F2.nd2,12
9,10090,2,0.1176412289395441,6.922584,908.8557739257812,9170355.0,13.904845112680952,0.0,0.1372752143553549,True,,KI,F20,2.0,d7,Plate1,/Users/pmihack/claire/tmem_2026/data/cleaved_tmem_pld3_260821/d7/Z60_PLD_TMEMki/PLD3TMEM106B_Plate1_d7_TMEM561LAMP1640MAP2488DAPI405_F20_F2.nd2,12
10,14574,9,0.0732811856731165,1.384128,655.0591430664062,9546832.0,7.018018878408642,0.000461723859189,0.5797366059876056,True,,KI,F20,2.0,d7,Plate1,/Users/pmihack/claire/tmem_2026/data/cleaved_tmem_pld3_260821/d7/Z60_PLD_TMEMki/PLD3TMEM106B_Plate1_d7_TMEM561LAMP1640MAP2488DAPI405_F20_F2.nd2,12
11,7916,2,0.0061899949469429,0.2857679999999999,83.29295349121094,659347.0,29.57211612549293,0.0,0.1400067261607186,True,,KI,F20,2.0,d7,Plate1,/Users/pmihack/claire/tmem_2026/data/cleaved_tmem_pld3_260821/d7/Z60_PLD_TMEMki/PLD3TMEM106B_Plate1_d7_TMEM561LAMP1640MAP2488DAPI405_F20_F2.nd2,12
12,12515,1,0.001038753495805,0.151632,47.23395919799805,591133.0,16.783695646582977,0.0,0.4300661532984255,True,,KI,F20,2.0,d7,Plate1,/Users/pmihack/claire/tmem_2026/data/cleaved_tmem_pld3_260821/d7/Z60_PLD_TMEMki/PLD3TMEM106B_Plate1_d7_TMEM561LAMP1640MAP2488DAPI405_F20_F2.nd2,12
1,6029,0,0.0,0.0,75.15043640136719,453082.0,,0.0,0.1066011954434163,True,,KI,F20,3.0,d7,Plate1,/Users/pmihack/claire/tmem_2026/data/cleaved_tmem_pld3_260821/d7/Z60_PLD_TMEMki/PLD3TMEM106B_Plate1_d7_TMEM561LAMP1640MAP2488DAPI405_F20_F3.nd2,16
2,12248,9,0.0202482037883736,0.3214079999999999,436.1228637695313,5341633.0,6.76374102298362,0.0019426643848419,0.2957388368593192,True,,KI,F20,3.0,d7,Plate1,/Users/pmihack/claire/tmem_2026/data/cleaved_tmem_pld3_260821/d7/Z60_PLD_TMEMki/PLD3TMEM106B_Plate1_d7_TMEM561LAMP1640MAP2488DAPI405_F20_F3.nd2,16
3,11889,5,0.0656068634872571,1.819584,809.5953979492188,9625280.0,0.8885876536411442,0.0,0.2783513605333769,True,,KI,F20,3.0,d7,Plate1,/Users/pmihack/claire/tmem_2026/data/cleaved_tmem_pld3_260821/d7/Z60_PLD_TMEMki/PLD3TMEM106B_Plate1_d7_TMEM561LAMP1640MAP2488DAPI405_F20_F3.nd2,16
4,20260,8,0.026949654491609,0.7960679999999999,363.8199768066406,7370993.0,12.043771259350748,3.269573062425479e-05,0.0976032126795386,True,,KI,F20,3.0,d7,Plate1,/Users/pmihack/claire/tmem_2026/data/cleaved_tmem_pld3_260821/d7/Z60_PLD_TMEMki/PLD3TMEM106B_Plate1_d7_TMEM561LAMP1640MAP2488DAPI405_F20_F3.nd2,16
5,8110,3,0.1639950678175092,5.17104,2426.845947265625,19681720.0,17.96389052733147,0.0,0.618615146671232,True,,KI,F20,3.0,d7,Plate1,/Users/pmihack/claire/tmem_2026/data/cleaved_tmem_pld3_260821/d7/Z60_PLD_TMEMki/PLD3TMEM106B_Plate1_d7_TMEM561LAMP1640MAP2488DAPI405_F20_F3.nd2,16
6,12497,7,0.0995438905337281,2.0728594285714284,1283.3443603515625,16037954.0,17.212695301034007,0.0,0.5268662421768868,True,,KI,F20,3.0,d7,Plate1,/Users/pmihack/claire/tmem_2026/data/cleaved_tmem_pld3_260821/d7/Z60_PLD_TMEMki/PLD3TMEM106B_Plate1_d7_TMEM561LAMP1640MAP2488DAPI405_F20_F3.nd2,16
7,4403,7,0.1546672723143311,1.1347405714285714,1841.772705078125,8109325.0,16.436370000123866,0.1688998788595199,0.3667133346122702,True,,KI,F20,3.0,d7,Plate1,/Users/pmihack/claire/tmem_2026/data/cleaved_tmem_pld3_260821/d7/Z60_PLD_TMEMki/PLD3TMEM106B_Plate1_d7_TMEM561LAMP1640MAP2488DAPI405_F20_F3.nd2,16
8,7604,12,0.1290110468174645,0.953532,1738.506591796875,13219604.0,6.088894385019194,0.0,0.355250962643086,True,,KI,F20,3.0,d7,Plate1,/Users/pmihack/claire/tmem_2026/data/cleaved_tmem_pld3_260821/d7/Z60_PLD_TMEMki/PLD3TMEM106B_Plate1_d7_TMEM561LAMP1640MAP2488DAPI405_F20_F3.nd2,16
9,8339,5,0.0146300515649358,0.2846015999999999,413.381591796875,3447189.0,7.21565191211752,0.1663068085908889,0.5928702159637839,True,,KI,F20,3.0,d7,Plate1,/Users/pmihack/claire/tmem_2026/data/cleaved_tmem_pld3_260821/d7/Z60_PLD_TMEMki/PLD3TMEM106B_Plate1_d7_TMEM561LAMP1640MAP2488DAPI405_F20_F3.nd2,16
10,14448,3,0.0169573643410852,0.95256,291.4092712402344,4210281.0,10.97246305060461,0.0,0.451709046757513,True,,KI,F20,3.0,d7,Plate1,/Users/pmihack/claire/tmem_2026/data/cleaved_tmem_pld3_260821/d7/Z60_PLD_TMEMki/PLD3TMEM106B_Plate1_d7_TMEM561LAMP1640MAP2488DAPI405_F20_F3.nd2,16
11,9700,4,0.052061855670103,1.4725799999999998,731.8850708007812,7099285.0,7.556677721057508,0.0,0.4792188780685742,True,,KI,F20,3.0,d7,Plate1,/Users/pmihack/claire/tmem_2026/data/cleaved_tmem_pld3_260821/d7/Z60_PLD_TMEMki/PLD3TMEM106B_Plate1_d7_TMEM561LAMP1640MAP2488DAPI405_F20_F3.nd2,16
12,13851,4,0.1541404952710995,6.2256599999999995,1916.025146484375,26538864.0,8.176678233031272,0.0,0.660457653729458,True,,KI,F20,3.0,d7,Plate1,/Users/pmihack/claire/tmem_2026/data/cleaved_tmem_pld3_260821/d7/Z60_PLD_TMEMki/PLD3TMEM106B_Plate1_d7_TMEM561LAMP1640MAP2488DAPI405_F20_F3.nd2,16
13,7938,0,0.0,0.0,41.09473419189453,326210.0,,0.0,0.3091577319709344,True,,KI,F20,3.0,d7,Plate1,/Users/pmihack/claire/tmem_2026/data/cleaved_tmem_pld3_260821/d7/Z60_PLD_TMEMki/PLD3TMEM106B_Plate1_d7_TMEM561LAMP1640MAP2488DAPI405_F20_F3.nd2,16
14,13400,12,0.103731343283582,1.3510799999999998,1275.9522705078125,17097760.0,13.376066416547452,0.0,0.496576155468159,True,,KI,F20,3.0,d7,Plate1,/Users/pmihack/claire/tmem_2026/data/cleaved_tmem_pld3_260821/d7/Z60_PLD_TMEMki/PLD3TMEM106B_Plate1_d7_TMEM561LAMP1640MAP2488DAPI405_F20_F3.nd2,16
15,20627,4,0.0670965239734328,4.035743999999999,815.1162109375,16813402.0,15.050506295102476,0.0,0.6917801508625708,True,,KI,F20,3.0,d7,Plate1,/Users/pmihack/claire/tmem_2026/data/cleaved_tmem_pld3_260821/d7/Z60_PLD_TMEMki/PLD3TMEM106B_Plate1_d7_TMEM561LAMP1640MAP2488DAPI405_F20_F3.nd2,16
16,25221,14,0.085325720629634,1.7929234285714286,939.639892578125,23698658.0,8.498766573885913,0.0,0.7251759828817518,True,,KI,F20,3.0,d7,Plate1,/Users/pmihack/claire/tmem_2026/data/cleaved_tmem_pld3_260821/d7/Z60_PLD_TMEMki/PLD3TMEM106B_Plate1_d7_TMEM561LAMP1640MAP2488DAPI405_F20_F3.nd2,16
17,12787,13,0.0722608899663721,0.8290412307692308,964.5789184570312,12334071.0,19.099447577417884,0.0,0.6258350602284187,True,,KI,F20,3.0,d7,Plate1,/Users/pmihack/claire/tmem_2026/data/cleaved_tmem_pld3_260821/d7/Z60_PLD_TMEMki/PLD3TMEM106B_Plate1_d7_TMEM561LAMP1640MAP2488DAPI405_F20_F3.nd2,16
18,12186,0,0.0,0.0,52.02699661254883,634001.0,,0.0,0.0166069297138691,True,,KI,F20,3.0,d7,Plate1,/Users/pmihack/claire/tmem_2026/data/cleaved_tmem_pld3_260821/d7/Z60_PLD_TMEMki/PLD3TMEM106B_Plate1_d7_TMEM561LAMP1640MAP2488DAPI405_F20_F3.nd2,16
1,6050,5,0.0890909090909091,1.2573792,627.2333984375,3794762.0,0.9908881200911304,0.4765408337116241,0.7019694915767685,True,,KI,F20,4.0,d7,Plate1,/Users/pmihack/claire/tmem_2026/data/cleaved_tmem_pld3_260821/d7/Z60_PLD_TMEMki/PLD3TMEM106B_Plate1_d7_TMEM561LAMP1640MAP2488DAPI405_F20_F4.nd2,14
2,3871,4,0.0198915009041591,0.2245319999999999,355.857666015625,1377525.0,7.395152890975267,0.0,0.3091548187056359,True,,KI,F20,4.0,d7,Plate1,/Users/pmihack/claire/tmem_2026/data/cleaved_tmem_pld3_260821/d7/Z60_PLD_TMEMki/PLD3TMEM106B_Plate1_d7_TMEM561LAMP1640MAP2488DAPI405_F20_F4.nd2,14
3,13372,0,0.0,0.0,14.75822639465332,197347.0,,0.0,0.0850901016443682,True,,KI,F20,4.0,d7,Plate1,/Users/pmihack/claire/tmem_2026/data/cleaved_tmem_pld3_260821/d7/Z60_PLD_TMEMki/PLD3TMEM106B_Plate1_d7_TMEM561LAMP1640MAP2488DAPI405_F20_F4.nd2,14
4,13886,0,0.0,0.0,83.17377471923828,1154951.0,,0.0,0.0672262102777221,True,,KI,F20,4.0,d7,Plate1,/Users/pmihack/claire/tmem_2026/data/cleaved_tmem_pld3_260821/d7/Z60_PLD_TMEMki/PLD3TMEM106B_Plate1_d7_TMEM561LAMP1640MAP2488DAPI405_F20_F4.nd2,14
5,18349,4,0.0226170363507548,1.21014,157.643310546875,2892597.0,1.4261415761216056,0.0,0.0674628641489812,True,,KI,F20,4.0,d7,Plate1,/Users/pmihack/claire/tmem_2026/data/cleaved_tmem_pld3_260821/d7/Z60_PLD_TMEMki/PLD3TMEM106B_Plate1_d7_TMEM561LAMP1640MAP2488DAPI405_F20_F4.nd2,14
6,11691,0,0.0,0.0,45.173038482666016,528118.0,,0.0,0.0040805932325556,True,,KI,F20,4.0,d7,Plate1,/Users/pmihack/claire/tmem_2026/data/cleaved_tmem_pld3_260821/d7/Z60_PLD_TMEMki/PLD3TMEM106B_Plate1_d7_TMEM561LAMP1640MAP2488DAPI405_F20_F4.nd2,14
7,8714,0,0.0,0.0,91.4996566772461,797328.0,,0.0,-0.0314306270825536,True,,KI,F20,4.0,d7,Plate1,/Users/pmihack/claire/tmem_2026/data/cleaved_tmem_pld3_260821/d7/Z60_PLD_TMEMki/PLD3TMEM106B_Plate1_d7_TMEM561LAMP1640MAP2488DAPI405_F20_F4.nd2,14
8,9058,4,0.0036431883417973,0.096228,106.0905303955078,960968.0,7.973170306337863,0.0,0.0464952912837935,True,,KI,F20,4.0,d7,Plate1,/Users/pmihack/claire/tmem_2026/data/cleaved_tmem_pld3_260821/d7/Z60_PLD_TMEMki/PLD3TMEM106B_Plate1_d7_TMEM561LAMP1640MAP2488DAPI405_F20_F4.nd2,14
9,19869,6,0.0134883486838794,0.5209919999999999,161.96502685546875,3218083.0,7.1121636773953005,0.0,0.0991504352760897,True,,KI,F20,4.0,d7,Plate1,/Users/pmihack/claire/tmem_2026/data/cleaved_tmem_pld3_260821/d7/Z60_PLD_TMEMki/PLD3TMEM106B_Plate1_d7_TMEM561LAMP1640MAP2488DAPI405_F20_F4.nd2,14
10,15059,0,0.0,0.0,27.72335433959961,417486.0,,0.0,-0.0082865969378697,True,,KI,F20,4.0,d7,Plate1,/Users/pmihack/claire/tmem_2026/data/cleaved_tmem_pld3_260821/d7/Z60_PLD_TMEMki/PLD3TMEM106B_Plate1_d7_TMEM561LAMP1640MAP2488DAPI405_F20_F4.nd2,14
1,15554,6,0.0644207277870644,1.947888,1071.4420166015625,16665210.0,13.482344415971411,0.0,0.2043612732641738,True,,KI,G20,1.0,d7,Plate1,/Users/pmihack/claire/tmem_2026/data/cleaved_tmem_pld3_260821/d7/Z60_PLD_TMEMki/PLD3TMEM106B_Plate1_d7_TMEM561LAMP1640MAP2488DAPI405_G20_F1.nd2,14
2,12537,0,0.0,0.0,8.87652587890625,111285.0,,0.0,0.0014084109230294,True,,KI,G20,1.0,d7,Plate1,/Users/pmihack/claire/tmem_2026/data/cleaved_tmem_pld3_260821/d7/Z60_PLD_TMEMki/PLD3TMEM106B_Plate1_d7_TMEM561LAMP1640MAP2488DAPI405_G20_F1.nd2,14
3,14368,2,0.0483017817371937,4.047408,656.06298828125,9426313.0,1.1028196870689375,0.0,0.4536053861050192,True,,KI,G20,1.0,d7,Plate1,/Users/pmihack/claire/tmem_2026/data/cleaved_tmem_pld3_260821/d7/Z60_PLD_TMEMki/PLD3TMEM106B_Plate1_d7_TMEM561LAMP1640MAP2488DAPI405_G20_F1.nd2,14
4,1389,1,0.0107991360691144,0.1749599999999999,520.60693359375,723123.0,4.24471390757197,0.0,-0.0390440663015279,False,size_outlier,KI,G20,1.0,d7,Plate1,/Users/pmihack/claire/tmem_2026/data/cleaved_tmem_pld3_260821/d7/Z60_PLD_TMEMki/PLD3TMEM106B_Plate1_d7_TMEM561LAMP1640MAP2488DAPI405_G20_F1.nd2,14
5,14737,7,0.0588993689353328,1.4463359999999998,1006.8800048828124,14838391.0,6.13312570211072,0.0,0.4346429143134191,True,,KI,G20,1.0,d7,Plate1,/Users/pmihack/claire/tmem_2026/data/cleaved_tmem_pld3_260821/d7/Z60_PLD_TMEMki/PLD3TMEM106B_Plate1_d7_TMEM561LAMP1640MAP2488DAPI405_G20_F1.nd2,14
6,16427,2,0.0905217020758507,8.672184,1293.1729736328125,21242952.0,0.8155760384606534,0.0,0.4663217357795462,True,,KI,G20,1.0,d7,Plate1,/Users/pmihack/claire/tmem_2026/data/cleaved_tmem_pld3_260821/d7/Z60_PLD_TMEMki/PLD3TMEM106B_Plate1_d7_TMEM561LAMP1640MAP2488DAPI405_G20_F1.nd2,14
7,6864,4,0.1206293706293706,2.4144479999999997,1843.6767578125,12654997.0,28.026745197094712,0.0,0.199010459017719,True,,KI,G20,1.0,d7,Plate1,/Users/pmihack/claire/tmem_2026/data/cleaved_tmem_pld3_260821/d7/Z60_PLD_TMEMki/PLD3TMEM106B_Plate1_d7_TMEM561LAMP1640MAP2488DAPI405_G20_F1.nd2,14
8,5776,1,0.0552285318559556,3.720816,753.1177368164062,4350008.0,30.73366946757541,0.0,0.4870880928895036,True,,KI,G20,1.0,d7,Plate1,/Users/pmihack/claire/tmem_2026/data/cleaved_tmem_pld3_260821/d7/Z60_PLD_TMEMki/PLD3TMEM106B_Plate1_d7_TMEM561LAMP1640MAP2488DAPI405_G20_F1.nd2,14
9,14189,2,0.0644160969765311,5.330448,856.6223754882812,12154615.0,0.7255073466529772,0.0,0.2614835717755213,True,,KI,G20,1.0,d7,Plate1,/Users/pmihack/claire/tmem_2026/data/cleaved_tmem_pld3_260821/d7/Z60_PLD_TMEMki/PLD3TMEM106B_Plate1_d7_TMEM561LAMP1640MAP2488DAPI405_G20_F1.nd2,14
10,20010,7,0.08095952023988,2.6993828571428566,1178.7718505859375,23587224.0,2.803517658364338,0.0,0.3377890493793811,True,,KI,G20,1.0,d7,Plate1,/Users/pmihack/claire/tmem_2026/data/cleaved_tmem_pld3_260821/d7/Z60_PLD_TMEMki/PLD3TMEM106B_Plate1_d7_TMEM561LAMP1640MAP2488DAPI405_G20_F1.nd2,14
11,8287,10,0.0576807047182333,0.5575391999999999,1005.7754516601562,8334861.0,1.0430322763646904,0.0,0.3371673501795204,True,,KI,G20,1.0,d7,Plate1,/Users/pmihack/claire/tmem_2026/data/cleaved_tmem_pld3_260821/d7/Z60_PLD_TMEMki/PLD3TMEM106B_Plate1_d7_TMEM561LAMP1640MAP2488DAPI405_G20_F1.nd2,14
12,20479,3,0.0029786610674349,0.2371679999999999,105.15835571289062,2153538.0,1.0567882701115103,0.0,0.1605149711174907,True,,KI,G20,1.0,d7,Plate1,/Users/pmihack/claire/tmem_2026/data/cleaved_tmem_pld3_260821/d7/Z60_PLD_TMEMki/PLD3TMEM106B_Plate1_d7_TMEM561LAMP1640MAP2488DAPI405_G20_F1.nd2,14
13,7985,0,0.0,0.0,101.26324462890624,808587.0,,0.0,0.0176626185705532,True,,KI,G20,1.0,d7,Plate1,/Users/pmihack/claire/tmem_2026/data/cleaved_tmem_pld3_260821/d7/Z60_PLD_TMEMki/PLD3TMEM106B_Plate1_d7_TMEM561LAMP1640MAP2488DAPI405_G20_F1.nd2,14
14,9889,7,0.0931337850136515,1.534649142857143,1442.2315673828125,14262228.0,33.20608112575836,0.0,0.5050558684336588,True,,KI,G20,1.0,d7,Plate1,/Users/pmihack/claire/tmem_2026/data/cleaved_tmem_pld3_260821/d7/Z60_PLD_TMEMki/PLD3TMEM106B_Plate1_d7_TMEM561LAMP1640MAP2488DAPI405_G20_F1.nd2,14
15,19705,15,0.0930728241563055,1.4261183999999998,1527.7716064453125,30104740.0,3.0392044535152123,0.0,0.3522170364786737,True,,KI,G20,1.0,d7,Plate1,/Users/pmihack/claire/tmem_2026/data/cleaved_tmem_pld3_260821/d7/Z60_PLD_TMEMki/PLD3TMEM106B_Plate1_d7_TMEM561LAMP1640MAP2488DAPI405_G20_F1.nd2,14
16,22128,2,0.0587039045553145,7.575767999999999,749.1607666015625,16577430.0,13.976410167102838,0.0,0.4675268598062232,True,,KI,G20,1.0,d7,Plate1,/Users/pmihack/claire/tmem_2026/data/cleaved_tmem_pld3_260821/d7/Z60_PLD_TMEMki/PLD3TMEM106B_Plate1_d7_TMEM561LAMP1640MAP2488DAPI405_G20_F1.nd2,14
17,35014,3,0.0520648883303821,7.087823999999999,739.9461059570312,25908472.0,13.572509065478702,0.0,0.3716417198158891,False,border,KI,G20,1.0,d7,Plate1,/Users/pmihack/claire/tmem_2026/data/cleaved_tmem_pld3_260821/d7/Z60_PLD_TMEMki/PLD3TMEM106B_Plate1_d7_TMEM561LAMP1640MAP2488DAPI405_G20_F1.nd2,14
18,9036,4,0.1366755201416556,3.60126,1967.1396484375,17775074.0,15.76395021872581,0.0,0.2329223635569264,True,,KI,G20,1.0,d7,Plate1,/Users/pmihack/claire/tmem_2026/data/cleaved_tmem_pld3_260821/d7/Z60_PLD_TMEMki/PLD3TMEM106B_Plate1_d7_TMEM561LAMP1640MAP2488DAPI405_G20_F1.nd2,14
19,10081,2,0.0041662533478821,0.2449439999999999,113.94405364990234,1148670.0,16.193663914827336,0.0,0.1362445143598516,True,,KI,G20,1.0,d7,Plate1,/Users/pmihack/claire/tmem_2026/data/cleaved_tmem_pld3_260821/d7/Z60_PLD_TMEMki/PLD3TMEM106B_Plate1_d7_TMEM561LAMP1640MAP2488DAPI405_G20_F1.nd2,14
1,16053,4,0.0695197159409456,3.254256,1087.652099609375,17460080.0,7.086665642337392,0.0,0.6108151486849142,True,,KI,G20,2.0,d7,Plate1,/Users/pmihack/claire/tmem_2026/data/cleaved_tmem_pld3_260821/d7/Z60_PLD_TMEMki/PLD3TMEM106B_Plate1_d7_TMEM561LAMP1640MAP2488DAPI405_G20_F2.nd2,11
2,30534,2,0.0483068055282635,8.6022,679.718994140625,20754540.0,8.230493720827363,0.0,0.2865730703437433,True,,KI,G20,2.0,d7,Plate1,/Users/pmihack/claire/tmem_2026/data/cleaved_tmem_pld3_260821/d7/Z60_PLD_TMEMki/PLD3TMEM106B_Plate1_d7_TMEM561LAMP1640MAP2488DAPI405_G20_F2.nd2,11
3,23846,3,0.0925102742598339,8.576928,1364.3236083984375,32533662.0,11.303186512553372,0.0,0.1455403953400583,True,,KI,G20,2.0,d7,Plate1,/Users/pmihack/claire/tmem_2026/data/cleaved_tmem_pld3_260821/d7/Z60_PLD_TMEMki/PLD3TMEM106B_Plate1_d7_TMEM561LAMP1640MAP2488DAPI405_G20_F2.nd2,11
4,32126,5,0.0936313266513104,7.0170623999999995,1614.37744140625,51863488.0,3.895641116445719,0.0,0.6113689439717175,True,,KI,G20,2.0,d7,Plate1,/Users/pmihack/claire/tmem_2026/data/cleaved_tmem_pld3_260821/d7/Z60_PLD_TMEMki/PLD3TMEM106B_Plate1_d7_TMEM561LAMP1640MAP2488DAPI405_G20_F2.nd2,11
5,14351,7,0.0832694585743153,1.9912114285714284,1327.849365234375,19055966.0,8.042080475587085,0.0,0.3537554873164364,True,,KI,G20,2.0,d7,Plate1,/Users/pmihack/claire/tmem_2026/data/cleaved_tmem_pld3_260821/d7/Z60_PLD_TMEMki/PLD3TMEM106B_Plate1_d7_TMEM561LAMP1640MAP2488DAPI405_G20_F2.nd2,11
6,7739,4,0.0059439204031528,0.1341359999999999,289.7093811035156,2242061.0,14.078199599830894,0.0,0.3215272753743725,True,,KI,G20,2.0,d7,Plate1,/Users/pmihack/claire/tmem_2026/data/cleaved_tmem_pld3_260821/d7/Z60_PLD_TMEMki/PLD3TMEM106B_Plate1_d7_TMEM561LAMP1640MAP2488DAPI405_G20_F2.nd2,11
7,14887,0,0.0,0.0,18.32672882080078,272830.0,,0.0,0.0613238648778299,True,,KI,G20,2.0,d7,Plate1,/Users/pmihack/claire/tmem_2026/data/cleaved_tmem_pld3_260821/d7/Z60_PLD_TMEMki/PLD3TMEM106B_Plate1_d7_TMEM561LAMP1640MAP2488DAPI405_G20_F2.nd2,11
8,6886,7,0.2314841707812953,2.6560594285714285,3309.789794921875,22791212.0,14.957206125515585,0.0,0.5127166495456047,True,,KI,G20,2.0,d7,Plate1,/Users/pmihack/claire/tmem_2026/data/cleaved_tmem_pld3_260821/d7/Z60_PLD_TMEMki/PLD3TMEM106B_Plate1_d7_TMEM561LAMP1640MAP2488DAPI405_G20_F2.nd2,11
9,13370,10,0.0492894540014958,0.7686576,1033.814453125,13822099.0,2.6530859612025224,0.0,0.112478373692143,True,,KI,G20,2.0,d7,Plate1,/Users/pmihack/claire/tmem_2026/data/cleaved_tmem_pld3_260821/d7/Z60_PLD_TMEMki/PLD3TMEM106B_Plate1_d7_TMEM561LAMP1640MAP2488DAPI405_G20_F2.nd2,11
10,16881,7,0.0595343877732361,1.6746171428571428,950.9304809570312,16052657.0,2.0488202394027843,0.0,0.5921187794983639,True,,KI,G20,2.0,d7,Plate1,/Users/pmihack/claire/tmem_2026/data/cleaved_tmem_pld3_260821/d7/Z60_PLD_TMEMki/PLD3TMEM106B_Plate1_d7_TMEM561LAMP1640MAP2488DAPI405_G20_F2.nd2,11
11,8188,5,0.2659990229604299,5.0808384,4185.58203125,34271544.0,19.833471919482584,0.0,0.6794035826835755,True,,KI,G20,2.0,d7,Plate1,/Users/pmihack/claire/tmem_2026/data/cleaved_tmem_pld3_260821/d7/Z60_PLD_TMEMki/PLD3TMEM106B_Plate1_d7_TMEM561LAMP1640MAP2488DAPI405_G20_F2.nd2,11
12,5729,3,0.0094257287484726,0.2099519999999999,337.3653259277344,1932766.0,24.774608526097467,0.0,-0.0497787021049697,True,,KI,G20,2.0,d7,Plate1,/Users/pmihack/claire/tmem_2026/data/cleaved_tmem_pld3_260821/d7/Z60_PLD_TMEMki/PLD3TMEM106B_Plate1_d7_TMEM561LAMP1640MAP2488DAPI405_G20_F2.nd2,11
13,27979,16,0.0727688623610565,1.484244,1214.981201171875,33993960.0,5.07697819691397,0.0,0.2088296255091595,True,,KI,G20,2.0,d7,Plate1,/Users/pmihack/claire/tmem_2026/data/cleaved_tmem_pld3_260821/d7/Z60_PLD_TMEMki/PLD3TMEM106B_Plate1_d7_TMEM561LAMP1640MAP2488DAPI405_G20_F2.nd2,11
14,48,0,0.0,0.0,74.10416412353516,3557.0,,0.0,0.013888661152987,False,size_outlier,KI,G20,2.0,d7,Plate1,/Users/pmihack/claire/tmem_2026/data/cleaved_tmem_pld3_260821/d7/Z60_PLD_TMEMki/PLD3TMEM106B_Plate1_d7_TMEM561LAMP1640MAP2488DAPI405_G20_F2.nd2,11
15,21274,3,0.0593682429256369,4.910544,962.086669921875,20467432.0,10.568248931025972,0.0,0.6018018611827722,True,,KI,G20,2.0,d7,Plate1,/Users/pmihack/claire/tmem_2026/data/cleaved_tmem_pld3_260821/d7/Z60_PLD_TMEMki/PLD3TMEM106B_Plate1_d7_TMEM561LAMP1640MAP2488DAPI405_G20_F2.nd2,11
16,9232,1,0.069107452339688,7.441631999999999,1131.2747802734375,10443929.0,9.630290815857414,0.0,0.4857635289409145,True,,KI,G20,2.0,d7,Plate1,/Users/pmihack/claire/tmem_2026/data/cleaved_tmem_pld3_260821/d7/Z60_PLD_TMEMki/PLD3TMEM106B_Plate1_d7_TMEM561LAMP1640MAP2488DAPI405_G20_F2.nd2,11
17,36019,8,0.0184069518865043,0.966654,412.3617858886719,14852859.0,11.93955052980479,0.0,0.5925929683735437,True,,KI,G20,2.0,d7,Plate1,/Users/pmihack/claire/tmem_2026/data/cleaved_tmem_pld3_260821/d7/Z60_PLD_TMEMki/PLD3TMEM106B_Plate1_d7_TMEM561LAMP1640MAP2488DAPI405_G20_F2.nd2,11
18,5372,1,0.0005584512285927,0.0349919999999999,91.63867950439452,492283.0,43.62777910574647,0.0,0.2813951846492186,True,,KI,G20,2.0,d7,Plate1,/Users/pmihack/claire/tmem_2026/data/cleaved_tmem_pld3_260821/d7/Z60_PLD_TMEMki/PLD3TMEM106B_Plate1_d7_TMEM561LAMP1640MAP2488DAPI405_G20_F2.nd2,11
19,24416,4,0.0762205111402359,5.426676,1215.233154296875,29671134.0,8.256717177434693,0.0,0.4538115679781818,True,,KI,G20,2.0,d7,Plate1,/Users/pmihack/claire/tmem_2026/data/cleaved_tmem_pld3_260821/d7/Z60_PLD_TMEMki/PLD3TMEM106B_Plate1_d7_TMEM561LAMP1640MAP2488DAPI405_G20_F2.nd2,11
20,19653,2,0.0775454129140589,8.887967999999999,1189.297607421875,23373266.0,18.31999843428231,0.0,0.6571288168230891,True,,KI,G20,2.0,d7,Plate1,/Users/pmihack/claire/tmem_2026/data/cleaved_tmem_pld3_260821/d7/Z60_PLD_TMEMki/PLD3TMEM106B_Plate1_d7_TMEM561LAMP1640MAP2488DAPI405_G20_F2.nd2,11
21,10139,6,0.2029785974948219,4.000751999999999,2907.711669921875,29481288.0,16.416596681988,0.0,0.4391022606040554,True,,KI,G20,2.0,d7,Plate1,/Users/pmihack/claire/tmem_2026/data/cleaved_tmem_pld3_260821/d7/Z60_PLD_TMEMki/PLD3TMEM106B_Plate1_d7_TMEM561LAMP1640MAP2488DAPI405_G20_F2.nd2,11
1,2323,0,0.0,0.0,180.4214324951172,419119.0,,0.0,0.3403851764558837,True,,KI,G20,3.0,d7,Plate1,/Users/pmihack/claire/tmem_2026/data/cleaved_tmem_pld3_260821/d7/Z60_PLD_TMEMki/PLD3TMEM106B_Plate1_d7_TMEM561LAMP1640MAP2488DAPI405_G20_F3.nd2,16
2,20251,9,0.0556515727618389,1.460592,1101.9722900390625,22316040.0,13.304886510611764,0.0,0.2420591130798633,True,,KI,G20,3.0,d7,Plate1,/Users/pmihack/claire/tmem_2026/data/cleaved_tmem_pld3_260821/d7/Z60_PLD_TMEMki/PLD3TMEM106B_Plate1_d7_TMEM561LAMP1640MAP2488DAPI405_G20_F3.nd2,16
3,7093,0,0.0,0.0,34.95389938354492,247928.0,,0.0,0.3276861857343988,True,,KI,G20,3.0,d7,Plate1,/Users/pmihack/claire/tmem_2026/data/cleaved_tmem_pld3_260821/d7/Z60_PLD_TMEMki/PLD3TMEM106B_Plate1_d7_TMEM561LAMP1640MAP2488DAPI405_G20_F3.nd2,16
4,5914,4,0.0164017585390598,0.282852,506.9514770507813,2998111.0,0.9247897423091388,0.0,0.2390707182362667,True,,KI,G20,3.0,d7,Plate1,/Users/pmihack/claire/tmem_2026/data/cleaved_tmem_pld3_260821/d7/Z60_PLD_TMEMki/PLD3TMEM106B_Plate1_d7_TMEM561LAMP1640MAP2488DAPI405_G20_F3.nd2,16
5,28194,8,0.0316379371497481,1.300536,638.2260131835938,17994144.0,11.448656718727396,0.0,0.2472097612525755,True,,KI,G20,3.0,d7,Plate1,/Users/pmihack/claire/tmem_2026/data/cleaved_tmem_pld3_260821/d7/Z60_PLD_TMEMki/PLD3TMEM106B_Plate1_d7_TMEM561LAMP1640MAP2488DAPI405_G20_F3.nd2,16
6,6976,4,0.12098623853211,2.4611039999999997,1825.857666015625,12737183.0,12.859261804774246,0.0016522491350769,0.301231004600707,True,,KI,G20,3.0,d7,Plate1,/Users/pmihack/claire/tmem_2026/data/cleaved_tmem_pld3_260821/d7/Z60_PLD_TMEMki/PLD3TMEM106B_Plate1_d7_TMEM561LAMP1640MAP2488DAPI405_G20_F3.nd2,16
7,11267,3,0.1182213543977988,5.178815999999999,1822.4217529296875,20533226.0,20.51289641447902,0.0,0.3995281660058677,True,,KI,G20,3.0,d7,Plate1,/Users/pmihack/claire/tmem_2026/data/cleaved_tmem_pld3_260821/d7/Z60_PLD_TMEMki/PLD3TMEM106B_Plate1_d7_TMEM561LAMP1640MAP2488DAPI405_G20_F3.nd2,16
8,12132,10,0.0437685459940652,0.6193584,951.2293701171876,11540315.0,10.529193354265352,0.0,0.3935309268802681,True,,KI,G20,3.0,d7,Plate1,/Users/pmihack/claire/tmem_2026/data/cleaved_tmem_pld3_260821/d7/Z60_PLD_TMEMki/PLD3TMEM106B_Plate1_d7_TMEM561LAMP1640MAP2488DAPI405_G20_F3.nd2,16
9,22736,10,0.1022607318789584,2.71188,1664.4683837890625,37843352.0,4.065908326435368,0.0,0.410244555031877,True,,KI,G20,3.0,d7,Plate1,/Users/pmihack/claire/tmem_2026/data/cleaved_tmem_pld3_260821/d7/Z60_PLD_TMEMki/PLD3TMEM106B_Plate1_d7_TMEM561LAMP1640MAP2488DAPI405_G20_F3.nd2,16
10,9653,3,0.1186159743085051,4.45176,2245.961181640625,21680264.0,7.876356609350377,0.0,0.1961129433026759,True,,KI,G20,3.0,d7,Plate1,/Users/pmihack/claire/tmem_2026/data/cleaved_tmem_pld3_260821/d7/Z60_PLD_TMEMki/PLD3TMEM106B_Plate1_d7_TMEM561LAMP1640MAP2488DAPI405_G20_F3.nd2,16
11,26725,7,0.1005425631431244,4.477309714285713,2110.79833984375,56411084.0,7.932525771124661,0.0,0.3200783763733468,True,,KI,G20,3.0,d7,Plate1,/Users/pmihack/claire/tmem_2026/data/cleaved_tmem_pld3_260821/d7/Z60_PLD_TMEMki/PLD3TMEM106B_Plate1_d7_TMEM561LAMP1640MAP2488DAPI405_G20_F3.nd2,16
12,6824,3,0.156506447831184,4.152384,2653.816650390625,18109644.0,13.028886157379016,0.0,0.334832453463684,True,,KI,G20,3.0,d7,Plate1,/Users/pmihack/claire/tmem_2026/data/cleaved_tmem_pld3_260821/d7/Z60_PLD_TMEMki/PLD3TMEM106B_Plate1_d7_TMEM561LAMP1640MAP2488DAPI405_G20_F3.nd2,16
13,9001,4,0.1086545939340073,2.851848,1640.3419189453125,14764718.0,12.881917897838305,0.0,0.400671127426585,True,,KI,G20,3.0,d7,Plate1,/Users/pmihack/claire/tmem_2026/data/cleaved_tmem_pld3_260821/d7/Z60_PLD_TMEMki/PLD3TMEM106B_Plate1_d7_TMEM561LAMP1640MAP2488DAPI405_G20_F3.nd2,16
14,7145,0,0.0,0.0,8.45500373840332,60411.0,,0.0,0.0600674830429758,False,abnormal_nucleus,KI,G20,3.0,d7,Plate1,/Users/pmihack/claire/tmem_2026/data/cleaved_tmem_pld3_260821/d7/Z60_PLD_TMEMki/PLD3TMEM106B_Plate1_d7_TMEM561LAMP1640MAP2488DAPI405_G20_F3.nd2,16
1,5078,0,0.0,0.0,112.64651489257812,572019.0,,0.0,0.1206634682019606,True,,KI,G20,4.0,d7,Plate1,/Users/pmihack/claire/tmem_2026/data/cleaved_tmem_pld3_260821/d7/Z60_PLD_TMEMki/PLD3TMEM106B_Plate1_d7_TMEM561LAMP1640MAP2488DAPI405_G20_F4.nd2,14
2,12036,4,0.0397972748421402,1.396764,644.262451171875,7754343.0,30.458834803136693,0.0,0.4539515749570144,True,,KI,G20,4.0,d7,Plate1,/Users/pmihack/claire/tmem_2026/data/cleaved_tmem_pld3_260821/d7/Z60_PLD_TMEMki/PLD3TMEM106B_Plate1_d7_TMEM561LAMP1640MAP2488DAPI405_G20_F4.nd2,14
3,36239,27,0.0666133171445128,1.0428479999999998,1180.2098388671875,42769624.0,2.307205485807156,0.0,0.3458138700366029,True,,KI,G20,4.0,d7,Plate1,/Users/pmihack/claire/tmem_2026/data/cleaved_tmem_pld3_260821/d7/Z60_PLD_TMEMki/PLD3TMEM106B_Plate1_d7_TMEM561LAMP1640MAP2488DAPI405_G20_F4.nd2,14
4,17984,3,0.0652246441281138,4.560624,1066.8560791015625,19186340.0,7.195854513261053,0.0,0.418479390756539,True,,KI,G20,4.0,d7,Plate1,/Users/pmihack/claire/tmem_2026/data/cleaved_tmem_pld3_260821/d7/Z60_PLD_TMEMki/PLD3TMEM106B_Plate1_d7_TMEM561LAMP1640MAP2488DAPI405_G20_F4.nd2,14
5,13580,7,0.0687039764359352,1.5546445714285713,1191.3978271484375,16179182.0,12.131760154317629,0.0,0.358305906774351,True,,KI,G20,4.0,d7,Plate1,/Users/pmihack/claire/tmem_2026/data/cleaved_tmem_pld3_260821/d7/Z60_PLD_TMEMki/PLD3TMEM106B_Plate1_d7_TMEM561LAMP1640MAP2488DAPI405_G20_F4.nd2,14
6,31357,7,0.0953535095831871,4.982194285714286,1990.947265625,62430132.0,9.958260320339969,0.0,0.1413712968370081,True,,KI,G20,4.0,d7,Plate1,/Users/pmihack/claire/tmem_2026/data/cleaved_tmem_pld3_260821/d7/Z60_PLD_TMEMki/PLD3TMEM106B_Plate1_d7_TMEM561LAMP1640MAP2488DAPI405_G20_F4.nd2,14
7,9378,5,0.1925783749200255,4.213036799999999,3373.81103515625,31639600.0,10.804709074528096,0.0,0.1263515052506973,True,,KI,G20,4.0,d7,Plate1,/Users/pmihack/claire/tmem_2026/data/cleaved_tmem_pld3_260821/d7/Z60_PLD_TMEMki/PLD3TMEM106B_Plate1_d7_TMEM561LAMP1640MAP2488DAPI405_G20_F4.nd2,14
8,26481,9,0.0332691363619198,1.141776,599.3150024414062,15870460.0,4.403903381803989,0.0,0.1962348953488509,True,,KI,G20,4.0,d7,Plate1,/Users/pmihack/claire/tmem_2026/data/cleaved_tmem_pld3_260821/d7/Z60_PLD_TMEMki/PLD3TMEM106B_Plate1_d7_TMEM561LAMP1640MAP2488DAPI405_G20_F4.nd2,14
9,19915,15,0.1004770273663068,1.5559775999999998,1581.444580078125,31494468.0,8.405775580173996,0.0,0.3064207606533833,True,,KI,G20,4.0,d7,Plate1,/Users/pmihack/claire/tmem_2026/data/cleaved_tmem_pld3_260821/d7/Z60_PLD_TMEMki/PLD3TMEM106B_Plate1_d7_TMEM561LAMP1640MAP2488DAPI405_G20_F4.nd2,14
10,27231,6,0.0331607359259667,1.755432,564.0831298828125,15360548.0,3.645507966252439,0.0,0.338996055664981,True,,KI,G20,4.0,d7,Plate1,/Users/pmihack/claire/tmem_2026/data/cleaved_tmem_pld3_260821/d7/Z60_PLD_TMEMki/PLD3TMEM106B_Plate1_d7_TMEM561LAMP1640MAP2488DAPI405_G20_F4.nd2,14
11,11650,4,0.1065236051502146,3.618756,1738.2060546875,20250100.0,5.452968172956074,0.0,0.6376136250719984,True,,KI,G20,4.0,d7,Plate1,/Users/pmihack/claire/tmem_2026/data/cleaved_tmem_pld3_260821/d7/Z60_PLD_TMEMki/PLD3TMEM106B_Plate1_d7_TMEM561LAMP1640MAP2488DAPI405_G20_F4.nd2,14
12,22713,8,0.0445119535068022,1.474038,797.272216796875,18108444.0,8.92888591312232,0.0,0.1551957373284076,True,,KI,G20,4.0,d7,Plate1,/Users/pmihack/claire/tmem_2026/data/cleaved_tmem_pld3_260821/d7/Z60_PLD_TMEMki/PLD3TMEM106B_Plate1_d7_TMEM561LAMP1640MAP2488DAPI405_G20_F4.nd2,14
13,13093,5,0.1149469182005651,3.510864,1771.33740234375,23192120.0,10.039190732218062,0.0,0.2851307317426535,True,,KI,G20,4.0,d7,Plate1,/Users/pmihack/claire/tmem_2026/data/cleaved_tmem_pld3_260821/d7/Z60_PLD_TMEMki/PLD3TMEM106B_Plate1_d7_TMEM561LAMP1640MAP2488DAPI405_G20_F4.nd2,14
14,26780,5,0.0643390589992531,4.0194144,962.6963500976562,25781008.0,6.928756866076391,0.0,0.5201624236033512,True,,KI,G20,4.0,d7,Plate1,/Users/pmihack/claire/tmem_2026/data/cleaved_tmem_pld3_260821/d7/Z60_PLD_TMEMki/PLD3TMEM106B_Plate1_d7_TMEM561LAMP1640MAP2488DAPI405_G20_F4.nd2,14
15,24521,6,0.0901676114350964,4.298184,1665.298828125,40834792.0,3.2198985980628687,0.0,0.2942534277208724,True,,KI,G20,4.0,d7,Plate1,/Users/pmihack/claire/tmem_2026/data/cleaved_tmem_pld3_260821/d7/Z60_PLD_TMEMki/PLD3TMEM106B_Plate1_d7_TMEM561LAMP1640MAP2488DAPI405_G20_F4.nd2,14
16,10515,11,0.1105087969567284,1.2321425454545454,1800.845703125,18935892.0,19.28498643708905,0.0,0.2585338388769723,True,,KI,G20,4.0,d7,Plate1,/Users/pmihack/claire/tmem_2026/data/cleaved_tmem_pld3_260821/d7/Z60_PLD_TMEMki/PLD3TMEM106B_Plate1_d7_TMEM561LAMP1640MAP2488DAPI405_G20_F4.nd2,14
1,11983,8,0.1472919969957439,2.5733699999999997,2364.050048828125,28328412.0,0.9894703794314756,0.0,0.5493144129767289,True,,KI,H20,1.0,d7,Plate1,/Users/pmihack/claire/tmem_2026/data/cleaved_tmem_pld3_260821/d7/Z60_PLD_TMEMki/PLD3TMEM106B_Plate1_d7_TMEM561LAMP1640MAP2488DAPI405_H20_F1.nd2,16
2,16037,2,0.0010600486375257,0.099144,47.371826171875,759702.0,5.314801249001362,0.0,0.1941862782926227,True,,KI,H20,1.0,d7,Plate1,/Users/pmihack/claire/tmem_2026/data/cleaved_tmem_pld3_260821/d7/Z60_PLD_TMEMki/PLD3TMEM106B_Plate1_d7_TMEM561LAMP1640MAP2488DAPI405_H20_F1.nd2,16
3,12723,10,0.1072074196337341,1.5909696,1315.0272216796875,16731091.0,18.667288676158552,0.0,0.5465367826557531,True,,KI,H20,1.0,d7,Plate1,/Users/pmihack/claire/tmem_2026/data/cleaved_tmem_pld3_260821/d7/Z60_PLD_TMEMki/PLD3TMEM106B_Plate1_d7_TMEM561LAMP1640MAP2488DAPI405_H20_F1.nd2,16
4,11559,2,0.2227701358248983,15.0174,2384.8193359375,27566128.0,10.734271705575908,0.0,0.4175831121533776,True,,KI,H20,1.0,d7,Plate1,/Users/pmihack/claire/tmem_2026/data/cleaved_tmem_pld3_260821/d7/Z60_PLD_TMEMki/PLD3TMEM106B_Plate1_d7_TMEM561LAMP1640MAP2488DAPI405_H20_F1.nd2,16
5,17489,20,0.0795357081594144,0.8112311999999999,1000.965087890625,17505878.0,14.1061552398214,0.0,0.4822739913249311,True,,KI,H20,1.0,d7,Plate1,/Users/pmihack/claire/tmem_2026/data/cleaved_tmem_pld3_260821/d7/Z60_PLD_TMEMki/PLD3TMEM106B_Plate1_d7_TMEM561LAMP1640MAP2488DAPI405_H20_F1.nd2,16
6,11179,7,0.0868592897396905,1.6179634285714286,977.6942749023438,10929644.0,13.885897086669228,0.0,0.3347114165816573,True,,KI,H20,1.0,d7,Plate1,/Users/pmihack/claire/tmem_2026/data/cleaved_tmem_pld3_260821/d7/Z60_PLD_TMEMki/PLD3TMEM106B_Plate1_d7_TMEM561LAMP1640MAP2488DAPI405_H20_F1.nd2,16
7,22101,17,0.0951993122483145,1.4435915294117645,1010.576904296875,22334760.0,11.519844383877102,0.0,0.471117747346758,True,,KI,H20,1.0,d7,Plate1,/Users/pmihack/claire/tmem_2026/data/cleaved_tmem_pld3_260821/d7/Z60_PLD_TMEMki/PLD3TMEM106B_Plate1_d7_TMEM561LAMP1640MAP2488DAPI405_H20_F1.nd2,16
8,29505,7,0.0772072530079647,3.795798857142857,740.0458374023438,21835052.0,10.3715217738014,0.0,0.5003848128103825,True,,KI,H20,1.0,d7,Plate1,/Users/pmihack/claire/tmem_2026/data/cleaved_tmem_pld3_260821/d7/Z60_PLD_TMEMki/PLD3TMEM106B_Plate1_d7_TMEM561LAMP1640MAP2488DAPI405_H20_F1.nd2,16
9,9443,6,0.1983479826326379,3.641112,2034.223876953125,19209176.0,23.670192959853477,4.581144094117917e-05,0.3063696237776314,True,,KI,H20,1.0,d7,Plate1,/Users/pmihack/claire/tmem_2026/data/cleaved_tmem_pld3_260821/d7/Z60_PLD_TMEMki/PLD3TMEM106B_Plate1_d7_TMEM561LAMP1640MAP2488DAPI405_H20_F1.nd2,16
10,20823,10,0.0802958267300581,1.9502207999999996,870.47900390625,18125984.0,9.77734196498566,0.0073662758804857,0.1357471390170659,True,,KI,H20,1.0,d7,Plate1,/Users/pmihack/claire/tmem_2026/data/cleaved_tmem_pld3_260821/d7/Z60_PLD_TMEMki/PLD3TMEM106B_Plate1_d7_TMEM561LAMP1640MAP2488DAPI405_H20_F1.nd2,16
11,18615,10,0.0837496642492613,1.8184176,810.5851440429688,15089043.0,5.497625894550213,0.0,0.4587790113114832,True,,KI,H20,1.0,d7,Plate1,/Users/pmihack/claire/tmem_2026/data/cleaved_tmem_pld3_260821/d7/Z60_PLD_TMEMki/PLD3TMEM106B_Plate1_d7_TMEM561LAMP1640MAP2488DAPI405_H20_F1.nd2,16
12,23227,10,0.0927369010203642,2.5124256,909.430419921875,21123340.0,7.741928064383928,8.753350266488269e-05,0.5476649535199916,True,,KI,H20,1.0,d7,Plate1,/Users/pmihack/claire/tmem_2026/data/cleaved_tmem_pld3_260821/d7/Z60_PLD_TMEMki/PLD3TMEM106B_Plate1_d7_TMEM561LAMP1640MAP2488DAPI405_H20_F1.nd2,16
13,17356,11,0.043731274487209,0.804816,569.8186645507812,9889773.0,11.06960394672616,0.0001055635948432,0.0136620245491184,True,,KI,H20,1.0,d7,Plate1,/Users/pmihack/claire/tmem_2026/data/cleaved_tmem_pld3_260821/d7/Z60_PLD_TMEMki/PLD3TMEM106B_Plate1_d7_TMEM561LAMP1640MAP2488DAPI405_H20_F1.nd2,16
14,28597,15,0.0359827953981186,0.8001503999999998,551.3983764648438,15768340.0,9.560335352790636,2.726983211687184e-06,0.0959180725316604,True,,KI,H20,1.0,d7,Plate1,/Users/pmihack/claire/tmem_2026/data/cleaved_tmem_pld3_260821/d7/Z60_PLD_TMEMki/PLD3TMEM106B_Plate1_d7_TMEM561LAMP1640MAP2488DAPI405_H20_F1.nd2,16
1,10179,4,0.0586501620984379,1.7408519999999998,691.974853515625,7043612.0,1.467403032389263,0.0,0.2708602711385077,True,,KI,H20,2.0,d7,Plate1,/Users/pmihack/claire/tmem_2026/data/cleaved_tmem_pld3_260821/d7/Z60_PLD_TMEMki/PLD3TMEM106B_Plate1_d7_TMEM561LAMP1640MAP2488DAPI405_H20_F2.nd2,15
2,10404,8,0.0868896578239138,1.318032,903.0617065429688,9395454.0,0.6238270123233173,0.0,0.2595393325428592,False,border,KI,H20,2.0,d7,Plate1,/Users/pmihack/claire/tmem_2026/data/cleaved_tmem_pld3_260821/d7/Z60_PLD_TMEMki/PLD3TMEM106B_Plate1_d7_TMEM561LAMP1640MAP2488DAPI405_H20_F2.nd2,15
3,20956,4,0.0725806451612903,4.435236,709.5669555664062,14869685.0,16.565635023849183,0.0,0.3617723489606659,True,,KI,H20,2.0,d7,Plate1,/Users/pmihack/claire/tmem_2026/data/cleaved_tmem_pld3_260821/d7/Z60_PLD_TMEMki/PLD3TMEM106B_Plate1_d7_TMEM561LAMP1640MAP2488DAPI405_H20_F2.nd2,15
4,11253,2,0.0669154892028792,4.391496,658.5523681640625,7410690.0,8.943955372677474,0.0,0.3544721507974276,True,,KI,H20,2.0,d7,Plate1,/Users/pmihack/claire/tmem_2026/data/cleaved_tmem_pld3_260821/d7/Z60_PLD_TMEMki/PLD3TMEM106B_Plate1_d7_TMEM561LAMP1640MAP2488DAPI405_H20_F2.nd2,15
5,12373,6,0.1476602279156227,3.5516879999999995,1657.6484375,20510084.0,14.58786982051595,0.0,0.1826414784822949,True,,KI,H20,2.0,d7,Plate1,/Users/pmihack/claire/tmem_2026/data/cleaved_tmem_pld3_260821/d7/Z60_PLD_TMEMki/PLD3TMEM106B_Plate1_d7_TMEM561LAMP1640MAP2488DAPI405_H20_F2.nd2,15
6,11854,23,0.1080647882571284,0.6496340869565217,1258.061767578125,14913064.0,4.966917429798042,0.0,0.4403955512418038,True,,KI,H20,2.0,d7,Plate1,/Users/pmihack/claire/tmem_2026/data/cleaved_tmem_pld3_260821/d7/Z60_PLD_TMEMki/PLD3TMEM106B_Plate1_d7_TMEM561LAMP1640MAP2488DAPI405_H20_F2.nd2,15
7,17206,4,0.0024410089503661,0.1224719999999999,85.88748168945312,1477780.0,7.335917318503821,0.0,0.0984140297446549,True,,KI,H20,2.0,d7,Plate1,/Users/pmihack/claire/tmem_2026/data/cleaved_tmem_pld3_260821/d7/Z60_PLD_TMEMki/PLD3TMEM106B_Plate1_d7_TMEM561LAMP1640MAP2488DAPI405_H20_F2.nd2,15
8,5163,8,0.2723222932403641,2.0499479999999997,2464.2216796875,12722777.0,39.00795883976173,0.0,0.3429733009722935,False,border,KI,H20,2.0,d7,Plate1,/Users/pmihack/claire/tmem_2026/data/cleaved_tmem_pld3_260821/d7/Z60_PLD_TMEMki/PLD3TMEM106B_Plate1_d7_TMEM561LAMP1640MAP2488DAPI405_H20_F2.nd2,15
9,12801,9,0.0246855714397312,0.409536,423.060546875,5415598.0,14.255264814446612,0.0,0.2399701585020292,True,,KI,H20,2.0,d7,Plate1,/Users/pmihack/claire/tmem_2026/data/cleaved_tmem_pld3_260821/d7/Z60_PLD_TMEMki/PLD3TMEM106B_Plate1_d7_TMEM561LAMP1640MAP2488DAPI405_H20_F2.nd2,15
10,9351,13,0.0776387552133461,0.6513895384615385,1041.9979248046875,9743723.0,7.92614372788532,0.0,0.5115969719760627,True,,KI,H20,2.0,d7,Plate1,/Users/pmihack/claire/tmem_2026/data/cleaved_tmem_pld3_260821/d7/Z60_PLD_TMEMki/PLD3TMEM106B_Plate1_d7_TMEM561LAMP1640MAP2488DAPI405_H20_F2.nd2,15
11,14076,5,0.0670645069622051,2.2021632,663.7267456054688,9342618.0,22.853713397805834,0.0,0.1781937147046736,True,,KI,H20,2.0,d7,Plate1,/Users/pmihack/claire/tmem_2026/data/cleaved_tmem_pld3_260821/d7/Z60_PLD_TMEMki/PLD3TMEM106B_Plate1_d7_TMEM561LAMP1640MAP2488DAPI405_H20_F2.nd2,15
12,21391,13,0.0743770744705717,1.427494153846154,784.4078369140625,16779268.0,16.99220699146582,0.0,0.4204566568427744,True,,KI,H20,2.0,d7,Plate1,/Users/pmihack/claire/tmem_2026/data/cleaved_tmem_pld3_260821/d7/Z60_PLD_TMEMki/PLD3TMEM106B_Plate1_d7_TMEM561LAMP1640MAP2488DAPI405_H20_F2.nd2,15
13,9523,0,0.0,0.0,21.686967849731445,206525.0,,0.0,0.2257261718792643,True,,KI,H20,2.0,d7,Plate1,/Users/pmihack/claire/tmem_2026/data/cleaved_tmem_pld3_260821/d7/Z60_PLD_TMEMki/PLD3TMEM106B_Plate1_d7_TMEM561LAMP1640MAP2488DAPI405_H20_F2.nd2,15
14,15531,16,0.0295537956345373,0.334611,695.1692504882812,10796674.0,11.333700546785533,0.0,0.1959521898911154,True,,KI,H20,2.0,d7,Plate1,/Users/pmihack/claire/tmem_2026/data/cleaved_tmem_pld3_260821/d7/Z60_PLD_TMEMki/PLD3TMEM106B_Plate1_d7_TMEM561LAMP1640MAP2488DAPI405_H20_F2.nd2,15
15,20138,6,0.0343628960174793,1.3452479999999998,386.5778198242187,7784904.0,13.03880967479456,0.0,0.4510423564597691,True,,KI,H20,2.0,d7,Plate1,/Users/pmihack/claire/tmem_2026/data/cleaved_tmem_pld3_260821/d7/Z60_PLD_TMEMki/PLD3TMEM106B_Plate1_d7_TMEM561LAMP1640MAP2488DAPI405_H20_F2.nd2,15
1,14765,2,0.0296647477141889,2.554416,230.8231658935547,3408104.0,0.3823457216105983,0.3646672666072845,0.6846751213758895,True,,KI,H20,3.0,d7,Plate1,/Users/pmihack/claire/tmem_2026/data/cleaved_tmem_pld3_260821/d7/Z60_PLD_TMEMki/PLD3TMEM106B_Plate1_d7_TMEM561LAMP1640MAP2488DAPI405_H20_F3.nd2,10
2,12206,0,0.0,0.0,14.53096866607666,177365.0,,0.0,0.0300084655445575,True,,KI,H20,3.0,d7,Plate1,/Users/pmihack/claire/tmem_2026/data/cleaved_tmem_pld3_260821/d7/Z60_PLD_TMEMki/PLD3TMEM106B_Plate1_d7_TMEM561LAMP1640MAP2488DAPI405_H20_F3.nd2,10
3,18150,8,0.0115151515151515,0.304722,118.80033111572266,2156226.0,1.0454378935178776,0.0,0.2527516498597902,True,,KI,H20,3.0,d7,Plate1,/Users/pmihack/claire/tmem_2026/data/cleaved_tmem_pld3_260821/d7/Z60_PLD_TMEMki/PLD3TMEM106B_Plate1_d7_TMEM561LAMP1640MAP2488DAPI405_H20_F3.nd2,10
4,14288,5,0.0604003359462486,2.0132063999999996,320.3532409667969,4577207.0,1.4783650085865934,6.554215360665694e-05,0.1600389870394417,True,,KI,H20,3.0,d7,Plate1,/Users/pmihack/claire/tmem_2026/data/cleaved_tmem_pld3_260821/d7/Z60_PLD_TMEMki/PLD3TMEM106B_Plate1_d7_TMEM561LAMP1640MAP2488DAPI405_H20_F3.nd2,10
5,13599,3,0.00132362673726,0.0699839999999999,117.74976348876952,1601279.0,0.8255927872648038,0.0,0.3901132979992145,True,,KI,H20,3.0,d7,Plate1,/Users/pmihack/claire/tmem_2026/data/cleaved_tmem_pld3_260821/d7/Z60_PLD_TMEMki/PLD3TMEM106B_Plate1_d7_TMEM561LAMP1640MAP2488DAPI405_H20_F3.nd2,10
6,17714,1,0.0001693575702833,0.0349919999999999,48.94913482666016,867085.0,0.9928097663807566,0.0,0.1752916729665292,True,,KI,H20,3.0,d7,Plate1,/Users/pmihack/claire/tmem_2026/data/cleaved_tmem_pld3_260821/d7/Z60_PLD_TMEMki/PLD3TMEM106B_Plate1_d7_TMEM561LAMP1640MAP2488DAPI405_H20_F3.nd2,10
7,18981,5,0.05005005005005,2.21616,265.6705627441406,5042693.0,0.8362262449541675,0.0,0.3722873030921184,True,,KI,H20,3.0,d7,Plate1,/Users/pmihack/claire/tmem_2026/data/cleaved_tmem_pld3_260821/d7/Z60_PLD_TMEMki/PLD3TMEM106B_Plate1_d7_TMEM561LAMP1640MAP2488DAPI405_H20_F3.nd2,10
8,25588,5,0.0149288729091761,0.8911296,117.72381591796876,3012317.0,0.8046829680071548,0.0,0.3660282723271302,True,,KI,H20,3.0,d7,Plate1,/Users/pmihack/claire/tmem_2026/data/cleaved_tmem_pld3_260821/d7/Z60_PLD_TMEMki/PLD3TMEM106B_Plate1_d7_TMEM561LAMP1640MAP2488DAPI405_H20_F3.nd2,10
9,23758,2,0.0021045542554087,0.2915999999999999,68.8685073852539,1636178.0,0.8426182066849031,0.0,0.1471961038000483,True,,KI,H20,3.0,d7,Plate1,/Users/pmihack/claire/tmem_2026/data/cleaved_tmem_pld3_260821/d7/Z60_PLD_TMEMki/PLD3TMEM106B_Plate1_d7_TMEM561LAMP1640MAP2488DAPI405_H20_F3.nd2,10
10,11308,5,0.0057481429076759,0.151632,207.83807373046875,2350233.0,0.8791529756137777,0.0,0.3668740825266364,True,,KI,H20,3.0,d7,Plate1,/Users/pmihack/claire/tmem_2026/data/cleaved_tmem_pld3_260821/d7/Z60_PLD_TMEMki/PLD3TMEM106B_Plate1_d7_TMEM561LAMP1640MAP2488DAPI405_H20_F3.nd2,10
11,10473,2,0.0019096724911677,0.11664,124.84503173828124,1307502.0,1.078504896750924,0.0,0.1475593574006714,True,,KI,H20,3.0,d7,Plate1,/Users/pmihack/claire/tmem_2026/data/cleaved_tmem_pld3_260821/d7/Z60_PLD_TMEMki/PLD3TMEM106B_Plate1_d7_TMEM561LAMP1640MAP2488DAPI405_H20_F3.nd2,10
1,6717,0,0.0,0.0,119.95176696777344,805716.0,,0.0003661339869722,0.0372606510352205,True,,KI,H20,4.0,d7,Plate1,/Users/pmihack/claire/tmem_2026/data/cleaved_tmem_pld3_260821/d7/Z60_PLD_TMEMki/PLD3TMEM106B_Plate1_d7_TMEM561LAMP1640MAP2488DAPI405_H20_F4.nd2,13
2,6137,1,0.0019553527782304,0.1399679999999999,419.9288024902344,2577103.0,1.17646743549352,0.0,0.4638517851353284,True,,KI,H20,4.0,d7,Plate1,/Users/pmihack/claire/tmem_2026/data/cleaved_tmem_pld3_260821/d7/Z60_PLD_TMEMki/PLD3TMEM106B_Plate1_d7_TMEM561LAMP1640MAP2488DAPI405_H20_F4.nd2,13
3,11796,5,0.0375551034248897,1.0334304,437.796875,5164252.0,10.088461194503797,0.0,0.0896897276667756,True,,KI,H20,4.0,d7,Plate1,/Users/pmihack/claire/tmem_2026/data/cleaved_tmem_pld3_260821/d7/Z60_PLD_TMEMki/PLD3TMEM106B_Plate1_d7_TMEM561LAMP1640MAP2488DAPI405_H20_F4.nd2,13
4,15320,7,0.0114229765013054,0.2915999999999999,506.07220458984375,7753026.0,10.830350657567076,0.0,0.5333057703753673,True,,KI,H20,4.0,d7,Plate1,/Users/pmihack/claire/tmem_2026/data/cleaved_tmem_pld3_260821/d7/Z60_PLD_TMEMki/PLD3TMEM106B_Plate1_d7_TMEM561LAMP1640MAP2488DAPI405_H20_F4.nd2,13
5,11879,7,0.0237393720010101,0.4698925714285714,378.9544677734375,4501600.0,14.312729977502016,0.0,0.3126319128531629,True,,KI,H20,4.0,d7,Plate1,/Users/pmihack/claire/tmem_2026/data/cleaved_tmem_pld3_260821/d7/Z60_PLD_TMEMki/PLD3TMEM106B_Plate1_d7_TMEM561LAMP1640MAP2488DAPI405_H20_F4.nd2,13
6,18441,5,0.0554742150642589,2.3864544,640.2886962890625,11807564.0,4.2070667386885905,5.403316026786342e-05,0.0296025751172357,True,,KI,H20,4.0,d7,Plate1,/Users/pmihack/claire/tmem_2026/data/cleaved_tmem_pld3_260821/d7/Z60_PLD_TMEMki/PLD3TMEM106B_Plate1_d7_TMEM561LAMP1640MAP2488DAPI405_H20_F4.nd2,13
7,15862,15,0.0145631067961165,0.1796256,466.30859375,7396587.0,4.342047554541869,0.0,0.4331685714536736,True,,KI,H20,4.0,d7,Plate1,/Users/pmihack/claire/tmem_2026/data/cleaved_tmem_pld3_260821/d7/Z60_PLD_TMEMki/PLD3TMEM106B_Plate1_d7_TMEM561LAMP1640MAP2488DAPI405_H20_F4.nd2,13
8,7532,4,0.0496548061603823,1.090584,716.7219848632812,5398350.0,7.940850669050292,0.0,0.0579393431009279,True,,KI,H20,4.0,d7,Plate1,/Users/pmihack/claire/tmem_2026/data/cleaved_tmem_pld3_260821/d7/Z60_PLD_TMEMki/PLD3TMEM106B_Plate1_d7_TMEM561LAMP1640MAP2488DAPI405_H20_F4.nd2,13
9,11332,5,0.1034239322273208,2.7340416,1063.10400390625,12047094.0,2.7683202006996983,0.0,0.2887240358823684,True,,KI,H20,4.0,d7,Plate1,/Users/pmihack/claire/tmem_2026/data/cleaved_tmem_pld3_260821/d7/Z60_PLD_TMEMki/PLD3TMEM106B_Plate1_d7_TMEM561LAMP1640MAP2488DAPI405_H20_F4.nd2,13
10,10731,0,0.0,0.0,38.3651123046875,411696.0,,0.0,0.1064477230080418,True,,KI,H20,4.0,d7,Plate1,/Users/pmihack/claire/tmem_2026/data/cleaved_tmem_pld3_260821/d7/Z60_PLD_TMEMki/PLD3TMEM106B_Plate1_d7_TMEM561LAMP1640MAP2488DAPI405_H20_F4.nd2,13
11,9638,1,0.0003112678979041,0.0349919999999999,118.47053527832033,1141819.0,7.564001739538837,0.0,-0.0087318615041769,True,,KI,H20,4.0,d7,Plate1,/Users/pmihack/claire/tmem_2026/data/cleaved_tmem_pld3_260821/d7/Z60_PLD_TMEMki/PLD3TMEM106B_Plate1_d7_TMEM561LAMP1640MAP2488DAPI405_H20_F4.nd2,13
12,12559,16,0.0848793693765427,0.777114,994.4901733398438,12489802.0,16.018320116906533,6.40522557660006e-06,0.2396721641456352,True,,KI,H20,4.0,d7,Plate1,/Users/pmihack/claire/tmem_2026/data/cleaved_tmem_pld3_260821/d7/Z60_PLD_TMEMki/PLD3TMEM106B_Plate1_d7_TMEM561LAMP1640MAP2488DAPI405_H20_F4.nd2,13
13,10249,2,0.0015611279149185,0.0933119999999999,69.85794067382812,715974.0,14.88200156220235,0.0,0.0848626278908348,True,,KI,H20,4.0,d7,Plate1,/Users/pmihack/claire/tmem_2026/data/cleaved_tmem_pld3_260821/d7/Z60_PLD_TMEMki/PLD3TMEM106B_Plate1_d7_TMEM561LAMP1640MAP2488DAPI405_H20_F4.nd2,13
14,6127,8,0.0199118655133017,0.1778759999999999,711.8330078125,4361401.0,42.51310422413347,0.0,0.5960600557650024,True,,KI,H20,4.0,d7,Plate1,/Users/pmihack/claire/tmem_2026/data/cleaved_tmem_pld3_260821/d7/Z60_PLD_TMEMki/PLD3TMEM106B_Plate1_d7_TMEM561LAMP1640MAP2488DAPI405_H20_F4.nd2,13
15,14372,5,0.0819649318118563,2.7480383999999995,915.5550537109376,13158357.0,15.332335557322548,0.0,0.1541251831255921,True,,KI,H20,4.0,d7,Plate1,/Users/pmihack/claire/tmem_2026/data/cleaved_tmem_pld3_260821/d7/Z60_PLD_TMEMki/PLD3TMEM106B_Plate1_d7_TMEM561LAMP1640MAP2488DAPI405_H20_F4.nd2,13
16,13080,10,0.0458715596330275,0.6998399999999999,611.7927856445312,8002250.0,15.59281396662396,0.0,0.2044228154910838,True,,KI,H20,4.0,d7,Plate1,/Users/pmihack/claire/tmem_2026/data/cleaved_tmem_pld3_260821/d7/Z60_PLD_TMEMki/PLD3TMEM106B_Plate1_d7_TMEM561LAMP1640MAP2488DAPI405_H20_F4.nd2,13
17,9584,7,0.0130425709515859,0.2082857142857142,639.969970703125,6133472.0,19.6378441535116,0.0,0.3407833179213205,True,,KI,H20,4.0,d7,Plate1,/Users/pmihack/claire/tmem_2026/data/cleaved_tmem_pld3_260821/d7/Z60_PLD_TMEMki/PLD3TMEM106B_Plate1_d7_TMEM561LAMP1640MAP2488DAPI405_H20_F4.nd2,13
18,5144,0,0.0,0.0,22.262052536010746,114516.0,,0.0,0.0116098862702973,True,,KI,H20,4.0,d7,Plate1,/Users/pmihack/claire/tmem_2026/data/cleaved_tmem_pld3_260821/d7/Z60_PLD_TMEMki/PLD3TMEM106B_Plate1_d7_TMEM561LAMP1640MAP2488DAPI405_H20_F4.nd2,13
19,8188,7,0.0779189057156814,1.0630902857142857,986.8843383789062,8080609.0,15.651039650012414,0.0,0.3791849537578402,True,,KI,H20,4.0,d7,Plate1,/Users/pmihack/claire/tmem_2026/data/cleaved_tmem_pld3_260821/d7/Z60_PLD_TMEMki/PLD3TMEM106B_Plate1_d7_TMEM561LAMP1640MAP2488DAPI405_H20_F4.nd2,13
20,10017,2,0.0012977937506239,0.075816,48.54108047485352,486236.0,16.74143010428191,0.0,-0.0265066395975938,True,,KI,H20,4.0,d7,Plate1,/Users/pmihack/claire/tmem_2026/data/cleaved_tmem_pld3_260821/d7/Z60_PLD_TMEMki/PLD3TMEM106B_Plate1_d7_TMEM561LAMP1640MAP2488DAPI405_H20_F4.nd2,13
21,15366,16,0.0372250423011844,0.4169879999999999,679.3775634765625,10439316.0,12.622023681952848,0.0,0.2150577689109697,True,,KI,H20,4.0,d7,Plate1,/Users/pmihack/claire/tmem_2026/data/cleaved_tmem_pld3_260821/d7/Z60_PLD_TMEMki/PLD3TMEM106B_Plate1_d7_TMEM561LAMP1640MAP2488DAPI405_H20_F4.nd2,13
1,10266,0,0.0,0.0,58.898887634277344,604656.0,,0.0,-0.1214015229509735,True,,KO,C8,1.0,d14,Plate1,/Users/pmihack/claire/tmem_2026/data/cleaved_tmem_pld3_260821/d14/TMEM_KO/TMEMKO_Plate1_d14_TMEM561LAMP1640MAP2488DAPI405_C8_F1.nd2,9
2,14206,0,0.0,0.0,49.36632537841797,701298.0,,0.0,0.0231485022340363,True,,KO,C8,1.0,d14,Plate1,/Users/pmihack/claire/tmem_2026/data/cleaved_tmem_pld3_260821/d14/TMEM_KO/TMEMKO_Plate1_d14_TMEM561LAMP1640MAP2488DAPI405_C8_F1.nd2,9
3,15431,0,0.0,0.0,120.01043701171876,1851881.0,,0.0,-0.0959312411422173,True,,KO,C8,1.0,d14,Plate1,/Users/pmihack/claire/tmem_2026/data/cleaved_tmem_pld3_260821/d14/TMEM_KO/TMEMKO_Plate1_d14_TMEM561LAMP1640MAP2488DAPI405_C8_F1.nd2,9
4,3442,0,0.0,0.0,19.07437515258789,65654.0,,0.0,-0.038460217290081,True,,KO,C8,1.0,d14,Plate1,/Users/pmihack/claire/tmem_2026/data/cleaved_tmem_pld3_260821/d14/TMEM_KO/TMEMKO_Plate1_d14_TMEM561LAMP1640MAP2488DAPI405_C8_F1.nd2,9
5,16434,0,0.0,0.0,50.909393310546875,836645.0,,0.0,0.1219327477142412,True,,KO,C8,1.0,d14,Plate1,/Users/pmihack/claire/tmem_2026/data/cleaved_tmem_pld3_260821/d14/TMEM_KO/TMEMKO_Plate1_d14_TMEM561LAMP1640MAP2488DAPI405_C8_F1.nd2,9
6,10864,0,0.0,0.0,157.1085205078125,1706827.0,,0.0,0.1406868544067885,True,,KO,C8,1.0,d14,Plate1,/Users/pmihack/claire/tmem_2026/data/cleaved_tmem_pld3_260821/d14/TMEM_KO/TMEMKO_Plate1_d14_TMEM561LAMP1640MAP2488DAPI405_C8_F1.nd2,9
7,7021,0,0.0,0.0,22.102548599243164,155182.0,,0.0,-0.0153482498014412,True,,KO,C8,1.0,d14,Plate1,/Users/pmihack/claire/tmem_2026/data/cleaved_tmem_pld3_260821/d14/TMEM_KO/TMEMKO_Plate1_d14_TMEM561LAMP1640MAP2488DAPI405_C8_F1.nd2,9
8,11047,0,0.0,0.0,53.97872543334961,596303.0,,0.0,-0.0060539028132464,True,,KO,C8,1.0,d14,Plate1,/Users/pmihack/claire/tmem_2026/data/cleaved_tmem_pld3_260821/d14/TMEM_KO/TMEMKO_Plate1_d14_TMEM561LAMP1640MAP2488DAPI405_C8_F1.nd2,9
9,9131,0,0.0,0.0,77.59161376953125,708489.0,,0.0,-0.0906912770955669,True,,KO,C8,1.0,d14,Plate1,/Users/pmihack/claire/tmem_2026/data/cleaved_tmem_pld3_260821/d14/TMEM_KO/TMEMKO_Plate1_d14_TMEM561LAMP1640MAP2488DAPI405_C8_F1.nd2,9
10,9387,0,0.0,0.0,58.75040054321289,551490.0,,0.0,-0.0198364756353084,True,,KO,C8,1.0,d14,Plate1,/Users/pmihack/claire/tmem_2026/data/cleaved_tmem_pld3_260821/d14/TMEM_KO/TMEMKO_Plate1_d14_TMEM561LAMP1640MAP2488DAPI405_C8_F1.nd2,9
11,12628,0,0.0,0.0,164.62701416015625,2078910.0,,0.0,-0.0329765116113245,True,,KO,C8,1.0,d14,Plate1,/Users/pmihack/claire/tmem_2026/data/cleaved_tmem_pld3_260821/d14/TMEM_KO/TMEMKO_Plate1_d14_TMEM561LAMP1640MAP2488DAPI405_C8_F1.nd2,9
12,15265,0,0.0,0.0,44.22901916503906,675156.0,,0.0,-0.0468229329557678,True,,KO,C8,1.0,d14,Plate1,/Users/pmihack/claire/tmem_2026/data/cleaved_tmem_pld3_260821/d14/TMEM_KO/TMEMKO_Plate1_d14_TMEM561LAMP1640MAP2488DAPI405_C8_F1.nd2,9
13,8648,0,0.0,0.0,13.433626174926758,116174.0,,0.0,0.0992528231333962,True,,KO,C8,1.0,d14,Plate1,/Users/pmihack/claire/tmem_2026/data/cleaved_tmem_pld3_260821/d14/TMEM_KO/TMEMKO_Plate1_d14_TMEM561LAMP1640MAP2488DAPI405_C8_F1.nd2,9
14,14993,0,0.0,0.0,118.27159118652344,1773246.0,,0.0,-0.0739340938529035,True,,KO,C8,1.0,d14,Plate1,/Users/pmihack/claire/tmem_2026/data/cleaved_tmem_pld3_260821/d14/TMEM_KO/TMEMKO_Plate1_d14_TMEM561LAMP1640MAP2488DAPI405_C8_F1.nd2,9
15,17180,0,0.0,0.0,123.8298568725586,2127397.0,,0.0,-0.0136768950953932,True,,KO,C8,1.0,d14,Plate1,/Users/pmihack/claire/tmem_2026/data/cleaved_tmem_pld3_260821/d14/TMEM_KO/TMEMKO_Plate1_d14_TMEM561LAMP1640MAP2488DAPI405_C8_F1.nd2,9
16,13405,0,0.0,0.0,150.41522216796875,2016316.0,,0.0,-0.1422765079325904,True,,KO,C8,1.0,d14,Plate1,/Users/pmihack/claire/tmem_2026/data/cleaved_tmem_pld3_260821/d14/TMEM_KO/TMEMKO_Plate1_d14_TMEM561LAMP1640MAP2488DAPI405_C8_F1.nd2,9
17,10468,0,0.0,0.0,94.45939636230467,988801.0,,0.0,-0.1027300668181577,True,,KO,C8,1.0,d14,Plate1,/Users/pmihack/claire/tmem_2026/data/cleaved_tmem_pld3_260821/d14/TMEM_KO/TMEMKO_Plate1_d14_TMEM561LAMP1640MAP2488DAPI405_C8_F1.nd2,9
18,9150,0,0.0,0.0,212.47857666015625,1944179.0,,0.0,0.0076890344924938,True,,KO,C8,1.0,d14,Plate1,/Users/pmihack/claire/tmem_2026/data/cleaved_tmem_pld3_260821/d14/TMEM_KO/TMEMKO_Plate1_d14_TMEM561LAMP1640MAP2488DAPI405_C8_F1.nd2,9
19,11135,1,0.0016165244723843,0.2099519999999999,61.543243408203125,685284.0,1.3612965960384409,0.0,-0.0261755141580568,True,,KO,C8,1.0,d14,Plate1,/Users/pmihack/claire/tmem_2026/data/cleaved_tmem_pld3_260821/d14/TMEM_KO/TMEMKO_Plate1_d14_TMEM561LAMP1640MAP2488DAPI405_C8_F1.nd2,9
20,20944,0,0.0,0.0,148.00592041015625,3099836.0,,0.0,0.0970420244990522,True,,KO,C8,1.0,d14,Plate1,/Users/pmihack/claire/tmem_2026/data/cleaved_tmem_pld3_260821/d14/TMEM_KO/TMEMKO_Plate1_d14_TMEM561LAMP1640MAP2488DAPI405_C8_F1.nd2,9
21,4991,0,0.0,0.0,9.253856658935549,46186.0,,0.0,0.160257883454946,True,,KO,C8,1.0,d14,Plate1,/Users/pmihack/claire/tmem_2026/data/cleaved_tmem_pld3_260821/d14/TMEM_KO/TMEMKO_Plate1_d14_TMEM561LAMP1640MAP2488DAPI405_C8_F1.nd2,9
1,8094,0,0.0,0.0,129.45712280273438,1047826.0,,0.0,0.2931215395841833,True,,KO,C8,2.0,d14,Plate1,/Users/pmihack/claire/tmem_2026/data/cleaved_tmem_pld3_260821/d14/TMEM_KO/TMEMKO_Plate1_d14_TMEM561LAMP1640MAP2488DAPI405_C8_F2.nd2,13
2,12188,0,0.0,0.0,302.3167724609375,3684637.0,,0.0,0.1849777443097806,True,,KO,C8,2.0,d14,Plate1,/Users/pmihack/claire/tmem_2026/data/cleaved_tmem_pld3_260821/d14/TMEM_KO/TMEMKO_Plate1_d14_TMEM561LAMP1640MAP2488DAPI405_C8_F2.nd2,13
3,13389,0,0.0,0.0,536.92724609375,7188919.0,,0.0,0.2119873228527817,True,,KO,C8,2.0,d14,Plate1,/Users/pmihack/claire/tmem_2026/data/cleaved_tmem_pld3_260821/d14/TMEM_KO/TMEMKO_Plate1_d14_TMEM561LAMP1640MAP2488DAPI405_C8_F2.nd2,13
4,3538,0,0.0,0.0,503.1127624511719,1780013.0,,0.0,0.1578442459090061,True,,KO,C8,2.0,d14,Plate1,/Users/pmihack/claire/tmem_2026/data/cleaved_tmem_pld3_260821/d14/TMEM_KO/TMEMKO_Plate1_d14_TMEM561LAMP1640MAP2488DAPI405_C8_F2.nd2,13
5,8749,0,0.0,0.0,514.9203491210938,4505038.0,,0.0008168632630258,0.0717849602051125,True,,KO,C8,2.0,d14,Plate1,/Users/pmihack/claire/tmem_2026/data/cleaved_tmem_pld3_260821/d14/TMEM_KO/TMEMKO_Plate1_d14_TMEM561LAMP1640MAP2488DAPI405_C8_F2.nd2,13
6,16468,0,0.0,0.0,3.3999879360198975,55991.0,,0.0,0.0519232807526897,True,,KO,C8,2.0,d14,Plate1,/Users/pmihack/claire/tmem_2026/data/cleaved_tmem_pld3_260821/d14/TMEM_KO/TMEMKO_Plate1_d14_TMEM561LAMP1640MAP2488DAPI405_C8_F2.nd2,13
7,14491,0,0.0,0.0,183.7628936767578,2662908.0,,0.0,0.0641696430621801,True,,KO,C8,2.0,d14,Plate1,/Users/pmihack/claire/tmem_2026/data/cleaved_tmem_pld3_260821/d14/TMEM_KO/TMEMKO_Plate1_d14_TMEM561LAMP1640MAP2488DAPI405_C8_F2.nd2,13
8,12061,0,0.0,0.0,57.90937805175781,698445.0,,0.0,-0.0031351653136019,True,,KO,C8,2.0,d14,Plate1,/Users/pmihack/claire/tmem_2026/data/cleaved_tmem_pld3_260821/d14/TMEM_KO/TMEMKO_Plate1_d14_TMEM561LAMP1640MAP2488DAPI405_C8_F2.nd2,13
9,7519,1,0.0021279425455512,0.1866239999999999,153.38169860839844,1153277.0,3.1341311334056656,0.0,0.222366999842504,True,,KO,C8,2.0,d14,Plate1,/Users/pmihack/claire/tmem_2026/data/cleaved_tmem_pld3_260821/d14/TMEM_KO/TMEMKO_Plate1_d14_TMEM561LAMP1640MAP2488DAPI405_C8_F2.nd2,13
10,10902,0,0.0,0.0,120.78545379638672,1316803.0,,0.0,0.0145850984245746,True,,KO,C8,2.0,d14,Plate1,/Users/pmihack/claire/tmem_2026/data/cleaved_tmem_pld3_260821/d14/TMEM_KO/TMEMKO_Plate1_d14_TMEM561LAMP1640MAP2488DAPI405_C8_F2.nd2,13
11,20020,0,0.0,0.0,149.16668701171875,2986317.0,,0.0,0.1343680452493381,True,,KO,C8,2.0,d14,Plate1,/Users/pmihack/claire/tmem_2026/data/cleaved_tmem_pld3_260821/d14/TMEM_KO/TMEMKO_Plate1_d14_TMEM561LAMP1640MAP2488DAPI405_C8_F2.nd2,13
12,12397,0,0.0,0.0,168.18972778320312,2085048.0,,0.0,-0.0210157141254443,True,,KO,C8,2.0,d14,Plate1,/Users/pmihack/claire/tmem_2026/data/cleaved_tmem_pld3_260821/d14/TMEM_KO/TMEMKO_Plate1_d14_TMEM561LAMP1640MAP2488DAPI405_C8_F2.nd2,13
13,14162,1,0.0019065103798898,0.314928,71.42910766601562,1011579.0,15.286545785012638,0.0,0.6893856434970801,True,,KO,C8,2.0,d14,Plate1,/Users/pmihack/claire/tmem_2026/data/cleaved_tmem_pld3_260821/d14/TMEM_KO/TMEMKO_Plate1_d14_TMEM561LAMP1640MAP2488DAPI405_C8_F2.nd2,13
14,4823,0,0.0,0.0,380.2915344238281,1834146.0,,0.0,0.0308178553112371,True,,KO,C8,2.0,d14,Plate1,/Users/pmihack/claire/tmem_2026/data/cleaved_tmem_pld3_260821/d14/TMEM_KO/TMEMKO_Plate1_d14_TMEM561LAMP1640MAP2488DAPI405_C8_F2.nd2,13
15,14418,2,0.0011790817034262,0.099144,670.8060913085938,9671682.0,4.586681024951488,0.0,0.0325696304994261,True,,KO,C8,2.0,d14,Plate1,/Users/pmihack/claire/tmem_2026/data/cleaved_tmem_pld3_260821/d14/TMEM_KO/TMEMKO_Plate1_d14_TMEM561LAMP1640MAP2488DAPI405_C8_F2.nd2,13
16,10889,0,0.0,0.0,373.74176025390625,4069674.0,,0.0,0.0381449603325407,False,border,KO,C8,2.0,d14,Plate1,/Users/pmihack/claire/tmem_2026/data/cleaved_tmem_pld3_260821/d14/TMEM_KO/TMEMKO_Plate1_d14_TMEM561LAMP1640MAP2488DAPI405_C8_F2.nd2,13
17,18269,0,0.0,0.0,353.9678039550781,6466638.0,,0.0,0.0731283498724043,True,,KO,C8,2.0,d14,Plate1,/Users/pmihack/claire/tmem_2026/data/cleaved_tmem_pld3_260821/d14/TMEM_KO/TMEMKO_Plate1_d14_TMEM561LAMP1640MAP2488DAPI405_C8_F2.nd2,13
18,11586,0,0.0,0.0,283.0093078613281,3278946.0,,0.0,0.017491398275954,True,,KO,C8,2.0,d14,Plate1,/Users/pmihack/claire/tmem_2026/data/cleaved_tmem_pld3_260821/d14/TMEM_KO/TMEMKO_Plate1_d14_TMEM561LAMP1640MAP2488DAPI405_C8_F2.nd2,13
19,9468,0,0.0,0.0,9.204900741577148,87152.0,,0.0,0.0283363719572923,True,,KO,C8,2.0,d14,Plate1,/Users/pmihack/claire/tmem_2026/data/cleaved_tmem_pld3_260821/d14/TMEM_KO/TMEMKO_Plate1_d14_TMEM561LAMP1640MAP2488DAPI405_C8_F2.nd2,13
1,17,0,0.0,0.0,26.352941513061523,448.0,,0.0,0.2632768964406867,False,size_outlier,KO,C8,3.0,d14,Plate1,/Users/pmihack/claire/tmem_2026/data/cleaved_tmem_pld3_260821/d14/TMEM_KO/TMEMKO_Plate1_d14_TMEM561LAMP1640MAP2488DAPI405_C8_F3.nd2,8
2,12382,0,0.0,0.0,287.71160888671875,3562445.0,,0.0,0.0511395862482865,True,,KO,C8,3.0,d14,Plate1,/Users/pmihack/claire/tmem_2026/data/cleaved_tmem_pld3_260821/d14/TMEM_KO/TMEMKO_Plate1_d14_TMEM561LAMP1640MAP2488DAPI405_C8_F3.nd2,8
3,20110,2,0.0005469915464942,0.064152,256.6762390136719,5161759.0,16.132823471793888,0.0,-0.0319986619019599,True,,KO,C8,3.0,d14,Plate1,/Users/pmihack/claire/tmem_2026/data/cleaved_tmem_pld3_260821/d14/TMEM_KO/TMEMKO_Plate1_d14_TMEM561LAMP1640MAP2488DAPI405_C8_F3.nd2,8
4,10718,0,0.0,0.0,20.70498275756836,221916.0,,0.0,-0.0616411018337212,True,,KO,C8,3.0,d14,Plate1,/Users/pmihack/claire/tmem_2026/data/cleaved_tmem_pld3_260821/d14/TMEM_KO/TMEMKO_Plate1_d14_TMEM561LAMP1640MAP2488DAPI405_C8_F3.nd2,8
5,4899,0,0.0,0.0,85.86976623535156,420676.0,,0.0,-0.0474417132193543,True,,KO,C8,3.0,d14,Plate1,/Users/pmihack/claire/tmem_2026/data/cleaved_tmem_pld3_260821/d14/TMEM_KO/TMEMKO_Plate1_d14_TMEM561LAMP1640MAP2488DAPI405_C8_F3.nd2,8
6,12193,0,0.0,0.0,74.15615844726562,904186.0,,0.0,-0.0359337508486831,True,,KO,C8,3.0,d14,Plate1,/Users/pmihack/claire/tmem_2026/data/cleaved_tmem_pld3_260821/d14/TMEM_KO/TMEMKO_Plate1_d14_TMEM561LAMP1640MAP2488DAPI405_C8_F3.nd2,8
7,15426,0,0.0,0.0,122.92117309570312,1896182.0,,0.0,-0.0668910766119492,True,,KO,C8,3.0,d14,Plate1,/Users/pmihack/claire/tmem_2026/data/cleaved_tmem_pld3_260821/d14/TMEM_KO/TMEMKO_Plate1_d14_TMEM561LAMP1640MAP2488DAPI405_C8_F3.nd2,8
8,14017,0,0.0,0.0,113.67446899414062,1593375.0,,0.0,0.0080246277899534,True,,KO,C8,3.0,d14,Plate1,/Users/pmihack/claire/tmem_2026/data/cleaved_tmem_pld3_260821/d14/TMEM_KO/TMEMKO_Plate1_d14_TMEM561LAMP1640MAP2488DAPI405_C8_F3.nd2,8
9,10878,0,0.0,0.0,89.93206787109375,978281.0,,0.0001226641470566,-0.0080270034779094,True,,KO,C8,3.0,d14,Plate1,/Users/pmihack/claire/tmem_2026/data/cleaved_tmem_pld3_260821/d14/TMEM_KO/TMEMKO_Plate1_d14_TMEM561LAMP1640MAP2488DAPI405_C8_F3.nd2,8
10,13270,0,0.0,0.0,102.22147369384766,1356479.0,,0.0,-0.0473493169693502,True,,KO,C8,3.0,d14,Plate1,/Users/pmihack/claire/tmem_2026/data/cleaved_tmem_pld3_260821/d14/TMEM_KO/TMEMKO_Plate1_d14_TMEM561LAMP1640MAP2488DAPI405_C8_F3.nd2,8
11,16393,0,0.0,0.0,139.5452880859375,2287566.0,,0.0,0.0363692776312835,True,,KO,C8,3.0,d14,Plate1,/Users/pmihack/claire/tmem_2026/data/cleaved_tmem_pld3_260821/d14/TMEM_KO/TMEMKO_Plate1_d14_TMEM561LAMP1640MAP2488DAPI405_C8_F3.nd2,8
12,8472,0,0.0,0.0,250.53517150878903,2122534.0,,0.0,0.0399130626239675,True,,KO,C8,3.0,d14,Plate1,/Users/pmihack/claire/tmem_2026/data/cleaved_tmem_pld3_260821/d14/TMEM_KO/TMEMKO_Plate1_d14_TMEM561LAMP1640MAP2488DAPI405_C8_F3.nd2,8
13,13827,0,0.0,0.0,180.1780548095703,2491322.0,,0.0,-0.0742930631191749,True,,KO,C8,3.0,d14,Plate1,/Users/pmihack/claire/tmem_2026/data/cleaved_tmem_pld3_260821/d14/TMEM_KO/TMEMKO_Plate1_d14_TMEM561LAMP1640MAP2488DAPI405_C8_F3.nd2,8
14,15929,0,0.0,0.0,68.18708038330078,1086152.0,,0.0,-0.0156117789965813,True,,KO,C8,3.0,d14,Plate1,/Users/pmihack/claire/tmem_2026/data/cleaved_tmem_pld3_260821/d14/TMEM_KO/TMEMKO_Plate1_d14_TMEM561LAMP1640MAP2488DAPI405_C8_F3.nd2,8
15,14001,0,0.0,0.0,90.10720825195312,1261591.0,,0.0,-0.0348404737492189,True,,KO,C8,3.0,d14,Plate1,/Users/pmihack/claire/tmem_2026/data/cleaved_tmem_pld3_260821/d14/TMEM_KO/TMEMKO_Plate1_d14_TMEM561LAMP1640MAP2488DAPI405_C8_F3.nd2,8
16,9342,0,0.0,0.0,113.87261962890624,1063798.0,,0.0,-0.0249749063697989,True,,KO,C8,3.0,d14,Plate1,/Users/pmihack/claire/tmem_2026/data/cleaved_tmem_pld3_260821/d14/TMEM_KO/TMEMKO_Plate1_d14_TMEM561LAMP1640MAP2488DAPI405_C8_F3.nd2,8
17,6822,0,0.0,0.0,41.21987533569336,281202.0,,0.0,0.0489798510443596,True,,KO,C8,3.0,d14,Plate1,/Users/pmihack/claire/tmem_2026/data/cleaved_tmem_pld3_260821/d14/TMEM_KO/TMEMKO_Plate1_d14_TMEM561LAMP1640MAP2488DAPI405_C8_F3.nd2,8
18,11519,0,0.0,0.0,214.31088256835935,2468647.0,,0.0,-0.0677169405674688,True,,KO,C8,3.0,d14,Plate1,/Users/pmihack/claire/tmem_2026/data/cleaved_tmem_pld3_260821/d14/TMEM_KO/TMEMKO_Plate1_d14_TMEM561LAMP1640MAP2488DAPI405_C8_F3.nd2,8
1,12871,0,0.0,0.0,59.387149810791016,764372.0,,0.0,-0.0359428936390422,True,,KO,C8,4.0,d14,Plate1,/Users/pmihack/claire/tmem_2026/data/cleaved_tmem_pld3_260821/d14/TMEM_KO/TMEMKO_Plate1_d14_TMEM561LAMP1640MAP2488DAPI405_C8_F4.nd2,12
2,15322,0,0.0,0.0,104.70950317382812,1604359.0,,0.0,0.0259198509069193,True,,KO,C8,4.0,d14,Plate1,/Users/pmihack/claire/tmem_2026/data/cleaved_tmem_pld3_260821/d14/TMEM_KO/TMEMKO_Plate1_d14_TMEM561LAMP1640MAP2488DAPI405_C8_F4.nd2,12
3,15410,0,0.0,0.0,100.94737243652344,1555599.0,,0.0,-0.0597530504449512,True,,KO,C8,4.0,d14,Plate1,/Users/pmihack/claire/tmem_2026/data/cleaved_tmem_pld3_260821/d14/TMEM_KO/TMEMKO_Plate1_d14_TMEM561LAMP1640MAP2488DAPI405_C8_F4.nd2,12
4,17975,1,0.003616133518776,0.75816,144.8512420654297,2603701.0,9.005509321085905,0.0,0.0363746932321231,True,,KO,C8,4.0,d14,Plate1,/Users/pmihack/claire/tmem_2026/data/cleaved_tmem_pld3_260821/d14/TMEM_KO/TMEMKO_Plate1_d14_TMEM561LAMP1640MAP2488DAPI405_C8_F4.nd2,12
5,13740,0,0.0,0.0,60.89060974121094,836637.0,,0.0,-0.0173334243473375,True,,KO,C8,4.0,d14,Plate1,/Users/pmihack/claire/tmem_2026/data/cleaved_tmem_pld3_260821/d14/TMEM_KO/TMEMKO_Plate1_d14_TMEM561LAMP1640MAP2488DAPI405_C8_F4.nd2,12
6,12027,0,0.0,0.0,122.68321228027344,1475511.0,,0.0,-0.1946211356400041,True,,KO,C8,4.0,d14,Plate1,/Users/pmihack/claire/tmem_2026/data/cleaved_tmem_pld3_260821/d14/TMEM_KO/TMEMKO_Plate1_d14_TMEM561LAMP1640MAP2488DAPI405_C8_F4.nd2,12
7,18980,1,0.0018967334035827,0.4199039999999999,90.95347595214844,1726297.0,0.6943970885838323,0.0,0.0163989319984184,True,,KO,C8,4.0,d14,Plate1,/Users/pmihack/claire/tmem_2026/data/cleaved_tmem_pld3_260821/d14/TMEM_KO/TMEMKO_Plate1_d14_TMEM561LAMP1640MAP2488DAPI405_C8_F4.nd2,12
8,14638,0,0.0,0.0,77.12323760986328,1128930.0,,0.0,-0.0750922775692273,True,,KO,C8,4.0,d14,Plate1,/Users/pmihack/claire/tmem_2026/data/cleaved_tmem_pld3_260821/d14/TMEM_KO/TMEMKO_Plate1_d14_TMEM561LAMP1640MAP2488DAPI405_C8_F4.nd2,12
9,14703,0,0.0,0.0,118.41419982910156,1741044.0,,0.0,-0.1198275811038434,True,,KO,C8,4.0,d14,Plate1,/Users/pmihack/claire/tmem_2026/data/cleaved_tmem_pld3_260821/d14/TMEM_KO/TMEMKO_Plate1_d14_TMEM561LAMP1640MAP2488DAPI405_C8_F4.nd2,12
10,9731,0,0.0,0.0,122.02085876464844,1187385.0,,0.0,-0.0313245198184072,True,,KO,C8,4.0,d14,Plate1,/Users/pmihack/claire/tmem_2026/data/cleaved_tmem_pld3_260821/d14/TMEM_KO/TMEMKO_Plate1_d14_TMEM561LAMP1640MAP2488DAPI405_C8_F4.nd2,12
11,11577,0,0.0,0.0,153.18795776367188,1773457.0,,0.0,-0.0015195572730076,True,,KO,C8,4.0,d14,Plate1,/Users/pmihack/claire/tmem_2026/data/cleaved_tmem_pld3_260821/d14/TMEM_KO/TMEMKO_Plate1_d14_TMEM561LAMP1640MAP2488DAPI405_C8_F4.nd2,12
12,22833,0,0.0,0.0,86.58792114257812,1977062.0,,0.0,-0.0085053234526741,True,,KO,C8,4.0,d14,Plate1,/Users/pmihack/claire/tmem_2026/data/cleaved_tmem_pld3_260821/d14/TMEM_KO/TMEMKO_Plate1_d14_TMEM561LAMP1640MAP2488DAPI405_C8_F4.nd2,12
13,14284,0,0.0,0.0,78.6592025756836,1123568.0,,0.0,-0.0345861297185338,True,,KO,C8,4.0,d14,Plate1,/Users/pmihack/claire/tmem_2026/data/cleaved_tmem_pld3_260821/d14/TMEM_KO/TMEMKO_Plate1_d14_TMEM561LAMP1640MAP2488DAPI405_C8_F4.nd2,12
14,10870,0,0.0,0.0,64.61177825927734,702330.0,,0.0,-0.0015291680267217,True,,KO,C8,4.0,d14,Plate1,/Users/pmihack/claire/tmem_2026/data/cleaved_tmem_pld3_260821/d14/TMEM_KO/TMEMKO_Plate1_d14_TMEM561LAMP1640MAP2488DAPI405_C8_F4.nd2,12
15,4264,0,0.0,0.0,82.8803939819336,353402.0,,0.0,0.1068655812179582,True,,KO,C8,4.0,d14,Plate1,/Users/pmihack/claire/tmem_2026/data/cleaved_tmem_pld3_260821/d14/TMEM_KO/TMEMKO_Plate1_d14_TMEM561LAMP1640MAP2488DAPI405_C8_F4.nd2,12
1,4636,0,0.0,0.0,1039.526123046875,4819243.0,,0.0064528807997703,0.0966003349890584,False,border,KO,D8,1.0,d14,Plate1,/Users/pmihack/claire/tmem_2026/data/cleaved_tmem_pld3_260821/d14/TMEM_KO/TMEMKO_Plate1_d14_TMEM561LAMP1640MAP2488DAPI405_D8_F1.nd2,13
2,11346,0,0.0,0.0,198.96527099609375,2257460.0,,0.0,0.3150043767035293,False,abnormal_nucleus,KO,D8,1.0,d14,Plate1,/Users/pmihack/claire/tmem_2026/data/cleaved_tmem_pld3_260821/d14/TMEM_KO/TMEMKO_Plate1_d14_TMEM561LAMP1640MAP2488DAPI405_D8_F1.nd2,13
3,11178,0,0.0,0.0,277.7480773925781,3104668.0,,0.0,0.1360519137090241,True,,KO,D8,1.0,d14,Plate1,/Users/pmihack/claire/tmem_2026/data/cleaved_tmem_pld3_260821/d14/TMEM_KO/TMEMKO_Plate1_d14_TMEM561LAMP1640MAP2488DAPI405_D8_F1.nd2,13
4,13717,3,0.0091856820004374,0.4898879999999999,598.162353515625,8204993.0,3.683402249207532,0.0,0.1693646914355673,True,,KO,D8,1.0,d14,Plate1,/Users/pmihack/claire/tmem_2026/data/cleaved_tmem_pld3_260821/d14/TMEM_KO/TMEMKO_Plate1_d14_TMEM561LAMP1640MAP2488DAPI405_D8_F1.nd2,13
5,13011,0,0.0,0.0,247.86949157714844,3225030.0,,0.0,0.2594459255095542,True,,KO,D8,1.0,d14,Plate1,/Users/pmihack/claire/tmem_2026/data/cleaved_tmem_pld3_260821/d14/TMEM_KO/TMEMKO_Plate1_d14_TMEM561LAMP1640MAP2488DAPI405_D8_F1.nd2,13
6,1296,0,0.0,0.0,200.8672790527344,260324.0,,0.0,-0.0490830920848221,False,size_outlier,KO,D8,1.0,d14,Plate1,/Users/pmihack/claire/tmem_2026/data/cleaved_tmem_pld3_260821/d14/TMEM_KO/TMEMKO_Plate1_d14_TMEM561LAMP1640MAP2488DAPI405_D8_F1.nd2,13
7,7863,0,0.0,0.0,202.8126678466797,1594716.0,,0.0,0.3060850354904222,True,,KO,D8,1.0,d14,Plate1,/Users/pmihack/claire/tmem_2026/data/cleaved_tmem_pld3_260821/d14/TMEM_KO/TMEMKO_Plate1_d14_TMEM561LAMP1640MAP2488DAPI405_D8_F1.nd2,13
8,14405,0,0.0,0.0,432.1802978515625,6225557.0,,0.0,0.1616643445772205,True,,KO,D8,1.0,d14,Plate1,/Users/pmihack/claire/tmem_2026/data/cleaved_tmem_pld3_260821/d14/TMEM_KO/TMEMKO_Plate1_d14_TMEM561LAMP1640MAP2488DAPI405_D8_F1.nd2,13
9,12557,0,0.0,0.0,315.3808898925781,3960238.0,,0.0,0.1885649456045244,True,,KO,D8,1.0,d14,Plate1,/Users/pmihack/claire/tmem_2026/data/cleaved_tmem_pld3_260821/d14/TMEM_KO/TMEMKO_Plate1_d14_TMEM561LAMP1640MAP2488DAPI405_D8_F1.nd2,13
10,10014,0,0.0,0.0,209.0408477783203,2093335.0,,0.0,0.014321947885311,True,,KO,D8,1.0,d14,Plate1,/Users/pmihack/claire/tmem_2026/data/cleaved_tmem_pld3_260821/d14/TMEM_KO/TMEMKO_Plate1_d14_TMEM561LAMP1640MAP2488DAPI405_D8_F1.nd2,13
11,13933,2,0.0074642934041484,0.606528,590.7008056640625,8230234.0,4.876868692692617,0.0,0.179583131298434,True,,KO,D8,1.0,d14,Plate1,/Users/pmihack/claire/tmem_2026/data/cleaved_tmem_pld3_260821/d14/TMEM_KO/TMEMKO_Plate1_d14_TMEM561LAMP1640MAP2488DAPI405_D8_F1.nd2,13
12,10483,2,0.0004769627015167,0.02916,455.0126953125,4769898.0,10.063228998991631,0.0036933703813701,0.1014360574030085,True,,KO,D8,1.0,d14,Plate1,/Users/pmihack/claire/tmem_2026/data/cleaved_tmem_pld3_260821/d14/TMEM_KO/TMEMKO_Plate1_d14_TMEM561LAMP1640MAP2488DAPI405_D8_F1.nd2,13
13,5999,0,0.0,0.0,170.3398895263672,1021869.0,,0.0010128499707207,-0.0183451680313396,True,,KO,D8,1.0,d14,Plate1,/Users/pmihack/claire/tmem_2026/data/cleaved_tmem_pld3_260821/d14/TMEM_KO/TMEMKO_Plate1_d14_TMEM561LAMP1640MAP2488DAPI405_D8_F1.nd2,13
1,16330,1,0.0004898958971218,0.0933119999999999,401.8157348632813,6561651.0,5.536705849982972,0.0,0.0397401215138226,True,,KO,D8,2.0,d14,Plate1,/Users/pmihack/claire/tmem_2026/data/cleaved_tmem_pld3_260821/d14/TMEM_KO/TMEMKO_Plate1_d14_TMEM561LAMP1640MAP2488DAPI405_D8_F2.nd2,15
2,16762,8,0.0070993914807302,0.173502,407.9638366699219,6838290.0,8.942096289874298,0.0,0.0852057353002845,True,,KO,D8,2.0,d14,Plate1,/Users/pmihack/claire/tmem_2026/data/cleaved_tmem_pld3_260821/d14/TMEM_KO/TMEMKO_Plate1_d14_TMEM561LAMP1640MAP2488DAPI405_D8_F2.nd2,15
3,20578,11,0.0090873748663621,0.198288,309.68267822265625,6372650.0,12.761404887508482,0.0,0.1746203307691916,True,,KO,D8,2.0,d14,Plate1,/Users/pmihack/claire/tmem_2026/data/cleaved_tmem_pld3_260821/d14/TMEM_KO/TMEMKO_Plate1_d14_TMEM561LAMP1640MAP2488DAPI405_D8_F2.nd2,15
4,14303,3,0.0011186464378102,0.0622079999999999,279.88232421875,4003157.0,9.141753534333589,0.0,0.1584053312534007,True,,KO,D8,2.0,d14,Plate1,/Users/pmihack/claire/tmem_2026/data/cleaved_tmem_pld3_260821/d14/TMEM_KO/TMEMKO_Plate1_d14_TMEM561LAMP1640MAP2488DAPI405_D8_F2.nd2,15
5,12136,0,0.0,0.0,278.796142578125,3383470.0,,0.0,0.2580244286126253,True,,KO,D8,2.0,d14,Plate1,/Users/pmihack/claire/tmem_2026/data/cleaved_tmem_pld3_260821/d14/TMEM_KO/TMEMKO_Plate1_d14_TMEM561LAMP1640MAP2488DAPI405_D8_F2.nd2,15
6,18627,8,0.0144414022655285,0.3922019999999999,491.22698974609375,9150085.0,8.73345118641567,0.0,0.0182199190905033,True,,KO,D8,2.0,d14,Plate1,/Users/pmihack/claire/tmem_2026/data/cleaved_tmem_pld3_260821/d14/TMEM_KO/TMEMKO_Plate1_d14_TMEM561LAMP1640MAP2488DAPI405_D8_F2.nd2,15
7,22756,10,0.0078660573035682,0.2087855999999999,342.9273681640625,7803655.0,5.566287858513323,0.0,0.3116944907296373,True,,KO,D8,2.0,d14,Plate1,/Users/pmihack/claire/tmem_2026/data/cleaved_tmem_pld3_260821/d14/TMEM_KO/TMEMKO_Plate1_d14_TMEM561LAMP1640MAP2488DAPI405_D8_F2.nd2,15
8,14461,0,0.0,0.0,17.272594451904297,249779.0,,0.0,0.0210040074297054,True,,KO,D8,2.0,d14,Plate1,/Users/pmihack/claire/tmem_2026/data/cleaved_tmem_pld3_260821/d14/TMEM_KO/TMEMKO_Plate1_d14_TMEM561LAMP1640MAP2488DAPI405_D8_F2.nd2,15
9,14779,3,0.0020975708775965,0.120528,364.7257690429687,5390282.0,6.927449837344281,0.0,0.2029606726198381,True,,KO,D8,2.0,d14,Plate1,/Users/pmihack/claire/tmem_2026/data/cleaved_tmem_pld3_260821/d14/TMEM_KO/TMEMKO_Plate1_d14_TMEM561LAMP1640MAP2488DAPI405_D8_F2.nd2,15
10,11599,4,0.0221570825071126,0.749412,477.3342590332031,5536600.0,9.124129444031563,0.0,0.086513781506295,True,,KO,D8,2.0,d14,Plate1,/Users/pmihack/claire/tmem_2026/data/cleaved_tmem_pld3_260821/d14/TMEM_KO/TMEMKO_Plate1_d14_TMEM561LAMP1640MAP2488DAPI405_D8_F2.nd2,15
11,15434,3,0.001360632370092,0.081648,371.5026550292969,5733772.0,9.87358053279038,7.84823641879484e-05,0.0074454872987909,True,,KO,D8,2.0,d14,Plate1,/Users/pmihack/claire/tmem_2026/data/cleaved_tmem_pld3_260821/d14/TMEM_KO/TMEMKO_Plate1_d14_TMEM561LAMP1640MAP2488DAPI405_D8_F2.nd2,15
12,16548,13,0.0119651921682378,0.1776516923076923,535.1082763671875,8854972.0,9.68068523361874,0.0,0.1494152895237697,True,,KO,D8,2.0,d14,Plate1,/Users/pmihack/claire/tmem_2026/data/cleaved_tmem_pld3_260821/d14/TMEM_KO/TMEMKO_Plate1_d14_TMEM561LAMP1640MAP2488DAPI405_D8_F2.nd2,15
13,6935,0,0.0,0.0,52.01268768310547,360708.0,,0.0080563779920339,0.0247474041348257,True,,KO,D8,2.0,d14,Plate1,/Users/pmihack/claire/tmem_2026/data/cleaved_tmem_pld3_260821/d14/TMEM_KO/TMEMKO_Plate1_d14_TMEM561LAMP1640MAP2488DAPI405_D8_F2.nd2,15
14,13596,15,0.0172844954398352,0.1827359999999999,499.149169921875,6786432.0,29.40340456845578,0.0,0.0847454477588745,True,,KO,D8,2.0,d14,Plate1,/Users/pmihack/claire/tmem_2026/data/cleaved_tmem_pld3_260821/d14/TMEM_KO/TMEMKO_Plate1_d14_TMEM561LAMP1640MAP2488DAPI405_D8_F2.nd2,15
15,14407,1,0.0009023391406954,0.151632,266.740966796875,3842937.0,7.677804758307346,0.0,0.1575115470715446,True,,KO,D8,2.0,d14,Plate1,/Users/pmihack/claire/tmem_2026/data/cleaved_tmem_pld3_260821/d14/TMEM_KO/TMEMKO_Plate1_d14_TMEM561LAMP1640MAP2488DAPI405_D8_F2.nd2,15
16,2338,0,0.0,0.0,78.16082000732422,182740.0,,0.0,-0.0551486305325519,True,,KO,D8,2.0,d14,Plate1,/Users/pmihack/claire/tmem_2026/data/cleaved_tmem_pld3_260821/d14/TMEM_KO/TMEMKO_Plate1_d14_TMEM561LAMP1640MAP2488DAPI405_D8_F2.nd2,15
17,12256,1,0.0006527415143603,0.0933119999999999,287.9817199707031,3529504.0,16.333642143468772,0.0,0.1120459127801606,True,,KO,D8,2.0,d14,Plate1,/Users/pmihack/claire/tmem_2026/data/cleaved_tmem_pld3_260821/d14/TMEM_KO/TMEMKO_Plate1_d14_TMEM561LAMP1640MAP2488DAPI405_D8_F2.nd2,15
18,16786,0,0.0,0.0,194.7582550048828,3269212.0,,0.0,0.109539981906611,True,,KO,D8,2.0,d14,Plate1,/Users/pmihack/claire/tmem_2026/data/cleaved_tmem_pld3_260821/d14/TMEM_KO/TMEMKO_Plate1_d14_TMEM561LAMP1640MAP2488DAPI405_D8_F2.nd2,15
19,12881,1,0.0005434360686282,0.081648,371.3068237304687,4782803.0,5.492143023176432,0.0,0.1577611780974926,True,,KO,D8,2.0,d14,Plate1,/Users/pmihack/claire/tmem_2026/data/cleaved_tmem_pld3_260821/d14/TMEM_KO/TMEMKO_Plate1_d14_TMEM561LAMP1640MAP2488DAPI405_D8_F2.nd2,15
20,2233,0,0.0,0.0,13.580385208129885,30325.0,,0.0,0.074186663133006,True,,KO,D8,2.0,d14,Plate1,/Users/pmihack/claire/tmem_2026/data/cleaved_tmem_pld3_260821/d14/TMEM_KO/TMEMKO_Plate1_d14_TMEM561LAMP1640MAP2488DAPI405_D8_F2.nd2,15
21,16123,1,0.0003721391800533,0.0699839999999999,217.80667114257812,3511697.0,23.8647173236022,0.0,0.2354366240552338,True,,KO,D8,2.0,d14,Plate1,/Users/pmihack/claire/tmem_2026/data/cleaved_tmem_pld3_260821/d14/TMEM_KO/TMEMKO_Plate1_d14_TMEM561LAMP1640MAP2488DAPI405_D8_F2.nd2,15
22,11530,6,0.0032957502168256,0.073872,595.41064453125,6865085.0,15.952261238598782,4.6175686293281615e-05,-0.0047255934728676,False,border,KO,D8,2.0,d14,Plate1,/Users/pmihack/claire/tmem_2026/data/cleaved_tmem_pld3_260821/d14/TMEM_KO/TMEMKO_Plate1_d14_TMEM561LAMP1640MAP2488DAPI405_D8_F2.nd2,15
23,9839,4,0.0055899989836365,0.16038,222.05824279785156,2184831.0,7.14508094571476,0.0,0.0208922173166642,False,border,KO,D8,2.0,d14,Plate1,/Users/pmihack/claire/tmem_2026/data/cleaved_tmem_pld3_260821/d14/TMEM_KO/TMEMKO_Plate1_d14_TMEM561LAMP1640MAP2488DAPI405_D8_F2.nd2,15
24,7464,1,0.0080385852090032,0.6998399999999999,338.3421630859375,2525386.0,7.350070262255633,0.0,0.0293951089948586,False,border,KO,D8,2.0,d14,Plate1,/Users/pmihack/claire/tmem_2026/data/cleaved_tmem_pld3_260821/d14/TMEM_KO/TMEMKO_Plate1_d14_TMEM561LAMP1640MAP2488DAPI405_D8_F2.nd2,15
1,21437,12,0.007137192704203,0.148716,205.9807281494141,4415609.0,0.87631540088732,0.0,0.0072241649182674,True,,KO,D8,3.0,d14,Plate1,/Users/pmihack/claire/tmem_2026/data/cleaved_tmem_pld3_260821/d14/TMEM_KO/TMEMKO_Plate1_d14_TMEM561LAMP1640MAP2488DAPI405_D8_F3.nd2,15
2,14329,21,0.0618326470793495,0.4921097142857142,502.5338745117187,7200808.0,0.6496312847044985,0.0,0.1069932422403695,False,border,KO,D8,3.0,d14,Plate1,/Users/pmihack/claire/tmem_2026/data/cleaved_tmem_pld3_260821/d14/TMEM_KO/TMEMKO_Plate1_d14_TMEM561LAMP1640MAP2488DAPI405_D8_F3.nd2,15
3,14285,16,0.0198109905495274,0.206307,362.8851318359375,5183814.0,8.149851012041731,0.0045553334057331,0.042935666688976,True,,KO,D8,3.0,d14,Plate1,/Users/pmihack/claire/tmem_2026/data/cleaved_tmem_pld3_260821/d14/TMEM_KO/TMEMKO_Plate1_d14_TMEM561LAMP1640MAP2488DAPI405_D8_F3.nd2,15
4,26708,13,0.0622285457540811,1.4911975384615384,401.9237060546875,10734578.0,6.216436786960332,0.0,0.1378216965076051,True,,KO,D8,3.0,d14,Plate1,/Users/pmihack/claire/tmem_2026/data/cleaved_tmem_pld3_260821/d14/TMEM_KO/TMEMKO_Plate1_d14_TMEM561LAMP1640MAP2488DAPI405_D8_F3.nd2,15
5,28973,21,0.0389327995029855,0.6265234285714285,274.0704040527344,7940642.0,6.7531845334399625,0.0,0.2631355117261113,True,,KO,D8,3.0,d14,Plate1,/Users/pmihack/claire/tmem_2026/data/cleaved_tmem_pld3_260821/d14/TMEM_KO/TMEMKO_Plate1_d14_TMEM561LAMP1640MAP2488DAPI405_D8_F3.nd2,15
6,11790,2,0.0053435114503816,0.3674159999999999,229.4697265625,2705448.0,8.24806927972105,0.0,0.1892913275739361,False,border,KO,D8,3.0,d14,Plate1,/Users/pmihack/claire/tmem_2026/data/cleaved_tmem_pld3_260821/d14/TMEM_KO/TMEMKO_Plate1_d14_TMEM561LAMP1640MAP2488DAPI405_D8_F3.nd2,15
7,22352,15,0.0117662848962061,0.2045088,236.9965057373047,5297346.0,6.411227958972506,0.0,0.2978541826248598,True,,KO,D8,3.0,d14,Plate1,/Users/pmihack/claire/tmem_2026/data/cleaved_tmem_pld3_260821/d14/TMEM_KO/TMEMKO_Plate1_d14_TMEM561LAMP1640MAP2488DAPI405_D8_F3.nd2,15
8,12837,20,0.0745501285347043,0.5581224,468.17333984375,6009941.0,14.91339297124437,0.0,0.2895997514999481,True,,KO,D8,3.0,d14,Plate1,/Users/pmihack/claire/tmem_2026/data/cleaved_tmem_pld3_260821/d14/TMEM_KO/TMEMKO_Plate1_d14_TMEM561LAMP1640MAP2488DAPI405_D8_F3.nd2,15
9,9163,12,0.0337225799410673,0.3003479999999999,462.8154602050781,4240778.0,30.684715834692454,0.0,0.0992077208936206,True,,KO,D8,3.0,d14,Plate1,/Users/pmihack/claire/tmem_2026/data/cleaved_tmem_pld3_260821/d14/TMEM_KO/TMEMKO_Plate1_d14_TMEM561LAMP1640MAP2488DAPI405_D8_F3.nd2,15
10,10604,5,0.0256506978498679,0.6345215999999999,349.39013671875,3704933.0,10.257663714311098,0.0,0.1526205076084917,True,,KO,D8,3.0,d14,Plate1,/Users/pmihack/claire/tmem_2026/data/cleaved_tmem_pld3_260821/d14/TMEM_KO/TMEMKO_Plate1_d14_TMEM561LAMP1640MAP2488DAPI405_D8_F3.nd2,15
11,7487,10,0.0283157472953118,0.2472767999999999,587.5508422851562,4398993.0,14.934109301734852,0.0,0.0586399752385745,True,,KO,D8,3.0,d14,Plate1,/Users/pmihack/claire/tmem_2026/data/cleaved_tmem_pld3_260821/d14/TMEM_KO/TMEMKO_Plate1_d14_TMEM561LAMP1640MAP2488DAPI405_D8_F3.nd2,15
1,15005,0,0.0,0.0,212.1630096435547,3183506.0,,6.313793710432947e-05,-0.0274797762778987,True,,KO,D8,4.0,d14,Plate1,/Users/pmihack/claire/tmem_2026/data/cleaved_tmem_pld3_260821/d14/TMEM_KO/TMEMKO_Plate1_d14_TMEM561LAMP1640MAP2488DAPI405_D8_F4.nd2,12
2,12124,0,0.0,0.0,144.16116333007812,1747810.0,,0.0,0.0376520614022174,True,,KO,D8,4.0,d14,Plate1,/Users/pmihack/claire/tmem_2026/data/cleaved_tmem_pld3_260821/d14/TMEM_KO/TMEMKO_Plate1_d14_TMEM561LAMP1640MAP2488DAPI405_D8_F4.nd2,12
3,14097,0,0.0,0.0,217.7760467529297,3069989.0,,0.0,0.1257347169174504,True,,KO,D8,4.0,d14,Plate1,/Users/pmihack/claire/tmem_2026/data/cleaved_tmem_pld3_260821/d14/TMEM_KO/TMEMKO_Plate1_d14_TMEM561LAMP1640MAP2488DAPI405_D8_F4.nd2,12
4,12059,0,0.0,0.0,444.869140625,5364677.0,,0.0,0.2090056879748637,True,,KO,D8,4.0,d14,Plate1,/Users/pmihack/claire/tmem_2026/data/cleaved_tmem_pld3_260821/d14/TMEM_KO/TMEMKO_Plate1_d14_TMEM561LAMP1640MAP2488DAPI405_D8_F4.nd2,12
5,10175,1,0.0019656019656019,0.23328,115.77287292480467,1177989.0,12.97039403494592,0.0,0.0032736905950994,True,,KO,D8,4.0,d14,Plate1,/Users/pmihack/claire/tmem_2026/data/cleaved_tmem_pld3_260821/d14/TMEM_KO/TMEMKO_Plate1_d14_TMEM561LAMP1640MAP2488DAPI405_D8_F4.nd2,12
6,11869,0,0.0,0.0,251.13185119628903,2980684.0,,0.0,0.0304655366250343,True,,KO,D8,4.0,d14,Plate1,/Users/pmihack/claire/tmem_2026/data/cleaved_tmem_pld3_260821/d14/TMEM_KO/TMEMKO_Plate1_d14_TMEM561LAMP1640MAP2488DAPI405_D8_F4.nd2,12
7,13382,2,0.0007472724555372,0.05832,718.570556640625,9615911.0,10.25677591324474,0.0,0.1487208743585283,True,,KO,D8,4.0,d14,Plate1,/Users/pmihack/claire/tmem_2026/data/cleaved_tmem_pld3_260821/d14/TMEM_KO/TMEMKO_Plate1_d14_TMEM561LAMP1640MAP2488DAPI405_D8_F4.nd2,12
8,6971,0,0.0,0.0,319.4682312011719,2227013.0,,0.0,0.0574561142771527,True,,KO,D8,4.0,d14,Plate1,/Users/pmihack/claire/tmem_2026/data/cleaved_tmem_pld3_260821/d14/TMEM_KO/TMEMKO_Plate1_d14_TMEM561LAMP1640MAP2488DAPI405_D8_F4.nd2,12
9,14735,0,0.0,0.0,290.3526916503906,4278347.0,,0.0,0.2679278054197719,True,,KO,D8,4.0,d14,Plate1,/Users/pmihack/claire/tmem_2026/data/cleaved_tmem_pld3_260821/d14/TMEM_KO/TMEMKO_Plate1_d14_TMEM561LAMP1640MAP2488DAPI405_D8_F4.nd2,12
10,10478,1,0.0015270089711777,0.1866239999999999,538.0181274414062,5637354.0,23.115367237444666,0.0,0.1190614388453265,True,,KO,D8,4.0,d14,Plate1,/Users/pmihack/claire/tmem_2026/data/cleaved_tmem_pld3_260821/d14/TMEM_KO/TMEMKO_Plate1_d14_TMEM561LAMP1640MAP2488DAPI405_D8_F4.nd2,12
11,12839,0,0.0,0.0,466.5600891113281,5990165.0,,0.0,0.2888958721907422,True,,KO,D8,4.0,d14,Plate1,/Users/pmihack/claire/tmem_2026/data/cleaved_tmem_pld3_260821/d14/TMEM_KO/TMEMKO_Plate1_d14_TMEM561LAMP1640MAP2488DAPI405_D8_F4.nd2,12
12,5378,0,0.0,0.0,403.3257751464844,2169086.0,,0.0,0.0908349233487578,True,,KO,D8,4.0,d14,Plate1,/Users/pmihack/claire/tmem_2026/data/cleaved_tmem_pld3_260821/d14/TMEM_KO/TMEMKO_Plate1_d14_TMEM561LAMP1640MAP2488DAPI405_D8_F4.nd2,12
13,16322,2,0.0018380100477882,0.1749599999999999,350.9743957519531,5728604.0,13.489896669171248,0.0,0.1952669812090278,True,,KO,D8,4.0,d14,Plate1,/Users/pmihack/claire/tmem_2026/data/cleaved_tmem_pld3_260821/d14/TMEM_KO/TMEMKO_Plate1_d14_TMEM561LAMP1640MAP2488DAPI405_D8_F4.nd2,12
14,18840,1,0.0001592356687898,0.0349919999999999,269.3822326660156,5075161.0,14.178203677216407,0.0,0.2614092114325255,True,,KO,D8,4.0,d14,Plate1,/Users/pmihack/claire/tmem_2026/data/cleaved_tmem_pld3_260821/d14/TMEM_KO/TMEMKO_Plate1_d14_TMEM561LAMP1640MAP2488DAPI405_D8_F4.nd2,12
15,16151,0,0.0,0.0,187.8983917236328,3034747.0,,0.0,0.0852034394132273,True,,KO,D8,4.0,d14,Plate1,/Users/pmihack/claire/tmem_2026/data/cleaved_tmem_pld3_260821/d14/TMEM_KO/TMEMKO_Plate1_d14_TMEM561LAMP1640MAP2488DAPI405_D8_F4.nd2,12
16,13904,0,0.0,0.0,665.4605712890625,9252564.0,,0.0,0.3522938238424805,True,,KO,D8,4.0,d14,Plate1,/Users/pmihack/claire/tmem_2026/data/cleaved_tmem_pld3_260821/d14/TMEM_KO/TMEMKO_Plate1_d14_TMEM561LAMP1640MAP2488DAPI405_D8_F4.nd2,12
17,15176,0,0.0,0.0,218.4054412841797,3314521.0,,0.0,0.2209859995088197,True,,KO,D8,4.0,d14,Plate1,/Users/pmihack/claire/tmem_2026/data/cleaved_tmem_pld3_260821/d14/TMEM_KO/TMEMKO_Plate1_d14_TMEM561LAMP1640MAP2488DAPI405_D8_F4.nd2,12
18,17065,0,0.0,0.0,219.63270568847656,3748032.0,,0.0,-0.0011207587703353,True,,KO,D8,4.0,d14,Plate1,/Users/pmihack/claire/tmem_2026/data/cleaved_tmem_pld3_260821/d14/TMEM_KO/TMEMKO_Plate1_d14_TMEM561LAMP1640MAP2488DAPI405_D8_F4.nd2,12
19,10455,0,0.0,0.0,387.5634765625,4051976.0,,0.0,0.2917784600316927,False,border,KO,D8,4.0,d14,Plate1,/Users/pmihack/claire/tmem_2026/data/cleaved_tmem_pld3_260821/d14/TMEM_KO/TMEMKO_Plate1_d14_TMEM561LAMP1640MAP2488DAPI405_D8_F4.nd2,12
1,11565,0,0.0,0.0,43.13264083862305,498829.0,,0.0,0.0081368631638268,True,,KO,E8,1.0,d14,Plate1,/Users/pmihack/claire/tmem_2026/data/cleaved_tmem_pld3_260821/d14/TMEM_KO/TMEMKO_Plate1_d14_TMEM561LAMP1640MAP2488DAPI405_E8_F1.nd2,10
2,25707,0,0.0,0.0,72.8558349609375,1872905.0,,0.0,0.1761656794727403,True,,KO,E8,1.0,d14,Plate1,/Users/pmihack/claire/tmem_2026/data/cleaved_tmem_pld3_260821/d14/TMEM_KO/TMEMKO_Plate1_d14_TMEM561LAMP1640MAP2488DAPI405_E8_F1.nd2,10
3,25819,1,0.0001936558348503,0.05832,49.70401763916016,1283308.0,3.940924369079772,0.0,-0.0050139273034296,False,abnormal_nucleus,KO,E8,1.0,d14,Plate1,/Users/pmihack/claire/tmem_2026/data/cleaved_tmem_pld3_260821/d14/TMEM_KO/TMEMKO_Plate1_d14_TMEM561LAMP1640MAP2488DAPI405_E8_F1.nd2,10
4,3555,0,0.0,0.0,123.16567993164062,437854.0,,0.0,0.00260818433862,True,,KO,E8,1.0,d14,Plate1,/Users/pmihack/claire/tmem_2026/data/cleaved_tmem_pld3_260821/d14/TMEM_KO/TMEMKO_Plate1_d14_TMEM561LAMP1640MAP2488DAPI405_E8_F1.nd2,10
5,11943,0,0.0,0.0,76.10189819335938,908885.0,,0.0,-0.0181772392546906,True,,KO,E8,1.0,d14,Plate1,/Users/pmihack/claire/tmem_2026/data/cleaved_tmem_pld3_260821/d14/TMEM_KO/TMEMKO_Plate1_d14_TMEM561LAMP1640MAP2488DAPI405_E8_F1.nd2,10
6,11794,0,0.0,0.0,47.68000793457031,562338.0,,0.0,0.0054135109274032,True,,KO,E8,1.0,d14,Plate1,/Users/pmihack/claire/tmem_2026/data/cleaved_tmem_pld3_260821/d14/TMEM_KO/TMEMKO_Plate1_d14_TMEM561LAMP1640MAP2488DAPI405_E8_F1.nd2,10
7,11443,0,0.0,0.0,149.3284149169922,1708765.0,,0.0,-0.01489577025145,True,,KO,E8,1.0,d14,Plate1,/Users/pmihack/claire/tmem_2026/data/cleaved_tmem_pld3_260821/d14/TMEM_KO/TMEMKO_Plate1_d14_TMEM561LAMP1640MAP2488DAPI405_E8_F1.nd2,10
8,16747,0,0.0,0.0,174.19287109375,2917208.0,,0.0,0.110963046354982,True,,KO,E8,1.0,d14,Plate1,/Users/pmihack/claire/tmem_2026/data/cleaved_tmem_pld3_260821/d14/TMEM_KO/TMEMKO_Plate1_d14_TMEM561LAMP1640MAP2488DAPI405_E8_F1.nd2,10
9,11854,0,0.0,0.0,266.57550048828125,3159986.0,,0.0,0.241180590906652,True,,KO,E8,1.0,d14,Plate1,/Users/pmihack/claire/tmem_2026/data/cleaved_tmem_pld3_260821/d14/TMEM_KO/TMEMKO_Plate1_d14_TMEM561LAMP1640MAP2488DAPI405_E8_F1.nd2,10
10,9211,0,0.0,0.0,40.658451080322266,374505.0,,0.0,0.1027717007689043,True,,KO,E8,1.0,d14,Plate1,/Users/pmihack/claire/tmem_2026/data/cleaved_tmem_pld3_260821/d14/TMEM_KO/TMEMKO_Plate1_d14_TMEM561LAMP1640MAP2488DAPI405_E8_F1.nd2,10
11,23095,0,0.0,0.0,225.7243499755859,5213104.0,,0.0,0.2685149064311926,True,,KO,E8,1.0,d14,Plate1,/Users/pmihack/claire/tmem_2026/data/cleaved_tmem_pld3_260821/d14/TMEM_KO/TMEMKO_Plate1_d14_TMEM561LAMP1640MAP2488DAPI405_E8_F1.nd2,10
12,9127,0,0.0,0.0,375.5596618652344,3427733.0,,0.0,0.2800816968990447,True,,KO,E8,1.0,d14,Plate1,/Users/pmihack/claire/tmem_2026/data/cleaved_tmem_pld3_260821/d14/TMEM_KO/TMEMKO_Plate1_d14_TMEM561LAMP1640MAP2488DAPI405_E8_F1.nd2,10
1,5878,0,0.0,0.0,190.80230712890625,1121536.0,,0.0,0.0544766921907469,True,,KO,E8,2.0,d14,Plate1,/Users/pmihack/claire/tmem_2026/data/cleaved_tmem_pld3_260821/d14/TMEM_KO/TMEMKO_Plate1_d14_TMEM561LAMP1640MAP2488DAPI405_E8_F2.nd2,16
2,11931,1,0.0018439359651328,0.256608,92.74637603759766,1106557.0,0.7360867875279682,0.0,-0.0596809400934976,True,,KO,E8,2.0,d14,Plate1,/Users/pmihack/claire/tmem_2026/data/cleaved_tmem_pld3_260821/d14/TMEM_KO/TMEMKO_Plate1_d14_TMEM561LAMP1640MAP2488DAPI405_E8_F2.nd2,16
3,17919,0,0.0,0.0,72.08867645263672,1291757.0,,0.0,0.0310786934981509,True,,KO,E8,2.0,d14,Plate1,/Users/pmihack/claire/tmem_2026/data/cleaved_tmem_pld3_260821/d14/TMEM_KO/TMEMKO_Plate1_d14_TMEM561LAMP1640MAP2488DAPI405_E8_F2.nd2,16
4,18323,2,0.0027833869999454,0.297432,142.62232971191406,2613269.0,11.412119199032562,0.0,0.0387033105636751,True,,KO,E8,2.0,d14,Plate1,/Users/pmihack/claire/tmem_2026/data/cleaved_tmem_pld3_260821/d14/TMEM_KO/TMEMKO_Plate1_d14_TMEM561LAMP1640MAP2488DAPI405_E8_F2.nd2,16
5,9681,0,0.0,0.0,72.45160675048828,701404.0,,0.0,0.1459635235068181,True,,KO,E8,2.0,d14,Plate1,/Users/pmihack/claire/tmem_2026/data/cleaved_tmem_pld3_260821/d14/TMEM_KO/TMEMKO_Plate1_d14_TMEM561LAMP1640MAP2488DAPI405_E8_F2.nd2,16
6,1353,0,0.0,0.0,13.992609024047852,18932.0,,0.0,0.0944940286138498,False,size_outlier,KO,E8,2.0,d14,Plate1,/Users/pmihack/claire/tmem_2026/data/cleaved_tmem_pld3_260821/d14/TMEM_KO/TMEMKO_Plate1_d14_TMEM561LAMP1640MAP2488DAPI405_E8_F2.nd2,16
7,14635,3,0.0021865391185514,0.1244159999999999,144.57814025878906,2115901.0,0.7522915202498381,0.0,0.0256832300151331,True,,KO,E8,2.0,d14,Plate1,/Users/pmihack/claire/tmem_2026/data/cleaved_tmem_pld3_260821/d14/TMEM_KO/TMEMKO_Plate1_d14_TMEM561LAMP1640MAP2488DAPI405_E8_F2.nd2,16
8,4922,0,0.0,0.0,9.127387046813965,44925.0,,0.0,0.0155930142485917,True,,KO,E8,2.0,d14,Plate1,/Users/pmihack/claire/tmem_2026/data/cleaved_tmem_pld3_260821/d14/TMEM_KO/TMEMKO_Plate1_d14_TMEM561LAMP1640MAP2488DAPI405_E8_F2.nd2,16
9,18074,1,0.0009405776253181,0.198288,90.04930114746094,1627551.0,8.345951346678712,0.0,0.0023314016176414,True,,KO,E8,2.0,d14,Plate1,/Users/pmihack/claire/tmem_2026/data/cleaved_tmem_pld3_260821/d14/TMEM_KO/TMEMKO_Plate1_d14_TMEM561LAMP1640MAP2488DAPI405_E8_F2.nd2,16
10,9438,4,0.0041322314049586,0.1137239999999999,219.6042633056641,2072625.0,11.52740782442801,0.0,0.0863503162607502,True,,KO,E8,2.0,d14,Plate1,/Users/pmihack/claire/tmem_2026/data/cleaved_tmem_pld3_260821/d14/TMEM_KO/TMEMKO_Plate1_d14_TMEM561LAMP1640MAP2488DAPI405_E8_F2.nd2,16
11,10199,6,0.0074517109520541,0.147744,312.57281494140625,3187930.0,0.6446737146675884,0.0,-0.0171972106154638,True,,KO,E8,2.0,d14,Plate1,/Users/pmihack/claire/tmem_2026/data/cleaved_tmem_pld3_260821/d14/TMEM_KO/TMEMKO_Plate1_d14_TMEM561LAMP1640MAP2488DAPI405_E8_F2.nd2,16
12,16752,6,0.0047158548233046,0.153576,214.35159301757812,3590818.0,3.2228083564235575,0.0,-0.0224984528446106,True,,KO,E8,2.0,d14,Plate1,/Users/pmihack/claire/tmem_2026/data/cleaved_tmem_pld3_260821/d14/TMEM_KO/TMEMKO_Plate1_d14_TMEM561LAMP1640MAP2488DAPI405_E8_F2.nd2,16
13,12454,1,0.0008832503613296,0.128304,156.68516540527344,1951357.0,5.169862599031407,0.0,0.0578032237997981,True,,KO,E8,2.0,d14,Plate1,/Users/pmihack/claire/tmem_2026/data/cleaved_tmem_pld3_260821/d14/TMEM_KO/TMEMKO_Plate1_d14_TMEM561LAMP1640MAP2488DAPI405_E8_F2.nd2,16
14,10806,12,0.0365537664260596,0.3839399999999999,363.61529541015625,3929227.0,0.763609522540175,0.0,-0.0263243499823231,True,,KO,E8,2.0,d14,Plate1,/Users/pmihack/claire/tmem_2026/data/cleaved_tmem_pld3_260821/d14/TMEM_KO/TMEMKO_Plate1_d14_TMEM561LAMP1640MAP2488DAPI405_E8_F2.nd2,16
15,2356,0,0.0,0.0,21.800508499145508,51362.0,,0.0,0.2472151194760556,True,,KO,E8,2.0,d14,Plate1,/Users/pmihack/claire/tmem_2026/data/cleaved_tmem_pld3_260821/d14/TMEM_KO/TMEMKO_Plate1_d14_TMEM561LAMP1640MAP2488DAPI405_E8_F2.nd2,16
16,11184,0,0.0,0.0,60.00062561035156,671047.0,,0.0,-0.007171566752523,True,,KO,E8,2.0,d14,Plate1,/Users/pmihack/claire/tmem_2026/data/cleaved_tmem_pld3_260821/d14/TMEM_KO/TMEMKO_Plate1_d14_TMEM561LAMP1640MAP2488DAPI405_E8_F2.nd2,16
17,24216,1,0.0052444664684506,1.481328,144.76454162597656,3505618.0,5.785862271188412,0.0,0.3747098053240761,True,,KO,E8,2.0,d14,Plate1,/Users/pmihack/claire/tmem_2026/data/cleaved_tmem_pld3_260821/d14/TMEM_KO/TMEMKO_Plate1_d14_TMEM561LAMP1640MAP2488DAPI405_E8_F2.nd2,16
18,10792,1,0.0005559673832468,0.0699839999999999,137.7509307861328,1486608.0,7.682120990680017,0.0,0.0212775487115906,True,,KO,E8,2.0,d14,Plate1,/Users/pmihack/claire/tmem_2026/data/cleaved_tmem_pld3_260821/d14/TMEM_KO/TMEMKO_Plate1_d14_TMEM561LAMP1640MAP2488DAPI405_E8_F2.nd2,16
19,6834,0,0.0,0.0,62.07462692260742,424218.0,,0.0,-0.0739909840653352,False,border,KO,E8,2.0,d14,Plate1,/Users/pmihack/claire/tmem_2026/data/cleaved_tmem_pld3_260821/d14/TMEM_KO/TMEMKO_Plate1_d14_TMEM561LAMP1640MAP2488DAPI405_E8_F2.nd2,16
1,5790,0,0.0,0.0,13.366494178771973,77392.0,,0.0,0.0552227655861165,True,,KO,E8,3.0,d14,Plate1,/Users/pmihack/claire/tmem_2026/data/cleaved_tmem_pld3_260821/d14/TMEM_KO/TMEMKO_Plate1_d14_TMEM561LAMP1640MAP2488DAPI405_E8_F3.nd2,12
2,16076,8,0.0125653147549141,0.294516,298.0996398925781,4792250.0,0.5601211441989785,0.0,0.0438842055392349,True,,KO,E8,3.0,d14,Plate1,/Users/pmihack/claire/tmem_2026/data/cleaved_tmem_pld3_260821/d14/TMEM_KO/TMEMKO_Plate1_d14_TMEM561LAMP1640MAP2488DAPI405_E8_F3.nd2,12
3,2393,2,0.0246552444630171,0.3440879999999999,434.1349792480469,1038885.0,29.754867126916473,0.0,0.3337273343660945,True,,KO,E8,3.0,d14,Plate1,/Users/pmihack/claire/tmem_2026/data/cleaved_tmem_pld3_260821/d14/TMEM_KO/TMEMKO_Plate1_d14_TMEM561LAMP1640MAP2488DAPI405_E8_F3.nd2,12
4,18006,1,0.0003332222592469,0.0699839999999999,206.2635803222656,3713982.0,17.440470937879287,0.0,0.0739853578055894,True,,KO,E8,3.0,d14,Plate1,/Users/pmihack/claire/tmem_2026/data/cleaved_tmem_pld3_260821/d14/TMEM_KO/TMEMKO_Plate1_d14_TMEM561LAMP1640MAP2488DAPI405_E8_F3.nd2,12
5,12924,1,0.0047972763850201,0.7231679999999999,279.66448974609375,3614384.0,5.667901661227942,0.0,0.0827934656335426,True,,KO,E8,3.0,d14,Plate1,/Users/pmihack/claire/tmem_2026/data/cleaved_tmem_pld3_260821/d14/TMEM_KO/TMEMKO_Plate1_d14_TMEM561LAMP1640MAP2488DAPI405_E8_F3.nd2,12
6,11546,0,0.0,0.0,227.36073303222656,2625107.0,,0.0,-0.00443827631581,True,,KO,E8,3.0,d14,Plate1,/Users/pmihack/claire/tmem_2026/data/cleaved_tmem_pld3_260821/d14/TMEM_KO/TMEMKO_Plate1_d14_TMEM561LAMP1640MAP2488DAPI405_E8_F3.nd2,12
7,13296,0,0.0,0.0,153.05844116210938,2035065.0,,0.0,0.0204402379333095,True,,KO,E8,3.0,d14,Plate1,/Users/pmihack/claire/tmem_2026/data/cleaved_tmem_pld3_260821/d14/TMEM_KO/TMEMKO_Plate1_d14_TMEM561LAMP1640MAP2488DAPI405_E8_F3.nd2,12
8,10230,0,0.0,0.0,325.144775390625,3326231.0,,0.0,0.1698551288796381,True,,KO,E8,3.0,d14,Plate1,/Users/pmihack/claire/tmem_2026/data/cleaved_tmem_pld3_260821/d14/TMEM_KO/TMEMKO_Plate1_d14_TMEM561LAMP1640MAP2488DAPI405_E8_F3.nd2,12
9,3985,0,0.0,0.0,17.610036849975586,70176.0,,0.0,0.1615719931410099,True,,KO,E8,3.0,d14,Plate1,/Users/pmihack/claire/tmem_2026/data/cleaved_tmem_pld3_260821/d14/TMEM_KO/TMEMKO_Plate1_d14_TMEM561LAMP1640MAP2488DAPI405_E8_F3.nd2,12
10,13510,0,0.0,0.0,155.45396423339844,2100183.0,,0.0,-0.0073086009421965,True,,KO,E8,3.0,d14,Plate1,/Users/pmihack/claire/tmem_2026/data/cleaved_tmem_pld3_260821/d14/TMEM_KO/TMEMKO_Plate1_d14_TMEM561LAMP1640MAP2488DAPI405_E8_F3.nd2,12
11,5534,0,0.0,0.0,64.628662109375,357655.0,,0.0,-0.0564523298577326,True,,KO,E8,3.0,d14,Plate1,/Users/pmihack/claire/tmem_2026/data/cleaved_tmem_pld3_260821/d14/TMEM_KO/TMEMKO_Plate1_d14_TMEM561LAMP1640MAP2488DAPI405_E8_F3.nd2,12
12,12505,1,0.0003998400639744,0.05832,137.99472045898438,1725624.0,15.11217192191937,0.0,0.0201210078096155,True,,KO,E8,3.0,d14,Plate1,/Users/pmihack/claire/tmem_2026/data/cleaved_tmem_pld3_260821/d14/TMEM_KO/TMEMKO_Plate1_d14_TMEM561LAMP1640MAP2488DAPI405_E8_F3.nd2,12
13,12425,2,0.0016096579476861,0.11664,231.6115875244141,2877774.0,10.917833168225853,0.0,0.0549308513440606,True,,KO,E8,3.0,d14,Plate1,/Users/pmihack/claire/tmem_2026/data/cleaved_tmem_pld3_260821/d14/TMEM_KO/TMEMKO_Plate1_d14_TMEM561LAMP1640MAP2488DAPI405_E8_F3.nd2,12
14,14352,0,0.0,0.0,115.5967788696289,1659045.0,,0.0,0.1470325216095431,True,,KO,E8,3.0,d14,Plate1,/Users/pmihack/claire/tmem_2026/data/cleaved_tmem_pld3_260821/d14/TMEM_KO/TMEMKO_Plate1_d14_TMEM561LAMP1640MAP2488DAPI405_E8_F3.nd2,12
15,16262,0,0.0,0.0,103.06561279296876,1676053.0,,0.0,-0.0259063893423381,True,,KO,E8,3.0,d14,Plate1,/Users/pmihack/claire/tmem_2026/data/cleaved_tmem_pld3_260821/d14/TMEM_KO/TMEMKO_Plate1_d14_TMEM561LAMP1640MAP2488DAPI405_E8_F3.nd2,12
16,10967,0,0.0,0.0,43.39035415649414,475862.0,,0.0,0.0030615608362742,True,,KO,E8,3.0,d14,Plate1,/Users/pmihack/claire/tmem_2026/data/cleaved_tmem_pld3_260821/d14/TMEM_KO/TMEMKO_Plate1_d14_TMEM561LAMP1640MAP2488DAPI405_E8_F3.nd2,12
1,10492,10,0.0105794891345787,0.1294703999999999,307.216552734375,3223316.0,0.4991788388034442,0.0,0.1064215313514978,True,,KO,E8,4.0,d14,Plate1,/Users/pmihack/claire/tmem_2026/data/cleaved_tmem_pld3_260821/d14/TMEM_KO/TMEMKO_Plate1_d14_TMEM561LAMP1640MAP2488DAPI405_E8_F4.nd2,15
2,20680,21,0.0601063829787234,0.6903977142857142,439.428955078125,9087391.0,0.6223280574636717,0.0,0.0045835377315272,True,,KO,E8,4.0,d14,Plate1,/Users/pmihack/claire/tmem_2026/data/cleaved_tmem_pld3_260821/d14/TMEM_KO/TMEMKO_Plate1_d14_TMEM561LAMP1640MAP2488DAPI405_E8_F4.nd2,15
3,16331,9,0.064417365746127,1.363392,536.9125366210938,8768319.0,0.8504337777638967,0.0,0.1075953265168474,True,,KO,E8,4.0,d14,Plate1,/Users/pmihack/claire/tmem_2026/data/cleaved_tmem_pld3_260821/d14/TMEM_KO/TMEMKO_Plate1_d14_TMEM561LAMP1640MAP2488DAPI405_E8_F4.nd2,15
4,14317,13,0.0519661940350632,0.6675396923076923,390.0724182128906,5584667.0,0.8161679275757361,0.0,-0.0019454644819816,True,,KO,E8,4.0,d14,Plate1,/Users/pmihack/claire/tmem_2026/data/cleaved_tmem_pld3_260821/d14/TMEM_KO/TMEMKO_Plate1_d14_TMEM561LAMP1640MAP2488DAPI405_E8_F4.nd2,15
5,17577,5,0.0018205609603459,0.0746496,226.0504608154297,3973289.0,1.1544709582534525,0.0,0.1075121085397759,True,,KO,E8,4.0,d14,Plate1,/Users/pmihack/claire/tmem_2026/data/cleaved_tmem_pld3_260821/d14/TMEM_KO/TMEMKO_Plate1_d14_TMEM561LAMP1640MAP2488DAPI405_E8_F4.nd2,15
6,11244,10,0.048025613660619,0.629856,507.2008056640625,5702966.0,16.17724196885158,0.0,0.2182630335868556,True,,KO,E8,4.0,d14,Plate1,/Users/pmihack/claire/tmem_2026/data/cleaved_tmem_pld3_260821/d14/TMEM_KO/TMEMKO_Plate1_d14_TMEM561LAMP1640MAP2488DAPI405_E8_F4.nd2,15
7,8601,13,0.1234740146494593,0.9528590769230768,874.2177734375,7519147.0,2.3558867176484677,0.0,0.0009357280612637,True,,KO,E8,4.0,d14,Plate1,/Users/pmihack/claire/tmem_2026/data/cleaved_tmem_pld3_260821/d14/TMEM_KO/TMEMKO_Plate1_d14_TMEM561LAMP1640MAP2488DAPI405_E8_F4.nd2,15
8,16752,15,0.0156399235912129,0.2037311999999999,293.7821044921875,4921438.0,7.728368125593751,0.0,0.1805652708901768,True,,KO,E8,4.0,d14,Plate1,/Users/pmihack/claire/tmem_2026/data/cleaved_tmem_pld3_260821/d14/TMEM_KO/TMEMKO_Plate1_d14_TMEM561LAMP1640MAP2488DAPI405_E8_F4.nd2,15
9,3120,2,0.0025641025641025,0.0466559999999999,82.38301086425781,257035.0,47.17863601738816,0.0,-0.0015895441861517,True,,KO,E8,4.0,d14,Plate1,/Users/pmihack/claire/tmem_2026/data/cleaved_tmem_pld3_260821/d14/TMEM_KO/TMEMKO_Plate1_d14_TMEM561LAMP1640MAP2488DAPI405_E8_F4.nd2,15
10,2317,7,0.139835994820889,0.5398765714285714,958.2421264648438,2220247.0,13.681398631471415,0.0,0.1538802961993483,True,,KO,E8,4.0,d14,Plate1,/Users/pmihack/claire/tmem_2026/data/cleaved_tmem_pld3_260821/d14/TMEM_KO/TMEMKO_Plate1_d14_TMEM561LAMP1640MAP2488DAPI405_E8_F4.nd2,15
11,25767,24,0.0480847595762021,0.602154,395.8285827636719,10199315.0,4.661581080225233,0.0,0.0050689021841763,True,,KO,E8,4.0,d14,Plate1,/Users/pmihack/claire/tmem_2026/data/cleaved_tmem_pld3_260821/d14/TMEM_KO/TMEMKO_Plate1_d14_TMEM561LAMP1640MAP2488DAPI405_E8_F4.nd2,15
12,2684,2,0.003725782414307,0.05832,551.9989013671875,1481565.0,,0.0,0.0127951447843916,True,,KO,E8,4.0,d14,Plate1,/Users/pmihack/claire/tmem_2026/data/cleaved_tmem_pld3_260821/d14/TMEM_KO/TMEMKO_Plate1_d14_TMEM561LAMP1640MAP2488DAPI405_E8_F4.nd2,15
13,8964,6,0.0163989290495314,0.2857679999999999,402.3528442382813,3606691.0,,0.0,0.112459356743546,True,,KO,E8,4.0,d14,Plate1,/Users/pmihack/claire/tmem_2026/data/cleaved_tmem_pld3_260821/d14/TMEM_KO/TMEMKO_Plate1_d14_TMEM561LAMP1640MAP2488DAPI405_E8_F4.nd2,15
14,6150,17,0.0435772357723577,0.1838795294117647,663.7066650390625,4081796.0,,0.0,0.0598746516365848,True,,KO,E8,4.0,d14,Plate1,/Users/pmihack/claire/tmem_2026/data/cleaved_tmem_pld3_260821/d14/TMEM_KO/TMEMKO_Plate1_d14_TMEM561LAMP1640MAP2488DAPI405_E8_F4.nd2,15
1,9318,0,0.0,0.0,242.7985687255859,2262397.0,,0.0,-0.0820113368442201,True,,KO,F8,1.0,d14,Plate1,/Users/pmihack/claire/tmem_2026/data/cleaved_tmem_pld3_260821/d14/TMEM_KO/TMEMKO_Plate1_d14_TMEM561LAMP1640MAP2488DAPI405_F8_F1.nd2,13
2,10388,0,0.0,0.0,336.3136291503906,3493626.0,,0.0,-0.0755327400628053,True,,KO,F8,1.0,d14,Plate1,/Users/pmihack/claire/tmem_2026/data/cleaved_tmem_pld3_260821/d14/TMEM_KO/TMEMKO_Plate1_d14_TMEM561LAMP1640MAP2488DAPI405_F8_F1.nd2,13
3,6853,0,0.0,0.0,159.634033203125,1093972.0,,0.0079718679189682,0.0454165236786305,True,,KO,F8,1.0,d14,Plate1,/Users/pmihack/claire/tmem_2026/data/cleaved_tmem_pld3_260821/d14/TMEM_KO/TMEMKO_Plate1_d14_TMEM561LAMP1640MAP2488DAPI405_F8_F1.nd2,13
4,12913,0,0.0,0.0,198.39146423339844,2561829.0,,0.0,-0.046391190991218,True,,KO,F8,1.0,d14,Plate1,/Users/pmihack/claire/tmem_2026/data/cleaved_tmem_pld3_260821/d14/TMEM_KO/TMEMKO_Plate1_d14_TMEM561LAMP1640MAP2488DAPI405_F8_F1.nd2,13
5,11786,1,0.0003393857118615,0.0466559999999999,183.9616546630859,2168172.0,10.149620453745486,0.0,0.0065279253156179,True,,KO,F8,1.0,d14,Plate1,/Users/pmihack/claire/tmem_2026/data/cleaved_tmem_pld3_260821/d14/TMEM_KO/TMEMKO_Plate1_d14_TMEM561LAMP1640MAP2488DAPI405_F8_F1.nd2,13
6,8695,0,0.0,0.0,313.4734802246094,2725652.0,,0.0,-0.0765416244296386,True,,KO,F8,1.0,d14,Plate1,/Users/pmihack/claire/tmem_2026/data/cleaved_tmem_pld3_260821/d14/TMEM_KO/TMEMKO_Plate1_d14_TMEM561LAMP1640MAP2488DAPI405_F8_F1.nd2,13
7,10882,0,0.0,0.0,77.34736633300781,841694.0,,0.0,-0.0104415658917241,True,,KO,F8,1.0,d14,Plate1,/Users/pmihack/claire/tmem_2026/data/cleaved_tmem_pld3_260821/d14/TMEM_KO/TMEMKO_Plate1_d14_TMEM561LAMP1640MAP2488DAPI405_F8_F1.nd2,13
8,12635,0,0.0,0.0,132.13937377929688,1669581.0,,0.0,0.0739987084998651,True,,KO,F8,1.0,d14,Plate1,/Users/pmihack/claire/tmem_2026/data/cleaved_tmem_pld3_260821/d14/TMEM_KO/TMEMKO_Plate1_d14_TMEM561LAMP1640MAP2488DAPI405_F8_F1.nd2,13
9,11606,0,0.0,0.0,352.70489501953125,4093493.0,,0.0,0.0377701637511295,True,,KO,F8,1.0,d14,Plate1,/Users/pmihack/claire/tmem_2026/data/cleaved_tmem_pld3_260821/d14/TMEM_KO/TMEMKO_Plate1_d14_TMEM561LAMP1640MAP2488DAPI405_F8_F1.nd2,13
10,17190,0,0.0,0.0,103.9363021850586,1786665.0,,0.0,0.0405627754758404,True,,KO,F8,1.0,d14,Plate1,/Users/pmihack/claire/tmem_2026/data/cleaved_tmem_pld3_260821/d14/TMEM_KO/TMEMKO_Plate1_d14_TMEM561LAMP1640MAP2488DAPI405_F8_F1.nd2,13
11,11346,0,0.0,0.0,210.92922973632812,2393203.0,,0.0,-0.0105453534416214,True,,KO,F8,1.0,d14,Plate1,/Users/pmihack/claire/tmem_2026/data/cleaved_tmem_pld3_260821/d14/TMEM_KO/TMEMKO_Plate1_d14_TMEM561LAMP1640MAP2488DAPI405_F8_F1.nd2,13
12,10923,0,0.0,0.0,82.67691802978516,903080.0,,0.0,0.012691692567135,True,,KO,F8,1.0,d14,Plate1,/Users/pmihack/claire/tmem_2026/data/cleaved_tmem_pld3_260821/d14/TMEM_KO/TMEMKO_Plate1_d14_TMEM561LAMP1640MAP2488DAPI405_F8_F1.nd2,13
13,3848,0,0.0,0.0,191.16476440429688,735602.0,,0.0,0.0768352586799239,True,,KO,F8,1.0,d14,Plate1,/Users/pmihack/claire/tmem_2026/data/cleaved_tmem_pld3_260821/d14/TMEM_KO/TMEMKO_Plate1_d14_TMEM561LAMP1640MAP2488DAPI405_F8_F1.nd2,13
14,3307,0,0.0,0.0,68.02146911621094,224947.0,,0.0,0.1593211145215732,True,,KO,F8,1.0,d14,Plate1,/Users/pmihack/claire/tmem_2026/data/cleaved_tmem_pld3_260821/d14/TMEM_KO/TMEMKO_Plate1_d14_TMEM561LAMP1640MAP2488DAPI405_F8_F1.nd2,13
15,1583,0,0.0,0.0,157.26658630371094,248953.0,,0.0,0.1827036208494765,False,size_outlier,KO,F8,1.0,d14,Plate1,/Users/pmihack/claire/tmem_2026/data/cleaved_tmem_pld3_260821/d14/TMEM_KO/TMEMKO_Plate1_d14_TMEM561LAMP1640MAP2488DAPI405_F8_F1.nd2,13
16,11055,0,0.0,0.0,52.71822738647461,582800.0,,0.0,0.1378922408725438,True,,KO,F8,1.0,d14,Plate1,/Users/pmihack/claire/tmem_2026/data/cleaved_tmem_pld3_260821/d14/TMEM_KO/TMEMKO_Plate1_d14_TMEM561LAMP1640MAP2488DAPI405_F8_F1.nd2,13
17,8730,0,0.0,0.0,273.41351318359375,2386900.0,,0.0,-0.0366185819925228,True,,KO,F8,1.0,d14,Plate1,/Users/pmihack/claire/tmem_2026/data/cleaved_tmem_pld3_260821/d14/TMEM_KO/TMEMKO_Plate1_d14_TMEM561LAMP1640MAP2488DAPI405_F8_F1.nd2,13
18,1448,0,0.0,0.0,93.31146240234376,135115.0,,0.0,0.7558519898898691,False,size_outlier,KO,F8,1.0,d14,Plate1,/Users/pmihack/claire/tmem_2026/data/cleaved_tmem_pld3_260821/d14/TMEM_KO/TMEMKO_Plate1_d14_TMEM561LAMP1640MAP2488DAPI405_F8_F1.nd2,13
19,23568,3,0.0026306856754921,0.241056,172.84449768066406,4073599.0,11.7083501514354,0.0,0.0568289536606358,True,,KO,F8,1.0,d14,Plate1,/Users/pmihack/claire/tmem_2026/data/cleaved_tmem_pld3_260821/d14/TMEM_KO/TMEMKO_Plate1_d14_TMEM561LAMP1640MAP2488DAPI405_F8_F1.nd2,13
20,11150,0,0.0,0.0,313.44134521484375,3494871.0,,0.0,-0.0110161685265424,True,,KO,F8,1.0,d14,Plate1,/Users/pmihack/claire/tmem_2026/data/cleaved_tmem_pld3_260821/d14/TMEM_KO/TMEMKO_Plate1_d14_TMEM561LAMP1640MAP2488DAPI405_F8_F1.nd2,13
21,13440,0,0.0,0.0,174.6206817626953,2346902.0,,0.0,-0.0264362846622152,True,,KO,F8,1.0,d14,Plate1,/Users/pmihack/claire/tmem_2026/data/cleaved_tmem_pld3_260821/d14/TMEM_KO/TMEMKO_Plate1_d14_TMEM561LAMP1640MAP2488DAPI405_F8_F1.nd2,13
22,12401,0,0.0,0.0,117.04322052001952,1451453.0,,0.0,-0.0203604897344762,False,border,KO,F8,1.0,d14,Plate1,/Users/pmihack/claire/tmem_2026/data/cleaved_tmem_pld3_260821/d14/TMEM_KO/TMEMKO_Plate1_d14_TMEM561LAMP1640MAP2488DAPI405_F8_F1.nd2,13
23,10868,0,0.0,0.0,142.22828674316406,1545737.0,,0.0,-0.0185248769760953,True,,KO,F8,1.0,d14,Plate1,/Users/pmihack/claire/tmem_2026/data/cleaved_tmem_pld3_260821/d14/TMEM_KO/TMEMKO_Plate1_d14_TMEM561LAMP1640MAP2488DAPI405_F8_F1.nd2,13
1,19074,0,0.0,0.0,62.813987731933594,1198114.0,,0.0,0.0611505835300325,True,,KO,F8,2.0,d14,Plate1,/Users/pmihack/claire/tmem_2026/data/cleaved_tmem_pld3_260821/d14/TMEM_KO/TMEMKO_Plate1_d14_TMEM561LAMP1640MAP2488DAPI405_F8_F2.nd2,11
2,17805,0,0.0,0.0,80.7394027709961,1437565.0,,0.0,-0.0085755475410194,True,,KO,F8,2.0,d14,Plate1,/Users/pmihack/claire/tmem_2026/data/cleaved_tmem_pld3_260821/d14/TMEM_KO/TMEMKO_Plate1_d14_TMEM561LAMP1640MAP2488DAPI405_F8_F2.nd2,11
3,6776,0,0.0,0.0,4.891676425933838,33146.0,,0.0,0.002585292349826,True,,KO,F8,2.0,d14,Plate1,/Users/pmihack/claire/tmem_2026/data/cleaved_tmem_pld3_260821/d14/TMEM_KO/TMEMKO_Plate1_d14_TMEM561LAMP1640MAP2488DAPI405_F8_F2.nd2,11
4,5411,0,0.0,0.0,5.668268203735352,30671.0,,0.0,0.0611241458134475,True,,KO,F8,2.0,d14,Plate1,/Users/pmihack/claire/tmem_2026/data/cleaved_tmem_pld3_260821/d14/TMEM_KO/TMEMKO_Plate1_d14_TMEM561LAMP1640MAP2488DAPI405_F8_F2.nd2,11
5,11999,0,0.0,0.0,85.63497161865234,1027534.0,,0.0,0.0966315557543794,True,,KO,F8,2.0,d14,Plate1,/Users/pmihack/claire/tmem_2026/data/cleaved_tmem_pld3_260821/d14/TMEM_KO/TMEMKO_Plate1_d14_TMEM561LAMP1640MAP2488DAPI405_F8_F2.nd2,11
6,11398,0,0.0,0.0,79.86331176757812,910282.0,,0.0,-0.0577842611604633,True,,KO,F8,2.0,d14,Plate1,/Users/pmihack/claire/tmem_2026/data/cleaved_tmem_pld3_260821/d14/TMEM_KO/TMEMKO_Plate1_d14_TMEM561LAMP1640MAP2488DAPI405_F8_F2.nd2,11
7,11666,0,0.0,0.0,193.536865234375,2257801.0,,0.0,0.5998366208069819,True,,KO,F8,2.0,d14,Plate1,/Users/pmihack/claire/tmem_2026/data/cleaved_tmem_pld3_260821/d14/TMEM_KO/TMEMKO_Plate1_d14_TMEM561LAMP1640MAP2488DAPI405_F8_F2.nd2,11
8,7755,0,0.0,0.0,329.700439453125,2556827.0,,0.0,-0.0004469225221341,True,,KO,F8,2.0,d14,Plate1,/Users/pmihack/claire/tmem_2026/data/cleaved_tmem_pld3_260821/d14/TMEM_KO/TMEMKO_Plate1_d14_TMEM561LAMP1640MAP2488DAPI405_F8_F2.nd2,11
9,14871,1,0.0002017349203147,0.0349919999999999,435.3194885253906,6473636.0,12.604648025230832,9.098441660171376e-05,-0.0269235440082544,True,,KO,F8,2.0,d14,Plate1,/Users/pmihack/claire/tmem_2026/data/cleaved_tmem_pld3_260821/d14/TMEM_KO/TMEMKO_Plate1_d14_TMEM561LAMP1640MAP2488DAPI405_F8_F2.nd2,11
10,10938,0,0.0,0.0,97.95246124267578,1071404.0,,0.0,-0.1056759841732727,True,,KO,F8,2.0,d14,Plate1,/Users/pmihack/claire/tmem_2026/data/cleaved_tmem_pld3_260821/d14/TMEM_KO/TMEMKO_Plate1_d14_TMEM561LAMP1640MAP2488DAPI405_F8_F2.nd2,11
11,19479,0,0.0,0.0,151.0484619140625,2942273.0,,0.0,0.0148630347846988,True,,KO,F8,2.0,d14,Plate1,/Users/pmihack/claire/tmem_2026/data/cleaved_tmem_pld3_260821/d14/TMEM_KO/TMEMKO_Plate1_d14_TMEM561LAMP1640MAP2488DAPI405_F8_F2.nd2,11
12,11252,0,0.0,0.0,251.6452178955078,2831512.0,,0.0,-0.0167973345904729,True,,KO,F8,2.0,d14,Plate1,/Users/pmihack/claire/tmem_2026/data/cleaved_tmem_pld3_260821/d14/TMEM_KO/TMEMKO_Plate1_d14_TMEM561LAMP1640MAP2488DAPI405_F8_F2.nd2,11
13,13676,0,0.0,0.0,279.9388732910156,3828444.0,,0.0,-0.047681359420833,True,,KO,F8,2.0,d14,Plate1,/Users/pmihack/claire/tmem_2026/data/cleaved_tmem_pld3_260821/d14/TMEM_KO/TMEMKO_Plate1_d14_TMEM561LAMP1640MAP2488DAPI405_F8_F2.nd2,11
14,9900,0,0.0,0.0,118.64151763916016,1174551.0,,0.0,-0.0356383880444443,True,,KO,F8,2.0,d14,Plate1,/Users/pmihack/claire/tmem_2026/data/cleaved_tmem_pld3_260821/d14/TMEM_KO/TMEMKO_Plate1_d14_TMEM561LAMP1640MAP2488DAPI405_F8_F2.nd2,11
15,9992,0,0.0,0.0,212.27291870117188,2121031.0,,0.0,0.1517755544470753,True,,KO,F8,2.0,d14,Plate1,/Users/pmihack/claire/tmem_2026/data/cleaved_tmem_pld3_260821/d14/TMEM_KO/TMEMKO_Plate1_d14_TMEM561LAMP1640MAP2488DAPI405_F8_F2.nd2,11
16,5117,0,0.0,0.0,42.89075469970703,219472.0,,0.0,-0.0274373924490337,True,,KO,F8,2.0,d14,Plate1,/Users/pmihack/claire/tmem_2026/data/cleaved_tmem_pld3_260821/d14/TMEM_KO/TMEMKO_Plate1_d14_TMEM561LAMP1640MAP2488DAPI405_F8_F2.nd2,11
17,13832,0,0.0,0.0,131.3558349609375,1816914.0,,0.0,-0.0438719696055742,True,,KO,F8,2.0,d14,Plate1,/Users/pmihack/claire/tmem_2026/data/cleaved_tmem_pld3_260821/d14/TMEM_KO/TMEMKO_Plate1_d14_TMEM561LAMP1640MAP2488DAPI405_F8_F2.nd2,11
18,13541,0,0.0,0.0,188.771728515625,2556158.0,,0.0,-0.0352563076750618,True,,KO,F8,2.0,d14,Plate1,/Users/pmihack/claire/tmem_2026/data/cleaved_tmem_pld3_260821/d14/TMEM_KO/TMEMKO_Plate1_d14_TMEM561LAMP1640MAP2488DAPI405_F8_F2.nd2,11
19,1812,0,0.0,0.0,47.465782165527344,86008.0,,0.0,0.3153231137291112,False,border,KO,F8,2.0,d14,Plate1,/Users/pmihack/claire/tmem_2026/data/cleaved_tmem_pld3_260821/d14/TMEM_KO/TMEMKO_Plate1_d14_TMEM561LAMP1640MAP2488DAPI405_F8_F2.nd2,11
1,16222,0,0.0,0.0,145.06442260742188,2353235.0,,0.0,-0.0398508164649063,True,,KO,F8,3.0,d14,Plate1,/Users/pmihack/claire/tmem_2026/data/cleaved_tmem_pld3_260821/d14/TMEM_KO/TMEMKO_Plate1_d14_TMEM561LAMP1640MAP2488DAPI405_F8_F3.nd2,9
2,13328,1,0.0006002400960384,0.0933119999999999,216.52273559570312,2885815.0,0.970786411245795,0.0,-0.0677280497255541,True,,KO,F8,3.0,d14,Plate1,/Users/pmihack/claire/tmem_2026/data/cleaved_tmem_pld3_260821/d14/TMEM_KO/TMEMKO_Plate1_d14_TMEM561LAMP1640MAP2488DAPI405_F8_F3.nd2,9
3,19568,0,0.0,0.0,160.9402618408203,3149279.0,,0.0,0.0342665246428888,True,,KO,F8,3.0,d14,Plate1,/Users/pmihack/claire/tmem_2026/data/cleaved_tmem_pld3_260821/d14/TMEM_KO/TMEMKO_Plate1_d14_TMEM561LAMP1640MAP2488DAPI405_F8_F3.nd2,9
4,12147,0,0.0,0.0,216.07664489746097,2624683.0,,0.0,0.0294210964732454,False,abnormal_nucleus,KO,F8,3.0,d14,Plate1,/Users/pmihack/claire/tmem_2026/data/cleaved_tmem_pld3_260821/d14/TMEM_KO/TMEMKO_Plate1_d14_TMEM561LAMP1640MAP2488DAPI405_F8_F3.nd2,9
5,17059,0,0.0,0.0,187.9091339111328,3205542.0,,0.0,0.0079387196943345,True,,KO,F8,3.0,d14,Plate1,/Users/pmihack/claire/tmem_2026/data/cleaved_tmem_pld3_260821/d14/TMEM_KO/TMEMKO_Plate1_d14_TMEM561LAMP1640MAP2488DAPI405_F8_F3.nd2,9
6,7353,0,0.0,0.0,375.8978576660156,2763977.0,,0.0,0.0270634054211285,True,,KO,F8,3.0,d14,Plate1,/Users/pmihack/claire/tmem_2026/data/cleaved_tmem_pld3_260821/d14/TMEM_KO/TMEMKO_Plate1_d14_TMEM561LAMP1640MAP2488DAPI405_F8_F3.nd2,9
7,16154,0,0.0,0.0,215.526611328125,3481617.0,,0.0,-0.0101422944443511,True,,KO,F8,3.0,d14,Plate1,/Users/pmihack/claire/tmem_2026/data/cleaved_tmem_pld3_260821/d14/TMEM_KO/TMEMKO_Plate1_d14_TMEM561LAMP1640MAP2488DAPI405_F8_F3.nd2,9
8,15586,0,0.0,0.0,292.7884521484375,4563401.0,,0.0,-0.0250102467832774,True,,KO,F8,3.0,d14,Plate1,/Users/pmihack/claire/tmem_2026/data/cleaved_tmem_pld3_260821/d14/TMEM_KO/TMEMKO_Plate1_d14_TMEM561LAMP1640MAP2488DAPI405_F8_F3.nd2,9
9,1412,0,0.0,0.0,23.07294654846191,32579.0,,0.0,0.0175029252100084,False,size_outlier,KO,F8,3.0,d14,Plate1,/Users/pmihack/claire/tmem_2026/data/cleaved_tmem_pld3_260821/d14/TMEM_KO/TMEMKO_Plate1_d14_TMEM561LAMP1640MAP2488DAPI405_F8_F3.nd2,9
10,15044,0,0.0,0.0,31.386798858642575,472183.0,,0.0,0.0587430059510049,True,,KO,F8,3.0,d14,Plate1,/Users/pmihack/claire/tmem_2026/data/cleaved_tmem_pld3_260821/d14/TMEM_KO/TMEMKO_Plate1_d14_TMEM561LAMP1640MAP2488DAPI405_F8_F3.nd2,9
11,10813,0,0.0,0.0,286.5572814941406,3098544.0,,0.0,-0.0448021304548165,True,,KO,F8,3.0,d14,Plate1,/Users/pmihack/claire/tmem_2026/data/cleaved_tmem_pld3_260821/d14/TMEM_KO/TMEMKO_Plate1_d14_TMEM561LAMP1640MAP2488DAPI405_F8_F3.nd2,9
1,5496,0,0.0,0.0,35.2863883972168,193934.0,,0.0,0.3261205717906812,True,,KO,F8,4.0,d14,Plate1,/Users/pmihack/claire/tmem_2026/data/cleaved_tmem_pld3_260821/d14/TMEM_KO/TMEMKO_Plate1_d14_TMEM561LAMP1640MAP2488DAPI405_F8_F4.nd2,16
2,10395,0,0.0,0.0,204.21568298339844,2122822.0,,0.0,0.080855907858075,True,,KO,F8,4.0,d14,Plate1,/Users/pmihack/claire/tmem_2026/data/cleaved_tmem_pld3_260821/d14/TMEM_KO/TMEMKO_Plate1_d14_TMEM561LAMP1640MAP2488DAPI405_F8_F4.nd2,16
3,17003,0,0.0,0.0,395.1528625488281,6718784.0,,0.0,0.1627823877343684,True,,KO,F8,4.0,d14,Plate1,/Users/pmihack/claire/tmem_2026/data/cleaved_tmem_pld3_260821/d14/TMEM_KO/TMEMKO_Plate1_d14_TMEM561LAMP1640MAP2488DAPI405_F8_F4.nd2,16
4,11399,0,0.0,0.0,223.6653289794922,2549561.0,,0.0,-0.0133472162158353,True,,KO,F8,4.0,d14,Plate1,/Users/pmihack/claire/tmem_2026/data/cleaved_tmem_pld3_260821/d14/TMEM_KO/TMEMKO_Plate1_d14_TMEM561LAMP1640MAP2488DAPI405_F8_F4.nd2,16
5,10929,0,0.0,0.0,419.0605773925781,4579913.0,,0.0,-0.0328223623608346,True,,KO,F8,4.0,d14,Plate1,/Users/pmihack/claire/tmem_2026/data/cleaved_tmem_pld3_260821/d14/TMEM_KO/TMEMKO_Plate1_d14_TMEM561LAMP1640MAP2488DAPI405_F8_F4.nd2,16
6,9937,3,0.0047297977256717,0.1827359999999999,712.0061645507812,7075205.0,14.591229335742016,0.0,-0.0907414131926746,True,,KO,F8,4.0,d14,Plate1,/Users/pmihack/claire/tmem_2026/data/cleaved_tmem_pld3_260821/d14/TMEM_KO/TMEMKO_Plate1_d14_TMEM561LAMP1640MAP2488DAPI405_F8_F4.nd2,16
7,10967,0,0.0,0.0,254.9439239501953,2795970.0,,0.0,0.096797155468013,True,,KO,F8,4.0,d14,Plate1,/Users/pmihack/claire/tmem_2026/data/cleaved_tmem_pld3_260821/d14/TMEM_KO/TMEMKO_Plate1_d14_TMEM561LAMP1640MAP2488DAPI405_F8_F4.nd2,16
8,8883,0,0.0,0.0,328.29022216796875,2916202.0,,0.0,-0.0722784323129221,True,,KO,F8,4.0,d14,Plate1,/Users/pmihack/claire/tmem_2026/data/cleaved_tmem_pld3_260821/d14/TMEM_KO/TMEMKO_Plate1_d14_TMEM561LAMP1640MAP2488DAPI405_F8_F4.nd2,16
9,15131,0,0.0,0.0,249.9688720703125,3782279.0,,0.0,0.0755284245996046,True,,KO,F8,4.0,d14,Plate1,/Users/pmihack/claire/tmem_2026/data/cleaved_tmem_pld3_260821/d14/TMEM_KO/TMEMKO_Plate1_d14_TMEM561LAMP1640MAP2488DAPI405_F8_F4.nd2,16
10,12346,1,0.0004859873643285,0.0699839999999999,481.0264892578125,5938753.0,0.744349824799082,0.0,-0.069408680154106,True,,KO,F8,4.0,d14,Plate1,/Users/pmihack/claire/tmem_2026/data/cleaved_tmem_pld3_260821/d14/TMEM_KO/TMEMKO_Plate1_d14_TMEM561LAMP1640MAP2488DAPI405_F8_F4.nd2,16
11,2867,0,0.0,0.0,1232.8172607421875,3534487.0,,0.0,0.0277614686294794,True,,KO,F8,4.0,d14,Plate1,/Users/pmihack/claire/tmem_2026/data/cleaved_tmem_pld3_260821/d14/TMEM_KO/TMEMKO_Plate1_d14_TMEM561LAMP1640MAP2488DAPI405_F8_F4.nd2,16
12,3176,0,0.0,0.0,752.92822265625,2391300.0,,0.0,0.0498317488748842,True,,KO,F8,4.0,d14,Plate1,/Users/pmihack/claire/tmem_2026/data/cleaved_tmem_pld3_260821/d14/TMEM_KO/TMEMKO_Plate1_d14_TMEM561LAMP1640MAP2488DAPI405_F8_F4.nd2,16
13,11134,0,0.0,0.0,284.364013671875,3166109.0,,0.0,-0.0318572960733366,True,,KO,F8,4.0,d14,Plate1,/Users/pmihack/claire/tmem_2026/data/cleaved_tmem_pld3_260821/d14/TMEM_KO/TMEMKO_Plate1_d14_TMEM561LAMP1640MAP2488DAPI405_F8_F4.nd2,16
14,6394,0,0.0,0.0,4.832655429840088,30900.0,,0.0,0.0153991106294389,True,,KO,F8,4.0,d14,Plate1,/Users/pmihack/claire/tmem_2026/data/cleaved_tmem_pld3_260821/d14/TMEM_KO/TMEMKO_Plate1_d14_TMEM561LAMP1640MAP2488DAPI405_F8_F4.nd2,16
15,20158,1,0.000198432384165,0.0466559999999999,408.9947814941406,8244517.0,4.825062423428822,0.0,0.0235692204479042,True,,KO,F8,4.0,d14,Plate1,/Users/pmihack/claire/tmem_2026/data/cleaved_tmem_pld3_260821/d14/TMEM_KO/TMEMKO_Plate1_d14_TMEM561LAMP1640MAP2488DAPI405_F8_F4.nd2,16
16,8500,0,0.0,0.0,478.4088134765625,4066475.0,,0.0,-0.0612922185255871,True,,KO,F8,4.0,d14,Plate1,/Users/pmihack/claire/tmem_2026/data/cleaved_tmem_pld3_260821/d14/TMEM_KO/TMEMKO_Plate1_d14_TMEM561LAMP1640MAP2488DAPI405_F8_F4.nd2,16
17,20265,0,0.0,0.0,123.49015808105467,2502528.0,,0.0,0.0821483790863688,True,,KO,F8,4.0,d14,Plate1,/Users/pmihack/claire/tmem_2026/data/cleaved_tmem_pld3_260821/d14/TMEM_KO/TMEMKO_Plate1_d14_TMEM561LAMP1640MAP2488DAPI405_F8_F4.nd2,16
18,12249,0,0.0,0.0,228.2458953857422,2795784.0,,0.0,0.0604824449985818,True,,KO,F8,4.0,d14,Plate1,/Users/pmihack/claire/tmem_2026/data/cleaved_tmem_pld3_260821/d14/TMEM_KO/TMEMKO_Plate1_d14_TMEM561LAMP1640MAP2488DAPI405_F8_F4.nd2,16
19,16906,1,0.0002366023896841,0.0466559999999999,296.65350341796875,5015224.0,3.8653119948354657,0.0,0.0872569268594852,True,,KO,F8,4.0,d14,Plate1,/Users/pmihack/claire/tmem_2026/data/cleaved_tmem_pld3_260821/d14/TMEM_KO/TMEMKO_Plate1_d14_TMEM561LAMP1640MAP2488DAPI405_F8_F4.nd2,16
20,8692,2,0.0006902899217671,0.0349919999999999,481.0683288574219,4181446.0,0.92695044586375,0.0,0.0740502883414237,True,,KO,F8,4.0,d14,Plate1,/Users/pmihack/claire/tmem_2026/data/cleaved_tmem_pld3_260821/d14/TMEM_KO/TMEMKO_Plate1_d14_TMEM561LAMP1640MAP2488DAPI405_F8_F4.nd2,16
21,9330,0,0.0,0.0,276.22625732421875,2577191.0,,0.0,0.0714692505330712,True,,KO,F8,4.0,d14,Plate1,/Users/pmihack/claire/tmem_2026/data/cleaved_tmem_pld3_260821/d14/TMEM_KO/TMEMKO_Plate1_d14_TMEM561LAMP1640MAP2488DAPI405_F8_F4.nd2,16
22,13065,0,0.0,0.0,339.06060791015625,4429827.0,,0.0,0.030444681538194,False,border,KO,F8,4.0,d14,Plate1,/Users/pmihack/claire/tmem_2026/data/cleaved_tmem_pld3_260821/d14/TMEM_KO/TMEMKO_Plate1_d14_TMEM561LAMP1640MAP2488DAPI405_F8_F4.nd2,16
1,14020,2,0.0023537803138373,0.192456,367.94635009765625,5158608.0,0.9810802495100568,0.0,-0.0747511660573498,True,,KO,G8,1.0,d14,Plate1,/Users/pmihack/claire/tmem_2026/data/cleaved_tmem_pld3_260821/d14/TMEM_KO/TMEMKO_Plate1_d14_TMEM561LAMP1640MAP2488DAPI405_G8_F1.nd2,16
2,11010,0,0.0,0.0,156.43841552734375,1722387.0,,0.0,0.0060337277007024,True,,KO,G8,1.0,d14,Plate1,/Users/pmihack/claire/tmem_2026/data/cleaved_tmem_pld3_260821/d14/TMEM_KO/TMEMKO_Plate1_d14_TMEM561LAMP1640MAP2488DAPI405_G8_F1.nd2,16
3,8893,0,0.0,0.0,25.512649536132812,226884.0,,0.0,-0.0443066626887236,True,,KO,G8,1.0,d14,Plate1,/Users/pmihack/claire/tmem_2026/data/cleaved_tmem_pld3_260821/d14/TMEM_KO/TMEMKO_Plate1_d14_TMEM561LAMP1640MAP2488DAPI405_G8_F1.nd2,16
4,16359,6,0.054526560303197,1.7340479999999998,979.0940551757812,16017000.0,8.33721542558008,0.0,0.0903769247691806,True,,KO,G8,1.0,d14,Plate1,/Users/pmihack/claire/tmem_2026/data/cleaved_tmem_pld3_260821/d14/TMEM_KO/TMEMKO_Plate1_d14_TMEM561LAMP1640MAP2488DAPI405_G8_F1.nd2,16
5,10187,1,0.0010798075979189,0.128304,334.83038330078125,3410917.0,0.5346699190692246,0.0,0.0633288251897767,False,border,KO,G8,1.0,d14,Plate1,/Users/pmihack/claire/tmem_2026/data/cleaved_tmem_pld3_260821/d14/TMEM_KO/TMEMKO_Plate1_d14_TMEM561LAMP1640MAP2488DAPI405_G8_F1.nd2,16
6,12495,4,0.0490596238495398,1.787508,812.8692016601562,10156801.0,2.353093392233915,0.0,0.0916122134604054,True,,KO,G8,1.0,d14,Plate1,/Users/pmihack/claire/tmem_2026/data/cleaved_tmem_pld3_260821/d14/TMEM_KO/TMEMKO_Plate1_d14_TMEM561LAMP1640MAP2488DAPI405_G8_F1.nd2,16
7,12265,0,0.0,0.0,87.71707916259766,1075850.0,,0.0,-0.0548534522131538,True,,KO,G8,1.0,d14,Plate1,/Users/pmihack/claire/tmem_2026/data/cleaved_tmem_pld3_260821/d14/TMEM_KO/TMEMKO_Plate1_d14_TMEM561LAMP1640MAP2488DAPI405_G8_F1.nd2,16
8,8767,5,0.0084407436979582,0.1726271999999999,618.0364990234375,5418326.0,22.53647336597091,0.0,-0.0232132292268575,True,,KO,G8,1.0,d14,Plate1,/Users/pmihack/claire/tmem_2026/data/cleaved_tmem_pld3_260821/d14/TMEM_KO/TMEMKO_Plate1_d14_TMEM561LAMP1640MAP2488DAPI405_G8_F1.nd2,16
9,12706,1,0.0007870297497245,0.11664,289.21099853515625,3674715.0,3.99709416055051,0.0,0.172950142499601,True,,KO,G8,1.0,d14,Plate1,/Users/pmihack/claire/tmem_2026/data/cleaved_tmem_pld3_260821/d14/TMEM_KO/TMEMKO_Plate1_d14_TMEM561LAMP1640MAP2488DAPI405_G8_F1.nd2,16
10,16390,0,0.0,0.0,35.18425750732422,576670.0,,0.0,-0.0477265674409237,True,,KO,G8,1.0,d14,Plate1,/Users/pmihack/claire/tmem_2026/data/cleaved_tmem_pld3_260821/d14/TMEM_KO/TMEMKO_Plate1_d14_TMEM561LAMP1640MAP2488DAPI405_G8_F1.nd2,16
11,20485,0,0.0,0.0,28.13243865966797,576293.0,,0.0,-0.0160704295490527,True,,KO,G8,1.0,d14,Plate1,/Users/pmihack/claire/tmem_2026/data/cleaved_tmem_pld3_260821/d14/TMEM_KO/TMEMKO_Plate1_d14_TMEM561LAMP1640MAP2488DAPI405_G8_F1.nd2,16
12,4075,0,0.0,0.0,28.656932830810547,116777.0,,0.0,-0.0525155411623145,True,,KO,G8,1.0,d14,Plate1,/Users/pmihack/claire/tmem_2026/data/cleaved_tmem_pld3_260821/d14/TMEM_KO/TMEMKO_Plate1_d14_TMEM561LAMP1640MAP2488DAPI405_G8_F1.nd2,16
1,13606,16,0.0547552550345435,0.543105,777.3984985351562,10577284.0,0.8109681478138172,0.0,0.0488428089634461,True,,KO,G8,2.0,d14,Plate1,/Users/pmihack/claire/tmem_2026/data/cleaved_tmem_pld3_260821/d14/TMEM_KO/TMEMKO_Plate1_d14_TMEM561LAMP1640MAP2488DAPI405_G8_F2.nd2,15
2,13625,9,0.0579816513761467,1.02384,655.2928466796875,8928365.0,0.9463709396764411,0.0,0.4028967826567781,True,,KO,G8,2.0,d14,Plate1,/Users/pmihack/claire/tmem_2026/data/cleaved_tmem_pld3_260821/d14/TMEM_KO/TMEMKO_Plate1_d14_TMEM561LAMP1640MAP2488DAPI405_G8_F2.nd2,15
3,348,0,0.0,0.0,16.902297973632812,5882.0,,0.0,-0.0628874159176272,False,size_outlier,KO,G8,2.0,d14,Plate1,/Users/pmihack/claire/tmem_2026/data/cleaved_tmem_pld3_260821/d14/TMEM_KO/TMEMKO_Plate1_d14_TMEM561LAMP1640MAP2488DAPI405_G8_F2.nd2,15
4,238,0,0.0,0.0,4.9873948097229,1187.0,,0.0,-0.0163142269312545,False,size_outlier,KO,G8,2.0,d14,Plate1,/Users/pmihack/claire/tmem_2026/data/cleaved_tmem_pld3_260821/d14/TMEM_KO/TMEMKO_Plate1_d14_TMEM561LAMP1640MAP2488DAPI405_G8_F2.nd2,15
5,10877,19,0.0293279396892525,0.1958324210526315,645.008544921875,7015758.0,23.328102604258476,0.0,0.1359460129111867,True,,KO,G8,2.0,d14,Plate1,/Users/pmihack/claire/tmem_2026/data/cleaved_tmem_pld3_260821/d14/TMEM_KO/TMEMKO_Plate1_d14_TMEM561LAMP1640MAP2488DAPI405_G8_F2.nd2,15
6,9410,8,0.0326248671625929,0.4476059999999999,805.990234375,7584368.0,23.78892551867979,0.0,0.334852677935027,True,,KO,G8,2.0,d14,Plate1,/Users/pmihack/claire/tmem_2026/data/cleaved_tmem_pld3_260821/d14/TMEM_KO/TMEMKO_Plate1_d14_TMEM561LAMP1640MAP2488DAPI405_G8_F2.nd2,15
7,12715,4,0.0035391270153362,0.1312199999999999,279.2635498046875,3550836.0,1.480799683504371,0.0,0.0788920563866788,True,,KO,G8,2.0,d14,Plate1,/Users/pmihack/claire/tmem_2026/data/cleaved_tmem_pld3_260821/d14/TMEM_KO/TMEMKO_Plate1_d14_TMEM561LAMP1640MAP2488DAPI405_G8_F2.nd2,15
8,13652,18,0.0600644594198652,0.5313599999999999,893.84228515625,12202735.0,3.258617801730939,0.0006582131027244,0.0578718776564896,True,,KO,G8,2.0,d14,Plate1,/Users/pmihack/claire/tmem_2026/data/cleaved_tmem_pld3_260821/d14/TMEM_KO/TMEMKO_Plate1_d14_TMEM561LAMP1640MAP2488DAPI405_G8_F2.nd2,15
9,14268,12,0.0540370058873002,0.749412,715.8633422851562,10213938.0,1.155192266851545,0.0,0.0510338073008014,True,,KO,G8,2.0,d14,Plate1,/Users/pmihack/claire/tmem_2026/data/cleaved_tmem_pld3_260821/d14/TMEM_KO/TMEMKO_Plate1_d14_TMEM561LAMP1640MAP2488DAPI405_G8_F2.nd2,15
10,10282,13,0.0418206574596382,0.3858092307692308,748.242919921875,7693434.0,0.4944326747859925,0.0,0.1066879012447037,True,,KO,G8,2.0,d14,Plate1,/Users/pmihack/claire/tmem_2026/data/cleaved_tmem_pld3_260821/d14/TMEM_KO/TMEMKO_Plate1_d14_TMEM561LAMP1640MAP2488DAPI405_G8_F2.nd2,15
11,9985,9,0.0479719579369053,0.6207839999999999,803.2907104492188,8020858.0,22.823359497705503,0.0,0.2535972417154771,True,,KO,G8,2.0,d14,Plate1,/Users/pmihack/claire/tmem_2026/data/cleaved_tmem_pld3_260821/d14/TMEM_KO/TMEMKO_Plate1_d14_TMEM561LAMP1640MAP2488DAPI405_G8_F2.nd2,15
12,14453,16,0.0230401992665882,0.2427569999999999,568.1185913085938,8211018.0,7.564193376821847,0.0,0.2922047604539064,True,,KO,G8,2.0,d14,Plate1,/Users/pmihack/claire/tmem_2026/data/cleaved_tmem_pld3_260821/d14/TMEM_KO/TMEMKO_Plate1_d14_TMEM561LAMP1640MAP2488DAPI405_G8_F2.nd2,15
13,10746,12,0.017680997580495,0.1846799999999999,748.0979614257812,8039061.0,21.528563457359255,0.0,0.2170634390540615,True,,KO,G8,2.0,d14,Plate1,/Users/pmihack/claire/tmem_2026/data/cleaved_tmem_pld3_260821/d14/TMEM_KO/TMEMKO_Plate1_d14_TMEM561LAMP1640MAP2488DAPI405_G8_F2.nd2,15
14,5520,0,0.0,0.0,11.13985538482666,61492.0,,0.0,-0.0068510067141641,True,,KO,G8,2.0,d14,Plate1,/Users/pmihack/claire/tmem_2026/data/cleaved_tmem_pld3_260821/d14/TMEM_KO/TMEMKO_Plate1_d14_TMEM561LAMP1640MAP2488DAPI405_G8_F2.nd2,15
15,11973,5,0.008686210640608,0.2426112,456.8338012695313,5469671.0,8.592677048155547,0.0,0.0594746844702176,True,,KO,G8,2.0,d14,Plate1,/Users/pmihack/claire/tmem_2026/data/cleaved_tmem_pld3_260821/d14/TMEM_KO/TMEMKO_Plate1_d14_TMEM561LAMP1640MAP2488DAPI405_G8_F2.nd2,15
16,15364,6,0.0057276750846133,0.1710719999999999,475.3504333496094,7303284.0,17.576599953921335,0.0005607066559605,0.1007548622857615,True,,KO,G8,2.0,d14,Plate1,/Users/pmihack/claire/tmem_2026/data/cleaved_tmem_pld3_260821/d14/TMEM_KO/TMEMKO_Plate1_d14_TMEM561LAMP1640MAP2488DAPI405_G8_F2.nd2,15
17,10730,7,0.0175209692451071,0.3132617142857142,607.0529174804688,6513678.0,14.640472255151646,0.0,0.1174156914895958,False,border,KO,G8,2.0,d14,Plate1,/Users/pmihack/claire/tmem_2026/data/cleaved_tmem_pld3_260821/d14/TMEM_KO/TMEMKO_Plate1_d14_TMEM561LAMP1640MAP2488DAPI405_G8_F2.nd2,15
1,10962,0,0.0,0.0,293.495361328125,3217296.0,,0.0,0.1276880041508354,True,,KO,G8,3.0,d14,Plate1,/Users/pmihack/claire/tmem_2026/data/cleaved_tmem_pld3_260821/d14/TMEM_KO/TMEMKO_Plate1_d14_TMEM561LAMP1640MAP2488DAPI405_G8_F3.nd2,15
2,15459,0,0.0,0.0,1233.4923095703125,19068558.0,,0.0,0.2463182392157103,True,,KO,G8,3.0,d14,Plate1,/Users/pmihack/claire/tmem_2026/data/cleaved_tmem_pld3_260821/d14/TMEM_KO/TMEMKO_Plate1_d14_TMEM561LAMP1640MAP2488DAPI405_G8_F3.nd2,15
3,25414,0,0.0,0.0,206.8831787109375,5257729.0,,6.847062650194857e-06,0.0266393646402817,True,,KO,G8,3.0,d14,Plate1,/Users/pmihack/claire/tmem_2026/data/cleaved_tmem_pld3_260821/d14/TMEM_KO/TMEMKO_Plate1_d14_TMEM561LAMP1640MAP2488DAPI405_G8_F3.nd2,15
4,14623,0,0.0,0.0,506.8352661132813,7411452.0,,0.0005553567898459,-0.0315211433034072,True,,KO,G8,3.0,d14,Plate1,/Users/pmihack/claire/tmem_2026/data/cleaved_tmem_pld3_260821/d14/TMEM_KO/TMEMKO_Plate1_d14_TMEM561LAMP1640MAP2488DAPI405_G8_F3.nd2,15
5,18745,0,0.0,0.0,456.6905212402344,8560664.0,,0.0,0.1619676158657992,True,,KO,G8,3.0,d14,Plate1,/Users/pmihack/claire/tmem_2026/data/cleaved_tmem_pld3_260821/d14/TMEM_KO/TMEMKO_Plate1_d14_TMEM561LAMP1640MAP2488DAPI405_G8_F3.nd2,15
6,14893,0,0.0,0.0,703.79052734375,10481552.0,,0.0,0.3440842784180791,True,,KO,G8,3.0,d14,Plate1,/Users/pmihack/claire/tmem_2026/data/cleaved_tmem_pld3_260821/d14/TMEM_KO/TMEMKO_Plate1_d14_TMEM561LAMP1640MAP2488DAPI405_G8_F3.nd2,15
7,14654,0,0.0,0.0,729.6533203125,10692340.0,,0.0,0.2048072392898677,True,,KO,G8,3.0,d14,Plate1,/Users/pmihack/claire/tmem_2026/data/cleaved_tmem_pld3_260821/d14/TMEM_KO/TMEMKO_Plate1_d14_TMEM561LAMP1640MAP2488DAPI405_G8_F3.nd2,15
8,13619,0,0.0,0.0,812.2205200195312,11061631.0,,0.0,0.17161278111884,True,,KO,G8,3.0,d14,Plate1,/Users/pmihack/claire/tmem_2026/data/cleaved_tmem_pld3_260821/d14/TMEM_KO/TMEMKO_Plate1_d14_TMEM561LAMP1640MAP2488DAPI405_G8_F3.nd2,15
9,8455,0,0.0,0.0,409.7138977050781,3464131.0,,0.0,0.1579810793100546,True,,KO,G8,3.0,d14,Plate1,/Users/pmihack/claire/tmem_2026/data/cleaved_tmem_pld3_260821/d14/TMEM_KO/TMEMKO_Plate1_d14_TMEM561LAMP1640MAP2488DAPI405_G8_F3.nd2,15
10,2859,0,0.0,0.0,845.6834716796875,2417809.0,,0.0,0.2517860472015015,True,,KO,G8,3.0,d14,Plate1,/Users/pmihack/claire/tmem_2026/data/cleaved_tmem_pld3_260821/d14/TMEM_KO/TMEMKO_Plate1_d14_TMEM561LAMP1640MAP2488DAPI405_G8_F3.nd2,15
11,2059,0,0.0,0.0,303.8839111328125,625697.0,,0.0,-0.0203649850592624,True,,KO,G8,3.0,d14,Plate1,/Users/pmihack/claire/tmem_2026/data/cleaved_tmem_pld3_260821/d14/TMEM_KO/TMEMKO_Plate1_d14_TMEM561LAMP1640MAP2488DAPI405_G8_F3.nd2,15
12,14859,0,0.0,0.0,623.6951904296875,9267487.0,,0.0,0.1442549204323762,True,,KO,G8,3.0,d14,Plate1,/Users/pmihack/claire/tmem_2026/data/cleaved_tmem_pld3_260821/d14/TMEM_KO/TMEMKO_Plate1_d14_TMEM561LAMP1640MAP2488DAPI405_G8_F3.nd2,15
13,10901,0,0.0,0.0,515.436767578125,5618776.0,,0.0,0.2138742175181598,True,,KO,G8,3.0,d14,Plate1,/Users/pmihack/claire/tmem_2026/data/cleaved_tmem_pld3_260821/d14/TMEM_KO/TMEMKO_Plate1_d14_TMEM561LAMP1640MAP2488DAPI405_G8_F3.nd2,15
14,17414,0,0.0,0.0,382.6655578613281,6663738.0,,0.0,0.1289766334062419,True,,KO,G8,3.0,d14,Plate1,/Users/pmihack/claire/tmem_2026/data/cleaved_tmem_pld3_260821/d14/TMEM_KO/TMEMKO_Plate1_d14_TMEM561LAMP1640MAP2488DAPI405_G8_F3.nd2,15
1,7995,1,0.0003752345215759,0.0349919999999999,324.70794677734375,2596040.0,0.7753051784000664,0.0,0.0881711465675715,True,,KO,G8,4.0,d14,Plate1,/Users/pmihack/claire/tmem_2026/data/cleaved_tmem_pld3_260821/d14/TMEM_KO/TMEMKO_Plate1_d14_TMEM561LAMP1640MAP2488DAPI405_G8_F4.nd2,15
2,11224,6,0.1152886671418389,2.5155359999999996,988.2936401367188,11092608.0,0.6599669602049366,0.0,0.0095774913554204,True,,KO,G8,4.0,d14,Plate1,/Users/pmihack/claire/tmem_2026/data/cleaved_tmem_pld3_260821/d14/TMEM_KO/TMEMKO_Plate1_d14_TMEM561LAMP1640MAP2488DAPI405_G8_F4.nd2,15
3,11358,1,0.0007043493572812,0.0933119999999999,200.52896118164065,2277608.0,0.8707417776291085,0.0,0.046921577439174,True,,KO,G8,4.0,d14,Plate1,/Users/pmihack/claire/tmem_2026/data/cleaved_tmem_pld3_260821/d14/TMEM_KO/TMEMKO_Plate1_d14_TMEM561LAMP1640MAP2488DAPI405_G8_F4.nd2,15
4,10734,12,0.0609278926774734,0.6356879999999999,747.1876220703125,8020312.0,0.848169576429036,0.0,-0.0442717649143145,True,,KO,G8,4.0,d14,Plate1,/Users/pmihack/claire/tmem_2026/data/cleaved_tmem_pld3_260821/d14/TMEM_KO/TMEMKO_Plate1_d14_TMEM561LAMP1640MAP2488DAPI405_G8_F4.nd2,15
5,10444,9,0.1272500957487552,1.7223839999999997,959.2720336914062,10018637.0,1.008089365941574,0.0,-0.0537210429722621,True,,KO,G8,4.0,d14,Plate1,/Users/pmihack/claire/tmem_2026/data/cleaved_tmem_pld3_260821/d14/TMEM_KO/TMEMKO_Plate1_d14_TMEM561LAMP1640MAP2488DAPI405_G8_F4.nd2,15
6,11118,1,0.001439107753193,0.1866239999999999,114.3046417236328,1270839.0,0.6074345138936404,0.0,0.0858818252570941,True,,KO,G8,4.0,d14,Plate1,/Users/pmihack/claire/tmem_2026/data/cleaved_tmem_pld3_260821/d14/TMEM_KO/TMEMKO_Plate1_d14_TMEM561LAMP1640MAP2488DAPI405_G8_F4.nd2,15
7,10685,0,0.0,0.0,70.96724700927734,758285.0,,0.0,-0.0692120182231606,True,,KO,G8,4.0,d14,Plate1,/Users/pmihack/claire/tmem_2026/data/cleaved_tmem_pld3_260821/d14/TMEM_KO/TMEMKO_Plate1_d14_TMEM561LAMP1640MAP2488DAPI405_G8_F4.nd2,15
8,13637,1,0.000733299112708,0.11664,152.0432586669922,2073414.0,1.0031534180069768,0.0,0.0633397741194421,True,,KO,G8,4.0,d14,Plate1,/Users/pmihack/claire/tmem_2026/data/cleaved_tmem_pld3_260821/d14/TMEM_KO/TMEMKO_Plate1_d14_TMEM561LAMP1640MAP2488DAPI405_G8_F4.nd2,15
9,11742,1,0.0005109862033725,0.0699839999999999,155.28623962402344,1823371.0,0.4993416855663448,0.0,-0.0082185147495961,True,,KO,G8,4.0,d14,Plate1,/Users/pmihack/claire/tmem_2026/data/cleaved_tmem_pld3_260821/d14/TMEM_KO/TMEMKO_Plate1_d14_TMEM561LAMP1640MAP2488DAPI405_G8_F4.nd2,15
10,11177,1,0.0033998389549968,0.4432319999999999,150.05520629882812,1677167.0,0.934760941452826,0.0,-0.0187240575944812,True,,KO,G8,4.0,d14,Plate1,/Users/pmihack/claire/tmem_2026/data/cleaved_tmem_pld3_260821/d14/TMEM_KO/TMEMKO_Plate1_d14_TMEM561LAMP1640MAP2488DAPI405_G8_F4.nd2,15
11,13560,3,0.0019911504424778,0.1049759999999999,330.8828125,4486771.0,12.617524308209273,0.0,0.0437948028594948,True,,KO,G8,4.0,d14,Plate1,/Users/pmihack/claire/tmem_2026/data/cleaved_tmem_pld3_260821/d14/TMEM_KO/TMEMKO_Plate1_d14_TMEM561LAMP1640MAP2488DAPI405_G8_F4.nd2,15
1,4073,0,0.0,0.0,182.8050537109375,744565.0,,0.0001490803406341,-0.0415465307773573,True,,KO,H8,1.0,d14,Plate1,/Users/pmihack/claire/tmem_2026/data/cleaved_tmem_pld3_260821/d14/TMEM_KO/TMEMKO_Plate1_d14_TMEM561LAMP1640MAP2488DAPI405_H8_F1.nd2,10
2,5023,0,0.0,0.0,138.13319396972656,693843.0,,0.0,0.1332589772568242,True,,KO,H8,1.0,d14,Plate1,/Users/pmihack/claire/tmem_2026/data/cleaved_tmem_pld3_260821/d14/TMEM_KO/TMEMKO_Plate1_d14_TMEM561LAMP1640MAP2488DAPI405_H8_F1.nd2,10
3,7521,20,0.0545140273899747,0.239112,1067.0159912109375,8025027.0,0.6166816928474209,0.0010914604645222,0.0016605073564284,True,,KO,H8,1.0,d14,Plate1,/Users/pmihack/claire/tmem_2026/data/cleaved_tmem_pld3_260821/d14/TMEM_KO/TMEMKO_Plate1_d14_TMEM561LAMP1640MAP2488DAPI405_H8_F1.nd2,10
4,12008,3,0.0210692871419053,0.983664,392.81829833984375,4716962.0,0.9255961905363196,0.0,0.1644305675937143,True,,KO,H8,1.0,d14,Plate1,/Users/pmihack/claire/tmem_2026/data/cleaved_tmem_pld3_260821/d14/TMEM_KO/TMEMKO_Plate1_d14_TMEM561LAMP1640MAP2488DAPI405_H8_F1.nd2,10
5,8556,17,0.0904628330995792,0.5310550588235294,1055.0694580078125,9027174.0,8.839078369443996,0.0,-0.0406229899370756,False,abnormal_nucleus,KO,H8,1.0,d14,Plate1,/Users/pmihack/claire/tmem_2026/data/cleaved_tmem_pld3_260821/d14/TMEM_KO/TMEMKO_Plate1_d14_TMEM561LAMP1640MAP2488DAPI405_H8_F1.nd2,10
6,11554,6,0.049160463908603,1.104192,536.6507568359375,6200463.0,12.105288528025447,0.0,-0.0417583015404664,True,,KO,H8,1.0,d14,Plate1,/Users/pmihack/claire/tmem_2026/data/cleaved_tmem_pld3_260821/d14/TMEM_KO/TMEMKO_Plate1_d14_TMEM561LAMP1640MAP2488DAPI405_H8_F1.nd2,10
7,8597,5,0.0255903222054204,0.513216,453.3511657714844,3897460.0,14.10643775063822,0.0,-0.0436067827282559,True,,KO,H8,1.0,d14,Plate1,/Users/pmihack/claire/tmem_2026/data/cleaved_tmem_pld3_260821/d14/TMEM_KO/TMEMKO_Plate1_d14_TMEM561LAMP1640MAP2488DAPI405_H8_F1.nd2,10
8,3453,1,0.0002896032435563,0.0116639999999999,445.7990112304687,1539344.0,5.465757439306025,0.0,0.1653129255340988,True,,KO,H8,1.0,d14,Plate1,/Users/pmihack/claire/tmem_2026/data/cleaved_tmem_pld3_260821/d14/TMEM_KO/TMEMKO_Plate1_d14_TMEM561LAMP1640MAP2488DAPI405_H8_F1.nd2,10
9,14531,4,0.0082582065928015,0.3499199999999999,310.61529541015625,4513551.0,0.7217842099227453,0.0,0.146132179927129,True,,KO,H8,1.0,d14,Plate1,/Users/pmihack/claire/tmem_2026/data/cleaved_tmem_pld3_260821/d14/TMEM_KO/TMEMKO_Plate1_d14_TMEM561LAMP1640MAP2488DAPI405_H8_F1.nd2,10
10,4305,0,0.0,0.0,104.45597839355467,449683.0,,0.0,0.065988613577761,True,,KO,H8,1.0,d14,Plate1,/Users/pmihack/claire/tmem_2026/data/cleaved_tmem_pld3_260821/d14/TMEM_KO/TMEMKO_Plate1_d14_TMEM561LAMP1640MAP2488DAPI405_H8_F1.nd2,10
11,14847,8,0.0444534249343301,0.96228,561.95751953125,8343383.0,7.359282450392605,0.0,0.0217956965736621,True,,KO,H8,1.0,d14,Plate1,/Users/pmihack/claire/tmem_2026/data/cleaved_tmem_pld3_260821/d14/TMEM_KO/TMEMKO_Plate1_d14_TMEM561LAMP1640MAP2488DAPI405_H8_F1.nd2,10
12,11565,16,0.0431474275832252,0.3637709999999999,841.0091552734375,9726271.0,1.802733597161632,0.0,0.0022109727357063,True,,KO,H8,1.0,d14,Plate1,/Users/pmihack/claire/tmem_2026/data/cleaved_tmem_pld3_260821/d14/TMEM_KO/TMEMKO_Plate1_d14_TMEM561LAMP1640MAP2488DAPI405_H8_F1.nd2,10
13,12182,1,0.0003283533081595,0.0466559999999999,246.7299346923828,3005664.0,,0.0,-0.0154230160156482,True,,KO,H8,1.0,d14,Plate1,/Users/pmihack/claire/tmem_2026/data/cleaved_tmem_pld3_260821/d14/TMEM_KO/TMEMKO_Plate1_d14_TMEM561LAMP1640MAP2488DAPI405_H8_F1.nd2,10
1,15626,17,0.147382567515679,1.5801289411764703,951.70556640625,14871351.0,5.450271439760626,0.0002722684585023,-0.0227459816890818,True,,KO,H8,2.0,d14,Plate1,/Users/pmihack/claire/tmem_2026/data/cleaved_tmem_pld3_260821/d14/TMEM_KO/TMEMKO_Plate1_d14_TMEM561LAMP1640MAP2488DAPI405_H8_F2.nd2,12
2,10445,6,0.20832934418382,4.230144,1266.2548828125,13226032.0,11.241054122127723,0.0,0.1798805513571661,True,,KO,H8,2.0,d14,Plate1,/Users/pmihack/claire/tmem_2026/data/cleaved_tmem_pld3_260821/d14/TMEM_KO/TMEMKO_Plate1_d14_TMEM561LAMP1640MAP2488DAPI405_H8_F2.nd2,12
3,18056,20,0.0189964554718653,0.2000375999999999,294.5762023925781,5318868.0,6.051461242825633,0.0,0.1038483271085549,True,,KO,H8,2.0,d14,Plate1,/Users/pmihack/claire/tmem_2026/data/cleaved_tmem_pld3_260821/d14/TMEM_KO/TMEMKO_Plate1_d14_TMEM561LAMP1640MAP2488DAPI405_H8_F2.nd2,12
4,16966,14,0.1558410939526111,2.202829714285714,1038.7381591796875,17623232.0,4.488399192497538,0.0010074769379571,-0.0250899195907397,True,,KO,H8,2.0,d14,Plate1,/Users/pmihack/claire/tmem_2026/data/cleaved_tmem_pld3_260821/d14/TMEM_KO/TMEMKO_Plate1_d14_TMEM561LAMP1640MAP2488DAPI405_H8_F2.nd2,12
5,3625,1,0.0016551724137931,0.0699839999999999,183.1362762451172,663869.0,14.77556523100357,0.0,-0.0524948120153577,True,,KO,H8,2.0,d14,Plate1,/Users/pmihack/claire/tmem_2026/data/cleaved_tmem_pld3_260821/d14/TMEM_KO/TMEMKO_Plate1_d14_TMEM561LAMP1640MAP2488DAPI405_H8_F2.nd2,12
6,12367,16,0.0392981321258187,0.354294,584.6173706054688,7229963.0,0.6618060305148256,0.0042297588661313,0.1190452235759515,True,,KO,H8,2.0,d14,Plate1,/Users/pmihack/claire/tmem_2026/data/cleaved_tmem_pld3_260821/d14/TMEM_KO/TMEMKO_Plate1_d14_TMEM561LAMP1640MAP2488DAPI405_H8_F2.nd2,12
7,11976,0,0.0,0.0,30.483633041381836,365072.0,,0.0,0.0211453820178265,True,,KO,H8,2.0,d14,Plate1,/Users/pmihack/claire/tmem_2026/data/cleaved_tmem_pld3_260821/d14/TMEM_KO/TMEMKO_Plate1_d14_TMEM561LAMP1640MAP2488DAPI405_H8_F2.nd2,12
8,20258,24,0.1294797117188271,1.274778,866.6987915039062,17557584.0,17.961158511577306,0.0,0.1703073569428586,True,,KO,H8,2.0,d14,Plate1,/Users/pmihack/claire/tmem_2026/data/cleaved_tmem_pld3_260821/d14/TMEM_KO/TMEMKO_Plate1_d14_TMEM561LAMP1640MAP2488DAPI405_H8_F2.nd2,12
9,12354,18,0.0405536668285575,0.3246479999999999,445.818115234375,5507637.0,14.65146757185234,0.0,0.1119604380228009,True,,KO,H8,2.0,d14,Plate1,/Users/pmihack/claire/tmem_2026/data/cleaved_tmem_pld3_260821/d14/TMEM_KO/TMEMKO_Plate1_d14_TMEM561LAMP1640MAP2488DAPI405_H8_F2.nd2,12
10,11719,24,0.0605853741786841,0.34506,636.469482421875,7458786.0,10.458744476145093,0.0,0.19696202504812,True,,KO,H8,2.0,d14,Plate1,/Users/pmihack/claire/tmem_2026/data/cleaved_tmem_pld3_260821/d14/TMEM_KO/TMEMKO_Plate1_d14_TMEM561LAMP1640MAP2488DAPI405_H8_F2.nd2,12
11,20903,3,0.0005740802755585,0.0466559999999999,203.66717529296875,4257255.0,10.073421966673862,0.0,0.182181101596526,True,,KO,H8,2.0,d14,Plate1,/Users/pmihack/claire/tmem_2026/data/cleaved_tmem_pld3_260821/d14/TMEM_KO/TMEMKO_Plate1_d14_TMEM561LAMP1640MAP2488DAPI405_H8_F2.nd2,12
12,7351,0,0.0,0.0,70.06230163574219,515028.0,,0.0,0.0752466552481427,False,border,KO,H8,2.0,d14,Plate1,/Users/pmihack/claire/tmem_2026/data/cleaved_tmem_pld3_260821/d14/TMEM_KO/TMEMKO_Plate1_d14_TMEM561LAMP1640MAP2488DAPI405_H8_F2.nd2,12
13,16582,7,0.0412495477023278,1.1397394285714284,287.15252685546875,4761563.0,22.12232888029207,0.0,0.1495775482662494,True,,KO,H8,2.0,d14,Plate1,/Users/pmihack/claire/tmem_2026/data/cleaved_tmem_pld3_260821/d14/TMEM_KO/TMEMKO_Plate1_d14_TMEM561LAMP1640MAP2488DAPI405_H8_F2.nd2,12
14,12021,13,0.0682971466600116,0.7366264615384615,522.7513427734375,6283994.0,,0.0,0.1420667056615311,True,,KO,H8,2.0,d14,Plate1,/Users/pmihack/claire/tmem_2026/data/cleaved_tmem_pld3_260821/d14/TMEM_KO/TMEMKO_Plate1_d14_TMEM561LAMP1640MAP2488DAPI405_H8_F2.nd2,12
1,22291,9,0.0477322686285945,1.378944,323.97210693359375,7221662.0,0.7887760691847204,0.0,0.0648727912051009,True,,KO,H8,3.0,d14,Plate1,/Users/pmihack/claire/tmem_2026/data/cleaved_tmem_pld3_260821/d14/TMEM_KO/TMEMKO_Plate1_d14_TMEM561LAMP1640MAP2488DAPI405_H8_F3.nd2,10
2,5109,0,0.0,0.0,11.738892555236816,59974.0,,0.0,0.0744439590223435,True,,KO,H8,3.0,d14,Plate1,/Users/pmihack/claire/tmem_2026/data/cleaved_tmem_pld3_260821/d14/TMEM_KO/TMEMKO_Plate1_d14_TMEM561LAMP1640MAP2488DAPI405_H8_F3.nd2,10
3,8073,0,0.0,0.0,95.9832763671875,774873.0,,0.0,0.1161948580768242,True,,KO,H8,3.0,d14,Plate1,/Users/pmihack/claire/tmem_2026/data/cleaved_tmem_pld3_260821/d14/TMEM_KO/TMEMKO_Plate1_d14_TMEM561LAMP1640MAP2488DAPI405_H8_F3.nd2,10
4,5345,0,0.0,0.0,11.80767059326172,63112.0,,0.0,0.1258597205028739,True,,KO,H8,3.0,d14,Plate1,/Users/pmihack/claire/tmem_2026/data/cleaved_tmem_pld3_260821/d14/TMEM_KO/TMEMKO_Plate1_d14_TMEM561LAMP1640MAP2488DAPI405_H8_F3.nd2,10
5,15308,1,0.0013718317219754,0.2449439999999999,93.73765563964844,1434936.0,5.468988900239807,0.0,0.0238072263620523,True,,KO,H8,3.0,d14,Plate1,/Users/pmihack/claire/tmem_2026/data/cleaved_tmem_pld3_260821/d14/TMEM_KO/TMEMKO_Plate1_d14_TMEM561LAMP1640MAP2488DAPI405_H8_F3.nd2,10
6,15000,6,0.1482,4.321511999999999,714.0619506835938,10710929.0,9.368180160470398,0.0,-0.0045799706245616,True,,KO,H8,3.0,d14,Plate1,/Users/pmihack/claire/tmem_2026/data/cleaved_tmem_pld3_260821/d14/TMEM_KO/TMEMKO_Plate1_d14_TMEM561LAMP1640MAP2488DAPI405_H8_F3.nd2,10
7,11228,12,0.0178126113288208,0.1944,352.4544982910156,3957359.0,8.292038365168155,0.0,0.1307946889757795,True,,KO,H8,3.0,d14,Plate1,/Users/pmihack/claire/tmem_2026/data/cleaved_tmem_pld3_260821/d14/TMEM_KO/TMEMKO_Plate1_d14_TMEM561LAMP1640MAP2488DAPI405_H8_F3.nd2,10
8,16390,12,0.0167785234899328,0.2673,220.67486572265625,3616861.0,18.19694064949686,0.0,-0.0256085152415383,True,,KO,H8,3.0,d14,Plate1,/Users/pmihack/claire/tmem_2026/data/cleaved_tmem_pld3_260821/d14/TMEM_KO/TMEMKO_Plate1_d14_TMEM561LAMP1640MAP2488DAPI405_H8_F3.nd2,10
9,15163,12,0.0388445558266833,0.572508,278.74542236328125,4226617.0,14.606125645445152,0.0,-0.0292888390101703,True,,KO,H8,3.0,d14,Plate1,/Users/pmihack/claire/tmem_2026/data/cleaved_tmem_pld3_260821/d14/TMEM_KO/TMEMKO_Plate1_d14_TMEM561LAMP1640MAP2488DAPI405_H8_F3.nd2,10
10,15306,14,0.024500196001568,0.3124285714285714,267.2304992675781,4090230.0,15.552688657405946,0.0,0.0021557477960631,True,,KO,H8,3.0,d14,Plate1,/Users/pmihack/claire/tmem_2026/data/cleaved_tmem_pld3_260821/d14/TMEM_KO/TMEMKO_Plate1_d14_TMEM561LAMP1640MAP2488DAPI405_H8_F3.nd2,10
11,3743,0,0.0,0.0,6.633182048797607,24828.0,,0.0,0.1385436897166449,True,,KO,H8,3.0,d14,Plate1,/Users/pmihack/claire/tmem_2026/data/cleaved_tmem_pld3_260821/d14/TMEM_KO/TMEMKO_Plate1_d14_TMEM561LAMP1640MAP2488DAPI405_H8_F3.nd2,10
12,22687,5,0.1450169700709657,7.674911999999999,712.288818359375,16159696.0,4.331549394234528,0.0,-0.0159779173975615,True,,KO,H8,3.0,d14,Plate1,/Users/pmihack/claire/tmem_2026/data/cleaved_tmem_pld3_260821/d14/TMEM_KO/TMEMKO_Plate1_d14_TMEM561LAMP1640MAP2488DAPI405_H8_F3.nd2,10
13,9571,0,0.0,0.0,75.82394409179688,725711.0,,0.0,-0.0768481060235555,True,,KO,H8,3.0,d14,Plate1,/Users/pmihack/claire/tmem_2026/data/cleaved_tmem_pld3_260821/d14/TMEM_KO/TMEMKO_Plate1_d14_TMEM561LAMP1640MAP2488DAPI405_H8_F3.nd2,10
14,10045,0,0.0,0.0,116.91936492919922,1174455.0,,0.0,-0.0756742495566255,True,,KO,H8,3.0,d14,Plate1,/Users/pmihack/claire/tmem_2026/data/cleaved_tmem_pld3_260821/d14/TMEM_KO/TMEMKO_Plate1_d14_TMEM561LAMP1640MAP2488DAPI405_H8_F3.nd2,10
15,21491,2,0.0023265553022195,0.2915999999999999,105.6022491455078,2269498.0,6.347836392971861,0.0,-0.0069922230297653,True,,KO,H8,3.0,d14,Plate1,/Users/pmihack/claire/tmem_2026/data/cleaved_tmem_pld3_260821/d14/TMEM_KO/TMEMKO_Plate1_d14_TMEM561LAMP1640MAP2488DAPI405_H8_F3.nd2,10
16,9310,5,0.0125671321160042,0.2729375999999999,196.31814575195312,1827722.0,17.10517070202316,0.0,-0.0234565406424184,True,,KO,H8,3.0,d14,Plate1,/Users/pmihack/claire/tmem_2026/data/cleaved_tmem_pld3_260821/d14/TMEM_KO/TMEMKO_Plate1_d14_TMEM561LAMP1640MAP2488DAPI405_H8_F3.nd2,10
17,11545,5,0.0040710264183629,0.1096415999999999,176.71009826660156,2040118.0,18.063114553838297,0.0,0.0082361791010668,True,,KO,H8,3.0,d14,Plate1,/Users/pmihack/claire/tmem_2026/data/cleaved_tmem_pld3_260821/d14/TMEM_KO/TMEMKO_Plate1_d14_TMEM561LAMP1640MAP2488DAPI405_H8_F3.nd2,10
1,7821,9,0.0260836210203298,0.264384,1061.25390625,8300067.0,1.8249086977201132,0.0,0.3461745689998975,False,border,KO,H8,4.0,d14,Plate1,/Users/pmihack/claire/tmem_2026/data/cleaved_tmem_pld3_260821/d14/TMEM_KO/TMEMKO_Plate1_d14_TMEM561LAMP1640MAP2488DAPI405_H8_F4.nd2,13
2,4089,1,0.0014673514306676,0.0699839999999999,371.0494079589844,1517221.0,48.00579677930282,0.0,0.1321789024811847,True,,KO,H8,4.0,d14,Plate1,/Users/pmihack/claire/tmem_2026/data/cleaved_tmem_pld3_260821/d14/TMEM_KO/TMEMKO_Plate1_d14_TMEM561LAMP1640MAP2488DAPI405_H8_F4.nd2,13
3,12580,12,0.0383147853736089,0.4685039999999999,815.4201049804688,10257985.0,9.359663544461997,0.0,0.2324519633991439,True,,KO,H8,4.0,d14,Plate1,/Users/pmihack/claire/tmem_2026/data/cleaved_tmem_pld3_260821/d14/TMEM_KO/TMEMKO_Plate1_d14_TMEM561LAMP1640MAP2488DAPI405_H8_F4.nd2,13
4,6766,0,0.0,0.0,103.63612365722656,701202.0,,0.0114189637824893,0.3619810943742136,True,,KO,H8,4.0,d14,Plate1,/Users/pmihack/claire/tmem_2026/data/cleaved_tmem_pld3_260821/d14/TMEM_KO/TMEMKO_Plate1_d14_TMEM561LAMP1640MAP2488DAPI405_H8_F4.nd2,13
5,9828,5,0.0081400081400081,0.1866239999999999,458.8136901855469,4509221.0,19.23693053869298,0.0,0.0795448345628943,True,,KO,H8,4.0,d14,Plate1,/Users/pmihack/claire/tmem_2026/data/cleaved_tmem_pld3_260821/d14/TMEM_KO/TMEMKO_Plate1_d14_TMEM561LAMP1640MAP2488DAPI405_H8_F4.nd2,13
6,11558,2,0.0021630039799273,0.1457999999999999,649.6726684570312,7508917.0,6.2150997188326205,0.0,0.3860301731250405,True,,KO,H8,4.0,d14,Plate1,/Users/pmihack/claire/tmem_2026/data/cleaved_tmem_pld3_260821/d14/TMEM_KO/TMEMKO_Plate1_d14_TMEM561LAMP1640MAP2488DAPI405_H8_F4.nd2,13
7,5136,1,0.0023364485981308,0.1399679999999999,738.6875,3793899.0,7.543264040121418,0.0,0.2356264104863817,True,,KO,H8,4.0,d14,Plate1,/Users/pmihack/claire/tmem_2026/data/cleaved_tmem_pld3_260821/d14/TMEM_KO/TMEMKO_Plate1_d14_TMEM561LAMP1640MAP2488DAPI405_H8_F4.nd2,13
8,7921,1,0.0003787400580734,0.0349919999999999,286.291259765625,2267713.0,18.51153242597256,0.0,0.0310728685045702,True,,KO,H8,4.0,d14,Plate1,/Users/pmihack/claire/tmem_2026/data/cleaved_tmem_pld3_260821/d14/TMEM_KO/TMEMKO_Plate1_d14_TMEM561LAMP1640MAP2488DAPI405_H8_F4.nd2,13
9,13118,1,0.0012959292575087,0.198288,536.1696166992188,7033473.0,16.308063292598632,0.0014311564154922,0.073499849781415,True,,KO,H8,4.0,d14,Plate1,/Users/pmihack/claire/tmem_2026/data/cleaved_tmem_pld3_260821/d14/TMEM_KO/TMEMKO_Plate1_d14_TMEM561LAMP1640MAP2488DAPI405_H8_F4.nd2,13
10,9034,2,0.0081912773965021,0.4315679999999999,172.53231811523438,1558657.0,17.128533214417946,0.0,-0.0136908340090053,True,,KO,H8,4.0,d14,Plate1,/Users/pmihack/claire/tmem_2026/data/cleaved_tmem_pld3_260821/d14/TMEM_KO/TMEMKO_Plate1_d14_TMEM561LAMP1640MAP2488DAPI405_H8_F4.nd2,13
11,14403,5,0.0045823786711101,0.1539647999999999,637.3280029296875,9179435.0,8.911465317633654,0.0024882794823497,0.2005823312451325,True,,KO,H8,4.0,d14,Plate1,/Users/pmihack/claire/tmem_2026/data/cleaved_tmem_pld3_260821/d14/TMEM_KO/TMEMKO_Plate1_d14_TMEM561LAMP1640MAP2488DAPI405_H8_F4.nd2,13
12,9173,2,0.0015262182492096,0.081648,621.838134765625,5704121.0,8.433886683193274,0.0,0.2303534998979923,True,,KO,H8,4.0,d14,Plate1,/Users/pmihack/claire/tmem_2026/data/cleaved_tmem_pld3_260821/d14/TMEM_KO/TMEMKO_Plate1_d14_TMEM561LAMP1640MAP2488DAPI405_H8_F4.nd2,13
13,8361,10,0.0125583064226767,0.1224719999999999,924.2178955078124,7727386.0,9.475329462667158,0.0,0.102365356362017,True,,KO,H8,4.0,d14,Plate1,/Users/pmihack/claire/tmem_2026/data/cleaved_tmem_pld3_260821/d14/TMEM_KO/TMEMKO_Plate1_d14_TMEM561LAMP1640MAP2488DAPI405_H8_F4.nd2,13
14,13282,11,0.0381719620539075,0.5376043636363637,831.841796875,11048523.0,20.35276999165659,0.0,0.2144070008257032,False,border,KO,H8,4.0,d14,Plate1,/Users/pmihack/claire/tmem_2026/data/cleaved_tmem_pld3_260821/d14/TMEM_KO/TMEMKO_Plate1_d14_TMEM561LAMP1640MAP2488DAPI405_H8_F4.nd2,13
15,6732,0,0.0,0.0,380.1595458984375,2559234.0,,0.0,0.4011576201671543,True,,KO,H8,4.0,d14,Plate1,/Users/pmihack/claire/tmem_2026/data/cleaved_tmem_pld3_260821/d14/TMEM_KO/TMEMKO_Plate1_d14_TMEM561LAMP1640MAP2488DAPI405_H8_F4.nd2,13
16,22216,7,0.0178700036010082,0.6615154285714285,534.6691284179688,11878209.0,5.04500809369446,2.677171323739458e-05,0.0804746340186469,True,,KO,H8,4.0,d14,Plate1,/Users/pmihack/claire/tmem_2026/data/cleaved_tmem_pld3_260821/d14/TMEM_KO/TMEMKO_Plate1_d14_TMEM561LAMP1640MAP2488DAPI405_H8_F4.nd2,13
17,11644,7,0.056338028169014,1.0930834285714284,975.3779907226562,11357301.0,14.361970812050089,0.0,0.1744022204682975,True,,KO,H8,4.0,d14,Plate1,/Users/pmihack/claire/tmem_2026/data/cleaved_tmem_pld3_260821/d14/TMEM_KO/TMEMKO_Plate1_d14_TMEM561LAMP1640MAP2488DAPI405_H8_F4.nd2,13
18,16927,7,0.0098658947244047,0.2782697142857143,611.1819458007812,10345477.0,10.539511896034348,0.0,0.1549397818255081,True,,KO,H8,4.0,d14,Plate1,/Users/pmihack/claire/tmem_2026/data/cleaved_tmem_pld3_260821/d14/TMEM_KO/TMEMKO_Plate1_d14_TMEM561LAMP1640MAP2488DAPI405_H8_F4.nd2,13
19,15973,0,0.0,0.0,733.544921875,11716913.0,,0.0,0.2599574797566337,True,,KO,H8,4.0,d14,Plate1,/Users/pmihack/claire/tmem_2026/data/cleaved_tmem_pld3_260821/d14/TMEM_KO/TMEMKO_Plate1_d14_TMEM561LAMP1640MAP2488DAPI405_H8_F4.nd2,13
20,11416,4,0.0500175192711983,1.665036,1039.3519287109375,11865241.0,32.81211487074402,0.0,0.2327241281527081,True,,KO,H8,4.0,d14,Plate1,/Users/pmihack/claire/tmem_2026/data/cleaved_tmem_pld3_260821/d14/TMEM_KO/TMEMKO_Plate1_d14_TMEM561LAMP1640MAP2488DAPI405_H8_F4.nd2,13
21,5529,3,0.0032555615843733,0.0699839999999999,706.830322265625,3908065.0,11.743617020769529,0.0,0.2843025763573989,True,,KO,H8,4.0,d14,Plate1,/Users/pmihack/claire/tmem_2026/data/cleaved_tmem_pld3_260821/d14/TMEM_KO/TMEMKO_Plate1_d14_TMEM561LAMP1640MAP2488DAPI405_H8_F4.nd2,13
22,16940,5,0.001534828807556,0.0606528,613.323974609375,10389708.0,23.130915779592744,0.0002663212362676,0.1669361203576393,True,,KO,H8,4.0,d14,Plate1,/Users/pmihack/claire/tmem_2026/data/cleaved_tmem_pld3_260821/d14/TMEM_KO/TMEMKO_Plate1_d14_TMEM561LAMP1640MAP2488DAPI405_H8_F4.nd2,13
23,8258,2,0.0087188181157665,0.4199039999999999,963.667724609375,7957968.0,15.52427514877647,0.0002500638365745,0.0003423581061502,True,,KO,H8,4.0,d14,Plate1,/Users/pmihack/claire/tmem_2026/data/cleaved_tmem_pld3_260821/d14/TMEM_KO/TMEMKO_Plate1_d14_TMEM561LAMP1640MAP2488DAPI405_H8_F4.nd2,13
24,8629,3,0.0117047166531463,0.3926879999999999,409.8038024902344,3536197.0,19.224150299372475,0.0,0.0758886600077855,True,,KO,H8,4.0,d14,Plate1,/Users/pmihack/claire/tmem_2026/data/cleaved_tmem_pld3_260821/d14/TMEM_KO/TMEMKO_Plate1_d14_TMEM561LAMP1640MAP2488DAPI405_H8_F4.nd2,13
25,6906,7,0.0160729800173761,0.1849577142857142,823.4300537109375,5686608.0,25.35001262322763,0.0,0.178728692895274,True,,KO,H8,4.0,d14,Plate1,/Users/pmihack/claire/tmem_2026/data/cleaved_tmem_pld3_260821/d14/TMEM_KO/TMEMKO_Plate1_d14_TMEM561LAMP1640MAP2488DAPI405_H8_F4.nd2,13
26,20056,8,0.0039888312724371,0.11664,382.4117431640625,7669650.0,12.585717568100614,1.382070877298247e-05,0.0297907210183359,True,,KO,H8,4.0,d14,Plate1,/Users/pmihack/claire/tmem_2026/data/cleaved_tmem_pld3_260821/d14/TMEM_KO/TMEMKO_Plate1_d14_TMEM561LAMP1640MAP2488DAPI405_H8_F4.nd2,13
27,28065,4,0.0009620523784072,0.078732,241.3739471435547,6774160.0,12.165217444146368,0.0,0.2235705813726534,True,,KO,H8,4.0,d14,Plate1,/Users/pmihack/claire/tmem_2026/data/cleaved_tmem_pld3_260821/d14/TMEM_KO/TMEMKO_Plate1_d14_TMEM561LAMP1640MAP2488DAPI405_H8_F4.nd2,13
28,4836,0,0.0,0.0,166.2179412841797,803830.0,,0.0,0.011925916281029,True,,KO,H8,4.0,d14,Plate1,/Users/pmihack/claire/tmem_2026/data/cleaved_tmem_pld3_260821/d14/TMEM_KO/TMEMKO_Plate1_d14_TMEM561LAMP1640MAP2488DAPI405_H8_F4.nd2,13
29,7470,4,0.0046854082998661,0.10206,750.4710693359375,5606019.0,27.869180989604732,0.0,0.1232991548794724,True,,KO,H8,4.0,d14,Plate1,/Users/pmihack/claire/tmem_2026/data/cleaved_tmem_pld3_260821/d14/TMEM_KO/TMEMKO_Plate1_d14_TMEM561LAMP1640MAP2488DAPI405_H8_F4.nd2,13
30,16518,17,0.023973846712677,0.2717025882352941,873.121826171875,14422226.0,10.289633540775148,0.0,0.214551563824357,True,,KO,H8,4.0,d14,Plate1,/Users/pmihack/claire/tmem_2026/data/cleaved_tmem_pld3_260821/d14/TMEM_KO/TMEMKO_Plate1_d14_TMEM561LAMP1640MAP2488DAPI405_H8_F4.nd2,13
31,8501,0,0.0,0.0,82.14610290527344,698324.0,,0.0,0.0808707502372701,True,,KO,H8,4.0,d14,Plate1,/Users/pmihack/claire/tmem_2026/data/cleaved_tmem_pld3_260821/d14/TMEM_KO/TMEMKO_Plate1_d14_TMEM561LAMP1640MAP2488DAPI405_H8_F4.nd2,13
32,8101,4,0.0060486359708677,0.1428839999999999,852.6153564453125,6907037.0,15.79867523332008,0.0003522494516801,-0.0311040631936523,True,,KO,H8,4.0,d14,Plate1,/Users/pmihack/claire/tmem_2026/data/cleaved_tmem_pld3_260821/d14/TMEM_KO/TMEMKO_Plate1_d14_TMEM561LAMP1640MAP2488DAPI405_H8_F4.nd2,13
1,28553,7,0.0024165586803488,0.1149737142857142,148.63807678222656,4244063.0,7.801539748021899,0.0,0.1169878918050469,True,,Control,C17,1.0,d14,Plate1,/Users/pmihack/claire/tmem_2026/data/cleaved_tmem_pld3_260821/d14/Z59_PLD_Control/PLD3Control_Plate1_d14_TMEM561LAMP1640MAP2488DAPI405_C17_F1.nd2,10
2,12995,1,0.0010773374374759,0.163296,137.53036499023438,1787207.0,25.680671918752328,0.0,0.2382359290976169,True,,Control,C17,1.0,d14,Plate1,/Users/pmihack/claire/tmem_2026/data/cleaved_tmem_pld3_260821/d14/Z59_PLD_Control/PLD3Control_Plate1_d14_TMEM561LAMP1640MAP2488DAPI405_C17_F1.nd2,10
3,20574,12,0.0187129386604452,0.37422,420.3685302734375,8648662.0,8.805204289145871,0.0,0.0190164720084922,True,,Control,C17,1.0,d14,Plate1,/Users/pmihack/claire/tmem_2026/data/cleaved_tmem_pld3_260821/d14/Z59_PLD_Control/PLD3Control_Plate1_d14_TMEM561LAMP1640MAP2488DAPI405_C17_F1.nd2,10
4,15725,24,0.0447058823529411,0.3416579999999999,784.9232177734375,12342918.0,12.22259924130936,0.0,0.068084626364133,True,,Control,C17,1.0,d14,Plate1,/Users/pmihack/claire/tmem_2026/data/cleaved_tmem_pld3_260821/d14/Z59_PLD_Control/PLD3Control_Plate1_d14_TMEM561LAMP1640MAP2488DAPI405_C17_F1.nd2,10
5,12246,5,0.0146170178017311,0.4175711999999999,294.03985595703125,3600812.0,26.518704975779205,0.0,0.1012940686254815,True,,Control,C17,1.0,d14,Plate1,/Users/pmihack/claire/tmem_2026/data/cleaved_tmem_pld3_260821/d14/Z59_PLD_Control/PLD3Control_Plate1_d14_TMEM561LAMP1640MAP2488DAPI405_C17_F1.nd2,10
6,3255,0,0.0,0.0,13.504454612731934,43957.0,,0.0,-0.017203163035621,True,,Control,C17,1.0,d14,Plate1,/Users/pmihack/claire/tmem_2026/data/cleaved_tmem_pld3_260821/d14/Z59_PLD_Control/PLD3Control_Plate1_d14_TMEM561LAMP1640MAP2488DAPI405_C17_F1.nd2,10
7,12091,0,0.0,0.0,122.33554077148438,1479159.0,,0.0,0.1286547294825786,True,,Control,C17,1.0,d14,Plate1,/Users/pmihack/claire/tmem_2026/data/cleaved_tmem_pld3_260821/d14/Z59_PLD_Control/PLD3Control_Plate1_d14_TMEM561LAMP1640MAP2488DAPI405_C17_F1.nd2,10
8,11458,5,0.004974690172805,0.1329696,367.6824035644531,4212905.0,14.566952130446152,0.0,0.2776688877546383,True,,Control,C17,1.0,d14,Plate1,/Users/pmihack/claire/tmem_2026/data/cleaved_tmem_pld3_260821/d14/Z59_PLD_Control/PLD3Control_Plate1_d14_TMEM561LAMP1640MAP2488DAPI405_C17_F1.nd2,10
9,9862,3,0.0041573717298722,0.1594079999999999,251.02130126953125,2475572.0,21.694221715324137,0.0,0.1223573619189604,True,,Control,C17,1.0,d14,Plate1,/Users/pmihack/claire/tmem_2026/data/cleaved_tmem_pld3_260821/d14/Z59_PLD_Control/PLD3Control_Plate1_d14_TMEM561LAMP1640MAP2488DAPI405_C17_F1.nd2,10
10,8108,2,0.0019733596447952,0.0933119999999999,284.7154541015625,2308473.0,17.08923936458597,0.0,0.3045996962276915,True,,Control,C17,1.0,d14,Plate1,/Users/pmihack/claire/tmem_2026/data/cleaved_tmem_pld3_260821/d14/Z59_PLD_Control/PLD3Control_Plate1_d14_TMEM561LAMP1640MAP2488DAPI405_C17_F1.nd2,10
11,5514,2,0.0054406964091403,0.1749599999999999,263.2691345214844,1451666.0,27.735263823576496,0.0,0.070813548944302,True,,Control,C17,1.0,d14,Plate1,/Users/pmihack/claire/tmem_2026/data/cleaved_tmem_pld3_260821/d14/Z59_PLD_Control/PLD3Control_Plate1_d14_TMEM561LAMP1640MAP2488DAPI405_C17_F1.nd2,10
1,13915,1,0.0011498383039885,0.1866239999999999,167.32525634765625,2328331.0,18.64874903055144,0.0,0.0298664373597772,True,,Control,C17,2.0,d14,Plate1,/Users/pmihack/claire/tmem_2026/data/cleaved_tmem_pld3_260821/d14/Z59_PLD_Control/PLD3Control_Plate1_d14_TMEM561LAMP1640MAP2488DAPI405_C17_F2.nd2,14
2,10393,0,0.0,0.0,134.1493377685547,1394214.0,,0.0,0.1402845122220991,True,,Control,C17,2.0,d14,Plate1,/Users/pmihack/claire/tmem_2026/data/cleaved_tmem_pld3_260821/d14/Z59_PLD_Control/PLD3Control_Plate1_d14_TMEM561LAMP1640MAP2488DAPI405_C17_F2.nd2,14
3,2310,0,0.0,0.0,25.82294464111328,59651.0,,0.0,0.3223349879250664,True,,Control,C17,2.0,d14,Plate1,/Users/pmihack/claire/tmem_2026/data/cleaved_tmem_pld3_260821/d14/Z59_PLD_Control/PLD3Control_Plate1_d14_TMEM561LAMP1640MAP2488DAPI405_C17_F2.nd2,14
4,14080,0,0.0,0.0,106.28302764892578,1496465.0,,0.0,0.122003311903664,True,,Control,C17,2.0,d14,Plate1,/Users/pmihack/claire/tmem_2026/data/cleaved_tmem_pld3_260821/d14/Z59_PLD_Control/PLD3Control_Plate1_d14_TMEM561LAMP1640MAP2488DAPI405_C17_F2.nd2,14
5,10138,1,0.0030578023278753,0.3615839999999999,253.2665252685547,2567616.0,2.2905765398128675,5.4525287850992754e-05,0.0069474830865358,False,abnormal_nucleus,Control,C17,2.0,d14,Plate1,/Users/pmihack/claire/tmem_2026/data/cleaved_tmem_pld3_260821/d14/Z59_PLD_Control/PLD3Control_Plate1_d14_TMEM561LAMP1640MAP2488DAPI405_C17_F2.nd2,14
6,12875,1,0.0001553398058252,0.0233279999999999,165.78477478027344,2134479.0,0.8293478265832033,0.0,0.0518868486481833,True,,Control,C17,2.0,d14,Plate1,/Users/pmihack/claire/tmem_2026/data/cleaved_tmem_pld3_260821/d14/Z59_PLD_Control/PLD3Control_Plate1_d14_TMEM561LAMP1640MAP2488DAPI405_C17_F2.nd2,14
7,14124,2,0.0009912206173888,0.081648,228.8251190185547,3231926.0,22.808061081046333,0.0,0.0982054841487502,True,,Control,C17,2.0,d14,Plate1,/Users/pmihack/claire/tmem_2026/data/cleaved_tmem_pld3_260821/d14/Z59_PLD_Control/PLD3Control_Plate1_d14_TMEM561LAMP1640MAP2488DAPI405_C17_F2.nd2,14
8,12730,0,0.0,0.0,222.96197509765625,2838306.0,,0.0,0.1114896153448256,True,,Control,C17,2.0,d14,Plate1,/Users/pmihack/claire/tmem_2026/data/cleaved_tmem_pld3_260821/d14/Z59_PLD_Control/PLD3Control_Plate1_d14_TMEM561LAMP1640MAP2488DAPI405_C17_F2.nd2,14
9,7137,3,0.0056045957685301,0.15552,351.3741149902344,2507757.0,38.56428623976811,4.585771239362657e-05,-0.0410183147964959,True,,Control,C17,2.0,d14,Plate1,/Users/pmihack/claire/tmem_2026/data/cleaved_tmem_pld3_260821/d14/Z59_PLD_Control/PLD3Control_Plate1_d14_TMEM561LAMP1640MAP2488DAPI405_C17_F2.nd2,14
10,13392,6,0.0043309438470728,0.1127519999999999,402.4938659667969,5390198.0,13.910491730030923,0.0002803236420731,0.0378905168082237,True,,Control,C17,2.0,d14,Plate1,/Users/pmihack/claire/tmem_2026/data/cleaved_tmem_pld3_260821/d14/Z59_PLD_Control/PLD3Control_Plate1_d14_TMEM561LAMP1640MAP2488DAPI405_C17_F2.nd2,14
11,8845,1,0.000791407574901,0.081648,50.87947845458984,450029.0,20.75894988134079,0.0,0.0068710500347723,True,,Control,C17,2.0,d14,Plate1,/Users/pmihack/claire/tmem_2026/data/cleaved_tmem_pld3_260821/d14/Z59_PLD_Control/PLD3Control_Plate1_d14_TMEM561LAMP1640MAP2488DAPI405_C17_F2.nd2,14
12,13134,0,0.0,0.0,173.347412109375,2276745.0,,0.0,0.2737333262386406,False,abnormal_nucleus,Control,C17,2.0,d14,Plate1,/Users/pmihack/claire/tmem_2026/data/cleaved_tmem_pld3_260821/d14/Z59_PLD_Control/PLD3Control_Plate1_d14_TMEM561LAMP1640MAP2488DAPI405_C17_F2.nd2,14
13,8664,1,0.0003462603878116,0.0349919999999999,164.84799194335938,1428243.0,27.34709872467593,0.0,0.0716208056389186,False,border,Control,C17,2.0,d14,Plate1,/Users/pmihack/claire/tmem_2026/data/cleaved_tmem_pld3_260821/d14/Z59_PLD_Control/PLD3Control_Plate1_d14_TMEM561LAMP1640MAP2488DAPI405_C17_F2.nd2,14
1,15631,11,0.0244386155716204,0.405058909090909,463.5198669433594,7245279.0,4.3972435317473195,0.0,0.1228372834488513,True,,Control,C17,3.0,d14,Plate1,/Users/pmihack/claire/tmem_2026/data/cleaved_tmem_pld3_260821/d14/Z59_PLD_Control/PLD3Control_Plate1_d14_TMEM561LAMP1640MAP2488DAPI405_C17_F3.nd2,12
2,16878,6,0.003673421021448,0.120528,186.2518615722656,3143559.0,16.075766862296895,0.0,0.0364148122110358,True,,Control,C17,3.0,d14,Plate1,/Users/pmihack/claire/tmem_2026/data/cleaved_tmem_pld3_260821/d14/Z59_PLD_Control/PLD3Control_Plate1_d14_TMEM561LAMP1640MAP2488DAPI405_C17_F3.nd2,12
3,6580,5,0.0080547112462006,0.1236383999999999,642.7986450195312,4229615.0,17.825967333452642,0.0,0.045377438099389,True,,Control,C17,3.0,d14,Plate1,/Users/pmihack/claire/tmem_2026/data/cleaved_tmem_pld3_260821/d14/Z59_PLD_Control/PLD3Control_Plate1_d14_TMEM561LAMP1640MAP2488DAPI405_C17_F3.nd2,12
4,20317,6,0.0085150366687995,0.3363119999999999,291.802734375,5928556.0,6.162947712671025,0.0,0.0430725817433102,True,,Control,C17,3.0,d14,Plate1,/Users/pmihack/claire/tmem_2026/data/cleaved_tmem_pld3_260821/d14/Z59_PLD_Control/PLD3Control_Plate1_d14_TMEM561LAMP1640MAP2488DAPI405_C17_F3.nd2,12
5,14118,7,0.0099164187561977,0.23328,362.9638671875,5124324.0,7.19013518348841,0.0,0.2144652555264118,True,,Control,C17,3.0,d14,Plate1,/Users/pmihack/claire/tmem_2026/data/cleaved_tmem_pld3_260821/d14/Z59_PLD_Control/PLD3Control_Plate1_d14_TMEM561LAMP1640MAP2488DAPI405_C17_F3.nd2,12
6,4233,0,0.0,0.0,148.41673278808594,628248.0,,0.0,-0.0195308541211117,True,,Control,C17,3.0,d14,Plate1,/Users/pmihack/claire/tmem_2026/data/cleaved_tmem_pld3_260821/d14/Z59_PLD_Control/PLD3Control_Plate1_d14_TMEM561LAMP1640MAP2488DAPI405_C17_F3.nd2,12
7,21697,8,0.0052080932847859,0.1647539999999999,189.5402984619141,4112456.0,6.364454387264337,0.0,0.2409969857226527,True,,Control,C17,3.0,d14,Plate1,/Users/pmihack/claire/tmem_2026/data/cleaved_tmem_pld3_260821/d14/Z59_PLD_Control/PLD3Control_Plate1_d14_TMEM561LAMP1640MAP2488DAPI405_C17_F3.nd2,12
8,16477,17,0.0625720701584026,0.707387294117647,911.1360473632812,15012789.0,1.6046544035976849,0.0,0.0509800879735849,True,,Control,C17,3.0,d14,Plate1,/Users/pmihack/claire/tmem_2026/data/cleaved_tmem_pld3_260821/d14/Z59_PLD_Control/PLD3Control_Plate1_d14_TMEM561LAMP1640MAP2488DAPI405_C17_F3.nd2,12
9,17095,2,0.0003509798186604,0.0349919999999999,159.6811981201172,2729750.0,6.529110239175501,0.0,0.1047181776913666,True,,Control,C17,3.0,d14,Plate1,/Users/pmihack/claire/tmem_2026/data/cleaved_tmem_pld3_260821/d14/Z59_PLD_Control/PLD3Control_Plate1_d14_TMEM561LAMP1640MAP2488DAPI405_C17_F3.nd2,12
10,19285,7,0.0035260565206118,0.1133074285714285,166.7410888671875,3215602.0,14.71036202907804,0.0,0.1080684856732125,True,,Control,C17,3.0,d14,Plate1,/Users/pmihack/claire/tmem_2026/data/cleaved_tmem_pld3_260821/d14/Z59_PLD_Control/PLD3Control_Plate1_d14_TMEM561LAMP1640MAP2488DAPI405_C17_F3.nd2,12
11,15568,6,0.0057168550873586,0.173016,282.9689025878906,4405260.0,9.065843970979918,0.0006381008424796,0.0548344195083975,True,,Control,C17,3.0,d14,Plate1,/Users/pmihack/claire/tmem_2026/data/cleaved_tmem_pld3_260821/d14/Z59_PLD_Control/PLD3Control_Plate1_d14_TMEM561LAMP1640MAP2488DAPI405_C17_F3.nd2,12
12,18114,1,0.0008280887711162,0.1749599999999999,131.5462646484375,2382829.0,14.195770093678528,0.0,0.128495443936104,True,,Control,C17,3.0,d14,Plate1,/Users/pmihack/claire/tmem_2026/data/cleaved_tmem_pld3_260821/d14/Z59_PLD_Control/PLD3Control_Plate1_d14_TMEM561LAMP1640MAP2488DAPI405_C17_F3.nd2,12
13,23179,15,0.016609862375426,0.299376,367.0682067871094,8508274.0,10.748132872314551,0.0,0.1157219192831768,True,,Control,C17,3.0,d14,Plate1,/Users/pmihack/claire/tmem_2026/data/cleaved_tmem_pld3_260821/d14/Z59_PLD_Control/PLD3Control_Plate1_d14_TMEM561LAMP1640MAP2488DAPI405_C17_F3.nd2,12
14,11823,10,0.0612365727818658,0.8444736,826.4201049804688,9770765.0,18.686488123924033,0.0,0.1515831242059352,True,,Control,C17,3.0,d14,Plate1,/Users/pmihack/claire/tmem_2026/data/cleaved_tmem_pld3_260821/d14/Z59_PLD_Control/PLD3Control_Plate1_d14_TMEM561LAMP1640MAP2488DAPI405_C17_F3.nd2,12
15,14921,2,0.0007372160042892,0.064152,208.42811584472656,3109956.0,11.975159610106347,0.0,0.0012042160081182,True,,Control,C17,3.0,d14,Plate1,/Users/pmihack/claire/tmem_2026/data/cleaved_tmem_pld3_260821/d14/Z59_PLD_Control/PLD3Control_Plate1_d14_TMEM561LAMP1640MAP2488DAPI405_C17_F3.nd2,12
16,26549,4,0.0024106369354777,0.1866239999999999,171.16139221191406,4544164.0,8.136766537908303,0.0,0.0333762229991148,True,,Control,C17,3.0,d14,Plate1,/Users/pmihack/claire/tmem_2026/data/cleaved_tmem_pld3_260821/d14/Z59_PLD_Control/PLD3Control_Plate1_d14_TMEM561LAMP1640MAP2488DAPI405_C17_F3.nd2,12
17,21583,8,0.0042626140944261,0.1341359999999999,221.5122528076172,4780899.0,9.574514672411109,0.0,0.0454383450856685,True,,Control,C17,3.0,d14,Plate1,/Users/pmihack/claire/tmem_2026/data/cleaved_tmem_pld3_260821/d14/Z59_PLD_Control/PLD3Control_Plate1_d14_TMEM561LAMP1640MAP2488DAPI405_C17_F3.nd2,12
18,20936,10,0.0050152846771111,0.1224719999999999,219.8890380859375,4603597.0,17.777601335098097,0.0001865932281361,0.0068660613971143,True,,Control,C17,3.0,d14,Plate1,/Users/pmihack/claire/tmem_2026/data/cleaved_tmem_pld3_260821/d14/Z59_PLD_Control/PLD3Control_Plate1_d14_TMEM561LAMP1640MAP2488DAPI405_C17_F3.nd2,12
1,6321,0,0.0,0.0,66.77598571777344,422091.0,,0.0,0.0582002800099275,True,,Control,C17,4.0,d14,Plate1,/Users/pmihack/claire/tmem_2026/data/cleaved_tmem_pld3_260821/d14/Z59_PLD_Control/PLD3Control_Plate1_d14_TMEM561LAMP1640MAP2488DAPI405_C17_F4.nd2,8
2,4326,0,0.0,0.0,42.670135498046875,184591.0,,0.0,0.0741442162046455,True,,Control,C17,4.0,d14,Plate1,/Users/pmihack/claire/tmem_2026/data/cleaved_tmem_pld3_260821/d14/Z59_PLD_Control/PLD3Control_Plate1_d14_TMEM561LAMP1640MAP2488DAPI405_C17_F4.nd2,8
3,17616,0,0.0,0.0,70.90917205810547,1249136.0,,0.0,-0.0471100176480199,True,,Control,C17,4.0,d14,Plate1,/Users/pmihack/claire/tmem_2026/data/cleaved_tmem_pld3_260821/d14/Z59_PLD_Control/PLD3Control_Plate1_d14_TMEM561LAMP1640MAP2488DAPI405_C17_F4.nd2,8
4,8955,0,0.0,0.0,3.84209942817688,34406.0,,0.0,-0.0043838236549575,True,,Control,C17,4.0,d14,Plate1,/Users/pmihack/claire/tmem_2026/data/cleaved_tmem_pld3_260821/d14/Z59_PLD_Control/PLD3Control_Plate1_d14_TMEM561LAMP1640MAP2488DAPI405_C17_F4.nd2,8
5,6677,0,0.0,0.0,12.073685646057127,80616.0,,0.0,0.0704033460756415,True,,Control,C17,4.0,d14,Plate1,/Users/pmihack/claire/tmem_2026/data/cleaved_tmem_pld3_260821/d14/Z59_PLD_Control/PLD3Control_Plate1_d14_TMEM561LAMP1640MAP2488DAPI405_C17_F4.nd2,8
6,17565,0,0.0,0.0,73.79151916503906,1296148.0,,0.0,-0.1411680922477187,True,,Control,C17,4.0,d14,Plate1,/Users/pmihack/claire/tmem_2026/data/cleaved_tmem_pld3_260821/d14/Z59_PLD_Control/PLD3Control_Plate1_d14_TMEM561LAMP1640MAP2488DAPI405_C17_F4.nd2,8
7,5504,0,0.0,0.0,39.77707290649414,218933.0,,0.0,-0.1039343087808391,True,,Control,C17,4.0,d14,Plate1,/Users/pmihack/claire/tmem_2026/data/cleaved_tmem_pld3_260821/d14/Z59_PLD_Control/PLD3Control_Plate1_d14_TMEM561LAMP1640MAP2488DAPI405_C17_F4.nd2,8
8,13302,0,0.0,0.0,52.91444778442383,703868.0,,0.0,-0.0194057954455985,True,,Control,C17,4.0,d14,Plate1,/Users/pmihack/claire/tmem_2026/data/cleaved_tmem_pld3_260821/d14/Z59_PLD_Control/PLD3Control_Plate1_d14_TMEM561LAMP1640MAP2488DAPI405_C17_F4.nd2,8
9,11095,0,0.0,0.0,28.899864196777344,320644.0,,0.0,-0.0198955434429224,True,,Control,C17,4.0,d14,Plate1,/Users/pmihack/claire/tmem_2026/data/cleaved_tmem_pld3_260821/d14/Z59_PLD_Control/PLD3Control_Plate1_d14_TMEM561LAMP1640MAP2488DAPI405_C17_F4.nd2,8
10,12256,0,0.0,0.0,45.58208084106445,558654.0,,0.0,-0.0175565475202092,True,,Control,C17,4.0,d14,Plate1,/Users/pmihack/claire/tmem_2026/data/cleaved_tmem_pld3_260821/d14/Z59_PLD_Control/PLD3Control_Plate1_d14_TMEM561LAMP1640MAP2488DAPI405_C17_F4.nd2,8
11,21601,0,0.0,0.0,44.10221862792969,952652.0,,0.0005552919465117,-0.0212084118498209,True,,Control,C17,4.0,d14,Plate1,/Users/pmihack/claire/tmem_2026/data/cleaved_tmem_pld3_260821/d14/Z59_PLD_Control/PLD3Control_Plate1_d14_TMEM561LAMP1640MAP2488DAPI405_C17_F4.nd2,8
12,9482,0,0.0,0.0,44.59175109863281,422819.0,,0.0,-0.0154561081107596,True,,Control,C17,4.0,d14,Plate1,/Users/pmihack/claire/tmem_2026/data/cleaved_tmem_pld3_260821/d14/Z59_PLD_Control/PLD3Control_Plate1_d14_TMEM561LAMP1640MAP2488DAPI405_C17_F4.nd2,8
13,6441,0,0.0,0.0,5.355224132537842,34493.0,,0.0,0.030748474735385,True,,Control,C17,4.0,d14,Plate1,/Users/pmihack/claire/tmem_2026/data/cleaved_tmem_pld3_260821/d14/Z59_PLD_Control/PLD3Control_Plate1_d14_TMEM561LAMP1640MAP2488DAPI405_C17_F4.nd2,8
14,10003,0,0.0,0.0,53.25302505493164,532690.0,,0.0,0.6085648099484922,True,,Control,C17,4.0,d14,Plate1,/Users/pmihack/claire/tmem_2026/data/cleaved_tmem_pld3_260821/d14/Z59_PLD_Control/PLD3Control_Plate1_d14_TMEM561LAMP1640MAP2488DAPI405_C17_F4.nd2,8
1,12910,7,0.0347017815646785,0.7464959999999999,466.5462341308594,6023112.0,0.7880605394922972,0.0,0.3112639267773927,True,,Control,D17,1.0,d14,Plate1,/Users/pmihack/claire/tmem_2026/data/cleaved_tmem_pld3_260821/d14/Z59_PLD_Control/PLD3Control_Plate1_d14_TMEM561LAMP1640MAP2488DAPI405_D17_F1.nd2,8
2,7407,5,0.1044957472660996,1.8055872,1240.311279296875,9186986.0,0.321454701594739,0.0,0.4614183054837809,True,,Control,D17,1.0,d14,Plate1,/Users/pmihack/claire/tmem_2026/data/cleaved_tmem_pld3_260821/d14/Z59_PLD_Control/PLD3Control_Plate1_d14_TMEM561LAMP1640MAP2488DAPI405_D17_F1.nd2,8
3,3104,8,0.0634664948453608,0.287226,1147.4552001953125,3561701.0,37.45929757740248,0.0,0.2719578423574841,True,,Control,D17,1.0,d14,Plate1,/Users/pmihack/claire/tmem_2026/data/cleaved_tmem_pld3_260821/d14/Z59_PLD_Control/PLD3Control_Plate1_d14_TMEM561LAMP1640MAP2488DAPI405_D17_F1.nd2,8
4,7645,2,0.0052321778940483,0.23328,213.69876098632812,1633727.0,11.586774069150556,0.0,-0.0059954323428128,True,,Control,D17,1.0,d14,Plate1,/Users/pmihack/claire/tmem_2026/data/cleaved_tmem_pld3_260821/d14/Z59_PLD_Control/PLD3Control_Plate1_d14_TMEM561LAMP1640MAP2488DAPI405_D17_F1.nd2,8
5,11085,6,0.0079386558412268,0.1710719999999999,301.1408996582031,3338147.0,19.75853477943873,0.0,0.1781955130821632,False,abnormal_nucleus,Control,D17,1.0,d14,Plate1,/Users/pmihack/claire/tmem_2026/data/cleaved_tmem_pld3_260821/d14/Z59_PLD_Control/PLD3Control_Plate1_d14_TMEM561LAMP1640MAP2488DAPI405_D17_F1.nd2,8
1,5426,4,0.0908588278658311,1.437588,508.11224365234375,2757017.0,37.10124659335771,0.0,0.1532887250640442,True,,Control,D17,2.0,d14,Plate1,/Users/pmihack/claire/tmem_2026/data/cleaved_tmem_pld3_260821/d14/Z59_PLD_Control/PLD3Control_Plate1_d14_TMEM561LAMP1640MAP2488DAPI405_D17_F2.nd2,9
2,21821,19,0.0434443884331607,0.5819722105263158,353.65252685546875,7717052.0,1.3001627736652377,0.0,0.0403366773904987,True,,Control,D17,2.0,d14,Plate1,/Users/pmihack/claire/tmem_2026/data/cleaved_tmem_pld3_260821/d14/Z59_PLD_Control/PLD3Control_Plate1_d14_TMEM561LAMP1640MAP2488DAPI405_D17_F2.nd2,9
3,10334,5,0.0137410489645829,0.3312575999999999,140.00213623046875,1446782.0,0.9884077904173996,0.0,0.0195240673723742,True,,Control,D17,2.0,d14,Plate1,/Users/pmihack/claire/tmem_2026/data/cleaved_tmem_pld3_260821/d14/Z59_PLD_Control/PLD3Control_Plate1_d14_TMEM561LAMP1640MAP2488DAPI405_D17_F2.nd2,9
4,14780,10,0.0269282814614343,0.4642271999999999,238.88870239257812,3530775.0,0.89122343804168,0.0,0.0928056850422961,True,,Control,D17,2.0,d14,Plate1,/Users/pmihack/claire/tmem_2026/data/cleaved_tmem_pld3_260821/d14/Z59_PLD_Control/PLD3Control_Plate1_d14_TMEM561LAMP1640MAP2488DAPI405_D17_F2.nd2,9
5,12476,8,0.0159506252003847,0.2901419999999999,189.61830139160156,2365678.0,1.4102704962954935,0.0,0.227597370387818,True,,Control,D17,2.0,d14,Plate1,/Users/pmihack/claire/tmem_2026/data/cleaved_tmem_pld3_260821/d14/Z59_PLD_Control/PLD3Control_Plate1_d14_TMEM561LAMP1640MAP2488DAPI405_D17_F2.nd2,9
6,8671,6,0.0968746396032752,1.63296,586.4185180664062,5084835.0,1.3928745403462663,0.0,0.1509870471538516,True,,Control,D17,2.0,d14,Plate1,/Users/pmihack/claire/tmem_2026/data/cleaved_tmem_pld3_260821/d14/Z59_PLD_Control/PLD3Control_Plate1_d14_TMEM561LAMP1640MAP2488DAPI405_D17_F2.nd2,9
7,5756,2,0.0090340514246004,0.303264,67.56167602539062,388885.0,1.0670644624191064,0.0,0.0258151442089209,True,,Control,D17,2.0,d14,Plate1,/Users/pmihack/claire/tmem_2026/data/cleaved_tmem_pld3_260821/d14/Z59_PLD_Control/PLD3Control_Plate1_d14_TMEM561LAMP1640MAP2488DAPI405_D17_F2.nd2,9
8,15780,12,0.06787072243346,1.0410119999999998,465.6927795410156,7348632.0,0.8674367383501551,0.0,0.031219644543526,True,,Control,D17,2.0,d14,Plate1,/Users/pmihack/claire/tmem_2026/data/cleaved_tmem_pld3_260821/d14/Z59_PLD_Control/PLD3Control_Plate1_d14_TMEM561LAMP1640MAP2488DAPI405_D17_F2.nd2,9
9,21293,12,0.023857605785939,0.493776,201.03225708007812,4280580.0,0.6638251593850858,0.0,0.043007917856226,True,,Control,D17,2.0,d14,Plate1,/Users/pmihack/claire/tmem_2026/data/cleaved_tmem_pld3_260821/d14/Z59_PLD_Control/PLD3Control_Plate1_d14_TMEM561LAMP1640MAP2488DAPI405_D17_F2.nd2,9
10,11329,8,0.0625827522287933,1.0337219999999998,411.2438049316406,4658981.0,0.9090048806312936,0.0,0.09132807858517,True,,Control,D17,2.0,d14,Plate1,/Users/pmihack/claire/tmem_2026/data/cleaved_tmem_pld3_260821/d14/Z59_PLD_Control/PLD3Control_Plate1_d14_TMEM561LAMP1640MAP2488DAPI405_D17_F2.nd2,9
11,10927,8,0.0098837741374576,0.157464,180.9107666015625,1976812.0,0.6829015973994582,0.0,0.1207264952517523,True,,Control,D17,2.0,d14,Plate1,/Users/pmihack/claire/tmem_2026/data/cleaved_tmem_pld3_260821/d14/Z59_PLD_Control/PLD3Control_Plate1_d14_TMEM561LAMP1640MAP2488DAPI405_D17_F2.nd2,9
12,14458,14,0.0763591091437266,0.9197897142857142,462.4970397949219,6686782.0,0.9221311723089124,0.0,0.2582387788326978,True,,Control,D17,2.0,d14,Plate1,/Users/pmihack/claire/tmem_2026/data/cleaved_tmem_pld3_260821/d14/Z59_PLD_Control/PLD3Control_Plate1_d14_TMEM561LAMP1640MAP2488DAPI405_D17_F2.nd2,9
1,12268,0,0.0,0.0,1.5035865306854248,18446.0,,0.0,0.0436793664323204,True,,Control,D17,3.0,d14,Plate1,/Users/pmihack/claire/tmem_2026/data/cleaved_tmem_pld3_260821/d14/Z59_PLD_Control/PLD3Control_Plate1_d14_TMEM561LAMP1640MAP2488DAPI405_D17_F3.nd2,11
2,15703,0,0.0,0.0,28.316436767578125,444653.0,,0.0,-0.0436270516818199,True,,Control,D17,3.0,d14,Plate1,/Users/pmihack/claire/tmem_2026/data/cleaved_tmem_pld3_260821/d14/Z59_PLD_Control/PLD3Control_Plate1_d14_TMEM561LAMP1640MAP2488DAPI405_D17_F3.nd2,11
3,13248,5,0.0091334541062801,0.2822688,216.7806396484375,2871910.0,20.625791875209035,0.0,-0.0710183187453988,True,,Control,D17,3.0,d14,Plate1,/Users/pmihack/claire/tmem_2026/data/cleaved_tmem_pld3_260821/d14/Z59_PLD_Control/PLD3Control_Plate1_d14_TMEM561LAMP1640MAP2488DAPI405_D17_F3.nd2,11
4,12926,8,0.0058022590128423,0.1093499999999999,293.0367431640625,3787793.0,0.7318864751571758,0.0,-0.0216066227406963,True,,Control,D17,3.0,d14,Plate1,/Users/pmihack/claire/tmem_2026/data/cleaved_tmem_pld3_260821/d14/Z59_PLD_Control/PLD3Control_Plate1_d14_TMEM561LAMP1640MAP2488DAPI405_D17_F3.nd2,11
5,14670,7,0.1342194955691888,3.280916571428571,699.1893920898438,10257108.0,0.5742616418797126,0.0,-0.0029061550934689,True,,Control,D17,3.0,d14,Plate1,/Users/pmihack/claire/tmem_2026/data/cleaved_tmem_pld3_260821/d14/Z59_PLD_Control/PLD3Control_Plate1_d14_TMEM561LAMP1640MAP2488DAPI405_D17_F3.nd2,11
6,32573,24,0.0421821754213612,0.6677639999999999,268.61859130859375,8749713.0,2.9279204596334862,0.0,0.0236125825420378,False,abnormal_nucleus,Control,D17,3.0,d14,Plate1,/Users/pmihack/claire/tmem_2026/data/cleaved_tmem_pld3_260821/d14/Z59_PLD_Control/PLD3Control_Plate1_d14_TMEM561LAMP1640MAP2488DAPI405_D17_F3.nd2,11
7,15940,10,0.1416562107904642,2.6337311999999997,788.1919555664062,12563780.0,12.788116687212217,0.0,-0.0503342748978762,True,,Control,D17,3.0,d14,Plate1,/Users/pmihack/claire/tmem_2026/data/cleaved_tmem_pld3_260821/d14/Z59_PLD_Control/PLD3Control_Plate1_d14_TMEM561LAMP1640MAP2488DAPI405_D17_F3.nd2,11
8,684,0,0.0,0.0,6.8289475440979,4671.0,,0.0,0.3472422049276312,False,size_outlier,Control,D17,3.0,d14,Plate1,/Users/pmihack/claire/tmem_2026/data/cleaved_tmem_pld3_260821/d14/Z59_PLD_Control/PLD3Control_Plate1_d14_TMEM561LAMP1640MAP2488DAPI405_D17_F3.nd2,11
9,411,0,0.0,0.0,14.051095008850098,5775.0,,0.0,0.1571660637597262,False,size_outlier,Control,D17,3.0,d14,Plate1,/Users/pmihack/claire/tmem_2026/data/cleaved_tmem_pld3_260821/d14/Z59_PLD_Control/PLD3Control_Plate1_d14_TMEM561LAMP1640MAP2488DAPI405_D17_F3.nd2,11
10,2798,0,0.0,0.0,17.37955665588379,48628.0,,0.0,-0.0019782384409448,True,,Control,D17,3.0,d14,Plate1,/Users/pmihack/claire/tmem_2026/data/cleaved_tmem_pld3_260821/d14/Z59_PLD_Control/PLD3Control_Plate1_d14_TMEM561LAMP1640MAP2488DAPI405_D17_F3.nd2,11
11,10238,5,0.0201211174057433,0.4805568,214.9964904785156,2201134.0,5.1965050771724615,0.0,0.006997886416189,True,,Control,D17,3.0,d14,Plate1,/Users/pmihack/claire/tmem_2026/data/cleaved_tmem_pld3_260821/d14/Z59_PLD_Control/PLD3Control_Plate1_d14_TMEM561LAMP1640MAP2488DAPI405_D17_F3.nd2,11
12,19280,1,0.0014522821576763,0.326592,69.14844512939453,1333182.0,,0.0039229453541338,0.1607621207158859,True,,Control,D17,3.0,d14,Plate1,/Users/pmihack/claire/tmem_2026/data/cleaved_tmem_pld3_260821/d14/Z59_PLD_Control/PLD3Control_Plate1_d14_TMEM561LAMP1640MAP2488DAPI405_D17_F3.nd2,11
13,3406,0,0.0,0.0,17.33470344543457,59042.0,,0.0,0.0558860369000969,True,,Control,D17,3.0,d14,Plate1,/Users/pmihack/claire/tmem_2026/data/cleaved_tmem_pld3_260821/d14/Z59_PLD_Control/PLD3Control_Plate1_d14_TMEM561LAMP1640MAP2488DAPI405_D17_F3.nd2,11
1,1924,0,0.0,0.0,17.455821990966797,33585.0,,0.0,0.0237107990915344,False,size_outlier,Control,D17,4.0,d14,Plate1,/Users/pmihack/claire/tmem_2026/data/cleaved_tmem_pld3_260821/d14/Z59_PLD_Control/PLD3Control_Plate1_d14_TMEM561LAMP1640MAP2488DAPI405_D17_F4.nd2,11
2,18007,0,0.0,0.0,52.10295867919922,938218.0,,0.0,-0.057892942127321,True,,Control,D17,4.0,d14,Plate1,/Users/pmihack/claire/tmem_2026/data/cleaved_tmem_pld3_260821/d14/Z59_PLD_Control/PLD3Control_Plate1_d14_TMEM561LAMP1640MAP2488DAPI405_D17_F4.nd2,11
3,10901,0,0.0,0.0,36.99431228637695,403275.0,,0.0003521170292515,0.0387757987232178,True,,Control,D17,4.0,d14,Plate1,/Users/pmihack/claire/tmem_2026/data/cleaved_tmem_pld3_260821/d14/Z59_PLD_Control/PLD3Control_Plate1_d14_TMEM561LAMP1640MAP2488DAPI405_D17_F4.nd2,11
4,24588,1,0.0003660322108345,0.1049759999999999,34.495689392089844,848180.0,0.7427731778533387,0.0,0.1062768960314302,True,,Control,D17,4.0,d14,Plate1,/Users/pmihack/claire/tmem_2026/data/cleaved_tmem_pld3_260821/d14/Z59_PLD_Control/PLD3Control_Plate1_d14_TMEM561LAMP1640MAP2488DAPI405_D17_F4.nd2,11
5,4640,0,0.0,0.0,15.7357759475708,73014.0,,0.0,0.0026922024855956,True,,Control,D17,4.0,d14,Plate1,/Users/pmihack/claire/tmem_2026/data/cleaved_tmem_pld3_260821/d14/Z59_PLD_Control/PLD3Control_Plate1_d14_TMEM561LAMP1640MAP2488DAPI405_D17_F4.nd2,11
6,12830,0,0.0,0.0,47.92213439941406,614841.0,,0.0,0.0176972573154979,True,,Control,D17,4.0,d14,Plate1,/Users/pmihack/claire/tmem_2026/data/cleaved_tmem_pld3_260821/d14/Z59_PLD_Control/PLD3Control_Plate1_d14_TMEM561LAMP1640MAP2488DAPI405_D17_F4.nd2,11
7,14277,1,0.0007004272606289,0.11664,23.127967834472656,330198.0,2.5919450402850894,0.0,0.0357192303778561,True,,Control,D17,4.0,d14,Plate1,/Users/pmihack/claire/tmem_2026/data/cleaved_tmem_pld3_260821/d14/Z59_PLD_Control/PLD3Control_Plate1_d14_TMEM561LAMP1640MAP2488DAPI405_D17_F4.nd2,11
8,15019,0,0.0,0.0,95.68206787109376,1437049.0,,0.0,-0.029792301906966,True,,Control,D17,4.0,d14,Plate1,/Users/pmihack/claire/tmem_2026/data/cleaved_tmem_pld3_260821/d14/Z59_PLD_Control/PLD3Control_Plate1_d14_TMEM561LAMP1640MAP2488DAPI405_D17_F4.nd2,11
9,20643,1,0.0002906554279901,0.0699839999999999,50.39117431640625,1040225.0,,0.0,-0.02714734719916,True,,Control,D17,4.0,d14,Plate1,/Users/pmihack/claire/tmem_2026/data/cleaved_tmem_pld3_260821/d14/Z59_PLD_Control/PLD3Control_Plate1_d14_TMEM561LAMP1640MAP2488DAPI405_D17_F4.nd2,11
10,9109,0,0.0,0.0,2.5924909114837646,23615.0,,0.0,0.1013320963939932,True,,Control,D17,4.0,d14,Plate1,/Users/pmihack/claire/tmem_2026/data/cleaved_tmem_pld3_260821/d14/Z59_PLD_Control/PLD3Control_Plate1_d14_TMEM561LAMP1640MAP2488DAPI405_D17_F4.nd2,11
11,7506,0,0.0,0.0,29.76498794555664,223416.0,,0.0,0.0355253794511817,True,,Control,D17,4.0,d14,Plate1,/Users/pmihack/claire/tmem_2026/data/cleaved_tmem_pld3_260821/d14/Z59_PLD_Control/PLD3Control_Plate1_d14_TMEM561LAMP1640MAP2488DAPI405_D17_F4.nd2,11
1,11276,0,0.0,0.0,519.2752075195312,5855347.0,,4.2866802687058225e-05,0.0189113766895798,False,abnormal_nucleus,Control,E17,1.0,d14,Plate1,/Users/pmihack/claire/tmem_2026/data/cleaved_tmem_pld3_260821/d14/Z59_PLD_Control/PLD3Control_Plate1_d14_TMEM561LAMP1640MAP2488DAPI405_E17_F1.nd2,12
2,4474,0,0.0,0.0,28.35069274902344,126841.0,,0.0,0.0439266335547581,True,,Control,E17,1.0,d14,Plate1,/Users/pmihack/claire/tmem_2026/data/cleaved_tmem_pld3_260821/d14/Z59_PLD_Control/PLD3Control_Plate1_d14_TMEM561LAMP1640MAP2488DAPI405_E17_F1.nd2,12
3,1366,0,0.0,0.0,41.455345153808594,56628.0,,0.0,-0.0679274070701146,False,size_outlier,Control,E17,1.0,d14,Plate1,/Users/pmihack/claire/tmem_2026/data/cleaved_tmem_pld3_260821/d14/Z59_PLD_Control/PLD3Control_Plate1_d14_TMEM561LAMP1640MAP2488DAPI405_E17_F1.nd2,12
4,20396,0,0.0,0.0,458.5685424804687,9352964.0,,0.0,0.1636381856265118,False,abnormal_nucleus,Control,E17,1.0,d14,Plate1,/Users/pmihack/claire/tmem_2026/data/cleaved_tmem_pld3_260821/d14/Z59_PLD_Control/PLD3Control_Plate1_d14_TMEM561LAMP1640MAP2488DAPI405_E17_F1.nd2,12
5,12289,0,0.0,0.0,263.12554931640625,3233550.0,,0.0,0.3405457461578949,False,abnormal_nucleus,Control,E17,1.0,d14,Plate1,/Users/pmihack/claire/tmem_2026/data/cleaved_tmem_pld3_260821/d14/Z59_PLD_Control/PLD3Control_Plate1_d14_TMEM561LAMP1640MAP2488DAPI405_E17_F1.nd2,12
6,13480,0,0.0,0.0,181.36721801757812,2444830.0,,0.0,0.2005648674141906,True,,Control,E17,1.0,d14,Plate1,/Users/pmihack/claire/tmem_2026/data/cleaved_tmem_pld3_260821/d14/Z59_PLD_Control/PLD3Control_Plate1_d14_TMEM561LAMP1640MAP2488DAPI405_E17_F1.nd2,12
7,16892,0,0.0,0.0,258.3044738769531,4363279.0,,0.0,0.1507951291907018,True,,Control,E17,1.0,d14,Plate1,/Users/pmihack/claire/tmem_2026/data/cleaved_tmem_pld3_260821/d14/Z59_PLD_Control/PLD3Control_Plate1_d14_TMEM561LAMP1640MAP2488DAPI405_E17_F1.nd2,12
8,11307,0,0.0,0.0,149.09780883789062,1685849.0,,0.006268651690334,0.005040974397928,True,,Control,E17,1.0,d14,Plate1,/Users/pmihack/claire/tmem_2026/data/cleaved_tmem_pld3_260821/d14/Z59_PLD_Control/PLD3Control_Plate1_d14_TMEM561LAMP1640MAP2488DAPI405_E17_F1.nd2,12
9,15827,0,0.0,0.0,300.73651123046875,4759757.0,,0.0,0.2176653475236772,True,,Control,E17,1.0,d14,Plate1,/Users/pmihack/claire/tmem_2026/data/cleaved_tmem_pld3_260821/d14/Z59_PLD_Control/PLD3Control_Plate1_d14_TMEM561LAMP1640MAP2488DAPI405_E17_F1.nd2,12
10,11540,0,0.0,0.0,244.247314453125,2818614.0,,0.0068707526661455,0.2095850560321852,True,,Control,E17,1.0,d14,Plate1,/Users/pmihack/claire/tmem_2026/data/cleaved_tmem_pld3_260821/d14/Z59_PLD_Control/PLD3Control_Plate1_d14_TMEM561LAMP1640MAP2488DAPI405_E17_F1.nd2,12
1,11055,0,0.0,0.0,313.2491149902344,3462969.0,,0.0,0.1302069309082908,True,,Control,E17,2.0,d14,Plate1,/Users/pmihack/claire/tmem_2026/data/cleaved_tmem_pld3_260821/d14/Z59_PLD_Control/PLD3Control_Plate1_d14_TMEM561LAMP1640MAP2488DAPI405_E17_F2.nd2,14
2,16144,5,0.0078666997026759,0.2962655999999999,347.1315612792969,5604092.0,0.9366655084738246,0.0001609538157936,0.0819578802501674,True,,Control,E17,2.0,d14,Plate1,/Users/pmihack/claire/tmem_2026/data/cleaved_tmem_pld3_260821/d14/Z59_PLD_Control/PLD3Control_Plate1_d14_TMEM561LAMP1640MAP2488DAPI405_E17_F2.nd2,14
3,15090,1,0.0041086812458581,0.7231679999999999,244.1338653564453,3683980.0,14.84224837636609,0.0001767110516084,0.0195729225543907,True,,Control,E17,2.0,d14,Plate1,/Users/pmihack/claire/tmem_2026/data/cleaved_tmem_pld3_260821/d14/Z59_PLD_Control/PLD3Control_Plate1_d14_TMEM561LAMP1640MAP2488DAPI405_E17_F2.nd2,14
4,10007,0,0.0,0.0,174.4548797607422,1745770.0,,0.0,0.27760012607665,True,,Control,E17,2.0,d14,Plate1,/Users/pmihack/claire/tmem_2026/data/cleaved_tmem_pld3_260821/d14/Z59_PLD_Control/PLD3Control_Plate1_d14_TMEM561LAMP1640MAP2488DAPI405_E17_F2.nd2,14
5,2689,0,0.0,0.0,129.22647094726562,347490.0,,0.0,0.0678963155175817,True,,Control,E17,2.0,d14,Plate1,/Users/pmihack/claire/tmem_2026/data/cleaved_tmem_pld3_260821/d14/Z59_PLD_Control/PLD3Control_Plate1_d14_TMEM561LAMP1640MAP2488DAPI405_E17_F2.nd2,14
6,11088,0,0.0,0.0,495.9729309082031,5499348.0,,0.0,0.2395482098079738,True,,Control,E17,2.0,d14,Plate1,/Users/pmihack/claire/tmem_2026/data/cleaved_tmem_pld3_260821/d14/Z59_PLD_Control/PLD3Control_Plate1_d14_TMEM561LAMP1640MAP2488DAPI405_E17_F2.nd2,14
7,19476,1,0.0003594167180119,0.081648,159.9844970703125,3115858.0,0.7456379743860152,0.0,0.0689271341362416,True,,Control,E17,2.0,d14,Plate1,/Users/pmihack/claire/tmem_2026/data/cleaved_tmem_pld3_260821/d14/Z59_PLD_Control/PLD3Control_Plate1_d14_TMEM561LAMP1640MAP2488DAPI405_E17_F2.nd2,14
8,17174,2,0.0109467800163037,1.0964159999999998,388.1271057128906,6665695.0,0.7284465218557145,0.0,0.4815561211089035,True,,Control,E17,2.0,d14,Plate1,/Users/pmihack/claire/tmem_2026/data/cleaved_tmem_pld3_260821/d14/Z59_PLD_Control/PLD3Control_Plate1_d14_TMEM561LAMP1640MAP2488DAPI405_E17_F2.nd2,14
9,14603,3,0.0008902280353352,0.0505439999999999,454.4235534667969,6635947.0,0.8752476161503007,0.0,0.3516538012301377,True,,Control,E17,2.0,d14,Plate1,/Users/pmihack/claire/tmem_2026/data/cleaved_tmem_pld3_260821/d14/Z59_PLD_Control/PLD3Control_Plate1_d14_TMEM561LAMP1640MAP2488DAPI405_E17_F2.nd2,14
10,10153,0,0.0,0.0,225.66867065429688,2291214.0,,0.0,0.2420729119366789,True,,Control,E17,2.0,d14,Plate1,/Users/pmihack/claire/tmem_2026/data/cleaved_tmem_pld3_260821/d14/Z59_PLD_Control/PLD3Control_Plate1_d14_TMEM561LAMP1640MAP2488DAPI405_E17_F2.nd2,14
11,17739,0,0.0,0.0,96.39816284179688,1710007.0,,0.0,0.1200133970774898,True,,Control,E17,2.0,d14,Plate1,/Users/pmihack/claire/tmem_2026/data/cleaved_tmem_pld3_260821/d14/Z59_PLD_Control/PLD3Control_Plate1_d14_TMEM561LAMP1640MAP2488DAPI405_E17_F2.nd2,14
12,12987,2,0.002079002079002,0.157464,537.70703125,6983201.0,0.593982610585523,0.0,0.230381061926519,True,,Control,E17,2.0,d14,Plate1,/Users/pmihack/claire/tmem_2026/data/cleaved_tmem_pld3_260821/d14/Z59_PLD_Control/PLD3Control_Plate1_d14_TMEM561LAMP1640MAP2488DAPI405_E17_F2.nd2,14
13,17432,3,0.002466727856815,0.167184,353.09710693359375,6155189.0,1.419630374513541,0.0,0.0968159422512697,True,,Control,E17,2.0,d14,Plate1,/Users/pmihack/claire/tmem_2026/data/cleaved_tmem_pld3_260821/d14/Z59_PLD_Control/PLD3Control_Plate1_d14_TMEM561LAMP1640MAP2488DAPI405_E17_F2.nd2,14
14,19120,0,0.0,0.0,140.30831909179688,2682695.0,,0.0,0.152443353647962,True,,Control,E17,2.0,d14,Plate1,/Users/pmihack/claire/tmem_2026/data/cleaved_tmem_pld3_260821/d14/Z59_PLD_Control/PLD3Control_Plate1_d14_TMEM561LAMP1640MAP2488DAPI405_E17_F2.nd2,14
15,3575,0,0.0,0.0,24.40419578552246,87245.0,,0.0,0.0942529311972997,True,,Control,E17,2.0,d14,Plate1,/Users/pmihack/claire/tmem_2026/data/cleaved_tmem_pld3_260821/d14/Z59_PLD_Control/PLD3Control_Plate1_d14_TMEM561LAMP1640MAP2488DAPI405_E17_F2.nd2,14
1,17967,0,0.0,0.0,172.98602294921875,3108040.0,,0.0003587469982448,0.119833659396359,True,,Control,E17,3.0,d14,Plate1,/Users/pmihack/claire/tmem_2026/data/cleaved_tmem_pld3_260821/d14/Z59_PLD_Control/PLD3Control_Plate1_d14_TMEM561LAMP1640MAP2488DAPI405_E17_F3.nd2,14
2,16606,2,0.0012043839576056,0.11664,312.4244384765625,5188120.0,0.5070222146515743,0.0,0.1377665141061587,True,,Control,E17,3.0,d14,Plate1,/Users/pmihack/claire/tmem_2026/data/cleaved_tmem_pld3_260821/d14/Z59_PLD_Control/PLD3Control_Plate1_d14_TMEM561LAMP1640MAP2488DAPI405_E17_F3.nd2,14
3,14532,0,0.0,0.0,137.0207061767578,1991185.0,,0.0,0.1634134956194767,True,,Control,E17,3.0,d14,Plate1,/Users/pmihack/claire/tmem_2026/data/cleaved_tmem_pld3_260821/d14/Z59_PLD_Control/PLD3Control_Plate1_d14_TMEM561LAMP1640MAP2488DAPI405_E17_F3.nd2,14
4,5173,0,0.0,0.0,77.46627044677734,400733.0,,0.0,0.0556471076765996,True,,Control,E17,3.0,d14,Plate1,/Users/pmihack/claire/tmem_2026/data/cleaved_tmem_pld3_260821/d14/Z59_PLD_Control/PLD3Control_Plate1_d14_TMEM561LAMP1640MAP2488DAPI405_E17_F3.nd2,14
5,13253,2,0.0018109107371915,0.1399679999999999,407.8202819824219,5404842.0,21.204410353150585,1.7946869775187224e-05,-0.0263009848097818,True,,Control,E17,3.0,d14,Plate1,/Users/pmihack/claire/tmem_2026/data/cleaved_tmem_pld3_260821/d14/Z59_PLD_Control/PLD3Control_Plate1_d14_TMEM561LAMP1640MAP2488DAPI405_E17_F3.nd2,14
6,16871,1,5.927330922885425e-05,0.0116639999999999,99.96900177001952,1686577.0,22.414482478559968,0.0,0.1375569120854673,True,,Control,E17,3.0,d14,Plate1,/Users/pmihack/claire/tmem_2026/data/cleaved_tmem_pld3_260821/d14/Z59_PLD_Control/PLD3Control_Plate1_d14_TMEM561LAMP1640MAP2488DAPI405_E17_F3.nd2,14
7,18641,0,0.0,0.0,207.58950805664065,3869676.0,,0.0,0.125211729840122,True,,Control,E17,3.0,d14,Plate1,/Users/pmihack/claire/tmem_2026/data/cleaved_tmem_pld3_260821/d14/Z59_PLD_Control/PLD3Control_Plate1_d14_TMEM561LAMP1640MAP2488DAPI405_E17_F3.nd2,14
8,7582,2,0.0058032181482458,0.256608,400.9388122558594,3039918.0,10.558931522819782,0.0,0.1401308121306972,False,border,Control,E17,3.0,d14,Plate1,/Users/pmihack/claire/tmem_2026/data/cleaved_tmem_pld3_260821/d14/Z59_PLD_Control/PLD3Control_Plate1_d14_TMEM561LAMP1640MAP2488DAPI405_E17_F3.nd2,14
9,22011,2,0.0027259097723865,0.3499199999999999,154.3168487548828,3396668.0,14.380314117251231,0.0,0.0509610998162993,True,,Control,E17,3.0,d14,Plate1,/Users/pmihack/claire/tmem_2026/data/cleaved_tmem_pld3_260821/d14/Z59_PLD_Control/PLD3Control_Plate1_d14_TMEM561LAMP1640MAP2488DAPI405_E17_F3.nd2,14
10,14659,0,0.0,0.0,71.42533874511719,1047024.0,,0.0,0.0007587779035095,True,,Control,E17,3.0,d14,Plate1,/Users/pmihack/claire/tmem_2026/data/cleaved_tmem_pld3_260821/d14/Z59_PLD_Control/PLD3Control_Plate1_d14_TMEM561LAMP1640MAP2488DAPI405_E17_F3.nd2,14
1,19773,8,0.0162848328528801,0.4694759999999999,192.0310516357422,3797030.0,0.5424692200632008,0.0001056088585755,0.0189468202912756,True,,Control,E17,4.0,d14,Plate1,/Users/pmihack/claire/tmem_2026/data/cleaved_tmem_pld3_260821/d14/Z59_PLD_Control/PLD3Control_Plate1_d14_TMEM561LAMP1640MAP2488DAPI405_E17_F4.nd2,13
2,17965,21,0.0716392986362371,0.7148365714285714,440.77972412109375,7918608.0,0.7671507217640339,0.0054150931537151,0.0496341141531081,True,,Control,E17,4.0,d14,Plate1,/Users/pmihack/claire/tmem_2026/data/cleaved_tmem_pld3_260821/d14/Z59_PLD_Control/PLD3Control_Plate1_d14_TMEM561LAMP1640MAP2488DAPI405_E17_F4.nd2,13
3,17334,15,0.0531325718241606,0.7161696,362.0269470214844,6275375.0,6.079360448930563,0.0,0.0788110368921709,True,,Control,E17,4.0,d14,Plate1,/Users/pmihack/claire/tmem_2026/data/cleaved_tmem_pld3_260821/d14/Z59_PLD_Control/PLD3Control_Plate1_d14_TMEM561LAMP1640MAP2488DAPI405_E17_F4.nd2,13
4,14006,0,0.0,0.0,61.20684051513672,857263.0,,0.0,0.1534843635057085,True,,Control,E17,4.0,d14,Plate1,/Users/pmihack/claire/tmem_2026/data/cleaved_tmem_pld3_260821/d14/Z59_PLD_Control/PLD3Control_Plate1_d14_TMEM561LAMP1640MAP2488DAPI405_E17_F4.nd2,13
5,20064,24,0.0431618819776714,0.420876,372.35931396484375,7471017.0,0.8305125091954922,0.0,0.1855993333582964,True,,Control,E17,4.0,d14,Plate1,/Users/pmihack/claire/tmem_2026/data/cleaved_tmem_pld3_260821/d14/Z59_PLD_Control/PLD3Control_Plate1_d14_TMEM561LAMP1640MAP2488DAPI405_E17_F4.nd2,13
6,15564,6,0.011308147005911,0.3421439999999999,172.45997619628906,2684167.0,0.4691554133759999,0.0,0.1232271573056374,True,,Control,E17,4.0,d14,Plate1,/Users/pmihack/claire/tmem_2026/data/cleaved_tmem_pld3_260821/d14/Z59_PLD_Control/PLD3Control_Plate1_d14_TMEM561LAMP1640MAP2488DAPI405_E17_F4.nd2,13
7,14972,3,0.0013358268768367,0.07776,208.4159698486328,3120404.0,1.0578798436195342,0.0,0.3370720237975131,True,,Control,E17,4.0,d14,Plate1,/Users/pmihack/claire/tmem_2026/data/cleaved_tmem_pld3_260821/d14/Z59_PLD_Control/PLD3Control_Plate1_d14_TMEM561LAMP1640MAP2488DAPI405_E17_F4.nd2,13
8,13158,18,0.0601915184678522,0.513216,429.5553283691406,5652089.0,8.151036915827557,0.0,0.1554634545056763,True,,Control,E17,4.0,d14,Plate1,/Users/pmihack/claire/tmem_2026/data/cleaved_tmem_pld3_260821/d14/Z59_PLD_Control/PLD3Control_Plate1_d14_TMEM561LAMP1640MAP2488DAPI405_E17_F4.nd2,13
9,13709,6,0.0107228827777372,0.2857679999999999,159.85279846191406,2191422.0,7.069485554449612,0.0,-0.00900562385012,True,,Control,E17,4.0,d14,Plate1,/Users/pmihack/claire/tmem_2026/data/cleaved_tmem_pld3_260821/d14/Z59_PLD_Control/PLD3Control_Plate1_d14_TMEM561LAMP1640MAP2488DAPI405_E17_F4.nd2,13
10,13433,6,0.0192064319213876,0.501552,190.91453552246097,2564555.0,19.57186038212094,0.0,0.1159162327552503,True,,Control,E17,4.0,d14,Plate1,/Users/pmihack/claire/tmem_2026/data/cleaved_tmem_pld3_260821/d14/Z59_PLD_Control/PLD3Control_Plate1_d14_TMEM561LAMP1640MAP2488DAPI405_E17_F4.nd2,13
1,31758,15,0.0107059638516279,0.264384,170.74362182617188,5422476.0,0.6624296594098149,0.0,0.190320223111604,True,,Control,F17,1.0,d14,Plate1,/Users/pmihack/claire/tmem_2026/data/cleaved_tmem_pld3_260821/d14/Z59_PLD_Control/PLD3Control_Plate1_d14_TMEM561LAMP1640MAP2488DAPI405_F17_F1.nd2,12
2,4795,0,0.0,0.0,48.38706970214844,232016.0,,0.0,0.0241774196115854,True,,Control,F17,1.0,d14,Plate1,/Users/pmihack/claire/tmem_2026/data/cleaved_tmem_pld3_260821/d14/Z59_PLD_Control/PLD3Control_Plate1_d14_TMEM561LAMP1640MAP2488DAPI405_F17_F1.nd2,12
3,11774,8,0.0202140309155766,0.347004,484.8952026367187,5709156.0,10.530298367165557,0.0,0.2199238762488179,True,,Control,F17,1.0,d14,Plate1,/Users/pmihack/claire/tmem_2026/data/cleaved_tmem_pld3_260821/d14/Z59_PLD_Control/PLD3Control_Plate1_d14_TMEM561LAMP1640MAP2488DAPI405_F17_F1.nd2,12
4,3817,0,0.0,0.0,47.305477142333984,180565.0,,0.0014399247011169,0.0215625999779584,True,,Control,F17,1.0,d14,Plate1,/Users/pmihack/claire/tmem_2026/data/cleaved_tmem_pld3_260821/d14/Z59_PLD_Control/PLD3Control_Plate1_d14_TMEM561LAMP1640MAP2488DAPI405_F17_F1.nd2,12
5,23750,11,0.0522947368421052,1.316971636363636,390.1022644042969,9264929.0,8.295675760002512,0.0,0.1546360731005084,True,,Control,F17,1.0,d14,Plate1,/Users/pmihack/claire/tmem_2026/data/cleaved_tmem_pld3_260821/d14/Z59_PLD_Control/PLD3Control_Plate1_d14_TMEM561LAMP1640MAP2488DAPI405_F17_F1.nd2,12
6,22794,9,0.038036325348776,1.1236319999999995,245.5628204345703,5597359.0,7.591755657344011,0.0002838838845491,0.0280466975783809,True,,Control,F17,1.0,d14,Plate1,/Users/pmihack/claire/tmem_2026/data/cleaved_tmem_pld3_260821/d14/Z59_PLD_Control/PLD3Control_Plate1_d14_TMEM561LAMP1640MAP2488DAPI405_F17_F1.nd2,12
7,11402,2,0.0016663743202946,0.1108079999999999,116.17777252197266,1324659.0,5.689882742805257,0.0,0.1766230658234263,True,,Control,F17,1.0,d14,Plate1,/Users/pmihack/claire/tmem_2026/data/cleaved_tmem_pld3_260821/d14/Z59_PLD_Control/PLD3Control_Plate1_d14_TMEM561LAMP1640MAP2488DAPI405_F17_F1.nd2,12
8,12106,18,0.0283330579877746,0.222264,409.4688720703125,4957030.0,8.148110181831976,0.0124294180423021,0.1452818128244296,True,,Control,F17,1.0,d14,Plate1,/Users/pmihack/claire/tmem_2026/data/cleaved_tmem_pld3_260821/d14/Z59_PLD_Control/PLD3Control_Plate1_d14_TMEM561LAMP1640MAP2488DAPI405_F17_F1.nd2,12
9,8512,3,0.0017622180451127,0.05832,197.47792053222656,1680932.0,27.85603935028926,0.0,0.1689063605348241,True,,Control,F17,1.0,d14,Plate1,/Users/pmihack/claire/tmem_2026/data/cleaved_tmem_pld3_260821/d14/Z59_PLD_Control/PLD3Control_Plate1_d14_TMEM561LAMP1640MAP2488DAPI405_F17_F1.nd2,12
10,16847,0,0.0,0.0,102.94615936279295,1734334.0,,0.0,0.140148638143341,True,,Control,F17,1.0,d14,Plate1,/Users/pmihack/claire/tmem_2026/data/cleaved_tmem_pld3_260821/d14/Z59_PLD_Control/PLD3Control_Plate1_d14_TMEM561LAMP1640MAP2488DAPI405_F17_F1.nd2,12
11,24531,9,0.0116994822877175,0.3719519999999999,180.3987274169922,4425361.0,3.678830107239985,0.0,0.2295158726128967,True,,Control,F17,1.0,d14,Plate1,/Users/pmihack/claire/tmem_2026/data/cleaved_tmem_pld3_260821/d14/Z59_PLD_Control/PLD3Control_Plate1_d14_TMEM561LAMP1640MAP2488DAPI405_F17_F1.nd2,12
12,13287,5,0.003838338225333,0.1189727999999999,111.30232238769533,1478874.0,,0.0,0.0965946017206463,True,,Control,F17,1.0,d14,Plate1,/Users/pmihack/claire/tmem_2026/data/cleaved_tmem_pld3_260821/d14/Z59_PLD_Control/PLD3Control_Plate1_d14_TMEM561LAMP1640MAP2488DAPI405_F17_F1.nd2,12
1,11682,0,0.0,0.0,182.2830047607422,2129430.0,,0.0,0.2028577665050129,True,,Control,F17,2.0,d14,Plate1,/Users/pmihack/claire/tmem_2026/data/cleaved_tmem_pld3_260821/d14/Z59_PLD_Control/PLD3Control_Plate1_d14_TMEM561LAMP1640MAP2488DAPI405_F17_F2.nd2,10
2,6247,0,0.0,0.0,123.96046447753906,774381.0,,0.0,-0.0083935075418289,True,,Control,F17,2.0,d14,Plate1,/Users/pmihack/claire/tmem_2026/data/cleaved_tmem_pld3_260821/d14/Z59_PLD_Control/PLD3Control_Plate1_d14_TMEM561LAMP1640MAP2488DAPI405_F17_F2.nd2,10
3,20745,0,0.0,0.0,295.26922607421875,6125360.0,,0.0,0.0886046902095687,True,,Control,F17,2.0,d14,Plate1,/Users/pmihack/claire/tmem_2026/data/cleaved_tmem_pld3_260821/d14/Z59_PLD_Control/PLD3Control_Plate1_d14_TMEM561LAMP1640MAP2488DAPI405_F17_F2.nd2,10
4,1047,0,0.0,0.0,34.372493743896484,35988.0,,0.0,8.761172458824098e-05,False,size_outlier,Control,F17,2.0,d14,Plate1,/Users/pmihack/claire/tmem_2026/data/cleaved_tmem_pld3_260821/d14/Z59_PLD_Control/PLD3Control_Plate1_d14_TMEM561LAMP1640MAP2488DAPI405_F17_F2.nd2,10
5,2784,0,0.0,0.0,110.59662628173828,307901.0,,0.0,-0.0432058536262377,True,,Control,F17,2.0,d14,Plate1,/Users/pmihack/claire/tmem_2026/data/cleaved_tmem_pld3_260821/d14/Z59_PLD_Control/PLD3Control_Plate1_d14_TMEM561LAMP1640MAP2488DAPI405_F17_F2.nd2,10
6,14230,0,0.0,0.0,478.6056823730469,6810559.0,,0.0,0.252032341569179,True,,Control,F17,2.0,d14,Plate1,/Users/pmihack/claire/tmem_2026/data/cleaved_tmem_pld3_260821/d14/Z59_PLD_Control/PLD3Control_Plate1_d14_TMEM561LAMP1640MAP2488DAPI405_F17_F2.nd2,10
7,19548,0,0.0,0.0,138.43350219726562,2706098.0,,0.0,0.1726507870696157,True,,Control,F17,2.0,d14,Plate1,/Users/pmihack/claire/tmem_2026/data/cleaved_tmem_pld3_260821/d14/Z59_PLD_Control/PLD3Control_Plate1_d14_TMEM561LAMP1640MAP2488DAPI405_F17_F2.nd2,10
8,10921,0,0.0,0.0,111.7309799194336,1220214.0,,0.0,0.117810624422243,True,,Control,F17,2.0,d14,Plate1,/Users/pmihack/claire/tmem_2026/data/cleaved_tmem_pld3_260821/d14/Z59_PLD_Control/PLD3Control_Plate1_d14_TMEM561LAMP1640MAP2488DAPI405_F17_F2.nd2,10
9,31564,0,0.0,0.0,157.50070190429688,4971352.0,,4.827660450246185e-05,0.0601670180887894,True,,Control,F17,2.0,d14,Plate1,/Users/pmihack/claire/tmem_2026/data/cleaved_tmem_pld3_260821/d14/Z59_PLD_Control/PLD3Control_Plate1_d14_TMEM561LAMP1640MAP2488DAPI405_F17_F2.nd2,10
10,7663,0,0.0,0.0,212.90838623046875,1631517.0,,0.0,0.1849316242218386,True,,Control,F17,2.0,d14,Plate1,/Users/pmihack/claire/tmem_2026/data/cleaved_tmem_pld3_260821/d14/Z59_PLD_Control/PLD3Control_Plate1_d14_TMEM561LAMP1640MAP2488DAPI405_F17_F2.nd2,10
11,5818,0,0.0,0.0,196.47885131835935,1143114.0,,0.0,0.207700676144114,True,,Control,F17,2.0,d14,Plate1,/Users/pmihack/claire/tmem_2026/data/cleaved_tmem_pld3_260821/d14/Z59_PLD_Control/PLD3Control_Plate1_d14_TMEM561LAMP1640MAP2488DAPI405_F17_F2.nd2,10
12,9162,0,0.0,0.0,310.1511535644531,2841605.0,,0.0,0.0862386196858342,True,,Control,F17,2.0,d14,Plate1,/Users/pmihack/claire/tmem_2026/data/cleaved_tmem_pld3_260821/d14/Z59_PLD_Control/PLD3Control_Plate1_d14_TMEM561LAMP1640MAP2488DAPI405_F17_F2.nd2,10
1,7156,0,0.0,0.0,6.423281192779541,45965.0,,0.0,-0.0046976262200496,True,,Control,F17,3.0,d14,Plate1,/Users/pmihack/claire/tmem_2026/data/cleaved_tmem_pld3_260821/d14/Z59_PLD_Control/PLD3Control_Plate1_d14_TMEM561LAMP1640MAP2488DAPI405_F17_F3.nd2,11
2,26384,0,0.0,0.0,55.5718994140625,1466209.0,,0.0,0.0706699750057615,True,,Control,F17,3.0,d14,Plate1,/Users/pmihack/claire/tmem_2026/data/cleaved_tmem_pld3_260821/d14/Z59_PLD_Control/PLD3Control_Plate1_d14_TMEM561LAMP1640MAP2488DAPI405_F17_F3.nd2,11
3,9196,0,0.0,0.0,56.34112548828125,518113.0,,0.0,0.0174572879910229,True,,Control,F17,3.0,d14,Plate1,/Users/pmihack/claire/tmem_2026/data/cleaved_tmem_pld3_260821/d14/Z59_PLD_Control/PLD3Control_Plate1_d14_TMEM561LAMP1640MAP2488DAPI405_F17_F3.nd2,11
4,21380,1,0.0002806361085126,0.0699839999999999,158.9104766845703,3397506.0,3.147298353994399,0.0,0.1314485120584709,True,,Control,F17,3.0,d14,Plate1,/Users/pmihack/claire/tmem_2026/data/cleaved_tmem_pld3_260821/d14/Z59_PLD_Control/PLD3Control_Plate1_d14_TMEM561LAMP1640MAP2488DAPI405_F17_F3.nd2,11
5,18332,0,0.0,0.0,106.2439422607422,1947664.0,,0.0,0.1065013264586423,True,,Control,F17,3.0,d14,Plate1,/Users/pmihack/claire/tmem_2026/data/cleaved_tmem_pld3_260821/d14/Z59_PLD_Control/PLD3Control_Plate1_d14_TMEM561LAMP1640MAP2488DAPI405_F17_F3.nd2,11
6,12969,0,0.0,0.0,434.8321533203125,5639338.0,,0.0,0.3029242436525866,True,,Control,F17,3.0,d14,Plate1,/Users/pmihack/claire/tmem_2026/data/cleaved_tmem_pld3_260821/d14/Z59_PLD_Control/PLD3Control_Plate1_d14_TMEM561LAMP1640MAP2488DAPI405_F17_F3.nd2,11
7,7154,0,0.0,0.0,120.53508758544922,862308.0,,0.0,0.2593971442970498,True,,Control,F17,3.0,d14,Plate1,/Users/pmihack/claire/tmem_2026/data/cleaved_tmem_pld3_260821/d14/Z59_PLD_Control/PLD3Control_Plate1_d14_TMEM561LAMP1640MAP2488DAPI405_F17_F3.nd2,11
8,13857,0,0.0,0.0,119.28267669677734,1652900.0,,0.0,0.1954087435085698,True,,Control,F17,3.0,d14,Plate1,/Users/pmihack/claire/tmem_2026/data/cleaved_tmem_pld3_260821/d14/Z59_PLD_Control/PLD3Control_Plate1_d14_TMEM561LAMP1640MAP2488DAPI405_F17_F3.nd2,11
9,13087,0,0.0,0.0,315.6304626464844,4130656.0,,0.0,0.0138752480806603,True,,Control,F17,3.0,d14,Plate1,/Users/pmihack/claire/tmem_2026/data/cleaved_tmem_pld3_260821/d14/Z59_PLD_Control/PLD3Control_Plate1_d14_TMEM561LAMP1640MAP2488DAPI405_F17_F3.nd2,11
10,10244,1,0.0023428348301444,0.2799359999999999,370.2064514160156,3792395.0,8.37355686704792,0.0,0.6969122719120736,True,,Control,F17,3.0,d14,Plate1,/Users/pmihack/claire/tmem_2026/data/cleaved_tmem_pld3_260821/d14/Z59_PLD_Control/PLD3Control_Plate1_d14_TMEM561LAMP1640MAP2488DAPI405_F17_F3.nd2,11
11,15781,0,0.0,0.0,167.0319366455078,2635931.0,,0.0,0.0960782889238185,True,,Control,F17,3.0,d14,Plate1,/Users/pmihack/claire/tmem_2026/data/cleaved_tmem_pld3_260821/d14/Z59_PLD_Control/PLD3Control_Plate1_d14_TMEM561LAMP1640MAP2488DAPI405_F17_F3.nd2,11
12,11760,0,0.0,0.0,246.846435546875,2902914.0,,0.0,0.0897266045131248,True,,Control,F17,3.0,d14,Plate1,/Users/pmihack/claire/tmem_2026/data/cleaved_tmem_pld3_260821/d14/Z59_PLD_Control/PLD3Control_Plate1_d14_TMEM561LAMP1640MAP2488DAPI405_F17_F3.nd2,11
1,6417,0,0.0,0.0,77.85382843017578,499588.0,,0.0,-0.0276752311713518,True,,Control,F17,4.0,d14,Plate1,/Users/pmihack/claire/tmem_2026/data/cleaved_tmem_pld3_260821/d14/Z59_PLD_Control/PLD3Control_Plate1_d14_TMEM561LAMP1640MAP2488DAPI405_F17_F4.nd2,10
2,12857,0,0.0,0.0,249.83712768554688,3212156.0,,0.0,-0.0040146040102337,True,,Control,F17,4.0,d14,Plate1,/Users/pmihack/claire/tmem_2026/data/cleaved_tmem_pld3_260821/d14/Z59_PLD_Control/PLD3Control_Plate1_d14_TMEM561LAMP1640MAP2488DAPI405_F17_F4.nd2,10
3,10843,0,0.0,0.0,102.97325134277344,1116539.0,,0.0,0.1439748429319723,True,,Control,F17,4.0,d14,Plate1,/Users/pmihack/claire/tmem_2026/data/cleaved_tmem_pld3_260821/d14/Z59_PLD_Control/PLD3Control_Plate1_d14_TMEM561LAMP1640MAP2488DAPI405_F17_F4.nd2,10
4,7709,0,0.0,0.0,87.9627685546875,678105.0,,0.0,-0.0170970273687716,True,,Control,F17,4.0,d14,Plate1,/Users/pmihack/claire/tmem_2026/data/cleaved_tmem_pld3_260821/d14/Z59_PLD_Control/PLD3Control_Plate1_d14_TMEM561LAMP1640MAP2488DAPI405_F17_F4.nd2,10
5,11382,0,0.0,0.0,57.873046875,658711.0,,0.0,-0.0636990233890346,True,,Control,F17,4.0,d14,Plate1,/Users/pmihack/claire/tmem_2026/data/cleaved_tmem_pld3_260821/d14/Z59_PLD_Control/PLD3Control_Plate1_d14_TMEM561LAMP1640MAP2488DAPI405_F17_F4.nd2,10
6,15376,0,0.0,0.0,102.04825592041016,1569094.0,,0.0,-0.0205046762189474,True,,Control,F17,4.0,d14,Plate1,/Users/pmihack/claire/tmem_2026/data/cleaved_tmem_pld3_260821/d14/Z59_PLD_Control/PLD3Control_Plate1_d14_TMEM561LAMP1640MAP2488DAPI405_F17_F4.nd2,10
7,3985,0,0.0,0.0,15.99874496459961,63755.0,,0.0,0.0132221026869961,True,,Control,F17,4.0,d14,Plate1,/Users/pmihack/claire/tmem_2026/data/cleaved_tmem_pld3_260821/d14/Z59_PLD_Control/PLD3Control_Plate1_d14_TMEM561LAMP1640MAP2488DAPI405_F17_F4.nd2,10
8,6090,0,0.0,0.0,141.361572265625,860892.0,,0.0,-0.0320694971380807,True,,Control,F17,4.0,d14,Plate1,/Users/pmihack/claire/tmem_2026/data/cleaved_tmem_pld3_260821/d14/Z59_PLD_Control/PLD3Control_Plate1_d14_TMEM561LAMP1640MAP2488DAPI405_F17_F4.nd2,10
9,1873,0,0.0,0.0,19.72237014770508,36940.0,,0.0,0.0610689789200433,False,size_outlier,Control,F17,4.0,d14,Plate1,/Users/pmihack/claire/tmem_2026/data/cleaved_tmem_pld3_260821/d14/Z59_PLD_Control/PLD3Control_Plate1_d14_TMEM561LAMP1640MAP2488DAPI405_F17_F4.nd2,10
10,23880,0,0.0,0.0,96.46306610107422,2303538.0,,0.0,0.0377043617930508,True,,Control,F17,4.0,d14,Plate1,/Users/pmihack/claire/tmem_2026/data/cleaved_tmem_pld3_260821/d14/Z59_PLD_Control/PLD3Control_Plate1_d14_TMEM561LAMP1640MAP2488DAPI405_F17_F4.nd2,10
11,11515,0,0.0,0.0,44.64950180053711,514139.0,,0.0,0.320760671042737,True,,Control,F17,4.0,d14,Plate1,/Users/pmihack/claire/tmem_2026/data/cleaved_tmem_pld3_260821/d14/Z59_PLD_Control/PLD3Control_Plate1_d14_TMEM561LAMP1640MAP2488DAPI405_F17_F4.nd2,10
12,15378,0,0.0,0.0,33.34634017944336,512800.0,,0.0,0.0211180586120593,True,,Control,F17,4.0,d14,Plate1,/Users/pmihack/claire/tmem_2026/data/cleaved_tmem_pld3_260821/d14/Z59_PLD_Control/PLD3Control_Plate1_d14_TMEM561LAMP1640MAP2488DAPI405_F17_F4.nd2,10
13,3609,0,0.0,0.0,35.930728912353516,129674.0,,0.0,-0.0424744582582794,True,,Control,F17,4.0,d14,Plate1,/Users/pmihack/claire/tmem_2026/data/cleaved_tmem_pld3_260821/d14/Z59_PLD_Control/PLD3Control_Plate1_d14_TMEM561LAMP1640MAP2488DAPI405_F17_F4.nd2,10
14,4999,0,0.0,0.0,47.789756774902344,238901.0,,0.0,0.5811367918396662,True,,Control,F17,4.0,d14,Plate1,/Users/pmihack/claire/tmem_2026/data/cleaved_tmem_pld3_260821/d14/Z59_PLD_Control/PLD3Control_Plate1_d14_TMEM561LAMP1640MAP2488DAPI405_F17_F4.nd2,10
15,10801,0,0.0,0.0,46.31052780151367,500200.0,,0.0,-0.1008063864034781,True,,Control,F17,4.0,d14,Plate1,/Users/pmihack/claire/tmem_2026/data/cleaved_tmem_pld3_260821/d14/Z59_PLD_Control/PLD3Control_Plate1_d14_TMEM561LAMP1640MAP2488DAPI405_F17_F4.nd2,10
16,3060,0,0.0,0.0,40.40032577514648,123625.0,,0.0,0.1515106995186746,True,,Control,F17,4.0,d14,Plate1,/Users/pmihack/claire/tmem_2026/data/cleaved_tmem_pld3_260821/d14/Z59_PLD_Control/PLD3Control_Plate1_d14_TMEM561LAMP1640MAP2488DAPI405_F17_F4.nd2,10
17,14359,0,0.0,0.0,86.07772064208984,1235990.0,,0.0,-0.0191073102962943,True,,Control,F17,4.0,d14,Plate1,/Users/pmihack/claire/tmem_2026/data/cleaved_tmem_pld3_260821/d14/Z59_PLD_Control/PLD3Control_Plate1_d14_TMEM561LAMP1640MAP2488DAPI405_F17_F4.nd2,10
18,10380,0,0.0,0.0,41.969459533691406,435643.0,,0.0,-0.0363131092589935,True,,Control,F17,4.0,d14,Plate1,/Users/pmihack/claire/tmem_2026/data/cleaved_tmem_pld3_260821/d14/Z59_PLD_Control/PLD3Control_Plate1_d14_TMEM561LAMP1640MAP2488DAPI405_F17_F4.nd2,10
1,180,0,0.0,0.0,31.094444274902344,5597.0,,0.0,0.202831592704412,False,size_outlier,Control,G17,1.0,d14,Plate1,/Users/pmihack/claire/tmem_2026/data/cleaved_tmem_pld3_260821/d14/Z59_PLD_Control/PLD3Control_Plate1_d14_TMEM561LAMP1640MAP2488DAPI405_G17_F1.nd2,10
2,370,0,0.0,0.0,8.14054012298584,3012.0,,0.0,0.4993961653255243,False,size_outlier,Control,G17,1.0,d14,Plate1,/Users/pmihack/claire/tmem_2026/data/cleaved_tmem_pld3_260821/d14/Z59_PLD_Control/PLD3Control_Plate1_d14_TMEM561LAMP1640MAP2488DAPI405_G17_F1.nd2,10
3,478,0,0.0,0.0,4.89330530166626,2339.0,,0.0,0.3930584537609335,False,size_outlier,Control,G17,1.0,d14,Plate1,/Users/pmihack/claire/tmem_2026/data/cleaved_tmem_pld3_260821/d14/Z59_PLD_Control/PLD3Control_Plate1_d14_TMEM561LAMP1640MAP2488DAPI405_G17_F1.nd2,10
4,692,0,0.0,0.0,9.738439559936523,6739.0,,0.0,0.2961379627604404,False,size_outlier,Control,G17,1.0,d14,Plate1,/Users/pmihack/claire/tmem_2026/data/cleaved_tmem_pld3_260821/d14/Z59_PLD_Control/PLD3Control_Plate1_d14_TMEM561LAMP1640MAP2488DAPI405_G17_F1.nd2,10
5,274,0,0.0,0.0,2.7883212566375732,764.0,,0.0,0.1815152984565997,False,size_outlier,Control,G17,1.0,d14,Plate1,/Users/pmihack/claire/tmem_2026/data/cleaved_tmem_pld3_260821/d14/Z59_PLD_Control/PLD3Control_Plate1_d14_TMEM561LAMP1640MAP2488DAPI405_G17_F1.nd2,10
6,13493,0,0.0,0.0,187.9499053955078,2536008.0,,0.0,0.0599072745355157,True,,Control,G17,1.0,d14,Plate1,/Users/pmihack/claire/tmem_2026/data/cleaved_tmem_pld3_260821/d14/Z59_PLD_Control/PLD3Control_Plate1_d14_TMEM561LAMP1640MAP2488DAPI405_G17_F1.nd2,10
7,15938,0,0.0,0.0,110.9295425415039,1767995.0,,0.0,0.2255930745608819,True,,Control,G17,1.0,d14,Plate1,/Users/pmihack/claire/tmem_2026/data/cleaved_tmem_pld3_260821/d14/Z59_PLD_Control/PLD3Control_Plate1_d14_TMEM561LAMP1640MAP2488DAPI405_G17_F1.nd2,10
8,2025,0,0.0,0.0,279.65679931640625,566305.0,,0.0,0.1865219535024406,True,,Control,G17,1.0,d14,Plate1,/Users/pmihack/claire/tmem_2026/data/cleaved_tmem_pld3_260821/d14/Z59_PLD_Control/PLD3Control_Plate1_d14_TMEM561LAMP1640MAP2488DAPI405_G17_F1.nd2,10
9,14230,0,0.0,0.0,244.16970825195312,3474535.0,,0.0,0.1830941974440685,True,,Control,G17,1.0,d14,Plate1,/Users/pmihack/claire/tmem_2026/data/cleaved_tmem_pld3_260821/d14/Z59_PLD_Control/PLD3Control_Plate1_d14_TMEM561LAMP1640MAP2488DAPI405_G17_F1.nd2,10
10,11074,0,0.0,0.0,195.7433624267578,2167662.0,,0.0,0.1190399762220094,True,,Control,G17,1.0,d14,Plate1,/Users/pmihack/claire/tmem_2026/data/cleaved_tmem_pld3_260821/d14/Z59_PLD_Control/PLD3Control_Plate1_d14_TMEM561LAMP1640MAP2488DAPI405_G17_F1.nd2,10
11,4686,0,0.0,0.0,28.93747329711914,135601.0,,0.0,0.0858879975067901,True,,Control,G17,1.0,d14,Plate1,/Users/pmihack/claire/tmem_2026/data/cleaved_tmem_pld3_260821/d14/Z59_PLD_Control/PLD3Control_Plate1_d14_TMEM561LAMP1640MAP2488DAPI405_G17_F1.nd2,10
12,12192,0,0.0,0.0,156.81126403808594,1911843.0,,0.0,0.1163867708994775,True,,Control,G17,1.0,d14,Plate1,/Users/pmihack/claire/tmem_2026/data/cleaved_tmem_pld3_260821/d14/Z59_PLD_Control/PLD3Control_Plate1_d14_TMEM561LAMP1640MAP2488DAPI405_G17_F1.nd2,10
13,195,0,0.0,0.0,2.9487178325653076,575.0,,0.0,0.1955970056470439,False,size_outlier,Control,G17,1.0,d14,Plate1,/Users/pmihack/claire/tmem_2026/data/cleaved_tmem_pld3_260821/d14/Z59_PLD_Control/PLD3Control_Plate1_d14_TMEM561LAMP1640MAP2488DAPI405_G17_F1.nd2,10
14,149,0,0.0,0.0,3.597315549850464,536.0,,0.0,0.0363940833080489,False,size_outlier,Control,G17,1.0,d14,Plate1,/Users/pmihack/claire/tmem_2026/data/cleaved_tmem_pld3_260821/d14/Z59_PLD_Control/PLD3Control_Plate1_d14_TMEM561LAMP1640MAP2488DAPI405_G17_F1.nd2,10
15,213,0,0.0,0.0,6.079812049865723,1295.0,,0.0,0.155198976438374,False,size_outlier,Control,G17,1.0,d14,Plate1,/Users/pmihack/claire/tmem_2026/data/cleaved_tmem_pld3_260821/d14/Z59_PLD_Control/PLD3Control_Plate1_d14_TMEM561LAMP1640MAP2488DAPI405_G17_F1.nd2,10
16,196,0,0.0,0.0,10.163265228271484,1992.0,,0.0,-0.0309736278472659,False,size_outlier,Control,G17,1.0,d14,Plate1,/Users/pmihack/claire/tmem_2026/data/cleaved_tmem_pld3_260821/d14/Z59_PLD_Control/PLD3Control_Plate1_d14_TMEM561LAMP1640MAP2488DAPI405_G17_F1.nd2,10
17,11283,0,0.0,0.0,152.84091186523438,1724504.0,,0.0,0.0403931439071241,True,,Control,G17,1.0,d14,Plate1,/Users/pmihack/claire/tmem_2026/data/cleaved_tmem_pld3_260821/d14/Z59_PLD_Control/PLD3Control_Plate1_d14_TMEM561LAMP1640MAP2488DAPI405_G17_F1.nd2,10
18,175,0,0.0,0.0,3.7542858123779297,657.0,,0.0,0.134305861235677,False,size_outlier,Control,G17,1.0,d14,Plate1,/Users/pmihack/claire/tmem_2026/data/cleaved_tmem_pld3_260821/d14/Z59_PLD_Control/PLD3Control_Plate1_d14_TMEM561LAMP1640MAP2488DAPI405_G17_F1.nd2,10
19,10948,0,0.0,0.0,169.00694274902344,1850288.0,,0.0,0.0749014681938221,True,,Control,G17,1.0,d14,Plate1,/Users/pmihack/claire/tmem_2026/data/cleaved_tmem_pld3_260821/d14/Z59_PLD_Control/PLD3Control_Plate1_d14_TMEM561LAMP1640MAP2488DAPI405_G17_F1.nd2,10
20,183,0,0.0,0.0,8.131147384643555,1488.0,,0.0,-0.0390719796256587,False,size_outlier,Control,G17,1.0,d14,Plate1,/Users/pmihack/claire/tmem_2026/data/cleaved_tmem_pld3_260821/d14/Z59_PLD_Control/PLD3Control_Plate1_d14_TMEM561LAMP1640MAP2488DAPI405_G17_F1.nd2,10
21,131,0,0.0,0.0,1.5114504098892212,198.0,,0.0,0.2729405323047407,False,size_outlier,Control,G17,1.0,d14,Plate1,/Users/pmihack/claire/tmem_2026/data/cleaved_tmem_pld3_260821/d14/Z59_PLD_Control/PLD3Control_Plate1_d14_TMEM561LAMP1640MAP2488DAPI405_G17_F1.nd2,10
22,2112,0,0.0,0.0,25.10464096069336,53021.0,,0.0,-0.0220531327567778,True,,Control,G17,1.0,d14,Plate1,/Users/pmihack/claire/tmem_2026/data/cleaved_tmem_pld3_260821/d14/Z59_PLD_Control/PLD3Control_Plate1_d14_TMEM561LAMP1640MAP2488DAPI405_G17_F1.nd2,10
1,16118,2,0.00080655168135,0.075816,227.8275146484375,3672124.0,11.62903971778175,0.0,0.1623293119836855,True,,Control,G17,2.0,d14,Plate1,/Users/pmihack/claire/tmem_2026/data/cleaved_tmem_pld3_260821/d14/Z59_PLD_Control/PLD3Control_Plate1_d14_TMEM561LAMP1640MAP2488DAPI405_G17_F2.nd2,16
2,3375,1,0.0032592592592592,0.128304,126.61214447021484,427316.0,21.547386795494138,0.0,0.2207555185626165,True,,Control,G17,2.0,d14,Plate1,/Users/pmihack/claire/tmem_2026/data/cleaved_tmem_pld3_260821/d14/Z59_PLD_Control/PLD3Control_Plate1_d14_TMEM561LAMP1640MAP2488DAPI405_G17_F2.nd2,16
3,28868,0,0.0,0.0,219.95074462890625,6349538.0,,0.0,0.2087470716644838,True,,Control,G17,2.0,d14,Plate1,/Users/pmihack/claire/tmem_2026/data/cleaved_tmem_pld3_260821/d14/Z59_PLD_Control/PLD3Control_Plate1_d14_TMEM561LAMP1640MAP2488DAPI405_G17_F2.nd2,16
4,21751,0,0.0,0.0,200.54820251464844,4362124.0,,0.0,0.2119976367287057,True,,Control,G17,2.0,d14,Plate1,/Users/pmihack/claire/tmem_2026/data/cleaved_tmem_pld3_260821/d14/Z59_PLD_Control/PLD3Control_Plate1_d14_TMEM561LAMP1640MAP2488DAPI405_G17_F2.nd2,16
5,20491,0,0.0,0.0,128.69679260253906,2637126.0,,0.0,0.0945423928176223,True,,Control,G17,2.0,d14,Plate1,/Users/pmihack/claire/tmem_2026/data/cleaved_tmem_pld3_260821/d14/Z59_PLD_Control/PLD3Control_Plate1_d14_TMEM561LAMP1640MAP2488DAPI405_G17_F2.nd2,16
6,13862,0,0.0,0.0,183.49740600585935,2543641.0,,0.0,0.2446702941520346,True,,Control,G17,2.0,d14,Plate1,/Users/pmihack/claire/tmem_2026/data/cleaved_tmem_pld3_260821/d14/Z59_PLD_Control/PLD3Control_Plate1_d14_TMEM561LAMP1640MAP2488DAPI405_G17_F2.nd2,16
7,16212,1,0.0001850481125092,0.0349919999999999,402.0977783203125,6518809.0,3.297180515288727,0.0,0.1004324584145894,True,,Control,G17,2.0,d14,Plate1,/Users/pmihack/claire/tmem_2026/data/cleaved_tmem_pld3_260821/d14/Z59_PLD_Control/PLD3Control_Plate1_d14_TMEM561LAMP1640MAP2488DAPI405_G17_F2.nd2,16
8,21428,0,0.0,0.0,198.59898376464844,4255579.0,,0.0,0.1782279593957801,True,,Control,G17,2.0,d14,Plate1,/Users/pmihack/claire/tmem_2026/data/cleaved_tmem_pld3_260821/d14/Z59_PLD_Control/PLD3Control_Plate1_d14_TMEM561LAMP1640MAP2488DAPI405_G17_F2.nd2,16
9,12027,0,0.0,0.0,440.2810363769531,5295260.0,,0.0,0.0833922152641552,True,,Control,G17,2.0,d14,Plate1,/Users/pmihack/claire/tmem_2026/data/cleaved_tmem_pld3_260821/d14/Z59_PLD_Control/PLD3Control_Plate1_d14_TMEM561LAMP1640MAP2488DAPI405_G17_F2.nd2,16
10,9182,0,0.0,0.0,112.14898681640624,1029752.0,,0.0,0.2789884169091992,True,,Control,G17,2.0,d14,Plate1,/Users/pmihack/claire/tmem_2026/data/cleaved_tmem_pld3_260821/d14/Z59_PLD_Control/PLD3Control_Plate1_d14_TMEM561LAMP1640MAP2488DAPI405_G17_F2.nd2,16
11,29290,0,0.0,0.0,148.32362365722656,4344399.0,,0.0,0.0229698280251217,True,,Control,G17,2.0,d14,Plate1,/Users/pmihack/claire/tmem_2026/data/cleaved_tmem_pld3_260821/d14/Z59_PLD_Control/PLD3Control_Plate1_d14_TMEM561LAMP1640MAP2488DAPI405_G17_F2.nd2,16
12,7937,1,0.0008819453193901,0.081648,1072.3294677734375,8511079.0,20.11172287994502,0.0,0.1203079821363134,True,,Control,G17,2.0,d14,Plate1,/Users/pmihack/claire/tmem_2026/data/cleaved_tmem_pld3_260821/d14/Z59_PLD_Control/PLD3Control_Plate1_d14_TMEM561LAMP1640MAP2488DAPI405_G17_F2.nd2,16
13,39492,0,0.0,0.0,290.4559631347656,11470687.0,,0.000886084686499,0.0558288425076006,True,,Control,G17,2.0,d14,Plate1,/Users/pmihack/claire/tmem_2026/data/cleaved_tmem_pld3_260821/d14/Z59_PLD_Control/PLD3Control_Plate1_d14_TMEM561LAMP1640MAP2488DAPI405_G17_F2.nd2,16
1,28068,0,0.0,0.0,129.32859802246094,3629995.0,,0.0,0.1231239546181345,True,,Control,G17,3.0,d14,Plate1,/Users/pmihack/claire/tmem_2026/data/cleaved_tmem_pld3_260821/d14/Z59_PLD_Control/PLD3Control_Plate1_d14_TMEM561LAMP1640MAP2488DAPI405_G17_F3.nd2,11
2,13554,5,0.0056072008263243,0.1772927999999999,433.3517761230469,5873650.0,13.07305505764465,0.0,0.2858166814472335,True,,Control,G17,3.0,d14,Plate1,/Users/pmihack/claire/tmem_2026/data/cleaved_tmem_pld3_260821/d14/Z59_PLD_Control/PLD3Control_Plate1_d14_TMEM561LAMP1640MAP2488DAPI405_G17_F3.nd2,11
3,12807,8,0.0103849457328023,0.1939139999999999,461.7242126464844,5913302.0,29.108868186393167,0.0,0.1050478745833452,True,,Control,G17,3.0,d14,Plate1,/Users/pmihack/claire/tmem_2026/data/cleaved_tmem_pld3_260821/d14/Z59_PLD_Control/PLD3Control_Plate1_d14_TMEM561LAMP1640MAP2488DAPI405_G17_F3.nd2,11
4,22900,5,0.0020960698689956,0.1119743999999999,253.6830139160156,5809341.0,16.845616048877076,0.0,0.1611492596637584,True,,Control,G17,3.0,d14,Plate1,/Users/pmihack/claire/tmem_2026/data/cleaved_tmem_pld3_260821/d14/Z59_PLD_Control/PLD3Control_Plate1_d14_TMEM561LAMP1640MAP2488DAPI405_G17_F3.nd2,11
5,20301,0,0.0,0.0,339.96429443359375,6901615.0,,0.0,0.2701728462511296,True,,Control,G17,3.0,d14,Plate1,/Users/pmihack/claire/tmem_2026/data/cleaved_tmem_pld3_260821/d14/Z59_PLD_Control/PLD3Control_Plate1_d14_TMEM561LAMP1640MAP2488DAPI405_G17_F3.nd2,11
6,10832,1,0.0005539143279172,0.0699839999999999,392.7758483886719,4254548.0,26.00037671425317,0.0,0.0222488920409157,True,,Control,G17,3.0,d14,Plate1,/Users/pmihack/claire/tmem_2026/data/cleaved_tmem_pld3_260821/d14/Z59_PLD_Control/PLD3Control_Plate1_d14_TMEM561LAMP1640MAP2488DAPI405_G17_F3.nd2,11
7,13633,2,0.0008802171202229,0.0699839999999999,305.5250549316406,4165223.0,16.127312034092554,0.0,0.0965684992966198,True,,Control,G17,3.0,d14,Plate1,/Users/pmihack/claire/tmem_2026/data/cleaved_tmem_pld3_260821/d14/Z59_PLD_Control/PLD3Control_Plate1_d14_TMEM561LAMP1640MAP2488DAPI405_G17_F3.nd2,11
8,7200,0,0.0,0.0,143.65834045410156,1034340.0,,0.0,0.345331587319437,True,,Control,G17,3.0,d14,Plate1,/Users/pmihack/claire/tmem_2026/data/cleaved_tmem_pld3_260821/d14/Z59_PLD_Control/PLD3Control_Plate1_d14_TMEM561LAMP1640MAP2488DAPI405_G17_F3.nd2,11
9,8497,8,0.030716723549488,0.380538,898.2345581054688,7632299.0,20.556649621465425,0.0,0.0646323676605024,True,,Control,G17,3.0,d14,Plate1,/Users/pmihack/claire/tmem_2026/data/cleaved_tmem_pld3_260821/d14/Z59_PLD_Control/PLD3Control_Plate1_d14_TMEM561LAMP1640MAP2488DAPI405_G17_F3.nd2,11
10,12841,0,0.0,0.0,232.7677764892578,2988971.0,,0.0,-0.0130032042773092,True,,Control,G17,3.0,d14,Plate1,/Users/pmihack/claire/tmem_2026/data/cleaved_tmem_pld3_260821/d14/Z59_PLD_Control/PLD3Control_Plate1_d14_TMEM561LAMP1640MAP2488DAPI405_G17_F3.nd2,11
11,7227,0,0.0,0.0,9.794520378112791,70785.0,,0.0,0.0158946825721589,True,,Control,G17,3.0,d14,Plate1,/Users/pmihack/claire/tmem_2026/data/cleaved_tmem_pld3_260821/d14/Z59_PLD_Control/PLD3Control_Plate1_d14_TMEM561LAMP1640MAP2488DAPI405_G17_F3.nd2,11
12,19131,0,0.0,0.0,253.6371307373047,4852332.0,,0.0,0.1371246898052343,True,,Control,G17,3.0,d14,Plate1,/Users/pmihack/claire/tmem_2026/data/cleaved_tmem_pld3_260821/d14/Z59_PLD_Control/PLD3Control_Plate1_d14_TMEM561LAMP1640MAP2488DAPI405_G17_F3.nd2,11
13,8270,1,0.0003627569528415,0.0349919999999999,213.55792236328125,1766124.0,19.606041563729733,0.0,0.2132342713829452,True,,Control,G17,3.0,d14,Plate1,/Users/pmihack/claire/tmem_2026/data/cleaved_tmem_pld3_260821/d14/Z59_PLD_Control/PLD3Control_Plate1_d14_TMEM561LAMP1640MAP2488DAPI405_G17_F3.nd2,11
14,12158,1,0.0003290014805066,0.0466559999999999,341.7880554199219,4155459.0,16.66986941684156,0.0,0.0992053648534895,True,,Control,G17,3.0,d14,Plate1,/Users/pmihack/claire/tmem_2026/data/cleaved_tmem_pld3_260821/d14/Z59_PLD_Control/PLD3Control_Plate1_d14_TMEM561LAMP1640MAP2488DAPI405_G17_F3.nd2,11
1,14109,10,0.0824296548302501,1.3565231999999998,550.502685546875,7767042.0,20.375354802842637,0.0,0.1590243700927669,True,,Control,G17,4.0,d14,Plate1,/Users/pmihack/claire/tmem_2026/data/cleaved_tmem_pld3_260821/d14/Z59_PLD_Control/PLD3Control_Plate1_d14_TMEM561LAMP1640MAP2488DAPI405_G17_F4.nd2,12
2,13684,11,0.0938322128032738,1.361506909090909,533.3057861328125,7297756.0,23.98746363898587,0.0,0.2079996971402067,True,,Control,G17,4.0,d14,Plate1,/Users/pmihack/claire/tmem_2026/data/cleaved_tmem_pld3_260821/d14/Z59_PLD_Control/PLD3Control_Plate1_d14_TMEM561LAMP1640MAP2488DAPI405_G17_F4.nd2,12
3,16056,17,0.05655206776283,0.6229948235294117,443.1659851074219,7115473.0,1.2569819148385708,0.0,0.0307202087853773,True,,Control,G17,4.0,d14,Plate1,/Users/pmihack/claire/tmem_2026/data/cleaved_tmem_pld3_260821/d14/Z59_PLD_Control/PLD3Control_Plate1_d14_TMEM561LAMP1640MAP2488DAPI405_G17_F4.nd2,12
4,25590,11,0.020085971082454,0.545026909090909,180.2790985107422,4613342.0,0.8698526598358154,0.0,0.1695930235137021,True,,Control,G17,4.0,d14,Plate1,/Users/pmihack/claire/tmem_2026/data/cleaved_tmem_pld3_260821/d14/Z59_PLD_Control/PLD3Control_Plate1_d14_TMEM561LAMP1640MAP2488DAPI405_G17_F4.nd2,12
5,22057,5,0.0036723035770957,0.1889567999999999,94.98149871826172,2095007.0,1.8763394285467143,0.0,0.0501889889268853,True,,Control,G17,4.0,d14,Plate1,/Users/pmihack/claire/tmem_2026/data/cleaved_tmem_pld3_260821/d14/Z59_PLD_Control/PLD3Control_Plate1_d14_TMEM561LAMP1640MAP2488DAPI405_G17_F4.nd2,12
6,15163,17,0.0400976060146409,0.4171595294117647,359.1545104980469,5445860.0,8.42251631050254,0.0,0.2283206309125552,True,,Control,G17,4.0,d14,Plate1,/Users/pmihack/claire/tmem_2026/data/cleaved_tmem_pld3_260821/d14/Z59_PLD_Control/PLD3Control_Plate1_d14_TMEM561LAMP1640MAP2488DAPI405_G17_F4.nd2,12
7,22848,21,0.0539215686274509,0.6842879999999999,380.3652038574219,8690584.0,10.55964777829247,0.0,0.1522092679667646,True,,Control,G17,4.0,d14,Plate1,/Users/pmihack/claire/tmem_2026/data/cleaved_tmem_pld3_260821/d14/Z59_PLD_Control/PLD3Control_Plate1_d14_TMEM561LAMP1640MAP2488DAPI405_G17_F4.nd2,12
8,10455,12,0.1670970827355332,1.698084,902.5005493164062,9435643.0,13.617551944075013,0.0013827356742694,0.1697753315796765,True,,Control,G17,4.0,d14,Plate1,/Users/pmihack/claire/tmem_2026/data/cleaved_tmem_pld3_260821/d14/Z59_PLD_Control/PLD3Control_Plate1_d14_TMEM561LAMP1640MAP2488DAPI405_G17_F4.nd2,12
1,11562,15,0.0545753329873724,0.4906656,929.2208251953124,10743651.0,5.134873270709264,0.0,0.1810763209523073,True,,Control,H17,1.0,d14,Plate1,/Users/pmihack/claire/tmem_2026/data/cleaved_tmem_pld3_260821/d14/Z59_PLD_Control/PLD3Control_Plate1_d14_TMEM561LAMP1640MAP2488DAPI405_H17_F1.nd2,11
2,14910,5,0.0036217303822937,0.1259712,420.357666015625,6267533.0,8.628634189182815,0.0,0.1812045536981649,True,,Control,H17,1.0,d14,Plate1,/Users/pmihack/claire/tmem_2026/data/cleaved_tmem_pld3_260821/d14/Z59_PLD_Control/PLD3Control_Plate1_d14_TMEM561LAMP1640MAP2488DAPI405_H17_F1.nd2,11
3,14032,0,0.0,0.0,179.8988800048828,2524341.0,,0.0055166874080896,0.2263033976341749,True,,Control,H17,1.0,d14,Plate1,/Users/pmihack/claire/tmem_2026/data/cleaved_tmem_pld3_260821/d14/Z59_PLD_Control/PLD3Control_Plate1_d14_TMEM561LAMP1640MAP2488DAPI405_H17_F1.nd2,11
4,16444,4,0.0059596205302846,0.2857679999999999,293.82958984375,4831734.0,16.996423402384956,0.0,0.068396250796421,True,,Control,H17,1.0,d14,Plate1,/Users/pmihack/claire/tmem_2026/data/cleaved_tmem_pld3_260821/d14/Z59_PLD_Control/PLD3Control_Plate1_d14_TMEM561LAMP1640MAP2488DAPI405_H17_F1.nd2,11
5,18255,2,0.0009312517118597,0.099144,214.4302978515625,3914425.0,12.45253233358752,0.0,0.0818273205048268,True,,Control,H17,1.0,d14,Plate1,/Users/pmihack/claire/tmem_2026/data/cleaved_tmem_pld3_260821/d14/Z59_PLD_Control/PLD3Control_Plate1_d14_TMEM561LAMP1640MAP2488DAPI405_H17_F1.nd2,11
6,14905,12,0.0125461254612546,0.1817639999999999,442.1355895996094,6590031.0,2.151287471613549,4.749598156195134e-05,0.0246933287130979,True,,Control,H17,1.0,d14,Plate1,/Users/pmihack/claire/tmem_2026/data/cleaved_tmem_pld3_260821/d14/Z59_PLD_Control/PLD3Control_Plate1_d14_TMEM561LAMP1640MAP2488DAPI405_H17_F1.nd2,11
7,1626,0,0.0,0.0,144.66297912597656,235222.0,,0.0,-0.0807873802016097,False,size_outlier,Control,H17,1.0,d14,Plate1,/Users/pmihack/claire/tmem_2026/data/cleaved_tmem_pld3_260821/d14/Z59_PLD_Control/PLD3Control_Plate1_d14_TMEM561LAMP1640MAP2488DAPI405_H17_F1.nd2,11
8,17383,1,0.0002301098774664,0.0466559999999999,259.54461669921875,4511664.0,11.636836849245777,0.0,0.197429833286841,True,,Control,H17,1.0,d14,Plate1,/Users/pmihack/claire/tmem_2026/data/cleaved_tmem_pld3_260821/d14/Z59_PLD_Control/PLD3Control_Plate1_d14_TMEM561LAMP1640MAP2488DAPI405_H17_F1.nd2,11
9,21544,7,0.0030170813219457,0.1083085714285714,279.027099609375,6011360.0,11.475087711967872,0.0,0.2293383716225405,True,,Control,H17,1.0,d14,Plate1,/Users/pmihack/claire/tmem_2026/data/cleaved_tmem_pld3_260821/d14/Z59_PLD_Control/PLD3Control_Plate1_d14_TMEM561LAMP1640MAP2488DAPI405_H17_F1.nd2,11
10,7741,3,0.0047797442190931,0.1438559999999999,551.9044189453125,4272292.0,19.374508151565827,0.0001439508341718,0.0253442329260423,True,,Control,H17,1.0,d14,Plate1,/Users/pmihack/claire/tmem_2026/data/cleaved_tmem_pld3_260821/d14/Z59_PLD_Control/PLD3Control_Plate1_d14_TMEM561LAMP1640MAP2488DAPI405_H17_F1.nd2,11
1,12953,5,0.0056357600555855,0.1702943999999999,530.5897216796875,6872729.0,11.116095113548724,0.0,-0.0537609797117405,True,,Control,H17,2.0,d14,Plate1,/Users/pmihack/claire/tmem_2026/data/cleaved_tmem_pld3_260821/d14/Z59_PLD_Control/PLD3Control_Plate1_d14_TMEM561LAMP1640MAP2488DAPI405_H17_F2.nd2,15
2,30735,2,0.0008784773060029,0.157464,155.10125732421875,4767037.0,9.106829579248371,0.0,0.1075848557677155,True,,Control,H17,2.0,d14,Plate1,/Users/pmihack/claire/tmem_2026/data/cleaved_tmem_pld3_260821/d14/Z59_PLD_Control/PLD3Control_Plate1_d14_TMEM561LAMP1640MAP2488DAPI405_H17_F2.nd2,15
3,22424,23,0.02247591865858,0.2555937391304347,430.0249328613281,9642879.0,10.91808312429875,0.0,0.0850586765289325,True,,Control,H17,2.0,d14,Plate1,/Users/pmihack/claire/tmem_2026/data/cleaved_tmem_pld3_260821/d14/Z59_PLD_Control/PLD3Control_Plate1_d14_TMEM561LAMP1640MAP2488DAPI405_H17_F2.nd2,15
4,12045,7,0.0061436280614362,0.1233051428571428,370.24359130859375,4459584.0,21.82077952728976,0.0,0.1928490225226391,True,,Control,H17,2.0,d14,Plate1,/Users/pmihack/claire/tmem_2026/data/cleaved_tmem_pld3_260821/d14/Z59_PLD_Control/PLD3Control_Plate1_d14_TMEM561LAMP1640MAP2488DAPI405_H17_F2.nd2,15
5,14316,4,0.0025845208158703,0.1078919999999999,149.34178161621094,2137977.0,11.563879676777852,0.0,0.0360258694442245,True,,Control,H17,2.0,d14,Plate1,/Users/pmihack/claire/tmem_2026/data/cleaved_tmem_pld3_260821/d14/Z59_PLD_Control/PLD3Control_Plate1_d14_TMEM561LAMP1640MAP2488DAPI405_H17_F2.nd2,15
6,12077,12,0.0194584747867847,0.2284199999999999,734.19384765625,8866859.0,16.68804509351489,0.0,0.1295909246711803,True,,Control,H17,2.0,d14,Plate1,/Users/pmihack/claire/tmem_2026/data/cleaved_tmem_pld3_260821/d14/Z59_PLD_Control/PLD3Control_Plate1_d14_TMEM561LAMP1640MAP2488DAPI405_H17_F2.nd2,15
7,12550,1,0.0006374501992031,0.0933119999999999,38.914581298828125,488378.0,12.41344245906386,0.0002559492713771,0.0198397226973371,True,,Control,H17,2.0,d14,Plate1,/Users/pmihack/claire/tmem_2026/data/cleaved_tmem_pld3_260821/d14/Z59_PLD_Control/PLD3Control_Plate1_d14_TMEM561LAMP1640MAP2488DAPI405_H17_F2.nd2,15
8,18636,14,0.03783000643915,0.5873657142857142,425.1050720214844,7922258.0,16.259135719059575,0.0,0.2134066587706467,True,,Control,H17,2.0,d14,Plate1,/Users/pmihack/claire/tmem_2026/data/cleaved_tmem_pld3_260821/d14/Z59_PLD_Control/PLD3Control_Plate1_d14_TMEM561LAMP1640MAP2488DAPI405_H17_F2.nd2,15
1,12929,0,0.0,0.0,118.25554656982422,1528926.0,,0.0,-0.0320291174498193,False,abnormal_nucleus,Control,H17,3.0,d14,Plate1,/Users/pmihack/claire/tmem_2026/data/cleaved_tmem_pld3_260821/d14/Z59_PLD_Control/PLD3Control_Plate1_d14_TMEM561LAMP1640MAP2488DAPI405_H17_F3.nd2,12
2,11635,0,0.0,0.0,84.84107971191406,987126.0,,0.0,0.0760503434596301,True,,Control,H17,3.0,d14,Plate1,/Users/pmihack/claire/tmem_2026/data/cleaved_tmem_pld3_260821/d14/Z59_PLD_Control/PLD3Control_Plate1_d14_TMEM561LAMP1640MAP2488DAPI405_H17_F3.nd2,12
3,12657,0,0.0,0.0,140.1676483154297,1774102.0,,0.0,-0.0575851608014423,True,,Control,H17,3.0,d14,Plate1,/Users/pmihack/claire/tmem_2026/data/cleaved_tmem_pld3_260821/d14/Z59_PLD_Control/PLD3Control_Plate1_d14_TMEM561LAMP1640MAP2488DAPI405_H17_F3.nd2,12
4,27233,0,0.0,0.0,99.97932434082033,2722737.0,,0.0001098159700632,-0.0056131696538889,True,,Control,H17,3.0,d14,Plate1,/Users/pmihack/claire/tmem_2026/data/cleaved_tmem_pld3_260821/d14/Z59_PLD_Control/PLD3Control_Plate1_d14_TMEM561LAMP1640MAP2488DAPI405_H17_F3.nd2,12
5,9485,0,0.0,0.0,114.11608123779295,1082391.0,,0.0,-0.0038053250816506,True,,Control,H17,3.0,d14,Plate1,/Users/pmihack/claire/tmem_2026/data/cleaved_tmem_pld3_260821/d14/Z59_PLD_Control/PLD3Control_Plate1_d14_TMEM561LAMP1640MAP2488DAPI405_H17_F3.nd2,12
6,6353,0,0.0,0.0,69.45364379882812,441239.0,,0.0,0.0711958433149379,True,,Control,H17,3.0,d14,Plate1,/Users/pmihack/claire/tmem_2026/data/cleaved_tmem_pld3_260821/d14/Z59_PLD_Control/PLD3Control_Plate1_d14_TMEM561LAMP1640MAP2488DAPI405_H17_F3.nd2,12
7,6183,0,0.0,0.0,113.03590393066406,698901.0,,0.0,0.0332611261564974,True,,Control,H17,3.0,d14,Plate1,/Users/pmihack/claire/tmem_2026/data/cleaved_tmem_pld3_260821/d14/Z59_PLD_Control/PLD3Control_Plate1_d14_TMEM561LAMP1640MAP2488DAPI405_H17_F3.nd2,12
8,17489,1,0.0004002515867116,0.081648,248.533935546875,4346610.0,6.969611881732113,0.0,-0.0303864927057679,True,,Control,H17,3.0,d14,Plate1,/Users/pmihack/claire/tmem_2026/data/cleaved_tmem_pld3_260821/d14/Z59_PLD_Control/PLD3Control_Plate1_d14_TMEM561LAMP1640MAP2488DAPI405_H17_F3.nd2,12
9,11895,0,0.0,0.0,54.140228271484375,643998.0,,0.0,-0.0230029256454044,True,,Control,H17,3.0,d14,Plate1,/Users/pmihack/claire/tmem_2026/data/cleaved_tmem_pld3_260821/d14/Z59_PLD_Control/PLD3Control_Plate1_d14_TMEM561LAMP1640MAP2488DAPI405_H17_F3.nd2,12
10,13488,0,0.0,0.0,101.12529754638672,1363978.0,,0.0,0.0801259932267412,True,,Control,H17,3.0,d14,Plate1,/Users/pmihack/claire/tmem_2026/data/cleaved_tmem_pld3_260821/d14/Z59_PLD_Control/PLD3Control_Plate1_d14_TMEM561LAMP1640MAP2488DAPI405_H17_F3.nd2,12
11,10319,0,0.0,0.0,119.6327133178711,1234490.0,,0.0,-0.0943265222620057,True,,Control,H17,3.0,d14,Plate1,/Users/pmihack/claire/tmem_2026/data/cleaved_tmem_pld3_260821/d14/Z59_PLD_Control/PLD3Control_Plate1_d14_TMEM561LAMP1640MAP2488DAPI405_H17_F3.nd2,12
12,11531,0,0.0,0.0,71.87321472167969,828770.0,,0.0,0.0056461647814474,True,,Control,H17,3.0,d14,Plate1,/Users/pmihack/claire/tmem_2026/data/cleaved_tmem_pld3_260821/d14/Z59_PLD_Control/PLD3Control_Plate1_d14_TMEM561LAMP1640MAP2488DAPI405_H17_F3.nd2,12
13,14951,0,0.0,0.0,98.23509979248048,1468713.0,,0.0,-0.0081163708377333,True,,Control,H17,3.0,d14,Plate1,/Users/pmihack/claire/tmem_2026/data/cleaved_tmem_pld3_260821/d14/Z59_PLD_Control/PLD3Control_Plate1_d14_TMEM561LAMP1640MAP2488DAPI405_H17_F3.nd2,12
14,7958,4,0.0026388539834129,0.0612359999999999,329.97900390625,2625973.0,17.151871321312715,0.0009341299301013,-0.049782070820777,True,,Control,H17,3.0,d14,Plate1,/Users/pmihack/claire/tmem_2026/data/cleaved_tmem_pld3_260821/d14/Z59_PLD_Control/PLD3Control_Plate1_d14_TMEM561LAMP1640MAP2488DAPI405_H17_F3.nd2,12
15,3459,0,0.0,0.0,96.33015441894533,333206.0,,0.0,-0.0133376739865675,True,,Control,H17,3.0,d14,Plate1,/Users/pmihack/claire/tmem_2026/data/cleaved_tmem_pld3_260821/d14/Z59_PLD_Control/PLD3Control_Plate1_d14_TMEM561LAMP1640MAP2488DAPI405_H17_F3.nd2,12
16,17294,0,0.0,0.0,33.657047271728516,582065.0,,0.0,0.0126806346523747,True,,Control,H17,3.0,d14,Plate1,/Users/pmihack/claire/tmem_2026/data/cleaved_tmem_pld3_260821/d14/Z59_PLD_Control/PLD3Control_Plate1_d14_TMEM561LAMP1640MAP2488DAPI405_H17_F3.nd2,12
17,4364,0,0.0,0.0,6.922548294067383,30210.0,,0.0,0.0707669598956592,True,,Control,H17,3.0,d14,Plate1,/Users/pmihack/claire/tmem_2026/data/cleaved_tmem_pld3_260821/d14/Z59_PLD_Control/PLD3Control_Plate1_d14_TMEM561LAMP1640MAP2488DAPI405_H17_F3.nd2,12
18,10973,0,0.0,0.0,209.5821533203125,2299745.0,,0.0,-0.0492070114654065,True,,Control,H17,3.0,d14,Plate1,/Users/pmihack/claire/tmem_2026/data/cleaved_tmem_pld3_260821/d14/Z59_PLD_Control/PLD3Control_Plate1_d14_TMEM561LAMP1640MAP2488DAPI405_H17_F3.nd2,12
19,16793,0,0.0,0.0,96.30036163330078,1617172.0,,0.0,0.0103793631825349,True,,Control,H17,3.0,d14,Plate1,/Users/pmihack/claire/tmem_2026/data/cleaved_tmem_pld3_260821/d14/Z59_PLD_Control/PLD3Control_Plate1_d14_TMEM561LAMP1640MAP2488DAPI405_H17_F3.nd2,12
1,15344,0,0.0,0.0,211.83876037597656,3250454.0,,0.0,0.4080438808213388,True,,Control,H17,4.0,d14,Plate1,/Users/pmihack/claire/tmem_2026/data/cleaved_tmem_pld3_260821/d14/Z59_PLD_Control/PLD3Control_Plate1_d14_TMEM561LAMP1640MAP2488DAPI405_H17_F4.nd2,9
2,2969,0,0.0,0.0,2.5904345512390137,7691.0,,0.0,0.0340728883426498,False,abnormal_nucleus,Control,H17,4.0,d14,Plate1,/Users/pmihack/claire/tmem_2026/data/cleaved_tmem_pld3_260821/d14/Z59_PLD_Control/PLD3Control_Plate1_d14_TMEM561LAMP1640MAP2488DAPI405_H17_F4.nd2,9
3,13951,8,0.0073113038491864,0.148716,619.3739624023438,8640886.0,25.48493997892144,0.0,0.068350043714443,True,,Control,H17,4.0,d14,Plate1,/Users/pmihack/claire/tmem_2026/data/cleaved_tmem_pld3_260821/d14/Z59_PLD_Control/PLD3Control_Plate1_d14_TMEM561LAMP1640MAP2488DAPI405_H17_F4.nd2,9
4,23588,7,0.0044514159742241,0.1749599999999999,409.7222595214844,9664529.0,12.494937438195697,0.0,0.0903409631150378,True,,Control,H17,4.0,d14,Plate1,/Users/pmihack/claire/tmem_2026/data/cleaved_tmem_pld3_260821/d14/Z59_PLD_Control/PLD3Control_Plate1_d14_TMEM561LAMP1640MAP2488DAPI405_H17_F4.nd2,9
5,17040,12,0.004518779342723,0.074844,665.0670776367188,11332743.0,6.4244907263442235,0.0,0.1175902644245312,True,,Control,H17,4.0,d14,Plate1,/Users/pmihack/claire/tmem_2026/data/cleaved_tmem_pld3_260821/d14/Z59_PLD_Control/PLD3Control_Plate1_d14_TMEM561LAMP1640MAP2488DAPI405_H17_F4.nd2,9
6,10585,0,0.0,0.0,528.109130859375,5590035.0,,0.0,0.0379537243919499,True,,Control,H17,4.0,d14,Plate1,/Users/pmihack/claire/tmem_2026/data/cleaved_tmem_pld3_260821/d14/Z59_PLD_Control/PLD3Control_Plate1_d14_TMEM561LAMP1640MAP2488DAPI405_H17_F4.nd2,9
7,20334,3,0.0008852168781351,0.0699839999999999,405.2374267578125,8240098.0,7.987793719314324,0.0,0.1378062882641229,True,,Control,H17,4.0,d14,Plate1,/Users/pmihack/claire/tmem_2026/data/cleaved_tmem_pld3_260821/d14/Z59_PLD_Control/PLD3Control_Plate1_d14_TMEM561LAMP1640MAP2488DAPI405_H17_F4.nd2,9
8,17028,3,0.0018205308902983,0.120528,286.85693359375,4884600.0,7.213138340196844,0.0,0.1726743359236779,True,,Control,H17,4.0,d14,Plate1,/Users/pmihack/claire/tmem_2026/data/cleaved_tmem_pld3_260821/d14/Z59_PLD_Control/PLD3Control_Plate1_d14_TMEM561LAMP1640MAP2488DAPI405_H17_F4.nd2,9
9,16079,17,0.045587412152497,0.5029242352941176,991.7499389648438,15946347.0,22.079033783770328,0.0,0.2515746927958942,True,,Control,H17,4.0,d14,Plate1,/Users/pmihack/claire/tmem_2026/data/cleaved_tmem_pld3_260821/d14/Z59_PLD_Control/PLD3Control_Plate1_d14_TMEM561LAMP1640MAP2488DAPI405_H17_F4.nd2,9
10,15955,0,0.0,0.0,325.5509338378906,5194165.0,,0.0,0.1891235381442603,False,border,Control,H17,4.0,d14,Plate1,/Users/pmihack/claire/tmem_2026/data/cleaved_tmem_pld3_260821/d14/Z59_PLD_Control/PLD3Control_Plate1_d14_TMEM561LAMP1640MAP2488DAPI405_H17_F4.nd2,9
1,15150,0,0.0,0.0,54.57135391235352,826756.0,,0.0009942473843693,0.0392539545809008,True,,KI,C20,1.0,d14,Plate1,/Users/pmihack/claire/tmem_2026/data/cleaved_tmem_pld3_260821/d14/Z60_PLD_TMEMki/PLD3TMEM106B_Plate1_d14_TMEM561LAMP1640MAP2488DAPI405_C20_F1.nd2,13
2,6840,0,0.0,0.0,35.19239807128906,240716.0,,0.0,0.0939572169625732,True,,KI,C20,1.0,d14,Plate1,/Users/pmihack/claire/tmem_2026/data/cleaved_tmem_pld3_260821/d14/Z60_PLD_TMEMki/PLD3TMEM106B_Plate1_d14_TMEM561LAMP1640MAP2488DAPI405_C20_F1.nd2,13
3,11191,0,0.0,0.0,71.98954772949219,805635.0,,0.0019276719540357,0.0112138768625753,True,,KI,C20,1.0,d14,Plate1,/Users/pmihack/claire/tmem_2026/data/cleaved_tmem_pld3_260821/d14/Z60_PLD_TMEMki/PLD3TMEM106B_Plate1_d14_TMEM561LAMP1640MAP2488DAPI405_C20_F1.nd2,13
4,7392,0,0.0,0.0,3.79978346824646,28088.0,,0.0,0.0124712665845022,True,,KI,C20,1.0,d14,Plate1,/Users/pmihack/claire/tmem_2026/data/cleaved_tmem_pld3_260821/d14/Z60_PLD_TMEMki/PLD3TMEM106B_Plate1_d14_TMEM561LAMP1640MAP2488DAPI405_C20_F1.nd2,13
5,5170,0,0.0,0.0,44.055320739746094,227766.0,,0.0,0.1176183382866345,True,,KI,C20,1.0,d14,Plate1,/Users/pmihack/claire/tmem_2026/data/cleaved_tmem_pld3_260821/d14/Z60_PLD_TMEMki/PLD3TMEM106B_Plate1_d14_TMEM561LAMP1640MAP2488DAPI405_C20_F1.nd2,13
6,13385,0,0.0,0.0,78.14134979248047,1045922.0,,0.0,0.0417826564512947,True,,KI,C20,1.0,d14,Plate1,/Users/pmihack/claire/tmem_2026/data/cleaved_tmem_pld3_260821/d14/Z60_PLD_TMEMki/PLD3TMEM106B_Plate1_d14_TMEM561LAMP1640MAP2488DAPI405_C20_F1.nd2,13
7,23560,1,0.0002546689303904,0.0699839999999999,82.82656860351562,1951394.0,6.881067736314094,0.0047140661627054,0.1752525384948612,True,,KI,C20,1.0,d14,Plate1,/Users/pmihack/claire/tmem_2026/data/cleaved_tmem_pld3_260821/d14/Z60_PLD_TMEMki/PLD3TMEM106B_Plate1_d14_TMEM561LAMP1640MAP2488DAPI405_C20_F1.nd2,13
8,8332,0,0.0,0.0,351.4836730957031,2928562.0,,0.0,0.1114600620940435,True,,KI,C20,1.0,d14,Plate1,/Users/pmihack/claire/tmem_2026/data/cleaved_tmem_pld3_260821/d14/Z60_PLD_TMEMki/PLD3TMEM106B_Plate1_d14_TMEM561LAMP1640MAP2488DAPI405_C20_F1.nd2,13
9,20924,0,0.0,0.0,75.56948852539062,1581216.0,,0.0021274765022099,0.11537122640704,True,,KI,C20,1.0,d14,Plate1,/Users/pmihack/claire/tmem_2026/data/cleaved_tmem_pld3_260821/d14/Z60_PLD_TMEMki/PLD3TMEM106B_Plate1_d14_TMEM561LAMP1640MAP2488DAPI405_C20_F1.nd2,13
10,10328,0,0.0,0.0,99.96524047851562,1032441.0,,0.000936615280807,-0.0290391209964581,True,,KI,C20,1.0,d14,Plate1,/Users/pmihack/claire/tmem_2026/data/cleaved_tmem_pld3_260821/d14/Z60_PLD_TMEMki/PLD3TMEM106B_Plate1_d14_TMEM561LAMP1640MAP2488DAPI405_C20_F1.nd2,13
11,5146,0,0.0,0.0,16.648658752441406,85674.0,,0.0,0.0964997045964055,True,,KI,C20,1.0,d14,Plate1,/Users/pmihack/claire/tmem_2026/data/cleaved_tmem_pld3_260821/d14/Z60_PLD_TMEMki/PLD3TMEM106B_Plate1_d14_TMEM561LAMP1640MAP2488DAPI405_C20_F1.nd2,13
12,10087,0,0.0,0.0,17.794389724731445,179492.0,,0.0,0.9211019888914124,True,,KI,C20,1.0,d14,Plate1,/Users/pmihack/claire/tmem_2026/data/cleaved_tmem_pld3_260821/d14/Z60_PLD_TMEMki/PLD3TMEM106B_Plate1_d14_TMEM561LAMP1640MAP2488DAPI405_C20_F1.nd2,13
13,8295,0,0.0,0.0,143.30198669433594,1188690.0,,0.0,-0.0490549607746327,True,,KI,C20,1.0,d14,Plate1,/Users/pmihack/claire/tmem_2026/data/cleaved_tmem_pld3_260821/d14/Z60_PLD_TMEMki/PLD3TMEM106B_Plate1_d14_TMEM561LAMP1640MAP2488DAPI405_C20_F1.nd2,13
14,13436,0,0.0,0.0,185.58819580078125,2493563.0,,0.0,0.0820723720282856,True,,KI,C20,1.0,d14,Plate1,/Users/pmihack/claire/tmem_2026/data/cleaved_tmem_pld3_260821/d14/Z60_PLD_TMEMki/PLD3TMEM106B_Plate1_d14_TMEM561LAMP1640MAP2488DAPI405_C20_F1.nd2,13
15,7012,0,0.0,0.0,27.703792572021484,194259.0,,0.0,0.8881597658700762,True,,KI,C20,1.0,d14,Plate1,/Users/pmihack/claire/tmem_2026/data/cleaved_tmem_pld3_260821/d14/Z60_PLD_TMEMki/PLD3TMEM106B_Plate1_d14_TMEM561LAMP1640MAP2488DAPI405_C20_F1.nd2,13
1,3980,0,0.0,0.0,20.79648208618164,82770.0,,0.0,0.7646321447702595,True,,KI,C20,2.0,d14,Plate1,/Users/pmihack/claire/tmem_2026/data/cleaved_tmem_pld3_260821/d14/Z60_PLD_TMEMki/PLD3TMEM106B_Plate1_d14_TMEM561LAMP1640MAP2488DAPI405_C20_F2.nd2,10
2,8413,0,0.0,0.0,32.557708740234375,273908.0,,0.0,0.1003103777767834,True,,KI,C20,2.0,d14,Plate1,/Users/pmihack/claire/tmem_2026/data/cleaved_tmem_pld3_260821/d14/Z60_PLD_TMEMki/PLD3TMEM106B_Plate1_d14_TMEM561LAMP1640MAP2488DAPI405_C20_F2.nd2,10
3,13913,1,0.0006468770214906,0.1049759999999999,65.29497528076172,908449.0,12.902280709014663,0.0318630971014499,0.2623797139102664,True,,KI,C20,2.0,d14,Plate1,/Users/pmihack/claire/tmem_2026/data/cleaved_tmem_pld3_260821/d14/Z60_PLD_TMEMki/PLD3TMEM106B_Plate1_d14_TMEM561LAMP1640MAP2488DAPI405_C20_F2.nd2,10
4,15165,2,0.0006594131223211,0.05832,91.60012817382812,1389116.0,6.544426478144792,0.0,0.2643897735483585,True,,KI,C20,2.0,d14,Plate1,/Users/pmihack/claire/tmem_2026/data/cleaved_tmem_pld3_260821/d14/Z60_PLD_TMEMki/PLD3TMEM106B_Plate1_d14_TMEM561LAMP1640MAP2488DAPI405_C20_F2.nd2,10
5,12294,5,0.0058565153733528,0.1679616,119.07759857177734,1463940.0,6.76861586662915,0.0,0.0016731776667115,True,,KI,C20,2.0,d14,Plate1,/Users/pmihack/claire/tmem_2026/data/cleaved_tmem_pld3_260821/d14/Z60_PLD_TMEMki/PLD3TMEM106B_Plate1_d14_TMEM561LAMP1640MAP2488DAPI405_C20_F2.nd2,10
6,13417,2,0.0011179846463441,0.0874799999999999,74.64411163330078,1001500.0,2.784937859615862,0.0,0.0054349341825988,True,,KI,C20,2.0,d14,Plate1,/Users/pmihack/claire/tmem_2026/data/cleaved_tmem_pld3_260821/d14/Z60_PLD_TMEMki/PLD3TMEM106B_Plate1_d14_TMEM561LAMP1640MAP2488DAPI405_C20_F2.nd2,10
7,14065,0,0.0,0.0,58.829647064208984,827439.0,,0.0,0.07747935967335,True,,KI,C20,2.0,d14,Plate1,/Users/pmihack/claire/tmem_2026/data/cleaved_tmem_pld3_260821/d14/Z60_PLD_TMEMki/PLD3TMEM106B_Plate1_d14_TMEM561LAMP1640MAP2488DAPI405_C20_F2.nd2,10
8,13486,6,0.0103811359928815,0.2721599999999999,96.38388061523438,1299833.0,18.95655555070923,0.0,-0.013071889544178,True,,KI,C20,2.0,d14,Plate1,/Users/pmihack/claire/tmem_2026/data/cleaved_tmem_pld3_260821/d14/Z60_PLD_TMEMki/PLD3TMEM106B_Plate1_d14_TMEM561LAMP1640MAP2488DAPI405_C20_F2.nd2,10
9,15282,17,0.0258474021724905,0.2710164705882352,237.3670959472656,3627444.0,1.6305818473403857,0.0,0.0591358485736916,True,,KI,C20,2.0,d14,Plate1,/Users/pmihack/claire/tmem_2026/data/cleaved_tmem_pld3_260821/d14/Z60_PLD_TMEMki/PLD3TMEM106B_Plate1_d14_TMEM561LAMP1640MAP2488DAPI405_C20_F2.nd2,10
10,13610,13,0.034313005143277,0.4190067692307692,219.6897125244141,2989977.0,9.271411165235731,0.0,0.1417796314135259,True,,KI,C20,2.0,d14,Plate1,/Users/pmihack/claire/tmem_2026/data/cleaved_tmem_pld3_260821/d14/Z60_PLD_TMEMki/PLD3TMEM106B_Plate1_d14_TMEM561LAMP1640MAP2488DAPI405_C20_F2.nd2,10
11,17234,6,0.013113612626204,0.4393439999999999,158.38876342773438,2729672.0,5.361836658330056,0.0,0.1238736527197733,True,,KI,C20,2.0,d14,Plate1,/Users/pmihack/claire/tmem_2026/data/cleaved_tmem_pld3_260821/d14/Z60_PLD_TMEMki/PLD3TMEM106B_Plate1_d14_TMEM561LAMP1640MAP2488DAPI405_C20_F2.nd2,10
12,21568,39,0.0730712166172106,0.4713452307692307,476.0413208007813,10267259.0,5.197892698525744,0.006841748021543,0.1667910689205805,True,,KI,C20,2.0,d14,Plate1,/Users/pmihack/claire/tmem_2026/data/cleaved_tmem_pld3_260821/d14/Z60_PLD_TMEMki/PLD3TMEM106B_Plate1_d14_TMEM561LAMP1640MAP2488DAPI405_C20_F2.nd2,10
13,22707,18,0.0553133394988329,0.8138879999999998,377.115966796875,8563172.0,7.799141855657982,0.0,0.0793841506285027,True,,KI,C20,2.0,d14,Plate1,/Users/pmihack/claire/tmem_2026/data/cleaved_tmem_pld3_260821/d14/Z60_PLD_TMEMki/PLD3TMEM106B_Plate1_d14_TMEM561LAMP1640MAP2488DAPI405_C20_F2.nd2,10
1,14540,5,0.0156808803301237,0.5318784,206.5622406005859,3003415.0,0.671414277024629,5.4271553381113335e-05,0.175503853381698,True,,KI,C20,3.0,d14,Plate1,/Users/pmihack/claire/tmem_2026/data/cleaved_tmem_pld3_260821/d14/Z60_PLD_TMEMki/PLD3TMEM106B_Plate1_d14_TMEM561LAMP1640MAP2488DAPI405_C20_F3.nd2,14
2,20385,16,0.0669119450576404,0.994356,423.6050109863281,8635188.0,0.5962156383669026,0.0,0.2012190644562524,True,,KI,C20,3.0,d14,Plate1,/Users/pmihack/claire/tmem_2026/data/cleaved_tmem_pld3_260821/d14/Z60_PLD_TMEMki/PLD3TMEM106B_Plate1_d14_TMEM561LAMP1640MAP2488DAPI405_C20_F3.nd2,14
3,10208,13,0.0865987460815047,0.793152,588.8073120117188,6010545.0,29.245024465598274,0.0192410163581371,0.2066146989659047,True,,KI,C20,3.0,d14,Plate1,/Users/pmihack/claire/tmem_2026/data/cleaved_tmem_pld3_260821/d14/Z60_PLD_TMEMki/PLD3TMEM106B_Plate1_d14_TMEM561LAMP1640MAP2488DAPI405_C20_F3.nd2,14
4,11518,17,0.0723215836082653,0.5715359999999999,605.224609375,6970977.0,27.90299340795425,0.0,0.4982795607492692,True,,KI,C20,3.0,d14,Plate1,/Users/pmihack/claire/tmem_2026/data/cleaved_tmem_pld3_260821/d14/Z60_PLD_TMEMki/PLD3TMEM106B_Plate1_d14_TMEM561LAMP1640MAP2488DAPI405_C20_F3.nd2,14
5,10827,18,0.0723192019950124,0.507384,575.3629760742188,6229455.0,0.7744752178665402,0.0012049208162352,0.2217275307019922,True,,KI,C20,3.0,d14,Plate1,/Users/pmihack/claire/tmem_2026/data/cleaved_tmem_pld3_260821/d14/Z60_PLD_TMEMki/PLD3TMEM106B_Plate1_d14_TMEM561LAMP1640MAP2488DAPI405_C20_F3.nd2,14
6,12933,9,0.1162916570014691,1.949184,629.7479858398438,8144531.0,0.7008717008359096,0.0,0.1029264714934338,True,,KI,C20,3.0,d14,Plate1,/Users/pmihack/claire/tmem_2026/data/cleaved_tmem_pld3_260821/d14/Z60_PLD_TMEMki/PLD3TMEM106B_Plate1_d14_TMEM561LAMP1640MAP2488DAPI405_C20_F3.nd2,14
7,5034,7,0.2320222487087803,1.946221714285714,1096.344482421875,5518998.0,3.0614243611563356,0.0,0.3740337743653503,True,,KI,C20,3.0,d14,Plate1,/Users/pmihack/claire/tmem_2026/data/cleaved_tmem_pld3_260821/d14/Z60_PLD_TMEMki/PLD3TMEM106B_Plate1_d14_TMEM561LAMP1640MAP2488DAPI405_C20_F3.nd2,14
8,12346,7,0.0090717641341325,0.1866239999999999,300.1380920410156,3705505.0,12.427096514773206,2.428818788757781e-06,0.1477175836393472,True,,KI,C20,3.0,d14,Plate1,/Users/pmihack/claire/tmem_2026/data/cleaved_tmem_pld3_260821/d14/Z60_PLD_TMEMki/PLD3TMEM106B_Plate1_d14_TMEM561LAMP1640MAP2488DAPI405_C20_F3.nd2,14
9,12937,9,0.145396923552601,2.437776,804.7755126953125,10411381.0,22.42278087133312,0.0,0.2446279379448353,True,,KI,C20,3.0,d14,Plate1,/Users/pmihack/claire/tmem_2026/data/cleaved_tmem_pld3_260821/d14/Z60_PLD_TMEMki/PLD3TMEM106B_Plate1_d14_TMEM561LAMP1640MAP2488DAPI405_C20_F3.nd2,14
10,4461,7,0.0255548083389374,0.1899565714285714,351.90899658203125,1569866.0,35.12542241279525,6.497369759017602e-05,0.0367642050619171,True,,KI,C20,3.0,d14,Plate1,/Users/pmihack/claire/tmem_2026/data/cleaved_tmem_pld3_260821/d14/Z60_PLD_TMEMki/PLD3TMEM106B_Plate1_d14_TMEM561LAMP1640MAP2488DAPI405_C20_F3.nd2,14
11,4955,15,0.1336024217961655,0.5147712,1068.097900390625,5292425.0,6.993430218849937,0.0,0.2375346968380705,False,border,KI,C20,3.0,d14,Plate1,/Users/pmihack/claire/tmem_2026/data/cleaved_tmem_pld3_260821/d14/Z60_PLD_TMEMki/PLD3TMEM106B_Plate1_d14_TMEM561LAMP1640MAP2488DAPI405_C20_F3.nd2,14
12,7386,5,0.0959924180882751,1.6539552,754.8567504882812,5575372.0,27.55243802418274,0.6442497372627258,0.7431479792691648,True,,KI,C20,3.0,d14,Plate1,/Users/pmihack/claire/tmem_2026/data/cleaved_tmem_pld3_260821/d14/Z60_PLD_TMEMki/PLD3TMEM106B_Plate1_d14_TMEM561LAMP1640MAP2488DAPI405_C20_F3.nd2,14
13,15032,22,0.1078366152208621,0.8594247272727272,698.83642578125,10504909.0,6.052308381618764,0.0,0.2897771264487123,True,,KI,C20,3.0,d14,Plate1,/Users/pmihack/claire/tmem_2026/data/cleaved_tmem_pld3_260821/d14/Z60_PLD_TMEMki/PLD3TMEM106B_Plate1_d14_TMEM561LAMP1640MAP2488DAPI405_C20_F3.nd2,14
14,27209,18,0.0574074754676761,1.0121759999999995,342.4835510253906,9318635.0,9.95570033723119,0.0,0.5467133047964685,True,,KI,C20,3.0,d14,Plate1,/Users/pmihack/claire/tmem_2026/data/cleaved_tmem_pld3_260821/d14/Z60_PLD_TMEMki/PLD3TMEM106B_Plate1_d14_TMEM561LAMP1640MAP2488DAPI405_C20_F3.nd2,14
15,15089,23,0.0746238982039896,0.5710288695652174,547.23486328125,8257227.0,8.920541084618206,0.0,0.3962479039901076,True,,KI,C20,3.0,d14,Plate1,/Users/pmihack/claire/tmem_2026/data/cleaved_tmem_pld3_260821/d14/Z60_PLD_TMEMki/PLD3TMEM106B_Plate1_d14_TMEM561LAMP1640MAP2488DAPI405_C20_F3.nd2,14
16,20771,16,0.0264792258437244,0.40095,234.9653778076172,4880466.0,15.76361445809319,0.0,0.1978839100967162,False,border,KI,C20,3.0,d14,Plate1,/Users/pmihack/claire/tmem_2026/data/cleaved_tmem_pld3_260821/d14/Z60_PLD_TMEMki/PLD3TMEM106B_Plate1_d14_TMEM561LAMP1640MAP2488DAPI405_C20_F3.nd2,14
17,20992,10,0.0231516768292682,0.5668704,238.72979736328125,5011416.0,18.820899261091053,0.0,0.3816322498179226,True,,KI,C20,3.0,d14,Plate1,/Users/pmihack/claire/tmem_2026/data/cleaved_tmem_pld3_260821/d14/Z60_PLD_TMEMki/PLD3TMEM106B_Plate1_d14_TMEM561LAMP1640MAP2488DAPI405_C20_F3.nd2,14
18,17563,9,0.0216933325741615,0.493776,250.0655975341797,4391902.0,17.25775065379404,0.0008228780934587,0.2229848875349297,True,,KI,C20,3.0,d14,Plate1,/Users/pmihack/claire/tmem_2026/data/cleaved_tmem_pld3_260821/d14/Z60_PLD_TMEMki/PLD3TMEM106B_Plate1_d14_TMEM561LAMP1640MAP2488DAPI405_C20_F3.nd2,14
19,10637,16,0.07050860204945,0.54675,493.9315490722656,5253950.0,30.412024468470236,0.0,0.5773044233294325,True,,KI,C20,3.0,d14,Plate1,/Users/pmihack/claire/tmem_2026/data/cleaved_tmem_pld3_260821/d14/Z60_PLD_TMEMki/PLD3TMEM106B_Plate1_d14_TMEM561LAMP1640MAP2488DAPI405_C20_F3.nd2,14
20,9120,16,0.04375,0.290871,587.8751220703125,5361421.0,26.573473825113677,0.0,0.5814446764834331,True,,KI,C20,3.0,d14,Plate1,/Users/pmihack/claire/tmem_2026/data/cleaved_tmem_pld3_260821/d14/Z60_PLD_TMEMki/PLD3TMEM106B_Plate1_d14_TMEM561LAMP1640MAP2488DAPI405_C20_F3.nd2,14
21,16712,9,0.1694590713259933,3.670272,921.154541015625,15394335.0,7.219507559002507,0.0,0.238289538413734,False,border,KI,C20,3.0,d14,Plate1,/Users/pmihack/claire/tmem_2026/data/cleaved_tmem_pld3_260821/d14/Z60_PLD_TMEMki/PLD3TMEM106B_Plate1_d14_TMEM561LAMP1640MAP2488DAPI405_C20_F3.nd2,14
22,11241,12,0.0378969842540699,0.4140719999999999,545.7791137695312,6135103.0,14.019786408232456,0.005493143107742,0.3546585613061349,True,,KI,C20,3.0,d14,Plate1,/Users/pmihack/claire/tmem_2026/data/cleaved_tmem_pld3_260821/d14/Z60_PLD_TMEMki/PLD3TMEM106B_Plate1_d14_TMEM561LAMP1640MAP2488DAPI405_C20_F3.nd2,14
1,18500,9,0.1794594594594594,4.30272,1035.82177734375,19162704.0,12.185889307196572,0.0,0.4965544889113337,False,border,KI,C20,4.0,d14,Plate1,/Users/pmihack/claire/tmem_2026/data/cleaved_tmem_pld3_260821/d14/Z60_PLD_TMEMki/PLD3TMEM106B_Plate1_d14_TMEM561LAMP1640MAP2488DAPI405_C20_F4.nd2,15
2,12648,12,0.1350411132194813,1.660176,737.1009521484375,9322853.0,15.28162529700798,0.0,0.4997482294045218,True,,KI,C20,4.0,d14,Plate1,/Users/pmihack/claire/tmem_2026/data/cleaved_tmem_pld3_260821/d14/Z60_PLD_TMEMki/PLD3TMEM106B_Plate1_d14_TMEM561LAMP1640MAP2488DAPI405_C20_F4.nd2,15
3,17537,14,0.0594172321377658,0.8681348571428571,411.2410888671875,7211935.0,0.9025445798128536,0.0,0.2955281454019673,True,,KI,C20,4.0,d14,Plate1,/Users/pmihack/claire/tmem_2026/data/cleaved_tmem_pld3_260821/d14/Z60_PLD_TMEMki/PLD3TMEM106B_Plate1_d14_TMEM561LAMP1640MAP2488DAPI405_C20_F4.nd2,15
4,14091,14,0.0172450500319352,0.2024537142857142,207.71775817871097,2926951.0,0.9856852694186616,0.0,0.2837717308283556,True,,KI,C20,4.0,d14,Plate1,/Users/pmihack/claire/tmem_2026/data/cleaved_tmem_pld3_260821/d14/Z60_PLD_TMEMki/PLD3TMEM106B_Plate1_d14_TMEM561LAMP1640MAP2488DAPI405_C20_F4.nd2,15
5,19001,17,0.199989474238198,2.6072470588235293,1164.064208984375,22118384.0,4.878095248022473,0.0,0.4605667789268431,True,,KI,C20,4.0,d14,Plate1,/Users/pmihack/claire/tmem_2026/data/cleaved_tmem_pld3_260821/d14/Z60_PLD_TMEMki/PLD3TMEM106B_Plate1_d14_TMEM561LAMP1640MAP2488DAPI405_C20_F4.nd2,15
6,9654,5,0.1984669567018852,4.469644799999999,1007.6820068359376,9728162.0,6.826209985316791,0.0,0.2620368059966362,True,,KI,C20,4.0,d14,Plate1,/Users/pmihack/claire/tmem_2026/data/cleaved_tmem_pld3_260821/d14/Z60_PLD_TMEMki/PLD3TMEM106B_Plate1_d14_TMEM561LAMP1640MAP2488DAPI405_C20_F4.nd2,15
7,14365,22,0.0462234597981204,0.3520407272727273,475.1730041503906,6825860.0,13.442944962229724,0.0,0.447093003374046,True,,KI,C20,4.0,d14,Plate1,/Users/pmihack/claire/tmem_2026/data/cleaved_tmem_pld3_260821/d14/Z60_PLD_TMEMki/PLD3TMEM106B_Plate1_d14_TMEM561LAMP1640MAP2488DAPI405_C20_F4.nd2,15
8,16800,24,0.123095238095238,1.005048,712.2559814453125,11965901.0,0.6855242011548719,3.401331923669204e-05,0.017669685542072,True,,KI,C20,4.0,d14,Plate1,/Users/pmihack/claire/tmem_2026/data/cleaved_tmem_pld3_260821/d14/Z60_PLD_TMEMki/PLD3TMEM106B_Plate1_d14_TMEM561LAMP1640MAP2488DAPI405_C20_F4.nd2,15
9,11405,13,0.1395879000438404,1.4283913846153846,822.902587890625,9385204.0,0.595904915416063,0.0,0.1560128149551275,True,,KI,C20,4.0,d14,Plate1,/Users/pmihack/claire/tmem_2026/data/cleaved_tmem_pld3_260821/d14/Z60_PLD_TMEMki/PLD3TMEM106B_Plate1_d14_TMEM561LAMP1640MAP2488DAPI405_C20_F4.nd2,15
10,7661,4,0.1659052343036157,3.706236,889.1613159179688,6811865.0,0.9554890341212704,0.0,0.080456223597461,True,,KI,C20,4.0,d14,Plate1,/Users/pmihack/claire/tmem_2026/data/cleaved_tmem_pld3_260821/d14/Z60_PLD_TMEMki/PLD3TMEM106B_Plate1_d14_TMEM561LAMP1640MAP2488DAPI405_C20_F4.nd2,15
11,13861,13,0.0934997474929658,1.1628110769230768,538.539306640625,7464693.0,0.7381808657095967,0.0,0.0493115852722522,True,,KI,C20,4.0,d14,Plate1,/Users/pmihack/claire/tmem_2026/data/cleaved_tmem_pld3_260821/d14/Z60_PLD_TMEMki/PLD3TMEM106B_Plate1_d14_TMEM561LAMP1640MAP2488DAPI405_C20_F4.nd2,15
12,29432,22,0.0818496874150584,1.277208,479.3037109375,14106867.0,5.4329679716403465,0.0,0.3994810815177959,True,,KI,C20,4.0,d14,Plate1,/Users/pmihack/claire/tmem_2026/data/cleaved_tmem_pld3_260821/d14/Z60_PLD_TMEMki/PLD3TMEM106B_Plate1_d14_TMEM561LAMP1640MAP2488DAPI405_C20_F4.nd2,15
13,19418,13,0.1468740344010711,2.558902153846154,799.387451171875,15522505.0,5.75275184792417,0.0,0.5684151598717662,True,,KI,C20,4.0,d14,Plate1,/Users/pmihack/claire/tmem_2026/data/cleaved_tmem_pld3_260821/d14/Z60_PLD_TMEMki/PLD3TMEM106B_Plate1_d14_TMEM561LAMP1640MAP2488DAPI405_C20_F4.nd2,15
14,3698,0,0.0,0.0,34.10059356689453,126104.0,,0.0,0.2274392795908275,True,,KI,C20,4.0,d14,Plate1,/Users/pmihack/claire/tmem_2026/data/cleaved_tmem_pld3_260821/d14/Z60_PLD_TMEMki/PLD3TMEM106B_Plate1_d14_TMEM561LAMP1640MAP2488DAPI405_C20_F4.nd2,15
15,19399,20,0.1053147069436568,1.1914776,594.0086669921875,11523174.0,0.8127949085230398,0.0,0.565140378404031,True,,KI,C20,4.0,d14,Plate1,/Users/pmihack/claire/tmem_2026/data/cleaved_tmem_pld3_260821/d14/Z60_PLD_TMEMki/PLD3TMEM106B_Plate1_d14_TMEM561LAMP1640MAP2488DAPI405_C20_F4.nd2,15
16,8743,8,0.1314194212512867,1.675242,697.613037109375,6099231.0,0.7581955651250192,5.197376594878733e-05,0.0910260040017449,True,,KI,C20,4.0,d14,Plate1,/Users/pmihack/claire/tmem_2026/data/cleaved_tmem_pld3_260821/d14/Z60_PLD_TMEMki/PLD3TMEM106B_Plate1_d14_TMEM561LAMP1640MAP2488DAPI405_C20_F4.nd2,15
17,18532,8,0.0658860349665443,1.780218,363.3167419433594,6732986.0,0.6631057469333901,0.0,0.7210664821253803,True,,KI,C20,4.0,d14,Plate1,/Users/pmihack/claire/tmem_2026/data/cleaved_tmem_pld3_260821/d14/Z60_PLD_TMEMki/PLD3TMEM106B_Plate1_d14_TMEM561LAMP1640MAP2488DAPI405_C20_F4.nd2,15
18,16714,12,0.0829244944358023,1.347192,467.5418090820313,7814494.0,0.7506433680446681,0.0,0.2233814495294833,True,,KI,C20,4.0,d14,Plate1,/Users/pmihack/claire/tmem_2026/data/cleaved_tmem_pld3_260821/d14/Z60_PLD_TMEMki/PLD3TMEM106B_Plate1_d14_TMEM561LAMP1640MAP2488DAPI405_C20_F4.nd2,15
19,4462,0,0.0,0.0,1.939264893531799,8653.0,,0.0,0.0031694989267736,True,,KI,C20,4.0,d14,Plate1,/Users/pmihack/claire/tmem_2026/data/cleaved_tmem_pld3_260821/d14/Z60_PLD_TMEMki/PLD3TMEM106B_Plate1_d14_TMEM561LAMP1640MAP2488DAPI405_C20_F4.nd2,15
20,6853,4,0.0134247774697212,0.2682719999999999,221.97592163085935,1521201.0,14.56112015148138,0.0,0.3512526734322083,True,,KI,C20,4.0,d14,Plate1,/Users/pmihack/claire/tmem_2026/data/cleaved_tmem_pld3_260821/d14/Z60_PLD_TMEMki/PLD3TMEM106B_Plate1_d14_TMEM561LAMP1640MAP2488DAPI405_C20_F4.nd2,15
21,25223,14,0.0411925623438924,0.8656354285714284,284.0993957519531,7165839.0,4.212989290369541,0.0,0.1759889074426107,True,,KI,C20,4.0,d14,Plate1,/Users/pmihack/claire/tmem_2026/data/cleaved_tmem_pld3_260821/d14/Z60_PLD_TMEMki/PLD3TMEM106B_Plate1_d14_TMEM561LAMP1640MAP2488DAPI405_C20_F4.nd2,15
22,11797,8,0.0909553276256675,1.564434,546.7161865234375,6449611.0,11.646546140134616,0.0,0.5802592136284332,True,,KI,C20,4.0,d14,Plate1,/Users/pmihack/claire/tmem_2026/data/cleaved_tmem_pld3_260821/d14/Z60_PLD_TMEMki/PLD3TMEM106B_Plate1_d14_TMEM561LAMP1640MAP2488DAPI405_C20_F4.nd2,15
23,35229,21,0.0518606829600613,1.014768,331.1552734375,11666269.0,2.500078802667079,0.0,0.1958491133523539,True,,KI,C20,4.0,d14,Plate1,/Users/pmihack/claire/tmem_2026/data/cleaved_tmem_pld3_260821/d14/Z60_PLD_TMEMki/PLD3TMEM106B_Plate1_d14_TMEM561LAMP1640MAP2488DAPI405_C20_F4.nd2,15
24,12759,8,0.0525119523473626,0.97686,388.8521728515625,4961365.0,9.939137596626152,0.0,0.2725435045445532,True,,KI,C20,4.0,d14,Plate1,/Users/pmihack/claire/tmem_2026/data/cleaved_tmem_pld3_260821/d14/Z60_PLD_TMEMki/PLD3TMEM106B_Plate1_d14_TMEM561LAMP1640MAP2488DAPI405_C20_F4.nd2,15
25,13153,28,0.0580856078461187,0.3182605714285714,608.362060546875,8001786.0,3.465377590627623,0.0,0.4593595614457796,True,,KI,C20,4.0,d14,Plate1,/Users/pmihack/claire/tmem_2026/data/cleaved_tmem_pld3_260821/d14/Z60_PLD_TMEMki/PLD3TMEM106B_Plate1_d14_TMEM561LAMP1640MAP2488DAPI405_C20_F4.nd2,15
1,13200,7,0.0274242424242424,0.6031954285714285,316.29461669921875,4175089.0,12.38291105932796,0.0,-0.0164224326216303,True,,KI,D20,1.0,d14,Plate1,/Users/pmihack/claire/tmem_2026/data/cleaved_tmem_pld3_260821/d14/Z60_PLD_TMEMki/PLD3TMEM106B_Plate1_d14_TMEM561LAMP1640MAP2488DAPI405_D20_F1.nd2,16
2,11551,10,0.0153233486278244,0.2064527999999999,338.7580261230469,3912994.0,0.8653799658046449,0.0,-0.0276368721202361,True,,KI,D20,1.0,d14,Plate1,/Users/pmihack/claire/tmem_2026/data/cleaved_tmem_pld3_260821/d14/Z60_PLD_TMEMki/PLD3TMEM106B_Plate1_d14_TMEM561LAMP1640MAP2488DAPI405_D20_F1.nd2,16
3,10139,7,0.069040339283953,1.1664,506.7607116699219,5138047.0,10.527724682482768,0.0,0.0903607339540635,True,,KI,D20,1.0,d14,Plate1,/Users/pmihack/claire/tmem_2026/data/cleaved_tmem_pld3_260821/d14/Z60_PLD_TMEMki/PLD3TMEM106B_Plate1_d14_TMEM561LAMP1640MAP2488DAPI405_D20_F1.nd2,16
4,15720,18,0.0353689567430025,0.360288,433.45654296875,6813937.0,10.076616190054557,0.0,0.1394894527253298,True,,KI,D20,1.0,d14,Plate1,/Users/pmihack/claire/tmem_2026/data/cleaved_tmem_pld3_260821/d14/Z60_PLD_TMEMki/PLD3TMEM106B_Plate1_d14_TMEM561LAMP1640MAP2488DAPI405_D20_F1.nd2,16
5,10085,6,0.1055032226078334,2.068416,780.11767578125,7867487.0,8.092460434485906,0.0,-0.0151334535743648,True,,KI,D20,1.0,d14,Plate1,/Users/pmihack/claire/tmem_2026/data/cleaved_tmem_pld3_260821/d14/Z60_PLD_TMEMki/PLD3TMEM106B_Plate1_d14_TMEM561LAMP1640MAP2488DAPI405_D20_F1.nd2,16
6,11106,12,0.1523500810372771,1.644624,1064.3170166015625,11820305.0,2.224349283400998,0.0,0.0173821833646946,True,,KI,D20,1.0,d14,Plate1,/Users/pmihack/claire/tmem_2026/data/cleaved_tmem_pld3_260821/d14/Z60_PLD_TMEMki/PLD3TMEM106B_Plate1_d14_TMEM561LAMP1640MAP2488DAPI405_D20_F1.nd2,16
7,14408,17,0.0434480843975569,0.4295096470588234,452.8138427734375,6524142.0,14.822891165161112,0.0,0.0233395582722167,True,,KI,D20,1.0,d14,Plate1,/Users/pmihack/claire/tmem_2026/data/cleaved_tmem_pld3_260821/d14/Z60_PLD_TMEMki/PLD3TMEM106B_Plate1_d14_TMEM561LAMP1640MAP2488DAPI405_D20_F1.nd2,16
8,8916,13,0.0660610139075818,0.5284689230769231,600.1840209960938,5351241.0,0.8984321612510012,0.0,-0.0034482161036835,True,,KI,D20,1.0,d14,Plate1,/Users/pmihack/claire/tmem_2026/data/cleaved_tmem_pld3_260821/d14/Z60_PLD_TMEMki/PLD3TMEM106B_Plate1_d14_TMEM561LAMP1640MAP2488DAPI405_D20_F1.nd2,16
9,24122,18,0.0296409916259016,0.4633199999999999,330.0711669921875,7961977.0,15.991119130651551,0.0,0.062883855457822,True,,KI,D20,1.0,d14,Plate1,/Users/pmihack/claire/tmem_2026/data/cleaved_tmem_pld3_260821/d14/Z60_PLD_TMEMki/PLD3TMEM106B_Plate1_d14_TMEM561LAMP1640MAP2488DAPI405_D20_F1.nd2,16
10,11516,23,0.0277005904828065,0.1617746086956521,501.4873352050781,5775128.0,0.6980254573675491,0.0,0.1054871067135705,True,,KI,D20,1.0,d14,Plate1,/Users/pmihack/claire/tmem_2026/data/cleaved_tmem_pld3_260821/d14/Z60_PLD_TMEMki/PLD3TMEM106B_Plate1_d14_TMEM561LAMP1640MAP2488DAPI405_D20_F1.nd2,16
11,12422,0,0.0,0.0,45.38616943359375,563787.0,,0.0,0.3070474584961316,True,,KI,D20,1.0,d14,Plate1,/Users/pmihack/claire/tmem_2026/data/cleaved_tmem_pld3_260821/d14/Z60_PLD_TMEMki/PLD3TMEM106B_Plate1_d14_TMEM561LAMP1640MAP2488DAPI405_D20_F1.nd2,16
12,16126,13,0.015254867915168,0.2207187692307692,265.48760986328125,4281253.0,15.182188604552335,0.0,0.0424522417010715,True,,KI,D20,1.0,d14,Plate1,/Users/pmihack/claire/tmem_2026/data/cleaved_tmem_pld3_260821/d14/Z60_PLD_TMEMki/PLD3TMEM106B_Plate1_d14_TMEM561LAMP1640MAP2488DAPI405_D20_F1.nd2,16
13,8461,10,0.0806051294173265,0.7954848,739.7874755859375,6259342.0,28.43562672443824,0.0,0.0438968181390626,True,,KI,D20,1.0,d14,Plate1,/Users/pmihack/claire/tmem_2026/data/cleaved_tmem_pld3_260821/d14/Z60_PLD_TMEMki/PLD3TMEM106B_Plate1_d14_TMEM561LAMP1640MAP2488DAPI405_D20_F1.nd2,16
14,13571,8,0.0056738633851595,0.1122659999999999,179.69979858398438,2438706.0,3.5174502071152536,0.0,0.013777999835762,True,,KI,D20,1.0,d14,Plate1,/Users/pmihack/claire/tmem_2026/data/cleaved_tmem_pld3_260821/d14/Z60_PLD_TMEMki/PLD3TMEM106B_Plate1_d14_TMEM561LAMP1640MAP2488DAPI405_D20_F1.nd2,16
15,8201,4,0.0030484087306426,0.0728999999999999,155.82818603515625,1277947.0,32.39839187834378,0.0,-0.0233631494587532,True,,KI,D20,1.0,d14,Plate1,/Users/pmihack/claire/tmem_2026/data/cleaved_tmem_pld3_260821/d14/Z60_PLD_TMEMki/PLD3TMEM106B_Plate1_d14_TMEM561LAMP1640MAP2488DAPI405_D20_F1.nd2,16
16,14923,15,0.0337733699658245,0.3919104,334.9956970214844,4999141.0,23.14682309331365,0.0,0.0442577431277982,True,,KI,D20,1.0,d14,Plate1,/Users/pmihack/claire/tmem_2026/data/cleaved_tmem_pld3_260821/d14/Z60_PLD_TMEMki/PLD3TMEM106B_Plate1_d14_TMEM561LAMP1640MAP2488DAPI405_D20_F1.nd2,16
17,13652,28,0.0902431878113097,0.513216,729.3287353515625,9956796.0,0.9303427248531566,0.0,-0.0043140796254929,True,,KI,D20,1.0,d14,Plate1,/Users/pmihack/claire/tmem_2026/data/cleaved_tmem_pld3_260821/d14/Z60_PLD_TMEMki/PLD3TMEM106B_Plate1_d14_TMEM561LAMP1640MAP2488DAPI405_D20_F1.nd2,16
18,13482,5,0.0294466696335855,0.9261216,370.7839965820313,4998910.0,18.501593451071248,0.0,0.0745514866044456,True,,KI,D20,1.0,d14,Plate1,/Users/pmihack/claire/tmem_2026/data/cleaved_tmem_pld3_260821/d14/Z60_PLD_TMEMki/PLD3TMEM106B_Plate1_d14_TMEM561LAMP1640MAP2488DAPI405_D20_F1.nd2,16
19,14200,5,0.0072535211267605,0.2402784,77.12528228759766,1095179.0,19.42657222751119,0.0378577373921871,0.7037067887621563,True,,KI,D20,1.0,d14,Plate1,/Users/pmihack/claire/tmem_2026/data/cleaved_tmem_pld3_260821/d14/Z60_PLD_TMEMki/PLD3TMEM106B_Plate1_d14_TMEM561LAMP1640MAP2488DAPI405_D20_F1.nd2,16
20,14466,14,0.0218443246232545,0.2632731428571428,297.26019287109375,4300166.0,0.7805584680107152,0.0,0.0778428325440482,True,,KI,D20,1.0,d14,Plate1,/Users/pmihack/claire/tmem_2026/data/cleaved_tmem_pld3_260821/d14/Z60_PLD_TMEMki/PLD3TMEM106B_Plate1_d14_TMEM561LAMP1640MAP2488DAPI405_D20_F1.nd2,16
21,13656,3,0.0028558875219683,0.151632,161.68637084960938,2207989.0,4.338436183633318,0.0,0.0092138747182785,True,,KI,D20,1.0,d14,Plate1,/Users/pmihack/claire/tmem_2026/data/cleaved_tmem_pld3_260821/d14/Z60_PLD_TMEMki/PLD3TMEM106B_Plate1_d14_TMEM561LAMP1640MAP2488DAPI405_D20_F1.nd2,16
22,13888,5,0.0028801843317972,0.0933119999999999,107.03240203857422,1486466.0,3.2776356747536592,0.0,-0.0388421038871423,True,,KI,D20,1.0,d14,Plate1,/Users/pmihack/claire/tmem_2026/data/cleaved_tmem_pld3_260821/d14/Z60_PLD_TMEMki/PLD3TMEM106B_Plate1_d14_TMEM561LAMP1640MAP2488DAPI405_D20_F1.nd2,16
1,10584,0,0.0,0.0,58.20417785644531,616033.0,,0.0,0.0584122413413647,True,,KI,D20,2.0,d14,Plate1,/Users/pmihack/claire/tmem_2026/data/cleaved_tmem_pld3_260821/d14/Z60_PLD_TMEMki/PLD3TMEM106B_Plate1_d14_TMEM561LAMP1640MAP2488DAPI405_D20_F2.nd2,13
2,10826,0,0.0,0.0,56.416221618652344,610762.0,,0.0,0.2287430504730957,True,,KI,D20,2.0,d14,Plate1,/Users/pmihack/claire/tmem_2026/data/cleaved_tmem_pld3_260821/d14/Z60_PLD_TMEMki/PLD3TMEM106B_Plate1_d14_TMEM561LAMP1640MAP2488DAPI405_D20_F2.nd2,13
3,10610,0,0.0,0.0,91.5722885131836,971582.0,,0.0,-0.0430079447345855,False,border,KI,D20,2.0,d14,Plate1,/Users/pmihack/claire/tmem_2026/data/cleaved_tmem_pld3_260821/d14/Z60_PLD_TMEMki/PLD3TMEM106B_Plate1_d14_TMEM561LAMP1640MAP2488DAPI405_D20_F2.nd2,13
4,10364,0,0.0,0.0,41.63759231567383,431532.0,,0.0,0.0460880304246198,True,,KI,D20,2.0,d14,Plate1,/Users/pmihack/claire/tmem_2026/data/cleaved_tmem_pld3_260821/d14/Z60_PLD_TMEMki/PLD3TMEM106B_Plate1_d14_TMEM561LAMP1640MAP2488DAPI405_D20_F2.nd2,13
5,8975,1,0.0005571030640668,0.05832,130.62451171875,1172355.0,10.136141814344162,0.0124834198504686,0.6440000793518594,True,,KI,D20,2.0,d14,Plate1,/Users/pmihack/claire/tmem_2026/data/cleaved_tmem_pld3_260821/d14/Z60_PLD_TMEMki/PLD3TMEM106B_Plate1_d14_TMEM561LAMP1640MAP2488DAPI405_D20_F2.nd2,13
6,10397,0,0.0,0.0,31.979032516479492,332486.0,,0.0,0.0235230389720933,True,,KI,D20,2.0,d14,Plate1,/Users/pmihack/claire/tmem_2026/data/cleaved_tmem_pld3_260821/d14/Z60_PLD_TMEMki/PLD3TMEM106B_Plate1_d14_TMEM561LAMP1640MAP2488DAPI405_D20_F2.nd2,13
7,2641,1,0.0018932222642938,0.05832,150.14463806152344,396532.0,35.418300914007666,0.022797655314207,0.811722587741181,True,,KI,D20,2.0,d14,Plate1,/Users/pmihack/claire/tmem_2026/data/cleaved_tmem_pld3_260821/d14/Z60_PLD_TMEMki/PLD3TMEM106B_Plate1_d14_TMEM561LAMP1640MAP2488DAPI405_D20_F2.nd2,13
8,11746,0,0.0,0.0,65.8897476196289,773941.0,,0.0,-0.072820021822591,True,,KI,D20,2.0,d14,Plate1,/Users/pmihack/claire/tmem_2026/data/cleaved_tmem_pld3_260821/d14/Z60_PLD_TMEMki/PLD3TMEM106B_Plate1_d14_TMEM561LAMP1640MAP2488DAPI405_D20_F2.nd2,13
9,4221,2,0.0035536602700781,0.0874799999999999,204.0049743652344,861105.0,37.18991405779313,0.0,0.3164583291739906,True,,KI,D20,2.0,d14,Plate1,/Users/pmihack/claire/tmem_2026/data/cleaved_tmem_pld3_260821/d14/Z60_PLD_TMEMki/PLD3TMEM106B_Plate1_d14_TMEM561LAMP1640MAP2488DAPI405_D20_F2.nd2,13
10,4584,0,0.0,0.0,31.736038208007812,145478.0,,0.0,0.2606047194321799,True,,KI,D20,2.0,d14,Plate1,/Users/pmihack/claire/tmem_2026/data/cleaved_tmem_pld3_260821/d14/Z60_PLD_TMEMki/PLD3TMEM106B_Plate1_d14_TMEM561LAMP1640MAP2488DAPI405_D20_F2.nd2,13
11,6359,0,0.0,0.0,207.9880523681641,1322596.0,,0.0,0.0563525150352551,False,border,KI,D20,2.0,d14,Plate1,/Users/pmihack/claire/tmem_2026/data/cleaved_tmem_pld3_260821/d14/Z60_PLD_TMEMki/PLD3TMEM106B_Plate1_d14_TMEM561LAMP1640MAP2488DAPI405_D20_F2.nd2,13
1,11287,0,0.0,0.0,30.42606544494629,343419.0,,0.0,0.0079971589622882,True,,KI,D20,3.0,d14,Plate1,/Users/pmihack/claire/tmem_2026/data/cleaved_tmem_pld3_260821/d14/Z60_PLD_TMEMki/PLD3TMEM106B_Plate1_d14_TMEM561LAMP1640MAP2488DAPI405_D20_F3.nd2,11
2,15069,2,0.0076979228880483,0.6765119999999999,86.6362075805664,1305521.0,0.7337116768381139,0.0,0.0054179239493405,True,,KI,D20,3.0,d14,Plate1,/Users/pmihack/claire/tmem_2026/data/cleaved_tmem_pld3_260821/d14/Z60_PLD_TMEMki/PLD3TMEM106B_Plate1_d14_TMEM561LAMP1640MAP2488DAPI405_D20_F3.nd2,11
3,9982,0,0.0,0.0,56.30575180053711,562044.0,,0.0,0.3642478252840739,True,,KI,D20,3.0,d14,Plate1,/Users/pmihack/claire/tmem_2026/data/cleaved_tmem_pld3_260821/d14/Z60_PLD_TMEMki/PLD3TMEM106B_Plate1_d14_TMEM561LAMP1640MAP2488DAPI405_D20_F3.nd2,11
4,12968,0,0.0,0.0,42.59546661376953,552378.0,,0.0,-0.0197415537141437,True,,KI,D20,3.0,d14,Plate1,/Users/pmihack/claire/tmem_2026/data/cleaved_tmem_pld3_260821/d14/Z60_PLD_TMEMki/PLD3TMEM106B_Plate1_d14_TMEM561LAMP1640MAP2488DAPI405_D20_F3.nd2,11
5,9265,6,0.0120885051268213,0.217728,479.9962158203125,4447165.0,31.840351990422786,0.0,-0.0413938664122569,True,,KI,D20,3.0,d14,Plate1,/Users/pmihack/claire/tmem_2026/data/cleaved_tmem_pld3_260821/d14/Z60_PLD_TMEMki/PLD3TMEM106B_Plate1_d14_TMEM561LAMP1640MAP2488DAPI405_D20_F3.nd2,11
6,13665,15,0.0163922429564581,0.1741824,335.3610534667969,4582709.0,3.338651979791089,0.0,-0.0267284388174867,True,,KI,D20,3.0,d14,Plate1,/Users/pmihack/claire/tmem_2026/data/cleaved_tmem_pld3_260821/d14/Z60_PLD_TMEMki/PLD3TMEM106B_Plate1_d14_TMEM561LAMP1640MAP2488DAPI405_D20_F3.nd2,11
7,1592,7,0.039572864321608,0.1049759999999999,1161.5828857421875,1849240.0,35.73139832009549,0.0,-0.0401233859823838,False,size_outlier,KI,D20,3.0,d14,Plate1,/Users/pmihack/claire/tmem_2026/data/cleaved_tmem_pld3_260821/d14/Z60_PLD_TMEMki/PLD3TMEM106B_Plate1_d14_TMEM561LAMP1640MAP2488DAPI405_D20_F3.nd2,11
8,9557,1,0.0003139060374594,0.0349919999999999,157.64695739746094,1506632.0,3.701525865265731,0.0,0.078044956588761,True,,KI,D20,3.0,d14,Plate1,/Users/pmihack/claire/tmem_2026/data/cleaved_tmem_pld3_260821/d14/Z60_PLD_TMEMki/PLD3TMEM106B_Plate1_d14_TMEM561LAMP1640MAP2488DAPI405_D20_F3.nd2,11
9,6714,9,0.0120643431635388,0.1049759999999999,655.1968994140625,4398992.0,5.944132137757753,0.0,0.144158058860871,True,,KI,D20,3.0,d14,Plate1,/Users/pmihack/claire/tmem_2026/data/cleaved_tmem_pld3_260821/d14/Z60_PLD_TMEMki/PLD3TMEM106B_Plate1_d14_TMEM561LAMP1640MAP2488DAPI405_D20_F3.nd2,11
10,8008,0,0.0,0.0,54.30494689941406,434874.0,,0.0,0.061913452018929,False,border,KI,D20,3.0,d14,Plate1,/Users/pmihack/claire/tmem_2026/data/cleaved_tmem_pld3_260821/d14/Z60_PLD_TMEMki/PLD3TMEM106B_Plate1_d14_TMEM561LAMP1640MAP2488DAPI405_D20_F3.nd2,11
11,11207,10,0.0149014009101454,0.1947887999999999,489.6441650390625,5487442.0,4.069458926287268,0.0,0.0673904802214842,True,,KI,D20,3.0,d14,Plate1,/Users/pmihack/claire/tmem_2026/data/cleaved_tmem_pld3_260821/d14/Z60_PLD_TMEMki/PLD3TMEM106B_Plate1_d14_TMEM561LAMP1640MAP2488DAPI405_D20_F3.nd2,11
12,4561,0,0.0,0.0,6.983775615692139,31853.0,,0.0,0.371041572632474,True,,KI,D20,3.0,d14,Plate1,/Users/pmihack/claire/tmem_2026/data/cleaved_tmem_pld3_260821/d14/Z60_PLD_TMEMki/PLD3TMEM106B_Plate1_d14_TMEM561LAMP1640MAP2488DAPI405_D20_F3.nd2,11
13,13673,11,0.017991662400351,0.2608494545454545,417.04974365234375,5702321.0,8.271091181654887,0.0,0.2211659530195637,True,,KI,D20,3.0,d14,Plate1,/Users/pmihack/claire/tmem_2026/data/cleaved_tmem_pld3_260821/d14/Z60_PLD_TMEMki/PLD3TMEM106B_Plate1_d14_TMEM561LAMP1640MAP2488DAPI405_D20_F3.nd2,11
14,9515,13,0.0446663163426169,0.3813230769230769,547.0525512695312,5205205.0,16.599561153417262,0.0047373734414577,0.1831848788057363,True,,KI,D20,3.0,d14,Plate1,/Users/pmihack/claire/tmem_2026/data/cleaved_tmem_pld3_260821/d14/Z60_PLD_TMEMki/PLD3TMEM106B_Plate1_d14_TMEM561LAMP1640MAP2488DAPI405_D20_F3.nd2,11
15,20098,5,0.002786346900189,0.1306367999999999,101.20673370361328,2034053.0,7.601282870968343,0.0,0.194367728509724,True,,KI,D20,3.0,d14,Plate1,/Users/pmihack/claire/tmem_2026/data/cleaved_tmem_pld3_260821/d14/Z60_PLD_TMEMki/PLD3TMEM106B_Plate1_d14_TMEM561LAMP1640MAP2488DAPI405_D20_F3.nd2,11
16,9680,12,0.0772727272727272,0.7270559999999999,734.284423828125,7107873.0,14.063403452710029,0.0,-0.0674644422832882,True,,KI,D20,3.0,d14,Plate1,/Users/pmihack/claire/tmem_2026/data/cleaved_tmem_pld3_260821/d14/Z60_PLD_TMEMki/PLD3TMEM106B_Plate1_d14_TMEM561LAMP1640MAP2488DAPI405_D20_F3.nd2,11
17,8672,14,0.095710332103321,0.6915085714285714,972.574462890625,8434166.0,12.687724116091914,0.0,0.3817717364180416,True,,KI,D20,3.0,d14,Plate1,/Users/pmihack/claire/tmem_2026/data/cleaved_tmem_pld3_260821/d14/Z60_PLD_TMEMki/PLD3TMEM106B_Plate1_d14_TMEM561LAMP1640MAP2488DAPI405_D20_F3.nd2,11
18,21382,16,0.0117388457581143,0.1829789999999999,229.3768615722656,4904536.0,8.69121506039278,0.0,0.390163332201923,True,,KI,D20,3.0,d14,Plate1,/Users/pmihack/claire/tmem_2026/data/cleaved_tmem_pld3_260821/d14/Z60_PLD_TMEMki/PLD3TMEM106B_Plate1_d14_TMEM561LAMP1640MAP2488DAPI405_D20_F3.nd2,11
1,15906,14,0.0723626304539167,0.9589474285714285,497.029052734375,7905744.0,0.6126167163385723,0.0,0.1353176888986287,True,,KI,D20,4.0,d14,Plate1,/Users/pmihack/claire/tmem_2026/data/cleaved_tmem_pld3_260821/d14/Z60_PLD_TMEMki/PLD3TMEM106B_Plate1_d14_TMEM561LAMP1640MAP2488DAPI405_D20_F4.nd2,12
2,23521,14,0.0525487861910633,1.0297645714285717,427.8228759765625,10062822.0,0.6854129907746827,0.0002530105412006,0.3422892671418979,True,,KI,D20,4.0,d14,Plate1,/Users/pmihack/claire/tmem_2026/data/cleaved_tmem_pld3_260821/d14/Z60_PLD_TMEMki/PLD3TMEM106B_Plate1_d14_TMEM561LAMP1640MAP2488DAPI405_D20_F4.nd2,12
3,10974,2,0.1271186440677966,8.135639999999999,822.6104125976562,9027327.0,8.12162363849727,0.0,0.1666541372010641,True,,KI,D20,4.0,d14,Plate1,/Users/pmihack/claire/tmem_2026/data/cleaved_tmem_pld3_260821/d14/Z60_PLD_TMEMki/PLD3TMEM106B_Plate1_d14_TMEM561LAMP1640MAP2488DAPI405_D20_F4.nd2,12
4,7656,7,0.1876959247648902,2.394452571428571,1086.46630859375,8317986.0,8.337309597248908,0.0,0.3623049531832668,True,,KI,D20,4.0,d14,Plate1,/Users/pmihack/claire/tmem_2026/data/cleaved_tmem_pld3_260821/d14/Z60_PLD_TMEMki/PLD3TMEM106B_Plate1_d14_TMEM561LAMP1640MAP2488DAPI405_D20_F4.nd2,12
5,15256,14,0.2081803880440482,2.646061714285714,1244.9769287109375,18993368.0,2.034514324727948,0.0,0.3622950680273819,True,,KI,D20,4.0,d14,Plate1,/Users/pmihack/claire/tmem_2026/data/cleaved_tmem_pld3_260821/d14/Z60_PLD_TMEMki/PLD3TMEM106B_Plate1_d14_TMEM561LAMP1640MAP2488DAPI405_D20_F4.nd2,12
6,8362,10,0.0099258550585984,0.0968112,201.15342712402344,1682045.0,9.90722346147405,0.0,0.1923839086043254,True,,KI,D20,4.0,d14,Plate1,/Users/pmihack/claire/tmem_2026/data/cleaved_tmem_pld3_260821/d14/Z60_PLD_TMEMki/PLD3TMEM106B_Plate1_d14_TMEM561LAMP1640MAP2488DAPI405_D20_F4.nd2,12
7,12064,18,0.1503647214854111,1.175472,1001.3622436523438,12080434.0,6.063845994721372,0.0,0.3707129318196854,True,,KI,D20,4.0,d14,Plate1,/Users/pmihack/claire/tmem_2026/data/cleaved_tmem_pld3_260821/d14/Z60_PLD_TMEMki/PLD3TMEM106B_Plate1_d14_TMEM561LAMP1640MAP2488DAPI405_D20_F4.nd2,12
8,4793,5,0.0141873565616524,0.1586303999999999,210.9862365722656,1011257.0,14.666583779292006,0.0,0.3026232415486772,True,,KI,D20,4.0,d14,Plate1,/Users/pmihack/claire/tmem_2026/data/cleaved_tmem_pld3_260821/d14/Z60_PLD_TMEMki/PLD3TMEM106B_Plate1_d14_TMEM561LAMP1640MAP2488DAPI405_D20_F4.nd2,12
9,5432,1,0.0025773195876288,0.163296,132.5944366455078,720253.0,25.05731115923335,0.0199096705764532,0.6415807944113369,True,,KI,D20,4.0,d14,Plate1,/Users/pmihack/claire/tmem_2026/data/cleaved_tmem_pld3_260821/d14/Z60_PLD_TMEMki/PLD3TMEM106B_Plate1_d14_TMEM561LAMP1640MAP2488DAPI405_D20_F4.nd2,12
10,22239,20,0.1622824767300688,2.1047687999999996,988.8822631835938,21991752.0,3.486854900470152,0.0,0.4361605288101735,True,,KI,D20,4.0,d14,Plate1,/Users/pmihack/claire/tmem_2026/data/cleaved_tmem_pld3_260821/d14/Z60_PLD_TMEMki/PLD3TMEM106B_Plate1_d14_TMEM561LAMP1640MAP2488DAPI405_D20_F4.nd2,12
11,7385,7,0.1317535545023696,1.6212959999999998,893.4577026367188,6598185.0,4.980049034509587,0.0,0.3909217455871385,True,,KI,D20,4.0,d14,Plate1,/Users/pmihack/claire/tmem_2026/data/cleaved_tmem_pld3_260821/d14/Z60_PLD_TMEMki/PLD3TMEM106B_Plate1_d14_TMEM561LAMP1640MAP2488DAPI405_D20_F4.nd2,12
12,13625,12,0.1359266055045871,1.800144,845.4759521484375,11519610.0,9.30589521047296,0.0,0.4247429482847824,True,,KI,D20,4.0,d14,Plate1,/Users/pmihack/claire/tmem_2026/data/cleaved_tmem_pld3_260821/d14/Z60_PLD_TMEMki/PLD3TMEM106B_Plate1_d14_TMEM561LAMP1640MAP2488DAPI405_D20_F4.nd2,12
13,33,0,0.0,0.0,116.39393615722656,3841.0,,0.0,-0.1360509512718929,False,size_outlier,KI,D20,4.0,d14,Plate1,/Users/pmihack/claire/tmem_2026/data/cleaved_tmem_pld3_260821/d14/Z60_PLD_TMEMki/PLD3TMEM106B_Plate1_d14_TMEM561LAMP1640MAP2488DAPI405_D20_F4.nd2,12
14,21377,27,0.041773869111662,0.385776,458.1930236816406,9794792.0,7.972160432185128,0.0,0.2829388431716058,True,,KI,D20,4.0,d14,Plate1,/Users/pmihack/claire/tmem_2026/data/cleaved_tmem_pld3_260821/d14/Z60_PLD_TMEMki/PLD3TMEM106B_Plate1_d14_TMEM561LAMP1640MAP2488DAPI405_D20_F4.nd2,12
15,10878,2,0.0006435006435006,0.040824,168.2198944091797,1829896.0,5.52760114037187,0.0,0.2510037976159852,True,,KI,D20,4.0,d14,Plate1,/Users/pmihack/claire/tmem_2026/data/cleaved_tmem_pld3_260821/d14/Z60_PLD_TMEMki/PLD3TMEM106B_Plate1_d14_TMEM561LAMP1640MAP2488DAPI405_D20_F4.nd2,12
16,12472,21,0.085070558050032,0.5893097142857142,672.967529296875,8393251.0,12.344940285040302,0.0,0.1815871820339115,True,,KI,D20,4.0,d14,Plate1,/Users/pmihack/claire/tmem_2026/data/cleaved_tmem_pld3_260821/d14/Z60_PLD_TMEMki/PLD3TMEM106B_Plate1_d14_TMEM561LAMP1640MAP2488DAPI405_D20_F4.nd2,12
17,32484,29,0.0858576529983992,1.1217550344827585,625.6519775390625,20323678.0,4.792017387737593,0.0,0.4189282871058317,True,,KI,D20,4.0,d14,Plate1,/Users/pmihack/claire/tmem_2026/data/cleaved_tmem_pld3_260821/d14/Z60_PLD_TMEMki/PLD3TMEM106B_Plate1_d14_TMEM561LAMP1640MAP2488DAPI405_D20_F4.nd2,12
18,12097,1,0.0004959907415061,0.0699839999999999,31.361907958984375,379385.0,12.177711766240837,0.0,0.4218555778817209,True,,KI,D20,4.0,d14,Plate1,/Users/pmihack/claire/tmem_2026/data/cleaved_tmem_pld3_260821/d14/Z60_PLD_TMEMki/PLD3TMEM106B_Plate1_d14_TMEM561LAMP1640MAP2488DAPI405_D20_F4.nd2,12
19,11149,18,0.1532872903399408,1.107432,1119.6202392578125,12482646.0,6.5081115035065045,0.0,0.4796190630250878,True,,KI,D20,4.0,d14,Plate1,/Users/pmihack/claire/tmem_2026/data/cleaved_tmem_pld3_260821/d14/Z60_PLD_TMEMki/PLD3TMEM106B_Plate1_d14_TMEM561LAMP1640MAP2488DAPI405_D20_F4.nd2,12
20,20771,23,0.1012469308170044,1.066495304347826,697.2705078125,14483006.0,4.513990759356048,0.0054398928768932,0.3156733659288089,True,,KI,D20,4.0,d14,Plate1,/Users/pmihack/claire/tmem_2026/data/cleaved_tmem_pld3_260821/d14/Z60_PLD_TMEMki/PLD3TMEM106B_Plate1_d14_TMEM561LAMP1640MAP2488DAPI405_D20_F4.nd2,12
21,6473,5,0.1892476440599413,2.85768,1130.2025146484375,7315801.0,9.334261042077989,0.0,0.5212130551559562,True,,KI,D20,4.0,d14,Plate1,/Users/pmihack/claire/tmem_2026/data/cleaved_tmem_pld3_260821/d14/Z60_PLD_TMEMki/PLD3TMEM106B_Plate1_d14_TMEM561LAMP1640MAP2488DAPI405_D20_F4.nd2,12
22,15889,32,0.0949713638366165,0.5500305,802.2730712890625,12747317.0,9.503128678511294,0.0,0.3781250242804479,True,,KI,D20,4.0,d14,Plate1,/Users/pmihack/claire/tmem_2026/data/cleaved_tmem_pld3_260821/d14/Z60_PLD_TMEMki/PLD3TMEM106B_Plate1_d14_TMEM561LAMP1640MAP2488DAPI405_D20_F4.nd2,12
23,18952,14,0.1524377374419586,2.406949714285714,895.892578125,16978956.0,3.111074157828124,0.0,0.6430426662859222,True,,KI,D20,4.0,d14,Plate1,/Users/pmihack/claire/tmem_2026/data/cleaved_tmem_pld3_260821/d14/Z60_PLD_TMEMki/PLD3TMEM106B_Plate1_d14_TMEM561LAMP1640MAP2488DAPI405_D20_F4.nd2,12
24,9423,3,0.0054122890799108,0.198288,213.7096405029297,2013786.0,30.00809094901398,0.0018274036701768,0.0295444037558041,True,,KI,D20,4.0,d14,Plate1,/Users/pmihack/claire/tmem_2026/data/cleaved_tmem_pld3_260821/d14/Z60_PLD_TMEMki/PLD3TMEM106B_Plate1_d14_TMEM561LAMP1640MAP2488DAPI405_D20_F4.nd2,12
25,9773,13,0.0724444899212115,0.6352393846153845,692.2291870117188,6765156.0,9.552597745311292,0.0,0.0970891183554274,True,,KI,D20,4.0,d14,Plate1,/Users/pmihack/claire/tmem_2026/data/cleaved_tmem_pld3_260821/d14/Z60_PLD_TMEMki/PLD3TMEM106B_Plate1_d14_TMEM561LAMP1640MAP2488DAPI405_D20_F4.nd2,12
26,6487,0,0.0,0.0,76.52936553955078,496446.0,,0.0,0.2153948954644561,True,,KI,D20,4.0,d14,Plate1,/Users/pmihack/claire/tmem_2026/data/cleaved_tmem_pld3_260821/d14/Z60_PLD_TMEMki/PLD3TMEM106B_Plate1_d14_TMEM561LAMP1640MAP2488DAPI405_D20_F4.nd2,12
1,11333,10,0.0648548486720197,0.857304,677.5706176757812,7678908.0,2.1663070846316494,0.0,0.2607540445221194,True,,KI,E20,1.0,d14,Plate1,/Users/pmihack/claire/tmem_2026/data/cleaved_tmem_pld3_260821/d14/Z60_PLD_TMEMki/PLD3TMEM106B_Plate1_d14_TMEM561LAMP1640MAP2488DAPI405_E20_F1.nd2,10
2,6994,3,0.0313125536173863,0.8514719999999999,687.2565307617188,4806672.0,22.84919980659541,0.0,0.1474376254878718,True,,KI,E20,1.0,d14,Plate1,/Users/pmihack/claire/tmem_2026/data/cleaved_tmem_pld3_260821/d14/Z60_PLD_TMEMki/PLD3TMEM106B_Plate1_d14_TMEM561LAMP1640MAP2488DAPI405_E20_F1.nd2,10
3,2892,0,0.0,0.0,72.93568420410156,210930.0,,0.0,0.336076395901466,True,,KI,E20,1.0,d14,Plate1,/Users/pmihack/claire/tmem_2026/data/cleaved_tmem_pld3_260821/d14/Z60_PLD_TMEMki/PLD3TMEM106B_Plate1_d14_TMEM561LAMP1640MAP2488DAPI405_E20_F1.nd2,10
4,5929,11,0.0765727778714791,0.4814050909090909,1090.7816162109375,6467244.0,18.458705581056343,1.345240707451012e-05,0.2873244388960575,True,,KI,E20,1.0,d14,Plate1,/Users/pmihack/claire/tmem_2026/data/cleaved_tmem_pld3_260821/d14/Z60_PLD_TMEMki/PLD3TMEM106B_Plate1_d14_TMEM561LAMP1640MAP2488DAPI405_E20_F1.nd2,10
5,4210,5,0.0857482185273159,0.8421407999999999,1027.4691162109375,4325645.0,11.599416069363192,0.0010389202507212,0.0935786816081876,True,,KI,E20,1.0,d14,Plate1,/Users/pmihack/claire/tmem_2026/data/cleaved_tmem_pld3_260821/d14/Z60_PLD_TMEMki/PLD3TMEM106B_Plate1_d14_TMEM561LAMP1640MAP2488DAPI405_E20_F1.nd2,10
6,20344,7,0.0094376720408965,0.3199268571428571,194.04547119140625,3947661.0,15.088669405881348,0.0010441625490784,0.2568796574259451,True,,KI,E20,1.0,d14,Plate1,/Users/pmihack/claire/tmem_2026/data/cleaved_tmem_pld3_260821/d14/Z60_PLD_TMEMki/PLD3TMEM106B_Plate1_d14_TMEM561LAMP1640MAP2488DAPI405_E20_F1.nd2,10
7,13420,4,0.010655737704918,0.4169879999999999,232.961181640625,3126339.0,15.626787721897331,0.0,0.419735334311683,True,,KI,E20,1.0,d14,Plate1,/Users/pmihack/claire/tmem_2026/data/cleaved_tmem_pld3_260821/d14/Z60_PLD_TMEMki/PLD3TMEM106B_Plate1_d14_TMEM561LAMP1640MAP2488DAPI405_E20_F1.nd2,10
8,3203,0,0.0,0.0,70.24945068359375,225009.0,,0.0,0.1990248513979463,True,,KI,E20,1.0,d14,Plate1,/Users/pmihack/claire/tmem_2026/data/cleaved_tmem_pld3_260821/d14/Z60_PLD_TMEMki/PLD3TMEM106B_Plate1_d14_TMEM561LAMP1640MAP2488DAPI405_E20_F1.nd2,10
9,15492,10,0.0223341079266718,0.4035744,323.9211730957031,5018187.0,8.624714956006166,0.0067546307109296,0.314320521137008,True,,KI,E20,1.0,d14,Plate1,/Users/pmihack/claire/tmem_2026/data/cleaved_tmem_pld3_260821/d14/Z60_PLD_TMEMki/PLD3TMEM106B_Plate1_d14_TMEM561LAMP1640MAP2488DAPI405_E20_F1.nd2,10
10,10873,0,0.0,0.0,11.44642734527588,124457.0,,0.0,0.0939889406512434,True,,KI,E20,1.0,d14,Plate1,/Users/pmihack/claire/tmem_2026/data/cleaved_tmem_pld3_260821/d14/Z60_PLD_TMEMki/PLD3TMEM106B_Plate1_d14_TMEM561LAMP1640MAP2488DAPI405_E20_F1.nd2,10
11,9289,3,0.0113036925395629,0.40824,237.893310546875,2209791.0,9.108240620083944,0.03232342004776,0.3176806864590384,True,,KI,E20,1.0,d14,Plate1,/Users/pmihack/claire/tmem_2026/data/cleaved_tmem_pld3_260821/d14/Z60_PLD_TMEMki/PLD3TMEM106B_Plate1_d14_TMEM561LAMP1640MAP2488DAPI405_E20_F1.nd2,10
12,6097,0,0.0,0.0,2.559783458709717,15607.0,,0.0008329595439136,0.0259715615613748,True,,KI,E20,1.0,d14,Plate1,/Users/pmihack/claire/tmem_2026/data/cleaved_tmem_pld3_260821/d14/Z60_PLD_TMEMki/PLD3TMEM106B_Plate1_d14_TMEM561LAMP1640MAP2488DAPI405_E20_F1.nd2,10
13,25674,11,0.0119576224974682,0.3255316363636363,201.33578491210935,5169095.0,8.609202364668697,0.0,0.1698472008729767,True,,KI,E20,1.0,d14,Plate1,/Users/pmihack/claire/tmem_2026/data/cleaved_tmem_pld3_260821/d14/Z60_PLD_TMEMki/PLD3TMEM106B_Plate1_d14_TMEM561LAMP1640MAP2488DAPI405_E20_F1.nd2,10
14,10876,0,0.0,0.0,91.03190612792967,990063.0,,0.1162420958280563,0.3592226436423089,True,,KI,E20,1.0,d14,Plate1,/Users/pmihack/claire/tmem_2026/data/cleaved_tmem_pld3_260821/d14/Z60_PLD_TMEMki/PLD3TMEM106B_Plate1_d14_TMEM561LAMP1640MAP2488DAPI405_E20_F1.nd2,10
15,5110,0,0.0,0.0,7.55577278137207,38610.0,,0.0,0.1241707298592251,True,,KI,E20,1.0,d14,Plate1,/Users/pmihack/claire/tmem_2026/data/cleaved_tmem_pld3_260821/d14/Z60_PLD_TMEMki/PLD3TMEM106B_Plate1_d14_TMEM561LAMP1640MAP2488DAPI405_E20_F1.nd2,10
1,7294,0,0.0,0.0,20.492733001708984,149474.0,,0.0044087935239076,0.0689896916854966,True,,KI,E20,2.0,d14,Plate1,/Users/pmihack/claire/tmem_2026/data/cleaved_tmem_pld3_260821/d14/Z60_PLD_TMEMki/PLD3TMEM106B_Plate1_d14_TMEM561LAMP1640MAP2488DAPI405_E20_F2.nd2,15
2,10853,13,0.0461623514235695,0.4495126153846153,310.9138488769531,3374348.0,1.9323399896158997,0.0,0.2656399003924473,True,,KI,E20,2.0,d14,Plate1,/Users/pmihack/claire/tmem_2026/data/cleaved_tmem_pld3_260821/d14/Z60_PLD_TMEMki/PLD3TMEM106B_Plate1_d14_TMEM561LAMP1640MAP2488DAPI405_E20_F2.nd2,15
3,13989,9,0.0676245621559797,1.226016,422.1016540527344,5904780.0,10.986476380320306,0.0004088213318027,0.5386074954831415,True,,KI,E20,2.0,d14,Plate1,/Users/pmihack/claire/tmem_2026/data/cleaved_tmem_pld3_260821/d14/Z60_PLD_TMEMki/PLD3TMEM106B_Plate1_d14_TMEM561LAMP1640MAP2488DAPI405_E20_F2.nd2,15
4,7940,10,0.0231738035264483,0.2146175999999999,216.1154937744141,1715957.0,13.679574088817846,0.0,0.6100598426554158,True,,KI,E20,2.0,d14,Plate1,/Users/pmihack/claire/tmem_2026/data/cleaved_tmem_pld3_260821/d14/Z60_PLD_TMEMki/PLD3TMEM106B_Plate1_d14_TMEM561LAMP1640MAP2488DAPI405_E20_F2.nd2,15
5,11396,0,0.0,0.0,90.47113037109376,1031009.0,,0.0,0.1746067452764955,True,,KI,E20,2.0,d14,Plate1,/Users/pmihack/claire/tmem_2026/data/cleaved_tmem_pld3_260821/d14/Z60_PLD_TMEMki/PLD3TMEM106B_Plate1_d14_TMEM561LAMP1640MAP2488DAPI405_E20_F2.nd2,15
6,12201,5,0.0046717482173592,0.1329696,91.36373901367188,1114729.0,7.852448321616988,0.0,0.519632579938486,True,,KI,E20,2.0,d14,Plate1,/Users/pmihack/claire/tmem_2026/data/cleaved_tmem_pld3_260821/d14/Z60_PLD_TMEMki/PLD3TMEM106B_Plate1_d14_TMEM561LAMP1640MAP2488DAPI405_E20_F2.nd2,15
7,7014,4,0.0249500998003992,0.5103,191.0979461669922,1340361.0,4.607130875546736,0.0,0.486228407884454,True,,KI,E20,2.0,d14,Plate1,/Users/pmihack/claire/tmem_2026/data/cleaved_tmem_pld3_260821/d14/Z60_PLD_TMEMki/PLD3TMEM106B_Plate1_d14_TMEM561LAMP1640MAP2488DAPI405_E20_F2.nd2,15
8,2749,0,0.0,0.0,86.65624237060547,238218.0,,0.0,0.2159045832556912,True,,KI,E20,2.0,d14,Plate1,/Users/pmihack/claire/tmem_2026/data/cleaved_tmem_pld3_260821/d14/Z60_PLD_TMEMki/PLD3TMEM106B_Plate1_d14_TMEM561LAMP1640MAP2488DAPI405_E20_F2.nd2,15
9,12446,0,0.0,0.0,6.466495037078857,80482.0,,0.0,0.3516191092334777,True,,KI,E20,2.0,d14,Plate1,/Users/pmihack/claire/tmem_2026/data/cleaved_tmem_pld3_260821/d14/Z60_PLD_TMEMki/PLD3TMEM106B_Plate1_d14_TMEM561LAMP1640MAP2488DAPI405_E20_F2.nd2,15
10,16346,10,0.0113789306252294,0.2169504,122.23136901855467,1997994.0,23.233258152809427,0.0,0.154329058851742,True,,KI,E20,2.0,d14,Plate1,/Users/pmihack/claire/tmem_2026/data/cleaved_tmem_pld3_260821/d14/Z60_PLD_TMEMki/PLD3TMEM106B_Plate1_d14_TMEM561LAMP1640MAP2488DAPI405_E20_F2.nd2,15
11,5435,6,0.0483900643974241,0.511272,329.3998107910156,1790288.0,20.79831426667932,0.0,0.1820598470890577,True,,KI,E20,2.0,d14,Plate1,/Users/pmihack/claire/tmem_2026/data/cleaved_tmem_pld3_260821/d14/Z60_PLD_TMEMki/PLD3TMEM106B_Plate1_d14_TMEM561LAMP1640MAP2488DAPI405_E20_F2.nd2,15
12,8034,15,0.0538959422454568,0.3367007999999999,443.49700927734375,3563055.0,0.7294032411929062,2.55398808803875e-05,0.5720015391155678,True,,KI,E20,2.0,d14,Plate1,/Users/pmihack/claire/tmem_2026/data/cleaved_tmem_pld3_260821/d14/Z60_PLD_TMEMki/PLD3TMEM106B_Plate1_d14_TMEM561LAMP1640MAP2488DAPI405_E20_F2.nd2,15
13,5356,11,0.0647871545929798,0.3679461818181818,483.2589721679687,2588335.0,1.0024156645506828,0.0016516408650204,-0.0247296895580021,True,,KI,E20,2.0,d14,Plate1,/Users/pmihack/claire/tmem_2026/data/cleaved_tmem_pld3_260821/d14/Z60_PLD_TMEMki/PLD3TMEM106B_Plate1_d14_TMEM561LAMP1640MAP2488DAPI405_E20_F2.nd2,15
14,19130,8,0.0045478306325143,0.126846,94.14971160888672,1801084.0,24.733813607398915,6.607131945202127e-05,0.2258650032865619,True,,KI,E20,2.0,d14,Plate1,/Users/pmihack/claire/tmem_2026/data/cleaved_tmem_pld3_260821/d14/Z60_PLD_TMEMki/PLD3TMEM106B_Plate1_d14_TMEM561LAMP1640MAP2488DAPI405_E20_F2.nd2,15
15,12404,15,0.1183489197033215,1.1415167999999998,715.8410034179688,8879292.0,19.157574974697205,0.0168144032359123,0.3630374742875956,True,,KI,E20,2.0,d14,Plate1,/Users/pmihack/claire/tmem_2026/data/cleaved_tmem_pld3_260821/d14/Z60_PLD_TMEMki/PLD3TMEM106B_Plate1_d14_TMEM561LAMP1640MAP2488DAPI405_E20_F2.nd2,15
16,13516,22,0.0612607280260432,0.4389905454545453,441.6874694824219,5969848.0,8.719915570935235,0.0786544308066368,0.4141190111281755,True,,KI,E20,2.0,d14,Plate1,/Users/pmihack/claire/tmem_2026/data/cleaved_tmem_pld3_260821/d14/Z60_PLD_TMEMki/PLD3TMEM106B_Plate1_d14_TMEM561LAMP1640MAP2488DAPI405_E20_F2.nd2,15
17,15061,15,0.0374477126352831,0.4385663999999999,274.8974304199219,4140230.0,5.648815430032364,0.0,0.3417567194574436,False,border,KI,E20,2.0,d14,Plate1,/Users/pmihack/claire/tmem_2026/data/cleaved_tmem_pld3_260821/d14/Z60_PLD_TMEMki/PLD3TMEM106B_Plate1_d14_TMEM561LAMP1640MAP2488DAPI405_E20_F2.nd2,15
1,11613,0,0.0,0.0,88.34745788574219,1025979.0,,0.0,-0.0068754647570509,True,,KI,E20,3.0,d14,Plate1,/Users/pmihack/claire/tmem_2026/data/cleaved_tmem_pld3_260821/d14/Z60_PLD_TMEMki/PLD3TMEM106B_Plate1_d14_TMEM561LAMP1640MAP2488DAPI405_E20_F3.nd2,14
2,19719,6,0.0086718393427658,0.332424,243.4084930419922,4799772.0,2.4409566517646306,0.0104544544592499,0.2665710682685802,True,,KI,E20,3.0,d14,Plate1,/Users/pmihack/claire/tmem_2026/data/cleaved_tmem_pld3_260821/d14/Z60_PLD_TMEMki/PLD3TMEM106B_Plate1_d14_TMEM561LAMP1640MAP2488DAPI405_E20_F3.nd2,14
3,23468,0,0.0,0.0,175.44204711914062,4117274.0,,0.0,0.2048194728010192,True,,KI,E20,3.0,d14,Plate1,/Users/pmihack/claire/tmem_2026/data/cleaved_tmem_pld3_260821/d14/Z60_PLD_TMEMki/PLD3TMEM106B_Plate1_d14_TMEM561LAMP1640MAP2488DAPI405_E20_F3.nd2,14
4,13188,0,0.0,0.0,52.617000579833984,693913.0,,0.0011600877624005,0.0962499174439172,True,,KI,E20,3.0,d14,Plate1,/Users/pmihack/claire/tmem_2026/data/cleaved_tmem_pld3_260821/d14/Z60_PLD_TMEMki/PLD3TMEM106B_Plate1_d14_TMEM561LAMP1640MAP2488DAPI405_E20_F3.nd2,14
5,9077,0,0.0,0.0,37.658477783203125,341826.0,,0.0,-0.035603616158862,True,,KI,E20,3.0,d14,Plate1,/Users/pmihack/claire/tmem_2026/data/cleaved_tmem_pld3_260821/d14/Z60_PLD_TMEMki/PLD3TMEM106B_Plate1_d14_TMEM561LAMP1640MAP2488DAPI405_E20_F3.nd2,14
6,12963,0,0.0,0.0,103.7551498413086,1344978.0,,0.0004014935693703,0.0163825835297051,True,,KI,E20,3.0,d14,Plate1,/Users/pmihack/claire/tmem_2026/data/cleaved_tmem_pld3_260821/d14/Z60_PLD_TMEMki/PLD3TMEM106B_Plate1_d14_TMEM561LAMP1640MAP2488DAPI405_E20_F3.nd2,14
7,16033,0,0.0,0.0,91.76941680908205,1471339.0,,0.0,-0.0389347106046651,True,,KI,E20,3.0,d14,Plate1,/Users/pmihack/claire/tmem_2026/data/cleaved_tmem_pld3_260821/d14/Z60_PLD_TMEMki/PLD3TMEM106B_Plate1_d14_TMEM561LAMP1640MAP2488DAPI405_E20_F3.nd2,14
8,11421,0,0.0,0.0,44.59828567504883,509357.0,,0.0,0.0041661111623351,True,,KI,E20,3.0,d14,Plate1,/Users/pmihack/claire/tmem_2026/data/cleaved_tmem_pld3_260821/d14/Z60_PLD_TMEMki/PLD3TMEM106B_Plate1_d14_TMEM561LAMP1640MAP2488DAPI405_E20_F3.nd2,14
9,16,0,0.0,0.0,3.25,52.0,,0.0,0.1617360706904978,False,size_outlier,KI,E20,3.0,d14,Plate1,/Users/pmihack/claire/tmem_2026/data/cleaved_tmem_pld3_260821/d14/Z60_PLD_TMEMki/PLD3TMEM106B_Plate1_d14_TMEM561LAMP1640MAP2488DAPI405_E20_F3.nd2,14
10,10258,0,0.0,0.0,39.308441162109375,403226.0,,0.0,-0.0105443686988493,True,,KI,E20,3.0,d14,Plate1,/Users/pmihack/claire/tmem_2026/data/cleaved_tmem_pld3_260821/d14/Z60_PLD_TMEMki/PLD3TMEM106B_Plate1_d14_TMEM561LAMP1640MAP2488DAPI405_E20_F3.nd2,14
11,9943,1,0.001307452479131,0.151632,102.1135482788086,1015315.0,16.597672722304594,0.036654632538557,0.8078311919130159,True,,KI,E20,3.0,d14,Plate1,/Users/pmihack/claire/tmem_2026/data/cleaved_tmem_pld3_260821/d14/Z60_PLD_TMEMki/PLD3TMEM106B_Plate1_d14_TMEM561LAMP1640MAP2488DAPI405_E20_F3.nd2,14
1,7963,14,0.0288835865879693,0.1916228571428571,1563.17138671875,12447534.0,1.045932250843414,0.0,0.6550535926135579,True,,KI,E20,4.0,d14,Plate1,/Users/pmihack/claire/tmem_2026/data/cleaved_tmem_pld3_260821/d14/Z60_PLD_TMEMki/PLD3TMEM106B_Plate1_d14_TMEM561LAMP1640MAP2488DAPI405_E20_F4.nd2,12
2,15815,8,0.0110654441985456,0.25515,590.3020629882812,9335627.0,7.559569259777529,0.0,0.5379350640715217,True,,KI,E20,4.0,d14,Plate1,/Users/pmihack/claire/tmem_2026/data/cleaved_tmem_pld3_260821/d14/Z60_PLD_TMEMki/PLD3TMEM106B_Plate1_d14_TMEM561LAMP1640MAP2488DAPI405_E20_F4.nd2,12
3,11657,12,0.0184438534785965,0.20898,928.844970703125,10827546.0,31.24474817476159,0.0,0.6168574938390488,True,,KI,E20,4.0,d14,Plate1,/Users/pmihack/claire/tmem_2026/data/cleaved_tmem_pld3_260821/d14/Z60_PLD_TMEMki/PLD3TMEM106B_Plate1_d14_TMEM561LAMP1640MAP2488DAPI405_E20_F4.nd2,12
4,20412,9,0.0083284342543601,0.22032,540.0452880859375,11023405.0,5.056607646669731,0.0,0.3503074139600326,True,,KI,E20,4.0,d14,Plate1,/Users/pmihack/claire/tmem_2026/data/cleaved_tmem_pld3_260821/d14/Z60_PLD_TMEMki/PLD3TMEM106B_Plate1_d14_TMEM561LAMP1640MAP2488DAPI405_E20_F4.nd2,12
5,19594,2,0.0009186485658875,0.1049759999999999,214.93783569335935,4211492.0,19.770371118708248,0.0,0.375031180633989,True,,KI,E20,4.0,d14,Plate1,/Users/pmihack/claire/tmem_2026/data/cleaved_tmem_pld3_260821/d14/Z60_PLD_TMEMki/PLD3TMEM106B_Plate1_d14_TMEM561LAMP1640MAP2488DAPI405_E20_F4.nd2,12
6,11189,3,0.0011618553936902,0.0505439999999999,777.3975219726562,8698301.0,20.799780998474453,0.0,0.2203673231437955,True,,KI,E20,4.0,d14,Plate1,/Users/pmihack/claire/tmem_2026/data/cleaved_tmem_pld3_260821/d14/Z60_PLD_TMEMki/PLD3TMEM106B_Plate1_d14_TMEM561LAMP1640MAP2488DAPI405_E20_F4.nd2,12
7,15552,6,0.0055298353909465,0.167184,379.3032531738281,5898924.0,13.465461001014631,0.0,0.4317500330173365,True,,KI,E20,4.0,d14,Plate1,/Users/pmihack/claire/tmem_2026/data/cleaved_tmem_pld3_260821/d14/Z60_PLD_TMEMki/PLD3TMEM106B_Plate1_d14_TMEM561LAMP1640MAP2488DAPI405_E20_F4.nd2,12
8,11375,5,0.0229450549450549,0.6088608,856.7396240234375,9745413.0,28.788231140441695,0.0,0.1698295204372908,True,,KI,E20,4.0,d14,Plate1,/Users/pmihack/claire/tmem_2026/data/cleaved_tmem_pld3_260821/d14/Z60_PLD_TMEMki/PLD3TMEM106B_Plate1_d14_TMEM561LAMP1640MAP2488DAPI405_E20_F4.nd2,12
9,12967,9,0.0127246086218863,0.2138399999999999,868.8702392578125,11266640.0,12.829689514685349,0.0,0.5190846225443706,True,,KI,E20,4.0,d14,Plate1,/Users/pmihack/claire/tmem_2026/data/cleaved_tmem_pld3_260821/d14/Z60_PLD_TMEMki/PLD3TMEM106B_Plate1_d14_TMEM561LAMP1640MAP2488DAPI405_E20_F4.nd2,12
10,16230,10,0.0279728897104128,0.5295456,1089.097900390625,17676058.0,8.781408601914727,0.0,0.5001617102741005,True,,KI,E20,4.0,d14,Plate1,/Users/pmihack/claire/tmem_2026/data/cleaved_tmem_pld3_260821/d14/Z60_PLD_TMEMki/PLD3TMEM106B_Plate1_d14_TMEM561LAMP1640MAP2488DAPI405_E20_F4.nd2,12
11,18295,2,0.0030062858704564,0.32076,364.0811767578125,6660865.0,6.8590656551746685,0.0,0.1927788356986013,True,,KI,E20,4.0,d14,Plate1,/Users/pmihack/claire/tmem_2026/data/cleaved_tmem_pld3_260821/d14/Z60_PLD_TMEMki/PLD3TMEM106B_Plate1_d14_TMEM561LAMP1640MAP2488DAPI405_E20_F4.nd2,12
12,10545,2,0.0013276434329065,0.081648,238.97325134277344,2519973.0,20.04001819167538,0.0,0.2239941455966366,True,,KI,E20,4.0,d14,Plate1,/Users/pmihack/claire/tmem_2026/data/cleaved_tmem_pld3_260821/d14/Z60_PLD_TMEMki/PLD3TMEM106B_Plate1_d14_TMEM561LAMP1640MAP2488DAPI405_E20_F4.nd2,12
13,2252,0,0.0,0.0,68.25577545166016,153712.0,,0.0,0.5691831424133827,True,,KI,E20,4.0,d14,Plate1,/Users/pmihack/claire/tmem_2026/data/cleaved_tmem_pld3_260821/d14/Z60_PLD_TMEMki/PLD3TMEM106B_Plate1_d14_TMEM561LAMP1640MAP2488DAPI405_E20_F4.nd2,12
14,9928,8,0.035958904109589,0.5205059999999999,1207.3961181640625,11987029.0,11.118967455692053,0.0,0.4008012676205973,True,,KI,E20,4.0,d14,Plate1,/Users/pmihack/claire/tmem_2026/data/cleaved_tmem_pld3_260821/d14/Z60_PLD_TMEMki/PLD3TMEM106B_Plate1_d14_TMEM561LAMP1640MAP2488DAPI405_E20_F4.nd2,12
15,30548,1,0.001276679324342,0.4548959999999999,79.90205383300781,2440848.0,13.408696754194327,0.0,0.5818202663124973,True,,KI,E20,4.0,d14,Plate1,/Users/pmihack/claire/tmem_2026/data/cleaved_tmem_pld3_260821/d14/Z60_PLD_TMEMki/PLD3TMEM106B_Plate1_d14_TMEM561LAMP1640MAP2488DAPI405_E20_F4.nd2,12
16,16792,2,0.0020247737017627,0.198288,575.3225708007812,9660817.0,22.550927860301577,0.0,0.6168894639559672,True,,KI,E20,4.0,d14,Plate1,/Users/pmihack/claire/tmem_2026/data/cleaved_tmem_pld3_260821/d14/Z60_PLD_TMEMki/PLD3TMEM106B_Plate1_d14_TMEM561LAMP1640MAP2488DAPI405_E20_F4.nd2,12
17,12113,0,0.0,0.0,245.04103088378903,2968182.0,,0.0,0.3739925150879547,True,,KI,E20,4.0,d14,Plate1,/Users/pmihack/claire/tmem_2026/data/cleaved_tmem_pld3_260821/d14/Z60_PLD_TMEMki/PLD3TMEM106B_Plate1_d14_TMEM561LAMP1640MAP2488DAPI405_E20_F4.nd2,12
18,13426,1,0.0008937881722031,0.1399679999999999,240.8052978515625,3233052.0,14.388027545450358,0.0,0.327541142507821,True,,KI,E20,4.0,d14,Plate1,/Users/pmihack/claire/tmem_2026/data/cleaved_tmem_pld3_260821/d14/Z60_PLD_TMEMki/PLD3TMEM106B_Plate1_d14_TMEM561LAMP1640MAP2488DAPI405_E20_F4.nd2,12
19,10465,0,0.0,0.0,87.5811767578125,916537.0,,0.0,0.421193211931732,False,border,KI,E20,4.0,d14,Plate1,/Users/pmihack/claire/tmem_2026/data/cleaved_tmem_pld3_260821/d14/Z60_PLD_TMEMki/PLD3TMEM106B_Plate1_d14_TMEM561LAMP1640MAP2488DAPI405_E20_F4.nd2,12
20,3343,0,0.0,0.0,7.485192775726318,25023.0,,0.0,0.2898500368165992,True,,KI,E20,4.0,d14,Plate1,/Users/pmihack/claire/tmem_2026/data/cleaved_tmem_pld3_260821/d14/Z60_PLD_TMEMki/PLD3TMEM106B_Plate1_d14_TMEM561LAMP1640MAP2488DAPI405_E20_F4.nd2,12
1,10272,7,0.2107671339563863,3.607508571428571,598.6655883789062,6149493.0,0.866628224110134,0.0002213190600741,0.5077337689152982,True,,KI,F20,1.0,d14,Plate1,/Users/pmihack/claire/tmem_2026/data/cleaved_tmem_pld3_260821/d14/Z60_PLD_TMEMki/PLD3TMEM106B_Plate1_d14_TMEM561LAMP1640MAP2488DAPI405_F20_F1.nd2,13
2,13917,12,0.027520298914996,0.372276,145.47804260253906,2024618.0,0.7549208373345948,0.0,-0.0212608322472445,True,,KI,F20,1.0,d14,Plate1,/Users/pmihack/claire/tmem_2026/data/cleaved_tmem_pld3_260821/d14/Z60_PLD_TMEMki/PLD3TMEM106B_Plate1_d14_TMEM561LAMP1640MAP2488DAPI405_F20_F1.nd2,13
3,19166,8,0.0070437232599394,0.1968299999999999,107.1871566772461,2054349.0,5.026938333693814,0.0014554489171132,0.1402914808326452,True,,KI,F20,1.0,d14,Plate1,/Users/pmihack/claire/tmem_2026/data/cleaved_tmem_pld3_260821/d14/Z60_PLD_TMEMki/PLD3TMEM106B_Plate1_d14_TMEM561LAMP1640MAP2488DAPI405_F20_F1.nd2,13
4,3854,0,0.0,0.0,39.773223876953125,153286.0,,0.0,0.1791983128666444,True,,KI,F20,1.0,d14,Plate1,/Users/pmihack/claire/tmem_2026/data/cleaved_tmem_pld3_260821/d14/Z60_PLD_TMEMki/PLD3TMEM106B_Plate1_d14_TMEM561LAMP1640MAP2488DAPI405_F20_F1.nd2,13
5,16423,16,0.1153869573159593,1.381455,328.3197937011719,5391996.0,15.362705542643305,0.0,0.1912045656605138,True,,KI,F20,1.0,d14,Plate1,/Users/pmihack/claire/tmem_2026/data/cleaved_tmem_pld3_260821/d14/Z60_PLD_TMEMki/PLD3TMEM106B_Plate1_d14_TMEM561LAMP1640MAP2488DAPI405_F20_F1.nd2,13
6,7412,8,0.0087695628710199,0.09477,135.09983825683594,1001360.0,20.095405420381137,0.0,0.0031468984129206,True,,KI,F20,1.0,d14,Plate1,/Users/pmihack/claire/tmem_2026/data/cleaved_tmem_pld3_260821/d14/Z60_PLD_TMEMki/PLD3TMEM106B_Plate1_d14_TMEM561LAMP1640MAP2488DAPI405_F20_F1.nd2,13
7,17617,10,0.0639155361298745,1.3133663999999998,213.51808166503903,3761548.0,23.229417591356498,0.0,0.0324328674761365,True,,KI,F20,1.0,d14,Plate1,/Users/pmihack/claire/tmem_2026/data/cleaved_tmem_pld3_260821/d14/Z60_PLD_TMEMki/PLD3TMEM106B_Plate1_d14_TMEM561LAMP1640MAP2488DAPI405_F20_F1.nd2,13
8,16377,13,0.0342553581241985,0.5033464615384615,160.30567932128906,2625326.0,8.339147228485507,0.0012455595424398,0.0446413928745481,True,,KI,F20,1.0,d14,Plate1,/Users/pmihack/claire/tmem_2026/data/cleaved_tmem_pld3_260821/d14/Z60_PLD_TMEMki/PLD3TMEM106B_Plate1_d14_TMEM561LAMP1640MAP2488DAPI405_F20_F1.nd2,13
9,22342,15,0.0934115119505863,1.6228511999999995,305.288818359375,6820763.0,9.343476104824497,0.0,0.2411339106473096,False,border,KI,F20,1.0,d14,Plate1,/Users/pmihack/claire/tmem_2026/data/cleaved_tmem_pld3_260821/d14/Z60_PLD_TMEMki/PLD3TMEM106B_Plate1_d14_TMEM561LAMP1640MAP2488DAPI405_F20_F1.nd2,13
10,10720,16,0.1523320895522388,1.190457,493.8094177246094,5293637.0,7.951346363714131,0.0,0.0600890594556428,True,,KI,F20,1.0,d14,Plate1,/Users/pmihack/claire/tmem_2026/data/cleaved_tmem_pld3_260821/d14/Z60_PLD_TMEMki/PLD3TMEM106B_Plate1_d14_TMEM561LAMP1640MAP2488DAPI405_F20_F1.nd2,13
11,10348,14,0.0368187089292616,0.3174274285714286,196.1086273193359,2029332.0,1.203891227084782,0.0,-0.0215810103960114,True,,KI,F20,1.0,d14,Plate1,/Users/pmihack/claire/tmem_2026/data/cleaved_tmem_pld3_260821/d14/Z60_PLD_TMEMki/PLD3TMEM106B_Plate1_d14_TMEM561LAMP1640MAP2488DAPI405_F20_F1.nd2,13
12,8022,7,0.0145848915482423,0.1949554285714285,168.5843963623047,1352384.0,5.686377433850539,2.809852776408661e-05,0.1100204955497994,True,,KI,F20,1.0,d14,Plate1,/Users/pmihack/claire/tmem_2026/data/cleaved_tmem_pld3_260821/d14/Z60_PLD_TMEMki/PLD3TMEM106B_Plate1_d14_TMEM561LAMP1640MAP2488DAPI405_F20_F1.nd2,13
13,11129,3,0.0034145026507323,0.147744,103.04097747802734,1146743.0,,0.0,0.034379911588787,True,,KI,F20,1.0,d14,Plate1,/Users/pmihack/claire/tmem_2026/data/cleaved_tmem_pld3_260821/d14/Z60_PLD_TMEMki/PLD3TMEM106B_Plate1_d14_TMEM561LAMP1640MAP2488DAPI405_F20_F1.nd2,13
14,12011,0,0.0,0.0,2.562817335128784,30782.0,,0.0,0.0361458471597966,True,,KI,F20,1.0,d14,Plate1,/Users/pmihack/claire/tmem_2026/data/cleaved_tmem_pld3_260821/d14/Z60_PLD_TMEMki/PLD3TMEM106B_Plate1_d14_TMEM561LAMP1640MAP2488DAPI405_F20_F1.nd2,13
1,15389,14,0.0833712391968289,1.0689222857142855,546.919921875,8416551.0,4.3139231035838055,0.1792449206113815,0.5156548000634552,True,,KI,F20,2.0,d14,Plate1,/Users/pmihack/claire/tmem_2026/data/cleaved_tmem_pld3_260821/d14/Z60_PLD_TMEMki/PLD3TMEM106B_Plate1_d14_TMEM561LAMP1640MAP2488DAPI405_F20_F2.nd2,13
2,11934,3,0.1452991452991453,6.741791999999999,841.5919799804688,10043559.0,5.95962956714547,0.0686458870768547,0.3954493059319693,True,,KI,F20,2.0,d14,Plate1,/Users/pmihack/claire/tmem_2026/data/cleaved_tmem_pld3_260821/d14/Z60_PLD_TMEMki/PLD3TMEM106B_Plate1_d14_TMEM561LAMP1640MAP2488DAPI405_F20_F2.nd2,13
3,24375,31,0.0818461538461538,0.7506348387096774,541.8275146484375,13207046.0,0.8875894983154119,0.027582474052906,0.3782712161978337,True,,KI,F20,2.0,d14,Plate1,/Users/pmihack/claire/tmem_2026/data/cleaved_tmem_pld3_260821/d14/Z60_PLD_TMEMki/PLD3TMEM106B_Plate1_d14_TMEM561LAMP1640MAP2488DAPI405_F20_F2.nd2,13
4,14041,1,0.0004273199914536,0.0699839999999999,21.864540100097656,307000.0,15.148222508829395,0.0049967425875365,0.243355648222061,True,,KI,F20,2.0,d14,Plate1,/Users/pmihack/claire/tmem_2026/data/cleaved_tmem_pld3_260821/d14/Z60_PLD_TMEMki/PLD3TMEM106B_Plate1_d14_TMEM561LAMP1640MAP2488DAPI405_F20_F2.nd2,13
5,14421,16,0.0113723042784827,0.119556,258.9665832519531,3734557.0,12.50165942222202,0.1240104213356971,0.6223210138082973,True,,KI,F20,2.0,d14,Plate1,/Users/pmihack/claire/tmem_2026/data/cleaved_tmem_pld3_260821/d14/Z60_PLD_TMEMki/PLD3TMEM106B_Plate1_d14_TMEM561LAMP1640MAP2488DAPI405_F20_F2.nd2,13
6,6860,12,0.4915451895043732,3.2775839999999996,3551.784912109375,24365244.0,1.6692965025348894,0.7409168481826782,0.6339367878369242,True,,KI,F20,2.0,d14,Plate1,/Users/pmihack/claire/tmem_2026/data/cleaved_tmem_pld3_260821/d14/Z60_PLD_TMEMki/PLD3TMEM106B_Plate1_d14_TMEM561LAMP1640MAP2488DAPI405_F20_F2.nd2,13
7,10674,23,0.1445568671538317,0.7825022608695651,954.2709350585938,10185888.0,0.5136192427644252,0.1461456269025802,0.4163439202079732,True,,KI,F20,2.0,d14,Plate1,/Users/pmihack/claire/tmem_2026/data/cleaved_tmem_pld3_260821/d14/Z60_PLD_TMEMki/PLD3TMEM106B_Plate1_d14_TMEM561LAMP1640MAP2488DAPI405_F20_F2.nd2,13
8,15553,17,0.1188838166270173,1.2686315294117647,672.2788696289062,10455953.0,0.9850824900366888,0.3336242139339447,0.629580520733047,True,,KI,F20,2.0,d14,Plate1,/Users/pmihack/claire/tmem_2026/data/cleaved_tmem_pld3_260821/d14/Z60_PLD_TMEMki/PLD3TMEM106B_Plate1_d14_TMEM561LAMP1640MAP2488DAPI405_F20_F2.nd2,13
9,17366,19,0.0551652654612461,0.5881111578947368,636.1519775390625,11047415.0,0.4765701604555634,0.4976391196250915,0.6413447874695738,True,,KI,F20,2.0,d14,Plate1,/Users/pmihack/claire/tmem_2026/data/cleaved_tmem_pld3_260821/d14/Z60_PLD_TMEMki/PLD3TMEM106B_Plate1_d14_TMEM561LAMP1640MAP2488DAPI405_F20_F2.nd2,13
10,17956,8,0.0857652038315883,2.24532,599.3456420898438,10761850.0,3.1618577583732397,0.0164076816290617,0.4207880458490614,True,,KI,F20,2.0,d14,Plate1,/Users/pmihack/claire/tmem_2026/data/cleaved_tmem_pld3_260821/d14/Z60_PLD_TMEMki/PLD3TMEM106B_Plate1_d14_TMEM561LAMP1640MAP2488DAPI405_F20_F2.nd2,13
11,16772,17,0.0990341044598139,1.1396414117647058,670.1414794921875,11239613.0,10.425455722528332,0.582915186882019,0.7137874335687486,True,,KI,F20,2.0,d14,Plate1,/Users/pmihack/claire/tmem_2026/data/cleaved_tmem_pld3_260821/d14/Z60_PLD_TMEMki/PLD3TMEM106B_Plate1_d14_TMEM561LAMP1640MAP2488DAPI405_F20_F2.nd2,13
12,6775,16,0.0404428044280442,0.1997459999999999,418.761474609375,2837109.0,5.9279846229927085,0.0503688789904117,0.4427447729082999,True,,KI,F20,2.0,d14,Plate1,/Users/pmihack/claire/tmem_2026/data/cleaved_tmem_pld3_260821/d14/Z60_PLD_TMEMki/PLD3TMEM106B_Plate1_d14_TMEM561LAMP1640MAP2488DAPI405_F20_F2.nd2,13
1,18708,0,0.0,0.0,240.64566040039065,4501999.0,,0.0,0.5574455603158137,True,,KI,F20,3.0,d14,Plate1,/Users/pmihack/claire/tmem_2026/data/cleaved_tmem_pld3_260821/d14/Z60_PLD_TMEMki/PLD3TMEM106B_Plate1_d14_TMEM561LAMP1640MAP2488DAPI405_F20_F3.nd2,13
2,19719,3,0.0009635377047517,0.073872,214.949951171875,4238598.0,0.8381300231533327,0.0,0.3296839960505797,True,,KI,F20,3.0,d14,Plate1,/Users/pmihack/claire/tmem_2026/data/cleaved_tmem_pld3_260821/d14/Z60_PLD_TMEMki/PLD3TMEM106B_Plate1_d14_TMEM561LAMP1640MAP2488DAPI405_F20_F3.nd2,13
3,17101,2,0.0021636161627974,0.2157839999999999,302.11016845703125,5166386.0,0.5800803609965707,0.0021438584662973,0.3663598053984106,True,,KI,F20,3.0,d14,Plate1,/Users/pmihack/claire/tmem_2026/data/cleaved_tmem_pld3_260821/d14/Z60_PLD_TMEMki/PLD3TMEM106B_Plate1_d14_TMEM561LAMP1640MAP2488DAPI405_F20_F3.nd2,13
4,16577,6,0.0041623936779875,0.1341359999999999,349.2921447753906,5790216.0,0.62425782385019,0.0,0.611345991547817,True,,KI,F20,3.0,d14,Plate1,/Users/pmihack/claire/tmem_2026/data/cleaved_tmem_pld3_260821/d14/Z60_PLD_TMEMki/PLD3TMEM106B_Plate1_d14_TMEM561LAMP1640MAP2488DAPI405_F20_F3.nd2,13
5,14445,4,0.004638283142956,0.195372,506.3906555175781,7314813.0,1.242481117112587,0.0041923150420188,0.6532962848998267,True,,KI,F20,3.0,d14,Plate1,/Users/pmihack/claire/tmem_2026/data/cleaved_tmem_pld3_260821/d14/Z60_PLD_TMEMki/PLD3TMEM106B_Plate1_d14_TMEM561LAMP1640MAP2488DAPI405_F20_F3.nd2,13
6,16860,8,0.0192763938315539,0.4738499999999999,540.842041015625,9118597.0,0.7928643122806935,0.0013686316087841,0.5254722975653398,True,,KI,F20,3.0,d14,Plate1,/Users/pmihack/claire/tmem_2026/data/cleaved_tmem_pld3_260821/d14/Z60_PLD_TMEMki/PLD3TMEM106B_Plate1_d14_TMEM561LAMP1640MAP2488DAPI405_F20_F3.nd2,13
7,23345,1,0.0001713428999785,0.0466559999999999,301.49920654296875,7038499.0,7.772603437587906,0.0043489388190209,0.7834305071738576,True,,KI,F20,3.0,d14,Plate1,/Users/pmihack/claire/tmem_2026/data/cleaved_tmem_pld3_260821/d14/Z60_PLD_TMEMki/PLD3TMEM106B_Plate1_d14_TMEM561LAMP1640MAP2488DAPI405_F20_F3.nd2,13
8,13912,7,0.0088412880966072,0.2049531428571428,795.5950317382812,11068318.0,8.496414005906493,0.0003866892948281,0.6096348973728214,True,,KI,F20,3.0,d14,Plate1,/Users/pmihack/claire/tmem_2026/data/cleaved_tmem_pld3_260821/d14/Z60_PLD_TMEMki/PLD3TMEM106B_Plate1_d14_TMEM561LAMP1640MAP2488DAPI405_F20_F3.nd2,13
9,13465,3,0.0013367991088005,0.0699839999999999,459.6243591308594,6188842.0,7.163507493317713,0.0,0.8432167807226467,True,,KI,F20,3.0,d14,Plate1,/Users/pmihack/claire/tmem_2026/data/cleaved_tmem_pld3_260821/d14/Z60_PLD_TMEMki/PLD3TMEM106B_Plate1_d14_TMEM561LAMP1640MAP2488DAPI405_F20_F3.nd2,13
10,11734,4,0.0050281234020794,0.1720439999999999,434.7604370117187,5101479.0,16.149125992000346,0.0,0.4509450988687827,True,,KI,F20,3.0,d14,Plate1,/Users/pmihack/claire/tmem_2026/data/cleaved_tmem_pld3_260821/d14/Z60_PLD_TMEMki/PLD3TMEM106B_Plate1_d14_TMEM561LAMP1640MAP2488DAPI405_F20_F3.nd2,13
11,16540,0,0.0,0.0,292.47442626953125,4837527.0,,0.0,0.8157253647801138,True,,KI,F20,3.0,d14,Plate1,/Users/pmihack/claire/tmem_2026/data/cleaved_tmem_pld3_260821/d14/Z60_PLD_TMEMki/PLD3TMEM106B_Plate1_d14_TMEM561LAMP1640MAP2488DAPI405_F20_F3.nd2,13
12,19728,13,0.0083130575831305,0.1471458461538461,784.4906005859375,15476430.0,11.864983043870485,0.0432462133467197,0.5779194015072221,True,,KI,F20,3.0,d14,Plate1,/Users/pmihack/claire/tmem_2026/data/cleaved_tmem_pld3_260821/d14/Z60_PLD_TMEMki/PLD3TMEM106B_Plate1_d14_TMEM561LAMP1640MAP2488DAPI405_F20_F3.nd2,13
13,5422,12,0.0433419402434526,0.2284199999999999,1693.2215576171875,9180647.0,4.4667422241541095,0.0141889778897166,0.537588784051962,True,,KI,F20,3.0,d14,Plate1,/Users/pmihack/claire/tmem_2026/data/cleaved_tmem_pld3_260821/d14/Z60_PLD_TMEMki/PLD3TMEM106B_Plate1_d14_TMEM561LAMP1640MAP2488DAPI405_F20_F3.nd2,13
14,4476,8,0.114834673815907,0.749412,2237.99072265625,10017247.0,16.56183454032057,0.0831157490611076,0.440535846257879,True,,KI,F20,3.0,d14,Plate1,/Users/pmihack/claire/tmem_2026/data/cleaved_tmem_pld3_260821/d14/Z60_PLD_TMEMki/PLD3TMEM106B_Plate1_d14_TMEM561LAMP1640MAP2488DAPI405_F20_F3.nd2,13
15,7744,9,0.0275051652892561,0.276048,1422.1168212890625,11012873.0,10.834731323887114,0.0003439611173234,0.45035409144006,True,,KI,F20,3.0,d14,Plate1,/Users/pmihack/claire/tmem_2026/data/cleaved_tmem_pld3_260821/d14/Z60_PLD_TMEMki/PLD3TMEM106B_Plate1_d14_TMEM561LAMP1640MAP2488DAPI405_F20_F3.nd2,13
16,6048,2,0.0054563492063492,0.192456,211.67559814453125,1280214.0,13.652753154058614,0.1943253278732299,0.6240131879456202,True,,KI,F20,3.0,d14,Plate1,/Users/pmihack/claire/tmem_2026/data/cleaved_tmem_pld3_260821/d14/Z60_PLD_TMEMki/PLD3TMEM106B_Plate1_d14_TMEM561LAMP1640MAP2488DAPI405_F20_F3.nd2,13
17,10816,6,0.0060096153846153,0.12636,679.9500732421875,7354340.0,25.03401794298364,0.0,0.7084526148817777,True,,KI,F20,3.0,d14,Plate1,/Users/pmihack/claire/tmem_2026/data/cleaved_tmem_pld3_260821/d14/Z60_PLD_TMEMki/PLD3TMEM106B_Plate1_d14_TMEM561LAMP1640MAP2488DAPI405_F20_F3.nd2,13
18,4188,2,0.0124164278892072,0.303264,1172.9990234375,4912520.0,47.369740208222765,0.0,0.3024169565141756,True,,KI,F20,3.0,d14,Plate1,/Users/pmihack/claire/tmem_2026/data/cleaved_tmem_pld3_260821/d14/Z60_PLD_TMEMki/PLD3TMEM106B_Plate1_d14_TMEM561LAMP1640MAP2488DAPI405_F20_F3.nd2,13
1,12383,0,0.0,0.0,39.78672409057617,492679.0,,0.0,0.4769340623421965,True,,KI,F20,4.0,d14,Plate1,/Users/pmihack/claire/tmem_2026/data/cleaved_tmem_pld3_260821/d14/Z60_PLD_TMEMki/PLD3TMEM106B_Plate1_d14_TMEM561LAMP1640MAP2488DAPI405_F20_F4.nd2,13
2,18236,0,0.0,0.0,234.2716064453125,4272177.0,,0.0002146446640836,0.5160684324784248,True,,KI,F20,4.0,d14,Plate1,/Users/pmihack/claire/tmem_2026/data/cleaved_tmem_pld3_260821/d14/Z60_PLD_TMEMki/PLD3TMEM106B_Plate1_d14_TMEM561LAMP1640MAP2488DAPI405_F20_F4.nd2,13
3,19188,3,0.0016155930790077,0.120528,206.5359649658203,3963012.0,0.7934080208974488,0.0,0.3117336005667716,True,,KI,F20,4.0,d14,Plate1,/Users/pmihack/claire/tmem_2026/data/cleaved_tmem_pld3_260821/d14/Z60_PLD_TMEMki/PLD3TMEM106B_Plate1_d14_TMEM561LAMP1640MAP2488DAPI405_F20_F4.nd2,13
4,16773,3,0.0028617420854945,0.1866239999999999,264.29815673828125,4433073.0,0.5981226538206282,0.0034811065997928,0.3804269493335107,True,,KI,F20,4.0,d14,Plate1,/Users/pmihack/claire/tmem_2026/data/cleaved_tmem_pld3_260821/d14/Z60_PLD_TMEMki/PLD3TMEM106B_Plate1_d14_TMEM561LAMP1640MAP2488DAPI405_F20_F4.nd2,13
5,16432,6,0.0058422590068159,0.1866239999999999,300.6392517089844,4940104.0,0.5898097118447181,0.0,0.5676062192010635,True,,KI,F20,4.0,d14,Plate1,/Users/pmihack/claire/tmem_2026/data/cleaved_tmem_pld3_260821/d14/Z60_PLD_TMEMki/PLD3TMEM106B_Plate1_d14_TMEM561LAMP1640MAP2488DAPI405_F20_F4.nd2,13
6,15279,6,0.0078539171411741,0.23328,497.2462158203125,7597425.0,1.2013033669779365,0.0005125420866534,0.598922315020618,True,,KI,F20,4.0,d14,Plate1,/Users/pmihack/claire/tmem_2026/data/cleaved_tmem_pld3_260821/d14/Z60_PLD_TMEMki/PLD3TMEM106B_Plate1_d14_TMEM561LAMP1640MAP2488DAPI405_F20_F4.nd2,13
7,16753,8,0.0210708529815555,0.514674,460.2015075683594,7709756.0,0.8041216721349849,0.0,0.4932968831198537,True,,KI,F20,4.0,d14,Plate1,/Users/pmihack/claire/tmem_2026/data/cleaved_tmem_pld3_260821/d14/Z60_PLD_TMEMki/PLD3TMEM106B_Plate1_d14_TMEM561LAMP1640MAP2488DAPI405_F20_F4.nd2,13
8,30,0,0.0,0.0,2.9000000953674316,87.0,,0.0,0.4954300285419498,False,size_outlier,KI,F20,4.0,d14,Plate1,/Users/pmihack/claire/tmem_2026/data/cleaved_tmem_pld3_260821/d14/Z60_PLD_TMEMki/PLD3TMEM106B_Plate1_d14_TMEM561LAMP1640MAP2488DAPI405_F20_F4.nd2,13
9,20373,3,0.000932606881657,0.073872,302.96392822265625,6172284.0,4.138931853514303,0.0042643859051167,0.7586761931358936,True,,KI,F20,4.0,d14,Plate1,/Users/pmihack/claire/tmem_2026/data/cleaved_tmem_pld3_260821/d14/Z60_PLD_TMEMki/PLD3TMEM106B_Plate1_d14_TMEM561LAMP1640MAP2488DAPI405_F20_F4.nd2,13
10,13873,6,0.0109565342752108,0.295488,682.5734252929688,9469341.0,2.615958599468288,9.905652404995637e-05,0.5911346119667229,True,,KI,F20,4.0,d14,Plate1,/Users/pmihack/claire/tmem_2026/data/cleaved_tmem_pld3_260821/d14/Z60_PLD_TMEMki/PLD3TMEM106B_Plate1_d14_TMEM561LAMP1640MAP2488DAPI405_F20_F4.nd2,13
11,13737,4,0.0032030283176821,0.128304,386.1127014160156,5304030.0,9.879940274447131,0.0,0.8307998115666936,True,,KI,F20,4.0,d14,Plate1,/Users/pmihack/claire/tmem_2026/data/cleaved_tmem_pld3_260821/d14/Z60_PLD_TMEMki/PLD3TMEM106B_Plate1_d14_TMEM561LAMP1640MAP2488DAPI405_F20_F4.nd2,13
12,12451,4,0.0047385752148421,0.1720439999999999,367.4631652832031,4575284.0,5.536714638225008,0.0,0.4357871675194203,True,,KI,F20,4.0,d14,Plate1,/Users/pmihack/claire/tmem_2026/data/cleaved_tmem_pld3_260821/d14/Z60_PLD_TMEMki/PLD3TMEM106B_Plate1_d14_TMEM561LAMP1640MAP2488DAPI405_F20_F4.nd2,13
13,15390,0,0.0,0.0,248.92144775390625,3830901.0,,0.0,0.7824264065487712,True,,KI,F20,4.0,d14,Plate1,/Users/pmihack/claire/tmem_2026/data/cleaved_tmem_pld3_260821/d14/Z60_PLD_TMEMki/PLD3TMEM106B_Plate1_d14_TMEM561LAMP1640MAP2488DAPI405_F20_F4.nd2,13
14,18249,8,0.0049317770836758,0.1312199999999999,528.8447875976562,9650889.0,12.793637150433495,0.0157711897045373,0.5479276028041132,True,,KI,F20,4.0,d14,Plate1,/Users/pmihack/claire/tmem_2026/data/cleaved_tmem_pld3_260821/d14/Z60_PLD_TMEMki/PLD3TMEM106B_Plate1_d14_TMEM561LAMP1640MAP2488DAPI405_F20_F4.nd2,13
15,5098,9,0.0525696351510396,0.3473279999999999,1498.2113037109375,7637881.0,4.540757494878461,0.0047053624875843,0.50280035809951,True,,KI,F20,4.0,d14,Plate1,/Users/pmihack/claire/tmem_2026/data/cleaved_tmem_pld3_260821/d14/Z60_PLD_TMEMki/PLD3TMEM106B_Plate1_d14_TMEM561LAMP1640MAP2488DAPI405_F20_F4.nd2,13
16,13369,1,0.0008975989228812,0.1399679999999999,303.50518798828125,4057561.0,23.289761683362055,0.0,0.6954962883685459,True,,KI,F20,4.0,d14,Plate1,/Users/pmihack/claire/tmem_2026/data/cleaved_tmem_pld3_260821/d14/Z60_PLD_TMEMki/PLD3TMEM106B_Plate1_d14_TMEM561LAMP1640MAP2488DAPI405_F20_F4.nd2,13
17,9137,14,0.0656670679654153,0.4998857142857142,1444.0887451171875,13194639.0,4.755190145590052,0.0161209404468536,0.5916235903974323,True,,KI,F20,4.0,d14,Plate1,/Users/pmihack/claire/tmem_2026/data/cleaved_tmem_pld3_260821/d14/Z60_PLD_TMEMki/PLD3TMEM106B_Plate1_d14_TMEM561LAMP1640MAP2488DAPI405_F20_F4.nd2,13
18,10680,7,0.0075842696629213,0.1349691428571428,584.3289184570312,6240633.0,25.207942823705967,0.0,0.7086815520765706,True,,KI,F20,4.0,d14,Plate1,/Users/pmihack/claire/tmem_2026/data/cleaved_tmem_pld3_260821/d14/Z60_PLD_TMEMki/PLD3TMEM106B_Plate1_d14_TMEM561LAMP1640MAP2488DAPI405_F20_F4.nd2,13
1,20546,0,0.0,0.0,46.1064453125,947303.0,,0.0,0.1134361414198813,True,,KI,G20,1.0,d14,Plate1,/Users/pmihack/claire/tmem_2026/data/cleaved_tmem_pld3_260821/d14/Z60_PLD_TMEMki/PLD3TMEM106B_Plate1_d14_TMEM561LAMP1640MAP2488DAPI405_G20_F1.nd2,18
2,3210,0,0.0,0.0,19.00467300415039,61005.0,,0.0,0.2708677751025376,True,,KI,G20,1.0,d14,Plate1,/Users/pmihack/claire/tmem_2026/data/cleaved_tmem_pld3_260821/d14/Z60_PLD_TMEMki/PLD3TMEM106B_Plate1_d14_TMEM561LAMP1640MAP2488DAPI405_G20_F1.nd2,18
3,12532,0,0.0,0.0,39.423316955566406,494053.0,,0.0003380204143468,0.0109723026353353,True,,KI,G20,1.0,d14,Plate1,/Users/pmihack/claire/tmem_2026/data/cleaved_tmem_pld3_260821/d14/Z60_PLD_TMEMki/PLD3TMEM106B_Plate1_d14_TMEM561LAMP1640MAP2488DAPI405_G20_F1.nd2,18
4,13623,0,0.0,0.0,46.52139663696289,633761.0,,0.0,0.2673677038870746,True,,KI,G20,1.0,d14,Plate1,/Users/pmihack/claire/tmem_2026/data/cleaved_tmem_pld3_260821/d14/Z60_PLD_TMEMki/PLD3TMEM106B_Plate1_d14_TMEM561LAMP1640MAP2488DAPI405_G20_F1.nd2,18
5,20963,0,0.0,0.0,35.13557052612305,736547.0,,0.0003597869654186,0.0036362892830383,True,,KI,G20,1.0,d14,Plate1,/Users/pmihack/claire/tmem_2026/data/cleaved_tmem_pld3_260821/d14/Z60_PLD_TMEMki/PLD3TMEM106B_Plate1_d14_TMEM561LAMP1640MAP2488DAPI405_G20_F1.nd2,18
6,17878,0,0.0,0.0,46.99094009399414,840104.0,,0.0,0.0501333241117993,True,,KI,G20,1.0,d14,Plate1,/Users/pmihack/claire/tmem_2026/data/cleaved_tmem_pld3_260821/d14/Z60_PLD_TMEMki/PLD3TMEM106B_Plate1_d14_TMEM561LAMP1640MAP2488DAPI405_G20_F1.nd2,18
7,10102,0,0.0,0.0,27.54979133605957,278308.0,,0.0,-0.0445403552004808,True,,KI,G20,1.0,d14,Plate1,/Users/pmihack/claire/tmem_2026/data/cleaved_tmem_pld3_260821/d14/Z60_PLD_TMEMki/PLD3TMEM106B_Plate1_d14_TMEM561LAMP1640MAP2488DAPI405_G20_F1.nd2,18
8,18114,0,0.0,0.0,30.298002243041992,548818.0,,0.0,0.0340357742568307,True,,KI,G20,1.0,d14,Plate1,/Users/pmihack/claire/tmem_2026/data/cleaved_tmem_pld3_260821/d14/Z60_PLD_TMEMki/PLD3TMEM106B_Plate1_d14_TMEM561LAMP1640MAP2488DAPI405_G20_F1.nd2,18
9,14436,0,0.0,0.0,20.525699615478516,296309.0,,0.0,0.0702791963409825,True,,KI,G20,1.0,d14,Plate1,/Users/pmihack/claire/tmem_2026/data/cleaved_tmem_pld3_260821/d14/Z60_PLD_TMEMki/PLD3TMEM106B_Plate1_d14_TMEM561LAMP1640MAP2488DAPI405_G20_F1.nd2,18
10,14195,0,0.0,0.0,13.1146879196167,186163.0,,0.0,-0.0132224850461461,True,,KI,G20,1.0,d14,Plate1,/Users/pmihack/claire/tmem_2026/data/cleaved_tmem_pld3_260821/d14/Z60_PLD_TMEMki/PLD3TMEM106B_Plate1_d14_TMEM561LAMP1640MAP2488DAPI405_G20_F1.nd2,18
11,16942,0,0.0,0.0,51.35562515258789,870067.0,,0.0,0.1389334233634292,True,,KI,G20,1.0,d14,Plate1,/Users/pmihack/claire/tmem_2026/data/cleaved_tmem_pld3_260821/d14/Z60_PLD_TMEMki/PLD3TMEM106B_Plate1_d14_TMEM561LAMP1640MAP2488DAPI405_G20_F1.nd2,18
1,18944,0,0.0,0.0,38.75121307373047,734103.0,,0.0,0.1784642471718535,True,,KI,G20,2.0,d14,Plate1,/Users/pmihack/claire/tmem_2026/data/cleaved_tmem_pld3_260821/d14/Z60_PLD_TMEMki/PLD3TMEM106B_Plate1_d14_TMEM561LAMP1640MAP2488DAPI405_G20_F2.nd2,9
2,3544,0,0.0,0.0,2.5205981731414795,8933.0,,0.0,0.1335678247379849,True,,KI,G20,2.0,d14,Plate1,/Users/pmihack/claire/tmem_2026/data/cleaved_tmem_pld3_260821/d14/Z60_PLD_TMEMki/PLD3TMEM106B_Plate1_d14_TMEM561LAMP1640MAP2488DAPI405_G20_F2.nd2,9
3,6122,0,0.0,0.0,11.786181449890137,72155.0,,0.0,0.0299701461436983,True,,KI,G20,2.0,d14,Plate1,/Users/pmihack/claire/tmem_2026/data/cleaved_tmem_pld3_260821/d14/Z60_PLD_TMEMki/PLD3TMEM106B_Plate1_d14_TMEM561LAMP1640MAP2488DAPI405_G20_F2.nd2,9
4,12272,0,0.0,0.0,36.158817291259766,443741.0,,0.0,0.0075587507445507,True,,KI,G20,2.0,d14,Plate1,/Users/pmihack/claire/tmem_2026/data/cleaved_tmem_pld3_260821/d14/Z60_PLD_TMEMki/PLD3TMEM106B_Plate1_d14_TMEM561LAMP1640MAP2488DAPI405_G20_F2.nd2,9
5,13077,0,0.0,0.0,79.86067199707031,1044338.0,,1.62782544066431e-05,0.050196318590008,True,,KI,G20,2.0,d14,Plate1,/Users/pmihack/claire/tmem_2026/data/cleaved_tmem_pld3_260821/d14/Z60_PLD_TMEMki/PLD3TMEM106B_Plate1_d14_TMEM561LAMP1640MAP2488DAPI405_G20_F2.nd2,9
6,14067,0,0.0,0.0,37.02900314331055,520887.0,,0.0,0.1365734362215394,True,,KI,G20,2.0,d14,Plate1,/Users/pmihack/claire/tmem_2026/data/cleaved_tmem_pld3_260821/d14/Z60_PLD_TMEMki/PLD3TMEM106B_Plate1_d14_TMEM561LAMP1640MAP2488DAPI405_G20_F2.nd2,9
7,17460,0,0.0,0.0,72.98298645019531,1274283.0,,0.0,0.0715383714327071,True,,KI,G20,2.0,d14,Plate1,/Users/pmihack/claire/tmem_2026/data/cleaved_tmem_pld3_260821/d14/Z60_PLD_TMEMki/PLD3TMEM106B_Plate1_d14_TMEM561LAMP1640MAP2488DAPI405_G20_F2.nd2,9
8,14149,0,0.0,0.0,47.839847564697266,676886.0,,0.0,0.0118876604050062,True,,KI,G20,2.0,d14,Plate1,/Users/pmihack/claire/tmem_2026/data/cleaved_tmem_pld3_260821/d14/Z60_PLD_TMEMki/PLD3TMEM106B_Plate1_d14_TMEM561LAMP1640MAP2488DAPI405_G20_F2.nd2,9
9,11049,1,0.0031677074848402,0.40824,68.70223236083984,759091.0,15.001538038913978,0.2005055993795395,0.7701730440378401,True,,KI,G20,2.0,d14,Plate1,/Users/pmihack/claire/tmem_2026/data/cleaved_tmem_pld3_260821/d14/Z60_PLD_TMEMki/PLD3TMEM106B_Plate1_d14_TMEM561LAMP1640MAP2488DAPI405_G20_F2.nd2,9
10,20146,0,0.0,0.0,54.2717170715332,1093358.0,,7.682753494009376e-05,0.0562800504647522,True,,KI,G20,2.0,d14,Plate1,/Users/pmihack/claire/tmem_2026/data/cleaved_tmem_pld3_260821/d14/Z60_PLD_TMEMki/PLD3TMEM106B_Plate1_d14_TMEM561LAMP1640MAP2488DAPI405_G20_F2.nd2,9
11,8061,0,0.0,0.0,125.37923431396484,1010682.0,,0.0,0.0681020176401391,True,,KI,G20,2.0,d14,Plate1,/Users/pmihack/claire/tmem_2026/data/cleaved_tmem_pld3_260821/d14/Z60_PLD_TMEMki/PLD3TMEM106B_Plate1_d14_TMEM561LAMP1640MAP2488DAPI405_G20_F2.nd2,9
12,17616,0,0.0,0.0,75.0759506225586,1322538.0,,0.0,0.1669529452618665,True,,KI,G20,2.0,d14,Plate1,/Users/pmihack/claire/tmem_2026/data/cleaved_tmem_pld3_260821/d14/Z60_PLD_TMEMki/PLD3TMEM106B_Plate1_d14_TMEM561LAMP1640MAP2488DAPI405_G20_F2.nd2,9
13,11337,1,0.0002646202699126,0.0349919999999999,94.1456298828125,1067329.0,14.579462074796956,0.0,0.6638292198991396,True,,KI,G20,2.0,d14,Plate1,/Users/pmihack/claire/tmem_2026/data/cleaved_tmem_pld3_260821/d14/Z60_PLD_TMEMki/PLD3TMEM106B_Plate1_d14_TMEM561LAMP1640MAP2488DAPI405_G20_F2.nd2,9
14,13414,0,0.0,0.0,39.34516143798828,527776.0,,0.0001326320198131,0.0016513847990146,True,,KI,G20,2.0,d14,Plate1,/Users/pmihack/claire/tmem_2026/data/cleaved_tmem_pld3_260821/d14/Z60_PLD_TMEMki/PLD3TMEM106B_Plate1_d14_TMEM561LAMP1640MAP2488DAPI405_G20_F2.nd2,9
15,11672,0,0.0,0.0,81.30020904541016,948936.0,,0.0,0.1257765110953343,True,,KI,G20,2.0,d14,Plate1,/Users/pmihack/claire/tmem_2026/data/cleaved_tmem_pld3_260821/d14/Z60_PLD_TMEMki/PLD3TMEM106B_Plate1_d14_TMEM561LAMP1640MAP2488DAPI405_G20_F2.nd2,9
16,12031,0,0.0,0.0,51.50253677368164,619627.0,,0.0,0.1705404200492177,True,,KI,G20,2.0,d14,Plate1,/Users/pmihack/claire/tmem_2026/data/cleaved_tmem_pld3_260821/d14/Z60_PLD_TMEMki/PLD3TMEM106B_Plate1_d14_TMEM561LAMP1640MAP2488DAPI405_G20_F2.nd2,9
17,3903,0,0.0,0.0,26.88931655883789,104949.0,,0.0,0.1707917086263846,True,,KI,G20,2.0,d14,Plate1,/Users/pmihack/claire/tmem_2026/data/cleaved_tmem_pld3_260821/d14/Z60_PLD_TMEMki/PLD3TMEM106B_Plate1_d14_TMEM561LAMP1640MAP2488DAPI405_G20_F2.nd2,9
1,18454,16,0.0516419204508507,0.6947369999999999,1074.181640625,19822948.0,18.01314313830472,0.0008662687032483,0.4210814278220097,True,,KI,G20,3.0,d14,Plate1,/Users/pmihack/claire/tmem_2026/data/cleaved_tmem_pld3_260821/d14/Z60_PLD_TMEMki/PLD3TMEM106B_Plate1_d14_TMEM561LAMP1640MAP2488DAPI405_G20_F3.nd2,12
2,14715,8,0.0109412164458036,0.2347379999999999,652.3738403320312,9599681.0,7.218896554485574,0.0,0.7740056093327841,True,,KI,G20,3.0,d14,Plate1,/Users/pmihack/claire/tmem_2026/data/cleaved_tmem_pld3_260821/d14/Z60_PLD_TMEMki/PLD3TMEM106B_Plate1_d14_TMEM561LAMP1640MAP2488DAPI405_G20_F3.nd2,12
3,15357,12,0.1894901347919515,2.8285199999999997,1986.66015625,30509140.0,6.935288673643973,0.005073266569525,0.8725648130063972,True,,KI,G20,3.0,d14,Plate1,/Users/pmihack/claire/tmem_2026/data/cleaved_tmem_pld3_260821/d14/Z60_PLD_TMEMki/PLD3TMEM106B_Plate1_d14_TMEM561LAMP1640MAP2488DAPI405_G20_F3.nd2,12
4,13317,3,0.0073590147931215,0.3810239999999999,382.1331481933594,5088867.0,17.38904717079234,0.0,0.3114390843043908,True,,KI,G20,3.0,d14,Plate1,/Users/pmihack/claire/tmem_2026/data/cleaved_tmem_pld3_260821/d14/Z60_PLD_TMEMki/PLD3TMEM106B_Plate1_d14_TMEM561LAMP1640MAP2488DAPI405_G20_F3.nd2,12
5,12492,13,0.0166506564201088,0.1866239999999999,787.66748046875,9839542.0,12.898608012747829,0.0046433056704699,0.6705406417919375,True,,KI,G20,3.0,d14,Plate1,/Users/pmihack/claire/tmem_2026/data/cleaved_tmem_pld3_260821/d14/Z60_PLD_TMEMki/PLD3TMEM106B_Plate1_d14_TMEM561LAMP1640MAP2488DAPI405_G20_F3.nd2,12
6,17569,8,0.023848824634299,0.610902,462.2752075195313,8121713.0,12.30172811752333,0.0,0.6339089062864243,True,,KI,G20,3.0,d14,Plate1,/Users/pmihack/claire/tmem_2026/data/cleaved_tmem_pld3_260821/d14/Z60_PLD_TMEMki/PLD3TMEM106B_Plate1_d14_TMEM561LAMP1640MAP2488DAPI405_G20_F3.nd2,12
7,10489,10,0.0452855372294785,0.55404,717.2777099609375,7523526.0,24.71379123247049,0.0,0.4582306272794654,True,,KI,G20,3.0,d14,Plate1,/Users/pmihack/claire/tmem_2026/data/cleaved_tmem_pld3_260821/d14/Z60_PLD_TMEMki/PLD3TMEM106B_Plate1_d14_TMEM561LAMP1640MAP2488DAPI405_G20_F3.nd2,12
8,20316,9,0.0069895648749753,0.184032,427.40875244140625,8683236.0,14.796234507584174,0.0109750553965568,0.5290862871179581,False,border,KI,G20,3.0,d14,Plate1,/Users/pmihack/claire/tmem_2026/data/cleaved_tmem_pld3_260821/d14/Z60_PLD_TMEMki/PLD3TMEM106B_Plate1_d14_TMEM561LAMP1640MAP2488DAPI405_G20_F3.nd2,12
1,13841,15,0.0389422729571562,0.4191263999999999,387.57525634765625,5364429.0,0.8210704204897417,0.0,0.1044914709273323,True,,KI,G20,4.0,d14,Plate1,/Users/pmihack/claire/tmem_2026/data/cleaved_tmem_pld3_260821/d14/Z60_PLD_TMEMki/PLD3TMEM106B_Plate1_d14_TMEM561LAMP1640MAP2488DAPI405_G20_F4.nd2,11
2,3178,1,0.001258653241032,0.0466559999999999,193.8511657714844,616059.0,21.306628586432257,0.0,0.3851269204008223,True,,KI,G20,4.0,d14,Plate1,/Users/pmihack/claire/tmem_2026/data/cleaved_tmem_pld3_260821/d14/Z60_PLD_TMEMki/PLD3TMEM106B_Plate1_d14_TMEM561LAMP1640MAP2488DAPI405_G20_F4.nd2,11
3,12857,10,0.0940343781597573,1.4101776,663.62939453125,8532283.0,14.32137819055436,0.0,0.5597886047196556,True,,KI,G20,4.0,d14,Plate1,/Users/pmihack/claire/tmem_2026/data/cleaved_tmem_pld3_260821/d14/Z60_PLD_TMEMki/PLD3TMEM106B_Plate1_d14_TMEM561LAMP1640MAP2488DAPI405_G20_F4.nd2,11
4,9886,2,0.148290511834918,8.549712,816.2777709960938,8069722.0,1.9602832855403884,0.0121748931705951,0.4761152331384976,True,,KI,G20,4.0,d14,Plate1,/Users/pmihack/claire/tmem_2026/data/cleaved_tmem_pld3_260821/d14/Z60_PLD_TMEMki/PLD3TMEM106B_Plate1_d14_TMEM561LAMP1640MAP2488DAPI405_G20_F4.nd2,11
5,12533,7,0.1780898428149684,3.7191497142857135,1017.444091796875,12751627.0,13.8960578428923,0.0,0.2544042192961174,True,,KI,G20,4.0,d14,Plate1,/Users/pmihack/claire/tmem_2026/data/cleaved_tmem_pld3_260821/d14/Z60_PLD_TMEMki/PLD3TMEM106B_Plate1_d14_TMEM561LAMP1640MAP2488DAPI405_G20_F4.nd2,11
6,16004,7,0.0287428142964258,0.7664914285714285,209.90882873535156,3359381.0,1.3838230614375795,0.0,0.7359441320923904,True,,KI,G20,4.0,d14,Plate1,/Users/pmihack/claire/tmem_2026/data/cleaved_tmem_pld3_260821/d14/Z60_PLD_TMEMki/PLD3TMEM106B_Plate1_d14_TMEM561LAMP1640MAP2488DAPI405_G20_F4.nd2,11
7,11235,20,0.0732532265242545,0.4799735999999999,625.3340454101562,7025628.0,2.0921202424225696,0.0,0.3213221473946865,True,,KI,G20,4.0,d14,Plate1,/Users/pmihack/claire/tmem_2026/data/cleaved_tmem_pld3_260821/d14/Z60_PLD_TMEMki/PLD3TMEM106B_Plate1_d14_TMEM561LAMP1640MAP2488DAPI405_G20_F4.nd2,11
8,11819,7,0.1342753194009645,2.6443954285714284,796.2730102539062,9411151.0,0.7471588179601208,0.0,0.5410136285586468,True,,KI,G20,4.0,d14,Plate1,/Users/pmihack/claire/tmem_2026/data/cleaved_tmem_pld3_260821/d14/Z60_PLD_TMEMki/PLD3TMEM106B_Plate1_d14_TMEM561LAMP1640MAP2488DAPI405_G20_F4.nd2,11
9,15321,7,0.0674890672932576,1.7229394285714286,383.01708984375,5868205.0,4.655629105584457,0.0,0.4769176743808029,True,,KI,G20,4.0,d14,Plate1,/Users/pmihack/claire/tmem_2026/data/cleaved_tmem_pld3_260821/d14/Z60_PLD_TMEMki/PLD3TMEM106B_Plate1_d14_TMEM561LAMP1640MAP2488DAPI405_G20_F4.nd2,11
10,12297,16,0.0456208831422298,0.4089689999999999,564.2035522460938,6938011.0,11.37609709642198,0.0018786364234983,0.4959506726613174,True,,KI,G20,4.0,d14,Plate1,/Users/pmihack/claire/tmem_2026/data/cleaved_tmem_pld3_260821/d14/Z60_PLD_TMEMki/PLD3TMEM106B_Plate1_d14_TMEM561LAMP1640MAP2488DAPI405_G20_F4.nd2,11
11,19649,20,0.0878416204386991,1.0066031999999998,596.8485717773438,11727478.0,6.398826641202214,8.987439650809392e-05,0.3187752840256176,True,,KI,G20,4.0,d14,Plate1,/Users/pmihack/claire/tmem_2026/data/cleaved_tmem_pld3_260821/d14/Z60_PLD_TMEMki/PLD3TMEM106B_Plate1_d14_TMEM561LAMP1640MAP2488DAPI405_G20_F4.nd2,11
12,25069,28,0.0520563245442578,0.5436257142857142,425.3233947753906,10662432.0,10.287363386897274,0.0251270066946744,0.5121734128476,True,,KI,G20,4.0,d14,Plate1,/Users/pmihack/claire/tmem_2026/data/cleaved_tmem_pld3_260821/d14/Z60_PLD_TMEMki/PLD3TMEM106B_Plate1_d14_TMEM561LAMP1640MAP2488DAPI405_G20_F4.nd2,11
13,15033,17,0.0315306326082618,0.3252197647058823,305.66094970703125,4595001.0,7.263794435166983,0.0002304678491782,0.572273542240224,True,,KI,G20,4.0,d14,Plate1,/Users/pmihack/claire/tmem_2026/data/cleaved_tmem_pld3_260821/d14/Z60_PLD_TMEMki/PLD3TMEM106B_Plate1_d14_TMEM561LAMP1640MAP2488DAPI405_G20_F4.nd2,11
14,13026,13,0.0327038231229848,0.3822203076923076,379.1943664550781,4939386.0,12.3911732847284,0.0,0.5879087307435504,True,,KI,G20,4.0,d14,Plate1,/Users/pmihack/claire/tmem_2026/data/cleaved_tmem_pld3_260821/d14/Z60_PLD_TMEMki/PLD3TMEM106B_Plate1_d14_TMEM561LAMP1640MAP2488DAPI405_G20_F4.nd2,11
15,10737,5,0.1570271025426096,3.9331008,888.746826171875,9542475.0,10.642602265464964,0.0044967369176447,0.6169518383350033,True,,KI,G20,4.0,d14,Plate1,/Users/pmihack/claire/tmem_2026/data/cleaved_tmem_pld3_260821/d14/Z60_PLD_TMEMki/PLD3TMEM106B_Plate1_d14_TMEM561LAMP1640MAP2488DAPI405_G20_F4.nd2,11
16,4543,0,0.0,0.0,33.20118713378906,150833.0,,0.0,0.5891522504229907,True,,KI,G20,4.0,d14,Plate1,/Users/pmihack/claire/tmem_2026/data/cleaved_tmem_pld3_260821/d14/Z60_PLD_TMEMki/PLD3TMEM106B_Plate1_d14_TMEM561LAMP1640MAP2488DAPI405_G20_F4.nd2,11
17,15422,7,0.007197510050577,0.1849577142857142,239.91900634765625,3700031.0,5.267954036042971,0.0,0.0871766670133674,True,,KI,G20,4.0,d14,Plate1,/Users/pmihack/claire/tmem_2026/data/cleaved_tmem_pld3_260821/d14/Z60_PLD_TMEMki/PLD3TMEM106B_Plate1_d14_TMEM561LAMP1640MAP2488DAPI405_G20_F4.nd2,11
18,12139,13,0.0190295741000082,0.2072603076923077,288.0552673339844,3496703.0,13.66971821763608,0.0,0.5865346675583523,False,border,KI,G20,4.0,d14,Plate1,/Users/pmihack/claire/tmem_2026/data/cleaved_tmem_pld3_260821/d14/Z60_PLD_TMEMki/PLD3TMEM106B_Plate1_d14_TMEM561LAMP1640MAP2488DAPI405_G20_F4.nd2,11
1,15558,0,0.0,0.0,56.30215835571289,875949.0,,0.0,0.0294417278600703,True,,KI,,,d14,Plate1,/Users/pmihack/claire/tmem_2026/data/cleaved_tmem_pld3_260821/d14/Z60_PLD_TMEMki/PLD3TMEM106B_Plate1_d14_TMEM561LAMP1640MAP2488DAPI405_H20_F.nd2,10
2,12273,0,0.0,0.0,45.118309020996094,553737.0,,0.0,0.0450902064275625,True,,KI,,,d14,Plate1,/Users/pmihack/claire/tmem_2026/data/cleaved_tmem_pld3_260821/d14/Z60_PLD_TMEMki/PLD3TMEM106B_Plate1_d14_TMEM561LAMP1640MAP2488DAPI405_H20_F.nd2,10
3,5237,0,0.0,0.0,9.499140739440918,49747.0,,0.0,0.3932635955494878,True,,KI,,,d14,Plate1,/Users/pmihack/claire/tmem_2026/data/cleaved_tmem_pld3_260821/d14/Z60_PLD_TMEMki/PLD3TMEM106B_Plate1_d14_TMEM561LAMP1640MAP2488DAPI405_H20_F.nd2,10
4,14675,0,0.0,0.0,83.24183654785156,1221574.0,,0.0,0.0105474701210582,True,,KI,,,d14,Plate1,/Users/pmihack/claire/tmem_2026/data/cleaved_tmem_pld3_260821/d14/Z60_PLD_TMEMki/PLD3TMEM106B_Plate1_d14_TMEM561LAMP1640MAP2488DAPI405_H20_F.nd2,10
5,15164,0,0.0,0.0,67.47296142578125,1023160.0,,0.0,-0.0081873894064828,True,,KI,,,d14,Plate1,/Users/pmihack/claire/tmem_2026/data/cleaved_tmem_pld3_260821/d14/Z60_PLD_TMEMki/PLD3TMEM106B_Plate1_d14_TMEM561LAMP1640MAP2488DAPI405_H20_F.nd2,10
6,13408,0,0.0,0.0,135.0084228515625,1810193.0,,0.0,0.0309259896805165,True,,KI,,,d14,Plate1,/Users/pmihack/claire/tmem_2026/data/cleaved_tmem_pld3_260821/d14/Z60_PLD_TMEMki/PLD3TMEM106B_Plate1_d14_TMEM561LAMP1640MAP2488DAPI405_H20_F.nd2,10
7,13999,0,0.0,0.0,34.19437026977539,478687.0,,0.0212539713829755,0.1788415820474546,True,,KI,,,d14,Plate1,/Users/pmihack/claire/tmem_2026/data/cleaved_tmem_pld3_260821/d14/Z60_PLD_TMEMki/PLD3TMEM106B_Plate1_d14_TMEM561LAMP1640MAP2488DAPI405_H20_F.nd2,10
8,15731,0,0.0,0.0,65.62138366699219,1032290.0,,0.0053802710026502,0.1118939064038884,True,,KI,,,d14,Plate1,/Users/pmihack/claire/tmem_2026/data/cleaved_tmem_pld3_260821/d14/Z60_PLD_TMEMki/PLD3TMEM106B_Plate1_d14_TMEM561LAMP1640MAP2488DAPI405_H20_F.nd2,10
9,16408,0,0.0,0.0,35.71983337402344,586091.0,,0.0,0.1125154245978915,True,,KI,,,d14,Plate1,/Users/pmihack/claire/tmem_2026/data/cleaved_tmem_pld3_260821/d14/Z60_PLD_TMEMki/PLD3TMEM106B_Plate1_d14_TMEM561LAMP1640MAP2488DAPI405_H20_F.nd2,10
1,9341,0,0.0,0.0,29.204259872436523,272797.0,,0.1231648474931716,0.7890345334862383,True,,KI,H20,1.0,d14,Plate1,/Users/pmihack/claire/tmem_2026/data/cleaved_tmem_pld3_260821/d14/Z60_PLD_TMEMki/PLD3TMEM106B_Plate1_d14_TMEM561LAMP1640MAP2488DAPI405_H20_F1.nd2,10
2,12882,0,0.0,0.0,27.29521751403809,351617.0,,0.0,0.0655937242764692,True,,KI,H20,1.0,d14,Plate1,/Users/pmihack/claire/tmem_2026/data/cleaved_tmem_pld3_260821/d14/Z60_PLD_TMEMki/PLD3TMEM106B_Plate1_d14_TMEM561LAMP1640MAP2488DAPI405_H20_F1.nd2,10
3,8023,0,0.0,0.0,23.979185104370117,192385.0,,0.2457208186388015,0.7416992488391368,True,,KI,H20,1.0,d14,Plate1,/Users/pmihack/claire/tmem_2026/data/cleaved_tmem_pld3_260821/d14/Z60_PLD_TMEMki/PLD3TMEM106B_Plate1_d14_TMEM561LAMP1640MAP2488DAPI405_H20_F1.nd2,10
4,19641,0,0.0,0.0,48.89674758911133,960381.0,,0.0,0.1902998534248618,True,,KI,H20,1.0,d14,Plate1,/Users/pmihack/claire/tmem_2026/data/cleaved_tmem_pld3_260821/d14/Z60_PLD_TMEMki/PLD3TMEM106B_Plate1_d14_TMEM561LAMP1640MAP2488DAPI405_H20_F1.nd2,10
5,10841,0,0.0,0.0,18.330135345458984,198717.0,,0.0,0.0174868409710891,True,,KI,H20,1.0,d14,Plate1,/Users/pmihack/claire/tmem_2026/data/cleaved_tmem_pld3_260821/d14/Z60_PLD_TMEMki/PLD3TMEM106B_Plate1_d14_TMEM561LAMP1640MAP2488DAPI405_H20_F1.nd2,10
6,3444,0,0.0,0.0,7.80429744720459,26878.0,,0.0,0.01438955297994,True,,KI,H20,1.0,d14,Plate1,/Users/pmihack/claire/tmem_2026/data/cleaved_tmem_pld3_260821/d14/Z60_PLD_TMEMki/PLD3TMEM106B_Plate1_d14_TMEM561LAMP1640MAP2488DAPI405_H20_F1.nd2,10
7,3822,0,0.0,0.0,8.814233779907227,33688.0,,0.0,0.5399763841653605,True,,KI,H20,1.0,d14,Plate1,/Users/pmihack/claire/tmem_2026/data/cleaved_tmem_pld3_260821/d14/Z60_PLD_TMEMki/PLD3TMEM106B_Plate1_d14_TMEM561LAMP1640MAP2488DAPI405_H20_F1.nd2,10
8,2595,0,0.0,0.0,8.56762981414795,22233.0,,0.0,0.2718395122564973,True,,KI,H20,1.0,d14,Plate1,/Users/pmihack/claire/tmem_2026/data/cleaved_tmem_pld3_260821/d14/Z60_PLD_TMEMki/PLD3TMEM106B_Plate1_d14_TMEM561LAMP1640MAP2488DAPI405_H20_F1.nd2,10
9,11369,0,0.0,0.0,92.23053741455078,1048569.0,,0.0,0.0130165120077264,True,,KI,H20,1.0,d14,Plate1,/Users/pmihack/claire/tmem_2026/data/cleaved_tmem_pld3_260821/d14/Z60_PLD_TMEMki/PLD3TMEM106B_Plate1_d14_TMEM561LAMP1640MAP2488DAPI405_H20_F1.nd2,10
10,9567,0,0.0,0.0,41.86139678955078,400488.0,,0.0,0.0696146189906772,True,,KI,H20,1.0,d14,Plate1,/Users/pmihack/claire/tmem_2026/data/cleaved_tmem_pld3_260821/d14/Z60_PLD_TMEMki/PLD3TMEM106B_Plate1_d14_TMEM561LAMP1640MAP2488DAPI405_H20_F1.nd2,10
1,8746,11,0.1926595014863937,1.7867127272727272,850.920166015625,7442148.0,0.5801921998175752,0.0472864806652069,0.4488895510542414,True,,KI,H20,3.0,d14,Plate1,/Users/pmihack/claire/tmem_2026/data/cleaved_tmem_pld3_260821/d14/Z60_PLD_TMEMki/PLD3TMEM106B_Plate1_d14_TMEM561LAMP1640MAP2488DAPI405_H20_F3.nd2,12
2,18051,20,0.0365076727051132,0.3843288,257.5946350097656,4649841.0,0.6127075116493411,0.0008540077251382,0.3560205134283998,True,,KI,H20,3.0,d14,Plate1,/Users/pmihack/claire/tmem_2026/data/cleaved_tmem_pld3_260821/d14/Z60_PLD_TMEMki/PLD3TMEM106B_Plate1_d14_TMEM561LAMP1640MAP2488DAPI405_H20_F3.nd2,12
3,13117,33,0.0592361058168788,0.2746341818181818,498.0084533691406,6532377.0,0.9764123959162064,0.0044155442155897,0.2357283583478935,True,,KI,H20,3.0,d14,Plate1,/Users/pmihack/claire/tmem_2026/data/cleaved_tmem_pld3_260821/d14/Z60_PLD_TMEMki/PLD3TMEM106B_Plate1_d14_TMEM561LAMP1640MAP2488DAPI405_H20_F3.nd2,12
4,16466,26,0.1802502125592129,1.3314904615384615,863.91943359375,14225297.0,8.431022957777682,0.013086475431919,0.3865027566350991,True,,KI,H20,3.0,d14,Plate1,/Users/pmihack/claire/tmem_2026/data/cleaved_tmem_pld3_260821/d14/Z60_PLD_TMEMki/PLD3TMEM106B_Plate1_d14_TMEM561LAMP1640MAP2488DAPI405_H20_F3.nd2,12
5,6687,4,0.0038881411694332,0.075816,100.310302734375,670775.0,0.8585477856905516,0.0001714434765744,0.3512806826618054,True,,KI,H20,3.0,d14,Plate1,/Users/pmihack/claire/tmem_2026/data/cleaved_tmem_pld3_260821/d14/Z60_PLD_TMEMki/PLD3TMEM106B_Plate1_d14_TMEM561LAMP1640MAP2488DAPI405_H20_F3.nd2,12
6,19032,17,0.1263661202185792,1.6501129411764703,565.1426391601562,10755795.0,13.744658658297304,0.3330981135368347,0.762912590616213,True,,KI,H20,3.0,d14,Plate1,/Users/pmihack/claire/tmem_2026/data/cleaved_tmem_pld3_260821/d14/Z60_PLD_TMEMki/PLD3TMEM106B_Plate1_d14_TMEM561LAMP1640MAP2488DAPI405_H20_F3.nd2,12
7,8104,2,0.0019743336623889,0.0933119999999999,74.98494720458984,607678.0,2.9427727011018607,0.0,0.3524955699158346,True,,KI,H20,3.0,d14,Plate1,/Users/pmihack/claire/tmem_2026/data/cleaved_tmem_pld3_260821/d14/Z60_PLD_TMEMki/PLD3TMEM106B_Plate1_d14_TMEM561LAMP1640MAP2488DAPI405_H20_F3.nd2,12
8,16382,3,0.0017091930167256,0.108864,147.69241333007812,2419497.0,1.109290663953659,0.0027617311570793,0.6025228527810059,True,,KI,H20,3.0,d14,Plate1,/Users/pmihack/claire/tmem_2026/data/cleaved_tmem_pld3_260821/d14/Z60_PLD_TMEMki/PLD3TMEM106B_Plate1_d14_TMEM561LAMP1640MAP2488DAPI405_H20_F3.nd2,12
1,7755,6,0.0091553836234687,0.138024,339.41290283203125,2632147.0,6.335633067454257,0.0,0.5809597206190354,True,,KI,H20,4.0,d14,Plate1,/Users/pmihack/claire/tmem_2026/data/cleaved_tmem_pld3_260821/d14/Z60_PLD_TMEMki/PLD3TMEM106B_Plate1_d14_TMEM561LAMP1640MAP2488DAPI405_H20_F4.nd2,16
2,13286,1,0.000526870389884,0.081648,84.41780853271484,1121575.0,21.75809100020721,0.0,0.4627786810939306,True,,KI,H20,4.0,d14,Plate1,/Users/pmihack/claire/tmem_2026/data/cleaved_tmem_pld3_260821/d14/Z60_PLD_TMEMki/PLD3TMEM106B_Plate1_d14_TMEM561LAMP1640MAP2488DAPI405_H20_F4.nd2,16
3,5250,0,0.0,0.0,17.359237670898438,91136.0,,0.0,0.0471439051054462,True,,KI,H20,4.0,d14,Plate1,/Users/pmihack/claire/tmem_2026/data/cleaved_tmem_pld3_260821/d14/Z60_PLD_TMEMki/PLD3TMEM106B_Plate1_d14_TMEM561LAMP1640MAP2488DAPI405_H20_F4.nd2,16
4,9472,4,0.0055954391891891,0.154548,378.4176635742187,3584372.0,0.4160983614788394,0.0001132694960688,0.1501661043934737,True,,KI,H20,4.0,d14,Plate1,/Users/pmihack/claire/tmem_2026/data/cleaved_tmem_pld3_260821/d14/Z60_PLD_TMEMki/PLD3TMEM106B_Plate1_d14_TMEM561LAMP1640MAP2488DAPI405_H20_F4.nd2,16
5,6453,0,0.0,0.0,39.54765319824219,255201.0,,0.0,-0.0436537193176779,True,,KI,H20,4.0,d14,Plate1,/Users/pmihack/claire/tmem_2026/data/cleaved_tmem_pld3_260821/d14/Z60_PLD_TMEMki/PLD3TMEM106B_Plate1_d14_TMEM561LAMP1640MAP2488DAPI405_H20_F4.nd2,16
6,16234,8,0.020081310829124,0.4753079999999999,370.05328369140625,6007445.0,0.1637262853555433,0.0,0.6161879624242238,True,,KI,H20,4.0,d14,Plate1,/Users/pmihack/claire/tmem_2026/data/cleaved_tmem_pld3_260821/d14/Z60_PLD_TMEMki/PLD3TMEM106B_Plate1_d14_TMEM561LAMP1640MAP2488DAPI405_H20_F4.nd2,16
7,17941,8,0.0111476506326291,0.2915999999999999,230.4287872314453,4134123.0,0.8020865857742056,0.0,0.5164336690043956,True,,KI,H20,4.0,d14,Plate1,/Users/pmihack/claire/tmem_2026/data/cleaved_tmem_pld3_260821/d14/Z60_PLD_TMEMki/PLD3TMEM106B_Plate1_d14_TMEM561LAMP1640MAP2488DAPI405_H20_F4.nd2,16
8,21049,15,0.0566297686350895,0.9268992,468.6400451660156,9864404.0,1.1063548663063447,0.0021794524509459,0.76966918394229,True,,KI,H20,4.0,d14,Plate1,/Users/pmihack/claire/tmem_2026/data/cleaved_tmem_pld3_260821/d14/Z60_PLD_TMEMki/PLD3TMEM106B_Plate1_d14_TMEM561LAMP1640MAP2488DAPI405_H20_F4.nd2,16
9,15616,6,0.003201844262295,0.0972,187.97463989257812,2935412.0,11.473177514401495,0.0,0.5233880343757046,True,,KI,H20,4.0,d14,Plate1,/Users/pmihack/claire/tmem_2026/data/cleaved_tmem_pld3_260821/d14/Z60_PLD_TMEMki/PLD3TMEM106B_Plate1_d14_TMEM561LAMP1640MAP2488DAPI405_H20_F4.nd2,16
10,4635,2,0.0058252427184466,0.157464,480.7214660644531,2228144.0,15.23765355243001,0.0,0.2782360843647351,True,,KI,H20,4.0,d14,Plate1,/Users/pmihack/claire/tmem_2026/data/cleaved_tmem_pld3_260821/d14/Z60_PLD_TMEMki/PLD3TMEM106B_Plate1_d14_TMEM561LAMP1640MAP2488DAPI405_H20_F4.nd2,16
11,10209,18,0.2656479576843961,1.7573759999999998,1650.8282470703125,16853306.0,11.336764207083387,0.0,0.3917314328574577,True,,KI,H20,4.0,d14,Plate1,/Users/pmihack/claire/tmem_2026/data/cleaved_tmem_pld3_260821/d14/Z60_PLD_TMEMki/PLD3TMEM106B_Plate1_d14_TMEM561LAMP1640MAP2488DAPI405_H20_F4.nd2,16
12,4952,1,0.002827140549273,0.163296,343.0076599121094,1698574.0,2.706270801615725,0.0,0.1499385630792416,True,,KI,H20,4.0,d14,Plate1,/Users/pmihack/claire/tmem_2026/data/cleaved_tmem_pld3_260821/d14/Z60_PLD_TMEMki/PLD3TMEM106B_Plate1_d14_TMEM561LAMP1640MAP2488DAPI405_H20_F4.nd2,16
1,17183,6,0.0035500203689693,0.1185839999999999,677.9288940429688,11648852.0,3.403218182841308,0.0,0.0498667260963312,True,,KO,C8,1.0,d28,Plate1,/Users/pmihack/claire/tmem_2026/data/cleaved_tmem_pld3_260821/d28/TMEM_KO/TMEMKO_Plate1_d28_TMEM561LAMP1640MAP2488DAPI405_C8_F1.nd2,9
2,10658,4,0.0021580033777444,0.0670679999999999,287.3099060058594,3062149.0,3.152548871421741,0.0,0.0161156102704097,True,,KO,C8,1.0,d28,Plate1,/Users/pmihack/claire/tmem_2026/data/cleaved_tmem_pld3_260821/d28/TMEM_KO/TMEMKO_Plate1_d28_TMEM561LAMP1640MAP2488DAPI405_C8_F1.nd2,9
3,11127,12,0.0587759503909409,0.6356879999999999,1185.135986328125,13187008.0,12.009703974751416,0.0,-0.0206108965989813,True,,KO,C8,1.0,d28,Plate1,/Users/pmihack/claire/tmem_2026/data/cleaved_tmem_pld3_260821/d28/TMEM_KO/TMEMKO_Plate1_d28_TMEM561LAMP1640MAP2488DAPI405_C8_F1.nd2,9
4,11605,14,0.0393795777682033,0.3807462857142857,1085.591064453125,12598284.0,5.039280583456998,0.0,0.1946137358421622,True,,KO,C8,1.0,d28,Plate1,/Users/pmihack/claire/tmem_2026/data/cleaved_tmem_pld3_260821/d28/TMEM_KO/TMEMKO_Plate1_d28_TMEM561LAMP1640MAP2488DAPI405_C8_F1.nd2,9
5,4336,0,0.0,0.0,361.8187255859375,1568846.0,,0.0,0.0518852748505445,True,,KO,C8,1.0,d28,Plate1,/Users/pmihack/claire/tmem_2026/data/cleaved_tmem_pld3_260821/d28/TMEM_KO/TMEMKO_Plate1_d28_TMEM561LAMP1640MAP2488DAPI405_C8_F1.nd2,9
6,7612,0,0.0,0.0,65.1048355102539,495578.0,,0.0,0.0532664369868732,True,,KO,C8,1.0,d28,Plate1,/Users/pmihack/claire/tmem_2026/data/cleaved_tmem_pld3_260821/d28/TMEM_KO/TMEMKO_Plate1_d28_TMEM561LAMP1640MAP2488DAPI405_C8_F1.nd2,9
7,13295,1,0.0009025949605114,0.1399679999999999,355.31439208984375,4723905.0,25.674870366038363,0.0,0.0330529806759311,True,,KO,C8,1.0,d28,Plate1,/Users/pmihack/claire/tmem_2026/data/cleaved_tmem_pld3_260821/d28/TMEM_KO/TMEMKO_Plate1_d28_TMEM561LAMP1640MAP2488DAPI405_C8_F1.nd2,9
8,12237,3,0.002696739396911,0.128304,235.4883575439453,2881671.0,11.691142525937076,0.0,0.0655417691444181,True,,KO,C8,1.0,d28,Plate1,/Users/pmihack/claire/tmem_2026/data/cleaved_tmem_pld3_260821/d28/TMEM_KO/TMEMKO_Plate1_d28_TMEM561LAMP1640MAP2488DAPI405_C8_F1.nd2,9
9,4698,0,0.0,0.0,124.79629516601562,586293.0,,0.0,0.116279396779642,True,,KO,C8,1.0,d28,Plate1,/Users/pmihack/claire/tmem_2026/data/cleaved_tmem_pld3_260821/d28/TMEM_KO/TMEMKO_Plate1_d28_TMEM561LAMP1640MAP2488DAPI405_C8_F1.nd2,9
10,17745,11,0.0145956607495069,0.2746341818181818,555.6509399414062,9860026.0,12.06984556702193,0.0,0.0251593526668102,True,,KO,C8,1.0,d28,Plate1,/Users/pmihack/claire/tmem_2026/data/cleaved_tmem_pld3_260821/d28/TMEM_KO/TMEMKO_Plate1_d28_TMEM561LAMP1640MAP2488DAPI405_C8_F1.nd2,9
11,6444,13,0.0266914959652389,0.1543236923076922,1232.1629638671875,7940058.0,28.5322374026273,0.0026590486522763,0.052041623503261,True,,KO,C8,1.0,d28,Plate1,/Users/pmihack/claire/tmem_2026/data/cleaved_tmem_pld3_260821/d28/TMEM_KO/TMEMKO_Plate1_d28_TMEM561LAMP1640MAP2488DAPI405_C8_F1.nd2,9
12,5350,0,0.0,0.0,133.59645080566406,714741.0,,0.0,0.0505450741198361,True,,KO,C8,1.0,d28,Plate1,/Users/pmihack/claire/tmem_2026/data/cleaved_tmem_pld3_260821/d28/TMEM_KO/TMEMKO_Plate1_d28_TMEM561LAMP1640MAP2488DAPI405_C8_F1.nd2,9
13,11559,0,0.0,0.0,52.347782135009766,605088.0,,0.0,0.0515146070128432,True,,KO,C8,1.0,d28,Plate1,/Users/pmihack/claire/tmem_2026/data/cleaved_tmem_pld3_260821/d28/TMEM_KO/TMEMKO_Plate1_d28_TMEM561LAMP1640MAP2488DAPI405_C8_F1.nd2,9
1,13026,0,0.0,0.0,54.05680847167969,704144.0,,0.0,-0.0267621245824116,True,,KO,C8,2.0,d28,Plate1,/Users/pmihack/claire/tmem_2026/data/cleaved_tmem_pld3_260821/d28/TMEM_KO/TMEMKO_Plate1_d28_TMEM561LAMP1640MAP2488DAPI405_C8_F2.nd2,9
2,2759,0,0.0,0.0,57.07212829589844,157462.0,,0.0,0.1051629096532727,True,,KO,C8,2.0,d28,Plate1,/Users/pmihack/claire/tmem_2026/data/cleaved_tmem_pld3_260821/d28/TMEM_KO/TMEMKO_Plate1_d28_TMEM561LAMP1640MAP2488DAPI405_C8_F2.nd2,9
3,3943,0,0.0,0.0,397.6335144042969,1567869.0,,0.0,0.1902224498240161,True,,KO,C8,2.0,d28,Plate1,/Users/pmihack/claire/tmem_2026/data/cleaved_tmem_pld3_260821/d28/TMEM_KO/TMEMKO_Plate1_d28_TMEM561LAMP1640MAP2488DAPI405_C8_F2.nd2,9
4,13913,0,0.0,0.0,58.96068572998047,820320.0,,0.0,0.0245969938109643,True,,KO,C8,2.0,d28,Plate1,/Users/pmihack/claire/tmem_2026/data/cleaved_tmem_pld3_260821/d28/TMEM_KO/TMEMKO_Plate1_d28_TMEM561LAMP1640MAP2488DAPI405_C8_F2.nd2,9
5,2642,0,0.0,0.0,42.499244689941406,112283.0,,0.0,-0.0086490075689286,True,,KO,C8,2.0,d28,Plate1,/Users/pmihack/claire/tmem_2026/data/cleaved_tmem_pld3_260821/d28/TMEM_KO/TMEMKO_Plate1_d28_TMEM561LAMP1640MAP2488DAPI405_C8_F2.nd2,9
1,229,0,0.0,0.0,12.200873374938965,2794.0,,0.0,0.1946145173746079,False,size_outlier,KO,C8,3.0,d28,Plate1,/Users/pmihack/claire/tmem_2026/data/cleaved_tmem_pld3_260821/d28/TMEM_KO/TMEMKO_Plate1_d28_TMEM561LAMP1640MAP2488DAPI405_C8_F3.nd2,9
2,3304,0,0.0,0.0,10.126513481140137,33458.0,,0.0,0.0179039644880772,True,,KO,C8,3.0,d28,Plate1,/Users/pmihack/claire/tmem_2026/data/cleaved_tmem_pld3_260821/d28/TMEM_KO/TMEMKO_Plate1_d28_TMEM561LAMP1640MAP2488DAPI405_C8_F3.nd2,9
3,22727,20,0.0638447661371936,0.8462231999999998,544.6070556640625,12377284.0,12.766452076835767,0.0,0.0631485467668852,True,,KO,C8,3.0,d28,Plate1,/Users/pmihack/claire/tmem_2026/data/cleaved_tmem_pld3_260821/d28/TMEM_KO/TMEMKO_Plate1_d28_TMEM561LAMP1640MAP2488DAPI405_C8_F3.nd2,9
4,13031,12,0.0133527741539406,0.1691279999999999,277.4236145019531,3615107.0,4.4828716378654105,0.0,0.1678196151742563,True,,KO,C8,3.0,d28,Plate1,/Users/pmihack/claire/tmem_2026/data/cleaved_tmem_pld3_260821/d28/TMEM_KO/TMEMKO_Plate1_d28_TMEM561LAMP1640MAP2488DAPI405_C8_F3.nd2,9
5,20324,14,0.0213540641605983,0.3615839999999999,259.4518737792969,5273100.0,11.15609648533375,0.0,0.1930035968427461,True,,KO,C8,3.0,d28,Plate1,/Users/pmihack/claire/tmem_2026/data/cleaved_tmem_pld3_260821/d28/TMEM_KO/TMEMKO_Plate1_d28_TMEM561LAMP1640MAP2488DAPI405_C8_F3.nd2,9
6,23377,38,0.0739188090858536,0.5304050526315789,708.4865112304688,16562289.0,15.767710403692144,0.0,0.0954638306267095,True,,KO,C8,3.0,d28,Plate1,/Users/pmihack/claire/tmem_2026/data/cleaved_tmem_pld3_260821/d28/TMEM_KO/TMEMKO_Plate1_d28_TMEM561LAMP1640MAP2488DAPI405_C8_F3.nd2,9
7,26238,33,0.0510328531138044,0.4732756363636363,478.2115783691406,12547315.0,9.289541844351673,0.0,0.0236481404028956,True,,KO,C8,3.0,d28,Plate1,/Users/pmihack/claire/tmem_2026/data/cleaved_tmem_pld3_260821/d28/TMEM_KO/TMEMKO_Plate1_d28_TMEM561LAMP1640MAP2488DAPI405_C8_F3.nd2,9
8,14271,9,0.032233200196202,0.59616,366.8852233886719,5235819.0,11.723735839438335,0.0,0.0690896544731289,True,,KO,C8,3.0,d28,Plate1,/Users/pmihack/claire/tmem_2026/data/cleaved_tmem_pld3_260821/d28/TMEM_KO/TMEMKO_Plate1_d28_TMEM561LAMP1640MAP2488DAPI405_C8_F3.nd2,9
9,13808,12,0.0271581691772885,0.3645,305.1499938964844,4213511.0,,0.0,0.0133960292473756,True,,KO,C8,3.0,d28,Plate1,/Users/pmihack/claire/tmem_2026/data/cleaved_tmem_pld3_260821/d28/TMEM_KO/TMEMKO_Plate1_d28_TMEM561LAMP1640MAP2488DAPI405_C8_F3.nd2,9
10,14581,7,0.0074754817913723,0.1816251428571428,213.40635681152344,3111678.0,,0.0,-0.019330925495819,True,,KO,C8,3.0,d28,Plate1,/Users/pmihack/claire/tmem_2026/data/cleaved_tmem_pld3_260821/d28/TMEM_KO/TMEMKO_Plate1_d28_TMEM561LAMP1640MAP2488DAPI405_C8_F3.nd2,9
1,6897,0,0.0,0.0,155.62911987304688,1073374.0,,0.0,0.0679936549031731,True,,KO,C8,4.0,d28,Plate1,/Users/pmihack/claire/tmem_2026/data/cleaved_tmem_pld3_260821/d28/TMEM_KO/TMEMKO_Plate1_d28_TMEM561LAMP1640MAP2488DAPI405_C8_F4.nd2,16
2,18319,0,0.0,0.0,57.62716293334961,1055672.0,,0.0,0.1111333174754878,True,,KO,C8,4.0,d28,Plate1,/Users/pmihack/claire/tmem_2026/data/cleaved_tmem_pld3_260821/d28/TMEM_KO/TMEMKO_Plate1_d28_TMEM561LAMP1640MAP2488DAPI405_C8_F4.nd2,16
3,5625,0,0.0,0.0,173.6055145263672,976531.0,,0.0,0.1719391957939651,True,,KO,C8,4.0,d28,Plate1,/Users/pmihack/claire/tmem_2026/data/cleaved_tmem_pld3_260821/d28/TMEM_KO/TMEMKO_Plate1_d28_TMEM561LAMP1640MAP2488DAPI405_C8_F4.nd2,16
4,13796,0,0.0,0.0,52.64786911010742,726330.0,,0.0,-0.0033846562409306,True,,KO,C8,4.0,d28,Plate1,/Users/pmihack/claire/tmem_2026/data/cleaved_tmem_pld3_260821/d28/TMEM_KO/TMEMKO_Plate1_d28_TMEM561LAMP1640MAP2488DAPI405_C8_F4.nd2,16
5,13181,0,0.0,0.0,43.02101516723633,567060.0,,0.0875427648425102,0.2206650514340453,True,,KO,C8,4.0,d28,Plate1,/Users/pmihack/claire/tmem_2026/data/cleaved_tmem_pld3_260821/d28/TMEM_KO/TMEMKO_Plate1_d28_TMEM561LAMP1640MAP2488DAPI405_C8_F4.nd2,16
6,7975,0,0.0,0.0,20.594858169555664,164244.0,,0.0,-0.0096875957897192,True,,KO,C8,4.0,d28,Plate1,/Users/pmihack/claire/tmem_2026/data/cleaved_tmem_pld3_260821/d28/TMEM_KO/TMEMKO_Plate1_d28_TMEM561LAMP1640MAP2488DAPI405_C8_F4.nd2,16
7,4121,0,0.0,0.0,51.14923477172851,210786.0,,0.0,0.1091941406041643,True,,KO,C8,4.0,d28,Plate1,/Users/pmihack/claire/tmem_2026/data/cleaved_tmem_pld3_260821/d28/TMEM_KO/TMEMKO_Plate1_d28_TMEM561LAMP1640MAP2488DAPI405_C8_F4.nd2,16
8,1917,0,0.0,0.0,75.09859466552734,143964.0,,0.0,-0.0067390209637686,False,size_outlier,KO,C8,4.0,d28,Plate1,/Users/pmihack/claire/tmem_2026/data/cleaved_tmem_pld3_260821/d28/TMEM_KO/TMEMKO_Plate1_d28_TMEM561LAMP1640MAP2488DAPI405_C8_F4.nd2,16
9,15334,0,0.0,0.0,95.877197265625,1470181.0,,0.0,-0.0072929113408389,True,,KO,C8,4.0,d28,Plate1,/Users/pmihack/claire/tmem_2026/data/cleaved_tmem_pld3_260821/d28/TMEM_KO/TMEMKO_Plate1_d28_TMEM561LAMP1640MAP2488DAPI405_C8_F4.nd2,16
10,12707,0,0.0,0.0,195.25584411621097,2481116.0,,0.0,-0.0657593394477781,True,,KO,C8,4.0,d28,Plate1,/Users/pmihack/claire/tmem_2026/data/cleaved_tmem_pld3_260821/d28/TMEM_KO/TMEMKO_Plate1_d28_TMEM561LAMP1640MAP2488DAPI405_C8_F4.nd2,16
11,15714,0,0.0,0.0,38.68843078613281,607950.0,,0.0115716755390167,0.0401460052580353,True,,KO,C8,4.0,d28,Plate1,/Users/pmihack/claire/tmem_2026/data/cleaved_tmem_pld3_260821/d28/TMEM_KO/TMEMKO_Plate1_d28_TMEM561LAMP1640MAP2488DAPI405_C8_F4.nd2,16
12,2320,0,0.0,0.0,72.48233032226562,168159.0,,0.0,-0.0421083941692436,False,border,KO,C8,4.0,d28,Plate1,/Users/pmihack/claire/tmem_2026/data/cleaved_tmem_pld3_260821/d28/TMEM_KO/TMEMKO_Plate1_d28_TMEM561LAMP1640MAP2488DAPI405_C8_F4.nd2,16
13,17136,3,0.0011671335200746,0.07776,190.8586578369141,3270554.0,1.6144183664897132,0.0002216749853687,0.0503190864960481,True,,KO,C8,4.0,d28,Plate1,/Users/pmihack/claire/tmem_2026/data/cleaved_tmem_pld3_260821/d28/TMEM_KO/TMEMKO_Plate1_d28_TMEM561LAMP1640MAP2488DAPI405_C8_F4.nd2,16
14,10909,0,0.0,0.0,84.01329040527344,916501.0,,0.0,-0.0046716963395139,True,,KO,C8,4.0,d28,Plate1,/Users/pmihack/claire/tmem_2026/data/cleaved_tmem_pld3_260821/d28/TMEM_KO/TMEMKO_Plate1_d28_TMEM561LAMP1640MAP2488DAPI405_C8_F4.nd2,16
15,9670,4,0.0023784901758014,0.0670679999999999,517.74072265625,5006553.0,10.848446225774127,0.0,-0.0736816242734511,True,,KO,C8,4.0,d28,Plate1,/Users/pmihack/claire/tmem_2026/data/cleaved_tmem_pld3_260821/d28/TMEM_KO/TMEMKO_Plate1_d28_TMEM561LAMP1640MAP2488DAPI405_C8_F4.nd2,16
16,12009,0,0.0,0.0,56.30177307128906,676128.0,,0.0056054475717246,0.0021857869495518,True,,KO,C8,4.0,d28,Plate1,/Users/pmihack/claire/tmem_2026/data/cleaved_tmem_pld3_260821/d28/TMEM_KO/TMEMKO_Plate1_d28_TMEM561LAMP1640MAP2488DAPI405_C8_F4.nd2,16
17,8370,0,0.0,0.0,40.74121856689453,341004.0,,0.0,-0.0568353393423373,True,,KO,C8,4.0,d28,Plate1,/Users/pmihack/claire/tmem_2026/data/cleaved_tmem_pld3_260821/d28/TMEM_KO/TMEMKO_Plate1_d28_TMEM561LAMP1640MAP2488DAPI405_C8_F4.nd2,16
18,24427,0,0.0,0.0,50.0247688293457,1221955.0,,0.0,0.1473697813787642,True,,KO,C8,4.0,d28,Plate1,/Users/pmihack/claire/tmem_2026/data/cleaved_tmem_pld3_260821/d28/TMEM_KO/TMEMKO_Plate1_d28_TMEM561LAMP1640MAP2488DAPI405_C8_F4.nd2,16
1,10577,23,0.1630897229838328,0.8747999999999999,1173.2965087890625,12409957.0,5.641598102250936,0.0,-0.0201667640155305,True,,KO,D8,1.0,d28,Plate1,/Users/pmihack/claire/tmem_2026/data/cleaved_tmem_pld3_260821/d28/TMEM_KO/TMEMKO_Plate1_d28_TMEM561LAMP1640MAP2488DAPI405_D8_F1.nd2,19
2,10044,5,0.0277777777777777,0.6508512,291.1846923828125,2924659.0,17.10314925346976,0.0011050860630348,0.0110399629669792,True,,KO,D8,1.0,d28,Plate1,/Users/pmihack/claire/tmem_2026/data/cleaved_tmem_pld3_260821/d28/TMEM_KO/TMEMKO_Plate1_d28_TMEM561LAMP1640MAP2488DAPI405_D8_F1.nd2,19
3,20121,16,0.2338849957755578,3.430674,1474.7989501953125,29674430.0,5.939240437067097,0.0,0.2796011058541495,True,,KO,D8,1.0,d28,Plate1,/Users/pmihack/claire/tmem_2026/data/cleaved_tmem_pld3_260821/d28/TMEM_KO/TMEMKO_Plate1_d28_TMEM561LAMP1640MAP2488DAPI405_D8_F1.nd2,19
4,10932,6,0.2239297475301866,4.758912,1541.2998046875,16849490.0,18.27820123984644,0.0,0.0361333567634463,True,,KO,D8,1.0,d28,Plate1,/Users/pmihack/claire/tmem_2026/data/cleaved_tmem_pld3_260821/d28/TMEM_KO/TMEMKO_Plate1_d28_TMEM561LAMP1640MAP2488DAPI405_D8_F1.nd2,19
5,11798,20,0.0709442278352263,0.4881384,664.8659057617188,7844088.0,9.063129858421265,0.0,0.1062164134389396,True,,KO,D8,1.0,d28,Plate1,/Users/pmihack/claire/tmem_2026/data/cleaved_tmem_pld3_260821/d28/TMEM_KO/TMEMKO_Plate1_d28_TMEM561LAMP1640MAP2488DAPI405_D8_F1.nd2,19
6,15605,20,0.0360781800704902,0.3283415999999999,372.972900390625,5820242.0,6.5064517991722255,0.0,0.004174095669514,True,,KO,D8,1.0,d28,Plate1,/Users/pmihack/claire/tmem_2026/data/cleaved_tmem_pld3_260821/d28/TMEM_KO/TMEMKO_Plate1_d28_TMEM561LAMP1640MAP2488DAPI405_D8_F1.nd2,19
7,12178,22,0.0725899162424043,0.4686807272727272,648.5088500976562,7897541.0,11.72516248010458,0.0002737561007961,-0.0215361939330278,True,,KO,D8,1.0,d28,Plate1,/Users/pmihack/claire/tmem_2026/data/cleaved_tmem_pld3_260821/d28/TMEM_KO/TMEMKO_Plate1_d28_TMEM561LAMP1640MAP2488DAPI405_D8_F1.nd2,19
8,10958,24,0.0527468516152582,0.2809079999999999,577.9631958007812,6333321.0,19.62994183568841,0.0,-0.0184246417495006,True,,KO,D8,1.0,d28,Plate1,/Users/pmihack/claire/tmem_2026/data/cleaved_tmem_pld3_260821/d28/TMEM_KO/TMEMKO_Plate1_d28_TMEM561LAMP1640MAP2488DAPI405_D8_F1.nd2,19
9,9765,19,0.0412698412698412,0.2473995789473684,514.8939819335938,5027940.0,12.469072166146404,0.0,0.0441602872160601,True,,KO,D8,1.0,d28,Plate1,/Users/pmihack/claire/tmem_2026/data/cleaved_tmem_pld3_260821/d28/TMEM_KO/TMEMKO_Plate1_d28_TMEM561LAMP1640MAP2488DAPI405_D8_F1.nd2,19
10,1490,0,0.0,0.0,45.51946258544922,67824.0,,0.0,0.1174746931999072,False,size_outlier,KO,D8,1.0,d28,Plate1,/Users/pmihack/claire/tmem_2026/data/cleaved_tmem_pld3_260821/d28/TMEM_KO/TMEMKO_Plate1_d28_TMEM561LAMP1640MAP2488DAPI405_D8_F1.nd2,19
11,10227,13,0.0308986017404908,0.283524923076923,502.3612060546875,5137648.0,11.376145052604976,0.0,0.0757448253463322,True,,KO,D8,1.0,d28,Plate1,/Users/pmihack/claire/tmem_2026/data/cleaved_tmem_pld3_260821/d28/TMEM_KO/TMEMKO_Plate1_d28_TMEM561LAMP1640MAP2488DAPI405_D8_F1.nd2,19
12,11743,16,0.0396832155326577,0.3397139999999999,502.5150451660156,5901034.0,7.617652279035406,0.0,0.1769540036658738,True,,KO,D8,1.0,d28,Plate1,/Users/pmihack/claire/tmem_2026/data/cleaved_tmem_pld3_260821/d28/TMEM_KO/TMEMKO_Plate1_d28_TMEM561LAMP1640MAP2488DAPI405_D8_F1.nd2,19
13,7163,5,0.0085159849225184,0.1423007999999999,245.50914001464844,1758582.0,1.894645762681691,0.0,0.0221728920601693,False,border,KO,D8,1.0,d28,Plate1,/Users/pmihack/claire/tmem_2026/data/cleaved_tmem_pld3_260821/d28/TMEM_KO/TMEMKO_Plate1_d28_TMEM561LAMP1640MAP2488DAPI405_D8_F1.nd2,19
14,11905,17,0.1078538429231415,0.8809750588235293,821.8432006835938,9784043.0,15.60352545396898,0.0,0.0592711808306786,True,,KO,D8,1.0,d28,Plate1,/Users/pmihack/claire/tmem_2026/data/cleaved_tmem_pld3_260821/d28/TMEM_KO/TMEMKO_Plate1_d28_TMEM561LAMP1640MAP2488DAPI405_D8_F1.nd2,19
15,13100,9,0.0086259541984732,0.146448,305.06207275390625,3996313.0,7.88038318877598,0.0,0.0022705573413418,True,,KO,D8,1.0,d28,Plate1,/Users/pmihack/claire/tmem_2026/data/cleaved_tmem_pld3_260821/d28/TMEM_KO/TMEMKO_Plate1_d28_TMEM561LAMP1640MAP2488DAPI405_D8_F1.nd2,19
16,17750,18,0.1031549295774647,1.186488,835.3486938476562,14827439.0,10.147835284582168,0.0,0.0797444294809757,True,,KO,D8,1.0,d28,Plate1,/Users/pmihack/claire/tmem_2026/data/cleaved_tmem_pld3_260821/d28/TMEM_KO/TMEMKO_Plate1_d28_TMEM561LAMP1640MAP2488DAPI405_D8_F1.nd2,19
17,7754,9,0.0570028372452927,0.572832,496.3930969238281,3849032.0,4.631171650387805,0.0,0.0597828239531141,True,,KO,D8,1.0,d28,Plate1,/Users/pmihack/claire/tmem_2026/data/cleaved_tmem_pld3_260821/d28/TMEM_KO/TMEMKO_Plate1_d28_TMEM561LAMP1640MAP2488DAPI405_D8_F1.nd2,19
18,12587,21,0.1673154842297608,1.1697325714285711,1331.6495361328125,16761473.0,20.739616772812504,0.0,0.1503269548717065,True,,KO,D8,1.0,d28,Plate1,/Users/pmihack/claire/tmem_2026/data/cleaved_tmem_pld3_260821/d28/TMEM_KO/TMEMKO_Plate1_d28_TMEM561LAMP1640MAP2488DAPI405_D8_F1.nd2,19
19,9398,11,0.0423494360502234,0.4220247272727272,454.6290588378906,4272604.0,8.238243969639313,0.0,0.0110965849835984,True,,KO,D8,1.0,d28,Plate1,/Users/pmihack/claire/tmem_2026/data/cleaved_tmem_pld3_260821/d28/TMEM_KO/TMEMKO_Plate1_d28_TMEM561LAMP1640MAP2488DAPI405_D8_F1.nd2,19
20,9106,8,0.0139468482319349,0.185166,304.6847229003906,2774459.0,22.740874318370953,0.0,0.1235650382232696,True,,KO,D8,1.0,d28,Plate1,/Users/pmihack/claire/tmem_2026/data/cleaved_tmem_pld3_260821/d28/TMEM_KO/TMEMKO_Plate1_d28_TMEM561LAMP1640MAP2488DAPI405_D8_F1.nd2,19
1,6691,0,0.0,0.0,12.447765350341797,83288.0,,0.0,0.0020451606417402,False,abnormal_nucleus,KO,D8,2.0,d28,Plate1,/Users/pmihack/claire/tmem_2026/data/cleaved_tmem_pld3_260821/d28/TMEM_KO/TMEMKO_Plate1_d28_TMEM561LAMP1640MAP2488DAPI405_D8_F2.nd2,13
2,8583,0,0.0,0.0,28.497495651245117,244594.0,,0.0,0.15575383561658,True,,KO,D8,2.0,d28,Plate1,/Users/pmihack/claire/tmem_2026/data/cleaved_tmem_pld3_260821/d28/TMEM_KO/TMEMKO_Plate1_d28_TMEM561LAMP1640MAP2488DAPI405_D8_F2.nd2,13
3,6086,0,0.0,0.0,133.34439086914062,811534.0,,0.0,-0.0352117863226934,True,,KO,D8,2.0,d28,Plate1,/Users/pmihack/claire/tmem_2026/data/cleaved_tmem_pld3_260821/d28/TMEM_KO/TMEMKO_Plate1_d28_TMEM561LAMP1640MAP2488DAPI405_D8_F2.nd2,13
4,12136,1,0.001318391562294,0.1866239999999999,254.8185577392578,3092478.0,0.7966337810059883,0.0,0.0238848812629273,True,,KO,D8,2.0,d28,Plate1,/Users/pmihack/claire/tmem_2026/data/cleaved_tmem_pld3_260821/d28/TMEM_KO/TMEMKO_Plate1_d28_TMEM561LAMP1640MAP2488DAPI405_D8_F2.nd2,13
5,5493,0,0.0,0.0,161.59893798828125,887663.0,,0.0,-0.0390051850935519,True,,KO,D8,2.0,d28,Plate1,/Users/pmihack/claire/tmem_2026/data/cleaved_tmem_pld3_260821/d28/TMEM_KO/TMEMKO_Plate1_d28_TMEM561LAMP1640MAP2488DAPI405_D8_F2.nd2,13
6,17173,2,0.0013975426541664,0.1399679999999999,88.23030090332031,1515179.0,4.737395030178554,0.0264028217643499,0.1681489634865993,False,abnormal_nucleus,KO,D8,2.0,d28,Plate1,/Users/pmihack/claire/tmem_2026/data/cleaved_tmem_pld3_260821/d28/TMEM_KO/TMEMKO_Plate1_d28_TMEM561LAMP1640MAP2488DAPI405_D8_F2.nd2,13
7,5656,0,0.0,0.0,138.99310302734375,786145.0,,0.0,0.0527765109464316,True,,KO,D8,2.0,d28,Plate1,/Users/pmihack/claire/tmem_2026/data/cleaved_tmem_pld3_260821/d28/TMEM_KO/TMEMKO_Plate1_d28_TMEM561LAMP1640MAP2488DAPI405_D8_F2.nd2,13
8,9938,0,0.0,0.0,72.27600860595703,718279.0,,0.0,-0.0068150602583447,True,,KO,D8,2.0,d28,Plate1,/Users/pmihack/claire/tmem_2026/data/cleaved_tmem_pld3_260821/d28/TMEM_KO/TMEMKO_Plate1_d28_TMEM561LAMP1640MAP2488DAPI405_D8_F2.nd2,13
9,10119,0,0.0,0.0,159.28045654296875,1611759.0,,0.0,-0.0147611235030829,True,,KO,D8,2.0,d28,Plate1,/Users/pmihack/claire/tmem_2026/data/cleaved_tmem_pld3_260821/d28/TMEM_KO/TMEMKO_Plate1_d28_TMEM561LAMP1640MAP2488DAPI405_D8_F2.nd2,13
10,13283,1,0.0007528419784687,0.11664,283.5286560058594,3766111.0,7.790494019419822,0.0,-0.0421869433819958,True,,KO,D8,2.0,d28,Plate1,/Users/pmihack/claire/tmem_2026/data/cleaved_tmem_pld3_260821/d28/TMEM_KO/TMEMKO_Plate1_d28_TMEM561LAMP1640MAP2488DAPI405_D8_F2.nd2,13
11,17740,0,0.0,0.0,118.46759033203124,2101615.0,,0.0,0.2082885319488552,True,,KO,D8,2.0,d28,Plate1,/Users/pmihack/claire/tmem_2026/data/cleaved_tmem_pld3_260821/d28/TMEM_KO/TMEMKO_Plate1_d28_TMEM561LAMP1640MAP2488DAPI405_D8_F2.nd2,13
12,20040,0,0.0,0.0,92.2637710571289,1848966.0,,0.0,0.0444703613507289,False,border,KO,D8,2.0,d28,Plate1,/Users/pmihack/claire/tmem_2026/data/cleaved_tmem_pld3_260821/d28/TMEM_KO/TMEMKO_Plate1_d28_TMEM561LAMP1640MAP2488DAPI405_D8_F2.nd2,13
13,5230,5,0.0250478011472275,0.3055967999999999,801.1956176757812,4190253.0,41.195551931806584,0.0,0.0090168740393343,True,,KO,D8,2.0,d28,Plate1,/Users/pmihack/claire/tmem_2026/data/cleaved_tmem_pld3_260821/d28/TMEM_KO/TMEMKO_Plate1_d28_TMEM561LAMP1640MAP2488DAPI405_D8_F2.nd2,13
1,25051,0,0.0,0.0,76.23444366455078,1909749.0,,0.0,0.0292925269470702,True,,KO,D8,3.0,d28,Plate1,/Users/pmihack/claire/tmem_2026/data/cleaved_tmem_pld3_260821/d28/TMEM_KO/TMEMKO_Plate1_d28_TMEM561LAMP1640MAP2488DAPI405_D8_F3.nd2,10
2,14178,0,0.0,0.0,75.94096374511719,1076691.0,,0.0,-0.0125298296412947,True,,KO,D8,3.0,d28,Plate1,/Users/pmihack/claire/tmem_2026/data/cleaved_tmem_pld3_260821/d28/TMEM_KO/TMEMKO_Plate1_d28_TMEM561LAMP1640MAP2488DAPI405_D8_F3.nd2,10
3,8029,0,0.0,0.0,217.0470733642578,1742671.0,,0.0,-0.055663829309468,True,,KO,D8,3.0,d28,Plate1,/Users/pmihack/claire/tmem_2026/data/cleaved_tmem_pld3_260821/d28/TMEM_KO/TMEMKO_Plate1_d28_TMEM561LAMP1640MAP2488DAPI405_D8_F3.nd2,10
4,13470,1,0.0014105419450631,0.2216159999999999,89.91967010498047,1211218.0,12.732011664278245,0.0,0.0031512237660574,True,,KO,D8,3.0,d28,Plate1,/Users/pmihack/claire/tmem_2026/data/cleaved_tmem_pld3_260821/d28/TMEM_KO/TMEMKO_Plate1_d28_TMEM561LAMP1640MAP2488DAPI405_D8_F3.nd2,10
5,11605,0,0.0,0.0,104.17432403564452,1208943.0,,0.0,-0.0273571264502552,True,,KO,D8,3.0,d28,Plate1,/Users/pmihack/claire/tmem_2026/data/cleaved_tmem_pld3_260821/d28/TMEM_KO/TMEMKO_Plate1_d28_TMEM561LAMP1640MAP2488DAPI405_D8_F3.nd2,10
6,13527,0,0.0,0.0,82.59052276611328,1117202.0,,0.0,-0.0195816401003691,True,,KO,D8,3.0,d28,Plate1,/Users/pmihack/claire/tmem_2026/data/cleaved_tmem_pld3_260821/d28/TMEM_KO/TMEMKO_Plate1_d28_TMEM561LAMP1640MAP2488DAPI405_D8_F3.nd2,10
7,23396,0,0.0,0.0,252.3947296142578,5905027.0,,0.0,-0.0297665022359131,True,,KO,D8,3.0,d28,Plate1,/Users/pmihack/claire/tmem_2026/data/cleaved_tmem_pld3_260821/d28/TMEM_KO/TMEMKO_Plate1_d28_TMEM561LAMP1640MAP2488DAPI405_D8_F3.nd2,10
8,11528,0,0.0,0.0,177.97389221191406,2051683.0,,0.0,0.0106664727529263,True,,KO,D8,3.0,d28,Plate1,/Users/pmihack/claire/tmem_2026/data/cleaved_tmem_pld3_260821/d28/TMEM_KO/TMEMKO_Plate1_d28_TMEM561LAMP1640MAP2488DAPI405_D8_F3.nd2,10
9,11739,3,0.0027259562143283,0.1244159999999999,447.1494140625,5249087.0,24.481325076508963,0.0,0.1021399454434914,True,,KO,D8,3.0,d28,Plate1,/Users/pmihack/claire/tmem_2026/data/cleaved_tmem_pld3_260821/d28/TMEM_KO/TMEMKO_Plate1_d28_TMEM561LAMP1640MAP2488DAPI405_D8_F3.nd2,10
1,8107,28,0.0983101023806587,0.3320074285714285,1318.4613037109375,10688766.0,11.378324380537748,0.0,0.0614010558126149,True,,KO,D8,4.0,d28,Plate1,/Users/pmihack/claire/tmem_2026/data/cleaved_tmem_pld3_260821/d28/TMEM_KO/TMEMKO_Plate1_d28_TMEM561LAMP1640MAP2488DAPI405_D8_F4.nd2,23
2,30460,33,0.0315824031516743,0.3400232727272727,484.63177490234375,14761884.0,5.0018891688302265,0.0,0.0046022048246209,True,,KO,D8,4.0,d28,Plate1,/Users/pmihack/claire/tmem_2026/data/cleaved_tmem_pld3_260821/d28/TMEM_KO/TMEMKO_Plate1_d28_TMEM561LAMP1640MAP2488DAPI405_D8_F4.nd2,23
3,6848,9,0.0188376168224299,0.167184,630.4296264648438,4317182.0,12.590895389771154,0.0,0.2374215868731646,True,,KO,D8,4.0,d28,Plate1,/Users/pmihack/claire/tmem_2026/data/cleaved_tmem_pld3_260821/d28/TMEM_KO/TMEMKO_Plate1_d28_TMEM561LAMP1640MAP2488DAPI405_D8_F4.nd2,23
4,12590,19,0.0837172359015091,0.6470450526315789,838.1119995117188,10551830.0,8.8541916341566,0.0,-0.0506394730750138,True,,KO,D8,4.0,d28,Plate1,/Users/pmihack/claire/tmem_2026/data/cleaved_tmem_pld3_260821/d28/TMEM_KO/TMEMKO_Plate1_d28_TMEM561LAMP1640MAP2488DAPI405_D8_F4.nd2,23
5,15184,23,0.175777133825079,1.3535311304347826,1260.93994140625,19146112.0,7.081102112517413,0.0,0.0597997196899289,True,,KO,D8,4.0,d28,Plate1,/Users/pmihack/claire/tmem_2026/data/cleaved_tmem_pld3_260821/d28/TMEM_KO/TMEMKO_Plate1_d28_TMEM561LAMP1640MAP2488DAPI405_D8_F4.nd2,23
6,14857,14,0.0127212761661169,0.157464,344.5812683105469,5119444.0,9.144166273185387,0.0,0.0625333472654608,True,,KO,D8,4.0,d28,Plate1,/Users/pmihack/claire/tmem_2026/data/cleaved_tmem_pld3_260821/d28/TMEM_KO/TMEMKO_Plate1_d28_TMEM561LAMP1640MAP2488DAPI405_D8_F4.nd2,23
7,9899,24,0.0617234064046873,0.296946,677.5352783203125,6706922.0,13.425665632342136,0.0,0.1625290788352678,True,,KO,D8,4.0,d28,Plate1,/Users/pmihack/claire/tmem_2026/data/cleaved_tmem_pld3_260821/d28/TMEM_KO/TMEMKO_Plate1_d28_TMEM561LAMP1640MAP2488DAPI405_D8_F4.nd2,23
8,14300,18,0.0269230769230769,0.2494799999999999,507.1736450195313,7252583.0,8.057740991138562,0.0,0.0759038343631061,True,,KO,D8,4.0,d28,Plate1,/Users/pmihack/claire/tmem_2026/data/cleaved_tmem_pld3_260821/d28/TMEM_KO/TMEMKO_Plate1_d28_TMEM561LAMP1640MAP2488DAPI405_D8_F4.nd2,23
9,8288,8,0.0244932432432432,0.2959739999999999,354.8756103515625,2941209.0,8.902311168049234,0.0,-0.0159042064573265,True,,KO,D8,4.0,d28,Plate1,/Users/pmihack/claire/tmem_2026/data/cleaved_tmem_pld3_260821/d28/TMEM_KO/TMEMKO_Plate1_d28_TMEM561LAMP1640MAP2488DAPI405_D8_F4.nd2,23
10,10104,37,0.120744259699129,0.3845967567567567,1194.4847412109375,12069074.0,11.169915665534392,0.0,0.0134534842125392,True,,KO,D8,4.0,d28,Plate1,/Users/pmihack/claire/tmem_2026/data/cleaved_tmem_pld3_260821/d28/TMEM_KO/TMEMKO_Plate1_d28_TMEM561LAMP1640MAP2488DAPI405_D8_F4.nd2,23
11,1985,0,0.0,0.0,13.10428237915039,26012.0,,0.0,-0.0805565813182641,False,size_outlier,KO,D8,4.0,d28,Plate1,/Users/pmihack/claire/tmem_2026/data/cleaved_tmem_pld3_260821/d28/TMEM_KO/TMEMKO_Plate1_d28_TMEM561LAMP1640MAP2488DAPI405_D8_F4.nd2,23
12,17083,38,0.1102850787332435,0.5782888421052631,957.507568359375,16357102.0,6.594633949414193,0.0,0.0885319377326945,True,,KO,D8,4.0,d28,Plate1,/Users/pmihack/claire/tmem_2026/data/cleaved_tmem_pld3_260821/d28/TMEM_KO/TMEMKO_Plate1_d28_TMEM561LAMP1640MAP2488DAPI405_D8_F4.nd2,23
13,5591,14,0.0482918976927204,0.2249485714285714,757.0997924804688,4232945.0,22.68406064006768,0.0,0.1012140099558166,True,,KO,D8,4.0,d28,Plate1,/Users/pmihack/claire/tmem_2026/data/cleaved_tmem_pld3_260821/d28/TMEM_KO/TMEMKO_Plate1_d28_TMEM561LAMP1640MAP2488DAPI405_D8_F4.nd2,23
14,16390,11,0.0082977425259304,0.1442094545454545,286.31201171875,4692654.0,13.98537042525627,0.0,0.0837963626153813,True,,KO,D8,4.0,d28,Plate1,/Users/pmihack/claire/tmem_2026/data/cleaved_tmem_pld3_260821/d28/TMEM_KO/TMEMKO_Plate1_d28_TMEM561LAMP1640MAP2488DAPI405_D8_F4.nd2,23
15,6891,6,0.0153823828181686,0.206064,555.9168701171875,3830823.0,26.620396164103187,0.0,0.0191135846036007,True,,KO,D8,4.0,d28,Plate1,/Users/pmihack/claire/tmem_2026/data/cleaved_tmem_pld3_260821/d28/TMEM_KO/TMEMKO_Plate1_d28_TMEM561LAMP1640MAP2488DAPI405_D8_F4.nd2,23
16,12564,9,0.0327921044253422,0.533952,518.021484375,6508422.0,20.405253120392015,0.0,-0.003573489844992,True,,KO,D8,4.0,d28,Plate1,/Users/pmihack/claire/tmem_2026/data/cleaved_tmem_pld3_260821/d28/TMEM_KO/TMEMKO_Plate1_d28_TMEM561LAMP1640MAP2488DAPI405_D8_F4.nd2,23
1,16709,0,0.0,0.0,147.66616821289062,2467354.0,,0.0,0.0491756698875862,True,,KO,E8,1.0,d28,Plate1,/Users/pmihack/claire/tmem_2026/data/cleaved_tmem_pld3_260821/d28/TMEM_KO/TMEMKO_Plate1_d28_TMEM561LAMP1640MAP2488DAPI405_E8_F1.nd2,15
2,2313,0,0.0,0.0,164.0782470703125,379513.0,,0.0,0.2574896034797663,True,,KO,E8,1.0,d28,Plate1,/Users/pmihack/claire/tmem_2026/data/cleaved_tmem_pld3_260821/d28/TMEM_KO/TMEMKO_Plate1_d28_TMEM561LAMP1640MAP2488DAPI405_E8_F1.nd2,15
3,13300,0,0.0,0.0,690.7614135742188,9187127.0,,0.0,0.0966076412702311,True,,KO,E8,1.0,d28,Plate1,/Users/pmihack/claire/tmem_2026/data/cleaved_tmem_pld3_260821/d28/TMEM_KO/TMEMKO_Plate1_d28_TMEM561LAMP1640MAP2488DAPI405_E8_F1.nd2,15
4,3991,0,0.0,0.0,533.3876342773438,2128750.0,,0.0,0.079953163900934,True,,KO,E8,1.0,d28,Plate1,/Users/pmihack/claire/tmem_2026/data/cleaved_tmem_pld3_260821/d28/TMEM_KO/TMEMKO_Plate1_d28_TMEM561LAMP1640MAP2488DAPI405_E8_F1.nd2,15
5,12252,0,0.0,0.0,411.3149719238281,5039431.0,,0.0,-0.0226102281864813,True,,KO,E8,1.0,d28,Plate1,/Users/pmihack/claire/tmem_2026/data/cleaved_tmem_pld3_260821/d28/TMEM_KO/TMEMKO_Plate1_d28_TMEM561LAMP1640MAP2488DAPI405_E8_F1.nd2,15
6,4473,0,0.0,0.0,184.96400451660156,827344.0,,0.0,-0.0332175496499843,True,,KO,E8,1.0,d28,Plate1,/Users/pmihack/claire/tmem_2026/data/cleaved_tmem_pld3_260821/d28/TMEM_KO/TMEMKO_Plate1_d28_TMEM561LAMP1640MAP2488DAPI405_E8_F1.nd2,15
7,7735,1,0.0006464124111182,0.05832,270.96624755859375,2095924.0,4.9864951140378535,0.0,0.0626554027705501,True,,KO,E8,1.0,d28,Plate1,/Users/pmihack/claire/tmem_2026/data/cleaved_tmem_pld3_260821/d28/TMEM_KO/TMEMKO_Plate1_d28_TMEM561LAMP1640MAP2488DAPI405_E8_F1.nd2,15
8,5517,0,0.0,0.0,257.6842346191406,1421644.0,,0.0,0.2209264312277346,True,,KO,E8,1.0,d28,Plate1,/Users/pmihack/claire/tmem_2026/data/cleaved_tmem_pld3_260821/d28/TMEM_KO/TMEMKO_Plate1_d28_TMEM561LAMP1640MAP2488DAPI405_E8_F1.nd2,15
9,8180,0,0.0,0.0,146.12200927734375,1195278.0,,0.0,0.0923720949131918,True,,KO,E8,1.0,d28,Plate1,/Users/pmihack/claire/tmem_2026/data/cleaved_tmem_pld3_260821/d28/TMEM_KO/TMEMKO_Plate1_d28_TMEM561LAMP1640MAP2488DAPI405_E8_F1.nd2,15
10,14103,1,0.0003545344962064,0.05832,344.6527099609375,4860637.0,8.933457947044722,0.0,0.0383109617552704,True,,KO,E8,1.0,d28,Plate1,/Users/pmihack/claire/tmem_2026/data/cleaved_tmem_pld3_260821/d28/TMEM_KO/TMEMKO_Plate1_d28_TMEM561LAMP1640MAP2488DAPI405_E8_F1.nd2,15
11,9141,0,0.0,0.0,157.9995574951172,1444274.0,,0.0,0.0030661913122434,True,,KO,E8,1.0,d28,Plate1,/Users/pmihack/claire/tmem_2026/data/cleaved_tmem_pld3_260821/d28/TMEM_KO/TMEMKO_Plate1_d28_TMEM561LAMP1640MAP2488DAPI405_E8_F1.nd2,15
12,1897,0,0.0,0.0,415.0089721679687,787272.0,,0.0,0.0414218454836209,False,size_outlier,KO,E8,1.0,d28,Plate1,/Users/pmihack/claire/tmem_2026/data/cleaved_tmem_pld3_260821/d28/TMEM_KO/TMEMKO_Plate1_d28_TMEM561LAMP1640MAP2488DAPI405_E8_F1.nd2,15
13,14922,0,0.0,0.0,209.9090576171875,3132263.0,,0.0,-0.010019087128329,True,,KO,E8,1.0,d28,Plate1,/Users/pmihack/claire/tmem_2026/data/cleaved_tmem_pld3_260821/d28/TMEM_KO/TMEMKO_Plate1_d28_TMEM561LAMP1640MAP2488DAPI405_E8_F1.nd2,15
14,22132,0,0.0,0.0,52.077579498291016,1152581.0,,0.0,0.0280297028024051,True,,KO,E8,1.0,d28,Plate1,/Users/pmihack/claire/tmem_2026/data/cleaved_tmem_pld3_260821/d28/TMEM_KO/TMEMKO_Plate1_d28_TMEM561LAMP1640MAP2488DAPI405_E8_F1.nd2,15
15,1876,0,0.0,0.0,58.51226043701172,109769.0,,0.0,-0.1143779194410302,False,size_outlier,KO,E8,1.0,d28,Plate1,/Users/pmihack/claire/tmem_2026/data/cleaved_tmem_pld3_260821/d28/TMEM_KO/TMEMKO_Plate1_d28_TMEM561LAMP1640MAP2488DAPI405_E8_F1.nd2,15
16,1710,0,0.0,0.0,20.77485466003418,35525.0,,0.0,0.0975234128575047,False,size_outlier,KO,E8,1.0,d28,Plate1,/Users/pmihack/claire/tmem_2026/data/cleaved_tmem_pld3_260821/d28/TMEM_KO/TMEMKO_Plate1_d28_TMEM561LAMP1640MAP2488DAPI405_E8_F1.nd2,15
1,349,0,0.0,0.0,38.98280715942383,13605.0,,0.0,0.1110398162876059,False,size_outlier,KO,F8,1.0,d28,Plate1,/Users/pmihack/claire/tmem_2026/data/cleaved_tmem_pld3_260821/d28/TMEM_KO/TMEMKO_Plate1_d28_TMEM561LAMP1640MAP2488DAPI405_F8_F1.nd2,12
2,287,0,0.0,0.0,18.508710861206055,5312.0,,0.0,-0.2812947788071631,False,size_outlier,KO,F8,1.0,d28,Plate1,/Users/pmihack/claire/tmem_2026/data/cleaved_tmem_pld3_260821/d28/TMEM_KO/TMEMKO_Plate1_d28_TMEM561LAMP1640MAP2488DAPI405_F8_F1.nd2,12
3,159,0,0.0,0.0,3.389937162399292,539.0,,0.0,0.2278358416817346,False,size_outlier,KO,F8,1.0,d28,Plate1,/Users/pmihack/claire/tmem_2026/data/cleaved_tmem_pld3_260821/d28/TMEM_KO/TMEMKO_Plate1_d28_TMEM561LAMP1640MAP2488DAPI405_F8_F1.nd2,12
4,21486,16,0.0282509541096527,0.442503,920.5970458984376,19779948.0,1.9103476673065896,4.398393684823532e-06,-0.0139690159658856,True,,KO,F8,1.0,d28,Plate1,/Users/pmihack/claire/tmem_2026/data/cleaved_tmem_pld3_260821/d28/TMEM_KO/TMEMKO_Plate1_d28_TMEM561LAMP1640MAP2488DAPI405_F8_F1.nd2,12
5,7230,3,0.0076071922544951,0.2138399999999999,1213.8194580078125,8775915.0,18.030456592519467,0.0,-0.0015005158656656,False,border,KO,F8,1.0,d28,Plate1,/Users/pmihack/claire/tmem_2026/data/cleaved_tmem_pld3_260821/d28/TMEM_KO/TMEMKO_Plate1_d28_TMEM561LAMP1640MAP2488DAPI405_F8_F1.nd2,12
6,8455,1,0.000709639266706,0.0699839999999999,113.07463073730467,956046.0,23.47355381750196,0.0,0.0033893840878596,True,,KO,F8,1.0,d28,Plate1,/Users/pmihack/claire/tmem_2026/data/cleaved_tmem_pld3_260821/d28/TMEM_KO/TMEMKO_Plate1_d28_TMEM561LAMP1640MAP2488DAPI405_F8_F1.nd2,12
7,6255,4,0.0137490007993605,0.250776,344.9565124511719,2157703.0,15.334726943808487,0.0,0.1260185590668694,True,,KO,F8,1.0,d28,Plate1,/Users/pmihack/claire/tmem_2026/data/cleaved_tmem_pld3_260821/d28/TMEM_KO/TMEMKO_Plate1_d28_TMEM561LAMP1640MAP2488DAPI405_F8_F1.nd2,12
8,13636,3,0.0048401290701085,0.256608,570.2963256835938,7776561.0,20.965999151799316,0.0,0.1152420150873776,True,,KO,F8,1.0,d28,Plate1,/Users/pmihack/claire/tmem_2026/data/cleaved_tmem_pld3_260821/d28/TMEM_KO/TMEMKO_Plate1_d28_TMEM561LAMP1640MAP2488DAPI405_F8_F1.nd2,12
9,8329,2,0.0033617481090166,0.163296,348.96771240234375,2906552.0,30.192143803288324,0.0,0.0191317125735212,True,,KO,F8,1.0,d28,Plate1,/Users/pmihack/claire/tmem_2026/data/cleaved_tmem_pld3_260821/d28/TMEM_KO/TMEMKO_Plate1_d28_TMEM561LAMP1640MAP2488DAPI405_F8_F1.nd2,12
10,4257,0,0.0,0.0,31.09795570373535,132384.0,,0.0,0.1419292829725844,True,,KO,F8,1.0,d28,Plate1,/Users/pmihack/claire/tmem_2026/data/cleaved_tmem_pld3_260821/d28/TMEM_KO/TMEMKO_Plate1_d28_TMEM561LAMP1640MAP2488DAPI405_F8_F1.nd2,12
11,11572,2,0.0044936052540615,0.303264,566.7129516601562,6558002.0,0.8400387553708554,0.0,0.1156649906951964,True,,KO,F8,1.0,d28,Plate1,/Users/pmihack/claire/tmem_2026/data/cleaved_tmem_pld3_260821/d28/TMEM_KO/TMEMKO_Plate1_d28_TMEM561LAMP1640MAP2488DAPI405_F8_F1.nd2,12
12,15589,0,0.0,0.0,484.3738403320313,7550904.0,,3.483026739559136e-05,-0.0144805384491077,True,,KO,F8,1.0,d28,Plate1,/Users/pmihack/claire/tmem_2026/data/cleaved_tmem_pld3_260821/d28/TMEM_KO/TMEMKO_Plate1_d28_TMEM561LAMP1640MAP2488DAPI405_F8_F1.nd2,12
13,16043,0,0.0,0.0,77.29645538330078,1240067.0,,0.0,0.0033293469447133,True,,KO,F8,1.0,d28,Plate1,/Users/pmihack/claire/tmem_2026/data/cleaved_tmem_pld3_260821/d28/TMEM_KO/TMEMKO_Plate1_d28_TMEM561LAMP1640MAP2488DAPI405_F8_F1.nd2,12
14,17334,0,0.0,0.0,109.63240051269533,1900368.0,,0.0,0.01246815905668,True,,KO,F8,1.0,d28,Plate1,/Users/pmihack/claire/tmem_2026/data/cleaved_tmem_pld3_260821/d28/TMEM_KO/TMEMKO_Plate1_d28_TMEM561LAMP1640MAP2488DAPI405_F8_F1.nd2,12
15,2591,0,0.0,0.0,23.543418884277344,61001.0,,0.0,0.1217321212269411,True,,KO,F8,1.0,d28,Plate1,/Users/pmihack/claire/tmem_2026/data/cleaved_tmem_pld3_260821/d28/TMEM_KO/TMEMKO_Plate1_d28_TMEM561LAMP1640MAP2488DAPI405_F8_F1.nd2,12
16,6058,0,0.0,0.0,257.5087585449219,1559988.0,,0.0,0.0186651635085314,True,,KO,F8,1.0,d28,Plate1,/Users/pmihack/claire/tmem_2026/data/cleaved_tmem_pld3_260821/d28/TMEM_KO/TMEMKO_Plate1_d28_TMEM561LAMP1640MAP2488DAPI405_F8_F1.nd2,12
1,771,0,0.0,0.0,77.66796112060547,59882.0,,0.0,-0.0702086821841784,False,size_outlier,KO,F8,2.0,d28,Plate1,/Users/pmihack/claire/tmem_2026/data/cleaved_tmem_pld3_260821/d28/TMEM_KO/TMEMKO_Plate1_d28_TMEM561LAMP1640MAP2488DAPI405_F8_F2.nd2,13
2,14127,2,0.0010617965597791,0.0874799999999999,774.5906982421875,10942643.0,20.302210762797927,0.0,0.0488502928628735,True,,KO,F8,2.0,d28,Plate1,/Users/pmihack/claire/tmem_2026/data/cleaved_tmem_pld3_260821/d28/TMEM_KO/TMEMKO_Plate1_d28_TMEM561LAMP1640MAP2488DAPI405_F8_F2.nd2,13
3,13203,2,0.0099219874270999,0.7639919999999999,369.8108825683594,4882613.0,8.53947585647984,0.0,0.1837541164961092,True,,KO,F8,2.0,d28,Plate1,/Users/pmihack/claire/tmem_2026/data/cleaved_tmem_pld3_260821/d28/TMEM_KO/TMEMKO_Plate1_d28_TMEM561LAMP1640MAP2488DAPI405_F8_F2.nd2,13
4,15227,13,0.010047941157155,0.1372763076923077,1262.7918701171875,19228532.0,4.551469892149869,0.0001466570683987,-0.001342123865045,True,,KO,F8,2.0,d28,Plate1,/Users/pmihack/claire/tmem_2026/data/cleaved_tmem_pld3_260821/d28/TMEM_KO/TMEMKO_Plate1_d28_TMEM561LAMP1640MAP2488DAPI405_F8_F2.nd2,13
5,10706,1,0.0005604334018307,0.0699839999999999,310.6860656738281,3326205.0,5.9035711105489,0.0,-0.0024689028766202,True,,KO,F8,2.0,d28,Plate1,/Users/pmihack/claire/tmem_2026/data/cleaved_tmem_pld3_260821/d28/TMEM_KO/TMEMKO_Plate1_d28_TMEM561LAMP1640MAP2488DAPI405_F8_F2.nd2,13
6,17890,0,0.0,0.0,149.16958618164062,2668644.0,,0.0,0.0923135548962708,True,,KO,F8,2.0,d28,Plate1,/Users/pmihack/claire/tmem_2026/data/cleaved_tmem_pld3_260821/d28/TMEM_KO/TMEMKO_Plate1_d28_TMEM561LAMP1640MAP2488DAPI405_F8_F2.nd2,13
7,6307,0,0.0,0.0,136.2639923095703,859417.0,,0.0,0.0320062864158197,True,,KO,F8,2.0,d28,Plate1,/Users/pmihack/claire/tmem_2026/data/cleaved_tmem_pld3_260821/d28/TMEM_KO/TMEMKO_Plate1_d28_TMEM561LAMP1640MAP2488DAPI405_F8_F2.nd2,13
8,11335,0,0.0,0.0,172.87525939941406,1959541.0,,0.0,0.1394278005192291,False,border,KO,F8,2.0,d28,Plate1,/Users/pmihack/claire/tmem_2026/data/cleaved_tmem_pld3_260821/d28/TMEM_KO/TMEMKO_Plate1_d28_TMEM561LAMP1640MAP2488DAPI405_F8_F2.nd2,13
9,8380,1,0.0004773269689737,0.0466559999999999,1043.771240234375,8746803.0,16.378629902665732,0.0,-0.028986004587039,True,,KO,F8,2.0,d28,Plate1,/Users/pmihack/claire/tmem_2026/data/cleaved_tmem_pld3_260821/d28/TMEM_KO/TMEMKO_Plate1_d28_TMEM561LAMP1640MAP2488DAPI405_F8_F2.nd2,13
10,11912,1,0.0005876427132303,0.081648,273.35528564453125,3256208.0,6.345633532878131,0.0,0.0701542228154628,True,,KO,F8,2.0,d28,Plate1,/Users/pmihack/claire/tmem_2026/data/cleaved_tmem_pld3_260821/d28/TMEM_KO/TMEMKO_Plate1_d28_TMEM561LAMP1640MAP2488DAPI405_F8_F2.nd2,13
11,10178,0,0.0,0.0,165.6611328125,1686099.0,,0.0,-0.000741646554419,True,,KO,F8,2.0,d28,Plate1,/Users/pmihack/claire/tmem_2026/data/cleaved_tmem_pld3_260821/d28/TMEM_KO/TMEMKO_Plate1_d28_TMEM561LAMP1640MAP2488DAPI405_F8_F2.nd2,13
12,2177,0,0.0,0.0,94.55030059814452,205836.0,,0.0,0.0328839470895267,True,,KO,F8,2.0,d28,Plate1,/Users/pmihack/claire/tmem_2026/data/cleaved_tmem_pld3_260821/d28/TMEM_KO/TMEMKO_Plate1_d28_TMEM561LAMP1640MAP2488DAPI405_F8_F2.nd2,13
13,13242,0,0.0,0.0,80.10224914550781,1060714.0,,0.0,0.0658822297462745,True,,KO,F8,2.0,d28,Plate1,/Users/pmihack/claire/tmem_2026/data/cleaved_tmem_pld3_260821/d28/TMEM_KO/TMEMKO_Plate1_d28_TMEM561LAMP1640MAP2488DAPI405_F8_F2.nd2,13
14,10243,0,0.0,0.0,233.4347381591797,2391072.0,,0.0,-0.0232865179143182,True,,KO,F8,2.0,d28,Plate1,/Users/pmihack/claire/tmem_2026/data/cleaved_tmem_pld3_260821/d28/TMEM_KO/TMEMKO_Plate1_d28_TMEM561LAMP1640MAP2488DAPI405_F8_F2.nd2,13
15,6986,0,0.0,0.0,94.6842269897461,661464.0,,0.0,0.0191077467196074,True,,KO,F8,2.0,d28,Plate1,/Users/pmihack/claire/tmem_2026/data/cleaved_tmem_pld3_260821/d28/TMEM_KO/TMEMKO_Plate1_d28_TMEM561LAMP1640MAP2488DAPI405_F8_F2.nd2,13
1,10310,0,0.0,0.0,168.41232299804688,1736331.0,,0.0,0.118042174216042,True,,KO,F8,3.0,d28,Plate1,/Users/pmihack/claire/tmem_2026/data/cleaved_tmem_pld3_260821/d28/TMEM_KO/TMEMKO_Plate1_d28_TMEM561LAMP1640MAP2488DAPI405_F8_F3.nd2,10
2,12454,0,0.0,0.0,146.7009735107422,1827014.0,,0.0,0.0500401836832726,True,,KO,F8,3.0,d28,Plate1,/Users/pmihack/claire/tmem_2026/data/cleaved_tmem_pld3_260821/d28/TMEM_KO/TMEMKO_Plate1_d28_TMEM561LAMP1640MAP2488DAPI405_F8_F3.nd2,10
3,2748,0,0.0,0.0,85.75254821777344,235648.0,,0.0,0.0680423478995381,True,,KO,F8,3.0,d28,Plate1,/Users/pmihack/claire/tmem_2026/data/cleaved_tmem_pld3_260821/d28/TMEM_KO/TMEMKO_Plate1_d28_TMEM561LAMP1640MAP2488DAPI405_F8_F3.nd2,10
4,3874,0,0.0,0.0,57.21734619140625,221660.0,,0.0,0.0379713756556439,True,,KO,F8,3.0,d28,Plate1,/Users/pmihack/claire/tmem_2026/data/cleaved_tmem_pld3_260821/d28/TMEM_KO/TMEMKO_Plate1_d28_TMEM561LAMP1640MAP2488DAPI405_F8_F3.nd2,10
5,11600,1,0.0010344827586206,0.1399679999999999,110.02017211914062,1276234.0,11.789335935377586,0.0,0.1309692523779113,True,,KO,F8,3.0,d28,Plate1,/Users/pmihack/claire/tmem_2026/data/cleaved_tmem_pld3_260821/d28/TMEM_KO/TMEMKO_Plate1_d28_TMEM561LAMP1640MAP2488DAPI405_F8_F3.nd2,10
6,16655,2,0.0001200840588411,0.0116639999999999,99.73707580566406,1661121.0,10.279389930864786,0.0,0.0573606051854173,True,,KO,F8,3.0,d28,Plate1,/Users/pmihack/claire/tmem_2026/data/cleaved_tmem_pld3_260821/d28/TMEM_KO/TMEMKO_Plate1_d28_TMEM561LAMP1640MAP2488DAPI405_F8_F3.nd2,10
7,11547,1,0.0019918593574088,0.2682719999999999,94.74712371826172,1094045.0,16.533603757331736,0.0,0.0526525220225434,True,,KO,F8,3.0,d28,Plate1,/Users/pmihack/claire/tmem_2026/data/cleaved_tmem_pld3_260821/d28/TMEM_KO/TMEMKO_Plate1_d28_TMEM561LAMP1640MAP2488DAPI405_F8_F3.nd2,10
8,17577,0,0.0,0.0,70.88394165039062,1245927.0,,0.0,-0.0344460989862506,True,,KO,F8,3.0,d28,Plate1,/Users/pmihack/claire/tmem_2026/data/cleaved_tmem_pld3_260821/d28/TMEM_KO/TMEMKO_Plate1_d28_TMEM561LAMP1640MAP2488DAPI405_F8_F3.nd2,10
9,10457,0,0.0,0.0,118.23706817626952,1236405.0,,0.0,0.0704777877629495,True,,KO,F8,3.0,d28,Plate1,/Users/pmihack/claire/tmem_2026/data/cleaved_tmem_pld3_260821/d28/TMEM_KO/TMEMKO_Plate1_d28_TMEM561LAMP1640MAP2488DAPI405_F8_F3.nd2,10
10,5749,0,0.0,0.0,166.1937713623047,955448.0,,0.0,-0.0689151690306783,True,,KO,F8,3.0,d28,Plate1,/Users/pmihack/claire/tmem_2026/data/cleaved_tmem_pld3_260821/d28/TMEM_KO/TMEMKO_Plate1_d28_TMEM561LAMP1640MAP2488DAPI405_F8_F3.nd2,10
11,14873,0,0.0,0.0,130.0193634033203,1933778.0,,0.0,0.041205423548288,True,,KO,F8,3.0,d28,Plate1,/Users/pmihack/claire/tmem_2026/data/cleaved_tmem_pld3_260821/d28/TMEM_KO/TMEMKO_Plate1_d28_TMEM561LAMP1640MAP2488DAPI405_F8_F3.nd2,10
12,4179,0,0.0,0.0,69.5833969116211,290789.0,,0.0,0.0727521841392692,True,,KO,F8,3.0,d28,Plate1,/Users/pmihack/claire/tmem_2026/data/cleaved_tmem_pld3_260821/d28/TMEM_KO/TMEMKO_Plate1_d28_TMEM561LAMP1640MAP2488DAPI405_F8_F3.nd2,10
13,13085,0,0.0,0.0,93.06282043457033,1217727.0,,0.0,-0.0225735712671688,True,,KO,F8,3.0,d28,Plate1,/Users/pmihack/claire/tmem_2026/data/cleaved_tmem_pld3_260821/d28/TMEM_KO/TMEMKO_Plate1_d28_TMEM561LAMP1640MAP2488DAPI405_F8_F3.nd2,10
14,8330,0,0.0,0.0,70.63313293457031,588374.0,,0.0,0.2215177192687009,True,,KO,F8,3.0,d28,Plate1,/Users/pmihack/claire/tmem_2026/data/cleaved_tmem_pld3_260821/d28/TMEM_KO/TMEMKO_Plate1_d28_TMEM561LAMP1640MAP2488DAPI405_F8_F3.nd2,10
15,13936,0,0.0,0.0,95.2829360961914,1327863.0,,0.0,0.0420726692535604,True,,KO,F8,3.0,d28,Plate1,/Users/pmihack/claire/tmem_2026/data/cleaved_tmem_pld3_260821/d28/TMEM_KO/TMEMKO_Plate1_d28_TMEM561LAMP1640MAP2488DAPI405_F8_F3.nd2,10
1,6856,13,0.0320886814469078,0.1973907692307692,633.6611938476562,4344381.0,2.8734851948317615,0.0,-0.0232993263194251,True,,KO,F8,4.0,d28,Plate1,/Users/pmihack/claire/tmem_2026/data/cleaved_tmem_pld3_260821/d28/TMEM_KO/TMEMKO_Plate1_d28_TMEM561LAMP1640MAP2488DAPI405_F8_F4.nd2,15
2,16024,21,0.0358836744882676,0.3193714285714285,452.5367431640625,7251449.0,1.229045720505465,0.0,0.1831225185648666,True,,KO,F8,4.0,d28,Plate1,/Users/pmihack/claire/tmem_2026/data/cleaved_tmem_pld3_260821/d28/TMEM_KO/TMEMKO_Plate1_d28_TMEM561LAMP1640MAP2488DAPI405_F8_F4.nd2,15
3,3105,1,0.0109500805152979,0.396576,229.66827392578125,713120.0,32.255493516796456,0.0,0.4532364888808166,True,,KO,F8,4.0,d28,Plate1,/Users/pmihack/claire/tmem_2026/data/cleaved_tmem_pld3_260821/d28/TMEM_KO/TMEMKO_Plate1_d28_TMEM561LAMP1640MAP2488DAPI405_F8_F4.nd2,15
4,223,0,0.0,0.0,20.161434173583984,4496.0,,0.0,-0.1483183184887806,False,size_outlier,KO,F8,4.0,d28,Plate1,/Users/pmihack/claire/tmem_2026/data/cleaved_tmem_pld3_260821/d28/TMEM_KO/TMEMKO_Plate1_d28_TMEM561LAMP1640MAP2488DAPI405_F8_F4.nd2,15
5,1360,0,0.0,0.0,373.7183837890625,508257.0,,0.0,-0.105168412583971,False,size_outlier,KO,F8,4.0,d28,Plate1,/Users/pmihack/claire/tmem_2026/data/cleaved_tmem_pld3_260821/d28/TMEM_KO/TMEMKO_Plate1_d28_TMEM561LAMP1640MAP2488DAPI405_F8_F4.nd2,15
6,8534,18,0.1321771736583079,0.7309439999999999,926.2457275390624,7904581.0,14.561124004495946,0.0002022877597482,0.0060428344633927,True,,KO,F8,4.0,d28,Plate1,/Users/pmihack/claire/tmem_2026/data/cleaved_tmem_pld3_260821/d28/TMEM_KO/TMEMKO_Plate1_d28_TMEM561LAMP1640MAP2488DAPI405_F8_F4.nd2,15
7,4401,0,0.0,0.0,14.880254745483398,65488.0,,0.0,0.1252093674930807,True,,KO,F8,4.0,d28,Plate1,/Users/pmihack/claire/tmem_2026/data/cleaved_tmem_pld3_260821/d28/TMEM_KO/TMEMKO_Plate1_d28_TMEM561LAMP1640MAP2488DAPI405_F8_F4.nd2,15
8,12505,7,0.0164734106357457,0.3432548571428571,260.6915588378906,3259948.0,17.650933075300042,0.0,0.0390752444861777,True,,KO,F8,4.0,d28,Plate1,/Users/pmihack/claire/tmem_2026/data/cleaved_tmem_pld3_260821/d28/TMEM_KO/TMEMKO_Plate1_d28_TMEM561LAMP1640MAP2488DAPI405_F8_F4.nd2,15
9,13729,6,0.0078665598368417,0.2099519999999999,219.85891723632812,3018443.0,8.745466984245637,0.0,0.1118407856668408,True,,KO,F8,4.0,d28,Plate1,/Users/pmihack/claire/tmem_2026/data/cleaved_tmem_pld3_260821/d28/TMEM_KO/TMEMKO_Plate1_d28_TMEM561LAMP1640MAP2488DAPI405_F8_F4.nd2,15
10,1637,0,0.0,0.0,146.99082946777344,240624.0,,0.0,0.0716362478160206,False,size_outlier,KO,F8,4.0,d28,Plate1,/Users/pmihack/claire/tmem_2026/data/cleaved_tmem_pld3_260821/d28/TMEM_KO/TMEMKO_Plate1_d28_TMEM561LAMP1640MAP2488DAPI405_F8_F4.nd2,15
11,9644,15,0.0648071339693073,0.4859999999999999,560.8958740234375,5409280.0,13.115158529719766,0.0,0.2695457834019463,True,,KO,F8,4.0,d28,Plate1,/Users/pmihack/claire/tmem_2026/data/cleaved_tmem_pld3_260821/d28/TMEM_KO/TMEMKO_Plate1_d28_TMEM561LAMP1640MAP2488DAPI405_F8_F4.nd2,15
1,8735,0,0.0,0.0,346.5466613769531,3027085.0,,0.0,0.1605690924609806,True,,KO,G8,1.0,d28,Plate1,/Users/pmihack/claire/tmem_2026/data/cleaved_tmem_pld3_260821/d28/TMEM_KO/TMEMKO_Plate1_d28_TMEM561LAMP1640MAP2488DAPI405_G8_F1.nd2,13
2,4017,0,0.0,0.0,7.829226016998291,31450.0,,0.0,0.0389661931584299,True,,KO,G8,1.0,d28,Plate1,/Users/pmihack/claire/tmem_2026/data/cleaved_tmem_pld3_260821/d28/TMEM_KO/TMEMKO_Plate1_d28_TMEM561LAMP1640MAP2488DAPI405_G8_F1.nd2,13
3,3985,0,0.0,0.0,117.27051544189452,467323.0,,0.0,-0.0406335536856416,True,,KO,G8,1.0,d28,Plate1,/Users/pmihack/claire/tmem_2026/data/cleaved_tmem_pld3_260821/d28/TMEM_KO/TMEMKO_Plate1_d28_TMEM561LAMP1640MAP2488DAPI405_G8_F1.nd2,13
4,10809,0,0.0,0.0,125.90757751464844,1360935.0,,0.0,0.1138683386861742,True,,KO,G8,1.0,d28,Plate1,/Users/pmihack/claire/tmem_2026/data/cleaved_tmem_pld3_260821/d28/TMEM_KO/TMEMKO_Plate1_d28_TMEM561LAMP1640MAP2488DAPI405_G8_F1.nd2,13
5,13258,0,0.0,0.0,35.892818450927734,475867.0,,0.0,0.1385920761455444,True,,KO,G8,1.0,d28,Plate1,/Users/pmihack/claire/tmem_2026/data/cleaved_tmem_pld3_260821/d28/TMEM_KO/TMEMKO_Plate1_d28_TMEM561LAMP1640MAP2488DAPI405_G8_F1.nd2,13
6,18913,0,0.0,0.0,79.7147445678711,1507645.0,,0.0,0.1323303146546555,True,,KO,G8,1.0,d28,Plate1,/Users/pmihack/claire/tmem_2026/data/cleaved_tmem_pld3_260821/d28/TMEM_KO/TMEMKO_Plate1_d28_TMEM561LAMP1640MAP2488DAPI405_G8_F1.nd2,13
7,17425,0,0.0,0.0,271.8375244140625,4736769.0,,0.0,0.0761843500193552,True,,KO,G8,1.0,d28,Plate1,/Users/pmihack/claire/tmem_2026/data/cleaved_tmem_pld3_260821/d28/TMEM_KO/TMEMKO_Plate1_d28_TMEM561LAMP1640MAP2488DAPI405_G8_F1.nd2,13
8,4931,0,0.0,0.0,332.8030700683594,1641052.0,,0.0,0.1912919433908818,True,,KO,G8,1.0,d28,Plate1,/Users/pmihack/claire/tmem_2026/data/cleaved_tmem_pld3_260821/d28/TMEM_KO/TMEMKO_Plate1_d28_TMEM561LAMP1640MAP2488DAPI405_G8_F1.nd2,13
9,11043,4,0.0033505388028615,0.1078919999999999,675.4083862304688,7458535.0,14.483820819833037,0.0,0.0205869705389301,True,,KO,G8,1.0,d28,Plate1,/Users/pmihack/claire/tmem_2026/data/cleaved_tmem_pld3_260821/d28/TMEM_KO/TMEMKO_Plate1_d28_TMEM561LAMP1640MAP2488DAPI405_G8_F1.nd2,13
10,2320,0,0.0,0.0,234.9840545654297,545163.0,,0.0,-0.0112089765409828,False,abnormal_nucleus,KO,G8,1.0,d28,Plate1,/Users/pmihack/claire/tmem_2026/data/cleaved_tmem_pld3_260821/d28/TMEM_KO/TMEMKO_Plate1_d28_TMEM561LAMP1640MAP2488DAPI405_G8_F1.nd2,13
11,6136,0,0.0,0.0,568.6203002929688,3489054.0,,0.0,-0.0607297199532469,True,,KO,G8,1.0,d28,Plate1,/Users/pmihack/claire/tmem_2026/data/cleaved_tmem_pld3_260821/d28/TMEM_KO/TMEMKO_Plate1_d28_TMEM561LAMP1640MAP2488DAPI405_G8_F1.nd2,13
12,8667,0,0.0,0.0,346.140869140625,3000003.0,,0.0,0.1284775267451845,True,,KO,G8,1.0,d28,Plate1,/Users/pmihack/claire/tmem_2026/data/cleaved_tmem_pld3_260821/d28/TMEM_KO/TMEMKO_Plate1_d28_TMEM561LAMP1640MAP2488DAPI405_G8_F1.nd2,13
13,12064,6,0.0081233421750663,0.1905119999999999,790.5391845703125,9537065.0,23.63934216401496,0.0,-0.0341751358295898,True,,KO,G8,1.0,d28,Plate1,/Users/pmihack/claire/tmem_2026/data/cleaved_tmem_pld3_260821/d28/TMEM_KO/TMEMKO_Plate1_d28_TMEM561LAMP1640MAP2488DAPI405_G8_F1.nd2,13
14,5842,7,0.014207463197535,0.1383017142857142,470.3351440429687,2747698.0,14.708737071344968,0.0,0.2394927136015835,True,,KO,G8,1.0,d28,Plate1,/Users/pmihack/claire/tmem_2026/data/cleaved_tmem_pld3_260821/d28/TMEM_KO/TMEMKO_Plate1_d28_TMEM561LAMP1640MAP2488DAPI405_G8_F1.nd2,13
15,13898,0,0.0,0.0,76.0382080078125,1056779.0,,0.0,0.0621990066443411,True,,KO,G8,1.0,d28,Plate1,/Users/pmihack/claire/tmem_2026/data/cleaved_tmem_pld3_260821/d28/TMEM_KO/TMEMKO_Plate1_d28_TMEM561LAMP1640MAP2488DAPI405_G8_F1.nd2,13
16,4446,0,0.0,0.0,147.83468627929688,657273.0,,0.0,0.0306941181804209,True,,KO,G8,1.0,d28,Plate1,/Users/pmihack/claire/tmem_2026/data/cleaved_tmem_pld3_260821/d28/TMEM_KO/TMEMKO_Plate1_d28_TMEM561LAMP1640MAP2488DAPI405_G8_F1.nd2,13
17,19114,0,0.0,0.0,106.27351379394533,2031312.0,,0.0,0.0580186397752399,True,,KO,G8,1.0,d28,Plate1,/Users/pmihack/claire/tmem_2026/data/cleaved_tmem_pld3_260821/d28/TMEM_KO/TMEMKO_Plate1_d28_TMEM561LAMP1640MAP2488DAPI405_G8_F1.nd2,13
18,14786,0,0.0,0.0,270.69036865234375,4002428.0,,0.0,-0.0456008246652678,True,,KO,G8,1.0,d28,Plate1,/Users/pmihack/claire/tmem_2026/data/cleaved_tmem_pld3_260821/d28/TMEM_KO/TMEMKO_Plate1_d28_TMEM561LAMP1640MAP2488DAPI405_G8_F1.nd2,13
1,2424,0,0.0,0.0,177.17037963867188,429461.0,,0.0,0.1057311984091769,True,,KO,G8,2.0,d28,Plate1,/Users/pmihack/claire/tmem_2026/data/cleaved_tmem_pld3_260821/d28/TMEM_KO/TMEMKO_Plate1_d28_TMEM561LAMP1640MAP2488DAPI405_G8_F2.nd2,10
2,19805,13,0.0158545821762181,0.2817304615384615,323.6881103515625,6410643.0,8.719241654347188,0.0,0.0036485018127351,True,,KO,G8,2.0,d28,Plate1,/Users/pmihack/claire/tmem_2026/data/cleaved_tmem_pld3_260821/d28/TMEM_KO/TMEMKO_Plate1_d28_TMEM561LAMP1640MAP2488DAPI405_G8_F2.nd2,10
3,13530,0,0.0,0.0,76.9671859741211,1041366.0,,0.0,0.035445168182617,True,,KO,G8,2.0,d28,Plate1,/Users/pmihack/claire/tmem_2026/data/cleaved_tmem_pld3_260821/d28/TMEM_KO/TMEMKO_Plate1_d28_TMEM561LAMP1640MAP2488DAPI405_G8_F2.nd2,10
4,13199,0,0.0,0.0,47.62156295776367,628557.0,,0.002809609984979,-0.0023872314879677,True,,KO,G8,2.0,d28,Plate1,/Users/pmihack/claire/tmem_2026/data/cleaved_tmem_pld3_260821/d28/TMEM_KO/TMEMKO_Plate1_d28_TMEM561LAMP1640MAP2488DAPI405_G8_F2.nd2,10
5,254,0,0.0,0.0,5.539370059967041,1407.0,,0.0,0.1298731200677537,False,size_outlier,KO,G8,2.0,d28,Plate1,/Users/pmihack/claire/tmem_2026/data/cleaved_tmem_pld3_260821/d28/TMEM_KO/TMEMKO_Plate1_d28_TMEM561LAMP1640MAP2488DAPI405_G8_F2.nd2,10
6,4381,1,0.0027391006619493,0.1399679999999999,162.58343505859375,712278.0,12.23918843459058,0.0,0.088983004344951,True,,KO,G8,2.0,d28,Plate1,/Users/pmihack/claire/tmem_2026/data/cleaved_tmem_pld3_260821/d28/TMEM_KO/TMEMKO_Plate1_d28_TMEM561LAMP1640MAP2488DAPI405_G8_F2.nd2,10
7,10587,6,0.0468499102673089,0.964224,569.024169921875,6024259.0,3.6627499238372354,0.0,0.2918020583968335,True,,KO,G8,2.0,d28,Plate1,/Users/pmihack/claire/tmem_2026/data/cleaved_tmem_pld3_260821/d28/TMEM_KO/TMEMKO_Plate1_d28_TMEM561LAMP1640MAP2488DAPI405_G8_F2.nd2,10
8,12407,3,0.0055613766422181,0.2682719999999999,135.86209106445312,1685641.0,9.125887526079552,0.0,0.0240845655347394,True,,KO,G8,2.0,d28,Plate1,/Users/pmihack/claire/tmem_2026/data/cleaved_tmem_pld3_260821/d28/TMEM_KO/TMEMKO_Plate1_d28_TMEM561LAMP1640MAP2488DAPI405_G8_F2.nd2,10
9,8396,6,0.0460933777989518,0.7523279999999999,654.1756591796875,5492459.0,2.09463877779157,0.0,0.2963634092021032,True,,KO,G8,2.0,d28,Plate1,/Users/pmihack/claire/tmem_2026/data/cleaved_tmem_pld3_260821/d28/TMEM_KO/TMEMKO_Plate1_d28_TMEM561LAMP1640MAP2488DAPI405_G8_F2.nd2,10
10,7430,10,0.1192462987886944,1.0334304,1138.4052734375,8458351.0,3.164881725705214,0.0,0.3832023008480308,True,,KO,G8,2.0,d28,Plate1,/Users/pmihack/claire/tmem_2026/data/cleaved_tmem_pld3_260821/d28/TMEM_KO/TMEMKO_Plate1_d28_TMEM561LAMP1640MAP2488DAPI405_G8_F2.nd2,10
11,11128,6,0.0108734723220704,0.235224,342.21575927734375,3808177.0,11.49940562193118,0.0,0.0063773140436145,True,,KO,G8,2.0,d28,Plate1,/Users/pmihack/claire/tmem_2026/data/cleaved_tmem_pld3_260821/d28/TMEM_KO/TMEMKO_Plate1_d28_TMEM561LAMP1640MAP2488DAPI405_G8_F2.nd2,10
12,16193,3,0.0016673871425924,0.1049759999999999,130.0092010498047,2105239.0,0.8169836996148014,0.0,0.1140035805085212,True,,KO,G8,2.0,d28,Plate1,/Users/pmihack/claire/tmem_2026/data/cleaved_tmem_pld3_260821/d28/TMEM_KO/TMEMKO_Plate1_d28_TMEM561LAMP1640MAP2488DAPI405_G8_F2.nd2,10
13,4135,0,0.0,0.0,49.93978118896485,206501.0,,0.0,0.0533102128879098,True,,KO,G8,2.0,d28,Plate1,/Users/pmihack/claire/tmem_2026/data/cleaved_tmem_pld3_260821/d28/TMEM_KO/TMEMKO_Plate1_d28_TMEM561LAMP1640MAP2488DAPI405_G8_F2.nd2,10
14,12232,0,0.0,0.0,142.69677734375,1745467.0,,0.0,0.0023913524473634,True,,KO,G8,2.0,d28,Plate1,/Users/pmihack/claire/tmem_2026/data/cleaved_tmem_pld3_260821/d28/TMEM_KO/TMEMKO_Plate1_d28_TMEM561LAMP1640MAP2488DAPI405_G8_F2.nd2,10
15,2077,0,0.0,0.0,148.17091369628906,307751.0,,0.0,0.3556461128824384,True,,KO,G8,2.0,d28,Plate1,/Users/pmihack/claire/tmem_2026/data/cleaved_tmem_pld3_260821/d28/TMEM_KO/TMEMKO_Plate1_d28_TMEM561LAMP1640MAP2488DAPI405_G8_F2.nd2,10
1,9860,0,0.0,0.0,112.42282104492188,1108489.0,,0.0001488512789364,-0.0177874049929126,False,border,KO,G8,3.0,d28,Plate1,/Users/pmihack/claire/tmem_2026/data/cleaved_tmem_pld3_260821/d28/TMEM_KO/TMEMKO_Plate1_d28_TMEM561LAMP1640MAP2488DAPI405_G8_F3.nd2,14
2,3360,1,0.0041666666666666,0.163296,515.6708374023438,1732654.0,25.43452112082483,0.0,0.0252351326134916,True,,KO,G8,3.0,d28,Plate1,/Users/pmihack/claire/tmem_2026/data/cleaved_tmem_pld3_260821/d28/TMEM_KO/TMEMKO_Plate1_d28_TMEM561LAMP1640MAP2488DAPI405_G8_F3.nd2,14
3,20420,2,0.001126346718903,0.1341359999999999,180.348876953125,3682724.0,20.049730532332756,0.0,0.0571615583225379,True,,KO,G8,3.0,d28,Plate1,/Users/pmihack/claire/tmem_2026/data/cleaved_tmem_pld3_260821/d28/TMEM_KO/TMEMKO_Plate1_d28_TMEM561LAMP1640MAP2488DAPI405_G8_F3.nd2,14
4,11885,1,0.000925536390408,0.128304,190.1023101806641,2259366.0,9.604407540109651,0.0,0.0107608378630383,True,,KO,G8,3.0,d28,Plate1,/Users/pmihack/claire/tmem_2026/data/cleaved_tmem_pld3_260821/d28/TMEM_KO/TMEMKO_Plate1_d28_TMEM561LAMP1640MAP2488DAPI405_G8_F3.nd2,14
5,10700,3,0.0033644859813084,0.1399679999999999,630.7015991210938,6748507.0,9.454318606194288,0.0,-0.0654706640456677,True,,KO,G8,3.0,d28,Plate1,/Users/pmihack/claire/tmem_2026/data/cleaved_tmem_pld3_260821/d28/TMEM_KO/TMEMKO_Plate1_d28_TMEM561LAMP1640MAP2488DAPI405_G8_F3.nd2,14
6,17361,0,0.0,0.0,129.58700561523438,2249760.0,,0.0,-0.0006455857597032,True,,KO,G8,3.0,d28,Plate1,/Users/pmihack/claire/tmem_2026/data/cleaved_tmem_pld3_260821/d28/TMEM_KO/TMEMKO_Plate1_d28_TMEM561LAMP1640MAP2488DAPI405_G8_F3.nd2,14
7,7056,0,0.0,0.0,164.16241455078125,1158330.0,,0.0,0.0004214654259832,True,,KO,G8,3.0,d28,Plate1,/Users/pmihack/claire/tmem_2026/data/cleaved_tmem_pld3_260821/d28/TMEM_KO/TMEMKO_Plate1_d28_TMEM561LAMP1640MAP2488DAPI405_G8_F3.nd2,14
8,10991,0,0.0,0.0,140.2670440673828,1541675.0,,0.0013310197973623,-0.0075795401943825,True,,KO,G8,3.0,d28,Plate1,/Users/pmihack/claire/tmem_2026/data/cleaved_tmem_pld3_260821/d28/TMEM_KO/TMEMKO_Plate1_d28_TMEM561LAMP1640MAP2488DAPI405_G8_F3.nd2,14
9,15287,2,0.0015699614051154,0.1399679999999999,169.8027801513672,2595775.0,11.75530717435048,0.0,0.1131146346786766,True,,KO,G8,3.0,d28,Plate1,/Users/pmihack/claire/tmem_2026/data/cleaved_tmem_pld3_260821/d28/TMEM_KO/TMEMKO_Plate1_d28_TMEM561LAMP1640MAP2488DAPI405_G8_F3.nd2,14
10,9878,3,0.0036444624417898,0.1399679999999999,376.8128051757813,3722157.0,12.616508002171056,0.0,0.0706869570772339,True,,KO,G8,3.0,d28,Plate1,/Users/pmihack/claire/tmem_2026/data/cleaved_tmem_pld3_260821/d28/TMEM_KO/TMEMKO_Plate1_d28_TMEM561LAMP1640MAP2488DAPI405_G8_F3.nd2,14
11,21255,1,0.0001411432604093,0.0349919999999999,504.08935546875,10714419.0,10.560267933728388,0.0010881597409024,0.0400524176211565,True,,KO,G8,3.0,d28,Plate1,/Users/pmihack/claire/tmem_2026/data/cleaved_tmem_pld3_260821/d28/TMEM_KO/TMEMKO_Plate1_d28_TMEM561LAMP1640MAP2488DAPI405_G8_F3.nd2,14
12,8746,0,0.0,0.0,113.55316925048828,993136.0,,0.0,0.1188849057894669,True,,KO,G8,3.0,d28,Plate1,/Users/pmihack/claire/tmem_2026/data/cleaved_tmem_pld3_260821/d28/TMEM_KO/TMEMKO_Plate1_d28_TMEM561LAMP1640MAP2488DAPI405_G8_F3.nd2,14
13,7301,0,0.0,0.0,149.71017456054688,1093034.0,,0.0,0.2506159188869393,True,,KO,G8,3.0,d28,Plate1,/Users/pmihack/claire/tmem_2026/data/cleaved_tmem_pld3_260821/d28/TMEM_KO/TMEMKO_Plate1_d28_TMEM561LAMP1640MAP2488DAPI405_G8_F3.nd2,14
1,17424,35,0.1148989898989899,0.6671808,1269.7889404296875,22124802.0,1.3412984584686196,0.0,-0.019501147084146,True,,KO,G8,4.0,d28,Plate1,/Users/pmihack/claire/tmem_2026/data/cleaved_tmem_pld3_260821/d28/TMEM_KO/TMEMKO_Plate1_d28_TMEM561LAMP1640MAP2488DAPI405_G8_F4.nd2,11
2,10797,16,0.0449198851532833,0.3535649999999999,694.968994140625,7503580.0,4.119717016639403,0.0,0.1160508025589946,True,,KO,G8,4.0,d28,Plate1,/Users/pmihack/claire/tmem_2026/data/cleaved_tmem_pld3_260821/d28/TMEM_KO/TMEMKO_Plate1_d28_TMEM561LAMP1640MAP2488DAPI405_G8_F4.nd2,11
3,16745,14,0.0243654822335025,0.3399222857142857,492.8650817871094,8253026.0,1.930293212731994,0.0,0.1007722062289845,True,,KO,G8,4.0,d28,Plate1,/Users/pmihack/claire/tmem_2026/data/cleaved_tmem_pld3_260821/d28/TMEM_KO/TMEMKO_Plate1_d28_TMEM561LAMP1640MAP2488DAPI405_G8_F4.nd2,11
4,15308,1,0.0022210608831983,0.396576,165.65853881835938,2535901.0,2.9474990379446693,0.0,0.1017880883502221,False,abnormal_nucleus,KO,G8,4.0,d28,Plate1,/Users/pmihack/claire/tmem_2026/data/cleaved_tmem_pld3_260821/d28/TMEM_KO/TMEMKO_Plate1_d28_TMEM561LAMP1640MAP2488DAPI405_G8_F4.nd2,11
5,12310,13,0.0493095044679122,0.5446190769230769,801.2924194335938,9863910.0,6.740955901878893,0.0,0.120108654717819,True,,KO,G8,4.0,d28,Plate1,/Users/pmihack/claire/tmem_2026/data/cleaved_tmem_pld3_260821/d28/TMEM_KO/TMEMKO_Plate1_d28_TMEM561LAMP1640MAP2488DAPI405_G8_F4.nd2,11
6,9046,7,0.0169135529515808,0.2549417142857142,394.5534057617187,3569130.0,17.64999417937936,0.0,0.1340045738245699,True,,KO,G8,4.0,d28,Plate1,/Users/pmihack/claire/tmem_2026/data/cleaved_tmem_pld3_260821/d28/TMEM_KO/TMEMKO_Plate1_d28_TMEM561LAMP1640MAP2488DAPI405_G8_F4.nd2,11
7,10883,15,0.0363870256363135,0.3079295999999999,647.9756469726562,7051919.0,17.24877054686798,0.0,0.0350621622248234,True,,KO,G8,4.0,d28,Plate1,/Users/pmihack/claire/tmem_2026/data/cleaved_tmem_pld3_260821/d28/TMEM_KO/TMEMKO_Plate1_d28_TMEM561LAMP1640MAP2488DAPI405_G8_F4.nd2,11
8,9710,2,0.0025746652935118,0.1457999999999999,321.6362609863281,3123088.0,30.47057453884056,0.0,0.2950872829342134,True,,KO,G8,4.0,d28,Plate1,/Users/pmihack/claire/tmem_2026/data/cleaved_tmem_pld3_260821/d28/TMEM_KO/TMEMKO_Plate1_d28_TMEM561LAMP1640MAP2488DAPI405_G8_F4.nd2,11
9,10521,22,0.1247980230016158,0.6961287272727272,1384.32763671875,14564511.0,10.755457295961207,0.0,-0.0331753134243959,True,,KO,G8,4.0,d28,Plate1,/Users/pmihack/claire/tmem_2026/data/cleaved_tmem_pld3_260821/d28/TMEM_KO/TMEMKO_Plate1_d28_TMEM561LAMP1640MAP2488DAPI405_G8_F4.nd2,11
10,17431,15,0.0394125408754517,0.5342111999999999,580.0697631835938,10111196.0,10.479370373520746,0.0,0.1747129337978313,True,,KO,G8,4.0,d28,Plate1,/Users/pmihack/claire/tmem_2026/data/cleaved_tmem_pld3_260821/d28/TMEM_KO/TMEMKO_Plate1_d28_TMEM561LAMP1640MAP2488DAPI405_G8_F4.nd2,11
11,13313,8,0.0260647487418312,0.505926,462.3763122558594,6155616.0,21.460433641715635,0.0054403976537287,0.1042932372521803,True,,KO,G8,4.0,d28,Plate1,/Users/pmihack/claire/tmem_2026/data/cleaved_tmem_pld3_260821/d28/TMEM_KO/TMEMKO_Plate1_d28_TMEM561LAMP1640MAP2488DAPI405_G8_F4.nd2,11
12,11523,6,0.0143191877115334,0.32076,387.5460510253906,4465693.0,28.467735780450365,0.0,0.093646691831023,True,,KO,G8,4.0,d28,Plate1,/Users/pmihack/claire/tmem_2026/data/cleaved_tmem_pld3_260821/d28/TMEM_KO/TMEMKO_Plate1_d28_TMEM561LAMP1640MAP2488DAPI405_G8_F4.nd2,11
13,6810,1,0.0001468428781204,0.0116639999999999,153.2795867919922,1043834.0,20.613094440827453,0.0,0.0006701001077672,True,,KO,G8,4.0,d28,Plate1,/Users/pmihack/claire/tmem_2026/data/cleaved_tmem_pld3_260821/d28/TMEM_KO/TMEMKO_Plate1_d28_TMEM561LAMP1640MAP2488DAPI405_G8_F4.nd2,11
14,8500,2,0.0015294117647058,0.075816,233.7090606689453,1986527.0,16.49322332923557,0.0,-0.0394064399112785,True,,KO,G8,4.0,d28,Plate1,/Users/pmihack/claire/tmem_2026/data/cleaved_tmem_pld3_260821/d28/TMEM_KO/TMEMKO_Plate1_d28_TMEM561LAMP1640MAP2488DAPI405_G8_F4.nd2,11
15,13153,10,0.0439443472971945,0.6741791999999999,543.31884765625,7146273.0,8.053032319113752,0.0,0.0769645770932288,True,,KO,G8,4.0,d28,Plate1,/Users/pmihack/claire/tmem_2026/data/cleaved_tmem_pld3_260821/d28/TMEM_KO/TMEMKO_Plate1_d28_TMEM561LAMP1640MAP2488DAPI405_G8_F4.nd2,11
16,3180,0,0.0,0.0,481.4572448730469,1531034.0,,0.0,0.0350884148706898,True,,KO,G8,4.0,d28,Plate1,/Users/pmihack/claire/tmem_2026/data/cleaved_tmem_pld3_260821/d28/TMEM_KO/TMEMKO_Plate1_d28_TMEM561LAMP1640MAP2488DAPI405_G8_F4.nd2,11
1,9059,1,0.0013246495198145,0.1399679999999999,70.62247467041016,639769.0,12.868276705780753,0.0,0.0238004193413448,True,,KO,H8,1.0,d28,Plate1,/Users/pmihack/claire/tmem_2026/data/cleaved_tmem_pld3_260821/d28/TMEM_KO/TMEMKO_Plate1_d28_TMEM561LAMP1640MAP2488DAPI405_H8_F1.nd2,13
2,15901,5,0.0021382302999811,0.0793151999999999,770.2457275390625,12247677.0,8.985377992106478,0.0,0.0587648194925167,True,,KO,H8,1.0,d28,Plate1,/Users/pmihack/claire/tmem_2026/data/cleaved_tmem_pld3_260821/d28/TMEM_KO/TMEMKO_Plate1_d28_TMEM561LAMP1640MAP2488DAPI405_H8_F1.nd2,13
3,14292,1,0.0065071368597816,1.084752,368.95361328125,5273085.0,1.2065171773709822,0.0,0.2415401745400577,True,,KO,H8,1.0,d28,Plate1,/Users/pmihack/claire/tmem_2026/data/cleaved_tmem_pld3_260821/d28/TMEM_KO/TMEMKO_Plate1_d28_TMEM561LAMP1640MAP2488DAPI405_H8_F1.nd2,13
4,17322,0,0.0,0.0,193.80538940429688,3357097.0,,0.0,0.0623273207203659,True,,KO,H8,1.0,d28,Plate1,/Users/pmihack/claire/tmem_2026/data/cleaved_tmem_pld3_260821/d28/TMEM_KO/TMEMKO_Plate1_d28_TMEM561LAMP1640MAP2488DAPI405_H8_F1.nd2,13
5,11669,0,0.0,0.0,207.9048767089844,2426042.0,,0.0,0.0606586191604679,True,,KO,H8,1.0,d28,Plate1,/Users/pmihack/claire/tmem_2026/data/cleaved_tmem_pld3_260821/d28/TMEM_KO/TMEMKO_Plate1_d28_TMEM561LAMP1640MAP2488DAPI405_H8_F1.nd2,13
6,2180,0,0.0,0.0,470.7770690917969,1026294.0,,0.0,0.3693368783511056,True,,KO,H8,1.0,d28,Plate1,/Users/pmihack/claire/tmem_2026/data/cleaved_tmem_pld3_260821/d28/TMEM_KO/TMEMKO_Plate1_d28_TMEM561LAMP1640MAP2488DAPI405_H8_F1.nd2,13
7,1635,0,0.0,0.0,630.6837768554688,1031168.0,,0.0,-0.0756178699493128,False,size_outlier,KO,H8,1.0,d28,Plate1,/Users/pmihack/claire/tmem_2026/data/cleaved_tmem_pld3_260821/d28/TMEM_KO/TMEMKO_Plate1_d28_TMEM561LAMP1640MAP2488DAPI405_H8_F1.nd2,13
8,4800,0,0.0,0.0,191.0116729736328,916856.0,,0.0,0.1015820034903594,True,,KO,H8,1.0,d28,Plate1,/Users/pmihack/claire/tmem_2026/data/cleaved_tmem_pld3_260821/d28/TMEM_KO/TMEMKO_Plate1_d28_TMEM561LAMP1640MAP2488DAPI405_H8_F1.nd2,13
9,6169,0,0.0,0.0,97.50218963623048,601491.0,,0.0,0.0265288106101379,False,abnormal_nucleus,KO,H8,1.0,d28,Plate1,/Users/pmihack/claire/tmem_2026/data/cleaved_tmem_pld3_260821/d28/TMEM_KO/TMEMKO_Plate1_d28_TMEM561LAMP1640MAP2488DAPI405_H8_F1.nd2,13
10,10226,1,0.0016624291022882,0.198288,184.8508758544922,1890285.0,15.681548666548546,0.0,-0.0215224720657281,True,,KO,H8,1.0,d28,Plate1,/Users/pmihack/claire/tmem_2026/data/cleaved_tmem_pld3_260821/d28/TMEM_KO/TMEMKO_Plate1_d28_TMEM561LAMP1640MAP2488DAPI405_H8_F1.nd2,13
11,12002,0,0.0,0.0,172.63856506347656,2072008.0,,0.0,-0.0411432359399278,True,,KO,H8,1.0,d28,Plate1,/Users/pmihack/claire/tmem_2026/data/cleaved_tmem_pld3_260821/d28/TMEM_KO/TMEMKO_Plate1_d28_TMEM561LAMP1640MAP2488DAPI405_H8_F1.nd2,13
12,18409,0,0.0,0.0,171.3614501953125,3154593.0,,0.0,0.0699197627444195,True,,KO,H8,1.0,d28,Plate1,/Users/pmihack/claire/tmem_2026/data/cleaved_tmem_pld3_260821/d28/TMEM_KO/TMEMKO_Plate1_d28_TMEM561LAMP1640MAP2488DAPI405_H8_F1.nd2,13
13,19915,0,0.0,0.0,95.07266235351562,1893372.0,,0.0,0.029089128276294,True,,KO,H8,1.0,d28,Plate1,/Users/pmihack/claire/tmem_2026/data/cleaved_tmem_pld3_260821/d28/TMEM_KO/TMEMKO_Plate1_d28_TMEM561LAMP1640MAP2488DAPI405_H8_F1.nd2,13
14,19897,1,0.0007036236618585,0.163296,132.528076171875,2636911.0,16.156012140907414,0.0,0.1259764990014745,True,,KO,H8,1.0,d28,Plate1,/Users/pmihack/claire/tmem_2026/data/cleaved_tmem_pld3_260821/d28/TMEM_KO/TMEMKO_Plate1_d28_TMEM561LAMP1640MAP2488DAPI405_H8_F1.nd2,13
15,8165,1,0.0003674219228413,0.0349919999999999,330.9248046875,2702001.0,31.160803454752248,0.0,0.0397255101029377,False,abnormal_nucleus,KO,H8,1.0,d28,Plate1,/Users/pmihack/claire/tmem_2026/data/cleaved_tmem_pld3_260821/d28/TMEM_KO/TMEMKO_Plate1_d28_TMEM561LAMP1640MAP2488DAPI405_H8_F1.nd2,13
1,8484,25,0.1196369636963696,0.4735584,2033.68505859375,17253784.0,16.300669380671053,0.0,-0.028409191614413,True,,KO,H8,2.0,d28,Plate1,/Users/pmihack/claire/tmem_2026/data/cleaved_tmem_pld3_260821/d28/TMEM_KO/TMEMKO_Plate1_d28_TMEM561LAMP1640MAP2488DAPI405_H8_F2.nd2,15
2,352,0,0.0,0.0,4.670454502105713,1644.0,,0.0,0.2526090633444495,False,size_outlier,KO,H8,2.0,d28,Plate1,/Users/pmihack/claire/tmem_2026/data/cleaved_tmem_pld3_260821/d28/TMEM_KO/TMEMKO_Plate1_d28_TMEM561LAMP1640MAP2488DAPI405_H8_F2.nd2,15
3,186,0,0.0,0.0,10.086021423339844,1876.0,,0.0,0.0397906198043775,False,size_outlier,KO,H8,2.0,d28,Plate1,/Users/pmihack/claire/tmem_2026/data/cleaved_tmem_pld3_260821/d28/TMEM_KO/TMEMKO_Plate1_d28_TMEM561LAMP1640MAP2488DAPI405_H8_F2.nd2,15
4,19131,34,0.0975380272855574,0.6401477647058823,1387.666259765625,26547444.0,0.8940886805387028,0.0,-0.0037914751472512,True,,KO,H8,2.0,d28,Plate1,/Users/pmihack/claire/tmem_2026/data/cleaved_tmem_pld3_260821/d28/TMEM_KO/TMEMKO_Plate1_d28_TMEM561LAMP1640MAP2488DAPI405_H8_F2.nd2,15
5,413,0,0.0,0.0,5.772397041320801,2384.0,,0.0,0.3135024462294195,False,size_outlier,KO,H8,2.0,d28,Plate1,/Users/pmihack/claire/tmem_2026/data/cleaved_tmem_pld3_260821/d28/TMEM_KO/TMEMKO_Plate1_d28_TMEM561LAMP1640MAP2488DAPI405_H8_F2.nd2,15
6,14862,12,0.0409097025972278,0.590976,636.42333984375,9458524.0,0.6230221157787905,0.0004464755766093,-0.0188839444063736,True,,KO,H8,2.0,d28,Plate1,/Users/pmihack/claire/tmem_2026/data/cleaved_tmem_pld3_260821/d28/TMEM_KO/TMEMKO_Plate1_d28_TMEM561LAMP1640MAP2488DAPI405_H8_F2.nd2,15
7,12333,14,0.092434930673802,0.949782857142857,1203.726806640625,14845563.0,16.48342595080758,5.584159953286871e-05,-0.0245370689149764,True,,KO,H8,2.0,d28,Plate1,/Users/pmihack/claire/tmem_2026/data/cleaved_tmem_pld3_260821/d28/TMEM_KO/TMEMKO_Plate1_d28_TMEM561LAMP1640MAP2488DAPI405_H8_F2.nd2,15
8,22228,31,0.099109231599784,0.8288965161290321,1197.344970703125,26614584.0,20.19798119223869,0.0,-0.0308950756326285,True,,KO,H8,2.0,d28,Plate1,/Users/pmihack/claire/tmem_2026/data/cleaved_tmem_pld3_260821/d28/TMEM_KO/TMEMKO_Plate1_d28_TMEM561LAMP1640MAP2488DAPI405_H8_F2.nd2,15
9,1162,0,0.0,0.0,191.02151489257812,221967.0,,0.0,-0.0711453460254006,False,size_outlier,KO,H8,2.0,d28,Plate1,/Users/pmihack/claire/tmem_2026/data/cleaved_tmem_pld3_260821/d28/TMEM_KO/TMEMKO_Plate1_d28_TMEM561LAMP1640MAP2488DAPI405_H8_F2.nd2,15
10,737,1,0.0257801899592944,0.2216159999999999,279.15740966796875,205739.0,41.97500086527518,0.0,0.1225926322235861,False,size_outlier,KO,H8,2.0,d28,Plate1,/Users/pmihack/claire/tmem_2026/data/cleaved_tmem_pld3_260821/d28/TMEM_KO/TMEMKO_Plate1_d28_TMEM561LAMP1640MAP2488DAPI405_H8_F2.nd2,15
11,17766,19,0.0332657885849375,0.3628117894736842,792.5398559570312,14080263.0,3.356957009889857,0.0,-0.0132395804457985,True,,KO,H8,2.0,d28,Plate1,/Users/pmihack/claire/tmem_2026/data/cleaved_tmem_pld3_260821/d28/TMEM_KO/TMEMKO_Plate1_d28_TMEM561LAMP1640MAP2488DAPI405_H8_F2.nd2,15
12,5840,0,0.0,0.0,565.876220703125,3304717.0,,0.0,0.0945309364812183,False,abnormal_nucleus,KO,H8,2.0,d28,Plate1,/Users/pmihack/claire/tmem_2026/data/cleaved_tmem_pld3_260821/d28/TMEM_KO/TMEMKO_Plate1_d28_TMEM561LAMP1640MAP2488DAPI405_H8_F2.nd2,15
13,13696,37,0.133688668224299,0.5772103783783783,1813.56396484375,24838572.0,1.537588855160558,0.0,0.0386461570796293,True,,KO,H8,2.0,d28,Plate1,/Users/pmihack/claire/tmem_2026/data/cleaved_tmem_pld3_260821/d28/TMEM_KO/TMEMKO_Plate1_d28_TMEM561LAMP1640MAP2488DAPI405_H8_F2.nd2,15
14,4286,0,0.0,0.0,36.063228607177734,154567.0,,0.0,0.0103637437182649,False,abnormal_nucleus,KO,H8,2.0,d28,Plate1,/Users/pmihack/claire/tmem_2026/data/cleaved_tmem_pld3_260821/d28/TMEM_KO/TMEMKO_Plate1_d28_TMEM561LAMP1640MAP2488DAPI405_H8_F2.nd2,15
15,6021,3,0.0061451586115263,0.1438559999999999,397.3751831054687,2392596.0,9.460384743725823,0.0,0.0028945382443937,True,,KO,H8,2.0,d28,Plate1,/Users/pmihack/claire/tmem_2026/data/cleaved_tmem_pld3_260821/d28/TMEM_KO/TMEMKO_Plate1_d28_TMEM561LAMP1640MAP2488DAPI405_H8_F2.nd2,15
16,15546,25,0.1505210343496719,1.0917503999999998,1830.3671875,28454888.0,9.112813164138032,0.0,-0.0450149207089722,True,,KO,H8,2.0,d28,Plate1,/Users/pmihack/claire/tmem_2026/data/cleaved_tmem_pld3_260821/d28/TMEM_KO/TMEMKO_Plate1_d28_TMEM561LAMP1640MAP2488DAPI405_H8_F2.nd2,15
17,15318,4,0.0023501762632197,0.1049759999999999,311.1685485839844,4766480.0,5.46372175732825,0.0,0.009041041292938,True,,KO,H8,2.0,d28,Plate1,/Users/pmihack/claire/tmem_2026/data/cleaved_tmem_pld3_260821/d28/TMEM_KO/TMEMKO_Plate1_d28_TMEM561LAMP1640MAP2488DAPI405_H8_F2.nd2,15
18,12312,18,0.0242040285899935,0.193104,596.8843994140625,7348841.0,9.724021054675871,0.0,0.2140444586843213,True,,KO,H8,2.0,d28,Plate1,/Users/pmihack/claire/tmem_2026/data/cleaved_tmem_pld3_260821/d28/TMEM_KO/TMEMKO_Plate1_d28_TMEM561LAMP1640MAP2488DAPI405_H8_F2.nd2,15
19,13914,23,0.049374730487279,0.3483986086956521,1027.2197265625,14292736.0,22.74497051970134,0.0,0.0997574632142432,True,,KO,H8,2.0,d28,Plate1,/Users/pmihack/claire/tmem_2026/data/cleaved_tmem_pld3_260821/d28/TMEM_KO/TMEMKO_Plate1_d28_TMEM561LAMP1640MAP2488DAPI405_H8_F2.nd2,15
20,2181,0,0.0,0.0,172.40440368652344,376014.0,,0.0,-0.0097431477109058,True,,KO,H8,2.0,d28,Plate1,/Users/pmihack/claire/tmem_2026/data/cleaved_tmem_pld3_260821/d28/TMEM_KO/TMEMKO_Plate1_d28_TMEM561LAMP1640MAP2488DAPI405_H8_F2.nd2,15
1,16171,20,0.092387607445427,0.8713008,1285.0587158203125,20780684.0,4.958346842850814,0.0,-0.0027318952993423,True,,KO,H8,3.0,d28,Plate1,/Users/pmihack/claire/tmem_2026/data/cleaved_tmem_pld3_260821/d28/TMEM_KO/TMEMKO_Plate1_d28_TMEM561LAMP1640MAP2488DAPI405_H8_F3.nd2,17
2,12416,17,0.1024484536082474,0.8727416470588235,1199.456298828125,14892450.0,0.7564033168683475,0.0,0.0484726744407921,True,,KO,H8,3.0,d28,Plate1,/Users/pmihack/claire/tmem_2026/data/cleaved_tmem_pld3_260821/d28/TMEM_KO/TMEMKO_Plate1_d28_TMEM561LAMP1640MAP2488DAPI405_H8_F3.nd2,17
3,21333,9,0.0070782355974312,0.1956959999999999,481.64886474609375,10275015.0,3.4745111659597723,0.0005977606633678,-0.0386903100787667,True,,KO,H8,3.0,d28,Plate1,/Users/pmihack/claire/tmem_2026/data/cleaved_tmem_pld3_260821/d28/TMEM_KO/TMEMKO_Plate1_d28_TMEM561LAMP1640MAP2488DAPI405_H8_F3.nd2,17
4,3740,0,0.0,0.0,115.3385009765625,431366.0,,0.0,-0.07162927393966,True,,KO,H8,3.0,d28,Plate1,/Users/pmihack/claire/tmem_2026/data/cleaved_tmem_pld3_260821/d28/TMEM_KO/TMEMKO_Plate1_d28_TMEM561LAMP1640MAP2488DAPI405_H8_F3.nd2,17
5,12150,15,0.0474074074074074,0.4478975999999999,910.0980224609376,11057691.0,27.593306818097556,0.0,-0.013395448778289,True,,KO,H8,3.0,d28,Plate1,/Users/pmihack/claire/tmem_2026/data/cleaved_tmem_pld3_260821/d28/TMEM_KO/TMEMKO_Plate1_d28_TMEM561LAMP1640MAP2488DAPI405_H8_F3.nd2,17
6,12222,14,0.06480117820324,0.6598491428571428,1044.89501953125,12770707.0,17.423613599691368,0.0,0.0667410183040644,True,,KO,H8,3.0,d28,Plate1,/Users/pmihack/claire/tmem_2026/data/cleaved_tmem_pld3_260821/d28/TMEM_KO/TMEMKO_Plate1_d28_TMEM561LAMP1640MAP2488DAPI405_H8_F3.nd2,17
7,14708,6,0.0053032363339679,0.151632,513.6439819335938,7554676.0,20.059756146750363,0.0,0.0973482271805423,True,,KO,H8,3.0,d28,Plate1,/Users/pmihack/claire/tmem_2026/data/cleaved_tmem_pld3_260821/d28/TMEM_KO/TMEMKO_Plate1_d28_TMEM561LAMP1640MAP2488DAPI405_H8_F3.nd2,17
8,8125,13,0.0436923076923076,0.318516923076923,894.9771118164062,7271689.0,15.02024111096616,0.0,0.142752124865036,True,,KO,H8,3.0,d28,Plate1,/Users/pmihack/claire/tmem_2026/data/cleaved_tmem_pld3_260821/d28/TMEM_KO/TMEMKO_Plate1_d28_TMEM561LAMP1640MAP2488DAPI405_H8_F3.nd2,17
9,13095,10,0.0154257350133638,0.2356127999999999,661.7108154296875,8665103.0,14.60524271685499,0.0,-0.0410154361594662,True,,KO,H8,3.0,d28,Plate1,/Users/pmihack/claire/tmem_2026/data/cleaved_tmem_pld3_260821/d28/TMEM_KO/TMEMKO_Plate1_d28_TMEM561LAMP1640MAP2488DAPI405_H8_F3.nd2,17
10,7048,1,0.0007094211123723,0.05832,607.9849853515625,4285078.0,17.71259596210273,0.0,0.0440246477726827,True,,KO,H8,3.0,d28,Plate1,/Users/pmihack/claire/tmem_2026/data/cleaved_tmem_pld3_260821/d28/TMEM_KO/TMEMKO_Plate1_d28_TMEM561LAMP1640MAP2488DAPI405_H8_F3.nd2,17
11,18258,13,0.0180194983021141,0.295188923076923,534.6467895507812,9761581.0,16.747847877976753,1.6390787322961842e-06,0.0151625317924761,True,,KO,H8,3.0,d28,Plate1,/Users/pmihack/claire/tmem_2026/data/cleaved_tmem_pld3_260821/d28/TMEM_KO/TMEMKO_Plate1_d28_TMEM561LAMP1640MAP2488DAPI405_H8_F3.nd2,17
12,13827,15,0.0127287191726332,0.1368575999999999,680.6384887695312,9411188.0,16.580223348558757,0.0009277255740016,0.0389755965511477,True,,KO,H8,3.0,d28,Plate1,/Users/pmihack/claire/tmem_2026/data/cleaved_tmem_pld3_260821/d28/TMEM_KO/TMEMKO_Plate1_d28_TMEM561LAMP1640MAP2488DAPI405_H8_F3.nd2,17
13,14920,13,0.0118632707774798,0.1588098461538461,586.0205078125,8743426.0,23.6595052174328,0.0,0.0060813441314171,True,,KO,H8,3.0,d28,Plate1,/Users/pmihack/claire/tmem_2026/data/cleaved_tmem_pld3_260821/d28/TMEM_KO/TMEMKO_Plate1_d28_TMEM561LAMP1640MAP2488DAPI405_H8_F3.nd2,17
14,6546,0,0.0,0.0,400.21295166015625,2619794.0,,0.0,0.0895836387116007,True,,KO,H8,3.0,d28,Plate1,/Users/pmihack/claire/tmem_2026/data/cleaved_tmem_pld3_260821/d28/TMEM_KO/TMEMKO_Plate1_d28_TMEM561LAMP1640MAP2488DAPI405_H8_F3.nd2,17
15,4105,0,0.0,0.0,361.6548156738281,1484593.0,,0.0,-0.011343805893319,True,,KO,H8,3.0,d28,Plate1,/Users/pmihack/claire/tmem_2026/data/cleaved_tmem_pld3_260821/d28/TMEM_KO/TMEMKO_Plate1_d28_TMEM561LAMP1640MAP2488DAPI405_H8_F3.nd2,17
1,15274,0,0.0,0.0,154.2543487548828,2356081.0,,0.0005254488205537,-0.0156643638549943,False,abnormal_nucleus,KO,H8,4.0,d28,Plate1,/Users/pmihack/claire/tmem_2026/data/cleaved_tmem_pld3_260821/d28/TMEM_KO/TMEMKO_Plate1_d28_TMEM561LAMP1640MAP2488DAPI405_H8_F4.nd2,17
2,14712,2,0.0029907558455682,0.256608,169.21023559570312,2489421.0,10.782013345635823,0.000142603443237,-0.008761162266258,True,,KO,H8,4.0,d28,Plate1,/Users/pmihack/claire/tmem_2026/data/cleaved_tmem_pld3_260821/d28/TMEM_KO/TMEMKO_Plate1_d28_TMEM561LAMP1640MAP2488DAPI405_H8_F4.nd2,17
3,11025,1,0.0005442176870748,0.0699839999999999,232.0870819091797,2558760.0,7.461819745634708,0.0129375169053673,0.1358630117591872,True,,KO,H8,4.0,d28,Plate1,/Users/pmihack/claire/tmem_2026/data/cleaved_tmem_pld3_260821/d28/TMEM_KO/TMEMKO_Plate1_d28_TMEM561LAMP1640MAP2488DAPI405_H8_F4.nd2,17
4,11123,6,0.009889418322395,0.2138399999999999,796.665283203125,8861308.0,21.344250130930703,0.0,-0.065714723810164,True,,KO,H8,4.0,d28,Plate1,/Users/pmihack/claire/tmem_2026/data/cleaved_tmem_pld3_260821/d28/TMEM_KO/TMEMKO_Plate1_d28_TMEM561LAMP1640MAP2488DAPI405_H8_F4.nd2,17
5,13493,0,0.0,0.0,144.5651092529297,1950617.0,,0.0,0.1039092060485486,True,,KO,H8,4.0,d28,Plate1,/Users/pmihack/claire/tmem_2026/data/cleaved_tmem_pld3_260821/d28/TMEM_KO/TMEMKO_Plate1_d28_TMEM561LAMP1640MAP2488DAPI405_H8_F4.nd2,17
6,8246,0,0.0,0.0,331.7711486816406,2735785.0,,0.0,-0.0353255811452883,True,,KO,H8,4.0,d28,Plate1,/Users/pmihack/claire/tmem_2026/data/cleaved_tmem_pld3_260821/d28/TMEM_KO/TMEMKO_Plate1_d28_TMEM561LAMP1640MAP2488DAPI405_H8_F4.nd2,17
7,13044,0,0.0,0.0,310.06829833984375,4044531.0,,0.0,0.1464083347118831,True,,KO,H8,4.0,d28,Plate1,/Users/pmihack/claire/tmem_2026/data/cleaved_tmem_pld3_260821/d28/TMEM_KO/TMEMKO_Plate1_d28_TMEM561LAMP1640MAP2488DAPI405_H8_F4.nd2,17
8,10755,0,0.0,0.0,208.07196044921875,2237814.0,,0.0002077920653391,-0.0144329271823524,True,,KO,H8,4.0,d28,Plate1,/Users/pmihack/claire/tmem_2026/data/cleaved_tmem_pld3_260821/d28/TMEM_KO/TMEMKO_Plate1_d28_TMEM561LAMP1640MAP2488DAPI405_H8_F4.nd2,17
9,11259,12,0.0195399236166622,0.2138399999999999,946.7237548828124,10659163.0,18.39204551795307,0.0,-0.1904314403772281,True,,KO,H8,4.0,d28,Plate1,/Users/pmihack/claire/tmem_2026/data/cleaved_tmem_pld3_260821/d28/TMEM_KO/TMEMKO_Plate1_d28_TMEM561LAMP1640MAP2488DAPI405_H8_F4.nd2,17
10,4219,0,0.0,0.0,51.050724029541016,215383.0,,0.0,0.1363817794031285,True,,KO,H8,4.0,d28,Plate1,/Users/pmihack/claire/tmem_2026/data/cleaved_tmem_pld3_260821/d28/TMEM_KO/TMEMKO_Plate1_d28_TMEM561LAMP1640MAP2488DAPI405_H8_F4.nd2,17
11,14129,0,0.0,0.0,144.65765380859375,2043868.0,,0.0014130071504041,0.0255538114189876,True,,KO,H8,4.0,d28,Plate1,/Users/pmihack/claire/tmem_2026/data/cleaved_tmem_pld3_260821/d28/TMEM_KO/TMEMKO_Plate1_d28_TMEM561LAMP1640MAP2488DAPI405_H8_F4.nd2,17
12,12261,0,0.0,0.0,314.81103515625,3859898.0,,0.0,0.0797326179083012,True,,KO,H8,4.0,d28,Plate1,/Users/pmihack/claire/tmem_2026/data/cleaved_tmem_pld3_260821/d28/TMEM_KO/TMEMKO_Plate1_d28_TMEM561LAMP1640MAP2488DAPI405_H8_F4.nd2,17
13,2090,0,0.0,0.0,30.10047912597656,62910.0,,0.0,0.0165558975301293,True,,KO,H8,4.0,d28,Plate1,/Users/pmihack/claire/tmem_2026/data/cleaved_tmem_pld3_260821/d28/TMEM_KO/TMEMKO_Plate1_d28_TMEM561LAMP1640MAP2488DAPI405_H8_F4.nd2,17
14,10229,0,0.0,0.0,137.4052276611328,1405518.0,,0.0,0.1234852406530937,True,,KO,H8,4.0,d28,Plate1,/Users/pmihack/claire/tmem_2026/data/cleaved_tmem_pld3_260821/d28/TMEM_KO/TMEMKO_Plate1_d28_TMEM561LAMP1640MAP2488DAPI405_H8_F4.nd2,17
15,13429,0,0.0,0.0,138.21267700195312,1856058.0,,0.0,0.1999225742997793,True,,KO,H8,4.0,d28,Plate1,/Users/pmihack/claire/tmem_2026/data/cleaved_tmem_pld3_260821/d28/TMEM_KO/TMEMKO_Plate1_d28_TMEM561LAMP1640MAP2488DAPI405_H8_F4.nd2,17
16,21874,8,0.0074517692237359,0.2376539999999999,388.99359130859375,8508846.0,7.365906972170793,0.0,0.2134315294628808,True,,KO,H8,4.0,d28,Plate1,/Users/pmihack/claire/tmem_2026/data/cleaved_tmem_pld3_260821/d28/TMEM_KO/TMEMKO_Plate1_d28_TMEM561LAMP1640MAP2488DAPI405_H8_F4.nd2,17
17,23255,0,0.0,0.0,142.7652130126953,3320005.0,,0.0,-0.0145689700822952,True,,KO,H8,4.0,d28,Plate1,/Users/pmihack/claire/tmem_2026/data/cleaved_tmem_pld3_260821/d28/TMEM_KO/TMEMKO_Plate1_d28_TMEM561LAMP1640MAP2488DAPI405_H8_F4.nd2,17
18,3836,1,0.0023461939520333,0.1049759999999999,110.51459503173828,423934.0,44.28777499002562,0.0,0.4302658588575027,True,,KO,H8,4.0,d28,Plate1,/Users/pmihack/claire/tmem_2026/data/cleaved_tmem_pld3_260821/d28/TMEM_KO/TMEMKO_Plate1_d28_TMEM561LAMP1640MAP2488DAPI405_H8_F4.nd2,17
19,13215,3,0.003405221339387,0.1749599999999999,418.2182312011719,5526754.0,31.008807446219727,0.0,0.0932027503452859,True,,KO,H8,4.0,d28,Plate1,/Users/pmihack/claire/tmem_2026/data/cleaved_tmem_pld3_260821/d28/TMEM_KO/TMEMKO_Plate1_d28_TMEM561LAMP1640MAP2488DAPI405_H8_F4.nd2,17
20,15773,3,0.0019019844037278,0.11664,258.0190734863281,4069735.0,18.184177874248373,0.0058878525160253,-0.0010319773365584,True,,KO,H8,4.0,d28,Plate1,/Users/pmihack/claire/tmem_2026/data/cleaved_tmem_pld3_260821/d28/TMEM_KO/TMEMKO_Plate1_d28_TMEM561LAMP1640MAP2488DAPI405_H8_F4.nd2,17
1,11986,6,0.0092608042716502,0.2157839999999999,336.15753173828125,4029184.0,1.0716060703223629,0.0,-0.0075613003226717,True,,Control,C17,1.0,d28,Plate1,/Users/pmihack/claire/tmem_2026/data/cleaved_tmem_pld3_260821/d28/Z59_PLD_Control/PLD3Control_Plate1_d28_TMEM561LAMP1640MAP2488DAPI405_C17_F1.nd2,13
2,2419,0,0.0,0.0,28.730466842651367,69499.0,,0.0,0.0207864689984644,True,,Control,C17,1.0,d28,Plate1,/Users/pmihack/claire/tmem_2026/data/cleaved_tmem_pld3_260821/d28/Z59_PLD_Control/PLD3Control_Plate1_d28_TMEM561LAMP1640MAP2488DAPI405_C17_F1.nd2,13
3,5273,4,0.0056893608951261,0.0874799999999999,305.77508544921875,1612352.0,16.253467787853126,0.0,0.02698747505795,True,,Control,C17,1.0,d28,Plate1,/Users/pmihack/claire/tmem_2026/data/cleaved_tmem_pld3_260821/d28/Z59_PLD_Control/PLD3Control_Plate1_d28_TMEM561LAMP1640MAP2488DAPI405_C17_F1.nd2,13
4,9578,11,0.0675506368761745,0.6860552727272727,741.8079223632812,7105036.0,19.397400524794246,0.0,-0.0852506280280084,True,,Control,C17,1.0,d28,Plate1,/Users/pmihack/claire/tmem_2026/data/cleaved_tmem_pld3_260821/d28/Z59_PLD_Control/PLD3Control_Plate1_d28_TMEM561LAMP1640MAP2488DAPI405_C17_F1.nd2,13
5,16638,28,0.0828825579997595,0.574452,938.645751953125,15617188.0,5.705319628547478,0.0,0.0044506655434613,True,,Control,C17,1.0,d28,Plate1,/Users/pmihack/claire/tmem_2026/data/cleaved_tmem_pld3_260821/d28/Z59_PLD_Control/PLD3Control_Plate1_d28_TMEM561LAMP1640MAP2488DAPI405_C17_F1.nd2,13
6,18110,12,0.1816123688569851,3.1969079999999996,1399.0643310546875,25337056.0,0.3992141932982043,0.0001213242794619,-0.0399964465509436,True,,Control,C17,1.0,d28,Plate1,/Users/pmihack/claire/tmem_2026/data/cleaved_tmem_pld3_260821/d28/Z59_PLD_Control/PLD3Control_Plate1_d28_TMEM561LAMP1640MAP2488DAPI405_C17_F1.nd2,13
7,9245,12,0.122769064359113,1.10322,1484.9996337890625,13728822.0,17.761347268735687,0.0,0.5568066161583703,True,,Control,C17,1.0,d28,Plate1,/Users/pmihack/claire/tmem_2026/data/cleaved_tmem_pld3_260821/d28/Z59_PLD_Control/PLD3Control_Plate1_d28_TMEM561LAMP1640MAP2488DAPI405_C17_F1.nd2,13
8,14541,10,0.0154734887559315,0.2624399999999999,412.78070068359375,6002244.0,12.062838793996942,0.0,-0.0279474508401472,True,,Control,C17,1.0,d28,Plate1,/Users/pmihack/claire/tmem_2026/data/cleaved_tmem_pld3_260821/d28/Z59_PLD_Control/PLD3Control_Plate1_d28_TMEM561LAMP1640MAP2488DAPI405_C17_F1.nd2,13
9,6785,0,0.0,0.0,39.712158203125,269447.0,,0.0,-0.0019277668763886,True,,Control,C17,1.0,d28,Plate1,/Users/pmihack/claire/tmem_2026/data/cleaved_tmem_pld3_260821/d28/Z59_PLD_Control/PLD3Control_Plate1_d28_TMEM561LAMP1640MAP2488DAPI405_C17_F1.nd2,13
10,4105,0,0.0,0.0,25.353715896606445,104077.0,,0.0,0.2287357652238922,True,,Control,C17,1.0,d28,Plate1,/Users/pmihack/claire/tmem_2026/data/cleaved_tmem_pld3_260821/d28/Z59_PLD_Control/PLD3Control_Plate1_d28_TMEM561LAMP1640MAP2488DAPI405_C17_F1.nd2,13
11,22365,7,0.0032193158953722,0.1199725714285714,469.9606018066406,10510669.0,7.036222924633402,0.0,-0.1235120342495958,False,abnormal_nucleus,Control,C17,1.0,d28,Plate1,/Users/pmihack/claire/tmem_2026/data/cleaved_tmem_pld3_260821/d28/Z59_PLD_Control/PLD3Control_Plate1_d28_TMEM561LAMP1640MAP2488DAPI405_C17_F1.nd2,13
12,14068,17,0.0737133920955359,0.7115039999999999,873.06787109375,12282319.0,,0.0,-0.0321150736878296,True,,Control,C17,1.0,d28,Plate1,/Users/pmihack/claire/tmem_2026/data/cleaved_tmem_pld3_260821/d28/Z59_PLD_Control/PLD3Control_Plate1_d28_TMEM561LAMP1640MAP2488DAPI405_C17_F1.nd2,13
13,11033,16,0.2530590048037705,2.0353679999999996,2032.2283935546875,22421576.0,,0.0,-0.1102820968421201,True,,Control,C17,1.0,d28,Plate1,/Users/pmihack/claire/tmem_2026/data/cleaved_tmem_pld3_260821/d28/Z59_PLD_Control/PLD3Control_Plate1_d28_TMEM561LAMP1640MAP2488DAPI405_C17_F1.nd2,13
1,15006,15,0.1398773823803812,1.6321823999999998,861.4318237304688,12926646.0,1.0737725688895197,0.0,-0.078106457804972,True,,Control,C17,2.0,d28,Plate1,/Users/pmihack/claire/tmem_2026/data/cleaved_tmem_pld3_260821/d28/Z59_PLD_Control/PLD3Control_Plate1_d28_TMEM561LAMP1640MAP2488DAPI405_C17_F2.nd2,14
2,17262,18,0.0307612095933263,0.3440879999999999,503.6646423339844,8694259.0,0.8241006785461198,0.0,-0.0246879047950679,True,,Control,C17,2.0,d28,Plate1,/Users/pmihack/claire/tmem_2026/data/cleaved_tmem_pld3_260821/d28/Z59_PLD_Control/PLD3Control_Plate1_d28_TMEM561LAMP1640MAP2488DAPI405_C17_F2.nd2,14
3,1854,5,0.2901833872707659,1.2550464,1469.2174072265625,2723929.0,42.14969517816701,0.0,0.351238826188798,False,size_outlier,Control,C17,2.0,d28,Plate1,/Users/pmihack/claire/tmem_2026/data/cleaved_tmem_pld3_260821/d28/Z59_PLD_Control/PLD3Control_Plate1_d28_TMEM561LAMP1640MAP2488DAPI405_C17_F2.nd2,14
4,12681,9,0.4258339247693399,6.998399999999999,2443.42822265625,30985114.0,22.018821244520765,0.0,-0.0166931509593367,True,,Control,C17,2.0,d28,Plate1,/Users/pmihack/claire/tmem_2026/data/cleaved_tmem_pld3_260821/d28/Z59_PLD_Control/PLD3Control_Plate1_d28_TMEM561LAMP1640MAP2488DAPI405_C17_F2.nd2,14
5,705,0,0.0,0.0,72.47376251220703,51094.0,,0.0,-0.078043985297464,False,size_outlier,Control,C17,2.0,d28,Plate1,/Users/pmihack/claire/tmem_2026/data/cleaved_tmem_pld3_260821/d28/Z59_PLD_Control/PLD3Control_Plate1_d28_TMEM561LAMP1640MAP2488DAPI405_C17_F2.nd2,14
6,21323,31,0.1410683299723303,1.131784258064516,846.8473510742188,18057326.0,9.663706013516032,0.0,-0.0379736489012488,True,,Control,C17,2.0,d28,Plate1,/Users/pmihack/claire/tmem_2026/data/cleaved_tmem_pld3_260821/d28/Z59_PLD_Control/PLD3Control_Plate1_d28_TMEM561LAMP1640MAP2488DAPI405_C17_F2.nd2,14
7,5299,2,0.0020758633704472,0.064152,200.7144775390625,1063586.0,13.342456755730735,0.0,0.0896828514594547,True,,Control,C17,2.0,d28,Plate1,/Users/pmihack/claire/tmem_2026/data/cleaved_tmem_pld3_260821/d28/Z59_PLD_Control/PLD3Control_Plate1_d28_TMEM561LAMP1640MAP2488DAPI405_C17_F2.nd2,14
8,18524,19,0.0100410278557546,0.1141844210526315,577.2135620117188,10692304.0,3.2200505463569646,0.0,0.0101223936552812,True,,Control,C17,2.0,d28,Plate1,/Users/pmihack/claire/tmem_2026/data/cleaved_tmem_pld3_260821/d28/Z59_PLD_Control/PLD3Control_Plate1_d28_TMEM561LAMP1640MAP2488DAPI405_C17_F2.nd2,14
9,4034,0,0.0,0.0,126.2595443725586,509331.0,,0.0,0.0400768523834497,True,,Control,C17,2.0,d28,Plate1,/Users/pmihack/claire/tmem_2026/data/cleaved_tmem_pld3_260821/d28/Z59_PLD_Control/PLD3Control_Plate1_d28_TMEM561LAMP1640MAP2488DAPI405_C17_F2.nd2,14
10,20557,45,0.0604173760762757,0.3219264,595.862060546875,12249137.0,,0.0,-0.0652688614895707,True,,Control,C17,2.0,d28,Plate1,/Users/pmihack/claire/tmem_2026/data/cleaved_tmem_pld3_260821/d28/Z59_PLD_Control/PLD3Control_Plate1_d28_TMEM561LAMP1640MAP2488DAPI405_C17_F2.nd2,14
11,17192,12,0.0977198697068403,1.63296,576.5165405273438,9911472.0,,0.0,-0.0227652507487359,True,,Control,C17,2.0,d28,Plate1,/Users/pmihack/claire/tmem_2026/data/cleaved_tmem_pld3_260821/d28/Z59_PLD_Control/PLD3Control_Plate1_d28_TMEM561LAMP1640MAP2488DAPI405_C17_F2.nd2,14
12,20731,22,0.0352129660894312,0.3870327272727272,537.36279296875,11140068.0,,0.0,-0.0437432638356011,True,,Control,C17,2.0,d28,Plate1,/Users/pmihack/claire/tmem_2026/data/cleaved_tmem_pld3_260821/d28/Z59_PLD_Control/PLD3Control_Plate1_d28_TMEM561LAMP1640MAP2488DAPI405_C17_F2.nd2,14
1,1815,0,0.0,0.0,286.79669189453125,520536.0,,0.0,0.071842990172709,False,size_outlier,Control,C17,3.0,d28,Plate1,/Users/pmihack/claire/tmem_2026/data/cleaved_tmem_pld3_260821/d28/Z59_PLD_Control/PLD3Control_Plate1_d28_TMEM561LAMP1640MAP2488DAPI405_C17_F3.nd2,13
2,3556,0,0.0,0.0,40.86839294433594,145328.0,,0.0,0.0040243981515106,True,,Control,C17,3.0,d28,Plate1,/Users/pmihack/claire/tmem_2026/data/cleaved_tmem_pld3_260821/d28/Z59_PLD_Control/PLD3Control_Plate1_d28_TMEM561LAMP1640MAP2488DAPI405_C17_F3.nd2,13
3,20194,12,0.0182232346241457,0.3576959999999999,936.833740234375,18918420.0,7.699656285796409,0.0,-0.0076085354948745,True,,Control,C17,3.0,d28,Plate1,/Users/pmihack/claire/tmem_2026/data/cleaved_tmem_pld3_260821/d28/Z59_PLD_Control/PLD3Control_Plate1_d28_TMEM561LAMP1640MAP2488DAPI405_C17_F3.nd2,13
4,12627,21,0.0270056228716242,0.1894011428571428,1452.94873046875,18346384.0,20.87643377404788,0.0,0.1059386117450553,False,abnormal_nucleus,Control,C17,3.0,d28,Plate1,/Users/pmihack/claire/tmem_2026/data/cleaved_tmem_pld3_260821/d28/Z59_PLD_Control/PLD3Control_Plate1_d28_TMEM561LAMP1640MAP2488DAPI405_C17_F3.nd2,13
5,8916,5,0.003252579632122,0.0676512,1446.4742431640625,12896764.0,15.369317674268473,0.0,-0.0066046971126492,True,,Control,C17,3.0,d28,Plate1,/Users/pmihack/claire/tmem_2026/data/cleaved_tmem_pld3_260821/d28/Z59_PLD_Control/PLD3Control_Plate1_d28_TMEM561LAMP1640MAP2488DAPI405_C17_F3.nd2,13
6,18833,7,0.0061063027664206,0.1916228571428571,796.429931640625,14999165.0,20.491668601453213,0.0,0.1771684974631373,True,,Control,C17,3.0,d28,Plate1,/Users/pmihack/claire/tmem_2026/data/cleaved_tmem_pld3_260821/d28/Z59_PLD_Control/PLD3Control_Plate1_d28_TMEM561LAMP1640MAP2488DAPI405_C17_F3.nd2,13
7,24561,39,0.033386262774317,0.2452430769230769,1524.2022705078125,37435932.0,12.202673741603014,0.0,0.0078002924745715,True,,Control,C17,3.0,d28,Plate1,/Users/pmihack/claire/tmem_2026/data/cleaved_tmem_pld3_260821/d28/Z59_PLD_Control/PLD3Control_Plate1_d28_TMEM561LAMP1640MAP2488DAPI405_C17_F3.nd2,13
8,9266,3,0.002050507230736,0.073872,718.0457763671875,6653412.0,32.209075067663555,0.0,-0.0573833213483968,True,,Control,C17,3.0,d28,Plate1,/Users/pmihack/claire/tmem_2026/data/cleaved_tmem_pld3_260821/d28/Z59_PLD_Control/PLD3Control_Plate1_d28_TMEM561LAMP1640MAP2488DAPI405_C17_F3.nd2,13
9,14753,7,0.0058293228495899,0.1433005714285714,989.4850463867188,14597873.0,20.558883817959288,0.0,-0.0444051712981192,True,,Control,C17,3.0,d28,Plate1,/Users/pmihack/claire/tmem_2026/data/cleaved_tmem_pld3_260821/d28/Z59_PLD_Control/PLD3Control_Plate1_d28_TMEM561LAMP1640MAP2488DAPI405_C17_F3.nd2,13
1,6616,6,0.0699818621523579,0.900072,672.3320922851562,4448149.0,1.1301803355749866,0.0,-0.064797604097406,True,,Control,C17,4.0,d28,Plate1,/Users/pmihack/claire/tmem_2026/data/cleaved_tmem_pld3_260821/d28/Z59_PLD_Control/PLD3Control_Plate1_d28_TMEM561LAMP1640MAP2488DAPI405_C17_F4.nd2,13
2,12046,16,0.0538768055786153,0.4731209999999999,962.6055908203124,11595547.0,0.6968593836961858,0.0,-0.0205874042028896,True,,Control,C17,4.0,d28,Plate1,/Users/pmihack/claire/tmem_2026/data/cleaved_tmem_pld3_260821/d28/Z59_PLD_Control/PLD3Control_Plate1_d28_TMEM561LAMP1640MAP2488DAPI405_C17_F4.nd2,13
3,11286,5,0.5066454013822435,13.338950399999998,3363.029296875,37955148.0,0.9829585417417288,0.0,-0.1595099854583554,True,,Control,C17,4.0,d28,Plate1,/Users/pmihack/claire/tmem_2026/data/cleaved_tmem_pld3_260821/d28/Z59_PLD_Control/PLD3Control_Plate1_d28_TMEM561LAMP1640MAP2488DAPI405_C17_F4.nd2,13
4,15260,6,0.1669724770642202,4.9533119999999995,1352.5777587890625,20640336.0,0.6813260202585175,0.0,0.1196410199063865,True,,Control,C17,4.0,d28,Plate1,/Users/pmihack/claire/tmem_2026/data/cleaved_tmem_pld3_260821/d28/Z59_PLD_Control/PLD3Control_Plate1_d28_TMEM561LAMP1640MAP2488DAPI405_C17_F4.nd2,13
5,9609,29,0.0907482568425434,0.3507244137931034,1303.442626953125,12524780.0,5.879591259653238,0.0,0.162728681299248,True,,Control,C17,4.0,d28,Plate1,/Users/pmihack/claire/tmem_2026/data/cleaved_tmem_pld3_260821/d28/Z59_PLD_Control/PLD3Control_Plate1_d28_TMEM561LAMP1640MAP2488DAPI405_C17_F4.nd2,13
6,19387,10,0.1262701810491566,2.8553472,1009.8405151367188,19577778.0,13.696881055258926,0.0,0.0053706323866968,False,abnormal_nucleus,Control,C17,4.0,d28,Plate1,/Users/pmihack/claire/tmem_2026/data/cleaved_tmem_pld3_260821/d28/Z59_PLD_Control/PLD3Control_Plate1_d28_TMEM561LAMP1640MAP2488DAPI405_C17_F4.nd2,13
7,14859,19,0.2015613432936267,1.838614736842105,1819.0462646484375,27029208.0,11.338290705682512,0.0,0.0188094111676481,True,,Control,C17,4.0,d28,Plate1,/Users/pmihack/claire/tmem_2026/data/cleaved_tmem_pld3_260821/d28/Z59_PLD_Control/PLD3Control_Plate1_d28_TMEM561LAMP1640MAP2488DAPI405_C17_F4.nd2,13
8,23655,36,0.1915028535193405,1.46772,1571.2845458984375,37168736.0,9.647435453297952,0.0,-0.0631239662002489,True,,Control,C17,4.0,d28,Plate1,/Users/pmihack/claire/tmem_2026/data/cleaved_tmem_pld3_260821/d28/Z59_PLD_Control/PLD3Control_Plate1_d28_TMEM561LAMP1640MAP2488DAPI405_C17_F4.nd2,13
9,9815,7,0.5721854304635762,9.35786057142857,6044.8701171875,59330400.0,11.457897330706668,0.0,-0.1206560259314453,False,abnormal_nucleus,Control,C17,4.0,d28,Plate1,/Users/pmihack/claire/tmem_2026/data/cleaved_tmem_pld3_260821/d28/Z59_PLD_Control/PLD3Control_Plate1_d28_TMEM561LAMP1640MAP2488DAPI405_C17_F4.nd2,13
10,5738,2,0.0017427675148135,0.05832,86.3199691772461,495304.0,16.532027128564312,0.0,-0.0518483580724167,False,border,Control,C17,4.0,d28,Plate1,/Users/pmihack/claire/tmem_2026/data/cleaved_tmem_pld3_260821/d28/Z59_PLD_Control/PLD3Control_Plate1_d28_TMEM561LAMP1640MAP2488DAPI405_C17_F4.nd2,13
11,11861,14,0.0464547677261613,0.4590617142857142,733.2179565429688,8696698.0,19.372032028339387,0.0,-0.0663311466687246,True,,Control,C17,4.0,d28,Plate1,/Users/pmihack/claire/tmem_2026/data/cleaved_tmem_pld3_260821/d28/Z59_PLD_Control/PLD3Control_Plate1_d28_TMEM561LAMP1640MAP2488DAPI405_C17_F4.nd2,13
12,2878,14,0.28318276580959,0.6790114285714285,3002.08935546875,8640013.0,13.464105958884735,0.0,0.2905583115168266,True,,Control,C17,4.0,d28,Plate1,/Users/pmihack/claire/tmem_2026/data/cleaved_tmem_pld3_260821/d28/Z59_PLD_Control/PLD3Control_Plate1_d28_TMEM561LAMP1640MAP2488DAPI405_C17_F4.nd2,13
13,2301,0,0.0,0.0,50.31768798828125,115781.0,,0.0,0.0543540048960062,False,abnormal_nucleus,Control,C17,4.0,d28,Plate1,/Users/pmihack/claire/tmem_2026/data/cleaved_tmem_pld3_260821/d28/Z59_PLD_Control/PLD3Control_Plate1_d28_TMEM561LAMP1640MAP2488DAPI405_C17_F4.nd2,13
14,20951,19,0.1890601880578492,2.431637052631579,1588.9202880859375,33289468.0,9.48729215567265,0.0,-0.0777700552889192,True,,Control,C17,4.0,d28,Plate1,/Users/pmihack/claire/tmem_2026/data/cleaved_tmem_pld3_260821/d28/Z59_PLD_Control/PLD3Control_Plate1_d28_TMEM561LAMP1640MAP2488DAPI405_C17_F4.nd2,13
15,6028,3,0.019907100199071,0.46656,708.2155151367188,4269123.0,36.825144425183,0.0,0.0794534894894309,True,,Control,C17,4.0,d28,Plate1,/Users/pmihack/claire/tmem_2026/data/cleaved_tmem_pld3_260821/d28/Z59_PLD_Control/PLD3Control_Plate1_d28_TMEM561LAMP1640MAP2488DAPI405_C17_F4.nd2,13
16,11209,8,0.4829155143188509,7.892154,3698.90478515625,41461024.0,9.831953610537226,0.0,-0.1296033489414525,True,,Control,C17,4.0,d28,Plate1,/Users/pmihack/claire/tmem_2026/data/cleaved_tmem_pld3_260821/d28/Z59_PLD_Control/PLD3Control_Plate1_d28_TMEM561LAMP1640MAP2488DAPI405_C17_F4.nd2,13
17,7067,1,0.0294325739351917,2.426112,351.8553771972656,2486562.0,29.289401232327585,0.0,-0.0293248396099736,True,,Control,C17,4.0,d28,Plate1,/Users/pmihack/claire/tmem_2026/data/cleaved_tmem_pld3_260821/d28/Z59_PLD_Control/PLD3Control_Plate1_d28_TMEM561LAMP1640MAP2488DAPI405_C17_F4.nd2,13
18,19096,20,0.1248428990364474,1.3903488,1108.6683349609375,21171130.0,12.8010860900064,0.0,0.015030109734785,True,,Control,C17,4.0,d28,Plate1,/Users/pmihack/claire/tmem_2026/data/cleaved_tmem_pld3_260821/d28/Z59_PLD_Control/PLD3Control_Plate1_d28_TMEM561LAMP1640MAP2488DAPI405_C17_F4.nd2,13
19,19058,29,0.0250288592716969,0.1918526896551723,701.8713989257812,13376265.0,9.834264018439068,2.220350688730832e-05,-0.0151091209105496,True,,Control,C17,4.0,d28,Plate1,/Users/pmihack/claire/tmem_2026/data/cleaved_tmem_pld3_260821/d28/Z59_PLD_Control/PLD3Control_Plate1_d28_TMEM561LAMP1640MAP2488DAPI405_C17_F4.nd2,13
20,9011,12,0.1936522028631672,1.6961399999999998,1655.5374755859375,14918048.0,15.7859287056867,0.0,-0.1265338229405061,True,,Control,C17,4.0,d28,Plate1,/Users/pmihack/claire/tmem_2026/data/cleaved_tmem_pld3_260821/d28/Z59_PLD_Control/PLD3Control_Plate1_d28_TMEM561LAMP1640MAP2488DAPI405_C17_F4.nd2,13
1,21925,5,0.0017331812998859,0.0886463999999999,515.4874267578125,11302062.0,12.910667285782624,4.583234476740472e-05,-0.0140475046252009,True,,Control,E17,1.0,d28,Plate1,/Users/pmihack/claire/tmem_2026/data/cleaved_tmem_pld3_260821/d28/Z59_PLD_Control/PLD3Control_Plate1_d28_TMEM561LAMP1640MAP2488DAPI405_E17_F1.nd2,15
2,19266,8,0.0078376414408803,0.220158,871.064453125,16781928.0,3.049686091639475,0.0,-0.0163180433295913,True,,Control,E17,1.0,d28,Plate1,/Users/pmihack/claire/tmem_2026/data/cleaved_tmem_pld3_260821/d28/Z59_PLD_Control/PLD3Control_Plate1_d28_TMEM561LAMP1640MAP2488DAPI405_E17_F1.nd2,15
3,18080,9,0.0056969026548672,0.133488,645.2448120117188,11666026.0,0.6450794016168293,0.0,0.070837927549511,True,,Control,E17,1.0,d28,Plate1,/Users/pmihack/claire/tmem_2026/data/cleaved_tmem_pld3_260821/d28/Z59_PLD_Control/PLD3Control_Plate1_d28_TMEM561LAMP1640MAP2488DAPI405_E17_F1.nd2,15
4,18253,9,0.0076151865446775,0.180144,689.8368530273438,12591592.0,5.543535543462166,0.0,-0.0506307698388929,True,,Control,E17,1.0,d28,Plate1,/Users/pmihack/claire/tmem_2026/data/cleaved_tmem_pld3_260821/d28/Z59_PLD_Control/PLD3Control_Plate1_d28_TMEM561LAMP1640MAP2488DAPI405_E17_F1.nd2,15
5,4843,4,0.0088787941358661,0.125388,1300.6993408203125,6299287.0,27.43534000544351,0.0,-0.0108544340615564,True,,Control,E17,1.0,d28,Plate1,/Users/pmihack/claire/tmem_2026/data/cleaved_tmem_pld3_260821/d28/Z59_PLD_Control/PLD3Control_Plate1_d28_TMEM561LAMP1640MAP2488DAPI405_E17_F1.nd2,15
6,4607,0,0.0,0.0,52.5079231262207,241904.0,,0.0,0.0312911573598267,True,,Control,E17,1.0,d28,Plate1,/Users/pmihack/claire/tmem_2026/data/cleaved_tmem_pld3_260821/d28/Z59_PLD_Control/PLD3Control_Plate1_d28_TMEM561LAMP1640MAP2488DAPI405_E17_F1.nd2,15
7,7335,6,0.0211315610088616,0.30132,1196.65185546875,8777441.0,15.297598363692607,2.1190686311456375e-05,-0.0573522079732438,True,,Control,E17,1.0,d28,Plate1,/Users/pmihack/claire/tmem_2026/data/cleaved_tmem_pld3_260821/d28/Z59_PLD_Control/PLD3Control_Plate1_d28_TMEM561LAMP1640MAP2488DAPI405_E17_F1.nd2,15
8,16301,3,0.0061345929697564,0.3888,1017.45556640625,16585543.0,22.531358619776498,0.0,-0.0791047526011787,True,,Control,E17,1.0,d28,Plate1,/Users/pmihack/claire/tmem_2026/data/cleaved_tmem_pld3_260821/d28/Z59_PLD_Control/PLD3Control_Plate1_d28_TMEM561LAMP1640MAP2488DAPI405_E17_F1.nd2,15
9,14311,5,0.0046118370484242,0.1539647999999999,531.1251220703125,7600932.0,15.421430834923298,0.0,0.0604169566418043,True,,Control,E17,1.0,d28,Plate1,/Users/pmihack/claire/tmem_2026/data/cleaved_tmem_pld3_260821/d28/Z59_PLD_Control/PLD3Control_Plate1_d28_TMEM561LAMP1640MAP2488DAPI405_E17_F1.nd2,15
10,16753,9,0.0151614636184563,0.329184,715.9494018554688,11994300.0,2.3501035023541212,0.0,-0.0262087677435351,True,,Control,E17,1.0,d28,Plate1,/Users/pmihack/claire/tmem_2026/data/cleaved_tmem_pld3_260821/d28/Z59_PLD_Control/PLD3Control_Plate1_d28_TMEM561LAMP1640MAP2488DAPI405_E17_F1.nd2,15
1,5099,2,0.006667974112571,0.198288,374.0941467285156,1907506.0,40.68573668244465,0.0,0.1914920619055135,True,,Control,E17,2.0,d28,Plate1,/Users/pmihack/claire/tmem_2026/data/cleaved_tmem_pld3_260821/d28/Z59_PLD_Control/PLD3Control_Plate1_d28_TMEM561LAMP1640MAP2488DAPI405_E17_F2.nd2,15
2,19037,32,0.2714188159899143,1.8833715,1972.55322265625,37551496.0,8.525541425590598,0.0,-0.0551816422209099,True,,Control,E17,2.0,d28,Plate1,/Users/pmihack/claire/tmem_2026/data/cleaved_tmem_pld3_260821/d28/Z59_PLD_Control/PLD3Control_Plate1_d28_TMEM561LAMP1640MAP2488DAPI405_E17_F2.nd2,15
3,2450,0,0.0,0.0,268.237548828125,657182.0,,0.0,0.130519799311837,True,,Control,E17,2.0,d28,Plate1,/Users/pmihack/claire/tmem_2026/data/cleaved_tmem_pld3_260821/d28/Z59_PLD_Control/PLD3Control_Plate1_d28_TMEM561LAMP1640MAP2488DAPI405_E17_F2.nd2,15
4,15617,27,0.0676186207338157,0.456192,818.4646606445312,12781963.0,7.9496993850394,0.0011763451620936,-0.0477792705408694,True,,Control,E17,2.0,d28,Plate1,/Users/pmihack/claire/tmem_2026/data/cleaved_tmem_pld3_260821/d28/Z59_PLD_Control/PLD3Control_Plate1_d28_TMEM561LAMP1640MAP2488DAPI405_E17_F2.nd2,15
5,5469,19,0.0343755714024501,0.1154122105263157,1163.9522705078125,6365655.0,22.632737125837508,0.0,-0.0360808970144029,True,,Control,E17,2.0,d28,Plate1,/Users/pmihack/claire/tmem_2026/data/cleaved_tmem_pld3_260821/d28/Z59_PLD_Control/PLD3Control_Plate1_d28_TMEM561LAMP1640MAP2488DAPI405_E17_F2.nd2,15
6,15858,73,0.181737924076176,0.4604883287671232,2058.16015625,32638304.0,8.05896498223394,0.0,0.0140583930782169,False,abnormal_nucleus,Control,E17,2.0,d28,Plate1,/Users/pmihack/claire/tmem_2026/data/cleaved_tmem_pld3_260821/d28/Z59_PLD_Control/PLD3Control_Plate1_d28_TMEM561LAMP1640MAP2488DAPI405_E17_F2.nd2,15
7,4938,5,0.0336168489266909,0.3872448,606.091552734375,2992880.0,30.391381055617387,0.0,0.3337509282993942,False,abnormal_nucleus,Control,E17,2.0,d28,Plate1,/Users/pmihack/claire/tmem_2026/data/cleaved_tmem_pld3_260821/d28/Z59_PLD_Control/PLD3Control_Plate1_d28_TMEM561LAMP1640MAP2488DAPI405_E17_F2.nd2,15
8,7919,2,0.5331481247632277,24.622704,3978.52294921875,31505924.0,17.996350913596824,0.0,-0.0695965497582382,True,,Control,E17,2.0,d28,Plate1,/Users/pmihack/claire/tmem_2026/data/cleaved_tmem_pld3_260821/d28/Z59_PLD_Control/PLD3Control_Plate1_d28_TMEM561LAMP1640MAP2488DAPI405_E17_F2.nd2,15
9,12002,24,0.0743209465089151,0.4335119999999999,898.9924926757812,10789708.0,15.877992411911784,7.73885622038506e-05,-0.0356860006200528,True,,Control,E17,2.0,d28,Plate1,/Users/pmihack/claire/tmem_2026/data/cleaved_tmem_pld3_260821/d28/Z59_PLD_Control/PLD3Control_Plate1_d28_TMEM561LAMP1640MAP2488DAPI405_E17_F2.nd2,15
10,198,0,0.0,0.0,121.39898681640624,24037.0,,0.0,-0.2042995396284363,False,size_outlier,Control,E17,2.0,d28,Plate1,/Users/pmihack/claire/tmem_2026/data/cleaved_tmem_pld3_260821/d28/Z59_PLD_Control/PLD3Control_Plate1_d28_TMEM561LAMP1640MAP2488DAPI405_E17_F2.nd2,15
11,10694,18,0.0460071067888535,0.3188159999999999,842.8020629882812,9012925.0,26.06549751216566,0.0,0.0691866797693084,True,,Control,E17,2.0,d28,Plate1,/Users/pmihack/claire/tmem_2026/data/cleaved_tmem_pld3_260821/d28/Z59_PLD_Control/PLD3Control_Plate1_d28_TMEM561LAMP1640MAP2488DAPI405_E17_F2.nd2,15
12,1874,1,0.0042689434364994,0.0933119999999999,424.7129211425781,795912.0,42.580831652208005,0.0,0.3519395792571442,False,size_outlier,Control,E17,2.0,d28,Plate1,/Users/pmihack/claire/tmem_2026/data/cleaved_tmem_pld3_260821/d28/Z59_PLD_Control/PLD3Control_Plate1_d28_TMEM561LAMP1640MAP2488DAPI405_E17_F2.nd2,15
13,5138,3,0.0515764889061891,1.03032,991.5953979492188,5094817.0,21.402169154482745,0.0,-0.0245539456086396,False,abnormal_nucleus,Control,E17,2.0,d28,Plate1,/Users/pmihack/claire/tmem_2026/data/cleaved_tmem_pld3_260821/d28/Z59_PLD_Control/PLD3Control_Plate1_d28_TMEM561LAMP1640MAP2488DAPI405_E17_F2.nd2,15
14,12266,11,0.0177727050383173,0.2311592727272726,745.3299560546875,9142217.0,18.06461924829721,0.0,0.1074912396066765,True,,Control,E17,2.0,d28,Plate1,/Users/pmihack/claire/tmem_2026/data/cleaved_tmem_pld3_260821/d28/Z59_PLD_Control/PLD3Control_Plate1_d28_TMEM561LAMP1640MAP2488DAPI405_E17_F2.nd2,15
1,4197,0,0.0,0.0,43.310699462890625,181775.0,,0.0,-0.0064146820546254,True,,Control,E17,3.0,d28,Plate1,/Users/pmihack/claire/tmem_2026/data/cleaved_tmem_pld3_260821/d28/Z59_PLD_Control/PLD3Control_Plate1_d28_TMEM561LAMP1640MAP2488DAPI405_E17_F3.nd2,16
2,9931,28,0.3132615043802235,1.2959537142857145,1796.476318359375,17840806.0,9.824876202173096,0.0,-0.028706014152331,True,,Control,E17,3.0,d28,Plate1,/Users/pmihack/claire/tmem_2026/data/cleaved_tmem_pld3_260821/d28/Z59_PLD_Control/PLD3Control_Plate1_d28_TMEM561LAMP1640MAP2488DAPI405_E17_F3.nd2,16
3,12678,37,0.1522322132828522,0.6084194594594594,1171.421630859375,14851284.0,23.631309688192765,0.0,0.0090223986683763,True,,Control,E17,3.0,d28,Plate1,/Users/pmihack/claire/tmem_2026/data/cleaved_tmem_pld3_260821/d28/Z59_PLD_Control/PLD3Control_Plate1_d28_TMEM561LAMP1640MAP2488DAPI405_E17_F3.nd2,16
4,2665,12,0.0682926829268292,0.1769039999999999,1128.6922607421875,3007965.0,37.179815639219704,0.0,0.12170590248304,True,,Control,E17,3.0,d28,Plate1,/Users/pmihack/claire/tmem_2026/data/cleaved_tmem_pld3_260821/d28/Z59_PLD_Control/PLD3Control_Plate1_d28_TMEM561LAMP1640MAP2488DAPI405_E17_F3.nd2,16
5,19481,39,0.1783789333196447,1.0392923076923075,1329.3780517578125,25897614.0,6.694721116587164,0.0,-0.0582106901090359,True,,Control,E17,3.0,d28,Plate1,/Users/pmihack/claire/tmem_2026/data/cleaved_tmem_pld3_260821/d28/Z59_PLD_Control/PLD3Control_Plate1_d28_TMEM561LAMP1640MAP2488DAPI405_E17_F3.nd2,16
6,16897,19,0.1186009350772326,1.230245052631579,840.9305419921875,14209203.0,8.176182660584097,0.0,-0.0493872010301409,True,,Control,E17,3.0,d28,Plate1,/Users/pmihack/claire/tmem_2026/data/cleaved_tmem_pld3_260821/d28/Z59_PLD_Control/PLD3Control_Plate1_d28_TMEM561LAMP1640MAP2488DAPI405_E17_F3.nd2,16
7,16229,18,0.1621788157002896,1.705536,1217.0078125,19750820.0,16.723367569980955,0.0,-0.0066918168679033,True,,Control,E17,3.0,d28,Plate1,/Users/pmihack/claire/tmem_2026/data/cleaved_tmem_pld3_260821/d28/Z59_PLD_Control/PLD3Control_Plate1_d28_TMEM561LAMP1640MAP2488DAPI405_E17_F3.nd2,16
8,15445,27,0.2325024279702169,1.5513119999999998,1373.6212158203125,21215580.0,15.499545747480518,0.0,-0.0374132630234642,True,,Control,E17,3.0,d28,Plate1,/Users/pmihack/claire/tmem_2026/data/cleaved_tmem_pld3_260821/d28/Z59_PLD_Control/PLD3Control_Plate1_d28_TMEM561LAMP1640MAP2488DAPI405_E17_F3.nd2,16
9,7971,17,0.3710952201731275,2.029536,1953.613525390625,15572253.0,18.125929973223087,0.0,-0.0257199407101555,True,,Control,E17,3.0,d28,Plate1,/Users/pmihack/claire/tmem_2026/data/cleaved_tmem_pld3_260821/d28/Z59_PLD_Control/PLD3Control_Plate1_d28_TMEM561LAMP1640MAP2488DAPI405_E17_F3.nd2,16
10,15037,23,0.272926780607834,2.081263304347826,1716.7974853515625,25815484.0,16.47418125479673,4.4856798922410235e-05,-0.0389806993784706,True,,Control,E17,3.0,d28,Plate1,/Users/pmihack/claire/tmem_2026/data/cleaved_tmem_pld3_260821/d28/Z59_PLD_Control/PLD3Control_Plate1_d28_TMEM561LAMP1640MAP2488DAPI405_E17_F3.nd2,16
11,18361,16,0.2824464898426012,3.780594,1698.75,31190748.0,22.55178028547637,0.0,-0.0331295717864539,False,abnormal_nucleus,Control,E17,3.0,d28,Plate1,/Users/pmihack/claire/tmem_2026/data/cleaved_tmem_pld3_260821/d28/Z59_PLD_Control/PLD3Control_Plate1_d28_TMEM561LAMP1640MAP2488DAPI405_E17_F3.nd2,16
12,14043,15,0.2910346791996012,3.1780511999999996,1809.6507568359375,25412926.0,21.897960270935453,0.0,-0.0217205675101717,True,,Control,E17,3.0,d28,Plate1,/Users/pmihack/claire/tmem_2026/data/cleaved_tmem_pld3_260821/d28/Z59_PLD_Control/PLD3Control_Plate1_d28_TMEM561LAMP1640MAP2488DAPI405_E17_F3.nd2,16
13,12063,75,0.2084058691867694,0.39097728,1631.6328125,19682386.0,24.025700985926083,0.0,-0.0514226696625226,True,,Control,E17,3.0,d28,Plate1,/Users/pmihack/claire/tmem_2026/data/cleaved_tmem_pld3_260821/d28/Z59_PLD_Control/PLD3Control_Plate1_d28_TMEM561LAMP1640MAP2488DAPI405_E17_F3.nd2,16
14,27902,22,0.1074833345279908,1.5900152727272725,893.707275390625,24936220.0,17.24957400628044,0.0,0.0246764955498848,True,,Control,E17,3.0,d28,Plate1,/Users/pmihack/claire/tmem_2026/data/cleaved_tmem_pld3_260821/d28/Z59_PLD_Control/PLD3Control_Plate1_d28_TMEM561LAMP1640MAP2488DAPI405_E17_F3.nd2,16
15,10688,25,0.2673091317365269,1.3329619199999998,1592.3770751953125,17019326.0,26.57501440023037,0.0,-0.1135367968414853,True,,Control,E17,3.0,d28,Plate1,/Users/pmihack/claire/tmem_2026/data/cleaved_tmem_pld3_260821/d28/Z59_PLD_Control/PLD3Control_Plate1_d28_TMEM561LAMP1640MAP2488DAPI405_E17_F3.nd2,16
16,10959,10,0.2256592754813395,2.8845072,1259.250244140625,13800123.0,27.73942790356206,0.0,-0.0460714026865178,True,,Control,E17,3.0,d28,Plate1,/Users/pmihack/claire/tmem_2026/data/cleaved_tmem_pld3_260821/d28/Z59_PLD_Control/PLD3Control_Plate1_d28_TMEM561LAMP1640MAP2488DAPI405_E17_F3.nd2,16
1,7340,1,0.0024523160762942,0.2099519999999999,972.1530151367188,7135603.0,1.6970142837892628,0.0,0.0039767460928667,True,,Control,E17,4.0,d28,Plate1,/Users/pmihack/claire/tmem_2026/data/cleaved_tmem_pld3_260821/d28/Z59_PLD_Control/PLD3Control_Plate1_d28_TMEM561LAMP1640MAP2488DAPI405_E17_F4.nd2,14
2,4139,0,0.0,0.0,295.7813415527344,1224239.0,,0.0,-0.1241017227498643,True,,Control,E17,4.0,d28,Plate1,/Users/pmihack/claire/tmem_2026/data/cleaved_tmem_pld3_260821/d28/Z59_PLD_Control/PLD3Control_Plate1_d28_TMEM561LAMP1640MAP2488DAPI405_E17_F4.nd2,14
3,10478,1,0.0013361328497804,0.163296,896.3099975585938,9391536.0,12.112151823867997,0.0,0.1126463488500173,True,,Control,E17,4.0,d28,Plate1,/Users/pmihack/claire/tmem_2026/data/cleaved_tmem_pld3_260821/d28/Z59_PLD_Control/PLD3Control_Plate1_d28_TMEM561LAMP1640MAP2488DAPI405_E17_F4.nd2,14
4,5842,0,0.0,0.0,906.1589965820312,5293781.0,,0.0,-0.3751592876683707,True,,Control,E17,4.0,d28,Plate1,/Users/pmihack/claire/tmem_2026/data/cleaved_tmem_pld3_260821/d28/Z59_PLD_Control/PLD3Control_Plate1_d28_TMEM561LAMP1640MAP2488DAPI405_E17_F4.nd2,14
5,2660,0,0.0,0.0,542.060546875,1441881.0,,0.0,-0.0810677699320696,True,,Control,E17,4.0,d28,Plate1,/Users/pmihack/claire/tmem_2026/data/cleaved_tmem_pld3_260821/d28/Z59_PLD_Control/PLD3Control_Plate1_d28_TMEM561LAMP1640MAP2488DAPI405_E17_F4.nd2,14
6,3803,0,0.0,0.0,259.01708984375,985042.0,,0.0,0.1984009931669565,False,abnormal_nucleus,Control,E17,4.0,d28,Plate1,/Users/pmihack/claire/tmem_2026/data/cleaved_tmem_pld3_260821/d28/Z59_PLD_Control/PLD3Control_Plate1_d28_TMEM561LAMP1640MAP2488DAPI405_E17_F4.nd2,14
7,2205,1,0.0058956916099773,0.151632,176.9496612548828,390174.0,10.910195488069478,0.0,0.3940160440502094,True,,Control,E17,4.0,d28,Plate1,/Users/pmihack/claire/tmem_2026/data/cleaved_tmem_pld3_260821/d28/Z59_PLD_Control/PLD3Control_Plate1_d28_TMEM561LAMP1640MAP2488DAPI405_E17_F4.nd2,14
8,22489,0,0.0,0.0,163.75192260742188,3682617.0,,0.0,-0.0198311839964888,True,,Control,E17,4.0,d28,Plate1,/Users/pmihack/claire/tmem_2026/data/cleaved_tmem_pld3_260821/d28/Z59_PLD_Control/PLD3Control_Plate1_d28_TMEM561LAMP1640MAP2488DAPI405_E17_F4.nd2,14
9,12292,0,0.0,0.0,324.8873291015625,3993515.0,,0.0,-0.0922182108194998,True,,Control,E17,4.0,d28,Plate1,/Users/pmihack/claire/tmem_2026/data/cleaved_tmem_pld3_260821/d28/Z59_PLD_Control/PLD3Control_Plate1_d28_TMEM561LAMP1640MAP2488DAPI405_E17_F4.nd2,14
10,22127,1,0.0011750350250824,0.303264,264.7697448730469,5858560.0,7.0099195572413215,0.0,0.1229126007714778,False,abnormal_nucleus,Control,E17,4.0,d28,Plate1,/Users/pmihack/claire/tmem_2026/data/cleaved_tmem_pld3_260821/d28/Z59_PLD_Control/PLD3Control_Plate1_d28_TMEM561LAMP1640MAP2488DAPI405_E17_F4.nd2,14
11,4457,0,0.0,0.0,149.12161254882812,664635.0,,0.0,0.0229384169230251,False,abnormal_nucleus,Control,E17,4.0,d28,Plate1,/Users/pmihack/claire/tmem_2026/data/cleaved_tmem_pld3_260821/d28/Z59_PLD_Control/PLD3Control_Plate1_d28_TMEM561LAMP1640MAP2488DAPI405_E17_F4.nd2,14
12,17739,3,0.0008455944529003,0.05832,691.3242797851562,12263401.0,6.999322421413314,0.0,0.1165209037655381,False,abnormal_nucleus,Control,E17,4.0,d28,Plate1,/Users/pmihack/claire/tmem_2026/data/cleaved_tmem_pld3_260821/d28/Z59_PLD_Control/PLD3Control_Plate1_d28_TMEM561LAMP1640MAP2488DAPI405_E17_F4.nd2,14
13,2744,1,0.0379008746355685,1.213056,1164.806884765625,3196230.0,42.892322628947134,0.0,0.0189005491021909,True,,Control,E17,4.0,d28,Plate1,/Users/pmihack/claire/tmem_2026/data/cleaved_tmem_pld3_260821/d28/Z59_PLD_Control/PLD3Control_Plate1_d28_TMEM561LAMP1640MAP2488DAPI405_E17_F4.nd2,14
14,24114,25,0.012399436012275,0.13950144,840.0267333984375,20256404.0,8.576481741820979,0.0,-0.0122958938537595,True,,Control,E17,4.0,d28,Plate1,/Users/pmihack/claire/tmem_2026/data/cleaved_tmem_pld3_260821/d28/Z59_PLD_Control/PLD3Control_Plate1_d28_TMEM561LAMP1640MAP2488DAPI405_E17_F4.nd2,14
15,21837,0,0.0,0.0,498.1106262207031,10877242.0,,0.0,-0.0597412404500144,True,,Control,E17,4.0,d28,Plate1,/Users/pmihack/claire/tmem_2026/data/cleaved_tmem_pld3_260821/d28/Z59_PLD_Control/PLD3Control_Plate1_d28_TMEM561LAMP1640MAP2488DAPI405_E17_F4.nd2,14
16,3294,0,0.0,0.0,208.41165161132812,686508.0,,0.0,0.0376404708124692,False,abnormal_nucleus,Control,E17,4.0,d28,Plate1,/Users/pmihack/claire/tmem_2026/data/cleaved_tmem_pld3_260821/d28/Z59_PLD_Control/PLD3Control_Plate1_d28_TMEM561LAMP1640MAP2488DAPI405_E17_F4.nd2,14
17,17741,5,0.0036074629389549,0.1492992,695.7091064453125,12342575.0,12.526083530424,0.0,0.0947740840092039,True,,Control,E17,4.0,d28,Plate1,/Users/pmihack/claire/tmem_2026/data/cleaved_tmem_pld3_260821/d28/Z59_PLD_Control/PLD3Control_Plate1_d28_TMEM561LAMP1640MAP2488DAPI405_E17_F4.nd2,14
18,7595,5,0.0043449637919684,0.0769823999999999,900.1749877929688,6836829.0,16.344156085966578,0.0,-0.0449574859249592,True,,Control,E17,4.0,d28,Plate1,/Users/pmihack/claire/tmem_2026/data/cleaved_tmem_pld3_260821/d28/Z59_PLD_Control/PLD3Control_Plate1_d28_TMEM561LAMP1640MAP2488DAPI405_E17_F4.nd2,14
19,20513,0,0.0,0.0,562.8158569335938,11545042.0,,0.0,-0.068313483296352,True,,Control,E17,4.0,d28,Plate1,/Users/pmihack/claire/tmem_2026/data/cleaved_tmem_pld3_260821/d28/Z59_PLD_Control/PLD3Control_Plate1_d28_TMEM561LAMP1640MAP2488DAPI405_E17_F4.nd2,14
20,19952,2,0.0021551724137931,0.250776,151.6797332763672,3026314.0,8.936182817363587,0.0,0.0244248671221012,True,,Control,E17,4.0,d28,Plate1,/Users/pmihack/claire/tmem_2026/data/cleaved_tmem_pld3_260821/d28/Z59_PLD_Control/PLD3Control_Plate1_d28_TMEM561LAMP1640MAP2488DAPI405_E17_F4.nd2,14
1,2769,0,0.0,0.0,27.562658309936523,76321.0,,0.0,0.1419438195324322,True,,Control,F17,1.0,d28,Plate1,/Users/pmihack/claire/tmem_2026/data/cleaved_tmem_pld3_260821/d28/Z59_PLD_Control/PLD3Control_Plate1_d28_TMEM561LAMP1640MAP2488DAPI405_F17_F1.nd2,12
2,12485,0,0.0,0.0,116.74505615234376,1457562.0,,0.0,0.1402197197777565,True,,Control,F17,1.0,d28,Plate1,/Users/pmihack/claire/tmem_2026/data/cleaved_tmem_pld3_260821/d28/Z59_PLD_Control/PLD3Control_Plate1_d28_TMEM561LAMP1640MAP2488DAPI405_F17_F1.nd2,12
3,1476,0,0.0,0.0,48.955284118652344,72258.0,,0.0,-0.0159113657181514,False,size_outlier,Control,F17,1.0,d28,Plate1,/Users/pmihack/claire/tmem_2026/data/cleaved_tmem_pld3_260821/d28/Z59_PLD_Control/PLD3Control_Plate1_d28_TMEM561LAMP1640MAP2488DAPI405_F17_F1.nd2,12
4,10772,0,0.0,0.0,112.7504653930664,1214548.0,,0.0,0.2305795020717267,True,,Control,F17,1.0,d28,Plate1,/Users/pmihack/claire/tmem_2026/data/cleaved_tmem_pld3_260821/d28/Z59_PLD_Control/PLD3Control_Plate1_d28_TMEM561LAMP1640MAP2488DAPI405_F17_F1.nd2,12
5,6998,0,0.0,0.0,54.5627326965332,381830.0,,0.0048869918100535,-0.0238495933883308,True,,Control,F17,1.0,d28,Plate1,/Users/pmihack/claire/tmem_2026/data/cleaved_tmem_pld3_260821/d28/Z59_PLD_Control/PLD3Control_Plate1_d28_TMEM561LAMP1640MAP2488DAPI405_F17_F1.nd2,12
6,1473,0,0.0,0.0,56.89205551147461,83802.0,,0.0,0.010760844843601,False,size_outlier,Control,F17,1.0,d28,Plate1,/Users/pmihack/claire/tmem_2026/data/cleaved_tmem_pld3_260821/d28/Z59_PLD_Control/PLD3Control_Plate1_d28_TMEM561LAMP1640MAP2488DAPI405_F17_F1.nd2,12
7,5347,0,0.0,0.0,188.87786865234375,1009930.0,,0.0,-0.030640977859844,True,,Control,F17,1.0,d28,Plate1,/Users/pmihack/claire/tmem_2026/data/cleaved_tmem_pld3_260821/d28/Z59_PLD_Control/PLD3Control_Plate1_d28_TMEM561LAMP1640MAP2488DAPI405_F17_F1.nd2,12
8,2229,0,0.0,0.0,74.94257354736328,167047.0,,0.0,0.0699270456389227,True,,Control,F17,1.0,d28,Plate1,/Users/pmihack/claire/tmem_2026/data/cleaved_tmem_pld3_260821/d28/Z59_PLD_Control/PLD3Control_Plate1_d28_TMEM561LAMP1640MAP2488DAPI405_F17_F1.nd2,12
9,17141,1,0.0005250568811621,0.1049759999999999,153.03407287597656,2623157.0,15.12223618344049,0.0,0.0809238653206708,True,,Control,F17,1.0,d28,Plate1,/Users/pmihack/claire/tmem_2026/data/cleaved_tmem_pld3_260821/d28/Z59_PLD_Control/PLD3Control_Plate1_d28_TMEM561LAMP1640MAP2488DAPI405_F17_F1.nd2,12
10,23416,0,0.0,0.0,181.68069458007812,4254235.0,,0.0,0.0826791929148491,True,,Control,F17,1.0,d28,Plate1,/Users/pmihack/claire/tmem_2026/data/cleaved_tmem_pld3_260821/d28/Z59_PLD_Control/PLD3Control_Plate1_d28_TMEM561LAMP1640MAP2488DAPI405_F17_F1.nd2,12
11,1482,0,0.0,0.0,8.178812026977539,12121.0,,0.0,0.003324518362251,False,size_outlier,Control,F17,1.0,d28,Plate1,/Users/pmihack/claire/tmem_2026/data/cleaved_tmem_pld3_260821/d28/Z59_PLD_Control/PLD3Control_Plate1_d28_TMEM561LAMP1640MAP2488DAPI405_F17_F1.nd2,12
12,1182,1,0.0076142131979695,0.1049759999999999,95.0752944946289,112379.0,,0.0,0.0599059199349236,False,size_outlier,Control,F17,1.0,d28,Plate1,/Users/pmihack/claire/tmem_2026/data/cleaved_tmem_pld3_260821/d28/Z59_PLD_Control/PLD3Control_Plate1_d28_TMEM561LAMP1640MAP2488DAPI405_F17_F1.nd2,12
13,15689,0,0.0,0.0,179.19064331054688,2811322.0,,0.0,0.1712300521010295,True,,Control,F17,1.0,d28,Plate1,/Users/pmihack/claire/tmem_2026/data/cleaved_tmem_pld3_260821/d28/Z59_PLD_Control/PLD3Control_Plate1_d28_TMEM561LAMP1640MAP2488DAPI405_F17_F1.nd2,12
14,4629,0,0.0,0.0,98.14884185791016,454331.0,,0.0,0.0412569628556802,True,,Control,F17,1.0,d28,Plate1,/Users/pmihack/claire/tmem_2026/data/cleaved_tmem_pld3_260821/d28/Z59_PLD_Control/PLD3Control_Plate1_d28_TMEM561LAMP1640MAP2488DAPI405_F17_F1.nd2,12
15,15436,0,0.0,0.0,80.15937042236328,1237340.0,,0.0007152439793571,-0.018445952741697,True,,Control,F17,1.0,d28,Plate1,/Users/pmihack/claire/tmem_2026/data/cleaved_tmem_pld3_260821/d28/Z59_PLD_Control/PLD3Control_Plate1_d28_TMEM561LAMP1640MAP2488DAPI405_F17_F1.nd2,12
16,6215,1,0.0008045052292839,0.05832,134.62075805664062,836668.0,,0.0,0.0430101301937325,True,,Control,F17,1.0,d28,Plate1,/Users/pmihack/claire/tmem_2026/data/cleaved_tmem_pld3_260821/d28/Z59_PLD_Control/PLD3Control_Plate1_d28_TMEM561LAMP1640MAP2488DAPI405_F17_F1.nd2,12
17,9821,6,0.0656755931167905,1.25388,655.84228515625,6441027.0,,0.0,0.1675010325197679,True,,Control,F17,1.0,d28,Plate1,/Users/pmihack/claire/tmem_2026/data/cleaved_tmem_pld3_260821/d28/Z59_PLD_Control/PLD3Control_Plate1_d28_TMEM561LAMP1640MAP2488DAPI405_F17_F1.nd2,12
18,1539,0,0.0,0.0,185.96490478515625,286200.0,,0.0,0.1027754636964836,False,border,Control,F17,1.0,d28,Plate1,/Users/pmihack/claire/tmem_2026/data/cleaved_tmem_pld3_260821/d28/Z59_PLD_Control/PLD3Control_Plate1_d28_TMEM561LAMP1640MAP2488DAPI405_F17_F1.nd2,12
1,11978,0,0.0,0.0,596.8865356445312,7149507.0,,0.0,0.057560060300811,True,,Control,F17,2.0,d28,Plate1,/Users/pmihack/claire/tmem_2026/data/cleaved_tmem_pld3_260821/d28/Z59_PLD_Control/PLD3Control_Plate1_d28_TMEM561LAMP1640MAP2488DAPI405_F17_F2.nd2,11
2,2569,0,0.0,0.0,135.26547241210938,347497.0,,0.0,0.0838108011598681,True,,Control,F17,2.0,d28,Plate1,/Users/pmihack/claire/tmem_2026/data/cleaved_tmem_pld3_260821/d28/Z59_PLD_Control/PLD3Control_Plate1_d28_TMEM561LAMP1640MAP2488DAPI405_F17_F2.nd2,11
3,11764,0,0.0,0.0,103.12028503417967,1213107.0,,0.0,0.1974245213913453,True,,Control,F17,2.0,d28,Plate1,/Users/pmihack/claire/tmem_2026/data/cleaved_tmem_pld3_260821/d28/Z59_PLD_Control/PLD3Control_Plate1_d28_TMEM561LAMP1640MAP2488DAPI405_F17_F2.nd2,11
4,17155,1,0.0008160886039055,0.163296,162.2507781982422,2783412.0,6.204341123168167,0.0,0.0092339042682869,True,,Control,F17,2.0,d28,Plate1,/Users/pmihack/claire/tmem_2026/data/cleaved_tmem_pld3_260821/d28/Z59_PLD_Control/PLD3Control_Plate1_d28_TMEM561LAMP1640MAP2488DAPI405_F17_F2.nd2,11
5,10747,0,0.0,0.0,157.81846618652344,1696075.0,,0.0,0.1081903428975327,True,,Control,F17,2.0,d28,Plate1,/Users/pmihack/claire/tmem_2026/data/cleaved_tmem_pld3_260821/d28/Z59_PLD_Control/PLD3Control_Plate1_d28_TMEM561LAMP1640MAP2488DAPI405_F17_F2.nd2,11
6,16113,0,0.0,0.0,122.27381896972656,1970198.0,,6.446052429964766e-05,0.0117995004725513,True,,Control,F17,2.0,d28,Plate1,/Users/pmihack/claire/tmem_2026/data/cleaved_tmem_pld3_260821/d28/Z59_PLD_Control/PLD3Control_Plate1_d28_TMEM561LAMP1640MAP2488DAPI405_F17_F2.nd2,11
7,7392,0,0.0,0.0,338.3445739746094,2501043.0,,0.0001015576272038,0.0255359602405703,True,,Control,F17,2.0,d28,Plate1,/Users/pmihack/claire/tmem_2026/data/cleaved_tmem_pld3_260821/d28/Z59_PLD_Control/PLD3Control_Plate1_d28_TMEM561LAMP1640MAP2488DAPI405_F17_F2.nd2,11
8,14778,0,0.0,0.0,143.28440856933594,2117457.0,,0.0,0.0182775910225816,True,,Control,F17,2.0,d28,Plate1,/Users/pmihack/claire/tmem_2026/data/cleaved_tmem_pld3_260821/d28/Z59_PLD_Control/PLD3Control_Plate1_d28_TMEM561LAMP1640MAP2488DAPI405_F17_F2.nd2,11
9,16073,0,0.0,0.0,249.45343017578125,4009465.0,,0.0,0.1842670332996738,True,,Control,F17,2.0,d28,Plate1,/Users/pmihack/claire/tmem_2026/data/cleaved_tmem_pld3_260821/d28/Z59_PLD_Control/PLD3Control_Plate1_d28_TMEM561LAMP1640MAP2488DAPI405_F17_F2.nd2,11
10,12194,0,0.0,0.0,27.94849967956543,340804.0,,0.0,0.0737390831816519,True,,Control,F17,2.0,d28,Plate1,/Users/pmihack/claire/tmem_2026/data/cleaved_tmem_pld3_260821/d28/Z59_PLD_Control/PLD3Control_Plate1_d28_TMEM561LAMP1640MAP2488DAPI405_F17_F2.nd2,11
11,17452,0,0.0,0.0,81.28569793701172,1418598.0,,0.0,-0.0195273817571292,True,,Control,F17,2.0,d28,Plate1,/Users/pmihack/claire/tmem_2026/data/cleaved_tmem_pld3_260821/d28/Z59_PLD_Control/PLD3Control_Plate1_d28_TMEM561LAMP1640MAP2488DAPI405_F17_F2.nd2,11
12,13012,0,0.0,0.0,120.94935607910156,1573793.0,,0.0,0.0526488835558193,True,,Control,F17,2.0,d28,Plate1,/Users/pmihack/claire/tmem_2026/data/cleaved_tmem_pld3_260821/d28/Z59_PLD_Control/PLD3Control_Plate1_d28_TMEM561LAMP1640MAP2488DAPI405_F17_F2.nd2,11
13,10922,0,0.0,0.0,262.11187744140625,2862786.0,,0.0,-0.019079453571509,True,,Control,F17,2.0,d28,Plate1,/Users/pmihack/claire/tmem_2026/data/cleaved_tmem_pld3_260821/d28/Z59_PLD_Control/PLD3Control_Plate1_d28_TMEM561LAMP1640MAP2488DAPI405_F17_F2.nd2,11
1,14528,0,0.0,0.0,185.68234252929688,2697593.0,,0.0,0.0337903947859642,True,,Control,F17,3.0,d28,Plate1,/Users/pmihack/claire/tmem_2026/data/cleaved_tmem_pld3_260821/d28/Z59_PLD_Control/PLD3Control_Plate1_d28_TMEM561LAMP1640MAP2488DAPI405_F17_F3.nd2,14
2,12509,4,0.0036773523063394,0.1341359999999999,277.1836242675781,3467290.0,0.7333634758073949,0.0,0.1227137852749859,True,,Control,F17,3.0,d28,Plate1,/Users/pmihack/claire/tmem_2026/data/cleaved_tmem_pld3_260821/d28/Z59_PLD_Control/PLD3Control_Plate1_d28_TMEM561LAMP1640MAP2488DAPI405_F17_F3.nd2,14
3,19271,25,0.0163976960199263,0.14743296,821.640380859375,15833832.0,1.4956458902851013,0.0,0.0367100654519563,True,,Control,F17,3.0,d28,Plate1,/Users/pmihack/claire/tmem_2026/data/cleaved_tmem_pld3_260821/d28/Z59_PLD_Control/PLD3Control_Plate1_d28_TMEM561LAMP1640MAP2488DAPI405_F17_F3.nd2,14
4,11536,7,0.0214979195561719,0.4132388571428571,480.96923828125,5548461.0,2.192195065381936,0.0,0.0411907189046312,True,,Control,F17,3.0,d28,Plate1,/Users/pmihack/claire/tmem_2026/data/cleaved_tmem_pld3_260821/d28/Z59_PLD_Control/PLD3Control_Plate1_d28_TMEM561LAMP1640MAP2488DAPI405_F17_F3.nd2,14
5,16628,5,0.0058335337984123,0.2262815999999999,242.33035278320312,4029469.0,0.7472470132111682,0.0,0.0575568909935978,True,,Control,F17,3.0,d28,Plate1,/Users/pmihack/claire/tmem_2026/data/cleaved_tmem_pld3_260821/d28/Z59_PLD_Control/PLD3Control_Plate1_d28_TMEM561LAMP1640MAP2488DAPI405_F17_F3.nd2,14
6,28563,39,0.0308090886811609,0.2631876923076923,754.3110961914062,21545388.0,0.9934748625273864,0.0,-0.0017440254375478,True,,Control,F17,3.0,d28,Plate1,/Users/pmihack/claire/tmem_2026/data/cleaved_tmem_pld3_260821/d28/Z59_PLD_Control/PLD3Control_Plate1_d28_TMEM561LAMP1640MAP2488DAPI405_F17_F3.nd2,14
7,14746,13,0.0109860301098603,0.1453513846153846,828.6680297851562,12219539.0,7.444340216448096,0.0,0.0140624432945761,True,,Control,F17,3.0,d28,Plate1,/Users/pmihack/claire/tmem_2026/data/cleaved_tmem_pld3_260821/d28/Z59_PLD_Control/PLD3Control_Plate1_d28_TMEM561LAMP1640MAP2488DAPI405_F17_F3.nd2,14
8,22580,7,0.0061558901682905,0.2316137142857142,303.1658935546875,6845486.0,4.411616911520574,0.0003447527415119,-0.0127953760923018,True,,Control,F17,3.0,d28,Plate1,/Users/pmihack/claire/tmem_2026/data/cleaved_tmem_pld3_260821/d28/Z59_PLD_Control/PLD3Control_Plate1_d28_TMEM561LAMP1640MAP2488DAPI405_F17_F3.nd2,14
1,2901,0,0.0,0.0,187.5439453125,544065.0,,0.0,0.0320011071405203,True,,Control,F17,4.0,d28,Plate1,/Users/pmihack/claire/tmem_2026/data/cleaved_tmem_pld3_260821/d28/Z59_PLD_Control/PLD3Control_Plate1_d28_TMEM561LAMP1640MAP2488DAPI405_F17_F4.nd2,14
2,12035,0,0.0,0.0,264.1126708984375,3178596.0,,0.0,0.0192556019302898,True,,Control,F17,4.0,d28,Plate1,/Users/pmihack/claire/tmem_2026/data/cleaved_tmem_pld3_260821/d28/Z59_PLD_Control/PLD3Control_Plate1_d28_TMEM561LAMP1640MAP2488DAPI405_F17_F4.nd2,14
3,15758,10,0.0168803147607564,0.3102624,658.7848510742188,10381132.0,12.517807276795129,0.0,0.0653789745668584,True,,Control,F17,4.0,d28,Plate1,/Users/pmihack/claire/tmem_2026/data/cleaved_tmem_pld3_260821/d28/Z59_PLD_Control/PLD3Control_Plate1_d28_TMEM561LAMP1640MAP2488DAPI405_F17_F4.nd2,14
4,12113,19,0.1279616940477173,0.9515368421052632,1906.2510986328125,23090420.0,4.686288124340398,0.0,0.0164437866469297,True,,Control,F17,4.0,d28,Plate1,/Users/pmihack/claire/tmem_2026/data/cleaved_tmem_pld3_260821/d28/Z59_PLD_Control/PLD3Control_Plate1_d28_TMEM561LAMP1640MAP2488DAPI405_F17_F4.nd2,14
5,19802,4,0.0011614988385011,0.0670679999999999,717.16162109375,14201234.0,0.9823126659826124,1.4153699339658488e-05,-0.0191331813438197,True,,Control,F17,4.0,d28,Plate1,/Users/pmihack/claire/tmem_2026/data/cleaved_tmem_pld3_260821/d28/Z59_PLD_Control/PLD3Control_Plate1_d28_TMEM561LAMP1640MAP2488DAPI405_F17_F4.nd2,14
6,13431,1,0.0005211823393641,0.081648,221.22373962402344,2971256.0,0.509718948488694,0.0,0.1217079668599105,True,,Control,F17,4.0,d28,Plate1,/Users/pmihack/claire/tmem_2026/data/cleaved_tmem_pld3_260821/d28/Z59_PLD_Control/PLD3Control_Plate1_d28_TMEM561LAMP1640MAP2488DAPI405_F17_F4.nd2,14
7,13011,1,0.0009991545615248,0.151632,163.36245727539062,2125509.0,1.0619949580149677,0.0,0.0397268284199456,True,,Control,F17,4.0,d28,Plate1,/Users/pmihack/claire/tmem_2026/data/cleaved_tmem_pld3_260821/d28/Z59_PLD_Control/PLD3Control_Plate1_d28_TMEM561LAMP1640MAP2488DAPI405_F17_F4.nd2,14
8,27842,8,0.0066087206378852,0.2682719999999999,368.70416259765625,10265461.0,0.5347213755139124,0.0001526478008599,-0.0034396745214897,True,,Control,F17,4.0,d28,Plate1,/Users/pmihack/claire/tmem_2026/data/cleaved_tmem_pld3_260821/d28/Z59_PLD_Control/PLD3Control_Plate1_d28_TMEM561LAMP1640MAP2488DAPI405_F17_F4.nd2,14
9,272,0,0.0,0.0,14.525734901428224,3951.0,,0.0,0.3366219430616551,False,size_outlier,Control,F17,4.0,d28,Plate1,/Users/pmihack/claire/tmem_2026/data/cleaved_tmem_pld3_260821/d28/Z59_PLD_Control/PLD3Control_Plate1_d28_TMEM561LAMP1640MAP2488DAPI405_F17_F4.nd2,14
10,307,0,0.0,0.0,11.491856575012209,3528.0,,0.0,0.1476519205878289,False,size_outlier,Control,F17,4.0,d28,Plate1,/Users/pmihack/claire/tmem_2026/data/cleaved_tmem_pld3_260821/d28/Z59_PLD_Control/PLD3Control_Plate1_d28_TMEM561LAMP1640MAP2488DAPI405_F17_F4.nd2,14
11,3325,0,0.0,0.0,103.10857391357422,342836.0,,0.0,0.0958358242397607,True,,Control,F17,4.0,d28,Plate1,/Users/pmihack/claire/tmem_2026/data/cleaved_tmem_pld3_260821/d28/Z59_PLD_Control/PLD3Control_Plate1_d28_TMEM561LAMP1640MAP2488DAPI405_F17_F4.nd2,14
1,3424,2,0.0198598130841121,0.396576,247.61126708984375,847821.0,1.2503669502164003,0.0,0.2591698633500787,False,abnormal_nucleus,Control,G17,1.0,d28,Plate1,/Users/pmihack/claire/tmem_2026/data/cleaved_tmem_pld3_260821/d28/Z59_PLD_Control/PLD3Control_Plate1_d28_TMEM561LAMP1640MAP2488DAPI405_G17_F1.nd2,14
2,15412,7,0.0046716844017648,0.1199725714285714,160.30865478515625,2470677.0,0.7386684582594997,0.0,0.0306890429877909,True,,Control,G17,1.0,d28,Plate1,/Users/pmihack/claire/tmem_2026/data/cleaved_tmem_pld3_260821/d28/Z59_PLD_Control/PLD3Control_Plate1_d28_TMEM561LAMP1640MAP2488DAPI405_G17_F1.nd2,14
3,9157,1,0.0001092060718575,0.0116639999999999,53.56339263916016,490480.0,1.4272858568694318,0.0,-0.0046166500328423,True,,Control,G17,1.0,d28,Plate1,/Users/pmihack/claire/tmem_2026/data/cleaved_tmem_pld3_260821/d28/Z59_PLD_Control/PLD3Control_Plate1_d28_TMEM561LAMP1640MAP2488DAPI405_G17_F1.nd2,14
4,16540,1,0.0006045949214026,0.11664,75.05616760253906,1241429.0,0.9821751567469592,0.0,-0.0187723863230178,True,,Control,G17,1.0,d28,Plate1,/Users/pmihack/claire/tmem_2026/data/cleaved_tmem_pld3_260821/d28/Z59_PLD_Control/PLD3Control_Plate1_d28_TMEM561LAMP1640MAP2488DAPI405_G17_F1.nd2,14
5,13759,1,0.0034886256268624,0.5598719999999999,118.51144409179688,1630599.0,2.0756710002192387,0.0,0.0144276827142578,True,,Control,G17,1.0,d28,Plate1,/Users/pmihack/claire/tmem_2026/data/cleaved_tmem_pld3_260821/d28/Z59_PLD_Control/PLD3Control_Plate1_d28_TMEM561LAMP1640MAP2488DAPI405_G17_F1.nd2,14
6,9508,27,0.0540597391670172,0.222048,841.6123046875,8002050.0,0.9099434034231452,0.0,-0.0332588719413869,True,,Control,G17,1.0,d28,Plate1,/Users/pmihack/claire/tmem_2026/data/cleaved_tmem_pld3_260821/d28/Z59_PLD_Control/PLD3Control_Plate1_d28_TMEM561LAMP1640MAP2488DAPI405_G17_F1.nd2,14
1,14933,15,0.2033081095560168,2.3607936,1550.081298828125,23147364.0,18.20326257147816,0.0,-0.1204965637787789,True,,Control,G17,2.0,d28,Plate1,/Users/pmihack/claire/tmem_2026/data/cleaved_tmem_pld3_260821/d28/Z59_PLD_Control/PLD3Control_Plate1_d28_TMEM561LAMP1640MAP2488DAPI405_G17_F2.nd2,11
2,13706,7,0.4164599445498322,9.511158857142856,2517.563720703125,34505728.0,5.597749687738931,0.0,-0.1646718331400548,True,,Control,G17,2.0,d28,Plate1,/Users/pmihack/claire/tmem_2026/data/cleaved_tmem_pld3_260821/d28/Z59_PLD_Control/PLD3Control_Plate1_d28_TMEM561LAMP1640MAP2488DAPI405_G17_F2.nd2,11
3,4558,1,0.0225976305397104,1.2013919999999998,458.9001770019531,2091667.0,12.189777983386184,0.0,-0.0542783402987403,True,,Control,G17,2.0,d28,Plate1,/Users/pmihack/claire/tmem_2026/data/cleaved_tmem_pld3_260821/d28/Z59_PLD_Control/PLD3Control_Plate1_d28_TMEM561LAMP1640MAP2488DAPI405_G17_F2.nd2,11
4,11186,10,0.3110137672090112,4.0579056,2160.2783203125,24164872.0,21.854222938239836,0.0,0.0664021428024566,False,abnormal_nucleus,Control,G17,2.0,d28,Plate1,/Users/pmihack/claire/tmem_2026/data/cleaved_tmem_pld3_260821/d28/Z59_PLD_Control/PLD3Control_Plate1_d28_TMEM561LAMP1640MAP2488DAPI405_G17_F2.nd2,11
5,14966,14,0.0287986101830816,0.3590845714285713,667.5291748046875,9990242.0,15.225003133958404,0.0,0.077639810125391,True,,Control,G17,2.0,d28,Plate1,/Users/pmihack/claire/tmem_2026/data/cleaved_tmem_pld3_260821/d28/Z59_PLD_Control/PLD3Control_Plate1_d28_TMEM561LAMP1640MAP2488DAPI405_G17_F2.nd2,11
6,16076,27,0.0361408310525006,0.250992,747.7636108398438,12021048.0,13.523703554478844,0.0,-0.0180247104480401,True,,Control,G17,2.0,d28,Plate1,/Users/pmihack/claire/tmem_2026/data/cleaved_tmem_pld3_260821/d28/Z59_PLD_Control/PLD3Control_Plate1_d28_TMEM561LAMP1640MAP2488DAPI405_G17_F2.nd2,11
7,20536,11,0.0101772497078301,0.2216159999999999,477.90277099609375,9814211.0,18.602549586324542,0.0,0.2581536923326641,True,,Control,G17,2.0,d28,Plate1,/Users/pmihack/claire/tmem_2026/data/cleaved_tmem_pld3_260821/d28/Z59_PLD_Control/PLD3Control_Plate1_d28_TMEM561LAMP1640MAP2488DAPI405_G17_F2.nd2,11
8,3128,0,0.0,0.0,85.16016387939453,266381.0,,0.0,0.2278713490613375,True,,Control,G17,2.0,d28,Plate1,/Users/pmihack/claire/tmem_2026/data/cleaved_tmem_pld3_260821/d28/Z59_PLD_Control/PLD3Control_Plate1_d28_TMEM561LAMP1640MAP2488DAPI405_G17_F2.nd2,11
9,18312,30,0.1158256880733945,0.8246448,1151.232421875,21081368.0,21.945444514680236,0.0,-0.0924301449766804,True,,Control,G17,2.0,d28,Plate1,/Users/pmihack/claire/tmem_2026/data/cleaved_tmem_pld3_260821/d28/Z59_PLD_Control/PLD3Control_Plate1_d28_TMEM561LAMP1640MAP2488DAPI405_G17_F2.nd2,11
10,14879,15,0.0397876201357618,0.4603392,963.12646484375,14330359.0,24.340220800275382,0.0,0.7626310874004535,True,,Control,G17,2.0,d28,Plate1,/Users/pmihack/claire/tmem_2026/data/cleaved_tmem_pld3_260821/d28/Z59_PLD_Control/PLD3Control_Plate1_d28_TMEM561LAMP1640MAP2488DAPI405_G17_F2.nd2,11
11,3400,0,0.0,0.0,26.896177291870117,91447.0,,0.0,0.0261599230467944,True,,Control,G17,2.0,d28,Plate1,/Users/pmihack/claire/tmem_2026/data/cleaved_tmem_pld3_260821/d28/Z59_PLD_Control/PLD3Control_Plate1_d28_TMEM561LAMP1640MAP2488DAPI405_G17_F2.nd2,11
1,3894,1,0.0035952747817154,0.163296,312.6404724121094,1217422.0,11.534905111409604,0.0,0.3156673597456923,True,,Control,G17,3.0,d28,Plate1,/Users/pmihack/claire/tmem_2026/data/cleaved_tmem_pld3_260821/d28/Z59_PLD_Control/PLD3Control_Plate1_d28_TMEM561LAMP1640MAP2488DAPI405_G17_F3.nd2,10
2,1616,0,0.0,0.0,108.89418029785156,175973.0,,0.0,-0.0706504579402752,False,size_outlier,Control,G17,3.0,d28,Plate1,/Users/pmihack/claire/tmem_2026/data/cleaved_tmem_pld3_260821/d28/Z59_PLD_Control/PLD3Control_Plate1_d28_TMEM561LAMP1640MAP2488DAPI405_G17_F3.nd2,10
3,13760,0,0.0,0.0,117.97049713134766,1623274.0,,0.0,-0.1068507705004906,True,,Control,G17,3.0,d28,Plate1,/Users/pmihack/claire/tmem_2026/data/cleaved_tmem_pld3_260821/d28/Z59_PLD_Control/PLD3Control_Plate1_d28_TMEM561LAMP1640MAP2488DAPI405_G17_F3.nd2,10
4,17260,3,0.0013904982618771,0.0933119999999999,182.09629821777344,3142982.0,14.182121621124685,0.0,0.1380263461486967,True,,Control,G17,3.0,d28,Plate1,/Users/pmihack/claire/tmem_2026/data/cleaved_tmem_pld3_260821/d28/Z59_PLD_Control/PLD3Control_Plate1_d28_TMEM561LAMP1640MAP2488DAPI405_G17_F3.nd2,10
5,9674,0,0.0,0.0,400.8210754394531,3877543.0,,0.0,0.0772928529931767,True,,Control,G17,3.0,d28,Plate1,/Users/pmihack/claire/tmem_2026/data/cleaved_tmem_pld3_260821/d28/Z59_PLD_Control/PLD3Control_Plate1_d28_TMEM561LAMP1640MAP2488DAPI405_G17_F3.nd2,10
6,7032,0,0.0,0.0,101.44994354248048,713396.0,,0.0,-0.0253142459073524,True,,Control,G17,3.0,d28,Plate1,/Users/pmihack/claire/tmem_2026/data/cleaved_tmem_pld3_260821/d28/Z59_PLD_Control/PLD3Control_Plate1_d28_TMEM561LAMP1640MAP2488DAPI405_G17_F3.nd2,10
7,11823,2,0.0006766472130592,0.0466559999999999,281.60296630859375,3329392.0,15.8930469330828,0.0,0.0646853741459622,True,,Control,G17,3.0,d28,Plate1,/Users/pmihack/claire/tmem_2026/data/cleaved_tmem_pld3_260821/d28/Z59_PLD_Control/PLD3Control_Plate1_d28_TMEM561LAMP1640MAP2488DAPI405_G17_F3.nd2,10
8,12365,0,0.0,0.0,131.28054809570312,1623284.0,,0.0,-0.0222753460624869,True,,Control,G17,3.0,d28,Plate1,/Users/pmihack/claire/tmem_2026/data/cleaved_tmem_pld3_260821/d28/Z59_PLD_Control/PLD3Control_Plate1_d28_TMEM561LAMP1640MAP2488DAPI405_G17_F3.nd2,10
9,10818,0,0.0,0.0,1036.5218505859375,11213093.0,,0.0,0.046307350787403,True,,Control,G17,3.0,d28,Plate1,/Users/pmihack/claire/tmem_2026/data/cleaved_tmem_pld3_260821/d28/Z59_PLD_Control/PLD3Control_Plate1_d28_TMEM561LAMP1640MAP2488DAPI405_G17_F3.nd2,10
10,9894,1,0.0006064281382656,0.0699839999999999,478.5978393554687,4735247.0,5.27115186853368,0.0,0.0546566142219058,False,abnormal_nucleus,Control,G17,3.0,d28,Plate1,/Users/pmihack/claire/tmem_2026/data/cleaved_tmem_pld3_260821/d28/Z59_PLD_Control/PLD3Control_Plate1_d28_TMEM561LAMP1640MAP2488DAPI405_G17_F3.nd2,10
11,23968,0,0.0,0.0,182.2006072998047,4366984.0,,0.0,0.0751167364583798,True,,Control,G17,3.0,d28,Plate1,/Users/pmihack/claire/tmem_2026/data/cleaved_tmem_pld3_260821/d28/Z59_PLD_Control/PLD3Control_Plate1_d28_TMEM561LAMP1640MAP2488DAPI405_G17_F3.nd2,10
12,14339,0,0.0,0.0,84.24374389648438,1207971.0,,0.0,0.1001594636353831,True,,Control,G17,3.0,d28,Plate1,/Users/pmihack/claire/tmem_2026/data/cleaved_tmem_pld3_260821/d28/Z59_PLD_Control/PLD3Control_Plate1_d28_TMEM561LAMP1640MAP2488DAPI405_G17_F3.nd2,10
13,42,0,0.0,0.0,5.738095283508301,241.0,,0.0,-0.0950358864969955,False,size_outlier,Control,G17,3.0,d28,Plate1,/Users/pmihack/claire/tmem_2026/data/cleaved_tmem_pld3_260821/d28/Z59_PLD_Control/PLD3Control_Plate1_d28_TMEM561LAMP1640MAP2488DAPI405_G17_F3.nd2,10
14,15477,0,0.0,0.0,72.2211685180664,1117767.0,,0.0,0.1569956930855031,True,,Control,G17,3.0,d28,Plate1,/Users/pmihack/claire/tmem_2026/data/cleaved_tmem_pld3_260821/d28/Z59_PLD_Control/PLD3Control_Plate1_d28_TMEM561LAMP1640MAP2488DAPI405_G17_F3.nd2,10
15,9074,0,0.0,0.0,357.6367492675781,3245196.0,,0.0,0.0560268533551487,False,abnormal_nucleus,Control,G17,3.0,d28,Plate1,/Users/pmihack/claire/tmem_2026/data/cleaved_tmem_pld3_260821/d28/Z59_PLD_Control/PLD3Control_Plate1_d28_TMEM561LAMP1640MAP2488DAPI405_G17_F3.nd2,10
1,9840,11,0.0158536585365853,0.1654167272727272,588.54052734375,5791239.0,14.679121249499945,0.0,0.1017585852490017,False,abnormal_nucleus,Control,G17,4.0,d28,Plate1,/Users/pmihack/claire/tmem_2026/data/cleaved_tmem_pld3_260821/d28/Z59_PLD_Control/PLD3Control_Plate1_d28_TMEM561LAMP1640MAP2488DAPI405_G17_F4.nd2,11
2,12318,7,0.0345023542782919,0.7081714285714286,508.3050842285156,6261302.0,3.271509651741947,0.0,0.0459245264036557,True,,Control,G17,4.0,d28,Plate1,/Users/pmihack/claire/tmem_2026/data/cleaved_tmem_pld3_260821/d28/Z59_PLD_Control/PLD3Control_Plate1_d28_TMEM561LAMP1640MAP2488DAPI405_G17_F4.nd2,11
3,22319,45,0.0711501411353555,0.4116096,1369.9405517578125,30575702.0,8.090014245291561,0.0,-0.021839033633343,True,,Control,G17,4.0,d28,Plate1,/Users/pmihack/claire/tmem_2026/data/cleaved_tmem_pld3_260821/d28/Z59_PLD_Control/PLD3Control_Plate1_d28_TMEM561LAMP1640MAP2488DAPI405_G17_F4.nd2,11
4,1776,11,0.1120495495495495,0.2110123636363636,1956.825439453125,3475322.0,60.38640080527222,0.0,0.040450406786551,False,size_outlier,Control,G17,4.0,d28,Plate1,/Users/pmihack/claire/tmem_2026/data/cleaved_tmem_pld3_260821/d28/Z59_PLD_Control/PLD3Control_Plate1_d28_TMEM561LAMP1640MAP2488DAPI405_G17_F4.nd2,11
5,2156,8,0.1052875695732838,0.330966,1704.1224365234375,3674088.0,53.82944732949827,0.0,0.0186587257818584,True,,Control,G17,4.0,d28,Plate1,/Users/pmihack/claire/tmem_2026/data/cleaved_tmem_pld3_260821/d28/Z59_PLD_Control/PLD3Control_Plate1_d28_TMEM561LAMP1640MAP2488DAPI405_G17_F4.nd2,11
6,14598,20,0.2477051650911083,2.1088512,2215.75146484375,32345540.0,10.104212166575326,0.0,-0.0448979206380586,True,,Control,G17,4.0,d28,Plate1,/Users/pmihack/claire/tmem_2026/data/cleaved_tmem_pld3_260821/d28/Z59_PLD_Control/PLD3Control_Plate1_d28_TMEM561LAMP1640MAP2488DAPI405_G17_F4.nd2,11
7,9608,20,0.1076186511240632,0.6030288,1338.707275390625,12862300.0,25.63433915684127,0.0,0.0330470731162645,True,,Control,G17,4.0,d28,Plate1,/Users/pmihack/claire/tmem_2026/data/cleaved_tmem_pld3_260821/d28/Z59_PLD_Control/PLD3Control_Plate1_d28_TMEM561LAMP1640MAP2488DAPI405_G17_F4.nd2,11
8,299,0,0.0,0.0,51.13712310791016,15290.0,,0.0,0.0447751285958708,False,size_outlier,Control,G17,4.0,d28,Plate1,/Users/pmihack/claire/tmem_2026/data/cleaved_tmem_pld3_260821/d28/Z59_PLD_Control/PLD3Control_Plate1_d28_TMEM561LAMP1640MAP2488DAPI405_G17_F4.nd2,11
9,7119,10,0.0421407501053518,0.3499199999999999,855.2511596679688,6088533.0,21.35587584900546,0.0,0.0395815411986054,True,,Control,G17,4.0,d28,Plate1,/Users/pmihack/claire/tmem_2026/data/cleaved_tmem_pld3_260821/d28/Z59_PLD_Control/PLD3Control_Plate1_d28_TMEM561LAMP1640MAP2488DAPI405_G17_F4.nd2,11
10,13279,4,0.2630469161834475,10.185588,2398.108642578125,31844486.0,5.566935688671496,0.0,-0.0506979100106015,True,,Control,G17,4.0,d28,Plate1,/Users/pmihack/claire/tmem_2026/data/cleaved_tmem_pld3_260821/d28/Z59_PLD_Control/PLD3Control_Plate1_d28_TMEM561LAMP1640MAP2488DAPI405_G17_F4.nd2,11
11,14540,31,0.112242090784044,0.6140531612903226,1352.358154296875,19663288.0,10.728205422812314,0.0,0.1573245076478785,True,,Control,G17,4.0,d28,Plate1,/Users/pmihack/claire/tmem_2026/data/cleaved_tmem_pld3_260821/d28/Z59_PLD_Control/PLD3Control_Plate1_d28_TMEM561LAMP1640MAP2488DAPI405_G17_F4.nd2,11
12,2213,0,0.0,0.0,22.206506729125977,49143.0,,0.0,0.0944272338146306,True,,Control,G17,4.0,d28,Plate1,/Users/pmihack/claire/tmem_2026/data/cleaved_tmem_pld3_260821/d28/Z59_PLD_Control/PLD3Control_Plate1_d28_TMEM561LAMP1640MAP2488DAPI405_G17_F4.nd2,11
13,1419,0,0.0,0.0,37.86117172241211,53725.0,,0.0,0.0204346991166938,False,size_outlier,Control,G17,4.0,d28,Plate1,/Users/pmihack/claire/tmem_2026/data/cleaved_tmem_pld3_260821/d28/Z59_PLD_Control/PLD3Control_Plate1_d28_TMEM561LAMP1640MAP2488DAPI405_G17_F4.nd2,11
14,21843,8,0.1034656411665064,3.2950799999999996,834.20849609375,18221616.0,,0.0,0.0210234583607099,True,,Control,G17,4.0,d28,Plate1,/Users/pmihack/claire/tmem_2026/data/cleaved_tmem_pld3_260821/d28/Z59_PLD_Control/PLD3Control_Plate1_d28_TMEM561LAMP1640MAP2488DAPI405_G17_F4.nd2,11
1,4964,0,0.0,0.0,32.240936279296875,160044.0,,0.0,-0.0280664442078947,True,,Control,H17,1.0,d28,Plate1,/Users/pmihack/claire/tmem_2026/data/cleaved_tmem_pld3_260821/d28/Z59_PLD_Control/PLD3Control_Plate1_d28_TMEM561LAMP1640MAP2488DAPI405_H17_F1.nd2,15
2,14508,0,0.0,0.0,8.945271492004395,129778.0,,0.0,0.0116618193172211,True,,Control,H17,1.0,d28,Plate1,/Users/pmihack/claire/tmem_2026/data/cleaved_tmem_pld3_260821/d28/Z59_PLD_Control/PLD3Control_Plate1_d28_TMEM561LAMP1640MAP2488DAPI405_H17_F1.nd2,15
3,7038,0,0.0,0.0,14.759164810180664,103875.0,,0.0,-0.00917262724903,True,,Control,H17,1.0,d28,Plate1,/Users/pmihack/claire/tmem_2026/data/cleaved_tmem_pld3_260821/d28/Z59_PLD_Control/PLD3Control_Plate1_d28_TMEM561LAMP1640MAP2488DAPI405_H17_F1.nd2,15
4,7195,0,0.0,0.0,16.403057098388672,118020.0,,0.0,-0.0006015981607545,True,,Control,H17,1.0,d28,Plate1,/Users/pmihack/claire/tmem_2026/data/cleaved_tmem_pld3_260821/d28/Z59_PLD_Control/PLD3Control_Plate1_d28_TMEM561LAMP1640MAP2488DAPI405_H17_F1.nd2,15
5,5107,0,0.0,0.0,65.67084503173828,335381.0,,0.0,0.1123025544586847,True,,Control,H17,1.0,d28,Plate1,/Users/pmihack/claire/tmem_2026/data/cleaved_tmem_pld3_260821/d28/Z59_PLD_Control/PLD3Control_Plate1_d28_TMEM561LAMP1640MAP2488DAPI405_H17_F1.nd2,15
6,4413,1,0.0013596193065941,0.0699839999999999,106.48787689208984,469931.0,14.863406185107811,0.0,0.3244097547510163,True,,Control,H17,1.0,d28,Plate1,/Users/pmihack/claire/tmem_2026/data/cleaved_tmem_pld3_260821/d28/Z59_PLD_Control/PLD3Control_Plate1_d28_TMEM561LAMP1640MAP2488DAPI405_H17_F1.nd2,15
7,2347,0,0.0,0.0,49.446529388427734,116051.0,,0.0,0.8136950194172174,True,,Control,H17,1.0,d28,Plate1,/Users/pmihack/claire/tmem_2026/data/cleaved_tmem_pld3_260821/d28/Z59_PLD_Control/PLD3Control_Plate1_d28_TMEM561LAMP1640MAP2488DAPI405_H17_F1.nd2,15
8,4554,0,0.0,0.0,33.15898132324219,151006.0,,0.0,0.0144613269440526,True,,Control,H17,1.0,d28,Plate1,/Users/pmihack/claire/tmem_2026/data/cleaved_tmem_pld3_260821/d28/Z59_PLD_Control/PLD3Control_Plate1_d28_TMEM561LAMP1640MAP2488DAPI405_H17_F1.nd2,15
1,3407,0,0.0,0.0,48.29145812988281,164529.0,,0.0,-0.0148146044760926,False,abnormal_nucleus,Control,H17,2.0,d28,Plate1,/Users/pmihack/claire/tmem_2026/data/cleaved_tmem_pld3_260821/d28/Z59_PLD_Control/PLD3Control_Plate1_d28_TMEM561LAMP1640MAP2488DAPI405_H17_F2.nd2,11
2,13539,0,0.0,0.0,53.38053131103515,722719.0,,0.0,0.011818052693161,True,,Control,H17,2.0,d28,Plate1,/Users/pmihack/claire/tmem_2026/data/cleaved_tmem_pld3_260821/d28/Z59_PLD_Control/PLD3Control_Plate1_d28_TMEM561LAMP1640MAP2488DAPI405_H17_F2.nd2,11
3,19730,0,0.0,0.0,149.5006561279297,2949648.0,,0.0,-0.0543187572683118,False,abnormal_nucleus,Control,H17,2.0,d28,Plate1,/Users/pmihack/claire/tmem_2026/data/cleaved_tmem_pld3_260821/d28/Z59_PLD_Control/PLD3Control_Plate1_d28_TMEM561LAMP1640MAP2488DAPI405_H17_F2.nd2,11
4,1923,0,0.0,0.0,7.131045341491699,13713.0,,0.0,0.1254280221042034,False,size_outlier,Control,H17,2.0,d28,Plate1,/Users/pmihack/claire/tmem_2026/data/cleaved_tmem_pld3_260821/d28/Z59_PLD_Control/PLD3Control_Plate1_d28_TMEM561LAMP1640MAP2488DAPI405_H17_F2.nd2,11
5,10497,0,0.0,0.0,171.0770721435547,1795796.0,,0.0,0.0748526277696793,False,abnormal_nucleus,Control,H17,2.0,d28,Plate1,/Users/pmihack/claire/tmem_2026/data/cleaved_tmem_pld3_260821/d28/Z59_PLD_Control/PLD3Control_Plate1_d28_TMEM561LAMP1640MAP2488DAPI405_H17_F2.nd2,11
6,11718,0,0.0,0.0,73.8031234741211,864825.0,,0.0011771167628467,0.0035269076052822,True,,Control,H17,2.0,d28,Plate1,/Users/pmihack/claire/tmem_2026/data/cleaved_tmem_pld3_260821/d28/Z59_PLD_Control/PLD3Control_Plate1_d28_TMEM561LAMP1640MAP2488DAPI405_H17_F2.nd2,11
7,18901,0,0.0,0.0,103.15438079833984,1949721.0,,0.0,-0.0485489371702723,False,abnormal_nucleus,Control,H17,2.0,d28,Plate1,/Users/pmihack/claire/tmem_2026/data/cleaved_tmem_pld3_260821/d28/Z59_PLD_Control/PLD3Control_Plate1_d28_TMEM561LAMP1640MAP2488DAPI405_H17_F2.nd2,11
8,17773,0,0.0,0.0,41.28312683105469,733725.0,,0.0,-0.0125211163829707,True,,Control,H17,2.0,d28,Plate1,/Users/pmihack/claire/tmem_2026/data/cleaved_tmem_pld3_260821/d28/Z59_PLD_Control/PLD3Control_Plate1_d28_TMEM561LAMP1640MAP2488DAPI405_H17_F2.nd2,11
9,11829,0,0.0,0.0,83.71113586425781,990219.0,,0.0,0.0466252259882715,False,abnormal_nucleus,Control,H17,2.0,d28,Plate1,/Users/pmihack/claire/tmem_2026/data/cleaved_tmem_pld3_260821/d28/Z59_PLD_Control/PLD3Control_Plate1_d28_TMEM561LAMP1640MAP2488DAPI405_H17_F2.nd2,11
1,9592,1,0.0012510425354462,0.1399679999999999,212.4971923828125,2038273.0,2.3744730194214285,0.0,-0.1030515486866162,True,,Control,H17,3.0,d28,Plate1,/Users/pmihack/claire/tmem_2026/data/cleaved_tmem_pld3_260821/d28/Z59_PLD_Control/PLD3Control_Plate1_d28_TMEM561LAMP1640MAP2488DAPI405_H17_F3.nd2,11
2,3310,0,0.0,0.0,192.20755004882812,636207.0,,0.0,0.0891182925078612,False,abnormal_nucleus,Control,H17,3.0,d28,Plate1,/Users/pmihack/claire/tmem_2026/data/cleaved_tmem_pld3_260821/d28/Z59_PLD_Control/PLD3Control_Plate1_d28_TMEM561LAMP1640MAP2488DAPI405_H17_F3.nd2,11
3,19561,0,0.0,0.0,57.92924880981445,1133154.0,,0.0,0.0004825442709588,True,,Control,H17,3.0,d28,Plate1,/Users/pmihack/claire/tmem_2026/data/cleaved_tmem_pld3_260821/d28/Z59_PLD_Control/PLD3Control_Plate1_d28_TMEM561LAMP1640MAP2488DAPI405_H17_F3.nd2,11
4,12407,0,0.0,0.0,154.67398071289062,1919040.0,,0.0,0.1116153235896002,True,,Control,H17,3.0,d28,Plate1,/Users/pmihack/claire/tmem_2026/data/cleaved_tmem_pld3_260821/d28/Z59_PLD_Control/PLD3Control_Plate1_d28_TMEM561LAMP1640MAP2488DAPI405_H17_F3.nd2,11
5,19867,0,0.0,0.0,107.58871459960938,2137465.0,,0.0,0.0166774631126879,True,,Control,H17,3.0,d28,Plate1,/Users/pmihack/claire/tmem_2026/data/cleaved_tmem_pld3_260821/d28/Z59_PLD_Control/PLD3Control_Plate1_d28_TMEM561LAMP1640MAP2488DAPI405_H17_F3.nd2,11
6,13505,0,0.0,0.0,93.88663482666016,1267939.0,,0.0,-0.0058401427355844,True,,Control,H17,3.0,d28,Plate1,/Users/pmihack/claire/tmem_2026/data/cleaved_tmem_pld3_260821/d28/Z59_PLD_Control/PLD3Control_Plate1_d28_TMEM561LAMP1640MAP2488DAPI405_H17_F3.nd2,11
7,22522,0,0.0,0.0,45.154693603515625,1016974.0,,0.0,0.0402770086287661,True,,Control,H17,3.0,d28,Plate1,/Users/pmihack/claire/tmem_2026/data/cleaved_tmem_pld3_260821/d28/Z59_PLD_Control/PLD3Control_Plate1_d28_TMEM561LAMP1640MAP2488DAPI405_H17_F3.nd2,11
8,4983,0,0.0,0.0,35.673892974853516,177763.0,,0.0,0.0730512747702449,True,,Control,H17,3.0,d28,Plate1,/Users/pmihack/claire/tmem_2026/data/cleaved_tmem_pld3_260821/d28/Z59_PLD_Control/PLD3Control_Plate1_d28_TMEM561LAMP1640MAP2488DAPI405_H17_F3.nd2,11
1,10385,15,0.195474241694752,1.578528,1481.890625,15389434.0,10.79833464169681,0.0,0.0006306023203513,True,,Control,H17,4.0,d28,Plate1,/Users/pmihack/claire/tmem_2026/data/cleaved_tmem_pld3_260821/d28/Z59_PLD_Control/PLD3Control_Plate1_d28_TMEM561LAMP1640MAP2488DAPI405_H17_F4.nd2,13
2,13891,20,0.1382189907134115,1.119744,1031.1719970703125,14324010.0,2.0608724628603,0.0,0.005293599474719,True,,Control,H17,4.0,d28,Plate1,/Users/pmihack/claire/tmem_2026/data/cleaved_tmem_pld3_260821/d28/Z59_PLD_Control/PLD3Control_Plate1_d28_TMEM561LAMP1640MAP2488DAPI405_H17_F4.nd2,13
3,22840,13,0.1035026269702276,2.1210535384615383,679.0559692382812,15509639.0,6.248873164558468,0.0,-0.0102760299833321,True,,Control,H17,4.0,d28,Plate1,/Users/pmihack/claire/tmem_2026/data/cleaved_tmem_pld3_260821/d28/Z59_PLD_Control/PLD3Control_Plate1_d28_TMEM561LAMP1640MAP2488DAPI405_H17_F4.nd2,13
4,16361,11,0.1932644703868956,3.3528698181818175,1282.947021484375,20990296.0,22.60492558121737,0.0,0.0058966363803734,True,,Control,H17,4.0,d28,Plate1,/Users/pmihack/claire/tmem_2026/data/cleaved_tmem_pld3_260821/d28/Z59_PLD_Control/PLD3Control_Plate1_d28_TMEM561LAMP1640MAP2488DAPI405_H17_F4.nd2,13
5,11312,9,0.2712164073550212,3.976128,1630.0531005859375,18439160.0,16.42826308719349,0.0,0.1003952692261327,True,,Control,H17,4.0,d28,Plate1,/Users/pmihack/claire/tmem_2026/data/cleaved_tmem_pld3_260821/d28/Z59_PLD_Control/PLD3Control_Plate1_d28_TMEM561LAMP1640MAP2488DAPI405_H17_F4.nd2,13
6,16190,10,0.4252625077208153,8.030664,2819.152587890625,45642080.0,19.152550892212194,0.0,0.0080009651691872,True,,Control,H17,4.0,d28,Plate1,/Users/pmihack/claire/tmem_2026/data/cleaved_tmem_pld3_260821/d28/Z59_PLD_Control/PLD3Control_Plate1_d28_TMEM561LAMP1640MAP2488DAPI405_H17_F4.nd2,13
7,2258,0,0.0,0.0,31.163862228393555,70368.0,,0.0,0.0402884331209516,True,,Control,H17,4.0,d28,Plate1,/Users/pmihack/claire/tmem_2026/data/cleaved_tmem_pld3_260821/d28/Z59_PLD_Control/PLD3Control_Plate1_d28_TMEM561LAMP1640MAP2488DAPI405_H17_F4.nd2,13
8,13263,31,0.1006559601900022,0.5023045161290322,928.4193725585938,12313626.0,27.16495643364599,0.0,-0.0055193592449681,True,,Control,H17,4.0,d28,Plate1,/Users/pmihack/claire/tmem_2026/data/cleaved_tmem_pld3_260821/d28/Z59_PLD_Control/PLD3Control_Plate1_d28_TMEM561LAMP1640MAP2488DAPI405_H17_F4.nd2,13
9,10877,6,0.2303024731083938,4.869719999999999,1931.53076171875,21009260.0,24.76400561036459,0.0,0.0045289155426321,True,,Control,H17,4.0,d28,Plate1,/Users/pmihack/claire/tmem_2026/data/cleaved_tmem_pld3_260821/d28/Z59_PLD_Control/PLD3Control_Plate1_d28_TMEM561LAMP1640MAP2488DAPI405_H17_F4.nd2,13
10,16490,37,0.0454821103699211,0.2364324324324324,1053.583984375,17373600.0,17.073556877766354,0.0,0.090552532200158,True,,Control,H17,4.0,d28,Plate1,/Users/pmihack/claire/tmem_2026/data/cleaved_tmem_pld3_260821/d28/Z59_PLD_Control/PLD3Control_Plate1_d28_TMEM561LAMP1640MAP2488DAPI405_H17_F4.nd2,13
11,19410,7,0.2902112313240597,9.386187428571429,1895.10888671875,36784064.0,12.985272456726925,0.0,-0.0218530414767861,True,,Control,H17,4.0,d28,Plate1,/Users/pmihack/claire/tmem_2026/data/cleaved_tmem_pld3_260821/d28/Z59_PLD_Control/PLD3Control_Plate1_d28_TMEM561LAMP1640MAP2488DAPI405_H17_F4.nd2,13
12,14394,16,0.2772683062387105,2.909439,1735.3101806640625,24978054.0,12.082005307616525,0.0,-0.0036159672738669,True,,Control,H17,4.0,d28,Plate1,/Users/pmihack/claire/tmem_2026/data/cleaved_tmem_pld3_260821/d28/Z59_PLD_Control/PLD3Control_Plate1_d28_TMEM561LAMP1640MAP2488DAPI405_H17_F4.nd2,13
13,17171,16,0.1849630190437365,2.315304,1223.82080078125,21014228.0,15.956444553565618,0.0,0.0486962750828333,True,,Control,H17,4.0,d28,Plate1,/Users/pmihack/claire/tmem_2026/data/cleaved_tmem_pld3_260821/d28/Z59_PLD_Control/PLD3Control_Plate1_d28_TMEM561LAMP1640MAP2488DAPI405_H17_F4.nd2,13
14,9198,15,0.2807131985214177,2.0077632,1773.5595703125,16313201.0,20.433706251027488,0.0,0.2265982454427248,True,,Control,H17,4.0,d28,Plate1,/Users/pmihack/claire/tmem_2026/data/cleaved_tmem_pld3_260821/d28/Z59_PLD_Control/PLD3Control_Plate1_d28_TMEM561LAMP1640MAP2488DAPI405_H17_F4.nd2,13
15,11574,14,0.0984102298254708,0.9489497142857144,899.2077026367188,10407430.0,18.699694078166104,0.0001490281429141,-0.0020807023887367,True,,Control,H17,4.0,d28,Plate1,/Users/pmihack/claire/tmem_2026/data/cleaved_tmem_pld3_260821/d28/Z59_PLD_Control/PLD3Control_Plate1_d28_TMEM561LAMP1640MAP2488DAPI405_H17_F4.nd2,13
16,3108,3,0.0077220077220077,0.0933119999999999,260.5785217285156,809878.0,50.14870297301491,0.0,0.3247219783690078,True,,Control,H17,4.0,d28,Plate1,/Users/pmihack/claire/tmem_2026/data/cleaved_tmem_pld3_260821/d28/Z59_PLD_Control/PLD3Control_Plate1_d28_TMEM561LAMP1640MAP2488DAPI405_H17_F4.nd2,13
17,16390,28,0.1558267236119585,1.0639234285714283,1447.0201416015625,23716660.0,18.59661888251546,0.0,0.0610787760081696,True,,Control,H17,4.0,d28,Plate1,/Users/pmihack/claire/tmem_2026/data/cleaved_tmem_pld3_260821/d28/Z59_PLD_Control/PLD3Control_Plate1_d28_TMEM561LAMP1640MAP2488DAPI405_H17_F4.nd2,13
18,18397,11,0.1088764472468337,2.1239083636363634,767.6843872070312,14123090.0,8.865697516234878,0.0,0.0015036617020774,True,,Control,H17,4.0,d28,Plate1,/Users/pmihack/claire/tmem_2026/data/cleaved_tmem_pld3_260821/d28/Z59_PLD_Control/PLD3Control_Plate1_d28_TMEM561LAMP1640MAP2488DAPI405_H17_F4.nd2,13
19,15135,23,0.1706640237859266,1.3099179130434782,1127.18017578125,17059872.0,19.66411604989171,0.0,0.1700193910254567,True,,Control,H17,4.0,d28,Plate1,/Users/pmihack/claire/tmem_2026/data/cleaved_tmem_pld3_260821/d28/Z59_PLD_Control/PLD3Control_Plate1_d28_TMEM561LAMP1640MAP2488DAPI405_H17_F4.nd2,13
20,2360,3,0.0555084745762711,0.5093279999999999,604.9762573242188,1427744.0,43.76389490399757,0.0,-0.0193078227578358,True,,Control,H17,4.0,d28,Plate1,/Users/pmihack/claire/tmem_2026/data/cleaved_tmem_pld3_260821/d28/Z59_PLD_Control/PLD3Control_Plate1_d28_TMEM561LAMP1640MAP2488DAPI405_H17_F4.nd2,13
21,12918,15,0.2285957578572534,2.2962528,1453.9727783203125,18782420.0,24.201386352455252,0.0,-0.0421912867868837,True,,Control,H17,4.0,d28,Plate1,/Users/pmihack/claire/tmem_2026/data/cleaved_tmem_pld3_260821/d28/Z59_PLD_Control/PLD3Control_Plate1_d28_TMEM561LAMP1640MAP2488DAPI405_H17_F4.nd2,13
1,15004,2,0.003465742468675,0.303264,270.8797607421875,4064280.0,11.999316749414042,0.0,0.0255106324747265,True,,KI,C20,1.0,d28,Plate1,/Users/pmihack/claire/tmem_2026/data/cleaved_tmem_pld3_260821/d28/Z60_PLD_TMEMki/PLD3TMEM106B_Plate1_d28_TMEM561LAMP1640MAP2488DAPI405_C20_F1.nd2,16
2,2182,0,0.0,0.0,85.921630859375,187481.0,,0.0,-0.0038104110065336,True,,KI,C20,1.0,d28,Plate1,/Users/pmihack/claire/tmem_2026/data/cleaved_tmem_pld3_260821/d28/Z60_PLD_TMEMki/PLD3TMEM106B_Plate1_d28_TMEM561LAMP1640MAP2488DAPI405_C20_F1.nd2,16
3,4654,0,0.0,0.0,74.23807525634766,345504.0,,0.0,0.1767174075785517,False,abnormal_nucleus,KI,C20,1.0,d28,Plate1,/Users/pmihack/claire/tmem_2026/data/cleaved_tmem_pld3_260821/d28/Z60_PLD_TMEMki/PLD3TMEM106B_Plate1_d28_TMEM561LAMP1640MAP2488DAPI405_C20_F1.nd2,16
4,11872,0,0.0,0.0,28.418548583984375,337385.0,,0.0,0.1382418315691999,True,,KI,C20,1.0,d28,Plate1,/Users/pmihack/claire/tmem_2026/data/cleaved_tmem_pld3_260821/d28/Z60_PLD_TMEMki/PLD3TMEM106B_Plate1_d28_TMEM561LAMP1640MAP2488DAPI405_C20_F1.nd2,16
5,5385,0,0.0,0.0,102.76490020751952,553389.0,,0.0,0.2916518483970764,True,,KI,C20,1.0,d28,Plate1,/Users/pmihack/claire/tmem_2026/data/cleaved_tmem_pld3_260821/d28/Z60_PLD_TMEMki/PLD3TMEM106B_Plate1_d28_TMEM561LAMP1640MAP2488DAPI405_C20_F1.nd2,16
6,2524,4,0.1422345483359746,1.046844,2531.3740234375,6389188.0,34.23796096870033,0.170319601893425,0.6429245433554797,True,,KI,C20,1.0,d28,Plate1,/Users/pmihack/claire/tmem_2026/data/cleaved_tmem_pld3_260821/d28/Z60_PLD_TMEMki/PLD3TMEM106B_Plate1_d28_TMEM561LAMP1640MAP2488DAPI405_C20_F1.nd2,16
7,22475,0,0.0,0.0,208.7741546630859,4692199.0,,0.0012299137888476,0.0061884322868742,True,,KI,C20,1.0,d28,Plate1,/Users/pmihack/claire/tmem_2026/data/cleaved_tmem_pld3_260821/d28/Z60_PLD_TMEMki/PLD3TMEM106B_Plate1_d28_TMEM561LAMP1640MAP2488DAPI405_C20_F1.nd2,16
8,21839,0,0.0,0.0,251.8735809326172,5500667.0,,7.63543721404858e-06,0.1264716708255097,True,,KI,C20,1.0,d28,Plate1,/Users/pmihack/claire/tmem_2026/data/cleaved_tmem_pld3_260821/d28/Z60_PLD_TMEMki/PLD3TMEM106B_Plate1_d28_TMEM561LAMP1640MAP2488DAPI405_C20_F1.nd2,16
1,23286,0,0.0,0.0,64.15743255615234,1493970.0,,0.0194140449166297,0.1913376185782722,False,abnormal_nucleus,KI,C20,2.0,d28,Plate1,/Users/pmihack/claire/tmem_2026/data/cleaved_tmem_pld3_260821/d28/Z60_PLD_TMEMki/PLD3TMEM106B_Plate1_d28_TMEM561LAMP1640MAP2488DAPI405_C20_F2.nd2,13
2,22561,2,0.0298302380213643,3.924936,439.5873107910156,9917529.0,12.646925420813826,0.0,0.0486017780919399,True,,KI,C20,2.0,d28,Plate1,/Users/pmihack/claire/tmem_2026/data/cleaved_tmem_pld3_260821/d28/Z60_PLD_TMEMki/PLD3TMEM106B_Plate1_d28_TMEM561LAMP1640MAP2488DAPI405_C20_F2.nd2,13
3,6277,0,0.0,0.0,24.349210739135746,152840.0,,0.0,0.1780887317917565,True,,KI,C20,2.0,d28,Plate1,/Users/pmihack/claire/tmem_2026/data/cleaved_tmem_pld3_260821/d28/Z60_PLD_TMEMki/PLD3TMEM106B_Plate1_d28_TMEM561LAMP1640MAP2488DAPI405_C20_F2.nd2,13
4,15229,2,0.0043995009521308,0.390744,184.78744506835935,2814128.0,14.098714989047783,0.0,0.1299806433488455,False,abnormal_nucleus,KI,C20,2.0,d28,Plate1,/Users/pmihack/claire/tmem_2026/data/cleaved_tmem_pld3_260821/d28/Z60_PLD_TMEMki/PLD3TMEM106B_Plate1_d28_TMEM561LAMP1640MAP2488DAPI405_C20_F2.nd2,13
5,11059,1,0.0006329686228411,0.081648,228.44813537597656,2526408.0,16.204785186924745,0.0004437129828147,-0.0590204762656048,False,abnormal_nucleus,KI,C20,2.0,d28,Plate1,/Users/pmihack/claire/tmem_2026/data/cleaved_tmem_pld3_260821/d28/Z60_PLD_TMEMki/PLD3TMEM106B_Plate1_d28_TMEM561LAMP1640MAP2488DAPI405_C20_F2.nd2,13
1,10048,2,0.0009952229299363,0.05832,295.2178649902344,2966349.0,13.734167346446798,0.0,-0.0577544017052407,True,,KI,C20,3.0,d28,Plate1,/Users/pmihack/claire/tmem_2026/data/cleaved_tmem_pld3_260821/d28/Z60_PLD_TMEMki/PLD3TMEM106B_Plate1_d28_TMEM561LAMP1640MAP2488DAPI405_C20_F3.nd2,16
2,5863,4,0.0071635681391778,0.1224719999999999,325.06243896484375,1905841.0,18.115424012771584,0.0,-0.0286803816145443,True,,KI,C20,3.0,d28,Plate1,/Users/pmihack/claire/tmem_2026/data/cleaved_tmem_pld3_260821/d28/Z60_PLD_TMEMki/PLD3TMEM106B_Plate1_d28_TMEM561LAMP1640MAP2488DAPI405_C20_F3.nd2,16
3,18494,4,0.0022169352222342,0.119556,198.82681274414065,3677103.0,4.1320508498823605,0.0,-0.0179843529237165,True,,KI,C20,3.0,d28,Plate1,/Users/pmihack/claire/tmem_2026/data/cleaved_tmem_pld3_260821/d28/Z60_PLD_TMEMki/PLD3TMEM106B_Plate1_d28_TMEM561LAMP1640MAP2488DAPI405_C20_F3.nd2,16
4,12388,4,0.0136422344204068,0.4928039999999999,240.1299591064453,2974730.0,14.246181300954294,0.0,0.0509627904168033,True,,KI,C20,3.0,d28,Plate1,/Users/pmihack/claire/tmem_2026/data/cleaved_tmem_pld3_260821/d28/Z60_PLD_TMEMki/PLD3TMEM106B_Plate1_d28_TMEM561LAMP1640MAP2488DAPI405_C20_F3.nd2,16
5,23135,4,0.0076075210719688,0.513216,210.86622619628903,4878390.0,14.972816096604369,0.0,0.5675148891254244,True,,KI,C20,3.0,d28,Plate1,/Users/pmihack/claire/tmem_2026/data/cleaved_tmem_pld3_260821/d28/Z60_PLD_TMEMki/PLD3TMEM106B_Plate1_d28_TMEM561LAMP1640MAP2488DAPI405_C20_F3.nd2,16
6,10464,1,0.0010512232415902,0.128304,90.4239273071289,946196.0,20.318622257305098,0.0,0.3686752954836248,True,,KI,C20,3.0,d28,Plate1,/Users/pmihack/claire/tmem_2026/data/cleaved_tmem_pld3_260821/d28/Z60_PLD_TMEMki/PLD3TMEM106B_Plate1_d28_TMEM561LAMP1640MAP2488DAPI405_C20_F3.nd2,16
7,2252,0,0.0,0.0,56.735347747802734,127768.0,,0.0,-0.0793782056050683,True,,KI,C20,3.0,d28,Plate1,/Users/pmihack/claire/tmem_2026/data/cleaved_tmem_pld3_260821/d28/Z60_PLD_TMEMki/PLD3TMEM106B_Plate1_d28_TMEM561LAMP1640MAP2488DAPI405_C20_F3.nd2,16
8,13266,13,0.0113071008593396,0.1345846153846153,550.1304931640625,7298031.0,13.846408423415443,0.0,-0.0562950829600233,True,,KI,C20,3.0,d28,Plate1,/Users/pmihack/claire/tmem_2026/data/cleaved_tmem_pld3_260821/d28/Z60_PLD_TMEMki/PLD3TMEM106B_Plate1_d28_TMEM561LAMP1640MAP2488DAPI405_C20_F3.nd2,16
9,17052,2,0.0022284775979357,0.2216159999999999,167.9951934814453,2864654.0,12.545411331910412,0.0,0.1221463149452184,True,,KI,C20,3.0,d28,Plate1,/Users/pmihack/claire/tmem_2026/data/cleaved_tmem_pld3_260821/d28/Z60_PLD_TMEMki/PLD3TMEM106B_Plate1_d28_TMEM561LAMP1640MAP2488DAPI405_C20_F3.nd2,16
10,25772,4,0.0077215582803042,0.5802839999999999,121.11648559570312,3121414.0,5.814956949136083,0.0,0.7054499458385013,True,,KI,C20,3.0,d28,Plate1,/Users/pmihack/claire/tmem_2026/data/cleaved_tmem_pld3_260821/d28/Z60_PLD_TMEMki/PLD3TMEM106B_Plate1_d28_TMEM561LAMP1640MAP2488DAPI405_C20_F3.nd2,16
11,21425,0,0.0,0.0,209.67323303222656,4492249.0,,0.0,-0.0533188131361013,True,,KI,C20,3.0,d28,Plate1,/Users/pmihack/claire/tmem_2026/data/cleaved_tmem_pld3_260821/d28/Z60_PLD_TMEMki/PLD3TMEM106B_Plate1_d28_TMEM561LAMP1640MAP2488DAPI405_C20_F3.nd2,16
12,14750,3,0.0014915254237288,0.0855359999999999,220.43450927734375,3251409.0,15.114910017353363,0.0013686374295502,0.1996165076976669,True,,KI,C20,3.0,d28,Plate1,/Users/pmihack/claire/tmem_2026/data/cleaved_tmem_pld3_260821/d28/Z60_PLD_TMEMki/PLD3TMEM106B_Plate1_d28_TMEM561LAMP1640MAP2488DAPI405_C20_F3.nd2,16
13,749,0,0.0,0.0,96.63551330566406,72380.0,,0.0,-0.0391329527946645,False,size_outlier,KI,C20,3.0,d28,Plate1,/Users/pmihack/claire/tmem_2026/data/cleaved_tmem_pld3_260821/d28/Z60_PLD_TMEMki/PLD3TMEM106B_Plate1_d28_TMEM561LAMP1640MAP2488DAPI405_C20_F3.nd2,16
14,1110,0,0.0,0.0,44.03963851928711,48884.0,,0.0,-0.1181534636044993,False,size_outlier,KI,C20,3.0,d28,Plate1,/Users/pmihack/claire/tmem_2026/data/cleaved_tmem_pld3_260821/d28/Z60_PLD_TMEMki/PLD3TMEM106B_Plate1_d28_TMEM561LAMP1640MAP2488DAPI405_C20_F3.nd2,16
15,763,0,0.0,0.0,134.07733154296875,102301.0,,0.0,-0.0577853004476765,False,size_outlier,KI,C20,3.0,d28,Plate1,/Users/pmihack/claire/tmem_2026/data/cleaved_tmem_pld3_260821/d28/Z60_PLD_TMEMki/PLD3TMEM106B_Plate1_d28_TMEM561LAMP1640MAP2488DAPI405_C20_F3.nd2,16
1,1952,0,0.0,0.0,56.18954849243164,109682.0,,0.0,-0.0134642742584725,False,size_outlier,KI,C20,4.0,d28,Plate1,/Users/pmihack/claire/tmem_2026/data/cleaved_tmem_pld3_260821/d28/Z60_PLD_TMEMki/PLD3TMEM106B_Plate1_d28_TMEM561LAMP1640MAP2488DAPI405_C20_F4.nd2,11
2,2806,0,0.0,0.0,140.70420837402344,394816.0,,0.0,0.0050140267854082,True,,KI,C20,4.0,d28,Plate1,/Users/pmihack/claire/tmem_2026/data/cleaved_tmem_pld3_260821/d28/Z60_PLD_TMEMki/PLD3TMEM106B_Plate1_d28_TMEM561LAMP1640MAP2488DAPI405_C20_F4.nd2,11
3,15956,0,0.0,0.0,23.38236427307129,373089.0,,0.0,0.1811006700999843,True,,KI,C20,4.0,d28,Plate1,/Users/pmihack/claire/tmem_2026/data/cleaved_tmem_pld3_260821/d28/Z60_PLD_TMEMki/PLD3TMEM106B_Plate1_d28_TMEM561LAMP1640MAP2488DAPI405_C20_F4.nd2,11
4,24083,1,0.0002076153303159,0.05832,135.98130798339844,3274838.0,15.367052676538108,0.0005731581477448,-0.002753615940415,True,,KI,C20,4.0,d28,Plate1,/Users/pmihack/claire/tmem_2026/data/cleaved_tmem_pld3_260821/d28/Z60_PLD_TMEMki/PLD3TMEM106B_Plate1_d28_TMEM561LAMP1640MAP2488DAPI405_C20_F4.nd2,11
5,13893,1,0.0002159360829194,0.0349919999999999,71.12905883789062,988196.0,11.831541981938742,0.0004715663671959,0.0941705867161523,True,,KI,C20,4.0,d28,Plate1,/Users/pmihack/claire/tmem_2026/data/cleaved_tmem_pld3_260821/d28/Z60_PLD_TMEMki/PLD3TMEM106B_Plate1_d28_TMEM561LAMP1640MAP2488DAPI405_C20_F4.nd2,11
6,20175,7,0.0049566294919454,0.1666285714285714,191.2181854248047,3857827.0,1.2426286642322328,0.0,0.1246077655619549,True,,KI,C20,4.0,d28,Plate1,/Users/pmihack/claire/tmem_2026/data/cleaved_tmem_pld3_260821/d28/Z60_PLD_TMEMki/PLD3TMEM106B_Plate1_d28_TMEM561LAMP1640MAP2488DAPI405_C20_F4.nd2,11
1,9925,0,0.0,0.0,775.2915649414062,7694769.0,,0.0,0.2958721040922787,True,,KI,D20,1.0,d28,Plate1,/Users/pmihack/claire/tmem_2026/data/cleaved_tmem_pld3_260821/d28/Z60_PLD_TMEMki/PLD3TMEM106B_Plate1_d28_TMEM561LAMP1640MAP2488DAPI405_D20_F1.nd2,17
2,15739,0,0.0,0.0,27.736068725585938,436538.0,,0.0,0.0230657910816438,True,,KI,D20,1.0,d28,Plate1,/Users/pmihack/claire/tmem_2026/data/cleaved_tmem_pld3_260821/d28/Z60_PLD_TMEMki/PLD3TMEM106B_Plate1_d28_TMEM561LAMP1640MAP2488DAPI405_D20_F1.nd2,17
3,13975,6,0.0043649373881932,0.1185839999999999,437.19049072265625,6109737.0,5.304214862629992,0.0232921652495861,0.0763364528290583,True,,KI,D20,1.0,d28,Plate1,/Users/pmihack/claire/tmem_2026/data/cleaved_tmem_pld3_260821/d28/Z60_PLD_TMEMki/PLD3TMEM106B_Plate1_d28_TMEM561LAMP1640MAP2488DAPI405_D20_F1.nd2,17
4,6828,2,0.0055653192735793,0.2216159999999999,292.9216613769531,2000069.0,0.4615218505715562,0.0,0.0486248595970479,True,,KI,D20,1.0,d28,Plate1,/Users/pmihack/claire/tmem_2026/data/cleaved_tmem_pld3_260821/d28/Z60_PLD_TMEMki/PLD3TMEM106B_Plate1_d28_TMEM561LAMP1640MAP2488DAPI405_D20_F1.nd2,17
5,8294,0,0.0,0.0,368.2804565429687,3054518.0,,2.0297800801927224e-05,-0.0410716119242189,True,,KI,D20,1.0,d28,Plate1,/Users/pmihack/claire/tmem_2026/data/cleaved_tmem_pld3_260821/d28/Z60_PLD_TMEMki/PLD3TMEM106B_Plate1_d28_TMEM561LAMP1640MAP2488DAPI405_D20_F1.nd2,17
6,10504,0,0.0,0.0,256.7958068847656,2697383.0,,0.0,-0.0721640665083908,True,,KI,D20,1.0,d28,Plate1,/Users/pmihack/claire/tmem_2026/data/cleaved_tmem_pld3_260821/d28/Z60_PLD_TMEMki/PLD3TMEM106B_Plate1_d28_TMEM561LAMP1640MAP2488DAPI405_D20_F1.nd2,17
7,16617,0,0.0,0.0,247.95950317382812,4120343.0,,0.0,0.0046382639819275,True,,KI,D20,1.0,d28,Plate1,/Users/pmihack/claire/tmem_2026/data/cleaved_tmem_pld3_260821/d28/Z60_PLD_TMEMki/PLD3TMEM106B_Plate1_d28_TMEM561LAMP1640MAP2488DAPI405_D20_F1.nd2,17
8,6347,0,0.0,0.0,158.63006591796875,1006825.0,,0.0,-0.017016704600512,True,,KI,D20,1.0,d28,Plate1,/Users/pmihack/claire/tmem_2026/data/cleaved_tmem_pld3_260821/d28/Z60_PLD_TMEMki/PLD3TMEM106B_Plate1_d28_TMEM561LAMP1640MAP2488DAPI405_D20_F1.nd2,17
9,21309,2,0.0016424984748228,0.20412,386.0857238769531,8227101.0,1.641566216646119,0.0287187434732913,0.337636218291008,True,,KI,D20,1.0,d28,Plate1,/Users/pmihack/claire/tmem_2026/data/cleaved_tmem_pld3_260821/d28/Z60_PLD_TMEMki/PLD3TMEM106B_Plate1_d28_TMEM561LAMP1640MAP2488DAPI405_D20_F1.nd2,17
10,13580,19,0.0389543446244477,0.3247503157894736,1402.5194091796875,19046214.0,12.827898801570631,0.0,0.1387289770211572,True,,KI,D20,1.0,d28,Plate1,/Users/pmihack/claire/tmem_2026/data/cleaved_tmem_pld3_260821/d28/Z60_PLD_TMEMki/PLD3TMEM106B_Plate1_d28_TMEM561LAMP1640MAP2488DAPI405_D20_F1.nd2,17
11,5443,0,0.0,0.0,43.05107498168945,234327.0,,0.0,0.0636076416596856,False,abnormal_nucleus,KI,D20,1.0,d28,Plate1,/Users/pmihack/claire/tmem_2026/data/cleaved_tmem_pld3_260821/d28/Z60_PLD_TMEMki/PLD3TMEM106B_Plate1_d28_TMEM561LAMP1640MAP2488DAPI405_D20_F1.nd2,17
12,8289,0,0.0,0.0,507.3852233886719,4205716.0,,0.0,0.041703132396617,True,,KI,D20,1.0,d28,Plate1,/Users/pmihack/claire/tmem_2026/data/cleaved_tmem_pld3_260821/d28/Z60_PLD_TMEMki/PLD3TMEM106B_Plate1_d28_TMEM561LAMP1640MAP2488DAPI405_D20_F1.nd2,17
13,12037,6,0.0051507850793387,0.120528,818.8519287109375,9856521.0,3.7208545116211,0.0001260079443454,0.0196212729958032,True,,KI,D20,1.0,d28,Plate1,/Users/pmihack/claire/tmem_2026/data/cleaved_tmem_pld3_260821/d28/Z60_PLD_TMEMki/PLD3TMEM106B_Plate1_d28_TMEM561LAMP1640MAP2488DAPI405_D20_F1.nd2,17
14,2338,1,0.0012831479897348,0.0349919999999999,810.1176147460938,1894055.0,26.31866534332836,0.0,0.2989941448649102,True,,KI,D20,1.0,d28,Plate1,/Users/pmihack/claire/tmem_2026/data/cleaved_tmem_pld3_260821/d28/Z60_PLD_TMEMki/PLD3TMEM106B_Plate1_d28_TMEM561LAMP1640MAP2488DAPI405_D20_F1.nd2,17
15,1894,0,0.0,0.0,108.2201690673828,204969.0,,0.0,-0.0232798896403552,False,size_outlier,KI,D20,1.0,d28,Plate1,/Users/pmihack/claire/tmem_2026/data/cleaved_tmem_pld3_260821/d28/Z60_PLD_TMEMki/PLD3TMEM106B_Plate1_d28_TMEM561LAMP1640MAP2488DAPI405_D20_F1.nd2,17
16,4165,0,0.0,0.0,266.9920654296875,1112022.0,,0.0021879062987864,-0.0713809762900045,True,,KI,D20,1.0,d28,Plate1,/Users/pmihack/claire/tmem_2026/data/cleaved_tmem_pld3_260821/d28/Z60_PLD_TMEMki/PLD3TMEM106B_Plate1_d28_TMEM561LAMP1640MAP2488DAPI405_D20_F1.nd2,17
1,15265,0,0.0,0.0,54.90055847167969,838057.0,,0.010593551211059,0.1709106665471922,True,,KI,D20,2.0,d28,Plate1,/Users/pmihack/claire/tmem_2026/data/cleaved_tmem_pld3_260821/d28/Z60_PLD_TMEMki/PLD3TMEM106B_Plate1_d28_TMEM561LAMP1640MAP2488DAPI405_D20_F2.nd2,12
2,14632,0,0.0,0.0,53.15459442138672,777758.0,,0.0002134340029442,-0.0067676697207305,True,,KI,D20,2.0,d28,Plate1,/Users/pmihack/claire/tmem_2026/data/cleaved_tmem_pld3_260821/d28/Z60_PLD_TMEMki/PLD3TMEM106B_Plate1_d28_TMEM561LAMP1640MAP2488DAPI405_D20_F2.nd2,12
3,2934,0,0.0,0.0,24.945125579833984,73189.0,,0.000191285580513,-0.0345872005365955,True,,KI,D20,2.0,d28,Plate1,/Users/pmihack/claire/tmem_2026/data/cleaved_tmem_pld3_260821/d28/Z60_PLD_TMEMki/PLD3TMEM106B_Plate1_d28_TMEM561LAMP1640MAP2488DAPI405_D20_F2.nd2,12
4,8041,0,0.0,0.0,107.70800018310548,866080.0,,0.0,0.0341887095336729,True,,KI,D20,2.0,d28,Plate1,/Users/pmihack/claire/tmem_2026/data/cleaved_tmem_pld3_260821/d28/Z60_PLD_TMEMki/PLD3TMEM106B_Plate1_d28_TMEM561LAMP1640MAP2488DAPI405_D20_F2.nd2,12
5,20048,3,0.0012470071827613,0.0972,135.92318725585938,2724988.0,18.76423442501745,0.0,0.0909985538701795,False,abnormal_nucleus,KI,D20,2.0,d28,Plate1,/Users/pmihack/claire/tmem_2026/data/cleaved_tmem_pld3_260821/d28/Z60_PLD_TMEMki/PLD3TMEM106B_Plate1_d28_TMEM561LAMP1640MAP2488DAPI405_D20_F2.nd2,12
6,15727,0,0.0,0.0,69.9842300415039,1100642.0,,0.0006950488896109,0.0092744103676869,True,,KI,D20,2.0,d28,Plate1,/Users/pmihack/claire/tmem_2026/data/cleaved_tmem_pld3_260821/d28/Z60_PLD_TMEMki/PLD3TMEM106B_Plate1_d28_TMEM561LAMP1640MAP2488DAPI405_D20_F2.nd2,12
7,13319,1,0.0006757264058863,0.1049759999999999,153.28268432617188,2041572.0,0.5332633993485996,0.0029673213139176,0.0870659196979325,True,,KI,D20,2.0,d28,Plate1,/Users/pmihack/claire/tmem_2026/data/cleaved_tmem_pld3_260821/d28/Z60_PLD_TMEMki/PLD3TMEM106B_Plate1_d28_TMEM561LAMP1640MAP2488DAPI405_D20_F2.nd2,12
8,15086,0,0.0,0.0,58.6681022644043,885067.0,,0.0313456505537033,0.0911088474655869,True,,KI,D20,2.0,d28,Plate1,/Users/pmihack/claire/tmem_2026/data/cleaved_tmem_pld3_260821/d28/Z60_PLD_TMEMki/PLD3TMEM106B_Plate1_d28_TMEM561LAMP1640MAP2488DAPI405_D20_F2.nd2,12
9,9013,0,0.0,0.0,77.4289321899414,697867.0,,0.0205812864005565,0.1611177994670484,True,,KI,D20,2.0,d28,Plate1,/Users/pmihack/claire/tmem_2026/data/cleaved_tmem_pld3_260821/d28/Z60_PLD_TMEMki/PLD3TMEM106B_Plate1_d28_TMEM561LAMP1640MAP2488DAPI405_D20_F2.nd2,12
10,19821,5,0.0028757378537914,0.1329696,254.89434814453125,5052261.0,0.6618626279830331,0.0022629471495747,0.2526470954499162,True,,KI,D20,2.0,d28,Plate1,/Users/pmihack/claire/tmem_2026/data/cleaved_tmem_pld3_260821/d28/Z60_PLD_TMEMki/PLD3TMEM106B_Plate1_d28_TMEM561LAMP1640MAP2488DAPI405_D20_F2.nd2,12
11,13119,0,0.0,0.0,42.211143493652344,553768.0,,0.0154143972322344,0.1226267778569898,True,,KI,D20,2.0,d28,Plate1,/Users/pmihack/claire/tmem_2026/data/cleaved_tmem_pld3_260821/d28/Z60_PLD_TMEMki/PLD3TMEM106B_Plate1_d28_TMEM561LAMP1640MAP2488DAPI405_D20_F2.nd2,12
12,8592,0,0.0,0.0,37.47066879272461,321948.0,,0.004513151012361,0.0135952502249523,True,,KI,D20,2.0,d28,Plate1,/Users/pmihack/claire/tmem_2026/data/cleaved_tmem_pld3_260821/d28/Z60_PLD_TMEMki/PLD3TMEM106B_Plate1_d28_TMEM561LAMP1640MAP2488DAPI405_D20_F2.nd2,12
13,10369,0,0.0,0.0,117.3274154663086,1216568.0,,0.0,0.0324675696066297,True,,KI,D20,2.0,d28,Plate1,/Users/pmihack/claire/tmem_2026/data/cleaved_tmem_pld3_260821/d28/Z60_PLD_TMEMki/PLD3TMEM106B_Plate1_d28_TMEM561LAMP1640MAP2488DAPI405_D20_F2.nd2,12
14,4257,0,0.0,0.0,143.96875,612875.0,,0.0,-0.048639274060567,True,,KI,D20,2.0,d28,Plate1,/Users/pmihack/claire/tmem_2026/data/cleaved_tmem_pld3_260821/d28/Z60_PLD_TMEMki/PLD3TMEM106B_Plate1_d28_TMEM561LAMP1640MAP2488DAPI405_D20_F2.nd2,12
1,13566,0,0.0,0.0,40.56686019897461,550330.0,,0.0,0.0080622653977923,True,,KI,D20,3.0,d28,Plate1,/Users/pmihack/claire/tmem_2026/data/cleaved_tmem_pld3_260821/d28/Z60_PLD_TMEMki/PLD3TMEM106B_Plate1_d28_TMEM561LAMP1640MAP2488DAPI405_D20_F3.nd2,13
2,15647,0,0.0,0.0,522.20751953125,8170981.0,,0.0,0.0325791657312977,True,,KI,D20,3.0,d28,Plate1,/Users/pmihack/claire/tmem_2026/data/cleaved_tmem_pld3_260821/d28/Z60_PLD_TMEMki/PLD3TMEM106B_Plate1_d28_TMEM561LAMP1640MAP2488DAPI405_D20_F3.nd2,13
3,12805,0,0.0,0.0,34.80546569824219,445684.0,,0.0,-0.0125924456541904,True,,KI,D20,3.0,d28,Plate1,/Users/pmihack/claire/tmem_2026/data/cleaved_tmem_pld3_260821/d28/Z60_PLD_TMEMki/PLD3TMEM106B_Plate1_d28_TMEM561LAMP1640MAP2488DAPI405_D20_F3.nd2,13
4,17884,0,0.0,0.0,99.45985412597656,1778740.0,,0.0,0.2224339648116559,True,,KI,D20,3.0,d28,Plate1,/Users/pmihack/claire/tmem_2026/data/cleaved_tmem_pld3_260821/d28/Z60_PLD_TMEMki/PLD3TMEM106B_Plate1_d28_TMEM561LAMP1640MAP2488DAPI405_D20_F3.nd2,13
5,18899,0,0.0,0.0,37.52008056640625,709092.0,,0.0183051005005836,0.3788258411215319,True,,KI,D20,3.0,d28,Plate1,/Users/pmihack/claire/tmem_2026/data/cleaved_tmem_pld3_260821/d28/Z60_PLD_TMEMki/PLD3TMEM106B_Plate1_d28_TMEM561LAMP1640MAP2488DAPI405_D20_F3.nd2,13
6,16452,0,0.0,0.0,97.18648529052734,1598912.0,,0.0,0.1372050982468799,False,abnormal_nucleus,KI,D20,3.0,d28,Plate1,/Users/pmihack/claire/tmem_2026/data/cleaved_tmem_pld3_260821/d28/Z60_PLD_TMEMki/PLD3TMEM106B_Plate1_d28_TMEM561LAMP1640MAP2488DAPI405_D20_F3.nd2,13
7,13397,0,0.0,0.0,73.61834716796875,986265.0,,0.0004299047286622,0.0244874520737896,True,,KI,D20,3.0,d28,Plate1,/Users/pmihack/claire/tmem_2026/data/cleaved_tmem_pld3_260821/d28/Z60_PLD_TMEMki/PLD3TMEM106B_Plate1_d28_TMEM561LAMP1640MAP2488DAPI405_D20_F3.nd2,13
8,8103,0,0.0,0.0,78.07022094726562,632603.0,,0.0002023385895881,0.1586352274884835,True,,KI,D20,3.0,d28,Plate1,/Users/pmihack/claire/tmem_2026/data/cleaved_tmem_pld3_260821/d28/Z60_PLD_TMEMki/PLD3TMEM106B_Plate1_d28_TMEM561LAMP1640MAP2488DAPI405_D20_F3.nd2,13
9,8550,0,0.0,0.0,76.57929992675781,654753.0,,0.0,-0.0223118048638956,True,,KI,D20,3.0,d28,Plate1,/Users/pmihack/claire/tmem_2026/data/cleaved_tmem_pld3_260821/d28/Z60_PLD_TMEMki/PLD3TMEM106B_Plate1_d28_TMEM561LAMP1640MAP2488DAPI405_D20_F3.nd2,13
10,2962,0,0.0,0.0,200.6755523681641,594401.0,,0.0645086392760276,0.7562629745835631,True,,KI,D20,3.0,d28,Plate1,/Users/pmihack/claire/tmem_2026/data/cleaved_tmem_pld3_260821/d28/Z60_PLD_TMEMki/PLD3TMEM106B_Plate1_d28_TMEM561LAMP1640MAP2488DAPI405_D20_F3.nd2,13
11,6174,0,0.0,0.0,184.6005859375,1139724.0,,0.2580607235431671,0.7249059700596792,False,abnormal_nucleus,KI,D20,3.0,d28,Plate1,/Users/pmihack/claire/tmem_2026/data/cleaved_tmem_pld3_260821/d28/Z60_PLD_TMEMki/PLD3TMEM106B_Plate1_d28_TMEM561LAMP1640MAP2488DAPI405_D20_F3.nd2,13
12,26323,1,0.0004558750902252,0.1399679999999999,307.5016784667969,8094367.0,10.865422583651055,0.0,0.2451478288284697,True,,KI,D20,3.0,d28,Plate1,/Users/pmihack/claire/tmem_2026/data/cleaved_tmem_pld3_260821/d28/Z60_PLD_TMEMki/PLD3TMEM106B_Plate1_d28_TMEM561LAMP1640MAP2488DAPI405_D20_F3.nd2,13
13,6680,0,0.0,0.0,132.38442993164062,884328.0,,0.0038334191776812,0.1344817523706911,True,,KI,D20,3.0,d28,Plate1,/Users/pmihack/claire/tmem_2026/data/cleaved_tmem_pld3_260821/d28/Z60_PLD_TMEMki/PLD3TMEM106B_Plate1_d28_TMEM561LAMP1640MAP2488DAPI405_D20_F3.nd2,13
14,2819,0,0.0,0.0,21.93543815612793,61836.0,,0.0,0.15861614580486,True,,KI,D20,3.0,d28,Plate1,/Users/pmihack/claire/tmem_2026/data/cleaved_tmem_pld3_260821/d28/Z60_PLD_TMEMki/PLD3TMEM106B_Plate1_d28_TMEM561LAMP1640MAP2488DAPI405_D20_F3.nd2,13
15,3161,0,0.0,0.0,12.704524040222168,40159.0,,0.0,0.1399937666765754,True,,KI,D20,3.0,d28,Plate1,/Users/pmihack/claire/tmem_2026/data/cleaved_tmem_pld3_260821/d28/Z60_PLD_TMEMki/PLD3TMEM106B_Plate1_d28_TMEM561LAMP1640MAP2488DAPI405_D20_F3.nd2,13
16,3115,0,0.0,0.0,186.2044982910156,580027.0,,0.0,0.5382231829556327,True,,KI,D20,3.0,d28,Plate1,/Users/pmihack/claire/tmem_2026/data/cleaved_tmem_pld3_260821/d28/Z60_PLD_TMEMki/PLD3TMEM106B_Plate1_d28_TMEM561LAMP1640MAP2488DAPI405_D20_F3.nd2,13
1,17872,8,0.009847806624888,0.256608,818.9405517578125,14636106.0,6.194152878086389,0.0,-0.0270706276008036,True,,KI,D20,4.0,d28,Plate1,/Users/pmihack/claire/tmem_2026/data/cleaved_tmem_pld3_260821/d28/Z60_PLD_TMEMki/PLD3TMEM106B_Plate1_d28_TMEM561LAMP1640MAP2488DAPI405_D20_F4.nd2,15
2,18925,0,0.0,0.0,248.66419982910156,4705970.0,,0.0012516017304733,0.0257334488355237,False,abnormal_nucleus,KI,D20,4.0,d28,Plate1,/Users/pmihack/claire/tmem_2026/data/cleaved_tmem_pld3_260821/d28/Z60_PLD_TMEMki/PLD3TMEM106B_Plate1_d28_TMEM561LAMP1640MAP2488DAPI405_D20_F4.nd2,15
3,3151,0,0.0,0.0,76.52523040771484,241131.0,,0.0,0.3227830671484955,True,,KI,D20,4.0,d28,Plate1,/Users/pmihack/claire/tmem_2026/data/cleaved_tmem_pld3_260821/d28/Z60_PLD_TMEMki/PLD3TMEM106B_Plate1_d28_TMEM561LAMP1640MAP2488DAPI405_D20_F4.nd2,15
4,3904,2,0.0033299180327868,0.075816,276.453125,1079273.0,40.264311806903486,0.0035607302561402,0.1779908998224704,True,,KI,D20,4.0,d28,Plate1,/Users/pmihack/claire/tmem_2026/data/cleaved_tmem_pld3_260821/d28/Z60_PLD_TMEMki/PLD3TMEM106B_Plate1_d28_TMEM561LAMP1640MAP2488DAPI405_D20_F4.nd2,15
5,22701,1,0.0001321527686005,0.0349919999999999,157.40341186523438,3573215.0,24.03501458165435,0.0,0.0310038313938265,True,,KI,D20,4.0,d28,Plate1,/Users/pmihack/claire/tmem_2026/data/cleaved_tmem_pld3_260821/d28/Z60_PLD_TMEMki/PLD3TMEM106B_Plate1_d28_TMEM561LAMP1640MAP2488DAPI405_D20_F4.nd2,15
6,13291,0,0.0,0.0,351.53546142578125,4672258.0,,0.0,-0.0722910651284195,False,abnormal_nucleus,KI,D20,4.0,d28,Plate1,/Users/pmihack/claire/tmem_2026/data/cleaved_tmem_pld3_260821/d28/Z60_PLD_TMEMki/PLD3TMEM106B_Plate1_d28_TMEM561LAMP1640MAP2488DAPI405_D20_F4.nd2,15
7,8399,4,0.008096201928801,0.198288,768.2001342773438,6452113.0,20.82702773893062,0.0226088725030422,0.0525458554764647,False,abnormal_nucleus,KI,D20,4.0,d28,Plate1,/Users/pmihack/claire/tmem_2026/data/cleaved_tmem_pld3_260821/d28/Z60_PLD_TMEMki/PLD3TMEM106B_Plate1_d28_TMEM561LAMP1640MAP2488DAPI405_D20_F4.nd2,15
8,9303,0,0.0,0.0,898.017822265625,8354260.0,,0.0,0.1357708679795727,False,abnormal_nucleus,KI,D20,4.0,d28,Plate1,/Users/pmihack/claire/tmem_2026/data/cleaved_tmem_pld3_260821/d28/Z60_PLD_TMEMki/PLD3TMEM106B_Plate1_d28_TMEM561LAMP1640MAP2488DAPI405_D20_F4.nd2,15
9,18892,4,0.0018526360364175,0.10206,1064.659912109375,20113556.0,17.956562060842924,0.0,0.2649111160804813,False,abnormal_nucleus,KI,D20,4.0,d28,Plate1,/Users/pmihack/claire/tmem_2026/data/cleaved_tmem_pld3_260821/d28/Z60_PLD_TMEMki/PLD3TMEM106B_Plate1_d28_TMEM561LAMP1640MAP2488DAPI405_D20_F4.nd2,15
10,11995,0,0.0,0.0,365.13580322265625,4379804.0,,0.0,0.069669134533608,True,,KI,D20,4.0,d28,Plate1,/Users/pmihack/claire/tmem_2026/data/cleaved_tmem_pld3_260821/d28/Z60_PLD_TMEMki/PLD3TMEM106B_Plate1_d28_TMEM561LAMP1640MAP2488DAPI405_D20_F4.nd2,15
1,7722,0,0.0,0.0,440.24993896484375,3399610.0,,0.0,0.1282118950468756,True,,KI,E20,1.0,d28,Plate1,/Users/pmihack/claire/tmem_2026/data/cleaved_tmem_pld3_260821/d28/Z60_PLD_TMEMki/PLD3TMEM106B_Plate1_d28_TMEM561LAMP1640MAP2488DAPI405_E20_F1.nd2,12
2,4063,0,0.0,0.0,110.24415588378906,447922.0,,0.000634038937278,-0.0211722609907784,False,abnormal_nucleus,KI,E20,1.0,d28,Plate1,/Users/pmihack/claire/tmem_2026/data/cleaved_tmem_pld3_260821/d28/Z60_PLD_TMEMki/PLD3TMEM106B_Plate1_d28_TMEM561LAMP1640MAP2488DAPI405_E20_F1.nd2,12
3,5155,0,0.0,0.0,60.531524658203125,312040.0,,0.0,0.1681715577747049,True,,KI,E20,1.0,d28,Plate1,/Users/pmihack/claire/tmem_2026/data/cleaved_tmem_pld3_260821/d28/Z60_PLD_TMEMki/PLD3TMEM106B_Plate1_d28_TMEM561LAMP1640MAP2488DAPI405_E20_F1.nd2,12
4,13111,0,0.0,0.0,153.95164489746094,2018460.0,,0.0,0.2613823487805644,True,,KI,E20,1.0,d28,Plate1,/Users/pmihack/claire/tmem_2026/data/cleaved_tmem_pld3_260821/d28/Z60_PLD_TMEMki/PLD3TMEM106B_Plate1_d28_TMEM561LAMP1640MAP2488DAPI405_E20_F1.nd2,12
5,11413,11,0.0380268115307105,0.4601978181818181,462.250244140625,5275662.0,0.8397129038037261,0.0059454147703945,0.0734593849493839,True,,KI,E20,1.0,d28,Plate1,/Users/pmihack/claire/tmem_2026/data/cleaved_tmem_pld3_260821/d28/Z60_PLD_TMEMki/PLD3TMEM106B_Plate1_d28_TMEM561LAMP1640MAP2488DAPI405_E20_F1.nd2,12
6,11706,0,0.0,0.0,140.24713134765625,1641733.0,,0.0002393811882939,0.0095306087378844,True,,KI,E20,1.0,d28,Plate1,/Users/pmihack/claire/tmem_2026/data/cleaved_tmem_pld3_260821/d28/Z60_PLD_TMEMki/PLD3TMEM106B_Plate1_d28_TMEM561LAMP1640MAP2488DAPI405_E20_F1.nd2,12
7,12068,8,0.1267815710971163,2.23074,857.1990356445312,10344678.0,0.7698492079628837,0.0,0.2247758544671805,True,,KI,E20,1.0,d28,Plate1,/Users/pmihack/claire/tmem_2026/data/cleaved_tmem_pld3_260821/d28/Z60_PLD_TMEMki/PLD3TMEM106B_Plate1_d28_TMEM561LAMP1640MAP2488DAPI405_E20_F1.nd2,12
8,9674,5,0.0099235063055612,0.2239487999999999,308.9806823730469,2989079.0,0.5592615424986962,0.0026473037432879,0.463207400076408,True,,KI,E20,1.0,d28,Plate1,/Users/pmihack/claire/tmem_2026/data/cleaved_tmem_pld3_260821/d28/Z60_PLD_TMEMki/PLD3TMEM106B_Plate1_d28_TMEM561LAMP1640MAP2488DAPI405_E20_F1.nd2,12
9,4051,0,0.0,0.0,275.9656982421875,1117937.0,,0.0,0.1824246938098011,True,,KI,E20,1.0,d28,Plate1,/Users/pmihack/claire/tmem_2026/data/cleaved_tmem_pld3_260821/d28/Z60_PLD_TMEMki/PLD3TMEM106B_Plate1_d28_TMEM561LAMP1640MAP2488DAPI405_E20_F1.nd2,12
10,10060,13,0.0146123260437375,0.131892923076923,384.5356750488281,3868429.0,0.9248963676455796,0.0,-0.0341499896960596,True,,KI,E20,1.0,d28,Plate1,/Users/pmihack/claire/tmem_2026/data/cleaved_tmem_pld3_260821/d28/Z60_PLD_TMEMki/PLD3TMEM106B_Plate1_d28_TMEM561LAMP1640MAP2488DAPI405_E20_F1.nd2,12
11,8398,12,0.0539414146225291,0.440316,501.0039367675781,4207431.0,15.468570991787074,0.0862414613366127,0.4617257088500034,False,abnormal_nucleus,KI,E20,1.0,d28,Plate1,/Users/pmihack/claire/tmem_2026/data/cleaved_tmem_pld3_260821/d28/Z60_PLD_TMEMki/PLD3TMEM106B_Plate1_d28_TMEM561LAMP1640MAP2488DAPI405_E20_F1.nd2,12
12,10806,0,0.0,0.0,124.7933578491211,1348517.0,,0.0013192269252613,0.0140022039703439,True,,KI,E20,1.0,d28,Plate1,/Users/pmihack/claire/tmem_2026/data/cleaved_tmem_pld3_260821/d28/Z60_PLD_TMEMki/PLD3TMEM106B_Plate1_d28_TMEM561LAMP1640MAP2488DAPI405_E20_F1.nd2,12
1,16491,13,0.0318355466618155,0.4710461538461538,440.5107116699219,7264462.0,1.021958457046795,0.0,-0.0015698567673426,True,,KI,E20,2.0,d28,Plate1,/Users/pmihack/claire/tmem_2026/data/cleaved_tmem_pld3_260821/d28/Z60_PLD_TMEMki/PLD3TMEM106B_Plate1_d28_TMEM561LAMP1640MAP2488DAPI405_E20_F2.nd2,14
2,12438,4,0.1293616337031677,4.691844,572.7963256835938,7124441.0,0.9136970325928324,0.0,0.1813108272161122,False,border,KI,E20,2.0,d28,Plate1,/Users/pmihack/claire/tmem_2026/data/cleaved_tmem_pld3_260821/d28/Z60_PLD_TMEMki/PLD3TMEM106B_Plate1_d28_TMEM561LAMP1640MAP2488DAPI405_E20_F2.nd2,14
3,11748,19,0.1397684712291453,1.0080151578947367,847.8638916015625,9960705.0,1.0983581239382012,0.0032651303336024,0.0235120104130221,True,,KI,E20,2.0,d28,Plate1,/Users/pmihack/claire/tmem_2026/data/cleaved_tmem_pld3_260821/d28/Z60_PLD_TMEMki/PLD3TMEM106B_Plate1_d28_TMEM561LAMP1640MAP2488DAPI405_E20_F2.nd2,14
4,17204,17,0.1319460590560335,1.5574870588235292,767.3575439453125,13201619.0,17.619623124674742,0.000106805084215,0.1316913312703643,True,,KI,E20,2.0,d28,Plate1,/Users/pmihack/claire/tmem_2026/data/cleaved_tmem_pld3_260821/d28/Z60_PLD_TMEMki/PLD3TMEM106B_Plate1_d28_TMEM561LAMP1640MAP2488DAPI405_E20_F2.nd2,14
5,12727,10,0.5928341321599748,8.800488,2471.386474609375,31453336.0,22.898498972988037,0.0,0.1001270927796735,True,,KI,E20,2.0,d28,Plate1,/Users/pmihack/claire/tmem_2026/data/cleaved_tmem_pld3_260821/d28/Z60_PLD_TMEMki/PLD3TMEM106B_Plate1_d28_TMEM561LAMP1640MAP2488DAPI405_E20_F2.nd2,14
6,10444,14,0.4221562619685944,3.673326857142857,1960.6187744140625,20476702.0,10.67576312279744,0.0212248042225837,0.1479741755146187,True,,KI,E20,2.0,d28,Plate1,/Users/pmihack/claire/tmem_2026/data/cleaved_tmem_pld3_260821/d28/Z60_PLD_TMEMki/PLD3TMEM106B_Plate1_d28_TMEM561LAMP1640MAP2488DAPI405_E20_F2.nd2,14
7,11626,17,0.1501806296232582,1.1979614117647055,908.6258544921876,10563684.0,6.753211080027696,0.0,0.0972028135314819,True,,KI,E20,2.0,d28,Plate1,/Users/pmihack/claire/tmem_2026/data/cleaved_tmem_pld3_260821/d28/Z60_PLD_TMEMki/PLD3TMEM106B_Plate1_d28_TMEM561LAMP1640MAP2488DAPI405_E20_F2.nd2,14
8,16650,20,0.2533933933933934,2.4605208,1289.26220703125,21466216.0,3.936055263514393,0.0029196576215326,0.0425363596031849,True,,KI,E20,2.0,d28,Plate1,/Users/pmihack/claire/tmem_2026/data/cleaved_tmem_pld3_260821/d28/Z60_PLD_TMEMki/PLD3TMEM106B_Plate1_d28_TMEM561LAMP1640MAP2488DAPI405_E20_F2.nd2,14
9,15170,11,0.2787738958470666,4.484277818181818,1246.051025390625,18902594.0,13.41206410765379,4.8723471991252154e-05,0.5518748580906656,True,,KI,E20,2.0,d28,Plate1,/Users/pmihack/claire/tmem_2026/data/cleaved_tmem_pld3_260821/d28/Z60_PLD_TMEMki/PLD3TMEM106B_Plate1_d28_TMEM561LAMP1640MAP2488DAPI405_E20_F2.nd2,14
10,14551,16,0.2896020892034912,3.0720059999999996,1318.2041015625,19181188.0,2.8520043417359244,4.911061841994524e-05,0.5741609993170588,True,,KI,E20,2.0,d28,Plate1,/Users/pmihack/claire/tmem_2026/data/cleaved_tmem_pld3_260821/d28/Z60_PLD_TMEMki/PLD3TMEM106B_Plate1_d28_TMEM561LAMP1640MAP2488DAPI405_E20_F2.nd2,14
11,7919,6,0.0343477711832302,0.528768,270.76702880859375,2144204.0,1.176149702152648,0.0,0.6745206070480564,True,,KI,E20,2.0,d28,Plate1,/Users/pmihack/claire/tmem_2026/data/cleaved_tmem_pld3_260821/d28/Z60_PLD_TMEMki/PLD3TMEM106B_Plate1_d28_TMEM561LAMP1640MAP2488DAPI405_E20_F2.nd2,14
12,12915,6,0.0084397986837011,0.211896,270.401611328125,3492237.0,18.112637984552563,0.0,0.3747661515051855,True,,KI,E20,2.0,d28,Plate1,/Users/pmihack/claire/tmem_2026/data/cleaved_tmem_pld3_260821/d28/Z60_PLD_TMEMki/PLD3TMEM106B_Plate1_d28_TMEM561LAMP1640MAP2488DAPI405_E20_F2.nd2,14
13,10042,5,0.161521609241187,3.783801599999999,759.15185546875,7623403.0,3.968195808146384,0.0,0.0561505939743542,True,,KI,E20,2.0,d28,Plate1,/Users/pmihack/claire/tmem_2026/data/cleaved_tmem_pld3_260821/d28/Z60_PLD_TMEMki/PLD3TMEM106B_Plate1_d28_TMEM561LAMP1640MAP2488DAPI405_E20_F2.nd2,14
14,14113,12,0.2243321760079359,3.0773519999999994,1111.250244140625,15683074.0,16.459387742190504,0.011273618787527,0.1891014442866151,True,,KI,E20,2.0,d28,Plate1,/Users/pmihack/claire/tmem_2026/data/cleaved_tmem_pld3_260821/d28/Z60_PLD_TMEMki/PLD3TMEM106B_Plate1_d28_TMEM561LAMP1640MAP2488DAPI405_E20_F2.nd2,14
15,13261,13,0.1010481864112812,1.2022892307692308,557.6115112304688,7394486.0,22.492655988795217,0.0007178321829997,0.0069939306210567,True,,KI,E20,2.0,d28,Plate1,/Users/pmihack/claire/tmem_2026/data/cleaved_tmem_pld3_260821/d28/Z60_PLD_TMEMki/PLD3TMEM106B_Plate1_d28_TMEM561LAMP1640MAP2488DAPI405_E20_F2.nd2,14
16,13248,17,0.1375301932367149,1.2501063529411762,808.9556274414062,10717044.0,13.644651185865644,0.0005271976115182,0.1071295547719056,True,,KI,E20,2.0,d28,Plate1,/Users/pmihack/claire/tmem_2026/data/cleaved_tmem_pld3_260821/d28/Z60_PLD_TMEMki/PLD3TMEM106B_Plate1_d28_TMEM561LAMP1640MAP2488DAPI405_E20_F2.nd2,14
17,14153,12,0.0441602487105207,0.6074999999999999,398.1470947265625,5634976.0,17.7896283293949,0.0002039050450548,-0.0003009742147121,True,,KI,E20,2.0,d28,Plate1,/Users/pmihack/claire/tmem_2026/data/cleaved_tmem_pld3_260821/d28/Z60_PLD_TMEMki/PLD3TMEM106B_Plate1_d28_TMEM561LAMP1640MAP2488DAPI405_E20_F2.nd2,14
18,10172,9,0.0206449075894612,0.2721599999999999,395.7186279296875,4025250.0,5.805683607774802,0.0,0.2461978638780775,True,,KI,E20,2.0,d28,Plate1,/Users/pmihack/claire/tmem_2026/data/cleaved_tmem_pld3_260821/d28/Z60_PLD_TMEMki/PLD3TMEM106B_Plate1_d28_TMEM561LAMP1640MAP2488DAPI405_E20_F2.nd2,14
19,4061,10,0.017729623245506,0.0839808,817.8943481445312,3321469.0,7.229894819385064,0.0022652626503258,-0.0501303128920922,True,,KI,E20,2.0,d28,Plate1,/Users/pmihack/claire/tmem_2026/data/cleaved_tmem_pld3_260821/d28/Z60_PLD_TMEMki/PLD3TMEM106B_Plate1_d28_TMEM561LAMP1640MAP2488DAPI405_E20_F2.nd2,14
20,5219,4,0.009771986970684,0.148716,227.3215179443359,1186391.0,0.9600836011440608,0.0,0.0485808313858356,True,,KI,E20,2.0,d28,Plate1,/Users/pmihack/claire/tmem_2026/data/cleaved_tmem_pld3_260821/d28/Z60_PLD_TMEMki/PLD3TMEM106B_Plate1_d28_TMEM561LAMP1640MAP2488DAPI405_E20_F2.nd2,14
21,2391,0,0.0,0.0,52.168968200683594,124736.0,,0.0,0.0356103418630524,False,abnormal_nucleus,KI,E20,2.0,d28,Plate1,/Users/pmihack/claire/tmem_2026/data/cleaved_tmem_pld3_260821/d28/Z60_PLD_TMEMki/PLD3TMEM106B_Plate1_d28_TMEM561LAMP1640MAP2488DAPI405_E20_F2.nd2,14
1,3091,1,0.0006470397929472,0.0233279999999999,308.03851318359375,952147.0,25.209633623178544,0.0,0.0902291334755364,True,,KI,E20,3.0,d28,Plate1,/Users/pmihack/claire/tmem_2026/data/cleaved_tmem_pld3_260821/d28/Z60_PLD_TMEMki/PLD3TMEM106B_Plate1_d28_TMEM561LAMP1640MAP2488DAPI405_E20_F3.nd2,11
2,4003,9,0.1156632525605795,0.6000479999999999,837.9410400390625,3354278.0,30.61252782994365,0.0,0.1392732372108933,True,,KI,E20,3.0,d28,Plate1,/Users/pmihack/claire/tmem_2026/data/cleaved_tmem_pld3_260821/d28/Z60_PLD_TMEMki/PLD3TMEM106B_Plate1_d28_TMEM561LAMP1640MAP2488DAPI405_E20_F3.nd2,11
3,3069,0,0.0,0.0,239.4607391357422,734905.0,,0.0,0.0169797641590478,True,,KI,E20,3.0,d28,Plate1,/Users/pmihack/claire/tmem_2026/data/cleaved_tmem_pld3_260821/d28/Z60_PLD_TMEMki/PLD3TMEM106B_Plate1_d28_TMEM561LAMP1640MAP2488DAPI405_E20_F3.nd2,11
4,18470,28,0.1483486735246345,1.141405714285714,753.3742065429688,13914822.0,3.035169054494651,0.0025725804734975,0.5290196609044833,True,,KI,E20,3.0,d28,Plate1,/Users/pmihack/claire/tmem_2026/data/cleaved_tmem_pld3_260821/d28/Z60_PLD_TMEMki/PLD3TMEM106B_Plate1_d28_TMEM561LAMP1640MAP2488DAPI405_E20_F3.nd2,11
5,5979,15,0.0286001003512293,0.1329696,530.367431640625,3171067.0,3.3122845941737475,0.0015720260562375,0.2387858155631488,True,,KI,E20,3.0,d28,Plate1,/Users/pmihack/claire/tmem_2026/data/cleaved_tmem_pld3_260821/d28/Z60_PLD_TMEMki/PLD3TMEM106B_Plate1_d28_TMEM561LAMP1640MAP2488DAPI405_E20_F3.nd2,11
6,16287,21,0.1145699023761282,1.0364297142857142,670.1882934570312,10915357.0,19.021076243974957,0.0001633478386793,0.1499732773624568,True,,KI,E20,3.0,d28,Plate1,/Users/pmihack/claire/tmem_2026/data/cleaved_tmem_pld3_260821/d28/Z60_PLD_TMEMki/PLD3TMEM106B_Plate1_d28_TMEM561LAMP1640MAP2488DAPI405_E20_F3.nd2,11
7,6275,20,0.1064541832669322,0.3895775999999999,850.2906494140625,5335574.0,3.586659082811132,0.0007926045218482,0.4016220992453738,True,,KI,E20,3.0,d28,Plate1,/Users/pmihack/claire/tmem_2026/data/cleaved_tmem_pld3_260821/d28/Z60_PLD_TMEMki/PLD3TMEM106B_Plate1_d28_TMEM561LAMP1640MAP2488DAPI405_E20_F3.nd2,11
8,4387,2,0.2409391383633462,6.1644239999999995,976.6056518554688,4284369.0,36.77727009654595,0.0,0.3193777530631931,True,,KI,E20,3.0,d28,Plate1,/Users/pmihack/claire/tmem_2026/data/cleaved_tmem_pld3_260821/d28/Z60_PLD_TMEMki/PLD3TMEM106B_Plate1_d28_TMEM561LAMP1640MAP2488DAPI405_E20_F3.nd2,11
9,23975,42,0.0923461939520333,0.6148594285714285,513.5253295898438,12311770.0,10.506637875944756,0.0001825082872528,0.1586685484734561,True,,KI,E20,3.0,d28,Plate1,/Users/pmihack/claire/tmem_2026/data/cleaved_tmem_pld3_260821/d28/Z60_PLD_TMEMki/PLD3TMEM106B_Plate1_d28_TMEM561LAMP1640MAP2488DAPI405_E20_F3.nd2,11
10,2053,8,0.0628348757915246,0.1880819999999999,567.6312866210938,1165347.0,44.85893859830345,0.0,0.0899167445227839,True,,KI,E20,3.0,d28,Plate1,/Users/pmihack/claire/tmem_2026/data/cleaved_tmem_pld3_260821/d28/Z60_PLD_TMEMki/PLD3TMEM106B_Plate1_d28_TMEM561LAMP1640MAP2488DAPI405_E20_F3.nd2,11
11,19482,10,0.2016733394928652,4.582785599999999,761.3811645507812,14833228.0,9.101744877146048,0.0065341810695827,0.5686055004266122,True,,KI,E20,3.0,d28,Plate1,/Users/pmihack/claire/tmem_2026/data/cleaved_tmem_pld3_260821/d28/Z60_PLD_TMEMki/PLD3TMEM106B_Plate1_d28_TMEM561LAMP1640MAP2488DAPI405_E20_F3.nd2,11
12,8780,4,0.3010250569476082,7.706987999999999,1233.3170166015625,10828523.0,21.16554520113337,0.0,0.5929239139441327,True,,KI,E20,3.0,d28,Plate1,/Users/pmihack/claire/tmem_2026/data/cleaved_tmem_pld3_260821/d28/Z60_PLD_TMEMki/PLD3TMEM106B_Plate1_d28_TMEM561LAMP1640MAP2488DAPI405_E20_F3.nd2,11
13,16425,10,0.0356164383561643,0.682344,333.7697448730469,5482168.0,13.81386207872508,0.0003797767567448,0.1740293095595677,False,abnormal_nucleus,KI,E20,3.0,d28,Plate1,/Users/pmihack/claire/tmem_2026/data/cleaved_tmem_pld3_260821/d28/Z60_PLD_TMEMki/PLD3TMEM106B_Plate1_d28_TMEM561LAMP1640MAP2488DAPI405_E20_F3.nd2,11
14,3693,4,0.0230165177362577,0.2478599999999999,224.29920959472656,828337.0,25.58605041530202,0.0,0.7890177322144966,False,abnormal_nucleus,KI,E20,3.0,d28,Plate1,/Users/pmihack/claire/tmem_2026/data/cleaved_tmem_pld3_260821/d28/Z60_PLD_TMEMki/PLD3TMEM106B_Plate1_d28_TMEM561LAMP1640MAP2488DAPI405_E20_F3.nd2,11
1,239,0,0.0,0.0,9.891213417053224,2364.0,,0.0,0.2331595711978294,False,size_outlier,KI,E20,4.0,d28,Plate1,/Users/pmihack/claire/tmem_2026/data/cleaved_tmem_pld3_260821/d28/Z60_PLD_TMEMki/PLD3TMEM106B_Plate1_d28_TMEM561LAMP1640MAP2488DAPI405_E20_F4.nd2,11
2,14402,13,0.251145674211915,3.245283692307692,927.8152465820312,13362395.0,12.406413290281934,0.0034047039225697,0.4197045084882679,True,,KI,E20,4.0,d28,Plate1,/Users/pmihack/claire/tmem_2026/data/cleaved_tmem_pld3_260821/d28/Z60_PLD_TMEMki/PLD3TMEM106B_Plate1_d28_TMEM561LAMP1640MAP2488DAPI405_E20_F4.nd2,11
3,22529,30,0.1020018642638377,0.8934623999999999,508.1380310058594,11447842.0,11.0345162783867,0.3314867615699768,0.5126554242725133,True,,KI,E20,4.0,d28,Plate1,/Users/pmihack/claire/tmem_2026/data/cleaved_tmem_pld3_260821/d28/Z60_PLD_TMEMki/PLD3TMEM106B_Plate1_d28_TMEM561LAMP1640MAP2488DAPI405_E20_F4.nd2,11
4,15060,25,0.1811420982735724,1.27277568,720.7621459960938,10854678.0,1.02716661397153,0.0416676588356494,0.440330994305334,False,abnormal_nucleus,KI,E20,4.0,d28,Plate1,/Users/pmihack/claire/tmem_2026/data/cleaved_tmem_pld3_260821/d28/Z60_PLD_TMEMki/PLD3TMEM106B_Plate1_d28_TMEM561LAMP1640MAP2488DAPI405_E20_F4.nd2,11
1,17815,0,0.0,0.0,145.20437622070312,2586816.0,,0.0,0.0962310441038899,True,,KI,F20,1.0,d28,Plate1,/Users/pmihack/claire/tmem_2026/data/cleaved_tmem_pld3_260821/d28/Z60_PLD_TMEMki/PLD3TMEM106B_Plate1_d28_TMEM561LAMP1640MAP2488DAPI405_F20_F1.nd2,15
2,2126,0,0.0,0.0,81.48824310302734,173244.0,,0.0,0.0132584069390709,True,,KI,F20,1.0,d28,Plate1,/Users/pmihack/claire/tmem_2026/data/cleaved_tmem_pld3_260821/d28/Z60_PLD_TMEMki/PLD3TMEM106B_Plate1_d28_TMEM561LAMP1640MAP2488DAPI405_F20_F1.nd2,15
3,15935,0,0.0,0.0,50.99705123901367,812638.0,,0.0,0.0531377699790046,True,,KI,F20,1.0,d28,Plate1,/Users/pmihack/claire/tmem_2026/data/cleaved_tmem_pld3_260821/d28/Z60_PLD_TMEMki/PLD3TMEM106B_Plate1_d28_TMEM561LAMP1640MAP2488DAPI405_F20_F1.nd2,15
4,14418,1,0.0017339436815092,0.2915999999999999,76.78873443603516,1107140.0,25.27848413635029,0.0524034909904003,0.6052648991593269,True,,KI,F20,1.0,d28,Plate1,/Users/pmihack/claire/tmem_2026/data/cleaved_tmem_pld3_260821/d28/Z60_PLD_TMEMki/PLD3TMEM106B_Plate1_d28_TMEM561LAMP1640MAP2488DAPI405_F20_F1.nd2,15
1,13060,0,0.0,0.0,52.49272537231445,685555.0,,0.0,0.0277764568655198,True,,KI,F20,2.0,d28,Plate1,/Users/pmihack/claire/tmem_2026/data/cleaved_tmem_pld3_260821/d28/Z60_PLD_TMEMki/PLD3TMEM106B_Plate1_d28_TMEM561LAMP1640MAP2488DAPI405_F20_F2.nd2,11
2,13163,0,0.0,0.0,112.05690002441406,1475005.0,,0.0,0.1862600364188831,True,,KI,F20,2.0,d28,Plate1,/Users/pmihack/claire/tmem_2026/data/cleaved_tmem_pld3_260821/d28/Z60_PLD_TMEMki/PLD3TMEM106B_Plate1_d28_TMEM561LAMP1640MAP2488DAPI405_F20_F2.nd2,11
3,10382,7,0.0064534771720285,0.1116411428571428,199.94827270507812,2075863.0,22.391567662477133,0.0,0.0964605812343647,True,,KI,F20,2.0,d28,Plate1,/Users/pmihack/claire/tmem_2026/data/cleaved_tmem_pld3_260821/d28/Z60_PLD_TMEMki/PLD3TMEM106B_Plate1_d28_TMEM561LAMP1640MAP2488DAPI405_F20_F2.nd2,11
4,4844,0,0.0,0.0,60.862098693847656,294816.0,,0.0,0.0130236700510793,True,,KI,F20,2.0,d28,Plate1,/Users/pmihack/claire/tmem_2026/data/cleaved_tmem_pld3_260821/d28/Z60_PLD_TMEMki/PLD3TMEM106B_Plate1_d28_TMEM561LAMP1640MAP2488DAPI405_F20_F2.nd2,11
5,12923,1,0.0003095256519384,0.0466559999999999,136.93801879882812,1769650.0,10.642562403909285,0.0020320401526987,0.0358824966338298,True,,KI,F20,2.0,d28,Plate1,/Users/pmihack/claire/tmem_2026/data/cleaved_tmem_pld3_260821/d28/Z60_PLD_TMEMki/PLD3TMEM106B_Plate1_d28_TMEM561LAMP1640MAP2488DAPI405_F20_F2.nd2,11
6,6134,0,0.0,0.0,94.03358459472656,576802.0,,0.0,-0.0086812582517719,True,,KI,F20,2.0,d28,Plate1,/Users/pmihack/claire/tmem_2026/data/cleaved_tmem_pld3_260821/d28/Z60_PLD_TMEMki/PLD3TMEM106B_Plate1_d28_TMEM561LAMP1640MAP2488DAPI405_F20_F2.nd2,11
7,8085,0,0.0,0.0,50.78045654296875,410560.0,,0.0,0.2006165240018733,True,,KI,F20,2.0,d28,Plate1,/Users/pmihack/claire/tmem_2026/data/cleaved_tmem_pld3_260821/d28/Z60_PLD_TMEMki/PLD3TMEM106B_Plate1_d28_TMEM561LAMP1640MAP2488DAPI405_F20_F2.nd2,11
1,14620,16,0.0526675786593707,0.56133,463.8863830566406,6782019.0,1.0536934311543862,0.0,-0.0083340193469429,True,,KI,F20,3.0,d28,Plate1,/Users/pmihack/claire/tmem_2026/data/cleaved_tmem_pld3_260821/d28/Z60_PLD_TMEMki/PLD3TMEM106B_Plate1_d28_TMEM561LAMP1640MAP2488DAPI405_F20_F3.nd2,10
2,13438,5,0.0057300193481172,0.1796256,230.53155517578125,3097883.0,11.81471797412121,0.0,0.1478469035577519,True,,KI,F20,3.0,d28,Plate1,/Users/pmihack/claire/tmem_2026/data/cleaved_tmem_pld3_260821/d28/Z60_PLD_TMEMki/PLD3TMEM106B_Plate1_d28_TMEM561LAMP1640MAP2488DAPI405_F20_F3.nd2,10
3,11835,3,0.0200253485424588,0.921456,306.3231201171875,3625334.0,14.180114761670945,0.0013171200407668,0.0507216700328411,True,,KI,F20,3.0,d28,Plate1,/Users/pmihack/claire/tmem_2026/data/cleaved_tmem_pld3_260821/d28/Z60_PLD_TMEMki/PLD3TMEM106B_Plate1_d28_TMEM561LAMP1640MAP2488DAPI405_F20_F3.nd2,10
4,12493,4,0.019610982150004,0.7144199999999999,389.7166442871094,4868730.0,2.278476059780027,0.0016628566663712,0.0279696816528785,True,,KI,F20,3.0,d28,Plate1,/Users/pmihack/claire/tmem_2026/data/cleaved_tmem_pld3_260821/d28/Z60_PLD_TMEMki/PLD3TMEM106B_Plate1_d28_TMEM561LAMP1640MAP2488DAPI405_F20_F3.nd2,10
5,12474,7,0.028699695366362,0.5965302857142857,300.35345458984375,3746609.0,1.5001312197684342,8.407602581428364e-05,-0.0018378045352677,True,,KI,F20,3.0,d28,Plate1,/Users/pmihack/claire/tmem_2026/data/cleaved_tmem_pld3_260821/d28/Z60_PLD_TMEMki/PLD3TMEM106B_Plate1_d28_TMEM561LAMP1640MAP2488DAPI405_F20_F3.nd2,10
6,14760,5,0.004810298102981,0.1656287999999999,169.95040893554688,2508468.0,5.343863230792476,0.0,-0.0074803795328355,True,,KI,F20,3.0,d28,Plate1,/Users/pmihack/claire/tmem_2026/data/cleaved_tmem_pld3_260821/d28/Z60_PLD_TMEMki/PLD3TMEM106B_Plate1_d28_TMEM561LAMP1640MAP2488DAPI405_F20_F3.nd2,10
7,15121,9,0.0290986045896435,0.57024,265.4327697753906,4013609.0,15.426590897253822,0.0001709184871288,0.0170286820237876,True,,KI,F20,3.0,d28,Plate1,/Users/pmihack/claire/tmem_2026/data/cleaved_tmem_pld3_260821/d28/Z60_PLD_TMEMki/PLD3TMEM106B_Plate1_d28_TMEM561LAMP1640MAP2488DAPI405_F20_F3.nd2,10
8,14292,14,0.0307864539602574,0.3665828571428571,307.58978271484375,4396073.0,20.862787520785417,0.0,0.0908379474472287,True,,KI,F20,3.0,d28,Plate1,/Users/pmihack/claire/tmem_2026/data/cleaved_tmem_pld3_260821/d28/Z60_PLD_TMEMki/PLD3TMEM106B_Plate1_d28_TMEM561LAMP1640MAP2488DAPI405_F20_F3.nd2,10
9,19839,19,0.1191088260497,1.4506332631578946,693.7957763671875,13764215.0,12.114799361204174,0.0002385897096246,0.1561311135270418,True,,KI,F20,3.0,d28,Plate1,/Users/pmihack/claire/tmem_2026/data/cleaved_tmem_pld3_260821/d28/Z60_PLD_TMEMki/PLD3TMEM106B_Plate1_d28_TMEM561LAMP1640MAP2488DAPI405_F20_F3.nd2,10
10,2932,0,0.0,0.0,24.619373321533203,72184.0,,0.0,0.2216490482815905,True,,KI,F20,3.0,d28,Plate1,/Users/pmihack/claire/tmem_2026/data/cleaved_tmem_pld3_260821/d28/Z60_PLD_TMEMki/PLD3TMEM106B_Plate1_d28_TMEM561LAMP1640MAP2488DAPI405_F20_F3.nd2,10
11,16108,23,0.0339582815992053,0.2774003478260869,316.7226867675781,5101769.0,6.112961513373567,0.0044968714937567,0.1398405249363823,True,,KI,F20,3.0,d28,Plate1,/Users/pmihack/claire/tmem_2026/data/cleaved_tmem_pld3_260821/d28/Z60_PLD_TMEMki/PLD3TMEM106B_Plate1_d28_TMEM561LAMP1640MAP2488DAPI405_F20_F3.nd2,10
12,11966,19,0.1376399799431723,1.0110846315789472,744.3103637695312,8906418.0,12.314589867356856,0.0,0.3244017630023922,True,,KI,F20,3.0,d28,Plate1,/Users/pmihack/claire/tmem_2026/data/cleaved_tmem_pld3_260821/d28/Z60_PLD_TMEMki/PLD3TMEM106B_Plate1_d28_TMEM561LAMP1640MAP2488DAPI405_F20_F3.nd2,10
13,14231,4,0.1401166467570796,5.8145039999999995,604.5819702148438,8603806.0,16.50661639939005,0.0,0.2169759164671688,True,,KI,F20,3.0,d28,Plate1,/Users/pmihack/claire/tmem_2026/data/cleaved_tmem_pld3_260821/d28/Z60_PLD_TMEMki/PLD3TMEM106B_Plate1_d28_TMEM561LAMP1640MAP2488DAPI405_F20_F3.nd2,10
1,13668,11,0.0880158033362598,1.2756174545454544,922.1229248046876,12603576.0,0.9285304748955177,0.0028201520908623,0.4100153686541797,True,,KI,F20,4.0,d28,Plate1,/Users/pmihack/claire/tmem_2026/data/cleaved_tmem_pld3_260821/d28/Z60_PLD_TMEMki/PLD3TMEM106B_Plate1_d28_TMEM561LAMP1640MAP2488DAPI405_F20_F4.nd2,12
2,17447,20,0.0808161861638104,0.8223119999999999,844.2901611328125,14730330.0,0.8635589605061735,0.0002239596797153,0.1536662875480883,True,,KI,F20,4.0,d28,Plate1,/Users/pmihack/claire/tmem_2026/data/cleaved_tmem_pld3_260821/d28/Z60_PLD_TMEMki/PLD3TMEM106B_Plate1_d28_TMEM561LAMP1640MAP2488DAPI405_F20_F4.nd2,12
3,209,0,0.0,0.0,4.569377899169922,955.0,,0.0,-0.23184218560959,False,size_outlier,KI,F20,4.0,d28,Plate1,/Users/pmihack/claire/tmem_2026/data/cleaved_tmem_pld3_260821/d28/Z60_PLD_TMEMki/PLD3TMEM106B_Plate1_d28_TMEM561LAMP1640MAP2488DAPI405_F20_F4.nd2,12
4,897,6,0.0680044593088071,0.1185839999999999,1241.8271484375,1113919.0,52.66255272328935,0.0,0.2890698536580942,False,size_outlier,KI,F20,4.0,d28,Plate1,/Users/pmihack/claire/tmem_2026/data/cleaved_tmem_pld3_260821/d28/Z60_PLD_TMEMki/PLD3TMEM106B_Plate1_d28_TMEM561LAMP1640MAP2488DAPI405_F20_F4.nd2,12
5,180,0,0.0,0.0,8.333333015441895,1500.0,,0.0,0.3109361725070454,False,size_outlier,KI,F20,4.0,d28,Plate1,/Users/pmihack/claire/tmem_2026/data/cleaved_tmem_pld3_260821/d28/Z60_PLD_TMEMki/PLD3TMEM106B_Plate1_d28_TMEM561LAMP1640MAP2488DAPI405_F20_F4.nd2,12
6,191,0,0.0,0.0,14.00523567199707,2675.0,,0.0,0.0710482452974808,False,size_outlier,KI,F20,4.0,d28,Plate1,/Users/pmihack/claire/tmem_2026/data/cleaved_tmem_pld3_260821/d28/Z60_PLD_TMEMki/PLD3TMEM106B_Plate1_d28_TMEM561LAMP1640MAP2488DAPI405_F20_F4.nd2,12
7,157,0,0.0,0.0,3.65605092048645,574.0,,0.0,0.1195898963533483,False,size_outlier,KI,F20,4.0,d28,Plate1,/Users/pmihack/claire/tmem_2026/data/cleaved_tmem_pld3_260821/d28/Z60_PLD_TMEMki/PLD3TMEM106B_Plate1_d28_TMEM561LAMP1640MAP2488DAPI405_F20_F4.nd2,12
8,255,0,0.0,0.0,10.094118118286133,2574.0,,0.0,0.2548028125930441,False,size_outlier,KI,F20,4.0,d28,Plate1,/Users/pmihack/claire/tmem_2026/data/cleaved_tmem_pld3_260821/d28/Z60_PLD_TMEMki/PLD3TMEM106B_Plate1_d28_TMEM561LAMP1640MAP2488DAPI405_F20_F4.nd2,12
9,149,0,0.0,0.0,9.778523445129396,1457.0,,0.0,-0.1499425627419166,False,size_outlier,KI,F20,4.0,d28,Plate1,/Users/pmihack/claire/tmem_2026/data/cleaved_tmem_pld3_260821/d28/Z60_PLD_TMEMki/PLD3TMEM106B_Plate1_d28_TMEM561LAMP1640MAP2488DAPI405_F20_F4.nd2,12
10,129,0,0.0,0.0,6.78294563293457,875.0,,0.0,0.1847517895464411,False,size_outlier,KI,F20,4.0,d28,Plate1,/Users/pmihack/claire/tmem_2026/data/cleaved_tmem_pld3_260821/d28/Z60_PLD_TMEMki/PLD3TMEM106B_Plate1_d28_TMEM561LAMP1640MAP2488DAPI405_F20_F4.nd2,12
11,18166,4,0.3781239678520313,20.030004,2725.25341796875,49506952.0,,0.0007395729189738,0.4438490112277019,True,,KI,F20,4.0,d28,Plate1,/Users/pmihack/claire/tmem_2026/data/cleaved_tmem_pld3_260821/d28/Z60_PLD_TMEMki/PLD3TMEM106B_Plate1_d28_TMEM561LAMP1640MAP2488DAPI405_F20_F4.nd2,12
12,16353,22,0.147923928331193,1.282509818181818,1280.5994873046875,20941644.0,,0.0057668345980346,0.2637445147748256,True,,KI,F20,4.0,d28,Plate1,/Users/pmihack/claire/tmem_2026/data/cleaved_tmem_pld3_260821/d28/Z60_PLD_TMEMki/PLD3TMEM106B_Plate1_d28_TMEM561LAMP1640MAP2488DAPI405_F20_F4.nd2,12
13,9854,28,0.0937690278059671,0.384912,1080.7457275390625,10649669.0,,0.0105360085144639,0.1952074745123188,True,,KI,F20,4.0,d28,Plate1,/Users/pmihack/claire/tmem_2026/data/cleaved_tmem_pld3_260821/d28/Z60_PLD_TMEMki/PLD3TMEM106B_Plate1_d28_TMEM561LAMP1640MAP2488DAPI405_F20_F4.nd2,12
14,11271,0,0.0,0.0,33.36536407470703,376061.0,,0.0,0.1282762249533924,True,,KI,F20,4.0,d28,Plate1,/Users/pmihack/claire/tmem_2026/data/cleaved_tmem_pld3_260821/d28/Z60_PLD_TMEMki/PLD3TMEM106B_Plate1_d28_TMEM561LAMP1640MAP2488DAPI405_F20_F4.nd2,12
15,19951,12,0.0069670693198335,0.135108,332.6780090332031,6637259.0,,0.0021124684717506,0.3766630560708152,True,,KI,F20,4.0,d28,Plate1,/Users/pmihack/claire/tmem_2026/data/cleaved_tmem_pld3_260821/d28/Z60_PLD_TMEMki/PLD3TMEM106B_Plate1_d28_TMEM561LAMP1640MAP2488DAPI405_F20_F4.nd2,12
1,11037,0,0.0,0.0,317.0279846191406,3499038.0,,0.0208097193390131,0.3889116011590073,True,,KI,G20,1.0,d28,Plate1,/Users/pmihack/claire/tmem_2026/data/cleaved_tmem_pld3_260821/d28/Z60_PLD_TMEMki/PLD3TMEM106B_Plate1_d28_TMEM561LAMP1640MAP2488DAPI405_G20_F1.nd2,14
2,17419,0,0.0,0.0,446.810546875,7782993.0,,0.0247097741812467,0.1353400909295822,True,,KI,G20,1.0,d28,Plate1,/Users/pmihack/claire/tmem_2026/data/cleaved_tmem_pld3_260821/d28/Z60_PLD_TMEMki/PLD3TMEM106B_Plate1_d28_TMEM561LAMP1640MAP2488DAPI405_G20_F1.nd2,14
3,1285,0,0.0,0.0,283.23345947265625,363955.0,,0.0377052091062068,0.4697338147002001,False,size_outlier,KI,G20,1.0,d28,Plate1,/Users/pmihack/claire/tmem_2026/data/cleaved_tmem_pld3_260821/d28/Z60_PLD_TMEMki/PLD3TMEM106B_Plate1_d28_TMEM561LAMP1640MAP2488DAPI405_G20_F1.nd2,14
4,24276,0,0.0,0.0,106.68899536132812,2589982.0,,0.0026946133002638,0.0318322110275662,False,abnormal_nucleus,KI,G20,1.0,d28,Plate1,/Users/pmihack/claire/tmem_2026/data/cleaved_tmem_pld3_260821/d28/Z60_PLD_TMEMki/PLD3TMEM106B_Plate1_d28_TMEM561LAMP1640MAP2488DAPI405_G20_F1.nd2,14
5,7056,0,0.0,0.0,111.71612548828124,788269.0,,0.0,0.0157025017232005,True,,KI,G20,1.0,d28,Plate1,/Users/pmihack/claire/tmem_2026/data/cleaved_tmem_pld3_260821/d28/Z60_PLD_TMEMki/PLD3TMEM106B_Plate1_d28_TMEM561LAMP1640MAP2488DAPI405_G20_F1.nd2,14
6,2394,0,0.0,0.0,380.4933166503906,910901.0,,0.0,0.5542062371730614,True,,KI,G20,1.0,d28,Plate1,/Users/pmihack/claire/tmem_2026/data/cleaved_tmem_pld3_260821/d28/Z60_PLD_TMEMki/PLD3TMEM106B_Plate1_d28_TMEM561LAMP1640MAP2488DAPI405_G20_F1.nd2,14
7,2924,0,0.0,0.0,171.92955017089844,502722.0,,0.0004972927272319,-0.0166480907724871,True,,KI,G20,1.0,d28,Plate1,/Users/pmihack/claire/tmem_2026/data/cleaved_tmem_pld3_260821/d28/Z60_PLD_TMEMki/PLD3TMEM106B_Plate1_d28_TMEM561LAMP1640MAP2488DAPI405_G20_F1.nd2,14
8,4956,0,0.0,0.0,92.61824035644533,459016.0,,0.0,0.2047826930985236,True,,KI,G20,1.0,d28,Plate1,/Users/pmihack/claire/tmem_2026/data/cleaved_tmem_pld3_260821/d28/Z60_PLD_TMEMki/PLD3TMEM106B_Plate1_d28_TMEM561LAMP1640MAP2488DAPI405_G20_F1.nd2,14
9,7170,0,0.0,0.0,71.97586822509766,516067.0,,0.0002422166144242,0.1706311685751006,True,,KI,G20,1.0,d28,Plate1,/Users/pmihack/claire/tmem_2026/data/cleaved_tmem_pld3_260821/d28/Z60_PLD_TMEMki/PLD3TMEM106B_Plate1_d28_TMEM561LAMP1640MAP2488DAPI405_G20_F1.nd2,14
10,2047,0,0.0,0.0,93.16756439208984,190714.0,,0.0226097721606493,0.7202537209881028,True,,KI,G20,1.0,d28,Plate1,/Users/pmihack/claire/tmem_2026/data/cleaved_tmem_pld3_260821/d28/Z60_PLD_TMEMki/PLD3TMEM106B_Plate1_d28_TMEM561LAMP1640MAP2488DAPI405_G20_F1.nd2,14
11,16172,0,0.0,0.0,239.77566528320312,3877652.0,,0.0,0.0451916241934833,True,,KI,G20,1.0,d28,Plate1,/Users/pmihack/claire/tmem_2026/data/cleaved_tmem_pld3_260821/d28/Z60_PLD_TMEMki/PLD3TMEM106B_Plate1_d28_TMEM561LAMP1640MAP2488DAPI405_G20_F1.nd2,14
12,36926,0,0.0,0.0,177.5727081298828,6557050.0,,0.0050165853463113,-0.0182985754900114,True,,KI,G20,1.0,d28,Plate1,/Users/pmihack/claire/tmem_2026/data/cleaved_tmem_pld3_260821/d28/Z60_PLD_TMEMki/PLD3TMEM106B_Plate1_d28_TMEM561LAMP1640MAP2488DAPI405_G20_F1.nd2,14
13,5755,1,0.0024326672458731,0.163296,894.072998046875,5145390.0,22.0662783907237,0.3304031491279602,0.6460069841555766,False,abnormal_nucleus,KI,G20,1.0,d28,Plate1,/Users/pmihack/claire/tmem_2026/data/cleaved_tmem_pld3_260821/d28/Z60_PLD_TMEMki/PLD3TMEM106B_Plate1_d28_TMEM561LAMP1640MAP2488DAPI405_G20_F1.nd2,14
1,15027,11,0.3491049444333532,5.562667636363636,2160.37744140625,32463992.0,0.8533689446331281,0.0,0.2137391500650981,True,,KI,G20,2.0,d28,Plate1,/Users/pmihack/claire/tmem_2026/data/cleaved_tmem_pld3_260821/d28/Z60_PLD_TMEMki/PLD3TMEM106B_Plate1_d28_TMEM561LAMP1640MAP2488DAPI405_G20_F2.nd2,15
2,16151,25,0.1426537056529007,1.0749542399999998,1090.0631103515625,17605610.0,0.7144267060001599,0.0,0.260452785308037,True,,KI,G20,2.0,d28,Plate1,/Users/pmihack/claire/tmem_2026/data/cleaved_tmem_pld3_260821/d28/Z60_PLD_TMEMki/PLD3TMEM106B_Plate1_d28_TMEM561LAMP1640MAP2488DAPI405_G20_F2.nd2,15
3,17265,17,0.2195192586156965,2.600385882352941,1451.04541015625,25052300.0,13.671158600665224,0.0,0.2736276629906722,True,,KI,G20,2.0,d28,Plate1,/Users/pmihack/claire/tmem_2026/data/cleaved_tmem_pld3_260821/d28/Z60_PLD_TMEMki/PLD3TMEM106B_Plate1_d28_TMEM561LAMP1640MAP2488DAPI405_G20_F2.nd2,15
4,18924,33,0.0569647009088987,0.3810239999999999,718.89794921875,13604425.0,7.270579301046051,0.0,0.3225685823083844,True,,KI,G20,2.0,d28,Plate1,/Users/pmihack/claire/tmem_2026/data/cleaved_tmem_pld3_260821/d28/Z60_PLD_TMEMki/PLD3TMEM106B_Plate1_d28_TMEM561LAMP1640MAP2488DAPI405_G20_F2.nd2,15
5,15744,12,0.392848069105691,6.011819999999999,2721.578369140625,42848528.0,6.160824916261364,0.0,0.0702623019354931,True,,KI,G20,2.0,d28,Plate1,/Users/pmihack/claire/tmem_2026/data/cleaved_tmem_pld3_260821/d28/Z60_PLD_TMEMki/PLD3TMEM106B_Plate1_d28_TMEM561LAMP1640MAP2488DAPI405_G20_F2.nd2,15
6,26159,23,0.1112427845101112,1.475749565217391,920.0926513671876,24068704.0,10.993625293495374,0.0,0.1391599813843109,True,,KI,G20,2.0,d28,Plate1,/Users/pmihack/claire/tmem_2026/data/cleaved_tmem_pld3_260821/d28/Z60_PLD_TMEMki/PLD3TMEM106B_Plate1_d28_TMEM561LAMP1640MAP2488DAPI405_G20_F2.nd2,15
7,15305,6,0.2734400522704998,8.135639999999999,1694.5408935546875,25934948.0,13.229652383307505,0.0,-0.0216100440503999,True,,KI,G20,2.0,d28,Plate1,/Users/pmihack/claire/tmem_2026/data/cleaved_tmem_pld3_260821/d28/Z60_PLD_TMEMki/PLD3TMEM106B_Plate1_d28_TMEM561LAMP1640MAP2488DAPI405_G20_F2.nd2,15
8,10750,7,0.2943255813953488,5.2721279999999995,2252.275390625,24211960.0,9.833410728032115,0.0,-0.0048204404753263,True,,KI,G20,2.0,d28,Plate1,/Users/pmihack/claire/tmem_2026/data/cleaved_tmem_pld3_260821/d28/Z60_PLD_TMEMki/PLD3TMEM106B_Plate1_d28_TMEM561LAMP1640MAP2488DAPI405_G20_F2.nd2,15
9,16865,24,0.0556181440853839,0.455868,723.6109619140625,12203699.0,14.835216977619506,0.0,0.1126708696648814,True,,KI,G20,2.0,d28,Plate1,/Users/pmihack/claire/tmem_2026/data/cleaved_tmem_pld3_260821/d28/Z60_PLD_TMEMki/PLD3TMEM106B_Plate1_d28_TMEM561LAMP1640MAP2488DAPI405_G20_F2.nd2,15
10,21667,16,0.2011815202843033,3.177711,1731.2843017578125,37511736.0,8.74048716550954,0.0,0.0614773212608214,True,,KI,G20,2.0,d28,Plate1,/Users/pmihack/claire/tmem_2026/data/cleaved_tmem_pld3_260821/d28/Z60_PLD_TMEMki/PLD3TMEM106B_Plate1_d28_TMEM561LAMP1640MAP2488DAPI405_G20_F2.nd2,15
11,16023,41,0.1956562441490357,0.8918692682926829,1674.780029296875,26835000.0,11.249670734397045,0.0,0.3095008636483093,True,,KI,G20,2.0,d28,Plate1,/Users/pmihack/claire/tmem_2026/data/cleaved_tmem_pld3_260821/d28/Z60_PLD_TMEMki/PLD3TMEM106B_Plate1_d28_TMEM561LAMP1640MAP2488DAPI405_G20_F2.nd2,15
12,15384,24,0.2737909516380655,2.0470319999999997,1764.3619384765625,27142944.0,19.49976160572318,0.0,0.4077985001133009,True,,KI,G20,2.0,d28,Plate1,/Users/pmihack/claire/tmem_2026/data/cleaved_tmem_pld3_260821/d28/Z60_PLD_TMEMki/PLD3TMEM106B_Plate1_d28_TMEM561LAMP1640MAP2488DAPI405_G20_F2.nd2,15
13,15399,14,0.365543217092019,4.689761142857142,2597.2373046875,39994856.0,18.43663093184484,0.0,0.3007095219092141,False,border,KI,G20,2.0,d28,Plate1,/Users/pmihack/claire/tmem_2026/data/cleaved_tmem_pld3_260821/d28/Z60_PLD_TMEMki/PLD3TMEM106B_Plate1_d28_TMEM561LAMP1640MAP2488DAPI405_G20_F2.nd2,15
1,1116,1,0.0331541218637992,0.4315679999999999,378.3897705078125,422283.0,17.848503674445762,0.0,0.3413630233391055,False,size_outlier,KI,G20,3.0,d28,Plate1,/Users/pmihack/claire/tmem_2026/data/cleaved_tmem_pld3_260821/d28/Z60_PLD_TMEMki/PLD3TMEM106B_Plate1_d28_TMEM561LAMP1640MAP2488DAPI405_G20_F3.nd2,11
2,7618,8,0.547912838015227,6.085692,1750.1900634765625,13332948.0,8.70490237547459,0.0,0.1068645285648191,True,,KI,G20,3.0,d28,Plate1,/Users/pmihack/claire/tmem_2026/data/cleaved_tmem_pld3_260821/d28/Z60_PLD_TMEMki/PLD3TMEM106B_Plate1_d28_TMEM561LAMP1640MAP2488DAPI405_G20_F3.nd2,11
3,35262,28,0.170523509727185,2.504844,577.16943359375,20352148.0,2.742392201147848,3.660547372419387e-05,0.3045746044816255,False,abnormal_nucleus,KI,G20,3.0,d28,Plate1,/Users/pmihack/claire/tmem_2026/data/cleaved_tmem_pld3_260821/d28/Z60_PLD_TMEMki/PLD3TMEM106B_Plate1_d28_TMEM561LAMP1640MAP2488DAPI405_G20_F3.nd2,11
4,14342,16,0.1824013387254218,1.907064,693.4089965820312,9944872.0,9.18586315792739,0.0007824132917448,0.145438178712933,False,abnormal_nucleus,KI,G20,3.0,d28,Plate1,/Users/pmihack/claire/tmem_2026/data/cleaved_tmem_pld3_260821/d28/Z60_PLD_TMEMki/PLD3TMEM106B_Plate1_d28_TMEM561LAMP1640MAP2488DAPI405_G20_F3.nd2,11
5,6584,20,0.2240279465370595,0.8602199999999999,850.9029541015625,5602345.0,34.253891172726036,0.0,0.0899696326606975,False,abnormal_nucleus,KI,G20,3.0,d28,Plate1,/Users/pmihack/claire/tmem_2026/data/cleaved_tmem_pld3_260821/d28/Z60_PLD_TMEMki/PLD3TMEM106B_Plate1_d28_TMEM561LAMP1640MAP2488DAPI405_G20_F3.nd2,11
6,12527,18,0.2892152949628802,2.347704,923.89892578125,11573682.0,23.61402849150295,0.0,0.1459049616192248,False,abnormal_nucleus,KI,G20,3.0,d28,Plate1,/Users/pmihack/claire/tmem_2026/data/cleaved_tmem_pld3_260821/d28/Z60_PLD_TMEMki/PLD3TMEM106B_Plate1_d28_TMEM561LAMP1640MAP2488DAPI405_G20_F3.nd2,11
7,8228,8,0.1536217792902285,1.842912,614.7976684570312,5058555.0,30.9068840625552,0.0,0.0565433639079934,True,,KI,G20,3.0,d28,Plate1,/Users/pmihack/claire/tmem_2026/data/cleaved_tmem_pld3_260821/d28/Z60_PLD_TMEMki/PLD3TMEM106B_Plate1_d28_TMEM561LAMP1640MAP2488DAPI405_G20_F3.nd2,11
8,17359,35,0.4110835877642721,2.378122971428571,1197.5638427734375,20788510.0,9.824511945045748,0.0,0.1555843221771724,False,abnormal_nucleus,KI,G20,3.0,d28,Plate1,/Users/pmihack/claire/tmem_2026/data/cleaved_tmem_pld3_260821/d28/Z60_PLD_TMEMki/PLD3TMEM106B_Plate1_d28_TMEM561LAMP1640MAP2488DAPI405_G20_F3.nd2,11
9,18856,15,0.2956088247772592,4.3343424,1199.9246826171875,22625780.0,11.391444947253104,0.0,0.2692423819900071,False,abnormal_nucleus,KI,G20,3.0,d28,Plate1,/Users/pmihack/claire/tmem_2026/data/cleaved_tmem_pld3_260821/d28/Z60_PLD_TMEMki/PLD3TMEM106B_Plate1_d28_TMEM561LAMP1640MAP2488DAPI405_G20_F3.nd2,11
10,14860,26,0.1040376850605652,0.6935593846153846,463.4722595214844,6887198.0,21.4391894741396,0.0,0.0978895618282061,False,abnormal_nucleus,KI,G20,3.0,d28,Plate1,/Users/pmihack/claire/tmem_2026/data/cleaved_tmem_pld3_260821/d28/Z60_PLD_TMEMki/PLD3TMEM106B_Plate1_d28_TMEM561LAMP1640MAP2488DAPI405_G20_F3.nd2,11
11,3264,1,0.0018382352941176,0.0699839999999999,63.74540328979492,208065.0,38.30855876717393,0.0,0.0047871657336587,False,abnormal_nucleus,KI,G20,3.0,d28,Plate1,/Users/pmihack/claire/tmem_2026/data/cleaved_tmem_pld3_260821/d28/Z60_PLD_TMEMki/PLD3TMEM106B_Plate1_d28_TMEM561LAMP1640MAP2488DAPI405_G20_F3.nd2,11
1,3644,0,0.0,0.0,426.8051452636719,1555278.0,,0.0,0.2673989056146391,True,,KI,G20,4.0,d28,Plate1,/Users/pmihack/claire/tmem_2026/data/cleaved_tmem_pld3_260821/d28/Z60_PLD_TMEMki/PLD3TMEM106B_Plate1_d28_TMEM561LAMP1640MAP2488DAPI405_G20_F4.nd2,14
2,3929,2,0.028505981165691,0.653184,1690.4407958984375,6641742.0,2.0843401658529697,0.0569409355521202,0.3122612144133984,True,,KI,G20,4.0,d28,Plate1,/Users/pmihack/claire/tmem_2026/data/cleaved_tmem_pld3_260821/d28/Z60_PLD_TMEMki/PLD3TMEM106B_Plate1_d28_TMEM561LAMP1640MAP2488DAPI405_G20_F4.nd2,14
3,4759,0,0.0,0.0,317.55242919921875,1511232.0,,3.176216341671534e-05,0.0024788204710189,True,,KI,G20,4.0,d28,Plate1,/Users/pmihack/claire/tmem_2026/data/cleaved_tmem_pld3_260821/d28/Z60_PLD_TMEMki/PLD3TMEM106B_Plate1_d28_TMEM561LAMP1640MAP2488DAPI405_G20_F4.nd2,14
4,2241,0,0.0,0.0,141.60552978515625,317338.0,,0.0076385429129004,0.1884225934418218,True,,KI,G20,4.0,d28,Plate1,/Users/pmihack/claire/tmem_2026/data/cleaved_tmem_pld3_260821/d28/Z60_PLD_TMEMki/PLD3TMEM106B_Plate1_d28_TMEM561LAMP1640MAP2488DAPI405_G20_F4.nd2,14
5,12409,0,0.0,0.0,686.8649291992188,8523307.0,,0.0,0.1027776582834471,True,,KI,G20,4.0,d28,Plate1,/Users/pmihack/claire/tmem_2026/data/cleaved_tmem_pld3_260821/d28/Z60_PLD_TMEMki/PLD3TMEM106B_Plate1_d28_TMEM561LAMP1640MAP2488DAPI405_G20_F4.nd2,14
6,2380,0,0.0,0.0,25.01932716369629,59546.0,,0.0,0.0073301529815015,True,,KI,G20,4.0,d28,Plate1,/Users/pmihack/claire/tmem_2026/data/cleaved_tmem_pld3_260821/d28/Z60_PLD_TMEMki/PLD3TMEM106B_Plate1_d28_TMEM561LAMP1640MAP2488DAPI405_G20_F4.nd2,14
7,13330,0,0.0,0.0,1719.3162841796875,22918486.0,,0.000220302506932,-0.0648353322379752,True,,KI,G20,4.0,d28,Plate1,/Users/pmihack/claire/tmem_2026/data/cleaved_tmem_pld3_260821/d28/Z60_PLD_TMEMki/PLD3TMEM106B_Plate1_d28_TMEM561LAMP1640MAP2488DAPI405_G20_F4.nd2,14
8,7242,2,0.0004142502071251,0.0174959999999999,1020.4649047851562,7390207.0,5.573375427697019,0.4274326860904693,0.6499885249263188,True,,KI,G20,4.0,d28,Plate1,/Users/pmihack/claire/tmem_2026/data/cleaved_tmem_pld3_260821/d28/Z60_PLD_TMEMki/PLD3TMEM106B_Plate1_d28_TMEM561LAMP1640MAP2488DAPI405_G20_F4.nd2,14
1,12096,10,0.0118220899470899,0.1667952,77.56109619140625,938179.0,0.8932770064614586,0.0,0.0469849818364111,True,,KI,H20,1.0,d28,Plate1,/Users/pmihack/claire/tmem_2026/data/cleaved_tmem_pld3_260821/d28/Z60_PLD_TMEMki/PLD3TMEM106B_Plate1_d28_TMEM561LAMP1640MAP2488DAPI405_H20_F1.nd2,14
2,14247,19,0.0605039657471748,0.5291772631578947,150.81455993652344,2148655.0,1.1666354088749298,0.0,0.3135999841508698,True,,KI,H20,1.0,d28,Plate1,/Users/pmihack/claire/tmem_2026/data/cleaved_tmem_pld3_260821/d28/Z60_PLD_TMEMki/PLD3TMEM106B_Plate1_d28_TMEM561LAMP1640MAP2488DAPI405_H20_F1.nd2,14
3,15262,4,0.0024898440571353,0.1108079999999999,70.55929565429688,1076876.0,16.489695990547386,0.000295298610581,0.2100224634555459,False,abnormal_nucleus,KI,H20,1.0,d28,Plate1,/Users/pmihack/claire/tmem_2026/data/cleaved_tmem_pld3_260821/d28/Z60_PLD_TMEMki/PLD3TMEM106B_Plate1_d28_TMEM561LAMP1640MAP2488DAPI405_H20_F1.nd2,14
4,7897,4,0.0276054197796631,0.6356879999999999,60.54792785644531,478147.0,2.684992800212283,0.0002237805456388,0.072239526730255,True,,KI,H20,1.0,d28,Plate1,/Users/pmihack/claire/tmem_2026/data/cleaved_tmem_pld3_260821/d28/Z60_PLD_TMEMki/PLD3TMEM106B_Plate1_d28_TMEM561LAMP1640MAP2488DAPI405_H20_F1.nd2,14
5,13374,1,0.0054583520263197,0.8514719999999999,63.00321578979492,842605.0,11.38276282782093,0.0551325939595699,0.4524202137800712,True,,KI,H20,1.0,d28,Plate1,/Users/pmihack/claire/tmem_2026/data/cleaved_tmem_pld3_260821/d28/Z60_PLD_TMEMki/PLD3TMEM106B_Plate1_d28_TMEM561LAMP1640MAP2488DAPI405_H20_F1.nd2,14
6,3504,2,0.01912100456621,0.390744,107.1027374267578,375288.0,19.82115880816118,0.1392450630664825,0.6237797128424727,True,,KI,H20,1.0,d28,Plate1,/Users/pmihack/claire/tmem_2026/data/cleaved_tmem_pld3_260821/d28/Z60_PLD_TMEMki/PLD3TMEM106B_Plate1_d28_TMEM561LAMP1640MAP2488DAPI405_H20_F1.nd2,14
7,2151,5,0.0362622036262203,0.1819584,143.0330047607422,307664.0,54.819454228858206,0.0,0.0464023847025686,True,,KI,H20,1.0,d28,Plate1,/Users/pmihack/claire/tmem_2026/data/cleaved_tmem_pld3_260821/d28/Z60_PLD_TMEMki/PLD3TMEM106B_Plate1_d28_TMEM561LAMP1640MAP2488DAPI405_H20_F1.nd2,14
8,13963,22,0.0289336102556757,0.2141934545454545,149.0730438232422,2081507.0,3.2130236090458593,0.0,0.3859484612748361,True,,KI,H20,1.0,d28,Plate1,/Users/pmihack/claire/tmem_2026/data/cleaved_tmem_pld3_260821/d28/Z60_PLD_TMEMki/PLD3TMEM106B_Plate1_d28_TMEM561LAMP1640MAP2488DAPI405_H20_F1.nd2,14
9,7153,0,0.0,0.0,50.02446365356445,357825.0,,0.0,0.2132913343599003,True,,KI,H20,1.0,d28,Plate1,/Users/pmihack/claire/tmem_2026/data/cleaved_tmem_pld3_260821/d28/Z60_PLD_TMEMki/PLD3TMEM106B_Plate1_d28_TMEM561LAMP1640MAP2488DAPI405_H20_F1.nd2,14
10,4753,2,0.0027351146644224,0.075816,53.95687103271485,256457.0,,0.0,0.0348489815574336,True,,KI,H20,1.0,d28,Plate1,/Users/pmihack/claire/tmem_2026/data/cleaved_tmem_pld3_260821/d28/Z60_PLD_TMEMki/PLD3TMEM106B_Plate1_d28_TMEM561LAMP1640MAP2488DAPI405_H20_F1.nd2,14
1,29737,0,0.0,0.0,88.12862396240234,2620681.0,,0.0,0.0412383240495385,True,,KI,H20,2.0,d28,Plate1,/Users/pmihack/claire/tmem_2026/data/cleaved_tmem_pld3_260821/d28/Z60_PLD_TMEMki/PLD3TMEM106B_Plate1_d28_TMEM561LAMP1640MAP2488DAPI405_H20_F2.nd2,11
2,6778,0,0.0,0.0,48.29374313354492,327335.0,,0.0020162831060588,0.0716826316405035,True,,KI,H20,2.0,d28,Plate1,/Users/pmihack/claire/tmem_2026/data/cleaved_tmem_pld3_260821/d28/Z60_PLD_TMEMki/PLD3TMEM106B_Plate1_d28_TMEM561LAMP1640MAP2488DAPI405_H20_F2.nd2,11
3,15055,0,0.0,0.0,321.9838562011719,4847467.0,,0.0,0.0838029648896893,True,,KI,H20,2.0,d28,Plate1,/Users/pmihack/claire/tmem_2026/data/cleaved_tmem_pld3_260821/d28/Z60_PLD_TMEMki/PLD3TMEM106B_Plate1_d28_TMEM561LAMP1640MAP2488DAPI405_H20_F2.nd2,11
4,9165,0,0.0,0.0,116.59890747070312,1068629.0,,0.0,0.2079282640085622,True,,KI,H20,2.0,d28,Plate1,/Users/pmihack/claire/tmem_2026/data/cleaved_tmem_pld3_260821/d28/Z60_PLD_TMEMki/PLD3TMEM106B_Plate1_d28_TMEM561LAMP1640MAP2488DAPI405_H20_F2.nd2,11
5,5929,0,0.0,0.0,118.73992156982422,704009.0,,0.0,0.0376600687252453,True,,KI,H20,2.0,d28,Plate1,/Users/pmihack/claire/tmem_2026/data/cleaved_tmem_pld3_260821/d28/Z60_PLD_TMEMki/PLD3TMEM106B_Plate1_d28_TMEM561LAMP1640MAP2488DAPI405_H20_F2.nd2,11
6,5325,0,0.0,0.0,93.97370910644533,500410.0,,0.0,0.0669191272143828,True,,KI,H20,2.0,d28,Plate1,/Users/pmihack/claire/tmem_2026/data/cleaved_tmem_pld3_260821/d28/Z60_PLD_TMEMki/PLD3TMEM106B_Plate1_d28_TMEM561LAMP1640MAP2488DAPI405_H20_F2.nd2,11
7,12340,0,0.0,0.0,61.936546325683594,764297.0,,0.0,0.0912463711151793,True,,KI,H20,2.0,d28,Plate1,/Users/pmihack/claire/tmem_2026/data/cleaved_tmem_pld3_260821/d28/Z60_PLD_TMEMki/PLD3TMEM106B_Plate1_d28_TMEM561LAMP1640MAP2488DAPI405_H20_F2.nd2,11
8,2568,0,0.0,0.0,181.8142547607422,466899.0,,0.0,0.8835503409509907,True,,KI,H20,2.0,d28,Plate1,/Users/pmihack/claire/tmem_2026/data/cleaved_tmem_pld3_260821/d28/Z60_PLD_TMEMki/PLD3TMEM106B_Plate1_d28_TMEM561LAMP1640MAP2488DAPI405_H20_F2.nd2,11
9,5166,0,0.0,0.0,21.31087875366211,110092.0,,0.0,0.0218439816502569,True,,KI,H20,2.0,d28,Plate1,/Users/pmihack/claire/tmem_2026/data/cleaved_tmem_pld3_260821/d28/Z60_PLD_TMEMki/PLD3TMEM106B_Plate1_d28_TMEM561LAMP1640MAP2488DAPI405_H20_F2.nd2,11
10,3265,0,0.0,0.0,314.1586608886719,1025728.0,,0.0,0.0340362518095962,True,,KI,H20,2.0,d28,Plate1,/Users/pmihack/claire/tmem_2026/data/cleaved_tmem_pld3_260821/d28/Z60_PLD_TMEMki/PLD3TMEM106B_Plate1_d28_TMEM561LAMP1640MAP2488DAPI405_H20_F2.nd2,11
11,14702,0,0.0,0.0,676.68408203125,9948609.0,,0.0005819909274578,-0.022918386077041,True,,KI,H20,2.0,d28,Plate1,/Users/pmihack/claire/tmem_2026/data/cleaved_tmem_pld3_260821/d28/Z60_PLD_TMEMki/PLD3TMEM106B_Plate1_d28_TMEM561LAMP1640MAP2488DAPI405_H20_F2.nd2,11
12,18956,1,0.0002110149820637,0.0466559999999999,368.4615478515625,6984557.0,7.432587547796333,0.0133995609357953,0.2076285204863562,True,,KI,H20,2.0,d28,Plate1,/Users/pmihack/claire/tmem_2026/data/cleaved_tmem_pld3_260821/d28/Z60_PLD_TMEMki/PLD3TMEM106B_Plate1_d28_TMEM561LAMP1640MAP2488DAPI405_H20_F2.nd2,11
1,25089,0,0.0,0.0,190.55091857910156,4780732.0,,0.0009939899900928,-0.015490368310918,True,,KI,H20,3.0,d28,Plate1,/Users/pmihack/claire/tmem_2026/data/cleaved_tmem_pld3_260821/d28/Z60_PLD_TMEMki/PLD3TMEM106B_Plate1_d28_TMEM561LAMP1640MAP2488DAPI405_H20_F3.nd2,13
2,17311,0,0.0,0.0,270.9476623535156,4690375.0,,0.0007532446761615,0.0118235496322316,False,abnormal_nucleus,KI,H20,3.0,d28,Plate1,/Users/pmihack/claire/tmem_2026/data/cleaved_tmem_pld3_260821/d28/Z60_PLD_TMEMki/PLD3TMEM106B_Plate1_d28_TMEM561LAMP1640MAP2488DAPI405_H20_F3.nd2,13
3,4217,0,0.0,0.0,111.65899658203124,470866.0,,0.0,0.2582717050966208,True,,KI,H20,3.0,d28,Plate1,/Users/pmihack/claire/tmem_2026/data/cleaved_tmem_pld3_260821/d28/Z60_PLD_TMEMki/PLD3TMEM106B_Plate1_d28_TMEM561LAMP1640MAP2488DAPI405_H20_F3.nd2,13
4,15246,0,0.0,0.0,174.70745849609375,2663590.0,,0.0,0.2312167761659746,True,,KI,H20,3.0,d28,Plate1,/Users/pmihack/claire/tmem_2026/data/cleaved_tmem_pld3_260821/d28/Z60_PLD_TMEMki/PLD3TMEM106B_Plate1_d28_TMEM561LAMP1640MAP2488DAPI405_H20_F3.nd2,13
5,4384,0,0.0,0.0,43.55862045288086,190961.0,,0.0,0.0164318988537472,True,,KI,H20,3.0,d28,Plate1,/Users/pmihack/claire/tmem_2026/data/cleaved_tmem_pld3_260821/d28/Z60_PLD_TMEMki/PLD3TMEM106B_Plate1_d28_TMEM561LAMP1640MAP2488DAPI405_H20_F3.nd2,13
6,12006,0,0.0,0.0,227.74154663085935,2734265.0,,0.0,0.1249002972758404,True,,KI,H20,3.0,d28,Plate1,/Users/pmihack/claire/tmem_2026/data/cleaved_tmem_pld3_260821/d28/Z60_PLD_TMEMki/PLD3TMEM106B_Plate1_d28_TMEM561LAMP1640MAP2488DAPI405_H20_F3.nd2,13
7,3407,0,0.0,0.0,336.8658752441406,1147702.0,,0.0,-0.0460567615727797,True,,KI,H20,3.0,d28,Plate1,/Users/pmihack/claire/tmem_2026/data/cleaved_tmem_pld3_260821/d28/Z60_PLD_TMEMki/PLD3TMEM106B_Plate1_d28_TMEM561LAMP1640MAP2488DAPI405_H20_F3.nd2,13
8,14137,0,0.0,0.0,98.98196411132812,1399308.0,,0.0,0.1926601812105934,False,abnormal_nucleus,KI,H20,3.0,d28,Plate1,/Users/pmihack/claire/tmem_2026/data/cleaved_tmem_pld3_260821/d28/Z60_PLD_TMEMki/PLD3TMEM106B_Plate1_d28_TMEM561LAMP1640MAP2488DAPI405_H20_F3.nd2,13
1,16321,0,0.0,0.0,266.82421875,4354838.0,,0.0002645333879627,0.0715545157591079,True,,KI,H20,4.0,d28,Plate1,/Users/pmihack/claire/tmem_2026/data/cleaved_tmem_pld3_260821/d28/Z60_PLD_TMEMki/PLD3TMEM106B_Plate1_d28_TMEM561LAMP1640MAP2488DAPI405_H20_F4.nd2,15
2,27752,1,0.0245387719803978,7.943184,514.4867553710938,14278036.0,0.8688496593647441,0.4448307156562805,0.7512518155579611,True,,KI,H20,4.0,d28,Plate1,/Users/pmihack/claire/tmem_2026/data/cleaved_tmem_pld3_260821/d28/Z60_PLD_TMEMki/PLD3TMEM106B_Plate1_d28_TMEM561LAMP1640MAP2488DAPI405_H20_F4.nd2,15
3,17247,0,0.0,0.0,133.8769073486328,2308975.0,,0.0,0.1894428480681968,True,,KI,H20,4.0,d28,Plate1,/Users/pmihack/claire/tmem_2026/data/cleaved_tmem_pld3_260821/d28/Z60_PLD_TMEMki/PLD3TMEM106B_Plate1_d28_TMEM561LAMP1640MAP2488DAPI405_H20_F4.nd2,15
4,18347,3,0.0008720771788303,0.0622079999999999,521.79345703125,9573344.0,13.630846367370848,1.890666499093641e-05,0.3614992874640031,True,,KI,H20,4.0,d28,Plate1,/Users/pmihack/claire/tmem_2026/data/cleaved_tmem_pld3_260821/d28/Z60_PLD_TMEMki/PLD3TMEM106B_Plate1_d28_TMEM561LAMP1640MAP2488DAPI405_H20_F4.nd2,15
5,7636,0,0.0,0.0,14.62441062927246,111672.0,,0.0,0.1519743581925336,True,,KI,H20,4.0,d28,Plate1,/Users/pmihack/claire/tmem_2026/data/cleaved_tmem_pld3_260821/d28/Z60_PLD_TMEMki/PLD3TMEM106B_Plate1_d28_TMEM561LAMP1640MAP2488DAPI405_H20_F4.nd2,15
6,15116,0,0.0,0.0,135.3456573486328,2045885.0,,0.0003382399445399,0.0379271701758802,True,,KI,H20,4.0,d28,Plate1,/Users/pmihack/claire/tmem_2026/data/cleaved_tmem_pld3_260821/d28/Z60_PLD_TMEMki/PLD3TMEM106B_Plate1_d28_TMEM561LAMP1640MAP2488DAPI405_H20_F4.nd2,15
7,19754,0,0.0,0.0,83.7018814086914,1653447.0,,0.0,0.1609051942252429,True,,KI,H20,4.0,d28,Plate1,/Users/pmihack/claire/tmem_2026/data/cleaved_tmem_pld3_260821/d28/Z60_PLD_TMEMki/PLD3TMEM106B_Plate1_d28_TMEM561LAMP1640MAP2488DAPI405_H20_F4.nd2,15
8,12405,0,0.0,0.0,146.0726318359375,1812031.0,,0.0032411145512014,0.2519142967318277,True,,KI,H20,4.0,d28,Plate1,/Users/pmihack/claire/tmem_2026/data/cleaved_tmem_pld3_260821/d28/Z60_PLD_TMEMki/PLD3TMEM106B_Plate1_d28_TMEM561LAMP1640MAP2488DAPI405_H20_F4.nd2,15
9,16077,0,0.0,0.0,123.82024383544922,1990658.0,,1.3061007848591544e-05,0.0032665025017474,True,,KI,H20,4.0,d28,Plate1,/Users/pmihack/claire/tmem_2026/data/cleaved_tmem_pld3_260821/d28/Z60_PLD_TMEMki/PLD3TMEM106B_Plate1_d28_TMEM561LAMP1640MAP2488DAPI405_H20_F4.nd2,15
10,4826,0,0.0,0.0,72.88727569580078,351754.0,,0.0,0.3890365546892614,False,abnormal_nucleus,KI,H20,4.0,d28,Plate1,/Users/pmihack/claire/tmem_2026/data/cleaved_tmem_pld3_260821/d28/Z60_PLD_TMEMki/PLD3TMEM106B_Plate1_d28_TMEM561LAMP1640MAP2488DAPI405_H20_F4.nd2,15
