cell_id,cell_area_px,n_lysosomes,lyso_area_frac,lyso_mean_size_um2,lamp1_mean,lamp1_integrated,perinuclear_index,tmem_manders_m1,tmem_pearson,qc_pass,qc_reason,condition,well,fov,timepoint,plate,file_path,n_z_slices
1,10266,0,0.0,0.0,58.898887634277344,604656.0,,0.0,-0.12140152295097356,True,,KO,C8,1,d14,Plate1,/Users/pmihack/claire/tmem_2026/data/cleaved_tmem_pld3_260821/d14/TMEM_KO/TMEMKO_Plate1_d14_TMEM561LAMP1640MAP2488DAPI405_C8_F1.nd2,9
2,14206,0,0.0,0.0,49.36632537841797,701298.0,,0.0,0.023148502234036344,True,,KO,C8,1,d14,Plate1,/Users/pmihack/claire/tmem_2026/data/cleaved_tmem_pld3_260821/d14/TMEM_KO/TMEMKO_Plate1_d14_TMEM561LAMP1640MAP2488DAPI405_C8_F1.nd2,9
3,15431,0,0.0,0.0,120.01043701171875,1851881.0,,0.0,-0.09593124114221736,True,,KO,C8,1,d14,Plate1,/Users/pmihack/claire/tmem_2026/data/cleaved_tmem_pld3_260821/d14/TMEM_KO/TMEMKO_Plate1_d14_TMEM561LAMP1640MAP2488DAPI405_C8_F1.nd2,9
4,3442,0,0.0,0.0,19.07437515258789,65654.0,,0.0,-0.03846021729008104,True,,KO,C8,1,d14,Plate1,/Users/pmihack/claire/tmem_2026/data/cleaved_tmem_pld3_260821/d14/TMEM_KO/TMEMKO_Plate1_d14_TMEM561LAMP1640MAP2488DAPI405_C8_F1.nd2,9
5,16434,0,0.0,0.0,50.909393310546875,836645.0,,0.0,0.1219327477142412,True,,KO,C8,1,d14,Plate1,/Users/pmihack/claire/tmem_2026/data/cleaved_tmem_pld3_260821/d14/TMEM_KO/TMEMKO_Plate1_d14_TMEM561LAMP1640MAP2488DAPI405_C8_F1.nd2,9
6,10864,0,0.0,0.0,157.1085205078125,1706827.0,,0.0,0.1406868544067885,True,,KO,C8,1,d14,Plate1,/Users/pmihack/claire/tmem_2026/data/cleaved_tmem_pld3_260821/d14/TMEM_KO/TMEMKO_Plate1_d14_TMEM561LAMP1640MAP2488DAPI405_C8_F1.nd2,9
7,7021,0,0.0,0.0,22.102548599243164,155182.0,,0.0,-0.015348249801441272,True,,KO,C8,1,d14,Plate1,/Users/pmihack/claire/tmem_2026/data/cleaved_tmem_pld3_260821/d14/TMEM_KO/TMEMKO_Plate1_d14_TMEM561LAMP1640MAP2488DAPI405_C8_F1.nd2,9
8,11047,0,0.0,0.0,53.97872543334961,596303.0,,0.0,-0.006053902813246479,True,,KO,C8,1,d14,Plate1,/Users/pmihack/claire/tmem_2026/data/cleaved_tmem_pld3_260821/d14/TMEM_KO/TMEMKO_Plate1_d14_TMEM561LAMP1640MAP2488DAPI405_C8_F1.nd2,9
9,9131,0,0.0,0.0,77.59161376953125,708489.0,,0.0,-0.09069127709556692,True,,KO,C8,1,d14,Plate1,/Users/pmihack/claire/tmem_2026/data/cleaved_tmem_pld3_260821/d14/TMEM_KO/TMEMKO_Plate1_d14_TMEM561LAMP1640MAP2488DAPI405_C8_F1.nd2,9
10,9387,0,0.0,0.0,58.75040054321289,551490.0,,0.0,-0.01983647563530841,True,,KO,C8,1,d14,Plate1,/Users/pmihack/claire/tmem_2026/data/cleaved_tmem_pld3_260821/d14/TMEM_KO/TMEMKO_Plate1_d14_TMEM561LAMP1640MAP2488DAPI405_C8_F1.nd2,9
11,12628,0,0.0,0.0,164.62701416015625,2078910.0,,0.0,-0.0329765116113245,True,,KO,C8,1,d14,Plate1,/Users/pmihack/claire/tmem_2026/data/cleaved_tmem_pld3_260821/d14/TMEM_KO/TMEMKO_Plate1_d14_TMEM561LAMP1640MAP2488DAPI405_C8_F1.nd2,9
12,15265,0,0.0,0.0,44.22901916503906,675156.0,,0.0,-0.04682293295576788,True,,KO,C8,1,d14,Plate1,/Users/pmihack/claire/tmem_2026/data/cleaved_tmem_pld3_260821/d14/TMEM_KO/TMEMKO_Plate1_d14_TMEM561LAMP1640MAP2488DAPI405_C8_F1.nd2,9
13,8648,0,0.0,0.0,13.433626174926758,116174.0,,0.0,0.09925282313339623,True,,KO,C8,1,d14,Plate1,/Users/pmihack/claire/tmem_2026/data/cleaved_tmem_pld3_260821/d14/TMEM_KO/TMEMKO_Plate1_d14_TMEM561LAMP1640MAP2488DAPI405_C8_F1.nd2,9
14,14993,0,0.0,0.0,118.27159118652344,1773246.0,,0.0,-0.07393409385290356,True,,KO,C8,1,d14,Plate1,/Users/pmihack/claire/tmem_2026/data/cleaved_tmem_pld3_260821/d14/TMEM_KO/TMEMKO_Plate1_d14_TMEM561LAMP1640MAP2488DAPI405_C8_F1.nd2,9
15,17180,0,0.0,0.0,123.8298568725586,2127397.0,,0.0,-0.013676895095393292,True,,KO,C8,1,d14,Plate1,/Users/pmihack/claire/tmem_2026/data/cleaved_tmem_pld3_260821/d14/TMEM_KO/TMEMKO_Plate1_d14_TMEM561LAMP1640MAP2488DAPI405_C8_F1.nd2,9
16,13405,0,0.0,0.0,150.41522216796875,2016316.0,,0.0,-0.14227650793259047,True,,KO,C8,1,d14,Plate1,/Users/pmihack/claire/tmem_2026/data/cleaved_tmem_pld3_260821/d14/TMEM_KO/TMEMKO_Plate1_d14_TMEM561LAMP1640MAP2488DAPI405_C8_F1.nd2,9
17,10468,0,0.0,0.0,94.45939636230469,988801.0,,0.0,-0.10273006681815772,True,,KO,C8,1,d14,Plate1,/Users/pmihack/claire/tmem_2026/data/cleaved_tmem_pld3_260821/d14/TMEM_KO/TMEMKO_Plate1_d14_TMEM561LAMP1640MAP2488DAPI405_C8_F1.nd2,9
18,9150,0,0.0,0.0,212.47857666015625,1944179.0,,0.0,0.0076890344924938105,True,,KO,C8,1,d14,Plate1,/Users/pmihack/claire/tmem_2026/data/cleaved_tmem_pld3_260821/d14/TMEM_KO/TMEMKO_Plate1_d14_TMEM561LAMP1640MAP2488DAPI405_C8_F1.nd2,9
19,11135,1,0.0016165244723843736,0.20995199999999997,61.543243408203125,685284.0,1.3612965960384407,0.0,-0.026175514158056842,True,,KO,C8,1,d14,Plate1,/Users/pmihack/claire/tmem_2026/data/cleaved_tmem_pld3_260821/d14/TMEM_KO/TMEMKO_Plate1_d14_TMEM561LAMP1640MAP2488DAPI405_C8_F1.nd2,9
20,20944,0,0.0,0.0,148.00592041015625,3099836.0,,0.0,0.09704202449905226,True,,KO,C8,1,d14,Plate1,/Users/pmihack/claire/tmem_2026/data/cleaved_tmem_pld3_260821/d14/TMEM_KO/TMEMKO_Plate1_d14_TMEM561LAMP1640MAP2488DAPI405_C8_F1.nd2,9
21,4991,0,0.0,0.0,9.253856658935547,46186.0,,0.0,0.16025788345494607,True,,KO,C8,1,d14,Plate1,/Users/pmihack/claire/tmem_2026/data/cleaved_tmem_pld3_260821/d14/TMEM_KO/TMEMKO_Plate1_d14_TMEM561LAMP1640MAP2488DAPI405_C8_F1.nd2,9
1,8094,0,0.0,0.0,129.45712280273438,1047826.0,,0.0,0.2931215395841833,True,,KO,C8,2,d14,Plate1,/Users/pmihack/claire/tmem_2026/data/cleaved_tmem_pld3_260821/d14/TMEM_KO/TMEMKO_Plate1_d14_TMEM561LAMP1640MAP2488DAPI405_C8_F2.nd2,13
2,12188,0,0.0,0.0,302.3167724609375,3684637.0,,0.0,0.18497774430978062,True,,KO,C8,2,d14,Plate1,/Users/pmihack/claire/tmem_2026/data/cleaved_tmem_pld3_260821/d14/TMEM_KO/TMEMKO_Plate1_d14_TMEM561LAMP1640MAP2488DAPI405_C8_F2.nd2,13
3,13389,0,0.0,0.0,536.92724609375,7188919.0,,0.0,0.21198732285278177,True,,KO,C8,2,d14,Plate1,/Users/pmihack/claire/tmem_2026/data/cleaved_tmem_pld3_260821/d14/TMEM_KO/TMEMKO_Plate1_d14_TMEM561LAMP1640MAP2488DAPI405_C8_F2.nd2,13
4,3538,0,0.0,0.0,503.1127624511719,1780013.0,,0.0,0.15784424590900617,True,,KO,C8,2,d14,Plate1,/Users/pmihack/claire/tmem_2026/data/cleaved_tmem_pld3_260821/d14/TMEM_KO/TMEMKO_Plate1_d14_TMEM561LAMP1640MAP2488DAPI405_C8_F2.nd2,13
5,8749,0,0.0,0.0,514.9203491210938,4505038.0,,0.0008168632630258799,0.07178496020511253,True,,KO,C8,2,d14,Plate1,/Users/pmihack/claire/tmem_2026/data/cleaved_tmem_pld3_260821/d14/TMEM_KO/TMEMKO_Plate1_d14_TMEM561LAMP1640MAP2488DAPI405_C8_F2.nd2,13
6,16468,0,0.0,0.0,3.3999879360198975,55991.0,,0.0,0.0519232807526897,True,,KO,C8,2,d14,Plate1,/Users/pmihack/claire/tmem_2026/data/cleaved_tmem_pld3_260821/d14/TMEM_KO/TMEMKO_Plate1_d14_TMEM561LAMP1640MAP2488DAPI405_C8_F2.nd2,13
7,14491,0,0.0,0.0,183.7628936767578,2662908.0,,0.0,0.06416964306218012,True,,KO,C8,2,d14,Plate1,/Users/pmihack/claire/tmem_2026/data/cleaved_tmem_pld3_260821/d14/TMEM_KO/TMEMKO_Plate1_d14_TMEM561LAMP1640MAP2488DAPI405_C8_F2.nd2,13
8,12061,0,0.0,0.0,57.90937805175781,698445.0,,0.0,-0.003135165313601969,True,,KO,C8,2,d14,Plate1,/Users/pmihack/claire/tmem_2026/data/cleaved_tmem_pld3_260821/d14/TMEM_KO/TMEMKO_Plate1_d14_TMEM561LAMP1640MAP2488DAPI405_C8_F2.nd2,13
9,7519,1,0.0021279425455512702,0.18662399999999998,153.38169860839844,1153277.0,3.1341311334056656,0.0,0.222366999842504,True,,KO,C8,2,d14,Plate1,/Users/pmihack/claire/tmem_2026/data/cleaved_tmem_pld3_260821/d14/TMEM_KO/TMEMKO_Plate1_d14_TMEM561LAMP1640MAP2488DAPI405_C8_F2.nd2,13
10,10902,0,0.0,0.0,120.78545379638672,1316803.0,,0.0,0.014585098424574634,True,,KO,C8,2,d14,Plate1,/Users/pmihack/claire/tmem_2026/data/cleaved_tmem_pld3_260821/d14/TMEM_KO/TMEMKO_Plate1_d14_TMEM561LAMP1640MAP2488DAPI405_C8_F2.nd2,13
11,20020,0,0.0,0.0,149.16668701171875,2986317.0,,0.0,0.13436804524933818,True,,KO,C8,2,d14,Plate1,/Users/pmihack/claire/tmem_2026/data/cleaved_tmem_pld3_260821/d14/TMEM_KO/TMEMKO_Plate1_d14_TMEM561LAMP1640MAP2488DAPI405_C8_F2.nd2,13
12,12397,0,0.0,0.0,168.18972778320312,2085048.0,,0.0,-0.02101571412544435,True,,KO,C8,2,d14,Plate1,/Users/pmihack/claire/tmem_2026/data/cleaved_tmem_pld3_260821/d14/TMEM_KO/TMEMKO_Plate1_d14_TMEM561LAMP1640MAP2488DAPI405_C8_F2.nd2,13
13,14162,1,0.001906510379889846,0.314928,71.42910766601562,1011579.0,15.286545785012638,0.0,0.6893856434970801,True,,KO,C8,2,d14,Plate1,/Users/pmihack/claire/tmem_2026/data/cleaved_tmem_pld3_260821/d14/TMEM_KO/TMEMKO_Plate1_d14_TMEM561LAMP1640MAP2488DAPI405_C8_F2.nd2,13
14,4823,0,0.0,0.0,380.2915344238281,1834146.0,,0.0,0.03081785531123711,True,,KO,C8,2,d14,Plate1,/Users/pmihack/claire/tmem_2026/data/cleaved_tmem_pld3_260821/d14/TMEM_KO/TMEMKO_Plate1_d14_TMEM561LAMP1640MAP2488DAPI405_C8_F2.nd2,13
15,14418,2,0.0011790817034262728,0.099144,670.8060913085938,9671682.0,4.586681024951488,0.0,0.03256963049942612,True,,KO,C8,2,d14,Plate1,/Users/pmihack/claire/tmem_2026/data/cleaved_tmem_pld3_260821/d14/TMEM_KO/TMEMKO_Plate1_d14_TMEM561LAMP1640MAP2488DAPI405_C8_F2.nd2,13
16,10889,0,0.0,0.0,373.74176025390625,4069674.0,,0.0,0.03814496033254074,False,border,KO,C8,2,d14,Plate1,/Users/pmihack/claire/tmem_2026/data/cleaved_tmem_pld3_260821/d14/TMEM_KO/TMEMKO_Plate1_d14_TMEM561LAMP1640MAP2488DAPI405_C8_F2.nd2,13
17,18269,0,0.0,0.0,353.9678039550781,6466638.0,,0.0,0.07312834987240431,True,,KO,C8,2,d14,Plate1,/Users/pmihack/claire/tmem_2026/data/cleaved_tmem_pld3_260821/d14/TMEM_KO/TMEMKO_Plate1_d14_TMEM561LAMP1640MAP2488DAPI405_C8_F2.nd2,13
18,11586,0,0.0,0.0,283.0093078613281,3278946.0,,0.0,0.01749139827595401,True,,KO,C8,2,d14,Plate1,/Users/pmihack/claire/tmem_2026/data/cleaved_tmem_pld3_260821/d14/TMEM_KO/TMEMKO_Plate1_d14_TMEM561LAMP1640MAP2488DAPI405_C8_F2.nd2,13
19,9468,0,0.0,0.0,9.204900741577148,87152.0,,0.0,0.02833637195729237,True,,KO,C8,2,d14,Plate1,/Users/pmihack/claire/tmem_2026/data/cleaved_tmem_pld3_260821/d14/TMEM_KO/TMEMKO_Plate1_d14_TMEM561LAMP1640MAP2488DAPI405_C8_F2.nd2,13
1,17,0,0.0,0.0,26.352941513061523,448.0,,0.0,0.2632768964406867,False,size_outlier,KO,C8,3,d14,Plate1,/Users/pmihack/claire/tmem_2026/data/cleaved_tmem_pld3_260821/d14/TMEM_KO/TMEMKO_Plate1_d14_TMEM561LAMP1640MAP2488DAPI405_C8_F3.nd2,8
2,12382,0,0.0,0.0,287.71160888671875,3562445.0,,0.0,0.05113958624828653,True,,KO,C8,3,d14,Plate1,/Users/pmihack/claire/tmem_2026/data/cleaved_tmem_pld3_260821/d14/TMEM_KO/TMEMKO_Plate1_d14_TMEM561LAMP1640MAP2488DAPI405_C8_F3.nd2,8
3,20110,2,0.0005469915464942815,0.064152,256.6762390136719,5161759.0,16.132823471793888,0.0,-0.03199866190195993,True,,KO,C8,3,d14,Plate1,/Users/pmihack/claire/tmem_2026/data/cleaved_tmem_pld3_260821/d14/TMEM_KO/TMEMKO_Plate1_d14_TMEM561LAMP1640MAP2488DAPI405_C8_F3.nd2,8
4,10718,0,0.0,0.0,20.70498275756836,221916.0,,0.0,-0.061641101833721214,True,,KO,C8,3,d14,Plate1,/Users/pmihack/claire/tmem_2026/data/cleaved_tmem_pld3_260821/d14/TMEM_KO/TMEMKO_Plate1_d14_TMEM561LAMP1640MAP2488DAPI405_C8_F3.nd2,8
5,4899,0,0.0,0.0,85.86976623535156,420676.0,,0.0,-0.04744171321935433,True,,KO,C8,3,d14,Plate1,/Users/pmihack/claire/tmem_2026/data/cleaved_tmem_pld3_260821/d14/TMEM_KO/TMEMKO_Plate1_d14_TMEM561LAMP1640MAP2488DAPI405_C8_F3.nd2,8
6,12193,0,0.0,0.0,74.15615844726562,904186.0,,0.0,-0.03593375084868316,True,,KO,C8,3,d14,Plate1,/Users/pmihack/claire/tmem_2026/data/cleaved_tmem_pld3_260821/d14/TMEM_KO/TMEMKO_Plate1_d14_TMEM561LAMP1640MAP2488DAPI405_C8_F3.nd2,8
7,15426,0,0.0,0.0,122.92117309570312,1896182.0,,0.0,-0.06689107661194928,True,,KO,C8,3,d14,Plate1,/Users/pmihack/claire/tmem_2026/data/cleaved_tmem_pld3_260821/d14/TMEM_KO/TMEMKO_Plate1_d14_TMEM561LAMP1640MAP2488DAPI405_C8_F3.nd2,8
8,14017,0,0.0,0.0,113.67446899414062,1593375.0,,0.0,0.00802462778995343,True,,KO,C8,3,d14,Plate1,/Users/pmihack/claire/tmem_2026/data/cleaved_tmem_pld3_260821/d14/TMEM_KO/TMEMKO_Plate1_d14_TMEM561LAMP1640MAP2488DAPI405_C8_F3.nd2,8
9,10878,0,0.0,0.0,89.93206787109375,978281.0,,0.0001226641470566392,-0.008027003477909432,True,,KO,C8,3,d14,Plate1,/Users/pmihack/claire/tmem_2026/data/cleaved_tmem_pld3_260821/d14/TMEM_KO/TMEMKO_Plate1_d14_TMEM561LAMP1640MAP2488DAPI405_C8_F3.nd2,8
10,13270,0,0.0,0.0,102.22147369384766,1356479.0,,0.0,-0.04734931696935024,True,,KO,C8,3,d14,Plate1,/Users/pmihack/claire/tmem_2026/data/cleaved_tmem_pld3_260821/d14/TMEM_KO/TMEMKO_Plate1_d14_TMEM561LAMP1640MAP2488DAPI405_C8_F3.nd2,8
11,16393,0,0.0,0.0,139.5452880859375,2287566.0,,0.0,0.036369277631283545,True,,KO,C8,3,d14,Plate1,/Users/pmihack/claire/tmem_2026/data/cleaved_tmem_pld3_260821/d14/TMEM_KO/TMEMKO_Plate1_d14_TMEM561LAMP1640MAP2488DAPI405_C8_F3.nd2,8
12,8472,0,0.0,0.0,250.53517150878906,2122534.0,,0.0,0.03991306262396754,True,,KO,C8,3,d14,Plate1,/Users/pmihack/claire/tmem_2026/data/cleaved_tmem_pld3_260821/d14/TMEM_KO/TMEMKO_Plate1_d14_TMEM561LAMP1640MAP2488DAPI405_C8_F3.nd2,8
13,13827,0,0.0,0.0,180.1780548095703,2491322.0,,0.0,-0.07429306311917491,True,,KO,C8,3,d14,Plate1,/Users/pmihack/claire/tmem_2026/data/cleaved_tmem_pld3_260821/d14/TMEM_KO/TMEMKO_Plate1_d14_TMEM561LAMP1640MAP2488DAPI405_C8_F3.nd2,8
14,15929,0,0.0,0.0,68.18708038330078,1086152.0,,0.0,-0.015611778996581399,True,,KO,C8,3,d14,Plate1,/Users/pmihack/claire/tmem_2026/data/cleaved_tmem_pld3_260821/d14/TMEM_KO/TMEMKO_Plate1_d14_TMEM561LAMP1640MAP2488DAPI405_C8_F3.nd2,8
15,14001,0,0.0,0.0,90.10720825195312,1261591.0,,0.0,-0.034840473749218975,True,,KO,C8,3,d14,Plate1,/Users/pmihack/claire/tmem_2026/data/cleaved_tmem_pld3_260821/d14/TMEM_KO/TMEMKO_Plate1_d14_TMEM561LAMP1640MAP2488DAPI405_C8_F3.nd2,8
16,9342,0,0.0,0.0,113.87261962890625,1063798.0,,0.0,-0.024974906369798988,True,,KO,C8,3,d14,Plate1,/Users/pmihack/claire/tmem_2026/data/cleaved_tmem_pld3_260821/d14/TMEM_KO/TMEMKO_Plate1_d14_TMEM561LAMP1640MAP2488DAPI405_C8_F3.nd2,8
17,6822,0,0.0,0.0,41.21987533569336,281202.0,,0.0,0.048979851044359604,True,,KO,C8,3,d14,Plate1,/Users/pmihack/claire/tmem_2026/data/cleaved_tmem_pld3_260821/d14/TMEM_KO/TMEMKO_Plate1_d14_TMEM561LAMP1640MAP2488DAPI405_C8_F3.nd2,8
18,11519,0,0.0,0.0,214.31088256835938,2468647.0,,0.0,-0.06771694056746888,True,,KO,C8,3,d14,Plate1,/Users/pmihack/claire/tmem_2026/data/cleaved_tmem_pld3_260821/d14/TMEM_KO/TMEMKO_Plate1_d14_TMEM561LAMP1640MAP2488DAPI405_C8_F3.nd2,8
1,12871,0,0.0,0.0,59.387149810791016,764372.0,,0.0,-0.03594289363904221,True,,KO,C8,4,d14,Plate1,/Users/pmihack/claire/tmem_2026/data/cleaved_tmem_pld3_260821/d14/TMEM_KO/TMEMKO_Plate1_d14_TMEM561LAMP1640MAP2488DAPI405_C8_F4.nd2,12
2,15322,0,0.0,0.0,104.70950317382812,1604359.0,,0.0,0.025919850906919374,True,,KO,C8,4,d14,Plate1,/Users/pmihack/claire/tmem_2026/data/cleaved_tmem_pld3_260821/d14/TMEM_KO/TMEMKO_Plate1_d14_TMEM561LAMP1640MAP2488DAPI405_C8_F4.nd2,12
3,15410,0,0.0,0.0,100.94737243652344,1555599.0,,0.0,-0.059753050444951245,True,,KO,C8,4,d14,Plate1,/Users/pmihack/claire/tmem_2026/data/cleaved_tmem_pld3_260821/d14/TMEM_KO/TMEMKO_Plate1_d14_TMEM561LAMP1640MAP2488DAPI405_C8_F4.nd2,12
4,17975,1,0.0036161335187760778,0.75816,144.8512420654297,2603701.0,9.005509321085905,0.0,0.03637469323212312,True,,KO,C8,4,d14,Plate1,/Users/pmihack/claire/tmem_2026/data/cleaved_tmem_pld3_260821/d14/TMEM_KO/TMEMKO_Plate1_d14_TMEM561LAMP1640MAP2488DAPI405_C8_F4.nd2,12
5,13740,0,0.0,0.0,60.89060974121094,836637.0,,0.0,-0.017333424347337523,True,,KO,C8,4,d14,Plate1,/Users/pmihack/claire/tmem_2026/data/cleaved_tmem_pld3_260821/d14/TMEM_KO/TMEMKO_Plate1_d14_TMEM561LAMP1640MAP2488DAPI405_C8_F4.nd2,12
6,12027,0,0.0,0.0,122.68321228027344,1475511.0,,0.0,-0.19462113564000416,True,,KO,C8,4,d14,Plate1,/Users/pmihack/claire/tmem_2026/data/cleaved_tmem_pld3_260821/d14/TMEM_KO/TMEMKO_Plate1_d14_TMEM561LAMP1640MAP2488DAPI405_C8_F4.nd2,12
7,18980,1,0.0018967334035827187,0.41990399999999994,90.95347595214844,1726297.0,0.6943970885838323,0.0,0.01639893199841846,True,,KO,C8,4,d14,Plate1,/Users/pmihack/claire/tmem_2026/data/cleaved_tmem_pld3_260821/d14/TMEM_KO/TMEMKO_Plate1_d14_TMEM561LAMP1640MAP2488DAPI405_C8_F4.nd2,12
8,14638,0,0.0,0.0,77.12323760986328,1128930.0,,0.0,-0.07509227756922736,True,,KO,C8,4,d14,Plate1,/Users/pmihack/claire/tmem_2026/data/cleaved_tmem_pld3_260821/d14/TMEM_KO/TMEMKO_Plate1_d14_TMEM561LAMP1640MAP2488DAPI405_C8_F4.nd2,12
9,14703,0,0.0,0.0,118.41419982910156,1741044.0,,0.0,-0.11982758110384341,True,,KO,C8,4,d14,Plate1,/Users/pmihack/claire/tmem_2026/data/cleaved_tmem_pld3_260821/d14/TMEM_KO/TMEMKO_Plate1_d14_TMEM561LAMP1640MAP2488DAPI405_C8_F4.nd2,12
10,9731,0,0.0,0.0,122.02085876464844,1187385.0,,0.0,-0.0313245198184072,True,,KO,C8,4,d14,Plate1,/Users/pmihack/claire/tmem_2026/data/cleaved_tmem_pld3_260821/d14/TMEM_KO/TMEMKO_Plate1_d14_TMEM561LAMP1640MAP2488DAPI405_C8_F4.nd2,12
11,11577,0,0.0,0.0,153.18795776367188,1773457.0,,0.0,-0.0015195572730076923,True,,KO,C8,4,d14,Plate1,/Users/pmihack/claire/tmem_2026/data/cleaved_tmem_pld3_260821/d14/TMEM_KO/TMEMKO_Plate1_d14_TMEM561LAMP1640MAP2488DAPI405_C8_F4.nd2,12
12,22833,0,0.0,0.0,86.58792114257812,1977062.0,,0.0,-0.008505323452674117,True,,KO,C8,4,d14,Plate1,/Users/pmihack/claire/tmem_2026/data/cleaved_tmem_pld3_260821/d14/TMEM_KO/TMEMKO_Plate1_d14_TMEM561LAMP1640MAP2488DAPI405_C8_F4.nd2,12
13,14284,0,0.0,0.0,78.6592025756836,1123568.0,,0.0,-0.03458612971853388,True,,KO,C8,4,d14,Plate1,/Users/pmihack/claire/tmem_2026/data/cleaved_tmem_pld3_260821/d14/TMEM_KO/TMEMKO_Plate1_d14_TMEM561LAMP1640MAP2488DAPI405_C8_F4.nd2,12
14,10870,0,0.0,0.0,64.61177825927734,702330.0,,0.0,-0.0015291680267217561,True,,KO,C8,4,d14,Plate1,/Users/pmihack/claire/tmem_2026/data/cleaved_tmem_pld3_260821/d14/TMEM_KO/TMEMKO_Plate1_d14_TMEM561LAMP1640MAP2488DAPI405_C8_F4.nd2,12
15,4264,0,0.0,0.0,82.8803939819336,353402.0,,0.0,0.10686558121795828,True,,KO,C8,4,d14,Plate1,/Users/pmihack/claire/tmem_2026/data/cleaved_tmem_pld3_260821/d14/TMEM_KO/TMEMKO_Plate1_d14_TMEM561LAMP1640MAP2488DAPI405_C8_F4.nd2,12
1,4636,0,0.0,0.0,1039.526123046875,4819243.0,,0.006452880799770355,0.09660033498905847,False,border,KO,D8,1,d14,Plate1,/Users/pmihack/claire/tmem_2026/data/cleaved_tmem_pld3_260821/d14/TMEM_KO/TMEMKO_Plate1_d14_TMEM561LAMP1640MAP2488DAPI405_D8_F1.nd2,13
2,11346,0,0.0,0.0,198.96527099609375,2257460.0,,0.0,0.3150043767035293,False,abnormal_nucleus,KO,D8,1,d14,Plate1,/Users/pmihack/claire/tmem_2026/data/cleaved_tmem_pld3_260821/d14/TMEM_KO/TMEMKO_Plate1_d14_TMEM561LAMP1640MAP2488DAPI405_D8_F1.nd2,13
3,11178,0,0.0,0.0,277.7480773925781,3104668.0,,0.0,0.13605191370902417,True,,KO,D8,1,d14,Plate1,/Users/pmihack/claire/tmem_2026/data/cleaved_tmem_pld3_260821/d14/TMEM_KO/TMEMKO_Plate1_d14_TMEM561LAMP1640MAP2488DAPI405_D8_F1.nd2,13
4,13717,3,0.009185682000437413,0.48988799999999993,598.162353515625,8204993.0,3.683402249207532,0.0,0.16936469143556732,True,,KO,D8,1,d14,Plate1,/Users/pmihack/claire/tmem_2026/data/cleaved_tmem_pld3_260821/d14/TMEM_KO/TMEMKO_Plate1_d14_TMEM561LAMP1640MAP2488DAPI405_D8_F1.nd2,13
5,13011,0,0.0,0.0,247.86949157714844,3225030.0,,0.0,0.25944592550955425,True,,KO,D8,1,d14,Plate1,/Users/pmihack/claire/tmem_2026/data/cleaved_tmem_pld3_260821/d14/TMEM_KO/TMEMKO_Plate1_d14_TMEM561LAMP1640MAP2488DAPI405_D8_F1.nd2,13
6,1296,0,0.0,0.0,200.86727905273438,260324.0,,0.0,-0.04908309208482211,False,size_outlier,KO,D8,1,d14,Plate1,/Users/pmihack/claire/tmem_2026/data/cleaved_tmem_pld3_260821/d14/TMEM_KO/TMEMKO_Plate1_d14_TMEM561LAMP1640MAP2488DAPI405_D8_F1.nd2,13
7,7863,0,0.0,0.0,202.8126678466797,1594716.0,,0.0,0.30608503549042226,True,,KO,D8,1,d14,Plate1,/Users/pmihack/claire/tmem_2026/data/cleaved_tmem_pld3_260821/d14/TMEM_KO/TMEMKO_Plate1_d14_TMEM561LAMP1640MAP2488DAPI405_D8_F1.nd2,13
8,14405,0,0.0,0.0,432.1802978515625,6225557.0,,0.0,0.1616643445772205,True,,KO,D8,1,d14,Plate1,/Users/pmihack/claire/tmem_2026/data/cleaved_tmem_pld3_260821/d14/TMEM_KO/TMEMKO_Plate1_d14_TMEM561LAMP1640MAP2488DAPI405_D8_F1.nd2,13
9,12557,0,0.0,0.0,315.3808898925781,3960238.0,,0.0,0.18856494560452444,True,,KO,D8,1,d14,Plate1,/Users/pmihack/claire/tmem_2026/data/cleaved_tmem_pld3_260821/d14/TMEM_KO/TMEMKO_Plate1_d14_TMEM561LAMP1640MAP2488DAPI405_D8_F1.nd2,13
10,10014,0,0.0,0.0,209.0408477783203,2093335.0,,0.0,0.014321947885311046,True,,KO,D8,1,d14,Plate1,/Users/pmihack/claire/tmem_2026/data/cleaved_tmem_pld3_260821/d14/TMEM_KO/TMEMKO_Plate1_d14_TMEM561LAMP1640MAP2488DAPI405_D8_F1.nd2,13
11,13933,2,0.007464293404148424,0.606528,590.7008056640625,8230234.0,4.876868692692617,0.0,0.17958313129843403,True,,KO,D8,1,d14,Plate1,/Users/pmihack/claire/tmem_2026/data/cleaved_tmem_pld3_260821/d14/TMEM_KO/TMEMKO_Plate1_d14_TMEM561LAMP1640MAP2488DAPI405_D8_F1.nd2,13
12,10483,2,0.0004769627015167414,0.02916,455.0126953125,4769898.0,10.063228998991631,0.003693370381370187,0.10143605740300851,True,,KO,D8,1,d14,Plate1,/Users/pmihack/claire/tmem_2026/data/cleaved_tmem_pld3_260821/d14/TMEM_KO/TMEMKO_Plate1_d14_TMEM561LAMP1640MAP2488DAPI405_D8_F1.nd2,13
13,5999,0,0.0,0.0,170.3398895263672,1021869.0,,0.0010128499707207084,-0.01834516803133968,True,,KO,D8,1,d14,Plate1,/Users/pmihack/claire/tmem_2026/data/cleaved_tmem_pld3_260821/d14/TMEM_KO/TMEMKO_Plate1_d14_TMEM561LAMP1640MAP2488DAPI405_D8_F1.nd2,13
1,16330,1,0.0004898958971218616,0.09331199999999999,401.81573486328125,6561651.0,5.536705849982972,0.0,0.03974012151382262,True,,KO,D8,2,d14,Plate1,/Users/pmihack/claire/tmem_2026/data/cleaved_tmem_pld3_260821/d14/TMEM_KO/TMEMKO_Plate1_d14_TMEM561LAMP1640MAP2488DAPI405_D8_F2.nd2,15
2,16762,8,0.007099391480730223,0.173502,407.9638366699219,6838290.0,8.942096289874298,0.0,0.0852057353002845,True,,KO,D8,2,d14,Plate1,/Users/pmihack/claire/tmem_2026/data/cleaved_tmem_pld3_260821/d14/TMEM_KO/TMEMKO_Plate1_d14_TMEM561LAMP1640MAP2488DAPI405_D8_F2.nd2,15
3,20578,11,0.009087374866362134,0.198288,309.68267822265625,6372650.0,12.761404887508482,0.0,0.1746203307691916,True,,KO,D8,2,d14,Plate1,/Users/pmihack/claire/tmem_2026/data/cleaved_tmem_pld3_260821/d14/TMEM_KO/TMEMKO_Plate1_d14_TMEM561LAMP1640MAP2488DAPI405_D8_F2.nd2,15
4,14303,3,0.0011186464378102497,0.06220799999999999,279.88232421875,4003157.0,9.141753534333587,0.0,0.15840533125340076,True,,KO,D8,2,d14,Plate1,/Users/pmihack/claire/tmem_2026/data/cleaved_tmem_pld3_260821/d14/TMEM_KO/TMEMKO_Plate1_d14_TMEM561LAMP1640MAP2488DAPI405_D8_F2.nd2,15
5,12136,0,0.0,0.0,278.796142578125,3383470.0,,0.0,0.2580244286126253,True,,KO,D8,2,d14,Plate1,/Users/pmihack/claire/tmem_2026/data/cleaved_tmem_pld3_260821/d14/TMEM_KO/TMEMKO_Plate1_d14_TMEM561LAMP1640MAP2488DAPI405_D8_F2.nd2,15
6,18627,8,0.014441402265528534,0.39220199999999994,491.22698974609375,9150085.0,8.73345118641567,0.0,0.01821991909050339,True,,KO,D8,2,d14,Plate1,/Users/pmihack/claire/tmem_2026/data/cleaved_tmem_pld3_260821/d14/TMEM_KO/TMEMKO_Plate1_d14_TMEM561LAMP1640MAP2488DAPI405_D8_F2.nd2,15
7,22756,10,0.00786605730356829,0.20878559999999996,342.9273681640625,7803655.0,5.566287858513323,0.0,0.3116944907296373,True,,KO,D8,2,d14,Plate1,/Users/pmihack/claire/tmem_2026/data/cleaved_tmem_pld3_260821/d14/TMEM_KO/TMEMKO_Plate1_d14_TMEM561LAMP1640MAP2488DAPI405_D8_F2.nd2,15
8,14461,0,0.0,0.0,17.272594451904297,249779.0,,0.0,0.02100400742970547,True,,KO,D8,2,d14,Plate1,/Users/pmihack/claire/tmem_2026/data/cleaved_tmem_pld3_260821/d14/TMEM_KO/TMEMKO_Plate1_d14_TMEM561LAMP1640MAP2488DAPI405_D8_F2.nd2,15
9,14779,3,0.0020975708775965896,0.120528,364.72576904296875,5390282.0,6.927449837344281,0.0,0.20296067261983816,True,,KO,D8,2,d14,Plate1,/Users/pmihack/claire/tmem_2026/data/cleaved_tmem_pld3_260821/d14/TMEM_KO/TMEMKO_Plate1_d14_TMEM561LAMP1640MAP2488DAPI405_D8_F2.nd2,15
10,11599,4,0.022157082507112683,0.749412,477.3342590332031,5536600.0,9.124129444031565,0.0,0.08651378150629509,True,,KO,D8,2,d14,Plate1,/Users/pmihack/claire/tmem_2026/data/cleaved_tmem_pld3_260821/d14/TMEM_KO/TMEMKO_Plate1_d14_TMEM561LAMP1640MAP2488DAPI405_D8_F2.nd2,15
11,15434,3,0.0013606323700920046,0.081648,371.5026550292969,5733772.0,9.873580532790381,7.84823641879484e-05,0.0074454872987909605,True,,KO,D8,2,d14,Plate1,/Users/pmihack/claire/tmem_2026/data/cleaved_tmem_pld3_260821/d14/TMEM_KO/TMEMKO_Plate1_d14_TMEM561LAMP1640MAP2488DAPI405_D8_F2.nd2,15
12,16548,13,0.011965192168237854,0.1776516923076923,535.1082763671875,8854972.0,9.680685233618739,0.0,0.14941528952376976,True,,KO,D8,2,d14,Plate1,/Users/pmihack/claire/tmem_2026/data/cleaved_tmem_pld3_260821/d14/TMEM_KO/TMEMKO_Plate1_d14_TMEM561LAMP1640MAP2488DAPI405_D8_F2.nd2,15
13,6935,0,0.0,0.0,52.01268768310547,360708.0,,0.008056377992033958,0.024747404134825738,True,,KO,D8,2,d14,Plate1,/Users/pmihack/claire/tmem_2026/data/cleaved_tmem_pld3_260821/d14/TMEM_KO/TMEMKO_Plate1_d14_TMEM561LAMP1640MAP2488DAPI405_D8_F2.nd2,15
14,13596,15,0.017284495439835245,0.18273599999999998,499.149169921875,6786432.0,29.40340456845578,0.0,0.08474544775887456,True,,KO,D8,2,d14,Plate1,/Users/pmihack/claire/tmem_2026/data/cleaved_tmem_pld3_260821/d14/TMEM_KO/TMEMKO_Plate1_d14_TMEM561LAMP1640MAP2488DAPI405_D8_F2.nd2,15
15,14407,1,0.0009023391406954952,0.151632,266.740966796875,3842937.0,7.677804758307346,0.0,0.15751154707154466,True,,KO,D8,2,d14,Plate1,/Users/pmihack/claire/tmem_2026/data/cleaved_tmem_pld3_260821/d14/TMEM_KO/TMEMKO_Plate1_d14_TMEM561LAMP1640MAP2488DAPI405_D8_F2.nd2,15
16,2338,0,0.0,0.0,78.16082000732422,182740.0,,0.0,-0.05514863053255195,True,,KO,D8,2,d14,Plate1,/Users/pmihack/claire/tmem_2026/data/cleaved_tmem_pld3_260821/d14/TMEM_KO/TMEMKO_Plate1_d14_TMEM561LAMP1640MAP2488DAPI405_D8_F2.nd2,15
17,12256,1,0.0006527415143603133,0.09331199999999999,287.9817199707031,3529504.0,16.333642143468772,0.0,0.11204591278016066,True,,KO,D8,2,d14,Plate1,/Users/pmihack/claire/tmem_2026/data/cleaved_tmem_pld3_260821/d14/TMEM_KO/TMEMKO_Plate1_d14_TMEM561LAMP1640MAP2488DAPI405_D8_F2.nd2,15
18,16786,0,0.0,0.0,194.7582550048828,3269212.0,,0.0,0.10953998190661107,True,,KO,D8,2,d14,Plate1,/Users/pmihack/claire/tmem_2026/data/cleaved_tmem_pld3_260821/d14/TMEM_KO/TMEMKO_Plate1_d14_TMEM561LAMP1640MAP2488DAPI405_D8_F2.nd2,15
19,12881,1,0.0005434360686282121,0.081648,371.30682373046875,4782803.0,5.492143023176432,0.0,0.15776117809749268,True,,KO,D8,2,d14,Plate1,/Users/pmihack/claire/tmem_2026/data/cleaved_tmem_pld3_260821/d14/TMEM_KO/TMEMKO_Plate1_d14_TMEM561LAMP1640MAP2488DAPI405_D8_F2.nd2,15
20,2233,0,0.0,0.0,13.580385208129883,30325.0,,0.0,0.07418666313300605,True,,KO,D8,2,d14,Plate1,/Users/pmihack/claire/tmem_2026/data/cleaved_tmem_pld3_260821/d14/TMEM_KO/TMEMKO_Plate1_d14_TMEM561LAMP1640MAP2488DAPI405_D8_F2.nd2,15
21,16123,1,0.0003721391800533399,0.06998399999999999,217.80667114257812,3511697.0,23.8647173236022,0.0,0.23543662405523388,True,,KO,D8,2,d14,Plate1,/Users/pmihack/claire/tmem_2026/data/cleaved_tmem_pld3_260821/d14/TMEM_KO/TMEMKO_Plate1_d14_TMEM561LAMP1640MAP2488DAPI405_D8_F2.nd2,15
22,11530,6,0.003295750216825672,0.073872,595.41064453125,6865085.0,15.952261238598782,4.6175686293281615e-05,-0.004725593472867695,False,border,KO,D8,2,d14,Plate1,/Users/pmihack/claire/tmem_2026/data/cleaved_tmem_pld3_260821/d14/TMEM_KO/TMEMKO_Plate1_d14_TMEM561LAMP1640MAP2488DAPI405_D8_F2.nd2,15
23,9839,4,0.005589998983636549,0.16038,222.05824279785156,2184831.0,7.14508094571476,0.0,0.02089221731666426,False,border,KO,D8,2,d14,Plate1,/Users/pmihack/claire/tmem_2026/data/cleaved_tmem_pld3_260821/d14/TMEM_KO/TMEMKO_Plate1_d14_TMEM561LAMP1640MAP2488DAPI405_D8_F2.nd2,15
24,7464,1,0.008038585209003215,0.6998399999999999,338.3421630859375,2525386.0,7.350070262255633,0.0,0.029395108994858647,False,border,KO,D8,2,d14,Plate1,/Users/pmihack/claire/tmem_2026/data/cleaved_tmem_pld3_260821/d14/TMEM_KO/TMEMKO_Plate1_d14_TMEM561LAMP1640MAP2488DAPI405_D8_F2.nd2,15
1,21437,12,0.007137192704203013,0.148716,205.98072814941406,4415609.0,0.87631540088732,0.0,0.007224164918267403,True,,KO,D8,3,d14,Plate1,/Users/pmihack/claire/tmem_2026/data/cleaved_tmem_pld3_260821/d14/TMEM_KO/TMEMKO_Plate1_d14_TMEM561LAMP1640MAP2488DAPI405_D8_F3.nd2,15
2,14329,21,0.06183264707934957,0.49210971428571426,502.53387451171875,7200808.0,0.6496312847044985,0.0,0.10699324224036955,False,border,KO,D8,3,d14,Plate1,/Users/pmihack/claire/tmem_2026/data/cleaved_tmem_pld3_260821/d14/TMEM_KO/TMEMKO_Plate1_d14_TMEM561LAMP1640MAP2488DAPI405_D8_F3.nd2,15
3,14285,16,0.019810990549527476,0.206307,362.8851318359375,5183814.0,8.149851012041731,0.0045553334057331085,0.04293566668897609,True,,KO,D8,3,d14,Plate1,/Users/pmihack/claire/tmem_2026/data/cleaved_tmem_pld3_260821/d14/TMEM_KO/TMEMKO_Plate1_d14_TMEM561LAMP1640MAP2488DAPI405_D8_F3.nd2,15
4,26708,13,0.062228545754081176,1.4911975384615384,401.9237060546875,10734578.0,6.216436786960332,0.0,0.13782169650760512,True,,KO,D8,3,d14,Plate1,/Users/pmihack/claire/tmem_2026/data/cleaved_tmem_pld3_260821/d14/TMEM_KO/TMEMKO_Plate1_d14_TMEM561LAMP1640MAP2488DAPI405_D8_F3.nd2,15
5,28973,21,0.03893279950298554,0.6265234285714285,274.0704040527344,7940642.0,6.7531845334399625,0.0,0.2631355117261113,True,,KO,D8,3,d14,Plate1,/Users/pmihack/claire/tmem_2026/data/cleaved_tmem_pld3_260821/d14/TMEM_KO/TMEMKO_Plate1_d14_TMEM561LAMP1640MAP2488DAPI405_D8_F3.nd2,15
6,11790,2,0.0053435114503816794,0.36741599999999996,229.4697265625,2705448.0,8.24806927972105,0.0,0.18929132757393616,False,border,KO,D8,3,d14,Plate1,/Users/pmihack/claire/tmem_2026/data/cleaved_tmem_pld3_260821/d14/TMEM_KO/TMEMKO_Plate1_d14_TMEM561LAMP1640MAP2488DAPI405_D8_F3.nd2,15
7,22352,15,0.011766284896206156,0.2045088,236.9965057373047,5297346.0,6.411227958972506,0.0,0.2978541826248598,True,,KO,D8,3,d14,Plate1,/Users/pmihack/claire/tmem_2026/data/cleaved_tmem_pld3_260821/d14/TMEM_KO/TMEMKO_Plate1_d14_TMEM561LAMP1640MAP2488DAPI405_D8_F3.nd2,15
8,12837,20,0.07455012853470437,0.5581224,468.17333984375,6009941.0,14.91339297124437,0.0,0.2895997514999481,True,,KO,D8,3,d14,Plate1,/Users/pmihack/claire/tmem_2026/data/cleaved_tmem_pld3_260821/d14/TMEM_KO/TMEMKO_Plate1_d14_TMEM561LAMP1640MAP2488DAPI405_D8_F3.nd2,15
9,9163,12,0.03372257994106734,0.30034799999999995,462.8154602050781,4240778.0,30.684715834692454,0.0,0.09920772089362064,True,,KO,D8,3,d14,Plate1,/Users/pmihack/claire/tmem_2026/data/cleaved_tmem_pld3_260821/d14/TMEM_KO/TMEMKO_Plate1_d14_TMEM561LAMP1640MAP2488DAPI405_D8_F3.nd2,15
10,10604,5,0.025650697849867975,0.6345215999999999,349.39013671875,3704933.0,10.257663714311098,0.0,0.15262050760849177,True,,KO,D8,3,d14,Plate1,/Users/pmihack/claire/tmem_2026/data/cleaved_tmem_pld3_260821/d14/TMEM_KO/TMEMKO_Plate1_d14_TMEM561LAMP1640MAP2488DAPI405_D8_F3.nd2,15
11,7487,10,0.028315747295311874,0.24727679999999996,587.5508422851562,4398993.0,14.934109301734853,0.0,0.05863997523857453,True,,KO,D8,3,d14,Plate1,/Users/pmihack/claire/tmem_2026/data/cleaved_tmem_pld3_260821/d14/TMEM_KO/TMEMKO_Plate1_d14_TMEM561LAMP1640MAP2488DAPI405_D8_F3.nd2,15
1,15005,0,0.0,0.0,212.1630096435547,3183506.0,,6.313793710432947e-05,-0.02747977627789878,True,,KO,D8,4,d14,Plate1,/Users/pmihack/claire/tmem_2026/data/cleaved_tmem_pld3_260821/d14/TMEM_KO/TMEMKO_Plate1_d14_TMEM561LAMP1640MAP2488DAPI405_D8_F4.nd2,12
2,12124,0,0.0,0.0,144.16116333007812,1747810.0,,0.0,0.03765206140221742,True,,KO,D8,4,d14,Plate1,/Users/pmihack/claire/tmem_2026/data/cleaved_tmem_pld3_260821/d14/TMEM_KO/TMEMKO_Plate1_d14_TMEM561LAMP1640MAP2488DAPI405_D8_F4.nd2,12
3,14097,0,0.0,0.0,217.7760467529297,3069989.0,,0.0,0.12573471691745042,True,,KO,D8,4,d14,Plate1,/Users/pmihack/claire/tmem_2026/data/cleaved_tmem_pld3_260821/d14/TMEM_KO/TMEMKO_Plate1_d14_TMEM561LAMP1640MAP2488DAPI405_D8_F4.nd2,12
4,12059,0,0.0,0.0,444.869140625,5364677.0,,0.0,0.20900568797486374,True,,KO,D8,4,d14,Plate1,/Users/pmihack/claire/tmem_2026/data/cleaved_tmem_pld3_260821/d14/TMEM_KO/TMEMKO_Plate1_d14_TMEM561LAMP1640MAP2488DAPI405_D8_F4.nd2,12
5,10175,1,0.0019656019656019656,0.23328,115.77287292480469,1177989.0,12.97039403494592,0.0,0.003273690595099405,True,,KO,D8,4,d14,Plate1,/Users/pmihack/claire/tmem_2026/data/cleaved_tmem_pld3_260821/d14/TMEM_KO/TMEMKO_Plate1_d14_TMEM561LAMP1640MAP2488DAPI405_D8_F4.nd2,12
6,11869,0,0.0,0.0,251.13185119628906,2980684.0,,0.0,0.030465536625034366,True,,KO,D8,4,d14,Plate1,/Users/pmihack/claire/tmem_2026/data/cleaved_tmem_pld3_260821/d14/TMEM_KO/TMEMKO_Plate1_d14_TMEM561LAMP1640MAP2488DAPI405_D8_F4.nd2,12
7,13382,2,0.0007472724555372889,0.05832,718.570556640625,9615911.0,10.25677591324474,0.0,0.14872087435852832,True,,KO,D8,4,d14,Plate1,/Users/pmihack/claire/tmem_2026/data/cleaved_tmem_pld3_260821/d14/TMEM_KO/TMEMKO_Plate1_d14_TMEM561LAMP1640MAP2488DAPI405_D8_F4.nd2,12
8,6971,0,0.0,0.0,319.4682312011719,2227013.0,,0.0,0.05745611427715278,True,,KO,D8,4,d14,Plate1,/Users/pmihack/claire/tmem_2026/data/cleaved_tmem_pld3_260821/d14/TMEM_KO/TMEMKO_Plate1_d14_TMEM561LAMP1640MAP2488DAPI405_D8_F4.nd2,12
9,14735,0,0.0,0.0,290.3526916503906,4278347.0,,0.0,0.2679278054197719,True,,KO,D8,4,d14,Plate1,/Users/pmihack/claire/tmem_2026/data/cleaved_tmem_pld3_260821/d14/TMEM_KO/TMEMKO_Plate1_d14_TMEM561LAMP1640MAP2488DAPI405_D8_F4.nd2,12
10,10478,1,0.0015270089711777056,0.18662399999999998,538.0181274414062,5637354.0,23.115367237444666,0.0,0.11906143884532654,True,,KO,D8,4,d14,Plate1,/Users/pmihack/claire/tmem_2026/data/cleaved_tmem_pld3_260821/d14/TMEM_KO/TMEMKO_Plate1_d14_TMEM561LAMP1640MAP2488DAPI405_D8_F4.nd2,12
11,12839,0,0.0,0.0,466.5600891113281,5990165.0,,0.0,0.2888958721907422,True,,KO,D8,4,d14,Plate1,/Users/pmihack/claire/tmem_2026/data/cleaved_tmem_pld3_260821/d14/TMEM_KO/TMEMKO_Plate1_d14_TMEM561LAMP1640MAP2488DAPI405_D8_F4.nd2,12
12,5378,0,0.0,0.0,403.3257751464844,2169086.0,,0.0,0.09083492334875783,True,,KO,D8,4,d14,Plate1,/Users/pmihack/claire/tmem_2026/data/cleaved_tmem_pld3_260821/d14/TMEM_KO/TMEMKO_Plate1_d14_TMEM561LAMP1640MAP2488DAPI405_D8_F4.nd2,12
13,16322,2,0.0018380100477882611,0.17495999999999998,350.9743957519531,5728604.0,13.489896669171248,0.0,0.1952669812090278,True,,KO,D8,4,d14,Plate1,/Users/pmihack/claire/tmem_2026/data/cleaved_tmem_pld3_260821/d14/TMEM_KO/TMEMKO_Plate1_d14_TMEM561LAMP1640MAP2488DAPI405_D8_F4.nd2,12
14,18840,1,0.0001592356687898089,0.034991999999999995,269.3822326660156,5075161.0,14.178203677216407,0.0,0.26140921143252555,True,,KO,D8,4,d14,Plate1,/Users/pmihack/claire/tmem_2026/data/cleaved_tmem_pld3_260821/d14/TMEM_KO/TMEMKO_Plate1_d14_TMEM561LAMP1640MAP2488DAPI405_D8_F4.nd2,12
15,16151,0,0.0,0.0,187.8983917236328,3034747.0,,0.0,0.08520343941322736,True,,KO,D8,4,d14,Plate1,/Users/pmihack/claire/tmem_2026/data/cleaved_tmem_pld3_260821/d14/TMEM_KO/TMEMKO_Plate1_d14_TMEM561LAMP1640MAP2488DAPI405_D8_F4.nd2,12
16,13904,0,0.0,0.0,665.4605712890625,9252564.0,,0.0,0.35229382384248054,True,,KO,D8,4,d14,Plate1,/Users/pmihack/claire/tmem_2026/data/cleaved_tmem_pld3_260821/d14/TMEM_KO/TMEMKO_Plate1_d14_TMEM561LAMP1640MAP2488DAPI405_D8_F4.nd2,12
17,15176,0,0.0,0.0,218.4054412841797,3314521.0,,0.0,0.22098599950881975,True,,KO,D8,4,d14,Plate1,/Users/pmihack/claire/tmem_2026/data/cleaved_tmem_pld3_260821/d14/TMEM_KO/TMEMKO_Plate1_d14_TMEM561LAMP1640MAP2488DAPI405_D8_F4.nd2,12
18,17065,0,0.0,0.0,219.63270568847656,3748032.0,,0.0,-0.0011207587703353408,True,,KO,D8,4,d14,Plate1,/Users/pmihack/claire/tmem_2026/data/cleaved_tmem_pld3_260821/d14/TMEM_KO/TMEMKO_Plate1_d14_TMEM561LAMP1640MAP2488DAPI405_D8_F4.nd2,12
19,10455,0,0.0,0.0,387.5634765625,4051976.0,,0.0,0.2917784600316927,False,border,KO,D8,4,d14,Plate1,/Users/pmihack/claire/tmem_2026/data/cleaved_tmem_pld3_260821/d14/TMEM_KO/TMEMKO_Plate1_d14_TMEM561LAMP1640MAP2488DAPI405_D8_F4.nd2,12
1,11565,0,0.0,0.0,43.13264083862305,498829.0,,0.0,0.008136863163826842,True,,KO,E8,1,d14,Plate1,/Users/pmihack/claire/tmem_2026/data/cleaved_tmem_pld3_260821/d14/TMEM_KO/TMEMKO_Plate1_d14_TMEM561LAMP1640MAP2488DAPI405_E8_F1.nd2,10
2,25707,0,0.0,0.0,72.8558349609375,1872905.0,,0.0,0.17616567947274034,True,,KO,E8,1,d14,Plate1,/Users/pmihack/claire/tmem_2026/data/cleaved_tmem_pld3_260821/d14/TMEM_KO/TMEMKO_Plate1_d14_TMEM561LAMP1640MAP2488DAPI405_E8_F1.nd2,10
3,25819,1,0.00019365583485030403,0.05832,49.704017639160156,1283308.0,3.940924369079772,0.0,-0.005013927303429645,False,abnormal_nucleus,KO,E8,1,d14,Plate1,/Users/pmihack/claire/tmem_2026/data/cleaved_tmem_pld3_260821/d14/TMEM_KO/TMEMKO_Plate1_d14_TMEM561LAMP1640MAP2488DAPI405_E8_F1.nd2,10
4,3555,0,0.0,0.0,123.16567993164062,437854.0,,0.0,0.00260818433862004,True,,KO,E8,1,d14,Plate1,/Users/pmihack/claire/tmem_2026/data/cleaved_tmem_pld3_260821/d14/TMEM_KO/TMEMKO_Plate1_d14_TMEM561LAMP1640MAP2488DAPI405_E8_F1.nd2,10
5,11943,0,0.0,0.0,76.10189819335938,908885.0,,0.0,-0.018177239254690617,True,,KO,E8,1,d14,Plate1,/Users/pmihack/claire/tmem_2026/data/cleaved_tmem_pld3_260821/d14/TMEM_KO/TMEMKO_Plate1_d14_TMEM561LAMP1640MAP2488DAPI405_E8_F1.nd2,10
6,11794,0,0.0,0.0,47.68000793457031,562338.0,,0.0,0.0054135109274032036,True,,KO,E8,1,d14,Plate1,/Users/pmihack/claire/tmem_2026/data/cleaved_tmem_pld3_260821/d14/TMEM_KO/TMEMKO_Plate1_d14_TMEM561LAMP1640MAP2488DAPI405_E8_F1.nd2,10
7,11443,0,0.0,0.0,149.3284149169922,1708765.0,,0.0,-0.014895770251450075,True,,KO,E8,1,d14,Plate1,/Users/pmihack/claire/tmem_2026/data/cleaved_tmem_pld3_260821/d14/TMEM_KO/TMEMKO_Plate1_d14_TMEM561LAMP1640MAP2488DAPI405_E8_F1.nd2,10
8,16747,0,0.0,0.0,174.19287109375,2917208.0,,0.0,0.11096304635498207,True,,KO,E8,1,d14,Plate1,/Users/pmihack/claire/tmem_2026/data/cleaved_tmem_pld3_260821/d14/TMEM_KO/TMEMKO_Plate1_d14_TMEM561LAMP1640MAP2488DAPI405_E8_F1.nd2,10
9,11854,0,0.0,0.0,266.57550048828125,3159986.0,,0.0,0.241180590906652,True,,KO,E8,1,d14,Plate1,/Users/pmihack/claire/tmem_2026/data/cleaved_tmem_pld3_260821/d14/TMEM_KO/TMEMKO_Plate1_d14_TMEM561LAMP1640MAP2488DAPI405_E8_F1.nd2,10
10,9211,0,0.0,0.0,40.658451080322266,374505.0,,0.0,0.10277170076890438,True,,KO,E8,1,d14,Plate1,/Users/pmihack/claire/tmem_2026/data/cleaved_tmem_pld3_260821/d14/TMEM_KO/TMEMKO_Plate1_d14_TMEM561LAMP1640MAP2488DAPI405_E8_F1.nd2,10
11,23095,0,0.0,0.0,225.72434997558594,5213104.0,,0.0,0.26851490643119263,True,,KO,E8,1,d14,Plate1,/Users/pmihack/claire/tmem_2026/data/cleaved_tmem_pld3_260821/d14/TMEM_KO/TMEMKO_Plate1_d14_TMEM561LAMP1640MAP2488DAPI405_E8_F1.nd2,10
12,9127,0,0.0,0.0,375.5596618652344,3427733.0,,0.0,0.2800816968990447,True,,KO,E8,1,d14,Plate1,/Users/pmihack/claire/tmem_2026/data/cleaved_tmem_pld3_260821/d14/TMEM_KO/TMEMKO_Plate1_d14_TMEM561LAMP1640MAP2488DAPI405_E8_F1.nd2,10
1,5878,0,0.0,0.0,190.80230712890625,1121536.0,,0.0,0.05447669219074698,True,,KO,E8,2,d14,Plate1,/Users/pmihack/claire/tmem_2026/data/cleaved_tmem_pld3_260821/d14/TMEM_KO/TMEMKO_Plate1_d14_TMEM561LAMP1640MAP2488DAPI405_E8_F2.nd2,16
2,11931,1,0.0018439359651328472,0.256608,92.74637603759766,1106557.0,0.7360867875279682,0.0,-0.05968094009349767,True,,KO,E8,2,d14,Plate1,/Users/pmihack/claire/tmem_2026/data/cleaved_tmem_pld3_260821/d14/TMEM_KO/TMEMKO_Plate1_d14_TMEM561LAMP1640MAP2488DAPI405_E8_F2.nd2,16
3,17919,0,0.0,0.0,72.08867645263672,1291757.0,,0.0,0.03107869349815098,True,,KO,E8,2,d14,Plate1,/Users/pmihack/claire/tmem_2026/data/cleaved_tmem_pld3_260821/d14/TMEM_KO/TMEMKO_Plate1_d14_TMEM561LAMP1640MAP2488DAPI405_E8_F2.nd2,16
4,18323,2,0.002783386999945424,0.297432,142.62232971191406,2613269.0,11.412119199032562,0.0,0.03870331056367516,True,,KO,E8,2,d14,Plate1,/Users/pmihack/claire/tmem_2026/data/cleaved_tmem_pld3_260821/d14/TMEM_KO/TMEMKO_Plate1_d14_TMEM561LAMP1640MAP2488DAPI405_E8_F2.nd2,16
5,9681,0,0.0,0.0,72.45160675048828,701404.0,,0.0,0.1459635235068181,True,,KO,E8,2,d14,Plate1,/Users/pmihack/claire/tmem_2026/data/cleaved_tmem_pld3_260821/d14/TMEM_KO/TMEMKO_Plate1_d14_TMEM561LAMP1640MAP2488DAPI405_E8_F2.nd2,16
6,1353,0,0.0,0.0,13.992609024047852,18932.0,,0.0,0.09449402861384983,False,size_outlier,KO,E8,2,d14,Plate1,/Users/pmihack/claire/tmem_2026/data/cleaved_tmem_pld3_260821/d14/TMEM_KO/TMEMKO_Plate1_d14_TMEM561LAMP1640MAP2488DAPI405_E8_F2.nd2,16
7,14635,3,0.0021865391185514177,0.12441599999999998,144.57814025878906,2115901.0,0.7522915202498381,0.0,0.02568323001513316,True,,KO,E8,2,d14,Plate1,/Users/pmihack/claire/tmem_2026/data/cleaved_tmem_pld3_260821/d14/TMEM_KO/TMEMKO_Plate1_d14_TMEM561LAMP1640MAP2488DAPI405_E8_F2.nd2,16
8,4922,0,0.0,0.0,9.127387046813965,44925.0,,0.0,0.015593014248591728,True,,KO,E8,2,d14,Plate1,/Users/pmihack/claire/tmem_2026/data/cleaved_tmem_pld3_260821/d14/TMEM_KO/TMEMKO_Plate1_d14_TMEM561LAMP1640MAP2488DAPI405_E8_F2.nd2,16
9,18074,1,0.0009405776253181365,0.198288,90.04930114746094,1627551.0,8.345951346678712,0.0,0.0023314016176414314,True,,KO,E8,2,d14,Plate1,/Users/pmihack/claire/tmem_2026/data/cleaved_tmem_pld3_260821/d14/TMEM_KO/TMEMKO_Plate1_d14_TMEM561LAMP1640MAP2488DAPI405_E8_F2.nd2,16
10,9438,4,0.004132231404958678,0.11372399999999999,219.60426330566406,2072625.0,11.52740782442801,0.0,0.08635031626075028,True,,KO,E8,2,d14,Plate1,/Users/pmihack/claire/tmem_2026/data/cleaved_tmem_pld3_260821/d14/TMEM_KO/TMEMKO_Plate1_d14_TMEM561LAMP1640MAP2488DAPI405_E8_F2.nd2,16
11,10199,6,0.007451710952054123,0.147744,312.57281494140625,3187930.0,0.6446737146675884,0.0,-0.017197210615463858,True,,KO,E8,2,d14,Plate1,/Users/pmihack/claire/tmem_2026/data/cleaved_tmem_pld3_260821/d14/TMEM_KO/TMEMKO_Plate1_d14_TMEM561LAMP1640MAP2488DAPI405_E8_F2.nd2,16
12,16752,6,0.00471585482330468,0.153576,214.35159301757812,3590818.0,3.2228083564235575,0.0,-0.02249845284461062,True,,KO,E8,2,d14,Plate1,/Users/pmihack/claire/tmem_2026/data/cleaved_tmem_pld3_260821/d14/TMEM_KO/TMEMKO_Plate1_d14_TMEM561LAMP1640MAP2488DAPI405_E8_F2.nd2,16
13,12454,1,0.0008832503613296933,0.128304,156.68516540527344,1951357.0,5.169862599031407,0.0,0.05780322379979811,True,,KO,E8,2,d14,Plate1,/Users/pmihack/claire/tmem_2026/data/cleaved_tmem_pld3_260821/d14/TMEM_KO/TMEMKO_Plate1_d14_TMEM561LAMP1640MAP2488DAPI405_E8_F2.nd2,16
14,10806,12,0.0365537664260596,0.38393999999999995,363.61529541015625,3929227.0,0.763609522540175,0.0,-0.026324349982323143,True,,KO,E8,2,d14,Plate1,/Users/pmihack/claire/tmem_2026/data/cleaved_tmem_pld3_260821/d14/TMEM_KO/TMEMKO_Plate1_d14_TMEM561LAMP1640MAP2488DAPI405_E8_F2.nd2,16
15,2356,0,0.0,0.0,21.800508499145508,51362.0,,0.0,0.2472151194760556,True,,KO,E8,2,d14,Plate1,/Users/pmihack/claire/tmem_2026/data/cleaved_tmem_pld3_260821/d14/TMEM_KO/TMEMKO_Plate1_d14_TMEM561LAMP1640MAP2488DAPI405_E8_F2.nd2,16
16,11184,0,0.0,0.0,60.00062561035156,671047.0,,0.0,-0.007171566752523045,True,,KO,E8,2,d14,Plate1,/Users/pmihack/claire/tmem_2026/data/cleaved_tmem_pld3_260821/d14/TMEM_KO/TMEMKO_Plate1_d14_TMEM561LAMP1640MAP2488DAPI405_E8_F2.nd2,16
17,24216,1,0.005244466468450611,1.481328,144.76454162597656,3505618.0,5.785862271188412,0.0,0.3747098053240761,True,,KO,E8,2,d14,Plate1,/Users/pmihack/claire/tmem_2026/data/cleaved_tmem_pld3_260821/d14/TMEM_KO/TMEMKO_Plate1_d14_TMEM561LAMP1640MAP2488DAPI405_E8_F2.nd2,16
18,10792,1,0.0005559673832468495,0.06998399999999999,137.7509307861328,1486608.0,7.682120990680017,0.0,0.021277548711590634,True,,KO,E8,2,d14,Plate1,/Users/pmihack/claire/tmem_2026/data/cleaved_tmem_pld3_260821/d14/TMEM_KO/TMEMKO_Plate1_d14_TMEM561LAMP1640MAP2488DAPI405_E8_F2.nd2,16
19,6834,0,0.0,0.0,62.07462692260742,424218.0,,0.0,-0.0739909840653352,False,border,KO,E8,2,d14,Plate1,/Users/pmihack/claire/tmem_2026/data/cleaved_tmem_pld3_260821/d14/TMEM_KO/TMEMKO_Plate1_d14_TMEM561LAMP1640MAP2488DAPI405_E8_F2.nd2,16
1,5790,0,0.0,0.0,13.366494178771973,77392.0,,0.0,0.05522276558611651,True,,KO,E8,3,d14,Plate1,/Users/pmihack/claire/tmem_2026/data/cleaved_tmem_pld3_260821/d14/TMEM_KO/TMEMKO_Plate1_d14_TMEM561LAMP1640MAP2488DAPI405_E8_F3.nd2,12
2,16076,8,0.012565314754914158,0.294516,298.0996398925781,4792250.0,0.5601211441989785,0.0,0.04388420553923496,True,,KO,E8,3,d14,Plate1,/Users/pmihack/claire/tmem_2026/data/cleaved_tmem_pld3_260821/d14/TMEM_KO/TMEMKO_Plate1_d14_TMEM561LAMP1640MAP2488DAPI405_E8_F3.nd2,12
3,2393,2,0.024655244463017135,0.34408799999999995,434.1349792480469,1038885.0,29.754867126916473,0.0,0.3337273343660945,True,,KO,E8,3,d14,Plate1,/Users/pmihack/claire/tmem_2026/data/cleaved_tmem_pld3_260821/d14/TMEM_KO/TMEMKO_Plate1_d14_TMEM561LAMP1640MAP2488DAPI405_E8_F3.nd2,12
4,18006,1,0.0003332222592469177,0.06998399999999999,206.26358032226562,3713982.0,17.440470937879287,0.0,0.07398535780558942,True,,KO,E8,3,d14,Plate1,/Users/pmihack/claire/tmem_2026/data/cleaved_tmem_pld3_260821/d14/TMEM_KO/TMEMKO_Plate1_d14_TMEM561LAMP1640MAP2488DAPI405_E8_F3.nd2,12
5,12924,1,0.004797276385020118,0.7231679999999999,279.66448974609375,3614384.0,5.667901661227942,0.0,0.08279346563354269,True,,KO,E8,3,d14,Plate1,/Users/pmihack/claire/tmem_2026/data/cleaved_tmem_pld3_260821/d14/TMEM_KO/TMEMKO_Plate1_d14_TMEM561LAMP1640MAP2488DAPI405_E8_F3.nd2,12
6,11546,0,0.0,0.0,227.36073303222656,2625107.0,,0.0,-0.004438276315810032,True,,KO,E8,3,d14,Plate1,/Users/pmihack/claire/tmem_2026/data/cleaved_tmem_pld3_260821/d14/TMEM_KO/TMEMKO_Plate1_d14_TMEM561LAMP1640MAP2488DAPI405_E8_F3.nd2,12
7,13296,0,0.0,0.0,153.05844116210938,2035065.0,,0.0,0.02044023793330951,True,,KO,E8,3,d14,Plate1,/Users/pmihack/claire/tmem_2026/data/cleaved_tmem_pld3_260821/d14/TMEM_KO/TMEMKO_Plate1_d14_TMEM561LAMP1640MAP2488DAPI405_E8_F3.nd2,12
8,10230,0,0.0,0.0,325.144775390625,3326231.0,,0.0,0.16985512887963813,True,,KO,E8,3,d14,Plate1,/Users/pmihack/claire/tmem_2026/data/cleaved_tmem_pld3_260821/d14/TMEM_KO/TMEMKO_Plate1_d14_TMEM561LAMP1640MAP2488DAPI405_E8_F3.nd2,12
9,3985,0,0.0,0.0,17.610036849975586,70176.0,,0.0,0.16157199314100995,True,,KO,E8,3,d14,Plate1,/Users/pmihack/claire/tmem_2026/data/cleaved_tmem_pld3_260821/d14/TMEM_KO/TMEMKO_Plate1_d14_TMEM561LAMP1640MAP2488DAPI405_E8_F3.nd2,12
10,13510,0,0.0,0.0,155.45396423339844,2100183.0,,0.0,-0.007308600942196599,True,,KO,E8,3,d14,Plate1,/Users/pmihack/claire/tmem_2026/data/cleaved_tmem_pld3_260821/d14/TMEM_KO/TMEMKO_Plate1_d14_TMEM561LAMP1640MAP2488DAPI405_E8_F3.nd2,12
11,5534,0,0.0,0.0,64.628662109375,357655.0,,0.0,-0.056452329857732644,True,,KO,E8,3,d14,Plate1,/Users/pmihack/claire/tmem_2026/data/cleaved_tmem_pld3_260821/d14/TMEM_KO/TMEMKO_Plate1_d14_TMEM561LAMP1640MAP2488DAPI405_E8_F3.nd2,12
12,12505,1,0.00039984006397441024,0.05832,137.99472045898438,1725624.0,15.11217192191937,0.0,0.020121007809615524,True,,KO,E8,3,d14,Plate1,/Users/pmihack/claire/tmem_2026/data/cleaved_tmem_pld3_260821/d14/TMEM_KO/TMEMKO_Plate1_d14_TMEM561LAMP1640MAP2488DAPI405_E8_F3.nd2,12
13,12425,2,0.0016096579476861167,0.11664,231.61158752441406,2877774.0,10.917833168225851,0.0,0.05493085134406066,True,,KO,E8,3,d14,Plate1,/Users/pmihack/claire/tmem_2026/data/cleaved_tmem_pld3_260821/d14/TMEM_KO/TMEMKO_Plate1_d14_TMEM561LAMP1640MAP2488DAPI405_E8_F3.nd2,12
14,14352,0,0.0,0.0,115.5967788696289,1659045.0,,0.0,0.14703252160954317,True,,KO,E8,3,d14,Plate1,/Users/pmihack/claire/tmem_2026/data/cleaved_tmem_pld3_260821/d14/TMEM_KO/TMEMKO_Plate1_d14_TMEM561LAMP1640MAP2488DAPI405_E8_F3.nd2,12
15,16262,0,0.0,0.0,103.06561279296875,1676053.0,,0.0,-0.025906389342338194,True,,KO,E8,3,d14,Plate1,/Users/pmihack/claire/tmem_2026/data/cleaved_tmem_pld3_260821/d14/TMEM_KO/TMEMKO_Plate1_d14_TMEM561LAMP1640MAP2488DAPI405_E8_F3.nd2,12
16,10967,0,0.0,0.0,43.39035415649414,475862.0,,0.0,0.003061560836274233,True,,KO,E8,3,d14,Plate1,/Users/pmihack/claire/tmem_2026/data/cleaved_tmem_pld3_260821/d14/TMEM_KO/TMEMKO_Plate1_d14_TMEM561LAMP1640MAP2488DAPI405_E8_F3.nd2,12
1,10492,10,0.010579489134578726,0.12947039999999999,307.216552734375,3223316.0,0.4991788388034442,0.0,0.10642153135149784,True,,KO,E8,4,d14,Plate1,/Users/pmihack/claire/tmem_2026/data/cleaved_tmem_pld3_260821/d14/TMEM_KO/TMEMKO_Plate1_d14_TMEM561LAMP1640MAP2488DAPI405_E8_F4.nd2,15
2,20680,21,0.0601063829787234,0.6903977142857142,439.428955078125,9087391.0,0.6223280574636717,0.0,0.004583537731527212,True,,KO,E8,4,d14,Plate1,/Users/pmihack/claire/tmem_2026/data/cleaved_tmem_pld3_260821/d14/TMEM_KO/TMEMKO_Plate1_d14_TMEM561LAMP1640MAP2488DAPI405_E8_F4.nd2,15
3,16331,9,0.064417365746127,1.363392,536.9125366210938,8768319.0,0.8504337777638967,0.0,0.10759532651684744,True,,KO,E8,4,d14,Plate1,/Users/pmihack/claire/tmem_2026/data/cleaved_tmem_pld3_260821/d14/TMEM_KO/TMEMKO_Plate1_d14_TMEM561LAMP1640MAP2488DAPI405_E8_F4.nd2,15
4,14317,13,0.05196619403506321,0.6675396923076923,390.0724182128906,5584667.0,0.8161679275757361,0.0,-0.0019454644819816896,True,,KO,E8,4,d14,Plate1,/Users/pmihack/claire/tmem_2026/data/cleaved_tmem_pld3_260821/d14/TMEM_KO/TMEMKO_Plate1_d14_TMEM561LAMP1640MAP2488DAPI405_E8_F4.nd2,15
5,17577,5,0.0018205609603459067,0.0746496,226.0504608154297,3973289.0,1.1544709582534525,0.0,0.10751210853977598,True,,KO,E8,4,d14,Plate1,/Users/pmihack/claire/tmem_2026/data/cleaved_tmem_pld3_260821/d14/TMEM_KO/TMEMKO_Plate1_d14_TMEM561LAMP1640MAP2488DAPI405_E8_F4.nd2,15
6,11244,10,0.048025613660619,0.629856,507.2008056640625,5702966.0,16.17724196885158,0.0,0.2182630335868556,True,,KO,E8,4,d14,Plate1,/Users/pmihack/claire/tmem_2026/data/cleaved_tmem_pld3_260821/d14/TMEM_KO/TMEMKO_Plate1_d14_TMEM561LAMP1640MAP2488DAPI405_E8_F4.nd2,15
7,8601,13,0.12347401464945937,0.9528590769230768,874.2177734375,7519147.0,2.3558867176484677,0.0,0.0009357280612637478,True,,KO,E8,4,d14,Plate1,/Users/pmihack/claire/tmem_2026/data/cleaved_tmem_pld3_260821/d14/TMEM_KO/TMEMKO_Plate1_d14_TMEM561LAMP1640MAP2488DAPI405_E8_F4.nd2,15
8,16752,15,0.01563992359121299,0.20373119999999997,293.7821044921875,4921438.0,7.728368125593751,0.0,0.1805652708901768,True,,KO,E8,4,d14,Plate1,/Users/pmihack/claire/tmem_2026/data/cleaved_tmem_pld3_260821/d14/TMEM_KO/TMEMKO_Plate1_d14_TMEM561LAMP1640MAP2488DAPI405_E8_F4.nd2,15
9,3120,2,0.002564102564102564,0.046655999999999996,82.38301086425781,257035.0,47.17863601738816,0.0,-0.0015895441861517986,True,,KO,E8,4,d14,Plate1,/Users/pmihack/claire/tmem_2026/data/cleaved_tmem_pld3_260821/d14/TMEM_KO/TMEMKO_Plate1_d14_TMEM561LAMP1640MAP2488DAPI405_E8_F4.nd2,15
10,2317,7,0.13983599482088907,0.5398765714285714,958.2421264648438,2220247.0,13.681398631471417,0.0,0.15388029619934837,True,,KO,E8,4,d14,Plate1,/Users/pmihack/claire/tmem_2026/data/cleaved_tmem_pld3_260821/d14/TMEM_KO/TMEMKO_Plate1_d14_TMEM561LAMP1640MAP2488DAPI405_E8_F4.nd2,15
11,25767,24,0.04808475957620212,0.602154,395.8285827636719,10199315.0,4.661581080225233,0.0,0.005068902184176345,True,,KO,E8,4,d14,Plate1,/Users/pmihack/claire/tmem_2026/data/cleaved_tmem_pld3_260821/d14/TMEM_KO/TMEMKO_Plate1_d14_TMEM561LAMP1640MAP2488DAPI405_E8_F4.nd2,15
12,2684,2,0.0037257824143070045,0.05832,551.9989013671875,1481565.0,,0.0,0.01279514478439167,True,,KO,E8,4,d14,Plate1,/Users/pmihack/claire/tmem_2026/data/cleaved_tmem_pld3_260821/d14/TMEM_KO/TMEMKO_Plate1_d14_TMEM561LAMP1640MAP2488DAPI405_E8_F4.nd2,15
13,8964,6,0.01639892904953146,0.28576799999999997,402.35284423828125,3606691.0,,0.0,0.11245935674354601,True,,KO,E8,4,d14,Plate1,/Users/pmihack/claire/tmem_2026/data/cleaved_tmem_pld3_260821/d14/TMEM_KO/TMEMKO_Plate1_d14_TMEM561LAMP1640MAP2488DAPI405_E8_F4.nd2,15
14,6150,17,0.043577235772357725,0.1838795294117647,663.7066650390625,4081796.0,,0.0,0.05987465163658487,True,,KO,E8,4,d14,Plate1,/Users/pmihack/claire/tmem_2026/data/cleaved_tmem_pld3_260821/d14/TMEM_KO/TMEMKO_Plate1_d14_TMEM561LAMP1640MAP2488DAPI405_E8_F4.nd2,15
1,9318,0,0.0,0.0,242.79856872558594,2262397.0,,0.0,-0.08201133684422016,True,,KO,F8,1,d14,Plate1,/Users/pmihack/claire/tmem_2026/data/cleaved_tmem_pld3_260821/d14/TMEM_KO/TMEMKO_Plate1_d14_TMEM561LAMP1640MAP2488DAPI405_F8_F1.nd2,13
2,10388,0,0.0,0.0,336.3136291503906,3493626.0,,0.0,-0.07553274006280537,True,,KO,F8,1,d14,Plate1,/Users/pmihack/claire/tmem_2026/data/cleaved_tmem_pld3_260821/d14/TMEM_KO/TMEMKO_Plate1_d14_TMEM561LAMP1640MAP2488DAPI405_F8_F1.nd2,13
3,6853,0,0.0,0.0,159.634033203125,1093972.0,,0.0079718679189682,0.04541652367863059,True,,KO,F8,1,d14,Plate1,/Users/pmihack/claire/tmem_2026/data/cleaved_tmem_pld3_260821/d14/TMEM_KO/TMEMKO_Plate1_d14_TMEM561LAMP1640MAP2488DAPI405_F8_F1.nd2,13
4,12913,0,0.0,0.0,198.39146423339844,2561829.0,,0.0,-0.04639119099121806,True,,KO,F8,1,d14,Plate1,/Users/pmihack/claire/tmem_2026/data/cleaved_tmem_pld3_260821/d14/TMEM_KO/TMEMKO_Plate1_d14_TMEM561LAMP1640MAP2488DAPI405_F8_F1.nd2,13
5,11786,1,0.00033938571186153065,0.046655999999999996,183.96165466308594,2168172.0,10.149620453745486,0.0,0.006527925315617908,True,,KO,F8,1,d14,Plate1,/Users/pmihack/claire/tmem_2026/data/cleaved_tmem_pld3_260821/d14/TMEM_KO/TMEMKO_Plate1_d14_TMEM561LAMP1640MAP2488DAPI405_F8_F1.nd2,13
6,8695,0,0.0,0.0,313.4734802246094,2725652.0,,0.0,-0.07654162442963866,True,,KO,F8,1,d14,Plate1,/Users/pmihack/claire/tmem_2026/data/cleaved_tmem_pld3_260821/d14/TMEM_KO/TMEMKO_Plate1_d14_TMEM561LAMP1640MAP2488DAPI405_F8_F1.nd2,13
7,10882,0,0.0,0.0,77.34736633300781,841694.0,,0.0,-0.01044156589172412,True,,KO,F8,1,d14,Plate1,/Users/pmihack/claire/tmem_2026/data/cleaved_tmem_pld3_260821/d14/TMEM_KO/TMEMKO_Plate1_d14_TMEM561LAMP1640MAP2488DAPI405_F8_F1.nd2,13
8,12635,0,0.0,0.0,132.13937377929688,1669581.0,,0.0,0.07399870849986513,True,,KO,F8,1,d14,Plate1,/Users/pmihack/claire/tmem_2026/data/cleaved_tmem_pld3_260821/d14/TMEM_KO/TMEMKO_Plate1_d14_TMEM561LAMP1640MAP2488DAPI405_F8_F1.nd2,13
9,11606,0,0.0,0.0,352.70489501953125,4093493.0,,0.0,0.03777016375112956,True,,KO,F8,1,d14,Plate1,/Users/pmihack/claire/tmem_2026/data/cleaved_tmem_pld3_260821/d14/TMEM_KO/TMEMKO_Plate1_d14_TMEM561LAMP1640MAP2488DAPI405_F8_F1.nd2,13
10,17190,0,0.0,0.0,103.9363021850586,1786665.0,,0.0,0.04056277547584045,True,,KO,F8,1,d14,Plate1,/Users/pmihack/claire/tmem_2026/data/cleaved_tmem_pld3_260821/d14/TMEM_KO/TMEMKO_Plate1_d14_TMEM561LAMP1640MAP2488DAPI405_F8_F1.nd2,13
11,11346,0,0.0,0.0,210.92922973632812,2393203.0,,0.0,-0.01054535344162141,True,,KO,F8,1,d14,Plate1,/Users/pmihack/claire/tmem_2026/data/cleaved_tmem_pld3_260821/d14/TMEM_KO/TMEMKO_Plate1_d14_TMEM561LAMP1640MAP2488DAPI405_F8_F1.nd2,13
12,10923,0,0.0,0.0,82.67691802978516,903080.0,,0.0,0.012691692567135026,True,,KO,F8,1,d14,Plate1,/Users/pmihack/claire/tmem_2026/data/cleaved_tmem_pld3_260821/d14/TMEM_KO/TMEMKO_Plate1_d14_TMEM561LAMP1640MAP2488DAPI405_F8_F1.nd2,13
13,3848,0,0.0,0.0,191.16476440429688,735602.0,,0.0,0.07683525867992393,True,,KO,F8,1,d14,Plate1,/Users/pmihack/claire/tmem_2026/data/cleaved_tmem_pld3_260821/d14/TMEM_KO/TMEMKO_Plate1_d14_TMEM561LAMP1640MAP2488DAPI405_F8_F1.nd2,13
14,3307,0,0.0,0.0,68.02146911621094,224947.0,,0.0,0.15932111452157324,True,,KO,F8,1,d14,Plate1,/Users/pmihack/claire/tmem_2026/data/cleaved_tmem_pld3_260821/d14/TMEM_KO/TMEMKO_Plate1_d14_TMEM561LAMP1640MAP2488DAPI405_F8_F1.nd2,13
15,1583,0,0.0,0.0,157.26658630371094,248953.0,,0.0,0.18270362084947653,False,size_outlier,KO,F8,1,d14,Plate1,/Users/pmihack/claire/tmem_2026/data/cleaved_tmem_pld3_260821/d14/TMEM_KO/TMEMKO_Plate1_d14_TMEM561LAMP1640MAP2488DAPI405_F8_F1.nd2,13
16,11055,0,0.0,0.0,52.71822738647461,582800.0,,0.0,0.13789224087254381,True,,KO,F8,1,d14,Plate1,/Users/pmihack/claire/tmem_2026/data/cleaved_tmem_pld3_260821/d14/TMEM_KO/TMEMKO_Plate1_d14_TMEM561LAMP1640MAP2488DAPI405_F8_F1.nd2,13
17,8730,0,0.0,0.0,273.41351318359375,2386900.0,,0.0,-0.03661858199252284,True,,KO,F8,1,d14,Plate1,/Users/pmihack/claire/tmem_2026/data/cleaved_tmem_pld3_260821/d14/TMEM_KO/TMEMKO_Plate1_d14_TMEM561LAMP1640MAP2488DAPI405_F8_F1.nd2,13
18,1448,0,0.0,0.0,93.31146240234375,135115.0,,0.0,0.7558519898898691,False,size_outlier,KO,F8,1,d14,Plate1,/Users/pmihack/claire/tmem_2026/data/cleaved_tmem_pld3_260821/d14/TMEM_KO/TMEMKO_Plate1_d14_TMEM561LAMP1640MAP2488DAPI405_F8_F1.nd2,13
19,23568,3,0.002630685675492193,0.241056,172.84449768066406,4073599.0,11.7083501514354,0.0,0.0568289536606358,True,,KO,F8,1,d14,Plate1,/Users/pmihack/claire/tmem_2026/data/cleaved_tmem_pld3_260821/d14/TMEM_KO/TMEMKO_Plate1_d14_TMEM561LAMP1640MAP2488DAPI405_F8_F1.nd2,13
20,11150,0,0.0,0.0,313.44134521484375,3494871.0,,0.0,-0.01101616852654244,True,,KO,F8,1,d14,Plate1,/Users/pmihack/claire/tmem_2026/data/cleaved_tmem_pld3_260821/d14/TMEM_KO/TMEMKO_Plate1_d14_TMEM561LAMP1640MAP2488DAPI405_F8_F1.nd2,13
21,13440,0,0.0,0.0,174.6206817626953,2346902.0,,0.0,-0.026436284662215252,True,,KO,F8,1,d14,Plate1,/Users/pmihack/claire/tmem_2026/data/cleaved_tmem_pld3_260821/d14/TMEM_KO/TMEMKO_Plate1_d14_TMEM561LAMP1640MAP2488DAPI405_F8_F1.nd2,13
22,12401,0,0.0,0.0,117.04322052001953,1451453.0,,0.0,-0.020360489734476267,False,border,KO,F8,1,d14,Plate1,/Users/pmihack/claire/tmem_2026/data/cleaved_tmem_pld3_260821/d14/TMEM_KO/TMEMKO_Plate1_d14_TMEM561LAMP1640MAP2488DAPI405_F8_F1.nd2,13
23,10868,0,0.0,0.0,142.22828674316406,1545737.0,,0.0,-0.018524876976095346,True,,KO,F8,1,d14,Plate1,/Users/pmihack/claire/tmem_2026/data/cleaved_tmem_pld3_260821/d14/TMEM_KO/TMEMKO_Plate1_d14_TMEM561LAMP1640MAP2488DAPI405_F8_F1.nd2,13
1,19074,0,0.0,0.0,62.813987731933594,1198114.0,,0.0,0.061150583530032505,True,,KO,F8,2,d14,Plate1,/Users/pmihack/claire/tmem_2026/data/cleaved_tmem_pld3_260821/d14/TMEM_KO/TMEMKO_Plate1_d14_TMEM561LAMP1640MAP2488DAPI405_F8_F2.nd2,11
2,17805,0,0.0,0.0,80.7394027709961,1437565.0,,0.0,-0.008575547541019423,True,,KO,F8,2,d14,Plate1,/Users/pmihack/claire/tmem_2026/data/cleaved_tmem_pld3_260821/d14/TMEM_KO/TMEMKO_Plate1_d14_TMEM561LAMP1640MAP2488DAPI405_F8_F2.nd2,11
3,6776,0,0.0,0.0,4.891676425933838,33146.0,,0.0,0.002585292349826039,True,,KO,F8,2,d14,Plate1,/Users/pmihack/claire/tmem_2026/data/cleaved_tmem_pld3_260821/d14/TMEM_KO/TMEMKO_Plate1_d14_TMEM561LAMP1640MAP2488DAPI405_F8_F2.nd2,11
4,5411,0,0.0,0.0,5.668268203735352,30671.0,,0.0,0.06112414581344754,True,,KO,F8,2,d14,Plate1,/Users/pmihack/claire/tmem_2026/data/cleaved_tmem_pld3_260821/d14/TMEM_KO/TMEMKO_Plate1_d14_TMEM561LAMP1640MAP2488DAPI405_F8_F2.nd2,11
5,11999,0,0.0,0.0,85.63497161865234,1027534.0,,0.0,0.0966315557543794,True,,KO,F8,2,d14,Plate1,/Users/pmihack/claire/tmem_2026/data/cleaved_tmem_pld3_260821/d14/TMEM_KO/TMEMKO_Plate1_d14_TMEM561LAMP1640MAP2488DAPI405_F8_F2.nd2,11
6,11398,0,0.0,0.0,79.86331176757812,910282.0,,0.0,-0.05778426116046339,True,,KO,F8,2,d14,Plate1,/Users/pmihack/claire/tmem_2026/data/cleaved_tmem_pld3_260821/d14/TMEM_KO/TMEMKO_Plate1_d14_TMEM561LAMP1640MAP2488DAPI405_F8_F2.nd2,11
7,11666,0,0.0,0.0,193.536865234375,2257801.0,,0.0,0.5998366208069819,True,,KO,F8,2,d14,Plate1,/Users/pmihack/claire/tmem_2026/data/cleaved_tmem_pld3_260821/d14/TMEM_KO/TMEMKO_Plate1_d14_TMEM561LAMP1640MAP2488DAPI405_F8_F2.nd2,11
8,7755,0,0.0,0.0,329.700439453125,2556827.0,,0.0,-0.0004469225221341273,True,,KO,F8,2,d14,Plate1,/Users/pmihack/claire/tmem_2026/data/cleaved_tmem_pld3_260821/d14/TMEM_KO/TMEMKO_Plate1_d14_TMEM561LAMP1640MAP2488DAPI405_F8_F2.nd2,11
9,14871,1,0.00020173492031470649,0.034991999999999995,435.3194885253906,6473636.0,12.604648025230832,9.098441660171375e-05,-0.026923544008254443,True,,KO,F8,2,d14,Plate1,/Users/pmihack/claire/tmem_2026/data/cleaved_tmem_pld3_260821/d14/TMEM_KO/TMEMKO_Plate1_d14_TMEM561LAMP1640MAP2488DAPI405_F8_F2.nd2,11
10,10938,0,0.0,0.0,97.95246124267578,1071404.0,,0.0,-0.10567598417327277,True,,KO,F8,2,d14,Plate1,/Users/pmihack/claire/tmem_2026/data/cleaved_tmem_pld3_260821/d14/TMEM_KO/TMEMKO_Plate1_d14_TMEM561LAMP1640MAP2488DAPI405_F8_F2.nd2,11
11,19479,0,0.0,0.0,151.0484619140625,2942273.0,,0.0,0.014863034784698888,True,,KO,F8,2,d14,Plate1,/Users/pmihack/claire/tmem_2026/data/cleaved_tmem_pld3_260821/d14/TMEM_KO/TMEMKO_Plate1_d14_TMEM561LAMP1640MAP2488DAPI405_F8_F2.nd2,11
12,11252,0,0.0,0.0,251.6452178955078,2831512.0,,0.0,-0.016797334590472945,True,,KO,F8,2,d14,Plate1,/Users/pmihack/claire/tmem_2026/data/cleaved_tmem_pld3_260821/d14/TMEM_KO/TMEMKO_Plate1_d14_TMEM561LAMP1640MAP2488DAPI405_F8_F2.nd2,11
13,13676,0,0.0,0.0,279.9388732910156,3828444.0,,0.0,-0.047681359420833035,True,,KO,F8,2,d14,Plate1,/Users/pmihack/claire/tmem_2026/data/cleaved_tmem_pld3_260821/d14/TMEM_KO/TMEMKO_Plate1_d14_TMEM561LAMP1640MAP2488DAPI405_F8_F2.nd2,11
14,9900,0,0.0,0.0,118.64151763916016,1174551.0,,0.0,-0.035638388044444386,True,,KO,F8,2,d14,Plate1,/Users/pmihack/claire/tmem_2026/data/cleaved_tmem_pld3_260821/d14/TMEM_KO/TMEMKO_Plate1_d14_TMEM561LAMP1640MAP2488DAPI405_F8_F2.nd2,11
15,9992,0,0.0,0.0,212.27291870117188,2121031.0,,0.0,0.15177555444707538,True,,KO,F8,2,d14,Plate1,/Users/pmihack/claire/tmem_2026/data/cleaved_tmem_pld3_260821/d14/TMEM_KO/TMEMKO_Plate1_d14_TMEM561LAMP1640MAP2488DAPI405_F8_F2.nd2,11
16,5117,0,0.0,0.0,42.89075469970703,219472.0,,0.0,-0.027437392449033766,True,,KO,F8,2,d14,Plate1,/Users/pmihack/claire/tmem_2026/data/cleaved_tmem_pld3_260821/d14/TMEM_KO/TMEMKO_Plate1_d14_TMEM561LAMP1640MAP2488DAPI405_F8_F2.nd2,11
17,13832,0,0.0,0.0,131.3558349609375,1816914.0,,0.0,-0.043871969605574254,True,,KO,F8,2,d14,Plate1,/Users/pmihack/claire/tmem_2026/data/cleaved_tmem_pld3_260821/d14/TMEM_KO/TMEMKO_Plate1_d14_TMEM561LAMP1640MAP2488DAPI405_F8_F2.nd2,11
18,13541,0,0.0,0.0,188.771728515625,2556158.0,,0.0,-0.03525630767506183,True,,KO,F8,2,d14,Plate1,/Users/pmihack/claire/tmem_2026/data/cleaved_tmem_pld3_260821/d14/TMEM_KO/TMEMKO_Plate1_d14_TMEM561LAMP1640MAP2488DAPI405_F8_F2.nd2,11
19,1812,0,0.0,0.0,47.465782165527344,86008.0,,0.0,0.3153231137291112,False,border,KO,F8,2,d14,Plate1,/Users/pmihack/claire/tmem_2026/data/cleaved_tmem_pld3_260821/d14/TMEM_KO/TMEMKO_Plate1_d14_TMEM561LAMP1640MAP2488DAPI405_F8_F2.nd2,11
1,16222,0,0.0,0.0,145.06442260742188,2353235.0,,0.0,-0.0398508164649063,True,,KO,F8,3,d14,Plate1,/Users/pmihack/claire/tmem_2026/data/cleaved_tmem_pld3_260821/d14/TMEM_KO/TMEMKO_Plate1_d14_TMEM561LAMP1640MAP2488DAPI405_F8_F3.nd2,9
2,13328,1,0.0006002400960384153,0.09331199999999999,216.52273559570312,2885815.0,0.970786411245795,0.0,-0.06772804972555412,True,,KO,F8,3,d14,Plate1,/Users/pmihack/claire/tmem_2026/data/cleaved_tmem_pld3_260821/d14/TMEM_KO/TMEMKO_Plate1_d14_TMEM561LAMP1640MAP2488DAPI405_F8_F3.nd2,9
3,19568,0,0.0,0.0,160.9402618408203,3149279.0,,0.0,0.03426652464288885,True,,KO,F8,3,d14,Plate1,/Users/pmihack/claire/tmem_2026/data/cleaved_tmem_pld3_260821/d14/TMEM_KO/TMEMKO_Plate1_d14_TMEM561LAMP1640MAP2488DAPI405_F8_F3.nd2,9
4,12147,0,0.0,0.0,216.07664489746094,2624683.0,,0.0,0.029421096473245468,False,abnormal_nucleus,KO,F8,3,d14,Plate1,/Users/pmihack/claire/tmem_2026/data/cleaved_tmem_pld3_260821/d14/TMEM_KO/TMEMKO_Plate1_d14_TMEM561LAMP1640MAP2488DAPI405_F8_F3.nd2,9
5,17059,0,0.0,0.0,187.9091339111328,3205542.0,,0.0,0.007938719694334524,True,,KO,F8,3,d14,Plate1,/Users/pmihack/claire/tmem_2026/data/cleaved_tmem_pld3_260821/d14/TMEM_KO/TMEMKO_Plate1_d14_TMEM561LAMP1640MAP2488DAPI405_F8_F3.nd2,9
6,7353,0,0.0,0.0,375.8978576660156,2763977.0,,0.0,0.027063405421128502,True,,KO,F8,3,d14,Plate1,/Users/pmihack/claire/tmem_2026/data/cleaved_tmem_pld3_260821/d14/TMEM_KO/TMEMKO_Plate1_d14_TMEM561LAMP1640MAP2488DAPI405_F8_F3.nd2,9
7,16154,0,0.0,0.0,215.526611328125,3481617.0,,0.0,-0.010142294444351118,True,,KO,F8,3,d14,Plate1,/Users/pmihack/claire/tmem_2026/data/cleaved_tmem_pld3_260821/d14/TMEM_KO/TMEMKO_Plate1_d14_TMEM561LAMP1640MAP2488DAPI405_F8_F3.nd2,9
8,15586,0,0.0,0.0,292.7884521484375,4563401.0,,0.0,-0.025010246783277464,True,,KO,F8,3,d14,Plate1,/Users/pmihack/claire/tmem_2026/data/cleaved_tmem_pld3_260821/d14/TMEM_KO/TMEMKO_Plate1_d14_TMEM561LAMP1640MAP2488DAPI405_F8_F3.nd2,9
9,1412,0,0.0,0.0,23.072946548461914,32579.0,,0.0,0.017502925210008416,False,size_outlier,KO,F8,3,d14,Plate1,/Users/pmihack/claire/tmem_2026/data/cleaved_tmem_pld3_260821/d14/TMEM_KO/TMEMKO_Plate1_d14_TMEM561LAMP1640MAP2488DAPI405_F8_F3.nd2,9
10,15044,0,0.0,0.0,31.386798858642578,472183.0,,0.0,0.058743005951004956,True,,KO,F8,3,d14,Plate1,/Users/pmihack/claire/tmem_2026/data/cleaved_tmem_pld3_260821/d14/TMEM_KO/TMEMKO_Plate1_d14_TMEM561LAMP1640MAP2488DAPI405_F8_F3.nd2,9
11,10813,0,0.0,0.0,286.5572814941406,3098544.0,,0.0,-0.04480213045481659,True,,KO,F8,3,d14,Plate1,/Users/pmihack/claire/tmem_2026/data/cleaved_tmem_pld3_260821/d14/TMEM_KO/TMEMKO_Plate1_d14_TMEM561LAMP1640MAP2488DAPI405_F8_F3.nd2,9
1,5496,0,0.0,0.0,35.2863883972168,193934.0,,0.0,0.3261205717906812,True,,KO,F8,4,d14,Plate1,/Users/pmihack/claire/tmem_2026/data/cleaved_tmem_pld3_260821/d14/TMEM_KO/TMEMKO_Plate1_d14_TMEM561LAMP1640MAP2488DAPI405_F8_F4.nd2,16
2,10395,0,0.0,0.0,204.21568298339844,2122822.0,,0.0,0.080855907858075,True,,KO,F8,4,d14,Plate1,/Users/pmihack/claire/tmem_2026/data/cleaved_tmem_pld3_260821/d14/TMEM_KO/TMEMKO_Plate1_d14_TMEM561LAMP1640MAP2488DAPI405_F8_F4.nd2,16
3,17003,0,0.0,0.0,395.1528625488281,6718784.0,,0.0,0.16278238773436843,True,,KO,F8,4,d14,Plate1,/Users/pmihack/claire/tmem_2026/data/cleaved_tmem_pld3_260821/d14/TMEM_KO/TMEMKO_Plate1_d14_TMEM561LAMP1640MAP2488DAPI405_F8_F4.nd2,16
4,11399,0,0.0,0.0,223.6653289794922,2549561.0,,0.0,-0.013347216215835357,True,,KO,F8,4,d14,Plate1,/Users/pmihack/claire/tmem_2026/data/cleaved_tmem_pld3_260821/d14/TMEM_KO/TMEMKO_Plate1_d14_TMEM561LAMP1640MAP2488DAPI405_F8_F4.nd2,16
5,10929,0,0.0,0.0,419.0605773925781,4579913.0,,0.0,-0.03282236236083461,True,,KO,F8,4,d14,Plate1,/Users/pmihack/claire/tmem_2026/data/cleaved_tmem_pld3_260821/d14/TMEM_KO/TMEMKO_Plate1_d14_TMEM561LAMP1640MAP2488DAPI405_F8_F4.nd2,16
6,9937,3,0.004729797725671732,0.18273599999999998,712.0061645507812,7075205.0,14.591229335742016,0.0,-0.0907414131926746,True,,KO,F8,4,d14,Plate1,/Users/pmihack/claire/tmem_2026/data/cleaved_tmem_pld3_260821/d14/TMEM_KO/TMEMKO_Plate1_d14_TMEM561LAMP1640MAP2488DAPI405_F8_F4.nd2,16
7,10967,0,0.0,0.0,254.9439239501953,2795970.0,,0.0,0.09679715546801307,True,,KO,F8,4,d14,Plate1,/Users/pmihack/claire/tmem_2026/data/cleaved_tmem_pld3_260821/d14/TMEM_KO/TMEMKO_Plate1_d14_TMEM561LAMP1640MAP2488DAPI405_F8_F4.nd2,16
8,8883,0,0.0,0.0,328.29022216796875,2916202.0,,0.0,-0.07227843231292216,True,,KO,F8,4,d14,Plate1,/Users/pmihack/claire/tmem_2026/data/cleaved_tmem_pld3_260821/d14/TMEM_KO/TMEMKO_Plate1_d14_TMEM561LAMP1640MAP2488DAPI405_F8_F4.nd2,16
9,15131,0,0.0,0.0,249.9688720703125,3782279.0,,0.0,0.07552842459960464,True,,KO,F8,4,d14,Plate1,/Users/pmihack/claire/tmem_2026/data/cleaved_tmem_pld3_260821/d14/TMEM_KO/TMEMKO_Plate1_d14_TMEM561LAMP1640MAP2488DAPI405_F8_F4.nd2,16
10,12346,1,0.0004859873643285275,0.06998399999999999,481.0264892578125,5938753.0,0.744349824799082,0.0,-0.06940868015410602,True,,KO,F8,4,d14,Plate1,/Users/pmihack/claire/tmem_2026/data/cleaved_tmem_pld3_260821/d14/TMEM_KO/TMEMKO_Plate1_d14_TMEM561LAMP1640MAP2488DAPI405_F8_F4.nd2,16
11,2867,0,0.0,0.0,1232.8172607421875,3534487.0,,0.0,0.027761468629479463,True,,KO,F8,4,d14,Plate1,/Users/pmihack/claire/tmem_2026/data/cleaved_tmem_pld3_260821/d14/TMEM_KO/TMEMKO_Plate1_d14_TMEM561LAMP1640MAP2488DAPI405_F8_F4.nd2,16
12,3176,0,0.0,0.0,752.92822265625,2391300.0,,0.0,0.04983174887488423,True,,KO,F8,4,d14,Plate1,/Users/pmihack/claire/tmem_2026/data/cleaved_tmem_pld3_260821/d14/TMEM_KO/TMEMKO_Plate1_d14_TMEM561LAMP1640MAP2488DAPI405_F8_F4.nd2,16
13,11134,0,0.0,0.0,284.364013671875,3166109.0,,0.0,-0.031857296073336636,True,,KO,F8,4,d14,Plate1,/Users/pmihack/claire/tmem_2026/data/cleaved_tmem_pld3_260821/d14/TMEM_KO/TMEMKO_Plate1_d14_TMEM561LAMP1640MAP2488DAPI405_F8_F4.nd2,16
14,6394,0,0.0,0.0,4.832655429840088,30900.0,,0.0,0.015399110629438908,True,,KO,F8,4,d14,Plate1,/Users/pmihack/claire/tmem_2026/data/cleaved_tmem_pld3_260821/d14/TMEM_KO/TMEMKO_Plate1_d14_TMEM561LAMP1640MAP2488DAPI405_F8_F4.nd2,16
15,20158,1,0.00019843238416509574,0.046655999999999996,408.9947814941406,8244517.0,4.825062423428822,0.0,0.023569220447904247,True,,KO,F8,4,d14,Plate1,/Users/pmihack/claire/tmem_2026/data/cleaved_tmem_pld3_260821/d14/TMEM_KO/TMEMKO_Plate1_d14_TMEM561LAMP1640MAP2488DAPI405_F8_F4.nd2,16
16,8500,0,0.0,0.0,478.4088134765625,4066475.0,,0.0,-0.06129221852558713,True,,KO,F8,4,d14,Plate1,/Users/pmihack/claire/tmem_2026/data/cleaved_tmem_pld3_260821/d14/TMEM_KO/TMEMKO_Plate1_d14_TMEM561LAMP1640MAP2488DAPI405_F8_F4.nd2,16
17,20265,0,0.0,0.0,123.49015808105469,2502528.0,,0.0,0.0821483790863688,True,,KO,F8,4,d14,Plate1,/Users/pmihack/claire/tmem_2026/data/cleaved_tmem_pld3_260821/d14/TMEM_KO/TMEMKO_Plate1_d14_TMEM561LAMP1640MAP2488DAPI405_F8_F4.nd2,16
18,12249,0,0.0,0.0,228.2458953857422,2795784.0,,0.0,0.06048244499858187,True,,KO,F8,4,d14,Plate1,/Users/pmihack/claire/tmem_2026/data/cleaved_tmem_pld3_260821/d14/TMEM_KO/TMEMKO_Plate1_d14_TMEM561LAMP1640MAP2488DAPI405_F8_F4.nd2,16
19,16906,1,0.0002366023896841358,0.046655999999999996,296.65350341796875,5015224.0,3.8653119948354657,0.0,0.08725692685948526,True,,KO,F8,4,d14,Plate1,/Users/pmihack/claire/tmem_2026/data/cleaved_tmem_pld3_260821/d14/TMEM_KO/TMEMKO_Plate1_d14_TMEM561LAMP1640MAP2488DAPI405_F8_F4.nd2,16
20,8692,2,0.0006902899217671422,0.034991999999999995,481.0683288574219,4181446.0,0.92695044586375,0.0,0.07405028834142373,True,,KO,F8,4,d14,Plate1,/Users/pmihack/claire/tmem_2026/data/cleaved_tmem_pld3_260821/d14/TMEM_KO/TMEMKO_Plate1_d14_TMEM561LAMP1640MAP2488DAPI405_F8_F4.nd2,16
21,9330,0,0.0,0.0,276.22625732421875,2577191.0,,0.0,0.07146925053307125,True,,KO,F8,4,d14,Plate1,/Users/pmihack/claire/tmem_2026/data/cleaved_tmem_pld3_260821/d14/TMEM_KO/TMEMKO_Plate1_d14_TMEM561LAMP1640MAP2488DAPI405_F8_F4.nd2,16
22,13065,0,0.0,0.0,339.06060791015625,4429827.0,,0.0,0.03044468153819401,False,border,KO,F8,4,d14,Plate1,/Users/pmihack/claire/tmem_2026/data/cleaved_tmem_pld3_260821/d14/TMEM_KO/TMEMKO_Plate1_d14_TMEM561LAMP1640MAP2488DAPI405_F8_F4.nd2,16
1,14020,2,0.002353780313837375,0.192456,367.94635009765625,5158608.0,0.9810802495100567,0.0,-0.0747511660573498,True,,KO,G8,1,d14,Plate1,/Users/pmihack/claire/tmem_2026/data/cleaved_tmem_pld3_260821/d14/TMEM_KO/TMEMKO_Plate1_d14_TMEM561LAMP1640MAP2488DAPI405_G8_F1.nd2,16
2,11010,0,0.0,0.0,156.43841552734375,1722387.0,,0.0,0.0060337277007024084,True,,KO,G8,1,d14,Plate1,/Users/pmihack/claire/tmem_2026/data/cleaved_tmem_pld3_260821/d14/TMEM_KO/TMEMKO_Plate1_d14_TMEM561LAMP1640MAP2488DAPI405_G8_F1.nd2,16
3,8893,0,0.0,0.0,25.512649536132812,226884.0,,0.0,-0.044306662688723616,True,,KO,G8,1,d14,Plate1,/Users/pmihack/claire/tmem_2026/data/cleaved_tmem_pld3_260821/d14/TMEM_KO/TMEMKO_Plate1_d14_TMEM561LAMP1640MAP2488DAPI405_G8_F1.nd2,16
4,16359,6,0.05452656030319702,1.7340479999999998,979.0940551757812,16017000.0,8.33721542558008,0.0,0.09037692476918067,True,,KO,G8,1,d14,Plate1,/Users/pmihack/claire/tmem_2026/data/cleaved_tmem_pld3_260821/d14/TMEM_KO/TMEMKO_Plate1_d14_TMEM561LAMP1640MAP2488DAPI405_G8_F1.nd2,16
5,10187,1,0.0010798075979189163,0.128304,334.83038330078125,3410917.0,0.5346699190692246,0.0,0.06332882518977674,False,border,KO,G8,1,d14,Plate1,/Users/pmihack/claire/tmem_2026/data/cleaved_tmem_pld3_260821/d14/TMEM_KO/TMEMKO_Plate1_d14_TMEM561LAMP1640MAP2488DAPI405_G8_F1.nd2,16
6,12495,4,0.04905962384953982,1.7875079999999999,812.8692016601562,10156801.0,2.3530933922339154,0.0,0.09161221346040545,True,,KO,G8,1,d14,Plate1,/Users/pmihack/claire/tmem_2026/data/cleaved_tmem_pld3_260821/d14/TMEM_KO/TMEMKO_Plate1_d14_TMEM561LAMP1640MAP2488DAPI405_G8_F1.nd2,16
7,12265,0,0.0,0.0,87.71707916259766,1075850.0,,0.0,-0.05485345221315386,True,,KO,G8,1,d14,Plate1,/Users/pmihack/claire/tmem_2026/data/cleaved_tmem_pld3_260821/d14/TMEM_KO/TMEMKO_Plate1_d14_TMEM561LAMP1640MAP2488DAPI405_G8_F1.nd2,16
8,8767,5,0.008440743697958253,0.17262719999999998,618.0364990234375,5418326.0,22.53647336597091,0.0,-0.023213229226857566,True,,KO,G8,1,d14,Plate1,/Users/pmihack/claire/tmem_2026/data/cleaved_tmem_pld3_260821/d14/TMEM_KO/TMEMKO_Plate1_d14_TMEM561LAMP1640MAP2488DAPI405_G8_F1.nd2,16
9,12706,1,0.0007870297497245396,0.11664,289.21099853515625,3674715.0,3.99709416055051,0.0,0.17295014249960106,True,,KO,G8,1,d14,Plate1,/Users/pmihack/claire/tmem_2026/data/cleaved_tmem_pld3_260821/d14/TMEM_KO/TMEMKO_Plate1_d14_TMEM561LAMP1640MAP2488DAPI405_G8_F1.nd2,16
10,16390,0,0.0,0.0,35.18425750732422,576670.0,,0.0,-0.0477265674409237,True,,KO,G8,1,d14,Plate1,/Users/pmihack/claire/tmem_2026/data/cleaved_tmem_pld3_260821/d14/TMEM_KO/TMEMKO_Plate1_d14_TMEM561LAMP1640MAP2488DAPI405_G8_F1.nd2,16
11,20485,0,0.0,0.0,28.13243865966797,576293.0,,0.0,-0.0160704295490527,True,,KO,G8,1,d14,Plate1,/Users/pmihack/claire/tmem_2026/data/cleaved_tmem_pld3_260821/d14/TMEM_KO/TMEMKO_Plate1_d14_TMEM561LAMP1640MAP2488DAPI405_G8_F1.nd2,16
12,4075,0,0.0,0.0,28.656932830810547,116777.0,,0.0,-0.05251554116231455,True,,KO,G8,1,d14,Plate1,/Users/pmihack/claire/tmem_2026/data/cleaved_tmem_pld3_260821/d14/TMEM_KO/TMEMKO_Plate1_d14_TMEM561LAMP1640MAP2488DAPI405_G8_F1.nd2,16
1,13606,16,0.054755255034543586,0.543105,777.3984985351562,10577284.0,0.8109681478138172,0.0,0.048842808963446185,True,,KO,G8,2,d14,Plate1,/Users/pmihack/claire/tmem_2026/data/cleaved_tmem_pld3_260821/d14/TMEM_KO/TMEMKO_Plate1_d14_TMEM561LAMP1640MAP2488DAPI405_G8_F2.nd2,15
2,13625,9,0.05798165137614679,1.0238399999999999,655.2928466796875,8928365.0,0.9463709396764413,0.0,0.40289678265677814,True,,KO,G8,2,d14,Plate1,/Users/pmihack/claire/tmem_2026/data/cleaved_tmem_pld3_260821/d14/TMEM_KO/TMEMKO_Plate1_d14_TMEM561LAMP1640MAP2488DAPI405_G8_F2.nd2,15
3,348,0,0.0,0.0,16.902297973632812,5882.0,,0.0,-0.06288741591762728,False,size_outlier,KO,G8,2,d14,Plate1,/Users/pmihack/claire/tmem_2026/data/cleaved_tmem_pld3_260821/d14/TMEM_KO/TMEMKO_Plate1_d14_TMEM561LAMP1640MAP2488DAPI405_G8_F2.nd2,15
4,238,0,0.0,0.0,4.9873948097229,1187.0,,0.0,-0.016314226931254536,False,size_outlier,KO,G8,2,d14,Plate1,/Users/pmihack/claire/tmem_2026/data/cleaved_tmem_pld3_260821/d14/TMEM_KO/TMEMKO_Plate1_d14_TMEM561LAMP1640MAP2488DAPI405_G8_F2.nd2,15
5,10877,19,0.02932793968925255,0.19583242105263157,645.008544921875,7015758.0,23.328102604258476,0.0,0.13594601291118674,True,,KO,G8,2,d14,Plate1,/Users/pmihack/claire/tmem_2026/data/cleaved_tmem_pld3_260821/d14/TMEM_KO/TMEMKO_Plate1_d14_TMEM561LAMP1640MAP2488DAPI405_G8_F2.nd2,15
6,9410,8,0.03262486716259299,0.44760599999999995,805.990234375,7584368.0,23.78892551867979,0.0,0.334852677935027,True,,KO,G8,2,d14,Plate1,/Users/pmihack/claire/tmem_2026/data/cleaved_tmem_pld3_260821/d14/TMEM_KO/TMEMKO_Plate1_d14_TMEM561LAMP1640MAP2488DAPI405_G8_F2.nd2,15
7,12715,4,0.003539127015336217,0.13121999999999998,279.2635498046875,3550836.0,1.480799683504371,0.0,0.07889205638667883,True,,KO,G8,2,d14,Plate1,/Users/pmihack/claire/tmem_2026/data/cleaved_tmem_pld3_260821/d14/TMEM_KO/TMEMKO_Plate1_d14_TMEM561LAMP1640MAP2488DAPI405_G8_F2.nd2,15
8,13652,18,0.06006445941986522,0.5313599999999999,893.84228515625,12202735.0,3.258617801730939,0.0006582131027244031,0.05787187765648969,True,,KO,G8,2,d14,Plate1,/Users/pmihack/claire/tmem_2026/data/cleaved_tmem_pld3_260821/d14/TMEM_KO/TMEMKO_Plate1_d14_TMEM561LAMP1640MAP2488DAPI405_G8_F2.nd2,15
9,14268,12,0.05403700588730025,0.749412,715.8633422851562,10213938.0,1.155192266851545,0.0,0.05103380730080149,True,,KO,G8,2,d14,Plate1,/Users/pmihack/claire/tmem_2026/data/cleaved_tmem_pld3_260821/d14/TMEM_KO/TMEMKO_Plate1_d14_TMEM561LAMP1640MAP2488DAPI405_G8_F2.nd2,15
10,10282,13,0.0418206574596382,0.3858092307692308,748.242919921875,7693434.0,0.49443267478599257,0.0,0.10668790124470379,True,,KO,G8,2,d14,Plate1,/Users/pmihack/claire/tmem_2026/data/cleaved_tmem_pld3_260821/d14/TMEM_KO/TMEMKO_Plate1_d14_TMEM561LAMP1640MAP2488DAPI405_G8_F2.nd2,15
11,9985,9,0.04797195793690536,0.6207839999999999,803.2907104492188,8020858.0,22.823359497705503,0.0,0.25359724171547715,True,,KO,G8,2,d14,Plate1,/Users/pmihack/claire/tmem_2026/data/cleaved_tmem_pld3_260821/d14/TMEM_KO/TMEMKO_Plate1_d14_TMEM561LAMP1640MAP2488DAPI405_G8_F2.nd2,15
12,14453,16,0.023040199266588252,0.24275699999999997,568.1185913085938,8211018.0,7.564193376821847,0.0,0.2922047604539064,True,,KO,G8,2,d14,Plate1,/Users/pmihack/claire/tmem_2026/data/cleaved_tmem_pld3_260821/d14/TMEM_KO/TMEMKO_Plate1_d14_TMEM561LAMP1640MAP2488DAPI405_G8_F2.nd2,15
13,10746,12,0.01768099758049507,0.18467999999999998,748.0979614257812,8039061.0,21.528563457359255,0.0,0.21706343905406156,True,,KO,G8,2,d14,Plate1,/Users/pmihack/claire/tmem_2026/data/cleaved_tmem_pld3_260821/d14/TMEM_KO/TMEMKO_Plate1_d14_TMEM561LAMP1640MAP2488DAPI405_G8_F2.nd2,15
14,5520,0,0.0,0.0,11.13985538482666,61492.0,,0.0,-0.006851006714164189,True,,KO,G8,2,d14,Plate1,/Users/pmihack/claire/tmem_2026/data/cleaved_tmem_pld3_260821/d14/TMEM_KO/TMEMKO_Plate1_d14_TMEM561LAMP1640MAP2488DAPI405_G8_F2.nd2,15
15,11973,5,0.008686210640608035,0.2426112,456.83380126953125,5469671.0,8.592677048155547,0.0,0.05947468447021767,True,,KO,G8,2,d14,Plate1,/Users/pmihack/claire/tmem_2026/data/cleaved_tmem_pld3_260821/d14/TMEM_KO/TMEMKO_Plate1_d14_TMEM561LAMP1640MAP2488DAPI405_G8_F2.nd2,15
16,15364,6,0.005727675084613382,0.17107199999999997,475.3504333496094,7303284.0,17.576599953921335,0.00056070665596053,0.10075486228576153,True,,KO,G8,2,d14,Plate1,/Users/pmihack/claire/tmem_2026/data/cleaved_tmem_pld3_260821/d14/TMEM_KO/TMEMKO_Plate1_d14_TMEM561LAMP1640MAP2488DAPI405_G8_F2.nd2,15
17,10730,7,0.017520969245107175,0.31326171428571425,607.0529174804688,6513678.0,14.640472255151646,0.0,0.1174156914895958,False,border,KO,G8,2,d14,Plate1,/Users/pmihack/claire/tmem_2026/data/cleaved_tmem_pld3_260821/d14/TMEM_KO/TMEMKO_Plate1_d14_TMEM561LAMP1640MAP2488DAPI405_G8_F2.nd2,15
1,10962,0,0.0,0.0,293.495361328125,3217296.0,,0.0,0.12768800415083545,True,,KO,G8,3,d14,Plate1,/Users/pmihack/claire/tmem_2026/data/cleaved_tmem_pld3_260821/d14/TMEM_KO/TMEMKO_Plate1_d14_TMEM561LAMP1640MAP2488DAPI405_G8_F3.nd2,15
2,15459,0,0.0,0.0,1233.4923095703125,19068558.0,,0.0,0.24631823921571036,True,,KO,G8,3,d14,Plate1,/Users/pmihack/claire/tmem_2026/data/cleaved_tmem_pld3_260821/d14/TMEM_KO/TMEMKO_Plate1_d14_TMEM561LAMP1640MAP2488DAPI405_G8_F3.nd2,15
3,25414,0,0.0,0.0,206.8831787109375,5257729.0,,6.847062650194857e-06,0.026639364640281795,True,,KO,G8,3,d14,Plate1,/Users/pmihack/claire/tmem_2026/data/cleaved_tmem_pld3_260821/d14/TMEM_KO/TMEMKO_Plate1_d14_TMEM561LAMP1640MAP2488DAPI405_G8_F3.nd2,15
4,14623,0,0.0,0.0,506.83526611328125,7411452.0,,0.0005553567898459733,-0.03152114330340724,True,,KO,G8,3,d14,Plate1,/Users/pmihack/claire/tmem_2026/data/cleaved_tmem_pld3_260821/d14/TMEM_KO/TMEMKO_Plate1_d14_TMEM561LAMP1640MAP2488DAPI405_G8_F3.nd2,15
5,18745,0,0.0,0.0,456.6905212402344,8560664.0,,0.0,0.16196761586579927,True,,KO,G8,3,d14,Plate1,/Users/pmihack/claire/tmem_2026/data/cleaved_tmem_pld3_260821/d14/TMEM_KO/TMEMKO_Plate1_d14_TMEM561LAMP1640MAP2488DAPI405_G8_F3.nd2,15
6,14893,0,0.0,0.0,703.79052734375,10481552.0,,0.0,0.34408427841807915,True,,KO,G8,3,d14,Plate1,/Users/pmihack/claire/tmem_2026/data/cleaved_tmem_pld3_260821/d14/TMEM_KO/TMEMKO_Plate1_d14_TMEM561LAMP1640MAP2488DAPI405_G8_F3.nd2,15
7,14654,0,0.0,0.0,729.6533203125,10692340.0,,0.0,0.2048072392898677,True,,KO,G8,3,d14,Plate1,/Users/pmihack/claire/tmem_2026/data/cleaved_tmem_pld3_260821/d14/TMEM_KO/TMEMKO_Plate1_d14_TMEM561LAMP1640MAP2488DAPI405_G8_F3.nd2,15
8,13619,0,0.0,0.0,812.2205200195312,11061631.0,,0.0,0.17161278111884004,True,,KO,G8,3,d14,Plate1,/Users/pmihack/claire/tmem_2026/data/cleaved_tmem_pld3_260821/d14/TMEM_KO/TMEMKO_Plate1_d14_TMEM561LAMP1640MAP2488DAPI405_G8_F3.nd2,15
9,8455,0,0.0,0.0,409.7138977050781,3464131.0,,0.0,0.1579810793100546,True,,KO,G8,3,d14,Plate1,/Users/pmihack/claire/tmem_2026/data/cleaved_tmem_pld3_260821/d14/TMEM_KO/TMEMKO_Plate1_d14_TMEM561LAMP1640MAP2488DAPI405_G8_F3.nd2,15
10,2859,0,0.0,0.0,845.6834716796875,2417809.0,,0.0,0.2517860472015015,True,,KO,G8,3,d14,Plate1,/Users/pmihack/claire/tmem_2026/data/cleaved_tmem_pld3_260821/d14/TMEM_KO/TMEMKO_Plate1_d14_TMEM561LAMP1640MAP2488DAPI405_G8_F3.nd2,15
11,2059,0,0.0,0.0,303.8839111328125,625697.0,,0.0,-0.020364985059262417,True,,KO,G8,3,d14,Plate1,/Users/pmihack/claire/tmem_2026/data/cleaved_tmem_pld3_260821/d14/TMEM_KO/TMEMKO_Plate1_d14_TMEM561LAMP1640MAP2488DAPI405_G8_F3.nd2,15
12,14859,0,0.0,0.0,623.6951904296875,9267487.0,,0.0,0.14425492043237628,True,,KO,G8,3,d14,Plate1,/Users/pmihack/claire/tmem_2026/data/cleaved_tmem_pld3_260821/d14/TMEM_KO/TMEMKO_Plate1_d14_TMEM561LAMP1640MAP2488DAPI405_G8_F3.nd2,15
13,10901,0,0.0,0.0,515.436767578125,5618776.0,,0.0,0.21387421751815988,True,,KO,G8,3,d14,Plate1,/Users/pmihack/claire/tmem_2026/data/cleaved_tmem_pld3_260821/d14/TMEM_KO/TMEMKO_Plate1_d14_TMEM561LAMP1640MAP2488DAPI405_G8_F3.nd2,15
14,17414,0,0.0,0.0,382.6655578613281,6663738.0,,0.0,0.12897663340624194,True,,KO,G8,3,d14,Plate1,/Users/pmihack/claire/tmem_2026/data/cleaved_tmem_pld3_260821/d14/TMEM_KO/TMEMKO_Plate1_d14_TMEM561LAMP1640MAP2488DAPI405_G8_F3.nd2,15
1,7995,1,0.000375234521575985,0.034991999999999995,324.70794677734375,2596040.0,0.7753051784000664,0.0,0.08817114656757151,True,,KO,G8,4,d14,Plate1,/Users/pmihack/claire/tmem_2026/data/cleaved_tmem_pld3_260821/d14/TMEM_KO/TMEMKO_Plate1_d14_TMEM561LAMP1640MAP2488DAPI405_G8_F4.nd2,15
2,11224,6,0.11528866714183891,2.5155359999999996,988.2936401367188,11092608.0,0.6599669602049366,0.0,0.009577491355420416,True,,KO,G8,4,d14,Plate1,/Users/pmihack/claire/tmem_2026/data/cleaved_tmem_pld3_260821/d14/TMEM_KO/TMEMKO_Plate1_d14_TMEM561LAMP1640MAP2488DAPI405_G8_F4.nd2,15
3,11358,1,0.0007043493572812115,0.09331199999999999,200.52896118164062,2277608.0,0.8707417776291085,0.0,0.04692157743917401,True,,KO,G8,4,d14,Plate1,/Users/pmihack/claire/tmem_2026/data/cleaved_tmem_pld3_260821/d14/TMEM_KO/TMEMKO_Plate1_d14_TMEM561LAMP1640MAP2488DAPI405_G8_F4.nd2,15
4,10734,12,0.06092789267747345,0.6356879999999999,747.1876220703125,8020312.0,0.848169576429036,0.0,-0.044271764914314594,True,,KO,G8,4,d14,Plate1,/Users/pmihack/claire/tmem_2026/data/cleaved_tmem_pld3_260821/d14/TMEM_KO/TMEMKO_Plate1_d14_TMEM561LAMP1640MAP2488DAPI405_G8_F4.nd2,15
5,10444,9,0.12725009574875526,1.7223839999999997,959.2720336914062,10018637.0,1.008089365941574,0.0,-0.05372104297226219,True,,KO,G8,4,d14,Plate1,/Users/pmihack/claire/tmem_2026/data/cleaved_tmem_pld3_260821/d14/TMEM_KO/TMEMKO_Plate1_d14_TMEM561LAMP1640MAP2488DAPI405_G8_F4.nd2,15
6,11118,1,0.0014391077531930203,0.18662399999999998,114.30464172363281,1270839.0,0.6074345138936404,0.0,0.08588182525709419,True,,KO,G8,4,d14,Plate1,/Users/pmihack/claire/tmem_2026/data/cleaved_tmem_pld3_260821/d14/TMEM_KO/TMEMKO_Plate1_d14_TMEM561LAMP1640MAP2488DAPI405_G8_F4.nd2,15
7,10685,0,0.0,0.0,70.96724700927734,758285.0,,0.0,-0.0692120182231606,True,,KO,G8,4,d14,Plate1,/Users/pmihack/claire/tmem_2026/data/cleaved_tmem_pld3_260821/d14/TMEM_KO/TMEMKO_Plate1_d14_TMEM561LAMP1640MAP2488DAPI405_G8_F4.nd2,15
8,13637,1,0.0007332991127080736,0.11664,152.0432586669922,2073414.0,1.0031534180069768,0.0,0.06333977411944217,True,,KO,G8,4,d14,Plate1,/Users/pmihack/claire/tmem_2026/data/cleaved_tmem_pld3_260821/d14/TMEM_KO/TMEMKO_Plate1_d14_TMEM561LAMP1640MAP2488DAPI405_G8_F4.nd2,15
9,11742,1,0.000510986203372509,0.06998399999999999,155.28623962402344,1823371.0,0.49934168556634484,0.0,-0.008218514749596121,True,,KO,G8,4,d14,Plate1,/Users/pmihack/claire/tmem_2026/data/cleaved_tmem_pld3_260821/d14/TMEM_KO/TMEMKO_Plate1_d14_TMEM561LAMP1640MAP2488DAPI405_G8_F4.nd2,15
10,11177,1,0.0033998389549968686,0.44323199999999996,150.05520629882812,1677167.0,0.9347609414528261,0.0,-0.01872405759448124,True,,KO,G8,4,d14,Plate1,/Users/pmihack/claire/tmem_2026/data/cleaved_tmem_pld3_260821/d14/TMEM_KO/TMEMKO_Plate1_d14_TMEM561LAMP1640MAP2488DAPI405_G8_F4.nd2,15
11,13560,3,0.001991150442477876,0.10497599999999999,330.8828125,4486771.0,12.617524308209273,0.0,0.04379480285949484,True,,KO,G8,4,d14,Plate1,/Users/pmihack/claire/tmem_2026/data/cleaved_tmem_pld3_260821/d14/TMEM_KO/TMEMKO_Plate1_d14_TMEM561LAMP1640MAP2488DAPI405_G8_F4.nd2,15
1,4073,0,0.0,0.0,182.8050537109375,744565.0,,0.00014908034063410014,-0.04154653077735735,True,,KO,H8,1,d14,Plate1,/Users/pmihack/claire/tmem_2026/data/cleaved_tmem_pld3_260821/d14/TMEM_KO/TMEMKO_Plate1_d14_TMEM561LAMP1640MAP2488DAPI405_H8_F1.nd2,10
2,5023,0,0.0,0.0,138.13319396972656,693843.0,,0.0,0.1332589772568242,True,,KO,H8,1,d14,Plate1,/Users/pmihack/claire/tmem_2026/data/cleaved_tmem_pld3_260821/d14/TMEM_KO/TMEMKO_Plate1_d14_TMEM561LAMP1640MAP2488DAPI405_H8_F1.nd2,10
3,7521,20,0.05451402738997474,0.239112,1067.0159912109375,8025027.0,0.6166816928474209,0.0010914604645222425,0.0016605073564284463,True,,KO,H8,1,d14,Plate1,/Users/pmihack/claire/tmem_2026/data/cleaved_tmem_pld3_260821/d14/TMEM_KO/TMEMKO_Plate1_d14_TMEM561LAMP1640MAP2488DAPI405_H8_F1.nd2,10
4,12008,3,0.021069287141905396,0.9836639999999999,392.81829833984375,4716962.0,0.9255961905363197,0.0,0.16443056759371433,True,,KO,H8,1,d14,Plate1,/Users/pmihack/claire/tmem_2026/data/cleaved_tmem_pld3_260821/d14/TMEM_KO/TMEMKO_Plate1_d14_TMEM561LAMP1640MAP2488DAPI405_H8_F1.nd2,10
5,8556,17,0.09046283309957924,0.5310550588235294,1055.0694580078125,9027174.0,8.839078369443996,0.0,-0.040622989937075624,False,abnormal_nucleus,KO,H8,1,d14,Plate1,/Users/pmihack/claire/tmem_2026/data/cleaved_tmem_pld3_260821/d14/TMEM_KO/TMEMKO_Plate1_d14_TMEM561LAMP1640MAP2488DAPI405_H8_F1.nd2,10
6,11554,6,0.04916046390860308,1.104192,536.6507568359375,6200463.0,12.105288528025447,0.0,-0.041758301540466496,True,,KO,H8,1,d14,Plate1,/Users/pmihack/claire/tmem_2026/data/cleaved_tmem_pld3_260821/d14/TMEM_KO/TMEMKO_Plate1_d14_TMEM561LAMP1640MAP2488DAPI405_H8_F1.nd2,10
7,8597,5,0.025590322205420495,0.513216,453.3511657714844,3897460.0,14.10643775063822,0.0,-0.04360678272825595,True,,KO,H8,1,d14,Plate1,/Users/pmihack/claire/tmem_2026/data/cleaved_tmem_pld3_260821/d14/TMEM_KO/TMEMKO_Plate1_d14_TMEM561LAMP1640MAP2488DAPI405_H8_F1.nd2,10
8,3453,1,0.0002896032435563278,0.011663999999999999,445.79901123046875,1539344.0,5.465757439306025,0.0,0.16531292553409888,True,,KO,H8,1,d14,Plate1,/Users/pmihack/claire/tmem_2026/data/cleaved_tmem_pld3_260821/d14/TMEM_KO/TMEMKO_Plate1_d14_TMEM561LAMP1640MAP2488DAPI405_H8_F1.nd2,10
9,14531,4,0.008258206592801597,0.34991999999999995,310.61529541015625,4513551.0,0.7217842099227453,0.0,0.14613217992712904,True,,KO,H8,1,d14,Plate1,/Users/pmihack/claire/tmem_2026/data/cleaved_tmem_pld3_260821/d14/TMEM_KO/TMEMKO_Plate1_d14_TMEM561LAMP1640MAP2488DAPI405_H8_F1.nd2,10
10,4305,0,0.0,0.0,104.45597839355469,449683.0,,0.0,0.06598861357776102,True,,KO,H8,1,d14,Plate1,/Users/pmihack/claire/tmem_2026/data/cleaved_tmem_pld3_260821/d14/TMEM_KO/TMEMKO_Plate1_d14_TMEM561LAMP1640MAP2488DAPI405_H8_F1.nd2,10
11,14847,8,0.04445342493433017,0.9622799999999999,561.95751953125,8343383.0,7.359282450392605,0.0,0.021795696573662184,True,,KO,H8,1,d14,Plate1,/Users/pmihack/claire/tmem_2026/data/cleaved_tmem_pld3_260821/d14/TMEM_KO/TMEMKO_Plate1_d14_TMEM561LAMP1640MAP2488DAPI405_H8_F1.nd2,10
12,11565,16,0.04314742758322525,0.36377099999999996,841.0091552734375,9726271.0,1.802733597161632,0.0,0.0022109727357063048,True,,KO,H8,1,d14,Plate1,/Users/pmihack/claire/tmem_2026/data/cleaved_tmem_pld3_260821/d14/TMEM_KO/TMEMKO_Plate1_d14_TMEM561LAMP1640MAP2488DAPI405_H8_F1.nd2,10
13,12182,1,0.0003283533081595797,0.046655999999999996,246.7299346923828,3005664.0,,0.0,-0.01542301601564821,True,,KO,H8,1,d14,Plate1,/Users/pmihack/claire/tmem_2026/data/cleaved_tmem_pld3_260821/d14/TMEM_KO/TMEMKO_Plate1_d14_TMEM561LAMP1640MAP2488DAPI405_H8_F1.nd2,10
1,15626,17,0.147382567515679,1.5801289411764705,951.70556640625,14871351.0,5.450271439760626,0.00027226845850236714,-0.022745981689081818,True,,KO,H8,2,d14,Plate1,/Users/pmihack/claire/tmem_2026/data/cleaved_tmem_pld3_260821/d14/TMEM_KO/TMEMKO_Plate1_d14_TMEM561LAMP1640MAP2488DAPI405_H8_F2.nd2,12
2,10445,6,0.20832934418382001,4.230144,1266.2548828125,13226032.0,11.241054122127725,0.0,0.1798805513571661,True,,KO,H8,2,d14,Plate1,/Users/pmihack/claire/tmem_2026/data/cleaved_tmem_pld3_260821/d14/TMEM_KO/TMEMKO_Plate1_d14_TMEM561LAMP1640MAP2488DAPI405_H8_F2.nd2,12
3,18056,20,0.01899645547186531,0.20003759999999995,294.5762023925781,5318868.0,6.051461242825633,0.0,0.10384832710855495,True,,KO,H8,2,d14,Plate1,/Users/pmihack/claire/tmem_2026/data/cleaved_tmem_pld3_260821/d14/TMEM_KO/TMEMKO_Plate1_d14_TMEM561LAMP1640MAP2488DAPI405_H8_F2.nd2,12
4,16966,14,0.15584109395261111,2.202829714285714,1038.7381591796875,17623232.0,4.488399192497538,0.001007476937957108,-0.025089919590739716,True,,KO,H8,2,d14,Plate1,/Users/pmihack/claire/tmem_2026/data/cleaved_tmem_pld3_260821/d14/TMEM_KO/TMEMKO_Plate1_d14_TMEM561LAMP1640MAP2488DAPI405_H8_F2.nd2,12
5,3625,1,0.0016551724137931034,0.06998399999999999,183.1362762451172,663869.0,14.77556523100357,0.0,-0.052494812015357724,True,,KO,H8,2,d14,Plate1,/Users/pmihack/claire/tmem_2026/data/cleaved_tmem_pld3_260821/d14/TMEM_KO/TMEMKO_Plate1_d14_TMEM561LAMP1640MAP2488DAPI405_H8_F2.nd2,12
6,12367,16,0.03929813212581871,0.354294,584.6173706054688,7229963.0,0.6618060305148256,0.004229758866131306,0.11904522357595151,True,,KO,H8,2,d14,Plate1,/Users/pmihack/claire/tmem_2026/data/cleaved_tmem_pld3_260821/d14/TMEM_KO/TMEMKO_Plate1_d14_TMEM561LAMP1640MAP2488DAPI405_H8_F2.nd2,12
7,11976,0,0.0,0.0,30.483633041381836,365072.0,,0.0,0.021145382017826512,True,,KO,H8,2,d14,Plate1,/Users/pmihack/claire/tmem_2026/data/cleaved_tmem_pld3_260821/d14/TMEM_KO/TMEMKO_Plate1_d14_TMEM561LAMP1640MAP2488DAPI405_H8_F2.nd2,12
8,20258,24,0.12947971171882713,1.274778,866.6987915039062,17557584.0,17.961158511577306,0.0,0.17030735694285862,True,,KO,H8,2,d14,Plate1,/Users/pmihack/claire/tmem_2026/data/cleaved_tmem_pld3_260821/d14/TMEM_KO/TMEMKO_Plate1_d14_TMEM561LAMP1640MAP2488DAPI405_H8_F2.nd2,12
9,12354,18,0.04055366682855755,0.32464799999999994,445.818115234375,5507637.0,14.65146757185234,0.0,0.11196043802280095,True,,KO,H8,2,d14,Plate1,/Users/pmihack/claire/tmem_2026/data/cleaved_tmem_pld3_260821/d14/TMEM_KO/TMEMKO_Plate1_d14_TMEM561LAMP1640MAP2488DAPI405_H8_F2.nd2,12
10,11719,24,0.06058537417868419,0.34506,636.469482421875,7458786.0,10.458744476145093,0.0,0.19696202504812005,True,,KO,H8,2,d14,Plate1,/Users/pmihack/claire/tmem_2026/data/cleaved_tmem_pld3_260821/d14/TMEM_KO/TMEMKO_Plate1_d14_TMEM561LAMP1640MAP2488DAPI405_H8_F2.nd2,12
11,20903,3,0.0005740802755585323,0.046655999999999996,203.66717529296875,4257255.0,10.073421966673862,0.0,0.182181101596526,True,,KO,H8,2,d14,Plate1,/Users/pmihack/claire/tmem_2026/data/cleaved_tmem_pld3_260821/d14/TMEM_KO/TMEMKO_Plate1_d14_TMEM561LAMP1640MAP2488DAPI405_H8_F2.nd2,12
12,7351,0,0.0,0.0,70.06230163574219,515028.0,,0.0,0.07524665524814275,False,border,KO,H8,2,d14,Plate1,/Users/pmihack/claire/tmem_2026/data/cleaved_tmem_pld3_260821/d14/TMEM_KO/TMEMKO_Plate1_d14_TMEM561LAMP1640MAP2488DAPI405_H8_F2.nd2,12
13,16582,7,0.041249547702327825,1.1397394285714284,287.15252685546875,4761563.0,22.12232888029207,0.0,0.14957754826624942,True,,KO,H8,2,d14,Plate1,/Users/pmihack/claire/tmem_2026/data/cleaved_tmem_pld3_260821/d14/TMEM_KO/TMEMKO_Plate1_d14_TMEM561LAMP1640MAP2488DAPI405_H8_F2.nd2,12
14,12021,13,0.06829714666001165,0.7366264615384615,522.7513427734375,6283994.0,,0.0,0.14206670566153112,True,,KO,H8,2,d14,Plate1,/Users/pmihack/claire/tmem_2026/data/cleaved_tmem_pld3_260821/d14/TMEM_KO/TMEMKO_Plate1_d14_TMEM561LAMP1640MAP2488DAPI405_H8_F2.nd2,12
1,22291,9,0.0477322686285945,1.378944,323.97210693359375,7221662.0,0.7887760691847204,0.0,0.06487279120510098,True,,KO,H8,3,d14,Plate1,/Users/pmihack/claire/tmem_2026/data/cleaved_tmem_pld3_260821/d14/TMEM_KO/TMEMKO_Plate1_d14_TMEM561LAMP1640MAP2488DAPI405_H8_F3.nd2,10
2,5109,0,0.0,0.0,11.738892555236816,59974.0,,0.0,0.07444395902234352,True,,KO,H8,3,d14,Plate1,/Users/pmihack/claire/tmem_2026/data/cleaved_tmem_pld3_260821/d14/TMEM_KO/TMEMKO_Plate1_d14_TMEM561LAMP1640MAP2488DAPI405_H8_F3.nd2,10
3,8073,0,0.0,0.0,95.9832763671875,774873.0,,0.0,0.11619485807682425,True,,KO,H8,3,d14,Plate1,/Users/pmihack/claire/tmem_2026/data/cleaved_tmem_pld3_260821/d14/TMEM_KO/TMEMKO_Plate1_d14_TMEM561LAMP1640MAP2488DAPI405_H8_F3.nd2,10
4,5345,0,0.0,0.0,11.807670593261719,63112.0,,0.0,0.12585972050287395,True,,KO,H8,3,d14,Plate1,/Users/pmihack/claire/tmem_2026/data/cleaved_tmem_pld3_260821/d14/TMEM_KO/TMEMKO_Plate1_d14_TMEM561LAMP1640MAP2488DAPI405_H8_F3.nd2,10
5,15308,1,0.0013718317219754378,0.24494399999999997,93.73765563964844,1434936.0,5.468988900239807,0.0,0.023807226362052368,True,,KO,H8,3,d14,Plate1,/Users/pmihack/claire/tmem_2026/data/cleaved_tmem_pld3_260821/d14/TMEM_KO/TMEMKO_Plate1_d14_TMEM561LAMP1640MAP2488DAPI405_H8_F3.nd2,10
6,15000,6,0.1482,4.321511999999999,714.0619506835938,10710929.0,9.368180160470398,0.0,-0.0045799706245616455,True,,KO,H8,3,d14,Plate1,/Users/pmihack/claire/tmem_2026/data/cleaved_tmem_pld3_260821/d14/TMEM_KO/TMEMKO_Plate1_d14_TMEM561LAMP1640MAP2488DAPI405_H8_F3.nd2,10
7,11228,12,0.017812611328820806,0.1944,352.4544982910156,3957359.0,8.292038365168155,0.0,0.13079468897577956,True,,KO,H8,3,d14,Plate1,/Users/pmihack/claire/tmem_2026/data/cleaved_tmem_pld3_260821/d14/TMEM_KO/TMEMKO_Plate1_d14_TMEM561LAMP1640MAP2488DAPI405_H8_F3.nd2,10
8,16390,12,0.016778523489932886,0.2673,220.67486572265625,3616861.0,18.19694064949686,0.0,-0.02560851524153835,True,,KO,H8,3,d14,Plate1,/Users/pmihack/claire/tmem_2026/data/cleaved_tmem_pld3_260821/d14/TMEM_KO/TMEMKO_Plate1_d14_TMEM561LAMP1640MAP2488DAPI405_H8_F3.nd2,10
9,15163,12,0.03884455582668338,0.572508,278.74542236328125,4226617.0,14.606125645445152,0.0,-0.02928883901017033,True,,KO,H8,3,d14,Plate1,/Users/pmihack/claire/tmem_2026/data/cleaved_tmem_pld3_260821/d14/TMEM_KO/TMEMKO_Plate1_d14_TMEM561LAMP1640MAP2488DAPI405_H8_F3.nd2,10
10,15306,14,0.02450019600156801,0.3124285714285714,267.2304992675781,4090230.0,15.552688657405946,0.0,0.0021557477960631845,True,,KO,H8,3,d14,Plate1,/Users/pmihack/claire/tmem_2026/data/cleaved_tmem_pld3_260821/d14/TMEM_KO/TMEMKO_Plate1_d14_TMEM561LAMP1640MAP2488DAPI405_H8_F3.nd2,10
11,3743,0,0.0,0.0,6.633182048797607,24828.0,,0.0,0.13854368971664496,True,,KO,H8,3,d14,Plate1,/Users/pmihack/claire/tmem_2026/data/cleaved_tmem_pld3_260821/d14/TMEM_KO/TMEMKO_Plate1_d14_TMEM561LAMP1640MAP2488DAPI405_H8_F3.nd2,10
12,22687,5,0.14501697007096576,7.674911999999999,712.288818359375,16159696.0,4.331549394234528,0.0,-0.0159779173975615,True,,KO,H8,3,d14,Plate1,/Users/pmihack/claire/tmem_2026/data/cleaved_tmem_pld3_260821/d14/TMEM_KO/TMEMKO_Plate1_d14_TMEM561LAMP1640MAP2488DAPI405_H8_F3.nd2,10
13,9571,0,0.0,0.0,75.82394409179688,725711.0,,0.0,-0.07684810602355559,True,,KO,H8,3,d14,Plate1,/Users/pmihack/claire/tmem_2026/data/cleaved_tmem_pld3_260821/d14/TMEM_KO/TMEMKO_Plate1_d14_TMEM561LAMP1640MAP2488DAPI405_H8_F3.nd2,10
14,10045,0,0.0,0.0,116.91936492919922,1174455.0,,0.0,-0.07567424955662554,True,,KO,H8,3,d14,Plate1,/Users/pmihack/claire/tmem_2026/data/cleaved_tmem_pld3_260821/d14/TMEM_KO/TMEMKO_Plate1_d14_TMEM561LAMP1640MAP2488DAPI405_H8_F3.nd2,10
15,21491,2,0.002326555302219534,0.29159999999999997,105.60224914550781,2269498.0,6.347836392971861,0.0,-0.006992223029765355,True,,KO,H8,3,d14,Plate1,/Users/pmihack/claire/tmem_2026/data/cleaved_tmem_pld3_260821/d14/TMEM_KO/TMEMKO_Plate1_d14_TMEM561LAMP1640MAP2488DAPI405_H8_F3.nd2,10
16,9310,5,0.012567132116004296,0.27293759999999995,196.31814575195312,1827722.0,17.10517070202316,0.0,-0.023456540642418453,True,,KO,H8,3,d14,Plate1,/Users/pmihack/claire/tmem_2026/data/cleaved_tmem_pld3_260821/d14/TMEM_KO/TMEMKO_Plate1_d14_TMEM561LAMP1640MAP2488DAPI405_H8_F3.nd2,10
17,11545,5,0.004071026418362928,0.10964159999999999,176.71009826660156,2040118.0,18.063114553838297,0.0,0.00823617910106684,True,,KO,H8,3,d14,Plate1,/Users/pmihack/claire/tmem_2026/data/cleaved_tmem_pld3_260821/d14/TMEM_KO/TMEMKO_Plate1_d14_TMEM561LAMP1640MAP2488DAPI405_H8_F3.nd2,10
1,7821,9,0.02608362102032988,0.264384,1061.25390625,8300067.0,1.8249086977201132,0.0,0.34617456899989757,False,border,KO,H8,4,d14,Plate1,/Users/pmihack/claire/tmem_2026/data/cleaved_tmem_pld3_260821/d14/TMEM_KO/TMEMKO_Plate1_d14_TMEM561LAMP1640MAP2488DAPI405_H8_F4.nd2,13
2,4089,1,0.001467351430667645,0.06998399999999999,371.0494079589844,1517221.0,48.00579677930282,0.0,0.13217890248118472,True,,KO,H8,4,d14,Plate1,/Users/pmihack/claire/tmem_2026/data/cleaved_tmem_pld3_260821/d14/TMEM_KO/TMEMKO_Plate1_d14_TMEM561LAMP1640MAP2488DAPI405_H8_F4.nd2,13
3,12580,12,0.038314785373608905,0.4685039999999999,815.4201049804688,10257985.0,9.359663544461997,0.0,0.23245196339914392,True,,KO,H8,4,d14,Plate1,/Users/pmihack/claire/tmem_2026/data/cleaved_tmem_pld3_260821/d14/TMEM_KO/TMEMKO_Plate1_d14_TMEM561LAMP1640MAP2488DAPI405_H8_F4.nd2,13
4,6766,0,0.0,0.0,103.63612365722656,701202.0,,0.0114189637824893,0.36198109437421366,True,,KO,H8,4,d14,Plate1,/Users/pmihack/claire/tmem_2026/data/cleaved_tmem_pld3_260821/d14/TMEM_KO/TMEMKO_Plate1_d14_TMEM561LAMP1640MAP2488DAPI405_H8_F4.nd2,13
5,9828,5,0.00814000814000814,0.18662399999999998,458.8136901855469,4509221.0,19.23693053869298,0.0,0.07954483456289439,True,,KO,H8,4,d14,Plate1,/Users/pmihack/claire/tmem_2026/data/cleaved_tmem_pld3_260821/d14/TMEM_KO/TMEMKO_Plate1_d14_TMEM561LAMP1640MAP2488DAPI405_H8_F4.nd2,13
6,11558,2,0.002163003979927323,0.14579999999999999,649.6726684570312,7508917.0,6.2150997188326205,0.0,0.3860301731250405,True,,KO,H8,4,d14,Plate1,/Users/pmihack/claire/tmem_2026/data/cleaved_tmem_pld3_260821/d14/TMEM_KO/TMEMKO_Plate1_d14_TMEM561LAMP1640MAP2488DAPI405_H8_F4.nd2,13
7,5136,1,0.002336448598130841,0.13996799999999998,738.6875,3793899.0,7.543264040121418,0.0,0.23562641048638178,True,,KO,H8,4,d14,Plate1,/Users/pmihack/claire/tmem_2026/data/cleaved_tmem_pld3_260821/d14/TMEM_KO/TMEMKO_Plate1_d14_TMEM561LAMP1640MAP2488DAPI405_H8_F4.nd2,13
8,7921,1,0.0003787400580734756,0.034991999999999995,286.291259765625,2267713.0,18.51153242597256,0.0,0.0310728685045702,True,,KO,H8,4,d14,Plate1,/Users/pmihack/claire/tmem_2026/data/cleaved_tmem_pld3_260821/d14/TMEM_KO/TMEMKO_Plate1_d14_TMEM561LAMP1640MAP2488DAPI405_H8_F4.nd2,13
9,13118,1,0.0012959292575087666,0.198288,536.1696166992188,7033473.0,16.308063292598632,0.0014311564154922962,0.07349984978141502,True,,KO,H8,4,d14,Plate1,/Users/pmihack/claire/tmem_2026/data/cleaved_tmem_pld3_260821/d14/TMEM_KO/TMEMKO_Plate1_d14_TMEM561LAMP1640MAP2488DAPI405_H8_F4.nd2,13
10,9034,2,0.008191277396502104,0.43156799999999995,172.53231811523438,1558657.0,17.128533214417946,0.0,-0.013690834009005394,True,,KO,H8,4,d14,Plate1,/Users/pmihack/claire/tmem_2026/data/cleaved_tmem_pld3_260821/d14/TMEM_KO/TMEMKO_Plate1_d14_TMEM561LAMP1640MAP2488DAPI405_H8_F4.nd2,13
11,14403,5,0.0045823786711101855,0.15396479999999999,637.3280029296875,9179435.0,8.911465317633654,0.0024882794823497534,0.20058233124513258,True,,KO,H8,4,d14,Plate1,/Users/pmihack/claire/tmem_2026/data/cleaved_tmem_pld3_260821/d14/TMEM_KO/TMEMKO_Plate1_d14_TMEM561LAMP1640MAP2488DAPI405_H8_F4.nd2,13
12,9173,2,0.001526218249209637,0.081648,621.838134765625,5704121.0,8.433886683193274,0.0,0.2303534998979923,True,,KO,H8,4,d14,Plate1,/Users/pmihack/claire/tmem_2026/data/cleaved_tmem_pld3_260821/d14/TMEM_KO/TMEMKO_Plate1_d14_TMEM561LAMP1640MAP2488DAPI405_H8_F4.nd2,13
13,8361,10,0.012558306422676713,0.12247199999999998,924.2178955078125,7727386.0,9.475329462667158,0.0,0.102365356362017,True,,KO,H8,4,d14,Plate1,/Users/pmihack/claire/tmem_2026/data/cleaved_tmem_pld3_260821/d14/TMEM_KO/TMEMKO_Plate1_d14_TMEM561LAMP1640MAP2488DAPI405_H8_F4.nd2,13
14,13282,11,0.03817196205390754,0.5376043636363637,831.841796875,11048523.0,20.35276999165659,0.0,0.21440700082570327,False,border,KO,H8,4,d14,Plate1,/Users/pmihack/claire/tmem_2026/data/cleaved_tmem_pld3_260821/d14/TMEM_KO/TMEMKO_Plate1_d14_TMEM561LAMP1640MAP2488DAPI405_H8_F4.nd2,13
15,6732,0,0.0,0.0,380.1595458984375,2559234.0,,0.0,0.40115762016715434,True,,KO,H8,4,d14,Plate1,/Users/pmihack/claire/tmem_2026/data/cleaved_tmem_pld3_260821/d14/TMEM_KO/TMEMKO_Plate1_d14_TMEM561LAMP1640MAP2488DAPI405_H8_F4.nd2,13
16,22216,7,0.017870003601008284,0.6615154285714285,534.6691284179688,11878209.0,5.04500809369446,2.677171323739458e-05,0.08047463401864696,True,,KO,H8,4,d14,Plate1,/Users/pmihack/claire/tmem_2026/data/cleaved_tmem_pld3_260821/d14/TMEM_KO/TMEMKO_Plate1_d14_TMEM561LAMP1640MAP2488DAPI405_H8_F4.nd2,13
17,11644,7,0.056338028169014086,1.0930834285714284,975.3779907226562,11357301.0,14.361970812050087,0.0,0.17440222046829754,True,,KO,H8,4,d14,Plate1,/Users/pmihack/claire/tmem_2026/data/cleaved_tmem_pld3_260821/d14/TMEM_KO/TMEMKO_Plate1_d14_TMEM561LAMP1640MAP2488DAPI405_H8_F4.nd2,13
18,16927,7,0.009865894724404797,0.2782697142857143,611.1819458007812,10345477.0,10.539511896034348,0.0,0.1549397818255081,True,,KO,H8,4,d14,Plate1,/Users/pmihack/claire/tmem_2026/data/cleaved_tmem_pld3_260821/d14/TMEM_KO/TMEMKO_Plate1_d14_TMEM561LAMP1640MAP2488DAPI405_H8_F4.nd2,13
19,15973,0,0.0,0.0,733.544921875,11716913.0,,0.0,0.2599574797566337,True,,KO,H8,4,d14,Plate1,/Users/pmihack/claire/tmem_2026/data/cleaved_tmem_pld3_260821/d14/TMEM_KO/TMEMKO_Plate1_d14_TMEM561LAMP1640MAP2488DAPI405_H8_F4.nd2,13
20,11416,4,0.05001751927119832,1.665036,1039.3519287109375,11865241.0,32.81211487074402,0.0,0.2327241281527081,True,,KO,H8,4,d14,Plate1,/Users/pmihack/claire/tmem_2026/data/cleaved_tmem_pld3_260821/d14/TMEM_KO/TMEMKO_Plate1_d14_TMEM561LAMP1640MAP2488DAPI405_H8_F4.nd2,13
21,5529,3,0.0032555615843733042,0.06998399999999999,706.830322265625,3908065.0,11.743617020769527,0.0,0.2843025763573989,True,,KO,H8,4,d14,Plate1,/Users/pmihack/claire/tmem_2026/data/cleaved_tmem_pld3_260821/d14/TMEM_KO/TMEMKO_Plate1_d14_TMEM561LAMP1640MAP2488DAPI405_H8_F4.nd2,13
22,16940,5,0.0015348288075560802,0.0606528,613.323974609375,10389708.0,23.130915779592744,0.0002663212362676859,0.16693612035763936,True,,KO,H8,4,d14,Plate1,/Users/pmihack/claire/tmem_2026/data/cleaved_tmem_pld3_260821/d14/TMEM_KO/TMEMKO_Plate1_d14_TMEM561LAMP1640MAP2488DAPI405_H8_F4.nd2,13
23,8258,2,0.00871881811576653,0.41990399999999994,963.667724609375,7957968.0,15.52427514877647,0.00025006383657455444,0.00034235810615026714,True,,KO,H8,4,d14,Plate1,/Users/pmihack/claire/tmem_2026/data/cleaved_tmem_pld3_260821/d14/TMEM_KO/TMEMKO_Plate1_d14_TMEM561LAMP1640MAP2488DAPI405_H8_F4.nd2,13
24,8629,3,0.011704716653146367,0.3926879999999999,409.8038024902344,3536197.0,19.224150299372475,0.0,0.07588866000778555,True,,KO,H8,4,d14,Plate1,/Users/pmihack/claire/tmem_2026/data/cleaved_tmem_pld3_260821/d14/TMEM_KO/TMEMKO_Plate1_d14_TMEM561LAMP1640MAP2488DAPI405_H8_F4.nd2,13
25,6906,7,0.016072980017376195,0.18495771428571428,823.4300537109375,5686608.0,25.35001262322763,0.0,0.17872869289527407,True,,KO,H8,4,d14,Plate1,/Users/pmihack/claire/tmem_2026/data/cleaved_tmem_pld3_260821/d14/TMEM_KO/TMEMKO_Plate1_d14_TMEM561LAMP1640MAP2488DAPI405_H8_F4.nd2,13
26,20056,8,0.003988831272437176,0.11664,382.4117431640625,7669650.0,12.585717568100614,1.382070877298247e-05,0.029790721018335964,True,,KO,H8,4,d14,Plate1,/Users/pmihack/claire/tmem_2026/data/cleaved_tmem_pld3_260821/d14/TMEM_KO/TMEMKO_Plate1_d14_TMEM561LAMP1640MAP2488DAPI405_H8_F4.nd2,13
27,28065,4,0.0009620523784072689,0.078732,241.3739471435547,6774160.0,12.165217444146368,0.0,0.22357058137265348,True,,KO,H8,4,d14,Plate1,/Users/pmihack/claire/tmem_2026/data/cleaved_tmem_pld3_260821/d14/TMEM_KO/TMEMKO_Plate1_d14_TMEM561LAMP1640MAP2488DAPI405_H8_F4.nd2,13
28,4836,0,0.0,0.0,166.2179412841797,803830.0,,0.0,0.01192591628102905,True,,KO,H8,4,d14,Plate1,/Users/pmihack/claire/tmem_2026/data/cleaved_tmem_pld3_260821/d14/TMEM_KO/TMEMKO_Plate1_d14_TMEM561LAMP1640MAP2488DAPI405_H8_F4.nd2,13
29,7470,4,0.004685408299866131,0.10206,750.4710693359375,5606019.0,27.869180989604732,0.0,0.12329915487947249,True,,KO,H8,4,d14,Plate1,/Users/pmihack/claire/tmem_2026/data/cleaved_tmem_pld3_260821/d14/TMEM_KO/TMEMKO_Plate1_d14_TMEM561LAMP1640MAP2488DAPI405_H8_F4.nd2,13
30,16518,17,0.02397384671267708,0.2717025882352941,873.121826171875,14422226.0,10.289633540775148,0.0,0.21455156382435708,True,,KO,H8,4,d14,Plate1,/Users/pmihack/claire/tmem_2026/data/cleaved_tmem_pld3_260821/d14/TMEM_KO/TMEMKO_Plate1_d14_TMEM561LAMP1640MAP2488DAPI405_H8_F4.nd2,13
31,8501,0,0.0,0.0,82.14610290527344,698324.0,,0.0,0.08087075023727015,True,,KO,H8,4,d14,Plate1,/Users/pmihack/claire/tmem_2026/data/cleaved_tmem_pld3_260821/d14/TMEM_KO/TMEMKO_Plate1_d14_TMEM561LAMP1640MAP2488DAPI405_H8_F4.nd2,13
32,8101,4,0.006048635970867794,0.14288399999999998,852.6153564453125,6907037.0,15.79867523332008,0.0003522494516801089,-0.031104063193652335,True,,KO,H8,4,d14,Plate1,/Users/pmihack/claire/tmem_2026/data/cleaved_tmem_pld3_260821/d14/TMEM_KO/TMEMKO_Plate1_d14_TMEM561LAMP1640MAP2488DAPI405_H8_F4.nd2,13
1,28553,7,0.002416558680348825,0.11497371428571428,148.63807678222656,4244063.0,7.801539748021899,0.0,0.11698789180504696,True,,Control,C17,1,d14,Plate1,/Users/pmihack/claire/tmem_2026/data/cleaved_tmem_pld3_260821/d14/Z59_PLD_Control/PLD3Control_Plate1_d14_TMEM561LAMP1640MAP2488DAPI405_C17_F1.nd2,10
2,12995,1,0.0010773374374759522,0.163296,137.53036499023438,1787207.0,25.680671918752328,0.0,0.23823592909761698,True,,Control,C17,1,d14,Plate1,/Users/pmihack/claire/tmem_2026/data/cleaved_tmem_pld3_260821/d14/Z59_PLD_Control/PLD3Control_Plate1_d14_TMEM561LAMP1640MAP2488DAPI405_C17_F1.nd2,10
3,20574,12,0.01871293866044522,0.37422,420.3685302734375,8648662.0,8.805204289145871,0.0,0.019016472008492255,True,,Control,C17,1,d14,Plate1,/Users/pmihack/claire/tmem_2026/data/cleaved_tmem_pld3_260821/d14/Z59_PLD_Control/PLD3Control_Plate1_d14_TMEM561LAMP1640MAP2488DAPI405_C17_F1.nd2,10
4,15725,24,0.04470588235294118,0.34165799999999996,784.9232177734375,12342918.0,12.222599241309359,0.0,0.06808462636413308,True,,Control,C17,1,d14,Plate1,/Users/pmihack/claire/tmem_2026/data/cleaved_tmem_pld3_260821/d14/Z59_PLD_Control/PLD3Control_Plate1_d14_TMEM561LAMP1640MAP2488DAPI405_C17_F1.nd2,10
5,12246,5,0.014617017801731177,0.4175711999999999,294.03985595703125,3600812.0,26.518704975779205,0.0,0.10129406862548151,True,,Control,C17,1,d14,Plate1,/Users/pmihack/claire/tmem_2026/data/cleaved_tmem_pld3_260821/d14/Z59_PLD_Control/PLD3Control_Plate1_d14_TMEM561LAMP1640MAP2488DAPI405_C17_F1.nd2,10
6,3255,0,0.0,0.0,13.504454612731934,43957.0,,0.0,-0.017203163035621007,True,,Control,C17,1,d14,Plate1,/Users/pmihack/claire/tmem_2026/data/cleaved_tmem_pld3_260821/d14/Z59_PLD_Control/PLD3Control_Plate1_d14_TMEM561LAMP1640MAP2488DAPI405_C17_F1.nd2,10
7,12091,0,0.0,0.0,122.33554077148438,1479159.0,,0.0,0.12865472948257864,True,,Control,C17,1,d14,Plate1,/Users/pmihack/claire/tmem_2026/data/cleaved_tmem_pld3_260821/d14/Z59_PLD_Control/PLD3Control_Plate1_d14_TMEM561LAMP1640MAP2488DAPI405_C17_F1.nd2,10
8,11458,5,0.004974690172805027,0.1329696,367.6824035644531,4212905.0,14.566952130446152,0.0,0.2776688877546383,True,,Control,C17,1,d14,Plate1,/Users/pmihack/claire/tmem_2026/data/cleaved_tmem_pld3_260821/d14/Z59_PLD_Control/PLD3Control_Plate1_d14_TMEM561LAMP1640MAP2488DAPI405_C17_F1.nd2,10
9,9862,3,0.004157371729872237,0.15940799999999997,251.02130126953125,2475572.0,21.694221715324137,0.0,0.12235736191896049,True,,Control,C17,1,d14,Plate1,/Users/pmihack/claire/tmem_2026/data/cleaved_tmem_pld3_260821/d14/Z59_PLD_Control/PLD3Control_Plate1_d14_TMEM561LAMP1640MAP2488DAPI405_C17_F1.nd2,10
10,8108,2,0.001973359644795264,0.09331199999999999,284.7154541015625,2308473.0,17.08923936458597,0.0,0.3045996962276915,True,,Control,C17,1,d14,Plate1,/Users/pmihack/claire/tmem_2026/data/cleaved_tmem_pld3_260821/d14/Z59_PLD_Control/PLD3Control_Plate1_d14_TMEM561LAMP1640MAP2488DAPI405_C17_F1.nd2,10
11,5514,2,0.00544069640914037,0.17495999999999998,263.2691345214844,1451666.0,27.735263823576496,0.0,0.07081354894430202,True,,Control,C17,1,d14,Plate1,/Users/pmihack/claire/tmem_2026/data/cleaved_tmem_pld3_260821/d14/Z59_PLD_Control/PLD3Control_Plate1_d14_TMEM561LAMP1640MAP2488DAPI405_C17_F1.nd2,10
1,13915,1,0.0011498383039885017,0.18662399999999998,167.32525634765625,2328331.0,18.64874903055144,0.0,0.02986643735977722,True,,Control,C17,2,d14,Plate1,/Users/pmihack/claire/tmem_2026/data/cleaved_tmem_pld3_260821/d14/Z59_PLD_Control/PLD3Control_Plate1_d14_TMEM561LAMP1640MAP2488DAPI405_C17_F2.nd2,14
2,10393,0,0.0,0.0,134.1493377685547,1394214.0,,0.0,0.14028451222209912,True,,Control,C17,2,d14,Plate1,/Users/pmihack/claire/tmem_2026/data/cleaved_tmem_pld3_260821/d14/Z59_PLD_Control/PLD3Control_Plate1_d14_TMEM561LAMP1640MAP2488DAPI405_C17_F2.nd2,14
3,2310,0,0.0,0.0,25.82294464111328,59651.0,,0.0,0.32233498792506643,True,,Control,C17,2,d14,Plate1,/Users/pmihack/claire/tmem_2026/data/cleaved_tmem_pld3_260821/d14/Z59_PLD_Control/PLD3Control_Plate1_d14_TMEM561LAMP1640MAP2488DAPI405_C17_F2.nd2,14
4,14080,0,0.0,0.0,106.28302764892578,1496465.0,,0.0,0.12200331190366406,True,,Control,C17,2,d14,Plate1,/Users/pmihack/claire/tmem_2026/data/cleaved_tmem_pld3_260821/d14/Z59_PLD_Control/PLD3Control_Plate1_d14_TMEM561LAMP1640MAP2488DAPI405_C17_F2.nd2,14
5,10138,1,0.0030578023278753207,0.36158399999999996,253.2665252685547,2567616.0,2.2905765398128675,5.4525287850992754e-05,0.0069474830865358965,False,abnormal_nucleus,Control,C17,2,d14,Plate1,/Users/pmihack/claire/tmem_2026/data/cleaved_tmem_pld3_260821/d14/Z59_PLD_Control/PLD3Control_Plate1_d14_TMEM561LAMP1640MAP2488DAPI405_C17_F2.nd2,14
6,12875,1,0.0001553398058252427,0.023327999999999998,165.78477478027344,2134479.0,0.8293478265832033,0.0,0.051886848648183395,True,,Control,C17,2,d14,Plate1,/Users/pmihack/claire/tmem_2026/data/cleaved_tmem_pld3_260821/d14/Z59_PLD_Control/PLD3Control_Plate1_d14_TMEM561LAMP1640MAP2488DAPI405_C17_F2.nd2,14
7,14124,2,0.0009912206173888418,0.081648,228.8251190185547,3231926.0,22.808061081046333,0.0,0.09820548414875022,True,,Control,C17,2,d14,Plate1,/Users/pmihack/claire/tmem_2026/data/cleaved_tmem_pld3_260821/d14/Z59_PLD_Control/PLD3Control_Plate1_d14_TMEM561LAMP1640MAP2488DAPI405_C17_F2.nd2,14
8,12730,0,0.0,0.0,222.96197509765625,2838306.0,,0.0,0.11148961534482563,True,,Control,C17,2,d14,Plate1,/Users/pmihack/claire/tmem_2026/data/cleaved_tmem_pld3_260821/d14/Z59_PLD_Control/PLD3Control_Plate1_d14_TMEM561LAMP1640MAP2488DAPI405_C17_F2.nd2,14
9,7137,3,0.005604595768530195,0.15552,351.3741149902344,2507757.0,38.56428623976811,4.585771239362657e-05,-0.04101831479649598,True,,Control,C17,2,d14,Plate1,/Users/pmihack/claire/tmem_2026/data/cleaved_tmem_pld3_260821/d14/Z59_PLD_Control/PLD3Control_Plate1_d14_TMEM561LAMP1640MAP2488DAPI405_C17_F2.nd2,14
10,13392,6,0.004330943847072879,0.11275199999999998,402.4938659667969,5390198.0,13.910491730030923,0.00028032364207319915,0.037890516808223786,True,,Control,C17,2,d14,Plate1,/Users/pmihack/claire/tmem_2026/data/cleaved_tmem_pld3_260821/d14/Z59_PLD_Control/PLD3Control_Plate1_d14_TMEM561LAMP1640MAP2488DAPI405_C17_F2.nd2,14
11,8845,1,0.0007914075749010741,0.081648,50.879478454589844,450029.0,20.75894988134079,0.0,0.006871050034772323,True,,Control,C17,2,d14,Plate1,/Users/pmihack/claire/tmem_2026/data/cleaved_tmem_pld3_260821/d14/Z59_PLD_Control/PLD3Control_Plate1_d14_TMEM561LAMP1640MAP2488DAPI405_C17_F2.nd2,14
12,13134,0,0.0,0.0,173.347412109375,2276745.0,,0.0,0.27373332623864066,False,abnormal_nucleus,Control,C17,2,d14,Plate1,/Users/pmihack/claire/tmem_2026/data/cleaved_tmem_pld3_260821/d14/Z59_PLD_Control/PLD3Control_Plate1_d14_TMEM561LAMP1640MAP2488DAPI405_C17_F2.nd2,14
13,8664,1,0.00034626038781163435,0.034991999999999995,164.84799194335938,1428243.0,27.34709872467593,0.0,0.07162080563891866,False,border,Control,C17,2,d14,Plate1,/Users/pmihack/claire/tmem_2026/data/cleaved_tmem_pld3_260821/d14/Z59_PLD_Control/PLD3Control_Plate1_d14_TMEM561LAMP1640MAP2488DAPI405_C17_F2.nd2,14
1,15631,11,0.024438615571620498,0.405058909090909,463.5198669433594,7245279.0,4.3972435317473195,0.0,0.12283728344885139,True,,Control,C17,3,d14,Plate1,/Users/pmihack/claire/tmem_2026/data/cleaved_tmem_pld3_260821/d14/Z59_PLD_Control/PLD3Control_Plate1_d14_TMEM561LAMP1640MAP2488DAPI405_C17_F3.nd2,12
2,16878,6,0.0036734210214480387,0.120528,186.25186157226562,3143559.0,16.075766862296895,0.0,0.03641481221103588,True,,Control,C17,3,d14,Plate1,/Users/pmihack/claire/tmem_2026/data/cleaved_tmem_pld3_260821/d14/Z59_PLD_Control/PLD3Control_Plate1_d14_TMEM561LAMP1640MAP2488DAPI405_C17_F3.nd2,12
3,6580,5,0.008054711246200608,0.12363839999999998,642.7986450195312,4229615.0,17.825967333452642,0.0,0.04537743809938902,True,,Control,C17,3,d14,Plate1,/Users/pmihack/claire/tmem_2026/data/cleaved_tmem_pld3_260821/d14/Z59_PLD_Control/PLD3Control_Plate1_d14_TMEM561LAMP1640MAP2488DAPI405_C17_F3.nd2,12
4,20317,6,0.008515036668799528,0.33631199999999994,291.802734375,5928556.0,6.162947712671025,0.0,0.043072581743310204,True,,Control,C17,3,d14,Plate1,/Users/pmihack/claire/tmem_2026/data/cleaved_tmem_pld3_260821/d14/Z59_PLD_Control/PLD3Control_Plate1_d14_TMEM561LAMP1640MAP2488DAPI405_C17_F3.nd2,12
5,14118,7,0.009916418756197762,0.23328,362.9638671875,5124324.0,7.19013518348841,0.0,0.21446525552641185,True,,Control,C17,3,d14,Plate1,/Users/pmihack/claire/tmem_2026/data/cleaved_tmem_pld3_260821/d14/Z59_PLD_Control/PLD3Control_Plate1_d14_TMEM561LAMP1640MAP2488DAPI405_C17_F3.nd2,12
6,4233,0,0.0,0.0,148.41673278808594,628248.0,,0.0,-0.01953085412111173,True,,Control,C17,3,d14,Plate1,/Users/pmihack/claire/tmem_2026/data/cleaved_tmem_pld3_260821/d14/Z59_PLD_Control/PLD3Control_Plate1_d14_TMEM561LAMP1640MAP2488DAPI405_C17_F3.nd2,12
7,21697,8,0.005208093284785915,0.16475399999999998,189.54029846191406,4112456.0,6.364454387264337,0.0,0.24099698572265274,True,,Control,C17,3,d14,Plate1,/Users/pmihack/claire/tmem_2026/data/cleaved_tmem_pld3_260821/d14/Z59_PLD_Control/PLD3Control_Plate1_d14_TMEM561LAMP1640MAP2488DAPI405_C17_F3.nd2,12
8,16477,17,0.06257207015840262,0.707387294117647,911.1360473632812,15012789.0,1.6046544035976849,0.0,0.05098008797358492,True,,Control,C17,3,d14,Plate1,/Users/pmihack/claire/tmem_2026/data/cleaved_tmem_pld3_260821/d14/Z59_PLD_Control/PLD3Control_Plate1_d14_TMEM561LAMP1640MAP2488DAPI405_C17_F3.nd2,12
9,17095,2,0.000350979818660427,0.034991999999999995,159.6811981201172,2729750.0,6.529110239175501,0.0,0.10471817769136668,True,,Control,C17,3,d14,Plate1,/Users/pmihack/claire/tmem_2026/data/cleaved_tmem_pld3_260821/d14/Z59_PLD_Control/PLD3Control_Plate1_d14_TMEM561LAMP1640MAP2488DAPI405_C17_F3.nd2,12
10,19285,7,0.0035260565206118744,0.11330742857142856,166.7410888671875,3215602.0,14.71036202907804,0.0,0.10806848567321252,True,,Control,C17,3,d14,Plate1,/Users/pmihack/claire/tmem_2026/data/cleaved_tmem_pld3_260821/d14/Z59_PLD_Control/PLD3Control_Plate1_d14_TMEM561LAMP1640MAP2488DAPI405_C17_F3.nd2,12
11,15568,6,0.005716855087358684,0.173016,282.9689025878906,4405260.0,9.065843970979918,0.0006381008424796164,0.054834419508397514,True,,Control,C17,3,d14,Plate1,/Users/pmihack/claire/tmem_2026/data/cleaved_tmem_pld3_260821/d14/Z59_PLD_Control/PLD3Control_Plate1_d14_TMEM561LAMP1640MAP2488DAPI405_C17_F3.nd2,12
12,18114,1,0.0008280887711162637,0.17495999999999998,131.5462646484375,2382829.0,14.195770093678528,0.0,0.12849544393610404,True,,Control,C17,3,d14,Plate1,/Users/pmihack/claire/tmem_2026/data/cleaved_tmem_pld3_260821/d14/Z59_PLD_Control/PLD3Control_Plate1_d14_TMEM561LAMP1640MAP2488DAPI405_C17_F3.nd2,12
13,23179,15,0.016609862375426034,0.299376,367.0682067871094,8508274.0,10.748132872314553,0.0,0.11572191928317686,True,,Control,C17,3,d14,Plate1,/Users/pmihack/claire/tmem_2026/data/cleaved_tmem_pld3_260821/d14/Z59_PLD_Control/PLD3Control_Plate1_d14_TMEM561LAMP1640MAP2488DAPI405_C17_F3.nd2,12
14,11823,10,0.06123657278186585,0.8444736,826.4201049804688,9770765.0,18.686488123924033,0.0,0.1515831242059352,True,,Control,C17,3,d14,Plate1,/Users/pmihack/claire/tmem_2026/data/cleaved_tmem_pld3_260821/d14/Z59_PLD_Control/PLD3Control_Plate1_d14_TMEM561LAMP1640MAP2488DAPI405_C17_F3.nd2,12
15,14921,2,0.0007372160042892567,0.064152,208.42811584472656,3109956.0,11.975159610106349,0.0,0.0012042160081182287,True,,Control,C17,3,d14,Plate1,/Users/pmihack/claire/tmem_2026/data/cleaved_tmem_pld3_260821/d14/Z59_PLD_Control/PLD3Control_Plate1_d14_TMEM561LAMP1640MAP2488DAPI405_C17_F3.nd2,12
16,26549,4,0.0024106369354777958,0.18662399999999998,171.16139221191406,4544164.0,8.136766537908303,0.0,0.03337622299911484,True,,Control,C17,3,d14,Plate1,/Users/pmihack/claire/tmem_2026/data/cleaved_tmem_pld3_260821/d14/Z59_PLD_Control/PLD3Control_Plate1_d14_TMEM561LAMP1640MAP2488DAPI405_C17_F3.nd2,12
17,21583,8,0.004262614094426169,0.13413599999999998,221.5122528076172,4780899.0,9.574514672411107,0.0,0.04543834508566857,True,,Control,C17,3,d14,Plate1,/Users/pmihack/claire/tmem_2026/data/cleaved_tmem_pld3_260821/d14/Z59_PLD_Control/PLD3Control_Plate1_d14_TMEM561LAMP1640MAP2488DAPI405_C17_F3.nd2,12
18,20936,10,0.005015284677111196,0.12247199999999998,219.8890380859375,4603597.0,17.777601335098097,0.00018659322813618928,0.006866061397114356,True,,Control,C17,3,d14,Plate1,/Users/pmihack/claire/tmem_2026/data/cleaved_tmem_pld3_260821/d14/Z59_PLD_Control/PLD3Control_Plate1_d14_TMEM561LAMP1640MAP2488DAPI405_C17_F3.nd2,12
1,6321,0,0.0,0.0,66.77598571777344,422091.0,,0.0,0.058200280009927545,True,,Control,C17,4,d14,Plate1,/Users/pmihack/claire/tmem_2026/data/cleaved_tmem_pld3_260821/d14/Z59_PLD_Control/PLD3Control_Plate1_d14_TMEM561LAMP1640MAP2488DAPI405_C17_F4.nd2,8
2,4326,0,0.0,0.0,42.670135498046875,184591.0,,0.0,0.07414421620464552,True,,Control,C17,4,d14,Plate1,/Users/pmihack/claire/tmem_2026/data/cleaved_tmem_pld3_260821/d14/Z59_PLD_Control/PLD3Control_Plate1_d14_TMEM561LAMP1640MAP2488DAPI405_C17_F4.nd2,8
3,17616,0,0.0,0.0,70.90917205810547,1249136.0,,0.0,-0.04711001764801991,True,,Control,C17,4,d14,Plate1,/Users/pmihack/claire/tmem_2026/data/cleaved_tmem_pld3_260821/d14/Z59_PLD_Control/PLD3Control_Plate1_d14_TMEM561LAMP1640MAP2488DAPI405_C17_F4.nd2,8
4,8955,0,0.0,0.0,3.84209942817688,34406.0,,0.0,-0.004383823654957577,True,,Control,C17,4,d14,Plate1,/Users/pmihack/claire/tmem_2026/data/cleaved_tmem_pld3_260821/d14/Z59_PLD_Control/PLD3Control_Plate1_d14_TMEM561LAMP1640MAP2488DAPI405_C17_F4.nd2,8
5,6677,0,0.0,0.0,12.073685646057129,80616.0,,0.0,0.07040334607564151,True,,Control,C17,4,d14,Plate1,/Users/pmihack/claire/tmem_2026/data/cleaved_tmem_pld3_260821/d14/Z59_PLD_Control/PLD3Control_Plate1_d14_TMEM561LAMP1640MAP2488DAPI405_C17_F4.nd2,8
6,17565,0,0.0,0.0,73.79151916503906,1296148.0,,0.0,-0.1411680922477187,True,,Control,C17,4,d14,Plate1,/Users/pmihack/claire/tmem_2026/data/cleaved_tmem_pld3_260821/d14/Z59_PLD_Control/PLD3Control_Plate1_d14_TMEM561LAMP1640MAP2488DAPI405_C17_F4.nd2,8
7,5504,0,0.0,0.0,39.77707290649414,218933.0,,0.0,-0.10393430878083913,True,,Control,C17,4,d14,Plate1,/Users/pmihack/claire/tmem_2026/data/cleaved_tmem_pld3_260821/d14/Z59_PLD_Control/PLD3Control_Plate1_d14_TMEM561LAMP1640MAP2488DAPI405_C17_F4.nd2,8
8,13302,0,0.0,0.0,52.91444778442383,703868.0,,0.0,-0.01940579544559858,True,,Control,C17,4,d14,Plate1,/Users/pmihack/claire/tmem_2026/data/cleaved_tmem_pld3_260821/d14/Z59_PLD_Control/PLD3Control_Plate1_d14_TMEM561LAMP1640MAP2488DAPI405_C17_F4.nd2,8
9,11095,0,0.0,0.0,28.899864196777344,320644.0,,0.0,-0.01989554344292242,True,,Control,C17,4,d14,Plate1,/Users/pmihack/claire/tmem_2026/data/cleaved_tmem_pld3_260821/d14/Z59_PLD_Control/PLD3Control_Plate1_d14_TMEM561LAMP1640MAP2488DAPI405_C17_F4.nd2,8
10,12256,0,0.0,0.0,45.58208084106445,558654.0,,0.0,-0.017556547520209298,True,,Control,C17,4,d14,Plate1,/Users/pmihack/claire/tmem_2026/data/cleaved_tmem_pld3_260821/d14/Z59_PLD_Control/PLD3Control_Plate1_d14_TMEM561LAMP1640MAP2488DAPI405_C17_F4.nd2,8
11,21601,0,0.0,0.0,44.10221862792969,952652.0,,0.0005552919465117157,-0.02120841184982097,True,,Control,C17,4,d14,Plate1,/Users/pmihack/claire/tmem_2026/data/cleaved_tmem_pld3_260821/d14/Z59_PLD_Control/PLD3Control_Plate1_d14_TMEM561LAMP1640MAP2488DAPI405_C17_F4.nd2,8
12,9482,0,0.0,0.0,44.59175109863281,422819.0,,0.0,-0.015456108110759632,True,,Control,C17,4,d14,Plate1,/Users/pmihack/claire/tmem_2026/data/cleaved_tmem_pld3_260821/d14/Z59_PLD_Control/PLD3Control_Plate1_d14_TMEM561LAMP1640MAP2488DAPI405_C17_F4.nd2,8
13,6441,0,0.0,0.0,5.355224132537842,34493.0,,0.0,0.030748474735385025,True,,Control,C17,4,d14,Plate1,/Users/pmihack/claire/tmem_2026/data/cleaved_tmem_pld3_260821/d14/Z59_PLD_Control/PLD3Control_Plate1_d14_TMEM561LAMP1640MAP2488DAPI405_C17_F4.nd2,8
14,10003,0,0.0,0.0,53.25302505493164,532690.0,,0.0,0.6085648099484922,True,,Control,C17,4,d14,Plate1,/Users/pmihack/claire/tmem_2026/data/cleaved_tmem_pld3_260821/d14/Z59_PLD_Control/PLD3Control_Plate1_d14_TMEM561LAMP1640MAP2488DAPI405_C17_F4.nd2,8
1,12910,7,0.03470178156467854,0.7464959999999999,466.5462341308594,6023112.0,0.7880605394922972,0.0,0.31126392677739273,True,,Control,D17,1,d14,Plate1,/Users/pmihack/claire/tmem_2026/data/cleaved_tmem_pld3_260821/d14/Z59_PLD_Control/PLD3Control_Plate1_d14_TMEM561LAMP1640MAP2488DAPI405_D17_F1.nd2,8
2,7407,5,0.10449574726609964,1.8055872,1240.311279296875,9186986.0,0.321454701594739,0.0,0.4614183054837809,True,,Control,D17,1,d14,Plate1,/Users/pmihack/claire/tmem_2026/data/cleaved_tmem_pld3_260821/d14/Z59_PLD_Control/PLD3Control_Plate1_d14_TMEM561LAMP1640MAP2488DAPI405_D17_F1.nd2,8
3,3104,8,0.06346649484536082,0.287226,1147.4552001953125,3561701.0,37.45929757740248,0.0,0.2719578423574841,True,,Control,D17,1,d14,Plate1,/Users/pmihack/claire/tmem_2026/data/cleaved_tmem_pld3_260821/d14/Z59_PLD_Control/PLD3Control_Plate1_d14_TMEM561LAMP1640MAP2488DAPI405_D17_F1.nd2,8
4,7645,2,0.005232177894048398,0.23328,213.69876098632812,1633727.0,11.586774069150556,0.0,-0.005995432342812832,True,,Control,D17,1,d14,Plate1,/Users/pmihack/claire/tmem_2026/data/cleaved_tmem_pld3_260821/d14/Z59_PLD_Control/PLD3Control_Plate1_d14_TMEM561LAMP1640MAP2488DAPI405_D17_F1.nd2,8
5,11085,6,0.007938655841226883,0.17107199999999997,301.1408996582031,3338147.0,19.75853477943873,0.0,0.17819551308216328,False,abnormal_nucleus,Control,D17,1,d14,Plate1,/Users/pmihack/claire/tmem_2026/data/cleaved_tmem_pld3_260821/d14/Z59_PLD_Control/PLD3Control_Plate1_d14_TMEM561LAMP1640MAP2488DAPI405_D17_F1.nd2,8
1,5426,4,0.09085882786583119,1.4375879999999999,508.11224365234375,2757017.0,37.10124659335771,0.0,0.15328872506404423,True,,Control,D17,2,d14,Plate1,/Users/pmihack/claire/tmem_2026/data/cleaved_tmem_pld3_260821/d14/Z59_PLD_Control/PLD3Control_Plate1_d14_TMEM561LAMP1640MAP2488DAPI405_D17_F2.nd2,9
2,21821,19,0.043444388433160716,0.5819722105263158,353.65252685546875,7717052.0,1.3001627736652377,0.0,0.040336677390498794,True,,Control,D17,2,d14,Plate1,/Users/pmihack/claire/tmem_2026/data/cleaved_tmem_pld3_260821/d14/Z59_PLD_Control/PLD3Control_Plate1_d14_TMEM561LAMP1640MAP2488DAPI405_D17_F2.nd2,9
3,10334,5,0.01374104896458293,0.33125759999999993,140.00213623046875,1446782.0,0.9884077904173997,0.0,0.019524067372374256,True,,Control,D17,2,d14,Plate1,/Users/pmihack/claire/tmem_2026/data/cleaved_tmem_pld3_260821/d14/Z59_PLD_Control/PLD3Control_Plate1_d14_TMEM561LAMP1640MAP2488DAPI405_D17_F2.nd2,9
4,14780,10,0.02692828146143437,0.46422719999999995,238.88870239257812,3530775.0,0.89122343804168,0.0,0.09280568504229615,True,,Control,D17,2,d14,Plate1,/Users/pmihack/claire/tmem_2026/data/cleaved_tmem_pld3_260821/d14/Z59_PLD_Control/PLD3Control_Plate1_d14_TMEM561LAMP1640MAP2488DAPI405_D17_F2.nd2,9
5,12476,8,0.01595062520038474,0.29014199999999996,189.61830139160156,2365678.0,1.4102704962954935,0.0,0.22759737038781802,True,,Control,D17,2,d14,Plate1,/Users/pmihack/claire/tmem_2026/data/cleaved_tmem_pld3_260821/d14/Z59_PLD_Control/PLD3Control_Plate1_d14_TMEM561LAMP1640MAP2488DAPI405_D17_F2.nd2,9
6,8671,6,0.09687463960327529,1.63296,586.4185180664062,5084835.0,1.3928745403462663,0.0,0.1509870471538516,True,,Control,D17,2,d14,Plate1,/Users/pmihack/claire/tmem_2026/data/cleaved_tmem_pld3_260821/d14/Z59_PLD_Control/PLD3Control_Plate1_d14_TMEM561LAMP1640MAP2488DAPI405_D17_F2.nd2,9
7,5756,2,0.009034051424600417,0.303264,67.56167602539062,388885.0,1.0670644624191064,0.0,0.02581514420892099,True,,Control,D17,2,d14,Plate1,/Users/pmihack/claire/tmem_2026/data/cleaved_tmem_pld3_260821/d14/Z59_PLD_Control/PLD3Control_Plate1_d14_TMEM561LAMP1640MAP2488DAPI405_D17_F2.nd2,9
8,15780,12,0.06787072243346008,1.0410119999999998,465.6927795410156,7348632.0,0.8674367383501551,0.0,0.031219644543526097,True,,Control,D17,2,d14,Plate1,/Users/pmihack/claire/tmem_2026/data/cleaved_tmem_pld3_260821/d14/Z59_PLD_Control/PLD3Control_Plate1_d14_TMEM561LAMP1640MAP2488DAPI405_D17_F2.nd2,9
9,21293,12,0.02385760578593904,0.493776,201.03225708007812,4280580.0,0.6638251593850858,0.0,0.04300791785622607,True,,Control,D17,2,d14,Plate1,/Users/pmihack/claire/tmem_2026/data/cleaved_tmem_pld3_260821/d14/Z59_PLD_Control/PLD3Control_Plate1_d14_TMEM561LAMP1640MAP2488DAPI405_D17_F2.nd2,9
10,11329,8,0.06258275222879336,1.0337219999999998,411.2438049316406,4658981.0,0.9090048806312935,0.0,0.09132807858517006,True,,Control,D17,2,d14,Plate1,/Users/pmihack/claire/tmem_2026/data/cleaved_tmem_pld3_260821/d14/Z59_PLD_Control/PLD3Control_Plate1_d14_TMEM561LAMP1640MAP2488DAPI405_D17_F2.nd2,9
11,10927,8,0.009883774137457673,0.157464,180.9107666015625,1976812.0,0.6829015973994582,0.0,0.12072649525175233,True,,Control,D17,2,d14,Plate1,/Users/pmihack/claire/tmem_2026/data/cleaved_tmem_pld3_260821/d14/Z59_PLD_Control/PLD3Control_Plate1_d14_TMEM561LAMP1640MAP2488DAPI405_D17_F2.nd2,9
12,14458,14,0.07635910914372665,0.9197897142857142,462.4970397949219,6686782.0,0.9221311723089125,0.0,0.2582387788326978,True,,Control,D17,2,d14,Plate1,/Users/pmihack/claire/tmem_2026/data/cleaved_tmem_pld3_260821/d14/Z59_PLD_Control/PLD3Control_Plate1_d14_TMEM561LAMP1640MAP2488DAPI405_D17_F2.nd2,9
1,12268,0,0.0,0.0,1.5035865306854248,18446.0,,0.0,0.043679366432320454,True,,Control,D17,3,d14,Plate1,/Users/pmihack/claire/tmem_2026/data/cleaved_tmem_pld3_260821/d14/Z59_PLD_Control/PLD3Control_Plate1_d14_TMEM561LAMP1640MAP2488DAPI405_D17_F3.nd2,11
2,15703,0,0.0,0.0,28.316436767578125,444653.0,,0.0,-0.0436270516818199,True,,Control,D17,3,d14,Plate1,/Users/pmihack/claire/tmem_2026/data/cleaved_tmem_pld3_260821/d14/Z59_PLD_Control/PLD3Control_Plate1_d14_TMEM561LAMP1640MAP2488DAPI405_D17_F3.nd2,11
3,13248,5,0.009133454106280194,0.2822688,216.7806396484375,2871910.0,20.625791875209035,0.0,-0.07101831874539889,True,,Control,D17,3,d14,Plate1,/Users/pmihack/claire/tmem_2026/data/cleaved_tmem_pld3_260821/d14/Z59_PLD_Control/PLD3Control_Plate1_d14_TMEM561LAMP1640MAP2488DAPI405_D17_F3.nd2,11
4,12926,8,0.005802259012842334,0.10934999999999999,293.0367431640625,3787793.0,0.7318864751571758,0.0,-0.0216066227406963,True,,Control,D17,3,d14,Plate1,/Users/pmihack/claire/tmem_2026/data/cleaved_tmem_pld3_260821/d14/Z59_PLD_Control/PLD3Control_Plate1_d14_TMEM561LAMP1640MAP2488DAPI405_D17_F3.nd2,11
5,14670,7,0.13421949556918883,3.280916571428571,699.1893920898438,10257108.0,0.5742616418797126,0.0,-0.002906155093468946,True,,Control,D17,3,d14,Plate1,/Users/pmihack/claire/tmem_2026/data/cleaved_tmem_pld3_260821/d14/Z59_PLD_Control/PLD3Control_Plate1_d14_TMEM561LAMP1640MAP2488DAPI405_D17_F3.nd2,11
6,32573,24,0.04218217542136125,0.6677639999999999,268.61859130859375,8749713.0,2.9279204596334862,0.0,0.023612582542037852,False,abnormal_nucleus,Control,D17,3,d14,Plate1,/Users/pmihack/claire/tmem_2026/data/cleaved_tmem_pld3_260821/d14/Z59_PLD_Control/PLD3Control_Plate1_d14_TMEM561LAMP1640MAP2488DAPI405_D17_F3.nd2,11
7,15940,10,0.14165621079046425,2.6337311999999997,788.1919555664062,12563780.0,12.788116687212217,0.0,-0.05033427489787629,True,,Control,D17,3,d14,Plate1,/Users/pmihack/claire/tmem_2026/data/cleaved_tmem_pld3_260821/d14/Z59_PLD_Control/PLD3Control_Plate1_d14_TMEM561LAMP1640MAP2488DAPI405_D17_F3.nd2,11
8,684,0,0.0,0.0,6.8289475440979,4671.0,,0.0,0.3472422049276312,False,size_outlier,Control,D17,3,d14,Plate1,/Users/pmihack/claire/tmem_2026/data/cleaved_tmem_pld3_260821/d14/Z59_PLD_Control/PLD3Control_Plate1_d14_TMEM561LAMP1640MAP2488DAPI405_D17_F3.nd2,11
9,411,0,0.0,0.0,14.051095008850098,5775.0,,0.0,0.15716606375972622,False,size_outlier,Control,D17,3,d14,Plate1,/Users/pmihack/claire/tmem_2026/data/cleaved_tmem_pld3_260821/d14/Z59_PLD_Control/PLD3Control_Plate1_d14_TMEM561LAMP1640MAP2488DAPI405_D17_F3.nd2,11
10,2798,0,0.0,0.0,17.37955665588379,48628.0,,0.0,-0.001978238440944893,True,,Control,D17,3,d14,Plate1,/Users/pmihack/claire/tmem_2026/data/cleaved_tmem_pld3_260821/d14/Z59_PLD_Control/PLD3Control_Plate1_d14_TMEM561LAMP1640MAP2488DAPI405_D17_F3.nd2,11
11,10238,5,0.020121117405743308,0.4805568,214.99649047851562,2201134.0,5.1965050771724615,0.0,0.006997886416189021,True,,Control,D17,3,d14,Plate1,/Users/pmihack/claire/tmem_2026/data/cleaved_tmem_pld3_260821/d14/Z59_PLD_Control/PLD3Control_Plate1_d14_TMEM561LAMP1640MAP2488DAPI405_D17_F3.nd2,11
12,19280,1,0.0014522821576763486,0.326592,69.14844512939453,1333182.0,,0.003922945354133844,0.1607621207158859,True,,Control,D17,3,d14,Plate1,/Users/pmihack/claire/tmem_2026/data/cleaved_tmem_pld3_260821/d14/Z59_PLD_Control/PLD3Control_Plate1_d14_TMEM561LAMP1640MAP2488DAPI405_D17_F3.nd2,11
13,3406,0,0.0,0.0,17.33470344543457,59042.0,,0.0,0.055886036900096914,True,,Control,D17,3,d14,Plate1,/Users/pmihack/claire/tmem_2026/data/cleaved_tmem_pld3_260821/d14/Z59_PLD_Control/PLD3Control_Plate1_d14_TMEM561LAMP1640MAP2488DAPI405_D17_F3.nd2,11
1,1924,0,0.0,0.0,17.455821990966797,33585.0,,0.0,0.023710799091534417,False,size_outlier,Control,D17,4,d14,Plate1,/Users/pmihack/claire/tmem_2026/data/cleaved_tmem_pld3_260821/d14/Z59_PLD_Control/PLD3Control_Plate1_d14_TMEM561LAMP1640MAP2488DAPI405_D17_F4.nd2,11
2,18007,0,0.0,0.0,52.10295867919922,938218.0,,0.0,-0.057892942127321,True,,Control,D17,4,d14,Plate1,/Users/pmihack/claire/tmem_2026/data/cleaved_tmem_pld3_260821/d14/Z59_PLD_Control/PLD3Control_Plate1_d14_TMEM561LAMP1640MAP2488DAPI405_D17_F4.nd2,11
3,10901,0,0.0,0.0,36.99431228637695,403275.0,,0.00035211702925153077,0.03877579872321788,True,,Control,D17,4,d14,Plate1,/Users/pmihack/claire/tmem_2026/data/cleaved_tmem_pld3_260821/d14/Z59_PLD_Control/PLD3Control_Plate1_d14_TMEM561LAMP1640MAP2488DAPI405_D17_F4.nd2,11
4,24588,1,0.00036603221083455345,0.10497599999999999,34.495689392089844,848180.0,0.7427731778533387,0.0,0.10627689603143024,True,,Control,D17,4,d14,Plate1,/Users/pmihack/claire/tmem_2026/data/cleaved_tmem_pld3_260821/d14/Z59_PLD_Control/PLD3Control_Plate1_d14_TMEM561LAMP1640MAP2488DAPI405_D17_F4.nd2,11
5,4640,0,0.0,0.0,15.7357759475708,73014.0,,0.0,0.0026922024855956113,True,,Control,D17,4,d14,Plate1,/Users/pmihack/claire/tmem_2026/data/cleaved_tmem_pld3_260821/d14/Z59_PLD_Control/PLD3Control_Plate1_d14_TMEM561LAMP1640MAP2488DAPI405_D17_F4.nd2,11
6,12830,0,0.0,0.0,47.92213439941406,614841.0,,0.0,0.01769725731549793,True,,Control,D17,4,d14,Plate1,/Users/pmihack/claire/tmem_2026/data/cleaved_tmem_pld3_260821/d14/Z59_PLD_Control/PLD3Control_Plate1_d14_TMEM561LAMP1640MAP2488DAPI405_D17_F4.nd2,11
7,14277,1,0.0007004272606289837,0.11664,23.127967834472656,330198.0,2.5919450402850894,0.0,0.035719230377856126,True,,Control,D17,4,d14,Plate1,/Users/pmihack/claire/tmem_2026/data/cleaved_tmem_pld3_260821/d14/Z59_PLD_Control/PLD3Control_Plate1_d14_TMEM561LAMP1640MAP2488DAPI405_D17_F4.nd2,11
8,15019,0,0.0,0.0,95.68206787109375,1437049.0,,0.0,-0.029792301906966023,True,,Control,D17,4,d14,Plate1,/Users/pmihack/claire/tmem_2026/data/cleaved_tmem_pld3_260821/d14/Z59_PLD_Control/PLD3Control_Plate1_d14_TMEM561LAMP1640MAP2488DAPI405_D17_F4.nd2,11
9,20643,1,0.0002906554279901177,0.06998399999999999,50.39117431640625,1040225.0,,0.0,-0.02714734719916004,True,,Control,D17,4,d14,Plate1,/Users/pmihack/claire/tmem_2026/data/cleaved_tmem_pld3_260821/d14/Z59_PLD_Control/PLD3Control_Plate1_d14_TMEM561LAMP1640MAP2488DAPI405_D17_F4.nd2,11
10,9109,0,0.0,0.0,2.5924909114837646,23615.0,,0.0,0.10133209639399325,True,,Control,D17,4,d14,Plate1,/Users/pmihack/claire/tmem_2026/data/cleaved_tmem_pld3_260821/d14/Z59_PLD_Control/PLD3Control_Plate1_d14_TMEM561LAMP1640MAP2488DAPI405_D17_F4.nd2,11
11,7506,0,0.0,0.0,29.76498794555664,223416.0,,0.0,0.03552537945118171,True,,Control,D17,4,d14,Plate1,/Users/pmihack/claire/tmem_2026/data/cleaved_tmem_pld3_260821/d14/Z59_PLD_Control/PLD3Control_Plate1_d14_TMEM561LAMP1640MAP2488DAPI405_D17_F4.nd2,11
1,11276,0,0.0,0.0,519.2752075195312,5855347.0,,4.2866802687058225e-05,0.01891137668957982,False,abnormal_nucleus,Control,E17,1,d14,Plate1,/Users/pmihack/claire/tmem_2026/data/cleaved_tmem_pld3_260821/d14/Z59_PLD_Control/PLD3Control_Plate1_d14_TMEM561LAMP1640MAP2488DAPI405_E17_F1.nd2,12
2,4474,0,0.0,0.0,28.350692749023438,126841.0,,0.0,0.04392663355475817,True,,Control,E17,1,d14,Plate1,/Users/pmihack/claire/tmem_2026/data/cleaved_tmem_pld3_260821/d14/Z59_PLD_Control/PLD3Control_Plate1_d14_TMEM561LAMP1640MAP2488DAPI405_E17_F1.nd2,12
3,1366,0,0.0,0.0,41.455345153808594,56628.0,,0.0,-0.06792740707011462,False,size_outlier,Control,E17,1,d14,Plate1,/Users/pmihack/claire/tmem_2026/data/cleaved_tmem_pld3_260821/d14/Z59_PLD_Control/PLD3Control_Plate1_d14_TMEM561LAMP1640MAP2488DAPI405_E17_F1.nd2,12
4,20396,0,0.0,0.0,458.56854248046875,9352964.0,,0.0,0.16363818562651186,False,abnormal_nucleus,Control,E17,1,d14,Plate1,/Users/pmihack/claire/tmem_2026/data/cleaved_tmem_pld3_260821/d14/Z59_PLD_Control/PLD3Control_Plate1_d14_TMEM561LAMP1640MAP2488DAPI405_E17_F1.nd2,12
5,12289,0,0.0,0.0,263.12554931640625,3233550.0,,0.0,0.34054574615789496,False,abnormal_nucleus,Control,E17,1,d14,Plate1,/Users/pmihack/claire/tmem_2026/data/cleaved_tmem_pld3_260821/d14/Z59_PLD_Control/PLD3Control_Plate1_d14_TMEM561LAMP1640MAP2488DAPI405_E17_F1.nd2,12
6,13480,0,0.0,0.0,181.36721801757812,2444830.0,,0.0,0.20056486741419066,True,,Control,E17,1,d14,Plate1,/Users/pmihack/claire/tmem_2026/data/cleaved_tmem_pld3_260821/d14/Z59_PLD_Control/PLD3Control_Plate1_d14_TMEM561LAMP1640MAP2488DAPI405_E17_F1.nd2,12
7,16892,0,0.0,0.0,258.3044738769531,4363279.0,,0.0,0.15079512919070182,True,,Control,E17,1,d14,Plate1,/Users/pmihack/claire/tmem_2026/data/cleaved_tmem_pld3_260821/d14/Z59_PLD_Control/PLD3Control_Plate1_d14_TMEM561LAMP1640MAP2488DAPI405_E17_F1.nd2,12
8,11307,0,0.0,0.0,149.09780883789062,1685849.0,,0.006268651690334082,0.005040974397928099,True,,Control,E17,1,d14,Plate1,/Users/pmihack/claire/tmem_2026/data/cleaved_tmem_pld3_260821/d14/Z59_PLD_Control/PLD3Control_Plate1_d14_TMEM561LAMP1640MAP2488DAPI405_E17_F1.nd2,12
9,15827,0,0.0,0.0,300.73651123046875,4759757.0,,0.0,0.21766534752367725,True,,Control,E17,1,d14,Plate1,/Users/pmihack/claire/tmem_2026/data/cleaved_tmem_pld3_260821/d14/Z59_PLD_Control/PLD3Control_Plate1_d14_TMEM561LAMP1640MAP2488DAPI405_E17_F1.nd2,12
10,11540,0,0.0,0.0,244.247314453125,2818614.0,,0.006870752666145563,0.20958505603218527,True,,Control,E17,1,d14,Plate1,/Users/pmihack/claire/tmem_2026/data/cleaved_tmem_pld3_260821/d14/Z59_PLD_Control/PLD3Control_Plate1_d14_TMEM561LAMP1640MAP2488DAPI405_E17_F1.nd2,12
1,11055,0,0.0,0.0,313.2491149902344,3462969.0,,0.0,0.1302069309082908,True,,Control,E17,2,d14,Plate1,/Users/pmihack/claire/tmem_2026/data/cleaved_tmem_pld3_260821/d14/Z59_PLD_Control/PLD3Control_Plate1_d14_TMEM561LAMP1640MAP2488DAPI405_E17_F2.nd2,14
2,16144,5,0.007866699702675917,0.29626559999999996,347.1315612792969,5604092.0,0.9366655084738246,0.00016095381579361856,0.08195788025016745,True,,Control,E17,2,d14,Plate1,/Users/pmihack/claire/tmem_2026/data/cleaved_tmem_pld3_260821/d14/Z59_PLD_Control/PLD3Control_Plate1_d14_TMEM561LAMP1640MAP2488DAPI405_E17_F2.nd2,14
3,15090,1,0.004108681245858184,0.7231679999999999,244.1338653564453,3683980.0,14.84224837636609,0.0001767110516084358,0.019572922554390703,True,,Control,E17,2,d14,Plate1,/Users/pmihack/claire/tmem_2026/data/cleaved_tmem_pld3_260821/d14/Z59_PLD_Control/PLD3Control_Plate1_d14_TMEM561LAMP1640MAP2488DAPI405_E17_F2.nd2,14
4,10007,0,0.0,0.0,174.4548797607422,1745770.0,,0.0,0.27760012607665,True,,Control,E17,2,d14,Plate1,/Users/pmihack/claire/tmem_2026/data/cleaved_tmem_pld3_260821/d14/Z59_PLD_Control/PLD3Control_Plate1_d14_TMEM561LAMP1640MAP2488DAPI405_E17_F2.nd2,14
5,2689,0,0.0,0.0,129.22647094726562,347490.0,,0.0,0.0678963155175817,True,,Control,E17,2,d14,Plate1,/Users/pmihack/claire/tmem_2026/data/cleaved_tmem_pld3_260821/d14/Z59_PLD_Control/PLD3Control_Plate1_d14_TMEM561LAMP1640MAP2488DAPI405_E17_F2.nd2,14
6,11088,0,0.0,0.0,495.9729309082031,5499348.0,,0.0,0.2395482098079738,True,,Control,E17,2,d14,Plate1,/Users/pmihack/claire/tmem_2026/data/cleaved_tmem_pld3_260821/d14/Z59_PLD_Control/PLD3Control_Plate1_d14_TMEM561LAMP1640MAP2488DAPI405_E17_F2.nd2,14
7,19476,1,0.0003594167180119121,0.081648,159.9844970703125,3115858.0,0.7456379743860152,0.0,0.06892713413624162,True,,Control,E17,2,d14,Plate1,/Users/pmihack/claire/tmem_2026/data/cleaved_tmem_pld3_260821/d14/Z59_PLD_Control/PLD3Control_Plate1_d14_TMEM561LAMP1640MAP2488DAPI405_E17_F2.nd2,14
8,17174,2,0.010946780016303715,1.0964159999999998,388.1271057128906,6665695.0,0.7284465218557145,0.0,0.4815561211089035,True,,Control,E17,2,d14,Plate1,/Users/pmihack/claire/tmem_2026/data/cleaved_tmem_pld3_260821/d14/Z59_PLD_Control/PLD3Control_Plate1_d14_TMEM561LAMP1640MAP2488DAPI405_E17_F2.nd2,14
9,14603,3,0.0008902280353352051,0.05054399999999999,454.4235534667969,6635947.0,0.8752476161503007,0.0,0.35165380123013773,True,,Control,E17,2,d14,Plate1,/Users/pmihack/claire/tmem_2026/data/cleaved_tmem_pld3_260821/d14/Z59_PLD_Control/PLD3Control_Plate1_d14_TMEM561LAMP1640MAP2488DAPI405_E17_F2.nd2,14
10,10153,0,0.0,0.0,225.66867065429688,2291214.0,,0.0,0.24207291193667899,True,,Control,E17,2,d14,Plate1,/Users/pmihack/claire/tmem_2026/data/cleaved_tmem_pld3_260821/d14/Z59_PLD_Control/PLD3Control_Plate1_d14_TMEM561LAMP1640MAP2488DAPI405_E17_F2.nd2,14
11,17739,0,0.0,0.0,96.39816284179688,1710007.0,,0.0,0.12001339707748988,True,,Control,E17,2,d14,Plate1,/Users/pmihack/claire/tmem_2026/data/cleaved_tmem_pld3_260821/d14/Z59_PLD_Control/PLD3Control_Plate1_d14_TMEM561LAMP1640MAP2488DAPI405_E17_F2.nd2,14
12,12987,2,0.002079002079002079,0.157464,537.70703125,6983201.0,0.593982610585523,0.0,0.230381061926519,True,,Control,E17,2,d14,Plate1,/Users/pmihack/claire/tmem_2026/data/cleaved_tmem_pld3_260821/d14/Z59_PLD_Control/PLD3Control_Plate1_d14_TMEM561LAMP1640MAP2488DAPI405_E17_F2.nd2,14
13,17432,3,0.0024667278568150527,0.167184,353.09710693359375,6155189.0,1.419630374513541,0.0,0.09681594225126978,True,,Control,E17,2,d14,Plate1,/Users/pmihack/claire/tmem_2026/data/cleaved_tmem_pld3_260821/d14/Z59_PLD_Control/PLD3Control_Plate1_d14_TMEM561LAMP1640MAP2488DAPI405_E17_F2.nd2,14
14,19120,0,0.0,0.0,140.30831909179688,2682695.0,,0.0,0.15244335364796205,True,,Control,E17,2,d14,Plate1,/Users/pmihack/claire/tmem_2026/data/cleaved_tmem_pld3_260821/d14/Z59_PLD_Control/PLD3Control_Plate1_d14_TMEM561LAMP1640MAP2488DAPI405_E17_F2.nd2,14
15,3575,0,0.0,0.0,24.40419578552246,87245.0,,0.0,0.09425293119729976,True,,Control,E17,2,d14,Plate1,/Users/pmihack/claire/tmem_2026/data/cleaved_tmem_pld3_260821/d14/Z59_PLD_Control/PLD3Control_Plate1_d14_TMEM561LAMP1640MAP2488DAPI405_E17_F2.nd2,14
1,17967,0,0.0,0.0,172.98602294921875,3108040.0,,0.00035874699824489653,0.11983365939635904,True,,Control,E17,3,d14,Plate1,/Users/pmihack/claire/tmem_2026/data/cleaved_tmem_pld3_260821/d14/Z59_PLD_Control/PLD3Control_Plate1_d14_TMEM561LAMP1640MAP2488DAPI405_E17_F3.nd2,14
2,16606,2,0.0012043839576056847,0.11664,312.4244384765625,5188120.0,0.5070222146515743,0.0,0.1377665141061587,True,,Control,E17,3,d14,Plate1,/Users/pmihack/claire/tmem_2026/data/cleaved_tmem_pld3_260821/d14/Z59_PLD_Control/PLD3Control_Plate1_d14_TMEM561LAMP1640MAP2488DAPI405_E17_F3.nd2,14
3,14532,0,0.0,0.0,137.0207061767578,1991185.0,,0.0,0.16341349561947677,True,,Control,E17,3,d14,Plate1,/Users/pmihack/claire/tmem_2026/data/cleaved_tmem_pld3_260821/d14/Z59_PLD_Control/PLD3Control_Plate1_d14_TMEM561LAMP1640MAP2488DAPI405_E17_F3.nd2,14
4,5173,0,0.0,0.0,77.46627044677734,400733.0,,0.0,0.055647107676599625,True,,Control,E17,3,d14,Plate1,/Users/pmihack/claire/tmem_2026/data/cleaved_tmem_pld3_260821/d14/Z59_PLD_Control/PLD3Control_Plate1_d14_TMEM561LAMP1640MAP2488DAPI405_E17_F3.nd2,14
5,13253,2,0.0018109107371915793,0.13996799999999998,407.8202819824219,5404842.0,21.204410353150585,1.7946869775187224e-05,-0.026300984809781894,True,,Control,E17,3,d14,Plate1,/Users/pmihack/claire/tmem_2026/data/cleaved_tmem_pld3_260821/d14/Z59_PLD_Control/PLD3Control_Plate1_d14_TMEM561LAMP1640MAP2488DAPI405_E17_F3.nd2,14
6,16871,1,5.927330922885425e-05,0.011663999999999999,99.96900177001953,1686577.0,22.414482478559968,0.0,0.13755691208546733,True,,Control,E17,3,d14,Plate1,/Users/pmihack/claire/tmem_2026/data/cleaved_tmem_pld3_260821/d14/Z59_PLD_Control/PLD3Control_Plate1_d14_TMEM561LAMP1640MAP2488DAPI405_E17_F3.nd2,14
7,18641,0,0.0,0.0,207.58950805664062,3869676.0,,0.0,0.12521172984012202,True,,Control,E17,3,d14,Plate1,/Users/pmihack/claire/tmem_2026/data/cleaved_tmem_pld3_260821/d14/Z59_PLD_Control/PLD3Control_Plate1_d14_TMEM561LAMP1640MAP2488DAPI405_E17_F3.nd2,14
8,7582,2,0.005803218148245845,0.256608,400.9388122558594,3039918.0,10.558931522819782,0.0,0.1401308121306972,False,border,Control,E17,3,d14,Plate1,/Users/pmihack/claire/tmem_2026/data/cleaved_tmem_pld3_260821/d14/Z59_PLD_Control/PLD3Control_Plate1_d14_TMEM561LAMP1640MAP2488DAPI405_E17_F3.nd2,14
9,22011,2,0.002725909772386534,0.34991999999999995,154.3168487548828,3396668.0,14.380314117251231,0.0,0.05096109981629931,True,,Control,E17,3,d14,Plate1,/Users/pmihack/claire/tmem_2026/data/cleaved_tmem_pld3_260821/d14/Z59_PLD_Control/PLD3Control_Plate1_d14_TMEM561LAMP1640MAP2488DAPI405_E17_F3.nd2,14
10,14659,0,0.0,0.0,71.42533874511719,1047024.0,,0.0,0.0007587779035095354,True,,Control,E17,3,d14,Plate1,/Users/pmihack/claire/tmem_2026/data/cleaved_tmem_pld3_260821/d14/Z59_PLD_Control/PLD3Control_Plate1_d14_TMEM561LAMP1640MAP2488DAPI405_E17_F3.nd2,14
1,19773,8,0.01628483285288019,0.46947599999999995,192.0310516357422,3797030.0,0.5424692200632008,0.00010560885857557878,0.018946820291275604,True,,Control,E17,4,d14,Plate1,/Users/pmihack/claire/tmem_2026/data/cleaved_tmem_pld3_260821/d14/Z59_PLD_Control/PLD3Control_Plate1_d14_TMEM561LAMP1640MAP2488DAPI405_E17_F4.nd2,13
2,17965,21,0.07163929863623712,0.7148365714285714,440.77972412109375,7918608.0,0.7671507217640339,0.005415093153715134,0.04963411415310819,True,,Control,E17,4,d14,Plate1,/Users/pmihack/claire/tmem_2026/data/cleaved_tmem_pld3_260821/d14/Z59_PLD_Control/PLD3Control_Plate1_d14_TMEM561LAMP1640MAP2488DAPI405_E17_F4.nd2,13
3,17334,15,0.05313257182416061,0.7161696,362.0269470214844,6275375.0,6.079360448930563,0.0,0.07881103689217095,True,,Control,E17,4,d14,Plate1,/Users/pmihack/claire/tmem_2026/data/cleaved_tmem_pld3_260821/d14/Z59_PLD_Control/PLD3Control_Plate1_d14_TMEM561LAMP1640MAP2488DAPI405_E17_F4.nd2,13
4,14006,0,0.0,0.0,61.20684051513672,857263.0,,0.0,0.15348436350570854,True,,Control,E17,4,d14,Plate1,/Users/pmihack/claire/tmem_2026/data/cleaved_tmem_pld3_260821/d14/Z59_PLD_Control/PLD3Control_Plate1_d14_TMEM561LAMP1640MAP2488DAPI405_E17_F4.nd2,13
5,20064,24,0.04316188197767145,0.420876,372.35931396484375,7471017.0,0.8305125091954922,0.0,0.18559933335829648,True,,Control,E17,4,d14,Plate1,/Users/pmihack/claire/tmem_2026/data/cleaved_tmem_pld3_260821/d14/Z59_PLD_Control/PLD3Control_Plate1_d14_TMEM561LAMP1640MAP2488DAPI405_E17_F4.nd2,13
6,15564,6,0.011308147005911076,0.34214399999999995,172.45997619628906,2684167.0,0.4691554133759999,0.0,0.12322715730563746,True,,Control,E17,4,d14,Plate1,/Users/pmihack/claire/tmem_2026/data/cleaved_tmem_pld3_260821/d14/Z59_PLD_Control/PLD3Control_Plate1_d14_TMEM561LAMP1640MAP2488DAPI405_E17_F4.nd2,13
7,14972,3,0.0013358268768367619,0.07776,208.4159698486328,3120404.0,1.0578798436195342,0.0,0.3370720237975131,True,,Control,E17,4,d14,Plate1,/Users/pmihack/claire/tmem_2026/data/cleaved_tmem_pld3_260821/d14/Z59_PLD_Control/PLD3Control_Plate1_d14_TMEM561LAMP1640MAP2488DAPI405_E17_F4.nd2,13
8,13158,18,0.060191518467852256,0.513216,429.5553283691406,5652089.0,8.151036915827557,0.0,0.1554634545056763,True,,Control,E17,4,d14,Plate1,/Users/pmihack/claire/tmem_2026/data/cleaved_tmem_pld3_260821/d14/Z59_PLD_Control/PLD3Control_Plate1_d14_TMEM561LAMP1640MAP2488DAPI405_E17_F4.nd2,13
9,13709,6,0.010722882777737253,0.28576799999999997,159.85279846191406,2191422.0,7.069485554449612,0.0,-0.009005623850120024,True,,Control,E17,4,d14,Plate1,/Users/pmihack/claire/tmem_2026/data/cleaved_tmem_pld3_260821/d14/Z59_PLD_Control/PLD3Control_Plate1_d14_TMEM561LAMP1640MAP2488DAPI405_E17_F4.nd2,13
10,13433,6,0.01920643192138763,0.501552,190.91453552246094,2564555.0,19.57186038212094,0.0,0.11591623275525031,True,,Control,E17,4,d14,Plate1,/Users/pmihack/claire/tmem_2026/data/cleaved_tmem_pld3_260821/d14/Z59_PLD_Control/PLD3Control_Plate1_d14_TMEM561LAMP1640MAP2488DAPI405_E17_F4.nd2,13
1,31758,15,0.010705963851627935,0.264384,170.74362182617188,5422476.0,0.6624296594098149,0.0,0.19032022311160407,True,,Control,F17,1,d14,Plate1,/Users/pmihack/claire/tmem_2026/data/cleaved_tmem_pld3_260821/d14/Z59_PLD_Control/PLD3Control_Plate1_d14_TMEM561LAMP1640MAP2488DAPI405_F17_F1.nd2,12
2,4795,0,0.0,0.0,48.38706970214844,232016.0,,0.0,0.024177419611585406,True,,Control,F17,1,d14,Plate1,/Users/pmihack/claire/tmem_2026/data/cleaved_tmem_pld3_260821/d14/Z59_PLD_Control/PLD3Control_Plate1_d14_TMEM561LAMP1640MAP2488DAPI405_F17_F1.nd2,12
3,11774,8,0.020214030915576695,0.347004,484.89520263671875,5709156.0,10.530298367165555,0.0,0.21992387624881798,True,,Control,F17,1,d14,Plate1,/Users/pmihack/claire/tmem_2026/data/cleaved_tmem_pld3_260821/d14/Z59_PLD_Control/PLD3Control_Plate1_d14_TMEM561LAMP1640MAP2488DAPI405_F17_F1.nd2,12
4,3817,0,0.0,0.0,47.305477142333984,180565.0,,0.0014399247011169791,0.021562599977958407,True,,Control,F17,1,d14,Plate1,/Users/pmihack/claire/tmem_2026/data/cleaved_tmem_pld3_260821/d14/Z59_PLD_Control/PLD3Control_Plate1_d14_TMEM561LAMP1640MAP2488DAPI405_F17_F1.nd2,12
5,23750,11,0.05229473684210526,1.3169716363636361,390.1022644042969,9264929.0,8.295675760002512,0.0,0.15463607310050842,True,,Control,F17,1,d14,Plate1,/Users/pmihack/claire/tmem_2026/data/cleaved_tmem_pld3_260821/d14/Z59_PLD_Control/PLD3Control_Plate1_d14_TMEM561LAMP1640MAP2488DAPI405_F17_F1.nd2,12
6,22794,9,0.038036325348776,1.1236319999999997,245.5628204345703,5597359.0,7.591755657344011,0.00028388388454914093,0.02804669757838097,True,,Control,F17,1,d14,Plate1,/Users/pmihack/claire/tmem_2026/data/cleaved_tmem_pld3_260821/d14/Z59_PLD_Control/PLD3Control_Plate1_d14_TMEM561LAMP1640MAP2488DAPI405_F17_F1.nd2,12
7,11402,2,0.001666374320294685,0.11080799999999999,116.17777252197266,1324659.0,5.689882742805257,0.0,0.1766230658234263,True,,Control,F17,1,d14,Plate1,/Users/pmihack/claire/tmem_2026/data/cleaved_tmem_pld3_260821/d14/Z59_PLD_Control/PLD3Control_Plate1_d14_TMEM561LAMP1640MAP2488DAPI405_F17_F1.nd2,12
8,12106,18,0.028333057987774656,0.222264,409.4688720703125,4957030.0,8.148110181831976,0.012429418042302132,0.14528181282442967,True,,Control,F17,1,d14,Plate1,/Users/pmihack/claire/tmem_2026/data/cleaved_tmem_pld3_260821/d14/Z59_PLD_Control/PLD3Control_Plate1_d14_TMEM561LAMP1640MAP2488DAPI405_F17_F1.nd2,12
9,8512,3,0.0017622180451127819,0.05832,197.47792053222656,1680932.0,27.85603935028926,0.0,0.16890636053482416,True,,Control,F17,1,d14,Plate1,/Users/pmihack/claire/tmem_2026/data/cleaved_tmem_pld3_260821/d14/Z59_PLD_Control/PLD3Control_Plate1_d14_TMEM561LAMP1640MAP2488DAPI405_F17_F1.nd2,12
10,16847,0,0.0,0.0,102.94615936279297,1734334.0,,0.0,0.14014863814334108,True,,Control,F17,1,d14,Plate1,/Users/pmihack/claire/tmem_2026/data/cleaved_tmem_pld3_260821/d14/Z59_PLD_Control/PLD3Control_Plate1_d14_TMEM561LAMP1640MAP2488DAPI405_F17_F1.nd2,12
11,24531,9,0.011699482287717581,0.37195199999999995,180.3987274169922,4425361.0,3.6788301072399845,0.0,0.22951587261289677,True,,Control,F17,1,d14,Plate1,/Users/pmihack/claire/tmem_2026/data/cleaved_tmem_pld3_260821/d14/Z59_PLD_Control/PLD3Control_Plate1_d14_TMEM561LAMP1640MAP2488DAPI405_F17_F1.nd2,12
12,13287,5,0.0038383382253330323,0.11897279999999998,111.30232238769531,1478874.0,,0.0,0.09659460172064635,True,,Control,F17,1,d14,Plate1,/Users/pmihack/claire/tmem_2026/data/cleaved_tmem_pld3_260821/d14/Z59_PLD_Control/PLD3Control_Plate1_d14_TMEM561LAMP1640MAP2488DAPI405_F17_F1.nd2,12
1,11682,0,0.0,0.0,182.2830047607422,2129430.0,,0.0,0.20285776650501294,True,,Control,F17,2,d14,Plate1,/Users/pmihack/claire/tmem_2026/data/cleaved_tmem_pld3_260821/d14/Z59_PLD_Control/PLD3Control_Plate1_d14_TMEM561LAMP1640MAP2488DAPI405_F17_F2.nd2,10
2,6247,0,0.0,0.0,123.96046447753906,774381.0,,0.0,-0.008393507541828927,True,,Control,F17,2,d14,Plate1,/Users/pmihack/claire/tmem_2026/data/cleaved_tmem_pld3_260821/d14/Z59_PLD_Control/PLD3Control_Plate1_d14_TMEM561LAMP1640MAP2488DAPI405_F17_F2.nd2,10
3,20745,0,0.0,0.0,295.26922607421875,6125360.0,,0.0,0.0886046902095687,True,,Control,F17,2,d14,Plate1,/Users/pmihack/claire/tmem_2026/data/cleaved_tmem_pld3_260821/d14/Z59_PLD_Control/PLD3Control_Plate1_d14_TMEM561LAMP1640MAP2488DAPI405_F17_F2.nd2,10
4,1047,0,0.0,0.0,34.372493743896484,35988.0,,0.0,8.761172458824098e-05,False,size_outlier,Control,F17,2,d14,Plate1,/Users/pmihack/claire/tmem_2026/data/cleaved_tmem_pld3_260821/d14/Z59_PLD_Control/PLD3Control_Plate1_d14_TMEM561LAMP1640MAP2488DAPI405_F17_F2.nd2,10
5,2784,0,0.0,0.0,110.59662628173828,307901.0,,0.0,-0.043205853626237724,True,,Control,F17,2,d14,Plate1,/Users/pmihack/claire/tmem_2026/data/cleaved_tmem_pld3_260821/d14/Z59_PLD_Control/PLD3Control_Plate1_d14_TMEM561LAMP1640MAP2488DAPI405_F17_F2.nd2,10
6,14230,0,0.0,0.0,478.6056823730469,6810559.0,,0.0,0.252032341569179,True,,Control,F17,2,d14,Plate1,/Users/pmihack/claire/tmem_2026/data/cleaved_tmem_pld3_260821/d14/Z59_PLD_Control/PLD3Control_Plate1_d14_TMEM561LAMP1640MAP2488DAPI405_F17_F2.nd2,10
7,19548,0,0.0,0.0,138.43350219726562,2706098.0,,0.0,0.17265078706961576,True,,Control,F17,2,d14,Plate1,/Users/pmihack/claire/tmem_2026/data/cleaved_tmem_pld3_260821/d14/Z59_PLD_Control/PLD3Control_Plate1_d14_TMEM561LAMP1640MAP2488DAPI405_F17_F2.nd2,10
8,10921,0,0.0,0.0,111.7309799194336,1220214.0,,0.0,0.11781062442224303,True,,Control,F17,2,d14,Plate1,/Users/pmihack/claire/tmem_2026/data/cleaved_tmem_pld3_260821/d14/Z59_PLD_Control/PLD3Control_Plate1_d14_TMEM561LAMP1640MAP2488DAPI405_F17_F2.nd2,10
9,31564,0,0.0,0.0,157.50070190429688,4971352.0,,4.827660450246185e-05,0.060167018088789465,True,,Control,F17,2,d14,Plate1,/Users/pmihack/claire/tmem_2026/data/cleaved_tmem_pld3_260821/d14/Z59_PLD_Control/PLD3Control_Plate1_d14_TMEM561LAMP1640MAP2488DAPI405_F17_F2.nd2,10
10,7663,0,0.0,0.0,212.90838623046875,1631517.0,,0.0,0.1849316242218386,True,,Control,F17,2,d14,Plate1,/Users/pmihack/claire/tmem_2026/data/cleaved_tmem_pld3_260821/d14/Z59_PLD_Control/PLD3Control_Plate1_d14_TMEM561LAMP1640MAP2488DAPI405_F17_F2.nd2,10
11,5818,0,0.0,0.0,196.47885131835938,1143114.0,,0.0,0.20770067614411405,True,,Control,F17,2,d14,Plate1,/Users/pmihack/claire/tmem_2026/data/cleaved_tmem_pld3_260821/d14/Z59_PLD_Control/PLD3Control_Plate1_d14_TMEM561LAMP1640MAP2488DAPI405_F17_F2.nd2,10
12,9162,0,0.0,0.0,310.1511535644531,2841605.0,,0.0,0.08623861968583425,True,,Control,F17,2,d14,Plate1,/Users/pmihack/claire/tmem_2026/data/cleaved_tmem_pld3_260821/d14/Z59_PLD_Control/PLD3Control_Plate1_d14_TMEM561LAMP1640MAP2488DAPI405_F17_F2.nd2,10
1,7156,0,0.0,0.0,6.423281192779541,45965.0,,0.0,-0.004697626220049617,True,,Control,F17,3,d14,Plate1,/Users/pmihack/claire/tmem_2026/data/cleaved_tmem_pld3_260821/d14/Z59_PLD_Control/PLD3Control_Plate1_d14_TMEM561LAMP1640MAP2488DAPI405_F17_F3.nd2,11
2,26384,0,0.0,0.0,55.5718994140625,1466209.0,,0.0,0.07066997500576153,True,,Control,F17,3,d14,Plate1,/Users/pmihack/claire/tmem_2026/data/cleaved_tmem_pld3_260821/d14/Z59_PLD_Control/PLD3Control_Plate1_d14_TMEM561LAMP1640MAP2488DAPI405_F17_F3.nd2,11
3,9196,0,0.0,0.0,56.34112548828125,518113.0,,0.0,0.017457287991022908,True,,Control,F17,3,d14,Plate1,/Users/pmihack/claire/tmem_2026/data/cleaved_tmem_pld3_260821/d14/Z59_PLD_Control/PLD3Control_Plate1_d14_TMEM561LAMP1640MAP2488DAPI405_F17_F3.nd2,11
4,21380,1,0.00028063610851262864,0.06998399999999999,158.9104766845703,3397506.0,3.147298353994399,0.0,0.13144851205847094,True,,Control,F17,3,d14,Plate1,/Users/pmihack/claire/tmem_2026/data/cleaved_tmem_pld3_260821/d14/Z59_PLD_Control/PLD3Control_Plate1_d14_TMEM561LAMP1640MAP2488DAPI405_F17_F3.nd2,11
5,18332,0,0.0,0.0,106.24394226074219,1947664.0,,0.0,0.10650132645864234,True,,Control,F17,3,d14,Plate1,/Users/pmihack/claire/tmem_2026/data/cleaved_tmem_pld3_260821/d14/Z59_PLD_Control/PLD3Control_Plate1_d14_TMEM561LAMP1640MAP2488DAPI405_F17_F3.nd2,11
6,12969,0,0.0,0.0,434.8321533203125,5639338.0,,0.0,0.3029242436525866,True,,Control,F17,3,d14,Plate1,/Users/pmihack/claire/tmem_2026/data/cleaved_tmem_pld3_260821/d14/Z59_PLD_Control/PLD3Control_Plate1_d14_TMEM561LAMP1640MAP2488DAPI405_F17_F3.nd2,11
7,7154,0,0.0,0.0,120.53508758544922,862308.0,,0.0,0.2593971442970498,True,,Control,F17,3,d14,Plate1,/Users/pmihack/claire/tmem_2026/data/cleaved_tmem_pld3_260821/d14/Z59_PLD_Control/PLD3Control_Plate1_d14_TMEM561LAMP1640MAP2488DAPI405_F17_F3.nd2,11
8,13857,0,0.0,0.0,119.28267669677734,1652900.0,,0.0,0.19540874350856988,True,,Control,F17,3,d14,Plate1,/Users/pmihack/claire/tmem_2026/data/cleaved_tmem_pld3_260821/d14/Z59_PLD_Control/PLD3Control_Plate1_d14_TMEM561LAMP1640MAP2488DAPI405_F17_F3.nd2,11
9,13087,0,0.0,0.0,315.6304626464844,4130656.0,,0.0,0.013875248080660343,True,,Control,F17,3,d14,Plate1,/Users/pmihack/claire/tmem_2026/data/cleaved_tmem_pld3_260821/d14/Z59_PLD_Control/PLD3Control_Plate1_d14_TMEM561LAMP1640MAP2488DAPI405_F17_F3.nd2,11
10,10244,1,0.0023428348301444747,0.27993599999999996,370.2064514160156,3792395.0,8.37355686704792,0.0,0.6969122719120736,True,,Control,F17,3,d14,Plate1,/Users/pmihack/claire/tmem_2026/data/cleaved_tmem_pld3_260821/d14/Z59_PLD_Control/PLD3Control_Plate1_d14_TMEM561LAMP1640MAP2488DAPI405_F17_F3.nd2,11
11,15781,0,0.0,0.0,167.0319366455078,2635931.0,,0.0,0.09607828892381859,True,,Control,F17,3,d14,Plate1,/Users/pmihack/claire/tmem_2026/data/cleaved_tmem_pld3_260821/d14/Z59_PLD_Control/PLD3Control_Plate1_d14_TMEM561LAMP1640MAP2488DAPI405_F17_F3.nd2,11
12,11760,0,0.0,0.0,246.846435546875,2902914.0,,0.0,0.08972660451312481,True,,Control,F17,3,d14,Plate1,/Users/pmihack/claire/tmem_2026/data/cleaved_tmem_pld3_260821/d14/Z59_PLD_Control/PLD3Control_Plate1_d14_TMEM561LAMP1640MAP2488DAPI405_F17_F3.nd2,11
1,6417,0,0.0,0.0,77.85382843017578,499588.0,,0.0,-0.027675231171351854,True,,Control,F17,4,d14,Plate1,/Users/pmihack/claire/tmem_2026/data/cleaved_tmem_pld3_260821/d14/Z59_PLD_Control/PLD3Control_Plate1_d14_TMEM561LAMP1640MAP2488DAPI405_F17_F4.nd2,10
2,12857,0,0.0,0.0,249.83712768554688,3212156.0,,0.0,-0.004014604010233767,True,,Control,F17,4,d14,Plate1,/Users/pmihack/claire/tmem_2026/data/cleaved_tmem_pld3_260821/d14/Z59_PLD_Control/PLD3Control_Plate1_d14_TMEM561LAMP1640MAP2488DAPI405_F17_F4.nd2,10
3,10843,0,0.0,0.0,102.97325134277344,1116539.0,,0.0,0.14397484293197235,True,,Control,F17,4,d14,Plate1,/Users/pmihack/claire/tmem_2026/data/cleaved_tmem_pld3_260821/d14/Z59_PLD_Control/PLD3Control_Plate1_d14_TMEM561LAMP1640MAP2488DAPI405_F17_F4.nd2,10
4,7709,0,0.0,0.0,87.9627685546875,678105.0,,0.0,-0.017097027368771656,True,,Control,F17,4,d14,Plate1,/Users/pmihack/claire/tmem_2026/data/cleaved_tmem_pld3_260821/d14/Z59_PLD_Control/PLD3Control_Plate1_d14_TMEM561LAMP1640MAP2488DAPI405_F17_F4.nd2,10
5,11382,0,0.0,0.0,57.873046875,658711.0,,0.0,-0.06369902338903467,True,,Control,F17,4,d14,Plate1,/Users/pmihack/claire/tmem_2026/data/cleaved_tmem_pld3_260821/d14/Z59_PLD_Control/PLD3Control_Plate1_d14_TMEM561LAMP1640MAP2488DAPI405_F17_F4.nd2,10
6,15376,0,0.0,0.0,102.04825592041016,1569094.0,,0.0,-0.020504676218947474,True,,Control,F17,4,d14,Plate1,/Users/pmihack/claire/tmem_2026/data/cleaved_tmem_pld3_260821/d14/Z59_PLD_Control/PLD3Control_Plate1_d14_TMEM561LAMP1640MAP2488DAPI405_F17_F4.nd2,10
7,3985,0,0.0,0.0,15.99874496459961,63755.0,,0.0,0.013222102686996189,True,,Control,F17,4,d14,Plate1,/Users/pmihack/claire/tmem_2026/data/cleaved_tmem_pld3_260821/d14/Z59_PLD_Control/PLD3Control_Plate1_d14_TMEM561LAMP1640MAP2488DAPI405_F17_F4.nd2,10
8,6090,0,0.0,0.0,141.361572265625,860892.0,,0.0,-0.03206949713808073,True,,Control,F17,4,d14,Plate1,/Users/pmihack/claire/tmem_2026/data/cleaved_tmem_pld3_260821/d14/Z59_PLD_Control/PLD3Control_Plate1_d14_TMEM561LAMP1640MAP2488DAPI405_F17_F4.nd2,10
9,1873,0,0.0,0.0,19.722370147705078,36940.0,,0.0,0.06106897892004338,False,size_outlier,Control,F17,4,d14,Plate1,/Users/pmihack/claire/tmem_2026/data/cleaved_tmem_pld3_260821/d14/Z59_PLD_Control/PLD3Control_Plate1_d14_TMEM561LAMP1640MAP2488DAPI405_F17_F4.nd2,10
10,23880,0,0.0,0.0,96.46306610107422,2303538.0,,0.0,0.03770436179305087,True,,Control,F17,4,d14,Plate1,/Users/pmihack/claire/tmem_2026/data/cleaved_tmem_pld3_260821/d14/Z59_PLD_Control/PLD3Control_Plate1_d14_TMEM561LAMP1640MAP2488DAPI405_F17_F4.nd2,10
11,11515,0,0.0,0.0,44.64950180053711,514139.0,,0.0,0.32076067104273703,True,,Control,F17,4,d14,Plate1,/Users/pmihack/claire/tmem_2026/data/cleaved_tmem_pld3_260821/d14/Z59_PLD_Control/PLD3Control_Plate1_d14_TMEM561LAMP1640MAP2488DAPI405_F17_F4.nd2,10
12,15378,0,0.0,0.0,33.34634017944336,512800.0,,0.0,0.021118058612059305,True,,Control,F17,4,d14,Plate1,/Users/pmihack/claire/tmem_2026/data/cleaved_tmem_pld3_260821/d14/Z59_PLD_Control/PLD3Control_Plate1_d14_TMEM561LAMP1640MAP2488DAPI405_F17_F4.nd2,10
13,3609,0,0.0,0.0,35.930728912353516,129674.0,,0.0,-0.04247445825827948,True,,Control,F17,4,d14,Plate1,/Users/pmihack/claire/tmem_2026/data/cleaved_tmem_pld3_260821/d14/Z59_PLD_Control/PLD3Control_Plate1_d14_TMEM561LAMP1640MAP2488DAPI405_F17_F4.nd2,10
14,4999,0,0.0,0.0,47.789756774902344,238901.0,,0.0,0.5811367918396662,True,,Control,F17,4,d14,Plate1,/Users/pmihack/claire/tmem_2026/data/cleaved_tmem_pld3_260821/d14/Z59_PLD_Control/PLD3Control_Plate1_d14_TMEM561LAMP1640MAP2488DAPI405_F17_F4.nd2,10
15,10801,0,0.0,0.0,46.31052780151367,500200.0,,0.0,-0.10080638640347812,True,,Control,F17,4,d14,Plate1,/Users/pmihack/claire/tmem_2026/data/cleaved_tmem_pld3_260821/d14/Z59_PLD_Control/PLD3Control_Plate1_d14_TMEM561LAMP1640MAP2488DAPI405_F17_F4.nd2,10
16,3060,0,0.0,0.0,40.400325775146484,123625.0,,0.0,0.1515106995186746,True,,Control,F17,4,d14,Plate1,/Users/pmihack/claire/tmem_2026/data/cleaved_tmem_pld3_260821/d14/Z59_PLD_Control/PLD3Control_Plate1_d14_TMEM561LAMP1640MAP2488DAPI405_F17_F4.nd2,10
17,14359,0,0.0,0.0,86.07772064208984,1235990.0,,0.0,-0.01910731029629434,True,,Control,F17,4,d14,Plate1,/Users/pmihack/claire/tmem_2026/data/cleaved_tmem_pld3_260821/d14/Z59_PLD_Control/PLD3Control_Plate1_d14_TMEM561LAMP1640MAP2488DAPI405_F17_F4.nd2,10
18,10380,0,0.0,0.0,41.969459533691406,435643.0,,0.0,-0.036313109258993545,True,,Control,F17,4,d14,Plate1,/Users/pmihack/claire/tmem_2026/data/cleaved_tmem_pld3_260821/d14/Z59_PLD_Control/PLD3Control_Plate1_d14_TMEM561LAMP1640MAP2488DAPI405_F17_F4.nd2,10
1,180,0,0.0,0.0,31.094444274902344,5597.0,,0.0,0.20283159270441206,False,size_outlier,Control,G17,1,d14,Plate1,/Users/pmihack/claire/tmem_2026/data/cleaved_tmem_pld3_260821/d14/Z59_PLD_Control/PLD3Control_Plate1_d14_TMEM561LAMP1640MAP2488DAPI405_G17_F1.nd2,10
2,370,0,0.0,0.0,8.14054012298584,3012.0,,0.0,0.49939616532552433,False,size_outlier,Control,G17,1,d14,Plate1,/Users/pmihack/claire/tmem_2026/data/cleaved_tmem_pld3_260821/d14/Z59_PLD_Control/PLD3Control_Plate1_d14_TMEM561LAMP1640MAP2488DAPI405_G17_F1.nd2,10
3,478,0,0.0,0.0,4.89330530166626,2339.0,,0.0,0.39305845376093357,False,size_outlier,Control,G17,1,d14,Plate1,/Users/pmihack/claire/tmem_2026/data/cleaved_tmem_pld3_260821/d14/Z59_PLD_Control/PLD3Control_Plate1_d14_TMEM561LAMP1640MAP2488DAPI405_G17_F1.nd2,10
4,692,0,0.0,0.0,9.738439559936523,6739.0,,0.0,0.29613796276044047,False,size_outlier,Control,G17,1,d14,Plate1,/Users/pmihack/claire/tmem_2026/data/cleaved_tmem_pld3_260821/d14/Z59_PLD_Control/PLD3Control_Plate1_d14_TMEM561LAMP1640MAP2488DAPI405_G17_F1.nd2,10
5,274,0,0.0,0.0,2.7883212566375732,764.0,,0.0,0.18151529845659978,False,size_outlier,Control,G17,1,d14,Plate1,/Users/pmihack/claire/tmem_2026/data/cleaved_tmem_pld3_260821/d14/Z59_PLD_Control/PLD3Control_Plate1_d14_TMEM561LAMP1640MAP2488DAPI405_G17_F1.nd2,10
6,13493,0,0.0,0.0,187.9499053955078,2536008.0,,0.0,0.05990727453551575,True,,Control,G17,1,d14,Plate1,/Users/pmihack/claire/tmem_2026/data/cleaved_tmem_pld3_260821/d14/Z59_PLD_Control/PLD3Control_Plate1_d14_TMEM561LAMP1640MAP2488DAPI405_G17_F1.nd2,10
7,15938,0,0.0,0.0,110.9295425415039,1767995.0,,0.0,0.22559307456088196,True,,Control,G17,1,d14,Plate1,/Users/pmihack/claire/tmem_2026/data/cleaved_tmem_pld3_260821/d14/Z59_PLD_Control/PLD3Control_Plate1_d14_TMEM561LAMP1640MAP2488DAPI405_G17_F1.nd2,10
8,2025,0,0.0,0.0,279.65679931640625,566305.0,,0.0,0.18652195350244066,True,,Control,G17,1,d14,Plate1,/Users/pmihack/claire/tmem_2026/data/cleaved_tmem_pld3_260821/d14/Z59_PLD_Control/PLD3Control_Plate1_d14_TMEM561LAMP1640MAP2488DAPI405_G17_F1.nd2,10
9,14230,0,0.0,0.0,244.16970825195312,3474535.0,,0.0,0.18309419744406855,True,,Control,G17,1,d14,Plate1,/Users/pmihack/claire/tmem_2026/data/cleaved_tmem_pld3_260821/d14/Z59_PLD_Control/PLD3Control_Plate1_d14_TMEM561LAMP1640MAP2488DAPI405_G17_F1.nd2,10
10,11074,0,0.0,0.0,195.7433624267578,2167662.0,,0.0,0.11903997622200944,True,,Control,G17,1,d14,Plate1,/Users/pmihack/claire/tmem_2026/data/cleaved_tmem_pld3_260821/d14/Z59_PLD_Control/PLD3Control_Plate1_d14_TMEM561LAMP1640MAP2488DAPI405_G17_F1.nd2,10
11,4686,0,0.0,0.0,28.93747329711914,135601.0,,0.0,0.08588799750679013,True,,Control,G17,1,d14,Plate1,/Users/pmihack/claire/tmem_2026/data/cleaved_tmem_pld3_260821/d14/Z59_PLD_Control/PLD3Control_Plate1_d14_TMEM561LAMP1640MAP2488DAPI405_G17_F1.nd2,10
12,12192,0,0.0,0.0,156.81126403808594,1911843.0,,0.0,0.1163867708994775,True,,Control,G17,1,d14,Plate1,/Users/pmihack/claire/tmem_2026/data/cleaved_tmem_pld3_260821/d14/Z59_PLD_Control/PLD3Control_Plate1_d14_TMEM561LAMP1640MAP2488DAPI405_G17_F1.nd2,10
13,195,0,0.0,0.0,2.9487178325653076,575.0,,0.0,0.1955970056470439,False,size_outlier,Control,G17,1,d14,Plate1,/Users/pmihack/claire/tmem_2026/data/cleaved_tmem_pld3_260821/d14/Z59_PLD_Control/PLD3Control_Plate1_d14_TMEM561LAMP1640MAP2488DAPI405_G17_F1.nd2,10
14,149,0,0.0,0.0,3.597315549850464,536.0,,0.0,0.03639408330804891,False,size_outlier,Control,G17,1,d14,Plate1,/Users/pmihack/claire/tmem_2026/data/cleaved_tmem_pld3_260821/d14/Z59_PLD_Control/PLD3Control_Plate1_d14_TMEM561LAMP1640MAP2488DAPI405_G17_F1.nd2,10
15,213,0,0.0,0.0,6.079812049865723,1295.0,,0.0,0.15519897643837405,False,size_outlier,Control,G17,1,d14,Plate1,/Users/pmihack/claire/tmem_2026/data/cleaved_tmem_pld3_260821/d14/Z59_PLD_Control/PLD3Control_Plate1_d14_TMEM561LAMP1640MAP2488DAPI405_G17_F1.nd2,10
16,196,0,0.0,0.0,10.163265228271484,1992.0,,0.0,-0.03097362784726591,False,size_outlier,Control,G17,1,d14,Plate1,/Users/pmihack/claire/tmem_2026/data/cleaved_tmem_pld3_260821/d14/Z59_PLD_Control/PLD3Control_Plate1_d14_TMEM561LAMP1640MAP2488DAPI405_G17_F1.nd2,10
17,11283,0,0.0,0.0,152.84091186523438,1724504.0,,0.0,0.040393143907124174,True,,Control,G17,1,d14,Plate1,/Users/pmihack/claire/tmem_2026/data/cleaved_tmem_pld3_260821/d14/Z59_PLD_Control/PLD3Control_Plate1_d14_TMEM561LAMP1640MAP2488DAPI405_G17_F1.nd2,10
18,175,0,0.0,0.0,3.7542858123779297,657.0,,0.0,0.13430586123567703,False,size_outlier,Control,G17,1,d14,Plate1,/Users/pmihack/claire/tmem_2026/data/cleaved_tmem_pld3_260821/d14/Z59_PLD_Control/PLD3Control_Plate1_d14_TMEM561LAMP1640MAP2488DAPI405_G17_F1.nd2,10
19,10948,0,0.0,0.0,169.00694274902344,1850288.0,,0.0,0.07490146819382214,True,,Control,G17,1,d14,Plate1,/Users/pmihack/claire/tmem_2026/data/cleaved_tmem_pld3_260821/d14/Z59_PLD_Control/PLD3Control_Plate1_d14_TMEM561LAMP1640MAP2488DAPI405_G17_F1.nd2,10
20,183,0,0.0,0.0,8.131147384643555,1488.0,,0.0,-0.039071979625658795,False,size_outlier,Control,G17,1,d14,Plate1,/Users/pmihack/claire/tmem_2026/data/cleaved_tmem_pld3_260821/d14/Z59_PLD_Control/PLD3Control_Plate1_d14_TMEM561LAMP1640MAP2488DAPI405_G17_F1.nd2,10
21,131,0,0.0,0.0,1.5114504098892212,198.0,,0.0,0.27294053230474075,False,size_outlier,Control,G17,1,d14,Plate1,/Users/pmihack/claire/tmem_2026/data/cleaved_tmem_pld3_260821/d14/Z59_PLD_Control/PLD3Control_Plate1_d14_TMEM561LAMP1640MAP2488DAPI405_G17_F1.nd2,10
22,2112,0,0.0,0.0,25.10464096069336,53021.0,,0.0,-0.022053132756777838,True,,Control,G17,1,d14,Plate1,/Users/pmihack/claire/tmem_2026/data/cleaved_tmem_pld3_260821/d14/Z59_PLD_Control/PLD3Control_Plate1_d14_TMEM561LAMP1640MAP2488DAPI405_G17_F1.nd2,10
1,16118,2,0.0008065516813500434,0.075816,227.8275146484375,3672124.0,11.62903971778175,0.0,0.1623293119836855,True,,Control,G17,2,d14,Plate1,/Users/pmihack/claire/tmem_2026/data/cleaved_tmem_pld3_260821/d14/Z59_PLD_Control/PLD3Control_Plate1_d14_TMEM561LAMP1640MAP2488DAPI405_G17_F2.nd2,16
2,3375,1,0.003259259259259259,0.128304,126.61214447021484,427316.0,21.547386795494134,0.0,0.22075551856261652,True,,Control,G17,2,d14,Plate1,/Users/pmihack/claire/tmem_2026/data/cleaved_tmem_pld3_260821/d14/Z59_PLD_Control/PLD3Control_Plate1_d14_TMEM561LAMP1640MAP2488DAPI405_G17_F2.nd2,16
3,28868,0,0.0,0.0,219.95074462890625,6349538.0,,0.0,0.20874707166448384,True,,Control,G17,2,d14,Plate1,/Users/pmihack/claire/tmem_2026/data/cleaved_tmem_pld3_260821/d14/Z59_PLD_Control/PLD3Control_Plate1_d14_TMEM561LAMP1640MAP2488DAPI405_G17_F2.nd2,16
4,21751,0,0.0,0.0,200.54820251464844,4362124.0,,0.0,0.21199763672870572,True,,Control,G17,2,d14,Plate1,/Users/pmihack/claire/tmem_2026/data/cleaved_tmem_pld3_260821/d14/Z59_PLD_Control/PLD3Control_Plate1_d14_TMEM561LAMP1640MAP2488DAPI405_G17_F2.nd2,16
5,20491,0,0.0,0.0,128.69679260253906,2637126.0,,0.0,0.09454239281762235,True,,Control,G17,2,d14,Plate1,/Users/pmihack/claire/tmem_2026/data/cleaved_tmem_pld3_260821/d14/Z59_PLD_Control/PLD3Control_Plate1_d14_TMEM561LAMP1640MAP2488DAPI405_G17_F2.nd2,16
6,13862,0,0.0,0.0,183.49740600585938,2543641.0,,0.0,0.24467029415203467,True,,Control,G17,2,d14,Plate1,/Users/pmihack/claire/tmem_2026/data/cleaved_tmem_pld3_260821/d14/Z59_PLD_Control/PLD3Control_Plate1_d14_TMEM561LAMP1640MAP2488DAPI405_G17_F2.nd2,16
7,16212,1,0.0001850481125092524,0.034991999999999995,402.0977783203125,6518809.0,3.297180515288727,0.0,0.10043245841458945,True,,Control,G17,2,d14,Plate1,/Users/pmihack/claire/tmem_2026/data/cleaved_tmem_pld3_260821/d14/Z59_PLD_Control/PLD3Control_Plate1_d14_TMEM561LAMP1640MAP2488DAPI405_G17_F2.nd2,16
8,21428,0,0.0,0.0,198.59898376464844,4255579.0,,0.0,0.17822795939578012,True,,Control,G17,2,d14,Plate1,/Users/pmihack/claire/tmem_2026/data/cleaved_tmem_pld3_260821/d14/Z59_PLD_Control/PLD3Control_Plate1_d14_TMEM561LAMP1640MAP2488DAPI405_G17_F2.nd2,16
9,12027,0,0.0,0.0,440.2810363769531,5295260.0,,0.0,0.08339221526415529,True,,Control,G17,2,d14,Plate1,/Users/pmihack/claire/tmem_2026/data/cleaved_tmem_pld3_260821/d14/Z59_PLD_Control/PLD3Control_Plate1_d14_TMEM561LAMP1640MAP2488DAPI405_G17_F2.nd2,16
10,9182,0,0.0,0.0,112.14898681640625,1029752.0,,0.0,0.2789884169091992,True,,Control,G17,2,d14,Plate1,/Users/pmihack/claire/tmem_2026/data/cleaved_tmem_pld3_260821/d14/Z59_PLD_Control/PLD3Control_Plate1_d14_TMEM561LAMP1640MAP2488DAPI405_G17_F2.nd2,16
11,29290,0,0.0,0.0,148.32362365722656,4344399.0,,0.0,0.022969828025121725,True,,Control,G17,2,d14,Plate1,/Users/pmihack/claire/tmem_2026/data/cleaved_tmem_pld3_260821/d14/Z59_PLD_Control/PLD3Control_Plate1_d14_TMEM561LAMP1640MAP2488DAPI405_G17_F2.nd2,16
12,7937,1,0.0008819453193901979,0.081648,1072.3294677734375,8511079.0,20.11172287994502,0.0,0.12030798213631345,True,,Control,G17,2,d14,Plate1,/Users/pmihack/claire/tmem_2026/data/cleaved_tmem_pld3_260821/d14/Z59_PLD_Control/PLD3Control_Plate1_d14_TMEM561LAMP1640MAP2488DAPI405_G17_F2.nd2,16
13,39492,0,0.0,0.0,290.4559631347656,11470687.0,,0.000886084686499089,0.0558288425076006,True,,Control,G17,2,d14,Plate1,/Users/pmihack/claire/tmem_2026/data/cleaved_tmem_pld3_260821/d14/Z59_PLD_Control/PLD3Control_Plate1_d14_TMEM561LAMP1640MAP2488DAPI405_G17_F2.nd2,16
1,28068,0,0.0,0.0,129.32859802246094,3629995.0,,0.0,0.1231239546181345,True,,Control,G17,3,d14,Plate1,/Users/pmihack/claire/tmem_2026/data/cleaved_tmem_pld3_260821/d14/Z59_PLD_Control/PLD3Control_Plate1_d14_TMEM561LAMP1640MAP2488DAPI405_G17_F3.nd2,11
2,13554,5,0.005607200826324332,0.17729279999999997,433.3517761230469,5873650.0,13.07305505764465,0.0,0.28581668144723354,True,,Control,G17,3,d14,Plate1,/Users/pmihack/claire/tmem_2026/data/cleaved_tmem_pld3_260821/d14/Z59_PLD_Control/PLD3Control_Plate1_d14_TMEM561LAMP1640MAP2488DAPI405_G17_F3.nd2,11
3,12807,8,0.010384945732802374,0.19391399999999998,461.7242126464844,5913302.0,29.108868186393167,0.0,0.10504787458334522,True,,Control,G17,3,d14,Plate1,/Users/pmihack/claire/tmem_2026/data/cleaved_tmem_pld3_260821/d14/Z59_PLD_Control/PLD3Control_Plate1_d14_TMEM561LAMP1640MAP2488DAPI405_G17_F3.nd2,11
4,22900,5,0.002096069868995633,0.11197439999999999,253.68301391601562,5809341.0,16.845616048877076,0.0,0.16114925966375845,True,,Control,G17,3,d14,Plate1,/Users/pmihack/claire/tmem_2026/data/cleaved_tmem_pld3_260821/d14/Z59_PLD_Control/PLD3Control_Plate1_d14_TMEM561LAMP1640MAP2488DAPI405_G17_F3.nd2,11
5,20301,0,0.0,0.0,339.96429443359375,6901615.0,,0.0,0.27017284625112964,True,,Control,G17,3,d14,Plate1,/Users/pmihack/claire/tmem_2026/data/cleaved_tmem_pld3_260821/d14/Z59_PLD_Control/PLD3Control_Plate1_d14_TMEM561LAMP1640MAP2488DAPI405_G17_F3.nd2,11
6,10832,1,0.0005539143279172822,0.06998399999999999,392.7758483886719,4254548.0,26.00037671425317,0.0,0.022248892040915794,True,,Control,G17,3,d14,Plate1,/Users/pmihack/claire/tmem_2026/data/cleaved_tmem_pld3_260821/d14/Z59_PLD_Control/PLD3Control_Plate1_d14_TMEM561LAMP1640MAP2488DAPI405_G17_F3.nd2,11
7,13633,2,0.0008802171202229883,0.06998399999999999,305.5250549316406,4165223.0,16.127312034092554,0.0,0.09656849929661986,True,,Control,G17,3,d14,Plate1,/Users/pmihack/claire/tmem_2026/data/cleaved_tmem_pld3_260821/d14/Z59_PLD_Control/PLD3Control_Plate1_d14_TMEM561LAMP1640MAP2488DAPI405_G17_F3.nd2,11
8,7200,0,0.0,0.0,143.65834045410156,1034340.0,,0.0,0.34533158731943703,True,,Control,G17,3,d14,Plate1,/Users/pmihack/claire/tmem_2026/data/cleaved_tmem_pld3_260821/d14/Z59_PLD_Control/PLD3Control_Plate1_d14_TMEM561LAMP1640MAP2488DAPI405_G17_F3.nd2,11
9,8497,8,0.030716723549488054,0.380538,898.2345581054688,7632299.0,20.556649621465425,0.0,0.06463236766050245,True,,Control,G17,3,d14,Plate1,/Users/pmihack/claire/tmem_2026/data/cleaved_tmem_pld3_260821/d14/Z59_PLD_Control/PLD3Control_Plate1_d14_TMEM561LAMP1640MAP2488DAPI405_G17_F3.nd2,11
10,12841,0,0.0,0.0,232.7677764892578,2988971.0,,0.0,-0.013003204277309298,True,,Control,G17,3,d14,Plate1,/Users/pmihack/claire/tmem_2026/data/cleaved_tmem_pld3_260821/d14/Z59_PLD_Control/PLD3Control_Plate1_d14_TMEM561LAMP1640MAP2488DAPI405_G17_F3.nd2,11
11,7227,0,0.0,0.0,9.794520378112793,70785.0,,0.0,0.01589468257215894,True,,Control,G17,3,d14,Plate1,/Users/pmihack/claire/tmem_2026/data/cleaved_tmem_pld3_260821/d14/Z59_PLD_Control/PLD3Control_Plate1_d14_TMEM561LAMP1640MAP2488DAPI405_G17_F3.nd2,11
12,19131,0,0.0,0.0,253.6371307373047,4852332.0,,0.0,0.13712468980523437,True,,Control,G17,3,d14,Plate1,/Users/pmihack/claire/tmem_2026/data/cleaved_tmem_pld3_260821/d14/Z59_PLD_Control/PLD3Control_Plate1_d14_TMEM561LAMP1640MAP2488DAPI405_G17_F3.nd2,11
13,8270,1,0.00036275695284159615,0.034991999999999995,213.55792236328125,1766124.0,19.606041563729733,0.0,0.2132342713829452,True,,Control,G17,3,d14,Plate1,/Users/pmihack/claire/tmem_2026/data/cleaved_tmem_pld3_260821/d14/Z59_PLD_Control/PLD3Control_Plate1_d14_TMEM561LAMP1640MAP2488DAPI405_G17_F3.nd2,11
14,12158,1,0.0003290014805066623,0.046655999999999996,341.7880554199219,4155459.0,16.66986941684156,0.0,0.09920536485348957,True,,Control,G17,3,d14,Plate1,/Users/pmihack/claire/tmem_2026/data/cleaved_tmem_pld3_260821/d14/Z59_PLD_Control/PLD3Control_Plate1_d14_TMEM561LAMP1640MAP2488DAPI405_G17_F3.nd2,11
1,14109,10,0.08242965483025019,1.3565231999999998,550.502685546875,7767042.0,20.375354802842637,0.0,0.15902437009276696,True,,Control,G17,4,d14,Plate1,/Users/pmihack/claire/tmem_2026/data/cleaved_tmem_pld3_260821/d14/Z59_PLD_Control/PLD3Control_Plate1_d14_TMEM561LAMP1640MAP2488DAPI405_G17_F4.nd2,12
2,13684,11,0.09383221280327389,1.361506909090909,533.3057861328125,7297756.0,23.98746363898587,0.0,0.2079996971402067,True,,Control,G17,4,d14,Plate1,/Users/pmihack/claire/tmem_2026/data/cleaved_tmem_pld3_260821/d14/Z59_PLD_Control/PLD3Control_Plate1_d14_TMEM561LAMP1640MAP2488DAPI405_G17_F4.nd2,12
3,16056,17,0.056552067762830095,0.6229948235294117,443.1659851074219,7115473.0,1.2569819148385708,0.0,0.03072020878537731,True,,Control,G17,4,d14,Plate1,/Users/pmihack/claire/tmem_2026/data/cleaved_tmem_pld3_260821/d14/Z59_PLD_Control/PLD3Control_Plate1_d14_TMEM561LAMP1640MAP2488DAPI405_G17_F4.nd2,12
4,25590,11,0.020085971082454083,0.545026909090909,180.2790985107422,4613342.0,0.8698526598358154,0.0,0.1695930235137021,True,,Control,G17,4,d14,Plate1,/Users/pmihack/claire/tmem_2026/data/cleaved_tmem_pld3_260821/d14/Z59_PLD_Control/PLD3Control_Plate1_d14_TMEM561LAMP1640MAP2488DAPI405_G17_F4.nd2,12
5,22057,5,0.0036723035770957068,0.18895679999999998,94.98149871826172,2095007.0,1.8763394285467145,0.0,0.05018898892688537,True,,Control,G17,4,d14,Plate1,/Users/pmihack/claire/tmem_2026/data/cleaved_tmem_pld3_260821/d14/Z59_PLD_Control/PLD3Control_Plate1_d14_TMEM561LAMP1640MAP2488DAPI405_G17_F4.nd2,12
6,15163,17,0.0400976060146409,0.4171595294117647,359.1545104980469,5445860.0,8.42251631050254,0.0,0.22832063091255522,True,,Control,G17,4,d14,Plate1,/Users/pmihack/claire/tmem_2026/data/cleaved_tmem_pld3_260821/d14/Z59_PLD_Control/PLD3Control_Plate1_d14_TMEM561LAMP1640MAP2488DAPI405_G17_F4.nd2,12
7,22848,21,0.05392156862745098,0.6842879999999999,380.3652038574219,8690584.0,10.55964777829247,0.0,0.15220926796676465,True,,Control,G17,4,d14,Plate1,/Users/pmihack/claire/tmem_2026/data/cleaved_tmem_pld3_260821/d14/Z59_PLD_Control/PLD3Control_Plate1_d14_TMEM561LAMP1640MAP2488DAPI405_G17_F4.nd2,12
8,10455,12,0.16709708273553323,1.698084,902.5005493164062,9435643.0,13.617551944075013,0.0013827356742694974,0.16977533157967653,True,,Control,G17,4,d14,Plate1,/Users/pmihack/claire/tmem_2026/data/cleaved_tmem_pld3_260821/d14/Z59_PLD_Control/PLD3Control_Plate1_d14_TMEM561LAMP1640MAP2488DAPI405_G17_F4.nd2,12
1,11562,15,0.054575332987372424,0.4906656,929.2208251953125,10743651.0,5.134873270709264,0.0,0.18107632095230738,True,,Control,H17,1,d14,Plate1,/Users/pmihack/claire/tmem_2026/data/cleaved_tmem_pld3_260821/d14/Z59_PLD_Control/PLD3Control_Plate1_d14_TMEM561LAMP1640MAP2488DAPI405_H17_F1.nd2,11
2,14910,5,0.0036217303822937627,0.1259712,420.357666015625,6267533.0,8.628634189182815,0.0,0.1812045536981649,True,,Control,H17,1,d14,Plate1,/Users/pmihack/claire/tmem_2026/data/cleaved_tmem_pld3_260821/d14/Z59_PLD_Control/PLD3Control_Plate1_d14_TMEM561LAMP1640MAP2488DAPI405_H17_F1.nd2,11
3,14032,0,0.0,0.0,179.8988800048828,2524341.0,,0.005516687408089638,0.22630339763417495,True,,Control,H17,1,d14,Plate1,/Users/pmihack/claire/tmem_2026/data/cleaved_tmem_pld3_260821/d14/Z59_PLD_Control/PLD3Control_Plate1_d14_TMEM561LAMP1640MAP2488DAPI405_H17_F1.nd2,11
4,16444,4,0.005959620530284602,0.28576799999999997,293.82958984375,4831734.0,16.996423402384956,0.0,0.06839625079642107,True,,Control,H17,1,d14,Plate1,/Users/pmihack/claire/tmem_2026/data/cleaved_tmem_pld3_260821/d14/Z59_PLD_Control/PLD3Control_Plate1_d14_TMEM561LAMP1640MAP2488DAPI405_H17_F1.nd2,11
5,18255,2,0.0009312517118597644,0.099144,214.4302978515625,3914425.0,12.45253233358752,0.0,0.08182732050482684,True,,Control,H17,1,d14,Plate1,/Users/pmihack/claire/tmem_2026/data/cleaved_tmem_pld3_260821/d14/Z59_PLD_Control/PLD3Control_Plate1_d14_TMEM561LAMP1640MAP2488DAPI405_H17_F1.nd2,11
6,14905,12,0.012546125461254613,0.18176399999999998,442.1355895996094,6590031.0,2.151287471613549,4.749598156195134e-05,0.02469332871309797,True,,Control,H17,1,d14,Plate1,/Users/pmihack/claire/tmem_2026/data/cleaved_tmem_pld3_260821/d14/Z59_PLD_Control/PLD3Control_Plate1_d14_TMEM561LAMP1640MAP2488DAPI405_H17_F1.nd2,11
7,1626,0,0.0,0.0,144.66297912597656,235222.0,,0.0,-0.08078738020160976,False,size_outlier,Control,H17,1,d14,Plate1,/Users/pmihack/claire/tmem_2026/data/cleaved_tmem_pld3_260821/d14/Z59_PLD_Control/PLD3Control_Plate1_d14_TMEM561LAMP1640MAP2488DAPI405_H17_F1.nd2,11
8,17383,1,0.00023010987746649024,0.046655999999999996,259.54461669921875,4511664.0,11.636836849245777,0.0,0.197429833286841,True,,Control,H17,1,d14,Plate1,/Users/pmihack/claire/tmem_2026/data/cleaved_tmem_pld3_260821/d14/Z59_PLD_Control/PLD3Control_Plate1_d14_TMEM561LAMP1640MAP2488DAPI405_H17_F1.nd2,11
9,21544,7,0.0030170813219457856,0.10830857142857143,279.027099609375,6011360.0,11.475087711967873,0.0,0.22933837162254056,True,,Control,H17,1,d14,Plate1,/Users/pmihack/claire/tmem_2026/data/cleaved_tmem_pld3_260821/d14/Z59_PLD_Control/PLD3Control_Plate1_d14_TMEM561LAMP1640MAP2488DAPI405_H17_F1.nd2,11
10,7741,3,0.00477974421909314,0.14385599999999998,551.9044189453125,4272292.0,19.374508151565827,0.0001439508341718465,0.025344232926042373,True,,Control,H17,1,d14,Plate1,/Users/pmihack/claire/tmem_2026/data/cleaved_tmem_pld3_260821/d14/Z59_PLD_Control/PLD3Control_Plate1_d14_TMEM561LAMP1640MAP2488DAPI405_H17_F1.nd2,11
1,12953,5,0.005635760055585579,0.17029439999999998,530.5897216796875,6872729.0,11.116095113548724,0.0,-0.053760979711740535,True,,Control,H17,2,d14,Plate1,/Users/pmihack/claire/tmem_2026/data/cleaved_tmem_pld3_260821/d14/Z59_PLD_Control/PLD3Control_Plate1_d14_TMEM561LAMP1640MAP2488DAPI405_H17_F2.nd2,15
2,30735,2,0.0008784773060029283,0.157464,155.10125732421875,4767037.0,9.106829579248373,0.0,0.10758485576771552,True,,Control,H17,2,d14,Plate1,/Users/pmihack/claire/tmem_2026/data/cleaved_tmem_pld3_260821/d14/Z59_PLD_Control/PLD3Control_Plate1_d14_TMEM561LAMP1640MAP2488DAPI405_H17_F2.nd2,15
3,22424,23,0.022475918658580094,0.25559373913043476,430.0249328613281,9642879.0,10.91808312429875,0.0,0.08505867652893259,True,,Control,H17,2,d14,Plate1,/Users/pmihack/claire/tmem_2026/data/cleaved_tmem_pld3_260821/d14/Z59_PLD_Control/PLD3Control_Plate1_d14_TMEM561LAMP1640MAP2488DAPI405_H17_F2.nd2,15
4,12045,7,0.0061436280614362805,0.12330514285714285,370.24359130859375,4459584.0,21.82077952728976,0.0,0.1928490225226391,True,,Control,H17,2,d14,Plate1,/Users/pmihack/claire/tmem_2026/data/cleaved_tmem_pld3_260821/d14/Z59_PLD_Control/PLD3Control_Plate1_d14_TMEM561LAMP1640MAP2488DAPI405_H17_F2.nd2,15
5,14316,4,0.0025845208158703547,0.10789199999999999,149.34178161621094,2137977.0,11.563879676777853,0.0,0.036025869444224555,True,,Control,H17,2,d14,Plate1,/Users/pmihack/claire/tmem_2026/data/cleaved_tmem_pld3_260821/d14/Z59_PLD_Control/PLD3Control_Plate1_d14_TMEM561LAMP1640MAP2488DAPI405_H17_F2.nd2,15
6,12077,12,0.019458474786784797,0.22841999999999996,734.19384765625,8866859.0,16.68804509351489,0.0,0.12959092467118039,True,,Control,H17,2,d14,Plate1,/Users/pmihack/claire/tmem_2026/data/cleaved_tmem_pld3_260821/d14/Z59_PLD_Control/PLD3Control_Plate1_d14_TMEM561LAMP1640MAP2488DAPI405_H17_F2.nd2,15
7,12550,1,0.0006374501992031873,0.09331199999999999,38.914581298828125,488378.0,12.41344245906386,0.00025594927137717605,0.019839722697337196,True,,Control,H17,2,d14,Plate1,/Users/pmihack/claire/tmem_2026/data/cleaved_tmem_pld3_260821/d14/Z59_PLD_Control/PLD3Control_Plate1_d14_TMEM561LAMP1640MAP2488DAPI405_H17_F2.nd2,15
8,18636,14,0.037830006439150035,0.5873657142857142,425.1050720214844,7922258.0,16.259135719059575,0.0,0.21340665877064674,True,,Control,H17,2,d14,Plate1,/Users/pmihack/claire/tmem_2026/data/cleaved_tmem_pld3_260821/d14/Z59_PLD_Control/PLD3Control_Plate1_d14_TMEM561LAMP1640MAP2488DAPI405_H17_F2.nd2,15
1,12929,0,0.0,0.0,118.25554656982422,1528926.0,,0.0,-0.03202911744981934,False,abnormal_nucleus,Control,H17,3,d14,Plate1,/Users/pmihack/claire/tmem_2026/data/cleaved_tmem_pld3_260821/d14/Z59_PLD_Control/PLD3Control_Plate1_d14_TMEM561LAMP1640MAP2488DAPI405_H17_F3.nd2,12
2,11635,0,0.0,0.0,84.84107971191406,987126.0,,0.0,0.07605034345963015,True,,Control,H17,3,d14,Plate1,/Users/pmihack/claire/tmem_2026/data/cleaved_tmem_pld3_260821/d14/Z59_PLD_Control/PLD3Control_Plate1_d14_TMEM561LAMP1640MAP2488DAPI405_H17_F3.nd2,12
3,12657,0,0.0,0.0,140.1676483154297,1774102.0,,0.0,-0.05758516080144237,True,,Control,H17,3,d14,Plate1,/Users/pmihack/claire/tmem_2026/data/cleaved_tmem_pld3_260821/d14/Z59_PLD_Control/PLD3Control_Plate1_d14_TMEM561LAMP1640MAP2488DAPI405_H17_F3.nd2,12
4,27233,0,0.0,0.0,99.97932434082031,2722737.0,,0.00010981597006320953,-0.005613169653888955,True,,Control,H17,3,d14,Plate1,/Users/pmihack/claire/tmem_2026/data/cleaved_tmem_pld3_260821/d14/Z59_PLD_Control/PLD3Control_Plate1_d14_TMEM561LAMP1640MAP2488DAPI405_H17_F3.nd2,12
5,9485,0,0.0,0.0,114.11608123779297,1082391.0,,0.0,-0.003805325081650628,True,,Control,H17,3,d14,Plate1,/Users/pmihack/claire/tmem_2026/data/cleaved_tmem_pld3_260821/d14/Z59_PLD_Control/PLD3Control_Plate1_d14_TMEM561LAMP1640MAP2488DAPI405_H17_F3.nd2,12
6,6353,0,0.0,0.0,69.45364379882812,441239.0,,0.0,0.07119584331493795,True,,Control,H17,3,d14,Plate1,/Users/pmihack/claire/tmem_2026/data/cleaved_tmem_pld3_260821/d14/Z59_PLD_Control/PLD3Control_Plate1_d14_TMEM561LAMP1640MAP2488DAPI405_H17_F3.nd2,12
7,6183,0,0.0,0.0,113.03590393066406,698901.0,,0.0,0.033261126156497435,True,,Control,H17,3,d14,Plate1,/Users/pmihack/claire/tmem_2026/data/cleaved_tmem_pld3_260821/d14/Z59_PLD_Control/PLD3Control_Plate1_d14_TMEM561LAMP1640MAP2488DAPI405_H17_F3.nd2,12
8,17489,1,0.0004002515867116473,0.081648,248.533935546875,4346610.0,6.969611881732113,0.0,-0.03038649270576793,True,,Control,H17,3,d14,Plate1,/Users/pmihack/claire/tmem_2026/data/cleaved_tmem_pld3_260821/d14/Z59_PLD_Control/PLD3Control_Plate1_d14_TMEM561LAMP1640MAP2488DAPI405_H17_F3.nd2,12
9,11895,0,0.0,0.0,54.140228271484375,643998.0,,0.0,-0.023002925645404477,True,,Control,H17,3,d14,Plate1,/Users/pmihack/claire/tmem_2026/data/cleaved_tmem_pld3_260821/d14/Z59_PLD_Control/PLD3Control_Plate1_d14_TMEM561LAMP1640MAP2488DAPI405_H17_F3.nd2,12
10,13488,0,0.0,0.0,101.12529754638672,1363978.0,,0.0,0.08012599322674122,True,,Control,H17,3,d14,Plate1,/Users/pmihack/claire/tmem_2026/data/cleaved_tmem_pld3_260821/d14/Z59_PLD_Control/PLD3Control_Plate1_d14_TMEM561LAMP1640MAP2488DAPI405_H17_F3.nd2,12
11,10319,0,0.0,0.0,119.6327133178711,1234490.0,,0.0,-0.09432652226200575,True,,Control,H17,3,d14,Plate1,/Users/pmihack/claire/tmem_2026/data/cleaved_tmem_pld3_260821/d14/Z59_PLD_Control/PLD3Control_Plate1_d14_TMEM561LAMP1640MAP2488DAPI405_H17_F3.nd2,12
12,11531,0,0.0,0.0,71.87321472167969,828770.0,,0.0,0.005646164781447443,True,,Control,H17,3,d14,Plate1,/Users/pmihack/claire/tmem_2026/data/cleaved_tmem_pld3_260821/d14/Z59_PLD_Control/PLD3Control_Plate1_d14_TMEM561LAMP1640MAP2488DAPI405_H17_F3.nd2,12
13,14951,0,0.0,0.0,98.23509979248047,1468713.0,,0.0,-0.008116370837733347,True,,Control,H17,3,d14,Plate1,/Users/pmihack/claire/tmem_2026/data/cleaved_tmem_pld3_260821/d14/Z59_PLD_Control/PLD3Control_Plate1_d14_TMEM561LAMP1640MAP2488DAPI405_H17_F3.nd2,12
14,7958,4,0.002638853983412918,0.06123599999999999,329.97900390625,2625973.0,17.151871321312715,0.000934129930101335,-0.04978207082077704,True,,Control,H17,3,d14,Plate1,/Users/pmihack/claire/tmem_2026/data/cleaved_tmem_pld3_260821/d14/Z59_PLD_Control/PLD3Control_Plate1_d14_TMEM561LAMP1640MAP2488DAPI405_H17_F3.nd2,12
15,3459,0,0.0,0.0,96.33015441894531,333206.0,,0.0,-0.013337673986567513,True,,Control,H17,3,d14,Plate1,/Users/pmihack/claire/tmem_2026/data/cleaved_tmem_pld3_260821/d14/Z59_PLD_Control/PLD3Control_Plate1_d14_TMEM561LAMP1640MAP2488DAPI405_H17_F3.nd2,12
16,17294,0,0.0,0.0,33.657047271728516,582065.0,,0.0,0.012680634652374791,True,,Control,H17,3,d14,Plate1,/Users/pmihack/claire/tmem_2026/data/cleaved_tmem_pld3_260821/d14/Z59_PLD_Control/PLD3Control_Plate1_d14_TMEM561LAMP1640MAP2488DAPI405_H17_F3.nd2,12
17,4364,0,0.0,0.0,6.922548294067383,30210.0,,0.0,0.07076695989565926,True,,Control,H17,3,d14,Plate1,/Users/pmihack/claire/tmem_2026/data/cleaved_tmem_pld3_260821/d14/Z59_PLD_Control/PLD3Control_Plate1_d14_TMEM561LAMP1640MAP2488DAPI405_H17_F3.nd2,12
18,10973,0,0.0,0.0,209.5821533203125,2299745.0,,0.0,-0.049207011465406514,True,,Control,H17,3,d14,Plate1,/Users/pmihack/claire/tmem_2026/data/cleaved_tmem_pld3_260821/d14/Z59_PLD_Control/PLD3Control_Plate1_d14_TMEM561LAMP1640MAP2488DAPI405_H17_F3.nd2,12
19,16793,0,0.0,0.0,96.30036163330078,1617172.0,,0.0,0.010379363182534981,True,,Control,H17,3,d14,Plate1,/Users/pmihack/claire/tmem_2026/data/cleaved_tmem_pld3_260821/d14/Z59_PLD_Control/PLD3Control_Plate1_d14_TMEM561LAMP1640MAP2488DAPI405_H17_F3.nd2,12
1,15344,0,0.0,0.0,211.83876037597656,3250454.0,,0.0,0.40804388082133886,True,,Control,H17,4,d14,Plate1,/Users/pmihack/claire/tmem_2026/data/cleaved_tmem_pld3_260821/d14/Z59_PLD_Control/PLD3Control_Plate1_d14_TMEM561LAMP1640MAP2488DAPI405_H17_F4.nd2,9
2,2969,0,0.0,0.0,2.5904345512390137,7691.0,,0.0,0.03407288834264985,False,abnormal_nucleus,Control,H17,4,d14,Plate1,/Users/pmihack/claire/tmem_2026/data/cleaved_tmem_pld3_260821/d14/Z59_PLD_Control/PLD3Control_Plate1_d14_TMEM561LAMP1640MAP2488DAPI405_H17_F4.nd2,9
3,13951,8,0.007311303849186438,0.148716,619.3739624023438,8640886.0,25.484939978921442,0.0,0.06835004371444307,True,,Control,H17,4,d14,Plate1,/Users/pmihack/claire/tmem_2026/data/cleaved_tmem_pld3_260821/d14/Z59_PLD_Control/PLD3Control_Plate1_d14_TMEM561LAMP1640MAP2488DAPI405_H17_F4.nd2,9
4,23588,7,0.004451415974224182,0.17495999999999998,409.7222595214844,9664529.0,12.494937438195695,0.0,0.09034096311503785,True,,Control,H17,4,d14,Plate1,/Users/pmihack/claire/tmem_2026/data/cleaved_tmem_pld3_260821/d14/Z59_PLD_Control/PLD3Control_Plate1_d14_TMEM561LAMP1640MAP2488DAPI405_H17_F4.nd2,9
5,17040,12,0.004518779342723005,0.074844,665.0670776367188,11332743.0,6.4244907263442235,0.0,0.11759026442453124,True,,Control,H17,4,d14,Plate1,/Users/pmihack/claire/tmem_2026/data/cleaved_tmem_pld3_260821/d14/Z59_PLD_Control/PLD3Control_Plate1_d14_TMEM561LAMP1640MAP2488DAPI405_H17_F4.nd2,9
6,10585,0,0.0,0.0,528.109130859375,5590035.0,,0.0,0.037953724391949994,True,,Control,H17,4,d14,Plate1,/Users/pmihack/claire/tmem_2026/data/cleaved_tmem_pld3_260821/d14/Z59_PLD_Control/PLD3Control_Plate1_d14_TMEM561LAMP1640MAP2488DAPI405_H17_F4.nd2,9
7,20334,3,0.0008852168781351431,0.06998399999999999,405.2374267578125,8240098.0,7.987793719314324,0.0,0.13780628826412292,True,,Control,H17,4,d14,Plate1,/Users/pmihack/claire/tmem_2026/data/cleaved_tmem_pld3_260821/d14/Z59_PLD_Control/PLD3Control_Plate1_d14_TMEM561LAMP1640MAP2488DAPI405_H17_F4.nd2,9
8,17028,3,0.0018205308902983321,0.120528,286.85693359375,4884600.0,7.213138340196844,0.0,0.17267433592367792,True,,Control,H17,4,d14,Plate1,/Users/pmihack/claire/tmem_2026/data/cleaved_tmem_pld3_260821/d14/Z59_PLD_Control/PLD3Control_Plate1_d14_TMEM561LAMP1640MAP2488DAPI405_H17_F4.nd2,9
9,16079,17,0.045587412152497044,0.5029242352941176,991.7499389648438,15946347.0,22.079033783770328,0.0,0.25157469279589423,True,,Control,H17,4,d14,Plate1,/Users/pmihack/claire/tmem_2026/data/cleaved_tmem_pld3_260821/d14/Z59_PLD_Control/PLD3Control_Plate1_d14_TMEM561LAMP1640MAP2488DAPI405_H17_F4.nd2,9
10,15955,0,0.0,0.0,325.5509338378906,5194165.0,,0.0,0.18912353814426036,False,border,Control,H17,4,d14,Plate1,/Users/pmihack/claire/tmem_2026/data/cleaved_tmem_pld3_260821/d14/Z59_PLD_Control/PLD3Control_Plate1_d14_TMEM561LAMP1640MAP2488DAPI405_H17_F4.nd2,9
1,15150,0,0.0,0.0,54.571353912353516,826756.0,,0.0009942473843693733,0.039253954580900856,True,,KI,C20,1,d14,Plate1,/Users/pmihack/claire/tmem_2026/data/cleaved_tmem_pld3_260821/d14/Z60_PLD_TMEMki/PLD3TMEM106B_Plate1_d14_TMEM561LAMP1640MAP2488DAPI405_C20_F1.nd2,13
2,6840,0,0.0,0.0,35.19239807128906,240716.0,,0.0,0.0939572169625732,True,,KI,C20,1,d14,Plate1,/Users/pmihack/claire/tmem_2026/data/cleaved_tmem_pld3_260821/d14/Z60_PLD_TMEMki/PLD3TMEM106B_Plate1_d14_TMEM561LAMP1640MAP2488DAPI405_C20_F1.nd2,13
3,11191,0,0.0,0.0,71.98954772949219,805635.0,,0.001927671954035759,0.011213876862575394,True,,KI,C20,1,d14,Plate1,/Users/pmihack/claire/tmem_2026/data/cleaved_tmem_pld3_260821/d14/Z60_PLD_TMEMki/PLD3TMEM106B_Plate1_d14_TMEM561LAMP1640MAP2488DAPI405_C20_F1.nd2,13
4,7392,0,0.0,0.0,3.79978346824646,28088.0,,0.0,0.012471266584502242,True,,KI,C20,1,d14,Plate1,/Users/pmihack/claire/tmem_2026/data/cleaved_tmem_pld3_260821/d14/Z60_PLD_TMEMki/PLD3TMEM106B_Plate1_d14_TMEM561LAMP1640MAP2488DAPI405_C20_F1.nd2,13
5,5170,0,0.0,0.0,44.055320739746094,227766.0,,0.0,0.11761833828663454,True,,KI,C20,1,d14,Plate1,/Users/pmihack/claire/tmem_2026/data/cleaved_tmem_pld3_260821/d14/Z60_PLD_TMEMki/PLD3TMEM106B_Plate1_d14_TMEM561LAMP1640MAP2488DAPI405_C20_F1.nd2,13
6,13385,0,0.0,0.0,78.14134979248047,1045922.0,,0.0,0.04178265645129478,True,,KI,C20,1,d14,Plate1,/Users/pmihack/claire/tmem_2026/data/cleaved_tmem_pld3_260821/d14/Z60_PLD_TMEMki/PLD3TMEM106B_Plate1_d14_TMEM561LAMP1640MAP2488DAPI405_C20_F1.nd2,13
7,23560,1,0.00025466893039049235,0.06998399999999999,82.82656860351562,1951394.0,6.881067736314094,0.0047140661627054214,0.1752525384948612,True,,KI,C20,1,d14,Plate1,/Users/pmihack/claire/tmem_2026/data/cleaved_tmem_pld3_260821/d14/Z60_PLD_TMEMki/PLD3TMEM106B_Plate1_d14_TMEM561LAMP1640MAP2488DAPI405_C20_F1.nd2,13
8,8332,0,0.0,0.0,351.4836730957031,2928562.0,,0.0,0.11146006209404354,True,,KI,C20,1,d14,Plate1,/Users/pmihack/claire/tmem_2026/data/cleaved_tmem_pld3_260821/d14/Z60_PLD_TMEMki/PLD3TMEM106B_Plate1_d14_TMEM561LAMP1640MAP2488DAPI405_C20_F1.nd2,13
9,20924,0,0.0,0.0,75.56948852539062,1581216.0,,0.002127476502209902,0.11537122640704,True,,KI,C20,1,d14,Plate1,/Users/pmihack/claire/tmem_2026/data/cleaved_tmem_pld3_260821/d14/Z60_PLD_TMEMki/PLD3TMEM106B_Plate1_d14_TMEM561LAMP1640MAP2488DAPI405_C20_F1.nd2,13
10,10328,0,0.0,0.0,99.96524047851562,1032441.0,,0.0009366152808070183,-0.029039120996458133,True,,KI,C20,1,d14,Plate1,/Users/pmihack/claire/tmem_2026/data/cleaved_tmem_pld3_260821/d14/Z60_PLD_TMEMki/PLD3TMEM106B_Plate1_d14_TMEM561LAMP1640MAP2488DAPI405_C20_F1.nd2,13
11,5146,0,0.0,0.0,16.648658752441406,85674.0,,0.0,0.09649970459640551,True,,KI,C20,1,d14,Plate1,/Users/pmihack/claire/tmem_2026/data/cleaved_tmem_pld3_260821/d14/Z60_PLD_TMEMki/PLD3TMEM106B_Plate1_d14_TMEM561LAMP1640MAP2488DAPI405_C20_F1.nd2,13
12,10087,0,0.0,0.0,17.794389724731445,179492.0,,0.0,0.9211019888914124,True,,KI,C20,1,d14,Plate1,/Users/pmihack/claire/tmem_2026/data/cleaved_tmem_pld3_260821/d14/Z60_PLD_TMEMki/PLD3TMEM106B_Plate1_d14_TMEM561LAMP1640MAP2488DAPI405_C20_F1.nd2,13
13,8295,0,0.0,0.0,143.30198669433594,1188690.0,,0.0,-0.04905496077463271,True,,KI,C20,1,d14,Plate1,/Users/pmihack/claire/tmem_2026/data/cleaved_tmem_pld3_260821/d14/Z60_PLD_TMEMki/PLD3TMEM106B_Plate1_d14_TMEM561LAMP1640MAP2488DAPI405_C20_F1.nd2,13
14,13436,0,0.0,0.0,185.58819580078125,2493563.0,,0.0,0.08207237202828564,True,,KI,C20,1,d14,Plate1,/Users/pmihack/claire/tmem_2026/data/cleaved_tmem_pld3_260821/d14/Z60_PLD_TMEMki/PLD3TMEM106B_Plate1_d14_TMEM561LAMP1640MAP2488DAPI405_C20_F1.nd2,13
15,7012,0,0.0,0.0,27.703792572021484,194259.0,,0.0,0.8881597658700762,True,,KI,C20,1,d14,Plate1,/Users/pmihack/claire/tmem_2026/data/cleaved_tmem_pld3_260821/d14/Z60_PLD_TMEMki/PLD3TMEM106B_Plate1_d14_TMEM561LAMP1640MAP2488DAPI405_C20_F1.nd2,13
1,3980,0,0.0,0.0,20.79648208618164,82770.0,,0.0,0.7646321447702595,True,,KI,C20,2,d14,Plate1,/Users/pmihack/claire/tmem_2026/data/cleaved_tmem_pld3_260821/d14/Z60_PLD_TMEMki/PLD3TMEM106B_Plate1_d14_TMEM561LAMP1640MAP2488DAPI405_C20_F2.nd2,10
2,8413,0,0.0,0.0,32.557708740234375,273908.0,,0.0,0.10031037777678341,True,,KI,C20,2,d14,Plate1,/Users/pmihack/claire/tmem_2026/data/cleaved_tmem_pld3_260821/d14/Z60_PLD_TMEMki/PLD3TMEM106B_Plate1_d14_TMEM561LAMP1640MAP2488DAPI405_C20_F2.nd2,10
3,13913,1,0.0006468770214906922,0.10497599999999999,65.29497528076172,908449.0,12.902280709014665,0.031863097101449966,0.2623797139102664,True,,KI,C20,2,d14,Plate1,/Users/pmihack/claire/tmem_2026/data/cleaved_tmem_pld3_260821/d14/Z60_PLD_TMEMki/PLD3TMEM106B_Plate1_d14_TMEM561LAMP1640MAP2488DAPI405_C20_F2.nd2,10
4,15165,2,0.0006594131223211342,0.05832,91.60012817382812,1389116.0,6.544426478144792,0.0,0.2643897735483585,True,,KI,C20,2,d14,Plate1,/Users/pmihack/claire/tmem_2026/data/cleaved_tmem_pld3_260821/d14/Z60_PLD_TMEMki/PLD3TMEM106B_Plate1_d14_TMEM561LAMP1640MAP2488DAPI405_C20_F2.nd2,10
5,12294,5,0.005856515373352855,0.1679616,119.07759857177734,1463940.0,6.76861586662915,0.0,0.0016731776667115797,True,,KI,C20,2,d14,Plate1,/Users/pmihack/claire/tmem_2026/data/cleaved_tmem_pld3_260821/d14/Z60_PLD_TMEMki/PLD3TMEM106B_Plate1_d14_TMEM561LAMP1640MAP2488DAPI405_C20_F2.nd2,10
6,13417,2,0.0011179846463441902,0.08747999999999999,74.64411163330078,1001500.0,2.784937859615862,0.0,0.005434934182598868,True,,KI,C20,2,d14,Plate1,/Users/pmihack/claire/tmem_2026/data/cleaved_tmem_pld3_260821/d14/Z60_PLD_TMEMki/PLD3TMEM106B_Plate1_d14_TMEM561LAMP1640MAP2488DAPI405_C20_F2.nd2,10
7,14065,0,0.0,0.0,58.829647064208984,827439.0,,0.0,0.07747935967335001,True,,KI,C20,2,d14,Plate1,/Users/pmihack/claire/tmem_2026/data/cleaved_tmem_pld3_260821/d14/Z60_PLD_TMEMki/PLD3TMEM106B_Plate1_d14_TMEM561LAMP1640MAP2488DAPI405_C20_F2.nd2,10
8,13486,6,0.010381135992881508,0.27215999999999996,96.38388061523438,1299833.0,18.95655555070923,0.0,-0.013071889544178072,True,,KI,C20,2,d14,Plate1,/Users/pmihack/claire/tmem_2026/data/cleaved_tmem_pld3_260821/d14/Z60_PLD_TMEMki/PLD3TMEM106B_Plate1_d14_TMEM561LAMP1640MAP2488DAPI405_C20_F2.nd2,10
9,15282,17,0.025847402172490513,0.27101647058823525,237.36709594726562,3627444.0,1.6305818473403857,0.0,0.059135848573691606,True,,KI,C20,2,d14,Plate1,/Users/pmihack/claire/tmem_2026/data/cleaved_tmem_pld3_260821/d14/Z60_PLD_TMEMki/PLD3TMEM106B_Plate1_d14_TMEM561LAMP1640MAP2488DAPI405_C20_F2.nd2,10
10,13610,13,0.034313005143277,0.4190067692307692,219.68971252441406,2989977.0,9.271411165235733,0.0,0.14177963141352598,True,,KI,C20,2,d14,Plate1,/Users/pmihack/claire/tmem_2026/data/cleaved_tmem_pld3_260821/d14/Z60_PLD_TMEMki/PLD3TMEM106B_Plate1_d14_TMEM561LAMP1640MAP2488DAPI405_C20_F2.nd2,10
11,17234,6,0.013113612626204016,0.43934399999999996,158.38876342773438,2729672.0,5.361836658330056,0.0,0.12387365271977335,True,,KI,C20,2,d14,Plate1,/Users/pmihack/claire/tmem_2026/data/cleaved_tmem_pld3_260821/d14/Z60_PLD_TMEMki/PLD3TMEM106B_Plate1_d14_TMEM561LAMP1640MAP2488DAPI405_C20_F2.nd2,10
12,21568,39,0.07307121661721068,0.47134523076923074,476.04132080078125,10267259.0,5.197892698525744,0.006841748021543026,0.16679106892058052,True,,KI,C20,2,d14,Plate1,/Users/pmihack/claire/tmem_2026/data/cleaved_tmem_pld3_260821/d14/Z60_PLD_TMEMki/PLD3TMEM106B_Plate1_d14_TMEM561LAMP1640MAP2488DAPI405_C20_F2.nd2,10
13,22707,18,0.05531333949883296,0.8138879999999998,377.115966796875,8563172.0,7.799141855657982,0.0,0.07938415062850276,True,,KI,C20,2,d14,Plate1,/Users/pmihack/claire/tmem_2026/data/cleaved_tmem_pld3_260821/d14/Z60_PLD_TMEMki/PLD3TMEM106B_Plate1_d14_TMEM561LAMP1640MAP2488DAPI405_C20_F2.nd2,10
1,14540,5,0.015680880330123798,0.5318784,206.56224060058594,3003415.0,0.671414277024629,5.4271553381113335e-05,0.17550385338169808,True,,KI,C20,3,d14,Plate1,/Users/pmihack/claire/tmem_2026/data/cleaved_tmem_pld3_260821/d14/Z60_PLD_TMEMki/PLD3TMEM106B_Plate1_d14_TMEM561LAMP1640MAP2488DAPI405_C20_F3.nd2,14
2,20385,16,0.06691194505764042,0.9943559999999999,423.6050109863281,8635188.0,0.5962156383669026,0.0,0.20121906445625248,True,,KI,C20,3,d14,Plate1,/Users/pmihack/claire/tmem_2026/data/cleaved_tmem_pld3_260821/d14/Z60_PLD_TMEMki/PLD3TMEM106B_Plate1_d14_TMEM561LAMP1640MAP2488DAPI405_C20_F3.nd2,14
3,10208,13,0.0865987460815047,0.793152,588.8073120117188,6010545.0,29.245024465598274,0.01924101635813713,0.20661469896590473,True,,KI,C20,3,d14,Plate1,/Users/pmihack/claire/tmem_2026/data/cleaved_tmem_pld3_260821/d14/Z60_PLD_TMEMki/PLD3TMEM106B_Plate1_d14_TMEM561LAMP1640MAP2488DAPI405_C20_F3.nd2,14
4,11518,17,0.07232158360826532,0.5715359999999999,605.224609375,6970977.0,27.90299340795425,0.0,0.4982795607492692,True,,KI,C20,3,d14,Plate1,/Users/pmihack/claire/tmem_2026/data/cleaved_tmem_pld3_260821/d14/Z60_PLD_TMEMki/PLD3TMEM106B_Plate1_d14_TMEM561LAMP1640MAP2488DAPI405_C20_F3.nd2,14
5,10827,18,0.07231920199501247,0.507384,575.3629760742188,6229455.0,0.7744752178665402,0.0012049208162352443,0.22172753070199225,True,,KI,C20,3,d14,Plate1,/Users/pmihack/claire/tmem_2026/data/cleaved_tmem_pld3_260821/d14/Z60_PLD_TMEMki/PLD3TMEM106B_Plate1_d14_TMEM561LAMP1640MAP2488DAPI405_C20_F3.nd2,14
6,12933,9,0.11629165700146911,1.9491839999999998,629.7479858398438,8144531.0,0.7008717008359096,0.0,0.10292647149343385,True,,KI,C20,3,d14,Plate1,/Users/pmihack/claire/tmem_2026/data/cleaved_tmem_pld3_260821/d14/Z60_PLD_TMEMki/PLD3TMEM106B_Plate1_d14_TMEM561LAMP1640MAP2488DAPI405_C20_F3.nd2,14
7,5034,7,0.2320222487087803,1.946221714285714,1096.344482421875,5518998.0,3.0614243611563356,0.0,0.3740337743653503,True,,KI,C20,3,d14,Plate1,/Users/pmihack/claire/tmem_2026/data/cleaved_tmem_pld3_260821/d14/Z60_PLD_TMEMki/PLD3TMEM106B_Plate1_d14_TMEM561LAMP1640MAP2488DAPI405_C20_F3.nd2,14
8,12346,7,0.009071764134132512,0.18662399999999998,300.1380920410156,3705505.0,12.427096514773206,2.4288187887577806e-06,0.14771758363934726,True,,KI,C20,3,d14,Plate1,/Users/pmihack/claire/tmem_2026/data/cleaved_tmem_pld3_260821/d14/Z60_PLD_TMEMki/PLD3TMEM106B_Plate1_d14_TMEM561LAMP1640MAP2488DAPI405_C20_F3.nd2,14
9,12937,9,0.14539692355260106,2.437776,804.7755126953125,10411381.0,22.42278087133312,0.0,0.24462793794483537,True,,KI,C20,3,d14,Plate1,/Users/pmihack/claire/tmem_2026/data/cleaved_tmem_pld3_260821/d14/Z60_PLD_TMEMki/PLD3TMEM106B_Plate1_d14_TMEM561LAMP1640MAP2488DAPI405_C20_F3.nd2,14
10,4461,7,0.025554808338937456,0.1899565714285714,351.90899658203125,1569866.0,35.12542241279525,6.497369759017602e-05,0.036764205061917146,True,,KI,C20,3,d14,Plate1,/Users/pmihack/claire/tmem_2026/data/cleaved_tmem_pld3_260821/d14/Z60_PLD_TMEMki/PLD3TMEM106B_Plate1_d14_TMEM561LAMP1640MAP2488DAPI405_C20_F3.nd2,14
11,4955,15,0.1336024217961655,0.5147712,1068.097900390625,5292425.0,6.993430218849937,0.0,0.23753469683807057,False,border,KI,C20,3,d14,Plate1,/Users/pmihack/claire/tmem_2026/data/cleaved_tmem_pld3_260821/d14/Z60_PLD_TMEMki/PLD3TMEM106B_Plate1_d14_TMEM561LAMP1640MAP2488DAPI405_C20_F3.nd2,14
12,7386,5,0.09599241808827512,1.6539552,754.8567504882812,5575372.0,27.55243802418274,0.6442497372627258,0.7431479792691648,True,,KI,C20,3,d14,Plate1,/Users/pmihack/claire/tmem_2026/data/cleaved_tmem_pld3_260821/d14/Z60_PLD_TMEMki/PLD3TMEM106B_Plate1_d14_TMEM561LAMP1640MAP2488DAPI405_C20_F3.nd2,14
13,15032,22,0.10783661522086216,0.8594247272727272,698.83642578125,10504909.0,6.052308381618764,0.0,0.2897771264487123,True,,KI,C20,3,d14,Plate1,/Users/pmihack/claire/tmem_2026/data/cleaved_tmem_pld3_260821/d14/Z60_PLD_TMEMki/PLD3TMEM106B_Plate1_d14_TMEM561LAMP1640MAP2488DAPI405_C20_F3.nd2,14
14,27209,18,0.05740747546767613,1.0121759999999997,342.4835510253906,9318635.0,9.95570033723119,0.0,0.5467133047964685,True,,KI,C20,3,d14,Plate1,/Users/pmihack/claire/tmem_2026/data/cleaved_tmem_pld3_260821/d14/Z60_PLD_TMEMki/PLD3TMEM106B_Plate1_d14_TMEM561LAMP1640MAP2488DAPI405_C20_F3.nd2,14
15,15089,23,0.07462389820398967,0.5710288695652174,547.23486328125,8257227.0,8.920541084618206,0.0,0.3962479039901076,True,,KI,C20,3,d14,Plate1,/Users/pmihack/claire/tmem_2026/data/cleaved_tmem_pld3_260821/d14/Z60_PLD_TMEMki/PLD3TMEM106B_Plate1_d14_TMEM561LAMP1640MAP2488DAPI405_C20_F3.nd2,14
16,20771,16,0.026479225843724422,0.40095,234.9653778076172,4880466.0,15.76361445809319,0.0,0.19788391009671627,False,border,KI,C20,3,d14,Plate1,/Users/pmihack/claire/tmem_2026/data/cleaved_tmem_pld3_260821/d14/Z60_PLD_TMEMki/PLD3TMEM106B_Plate1_d14_TMEM561LAMP1640MAP2488DAPI405_C20_F3.nd2,14
17,20992,10,0.023151676829268292,0.5668704,238.72979736328125,5011416.0,18.820899261091053,0.0,0.3816322498179226,True,,KI,C20,3,d14,Plate1,/Users/pmihack/claire/tmem_2026/data/cleaved_tmem_pld3_260821/d14/Z60_PLD_TMEMki/PLD3TMEM106B_Plate1_d14_TMEM561LAMP1640MAP2488DAPI405_C20_F3.nd2,14
18,17563,9,0.02169333257416159,0.493776,250.0655975341797,4391902.0,17.25775065379404,0.0008228780934587121,0.22298488753492973,True,,KI,C20,3,d14,Plate1,/Users/pmihack/claire/tmem_2026/data/cleaved_tmem_pld3_260821/d14/Z60_PLD_TMEMki/PLD3TMEM106B_Plate1_d14_TMEM561LAMP1640MAP2488DAPI405_C20_F3.nd2,14
19,10637,16,0.07050860204945003,0.54675,493.9315490722656,5253950.0,30.412024468470236,0.0,0.5773044233294325,True,,KI,C20,3,d14,Plate1,/Users/pmihack/claire/tmem_2026/data/cleaved_tmem_pld3_260821/d14/Z60_PLD_TMEMki/PLD3TMEM106B_Plate1_d14_TMEM561LAMP1640MAP2488DAPI405_C20_F3.nd2,14
20,9120,16,0.04375,0.290871,587.8751220703125,5361421.0,26.573473825113677,0.0,0.5814446764834331,True,,KI,C20,3,d14,Plate1,/Users/pmihack/claire/tmem_2026/data/cleaved_tmem_pld3_260821/d14/Z60_PLD_TMEMki/PLD3TMEM106B_Plate1_d14_TMEM561LAMP1640MAP2488DAPI405_C20_F3.nd2,14
21,16712,9,0.1694590713259933,3.6702719999999998,921.154541015625,15394335.0,7.219507559002507,0.0,0.23828953841373401,False,border,KI,C20,3,d14,Plate1,/Users/pmihack/claire/tmem_2026/data/cleaved_tmem_pld3_260821/d14/Z60_PLD_TMEMki/PLD3TMEM106B_Plate1_d14_TMEM561LAMP1640MAP2488DAPI405_C20_F3.nd2,14
22,11241,12,0.03789698425406992,0.41407199999999994,545.7791137695312,6135103.0,14.019786408232456,0.005493143107742071,0.35465856130613493,True,,KI,C20,3,d14,Plate1,/Users/pmihack/claire/tmem_2026/data/cleaved_tmem_pld3_260821/d14/Z60_PLD_TMEMki/PLD3TMEM106B_Plate1_d14_TMEM561LAMP1640MAP2488DAPI405_C20_F3.nd2,14
1,18500,9,0.17945945945945946,4.30272,1035.82177734375,19162704.0,12.185889307196572,0.0,0.4965544889113337,False,border,KI,C20,4,d14,Plate1,/Users/pmihack/claire/tmem_2026/data/cleaved_tmem_pld3_260821/d14/Z60_PLD_TMEMki/PLD3TMEM106B_Plate1_d14_TMEM561LAMP1640MAP2488DAPI405_C20_F4.nd2,15
2,12648,12,0.13504111321948134,1.6601759999999999,737.1009521484375,9322853.0,15.28162529700798,0.0,0.49974822940452185,True,,KI,C20,4,d14,Plate1,/Users/pmihack/claire/tmem_2026/data/cleaved_tmem_pld3_260821/d14/Z60_PLD_TMEMki/PLD3TMEM106B_Plate1_d14_TMEM561LAMP1640MAP2488DAPI405_C20_F4.nd2,15
3,17537,14,0.05941723213776587,0.8681348571428571,411.2410888671875,7211935.0,0.9025445798128537,0.0,0.2955281454019673,True,,KI,C20,4,d14,Plate1,/Users/pmihack/claire/tmem_2026/data/cleaved_tmem_pld3_260821/d14/Z60_PLD_TMEMki/PLD3TMEM106B_Plate1_d14_TMEM561LAMP1640MAP2488DAPI405_C20_F4.nd2,15
4,14091,14,0.01724505003193528,0.20245371428571426,207.71775817871094,2926951.0,0.9856852694186616,0.0,0.28377173082835566,True,,KI,C20,4,d14,Plate1,/Users/pmihack/claire/tmem_2026/data/cleaved_tmem_pld3_260821/d14/Z60_PLD_TMEMki/PLD3TMEM106B_Plate1_d14_TMEM561LAMP1640MAP2488DAPI405_C20_F4.nd2,15
5,19001,17,0.199989474238198,2.6072470588235293,1164.064208984375,22118384.0,4.878095248022473,0.0,0.4605667789268431,True,,KI,C20,4,d14,Plate1,/Users/pmihack/claire/tmem_2026/data/cleaved_tmem_pld3_260821/d14/Z60_PLD_TMEMki/PLD3TMEM106B_Plate1_d14_TMEM561LAMP1640MAP2488DAPI405_C20_F4.nd2,15
6,9654,5,0.19846695670188522,4.469644799999999,1007.6820068359375,9728162.0,6.826209985316791,0.0,0.26203680599663626,True,,KI,C20,4,d14,Plate1,/Users/pmihack/claire/tmem_2026/data/cleaved_tmem_pld3_260821/d14/Z60_PLD_TMEMki/PLD3TMEM106B_Plate1_d14_TMEM561LAMP1640MAP2488DAPI405_C20_F4.nd2,15
7,14365,22,0.04622345979812043,0.3520407272727273,475.1730041503906,6825860.0,13.442944962229724,0.0,0.447093003374046,True,,KI,C20,4,d14,Plate1,/Users/pmihack/claire/tmem_2026/data/cleaved_tmem_pld3_260821/d14/Z60_PLD_TMEMki/PLD3TMEM106B_Plate1_d14_TMEM561LAMP1640MAP2488DAPI405_C20_F4.nd2,15
8,16800,24,0.12309523809523809,1.005048,712.2559814453125,11965901.0,0.6855242011548719,3.401331923669204e-05,0.017669685542072003,True,,KI,C20,4,d14,Plate1,/Users/pmihack/claire/tmem_2026/data/cleaved_tmem_pld3_260821/d14/Z60_PLD_TMEMki/PLD3TMEM106B_Plate1_d14_TMEM561LAMP1640MAP2488DAPI405_C20_F4.nd2,15
9,11405,13,0.13958790004384042,1.4283913846153846,822.902587890625,9385204.0,0.595904915416063,0.0,0.1560128149551275,True,,KI,C20,4,d14,Plate1,/Users/pmihack/claire/tmem_2026/data/cleaved_tmem_pld3_260821/d14/Z60_PLD_TMEMki/PLD3TMEM106B_Plate1_d14_TMEM561LAMP1640MAP2488DAPI405_C20_F4.nd2,15
10,7661,4,0.16590523430361573,3.7062359999999996,889.1613159179688,6811865.0,0.9554890341212703,0.0,0.08045622359746106,True,,KI,C20,4,d14,Plate1,/Users/pmihack/claire/tmem_2026/data/cleaved_tmem_pld3_260821/d14/Z60_PLD_TMEMki/PLD3TMEM106B_Plate1_d14_TMEM561LAMP1640MAP2488DAPI405_C20_F4.nd2,15
11,13861,13,0.09349974749296587,1.1628110769230768,538.539306640625,7464693.0,0.7381808657095967,0.0,0.04931158527225228,True,,KI,C20,4,d14,Plate1,/Users/pmihack/claire/tmem_2026/data/cleaved_tmem_pld3_260821/d14/Z60_PLD_TMEMki/PLD3TMEM106B_Plate1_d14_TMEM561LAMP1640MAP2488DAPI405_C20_F4.nd2,15
12,29432,22,0.08184968741505844,1.277208,479.3037109375,14106867.0,5.4329679716403465,0.0,0.3994810815177959,True,,KI,C20,4,d14,Plate1,/Users/pmihack/claire/tmem_2026/data/cleaved_tmem_pld3_260821/d14/Z60_PLD_TMEMki/PLD3TMEM106B_Plate1_d14_TMEM561LAMP1640MAP2488DAPI405_C20_F4.nd2,15
13,19418,13,0.14687403440107116,2.558902153846154,799.387451171875,15522505.0,5.75275184792417,0.0,0.5684151598717662,True,,KI,C20,4,d14,Plate1,/Users/pmihack/claire/tmem_2026/data/cleaved_tmem_pld3_260821/d14/Z60_PLD_TMEMki/PLD3TMEM106B_Plate1_d14_TMEM561LAMP1640MAP2488DAPI405_C20_F4.nd2,15
14,3698,0,0.0,0.0,34.10059356689453,126104.0,,0.0,0.22743927959082755,True,,KI,C20,4,d14,Plate1,/Users/pmihack/claire/tmem_2026/data/cleaved_tmem_pld3_260821/d14/Z60_PLD_TMEMki/PLD3TMEM106B_Plate1_d14_TMEM561LAMP1640MAP2488DAPI405_C20_F4.nd2,15
15,19399,20,0.10531470694365688,1.1914776,594.0086669921875,11523174.0,0.8127949085230398,0.0,0.565140378404031,True,,KI,C20,4,d14,Plate1,/Users/pmihack/claire/tmem_2026/data/cleaved_tmem_pld3_260821/d14/Z60_PLD_TMEMki/PLD3TMEM106B_Plate1_d14_TMEM561LAMP1640MAP2488DAPI405_C20_F4.nd2,15
16,8743,8,0.13141942125128675,1.675242,697.613037109375,6099231.0,0.7581955651250192,5.197376594878733e-05,0.09102600400174492,True,,KI,C20,4,d14,Plate1,/Users/pmihack/claire/tmem_2026/data/cleaved_tmem_pld3_260821/d14/Z60_PLD_TMEMki/PLD3TMEM106B_Plate1_d14_TMEM561LAMP1640MAP2488DAPI405_C20_F4.nd2,15
17,18532,8,0.06588603496654435,1.7802179999999999,363.3167419433594,6732986.0,0.6631057469333901,0.0,0.7210664821253803,True,,KI,C20,4,d14,Plate1,/Users/pmihack/claire/tmem_2026/data/cleaved_tmem_pld3_260821/d14/Z60_PLD_TMEMki/PLD3TMEM106B_Plate1_d14_TMEM561LAMP1640MAP2488DAPI405_C20_F4.nd2,15
18,16714,12,0.08292449443580233,1.347192,467.54180908203125,7814494.0,0.7506433680446681,0.0,0.22338144952948338,True,,KI,C20,4,d14,Plate1,/Users/pmihack/claire/tmem_2026/data/cleaved_tmem_pld3_260821/d14/Z60_PLD_TMEMki/PLD3TMEM106B_Plate1_d14_TMEM561LAMP1640MAP2488DAPI405_C20_F4.nd2,15
19,4462,0,0.0,0.0,1.9392648935317993,8653.0,,0.0,0.0031694989267736884,True,,KI,C20,4,d14,Plate1,/Users/pmihack/claire/tmem_2026/data/cleaved_tmem_pld3_260821/d14/Z60_PLD_TMEMki/PLD3TMEM106B_Plate1_d14_TMEM561LAMP1640MAP2488DAPI405_C20_F4.nd2,15
20,6853,4,0.01342477746972129,0.26827199999999995,221.97592163085938,1521201.0,14.561120151481381,0.0,0.35125267343220834,True,,KI,C20,4,d14,Plate1,/Users/pmihack/claire/tmem_2026/data/cleaved_tmem_pld3_260821/d14/Z60_PLD_TMEMki/PLD3TMEM106B_Plate1_d14_TMEM561LAMP1640MAP2488DAPI405_C20_F4.nd2,15
21,25223,14,0.04119256234389248,0.8656354285714284,284.0993957519531,7165839.0,4.212989290369541,0.0,0.17598890744261075,True,,KI,C20,4,d14,Plate1,/Users/pmihack/claire/tmem_2026/data/cleaved_tmem_pld3_260821/d14/Z60_PLD_TMEMki/PLD3TMEM106B_Plate1_d14_TMEM561LAMP1640MAP2488DAPI405_C20_F4.nd2,15
22,11797,8,0.09095532762566755,1.5644339999999999,546.7161865234375,6449611.0,11.646546140134616,0.0,0.5802592136284332,True,,KI,C20,4,d14,Plate1,/Users/pmihack/claire/tmem_2026/data/cleaved_tmem_pld3_260821/d14/Z60_PLD_TMEMki/PLD3TMEM106B_Plate1_d14_TMEM561LAMP1640MAP2488DAPI405_C20_F4.nd2,15
23,35229,21,0.05186068296006131,1.014768,331.1552734375,11666269.0,2.500078802667079,0.0,0.19584911335235392,True,,KI,C20,4,d14,Plate1,/Users/pmihack/claire/tmem_2026/data/cleaved_tmem_pld3_260821/d14/Z60_PLD_TMEMki/PLD3TMEM106B_Plate1_d14_TMEM561LAMP1640MAP2488DAPI405_C20_F4.nd2,15
24,12759,8,0.052511952347362646,0.97686,388.8521728515625,4961365.0,9.939137596626152,0.0,0.2725435045445532,True,,KI,C20,4,d14,Plate1,/Users/pmihack/claire/tmem_2026/data/cleaved_tmem_pld3_260821/d14/Z60_PLD_TMEMki/PLD3TMEM106B_Plate1_d14_TMEM561LAMP1640MAP2488DAPI405_C20_F4.nd2,15
25,13153,28,0.058085607846118756,0.3182605714285714,608.362060546875,8001786.0,3.465377590627623,0.0,0.45935956144577966,True,,KI,C20,4,d14,Plate1,/Users/pmihack/claire/tmem_2026/data/cleaved_tmem_pld3_260821/d14/Z60_PLD_TMEMki/PLD3TMEM106B_Plate1_d14_TMEM561LAMP1640MAP2488DAPI405_C20_F4.nd2,15
1,13200,7,0.027424242424242424,0.6031954285714285,316.29461669921875,4175089.0,12.38291105932796,0.0,-0.016422432621630314,True,,KI,D20,1,d14,Plate1,/Users/pmihack/claire/tmem_2026/data/cleaved_tmem_pld3_260821/d14/Z60_PLD_TMEMki/PLD3TMEM106B_Plate1_d14_TMEM561LAMP1640MAP2488DAPI405_D20_F1.nd2,16
2,11551,10,0.01532334862782443,0.20645279999999996,338.7580261230469,3912994.0,0.8653799658046449,0.0,-0.027636872120236102,True,,KI,D20,1,d14,Plate1,/Users/pmihack/claire/tmem_2026/data/cleaved_tmem_pld3_260821/d14/Z60_PLD_TMEMki/PLD3TMEM106B_Plate1_d14_TMEM561LAMP1640MAP2488DAPI405_D20_F1.nd2,16
3,10139,7,0.06904033928395305,1.1663999999999999,506.7607116699219,5138047.0,10.527724682482768,0.0,0.09036073395406355,True,,KI,D20,1,d14,Plate1,/Users/pmihack/claire/tmem_2026/data/cleaved_tmem_pld3_260821/d14/Z60_PLD_TMEMki/PLD3TMEM106B_Plate1_d14_TMEM561LAMP1640MAP2488DAPI405_D20_F1.nd2,16
4,15720,18,0.03536895674300254,0.360288,433.45654296875,6813937.0,10.076616190054557,0.0,0.1394894527253298,True,,KI,D20,1,d14,Plate1,/Users/pmihack/claire/tmem_2026/data/cleaved_tmem_pld3_260821/d14/Z60_PLD_TMEMki/PLD3TMEM106B_Plate1_d14_TMEM561LAMP1640MAP2488DAPI405_D20_F1.nd2,16
5,10085,6,0.10550322260783342,2.068416,780.11767578125,7867487.0,8.092460434485906,0.0,-0.015133453574364897,True,,KI,D20,1,d14,Plate1,/Users/pmihack/claire/tmem_2026/data/cleaved_tmem_pld3_260821/d14/Z60_PLD_TMEMki/PLD3TMEM106B_Plate1_d14_TMEM561LAMP1640MAP2488DAPI405_D20_F1.nd2,16
6,11106,12,0.15235008103727715,1.6446239999999999,1064.3170166015625,11820305.0,2.224349283400998,0.0,0.017382183364694687,True,,KI,D20,1,d14,Plate1,/Users/pmihack/claire/tmem_2026/data/cleaved_tmem_pld3_260821/d14/Z60_PLD_TMEMki/PLD3TMEM106B_Plate1_d14_TMEM561LAMP1640MAP2488DAPI405_D20_F1.nd2,16
7,14408,17,0.043448084397556916,0.42950964705882344,452.8138427734375,6524142.0,14.822891165161113,0.0,0.023339558272216763,True,,KI,D20,1,d14,Plate1,/Users/pmihack/claire/tmem_2026/data/cleaved_tmem_pld3_260821/d14/Z60_PLD_TMEMki/PLD3TMEM106B_Plate1_d14_TMEM561LAMP1640MAP2488DAPI405_D20_F1.nd2,16
8,8916,13,0.06606101390758187,0.5284689230769231,600.1840209960938,5351241.0,0.8984321612510012,0.0,-0.003448216103683558,True,,KI,D20,1,d14,Plate1,/Users/pmihack/claire/tmem_2026/data/cleaved_tmem_pld3_260821/d14/Z60_PLD_TMEMki/PLD3TMEM106B_Plate1_d14_TMEM561LAMP1640MAP2488DAPI405_D20_F1.nd2,16
9,24122,18,0.029640991625901666,0.46331999999999995,330.0711669921875,7961977.0,15.991119130651553,0.0,0.06288385545782205,True,,KI,D20,1,d14,Plate1,/Users/pmihack/claire/tmem_2026/data/cleaved_tmem_pld3_260821/d14/Z60_PLD_TMEMki/PLD3TMEM106B_Plate1_d14_TMEM561LAMP1640MAP2488DAPI405_D20_F1.nd2,16
10,11516,23,0.02770059048280653,0.16177460869565216,501.4873352050781,5775128.0,0.6980254573675491,0.0,0.10548710671357055,True,,KI,D20,1,d14,Plate1,/Users/pmihack/claire/tmem_2026/data/cleaved_tmem_pld3_260821/d14/Z60_PLD_TMEMki/PLD3TMEM106B_Plate1_d14_TMEM561LAMP1640MAP2488DAPI405_D20_F1.nd2,16
11,12422,0,0.0,0.0,45.38616943359375,563787.0,,0.0,0.3070474584961316,True,,KI,D20,1,d14,Plate1,/Users/pmihack/claire/tmem_2026/data/cleaved_tmem_pld3_260821/d14/Z60_PLD_TMEMki/PLD3TMEM106B_Plate1_d14_TMEM561LAMP1640MAP2488DAPI405_D20_F1.nd2,16
12,16126,13,0.01525486791516805,0.22071876923076922,265.48760986328125,4281253.0,15.182188604552335,0.0,0.042452241701071536,True,,KI,D20,1,d14,Plate1,/Users/pmihack/claire/tmem_2026/data/cleaved_tmem_pld3_260821/d14/Z60_PLD_TMEMki/PLD3TMEM106B_Plate1_d14_TMEM561LAMP1640MAP2488DAPI405_D20_F1.nd2,16
13,8461,10,0.08060512941732656,0.7954848,739.7874755859375,6259342.0,28.43562672443824,0.0,0.043896818139062675,True,,KI,D20,1,d14,Plate1,/Users/pmihack/claire/tmem_2026/data/cleaved_tmem_pld3_260821/d14/Z60_PLD_TMEMki/PLD3TMEM106B_Plate1_d14_TMEM561LAMP1640MAP2488DAPI405_D20_F1.nd2,16
14,13571,8,0.005673863385159531,0.11226599999999999,179.69979858398438,2438706.0,3.5174502071152536,0.0,0.013777999835762077,True,,KI,D20,1,d14,Plate1,/Users/pmihack/claire/tmem_2026/data/cleaved_tmem_pld3_260821/d14/Z60_PLD_TMEMki/PLD3TMEM106B_Plate1_d14_TMEM561LAMP1640MAP2488DAPI405_D20_F1.nd2,16
15,8201,4,0.0030484087306426044,0.07289999999999999,155.82818603515625,1277947.0,32.39839187834378,0.0,-0.023363149458753202,True,,KI,D20,1,d14,Plate1,/Users/pmihack/claire/tmem_2026/data/cleaved_tmem_pld3_260821/d14/Z60_PLD_TMEMki/PLD3TMEM106B_Plate1_d14_TMEM561LAMP1640MAP2488DAPI405_D20_F1.nd2,16
16,14923,15,0.033773369965824564,0.3919104,334.9956970214844,4999141.0,23.146823093313646,0.0,0.04425774312779824,True,,KI,D20,1,d14,Plate1,/Users/pmihack/claire/tmem_2026/data/cleaved_tmem_pld3_260821/d14/Z60_PLD_TMEMki/PLD3TMEM106B_Plate1_d14_TMEM561LAMP1640MAP2488DAPI405_D20_F1.nd2,16
17,13652,28,0.0902431878113097,0.513216,729.3287353515625,9956796.0,0.9303427248531566,0.0,-0.00431407962549299,True,,KI,D20,1,d14,Plate1,/Users/pmihack/claire/tmem_2026/data/cleaved_tmem_pld3_260821/d14/Z60_PLD_TMEMki/PLD3TMEM106B_Plate1_d14_TMEM561LAMP1640MAP2488DAPI405_D20_F1.nd2,16
18,13482,5,0.029446669633585523,0.9261216,370.78399658203125,4998910.0,18.501593451071248,0.0,0.07455148660444569,True,,KI,D20,1,d14,Plate1,/Users/pmihack/claire/tmem_2026/data/cleaved_tmem_pld3_260821/d14/Z60_PLD_TMEMki/PLD3TMEM106B_Plate1_d14_TMEM561LAMP1640MAP2488DAPI405_D20_F1.nd2,16
19,14200,5,0.007253521126760564,0.2402784,77.12528228759766,1095179.0,19.426572227511194,0.03785773739218712,0.7037067887621563,True,,KI,D20,1,d14,Plate1,/Users/pmihack/claire/tmem_2026/data/cleaved_tmem_pld3_260821/d14/Z60_PLD_TMEMki/PLD3TMEM106B_Plate1_d14_TMEM561LAMP1640MAP2488DAPI405_D20_F1.nd2,16
20,14466,14,0.021844324623254526,0.26327314285714287,297.26019287109375,4300166.0,0.7805584680107152,0.0,0.07784283254404827,True,,KI,D20,1,d14,Plate1,/Users/pmihack/claire/tmem_2026/data/cleaved_tmem_pld3_260821/d14/Z60_PLD_TMEMki/PLD3TMEM106B_Plate1_d14_TMEM561LAMP1640MAP2488DAPI405_D20_F1.nd2,16
21,13656,3,0.0028558875219683658,0.151632,161.68637084960938,2207989.0,4.338436183633318,0.0,0.009213874718278585,True,,KI,D20,1,d14,Plate1,/Users/pmihack/claire/tmem_2026/data/cleaved_tmem_pld3_260821/d14/Z60_PLD_TMEMki/PLD3TMEM106B_Plate1_d14_TMEM561LAMP1640MAP2488DAPI405_D20_F1.nd2,16
22,13888,5,0.002880184331797235,0.09331199999999999,107.03240203857422,1486466.0,3.2776356747536592,0.0,-0.03884210388714233,True,,KI,D20,1,d14,Plate1,/Users/pmihack/claire/tmem_2026/data/cleaved_tmem_pld3_260821/d14/Z60_PLD_TMEMki/PLD3TMEM106B_Plate1_d14_TMEM561LAMP1640MAP2488DAPI405_D20_F1.nd2,16
1,10584,0,0.0,0.0,58.20417785644531,616033.0,,0.0,0.05841224134136473,True,,KI,D20,2,d14,Plate1,/Users/pmihack/claire/tmem_2026/data/cleaved_tmem_pld3_260821/d14/Z60_PLD_TMEMki/PLD3TMEM106B_Plate1_d14_TMEM561LAMP1640MAP2488DAPI405_D20_F2.nd2,13
2,10826,0,0.0,0.0,56.416221618652344,610762.0,,0.0,0.22874305047309573,True,,KI,D20,2,d14,Plate1,/Users/pmihack/claire/tmem_2026/data/cleaved_tmem_pld3_260821/d14/Z60_PLD_TMEMki/PLD3TMEM106B_Plate1_d14_TMEM561LAMP1640MAP2488DAPI405_D20_F2.nd2,13
3,10610,0,0.0,0.0,91.5722885131836,971582.0,,0.0,-0.04300794473458556,False,border,KI,D20,2,d14,Plate1,/Users/pmihack/claire/tmem_2026/data/cleaved_tmem_pld3_260821/d14/Z60_PLD_TMEMki/PLD3TMEM106B_Plate1_d14_TMEM561LAMP1640MAP2488DAPI405_D20_F2.nd2,13
4,10364,0,0.0,0.0,41.63759231567383,431532.0,,0.0,0.04608803042461989,True,,KI,D20,2,d14,Plate1,/Users/pmihack/claire/tmem_2026/data/cleaved_tmem_pld3_260821/d14/Z60_PLD_TMEMki/PLD3TMEM106B_Plate1_d14_TMEM561LAMP1640MAP2488DAPI405_D20_F2.nd2,13
5,8975,1,0.0005571030640668524,0.05832,130.62451171875,1172355.0,10.136141814344162,0.012483419850468636,0.6440000793518594,True,,KI,D20,2,d14,Plate1,/Users/pmihack/claire/tmem_2026/data/cleaved_tmem_pld3_260821/d14/Z60_PLD_TMEMki/PLD3TMEM106B_Plate1_d14_TMEM561LAMP1640MAP2488DAPI405_D20_F2.nd2,13
6,10397,0,0.0,0.0,31.979032516479492,332486.0,,0.0,0.02352303897209336,True,,KI,D20,2,d14,Plate1,/Users/pmihack/claire/tmem_2026/data/cleaved_tmem_pld3_260821/d14/Z60_PLD_TMEMki/PLD3TMEM106B_Plate1_d14_TMEM561LAMP1640MAP2488DAPI405_D20_F2.nd2,13
7,2641,1,0.001893222264293828,0.05832,150.14463806152344,396532.0,35.418300914007666,0.022797655314207077,0.811722587741181,True,,KI,D20,2,d14,Plate1,/Users/pmihack/claire/tmem_2026/data/cleaved_tmem_pld3_260821/d14/Z60_PLD_TMEMki/PLD3TMEM106B_Plate1_d14_TMEM561LAMP1640MAP2488DAPI405_D20_F2.nd2,13
8,11746,0,0.0,0.0,65.8897476196289,773941.0,,0.0,-0.07282002182259102,True,,KI,D20,2,d14,Plate1,/Users/pmihack/claire/tmem_2026/data/cleaved_tmem_pld3_260821/d14/Z60_PLD_TMEMki/PLD3TMEM106B_Plate1_d14_TMEM561LAMP1640MAP2488DAPI405_D20_F2.nd2,13
9,4221,2,0.0035536602700781805,0.08747999999999999,204.00497436523438,861105.0,37.18991405779313,0.0,0.3164583291739906,True,,KI,D20,2,d14,Plate1,/Users/pmihack/claire/tmem_2026/data/cleaved_tmem_pld3_260821/d14/Z60_PLD_TMEMki/PLD3TMEM106B_Plate1_d14_TMEM561LAMP1640MAP2488DAPI405_D20_F2.nd2,13
10,4584,0,0.0,0.0,31.736038208007812,145478.0,,0.0,0.2606047194321799,True,,KI,D20,2,d14,Plate1,/Users/pmihack/claire/tmem_2026/data/cleaved_tmem_pld3_260821/d14/Z60_PLD_TMEMki/PLD3TMEM106B_Plate1_d14_TMEM561LAMP1640MAP2488DAPI405_D20_F2.nd2,13
11,6359,0,0.0,0.0,207.98805236816406,1322596.0,,0.0,0.05635251503525512,False,border,KI,D20,2,d14,Plate1,/Users/pmihack/claire/tmem_2026/data/cleaved_tmem_pld3_260821/d14/Z60_PLD_TMEMki/PLD3TMEM106B_Plate1_d14_TMEM561LAMP1640MAP2488DAPI405_D20_F2.nd2,13
1,11287,0,0.0,0.0,30.42606544494629,343419.0,,0.0,0.007997158962288278,True,,KI,D20,3,d14,Plate1,/Users/pmihack/claire/tmem_2026/data/cleaved_tmem_pld3_260821/d14/Z60_PLD_TMEMki/PLD3TMEM106B_Plate1_d14_TMEM561LAMP1640MAP2488DAPI405_D20_F3.nd2,11
2,15069,2,0.007697922888048311,0.6765119999999999,86.6362075805664,1305521.0,0.7337116768381139,0.0,0.005417923949340545,True,,KI,D20,3,d14,Plate1,/Users/pmihack/claire/tmem_2026/data/cleaved_tmem_pld3_260821/d14/Z60_PLD_TMEMki/PLD3TMEM106B_Plate1_d14_TMEM561LAMP1640MAP2488DAPI405_D20_F3.nd2,11
3,9982,0,0.0,0.0,56.30575180053711,562044.0,,0.0,0.3642478252840739,True,,KI,D20,3,d14,Plate1,/Users/pmihack/claire/tmem_2026/data/cleaved_tmem_pld3_260821/d14/Z60_PLD_TMEMki/PLD3TMEM106B_Plate1_d14_TMEM561LAMP1640MAP2488DAPI405_D20_F3.nd2,11
4,12968,0,0.0,0.0,42.59546661376953,552378.0,,0.0,-0.01974155371414378,True,,KI,D20,3,d14,Plate1,/Users/pmihack/claire/tmem_2026/data/cleaved_tmem_pld3_260821/d14/Z60_PLD_TMEMki/PLD3TMEM106B_Plate1_d14_TMEM561LAMP1640MAP2488DAPI405_D20_F3.nd2,11
5,9265,6,0.01208850512682137,0.217728,479.9962158203125,4447165.0,31.840351990422782,0.0,-0.041393866412256966,True,,KI,D20,3,d14,Plate1,/Users/pmihack/claire/tmem_2026/data/cleaved_tmem_pld3_260821/d14/Z60_PLD_TMEMki/PLD3TMEM106B_Plate1_d14_TMEM561LAMP1640MAP2488DAPI405_D20_F3.nd2,11
6,13665,15,0.016392242956458105,0.1741824,335.3610534667969,4582709.0,3.338651979791089,0.0,-0.026728438817486797,True,,KI,D20,3,d14,Plate1,/Users/pmihack/claire/tmem_2026/data/cleaved_tmem_pld3_260821/d14/Z60_PLD_TMEMki/PLD3TMEM106B_Plate1_d14_TMEM561LAMP1640MAP2488DAPI405_D20_F3.nd2,11
7,1592,7,0.03957286432160804,0.10497599999999999,1161.5828857421875,1849240.0,35.73139832009549,0.0,-0.04012338598238387,False,size_outlier,KI,D20,3,d14,Plate1,/Users/pmihack/claire/tmem_2026/data/cleaved_tmem_pld3_260821/d14/Z60_PLD_TMEMki/PLD3TMEM106B_Plate1_d14_TMEM561LAMP1640MAP2488DAPI405_D20_F3.nd2,11
8,9557,1,0.0003139060374594538,0.034991999999999995,157.64695739746094,1506632.0,3.701525865265731,0.0,0.07804495658876108,True,,KI,D20,3,d14,Plate1,/Users/pmihack/claire/tmem_2026/data/cleaved_tmem_pld3_260821/d14/Z60_PLD_TMEMki/PLD3TMEM106B_Plate1_d14_TMEM561LAMP1640MAP2488DAPI405_D20_F3.nd2,11
9,6714,9,0.012064343163538873,0.10497599999999999,655.1968994140625,4398992.0,5.944132137757753,0.0,0.14415805886087107,True,,KI,D20,3,d14,Plate1,/Users/pmihack/claire/tmem_2026/data/cleaved_tmem_pld3_260821/d14/Z60_PLD_TMEMki/PLD3TMEM106B_Plate1_d14_TMEM561LAMP1640MAP2488DAPI405_D20_F3.nd2,11
10,8008,0,0.0,0.0,54.30494689941406,434874.0,,0.0,0.06191345201892903,False,border,KI,D20,3,d14,Plate1,/Users/pmihack/claire/tmem_2026/data/cleaved_tmem_pld3_260821/d14/Z60_PLD_TMEMki/PLD3TMEM106B_Plate1_d14_TMEM561LAMP1640MAP2488DAPI405_D20_F3.nd2,11
11,11207,10,0.014901400910145446,0.19478879999999998,489.6441650390625,5487442.0,4.069458926287268,0.0,0.0673904802214842,True,,KI,D20,3,d14,Plate1,/Users/pmihack/claire/tmem_2026/data/cleaved_tmem_pld3_260821/d14/Z60_PLD_TMEMki/PLD3TMEM106B_Plate1_d14_TMEM561LAMP1640MAP2488DAPI405_D20_F3.nd2,11
12,4561,0,0.0,0.0,6.983775615692139,31853.0,,0.0,0.371041572632474,True,,KI,D20,3,d14,Plate1,/Users/pmihack/claire/tmem_2026/data/cleaved_tmem_pld3_260821/d14/Z60_PLD_TMEMki/PLD3TMEM106B_Plate1_d14_TMEM561LAMP1640MAP2488DAPI405_D20_F3.nd2,11
13,13673,11,0.017991662400351056,0.2608494545454545,417.04974365234375,5702321.0,8.271091181654887,0.0,0.2211659530195637,True,,KI,D20,3,d14,Plate1,/Users/pmihack/claire/tmem_2026/data/cleaved_tmem_pld3_260821/d14/Z60_PLD_TMEMki/PLD3TMEM106B_Plate1_d14_TMEM561LAMP1640MAP2488DAPI405_D20_F3.nd2,11
14,9515,13,0.04466631634261692,0.38132307692307693,547.0525512695312,5205205.0,16.599561153417262,0.004737373441457748,0.1831848788057363,True,,KI,D20,3,d14,Plate1,/Users/pmihack/claire/tmem_2026/data/cleaved_tmem_pld3_260821/d14/Z60_PLD_TMEMki/PLD3TMEM106B_Plate1_d14_TMEM561LAMP1640MAP2488DAPI405_D20_F3.nd2,11
15,20098,5,0.0027863469001890733,0.13063679999999997,101.20673370361328,2034053.0,7.601282870968343,0.0,0.194367728509724,True,,KI,D20,3,d14,Plate1,/Users/pmihack/claire/tmem_2026/data/cleaved_tmem_pld3_260821/d14/Z60_PLD_TMEMki/PLD3TMEM106B_Plate1_d14_TMEM561LAMP1640MAP2488DAPI405_D20_F3.nd2,11
16,9680,12,0.07727272727272727,0.7270559999999999,734.284423828125,7107873.0,14.063403452710027,0.0,-0.06746444228328827,True,,KI,D20,3,d14,Plate1,/Users/pmihack/claire/tmem_2026/data/cleaved_tmem_pld3_260821/d14/Z60_PLD_TMEMki/PLD3TMEM106B_Plate1_d14_TMEM561LAMP1640MAP2488DAPI405_D20_F3.nd2,11
17,8672,14,0.09571033210332103,0.6915085714285714,972.574462890625,8434166.0,12.687724116091914,0.0,0.38177173641804163,True,,KI,D20,3,d14,Plate1,/Users/pmihack/claire/tmem_2026/data/cleaved_tmem_pld3_260821/d14/Z60_PLD_TMEMki/PLD3TMEM106B_Plate1_d14_TMEM561LAMP1640MAP2488DAPI405_D20_F3.nd2,11
18,21382,16,0.011738845758114302,0.18297899999999998,229.37686157226562,4904536.0,8.69121506039278,0.0,0.390163332201923,True,,KI,D20,3,d14,Plate1,/Users/pmihack/claire/tmem_2026/data/cleaved_tmem_pld3_260821/d14/Z60_PLD_TMEMki/PLD3TMEM106B_Plate1_d14_TMEM561LAMP1640MAP2488DAPI405_D20_F3.nd2,11
1,15906,14,0.07236263045391676,0.9589474285714285,497.029052734375,7905744.0,0.6126167163385723,0.0,0.13531768889862877,True,,KI,D20,4,d14,Plate1,/Users/pmihack/claire/tmem_2026/data/cleaved_tmem_pld3_260821/d14/Z60_PLD_TMEMki/PLD3TMEM106B_Plate1_d14_TMEM561LAMP1640MAP2488DAPI405_D20_F4.nd2,12
2,23521,14,0.052548786191063304,1.0297645714285715,427.8228759765625,10062822.0,0.6854129907746827,0.0002530105412006378,0.34228926714189795,True,,KI,D20,4,d14,Plate1,/Users/pmihack/claire/tmem_2026/data/cleaved_tmem_pld3_260821/d14/Z60_PLD_TMEMki/PLD3TMEM106B_Plate1_d14_TMEM561LAMP1640MAP2488DAPI405_D20_F4.nd2,12
3,10974,2,0.1271186440677966,8.135639999999999,822.6104125976562,9027327.0,8.12162363849727,0.0,0.1666541372010641,True,,KI,D20,4,d14,Plate1,/Users/pmihack/claire/tmem_2026/data/cleaved_tmem_pld3_260821/d14/Z60_PLD_TMEMki/PLD3TMEM106B_Plate1_d14_TMEM561LAMP1640MAP2488DAPI405_D20_F4.nd2,12
4,7656,7,0.18769592476489028,2.394452571428571,1086.46630859375,8317986.0,8.337309597248908,0.0,0.3623049531832668,True,,KI,D20,4,d14,Plate1,/Users/pmihack/claire/tmem_2026/data/cleaved_tmem_pld3_260821/d14/Z60_PLD_TMEMki/PLD3TMEM106B_Plate1_d14_TMEM561LAMP1640MAP2488DAPI405_D20_F4.nd2,12
5,15256,14,0.20818038804404823,2.646061714285714,1244.9769287109375,18993368.0,2.0345143247279482,0.0,0.3622950680273819,True,,KI,D20,4,d14,Plate1,/Users/pmihack/claire/tmem_2026/data/cleaved_tmem_pld3_260821/d14/Z60_PLD_TMEMki/PLD3TMEM106B_Plate1_d14_TMEM561LAMP1640MAP2488DAPI405_D20_F4.nd2,12
6,8362,10,0.009925855058598422,0.0968112,201.15342712402344,1682045.0,9.90722346147405,0.0,0.1923839086043254,True,,KI,D20,4,d14,Plate1,/Users/pmihack/claire/tmem_2026/data/cleaved_tmem_pld3_260821/d14/Z60_PLD_TMEMki/PLD3TMEM106B_Plate1_d14_TMEM561LAMP1640MAP2488DAPI405_D20_F4.nd2,12
7,12064,18,0.15036472148541113,1.1754719999999999,1001.3622436523438,12080434.0,6.063845994721372,0.0,0.3707129318196854,True,,KI,D20,4,d14,Plate1,/Users/pmihack/claire/tmem_2026/data/cleaved_tmem_pld3_260821/d14/Z60_PLD_TMEMki/PLD3TMEM106B_Plate1_d14_TMEM561LAMP1640MAP2488DAPI405_D20_F4.nd2,12
8,4793,5,0.01418735656165241,0.15863039999999998,210.98623657226562,1011257.0,14.666583779292006,0.0,0.30262324154867726,True,,KI,D20,4,d14,Plate1,/Users/pmihack/claire/tmem_2026/data/cleaved_tmem_pld3_260821/d14/Z60_PLD_TMEMki/PLD3TMEM106B_Plate1_d14_TMEM561LAMP1640MAP2488DAPI405_D20_F4.nd2,12
9,5432,1,0.002577319587628866,0.163296,132.5944366455078,720253.0,25.05731115923335,0.01990967057645321,0.6415807944113369,True,,KI,D20,4,d14,Plate1,/Users/pmihack/claire/tmem_2026/data/cleaved_tmem_pld3_260821/d14/Z60_PLD_TMEMki/PLD3TMEM106B_Plate1_d14_TMEM561LAMP1640MAP2488DAPI405_D20_F4.nd2,12
10,22239,20,0.1622824767300688,2.1047687999999996,988.8822631835938,21991752.0,3.486854900470152,0.0,0.43616052881017353,True,,KI,D20,4,d14,Plate1,/Users/pmihack/claire/tmem_2026/data/cleaved_tmem_pld3_260821/d14/Z60_PLD_TMEMki/PLD3TMEM106B_Plate1_d14_TMEM561LAMP1640MAP2488DAPI405_D20_F4.nd2,12
11,7385,7,0.13175355450236967,1.6212959999999998,893.4577026367188,6598185.0,4.980049034509587,0.0,0.3909217455871385,True,,KI,D20,4,d14,Plate1,/Users/pmihack/claire/tmem_2026/data/cleaved_tmem_pld3_260821/d14/Z60_PLD_TMEMki/PLD3TMEM106B_Plate1_d14_TMEM561LAMP1640MAP2488DAPI405_D20_F4.nd2,12
12,13625,12,0.13592660550458716,1.800144,845.4759521484375,11519610.0,9.305895210472961,0.0,0.42474294828478243,True,,KI,D20,4,d14,Plate1,/Users/pmihack/claire/tmem_2026/data/cleaved_tmem_pld3_260821/d14/Z60_PLD_TMEMki/PLD3TMEM106B_Plate1_d14_TMEM561LAMP1640MAP2488DAPI405_D20_F4.nd2,12
13,33,0,0.0,0.0,116.39393615722656,3841.0,,0.0,-0.13605095127189298,False,size_outlier,KI,D20,4,d14,Plate1,/Users/pmihack/claire/tmem_2026/data/cleaved_tmem_pld3_260821/d14/Z60_PLD_TMEMki/PLD3TMEM106B_Plate1_d14_TMEM561LAMP1640MAP2488DAPI405_D20_F4.nd2,12
14,21377,27,0.04177386911166207,0.385776,458.1930236816406,9794792.0,7.972160432185128,0.0,0.28293884317160584,True,,KI,D20,4,d14,Plate1,/Users/pmihack/claire/tmem_2026/data/cleaved_tmem_pld3_260821/d14/Z60_PLD_TMEMki/PLD3TMEM106B_Plate1_d14_TMEM561LAMP1640MAP2488DAPI405_D20_F4.nd2,12
15,10878,2,0.0006435006435006435,0.040824,168.2198944091797,1829896.0,5.52760114037187,0.0,0.25100379761598524,True,,KI,D20,4,d14,Plate1,/Users/pmihack/claire/tmem_2026/data/cleaved_tmem_pld3_260821/d14/Z60_PLD_TMEMki/PLD3TMEM106B_Plate1_d14_TMEM561LAMP1640MAP2488DAPI405_D20_F4.nd2,12
16,12472,21,0.08507055805003207,0.5893097142857142,672.967529296875,8393251.0,12.344940285040302,0.0,0.1815871820339115,True,,KI,D20,4,d14,Plate1,/Users/pmihack/claire/tmem_2026/data/cleaved_tmem_pld3_260821/d14/Z60_PLD_TMEMki/PLD3TMEM106B_Plate1_d14_TMEM561LAMP1640MAP2488DAPI405_D20_F4.nd2,12
17,32484,29,0.08585765299839922,1.1217550344827585,625.6519775390625,20323678.0,4.792017387737593,0.0,0.41892828710583174,True,,KI,D20,4,d14,Plate1,/Users/pmihack/claire/tmem_2026/data/cleaved_tmem_pld3_260821/d14/Z60_PLD_TMEMki/PLD3TMEM106B_Plate1_d14_TMEM561LAMP1640MAP2488DAPI405_D20_F4.nd2,12
18,12097,1,0.0004959907415061585,0.06998399999999999,31.361907958984375,379385.0,12.177711766240837,0.0,0.4218555778817209,True,,KI,D20,4,d14,Plate1,/Users/pmihack/claire/tmem_2026/data/cleaved_tmem_pld3_260821/d14/Z60_PLD_TMEMki/PLD3TMEM106B_Plate1_d14_TMEM561LAMP1640MAP2488DAPI405_D20_F4.nd2,12
19,11149,18,0.1532872903399408,1.107432,1119.6202392578125,12482646.0,6.5081115035065045,0.0,0.4796190630250878,True,,KI,D20,4,d14,Plate1,/Users/pmihack/claire/tmem_2026/data/cleaved_tmem_pld3_260821/d14/Z60_PLD_TMEMki/PLD3TMEM106B_Plate1_d14_TMEM561LAMP1640MAP2488DAPI405_D20_F4.nd2,12
20,20771,23,0.10124693081700448,1.066495304347826,697.2705078125,14483006.0,4.513990759356048,0.005439892876893282,0.3156733659288089,True,,KI,D20,4,d14,Plate1,/Users/pmihack/claire/tmem_2026/data/cleaved_tmem_pld3_260821/d14/Z60_PLD_TMEMki/PLD3TMEM106B_Plate1_d14_TMEM561LAMP1640MAP2488DAPI405_D20_F4.nd2,12
21,6473,5,0.1892476440599413,2.8576799999999998,1130.2025146484375,7315801.0,9.334261042077989,0.0,0.5212130551559562,True,,KI,D20,4,d14,Plate1,/Users/pmihack/claire/tmem_2026/data/cleaved_tmem_pld3_260821/d14/Z60_PLD_TMEMki/PLD3TMEM106B_Plate1_d14_TMEM561LAMP1640MAP2488DAPI405_D20_F4.nd2,12
22,15889,32,0.09497136383661653,0.5500305,802.2730712890625,12747317.0,9.503128678511294,0.0,0.3781250242804479,True,,KI,D20,4,d14,Plate1,/Users/pmihack/claire/tmem_2026/data/cleaved_tmem_pld3_260821/d14/Z60_PLD_TMEMki/PLD3TMEM106B_Plate1_d14_TMEM561LAMP1640MAP2488DAPI405_D20_F4.nd2,12
23,18952,14,0.15243773744195863,2.406949714285714,895.892578125,16978956.0,3.111074157828124,0.0,0.6430426662859222,True,,KI,D20,4,d14,Plate1,/Users/pmihack/claire/tmem_2026/data/cleaved_tmem_pld3_260821/d14/Z60_PLD_TMEMki/PLD3TMEM106B_Plate1_d14_TMEM561LAMP1640MAP2488DAPI405_D20_F4.nd2,12
24,9423,3,0.005412289079910856,0.198288,213.7096405029297,2013786.0,30.00809094901398,0.0018274036701768637,0.029544403755804183,True,,KI,D20,4,d14,Plate1,/Users/pmihack/claire/tmem_2026/data/cleaved_tmem_pld3_260821/d14/Z60_PLD_TMEMki/PLD3TMEM106B_Plate1_d14_TMEM561LAMP1640MAP2488DAPI405_D20_F4.nd2,12
25,9773,13,0.0724444899212115,0.6352393846153845,692.2291870117188,6765156.0,9.552597745311292,0.0,0.09708911835542743,True,,KI,D20,4,d14,Plate1,/Users/pmihack/claire/tmem_2026/data/cleaved_tmem_pld3_260821/d14/Z60_PLD_TMEMki/PLD3TMEM106B_Plate1_d14_TMEM561LAMP1640MAP2488DAPI405_D20_F4.nd2,12
26,6487,0,0.0,0.0,76.52936553955078,496446.0,,0.0,0.21539489546445614,True,,KI,D20,4,d14,Plate1,/Users/pmihack/claire/tmem_2026/data/cleaved_tmem_pld3_260821/d14/Z60_PLD_TMEMki/PLD3TMEM106B_Plate1_d14_TMEM561LAMP1640MAP2488DAPI405_D20_F4.nd2,12
1,11333,10,0.06485484867201977,0.857304,677.5706176757812,7678908.0,2.1663070846316494,0.0,0.2607540445221194,True,,KI,E20,1,d14,Plate1,/Users/pmihack/claire/tmem_2026/data/cleaved_tmem_pld3_260821/d14/Z60_PLD_TMEMki/PLD3TMEM106B_Plate1_d14_TMEM561LAMP1640MAP2488DAPI405_E20_F1.nd2,10
2,6994,3,0.03131255361738633,0.8514719999999999,687.2565307617188,4806672.0,22.84919980659541,0.0,0.14743762548787187,True,,KI,E20,1,d14,Plate1,/Users/pmihack/claire/tmem_2026/data/cleaved_tmem_pld3_260821/d14/Z60_PLD_TMEMki/PLD3TMEM106B_Plate1_d14_TMEM561LAMP1640MAP2488DAPI405_E20_F1.nd2,10
3,2892,0,0.0,0.0,72.93568420410156,210930.0,,0.0,0.336076395901466,True,,KI,E20,1,d14,Plate1,/Users/pmihack/claire/tmem_2026/data/cleaved_tmem_pld3_260821/d14/Z60_PLD_TMEMki/PLD3TMEM106B_Plate1_d14_TMEM561LAMP1640MAP2488DAPI405_E20_F1.nd2,10
4,5929,11,0.07657277787147918,0.4814050909090909,1090.7816162109375,6467244.0,18.458705581056343,1.345240707451012e-05,0.2873244388960575,True,,KI,E20,1,d14,Plate1,/Users/pmihack/claire/tmem_2026/data/cleaved_tmem_pld3_260821/d14/Z60_PLD_TMEMki/PLD3TMEM106B_Plate1_d14_TMEM561LAMP1640MAP2488DAPI405_E20_F1.nd2,10
5,4210,5,0.08574821852731591,0.8421407999999999,1027.4691162109375,4325645.0,11.599416069363192,0.0010389202507212758,0.09357868160818768,True,,KI,E20,1,d14,Plate1,/Users/pmihack/claire/tmem_2026/data/cleaved_tmem_pld3_260821/d14/Z60_PLD_TMEMki/PLD3TMEM106B_Plate1_d14_TMEM561LAMP1640MAP2488DAPI405_E20_F1.nd2,10
6,20344,7,0.009437672040896579,0.3199268571428571,194.04547119140625,3947661.0,15.088669405881348,0.0010441625490784645,0.25687965742594515,True,,KI,E20,1,d14,Plate1,/Users/pmihack/claire/tmem_2026/data/cleaved_tmem_pld3_260821/d14/Z60_PLD_TMEMki/PLD3TMEM106B_Plate1_d14_TMEM561LAMP1640MAP2488DAPI405_E20_F1.nd2,10
7,13420,4,0.010655737704918032,0.41698799999999997,232.961181640625,3126339.0,15.626787721897333,0.0,0.419735334311683,True,,KI,E20,1,d14,Plate1,/Users/pmihack/claire/tmem_2026/data/cleaved_tmem_pld3_260821/d14/Z60_PLD_TMEMki/PLD3TMEM106B_Plate1_d14_TMEM561LAMP1640MAP2488DAPI405_E20_F1.nd2,10
8,3203,0,0.0,0.0,70.24945068359375,225009.0,,0.0,0.19902485139794632,True,,KI,E20,1,d14,Plate1,/Users/pmihack/claire/tmem_2026/data/cleaved_tmem_pld3_260821/d14/Z60_PLD_TMEMki/PLD3TMEM106B_Plate1_d14_TMEM561LAMP1640MAP2488DAPI405_E20_F1.nd2,10
9,15492,10,0.022334107926671832,0.4035744,323.9211730957031,5018187.0,8.624714956006166,0.006754630710929632,0.314320521137008,True,,KI,E20,1,d14,Plate1,/Users/pmihack/claire/tmem_2026/data/cleaved_tmem_pld3_260821/d14/Z60_PLD_TMEMki/PLD3TMEM106B_Plate1_d14_TMEM561LAMP1640MAP2488DAPI405_E20_F1.nd2,10
10,10873,0,0.0,0.0,11.446427345275879,124457.0,,0.0,0.0939889406512434,True,,KI,E20,1,d14,Plate1,/Users/pmihack/claire/tmem_2026/data/cleaved_tmem_pld3_260821/d14/Z60_PLD_TMEMki/PLD3TMEM106B_Plate1_d14_TMEM561LAMP1640MAP2488DAPI405_E20_F1.nd2,10
11,9289,3,0.011303692539562924,0.40824,237.893310546875,2209791.0,9.108240620083945,0.03232342004776001,0.3176806864590384,True,,KI,E20,1,d14,Plate1,/Users/pmihack/claire/tmem_2026/data/cleaved_tmem_pld3_260821/d14/Z60_PLD_TMEMki/PLD3TMEM106B_Plate1_d14_TMEM561LAMP1640MAP2488DAPI405_E20_F1.nd2,10
12,6097,0,0.0,0.0,2.559783458709717,15607.0,,0.0008329595439136028,0.02597156156137484,True,,KI,E20,1,d14,Plate1,/Users/pmihack/claire/tmem_2026/data/cleaved_tmem_pld3_260821/d14/Z60_PLD_TMEMki/PLD3TMEM106B_Plate1_d14_TMEM561LAMP1640MAP2488DAPI405_E20_F1.nd2,10
13,25674,11,0.011957622497468255,0.32553163636363636,201.33578491210938,5169095.0,8.609202364668697,0.0,0.16984720087297675,True,,KI,E20,1,d14,Plate1,/Users/pmihack/claire/tmem_2026/data/cleaved_tmem_pld3_260821/d14/Z60_PLD_TMEMki/PLD3TMEM106B_Plate1_d14_TMEM561LAMP1640MAP2488DAPI405_E20_F1.nd2,10
14,10876,0,0.0,0.0,91.03190612792969,990063.0,,0.11624209582805634,0.3592226436423089,True,,KI,E20,1,d14,Plate1,/Users/pmihack/claire/tmem_2026/data/cleaved_tmem_pld3_260821/d14/Z60_PLD_TMEMki/PLD3TMEM106B_Plate1_d14_TMEM561LAMP1640MAP2488DAPI405_E20_F1.nd2,10
15,5110,0,0.0,0.0,7.55577278137207,38610.0,,0.0,0.12417072985922517,True,,KI,E20,1,d14,Plate1,/Users/pmihack/claire/tmem_2026/data/cleaved_tmem_pld3_260821/d14/Z60_PLD_TMEMki/PLD3TMEM106B_Plate1_d14_TMEM561LAMP1640MAP2488DAPI405_E20_F1.nd2,10
1,7294,0,0.0,0.0,20.492733001708984,149474.0,,0.0044087935239076614,0.06898969168549669,True,,KI,E20,2,d14,Plate1,/Users/pmihack/claire/tmem_2026/data/cleaved_tmem_pld3_260821/d14/Z60_PLD_TMEMki/PLD3TMEM106B_Plate1_d14_TMEM561LAMP1640MAP2488DAPI405_E20_F2.nd2,15
2,10853,13,0.04616235142356952,0.44951261538461534,310.9138488769531,3374348.0,1.9323399896158997,0.0,0.26563990039244734,True,,KI,E20,2,d14,Plate1,/Users/pmihack/claire/tmem_2026/data/cleaved_tmem_pld3_260821/d14/Z60_PLD_TMEMki/PLD3TMEM106B_Plate1_d14_TMEM561LAMP1640MAP2488DAPI405_E20_F2.nd2,15
3,13989,9,0.0676245621559797,1.226016,422.1016540527344,5904780.0,10.986476380320306,0.0004088213318027556,0.5386074954831415,True,,KI,E20,2,d14,Plate1,/Users/pmihack/claire/tmem_2026/data/cleaved_tmem_pld3_260821/d14/Z60_PLD_TMEMki/PLD3TMEM106B_Plate1_d14_TMEM561LAMP1640MAP2488DAPI405_E20_F2.nd2,15
4,7940,10,0.023173803526448364,0.21461759999999996,216.11549377441406,1715957.0,13.679574088817846,0.0,0.6100598426554158,True,,KI,E20,2,d14,Plate1,/Users/pmihack/claire/tmem_2026/data/cleaved_tmem_pld3_260821/d14/Z60_PLD_TMEMki/PLD3TMEM106B_Plate1_d14_TMEM561LAMP1640MAP2488DAPI405_E20_F2.nd2,15
5,11396,0,0.0,0.0,90.47113037109375,1031009.0,,0.0,0.17460674527649558,True,,KI,E20,2,d14,Plate1,/Users/pmihack/claire/tmem_2026/data/cleaved_tmem_pld3_260821/d14/Z60_PLD_TMEMki/PLD3TMEM106B_Plate1_d14_TMEM561LAMP1640MAP2488DAPI405_E20_F2.nd2,15
6,12201,5,0.004671748217359233,0.1329696,91.36373901367188,1114729.0,7.852448321616988,0.0,0.519632579938486,True,,KI,E20,2,d14,Plate1,/Users/pmihack/claire/tmem_2026/data/cleaved_tmem_pld3_260821/d14/Z60_PLD_TMEMki/PLD3TMEM106B_Plate1_d14_TMEM561LAMP1640MAP2488DAPI405_E20_F2.nd2,15
7,7014,4,0.0249500998003992,0.5103,191.0979461669922,1340361.0,4.607130875546736,0.0,0.48622840788445404,True,,KI,E20,2,d14,Plate1,/Users/pmihack/claire/tmem_2026/data/cleaved_tmem_pld3_260821/d14/Z60_PLD_TMEMki/PLD3TMEM106B_Plate1_d14_TMEM561LAMP1640MAP2488DAPI405_E20_F2.nd2,15
8,2749,0,0.0,0.0,86.65624237060547,238218.0,,0.0,0.21590458325569128,True,,KI,E20,2,d14,Plate1,/Users/pmihack/claire/tmem_2026/data/cleaved_tmem_pld3_260821/d14/Z60_PLD_TMEMki/PLD3TMEM106B_Plate1_d14_TMEM561LAMP1640MAP2488DAPI405_E20_F2.nd2,15
9,12446,0,0.0,0.0,6.466495037078857,80482.0,,0.0,0.3516191092334777,True,,KI,E20,2,d14,Plate1,/Users/pmihack/claire/tmem_2026/data/cleaved_tmem_pld3_260821/d14/Z60_PLD_TMEMki/PLD3TMEM106B_Plate1_d14_TMEM561LAMP1640MAP2488DAPI405_E20_F2.nd2,15
10,16346,10,0.011378930625229414,0.2169504,122.23136901855469,1997994.0,23.233258152809427,0.0,0.15432905885174203,True,,KI,E20,2,d14,Plate1,/Users/pmihack/claire/tmem_2026/data/cleaved_tmem_pld3_260821/d14/Z60_PLD_TMEMki/PLD3TMEM106B_Plate1_d14_TMEM561LAMP1640MAP2488DAPI405_E20_F2.nd2,15
11,5435,6,0.048390064397424104,0.511272,329.3998107910156,1790288.0,20.79831426667932,0.0,0.18205984708905773,True,,KI,E20,2,d14,Plate1,/Users/pmihack/claire/tmem_2026/data/cleaved_tmem_pld3_260821/d14/Z60_PLD_TMEMki/PLD3TMEM106B_Plate1_d14_TMEM561LAMP1640MAP2488DAPI405_E20_F2.nd2,15
12,8034,15,0.05389594224545681,0.33670079999999997,443.49700927734375,3563055.0,0.7294032411929062,2.55398808803875e-05,0.5720015391155678,True,,KI,E20,2,d14,Plate1,/Users/pmihack/claire/tmem_2026/data/cleaved_tmem_pld3_260821/d14/Z60_PLD_TMEMki/PLD3TMEM106B_Plate1_d14_TMEM561LAMP1640MAP2488DAPI405_E20_F2.nd2,15
13,5356,11,0.06478715459297983,0.3679461818181818,483.25897216796875,2588335.0,1.0024156645506828,0.001651640865020454,-0.024729689558002112,True,,KI,E20,2,d14,Plate1,/Users/pmihack/claire/tmem_2026/data/cleaved_tmem_pld3_260821/d14/Z60_PLD_TMEMki/PLD3TMEM106B_Plate1_d14_TMEM561LAMP1640MAP2488DAPI405_E20_F2.nd2,15
14,19130,8,0.004547830632514375,0.126846,94.14971160888672,1801084.0,24.733813607398915,6.607131945202127e-05,0.2258650032865619,True,,KI,E20,2,d14,Plate1,/Users/pmihack/claire/tmem_2026/data/cleaved_tmem_pld3_260821/d14/Z60_PLD_TMEMki/PLD3TMEM106B_Plate1_d14_TMEM561LAMP1640MAP2488DAPI405_E20_F2.nd2,15
15,12404,15,0.11834891970332151,1.1415167999999998,715.8410034179688,8879292.0,19.157574974697205,0.016814403235912323,0.3630374742875956,True,,KI,E20,2,d14,Plate1,/Users/pmihack/claire/tmem_2026/data/cleaved_tmem_pld3_260821/d14/Z60_PLD_TMEMki/PLD3TMEM106B_Plate1_d14_TMEM561LAMP1640MAP2488DAPI405_E20_F2.nd2,15
16,13516,22,0.06126072802604321,0.43899054545454536,441.6874694824219,5969848.0,8.719915570935235,0.07865443080663681,0.4141190111281755,True,,KI,E20,2,d14,Plate1,/Users/pmihack/claire/tmem_2026/data/cleaved_tmem_pld3_260821/d14/Z60_PLD_TMEMki/PLD3TMEM106B_Plate1_d14_TMEM561LAMP1640MAP2488DAPI405_E20_F2.nd2,15
17,15061,15,0.03744771263528318,0.43856639999999997,274.8974304199219,4140230.0,5.648815430032364,0.0,0.3417567194574436,False,border,KI,E20,2,d14,Plate1,/Users/pmihack/claire/tmem_2026/data/cleaved_tmem_pld3_260821/d14/Z60_PLD_TMEMki/PLD3TMEM106B_Plate1_d14_TMEM561LAMP1640MAP2488DAPI405_E20_F2.nd2,15
1,11613,0,0.0,0.0,88.34745788574219,1025979.0,,0.0,-0.006875464757050926,True,,KI,E20,3,d14,Plate1,/Users/pmihack/claire/tmem_2026/data/cleaved_tmem_pld3_260821/d14/Z60_PLD_TMEMki/PLD3TMEM106B_Plate1_d14_TMEM561LAMP1640MAP2488DAPI405_E20_F3.nd2,14
2,19719,6,0.00867183934276586,0.332424,243.4084930419922,4799772.0,2.4409566517646306,0.010454454459249973,0.2665710682685802,True,,KI,E20,3,d14,Plate1,/Users/pmihack/claire/tmem_2026/data/cleaved_tmem_pld3_260821/d14/Z60_PLD_TMEMki/PLD3TMEM106B_Plate1_d14_TMEM561LAMP1640MAP2488DAPI405_E20_F3.nd2,14
3,23468,0,0.0,0.0,175.44204711914062,4117274.0,,0.0,0.20481947280101928,True,,KI,E20,3,d14,Plate1,/Users/pmihack/claire/tmem_2026/data/cleaved_tmem_pld3_260821/d14/Z60_PLD_TMEMki/PLD3TMEM106B_Plate1_d14_TMEM561LAMP1640MAP2488DAPI405_E20_F3.nd2,14
4,13188,0,0.0,0.0,52.617000579833984,693913.0,,0.001160087762400508,0.09624991744391727,True,,KI,E20,3,d14,Plate1,/Users/pmihack/claire/tmem_2026/data/cleaved_tmem_pld3_260821/d14/Z60_PLD_TMEMki/PLD3TMEM106B_Plate1_d14_TMEM561LAMP1640MAP2488DAPI405_E20_F3.nd2,14
5,9077,0,0.0,0.0,37.658477783203125,341826.0,,0.0,-0.03560361615886202,True,,KI,E20,3,d14,Plate1,/Users/pmihack/claire/tmem_2026/data/cleaved_tmem_pld3_260821/d14/Z60_PLD_TMEMki/PLD3TMEM106B_Plate1_d14_TMEM561LAMP1640MAP2488DAPI405_E20_F3.nd2,14
6,12963,0,0.0,0.0,103.7551498413086,1344978.0,,0.0004014935693703592,0.01638258352970513,True,,KI,E20,3,d14,Plate1,/Users/pmihack/claire/tmem_2026/data/cleaved_tmem_pld3_260821/d14/Z60_PLD_TMEMki/PLD3TMEM106B_Plate1_d14_TMEM561LAMP1640MAP2488DAPI405_E20_F3.nd2,14
7,16033,0,0.0,0.0,91.76941680908203,1471339.0,,0.0,-0.03893471060466511,True,,KI,E20,3,d14,Plate1,/Users/pmihack/claire/tmem_2026/data/cleaved_tmem_pld3_260821/d14/Z60_PLD_TMEMki/PLD3TMEM106B_Plate1_d14_TMEM561LAMP1640MAP2488DAPI405_E20_F3.nd2,14
8,11421,0,0.0,0.0,44.59828567504883,509357.0,,0.0,0.004166111162335109,True,,KI,E20,3,d14,Plate1,/Users/pmihack/claire/tmem_2026/data/cleaved_tmem_pld3_260821/d14/Z60_PLD_TMEMki/PLD3TMEM106B_Plate1_d14_TMEM561LAMP1640MAP2488DAPI405_E20_F3.nd2,14
9,16,0,0.0,0.0,3.25,52.0,,0.0,0.16173607069049786,False,size_outlier,KI,E20,3,d14,Plate1,/Users/pmihack/claire/tmem_2026/data/cleaved_tmem_pld3_260821/d14/Z60_PLD_TMEMki/PLD3TMEM106B_Plate1_d14_TMEM561LAMP1640MAP2488DAPI405_E20_F3.nd2,14
10,10258,0,0.0,0.0,39.308441162109375,403226.0,,0.0,-0.010544368698849301,True,,KI,E20,3,d14,Plate1,/Users/pmihack/claire/tmem_2026/data/cleaved_tmem_pld3_260821/d14/Z60_PLD_TMEMki/PLD3TMEM106B_Plate1_d14_TMEM561LAMP1640MAP2488DAPI405_E20_F3.nd2,14
11,9943,1,0.0013074524791310469,0.151632,102.1135482788086,1015315.0,16.597672722304594,0.03665463253855705,0.8078311919130159,True,,KI,E20,3,d14,Plate1,/Users/pmihack/claire/tmem_2026/data/cleaved_tmem_pld3_260821/d14/Z60_PLD_TMEMki/PLD3TMEM106B_Plate1_d14_TMEM561LAMP1640MAP2488DAPI405_E20_F3.nd2,14
1,7963,14,0.02888358658796936,0.19162285714285712,1563.17138671875,12447534.0,1.0459322508434141,0.0,0.6550535926135579,True,,KI,E20,4,d14,Plate1,/Users/pmihack/claire/tmem_2026/data/cleaved_tmem_pld3_260821/d14/Z60_PLD_TMEMki/PLD3TMEM106B_Plate1_d14_TMEM561LAMP1640MAP2488DAPI405_E20_F4.nd2,12
2,15815,8,0.011065444198545684,0.25515,590.3020629882812,9335627.0,7.559569259777529,0.0,0.5379350640715217,True,,KI,E20,4,d14,Plate1,/Users/pmihack/claire/tmem_2026/data/cleaved_tmem_pld3_260821/d14/Z60_PLD_TMEMki/PLD3TMEM106B_Plate1_d14_TMEM561LAMP1640MAP2488DAPI405_E20_F4.nd2,12
3,11657,12,0.01844385347859655,0.20898,928.844970703125,10827546.0,31.24474817476159,0.0,0.6168574938390488,True,,KI,E20,4,d14,Plate1,/Users/pmihack/claire/tmem_2026/data/cleaved_tmem_pld3_260821/d14/Z60_PLD_TMEMki/PLD3TMEM106B_Plate1_d14_TMEM561LAMP1640MAP2488DAPI405_E20_F4.nd2,12
4,20412,9,0.00832843425436018,0.22032,540.0452880859375,11023405.0,5.056607646669731,0.0,0.3503074139600326,True,,KI,E20,4,d14,Plate1,/Users/pmihack/claire/tmem_2026/data/cleaved_tmem_pld3_260821/d14/Z60_PLD_TMEMki/PLD3TMEM106B_Plate1_d14_TMEM561LAMP1640MAP2488DAPI405_E20_F4.nd2,12
5,19594,2,0.0009186485658875166,0.10497599999999999,214.93783569335938,4211492.0,19.770371118708248,0.0,0.375031180633989,True,,KI,E20,4,d14,Plate1,/Users/pmihack/claire/tmem_2026/data/cleaved_tmem_pld3_260821/d14/Z60_PLD_TMEMki/PLD3TMEM106B_Plate1_d14_TMEM561LAMP1640MAP2488DAPI405_E20_F4.nd2,12
6,11189,3,0.0011618553936902315,0.05054399999999999,777.3975219726562,8698301.0,20.799780998474453,0.0,0.22036732314379553,True,,KI,E20,4,d14,Plate1,/Users/pmihack/claire/tmem_2026/data/cleaved_tmem_pld3_260821/d14/Z60_PLD_TMEMki/PLD3TMEM106B_Plate1_d14_TMEM561LAMP1640MAP2488DAPI405_E20_F4.nd2,12
7,15552,6,0.005529835390946502,0.167184,379.3032531738281,5898924.0,13.465461001014633,0.0,0.4317500330173365,True,,KI,E20,4,d14,Plate1,/Users/pmihack/claire/tmem_2026/data/cleaved_tmem_pld3_260821/d14/Z60_PLD_TMEMki/PLD3TMEM106B_Plate1_d14_TMEM561LAMP1640MAP2488DAPI405_E20_F4.nd2,12
8,11375,5,0.022945054945054943,0.6088608,856.7396240234375,9745413.0,28.788231140441695,0.0,0.16982952043729088,True,,KI,E20,4,d14,Plate1,/Users/pmihack/claire/tmem_2026/data/cleaved_tmem_pld3_260821/d14/Z60_PLD_TMEMki/PLD3TMEM106B_Plate1_d14_TMEM561LAMP1640MAP2488DAPI405_E20_F4.nd2,12
9,12967,9,0.012724608621886327,0.21383999999999997,868.8702392578125,11266640.0,12.829689514685347,0.0,0.5190846225443706,True,,KI,E20,4,d14,Plate1,/Users/pmihack/claire/tmem_2026/data/cleaved_tmem_pld3_260821/d14/Z60_PLD_TMEMki/PLD3TMEM106B_Plate1_d14_TMEM561LAMP1640MAP2488DAPI405_E20_F4.nd2,12
10,16230,10,0.027972889710412816,0.5295456,1089.097900390625,17676058.0,8.781408601914727,0.0,0.5001617102741005,True,,KI,E20,4,d14,Plate1,/Users/pmihack/claire/tmem_2026/data/cleaved_tmem_pld3_260821/d14/Z60_PLD_TMEMki/PLD3TMEM106B_Plate1_d14_TMEM561LAMP1640MAP2488DAPI405_E20_F4.nd2,12
11,18295,2,0.003006285870456409,0.32076,364.0811767578125,6660865.0,6.8590656551746685,0.0,0.19277883569860138,True,,KI,E20,4,d14,Plate1,/Users/pmihack/claire/tmem_2026/data/cleaved_tmem_pld3_260821/d14/Z60_PLD_TMEMki/PLD3TMEM106B_Plate1_d14_TMEM561LAMP1640MAP2488DAPI405_E20_F4.nd2,12
12,10545,2,0.0013276434329065909,0.081648,238.97325134277344,2519973.0,20.04001819167538,0.0,0.2239941455966366,True,,KI,E20,4,d14,Plate1,/Users/pmihack/claire/tmem_2026/data/cleaved_tmem_pld3_260821/d14/Z60_PLD_TMEMki/PLD3TMEM106B_Plate1_d14_TMEM561LAMP1640MAP2488DAPI405_E20_F4.nd2,12
13,2252,0,0.0,0.0,68.25577545166016,153712.0,,0.0,0.5691831424133827,True,,KI,E20,4,d14,Plate1,/Users/pmihack/claire/tmem_2026/data/cleaved_tmem_pld3_260821/d14/Z60_PLD_TMEMki/PLD3TMEM106B_Plate1_d14_TMEM561LAMP1640MAP2488DAPI405_E20_F4.nd2,12
14,9928,8,0.03595890410958904,0.5205059999999999,1207.3961181640625,11987029.0,11.118967455692053,0.0,0.40080126762059737,True,,KI,E20,4,d14,Plate1,/Users/pmihack/claire/tmem_2026/data/cleaved_tmem_pld3_260821/d14/Z60_PLD_TMEMki/PLD3TMEM106B_Plate1_d14_TMEM561LAMP1640MAP2488DAPI405_E20_F4.nd2,12
15,30548,1,0.0012766793243420191,0.45489599999999997,79.90205383300781,2440848.0,13.408696754194327,0.0,0.5818202663124973,True,,KI,E20,4,d14,Plate1,/Users/pmihack/claire/tmem_2026/data/cleaved_tmem_pld3_260821/d14/Z60_PLD_TMEMki/PLD3TMEM106B_Plate1_d14_TMEM561LAMP1640MAP2488DAPI405_E20_F4.nd2,12
16,16792,2,0.0020247737017627444,0.198288,575.3225708007812,9660817.0,22.550927860301574,0.0,0.6168894639559672,True,,KI,E20,4,d14,Plate1,/Users/pmihack/claire/tmem_2026/data/cleaved_tmem_pld3_260821/d14/Z60_PLD_TMEMki/PLD3TMEM106B_Plate1_d14_TMEM561LAMP1640MAP2488DAPI405_E20_F4.nd2,12
17,12113,0,0.0,0.0,245.04103088378906,2968182.0,,0.0,0.3739925150879547,True,,KI,E20,4,d14,Plate1,/Users/pmihack/claire/tmem_2026/data/cleaved_tmem_pld3_260821/d14/Z60_PLD_TMEMki/PLD3TMEM106B_Plate1_d14_TMEM561LAMP1640MAP2488DAPI405_E20_F4.nd2,12
18,13426,1,0.0008937881722031879,0.13996799999999998,240.8052978515625,3233052.0,14.388027545450358,0.0,0.327541142507821,True,,KI,E20,4,d14,Plate1,/Users/pmihack/claire/tmem_2026/data/cleaved_tmem_pld3_260821/d14/Z60_PLD_TMEMki/PLD3TMEM106B_Plate1_d14_TMEM561LAMP1640MAP2488DAPI405_E20_F4.nd2,12
19,10465,0,0.0,0.0,87.5811767578125,916537.0,,0.0,0.42119321193173204,False,border,KI,E20,4,d14,Plate1,/Users/pmihack/claire/tmem_2026/data/cleaved_tmem_pld3_260821/d14/Z60_PLD_TMEMki/PLD3TMEM106B_Plate1_d14_TMEM561LAMP1640MAP2488DAPI405_E20_F4.nd2,12
20,3343,0,0.0,0.0,7.485192775726318,25023.0,,0.0,0.28985003681659927,True,,KI,E20,4,d14,Plate1,/Users/pmihack/claire/tmem_2026/data/cleaved_tmem_pld3_260821/d14/Z60_PLD_TMEMki/PLD3TMEM106B_Plate1_d14_TMEM561LAMP1640MAP2488DAPI405_E20_F4.nd2,12
1,10272,7,0.2107671339563863,3.607508571428571,598.6655883789062,6149493.0,0.866628224110134,0.00022131906007416546,0.5077337689152982,True,,KI,F20,1,d14,Plate1,/Users/pmihack/claire/tmem_2026/data/cleaved_tmem_pld3_260821/d14/Z60_PLD_TMEMki/PLD3TMEM106B_Plate1_d14_TMEM561LAMP1640MAP2488DAPI405_F20_F1.nd2,13
2,13917,12,0.027520298914996046,0.372276,145.47804260253906,2024618.0,0.7549208373345948,0.0,-0.021260832247244562,True,,KI,F20,1,d14,Plate1,/Users/pmihack/claire/tmem_2026/data/cleaved_tmem_pld3_260821/d14/Z60_PLD_TMEMki/PLD3TMEM106B_Plate1_d14_TMEM561LAMP1640MAP2488DAPI405_F20_F1.nd2,13
3,19166,8,0.007043723259939476,0.19682999999999998,107.1871566772461,2054349.0,5.026938333693814,0.0014554489171132445,0.1402914808326452,True,,KI,F20,1,d14,Plate1,/Users/pmihack/claire/tmem_2026/data/cleaved_tmem_pld3_260821/d14/Z60_PLD_TMEMki/PLD3TMEM106B_Plate1_d14_TMEM561LAMP1640MAP2488DAPI405_F20_F1.nd2,13
4,3854,0,0.0,0.0,39.773223876953125,153286.0,,0.0,0.17919831286664448,True,,KI,F20,1,d14,Plate1,/Users/pmihack/claire/tmem_2026/data/cleaved_tmem_pld3_260821/d14/Z60_PLD_TMEMki/PLD3TMEM106B_Plate1_d14_TMEM561LAMP1640MAP2488DAPI405_F20_F1.nd2,13
5,16423,16,0.11538695731595933,1.3814549999999999,328.3197937011719,5391996.0,15.362705542643305,0.0,0.1912045656605138,True,,KI,F20,1,d14,Plate1,/Users/pmihack/claire/tmem_2026/data/cleaved_tmem_pld3_260821/d14/Z60_PLD_TMEMki/PLD3TMEM106B_Plate1_d14_TMEM561LAMP1640MAP2488DAPI405_F20_F1.nd2,13
6,7412,8,0.008769562871019968,0.09477,135.09983825683594,1001360.0,20.095405420381137,0.0,0.003146898412920623,True,,KI,F20,1,d14,Plate1,/Users/pmihack/claire/tmem_2026/data/cleaved_tmem_pld3_260821/d14/Z60_PLD_TMEMki/PLD3TMEM106B_Plate1_d14_TMEM561LAMP1640MAP2488DAPI405_F20_F1.nd2,13
7,17617,10,0.06391553612987455,1.3133663999999998,213.51808166503906,3761548.0,23.229417591356494,0.0,0.03243286747613652,True,,KI,F20,1,d14,Plate1,/Users/pmihack/claire/tmem_2026/data/cleaved_tmem_pld3_260821/d14/Z60_PLD_TMEMki/PLD3TMEM106B_Plate1_d14_TMEM561LAMP1640MAP2488DAPI405_F20_F1.nd2,13
8,16377,13,0.03425535812419857,0.5033464615384615,160.30567932128906,2625326.0,8.339147228485507,0.001245559542439878,0.044641392874548165,True,,KI,F20,1,d14,Plate1,/Users/pmihack/claire/tmem_2026/data/cleaved_tmem_pld3_260821/d14/Z60_PLD_TMEMki/PLD3TMEM106B_Plate1_d14_TMEM561LAMP1640MAP2488DAPI405_F20_F1.nd2,13
9,22342,15,0.09341151195058633,1.6228511999999997,305.288818359375,6820763.0,9.343476104824497,0.0,0.2411339106473096,False,border,KI,F20,1,d14,Plate1,/Users/pmihack/claire/tmem_2026/data/cleaved_tmem_pld3_260821/d14/Z60_PLD_TMEMki/PLD3TMEM106B_Plate1_d14_TMEM561LAMP1640MAP2488DAPI405_F20_F1.nd2,13
10,10720,16,0.15233208955223881,1.1904569999999999,493.8094177246094,5293637.0,7.951346363714131,0.0,0.06008905945564288,True,,KI,F20,1,d14,Plate1,/Users/pmihack/claire/tmem_2026/data/cleaved_tmem_pld3_260821/d14/Z60_PLD_TMEMki/PLD3TMEM106B_Plate1_d14_TMEM561LAMP1640MAP2488DAPI405_F20_F1.nd2,13
11,10348,14,0.036818708929261694,0.3174274285714286,196.10862731933594,2029332.0,1.203891227084782,0.0,-0.021581010396011468,True,,KI,F20,1,d14,Plate1,/Users/pmihack/claire/tmem_2026/data/cleaved_tmem_pld3_260821/d14/Z60_PLD_TMEMki/PLD3TMEM106B_Plate1_d14_TMEM561LAMP1640MAP2488DAPI405_F20_F1.nd2,13
12,8022,7,0.014584891548242334,0.19495542857142856,168.5843963623047,1352384.0,5.686377433850539,2.809852776408661e-05,0.11002049554979941,True,,KI,F20,1,d14,Plate1,/Users/pmihack/claire/tmem_2026/data/cleaved_tmem_pld3_260821/d14/Z60_PLD_TMEMki/PLD3TMEM106B_Plate1_d14_TMEM561LAMP1640MAP2488DAPI405_F20_F1.nd2,13
13,11129,3,0.003414502650732321,0.147744,103.04097747802734,1146743.0,,0.0,0.03437991158878705,True,,KI,F20,1,d14,Plate1,/Users/pmihack/claire/tmem_2026/data/cleaved_tmem_pld3_260821/d14/Z60_PLD_TMEMki/PLD3TMEM106B_Plate1_d14_TMEM561LAMP1640MAP2488DAPI405_F20_F1.nd2,13
14,12011,0,0.0,0.0,2.562817335128784,30782.0,,0.0,0.03614584715979666,True,,KI,F20,1,d14,Plate1,/Users/pmihack/claire/tmem_2026/data/cleaved_tmem_pld3_260821/d14/Z60_PLD_TMEMki/PLD3TMEM106B_Plate1_d14_TMEM561LAMP1640MAP2488DAPI405_F20_F1.nd2,13
1,15389,14,0.0833712391968289,1.0689222857142855,546.919921875,8416551.0,4.3139231035838055,0.17924492061138153,0.5156548000634552,True,,KI,F20,2,d14,Plate1,/Users/pmihack/claire/tmem_2026/data/cleaved_tmem_pld3_260821/d14/Z60_PLD_TMEMki/PLD3TMEM106B_Plate1_d14_TMEM561LAMP1640MAP2488DAPI405_F20_F2.nd2,13
2,11934,3,0.1452991452991453,6.741791999999999,841.5919799804688,10043559.0,5.95962956714547,0.0686458870768547,0.39544930593196936,True,,KI,F20,2,d14,Plate1,/Users/pmihack/claire/tmem_2026/data/cleaved_tmem_pld3_260821/d14/Z60_PLD_TMEMki/PLD3TMEM106B_Plate1_d14_TMEM561LAMP1640MAP2488DAPI405_F20_F2.nd2,13
3,24375,31,0.08184615384615385,0.7506348387096774,541.8275146484375,13207046.0,0.8875894983154119,0.027582474052906036,0.37827121619783377,True,,KI,F20,2,d14,Plate1,/Users/pmihack/claire/tmem_2026/data/cleaved_tmem_pld3_260821/d14/Z60_PLD_TMEMki/PLD3TMEM106B_Plate1_d14_TMEM561LAMP1640MAP2488DAPI405_F20_F2.nd2,13
4,14041,1,0.00042731999145360016,0.06998399999999999,21.864540100097656,307000.0,15.148222508829397,0.004996742587536573,0.24335564822206102,True,,KI,F20,2,d14,Plate1,/Users/pmihack/claire/tmem_2026/data/cleaved_tmem_pld3_260821/d14/Z60_PLD_TMEMki/PLD3TMEM106B_Plate1_d14_TMEM561LAMP1640MAP2488DAPI405_F20_F2.nd2,13
5,14421,16,0.011372304278482768,0.119556,258.9665832519531,3734557.0,12.50165942222202,0.12401042133569717,0.6223210138082973,True,,KI,F20,2,d14,Plate1,/Users/pmihack/claire/tmem_2026/data/cleaved_tmem_pld3_260821/d14/Z60_PLD_TMEMki/PLD3TMEM106B_Plate1_d14_TMEM561LAMP1640MAP2488DAPI405_F20_F2.nd2,13
6,6860,12,0.4915451895043732,3.2775839999999996,3551.784912109375,24365244.0,1.6692965025348894,0.7409168481826782,0.6339367878369242,True,,KI,F20,2,d14,Plate1,/Users/pmihack/claire/tmem_2026/data/cleaved_tmem_pld3_260821/d14/Z60_PLD_TMEMki/PLD3TMEM106B_Plate1_d14_TMEM561LAMP1640MAP2488DAPI405_F20_F2.nd2,13
7,10674,23,0.14455686715383173,0.7825022608695651,954.2709350585938,10185888.0,0.5136192427644252,0.14614562690258026,0.4163439202079732,True,,KI,F20,2,d14,Plate1,/Users/pmihack/claire/tmem_2026/data/cleaved_tmem_pld3_260821/d14/Z60_PLD_TMEMki/PLD3TMEM106B_Plate1_d14_TMEM561LAMP1640MAP2488DAPI405_F20_F2.nd2,13
8,15553,17,0.1188838166270173,1.2686315294117647,672.2788696289062,10455953.0,0.9850824900366887,0.3336242139339447,0.629580520733047,True,,KI,F20,2,d14,Plate1,/Users/pmihack/claire/tmem_2026/data/cleaved_tmem_pld3_260821/d14/Z60_PLD_TMEMki/PLD3TMEM106B_Plate1_d14_TMEM561LAMP1640MAP2488DAPI405_F20_F2.nd2,13
9,17366,19,0.055165265461246116,0.5881111578947368,636.1519775390625,11047415.0,0.4765701604555634,0.49763911962509155,0.6413447874695738,True,,KI,F20,2,d14,Plate1,/Users/pmihack/claire/tmem_2026/data/cleaved_tmem_pld3_260821/d14/Z60_PLD_TMEMki/PLD3TMEM106B_Plate1_d14_TMEM561LAMP1640MAP2488DAPI405_F20_F2.nd2,13
10,17956,8,0.08576520383158832,2.24532,599.3456420898438,10761850.0,3.1618577583732397,0.0164076816290617,0.42078804584906143,True,,KI,F20,2,d14,Plate1,/Users/pmihack/claire/tmem_2026/data/cleaved_tmem_pld3_260821/d14/Z60_PLD_TMEMki/PLD3TMEM106B_Plate1_d14_TMEM561LAMP1640MAP2488DAPI405_F20_F2.nd2,13
11,16772,17,0.09903410445981398,1.1396414117647058,670.1414794921875,11239613.0,10.425455722528332,0.582915186882019,0.7137874335687486,True,,KI,F20,2,d14,Plate1,/Users/pmihack/claire/tmem_2026/data/cleaved_tmem_pld3_260821/d14/Z60_PLD_TMEMki/PLD3TMEM106B_Plate1_d14_TMEM561LAMP1640MAP2488DAPI405_F20_F2.nd2,13
12,6775,16,0.04044280442804428,0.19974599999999998,418.761474609375,2837109.0,5.9279846229927085,0.05036887899041176,0.4427447729082999,True,,KI,F20,2,d14,Plate1,/Users/pmihack/claire/tmem_2026/data/cleaved_tmem_pld3_260821/d14/Z60_PLD_TMEMki/PLD3TMEM106B_Plate1_d14_TMEM561LAMP1640MAP2488DAPI405_F20_F2.nd2,13
1,18708,0,0.0,0.0,240.64566040039062,4501999.0,,0.0,0.5574455603158137,True,,KI,F20,3,d14,Plate1,/Users/pmihack/claire/tmem_2026/data/cleaved_tmem_pld3_260821/d14/Z60_PLD_TMEMki/PLD3TMEM106B_Plate1_d14_TMEM561LAMP1640MAP2488DAPI405_F20_F3.nd2,13
2,19719,3,0.0009635377047517623,0.073872,214.949951171875,4238598.0,0.8381300231533327,0.0,0.3296839960505797,True,,KI,F20,3,d14,Plate1,/Users/pmihack/claire/tmem_2026/data/cleaved_tmem_pld3_260821/d14/Z60_PLD_TMEMki/PLD3TMEM106B_Plate1_d14_TMEM561LAMP1640MAP2488DAPI405_F20_F3.nd2,13
3,17101,2,0.0021636161627974974,0.21578399999999998,302.11016845703125,5166386.0,0.5800803609965707,0.002143858466297388,0.3663598053984106,True,,KI,F20,3,d14,Plate1,/Users/pmihack/claire/tmem_2026/data/cleaved_tmem_pld3_260821/d14/Z60_PLD_TMEMki/PLD3TMEM106B_Plate1_d14_TMEM561LAMP1640MAP2488DAPI405_F20_F3.nd2,13
4,16577,6,0.0041623936779875735,0.13413599999999998,349.2921447753906,5790216.0,0.62425782385019,0.0,0.611345991547817,True,,KI,F20,3,d14,Plate1,/Users/pmihack/claire/tmem_2026/data/cleaved_tmem_pld3_260821/d14/Z60_PLD_TMEMki/PLD3TMEM106B_Plate1_d14_TMEM561LAMP1640MAP2488DAPI405_F20_F3.nd2,13
5,14445,4,0.00463828314295604,0.195372,506.3906555175781,7314813.0,1.242481117112587,0.00419231504201889,0.6532962848998267,True,,KI,F20,3,d14,Plate1,/Users/pmihack/claire/tmem_2026/data/cleaved_tmem_pld3_260821/d14/Z60_PLD_TMEMki/PLD3TMEM106B_Plate1_d14_TMEM561LAMP1640MAP2488DAPI405_F20_F3.nd2,13
6,16860,8,0.019276393831553974,0.47384999999999994,540.842041015625,9118597.0,0.7928643122806935,0.0013686316087841988,0.5254722975653398,True,,KI,F20,3,d14,Plate1,/Users/pmihack/claire/tmem_2026/data/cleaved_tmem_pld3_260821/d14/Z60_PLD_TMEMki/PLD3TMEM106B_Plate1_d14_TMEM561LAMP1640MAP2488DAPI405_F20_F3.nd2,13
7,23345,1,0.00017134289997858214,0.046655999999999996,301.49920654296875,7038499.0,7.772603437587906,0.0043489388190209866,0.7834305071738576,True,,KI,F20,3,d14,Plate1,/Users/pmihack/claire/tmem_2026/data/cleaved_tmem_pld3_260821/d14/Z60_PLD_TMEMki/PLD3TMEM106B_Plate1_d14_TMEM561LAMP1640MAP2488DAPI405_F20_F3.nd2,13
8,13912,7,0.008841288096607246,0.20495314285714286,795.5950317382812,11068318.0,8.496414005906493,0.000386689294828102,0.6096348973728214,True,,KI,F20,3,d14,Plate1,/Users/pmihack/claire/tmem_2026/data/cleaved_tmem_pld3_260821/d14/Z60_PLD_TMEMki/PLD3TMEM106B_Plate1_d14_TMEM561LAMP1640MAP2488DAPI405_F20_F3.nd2,13
9,13465,3,0.001336799108800594,0.06998399999999999,459.6243591308594,6188842.0,7.163507493317713,0.0,0.8432167807226467,True,,KI,F20,3,d14,Plate1,/Users/pmihack/claire/tmem_2026/data/cleaved_tmem_pld3_260821/d14/Z60_PLD_TMEMki/PLD3TMEM106B_Plate1_d14_TMEM561LAMP1640MAP2488DAPI405_F20_F3.nd2,13
10,11734,4,0.005028123402079428,0.17204399999999997,434.76043701171875,5101479.0,16.149125992000346,0.0,0.45094509886878276,True,,KI,F20,3,d14,Plate1,/Users/pmihack/claire/tmem_2026/data/cleaved_tmem_pld3_260821/d14/Z60_PLD_TMEMki/PLD3TMEM106B_Plate1_d14_TMEM561LAMP1640MAP2488DAPI405_F20_F3.nd2,13
11,16540,0,0.0,0.0,292.47442626953125,4837527.0,,0.0,0.8157253647801138,True,,KI,F20,3,d14,Plate1,/Users/pmihack/claire/tmem_2026/data/cleaved_tmem_pld3_260821/d14/Z60_PLD_TMEMki/PLD3TMEM106B_Plate1_d14_TMEM561LAMP1640MAP2488DAPI405_F20_F3.nd2,13
12,19728,13,0.008313057583130576,0.14714584615384613,784.4906005859375,15476430.0,11.864983043870483,0.04324621334671974,0.5779194015072221,True,,KI,F20,3,d14,Plate1,/Users/pmihack/claire/tmem_2026/data/cleaved_tmem_pld3_260821/d14/Z60_PLD_TMEMki/PLD3TMEM106B_Plate1_d14_TMEM561LAMP1640MAP2488DAPI405_F20_F3.nd2,13
13,5422,12,0.0433419402434526,0.22841999999999996,1693.2215576171875,9180647.0,4.4667422241541095,0.014188977889716625,0.537588784051962,True,,KI,F20,3,d14,Plate1,/Users/pmihack/claire/tmem_2026/data/cleaved_tmem_pld3_260821/d14/Z60_PLD_TMEMki/PLD3TMEM106B_Plate1_d14_TMEM561LAMP1640MAP2488DAPI405_F20_F3.nd2,13
14,4476,8,0.11483467381590706,0.749412,2237.99072265625,10017247.0,16.56183454032057,0.08311574906110764,0.44053584625787906,True,,KI,F20,3,d14,Plate1,/Users/pmihack/claire/tmem_2026/data/cleaved_tmem_pld3_260821/d14/Z60_PLD_TMEMki/PLD3TMEM106B_Plate1_d14_TMEM561LAMP1640MAP2488DAPI405_F20_F3.nd2,13
15,7744,9,0.027505165289256197,0.276048,1422.1168212890625,11012873.0,10.834731323887114,0.000343961117323488,0.45035409144006,True,,KI,F20,3,d14,Plate1,/Users/pmihack/claire/tmem_2026/data/cleaved_tmem_pld3_260821/d14/Z60_PLD_TMEMki/PLD3TMEM106B_Plate1_d14_TMEM561LAMP1640MAP2488DAPI405_F20_F3.nd2,13
16,6048,2,0.005456349206349206,0.192456,211.67559814453125,1280214.0,13.652753154058614,0.19432532787322998,0.6240131879456202,True,,KI,F20,3,d14,Plate1,/Users/pmihack/claire/tmem_2026/data/cleaved_tmem_pld3_260821/d14/Z60_PLD_TMEMki/PLD3TMEM106B_Plate1_d14_TMEM561LAMP1640MAP2488DAPI405_F20_F3.nd2,13
17,10816,6,0.006009615384615385,0.12636,679.9500732421875,7354340.0,25.03401794298364,0.0,0.7084526148817777,True,,KI,F20,3,d14,Plate1,/Users/pmihack/claire/tmem_2026/data/cleaved_tmem_pld3_260821/d14/Z60_PLD_TMEMki/PLD3TMEM106B_Plate1_d14_TMEM561LAMP1640MAP2488DAPI405_F20_F3.nd2,13
18,4188,2,0.012416427889207259,0.303264,1172.9990234375,4912520.0,47.369740208222765,0.0,0.3024169565141756,True,,KI,F20,3,d14,Plate1,/Users/pmihack/claire/tmem_2026/data/cleaved_tmem_pld3_260821/d14/Z60_PLD_TMEMki/PLD3TMEM106B_Plate1_d14_TMEM561LAMP1640MAP2488DAPI405_F20_F3.nd2,13
1,12383,0,0.0,0.0,39.78672409057617,492679.0,,0.0,0.4769340623421965,True,,KI,F20,4,d14,Plate1,/Users/pmihack/claire/tmem_2026/data/cleaved_tmem_pld3_260821/d14/Z60_PLD_TMEMki/PLD3TMEM106B_Plate1_d14_TMEM561LAMP1640MAP2488DAPI405_F20_F4.nd2,13
2,18236,0,0.0,0.0,234.2716064453125,4272177.0,,0.0002146446640836075,0.5160684324784248,True,,KI,F20,4,d14,Plate1,/Users/pmihack/claire/tmem_2026/data/cleaved_tmem_pld3_260821/d14/Z60_PLD_TMEMki/PLD3TMEM106B_Plate1_d14_TMEM561LAMP1640MAP2488DAPI405_F20_F4.nd2,13
3,19188,3,0.0016155930790077132,0.120528,206.5359649658203,3963012.0,0.7934080208974488,0.0,0.31173360056677163,True,,KI,F20,4,d14,Plate1,/Users/pmihack/claire/tmem_2026/data/cleaved_tmem_pld3_260821/d14/Z60_PLD_TMEMki/PLD3TMEM106B_Plate1_d14_TMEM561LAMP1640MAP2488DAPI405_F20_F4.nd2,13
4,16773,3,0.0028617420854945446,0.18662399999999998,264.29815673828125,4433073.0,0.5981226538206282,0.003481106599792838,0.3804269493335107,True,,KI,F20,4,d14,Plate1,/Users/pmihack/claire/tmem_2026/data/cleaved_tmem_pld3_260821/d14/Z60_PLD_TMEMki/PLD3TMEM106B_Plate1_d14_TMEM561LAMP1640MAP2488DAPI405_F20_F4.nd2,13
5,16432,6,0.005842259006815969,0.18662399999999998,300.6392517089844,4940104.0,0.5898097118447181,0.0,0.5676062192010635,True,,KI,F20,4,d14,Plate1,/Users/pmihack/claire/tmem_2026/data/cleaved_tmem_pld3_260821/d14/Z60_PLD_TMEMki/PLD3TMEM106B_Plate1_d14_TMEM561LAMP1640MAP2488DAPI405_F20_F4.nd2,13
6,15279,6,0.007853917141174161,0.23328,497.2462158203125,7597425.0,1.2013033669779363,0.0005125420866534114,0.598922315020618,True,,KI,F20,4,d14,Plate1,/Users/pmihack/claire/tmem_2026/data/cleaved_tmem_pld3_260821/d14/Z60_PLD_TMEMki/PLD3TMEM106B_Plate1_d14_TMEM561LAMP1640MAP2488DAPI405_F20_F4.nd2,13
7,16753,8,0.021070852981555543,0.514674,460.2015075683594,7709756.0,0.8041216721349849,0.0,0.49329688311985376,True,,KI,F20,4,d14,Plate1,/Users/pmihack/claire/tmem_2026/data/cleaved_tmem_pld3_260821/d14/Z60_PLD_TMEMki/PLD3TMEM106B_Plate1_d14_TMEM561LAMP1640MAP2488DAPI405_F20_F4.nd2,13
8,30,0,0.0,0.0,2.9000000953674316,87.0,,0.0,0.49543002854194984,False,size_outlier,KI,F20,4,d14,Plate1,/Users/pmihack/claire/tmem_2026/data/cleaved_tmem_pld3_260821/d14/Z60_PLD_TMEMki/PLD3TMEM106B_Plate1_d14_TMEM561LAMP1640MAP2488DAPI405_F20_F4.nd2,13
9,20373,3,0.0009326068816570952,0.073872,302.96392822265625,6172284.0,4.138931853514303,0.0042643859051167965,0.7586761931358936,True,,KI,F20,4,d14,Plate1,/Users/pmihack/claire/tmem_2026/data/cleaved_tmem_pld3_260821/d14/Z60_PLD_TMEMki/PLD3TMEM106B_Plate1_d14_TMEM561LAMP1640MAP2488DAPI405_F20_F4.nd2,13
10,13873,6,0.01095653427521084,0.295488,682.5734252929688,9469341.0,2.615958599468288,9.905652404995635e-05,0.5911346119667229,True,,KI,F20,4,d14,Plate1,/Users/pmihack/claire/tmem_2026/data/cleaved_tmem_pld3_260821/d14/Z60_PLD_TMEMki/PLD3TMEM106B_Plate1_d14_TMEM561LAMP1640MAP2488DAPI405_F20_F4.nd2,13
11,13737,4,0.0032030283176821724,0.128304,386.1127014160156,5304030.0,9.879940274447131,0.0,0.8307998115666936,True,,KI,F20,4,d14,Plate1,/Users/pmihack/claire/tmem_2026/data/cleaved_tmem_pld3_260821/d14/Z60_PLD_TMEMki/PLD3TMEM106B_Plate1_d14_TMEM561LAMP1640MAP2488DAPI405_F20_F4.nd2,13
12,12451,4,0.0047385752148421815,0.17204399999999997,367.4631652832031,4575284.0,5.536714638225008,0.0,0.43578716751942037,True,,KI,F20,4,d14,Plate1,/Users/pmihack/claire/tmem_2026/data/cleaved_tmem_pld3_260821/d14/Z60_PLD_TMEMki/PLD3TMEM106B_Plate1_d14_TMEM561LAMP1640MAP2488DAPI405_F20_F4.nd2,13
13,15390,0,0.0,0.0,248.92144775390625,3830901.0,,0.0,0.7824264065487712,True,,KI,F20,4,d14,Plate1,/Users/pmihack/claire/tmem_2026/data/cleaved_tmem_pld3_260821/d14/Z60_PLD_TMEMki/PLD3TMEM106B_Plate1_d14_TMEM561LAMP1640MAP2488DAPI405_F20_F4.nd2,13
14,18249,8,0.004931777083675818,0.13121999999999998,528.8447875976562,9650889.0,12.793637150433497,0.01577118970453739,0.5479276028041132,True,,KI,F20,4,d14,Plate1,/Users/pmihack/claire/tmem_2026/data/cleaved_tmem_pld3_260821/d14/Z60_PLD_TMEMki/PLD3TMEM106B_Plate1_d14_TMEM561LAMP1640MAP2488DAPI405_F20_F4.nd2,13
15,5098,9,0.05256963515103962,0.34732799999999997,1498.2113037109375,7637881.0,4.540757494878461,0.0047053624875843525,0.50280035809951,True,,KI,F20,4,d14,Plate1,/Users/pmihack/claire/tmem_2026/data/cleaved_tmem_pld3_260821/d14/Z60_PLD_TMEMki/PLD3TMEM106B_Plate1_d14_TMEM561LAMP1640MAP2488DAPI405_F20_F4.nd2,13
16,13369,1,0.0008975989228812925,0.13996799999999998,303.50518798828125,4057561.0,23.289761683362055,0.0,0.6954962883685459,True,,KI,F20,4,d14,Plate1,/Users/pmihack/claire/tmem_2026/data/cleaved_tmem_pld3_260821/d14/Z60_PLD_TMEMki/PLD3TMEM106B_Plate1_d14_TMEM561LAMP1640MAP2488DAPI405_F20_F4.nd2,13
17,9137,14,0.06566706796541534,0.4998857142857142,1444.0887451171875,13194639.0,4.755190145590052,0.016120940446853638,0.5916235903974323,True,,KI,F20,4,d14,Plate1,/Users/pmihack/claire/tmem_2026/data/cleaved_tmem_pld3_260821/d14/Z60_PLD_TMEMki/PLD3TMEM106B_Plate1_d14_TMEM561LAMP1640MAP2488DAPI405_F20_F4.nd2,13
18,10680,7,0.007584269662921348,0.13496914285714284,584.3289184570312,6240633.0,25.207942823705967,0.0,0.7086815520765706,True,,KI,F20,4,d14,Plate1,/Users/pmihack/claire/tmem_2026/data/cleaved_tmem_pld3_260821/d14/Z60_PLD_TMEMki/PLD3TMEM106B_Plate1_d14_TMEM561LAMP1640MAP2488DAPI405_F20_F4.nd2,13
1,20546,0,0.0,0.0,46.1064453125,947303.0,,0.0,0.11343614141988136,True,,KI,G20,1,d14,Plate1,/Users/pmihack/claire/tmem_2026/data/cleaved_tmem_pld3_260821/d14/Z60_PLD_TMEMki/PLD3TMEM106B_Plate1_d14_TMEM561LAMP1640MAP2488DAPI405_G20_F1.nd2,18
2,3210,0,0.0,0.0,19.00467300415039,61005.0,,0.0,0.2708677751025376,True,,KI,G20,1,d14,Plate1,/Users/pmihack/claire/tmem_2026/data/cleaved_tmem_pld3_260821/d14/Z60_PLD_TMEMki/PLD3TMEM106B_Plate1_d14_TMEM561LAMP1640MAP2488DAPI405_G20_F1.nd2,18
3,12532,0,0.0,0.0,39.423316955566406,494053.0,,0.00033802041434682906,0.010972302635335328,True,,KI,G20,1,d14,Plate1,/Users/pmihack/claire/tmem_2026/data/cleaved_tmem_pld3_260821/d14/Z60_PLD_TMEMki/PLD3TMEM106B_Plate1_d14_TMEM561LAMP1640MAP2488DAPI405_G20_F1.nd2,18
4,13623,0,0.0,0.0,46.52139663696289,633761.0,,0.0,0.2673677038870746,True,,KI,G20,1,d14,Plate1,/Users/pmihack/claire/tmem_2026/data/cleaved_tmem_pld3_260821/d14/Z60_PLD_TMEMki/PLD3TMEM106B_Plate1_d14_TMEM561LAMP1640MAP2488DAPI405_G20_F1.nd2,18
5,20963,0,0.0,0.0,35.13557052612305,736547.0,,0.000359786965418607,0.0036362892830383155,True,,KI,G20,1,d14,Plate1,/Users/pmihack/claire/tmem_2026/data/cleaved_tmem_pld3_260821/d14/Z60_PLD_TMEMki/PLD3TMEM106B_Plate1_d14_TMEM561LAMP1640MAP2488DAPI405_G20_F1.nd2,18
6,17878,0,0.0,0.0,46.99094009399414,840104.0,,0.0,0.050133324111799354,True,,KI,G20,1,d14,Plate1,/Users/pmihack/claire/tmem_2026/data/cleaved_tmem_pld3_260821/d14/Z60_PLD_TMEMki/PLD3TMEM106B_Plate1_d14_TMEM561LAMP1640MAP2488DAPI405_G20_F1.nd2,18
7,10102,0,0.0,0.0,27.54979133605957,278308.0,,0.0,-0.044540355200480865,True,,KI,G20,1,d14,Plate1,/Users/pmihack/claire/tmem_2026/data/cleaved_tmem_pld3_260821/d14/Z60_PLD_TMEMki/PLD3TMEM106B_Plate1_d14_TMEM561LAMP1640MAP2488DAPI405_G20_F1.nd2,18
8,18114,0,0.0,0.0,30.298002243041992,548818.0,,0.0,0.0340357742568307,True,,KI,G20,1,d14,Plate1,/Users/pmihack/claire/tmem_2026/data/cleaved_tmem_pld3_260821/d14/Z60_PLD_TMEMki/PLD3TMEM106B_Plate1_d14_TMEM561LAMP1640MAP2488DAPI405_G20_F1.nd2,18
9,14436,0,0.0,0.0,20.525699615478516,296309.0,,0.0,0.07027919634098254,True,,KI,G20,1,d14,Plate1,/Users/pmihack/claire/tmem_2026/data/cleaved_tmem_pld3_260821/d14/Z60_PLD_TMEMki/PLD3TMEM106B_Plate1_d14_TMEM561LAMP1640MAP2488DAPI405_G20_F1.nd2,18
10,14195,0,0.0,0.0,13.1146879196167,186163.0,,0.0,-0.013222485046146126,True,,KI,G20,1,d14,Plate1,/Users/pmihack/claire/tmem_2026/data/cleaved_tmem_pld3_260821/d14/Z60_PLD_TMEMki/PLD3TMEM106B_Plate1_d14_TMEM561LAMP1640MAP2488DAPI405_G20_F1.nd2,18
11,16942,0,0.0,0.0,51.35562515258789,870067.0,,0.0,0.1389334233634292,True,,KI,G20,1,d14,Plate1,/Users/pmihack/claire/tmem_2026/data/cleaved_tmem_pld3_260821/d14/Z60_PLD_TMEMki/PLD3TMEM106B_Plate1_d14_TMEM561LAMP1640MAP2488DAPI405_G20_F1.nd2,18
1,18944,0,0.0,0.0,38.75121307373047,734103.0,,0.0,0.17846424717185352,True,,KI,G20,2,d14,Plate1,/Users/pmihack/claire/tmem_2026/data/cleaved_tmem_pld3_260821/d14/Z60_PLD_TMEMki/PLD3TMEM106B_Plate1_d14_TMEM561LAMP1640MAP2488DAPI405_G20_F2.nd2,9
2,3544,0,0.0,0.0,2.5205981731414795,8933.0,,0.0,0.13356782473798498,True,,KI,G20,2,d14,Plate1,/Users/pmihack/claire/tmem_2026/data/cleaved_tmem_pld3_260821/d14/Z60_PLD_TMEMki/PLD3TMEM106B_Plate1_d14_TMEM561LAMP1640MAP2488DAPI405_G20_F2.nd2,9
3,6122,0,0.0,0.0,11.786181449890137,72155.0,,0.0,0.029970146143698313,True,,KI,G20,2,d14,Plate1,/Users/pmihack/claire/tmem_2026/data/cleaved_tmem_pld3_260821/d14/Z60_PLD_TMEMki/PLD3TMEM106B_Plate1_d14_TMEM561LAMP1640MAP2488DAPI405_G20_F2.nd2,9
4,12272,0,0.0,0.0,36.158817291259766,443741.0,,0.0,0.007558750744550715,True,,KI,G20,2,d14,Plate1,/Users/pmihack/claire/tmem_2026/data/cleaved_tmem_pld3_260821/d14/Z60_PLD_TMEMki/PLD3TMEM106B_Plate1_d14_TMEM561LAMP1640MAP2488DAPI405_G20_F2.nd2,9
5,13077,0,0.0,0.0,79.86067199707031,1044338.0,,1.62782544066431e-05,0.050196318590008074,True,,KI,G20,2,d14,Plate1,/Users/pmihack/claire/tmem_2026/data/cleaved_tmem_pld3_260821/d14/Z60_PLD_TMEMki/PLD3TMEM106B_Plate1_d14_TMEM561LAMP1640MAP2488DAPI405_G20_F2.nd2,9
6,14067,0,0.0,0.0,37.02900314331055,520887.0,,0.0,0.13657343622153945,True,,KI,G20,2,d14,Plate1,/Users/pmihack/claire/tmem_2026/data/cleaved_tmem_pld3_260821/d14/Z60_PLD_TMEMki/PLD3TMEM106B_Plate1_d14_TMEM561LAMP1640MAP2488DAPI405_G20_F2.nd2,9
7,17460,0,0.0,0.0,72.98298645019531,1274283.0,,0.0,0.07153837143270717,True,,KI,G20,2,d14,Plate1,/Users/pmihack/claire/tmem_2026/data/cleaved_tmem_pld3_260821/d14/Z60_PLD_TMEMki/PLD3TMEM106B_Plate1_d14_TMEM561LAMP1640MAP2488DAPI405_G20_F2.nd2,9
8,14149,0,0.0,0.0,47.839847564697266,676886.0,,0.0,0.011887660405006238,True,,KI,G20,2,d14,Plate1,/Users/pmihack/claire/tmem_2026/data/cleaved_tmem_pld3_260821/d14/Z60_PLD_TMEMki/PLD3TMEM106B_Plate1_d14_TMEM561LAMP1640MAP2488DAPI405_G20_F2.nd2,9
9,11049,1,0.003167707484840257,0.40824,68.70223236083984,759091.0,15.001538038913978,0.2005055993795395,0.7701730440378401,True,,KI,G20,2,d14,Plate1,/Users/pmihack/claire/tmem_2026/data/cleaved_tmem_pld3_260821/d14/Z60_PLD_TMEMki/PLD3TMEM106B_Plate1_d14_TMEM561LAMP1640MAP2488DAPI405_G20_F2.nd2,9
10,20146,0,0.0,0.0,54.2717170715332,1093358.0,,7.682753494009376e-05,0.056280050464752235,True,,KI,G20,2,d14,Plate1,/Users/pmihack/claire/tmem_2026/data/cleaved_tmem_pld3_260821/d14/Z60_PLD_TMEMki/PLD3TMEM106B_Plate1_d14_TMEM561LAMP1640MAP2488DAPI405_G20_F2.nd2,9
11,8061,0,0.0,0.0,125.37923431396484,1010682.0,,0.0,0.06810201764013918,True,,KI,G20,2,d14,Plate1,/Users/pmihack/claire/tmem_2026/data/cleaved_tmem_pld3_260821/d14/Z60_PLD_TMEMki/PLD3TMEM106B_Plate1_d14_TMEM561LAMP1640MAP2488DAPI405_G20_F2.nd2,9
12,17616,0,0.0,0.0,75.0759506225586,1322538.0,,0.0,0.16695294526186655,True,,KI,G20,2,d14,Plate1,/Users/pmihack/claire/tmem_2026/data/cleaved_tmem_pld3_260821/d14/Z60_PLD_TMEMki/PLD3TMEM106B_Plate1_d14_TMEM561LAMP1640MAP2488DAPI405_G20_F2.nd2,9
13,11337,1,0.0002646202699126753,0.034991999999999995,94.1456298828125,1067329.0,14.579462074796956,0.0,0.6638292198991396,True,,KI,G20,2,d14,Plate1,/Users/pmihack/claire/tmem_2026/data/cleaved_tmem_pld3_260821/d14/Z60_PLD_TMEMki/PLD3TMEM106B_Plate1_d14_TMEM561LAMP1640MAP2488DAPI405_G20_F2.nd2,9
14,13414,0,0.0,0.0,39.34516143798828,527776.0,,0.00013263201981317252,0.0016513847990146401,True,,KI,G20,2,d14,Plate1,/Users/pmihack/claire/tmem_2026/data/cleaved_tmem_pld3_260821/d14/Z60_PLD_TMEMki/PLD3TMEM106B_Plate1_d14_TMEM561LAMP1640MAP2488DAPI405_G20_F2.nd2,9
15,11672,0,0.0,0.0,81.30020904541016,948936.0,,0.0,0.1257765110953343,True,,KI,G20,2,d14,Plate1,/Users/pmihack/claire/tmem_2026/data/cleaved_tmem_pld3_260821/d14/Z60_PLD_TMEMki/PLD3TMEM106B_Plate1_d14_TMEM561LAMP1640MAP2488DAPI405_G20_F2.nd2,9
16,12031,0,0.0,0.0,51.50253677368164,619627.0,,0.0,0.17054042004921777,True,,KI,G20,2,d14,Plate1,/Users/pmihack/claire/tmem_2026/data/cleaved_tmem_pld3_260821/d14/Z60_PLD_TMEMki/PLD3TMEM106B_Plate1_d14_TMEM561LAMP1640MAP2488DAPI405_G20_F2.nd2,9
17,3903,0,0.0,0.0,26.88931655883789,104949.0,,0.0,0.17079170862638465,True,,KI,G20,2,d14,Plate1,/Users/pmihack/claire/tmem_2026/data/cleaved_tmem_pld3_260821/d14/Z60_PLD_TMEMki/PLD3TMEM106B_Plate1_d14_TMEM561LAMP1640MAP2488DAPI405_G20_F2.nd2,9
1,18454,16,0.05164192045085077,0.6947369999999999,1074.181640625,19822948.0,18.01314313830472,0.0008662687032483518,0.42108142782200975,True,,KI,G20,3,d14,Plate1,/Users/pmihack/claire/tmem_2026/data/cleaved_tmem_pld3_260821/d14/Z60_PLD_TMEMki/PLD3TMEM106B_Plate1_d14_TMEM561LAMP1640MAP2488DAPI405_G20_F3.nd2,12
2,14715,8,0.010941216445803603,0.23473799999999997,652.3738403320312,9599681.0,7.218896554485574,0.0,0.7740056093327841,True,,KI,G20,3,d14,Plate1,/Users/pmihack/claire/tmem_2026/data/cleaved_tmem_pld3_260821/d14/Z60_PLD_TMEMki/PLD3TMEM106B_Plate1_d14_TMEM561LAMP1640MAP2488DAPI405_G20_F3.nd2,12
3,15357,12,0.18949013479195156,2.8285199999999997,1986.66015625,30509140.0,6.935288673643973,0.005073266569525003,0.8725648130063972,True,,KI,G20,3,d14,Plate1,/Users/pmihack/claire/tmem_2026/data/cleaved_tmem_pld3_260821/d14/Z60_PLD_TMEMki/PLD3TMEM106B_Plate1_d14_TMEM561LAMP1640MAP2488DAPI405_G20_F3.nd2,12
4,13317,3,0.007359014793121574,0.3810239999999999,382.1331481933594,5088867.0,17.38904717079234,0.0,0.3114390843043908,True,,KI,G20,3,d14,Plate1,/Users/pmihack/claire/tmem_2026/data/cleaved_tmem_pld3_260821/d14/Z60_PLD_TMEMki/PLD3TMEM106B_Plate1_d14_TMEM561LAMP1640MAP2488DAPI405_G20_F3.nd2,12
5,12492,13,0.01665065642010887,0.18662399999999998,787.66748046875,9839542.0,12.898608012747829,0.004643305670469999,0.6705406417919375,True,,KI,G20,3,d14,Plate1,/Users/pmihack/claire/tmem_2026/data/cleaved_tmem_pld3_260821/d14/Z60_PLD_TMEMki/PLD3TMEM106B_Plate1_d14_TMEM561LAMP1640MAP2488DAPI405_G20_F3.nd2,12
6,17569,8,0.02384882463429905,0.610902,462.27520751953125,8121713.0,12.30172811752333,0.0,0.6339089062864243,True,,KI,G20,3,d14,Plate1,/Users/pmihack/claire/tmem_2026/data/cleaved_tmem_pld3_260821/d14/Z60_PLD_TMEMki/PLD3TMEM106B_Plate1_d14_TMEM561LAMP1640MAP2488DAPI405_G20_F3.nd2,12
7,10489,10,0.0452855372294785,0.55404,717.2777099609375,7523526.0,24.71379123247049,0.0,0.45823062727946545,True,,KI,G20,3,d14,Plate1,/Users/pmihack/claire/tmem_2026/data/cleaved_tmem_pld3_260821/d14/Z60_PLD_TMEMki/PLD3TMEM106B_Plate1_d14_TMEM561LAMP1640MAP2488DAPI405_G20_F3.nd2,12
8,20316,9,0.006989564874975389,0.184032,427.40875244140625,8683236.0,14.796234507584174,0.010975055396556854,0.5290862871179581,False,border,KI,G20,3,d14,Plate1,/Users/pmihack/claire/tmem_2026/data/cleaved_tmem_pld3_260821/d14/Z60_PLD_TMEMki/PLD3TMEM106B_Plate1_d14_TMEM561LAMP1640MAP2488DAPI405_G20_F3.nd2,12
1,13841,15,0.03894227295715628,0.4191263999999999,387.57525634765625,5364429.0,0.8210704204897417,0.0,0.10449147092733233,True,,KI,G20,4,d14,Plate1,/Users/pmihack/claire/tmem_2026/data/cleaved_tmem_pld3_260821/d14/Z60_PLD_TMEMki/PLD3TMEM106B_Plate1_d14_TMEM561LAMP1640MAP2488DAPI405_G20_F4.nd2,11
2,3178,1,0.0012586532410320957,0.046655999999999996,193.85116577148438,616059.0,21.306628586432254,0.0,0.38512692040082236,True,,KI,G20,4,d14,Plate1,/Users/pmihack/claire/tmem_2026/data/cleaved_tmem_pld3_260821/d14/Z60_PLD_TMEMki/PLD3TMEM106B_Plate1_d14_TMEM561LAMP1640MAP2488DAPI405_G20_F4.nd2,11
3,12857,10,0.09403437815975733,1.4101776,663.62939453125,8532283.0,14.32137819055436,0.0,0.5597886047196556,True,,KI,G20,4,d14,Plate1,/Users/pmihack/claire/tmem_2026/data/cleaved_tmem_pld3_260821/d14/Z60_PLD_TMEMki/PLD3TMEM106B_Plate1_d14_TMEM561LAMP1640MAP2488DAPI405_G20_F4.nd2,11
4,9886,2,0.14829051183491807,8.549712,816.2777709960938,8069722.0,1.9602832855403884,0.012174893170595169,0.47611523313849763,True,,KI,G20,4,d14,Plate1,/Users/pmihack/claire/tmem_2026/data/cleaved_tmem_pld3_260821/d14/Z60_PLD_TMEMki/PLD3TMEM106B_Plate1_d14_TMEM561LAMP1640MAP2488DAPI405_G20_F4.nd2,11
5,12533,7,0.17808984281496848,3.7191497142857135,1017.444091796875,12751627.0,13.8960578428923,0.0,0.2544042192961174,True,,KI,G20,4,d14,Plate1,/Users/pmihack/claire/tmem_2026/data/cleaved_tmem_pld3_260821/d14/Z60_PLD_TMEMki/PLD3TMEM106B_Plate1_d14_TMEM561LAMP1640MAP2488DAPI405_G20_F4.nd2,11
6,16004,7,0.028742814296425893,0.7664914285714285,209.90882873535156,3359381.0,1.3838230614375797,0.0,0.7359441320923904,True,,KI,G20,4,d14,Plate1,/Users/pmihack/claire/tmem_2026/data/cleaved_tmem_pld3_260821/d14/Z60_PLD_TMEMki/PLD3TMEM106B_Plate1_d14_TMEM561LAMP1640MAP2488DAPI405_G20_F4.nd2,11
7,11235,20,0.07325322652425456,0.47997359999999994,625.3340454101562,7025628.0,2.0921202424225696,0.0,0.3213221473946865,True,,KI,G20,4,d14,Plate1,/Users/pmihack/claire/tmem_2026/data/cleaved_tmem_pld3_260821/d14/Z60_PLD_TMEMki/PLD3TMEM106B_Plate1_d14_TMEM561LAMP1640MAP2488DAPI405_G20_F4.nd2,11
8,11819,7,0.13427531940096454,2.6443954285714284,796.2730102539062,9411151.0,0.7471588179601208,0.0,0.5410136285586468,True,,KI,G20,4,d14,Plate1,/Users/pmihack/claire/tmem_2026/data/cleaved_tmem_pld3_260821/d14/Z60_PLD_TMEMki/PLD3TMEM106B_Plate1_d14_TMEM561LAMP1640MAP2488DAPI405_G20_F4.nd2,11
9,15321,7,0.06748906729325763,1.7229394285714286,383.01708984375,5868205.0,4.655629105584457,0.0,0.47691767438080296,True,,KI,G20,4,d14,Plate1,/Users/pmihack/claire/tmem_2026/data/cleaved_tmem_pld3_260821/d14/Z60_PLD_TMEMki/PLD3TMEM106B_Plate1_d14_TMEM561LAMP1640MAP2488DAPI405_G20_F4.nd2,11
10,12297,16,0.04562088314222981,0.40896899999999997,564.2035522460938,6938011.0,11.37609709642198,0.001878636423498392,0.4959506726613174,True,,KI,G20,4,d14,Plate1,/Users/pmihack/claire/tmem_2026/data/cleaved_tmem_pld3_260821/d14/Z60_PLD_TMEMki/PLD3TMEM106B_Plate1_d14_TMEM561LAMP1640MAP2488DAPI405_G20_F4.nd2,11
11,19649,20,0.08784162043869917,1.0066031999999998,596.8485717773438,11727478.0,6.398826641202214,8.987439650809392e-05,0.31877528402561767,True,,KI,G20,4,d14,Plate1,/Users/pmihack/claire/tmem_2026/data/cleaved_tmem_pld3_260821/d14/Z60_PLD_TMEMki/PLD3TMEM106B_Plate1_d14_TMEM561LAMP1640MAP2488DAPI405_G20_F4.nd2,11
12,25069,28,0.05205632454425785,0.5436257142857142,425.3233947753906,10662432.0,10.287363386897274,0.025127006694674492,0.5121734128476,True,,KI,G20,4,d14,Plate1,/Users/pmihack/claire/tmem_2026/data/cleaved_tmem_pld3_260821/d14/Z60_PLD_TMEMki/PLD3TMEM106B_Plate1_d14_TMEM561LAMP1640MAP2488DAPI405_G20_F4.nd2,11
13,15033,17,0.031530632608261826,0.3252197647058823,305.66094970703125,4595001.0,7.263794435166983,0.0002304678491782397,0.572273542240224,True,,KI,G20,4,d14,Plate1,/Users/pmihack/claire/tmem_2026/data/cleaved_tmem_pld3_260821/d14/Z60_PLD_TMEMki/PLD3TMEM106B_Plate1_d14_TMEM561LAMP1640MAP2488DAPI405_G20_F4.nd2,11
14,13026,13,0.0327038231229848,0.38222030769230764,379.1943664550781,4939386.0,12.3911732847284,0.0,0.5879087307435504,True,,KI,G20,4,d14,Plate1,/Users/pmihack/claire/tmem_2026/data/cleaved_tmem_pld3_260821/d14/Z60_PLD_TMEMki/PLD3TMEM106B_Plate1_d14_TMEM561LAMP1640MAP2488DAPI405_G20_F4.nd2,11
15,10737,5,0.15702710254260968,3.9331007999999996,888.746826171875,9542475.0,10.642602265464964,0.004496736917644739,0.6169518383350033,True,,KI,G20,4,d14,Plate1,/Users/pmihack/claire/tmem_2026/data/cleaved_tmem_pld3_260821/d14/Z60_PLD_TMEMki/PLD3TMEM106B_Plate1_d14_TMEM561LAMP1640MAP2488DAPI405_G20_F4.nd2,11
16,4543,0,0.0,0.0,33.20118713378906,150833.0,,0.0,0.5891522504229907,True,,KI,G20,4,d14,Plate1,/Users/pmihack/claire/tmem_2026/data/cleaved_tmem_pld3_260821/d14/Z60_PLD_TMEMki/PLD3TMEM106B_Plate1_d14_TMEM561LAMP1640MAP2488DAPI405_G20_F4.nd2,11
17,15422,7,0.007197510050577098,0.18495771428571428,239.91900634765625,3700031.0,5.267954036042971,0.0,0.08717666701336745,True,,KI,G20,4,d14,Plate1,/Users/pmihack/claire/tmem_2026/data/cleaved_tmem_pld3_260821/d14/Z60_PLD_TMEMki/PLD3TMEM106B_Plate1_d14_TMEM561LAMP1640MAP2488DAPI405_G20_F4.nd2,11
18,12139,13,0.01902957410000824,0.2072603076923077,288.0552673339844,3496703.0,13.66971821763608,0.0,0.5865346675583523,False,border,KI,G20,4,d14,Plate1,/Users/pmihack/claire/tmem_2026/data/cleaved_tmem_pld3_260821/d14/Z60_PLD_TMEMki/PLD3TMEM106B_Plate1_d14_TMEM561LAMP1640MAP2488DAPI405_G20_F4.nd2,11
1,15558,0,0.0,0.0,56.30215835571289,875949.0,,0.0,0.02944172786007036,True,,KI,,,d14,Plate1,/Users/pmihack/claire/tmem_2026/data/cleaved_tmem_pld3_260821/d14/Z60_PLD_TMEMki/PLD3TMEM106B_Plate1_d14_TMEM561LAMP1640MAP2488DAPI405_H20_F.nd2,10
2,12273,0,0.0,0.0,45.118309020996094,553737.0,,0.0,0.045090206427562576,True,,KI,,,d14,Plate1,/Users/pmihack/claire/tmem_2026/data/cleaved_tmem_pld3_260821/d14/Z60_PLD_TMEMki/PLD3TMEM106B_Plate1_d14_TMEM561LAMP1640MAP2488DAPI405_H20_F.nd2,10
3,5237,0,0.0,0.0,9.499140739440918,49747.0,,0.0,0.39326359554948787,True,,KI,,,d14,Plate1,/Users/pmihack/claire/tmem_2026/data/cleaved_tmem_pld3_260821/d14/Z60_PLD_TMEMki/PLD3TMEM106B_Plate1_d14_TMEM561LAMP1640MAP2488DAPI405_H20_F.nd2,10
4,14675,0,0.0,0.0,83.24183654785156,1221574.0,,0.0,0.010547470121058299,True,,KI,,,d14,Plate1,/Users/pmihack/claire/tmem_2026/data/cleaved_tmem_pld3_260821/d14/Z60_PLD_TMEMki/PLD3TMEM106B_Plate1_d14_TMEM561LAMP1640MAP2488DAPI405_H20_F.nd2,10
5,15164,0,0.0,0.0,67.47296142578125,1023160.0,,0.0,-0.008187389406482826,True,,KI,,,d14,Plate1,/Users/pmihack/claire/tmem_2026/data/cleaved_tmem_pld3_260821/d14/Z60_PLD_TMEMki/PLD3TMEM106B_Plate1_d14_TMEM561LAMP1640MAP2488DAPI405_H20_F.nd2,10
6,13408,0,0.0,0.0,135.0084228515625,1810193.0,,0.0,0.030925989680516585,True,,KI,,,d14,Plate1,/Users/pmihack/claire/tmem_2026/data/cleaved_tmem_pld3_260821/d14/Z60_PLD_TMEMki/PLD3TMEM106B_Plate1_d14_TMEM561LAMP1640MAP2488DAPI405_H20_F.nd2,10
7,13999,0,0.0,0.0,34.19437026977539,478687.0,,0.02125397138297558,0.17884158204745462,True,,KI,,,d14,Plate1,/Users/pmihack/claire/tmem_2026/data/cleaved_tmem_pld3_260821/d14/Z60_PLD_TMEMki/PLD3TMEM106B_Plate1_d14_TMEM561LAMP1640MAP2488DAPI405_H20_F.nd2,10
8,15731,0,0.0,0.0,65.62138366699219,1032290.0,,0.005380271002650261,0.11189390640388845,True,,KI,,,d14,Plate1,/Users/pmihack/claire/tmem_2026/data/cleaved_tmem_pld3_260821/d14/Z60_PLD_TMEMki/PLD3TMEM106B_Plate1_d14_TMEM561LAMP1640MAP2488DAPI405_H20_F.nd2,10
9,16408,0,0.0,0.0,35.71983337402344,586091.0,,0.0,0.11251542459789153,True,,KI,,,d14,Plate1,/Users/pmihack/claire/tmem_2026/data/cleaved_tmem_pld3_260821/d14/Z60_PLD_TMEMki/PLD3TMEM106B_Plate1_d14_TMEM561LAMP1640MAP2488DAPI405_H20_F.nd2,10
1,9341,0,0.0,0.0,29.204259872436523,272797.0,,0.12316484749317169,0.7890345334862383,True,,KI,H20,1,d14,Plate1,/Users/pmihack/claire/tmem_2026/data/cleaved_tmem_pld3_260821/d14/Z60_PLD_TMEMki/PLD3TMEM106B_Plate1_d14_TMEM561LAMP1640MAP2488DAPI405_H20_F1.nd2,10
2,12882,0,0.0,0.0,27.295217514038086,351617.0,,0.0,0.06559372427646923,True,,KI,H20,1,d14,Plate1,/Users/pmihack/claire/tmem_2026/data/cleaved_tmem_pld3_260821/d14/Z60_PLD_TMEMki/PLD3TMEM106B_Plate1_d14_TMEM561LAMP1640MAP2488DAPI405_H20_F1.nd2,10
3,8023,0,0.0,0.0,23.979185104370117,192385.0,,0.24572081863880157,0.7416992488391368,True,,KI,H20,1,d14,Plate1,/Users/pmihack/claire/tmem_2026/data/cleaved_tmem_pld3_260821/d14/Z60_PLD_TMEMki/PLD3TMEM106B_Plate1_d14_TMEM561LAMP1640MAP2488DAPI405_H20_F1.nd2,10
4,19641,0,0.0,0.0,48.89674758911133,960381.0,,0.0,0.1902998534248618,True,,KI,H20,1,d14,Plate1,/Users/pmihack/claire/tmem_2026/data/cleaved_tmem_pld3_260821/d14/Z60_PLD_TMEMki/PLD3TMEM106B_Plate1_d14_TMEM561LAMP1640MAP2488DAPI405_H20_F1.nd2,10
5,10841,0,0.0,0.0,18.330135345458984,198717.0,,0.0,0.01748684097108919,True,,KI,H20,1,d14,Plate1,/Users/pmihack/claire/tmem_2026/data/cleaved_tmem_pld3_260821/d14/Z60_PLD_TMEMki/PLD3TMEM106B_Plate1_d14_TMEM561LAMP1640MAP2488DAPI405_H20_F1.nd2,10
6,3444,0,0.0,0.0,7.80429744720459,26878.0,,0.0,0.014389552979940077,True,,KI,H20,1,d14,Plate1,/Users/pmihack/claire/tmem_2026/data/cleaved_tmem_pld3_260821/d14/Z60_PLD_TMEMki/PLD3TMEM106B_Plate1_d14_TMEM561LAMP1640MAP2488DAPI405_H20_F1.nd2,10
7,3822,0,0.0,0.0,8.814233779907227,33688.0,,0.0,0.5399763841653605,True,,KI,H20,1,d14,Plate1,/Users/pmihack/claire/tmem_2026/data/cleaved_tmem_pld3_260821/d14/Z60_PLD_TMEMki/PLD3TMEM106B_Plate1_d14_TMEM561LAMP1640MAP2488DAPI405_H20_F1.nd2,10
8,2595,0,0.0,0.0,8.56762981414795,22233.0,,0.0,0.2718395122564973,True,,KI,H20,1,d14,Plate1,/Users/pmihack/claire/tmem_2026/data/cleaved_tmem_pld3_260821/d14/Z60_PLD_TMEMki/PLD3TMEM106B_Plate1_d14_TMEM561LAMP1640MAP2488DAPI405_H20_F1.nd2,10
9,11369,0,0.0,0.0,92.23053741455078,1048569.0,,0.0,0.013016512007726442,True,,KI,H20,1,d14,Plate1,/Users/pmihack/claire/tmem_2026/data/cleaved_tmem_pld3_260821/d14/Z60_PLD_TMEMki/PLD3TMEM106B_Plate1_d14_TMEM561LAMP1640MAP2488DAPI405_H20_F1.nd2,10
10,9567,0,0.0,0.0,41.86139678955078,400488.0,,0.0,0.06961461899067721,True,,KI,H20,1,d14,Plate1,/Users/pmihack/claire/tmem_2026/data/cleaved_tmem_pld3_260821/d14/Z60_PLD_TMEMki/PLD3TMEM106B_Plate1_d14_TMEM561LAMP1640MAP2488DAPI405_H20_F1.nd2,10
1,8746,11,0.19265950148639377,1.7867127272727272,850.920166015625,7442148.0,0.5801921998175752,0.04728648066520691,0.44888955105424144,True,,KI,H20,3,d14,Plate1,/Users/pmihack/claire/tmem_2026/data/cleaved_tmem_pld3_260821/d14/Z60_PLD_TMEMki/PLD3TMEM106B_Plate1_d14_TMEM561LAMP1640MAP2488DAPI405_H20_F3.nd2,12
2,18051,20,0.03650767270511329,0.3843288,257.5946350097656,4649841.0,0.6127075116493411,0.0008540077251382172,0.35602051342839985,True,,KI,H20,3,d14,Plate1,/Users/pmihack/claire/tmem_2026/data/cleaved_tmem_pld3_260821/d14/Z60_PLD_TMEMki/PLD3TMEM106B_Plate1_d14_TMEM561LAMP1640MAP2488DAPI405_H20_F3.nd2,12
3,13117,33,0.05923610581687886,0.27463418181818183,498.0084533691406,6532377.0,0.9764123959162063,0.004415544215589762,0.2357283583478935,True,,KI,H20,3,d14,Plate1,/Users/pmihack/claire/tmem_2026/data/cleaved_tmem_pld3_260821/d14/Z60_PLD_TMEMki/PLD3TMEM106B_Plate1_d14_TMEM561LAMP1640MAP2488DAPI405_H20_F3.nd2,12
4,16466,26,0.18025021255921292,1.3314904615384615,863.91943359375,14225297.0,8.431022957777682,0.013086475431919098,0.38650275663509914,True,,KI,H20,3,d14,Plate1,/Users/pmihack/claire/tmem_2026/data/cleaved_tmem_pld3_260821/d14/Z60_PLD_TMEMki/PLD3TMEM106B_Plate1_d14_TMEM561LAMP1640MAP2488DAPI405_H20_F3.nd2,12
5,6687,4,0.0038881411694332286,0.075816,100.310302734375,670775.0,0.8585477856905516,0.00017144347657449543,0.35128068266180545,True,,KI,H20,3,d14,Plate1,/Users/pmihack/claire/tmem_2026/data/cleaved_tmem_pld3_260821/d14/Z60_PLD_TMEMki/PLD3TMEM106B_Plate1_d14_TMEM561LAMP1640MAP2488DAPI405_H20_F3.nd2,12
6,19032,17,0.12636612021857924,1.6501129411764703,565.1426391601562,10755795.0,13.744658658297304,0.3330981135368347,0.762912590616213,True,,KI,H20,3,d14,Plate1,/Users/pmihack/claire/tmem_2026/data/cleaved_tmem_pld3_260821/d14/Z60_PLD_TMEMki/PLD3TMEM106B_Plate1_d14_TMEM561LAMP1640MAP2488DAPI405_H20_F3.nd2,12
7,8104,2,0.0019743336623889436,0.09331199999999999,74.98494720458984,607678.0,2.9427727011018607,0.0,0.3524955699158346,True,,KI,H20,3,d14,Plate1,/Users/pmihack/claire/tmem_2026/data/cleaved_tmem_pld3_260821/d14/Z60_PLD_TMEMki/PLD3TMEM106B_Plate1_d14_TMEM561LAMP1640MAP2488DAPI405_H20_F3.nd2,12
8,16382,3,0.0017091930167256746,0.108864,147.69241333007812,2419497.0,1.109290663953659,0.002761731157079339,0.6025228527810059,True,,KI,H20,3,d14,Plate1,/Users/pmihack/claire/tmem_2026/data/cleaved_tmem_pld3_260821/d14/Z60_PLD_TMEMki/PLD3TMEM106B_Plate1_d14_TMEM561LAMP1640MAP2488DAPI405_H20_F3.nd2,12
1,7755,6,0.00915538362346873,0.138024,339.41290283203125,2632147.0,6.335633067454257,0.0,0.5809597206190354,True,,KI,H20,4,d14,Plate1,/Users/pmihack/claire/tmem_2026/data/cleaved_tmem_pld3_260821/d14/Z60_PLD_TMEMki/PLD3TMEM106B_Plate1_d14_TMEM561LAMP1640MAP2488DAPI405_H20_F4.nd2,16
2,13286,1,0.0005268703898840885,0.081648,84.41780853271484,1121575.0,21.75809100020721,0.0,0.4627786810939306,True,,KI,H20,4,d14,Plate1,/Users/pmihack/claire/tmem_2026/data/cleaved_tmem_pld3_260821/d14/Z60_PLD_TMEMki/PLD3TMEM106B_Plate1_d14_TMEM561LAMP1640MAP2488DAPI405_H20_F4.nd2,16
3,5250,0,0.0,0.0,17.359237670898438,91136.0,,0.0,0.04714390510544626,True,,KI,H20,4,d14,Plate1,/Users/pmihack/claire/tmem_2026/data/cleaved_tmem_pld3_260821/d14/Z60_PLD_TMEMki/PLD3TMEM106B_Plate1_d14_TMEM561LAMP1640MAP2488DAPI405_H20_F4.nd2,16
4,9472,4,0.005595439189189189,0.154548,378.41766357421875,3584372.0,0.41609836147883944,0.00011326949606882408,0.1501661043934737,True,,KI,H20,4,d14,Plate1,/Users/pmihack/claire/tmem_2026/data/cleaved_tmem_pld3_260821/d14/Z60_PLD_TMEMki/PLD3TMEM106B_Plate1_d14_TMEM561LAMP1640MAP2488DAPI405_H20_F4.nd2,16
5,6453,0,0.0,0.0,39.54765319824219,255201.0,,0.0,-0.04365371931767799,True,,KI,H20,4,d14,Plate1,/Users/pmihack/claire/tmem_2026/data/cleaved_tmem_pld3_260821/d14/Z60_PLD_TMEMki/PLD3TMEM106B_Plate1_d14_TMEM561LAMP1640MAP2488DAPI405_H20_F4.nd2,16
6,16234,8,0.02008131082912406,0.47530799999999995,370.05328369140625,6007445.0,0.16372628535554337,0.0,0.6161879624242238,True,,KI,H20,4,d14,Plate1,/Users/pmihack/claire/tmem_2026/data/cleaved_tmem_pld3_260821/d14/Z60_PLD_TMEMki/PLD3TMEM106B_Plate1_d14_TMEM561LAMP1640MAP2488DAPI405_H20_F4.nd2,16
7,17941,8,0.011147650632629173,0.29159999999999997,230.4287872314453,4134123.0,0.8020865857742056,0.0,0.5164336690043956,True,,KI,H20,4,d14,Plate1,/Users/pmihack/claire/tmem_2026/data/cleaved_tmem_pld3_260821/d14/Z60_PLD_TMEMki/PLD3TMEM106B_Plate1_d14_TMEM561LAMP1640MAP2488DAPI405_H20_F4.nd2,16
8,21049,15,0.056629768635089554,0.9268991999999999,468.6400451660156,9864404.0,1.1063548663063447,0.0021794524509459734,0.76966918394229,True,,KI,H20,4,d14,Plate1,/Users/pmihack/claire/tmem_2026/data/cleaved_tmem_pld3_260821/d14/Z60_PLD_TMEMki/PLD3TMEM106B_Plate1_d14_TMEM561LAMP1640MAP2488DAPI405_H20_F4.nd2,16
9,15616,6,0.003201844262295082,0.0972,187.97463989257812,2935412.0,11.473177514401497,0.0,0.5233880343757046,True,,KI,H20,4,d14,Plate1,/Users/pmihack/claire/tmem_2026/data/cleaved_tmem_pld3_260821/d14/Z60_PLD_TMEMki/PLD3TMEM106B_Plate1_d14_TMEM561LAMP1640MAP2488DAPI405_H20_F4.nd2,16
10,4635,2,0.005825242718446602,0.157464,480.7214660644531,2228144.0,15.23765355243001,0.0,0.2782360843647351,True,,KI,H20,4,d14,Plate1,/Users/pmihack/claire/tmem_2026/data/cleaved_tmem_pld3_260821/d14/Z60_PLD_TMEMki/PLD3TMEM106B_Plate1_d14_TMEM561LAMP1640MAP2488DAPI405_H20_F4.nd2,16
11,10209,18,0.26564795768439614,1.7573759999999998,1650.8282470703125,16853306.0,11.336764207083387,0.0,0.39173143285745776,True,,KI,H20,4,d14,Plate1,/Users/pmihack/claire/tmem_2026/data/cleaved_tmem_pld3_260821/d14/Z60_PLD_TMEMki/PLD3TMEM106B_Plate1_d14_TMEM561LAMP1640MAP2488DAPI405_H20_F4.nd2,16
12,4952,1,0.002827140549273021,0.163296,343.0076599121094,1698574.0,2.706270801615725,0.0,0.1499385630792416,True,,KI,H20,4,d14,Plate1,/Users/pmihack/claire/tmem_2026/data/cleaved_tmem_pld3_260821/d14/Z60_PLD_TMEMki/PLD3TMEM106B_Plate1_d14_TMEM561LAMP1640MAP2488DAPI405_H20_F4.nd2,16
