cell_id,cell_area_px,n_lysosomes,lyso_area_frac,lyso_mean_size_um2,lamp1_mean,lamp1_integrated,perinuclear_index,tmem_manders_m1,tmem_pearson,qc_pass,qc_reason,condition,well,fov,timepoint,plate,file_path,n_z_slices
1,17183,6,0.00355002036896933,0.11858399999999998,677.9288940429688,11648852.0,3.403218182841308,0.0,0.049866726096331235,True,,KO,C8,1,d28,Plate1,/Users/pmihack/claire/tmem_2026/data/cleaved_tmem_pld3_260821/d28/TMEM_KO/TMEMKO_Plate1_d28_TMEM561LAMP1640MAP2488DAPI405_C8_F1.nd2,9
2,10658,4,0.0021580033777444173,0.06706799999999999,287.3099060058594,3062149.0,3.152548871421741,0.0,0.016115610270409704,True,,KO,C8,1,d28,Plate1,/Users/pmihack/claire/tmem_2026/data/cleaved_tmem_pld3_260821/d28/TMEM_KO/TMEMKO_Plate1_d28_TMEM561LAMP1640MAP2488DAPI405_C8_F1.nd2,9
3,11127,12,0.058775950390940954,0.6356879999999999,1185.135986328125,13187008.0,12.009703974751417,0.0,-0.02061089659898136,True,,KO,C8,1,d28,Plate1,/Users/pmihack/claire/tmem_2026/data/cleaved_tmem_pld3_260821/d28/TMEM_KO/TMEMKO_Plate1_d28_TMEM561LAMP1640MAP2488DAPI405_C8_F1.nd2,9
4,11605,14,0.03937957776820336,0.3807462857142857,1085.591064453125,12598284.0,5.039280583456998,0.0,0.1946137358421622,True,,KO,C8,1,d28,Plate1,/Users/pmihack/claire/tmem_2026/data/cleaved_tmem_pld3_260821/d28/TMEM_KO/TMEMKO_Plate1_d28_TMEM561LAMP1640MAP2488DAPI405_C8_F1.nd2,9
5,4336,0,0.0,0.0,361.8187255859375,1568846.0,,0.0,0.051885274850544595,True,,KO,C8,1,d28,Plate1,/Users/pmihack/claire/tmem_2026/data/cleaved_tmem_pld3_260821/d28/TMEM_KO/TMEMKO_Plate1_d28_TMEM561LAMP1640MAP2488DAPI405_C8_F1.nd2,9
6,7612,0,0.0,0.0,65.1048355102539,495578.0,,0.0,0.05326643698687325,True,,KO,C8,1,d28,Plate1,/Users/pmihack/claire/tmem_2026/data/cleaved_tmem_pld3_260821/d28/TMEM_KO/TMEMKO_Plate1_d28_TMEM561LAMP1640MAP2488DAPI405_C8_F1.nd2,9
7,13295,1,0.0009025949605114704,0.13996799999999998,355.31439208984375,4723905.0,25.674870366038363,0.0,0.03305298067593111,True,,KO,C8,1,d28,Plate1,/Users/pmihack/claire/tmem_2026/data/cleaved_tmem_pld3_260821/d28/TMEM_KO/TMEMKO_Plate1_d28_TMEM561LAMP1640MAP2488DAPI405_C8_F1.nd2,9
8,12237,3,0.0026967393969110076,0.128304,235.4883575439453,2881671.0,11.691142525937076,0.0,0.06554176914441817,True,,KO,C8,1,d28,Plate1,/Users/pmihack/claire/tmem_2026/data/cleaved_tmem_pld3_260821/d28/TMEM_KO/TMEMKO_Plate1_d28_TMEM561LAMP1640MAP2488DAPI405_C8_F1.nd2,9
9,4698,0,0.0,0.0,124.79629516601562,586293.0,,0.0,0.11627939677964204,True,,KO,C8,1,d28,Plate1,/Users/pmihack/claire/tmem_2026/data/cleaved_tmem_pld3_260821/d28/TMEM_KO/TMEMKO_Plate1_d28_TMEM561LAMP1640MAP2488DAPI405_C8_F1.nd2,9
10,17745,11,0.014595660749506903,0.27463418181818183,555.6509399414062,9860026.0,12.06984556702193,0.0,0.02515935266681024,True,,KO,C8,1,d28,Plate1,/Users/pmihack/claire/tmem_2026/data/cleaved_tmem_pld3_260821/d28/TMEM_KO/TMEMKO_Plate1_d28_TMEM561LAMP1640MAP2488DAPI405_C8_F1.nd2,9
11,6444,13,0.02669149596523898,0.15432369230769227,1232.1629638671875,7940058.0,28.5322374026273,0.0026590486522763968,0.052041623503261046,True,,KO,C8,1,d28,Plate1,/Users/pmihack/claire/tmem_2026/data/cleaved_tmem_pld3_260821/d28/TMEM_KO/TMEMKO_Plate1_d28_TMEM561LAMP1640MAP2488DAPI405_C8_F1.nd2,9
12,5350,0,0.0,0.0,133.59645080566406,714741.0,,0.0,0.050545074119836136,True,,KO,C8,1,d28,Plate1,/Users/pmihack/claire/tmem_2026/data/cleaved_tmem_pld3_260821/d28/TMEM_KO/TMEMKO_Plate1_d28_TMEM561LAMP1640MAP2488DAPI405_C8_F1.nd2,9
13,11559,0,0.0,0.0,52.347782135009766,605088.0,,0.0,0.05151460701284325,True,,KO,C8,1,d28,Plate1,/Users/pmihack/claire/tmem_2026/data/cleaved_tmem_pld3_260821/d28/TMEM_KO/TMEMKO_Plate1_d28_TMEM561LAMP1640MAP2488DAPI405_C8_F1.nd2,9
1,13026,0,0.0,0.0,54.05680847167969,704144.0,,0.0,-0.026762124582411676,True,,KO,C8,2,d28,Plate1,/Users/pmihack/claire/tmem_2026/data/cleaved_tmem_pld3_260821/d28/TMEM_KO/TMEMKO_Plate1_d28_TMEM561LAMP1640MAP2488DAPI405_C8_F2.nd2,9
2,2759,0,0.0,0.0,57.07212829589844,157462.0,,0.0,0.10516290965327274,True,,KO,C8,2,d28,Plate1,/Users/pmihack/claire/tmem_2026/data/cleaved_tmem_pld3_260821/d28/TMEM_KO/TMEMKO_Plate1_d28_TMEM561LAMP1640MAP2488DAPI405_C8_F2.nd2,9
3,3943,0,0.0,0.0,397.6335144042969,1567869.0,,0.0,0.19022244982401615,True,,KO,C8,2,d28,Plate1,/Users/pmihack/claire/tmem_2026/data/cleaved_tmem_pld3_260821/d28/TMEM_KO/TMEMKO_Plate1_d28_TMEM561LAMP1640MAP2488DAPI405_C8_F2.nd2,9
4,13913,0,0.0,0.0,58.96068572998047,820320.0,,0.0,0.024596993810964363,True,,KO,C8,2,d28,Plate1,/Users/pmihack/claire/tmem_2026/data/cleaved_tmem_pld3_260821/d28/TMEM_KO/TMEMKO_Plate1_d28_TMEM561LAMP1640MAP2488DAPI405_C8_F2.nd2,9
5,2642,0,0.0,0.0,42.499244689941406,112283.0,,0.0,-0.008649007568928663,True,,KO,C8,2,d28,Plate1,/Users/pmihack/claire/tmem_2026/data/cleaved_tmem_pld3_260821/d28/TMEM_KO/TMEMKO_Plate1_d28_TMEM561LAMP1640MAP2488DAPI405_C8_F2.nd2,9
1,229,0,0.0,0.0,12.200873374938965,2794.0,,0.0,0.1946145173746079,False,size_outlier,KO,C8,3,d28,Plate1,/Users/pmihack/claire/tmem_2026/data/cleaved_tmem_pld3_260821/d28/TMEM_KO/TMEMKO_Plate1_d28_TMEM561LAMP1640MAP2488DAPI405_C8_F3.nd2,9
2,3304,0,0.0,0.0,10.126513481140137,33458.0,,0.0,0.017903964488077222,True,,KO,C8,3,d28,Plate1,/Users/pmihack/claire/tmem_2026/data/cleaved_tmem_pld3_260821/d28/TMEM_KO/TMEMKO_Plate1_d28_TMEM561LAMP1640MAP2488DAPI405_C8_F3.nd2,9
3,22727,20,0.06384476613719364,0.8462231999999998,544.6070556640625,12377284.0,12.766452076835769,0.0,0.06314854676688526,True,,KO,C8,3,d28,Plate1,/Users/pmihack/claire/tmem_2026/data/cleaved_tmem_pld3_260821/d28/TMEM_KO/TMEMKO_Plate1_d28_TMEM561LAMP1640MAP2488DAPI405_C8_F3.nd2,9
4,13031,12,0.013352774153940603,0.16912799999999997,277.4236145019531,3615107.0,4.4828716378654105,0.0,0.16781961517425636,True,,KO,C8,3,d28,Plate1,/Users/pmihack/claire/tmem_2026/data/cleaved_tmem_pld3_260821/d28/TMEM_KO/TMEMKO_Plate1_d28_TMEM561LAMP1640MAP2488DAPI405_C8_F3.nd2,9
5,20324,14,0.021354064160598308,0.36158399999999996,259.4518737792969,5273100.0,11.15609648533375,0.0,0.19300359684274612,True,,KO,C8,3,d28,Plate1,/Users/pmihack/claire/tmem_2026/data/cleaved_tmem_pld3_260821/d28/TMEM_KO/TMEMKO_Plate1_d28_TMEM561LAMP1640MAP2488DAPI405_C8_F3.nd2,9
6,23377,38,0.07391880908585362,0.5304050526315789,708.4865112304688,16562289.0,15.767710403692144,0.0,0.0954638306267095,True,,KO,C8,3,d28,Plate1,/Users/pmihack/claire/tmem_2026/data/cleaved_tmem_pld3_260821/d28/TMEM_KO/TMEMKO_Plate1_d28_TMEM561LAMP1640MAP2488DAPI405_C8_F3.nd2,9
7,26238,33,0.051032853113804406,0.47327563636363634,478.2115783691406,12547315.0,9.289541844351673,0.0,0.023648140402895614,True,,KO,C8,3,d28,Plate1,/Users/pmihack/claire/tmem_2026/data/cleaved_tmem_pld3_260821/d28/TMEM_KO/TMEMKO_Plate1_d28_TMEM561LAMP1640MAP2488DAPI405_C8_F3.nd2,9
8,14271,9,0.032233200196202086,0.59616,366.8852233886719,5235819.0,11.723735839438335,0.0,0.06908965447312895,True,,KO,C8,3,d28,Plate1,/Users/pmihack/claire/tmem_2026/data/cleaved_tmem_pld3_260821/d28/TMEM_KO/TMEMKO_Plate1_d28_TMEM561LAMP1640MAP2488DAPI405_C8_F3.nd2,9
9,13808,12,0.027158169177288527,0.3645,305.1499938964844,4213511.0,,0.0,0.01339602924737563,True,,KO,C8,3,d28,Plate1,/Users/pmihack/claire/tmem_2026/data/cleaved_tmem_pld3_260821/d28/TMEM_KO/TMEMKO_Plate1_d28_TMEM561LAMP1640MAP2488DAPI405_C8_F3.nd2,9
10,14581,7,0.007475481791372334,0.18162514285714285,213.40635681152344,3111678.0,,0.0,-0.019330925495819065,True,,KO,C8,3,d28,Plate1,/Users/pmihack/claire/tmem_2026/data/cleaved_tmem_pld3_260821/d28/TMEM_KO/TMEMKO_Plate1_d28_TMEM561LAMP1640MAP2488DAPI405_C8_F3.nd2,9
1,6897,0,0.0,0.0,155.62911987304688,1073374.0,,0.0,0.0679936549031731,True,,KO,C8,4,d28,Plate1,/Users/pmihack/claire/tmem_2026/data/cleaved_tmem_pld3_260821/d28/TMEM_KO/TMEMKO_Plate1_d28_TMEM561LAMP1640MAP2488DAPI405_C8_F4.nd2,16
2,18319,0,0.0,0.0,57.62716293334961,1055672.0,,0.0,0.11113331747548785,True,,KO,C8,4,d28,Plate1,/Users/pmihack/claire/tmem_2026/data/cleaved_tmem_pld3_260821/d28/TMEM_KO/TMEMKO_Plate1_d28_TMEM561LAMP1640MAP2488DAPI405_C8_F4.nd2,16
3,5625,0,0.0,0.0,173.6055145263672,976531.0,,0.0,0.17193919579396516,True,,KO,C8,4,d28,Plate1,/Users/pmihack/claire/tmem_2026/data/cleaved_tmem_pld3_260821/d28/TMEM_KO/TMEMKO_Plate1_d28_TMEM561LAMP1640MAP2488DAPI405_C8_F4.nd2,16
4,13796,0,0.0,0.0,52.64786911010742,726330.0,,0.0,-0.0033846562409306914,True,,KO,C8,4,d28,Plate1,/Users/pmihack/claire/tmem_2026/data/cleaved_tmem_pld3_260821/d28/TMEM_KO/TMEMKO_Plate1_d28_TMEM561LAMP1640MAP2488DAPI405_C8_F4.nd2,16
5,13181,0,0.0,0.0,43.02101516723633,567060.0,,0.08754276484251022,0.22066505143404538,True,,KO,C8,4,d28,Plate1,/Users/pmihack/claire/tmem_2026/data/cleaved_tmem_pld3_260821/d28/TMEM_KO/TMEMKO_Plate1_d28_TMEM561LAMP1640MAP2488DAPI405_C8_F4.nd2,16
6,7975,0,0.0,0.0,20.594858169555664,164244.0,,0.0,-0.00968759578971923,True,,KO,C8,4,d28,Plate1,/Users/pmihack/claire/tmem_2026/data/cleaved_tmem_pld3_260821/d28/TMEM_KO/TMEMKO_Plate1_d28_TMEM561LAMP1640MAP2488DAPI405_C8_F4.nd2,16
7,4121,0,0.0,0.0,51.149234771728516,210786.0,,0.0,0.1091941406041643,True,,KO,C8,4,d28,Plate1,/Users/pmihack/claire/tmem_2026/data/cleaved_tmem_pld3_260821/d28/TMEM_KO/TMEMKO_Plate1_d28_TMEM561LAMP1640MAP2488DAPI405_C8_F4.nd2,16
8,1917,0,0.0,0.0,75.09859466552734,143964.0,,0.0,-0.00673902096376861,False,size_outlier,KO,C8,4,d28,Plate1,/Users/pmihack/claire/tmem_2026/data/cleaved_tmem_pld3_260821/d28/TMEM_KO/TMEMKO_Plate1_d28_TMEM561LAMP1640MAP2488DAPI405_C8_F4.nd2,16
9,15334,0,0.0,0.0,95.877197265625,1470181.0,,0.0,-0.007292911340838933,True,,KO,C8,4,d28,Plate1,/Users/pmihack/claire/tmem_2026/data/cleaved_tmem_pld3_260821/d28/TMEM_KO/TMEMKO_Plate1_d28_TMEM561LAMP1640MAP2488DAPI405_C8_F4.nd2,16
10,12707,0,0.0,0.0,195.25584411621094,2481116.0,,0.0,-0.06575933944777813,True,,KO,C8,4,d28,Plate1,/Users/pmihack/claire/tmem_2026/data/cleaved_tmem_pld3_260821/d28/TMEM_KO/TMEMKO_Plate1_d28_TMEM561LAMP1640MAP2488DAPI405_C8_F4.nd2,16
11,15714,0,0.0,0.0,38.68843078613281,607950.0,,0.011571675539016724,0.04014600525803533,True,,KO,C8,4,d28,Plate1,/Users/pmihack/claire/tmem_2026/data/cleaved_tmem_pld3_260821/d28/TMEM_KO/TMEMKO_Plate1_d28_TMEM561LAMP1640MAP2488DAPI405_C8_F4.nd2,16
12,2320,0,0.0,0.0,72.48233032226562,168159.0,,0.0,-0.04210839416924369,False,border,KO,C8,4,d28,Plate1,/Users/pmihack/claire/tmem_2026/data/cleaved_tmem_pld3_260821/d28/TMEM_KO/TMEMKO_Plate1_d28_TMEM561LAMP1640MAP2488DAPI405_C8_F4.nd2,16
13,17136,3,0.0011671335200746965,0.07776,190.85865783691406,3270554.0,1.6144183664897132,0.0002216749853687361,0.05031908649604812,True,,KO,C8,4,d28,Plate1,/Users/pmihack/claire/tmem_2026/data/cleaved_tmem_pld3_260821/d28/TMEM_KO/TMEMKO_Plate1_d28_TMEM561LAMP1640MAP2488DAPI405_C8_F4.nd2,16
14,10909,0,0.0,0.0,84.01329040527344,916501.0,,0.0,-0.004671696339513964,True,,KO,C8,4,d28,Plate1,/Users/pmihack/claire/tmem_2026/data/cleaved_tmem_pld3_260821/d28/TMEM_KO/TMEMKO_Plate1_d28_TMEM561LAMP1640MAP2488DAPI405_C8_F4.nd2,16
15,9670,4,0.0023784901758014476,0.06706799999999999,517.74072265625,5006553.0,10.848446225774127,0.0,-0.0736816242734511,True,,KO,C8,4,d28,Plate1,/Users/pmihack/claire/tmem_2026/data/cleaved_tmem_pld3_260821/d28/TMEM_KO/TMEMKO_Plate1_d28_TMEM561LAMP1640MAP2488DAPI405_C8_F4.nd2,16
16,12009,0,0.0,0.0,56.30177307128906,676128.0,,0.005605447571724653,0.0021857869495518333,True,,KO,C8,4,d28,Plate1,/Users/pmihack/claire/tmem_2026/data/cleaved_tmem_pld3_260821/d28/TMEM_KO/TMEMKO_Plate1_d28_TMEM561LAMP1640MAP2488DAPI405_C8_F4.nd2,16
17,8370,0,0.0,0.0,40.74121856689453,341004.0,,0.0,-0.05683533934233734,True,,KO,C8,4,d28,Plate1,/Users/pmihack/claire/tmem_2026/data/cleaved_tmem_pld3_260821/d28/TMEM_KO/TMEMKO_Plate1_d28_TMEM561LAMP1640MAP2488DAPI405_C8_F4.nd2,16
18,24427,0,0.0,0.0,50.0247688293457,1221955.0,,0.0,0.1473697813787642,True,,KO,C8,4,d28,Plate1,/Users/pmihack/claire/tmem_2026/data/cleaved_tmem_pld3_260821/d28/TMEM_KO/TMEMKO_Plate1_d28_TMEM561LAMP1640MAP2488DAPI405_C8_F4.nd2,16
1,10577,23,0.16308972298383284,0.8747999999999999,1173.2965087890625,12409957.0,5.641598102250936,0.0,-0.020166764015530546,True,,KO,D8,1,d28,Plate1,/Users/pmihack/claire/tmem_2026/data/cleaved_tmem_pld3_260821/d28/TMEM_KO/TMEMKO_Plate1_d28_TMEM561LAMP1640MAP2488DAPI405_D8_F1.nd2,19
2,10044,5,0.027777777777777776,0.6508512,291.1846923828125,2924659.0,17.10314925346976,0.0011050860630348325,0.011039962966979244,True,,KO,D8,1,d28,Plate1,/Users/pmihack/claire/tmem_2026/data/cleaved_tmem_pld3_260821/d28/TMEM_KO/TMEMKO_Plate1_d28_TMEM561LAMP1640MAP2488DAPI405_D8_F1.nd2,19
3,20121,16,0.23388499577555788,3.430674,1474.7989501953125,29674430.0,5.939240437067097,0.0,0.27960110585414955,True,,KO,D8,1,d28,Plate1,/Users/pmihack/claire/tmem_2026/data/cleaved_tmem_pld3_260821/d28/TMEM_KO/TMEMKO_Plate1_d28_TMEM561LAMP1640MAP2488DAPI405_D8_F1.nd2,19
4,10932,6,0.2239297475301866,4.758912,1541.2998046875,16849490.0,18.27820123984644,0.0,0.03613335676344634,True,,KO,D8,1,d28,Plate1,/Users/pmihack/claire/tmem_2026/data/cleaved_tmem_pld3_260821/d28/TMEM_KO/TMEMKO_Plate1_d28_TMEM561LAMP1640MAP2488DAPI405_D8_F1.nd2,19
5,11798,20,0.0709442278352263,0.4881384,664.8659057617188,7844088.0,9.063129858421263,0.0,0.10621641343893966,True,,KO,D8,1,d28,Plate1,/Users/pmihack/claire/tmem_2026/data/cleaved_tmem_pld3_260821/d28/TMEM_KO/TMEMKO_Plate1_d28_TMEM561LAMP1640MAP2488DAPI405_D8_F1.nd2,19
6,15605,20,0.036078180070490226,0.32834159999999996,372.972900390625,5820242.0,6.5064517991722255,0.0,0.004174095669514099,True,,KO,D8,1,d28,Plate1,/Users/pmihack/claire/tmem_2026/data/cleaved_tmem_pld3_260821/d28/TMEM_KO/TMEMKO_Plate1_d28_TMEM561LAMP1640MAP2488DAPI405_D8_F1.nd2,19
7,12178,22,0.07258991624240434,0.4686807272727272,648.5088500976562,7897541.0,11.725162480104581,0.0002737561007961631,-0.021536193933027883,True,,KO,D8,1,d28,Plate1,/Users/pmihack/claire/tmem_2026/data/cleaved_tmem_pld3_260821/d28/TMEM_KO/TMEMKO_Plate1_d28_TMEM561LAMP1640MAP2488DAPI405_D8_F1.nd2,19
8,10958,24,0.05274685161525826,0.28090799999999994,577.9631958007812,6333321.0,19.62994183568841,0.0,-0.01842464174950065,True,,KO,D8,1,d28,Plate1,/Users/pmihack/claire/tmem_2026/data/cleaved_tmem_pld3_260821/d28/TMEM_KO/TMEMKO_Plate1_d28_TMEM561LAMP1640MAP2488DAPI405_D8_F1.nd2,19
9,9765,19,0.04126984126984127,0.2473995789473684,514.8939819335938,5027940.0,12.469072166146404,0.0,0.04416028721606017,True,,KO,D8,1,d28,Plate1,/Users/pmihack/claire/tmem_2026/data/cleaved_tmem_pld3_260821/d28/TMEM_KO/TMEMKO_Plate1_d28_TMEM561LAMP1640MAP2488DAPI405_D8_F1.nd2,19
10,1490,0,0.0,0.0,45.51946258544922,67824.0,,0.0,0.11747469319990729,False,size_outlier,KO,D8,1,d28,Plate1,/Users/pmihack/claire/tmem_2026/data/cleaved_tmem_pld3_260821/d28/TMEM_KO/TMEMKO_Plate1_d28_TMEM561LAMP1640MAP2488DAPI405_D8_F1.nd2,19
11,10227,13,0.030898601740490857,0.28352492307692306,502.3612060546875,5137648.0,11.376145052604976,0.0,0.07574482534633228,True,,KO,D8,1,d28,Plate1,/Users/pmihack/claire/tmem_2026/data/cleaved_tmem_pld3_260821/d28/TMEM_KO/TMEMKO_Plate1_d28_TMEM561LAMP1640MAP2488DAPI405_D8_F1.nd2,19
12,11743,16,0.03968321553265775,0.33971399999999996,502.5150451660156,5901034.0,7.617652279035406,0.0,0.17695400366587385,True,,KO,D8,1,d28,Plate1,/Users/pmihack/claire/tmem_2026/data/cleaved_tmem_pld3_260821/d28/TMEM_KO/TMEMKO_Plate1_d28_TMEM561LAMP1640MAP2488DAPI405_D8_F1.nd2,19
13,7163,5,0.008515984922518498,0.14230079999999998,245.50914001464844,1758582.0,1.894645762681691,0.0,0.022172892060169317,False,border,KO,D8,1,d28,Plate1,/Users/pmihack/claire/tmem_2026/data/cleaved_tmem_pld3_260821/d28/TMEM_KO/TMEMKO_Plate1_d28_TMEM561LAMP1640MAP2488DAPI405_D8_F1.nd2,19
14,11905,17,0.10785384292314154,0.8809750588235293,821.8432006835938,9784043.0,15.60352545396898,0.0,0.05927118083067869,True,,KO,D8,1,d28,Plate1,/Users/pmihack/claire/tmem_2026/data/cleaved_tmem_pld3_260821/d28/TMEM_KO/TMEMKO_Plate1_d28_TMEM561LAMP1640MAP2488DAPI405_D8_F1.nd2,19
15,13100,9,0.008625954198473283,0.146448,305.06207275390625,3996313.0,7.88038318877598,0.0,0.0022705573413418475,True,,KO,D8,1,d28,Plate1,/Users/pmihack/claire/tmem_2026/data/cleaved_tmem_pld3_260821/d28/TMEM_KO/TMEMKO_Plate1_d28_TMEM561LAMP1640MAP2488DAPI405_D8_F1.nd2,19
16,17750,18,0.10315492957746479,1.186488,835.3486938476562,14827439.0,10.147835284582168,0.0,0.07974442948097572,True,,KO,D8,1,d28,Plate1,/Users/pmihack/claire/tmem_2026/data/cleaved_tmem_pld3_260821/d28/TMEM_KO/TMEMKO_Plate1_d28_TMEM561LAMP1640MAP2488DAPI405_D8_F1.nd2,19
17,7754,9,0.05700283724529275,0.572832,496.3930969238281,3849032.0,4.631171650387805,0.0,0.05978282395311412,True,,KO,D8,1,d28,Plate1,/Users/pmihack/claire/tmem_2026/data/cleaved_tmem_pld3_260821/d28/TMEM_KO/TMEMKO_Plate1_d28_TMEM561LAMP1640MAP2488DAPI405_D8_F1.nd2,19
18,12587,21,0.16731548422976086,1.1697325714285713,1331.6495361328125,16761473.0,20.739616772812504,0.0,0.15032695487170655,True,,KO,D8,1,d28,Plate1,/Users/pmihack/claire/tmem_2026/data/cleaved_tmem_pld3_260821/d28/TMEM_KO/TMEMKO_Plate1_d28_TMEM561LAMP1640MAP2488DAPI405_D8_F1.nd2,19
19,9398,11,0.042349436050223455,0.4220247272727272,454.6290588378906,4272604.0,8.238243969639313,0.0,0.011096584983598454,True,,KO,D8,1,d28,Plate1,/Users/pmihack/claire/tmem_2026/data/cleaved_tmem_pld3_260821/d28/TMEM_KO/TMEMKO_Plate1_d28_TMEM561LAMP1640MAP2488DAPI405_D8_F1.nd2,19
20,9106,8,0.013946848231934988,0.185166,304.6847229003906,2774459.0,22.740874318370953,0.0,0.12356503822326965,True,,KO,D8,1,d28,Plate1,/Users/pmihack/claire/tmem_2026/data/cleaved_tmem_pld3_260821/d28/TMEM_KO/TMEMKO_Plate1_d28_TMEM561LAMP1640MAP2488DAPI405_D8_F1.nd2,19
1,6691,0,0.0,0.0,12.447765350341797,83288.0,,0.0,0.0020451606417402433,False,abnormal_nucleus,KO,D8,2,d28,Plate1,/Users/pmihack/claire/tmem_2026/data/cleaved_tmem_pld3_260821/d28/TMEM_KO/TMEMKO_Plate1_d28_TMEM561LAMP1640MAP2488DAPI405_D8_F2.nd2,13
2,8583,0,0.0,0.0,28.497495651245117,244594.0,,0.0,0.15575383561658004,True,,KO,D8,2,d28,Plate1,/Users/pmihack/claire/tmem_2026/data/cleaved_tmem_pld3_260821/d28/TMEM_KO/TMEMKO_Plate1_d28_TMEM561LAMP1640MAP2488DAPI405_D8_F2.nd2,13
3,6086,0,0.0,0.0,133.34439086914062,811534.0,,0.0,-0.0352117863226934,True,,KO,D8,2,d28,Plate1,/Users/pmihack/claire/tmem_2026/data/cleaved_tmem_pld3_260821/d28/TMEM_KO/TMEMKO_Plate1_d28_TMEM561LAMP1640MAP2488DAPI405_D8_F2.nd2,13
4,12136,1,0.0013183915622940012,0.18662399999999998,254.8185577392578,3092478.0,0.7966337810059883,0.0,0.023884881262927385,True,,KO,D8,2,d28,Plate1,/Users/pmihack/claire/tmem_2026/data/cleaved_tmem_pld3_260821/d28/TMEM_KO/TMEMKO_Plate1_d28_TMEM561LAMP1640MAP2488DAPI405_D8_F2.nd2,13
5,5493,0,0.0,0.0,161.59893798828125,887663.0,,0.0,-0.03900518509355193,True,,KO,D8,2,d28,Plate1,/Users/pmihack/claire/tmem_2026/data/cleaved_tmem_pld3_260821/d28/TMEM_KO/TMEMKO_Plate1_d28_TMEM561LAMP1640MAP2488DAPI405_D8_F2.nd2,13
6,17173,2,0.001397542654166424,0.13996799999999998,88.23030090332031,1515179.0,4.737395030178554,0.026402821764349937,0.16814896348659938,False,abnormal_nucleus,KO,D8,2,d28,Plate1,/Users/pmihack/claire/tmem_2026/data/cleaved_tmem_pld3_260821/d28/TMEM_KO/TMEMKO_Plate1_d28_TMEM561LAMP1640MAP2488DAPI405_D8_F2.nd2,13
7,5656,0,0.0,0.0,138.99310302734375,786145.0,,0.0,0.05277651094643161,True,,KO,D8,2,d28,Plate1,/Users/pmihack/claire/tmem_2026/data/cleaved_tmem_pld3_260821/d28/TMEM_KO/TMEMKO_Plate1_d28_TMEM561LAMP1640MAP2488DAPI405_D8_F2.nd2,13
8,9938,0,0.0,0.0,72.27600860595703,718279.0,,0.0,-0.006815060258344765,True,,KO,D8,2,d28,Plate1,/Users/pmihack/claire/tmem_2026/data/cleaved_tmem_pld3_260821/d28/TMEM_KO/TMEMKO_Plate1_d28_TMEM561LAMP1640MAP2488DAPI405_D8_F2.nd2,13
9,10119,0,0.0,0.0,159.28045654296875,1611759.0,,0.0,-0.01476112350308296,True,,KO,D8,2,d28,Plate1,/Users/pmihack/claire/tmem_2026/data/cleaved_tmem_pld3_260821/d28/TMEM_KO/TMEMKO_Plate1_d28_TMEM561LAMP1640MAP2488DAPI405_D8_F2.nd2,13
10,13283,1,0.0007528419784687194,0.11664,283.5286560058594,3766111.0,7.790494019419822,0.0,-0.042186943381995835,True,,KO,D8,2,d28,Plate1,/Users/pmihack/claire/tmem_2026/data/cleaved_tmem_pld3_260821/d28/TMEM_KO/TMEMKO_Plate1_d28_TMEM561LAMP1640MAP2488DAPI405_D8_F2.nd2,13
11,17740,0,0.0,0.0,118.46759033203125,2101615.0,,0.0,0.20828853194885527,True,,KO,D8,2,d28,Plate1,/Users/pmihack/claire/tmem_2026/data/cleaved_tmem_pld3_260821/d28/TMEM_KO/TMEMKO_Plate1_d28_TMEM561LAMP1640MAP2488DAPI405_D8_F2.nd2,13
12,20040,0,0.0,0.0,92.2637710571289,1848966.0,,0.0,0.04447036135072895,False,border,KO,D8,2,d28,Plate1,/Users/pmihack/claire/tmem_2026/data/cleaved_tmem_pld3_260821/d28/TMEM_KO/TMEMKO_Plate1_d28_TMEM561LAMP1640MAP2488DAPI405_D8_F2.nd2,13
13,5230,5,0.025047801147227534,0.30559679999999995,801.1956176757812,4190253.0,41.195551931806584,0.0,0.009016874039334379,True,,KO,D8,2,d28,Plate1,/Users/pmihack/claire/tmem_2026/data/cleaved_tmem_pld3_260821/d28/TMEM_KO/TMEMKO_Plate1_d28_TMEM561LAMP1640MAP2488DAPI405_D8_F2.nd2,13
1,25051,0,0.0,0.0,76.23444366455078,1909749.0,,0.0,0.029292526947070276,True,,KO,D8,3,d28,Plate1,/Users/pmihack/claire/tmem_2026/data/cleaved_tmem_pld3_260821/d28/TMEM_KO/TMEMKO_Plate1_d28_TMEM561LAMP1640MAP2488DAPI405_D8_F3.nd2,10
2,14178,0,0.0,0.0,75.94096374511719,1076691.0,,0.0,-0.012529829641294721,True,,KO,D8,3,d28,Plate1,/Users/pmihack/claire/tmem_2026/data/cleaved_tmem_pld3_260821/d28/TMEM_KO/TMEMKO_Plate1_d28_TMEM561LAMP1640MAP2488DAPI405_D8_F3.nd2,10
3,8029,0,0.0,0.0,217.0470733642578,1742671.0,,0.0,-0.05566382930946808,True,,KO,D8,3,d28,Plate1,/Users/pmihack/claire/tmem_2026/data/cleaved_tmem_pld3_260821/d28/TMEM_KO/TMEMKO_Plate1_d28_TMEM561LAMP1640MAP2488DAPI405_D8_F3.nd2,10
4,13470,1,0.0014105419450631033,0.22161599999999998,89.91967010498047,1211218.0,12.732011664278243,0.0,0.003151223766057451,True,,KO,D8,3,d28,Plate1,/Users/pmihack/claire/tmem_2026/data/cleaved_tmem_pld3_260821/d28/TMEM_KO/TMEMKO_Plate1_d28_TMEM561LAMP1640MAP2488DAPI405_D8_F3.nd2,10
5,11605,0,0.0,0.0,104.17432403564453,1208943.0,,0.0,-0.0273571264502552,True,,KO,D8,3,d28,Plate1,/Users/pmihack/claire/tmem_2026/data/cleaved_tmem_pld3_260821/d28/TMEM_KO/TMEMKO_Plate1_d28_TMEM561LAMP1640MAP2488DAPI405_D8_F3.nd2,10
6,13527,0,0.0,0.0,82.59052276611328,1117202.0,,0.0,-0.01958164010036919,True,,KO,D8,3,d28,Plate1,/Users/pmihack/claire/tmem_2026/data/cleaved_tmem_pld3_260821/d28/TMEM_KO/TMEMKO_Plate1_d28_TMEM561LAMP1640MAP2488DAPI405_D8_F3.nd2,10
7,23396,0,0.0,0.0,252.3947296142578,5905027.0,,0.0,-0.029766502235913185,True,,KO,D8,3,d28,Plate1,/Users/pmihack/claire/tmem_2026/data/cleaved_tmem_pld3_260821/d28/TMEM_KO/TMEMKO_Plate1_d28_TMEM561LAMP1640MAP2488DAPI405_D8_F3.nd2,10
8,11528,0,0.0,0.0,177.97389221191406,2051683.0,,0.0,0.010666472752926337,True,,KO,D8,3,d28,Plate1,/Users/pmihack/claire/tmem_2026/data/cleaved_tmem_pld3_260821/d28/TMEM_KO/TMEMKO_Plate1_d28_TMEM561LAMP1640MAP2488DAPI405_D8_F3.nd2,10
9,11739,3,0.002725956214328307,0.12441599999999998,447.1494140625,5249087.0,24.481325076508963,0.0,0.1021399454434914,True,,KO,D8,3,d28,Plate1,/Users/pmihack/claire/tmem_2026/data/cleaved_tmem_pld3_260821/d28/TMEM_KO/TMEMKO_Plate1_d28_TMEM561LAMP1640MAP2488DAPI405_D8_F3.nd2,10
1,8107,28,0.0983101023806587,0.33200742857142856,1318.4613037109375,10688766.0,11.378324380537748,0.0,0.0614010558126149,True,,KO,D8,4,d28,Plate1,/Users/pmihack/claire/tmem_2026/data/cleaved_tmem_pld3_260821/d28/TMEM_KO/TMEMKO_Plate1_d28_TMEM561LAMP1640MAP2488DAPI405_D8_F4.nd2,23
2,30460,33,0.03158240315167433,0.34002327272727273,484.63177490234375,14761884.0,5.0018891688302265,0.0,0.004602204824620978,True,,KO,D8,4,d28,Plate1,/Users/pmihack/claire/tmem_2026/data/cleaved_tmem_pld3_260821/d28/TMEM_KO/TMEMKO_Plate1_d28_TMEM561LAMP1640MAP2488DAPI405_D8_F4.nd2,23
3,6848,9,0.018837616822429907,0.167184,630.4296264648438,4317182.0,12.590895389771154,0.0,0.2374215868731646,True,,KO,D8,4,d28,Plate1,/Users/pmihack/claire/tmem_2026/data/cleaved_tmem_pld3_260821/d28/TMEM_KO/TMEMKO_Plate1_d28_TMEM561LAMP1640MAP2488DAPI405_D8_F4.nd2,23
4,12590,19,0.08371723590150913,0.6470450526315789,838.1119995117188,10551830.0,8.8541916341566,0.0,-0.050639473075013826,True,,KO,D8,4,d28,Plate1,/Users/pmihack/claire/tmem_2026/data/cleaved_tmem_pld3_260821/d28/TMEM_KO/TMEMKO_Plate1_d28_TMEM561LAMP1640MAP2488DAPI405_D8_F4.nd2,23
5,15184,23,0.17577713382507903,1.3535311304347826,1260.93994140625,19146112.0,7.081102112517413,0.0,0.05979971968992891,True,,KO,D8,4,d28,Plate1,/Users/pmihack/claire/tmem_2026/data/cleaved_tmem_pld3_260821/d28/TMEM_KO/TMEMKO_Plate1_d28_TMEM561LAMP1640MAP2488DAPI405_D8_F4.nd2,23
6,14857,14,0.012721276166116981,0.157464,344.5812683105469,5119444.0,9.144166273185387,0.0,0.06253334726546084,True,,KO,D8,4,d28,Plate1,/Users/pmihack/claire/tmem_2026/data/cleaved_tmem_pld3_260821/d28/TMEM_KO/TMEMKO_Plate1_d28_TMEM561LAMP1640MAP2488DAPI405_D8_F4.nd2,23
7,9899,24,0.06172340640468734,0.296946,677.5352783203125,6706922.0,13.425665632342135,0.0,0.16252907883526782,True,,KO,D8,4,d28,Plate1,/Users/pmihack/claire/tmem_2026/data/cleaved_tmem_pld3_260821/d28/TMEM_KO/TMEMKO_Plate1_d28_TMEM561LAMP1640MAP2488DAPI405_D8_F4.nd2,23
8,14300,18,0.026923076923076925,0.24947999999999998,507.17364501953125,7252583.0,8.057740991138562,0.0,0.07590383436310617,True,,KO,D8,4,d28,Plate1,/Users/pmihack/claire/tmem_2026/data/cleaved_tmem_pld3_260821/d28/TMEM_KO/TMEMKO_Plate1_d28_TMEM561LAMP1640MAP2488DAPI405_D8_F4.nd2,23
9,8288,8,0.024493243243243243,0.29597399999999996,354.8756103515625,2941209.0,8.902311168049234,0.0,-0.015904206457326514,True,,KO,D8,4,d28,Plate1,/Users/pmihack/claire/tmem_2026/data/cleaved_tmem_pld3_260821/d28/TMEM_KO/TMEMKO_Plate1_d28_TMEM561LAMP1640MAP2488DAPI405_D8_F4.nd2,23
10,10104,37,0.12074425969912905,0.38459675675675675,1194.4847412109375,12069074.0,11.169915665534393,0.0,0.013453484212539226,True,,KO,D8,4,d28,Plate1,/Users/pmihack/claire/tmem_2026/data/cleaved_tmem_pld3_260821/d28/TMEM_KO/TMEMKO_Plate1_d28_TMEM561LAMP1640MAP2488DAPI405_D8_F4.nd2,23
11,1985,0,0.0,0.0,13.10428237915039,26012.0,,0.0,-0.0805565813182641,False,size_outlier,KO,D8,4,d28,Plate1,/Users/pmihack/claire/tmem_2026/data/cleaved_tmem_pld3_260821/d28/TMEM_KO/TMEMKO_Plate1_d28_TMEM561LAMP1640MAP2488DAPI405_D8_F4.nd2,23
12,17083,38,0.11028507873324357,0.5782888421052631,957.507568359375,16357102.0,6.594633949414193,0.0,0.08853193773269455,True,,KO,D8,4,d28,Plate1,/Users/pmihack/claire/tmem_2026/data/cleaved_tmem_pld3_260821/d28/TMEM_KO/TMEMKO_Plate1_d28_TMEM561LAMP1640MAP2488DAPI405_D8_F4.nd2,23
13,5591,14,0.048291897692720444,0.2249485714285714,757.0997924804688,4232945.0,22.684060640067678,0.0,0.10121400995581667,True,,KO,D8,4,d28,Plate1,/Users/pmihack/claire/tmem_2026/data/cleaved_tmem_pld3_260821/d28/TMEM_KO/TMEMKO_Plate1_d28_TMEM561LAMP1640MAP2488DAPI405_D8_F4.nd2,23
14,16390,11,0.008297742525930445,0.14420945454545453,286.31201171875,4692654.0,13.98537042525627,0.0,0.08379636261538138,True,,KO,D8,4,d28,Plate1,/Users/pmihack/claire/tmem_2026/data/cleaved_tmem_pld3_260821/d28/TMEM_KO/TMEMKO_Plate1_d28_TMEM561LAMP1640MAP2488DAPI405_D8_F4.nd2,23
15,6891,6,0.015382382818168627,0.206064,555.9168701171875,3830823.0,26.620396164103187,0.0,0.01911358460360073,True,,KO,D8,4,d28,Plate1,/Users/pmihack/claire/tmem_2026/data/cleaved_tmem_pld3_260821/d28/TMEM_KO/TMEMKO_Plate1_d28_TMEM561LAMP1640MAP2488DAPI405_D8_F4.nd2,23
16,12564,9,0.03279210442534225,0.533952,518.021484375,6508422.0,20.405253120392015,0.0,-0.00357348984499206,True,,KO,D8,4,d28,Plate1,/Users/pmihack/claire/tmem_2026/data/cleaved_tmem_pld3_260821/d28/TMEM_KO/TMEMKO_Plate1_d28_TMEM561LAMP1640MAP2488DAPI405_D8_F4.nd2,23
1,16709,0,0.0,0.0,147.66616821289062,2467354.0,,0.0,0.04917566988758629,True,,KO,E8,1,d28,Plate1,/Users/pmihack/claire/tmem_2026/data/cleaved_tmem_pld3_260821/d28/TMEM_KO/TMEMKO_Plate1_d28_TMEM561LAMP1640MAP2488DAPI405_E8_F1.nd2,15
2,2313,0,0.0,0.0,164.0782470703125,379513.0,,0.0,0.25748960347976635,True,,KO,E8,1,d28,Plate1,/Users/pmihack/claire/tmem_2026/data/cleaved_tmem_pld3_260821/d28/TMEM_KO/TMEMKO_Plate1_d28_TMEM561LAMP1640MAP2488DAPI405_E8_F1.nd2,15
3,13300,0,0.0,0.0,690.7614135742188,9187127.0,,0.0,0.09660764127023119,True,,KO,E8,1,d28,Plate1,/Users/pmihack/claire/tmem_2026/data/cleaved_tmem_pld3_260821/d28/TMEM_KO/TMEMKO_Plate1_d28_TMEM561LAMP1640MAP2488DAPI405_E8_F1.nd2,15
4,3991,0,0.0,0.0,533.3876342773438,2128750.0,,0.0,0.07995316390093402,True,,KO,E8,1,d28,Plate1,/Users/pmihack/claire/tmem_2026/data/cleaved_tmem_pld3_260821/d28/TMEM_KO/TMEMKO_Plate1_d28_TMEM561LAMP1640MAP2488DAPI405_E8_F1.nd2,15
5,12252,0,0.0,0.0,411.3149719238281,5039431.0,,0.0,-0.022610228186481333,True,,KO,E8,1,d28,Plate1,/Users/pmihack/claire/tmem_2026/data/cleaved_tmem_pld3_260821/d28/TMEM_KO/TMEMKO_Plate1_d28_TMEM561LAMP1640MAP2488DAPI405_E8_F1.nd2,15
6,4473,0,0.0,0.0,184.96400451660156,827344.0,,0.0,-0.03321754964998438,True,,KO,E8,1,d28,Plate1,/Users/pmihack/claire/tmem_2026/data/cleaved_tmem_pld3_260821/d28/TMEM_KO/TMEMKO_Plate1_d28_TMEM561LAMP1640MAP2488DAPI405_E8_F1.nd2,15
7,7735,1,0.0006464124111182935,0.05832,270.96624755859375,2095924.0,4.9864951140378535,0.0,0.0626554027705501,True,,KO,E8,1,d28,Plate1,/Users/pmihack/claire/tmem_2026/data/cleaved_tmem_pld3_260821/d28/TMEM_KO/TMEMKO_Plate1_d28_TMEM561LAMP1640MAP2488DAPI405_E8_F1.nd2,15
8,5517,0,0.0,0.0,257.6842346191406,1421644.0,,0.0,0.22092643122773464,True,,KO,E8,1,d28,Plate1,/Users/pmihack/claire/tmem_2026/data/cleaved_tmem_pld3_260821/d28/TMEM_KO/TMEMKO_Plate1_d28_TMEM561LAMP1640MAP2488DAPI405_E8_F1.nd2,15
9,8180,0,0.0,0.0,146.12200927734375,1195278.0,,0.0,0.09237209491319186,True,,KO,E8,1,d28,Plate1,/Users/pmihack/claire/tmem_2026/data/cleaved_tmem_pld3_260821/d28/TMEM_KO/TMEMKO_Plate1_d28_TMEM561LAMP1640MAP2488DAPI405_E8_F1.nd2,15
10,14103,1,0.0003545344962064809,0.05832,344.6527099609375,4860637.0,8.933457947044722,0.0,0.03831096175527042,True,,KO,E8,1,d28,Plate1,/Users/pmihack/claire/tmem_2026/data/cleaved_tmem_pld3_260821/d28/TMEM_KO/TMEMKO_Plate1_d28_TMEM561LAMP1640MAP2488DAPI405_E8_F1.nd2,15
11,9141,0,0.0,0.0,157.9995574951172,1444274.0,,0.0,0.003066191312243437,True,,KO,E8,1,d28,Plate1,/Users/pmihack/claire/tmem_2026/data/cleaved_tmem_pld3_260821/d28/TMEM_KO/TMEMKO_Plate1_d28_TMEM561LAMP1640MAP2488DAPI405_E8_F1.nd2,15
12,1897,0,0.0,0.0,415.00897216796875,787272.0,,0.0,0.041421845483620975,False,size_outlier,KO,E8,1,d28,Plate1,/Users/pmihack/claire/tmem_2026/data/cleaved_tmem_pld3_260821/d28/TMEM_KO/TMEMKO_Plate1_d28_TMEM561LAMP1640MAP2488DAPI405_E8_F1.nd2,15
13,14922,0,0.0,0.0,209.9090576171875,3132263.0,,0.0,-0.010019087128329081,True,,KO,E8,1,d28,Plate1,/Users/pmihack/claire/tmem_2026/data/cleaved_tmem_pld3_260821/d28/TMEM_KO/TMEMKO_Plate1_d28_TMEM561LAMP1640MAP2488DAPI405_E8_F1.nd2,15
14,22132,0,0.0,0.0,52.077579498291016,1152581.0,,0.0,0.028029702802405118,True,,KO,E8,1,d28,Plate1,/Users/pmihack/claire/tmem_2026/data/cleaved_tmem_pld3_260821/d28/TMEM_KO/TMEMKO_Plate1_d28_TMEM561LAMP1640MAP2488DAPI405_E8_F1.nd2,15
15,1876,0,0.0,0.0,58.51226043701172,109769.0,,0.0,-0.11437791944103028,False,size_outlier,KO,E8,1,d28,Plate1,/Users/pmihack/claire/tmem_2026/data/cleaved_tmem_pld3_260821/d28/TMEM_KO/TMEMKO_Plate1_d28_TMEM561LAMP1640MAP2488DAPI405_E8_F1.nd2,15
16,1710,0,0.0,0.0,20.77485466003418,35525.0,,0.0,0.09752341285750477,False,size_outlier,KO,E8,1,d28,Plate1,/Users/pmihack/claire/tmem_2026/data/cleaved_tmem_pld3_260821/d28/TMEM_KO/TMEMKO_Plate1_d28_TMEM561LAMP1640MAP2488DAPI405_E8_F1.nd2,15
1,349,0,0.0,0.0,38.98280715942383,13605.0,,0.0,0.11103981628760597,False,size_outlier,KO,F8,1,d28,Plate1,/Users/pmihack/claire/tmem_2026/data/cleaved_tmem_pld3_260821/d28/TMEM_KO/TMEMKO_Plate1_d28_TMEM561LAMP1640MAP2488DAPI405_F8_F1.nd2,12
2,287,0,0.0,0.0,18.508710861206055,5312.0,,0.0,-0.2812947788071631,False,size_outlier,KO,F8,1,d28,Plate1,/Users/pmihack/claire/tmem_2026/data/cleaved_tmem_pld3_260821/d28/TMEM_KO/TMEMKO_Plate1_d28_TMEM561LAMP1640MAP2488DAPI405_F8_F1.nd2,12
3,159,0,0.0,0.0,3.389937162399292,539.0,,0.0,0.22783584168173465,False,size_outlier,KO,F8,1,d28,Plate1,/Users/pmihack/claire/tmem_2026/data/cleaved_tmem_pld3_260821/d28/TMEM_KO/TMEMKO_Plate1_d28_TMEM561LAMP1640MAP2488DAPI405_F8_F1.nd2,12
4,21486,16,0.028250954109652796,0.442503,920.5970458984375,19779948.0,1.9103476673065898,4.398393684823532e-06,-0.013969015965885605,True,,KO,F8,1,d28,Plate1,/Users/pmihack/claire/tmem_2026/data/cleaved_tmem_pld3_260821/d28/TMEM_KO/TMEMKO_Plate1_d28_TMEM561LAMP1640MAP2488DAPI405_F8_F1.nd2,12
5,7230,3,0.007607192254495159,0.21383999999999997,1213.8194580078125,8775915.0,18.030456592519467,0.0,-0.0015005158656656824,False,border,KO,F8,1,d28,Plate1,/Users/pmihack/claire/tmem_2026/data/cleaved_tmem_pld3_260821/d28/TMEM_KO/TMEMKO_Plate1_d28_TMEM561LAMP1640MAP2488DAPI405_F8_F1.nd2,12
6,8455,1,0.0007096392667060911,0.06998399999999999,113.07463073730469,956046.0,23.473553817501962,0.0,0.0033893840878596094,True,,KO,F8,1,d28,Plate1,/Users/pmihack/claire/tmem_2026/data/cleaved_tmem_pld3_260821/d28/TMEM_KO/TMEMKO_Plate1_d28_TMEM561LAMP1640MAP2488DAPI405_F8_F1.nd2,12
7,6255,4,0.013749000799360511,0.250776,344.9565124511719,2157703.0,15.334726943808487,0.0,0.12601855906686948,True,,KO,F8,1,d28,Plate1,/Users/pmihack/claire/tmem_2026/data/cleaved_tmem_pld3_260821/d28/TMEM_KO/TMEMKO_Plate1_d28_TMEM561LAMP1640MAP2488DAPI405_F8_F1.nd2,12
8,13636,3,0.0048401290701085365,0.256608,570.2963256835938,7776561.0,20.965999151799316,0.0,0.11524201508737762,True,,KO,F8,1,d28,Plate1,/Users/pmihack/claire/tmem_2026/data/cleaved_tmem_pld3_260821/d28/TMEM_KO/TMEMKO_Plate1_d28_TMEM561LAMP1640MAP2488DAPI405_F8_F1.nd2,12
9,8329,2,0.003361748109016689,0.163296,348.96771240234375,2906552.0,30.192143803288324,0.0,0.01913171257352121,True,,KO,F8,1,d28,Plate1,/Users/pmihack/claire/tmem_2026/data/cleaved_tmem_pld3_260821/d28/TMEM_KO/TMEMKO_Plate1_d28_TMEM561LAMP1640MAP2488DAPI405_F8_F1.nd2,12
10,4257,0,0.0,0.0,31.09795570373535,132384.0,,0.0,0.14192928297258448,True,,KO,F8,1,d28,Plate1,/Users/pmihack/claire/tmem_2026/data/cleaved_tmem_pld3_260821/d28/TMEM_KO/TMEMKO_Plate1_d28_TMEM561LAMP1640MAP2488DAPI405_F8_F1.nd2,12
11,11572,2,0.004493605254061528,0.303264,566.7129516601562,6558002.0,0.8400387553708554,0.0,0.11566499069519644,True,,KO,F8,1,d28,Plate1,/Users/pmihack/claire/tmem_2026/data/cleaved_tmem_pld3_260821/d28/TMEM_KO/TMEMKO_Plate1_d28_TMEM561LAMP1640MAP2488DAPI405_F8_F1.nd2,12
12,15589,0,0.0,0.0,484.37384033203125,7550904.0,,3.483026739559136e-05,-0.014480538449107759,True,,KO,F8,1,d28,Plate1,/Users/pmihack/claire/tmem_2026/data/cleaved_tmem_pld3_260821/d28/TMEM_KO/TMEMKO_Plate1_d28_TMEM561LAMP1640MAP2488DAPI405_F8_F1.nd2,12
13,16043,0,0.0,0.0,77.29645538330078,1240067.0,,0.0,0.0033293469447133947,True,,KO,F8,1,d28,Plate1,/Users/pmihack/claire/tmem_2026/data/cleaved_tmem_pld3_260821/d28/TMEM_KO/TMEMKO_Plate1_d28_TMEM561LAMP1640MAP2488DAPI405_F8_F1.nd2,12
14,17334,0,0.0,0.0,109.63240051269531,1900368.0,,0.0,0.012468159056680011,True,,KO,F8,1,d28,Plate1,/Users/pmihack/claire/tmem_2026/data/cleaved_tmem_pld3_260821/d28/TMEM_KO/TMEMKO_Plate1_d28_TMEM561LAMP1640MAP2488DAPI405_F8_F1.nd2,12
15,2591,0,0.0,0.0,23.543418884277344,61001.0,,0.0,0.12173212122694117,True,,KO,F8,1,d28,Plate1,/Users/pmihack/claire/tmem_2026/data/cleaved_tmem_pld3_260821/d28/TMEM_KO/TMEMKO_Plate1_d28_TMEM561LAMP1640MAP2488DAPI405_F8_F1.nd2,12
16,6058,0,0.0,0.0,257.5087585449219,1559988.0,,0.0,0.018665163508531486,True,,KO,F8,1,d28,Plate1,/Users/pmihack/claire/tmem_2026/data/cleaved_tmem_pld3_260821/d28/TMEM_KO/TMEMKO_Plate1_d28_TMEM561LAMP1640MAP2488DAPI405_F8_F1.nd2,12
1,771,0,0.0,0.0,77.66796112060547,59882.0,,0.0,-0.07020868218417847,False,size_outlier,KO,F8,2,d28,Plate1,/Users/pmihack/claire/tmem_2026/data/cleaved_tmem_pld3_260821/d28/TMEM_KO/TMEMKO_Plate1_d28_TMEM561LAMP1640MAP2488DAPI405_F8_F2.nd2,13
2,14127,2,0.0010617965597791463,0.08747999999999999,774.5906982421875,10942643.0,20.302210762797927,0.0,0.04885029286287357,True,,KO,F8,2,d28,Plate1,/Users/pmihack/claire/tmem_2026/data/cleaved_tmem_pld3_260821/d28/TMEM_KO/TMEMKO_Plate1_d28_TMEM561LAMP1640MAP2488DAPI405_F8_F2.nd2,13
3,13203,2,0.0099219874270999,0.7639919999999999,369.8108825683594,4882613.0,8.53947585647984,0.0,0.18375411649610923,True,,KO,F8,2,d28,Plate1,/Users/pmihack/claire/tmem_2026/data/cleaved_tmem_pld3_260821/d28/TMEM_KO/TMEMKO_Plate1_d28_TMEM561LAMP1640MAP2488DAPI405_F8_F2.nd2,13
4,15227,13,0.010047941157155054,0.1372763076923077,1262.7918701171875,19228532.0,4.551469892149869,0.00014665706839878112,-0.0013421238650450367,True,,KO,F8,2,d28,Plate1,/Users/pmihack/claire/tmem_2026/data/cleaved_tmem_pld3_260821/d28/TMEM_KO/TMEMKO_Plate1_d28_TMEM561LAMP1640MAP2488DAPI405_F8_F2.nd2,13
5,10706,1,0.0005604334018307491,0.06998399999999999,310.6860656738281,3326205.0,5.9035711105489,0.0,-0.002468902876620288,True,,KO,F8,2,d28,Plate1,/Users/pmihack/claire/tmem_2026/data/cleaved_tmem_pld3_260821/d28/TMEM_KO/TMEMKO_Plate1_d28_TMEM561LAMP1640MAP2488DAPI405_F8_F2.nd2,13
6,17890,0,0.0,0.0,149.16958618164062,2668644.0,,0.0,0.09231355489627086,True,,KO,F8,2,d28,Plate1,/Users/pmihack/claire/tmem_2026/data/cleaved_tmem_pld3_260821/d28/TMEM_KO/TMEMKO_Plate1_d28_TMEM561LAMP1640MAP2488DAPI405_F8_F2.nd2,13
7,6307,0,0.0,0.0,136.2639923095703,859417.0,,0.0,0.032006286415819776,True,,KO,F8,2,d28,Plate1,/Users/pmihack/claire/tmem_2026/data/cleaved_tmem_pld3_260821/d28/TMEM_KO/TMEMKO_Plate1_d28_TMEM561LAMP1640MAP2488DAPI405_F8_F2.nd2,13
8,11335,0,0.0,0.0,172.87525939941406,1959541.0,,0.0,0.1394278005192291,False,border,KO,F8,2,d28,Plate1,/Users/pmihack/claire/tmem_2026/data/cleaved_tmem_pld3_260821/d28/TMEM_KO/TMEMKO_Plate1_d28_TMEM561LAMP1640MAP2488DAPI405_F8_F2.nd2,13
9,8380,1,0.00047732696897374703,0.046655999999999996,1043.771240234375,8746803.0,16.378629902665732,0.0,-0.028986004587039014,True,,KO,F8,2,d28,Plate1,/Users/pmihack/claire/tmem_2026/data/cleaved_tmem_pld3_260821/d28/TMEM_KO/TMEMKO_Plate1_d28_TMEM561LAMP1640MAP2488DAPI405_F8_F2.nd2,13
10,11912,1,0.0005876427132303559,0.081648,273.35528564453125,3256208.0,6.345633532878131,0.0,0.07015422281546282,True,,KO,F8,2,d28,Plate1,/Users/pmihack/claire/tmem_2026/data/cleaved_tmem_pld3_260821/d28/TMEM_KO/TMEMKO_Plate1_d28_TMEM561LAMP1640MAP2488DAPI405_F8_F2.nd2,13
11,10178,0,0.0,0.0,165.6611328125,1686099.0,,0.0,-0.000741646554419084,True,,KO,F8,2,d28,Plate1,/Users/pmihack/claire/tmem_2026/data/cleaved_tmem_pld3_260821/d28/TMEM_KO/TMEMKO_Plate1_d28_TMEM561LAMP1640MAP2488DAPI405_F8_F2.nd2,13
12,2177,0,0.0,0.0,94.55030059814453,205836.0,,0.0,0.03288394708952671,True,,KO,F8,2,d28,Plate1,/Users/pmihack/claire/tmem_2026/data/cleaved_tmem_pld3_260821/d28/TMEM_KO/TMEMKO_Plate1_d28_TMEM561LAMP1640MAP2488DAPI405_F8_F2.nd2,13
13,13242,0,0.0,0.0,80.10224914550781,1060714.0,,0.0,0.06588222974627451,True,,KO,F8,2,d28,Plate1,/Users/pmihack/claire/tmem_2026/data/cleaved_tmem_pld3_260821/d28/TMEM_KO/TMEMKO_Plate1_d28_TMEM561LAMP1640MAP2488DAPI405_F8_F2.nd2,13
14,10243,0,0.0,0.0,233.4347381591797,2391072.0,,0.0,-0.02328651791431821,True,,KO,F8,2,d28,Plate1,/Users/pmihack/claire/tmem_2026/data/cleaved_tmem_pld3_260821/d28/TMEM_KO/TMEMKO_Plate1_d28_TMEM561LAMP1640MAP2488DAPI405_F8_F2.nd2,13
15,6986,0,0.0,0.0,94.6842269897461,661464.0,,0.0,0.01910774671960743,True,,KO,F8,2,d28,Plate1,/Users/pmihack/claire/tmem_2026/data/cleaved_tmem_pld3_260821/d28/TMEM_KO/TMEMKO_Plate1_d28_TMEM561LAMP1640MAP2488DAPI405_F8_F2.nd2,13
1,10310,0,0.0,0.0,168.41232299804688,1736331.0,,0.0,0.118042174216042,True,,KO,F8,3,d28,Plate1,/Users/pmihack/claire/tmem_2026/data/cleaved_tmem_pld3_260821/d28/TMEM_KO/TMEMKO_Plate1_d28_TMEM561LAMP1640MAP2488DAPI405_F8_F3.nd2,10
2,12454,0,0.0,0.0,146.7009735107422,1827014.0,,0.0,0.05004018368327266,True,,KO,F8,3,d28,Plate1,/Users/pmihack/claire/tmem_2026/data/cleaved_tmem_pld3_260821/d28/TMEM_KO/TMEMKO_Plate1_d28_TMEM561LAMP1640MAP2488DAPI405_F8_F3.nd2,10
3,2748,0,0.0,0.0,85.75254821777344,235648.0,,0.0,0.06804234789953816,True,,KO,F8,3,d28,Plate1,/Users/pmihack/claire/tmem_2026/data/cleaved_tmem_pld3_260821/d28/TMEM_KO/TMEMKO_Plate1_d28_TMEM561LAMP1640MAP2488DAPI405_F8_F3.nd2,10
4,3874,0,0.0,0.0,57.21734619140625,221660.0,,0.0,0.03797137565564394,True,,KO,F8,3,d28,Plate1,/Users/pmihack/claire/tmem_2026/data/cleaved_tmem_pld3_260821/d28/TMEM_KO/TMEMKO_Plate1_d28_TMEM561LAMP1640MAP2488DAPI405_F8_F3.nd2,10
5,11600,1,0.0010344827586206897,0.13996799999999998,110.02017211914062,1276234.0,11.789335935377586,0.0,0.1309692523779113,True,,KO,F8,3,d28,Plate1,/Users/pmihack/claire/tmem_2026/data/cleaved_tmem_pld3_260821/d28/TMEM_KO/TMEMKO_Plate1_d28_TMEM561LAMP1640MAP2488DAPI405_F8_F3.nd2,10
6,16655,2,0.00012008405884118884,0.011663999999999999,99.73707580566406,1661121.0,10.279389930864786,0.0,0.05736060518541735,True,,KO,F8,3,d28,Plate1,/Users/pmihack/claire/tmem_2026/data/cleaved_tmem_pld3_260821/d28/TMEM_KO/TMEMKO_Plate1_d28_TMEM561LAMP1640MAP2488DAPI405_F8_F3.nd2,10
7,11547,1,0.0019918593574088507,0.26827199999999995,94.74712371826172,1094045.0,16.533603757331736,0.0,0.05265252202254349,True,,KO,F8,3,d28,Plate1,/Users/pmihack/claire/tmem_2026/data/cleaved_tmem_pld3_260821/d28/TMEM_KO/TMEMKO_Plate1_d28_TMEM561LAMP1640MAP2488DAPI405_F8_F3.nd2,10
8,17577,0,0.0,0.0,70.88394165039062,1245927.0,,0.0,-0.034446098986250694,True,,KO,F8,3,d28,Plate1,/Users/pmihack/claire/tmem_2026/data/cleaved_tmem_pld3_260821/d28/TMEM_KO/TMEMKO_Plate1_d28_TMEM561LAMP1640MAP2488DAPI405_F8_F3.nd2,10
9,10457,0,0.0,0.0,118.23706817626953,1236405.0,,0.0,0.07047778776294959,True,,KO,F8,3,d28,Plate1,/Users/pmihack/claire/tmem_2026/data/cleaved_tmem_pld3_260821/d28/TMEM_KO/TMEMKO_Plate1_d28_TMEM561LAMP1640MAP2488DAPI405_F8_F3.nd2,10
10,5749,0,0.0,0.0,166.1937713623047,955448.0,,0.0,-0.06891516903067836,True,,KO,F8,3,d28,Plate1,/Users/pmihack/claire/tmem_2026/data/cleaved_tmem_pld3_260821/d28/TMEM_KO/TMEMKO_Plate1_d28_TMEM561LAMP1640MAP2488DAPI405_F8_F3.nd2,10
11,14873,0,0.0,0.0,130.0193634033203,1933778.0,,0.0,0.04120542354828805,True,,KO,F8,3,d28,Plate1,/Users/pmihack/claire/tmem_2026/data/cleaved_tmem_pld3_260821/d28/TMEM_KO/TMEMKO_Plate1_d28_TMEM561LAMP1640MAP2488DAPI405_F8_F3.nd2,10
12,4179,0,0.0,0.0,69.5833969116211,290789.0,,0.0,0.0727521841392692,True,,KO,F8,3,d28,Plate1,/Users/pmihack/claire/tmem_2026/data/cleaved_tmem_pld3_260821/d28/TMEM_KO/TMEMKO_Plate1_d28_TMEM561LAMP1640MAP2488DAPI405_F8_F3.nd2,10
13,13085,0,0.0,0.0,93.06282043457031,1217727.0,,0.0,-0.022573571267168805,True,,KO,F8,3,d28,Plate1,/Users/pmihack/claire/tmem_2026/data/cleaved_tmem_pld3_260821/d28/TMEM_KO/TMEMKO_Plate1_d28_TMEM561LAMP1640MAP2488DAPI405_F8_F3.nd2,10
14,8330,0,0.0,0.0,70.63313293457031,588374.0,,0.0,0.22151771926870092,True,,KO,F8,3,d28,Plate1,/Users/pmihack/claire/tmem_2026/data/cleaved_tmem_pld3_260821/d28/TMEM_KO/TMEMKO_Plate1_d28_TMEM561LAMP1640MAP2488DAPI405_F8_F3.nd2,10
15,13936,0,0.0,0.0,95.2829360961914,1327863.0,,0.0,0.04207266925356047,True,,KO,F8,3,d28,Plate1,/Users/pmihack/claire/tmem_2026/data/cleaved_tmem_pld3_260821/d28/TMEM_KO/TMEMKO_Plate1_d28_TMEM561LAMP1640MAP2488DAPI405_F8_F3.nd2,10
1,6856,13,0.03208868144690782,0.19739076923076923,633.6611938476562,4344381.0,2.8734851948317615,0.0,-0.023299326319425176,True,,KO,F8,4,d28,Plate1,/Users/pmihack/claire/tmem_2026/data/cleaved_tmem_pld3_260821/d28/TMEM_KO/TMEMKO_Plate1_d28_TMEM561LAMP1640MAP2488DAPI405_F8_F4.nd2,15
2,16024,21,0.0358836744882676,0.31937142857142853,452.5367431640625,7251449.0,1.229045720505465,0.0,0.18312251856486664,True,,KO,F8,4,d28,Plate1,/Users/pmihack/claire/tmem_2026/data/cleaved_tmem_pld3_260821/d28/TMEM_KO/TMEMKO_Plate1_d28_TMEM561LAMP1640MAP2488DAPI405_F8_F4.nd2,15
3,3105,1,0.010950080515297906,0.396576,229.66827392578125,713120.0,32.255493516796456,0.0,0.45323648888081663,True,,KO,F8,4,d28,Plate1,/Users/pmihack/claire/tmem_2026/data/cleaved_tmem_pld3_260821/d28/TMEM_KO/TMEMKO_Plate1_d28_TMEM561LAMP1640MAP2488DAPI405_F8_F4.nd2,15
4,223,0,0.0,0.0,20.161434173583984,4496.0,,0.0,-0.14831831848878063,False,size_outlier,KO,F8,4,d28,Plate1,/Users/pmihack/claire/tmem_2026/data/cleaved_tmem_pld3_260821/d28/TMEM_KO/TMEMKO_Plate1_d28_TMEM561LAMP1640MAP2488DAPI405_F8_F4.nd2,15
5,1360,0,0.0,0.0,373.7183837890625,508257.0,,0.0,-0.10516841258397104,False,size_outlier,KO,F8,4,d28,Plate1,/Users/pmihack/claire/tmem_2026/data/cleaved_tmem_pld3_260821/d28/TMEM_KO/TMEMKO_Plate1_d28_TMEM561LAMP1640MAP2488DAPI405_F8_F4.nd2,15
6,8534,18,0.13217717365830794,0.7309439999999999,926.2457275390625,7904581.0,14.561124004495946,0.0002022877597482875,0.006042834463392738,True,,KO,F8,4,d28,Plate1,/Users/pmihack/claire/tmem_2026/data/cleaved_tmem_pld3_260821/d28/TMEM_KO/TMEMKO_Plate1_d28_TMEM561LAMP1640MAP2488DAPI405_F8_F4.nd2,15
7,4401,0,0.0,0.0,14.880254745483398,65488.0,,0.0,0.12520936749308073,True,,KO,F8,4,d28,Plate1,/Users/pmihack/claire/tmem_2026/data/cleaved_tmem_pld3_260821/d28/TMEM_KO/TMEMKO_Plate1_d28_TMEM561LAMP1640MAP2488DAPI405_F8_F4.nd2,15
8,12505,7,0.016473410635745703,0.3432548571428571,260.6915588378906,3259948.0,17.650933075300042,0.0,0.039075244486177725,True,,KO,F8,4,d28,Plate1,/Users/pmihack/claire/tmem_2026/data/cleaved_tmem_pld3_260821/d28/TMEM_KO/TMEMKO_Plate1_d28_TMEM561LAMP1640MAP2488DAPI405_F8_F4.nd2,15
9,13729,6,0.007866559836841721,0.20995199999999997,219.85891723632812,3018443.0,8.745466984245637,0.0,0.11184078566684086,True,,KO,F8,4,d28,Plate1,/Users/pmihack/claire/tmem_2026/data/cleaved_tmem_pld3_260821/d28/TMEM_KO/TMEMKO_Plate1_d28_TMEM561LAMP1640MAP2488DAPI405_F8_F4.nd2,15
10,1637,0,0.0,0.0,146.99082946777344,240624.0,,0.0,0.07163624781602064,False,size_outlier,KO,F8,4,d28,Plate1,/Users/pmihack/claire/tmem_2026/data/cleaved_tmem_pld3_260821/d28/TMEM_KO/TMEMKO_Plate1_d28_TMEM561LAMP1640MAP2488DAPI405_F8_F4.nd2,15
11,9644,15,0.06480713396930735,0.48599999999999993,560.8958740234375,5409280.0,13.115158529719766,0.0,0.2695457834019463,True,,KO,F8,4,d28,Plate1,/Users/pmihack/claire/tmem_2026/data/cleaved_tmem_pld3_260821/d28/TMEM_KO/TMEMKO_Plate1_d28_TMEM561LAMP1640MAP2488DAPI405_F8_F4.nd2,15
1,8735,0,0.0,0.0,346.5466613769531,3027085.0,,0.0,0.16056909246098064,True,,KO,G8,1,d28,Plate1,/Users/pmihack/claire/tmem_2026/data/cleaved_tmem_pld3_260821/d28/TMEM_KO/TMEMKO_Plate1_d28_TMEM561LAMP1640MAP2488DAPI405_G8_F1.nd2,13
2,4017,0,0.0,0.0,7.829226016998291,31450.0,,0.0,0.038966193158429946,True,,KO,G8,1,d28,Plate1,/Users/pmihack/claire/tmem_2026/data/cleaved_tmem_pld3_260821/d28/TMEM_KO/TMEMKO_Plate1_d28_TMEM561LAMP1640MAP2488DAPI405_G8_F1.nd2,13
3,3985,0,0.0,0.0,117.27051544189453,467323.0,,0.0,-0.040633553685641685,True,,KO,G8,1,d28,Plate1,/Users/pmihack/claire/tmem_2026/data/cleaved_tmem_pld3_260821/d28/TMEM_KO/TMEMKO_Plate1_d28_TMEM561LAMP1640MAP2488DAPI405_G8_F1.nd2,13
4,10809,0,0.0,0.0,125.90757751464844,1360935.0,,0.0,0.11386833868617421,True,,KO,G8,1,d28,Plate1,/Users/pmihack/claire/tmem_2026/data/cleaved_tmem_pld3_260821/d28/TMEM_KO/TMEMKO_Plate1_d28_TMEM561LAMP1640MAP2488DAPI405_G8_F1.nd2,13
5,13258,0,0.0,0.0,35.892818450927734,475867.0,,0.0,0.13859207614554442,True,,KO,G8,1,d28,Plate1,/Users/pmihack/claire/tmem_2026/data/cleaved_tmem_pld3_260821/d28/TMEM_KO/TMEMKO_Plate1_d28_TMEM561LAMP1640MAP2488DAPI405_G8_F1.nd2,13
6,18913,0,0.0,0.0,79.7147445678711,1507645.0,,0.0,0.13233031465465556,True,,KO,G8,1,d28,Plate1,/Users/pmihack/claire/tmem_2026/data/cleaved_tmem_pld3_260821/d28/TMEM_KO/TMEMKO_Plate1_d28_TMEM561LAMP1640MAP2488DAPI405_G8_F1.nd2,13
7,17425,0,0.0,0.0,271.8375244140625,4736769.0,,0.0,0.07618435001935529,True,,KO,G8,1,d28,Plate1,/Users/pmihack/claire/tmem_2026/data/cleaved_tmem_pld3_260821/d28/TMEM_KO/TMEMKO_Plate1_d28_TMEM561LAMP1640MAP2488DAPI405_G8_F1.nd2,13
8,4931,0,0.0,0.0,332.8030700683594,1641052.0,,0.0,0.19129194339088187,True,,KO,G8,1,d28,Plate1,/Users/pmihack/claire/tmem_2026/data/cleaved_tmem_pld3_260821/d28/TMEM_KO/TMEMKO_Plate1_d28_TMEM561LAMP1640MAP2488DAPI405_G8_F1.nd2,13
9,11043,4,0.0033505388028615413,0.10789199999999999,675.4083862304688,7458535.0,14.483820819833035,0.0,0.02058697053893017,True,,KO,G8,1,d28,Plate1,/Users/pmihack/claire/tmem_2026/data/cleaved_tmem_pld3_260821/d28/TMEM_KO/TMEMKO_Plate1_d28_TMEM561LAMP1640MAP2488DAPI405_G8_F1.nd2,13
10,2320,0,0.0,0.0,234.9840545654297,545163.0,,0.0,-0.011208976540982832,False,abnormal_nucleus,KO,G8,1,d28,Plate1,/Users/pmihack/claire/tmem_2026/data/cleaved_tmem_pld3_260821/d28/TMEM_KO/TMEMKO_Plate1_d28_TMEM561LAMP1640MAP2488DAPI405_G8_F1.nd2,13
11,6136,0,0.0,0.0,568.6203002929688,3489054.0,,0.0,-0.06072971995324694,True,,KO,G8,1,d28,Plate1,/Users/pmihack/claire/tmem_2026/data/cleaved_tmem_pld3_260821/d28/TMEM_KO/TMEMKO_Plate1_d28_TMEM561LAMP1640MAP2488DAPI405_G8_F1.nd2,13
12,8667,0,0.0,0.0,346.140869140625,3000003.0,,0.0,0.12847752674518453,True,,KO,G8,1,d28,Plate1,/Users/pmihack/claire/tmem_2026/data/cleaved_tmem_pld3_260821/d28/TMEM_KO/TMEMKO_Plate1_d28_TMEM561LAMP1640MAP2488DAPI405_G8_F1.nd2,13
13,12064,6,0.008123342175066313,0.19051199999999996,790.5391845703125,9537065.0,23.63934216401496,0.0,-0.03417513582958988,True,,KO,G8,1,d28,Plate1,/Users/pmihack/claire/tmem_2026/data/cleaved_tmem_pld3_260821/d28/TMEM_KO/TMEMKO_Plate1_d28_TMEM561LAMP1640MAP2488DAPI405_G8_F1.nd2,13
14,5842,7,0.01420746319753509,0.13830171428571428,470.33514404296875,2747698.0,14.708737071344967,0.0,0.2394927136015835,True,,KO,G8,1,d28,Plate1,/Users/pmihack/claire/tmem_2026/data/cleaved_tmem_pld3_260821/d28/TMEM_KO/TMEMKO_Plate1_d28_TMEM561LAMP1640MAP2488DAPI405_G8_F1.nd2,13
15,13898,0,0.0,0.0,76.0382080078125,1056779.0,,0.0,0.06219900664434115,True,,KO,G8,1,d28,Plate1,/Users/pmihack/claire/tmem_2026/data/cleaved_tmem_pld3_260821/d28/TMEM_KO/TMEMKO_Plate1_d28_TMEM561LAMP1640MAP2488DAPI405_G8_F1.nd2,13
16,4446,0,0.0,0.0,147.83468627929688,657273.0,,0.0,0.03069411818042097,True,,KO,G8,1,d28,Plate1,/Users/pmihack/claire/tmem_2026/data/cleaved_tmem_pld3_260821/d28/TMEM_KO/TMEMKO_Plate1_d28_TMEM561LAMP1640MAP2488DAPI405_G8_F1.nd2,13
17,19114,0,0.0,0.0,106.27351379394531,2031312.0,,0.0,0.05801863977523991,True,,KO,G8,1,d28,Plate1,/Users/pmihack/claire/tmem_2026/data/cleaved_tmem_pld3_260821/d28/TMEM_KO/TMEMKO_Plate1_d28_TMEM561LAMP1640MAP2488DAPI405_G8_F1.nd2,13
18,14786,0,0.0,0.0,270.69036865234375,4002428.0,,0.0,-0.045600824665267874,True,,KO,G8,1,d28,Plate1,/Users/pmihack/claire/tmem_2026/data/cleaved_tmem_pld3_260821/d28/TMEM_KO/TMEMKO_Plate1_d28_TMEM561LAMP1640MAP2488DAPI405_G8_F1.nd2,13
1,2424,0,0.0,0.0,177.17037963867188,429461.0,,0.0,0.10573119840917695,True,,KO,G8,2,d28,Plate1,/Users/pmihack/claire/tmem_2026/data/cleaved_tmem_pld3_260821/d28/TMEM_KO/TMEMKO_Plate1_d28_TMEM561LAMP1640MAP2488DAPI405_G8_F2.nd2,10
2,19805,13,0.015854582176218126,0.2817304615384615,323.6881103515625,6410643.0,8.719241654347188,0.0,0.003648501812735112,True,,KO,G8,2,d28,Plate1,/Users/pmihack/claire/tmem_2026/data/cleaved_tmem_pld3_260821/d28/TMEM_KO/TMEMKO_Plate1_d28_TMEM561LAMP1640MAP2488DAPI405_G8_F2.nd2,10
3,13530,0,0.0,0.0,76.9671859741211,1041366.0,,0.0,0.03544516818261704,True,,KO,G8,2,d28,Plate1,/Users/pmihack/claire/tmem_2026/data/cleaved_tmem_pld3_260821/d28/TMEM_KO/TMEMKO_Plate1_d28_TMEM561LAMP1640MAP2488DAPI405_G8_F2.nd2,10
4,13199,0,0.0,0.0,47.62156295776367,628557.0,,0.0028096099849790335,-0.0023872314879677405,True,,KO,G8,2,d28,Plate1,/Users/pmihack/claire/tmem_2026/data/cleaved_tmem_pld3_260821/d28/TMEM_KO/TMEMKO_Plate1_d28_TMEM561LAMP1640MAP2488DAPI405_G8_F2.nd2,10
5,254,0,0.0,0.0,5.539370059967041,1407.0,,0.0,0.12987312006775373,False,size_outlier,KO,G8,2,d28,Plate1,/Users/pmihack/claire/tmem_2026/data/cleaved_tmem_pld3_260821/d28/TMEM_KO/TMEMKO_Plate1_d28_TMEM561LAMP1640MAP2488DAPI405_G8_F2.nd2,10
6,4381,1,0.0027391006619493265,0.13996799999999998,162.58343505859375,712278.0,12.239188434590579,0.0,0.08898300434495109,True,,KO,G8,2,d28,Plate1,/Users/pmihack/claire/tmem_2026/data/cleaved_tmem_pld3_260821/d28/TMEM_KO/TMEMKO_Plate1_d28_TMEM561LAMP1640MAP2488DAPI405_G8_F2.nd2,10
7,10587,6,0.04684991026730896,0.964224,569.024169921875,6024259.0,3.6627499238372354,0.0,0.2918020583968335,True,,KO,G8,2,d28,Plate1,/Users/pmihack/claire/tmem_2026/data/cleaved_tmem_pld3_260821/d28/TMEM_KO/TMEMKO_Plate1_d28_TMEM561LAMP1640MAP2488DAPI405_G8_F2.nd2,10
8,12407,3,0.005561376642218102,0.26827199999999995,135.86209106445312,1685641.0,9.125887526079552,0.0,0.024084565534739474,True,,KO,G8,2,d28,Plate1,/Users/pmihack/claire/tmem_2026/data/cleaved_tmem_pld3_260821/d28/TMEM_KO/TMEMKO_Plate1_d28_TMEM561LAMP1640MAP2488DAPI405_G8_F2.nd2,10
9,8396,6,0.04609337779895188,0.7523279999999999,654.1756591796875,5492459.0,2.09463877779157,0.0,0.2963634092021032,True,,KO,G8,2,d28,Plate1,/Users/pmihack/claire/tmem_2026/data/cleaved_tmem_pld3_260821/d28/TMEM_KO/TMEMKO_Plate1_d28_TMEM561LAMP1640MAP2488DAPI405_G8_F2.nd2,10
10,7430,10,0.11924629878869449,1.0334303999999999,1138.4052734375,8458351.0,3.164881725705214,0.0,0.3832023008480308,True,,KO,G8,2,d28,Plate1,/Users/pmihack/claire/tmem_2026/data/cleaved_tmem_pld3_260821/d28/TMEM_KO/TMEMKO_Plate1_d28_TMEM561LAMP1640MAP2488DAPI405_G8_F2.nd2,10
11,11128,6,0.010873472322070452,0.235224,342.21575927734375,3808177.0,11.49940562193118,0.0,0.006377314043614531,True,,KO,G8,2,d28,Plate1,/Users/pmihack/claire/tmem_2026/data/cleaved_tmem_pld3_260821/d28/TMEM_KO/TMEMKO_Plate1_d28_TMEM561LAMP1640MAP2488DAPI405_G8_F2.nd2,10
12,16193,3,0.0016673871425924782,0.10497599999999999,130.0092010498047,2105239.0,0.8169836996148014,0.0,0.11400358050852129,True,,KO,G8,2,d28,Plate1,/Users/pmihack/claire/tmem_2026/data/cleaved_tmem_pld3_260821/d28/TMEM_KO/TMEMKO_Plate1_d28_TMEM561LAMP1640MAP2488DAPI405_G8_F2.nd2,10
13,4135,0,0.0,0.0,49.939781188964844,206501.0,,0.0,0.05331021288790987,True,,KO,G8,2,d28,Plate1,/Users/pmihack/claire/tmem_2026/data/cleaved_tmem_pld3_260821/d28/TMEM_KO/TMEMKO_Plate1_d28_TMEM561LAMP1640MAP2488DAPI405_G8_F2.nd2,10
14,12232,0,0.0,0.0,142.69677734375,1745467.0,,0.0,0.0023913524473634703,True,,KO,G8,2,d28,Plate1,/Users/pmihack/claire/tmem_2026/data/cleaved_tmem_pld3_260821/d28/TMEM_KO/TMEMKO_Plate1_d28_TMEM561LAMP1640MAP2488DAPI405_G8_F2.nd2,10
15,2077,0,0.0,0.0,148.17091369628906,307751.0,,0.0,0.3556461128824384,True,,KO,G8,2,d28,Plate1,/Users/pmihack/claire/tmem_2026/data/cleaved_tmem_pld3_260821/d28/TMEM_KO/TMEMKO_Plate1_d28_TMEM561LAMP1640MAP2488DAPI405_G8_F2.nd2,10
1,9860,0,0.0,0.0,112.42282104492188,1108489.0,,0.00014885127893649042,-0.017787404992912682,False,border,KO,G8,3,d28,Plate1,/Users/pmihack/claire/tmem_2026/data/cleaved_tmem_pld3_260821/d28/TMEM_KO/TMEMKO_Plate1_d28_TMEM561LAMP1640MAP2488DAPI405_G8_F3.nd2,14
2,3360,1,0.004166666666666667,0.163296,515.6708374023438,1732654.0,25.43452112082483,0.0,0.025235132613491647,True,,KO,G8,3,d28,Plate1,/Users/pmihack/claire/tmem_2026/data/cleaved_tmem_pld3_260821/d28/TMEM_KO/TMEMKO_Plate1_d28_TMEM561LAMP1640MAP2488DAPI405_G8_F3.nd2,14
3,20420,2,0.0011263467189030361,0.13413599999999998,180.348876953125,3682724.0,20.049730532332756,0.0,0.057161558322537984,True,,KO,G8,3,d28,Plate1,/Users/pmihack/claire/tmem_2026/data/cleaved_tmem_pld3_260821/d28/TMEM_KO/TMEMKO_Plate1_d28_TMEM561LAMP1640MAP2488DAPI405_G8_F3.nd2,14
4,11885,1,0.0009255363904080774,0.128304,190.10231018066406,2259366.0,9.604407540109653,0.0,0.010760837863038346,True,,KO,G8,3,d28,Plate1,/Users/pmihack/claire/tmem_2026/data/cleaved_tmem_pld3_260821/d28/TMEM_KO/TMEMKO_Plate1_d28_TMEM561LAMP1640MAP2488DAPI405_G8_F3.nd2,14
5,10700,3,0.0033644859813084112,0.13996799999999998,630.7015991210938,6748507.0,9.454318606194287,0.0,-0.0654706640456677,True,,KO,G8,3,d28,Plate1,/Users/pmihack/claire/tmem_2026/data/cleaved_tmem_pld3_260821/d28/TMEM_KO/TMEMKO_Plate1_d28_TMEM561LAMP1640MAP2488DAPI405_G8_F3.nd2,14
6,17361,0,0.0,0.0,129.58700561523438,2249760.0,,0.0,-0.0006455857597032475,True,,KO,G8,3,d28,Plate1,/Users/pmihack/claire/tmem_2026/data/cleaved_tmem_pld3_260821/d28/TMEM_KO/TMEMKO_Plate1_d28_TMEM561LAMP1640MAP2488DAPI405_G8_F3.nd2,14
7,7056,0,0.0,0.0,164.16241455078125,1158330.0,,0.0,0.00042146542598326726,True,,KO,G8,3,d28,Plate1,/Users/pmihack/claire/tmem_2026/data/cleaved_tmem_pld3_260821/d28/TMEM_KO/TMEMKO_Plate1_d28_TMEM561LAMP1640MAP2488DAPI405_G8_F3.nd2,14
8,10991,0,0.0,0.0,140.2670440673828,1541675.0,,0.0013310197973623872,-0.00757954019438258,True,,KO,G8,3,d28,Plate1,/Users/pmihack/claire/tmem_2026/data/cleaved_tmem_pld3_260821/d28/TMEM_KO/TMEMKO_Plate1_d28_TMEM561LAMP1640MAP2488DAPI405_G8_F3.nd2,14
9,15287,2,0.0015699614051154576,0.13996799999999998,169.8027801513672,2595775.0,11.75530717435048,0.0,0.11311463467867665,True,,KO,G8,3,d28,Plate1,/Users/pmihack/claire/tmem_2026/data/cleaved_tmem_pld3_260821/d28/TMEM_KO/TMEMKO_Plate1_d28_TMEM561LAMP1640MAP2488DAPI405_G8_F3.nd2,14
10,9878,3,0.003644462441789836,0.13996799999999998,376.81280517578125,3722157.0,12.616508002171056,0.0,0.07068695707723395,True,,KO,G8,3,d28,Plate1,/Users/pmihack/claire/tmem_2026/data/cleaved_tmem_pld3_260821/d28/TMEM_KO/TMEMKO_Plate1_d28_TMEM561LAMP1640MAP2488DAPI405_G8_F3.nd2,14
11,21255,1,0.00014114326040931546,0.034991999999999995,504.08935546875,10714419.0,10.560267933728387,0.0010881597409024835,0.04005241762115658,True,,KO,G8,3,d28,Plate1,/Users/pmihack/claire/tmem_2026/data/cleaved_tmem_pld3_260821/d28/TMEM_KO/TMEMKO_Plate1_d28_TMEM561LAMP1640MAP2488DAPI405_G8_F3.nd2,14
12,8746,0,0.0,0.0,113.55316925048828,993136.0,,0.0,0.11888490578946699,True,,KO,G8,3,d28,Plate1,/Users/pmihack/claire/tmem_2026/data/cleaved_tmem_pld3_260821/d28/TMEM_KO/TMEMKO_Plate1_d28_TMEM561LAMP1640MAP2488DAPI405_G8_F3.nd2,14
13,7301,0,0.0,0.0,149.71017456054688,1093034.0,,0.0,0.2506159188869393,True,,KO,G8,3,d28,Plate1,/Users/pmihack/claire/tmem_2026/data/cleaved_tmem_pld3_260821/d28/TMEM_KO/TMEMKO_Plate1_d28_TMEM561LAMP1640MAP2488DAPI405_G8_F3.nd2,14
1,17424,35,0.1148989898989899,0.6671808,1269.7889404296875,22124802.0,1.3412984584686196,0.0,-0.019501147084146086,True,,KO,G8,4,d28,Plate1,/Users/pmihack/claire/tmem_2026/data/cleaved_tmem_pld3_260821/d28/TMEM_KO/TMEMKO_Plate1_d28_TMEM561LAMP1640MAP2488DAPI405_G8_F4.nd2,11
2,10797,16,0.044919885153283316,0.35356499999999996,694.968994140625,7503580.0,4.119717016639403,0.0,0.11605080255899469,True,,KO,G8,4,d28,Plate1,/Users/pmihack/claire/tmem_2026/data/cleaved_tmem_pld3_260821/d28/TMEM_KO/TMEMKO_Plate1_d28_TMEM561LAMP1640MAP2488DAPI405_G8_F4.nd2,11
3,16745,14,0.024365482233502538,0.3399222857142857,492.8650817871094,8253026.0,1.930293212731994,0.0,0.10077220622898457,True,,KO,G8,4,d28,Plate1,/Users/pmihack/claire/tmem_2026/data/cleaved_tmem_pld3_260821/d28/TMEM_KO/TMEMKO_Plate1_d28_TMEM561LAMP1640MAP2488DAPI405_G8_F4.nd2,11
4,15308,1,0.002221060883198328,0.396576,165.65853881835938,2535901.0,2.9474990379446693,0.0,0.10178808835022211,False,abnormal_nucleus,KO,G8,4,d28,Plate1,/Users/pmihack/claire/tmem_2026/data/cleaved_tmem_pld3_260821/d28/TMEM_KO/TMEMKO_Plate1_d28_TMEM561LAMP1640MAP2488DAPI405_G8_F4.nd2,11
5,12310,13,0.04930950446791227,0.5446190769230769,801.2924194335938,9863910.0,6.740955901878893,0.0,0.12010865471781906,True,,KO,G8,4,d28,Plate1,/Users/pmihack/claire/tmem_2026/data/cleaved_tmem_pld3_260821/d28/TMEM_KO/TMEMKO_Plate1_d28_TMEM561LAMP1640MAP2488DAPI405_G8_F4.nd2,11
6,9046,7,0.01691355295158081,0.25494171428571427,394.55340576171875,3569130.0,17.64999417937936,0.0,0.13400457382456998,True,,KO,G8,4,d28,Plate1,/Users/pmihack/claire/tmem_2026/data/cleaved_tmem_pld3_260821/d28/TMEM_KO/TMEMKO_Plate1_d28_TMEM561LAMP1640MAP2488DAPI405_G8_F4.nd2,11
7,10883,15,0.03638702563631352,0.30792959999999997,647.9756469726562,7051919.0,17.24877054686798,0.0,0.035062162224823425,True,,KO,G8,4,d28,Plate1,/Users/pmihack/claire/tmem_2026/data/cleaved_tmem_pld3_260821/d28/TMEM_KO/TMEMKO_Plate1_d28_TMEM561LAMP1640MAP2488DAPI405_G8_F4.nd2,11
8,9710,2,0.0025746652935118436,0.14579999999999999,321.6362609863281,3123088.0,30.47057453884056,0.0,0.29508728293421344,True,,KO,G8,4,d28,Plate1,/Users/pmihack/claire/tmem_2026/data/cleaved_tmem_pld3_260821/d28/TMEM_KO/TMEMKO_Plate1_d28_TMEM561LAMP1640MAP2488DAPI405_G8_F4.nd2,11
9,10521,22,0.12479802300161581,0.6961287272727272,1384.32763671875,14564511.0,10.755457295961207,0.0,-0.03317531342439598,True,,KO,G8,4,d28,Plate1,/Users/pmihack/claire/tmem_2026/data/cleaved_tmem_pld3_260821/d28/TMEM_KO/TMEMKO_Plate1_d28_TMEM561LAMP1640MAP2488DAPI405_G8_F4.nd2,11
10,17431,15,0.03941254087545178,0.5342111999999999,580.0697631835938,10111196.0,10.479370373520746,0.0,0.17471293379783134,True,,KO,G8,4,d28,Plate1,/Users/pmihack/claire/tmem_2026/data/cleaved_tmem_pld3_260821/d28/TMEM_KO/TMEMKO_Plate1_d28_TMEM561LAMP1640MAP2488DAPI405_G8_F4.nd2,11
11,13313,8,0.026064748741831293,0.505926,462.3763122558594,6155616.0,21.460433641715635,0.0054403976537287235,0.1042932372521803,True,,KO,G8,4,d28,Plate1,/Users/pmihack/claire/tmem_2026/data/cleaved_tmem_pld3_260821/d28/TMEM_KO/TMEMKO_Plate1_d28_TMEM561LAMP1640MAP2488DAPI405_G8_F4.nd2,11
12,11523,6,0.014319187711533454,0.32076,387.5460510253906,4465693.0,28.467735780450365,0.0,0.093646691831023,True,,KO,G8,4,d28,Plate1,/Users/pmihack/claire/tmem_2026/data/cleaved_tmem_pld3_260821/d28/TMEM_KO/TMEMKO_Plate1_d28_TMEM561LAMP1640MAP2488DAPI405_G8_F4.nd2,11
13,6810,1,0.00014684287812041116,0.011663999999999999,153.2795867919922,1043834.0,20.613094440827453,0.0,0.0006701001077672262,True,,KO,G8,4,d28,Plate1,/Users/pmihack/claire/tmem_2026/data/cleaved_tmem_pld3_260821/d28/TMEM_KO/TMEMKO_Plate1_d28_TMEM561LAMP1640MAP2488DAPI405_G8_F4.nd2,11
14,8500,2,0.0015294117647058824,0.075816,233.7090606689453,1986527.0,16.49322332923557,0.0,-0.03940643991127853,True,,KO,G8,4,d28,Plate1,/Users/pmihack/claire/tmem_2026/data/cleaved_tmem_pld3_260821/d28/TMEM_KO/TMEMKO_Plate1_d28_TMEM561LAMP1640MAP2488DAPI405_G8_F4.nd2,11
15,13153,10,0.043944347297194555,0.6741791999999999,543.31884765625,7146273.0,8.053032319113752,0.0,0.0769645770932288,True,,KO,G8,4,d28,Plate1,/Users/pmihack/claire/tmem_2026/data/cleaved_tmem_pld3_260821/d28/TMEM_KO/TMEMKO_Plate1_d28_TMEM561LAMP1640MAP2488DAPI405_G8_F4.nd2,11
16,3180,0,0.0,0.0,481.4572448730469,1531034.0,,0.0,0.03508841487068981,True,,KO,G8,4,d28,Plate1,/Users/pmihack/claire/tmem_2026/data/cleaved_tmem_pld3_260821/d28/TMEM_KO/TMEMKO_Plate1_d28_TMEM561LAMP1640MAP2488DAPI405_G8_F4.nd2,11
1,9059,1,0.001324649519814549,0.13996799999999998,70.62247467041016,639769.0,12.868276705780751,0.0,0.02380041934134488,True,,KO,H8,1,d28,Plate1,/Users/pmihack/claire/tmem_2026/data/cleaved_tmem_pld3_260821/d28/TMEM_KO/TMEMKO_Plate1_d28_TMEM561LAMP1640MAP2488DAPI405_H8_F1.nd2,13
2,15901,5,0.0021382302999811333,0.07931519999999999,770.2457275390625,12247677.0,8.985377992106478,0.0,0.058764819492516746,True,,KO,H8,1,d28,Plate1,/Users/pmihack/claire/tmem_2026/data/cleaved_tmem_pld3_260821/d28/TMEM_KO/TMEMKO_Plate1_d28_TMEM561LAMP1640MAP2488DAPI405_H8_F1.nd2,13
3,14292,1,0.006507136859781696,1.084752,368.95361328125,5273085.0,1.2065171773709822,0.0,0.24154017454005774,True,,KO,H8,1,d28,Plate1,/Users/pmihack/claire/tmem_2026/data/cleaved_tmem_pld3_260821/d28/TMEM_KO/TMEMKO_Plate1_d28_TMEM561LAMP1640MAP2488DAPI405_H8_F1.nd2,13
4,17322,0,0.0,0.0,193.80538940429688,3357097.0,,0.0,0.06232732072036596,True,,KO,H8,1,d28,Plate1,/Users/pmihack/claire/tmem_2026/data/cleaved_tmem_pld3_260821/d28/TMEM_KO/TMEMKO_Plate1_d28_TMEM561LAMP1640MAP2488DAPI405_H8_F1.nd2,13
5,11669,0,0.0,0.0,207.90487670898438,2426042.0,,0.0,0.06065861916046799,True,,KO,H8,1,d28,Plate1,/Users/pmihack/claire/tmem_2026/data/cleaved_tmem_pld3_260821/d28/TMEM_KO/TMEMKO_Plate1_d28_TMEM561LAMP1640MAP2488DAPI405_H8_F1.nd2,13
6,2180,0,0.0,0.0,470.7770690917969,1026294.0,,0.0,0.3693368783511056,True,,KO,H8,1,d28,Plate1,/Users/pmihack/claire/tmem_2026/data/cleaved_tmem_pld3_260821/d28/TMEM_KO/TMEMKO_Plate1_d28_TMEM561LAMP1640MAP2488DAPI405_H8_F1.nd2,13
7,1635,0,0.0,0.0,630.6837768554688,1031168.0,,0.0,-0.07561786994931288,False,size_outlier,KO,H8,1,d28,Plate1,/Users/pmihack/claire/tmem_2026/data/cleaved_tmem_pld3_260821/d28/TMEM_KO/TMEMKO_Plate1_d28_TMEM561LAMP1640MAP2488DAPI405_H8_F1.nd2,13
8,4800,0,0.0,0.0,191.0116729736328,916856.0,,0.0,0.10158200349035944,True,,KO,H8,1,d28,Plate1,/Users/pmihack/claire/tmem_2026/data/cleaved_tmem_pld3_260821/d28/TMEM_KO/TMEMKO_Plate1_d28_TMEM561LAMP1640MAP2488DAPI405_H8_F1.nd2,13
9,6169,0,0.0,0.0,97.50218963623047,601491.0,,0.0,0.026528810610137902,False,abnormal_nucleus,KO,H8,1,d28,Plate1,/Users/pmihack/claire/tmem_2026/data/cleaved_tmem_pld3_260821/d28/TMEM_KO/TMEMKO_Plate1_d28_TMEM561LAMP1640MAP2488DAPI405_H8_F1.nd2,13
10,10226,1,0.0016624291022882848,0.198288,184.8508758544922,1890285.0,15.681548666548546,0.0,-0.02152247206572815,True,,KO,H8,1,d28,Plate1,/Users/pmihack/claire/tmem_2026/data/cleaved_tmem_pld3_260821/d28/TMEM_KO/TMEMKO_Plate1_d28_TMEM561LAMP1640MAP2488DAPI405_H8_F1.nd2,13
11,12002,0,0.0,0.0,172.63856506347656,2072008.0,,0.0,-0.0411432359399278,True,,KO,H8,1,d28,Plate1,/Users/pmihack/claire/tmem_2026/data/cleaved_tmem_pld3_260821/d28/TMEM_KO/TMEMKO_Plate1_d28_TMEM561LAMP1640MAP2488DAPI405_H8_F1.nd2,13
12,18409,0,0.0,0.0,171.3614501953125,3154593.0,,0.0,0.06991976274441955,True,,KO,H8,1,d28,Plate1,/Users/pmihack/claire/tmem_2026/data/cleaved_tmem_pld3_260821/d28/TMEM_KO/TMEMKO_Plate1_d28_TMEM561LAMP1640MAP2488DAPI405_H8_F1.nd2,13
13,19915,0,0.0,0.0,95.07266235351562,1893372.0,,0.0,0.029089128276294035,True,,KO,H8,1,d28,Plate1,/Users/pmihack/claire/tmem_2026/data/cleaved_tmem_pld3_260821/d28/TMEM_KO/TMEMKO_Plate1_d28_TMEM561LAMP1640MAP2488DAPI405_H8_F1.nd2,13
14,19897,1,0.0007036236618585716,0.163296,132.528076171875,2636911.0,16.156012140907414,0.0,0.12597649900147456,True,,KO,H8,1,d28,Plate1,/Users/pmihack/claire/tmem_2026/data/cleaved_tmem_pld3_260821/d28/TMEM_KO/TMEMKO_Plate1_d28_TMEM561LAMP1640MAP2488DAPI405_H8_F1.nd2,13
15,8165,1,0.00036742192284139623,0.034991999999999995,330.9248046875,2702001.0,31.160803454752248,0.0,0.03972551010293772,False,abnormal_nucleus,KO,H8,1,d28,Plate1,/Users/pmihack/claire/tmem_2026/data/cleaved_tmem_pld3_260821/d28/TMEM_KO/TMEMKO_Plate1_d28_TMEM561LAMP1640MAP2488DAPI405_H8_F1.nd2,13
1,8484,25,0.11963696369636964,0.4735584,2033.68505859375,17253784.0,16.300669380671053,0.0,-0.028409191614413083,True,,KO,H8,2,d28,Plate1,/Users/pmihack/claire/tmem_2026/data/cleaved_tmem_pld3_260821/d28/TMEM_KO/TMEMKO_Plate1_d28_TMEM561LAMP1640MAP2488DAPI405_H8_F2.nd2,15
2,352,0,0.0,0.0,4.670454502105713,1644.0,,0.0,0.25260906334444955,False,size_outlier,KO,H8,2,d28,Plate1,/Users/pmihack/claire/tmem_2026/data/cleaved_tmem_pld3_260821/d28/TMEM_KO/TMEMKO_Plate1_d28_TMEM561LAMP1640MAP2488DAPI405_H8_F2.nd2,15
3,186,0,0.0,0.0,10.086021423339844,1876.0,,0.0,0.03979061980437756,False,size_outlier,KO,H8,2,d28,Plate1,/Users/pmihack/claire/tmem_2026/data/cleaved_tmem_pld3_260821/d28/TMEM_KO/TMEMKO_Plate1_d28_TMEM561LAMP1640MAP2488DAPI405_H8_F2.nd2,15
4,19131,34,0.09753802728555747,0.6401477647058823,1387.666259765625,26547444.0,0.8940886805387028,0.0,-0.003791475147251228,True,,KO,H8,2,d28,Plate1,/Users/pmihack/claire/tmem_2026/data/cleaved_tmem_pld3_260821/d28/TMEM_KO/TMEMKO_Plate1_d28_TMEM561LAMP1640MAP2488DAPI405_H8_F2.nd2,15
5,413,0,0.0,0.0,5.772397041320801,2384.0,,0.0,0.3135024462294195,False,size_outlier,KO,H8,2,d28,Plate1,/Users/pmihack/claire/tmem_2026/data/cleaved_tmem_pld3_260821/d28/TMEM_KO/TMEMKO_Plate1_d28_TMEM561LAMP1640MAP2488DAPI405_H8_F2.nd2,15
6,14862,12,0.04090970259722783,0.590976,636.42333984375,9458524.0,0.6230221157787905,0.0004464755766093731,-0.018883944406373674,True,,KO,H8,2,d28,Plate1,/Users/pmihack/claire/tmem_2026/data/cleaved_tmem_pld3_260821/d28/TMEM_KO/TMEMKO_Plate1_d28_TMEM561LAMP1640MAP2488DAPI405_H8_F2.nd2,15
7,12333,14,0.092434930673802,0.949782857142857,1203.726806640625,14845563.0,16.48342595080758,5.584159953286871e-05,-0.02453706891497648,True,,KO,H8,2,d28,Plate1,/Users/pmihack/claire/tmem_2026/data/cleaved_tmem_pld3_260821/d28/TMEM_KO/TMEMKO_Plate1_d28_TMEM561LAMP1640MAP2488DAPI405_H8_F2.nd2,15
8,22228,31,0.09910923159978406,0.8288965161290321,1197.344970703125,26614584.0,20.19798119223869,0.0,-0.030895075632628576,True,,KO,H8,2,d28,Plate1,/Users/pmihack/claire/tmem_2026/data/cleaved_tmem_pld3_260821/d28/TMEM_KO/TMEMKO_Plate1_d28_TMEM561LAMP1640MAP2488DAPI405_H8_F2.nd2,15
9,1162,0,0.0,0.0,191.02151489257812,221967.0,,0.0,-0.0711453460254006,False,size_outlier,KO,H8,2,d28,Plate1,/Users/pmihack/claire/tmem_2026/data/cleaved_tmem_pld3_260821/d28/TMEM_KO/TMEMKO_Plate1_d28_TMEM561LAMP1640MAP2488DAPI405_H8_F2.nd2,15
10,737,1,0.025780189959294438,0.22161599999999998,279.15740966796875,205739.0,41.97500086527518,0.0,0.12259263222358616,False,size_outlier,KO,H8,2,d28,Plate1,/Users/pmihack/claire/tmem_2026/data/cleaved_tmem_pld3_260821/d28/TMEM_KO/TMEMKO_Plate1_d28_TMEM561LAMP1640MAP2488DAPI405_H8_F2.nd2,15
11,17766,19,0.03326578858493752,0.3628117894736842,792.5398559570312,14080263.0,3.356957009889857,0.0,-0.01323958044579856,True,,KO,H8,2,d28,Plate1,/Users/pmihack/claire/tmem_2026/data/cleaved_tmem_pld3_260821/d28/TMEM_KO/TMEMKO_Plate1_d28_TMEM561LAMP1640MAP2488DAPI405_H8_F2.nd2,15
12,5840,0,0.0,0.0,565.876220703125,3304717.0,,0.0,0.09453093648121838,False,abnormal_nucleus,KO,H8,2,d28,Plate1,/Users/pmihack/claire/tmem_2026/data/cleaved_tmem_pld3_260821/d28/TMEM_KO/TMEMKO_Plate1_d28_TMEM561LAMP1640MAP2488DAPI405_H8_F2.nd2,15
13,13696,37,0.13368866822429906,0.5772103783783783,1813.56396484375,24838572.0,1.5375888551605579,0.0,0.03864615707962931,True,,KO,H8,2,d28,Plate1,/Users/pmihack/claire/tmem_2026/data/cleaved_tmem_pld3_260821/d28/TMEM_KO/TMEMKO_Plate1_d28_TMEM561LAMP1640MAP2488DAPI405_H8_F2.nd2,15
14,4286,0,0.0,0.0,36.063228607177734,154567.0,,0.0,0.010363743718264956,False,abnormal_nucleus,KO,H8,2,d28,Plate1,/Users/pmihack/claire/tmem_2026/data/cleaved_tmem_pld3_260821/d28/TMEM_KO/TMEMKO_Plate1_d28_TMEM561LAMP1640MAP2488DAPI405_H8_F2.nd2,15
15,6021,3,0.006145158611526325,0.14385599999999998,397.37518310546875,2392596.0,9.460384743725823,0.0,0.0028945382443937265,True,,KO,H8,2,d28,Plate1,/Users/pmihack/claire/tmem_2026/data/cleaved_tmem_pld3_260821/d28/TMEM_KO/TMEMKO_Plate1_d28_TMEM561LAMP1640MAP2488DAPI405_H8_F2.nd2,15
16,15546,25,0.15052103434967193,1.0917503999999998,1830.3671875,28454888.0,9.112813164138032,0.0,-0.045014920708972284,True,,KO,H8,2,d28,Plate1,/Users/pmihack/claire/tmem_2026/data/cleaved_tmem_pld3_260821/d28/TMEM_KO/TMEMKO_Plate1_d28_TMEM561LAMP1640MAP2488DAPI405_H8_F2.nd2,15
17,15318,4,0.0023501762632197414,0.10497599999999999,311.1685485839844,4766480.0,5.46372175732825,0.0,0.00904104129293808,True,,KO,H8,2,d28,Plate1,/Users/pmihack/claire/tmem_2026/data/cleaved_tmem_pld3_260821/d28/TMEM_KO/TMEMKO_Plate1_d28_TMEM561LAMP1640MAP2488DAPI405_H8_F2.nd2,15
18,12312,18,0.0242040285899935,0.193104,596.8843994140625,7348841.0,9.724021054675873,0.0,0.21404445868432134,True,,KO,H8,2,d28,Plate1,/Users/pmihack/claire/tmem_2026/data/cleaved_tmem_pld3_260821/d28/TMEM_KO/TMEMKO_Plate1_d28_TMEM561LAMP1640MAP2488DAPI405_H8_F2.nd2,15
19,13914,23,0.049374730487279,0.34839860869565215,1027.2197265625,14292736.0,22.74497051970134,0.0,0.09975746321424328,True,,KO,H8,2,d28,Plate1,/Users/pmihack/claire/tmem_2026/data/cleaved_tmem_pld3_260821/d28/TMEM_KO/TMEMKO_Plate1_d28_TMEM561LAMP1640MAP2488DAPI405_H8_F2.nd2,15
20,2181,0,0.0,0.0,172.40440368652344,376014.0,,0.0,-0.009743147710905876,True,,KO,H8,2,d28,Plate1,/Users/pmihack/claire/tmem_2026/data/cleaved_tmem_pld3_260821/d28/TMEM_KO/TMEMKO_Plate1_d28_TMEM561LAMP1640MAP2488DAPI405_H8_F2.nd2,15
1,16171,20,0.092387607445427,0.8713008,1285.0587158203125,20780684.0,4.958346842850814,0.0,-0.0027318952993423034,True,,KO,H8,3,d28,Plate1,/Users/pmihack/claire/tmem_2026/data/cleaved_tmem_pld3_260821/d28/TMEM_KO/TMEMKO_Plate1_d28_TMEM561LAMP1640MAP2488DAPI405_H8_F3.nd2,17
2,12416,17,0.10244845360824742,0.8727416470588235,1199.456298828125,14892450.0,0.7564033168683475,0.0,0.04847267444079219,True,,KO,H8,3,d28,Plate1,/Users/pmihack/claire/tmem_2026/data/cleaved_tmem_pld3_260821/d28/TMEM_KO/TMEMKO_Plate1_d28_TMEM561LAMP1640MAP2488DAPI405_H8_F3.nd2,17
3,21333,9,0.00707823559743121,0.19569599999999998,481.64886474609375,10275015.0,3.4745111659597723,0.0005977606633678079,-0.03869031007876678,True,,KO,H8,3,d28,Plate1,/Users/pmihack/claire/tmem_2026/data/cleaved_tmem_pld3_260821/d28/TMEM_KO/TMEMKO_Plate1_d28_TMEM561LAMP1640MAP2488DAPI405_H8_F3.nd2,17
4,3740,0,0.0,0.0,115.3385009765625,431366.0,,0.0,-0.07162927393966009,True,,KO,H8,3,d28,Plate1,/Users/pmihack/claire/tmem_2026/data/cleaved_tmem_pld3_260821/d28/TMEM_KO/TMEMKO_Plate1_d28_TMEM561LAMP1640MAP2488DAPI405_H8_F3.nd2,17
5,12150,15,0.047407407407407405,0.44789759999999995,910.0980224609375,11057691.0,27.593306818097556,0.0,-0.013395448778289092,True,,KO,H8,3,d28,Plate1,/Users/pmihack/claire/tmem_2026/data/cleaved_tmem_pld3_260821/d28/TMEM_KO/TMEMKO_Plate1_d28_TMEM561LAMP1640MAP2488DAPI405_H8_F3.nd2,17
6,12222,14,0.06480117820324006,0.6598491428571428,1044.89501953125,12770707.0,17.423613599691368,0.0,0.06674101830406441,True,,KO,H8,3,d28,Plate1,/Users/pmihack/claire/tmem_2026/data/cleaved_tmem_pld3_260821/d28/TMEM_KO/TMEMKO_Plate1_d28_TMEM561LAMP1640MAP2488DAPI405_H8_F3.nd2,17
7,14708,6,0.005303236333967908,0.151632,513.6439819335938,7554676.0,20.059756146750363,0.0,0.09734822718054235,True,,KO,H8,3,d28,Plate1,/Users/pmihack/claire/tmem_2026/data/cleaved_tmem_pld3_260821/d28/TMEM_KO/TMEMKO_Plate1_d28_TMEM561LAMP1640MAP2488DAPI405_H8_F3.nd2,17
8,8125,13,0.04369230769230769,0.31851692307692303,894.9771118164062,7271689.0,15.020241110966161,0.0,0.14275212486503608,True,,KO,H8,3,d28,Plate1,/Users/pmihack/claire/tmem_2026/data/cleaved_tmem_pld3_260821/d28/TMEM_KO/TMEMKO_Plate1_d28_TMEM561LAMP1640MAP2488DAPI405_H8_F3.nd2,17
9,13095,10,0.015425735013363879,0.23561279999999998,661.7108154296875,8665103.0,14.60524271685499,0.0,-0.04101543615946628,True,,KO,H8,3,d28,Plate1,/Users/pmihack/claire/tmem_2026/data/cleaved_tmem_pld3_260821/d28/TMEM_KO/TMEMKO_Plate1_d28_TMEM561LAMP1640MAP2488DAPI405_H8_F3.nd2,17
10,7048,1,0.0007094211123723042,0.05832,607.9849853515625,4285078.0,17.71259596210273,0.0,0.0440246477726827,True,,KO,H8,3,d28,Plate1,/Users/pmihack/claire/tmem_2026/data/cleaved_tmem_pld3_260821/d28/TMEM_KO/TMEMKO_Plate1_d28_TMEM561LAMP1640MAP2488DAPI405_H8_F3.nd2,17
11,18258,13,0.01801949830211414,0.295188923076923,534.6467895507812,9761581.0,16.747847877976753,1.6390787322961842e-06,0.015162531792476125,True,,KO,H8,3,d28,Plate1,/Users/pmihack/claire/tmem_2026/data/cleaved_tmem_pld3_260821/d28/TMEM_KO/TMEMKO_Plate1_d28_TMEM561LAMP1640MAP2488DAPI405_H8_F3.nd2,17
12,13827,15,0.012728719172633254,0.13685759999999997,680.6384887695312,9411188.0,16.580223348558757,0.0009277255740016699,0.038975596551147754,True,,KO,H8,3,d28,Plate1,/Users/pmihack/claire/tmem_2026/data/cleaved_tmem_pld3_260821/d28/TMEM_KO/TMEMKO_Plate1_d28_TMEM561LAMP1640MAP2488DAPI405_H8_F3.nd2,17
13,14920,13,0.011863270777479893,0.15880984615384613,586.0205078125,8743426.0,23.6595052174328,0.0,0.006081344131417174,True,,KO,H8,3,d28,Plate1,/Users/pmihack/claire/tmem_2026/data/cleaved_tmem_pld3_260821/d28/TMEM_KO/TMEMKO_Plate1_d28_TMEM561LAMP1640MAP2488DAPI405_H8_F3.nd2,17
14,6546,0,0.0,0.0,400.21295166015625,2619794.0,,0.0,0.08958363871160079,True,,KO,H8,3,d28,Plate1,/Users/pmihack/claire/tmem_2026/data/cleaved_tmem_pld3_260821/d28/TMEM_KO/TMEMKO_Plate1_d28_TMEM561LAMP1640MAP2488DAPI405_H8_F3.nd2,17
15,4105,0,0.0,0.0,361.6548156738281,1484593.0,,0.0,-0.011343805893319018,True,,KO,H8,3,d28,Plate1,/Users/pmihack/claire/tmem_2026/data/cleaved_tmem_pld3_260821/d28/TMEM_KO/TMEMKO_Plate1_d28_TMEM561LAMP1640MAP2488DAPI405_H8_F3.nd2,17
1,15274,0,0.0,0.0,154.2543487548828,2356081.0,,0.00052544882055372,-0.015664363854994347,False,abnormal_nucleus,KO,H8,4,d28,Plate1,/Users/pmihack/claire/tmem_2026/data/cleaved_tmem_pld3_260821/d28/TMEM_KO/TMEMKO_Plate1_d28_TMEM561LAMP1640MAP2488DAPI405_H8_F4.nd2,17
2,14712,2,0.002990755845568244,0.256608,169.21023559570312,2489421.0,10.782013345635823,0.00014260344323702157,-0.00876116226625802,True,,KO,H8,4,d28,Plate1,/Users/pmihack/claire/tmem_2026/data/cleaved_tmem_pld3_260821/d28/TMEM_KO/TMEMKO_Plate1_d28_TMEM561LAMP1640MAP2488DAPI405_H8_F4.nd2,17
3,11025,1,0.0005442176870748299,0.06998399999999999,232.0870819091797,2558760.0,7.461819745634708,0.012937516905367374,0.13586301175918727,True,,KO,H8,4,d28,Plate1,/Users/pmihack/claire/tmem_2026/data/cleaved_tmem_pld3_260821/d28/TMEM_KO/TMEMKO_Plate1_d28_TMEM561LAMP1640MAP2488DAPI405_H8_F4.nd2,17
4,11123,6,0.009889418322395037,0.21383999999999997,796.665283203125,8861308.0,21.344250130930703,0.0,-0.06571472381016406,True,,KO,H8,4,d28,Plate1,/Users/pmihack/claire/tmem_2026/data/cleaved_tmem_pld3_260821/d28/TMEM_KO/TMEMKO_Plate1_d28_TMEM561LAMP1640MAP2488DAPI405_H8_F4.nd2,17
5,13493,0,0.0,0.0,144.5651092529297,1950617.0,,0.0,0.10390920604854866,True,,KO,H8,4,d28,Plate1,/Users/pmihack/claire/tmem_2026/data/cleaved_tmem_pld3_260821/d28/TMEM_KO/TMEMKO_Plate1_d28_TMEM561LAMP1640MAP2488DAPI405_H8_F4.nd2,17
6,8246,0,0.0,0.0,331.7711486816406,2735785.0,,0.0,-0.03532558114528839,True,,KO,H8,4,d28,Plate1,/Users/pmihack/claire/tmem_2026/data/cleaved_tmem_pld3_260821/d28/TMEM_KO/TMEMKO_Plate1_d28_TMEM561LAMP1640MAP2488DAPI405_H8_F4.nd2,17
7,13044,0,0.0,0.0,310.06829833984375,4044531.0,,0.0,0.14640833471188314,True,,KO,H8,4,d28,Plate1,/Users/pmihack/claire/tmem_2026/data/cleaved_tmem_pld3_260821/d28/TMEM_KO/TMEMKO_Plate1_d28_TMEM561LAMP1640MAP2488DAPI405_H8_F4.nd2,17
8,10755,0,0.0,0.0,208.07196044921875,2237814.0,,0.00020779206533916295,-0.014432927182352458,True,,KO,H8,4,d28,Plate1,/Users/pmihack/claire/tmem_2026/data/cleaved_tmem_pld3_260821/d28/TMEM_KO/TMEMKO_Plate1_d28_TMEM561LAMP1640MAP2488DAPI405_H8_F4.nd2,17
9,11259,12,0.019539923616662225,0.21383999999999997,946.7237548828125,10659163.0,18.39204551795307,0.0,-0.19043144037722812,True,,KO,H8,4,d28,Plate1,/Users/pmihack/claire/tmem_2026/data/cleaved_tmem_pld3_260821/d28/TMEM_KO/TMEMKO_Plate1_d28_TMEM561LAMP1640MAP2488DAPI405_H8_F4.nd2,17
10,4219,0,0.0,0.0,51.050724029541016,215383.0,,0.0,0.13638177940312854,True,,KO,H8,4,d28,Plate1,/Users/pmihack/claire/tmem_2026/data/cleaved_tmem_pld3_260821/d28/TMEM_KO/TMEMKO_Plate1_d28_TMEM561LAMP1640MAP2488DAPI405_H8_F4.nd2,17
11,14129,0,0.0,0.0,144.65765380859375,2043868.0,,0.0014130071504041553,0.02555381141898769,True,,KO,H8,4,d28,Plate1,/Users/pmihack/claire/tmem_2026/data/cleaved_tmem_pld3_260821/d28/TMEM_KO/TMEMKO_Plate1_d28_TMEM561LAMP1640MAP2488DAPI405_H8_F4.nd2,17
12,12261,0,0.0,0.0,314.81103515625,3859898.0,,0.0,0.07973261790830126,True,,KO,H8,4,d28,Plate1,/Users/pmihack/claire/tmem_2026/data/cleaved_tmem_pld3_260821/d28/TMEM_KO/TMEMKO_Plate1_d28_TMEM561LAMP1640MAP2488DAPI405_H8_F4.nd2,17
13,2090,0,0.0,0.0,30.100479125976562,62910.0,,0.0,0.016555897530129347,True,,KO,H8,4,d28,Plate1,/Users/pmihack/claire/tmem_2026/data/cleaved_tmem_pld3_260821/d28/TMEM_KO/TMEMKO_Plate1_d28_TMEM561LAMP1640MAP2488DAPI405_H8_F4.nd2,17
14,10229,0,0.0,0.0,137.4052276611328,1405518.0,,0.0,0.12348524065309377,True,,KO,H8,4,d28,Plate1,/Users/pmihack/claire/tmem_2026/data/cleaved_tmem_pld3_260821/d28/TMEM_KO/TMEMKO_Plate1_d28_TMEM561LAMP1640MAP2488DAPI405_H8_F4.nd2,17
15,13429,0,0.0,0.0,138.21267700195312,1856058.0,,0.0,0.1999225742997793,True,,KO,H8,4,d28,Plate1,/Users/pmihack/claire/tmem_2026/data/cleaved_tmem_pld3_260821/d28/TMEM_KO/TMEMKO_Plate1_d28_TMEM561LAMP1640MAP2488DAPI405_H8_F4.nd2,17
16,21874,8,0.0074517692237359425,0.23765399999999998,388.99359130859375,8508846.0,7.365906972170793,0.0,0.21343152946288085,True,,KO,H8,4,d28,Plate1,/Users/pmihack/claire/tmem_2026/data/cleaved_tmem_pld3_260821/d28/TMEM_KO/TMEMKO_Plate1_d28_TMEM561LAMP1640MAP2488DAPI405_H8_F4.nd2,17
17,23255,0,0.0,0.0,142.7652130126953,3320005.0,,0.0,-0.014568970082295244,True,,KO,H8,4,d28,Plate1,/Users/pmihack/claire/tmem_2026/data/cleaved_tmem_pld3_260821/d28/TMEM_KO/TMEMKO_Plate1_d28_TMEM561LAMP1640MAP2488DAPI405_H8_F4.nd2,17
18,3836,1,0.0023461939520333683,0.10497599999999999,110.51459503173828,423934.0,44.28777499002562,0.0,0.43026585885750274,True,,KO,H8,4,d28,Plate1,/Users/pmihack/claire/tmem_2026/data/cleaved_tmem_pld3_260821/d28/TMEM_KO/TMEMKO_Plate1_d28_TMEM561LAMP1640MAP2488DAPI405_H8_F4.nd2,17
19,13215,3,0.00340522133938706,0.17495999999999998,418.2182312011719,5526754.0,31.008807446219727,0.0,0.09320275034528594,True,,KO,H8,4,d28,Plate1,/Users/pmihack/claire/tmem_2026/data/cleaved_tmem_pld3_260821/d28/TMEM_KO/TMEMKO_Plate1_d28_TMEM561LAMP1640MAP2488DAPI405_H8_F4.nd2,17
20,15773,3,0.0019019844037278895,0.11664,258.0190734863281,4069735.0,18.184177874248373,0.005887852516025305,-0.0010319773365584145,True,,KO,H8,4,d28,Plate1,/Users/pmihack/claire/tmem_2026/data/cleaved_tmem_pld3_260821/d28/TMEM_KO/TMEMKO_Plate1_d28_TMEM561LAMP1640MAP2488DAPI405_H8_F4.nd2,17
1,11986,6,0.009260804271650259,0.21578399999999998,336.15753173828125,4029184.0,1.0716060703223629,0.0,-0.007561300322671704,True,,Control,C17,1,d28,Plate1,/Users/pmihack/claire/tmem_2026/data/cleaved_tmem_pld3_260821/d28/Z59_PLD_Control/PLD3Control_Plate1_d28_TMEM561LAMP1640MAP2488DAPI405_C17_F1.nd2,13
2,2419,0,0.0,0.0,28.730466842651367,69499.0,,0.0,0.020786468998464414,True,,Control,C17,1,d28,Plate1,/Users/pmihack/claire/tmem_2026/data/cleaved_tmem_pld3_260821/d28/Z59_PLD_Control/PLD3Control_Plate1_d28_TMEM561LAMP1640MAP2488DAPI405_C17_F1.nd2,13
3,5273,4,0.005689360895126114,0.08747999999999999,305.77508544921875,1612352.0,16.253467787853126,0.0,0.026987475057950013,True,,Control,C17,1,d28,Plate1,/Users/pmihack/claire/tmem_2026/data/cleaved_tmem_pld3_260821/d28/Z59_PLD_Control/PLD3Control_Plate1_d28_TMEM561LAMP1640MAP2488DAPI405_C17_F1.nd2,13
4,9578,11,0.06755063687617456,0.6860552727272727,741.8079223632812,7105036.0,19.397400524794246,0.0,-0.08525062802800845,True,,Control,C17,1,d28,Plate1,/Users/pmihack/claire/tmem_2026/data/cleaved_tmem_pld3_260821/d28/Z59_PLD_Control/PLD3Control_Plate1_d28_TMEM561LAMP1640MAP2488DAPI405_C17_F1.nd2,13
5,16638,28,0.08288255799975959,0.574452,938.645751953125,15617188.0,5.705319628547478,0.0,0.004450665543461374,True,,Control,C17,1,d28,Plate1,/Users/pmihack/claire/tmem_2026/data/cleaved_tmem_pld3_260821/d28/Z59_PLD_Control/PLD3Control_Plate1_d28_TMEM561LAMP1640MAP2488DAPI405_C17_F1.nd2,13
6,18110,12,0.1816123688569851,3.1969079999999996,1399.0643310546875,25337056.0,0.3992141932982043,0.00012132427946198732,-0.039996446550943636,True,,Control,C17,1,d28,Plate1,/Users/pmihack/claire/tmem_2026/data/cleaved_tmem_pld3_260821/d28/Z59_PLD_Control/PLD3Control_Plate1_d28_TMEM561LAMP1640MAP2488DAPI405_C17_F1.nd2,13
7,9245,12,0.12276906435911303,1.1032199999999999,1484.9996337890625,13728822.0,17.761347268735687,0.0,0.5568066161583703,True,,Control,C17,1,d28,Plate1,/Users/pmihack/claire/tmem_2026/data/cleaved_tmem_pld3_260821/d28/Z59_PLD_Control/PLD3Control_Plate1_d28_TMEM561LAMP1640MAP2488DAPI405_C17_F1.nd2,13
8,14541,10,0.015473488755931504,0.26243999999999995,412.78070068359375,6002244.0,12.062838793996942,0.0,-0.02794745084014729,True,,Control,C17,1,d28,Plate1,/Users/pmihack/claire/tmem_2026/data/cleaved_tmem_pld3_260821/d28/Z59_PLD_Control/PLD3Control_Plate1_d28_TMEM561LAMP1640MAP2488DAPI405_C17_F1.nd2,13
9,6785,0,0.0,0.0,39.712158203125,269447.0,,0.0,-0.0019277668763886082,True,,Control,C17,1,d28,Plate1,/Users/pmihack/claire/tmem_2026/data/cleaved_tmem_pld3_260821/d28/Z59_PLD_Control/PLD3Control_Plate1_d28_TMEM561LAMP1640MAP2488DAPI405_C17_F1.nd2,13
10,4105,0,0.0,0.0,25.353715896606445,104077.0,,0.0,0.2287357652238922,True,,Control,C17,1,d28,Plate1,/Users/pmihack/claire/tmem_2026/data/cleaved_tmem_pld3_260821/d28/Z59_PLD_Control/PLD3Control_Plate1_d28_TMEM561LAMP1640MAP2488DAPI405_C17_F1.nd2,13
11,22365,7,0.0032193158953722333,0.11997257142857143,469.9606018066406,10510669.0,7.036222924633402,0.0,-0.12351203424959582,False,abnormal_nucleus,Control,C17,1,d28,Plate1,/Users/pmihack/claire/tmem_2026/data/cleaved_tmem_pld3_260821/d28/Z59_PLD_Control/PLD3Control_Plate1_d28_TMEM561LAMP1640MAP2488DAPI405_C17_F1.nd2,13
12,14068,17,0.07371339209553597,0.7115039999999999,873.06787109375,12282319.0,,0.0,-0.03211507368782961,True,,Control,C17,1,d28,Plate1,/Users/pmihack/claire/tmem_2026/data/cleaved_tmem_pld3_260821/d28/Z59_PLD_Control/PLD3Control_Plate1_d28_TMEM561LAMP1640MAP2488DAPI405_C17_F1.nd2,13
13,11033,16,0.2530590048037705,2.0353679999999996,2032.2283935546875,22421576.0,,0.0,-0.11028209684212016,True,,Control,C17,1,d28,Plate1,/Users/pmihack/claire/tmem_2026/data/cleaved_tmem_pld3_260821/d28/Z59_PLD_Control/PLD3Control_Plate1_d28_TMEM561LAMP1640MAP2488DAPI405_C17_F1.nd2,13
1,15006,15,0.1398773823803812,1.6321823999999998,861.4318237304688,12926646.0,1.0737725688895197,0.0,-0.07810645780497205,True,,Control,C17,2,d28,Plate1,/Users/pmihack/claire/tmem_2026/data/cleaved_tmem_pld3_260821/d28/Z59_PLD_Control/PLD3Control_Plate1_d28_TMEM561LAMP1640MAP2488DAPI405_C17_F2.nd2,14
2,17262,18,0.030761209593326382,0.34408799999999995,503.6646423339844,8694259.0,0.8241006785461198,0.0,-0.02468790479506795,True,,Control,C17,2,d28,Plate1,/Users/pmihack/claire/tmem_2026/data/cleaved_tmem_pld3_260821/d28/Z59_PLD_Control/PLD3Control_Plate1_d28_TMEM561LAMP1640MAP2488DAPI405_C17_F2.nd2,14
3,1854,5,0.2901833872707659,1.2550464,1469.2174072265625,2723929.0,42.14969517816701,0.0,0.35123882618879804,False,size_outlier,Control,C17,2,d28,Plate1,/Users/pmihack/claire/tmem_2026/data/cleaved_tmem_pld3_260821/d28/Z59_PLD_Control/PLD3Control_Plate1_d28_TMEM561LAMP1640MAP2488DAPI405_C17_F2.nd2,14
4,12681,9,0.42583392476933996,6.998399999999999,2443.42822265625,30985114.0,22.018821244520765,0.0,-0.01669315095933675,True,,Control,C17,2,d28,Plate1,/Users/pmihack/claire/tmem_2026/data/cleaved_tmem_pld3_260821/d28/Z59_PLD_Control/PLD3Control_Plate1_d28_TMEM561LAMP1640MAP2488DAPI405_C17_F2.nd2,14
5,705,0,0.0,0.0,72.47376251220703,51094.0,,0.0,-0.07804398529746404,False,size_outlier,Control,C17,2,d28,Plate1,/Users/pmihack/claire/tmem_2026/data/cleaved_tmem_pld3_260821/d28/Z59_PLD_Control/PLD3Control_Plate1_d28_TMEM561LAMP1640MAP2488DAPI405_C17_F2.nd2,14
6,21323,31,0.14106832997233035,1.131784258064516,846.8473510742188,18057326.0,9.663706013516032,0.0,-0.03797364890124881,True,,Control,C17,2,d28,Plate1,/Users/pmihack/claire/tmem_2026/data/cleaved_tmem_pld3_260821/d28/Z59_PLD_Control/PLD3Control_Plate1_d28_TMEM561LAMP1640MAP2488DAPI405_C17_F2.nd2,14
7,5299,2,0.0020758633704472543,0.064152,200.7144775390625,1063586.0,13.342456755730737,0.0,0.08968285145945476,True,,Control,C17,2,d28,Plate1,/Users/pmihack/claire/tmem_2026/data/cleaved_tmem_pld3_260821/d28/Z59_PLD_Control/PLD3Control_Plate1_d28_TMEM561LAMP1640MAP2488DAPI405_C17_F2.nd2,14
8,18524,19,0.010041027855754697,0.11418442105263156,577.2135620117188,10692304.0,3.2200505463569646,0.0,0.01012239365528127,True,,Control,C17,2,d28,Plate1,/Users/pmihack/claire/tmem_2026/data/cleaved_tmem_pld3_260821/d28/Z59_PLD_Control/PLD3Control_Plate1_d28_TMEM561LAMP1640MAP2488DAPI405_C17_F2.nd2,14
9,4034,0,0.0,0.0,126.2595443725586,509331.0,,0.0,0.04007685238344973,True,,Control,C17,2,d28,Plate1,/Users/pmihack/claire/tmem_2026/data/cleaved_tmem_pld3_260821/d28/Z59_PLD_Control/PLD3Control_Plate1_d28_TMEM561LAMP1640MAP2488DAPI405_C17_F2.nd2,14
10,20557,45,0.060417376076275724,0.3219264,595.862060546875,12249137.0,,0.0,-0.0652688614895707,True,,Control,C17,2,d28,Plate1,/Users/pmihack/claire/tmem_2026/data/cleaved_tmem_pld3_260821/d28/Z59_PLD_Control/PLD3Control_Plate1_d28_TMEM561LAMP1640MAP2488DAPI405_C17_F2.nd2,14
11,17192,12,0.09771986970684039,1.63296,576.5165405273438,9911472.0,,0.0,-0.022765250748735928,True,,Control,C17,2,d28,Plate1,/Users/pmihack/claire/tmem_2026/data/cleaved_tmem_pld3_260821/d28/Z59_PLD_Control/PLD3Control_Plate1_d28_TMEM561LAMP1640MAP2488DAPI405_C17_F2.nd2,14
12,20731,22,0.03521296608943129,0.3870327272727272,537.36279296875,11140068.0,,0.0,-0.04374326383560114,True,,Control,C17,2,d28,Plate1,/Users/pmihack/claire/tmem_2026/data/cleaved_tmem_pld3_260821/d28/Z59_PLD_Control/PLD3Control_Plate1_d28_TMEM561LAMP1640MAP2488DAPI405_C17_F2.nd2,14
1,1815,0,0.0,0.0,286.79669189453125,520536.0,,0.0,0.07184299017270908,False,size_outlier,Control,C17,3,d28,Plate1,/Users/pmihack/claire/tmem_2026/data/cleaved_tmem_pld3_260821/d28/Z59_PLD_Control/PLD3Control_Plate1_d28_TMEM561LAMP1640MAP2488DAPI405_C17_F3.nd2,13
2,3556,0,0.0,0.0,40.86839294433594,145328.0,,0.0,0.00402439815151067,True,,Control,C17,3,d28,Plate1,/Users/pmihack/claire/tmem_2026/data/cleaved_tmem_pld3_260821/d28/Z59_PLD_Control/PLD3Control_Plate1_d28_TMEM561LAMP1640MAP2488DAPI405_C17_F3.nd2,13
3,20194,12,0.018223234624145785,0.35769599999999996,936.833740234375,18918420.0,7.699656285796409,0.0,-0.007608535494874504,True,,Control,C17,3,d28,Plate1,/Users/pmihack/claire/tmem_2026/data/cleaved_tmem_pld3_260821/d28/Z59_PLD_Control/PLD3Control_Plate1_d28_TMEM561LAMP1640MAP2488DAPI405_C17_F3.nd2,13
4,12627,21,0.027005622871624297,0.18940114285714282,1452.94873046875,18346384.0,20.876433774047882,0.0,0.10593861174505531,False,abnormal_nucleus,Control,C17,3,d28,Plate1,/Users/pmihack/claire/tmem_2026/data/cleaved_tmem_pld3_260821/d28/Z59_PLD_Control/PLD3Control_Plate1_d28_TMEM561LAMP1640MAP2488DAPI405_C17_F3.nd2,13
5,8916,5,0.0032525796321220277,0.0676512,1446.4742431640625,12896764.0,15.369317674268471,0.0,-0.006604697112649223,True,,Control,C17,3,d28,Plate1,/Users/pmihack/claire/tmem_2026/data/cleaved_tmem_pld3_260821/d28/Z59_PLD_Control/PLD3Control_Plate1_d28_TMEM561LAMP1640MAP2488DAPI405_C17_F3.nd2,13
6,18833,7,0.006106302766420645,0.19162285714285712,796.429931640625,14999165.0,20.491668601453213,0.0,0.17716849746313737,True,,Control,C17,3,d28,Plate1,/Users/pmihack/claire/tmem_2026/data/cleaved_tmem_pld3_260821/d28/Z59_PLD_Control/PLD3Control_Plate1_d28_TMEM561LAMP1640MAP2488DAPI405_C17_F3.nd2,13
7,24561,39,0.033386262774317006,0.2452430769230769,1524.2022705078125,37435932.0,12.202673741603014,0.0,0.007800292474571598,True,,Control,C17,3,d28,Plate1,/Users/pmihack/claire/tmem_2026/data/cleaved_tmem_pld3_260821/d28/Z59_PLD_Control/PLD3Control_Plate1_d28_TMEM561LAMP1640MAP2488DAPI405_C17_F3.nd2,13
8,9266,3,0.002050507230736024,0.073872,718.0457763671875,6653412.0,32.209075067663555,0.0,-0.05738332134839683,True,,Control,C17,3,d28,Plate1,/Users/pmihack/claire/tmem_2026/data/cleaved_tmem_pld3_260821/d28/Z59_PLD_Control/PLD3Control_Plate1_d28_TMEM561LAMP1640MAP2488DAPI405_C17_F3.nd2,13
9,14753,7,0.005829322849589914,0.14330057142857142,989.4850463867188,14597873.0,20.558883817959288,0.0,-0.044405171298119224,True,,Control,C17,3,d28,Plate1,/Users/pmihack/claire/tmem_2026/data/cleaved_tmem_pld3_260821/d28/Z59_PLD_Control/PLD3Control_Plate1_d28_TMEM561LAMP1640MAP2488DAPI405_C17_F3.nd2,13
1,6616,6,0.06998186215235792,0.900072,672.3320922851562,4448149.0,1.1301803355749866,0.0,-0.064797604097406,True,,Control,C17,4,d28,Plate1,/Users/pmihack/claire/tmem_2026/data/cleaved_tmem_pld3_260821/d28/Z59_PLD_Control/PLD3Control_Plate1_d28_TMEM561LAMP1640MAP2488DAPI405_C17_F4.nd2,13
2,12046,16,0.05387680557861531,0.47312099999999996,962.6055908203125,11595547.0,0.6968593836961858,0.0,-0.020587404202889674,True,,Control,C17,4,d28,Plate1,/Users/pmihack/claire/tmem_2026/data/cleaved_tmem_pld3_260821/d28/Z59_PLD_Control/PLD3Control_Plate1_d28_TMEM561LAMP1640MAP2488DAPI405_C17_F4.nd2,13
3,11286,5,0.5066454013822435,13.338950399999998,3363.029296875,37955148.0,0.9829585417417287,0.0,-0.15950998545835543,True,,Control,C17,4,d28,Plate1,/Users/pmihack/claire/tmem_2026/data/cleaved_tmem_pld3_260821/d28/Z59_PLD_Control/PLD3Control_Plate1_d28_TMEM561LAMP1640MAP2488DAPI405_C17_F4.nd2,13
4,15260,6,0.1669724770642202,4.9533119999999995,1352.5777587890625,20640336.0,0.6813260202585175,0.0,0.11964101990638651,True,,Control,C17,4,d28,Plate1,/Users/pmihack/claire/tmem_2026/data/cleaved_tmem_pld3_260821/d28/Z59_PLD_Control/PLD3Control_Plate1_d28_TMEM561LAMP1640MAP2488DAPI405_C17_F4.nd2,13
5,9609,29,0.09074825684254345,0.35072441379310343,1303.442626953125,12524780.0,5.879591259653238,0.0,0.16272868129924808,True,,Control,C17,4,d28,Plate1,/Users/pmihack/claire/tmem_2026/data/cleaved_tmem_pld3_260821/d28/Z59_PLD_Control/PLD3Control_Plate1_d28_TMEM561LAMP1640MAP2488DAPI405_C17_F4.nd2,13
6,19387,10,0.12627018104915666,2.8553471999999998,1009.8405151367188,19577778.0,13.696881055258926,0.0,0.005370632386696802,False,abnormal_nucleus,Control,C17,4,d28,Plate1,/Users/pmihack/claire/tmem_2026/data/cleaved_tmem_pld3_260821/d28/Z59_PLD_Control/PLD3Control_Plate1_d28_TMEM561LAMP1640MAP2488DAPI405_C17_F4.nd2,13
7,14859,19,0.20156134329362677,1.838614736842105,1819.0462646484375,27029208.0,11.338290705682512,0.0,0.01880941116764818,True,,Control,C17,4,d28,Plate1,/Users/pmihack/claire/tmem_2026/data/cleaved_tmem_pld3_260821/d28/Z59_PLD_Control/PLD3Control_Plate1_d28_TMEM561LAMP1640MAP2488DAPI405_C17_F4.nd2,13
8,23655,36,0.19150285351934052,1.46772,1571.2845458984375,37168736.0,9.647435453297952,0.0,-0.0631239662002489,True,,Control,C17,4,d28,Plate1,/Users/pmihack/claire/tmem_2026/data/cleaved_tmem_pld3_260821/d28/Z59_PLD_Control/PLD3Control_Plate1_d28_TMEM561LAMP1640MAP2488DAPI405_C17_F4.nd2,13
9,9815,7,0.5721854304635762,9.35786057142857,6044.8701171875,59330400.0,11.457897330706668,0.0,-0.1206560259314453,False,abnormal_nucleus,Control,C17,4,d28,Plate1,/Users/pmihack/claire/tmem_2026/data/cleaved_tmem_pld3_260821/d28/Z59_PLD_Control/PLD3Control_Plate1_d28_TMEM561LAMP1640MAP2488DAPI405_C17_F4.nd2,13
10,5738,2,0.001742767514813524,0.05832,86.3199691772461,495304.0,16.532027128564312,0.0,-0.051848358072416716,False,border,Control,C17,4,d28,Plate1,/Users/pmihack/claire/tmem_2026/data/cleaved_tmem_pld3_260821/d28/Z59_PLD_Control/PLD3Control_Plate1_d28_TMEM561LAMP1640MAP2488DAPI405_C17_F4.nd2,13
11,11861,14,0.04645476772616137,0.4590617142857142,733.2179565429688,8696698.0,19.372032028339387,0.0,-0.06633114666872467,True,,Control,C17,4,d28,Plate1,/Users/pmihack/claire/tmem_2026/data/cleaved_tmem_pld3_260821/d28/Z59_PLD_Control/PLD3Control_Plate1_d28_TMEM561LAMP1640MAP2488DAPI405_C17_F4.nd2,13
12,2878,14,0.28318276580959,0.6790114285714285,3002.08935546875,8640013.0,13.464105958884737,0.0,0.2905583115168266,True,,Control,C17,4,d28,Plate1,/Users/pmihack/claire/tmem_2026/data/cleaved_tmem_pld3_260821/d28/Z59_PLD_Control/PLD3Control_Plate1_d28_TMEM561LAMP1640MAP2488DAPI405_C17_F4.nd2,13
13,2301,0,0.0,0.0,50.31768798828125,115781.0,,0.0,0.05435400489600628,False,abnormal_nucleus,Control,C17,4,d28,Plate1,/Users/pmihack/claire/tmem_2026/data/cleaved_tmem_pld3_260821/d28/Z59_PLD_Control/PLD3Control_Plate1_d28_TMEM561LAMP1640MAP2488DAPI405_C17_F4.nd2,13
14,20951,19,0.18906018805784927,2.431637052631579,1588.9202880859375,33289468.0,9.48729215567265,0.0,-0.07777005528891923,True,,Control,C17,4,d28,Plate1,/Users/pmihack/claire/tmem_2026/data/cleaved_tmem_pld3_260821/d28/Z59_PLD_Control/PLD3Control_Plate1_d28_TMEM561LAMP1640MAP2488DAPI405_C17_F4.nd2,13
15,6028,3,0.019907100199071003,0.46656,708.2155151367188,4269123.0,36.825144425183,0.0,0.07945348948943093,True,,Control,C17,4,d28,Plate1,/Users/pmihack/claire/tmem_2026/data/cleaved_tmem_pld3_260821/d28/Z59_PLD_Control/PLD3Control_Plate1_d28_TMEM561LAMP1640MAP2488DAPI405_C17_F4.nd2,13
16,11209,8,0.48291551431885094,7.892154,3698.90478515625,41461024.0,9.831953610537226,0.0,-0.1296033489414525,True,,Control,C17,4,d28,Plate1,/Users/pmihack/claire/tmem_2026/data/cleaved_tmem_pld3_260821/d28/Z59_PLD_Control/PLD3Control_Plate1_d28_TMEM561LAMP1640MAP2488DAPI405_C17_F4.nd2,13
17,7067,1,0.029432573935191737,2.426112,351.8553771972656,2486562.0,29.289401232327585,0.0,-0.02932483960997361,True,,Control,C17,4,d28,Plate1,/Users/pmihack/claire/tmem_2026/data/cleaved_tmem_pld3_260821/d28/Z59_PLD_Control/PLD3Control_Plate1_d28_TMEM561LAMP1640MAP2488DAPI405_C17_F4.nd2,13
18,19096,20,0.12484289903644742,1.3903488,1108.6683349609375,21171130.0,12.8010860900064,0.0,0.015030109734785045,True,,Control,C17,4,d28,Plate1,/Users/pmihack/claire/tmem_2026/data/cleaved_tmem_pld3_260821/d28/Z59_PLD_Control/PLD3Control_Plate1_d28_TMEM561LAMP1640MAP2488DAPI405_C17_F4.nd2,13
19,19058,29,0.025028859271696926,0.19185268965517238,701.8713989257812,13376265.0,9.834264018439068,2.2203506887308322e-05,-0.015109120910549617,True,,Control,C17,4,d28,Plate1,/Users/pmihack/claire/tmem_2026/data/cleaved_tmem_pld3_260821/d28/Z59_PLD_Control/PLD3Control_Plate1_d28_TMEM561LAMP1640MAP2488DAPI405_C17_F4.nd2,13
20,9011,12,0.19365220286316723,1.6961399999999998,1655.5374755859375,14918048.0,15.7859287056867,0.0,-0.12653382294050614,True,,Control,C17,4,d28,Plate1,/Users/pmihack/claire/tmem_2026/data/cleaved_tmem_pld3_260821/d28/Z59_PLD_Control/PLD3Control_Plate1_d28_TMEM561LAMP1640MAP2488DAPI405_C17_F4.nd2,13
1,21925,5,0.0017331812998859749,0.08864639999999999,515.4874267578125,11302062.0,12.910667285782624,4.583234476740472e-05,-0.014047504625200985,True,,Control,E17,1,d28,Plate1,/Users/pmihack/claire/tmem_2026/data/cleaved_tmem_pld3_260821/d28/Z59_PLD_Control/PLD3Control_Plate1_d28_TMEM561LAMP1640MAP2488DAPI405_E17_F1.nd2,15
2,19266,8,0.007837641440880307,0.220158,871.064453125,16781928.0,3.049686091639475,0.0,-0.016318043329591372,True,,Control,E17,1,d28,Plate1,/Users/pmihack/claire/tmem_2026/data/cleaved_tmem_pld3_260821/d28/Z59_PLD_Control/PLD3Control_Plate1_d28_TMEM561LAMP1640MAP2488DAPI405_E17_F1.nd2,15
3,18080,9,0.005696902654867257,0.133488,645.2448120117188,11666026.0,0.6450794016168293,0.0,0.07083792754951107,True,,Control,E17,1,d28,Plate1,/Users/pmihack/claire/tmem_2026/data/cleaved_tmem_pld3_260821/d28/Z59_PLD_Control/PLD3Control_Plate1_d28_TMEM561LAMP1640MAP2488DAPI405_E17_F1.nd2,15
4,18253,9,0.007615186544677587,0.180144,689.8368530273438,12591592.0,5.543535543462166,0.0,-0.05063076983889296,True,,Control,E17,1,d28,Plate1,/Users/pmihack/claire/tmem_2026/data/cleaved_tmem_pld3_260821/d28/Z59_PLD_Control/PLD3Control_Plate1_d28_TMEM561LAMP1640MAP2488DAPI405_E17_F1.nd2,15
5,4843,4,0.008878794135866199,0.125388,1300.6993408203125,6299287.0,27.43534000544351,0.0,-0.010854434061556445,True,,Control,E17,1,d28,Plate1,/Users/pmihack/claire/tmem_2026/data/cleaved_tmem_pld3_260821/d28/Z59_PLD_Control/PLD3Control_Plate1_d28_TMEM561LAMP1640MAP2488DAPI405_E17_F1.nd2,15
6,4607,0,0.0,0.0,52.5079231262207,241904.0,,0.0,0.0312911573598267,True,,Control,E17,1,d28,Plate1,/Users/pmihack/claire/tmem_2026/data/cleaved_tmem_pld3_260821/d28/Z59_PLD_Control/PLD3Control_Plate1_d28_TMEM561LAMP1640MAP2488DAPI405_E17_F1.nd2,15
7,7335,6,0.021131561008861623,0.30132,1196.65185546875,8777441.0,15.297598363692607,2.1190686311456375e-05,-0.05735220797324388,True,,Control,E17,1,d28,Plate1,/Users/pmihack/claire/tmem_2026/data/cleaved_tmem_pld3_260821/d28/Z59_PLD_Control/PLD3Control_Plate1_d28_TMEM561LAMP1640MAP2488DAPI405_E17_F1.nd2,15
8,16301,3,0.006134592969756457,0.3888,1017.45556640625,16585543.0,22.531358619776494,0.0,-0.07910475260117872,True,,Control,E17,1,d28,Plate1,/Users/pmihack/claire/tmem_2026/data/cleaved_tmem_pld3_260821/d28/Z59_PLD_Control/PLD3Control_Plate1_d28_TMEM561LAMP1640MAP2488DAPI405_E17_F1.nd2,15
9,14311,5,0.004611837048424289,0.15396479999999999,531.1251220703125,7600932.0,15.421430834923298,0.0,0.06041695664180438,True,,Control,E17,1,d28,Plate1,/Users/pmihack/claire/tmem_2026/data/cleaved_tmem_pld3_260821/d28/Z59_PLD_Control/PLD3Control_Plate1_d28_TMEM561LAMP1640MAP2488DAPI405_E17_F1.nd2,15
10,16753,9,0.015161463618456395,0.329184,715.9494018554688,11994300.0,2.3501035023541212,0.0,-0.026208767743535154,True,,Control,E17,1,d28,Plate1,/Users/pmihack/claire/tmem_2026/data/cleaved_tmem_pld3_260821/d28/Z59_PLD_Control/PLD3Control_Plate1_d28_TMEM561LAMP1640MAP2488DAPI405_E17_F1.nd2,15
1,5099,2,0.006667974112571092,0.198288,374.0941467285156,1907506.0,40.68573668244465,0.0,0.19149206190551354,True,,Control,E17,2,d28,Plate1,/Users/pmihack/claire/tmem_2026/data/cleaved_tmem_pld3_260821/d28/Z59_PLD_Control/PLD3Control_Plate1_d28_TMEM561LAMP1640MAP2488DAPI405_E17_F2.nd2,15
2,19037,32,0.27141881598991435,1.8833714999999998,1972.55322265625,37551496.0,8.525541425590598,0.0,-0.05518164222090992,True,,Control,E17,2,d28,Plate1,/Users/pmihack/claire/tmem_2026/data/cleaved_tmem_pld3_260821/d28/Z59_PLD_Control/PLD3Control_Plate1_d28_TMEM561LAMP1640MAP2488DAPI405_E17_F2.nd2,15
3,2450,0,0.0,0.0,268.237548828125,657182.0,,0.0,0.13051979931183705,True,,Control,E17,2,d28,Plate1,/Users/pmihack/claire/tmem_2026/data/cleaved_tmem_pld3_260821/d28/Z59_PLD_Control/PLD3Control_Plate1_d28_TMEM561LAMP1640MAP2488DAPI405_E17_F2.nd2,15
4,15617,27,0.0676186207338157,0.456192,818.4646606445312,12781963.0,7.9496993850394,0.0011763451620936394,-0.047779270540869466,True,,Control,E17,2,d28,Plate1,/Users/pmihack/claire/tmem_2026/data/cleaved_tmem_pld3_260821/d28/Z59_PLD_Control/PLD3Control_Plate1_d28_TMEM561LAMP1640MAP2488DAPI405_E17_F2.nd2,15
5,5469,19,0.03437557140245017,0.11541221052631578,1163.9522705078125,6365655.0,22.632737125837508,0.0,-0.03608089701440292,True,,Control,E17,2,d28,Plate1,/Users/pmihack/claire/tmem_2026/data/cleaved_tmem_pld3_260821/d28/Z59_PLD_Control/PLD3Control_Plate1_d28_TMEM561LAMP1640MAP2488DAPI405_E17_F2.nd2,15
6,15858,73,0.18173792407617606,0.46048832876712326,2058.16015625,32638304.0,8.05896498223394,0.0,0.014058393078216953,False,abnormal_nucleus,Control,E17,2,d28,Plate1,/Users/pmihack/claire/tmem_2026/data/cleaved_tmem_pld3_260821/d28/Z59_PLD_Control/PLD3Control_Plate1_d28_TMEM561LAMP1640MAP2488DAPI405_E17_F2.nd2,15
7,4938,5,0.033616848926690965,0.3872448,606.091552734375,2992880.0,30.391381055617387,0.0,0.33375092829939423,False,abnormal_nucleus,Control,E17,2,d28,Plate1,/Users/pmihack/claire/tmem_2026/data/cleaved_tmem_pld3_260821/d28/Z59_PLD_Control/PLD3Control_Plate1_d28_TMEM561LAMP1640MAP2488DAPI405_E17_F2.nd2,15
8,7919,2,0.5331481247632277,24.622704,3978.52294921875,31505924.0,17.996350913596824,0.0,-0.06959654975823829,True,,Control,E17,2,d28,Plate1,/Users/pmihack/claire/tmem_2026/data/cleaved_tmem_pld3_260821/d28/Z59_PLD_Control/PLD3Control_Plate1_d28_TMEM561LAMP1640MAP2488DAPI405_E17_F2.nd2,15
9,12002,24,0.07432094650891519,0.43351199999999995,898.9924926757812,10789708.0,15.877992411911784,7.73885622038506e-05,-0.035686000620052824,True,,Control,E17,2,d28,Plate1,/Users/pmihack/claire/tmem_2026/data/cleaved_tmem_pld3_260821/d28/Z59_PLD_Control/PLD3Control_Plate1_d28_TMEM561LAMP1640MAP2488DAPI405_E17_F2.nd2,15
10,198,0,0.0,0.0,121.39898681640625,24037.0,,0.0,-0.20429953962843633,False,size_outlier,Control,E17,2,d28,Plate1,/Users/pmihack/claire/tmem_2026/data/cleaved_tmem_pld3_260821/d28/Z59_PLD_Control/PLD3Control_Plate1_d28_TMEM561LAMP1640MAP2488DAPI405_E17_F2.nd2,15
11,10694,18,0.046007106788853565,0.31881599999999993,842.8020629882812,9012925.0,26.06549751216566,0.0,0.06918667976930842,True,,Control,E17,2,d28,Plate1,/Users/pmihack/claire/tmem_2026/data/cleaved_tmem_pld3_260821/d28/Z59_PLD_Control/PLD3Control_Plate1_d28_TMEM561LAMP1640MAP2488DAPI405_E17_F2.nd2,15
12,1874,1,0.004268943436499467,0.09331199999999999,424.7129211425781,795912.0,42.580831652208005,0.0,0.3519395792571442,False,size_outlier,Control,E17,2,d28,Plate1,/Users/pmihack/claire/tmem_2026/data/cleaved_tmem_pld3_260821/d28/Z59_PLD_Control/PLD3Control_Plate1_d28_TMEM561LAMP1640MAP2488DAPI405_E17_F2.nd2,15
13,5138,3,0.051576488906189176,1.03032,991.5953979492188,5094817.0,21.402169154482745,0.0,-0.024553945608639615,False,abnormal_nucleus,Control,E17,2,d28,Plate1,/Users/pmihack/claire/tmem_2026/data/cleaved_tmem_pld3_260821/d28/Z59_PLD_Control/PLD3Control_Plate1_d28_TMEM561LAMP1640MAP2488DAPI405_E17_F2.nd2,15
14,12266,11,0.0177727050383173,0.23115927272727269,745.3299560546875,9142217.0,18.06461924829721,0.0,0.10749123960667656,True,,Control,E17,2,d28,Plate1,/Users/pmihack/claire/tmem_2026/data/cleaved_tmem_pld3_260821/d28/Z59_PLD_Control/PLD3Control_Plate1_d28_TMEM561LAMP1640MAP2488DAPI405_E17_F2.nd2,15
1,4197,0,0.0,0.0,43.310699462890625,181775.0,,0.0,-0.006414682054625444,True,,Control,E17,3,d28,Plate1,/Users/pmihack/claire/tmem_2026/data/cleaved_tmem_pld3_260821/d28/Z59_PLD_Control/PLD3Control_Plate1_d28_TMEM561LAMP1640MAP2488DAPI405_E17_F3.nd2,16
2,9931,28,0.31326150438022354,1.2959537142857143,1796.476318359375,17840806.0,9.824876202173096,0.0,-0.02870601415233109,True,,Control,E17,3,d28,Plate1,/Users/pmihack/claire/tmem_2026/data/cleaved_tmem_pld3_260821/d28/Z59_PLD_Control/PLD3Control_Plate1_d28_TMEM561LAMP1640MAP2488DAPI405_E17_F3.nd2,16
3,12678,37,0.1522322132828522,0.6084194594594594,1171.421630859375,14851284.0,23.631309688192765,0.0,0.009022398668376347,True,,Control,E17,3,d28,Plate1,/Users/pmihack/claire/tmem_2026/data/cleaved_tmem_pld3_260821/d28/Z59_PLD_Control/PLD3Control_Plate1_d28_TMEM561LAMP1640MAP2488DAPI405_E17_F3.nd2,16
4,2665,12,0.06829268292682927,0.17690399999999998,1128.6922607421875,3007965.0,37.179815639219704,0.0,0.12170590248304007,True,,Control,E17,3,d28,Plate1,/Users/pmihack/claire/tmem_2026/data/cleaved_tmem_pld3_260821/d28/Z59_PLD_Control/PLD3Control_Plate1_d28_TMEM561LAMP1640MAP2488DAPI405_E17_F3.nd2,16
5,19481,39,0.17837893331964477,1.0392923076923075,1329.3780517578125,25897614.0,6.694721116587164,0.0,-0.05821069010903597,True,,Control,E17,3,d28,Plate1,/Users/pmihack/claire/tmem_2026/data/cleaved_tmem_pld3_260821/d28/Z59_PLD_Control/PLD3Control_Plate1_d28_TMEM561LAMP1640MAP2488DAPI405_E17_F3.nd2,16
6,16897,19,0.11860093507723264,1.230245052631579,840.9305419921875,14209203.0,8.176182660584097,0.0,-0.04938720103014092,True,,Control,E17,3,d28,Plate1,/Users/pmihack/claire/tmem_2026/data/cleaved_tmem_pld3_260821/d28/Z59_PLD_Control/PLD3Control_Plate1_d28_TMEM561LAMP1640MAP2488DAPI405_E17_F3.nd2,16
7,16229,18,0.1621788157002896,1.705536,1217.0078125,19750820.0,16.723367569980955,0.0,-0.006691816867903326,True,,Control,E17,3,d28,Plate1,/Users/pmihack/claire/tmem_2026/data/cleaved_tmem_pld3_260821/d28/Z59_PLD_Control/PLD3Control_Plate1_d28_TMEM561LAMP1640MAP2488DAPI405_E17_F3.nd2,16
8,15445,27,0.2325024279702169,1.5513119999999998,1373.6212158203125,21215580.0,15.499545747480518,0.0,-0.037413263023464205,True,,Control,E17,3,d28,Plate1,/Users/pmihack/claire/tmem_2026/data/cleaved_tmem_pld3_260821/d28/Z59_PLD_Control/PLD3Control_Plate1_d28_TMEM561LAMP1640MAP2488DAPI405_E17_F3.nd2,16
9,7971,17,0.37109522017312757,2.029536,1953.613525390625,15572253.0,18.125929973223087,0.0,-0.025719940710155587,True,,Control,E17,3,d28,Plate1,/Users/pmihack/claire/tmem_2026/data/cleaved_tmem_pld3_260821/d28/Z59_PLD_Control/PLD3Control_Plate1_d28_TMEM561LAMP1640MAP2488DAPI405_E17_F3.nd2,16
10,15037,23,0.272926780607834,2.081263304347826,1716.7974853515625,25815484.0,16.47418125479673,4.4856798922410235e-05,-0.03898069937847065,True,,Control,E17,3,d28,Plate1,/Users/pmihack/claire/tmem_2026/data/cleaved_tmem_pld3_260821/d28/Z59_PLD_Control/PLD3Control_Plate1_d28_TMEM561LAMP1640MAP2488DAPI405_E17_F3.nd2,16
11,18361,16,0.2824464898426012,3.780594,1698.75,31190748.0,22.55178028547637,0.0,-0.033129571786453996,False,abnormal_nucleus,Control,E17,3,d28,Plate1,/Users/pmihack/claire/tmem_2026/data/cleaved_tmem_pld3_260821/d28/Z59_PLD_Control/PLD3Control_Plate1_d28_TMEM561LAMP1640MAP2488DAPI405_E17_F3.nd2,16
12,14043,15,0.29103467919960124,3.1780511999999996,1809.6507568359375,25412926.0,21.897960270935453,0.0,-0.021720567510171766,True,,Control,E17,3,d28,Plate1,/Users/pmihack/claire/tmem_2026/data/cleaved_tmem_pld3_260821/d28/Z59_PLD_Control/PLD3Control_Plate1_d28_TMEM561LAMP1640MAP2488DAPI405_E17_F3.nd2,16
13,12063,75,0.20840586918676945,0.39097728,1631.6328125,19682386.0,24.025700985926083,0.0,-0.05142266966252265,True,,Control,E17,3,d28,Plate1,/Users/pmihack/claire/tmem_2026/data/cleaved_tmem_pld3_260821/d28/Z59_PLD_Control/PLD3Control_Plate1_d28_TMEM561LAMP1640MAP2488DAPI405_E17_F3.nd2,16
14,27902,22,0.10748333452799083,1.5900152727272725,893.707275390625,24936220.0,17.24957400628044,0.0,0.02467649554988482,True,,Control,E17,3,d28,Plate1,/Users/pmihack/claire/tmem_2026/data/cleaved_tmem_pld3_260821/d28/Z59_PLD_Control/PLD3Control_Plate1_d28_TMEM561LAMP1640MAP2488DAPI405_E17_F3.nd2,16
15,10688,25,0.26730913173652693,1.3329619199999998,1592.3770751953125,17019326.0,26.57501440023037,0.0,-0.11353679684148531,True,,Control,E17,3,d28,Plate1,/Users/pmihack/claire/tmem_2026/data/cleaved_tmem_pld3_260821/d28/Z59_PLD_Control/PLD3Control_Plate1_d28_TMEM561LAMP1640MAP2488DAPI405_E17_F3.nd2,16
16,10959,10,0.22565927548133954,2.8845072,1259.250244140625,13800123.0,27.73942790356206,0.0,-0.046071402686517826,True,,Control,E17,3,d28,Plate1,/Users/pmihack/claire/tmem_2026/data/cleaved_tmem_pld3_260821/d28/Z59_PLD_Control/PLD3Control_Plate1_d28_TMEM561LAMP1640MAP2488DAPI405_E17_F3.nd2,16
1,7340,1,0.002452316076294278,0.20995199999999997,972.1530151367188,7135603.0,1.6970142837892628,0.0,0.003976746092866711,True,,Control,E17,4,d28,Plate1,/Users/pmihack/claire/tmem_2026/data/cleaved_tmem_pld3_260821/d28/Z59_PLD_Control/PLD3Control_Plate1_d28_TMEM561LAMP1640MAP2488DAPI405_E17_F4.nd2,14
2,4139,0,0.0,0.0,295.7813415527344,1224239.0,,0.0,-0.12410172274986431,True,,Control,E17,4,d28,Plate1,/Users/pmihack/claire/tmem_2026/data/cleaved_tmem_pld3_260821/d28/Z59_PLD_Control/PLD3Control_Plate1_d28_TMEM561LAMP1640MAP2488DAPI405_E17_F4.nd2,14
3,10478,1,0.0013361328497804924,0.163296,896.3099975585938,9391536.0,12.112151823867997,0.0,0.11264634885001733,True,,Control,E17,4,d28,Plate1,/Users/pmihack/claire/tmem_2026/data/cleaved_tmem_pld3_260821/d28/Z59_PLD_Control/PLD3Control_Plate1_d28_TMEM561LAMP1640MAP2488DAPI405_E17_F4.nd2,14
4,5842,0,0.0,0.0,906.1589965820312,5293781.0,,0.0,-0.37515928766837076,True,,Control,E17,4,d28,Plate1,/Users/pmihack/claire/tmem_2026/data/cleaved_tmem_pld3_260821/d28/Z59_PLD_Control/PLD3Control_Plate1_d28_TMEM561LAMP1640MAP2488DAPI405_E17_F4.nd2,14
5,2660,0,0.0,0.0,542.060546875,1441881.0,,0.0,-0.0810677699320696,True,,Control,E17,4,d28,Plate1,/Users/pmihack/claire/tmem_2026/data/cleaved_tmem_pld3_260821/d28/Z59_PLD_Control/PLD3Control_Plate1_d28_TMEM561LAMP1640MAP2488DAPI405_E17_F4.nd2,14
6,3803,0,0.0,0.0,259.01708984375,985042.0,,0.0,0.1984009931669565,False,abnormal_nucleus,Control,E17,4,d28,Plate1,/Users/pmihack/claire/tmem_2026/data/cleaved_tmem_pld3_260821/d28/Z59_PLD_Control/PLD3Control_Plate1_d28_TMEM561LAMP1640MAP2488DAPI405_E17_F4.nd2,14
7,2205,1,0.0058956916099773245,0.151632,176.9496612548828,390174.0,10.910195488069478,0.0,0.3940160440502094,True,,Control,E17,4,d28,Plate1,/Users/pmihack/claire/tmem_2026/data/cleaved_tmem_pld3_260821/d28/Z59_PLD_Control/PLD3Control_Plate1_d28_TMEM561LAMP1640MAP2488DAPI405_E17_F4.nd2,14
8,22489,0,0.0,0.0,163.75192260742188,3682617.0,,0.0,-0.01983118399648881,True,,Control,E17,4,d28,Plate1,/Users/pmihack/claire/tmem_2026/data/cleaved_tmem_pld3_260821/d28/Z59_PLD_Control/PLD3Control_Plate1_d28_TMEM561LAMP1640MAP2488DAPI405_E17_F4.nd2,14
9,12292,0,0.0,0.0,324.8873291015625,3993515.0,,0.0,-0.09221821081949987,True,,Control,E17,4,d28,Plate1,/Users/pmihack/claire/tmem_2026/data/cleaved_tmem_pld3_260821/d28/Z59_PLD_Control/PLD3Control_Plate1_d28_TMEM561LAMP1640MAP2488DAPI405_E17_F4.nd2,14
10,22127,1,0.0011750350250824785,0.303264,264.7697448730469,5858560.0,7.0099195572413215,0.0,0.12291260077147786,False,abnormal_nucleus,Control,E17,4,d28,Plate1,/Users/pmihack/claire/tmem_2026/data/cleaved_tmem_pld3_260821/d28/Z59_PLD_Control/PLD3Control_Plate1_d28_TMEM561LAMP1640MAP2488DAPI405_E17_F4.nd2,14
11,4457,0,0.0,0.0,149.12161254882812,664635.0,,0.0,0.022938416923025114,False,abnormal_nucleus,Control,E17,4,d28,Plate1,/Users/pmihack/claire/tmem_2026/data/cleaved_tmem_pld3_260821/d28/Z59_PLD_Control/PLD3Control_Plate1_d28_TMEM561LAMP1640MAP2488DAPI405_E17_F4.nd2,14
12,17739,3,0.0008455944529003889,0.05832,691.3242797851562,12263401.0,6.999322421413314,0.0,0.11652090376553811,False,abnormal_nucleus,Control,E17,4,d28,Plate1,/Users/pmihack/claire/tmem_2026/data/cleaved_tmem_pld3_260821/d28/Z59_PLD_Control/PLD3Control_Plate1_d28_TMEM561LAMP1640MAP2488DAPI405_E17_F4.nd2,14
13,2744,1,0.037900874635568516,1.213056,1164.806884765625,3196230.0,42.892322628947134,0.0,0.018900549102190977,True,,Control,E17,4,d28,Plate1,/Users/pmihack/claire/tmem_2026/data/cleaved_tmem_pld3_260821/d28/Z59_PLD_Control/PLD3Control_Plate1_d28_TMEM561LAMP1640MAP2488DAPI405_E17_F4.nd2,14
14,24114,25,0.012399436012275026,0.13950144,840.0267333984375,20256404.0,8.576481741820979,0.0,-0.01229589385375957,True,,Control,E17,4,d28,Plate1,/Users/pmihack/claire/tmem_2026/data/cleaved_tmem_pld3_260821/d28/Z59_PLD_Control/PLD3Control_Plate1_d28_TMEM561LAMP1640MAP2488DAPI405_E17_F4.nd2,14
15,21837,0,0.0,0.0,498.1106262207031,10877242.0,,0.0,-0.05974124045001444,True,,Control,E17,4,d28,Plate1,/Users/pmihack/claire/tmem_2026/data/cleaved_tmem_pld3_260821/d28/Z59_PLD_Control/PLD3Control_Plate1_d28_TMEM561LAMP1640MAP2488DAPI405_E17_F4.nd2,14
16,3294,0,0.0,0.0,208.41165161132812,686508.0,,0.0,0.037640470812469205,False,abnormal_nucleus,Control,E17,4,d28,Plate1,/Users/pmihack/claire/tmem_2026/data/cleaved_tmem_pld3_260821/d28/Z59_PLD_Control/PLD3Control_Plate1_d28_TMEM561LAMP1640MAP2488DAPI405_E17_F4.nd2,14
17,17741,5,0.003607462938954963,0.1492992,695.7091064453125,12342575.0,12.526083530424001,0.0,0.09477408400920392,True,,Control,E17,4,d28,Plate1,/Users/pmihack/claire/tmem_2026/data/cleaved_tmem_pld3_260821/d28/Z59_PLD_Control/PLD3Control_Plate1_d28_TMEM561LAMP1640MAP2488DAPI405_E17_F4.nd2,14
18,7595,5,0.0043449637919684,0.07698239999999999,900.1749877929688,6836829.0,16.344156085966578,0.0,-0.04495748592495928,True,,Control,E17,4,d28,Plate1,/Users/pmihack/claire/tmem_2026/data/cleaved_tmem_pld3_260821/d28/Z59_PLD_Control/PLD3Control_Plate1_d28_TMEM561LAMP1640MAP2488DAPI405_E17_F4.nd2,14
19,20513,0,0.0,0.0,562.8158569335938,11545042.0,,0.0,-0.06831348329635209,True,,Control,E17,4,d28,Plate1,/Users/pmihack/claire/tmem_2026/data/cleaved_tmem_pld3_260821/d28/Z59_PLD_Control/PLD3Control_Plate1_d28_TMEM561LAMP1640MAP2488DAPI405_E17_F4.nd2,14
20,19952,2,0.0021551724137931034,0.250776,151.6797332763672,3026314.0,8.936182817363587,0.0,0.02442486712210121,True,,Control,E17,4,d28,Plate1,/Users/pmihack/claire/tmem_2026/data/cleaved_tmem_pld3_260821/d28/Z59_PLD_Control/PLD3Control_Plate1_d28_TMEM561LAMP1640MAP2488DAPI405_E17_F4.nd2,14
1,2769,0,0.0,0.0,27.562658309936523,76321.0,,0.0,0.14194381953243224,True,,Control,F17,1,d28,Plate1,/Users/pmihack/claire/tmem_2026/data/cleaved_tmem_pld3_260821/d28/Z59_PLD_Control/PLD3Control_Plate1_d28_TMEM561LAMP1640MAP2488DAPI405_F17_F1.nd2,12
2,12485,0,0.0,0.0,116.74505615234375,1457562.0,,0.0,0.1402197197777565,True,,Control,F17,1,d28,Plate1,/Users/pmihack/claire/tmem_2026/data/cleaved_tmem_pld3_260821/d28/Z59_PLD_Control/PLD3Control_Plate1_d28_TMEM561LAMP1640MAP2488DAPI405_F17_F1.nd2,12
3,1476,0,0.0,0.0,48.955284118652344,72258.0,,0.0,-0.015911365718151424,False,size_outlier,Control,F17,1,d28,Plate1,/Users/pmihack/claire/tmem_2026/data/cleaved_tmem_pld3_260821/d28/Z59_PLD_Control/PLD3Control_Plate1_d28_TMEM561LAMP1640MAP2488DAPI405_F17_F1.nd2,12
4,10772,0,0.0,0.0,112.7504653930664,1214548.0,,0.0,0.2305795020717267,True,,Control,F17,1,d28,Plate1,/Users/pmihack/claire/tmem_2026/data/cleaved_tmem_pld3_260821/d28/Z59_PLD_Control/PLD3Control_Plate1_d28_TMEM561LAMP1640MAP2488DAPI405_F17_F1.nd2,12
5,6998,0,0.0,0.0,54.5627326965332,381830.0,,0.004886991810053587,-0.02384959338833082,True,,Control,F17,1,d28,Plate1,/Users/pmihack/claire/tmem_2026/data/cleaved_tmem_pld3_260821/d28/Z59_PLD_Control/PLD3Control_Plate1_d28_TMEM561LAMP1640MAP2488DAPI405_F17_F1.nd2,12
6,1473,0,0.0,0.0,56.89205551147461,83802.0,,0.0,0.010760844843601092,False,size_outlier,Control,F17,1,d28,Plate1,/Users/pmihack/claire/tmem_2026/data/cleaved_tmem_pld3_260821/d28/Z59_PLD_Control/PLD3Control_Plate1_d28_TMEM561LAMP1640MAP2488DAPI405_F17_F1.nd2,12
7,5347,0,0.0,0.0,188.87786865234375,1009930.0,,0.0,-0.030640977859844,True,,Control,F17,1,d28,Plate1,/Users/pmihack/claire/tmem_2026/data/cleaved_tmem_pld3_260821/d28/Z59_PLD_Control/PLD3Control_Plate1_d28_TMEM561LAMP1640MAP2488DAPI405_F17_F1.nd2,12
8,2229,0,0.0,0.0,74.94257354736328,167047.0,,0.0,0.06992704563892273,True,,Control,F17,1,d28,Plate1,/Users/pmihack/claire/tmem_2026/data/cleaved_tmem_pld3_260821/d28/Z59_PLD_Control/PLD3Control_Plate1_d28_TMEM561LAMP1640MAP2488DAPI405_F17_F1.nd2,12
9,17141,1,0.0005250568811621259,0.10497599999999999,153.03407287597656,2623157.0,15.12223618344049,0.0,0.08092386532067085,True,,Control,F17,1,d28,Plate1,/Users/pmihack/claire/tmem_2026/data/cleaved_tmem_pld3_260821/d28/Z59_PLD_Control/PLD3Control_Plate1_d28_TMEM561LAMP1640MAP2488DAPI405_F17_F1.nd2,12
10,23416,0,0.0,0.0,181.68069458007812,4254235.0,,0.0,0.08267919291484918,True,,Control,F17,1,d28,Plate1,/Users/pmihack/claire/tmem_2026/data/cleaved_tmem_pld3_260821/d28/Z59_PLD_Control/PLD3Control_Plate1_d28_TMEM561LAMP1640MAP2488DAPI405_F17_F1.nd2,12
11,1482,0,0.0,0.0,8.178812026977539,12121.0,,0.0,0.003324518362251084,False,size_outlier,Control,F17,1,d28,Plate1,/Users/pmihack/claire/tmem_2026/data/cleaved_tmem_pld3_260821/d28/Z59_PLD_Control/PLD3Control_Plate1_d28_TMEM561LAMP1640MAP2488DAPI405_F17_F1.nd2,12
12,1182,1,0.007614213197969543,0.10497599999999999,95.0752944946289,112379.0,,0.0,0.059905919934923696,False,size_outlier,Control,F17,1,d28,Plate1,/Users/pmihack/claire/tmem_2026/data/cleaved_tmem_pld3_260821/d28/Z59_PLD_Control/PLD3Control_Plate1_d28_TMEM561LAMP1640MAP2488DAPI405_F17_F1.nd2,12
13,15689,0,0.0,0.0,179.19064331054688,2811322.0,,0.0,0.17123005210102957,True,,Control,F17,1,d28,Plate1,/Users/pmihack/claire/tmem_2026/data/cleaved_tmem_pld3_260821/d28/Z59_PLD_Control/PLD3Control_Plate1_d28_TMEM561LAMP1640MAP2488DAPI405_F17_F1.nd2,12
14,4629,0,0.0,0.0,98.14884185791016,454331.0,,0.0,0.04125696285568026,True,,Control,F17,1,d28,Plate1,/Users/pmihack/claire/tmem_2026/data/cleaved_tmem_pld3_260821/d28/Z59_PLD_Control/PLD3Control_Plate1_d28_TMEM561LAMP1640MAP2488DAPI405_F17_F1.nd2,12
15,15436,0,0.0,0.0,80.15937042236328,1237340.0,,0.000715243979357183,-0.01844595274169708,True,,Control,F17,1,d28,Plate1,/Users/pmihack/claire/tmem_2026/data/cleaved_tmem_pld3_260821/d28/Z59_PLD_Control/PLD3Control_Plate1_d28_TMEM561LAMP1640MAP2488DAPI405_F17_F1.nd2,12
16,6215,1,0.0008045052292839903,0.05832,134.62075805664062,836668.0,,0.0,0.043010130193732565,True,,Control,F17,1,d28,Plate1,/Users/pmihack/claire/tmem_2026/data/cleaved_tmem_pld3_260821/d28/Z59_PLD_Control/PLD3Control_Plate1_d28_TMEM561LAMP1640MAP2488DAPI405_F17_F1.nd2,12
17,9821,6,0.06567559311679055,1.2538799999999999,655.84228515625,6441027.0,,0.0,0.16750103251976795,True,,Control,F17,1,d28,Plate1,/Users/pmihack/claire/tmem_2026/data/cleaved_tmem_pld3_260821/d28/Z59_PLD_Control/PLD3Control_Plate1_d28_TMEM561LAMP1640MAP2488DAPI405_F17_F1.nd2,12
18,1539,0,0.0,0.0,185.96490478515625,286200.0,,0.0,0.10277546369648369,False,border,Control,F17,1,d28,Plate1,/Users/pmihack/claire/tmem_2026/data/cleaved_tmem_pld3_260821/d28/Z59_PLD_Control/PLD3Control_Plate1_d28_TMEM561LAMP1640MAP2488DAPI405_F17_F1.nd2,12
1,11978,0,0.0,0.0,596.8865356445312,7149507.0,,0.0,0.05756006030081108,True,,Control,F17,2,d28,Plate1,/Users/pmihack/claire/tmem_2026/data/cleaved_tmem_pld3_260821/d28/Z59_PLD_Control/PLD3Control_Plate1_d28_TMEM561LAMP1640MAP2488DAPI405_F17_F2.nd2,11
2,2569,0,0.0,0.0,135.26547241210938,347497.0,,0.0,0.08381080115986812,True,,Control,F17,2,d28,Plate1,/Users/pmihack/claire/tmem_2026/data/cleaved_tmem_pld3_260821/d28/Z59_PLD_Control/PLD3Control_Plate1_d28_TMEM561LAMP1640MAP2488DAPI405_F17_F2.nd2,11
3,11764,0,0.0,0.0,103.12028503417969,1213107.0,,0.0,0.1974245213913453,True,,Control,F17,2,d28,Plate1,/Users/pmihack/claire/tmem_2026/data/cleaved_tmem_pld3_260821/d28/Z59_PLD_Control/PLD3Control_Plate1_d28_TMEM561LAMP1640MAP2488DAPI405_F17_F2.nd2,11
4,17155,1,0.0008160886039055669,0.163296,162.2507781982422,2783412.0,6.204341123168167,0.0,0.009233904268286948,True,,Control,F17,2,d28,Plate1,/Users/pmihack/claire/tmem_2026/data/cleaved_tmem_pld3_260821/d28/Z59_PLD_Control/PLD3Control_Plate1_d28_TMEM561LAMP1640MAP2488DAPI405_F17_F2.nd2,11
5,10747,0,0.0,0.0,157.81846618652344,1696075.0,,0.0,0.1081903428975327,True,,Control,F17,2,d28,Plate1,/Users/pmihack/claire/tmem_2026/data/cleaved_tmem_pld3_260821/d28/Z59_PLD_Control/PLD3Control_Plate1_d28_TMEM561LAMP1640MAP2488DAPI405_F17_F2.nd2,11
6,16113,0,0.0,0.0,122.27381896972656,1970198.0,,6.446052429964766e-05,0.011799500472551388,True,,Control,F17,2,d28,Plate1,/Users/pmihack/claire/tmem_2026/data/cleaved_tmem_pld3_260821/d28/Z59_PLD_Control/PLD3Control_Plate1_d28_TMEM561LAMP1640MAP2488DAPI405_F17_F2.nd2,11
7,7392,0,0.0,0.0,338.3445739746094,2501043.0,,0.00010155762720387429,0.025535960240570355,True,,Control,F17,2,d28,Plate1,/Users/pmihack/claire/tmem_2026/data/cleaved_tmem_pld3_260821/d28/Z59_PLD_Control/PLD3Control_Plate1_d28_TMEM561LAMP1640MAP2488DAPI405_F17_F2.nd2,11
8,14778,0,0.0,0.0,143.28440856933594,2117457.0,,0.0,0.018277591022581637,True,,Control,F17,2,d28,Plate1,/Users/pmihack/claire/tmem_2026/data/cleaved_tmem_pld3_260821/d28/Z59_PLD_Control/PLD3Control_Plate1_d28_TMEM561LAMP1640MAP2488DAPI405_F17_F2.nd2,11
9,16073,0,0.0,0.0,249.45343017578125,4009465.0,,0.0,0.18426703329967384,True,,Control,F17,2,d28,Plate1,/Users/pmihack/claire/tmem_2026/data/cleaved_tmem_pld3_260821/d28/Z59_PLD_Control/PLD3Control_Plate1_d28_TMEM561LAMP1640MAP2488DAPI405_F17_F2.nd2,11
10,12194,0,0.0,0.0,27.94849967956543,340804.0,,0.0,0.07373908318165195,True,,Control,F17,2,d28,Plate1,/Users/pmihack/claire/tmem_2026/data/cleaved_tmem_pld3_260821/d28/Z59_PLD_Control/PLD3Control_Plate1_d28_TMEM561LAMP1640MAP2488DAPI405_F17_F2.nd2,11
11,17452,0,0.0,0.0,81.28569793701172,1418598.0,,0.0,-0.019527381757129283,True,,Control,F17,2,d28,Plate1,/Users/pmihack/claire/tmem_2026/data/cleaved_tmem_pld3_260821/d28/Z59_PLD_Control/PLD3Control_Plate1_d28_TMEM561LAMP1640MAP2488DAPI405_F17_F2.nd2,11
12,13012,0,0.0,0.0,120.94935607910156,1573793.0,,0.0,0.05264888355581938,True,,Control,F17,2,d28,Plate1,/Users/pmihack/claire/tmem_2026/data/cleaved_tmem_pld3_260821/d28/Z59_PLD_Control/PLD3Control_Plate1_d28_TMEM561LAMP1640MAP2488DAPI405_F17_F2.nd2,11
13,10922,0,0.0,0.0,262.11187744140625,2862786.0,,0.0,-0.019079453571509038,True,,Control,F17,2,d28,Plate1,/Users/pmihack/claire/tmem_2026/data/cleaved_tmem_pld3_260821/d28/Z59_PLD_Control/PLD3Control_Plate1_d28_TMEM561LAMP1640MAP2488DAPI405_F17_F2.nd2,11
1,14528,0,0.0,0.0,185.68234252929688,2697593.0,,0.0,0.033790394785964295,True,,Control,F17,3,d28,Plate1,/Users/pmihack/claire/tmem_2026/data/cleaved_tmem_pld3_260821/d28/Z59_PLD_Control/PLD3Control_Plate1_d28_TMEM561LAMP1640MAP2488DAPI405_F17_F3.nd2,14
2,12509,4,0.0036773523063394356,0.13413599999999998,277.1836242675781,3467290.0,0.7333634758073949,0.0,0.12271378527498598,True,,Control,F17,3,d28,Plate1,/Users/pmihack/claire/tmem_2026/data/cleaved_tmem_pld3_260821/d28/Z59_PLD_Control/PLD3Control_Plate1_d28_TMEM561LAMP1640MAP2488DAPI405_F17_F3.nd2,14
3,19271,25,0.016397696019926314,0.14743296,821.640380859375,15833832.0,1.4956458902851013,0.0,0.03671006545195637,True,,Control,F17,3,d28,Plate1,/Users/pmihack/claire/tmem_2026/data/cleaved_tmem_pld3_260821/d28/Z59_PLD_Control/PLD3Control_Plate1_d28_TMEM561LAMP1640MAP2488DAPI405_F17_F3.nd2,14
4,11536,7,0.021497919556171984,0.41323885714285713,480.96923828125,5548461.0,2.1921950653819358,0.0,0.041190718904631204,True,,Control,F17,3,d28,Plate1,/Users/pmihack/claire/tmem_2026/data/cleaved_tmem_pld3_260821/d28/Z59_PLD_Control/PLD3Control_Plate1_d28_TMEM561LAMP1640MAP2488DAPI405_F17_F3.nd2,14
5,16628,5,0.005833533798412316,0.22628159999999997,242.33035278320312,4029469.0,0.7472470132111682,0.0,0.057556890993597856,True,,Control,F17,3,d28,Plate1,/Users/pmihack/claire/tmem_2026/data/cleaved_tmem_pld3_260821/d28/Z59_PLD_Control/PLD3Control_Plate1_d28_TMEM561LAMP1640MAP2488DAPI405_F17_F3.nd2,14
6,28563,39,0.030809088681160942,0.2631876923076923,754.3110961914062,21545388.0,0.9934748625273863,0.0,-0.0017440254375478401,True,,Control,F17,3,d28,Plate1,/Users/pmihack/claire/tmem_2026/data/cleaved_tmem_pld3_260821/d28/Z59_PLD_Control/PLD3Control_Plate1_d28_TMEM561LAMP1640MAP2488DAPI405_F17_F3.nd2,14
7,14746,13,0.0109860301098603,0.1453513846153846,828.6680297851562,12219539.0,7.444340216448096,0.0,0.01406244329457613,True,,Control,F17,3,d28,Plate1,/Users/pmihack/claire/tmem_2026/data/cleaved_tmem_pld3_260821/d28/Z59_PLD_Control/PLD3Control_Plate1_d28_TMEM561LAMP1640MAP2488DAPI405_F17_F3.nd2,14
8,22580,7,0.006155890168290523,0.23161371428571428,303.1658935546875,6845486.0,4.411616911520574,0.00034475274151191115,-0.012795376092301896,True,,Control,F17,3,d28,Plate1,/Users/pmihack/claire/tmem_2026/data/cleaved_tmem_pld3_260821/d28/Z59_PLD_Control/PLD3Control_Plate1_d28_TMEM561LAMP1640MAP2488DAPI405_F17_F3.nd2,14
1,2901,0,0.0,0.0,187.5439453125,544065.0,,0.0,0.03200110714052036,True,,Control,F17,4,d28,Plate1,/Users/pmihack/claire/tmem_2026/data/cleaved_tmem_pld3_260821/d28/Z59_PLD_Control/PLD3Control_Plate1_d28_TMEM561LAMP1640MAP2488DAPI405_F17_F4.nd2,14
2,12035,0,0.0,0.0,264.1126708984375,3178596.0,,0.0,0.019255601930289884,True,,Control,F17,4,d28,Plate1,/Users/pmihack/claire/tmem_2026/data/cleaved_tmem_pld3_260821/d28/Z59_PLD_Control/PLD3Control_Plate1_d28_TMEM561LAMP1640MAP2488DAPI405_F17_F4.nd2,14
3,15758,10,0.01688031476075644,0.3102624,658.7848510742188,10381132.0,12.517807276795127,0.0,0.06537897456685846,True,,Control,F17,4,d28,Plate1,/Users/pmihack/claire/tmem_2026/data/cleaved_tmem_pld3_260821/d28/Z59_PLD_Control/PLD3Control_Plate1_d28_TMEM561LAMP1640MAP2488DAPI405_F17_F4.nd2,14
4,12113,19,0.12796169404771732,0.9515368421052631,1906.2510986328125,23090420.0,4.686288124340398,0.0,0.016443786646929758,True,,Control,F17,4,d28,Plate1,/Users/pmihack/claire/tmem_2026/data/cleaved_tmem_pld3_260821/d28/Z59_PLD_Control/PLD3Control_Plate1_d28_TMEM561LAMP1640MAP2488DAPI405_F17_F4.nd2,14
5,19802,4,0.0011614988385011615,0.06706799999999999,717.16162109375,14201234.0,0.9823126659826124,1.4153699339658488e-05,-0.019133181343819736,True,,Control,F17,4,d28,Plate1,/Users/pmihack/claire/tmem_2026/data/cleaved_tmem_pld3_260821/d28/Z59_PLD_Control/PLD3Control_Plate1_d28_TMEM561LAMP1640MAP2488DAPI405_F17_F4.nd2,14
6,13431,1,0.0005211823393641576,0.081648,221.22373962402344,2971256.0,0.509718948488694,0.0,0.12170796685991055,True,,Control,F17,4,d28,Plate1,/Users/pmihack/claire/tmem_2026/data/cleaved_tmem_pld3_260821/d28/Z59_PLD_Control/PLD3Control_Plate1_d28_TMEM561LAMP1640MAP2488DAPI405_F17_F4.nd2,14
7,13011,1,0.0009991545615248636,0.151632,163.36245727539062,2125509.0,1.0619949580149677,0.0,0.03972682841994565,True,,Control,F17,4,d28,Plate1,/Users/pmihack/claire/tmem_2026/data/cleaved_tmem_pld3_260821/d28/Z59_PLD_Control/PLD3Control_Plate1_d28_TMEM561LAMP1640MAP2488DAPI405_F17_F4.nd2,14
8,27842,8,0.006608720637885209,0.26827199999999995,368.70416259765625,10265461.0,0.5347213755139124,0.00015264780085999519,-0.0034396745214897357,True,,Control,F17,4,d28,Plate1,/Users/pmihack/claire/tmem_2026/data/cleaved_tmem_pld3_260821/d28/Z59_PLD_Control/PLD3Control_Plate1_d28_TMEM561LAMP1640MAP2488DAPI405_F17_F4.nd2,14
9,272,0,0.0,0.0,14.525734901428223,3951.0,,0.0,0.33662194306165516,False,size_outlier,Control,F17,4,d28,Plate1,/Users/pmihack/claire/tmem_2026/data/cleaved_tmem_pld3_260821/d28/Z59_PLD_Control/PLD3Control_Plate1_d28_TMEM561LAMP1640MAP2488DAPI405_F17_F4.nd2,14
10,307,0,0.0,0.0,11.491856575012207,3528.0,,0.0,0.1476519205878289,False,size_outlier,Control,F17,4,d28,Plate1,/Users/pmihack/claire/tmem_2026/data/cleaved_tmem_pld3_260821/d28/Z59_PLD_Control/PLD3Control_Plate1_d28_TMEM561LAMP1640MAP2488DAPI405_F17_F4.nd2,14
11,3325,0,0.0,0.0,103.10857391357422,342836.0,,0.0,0.09583582423976073,True,,Control,F17,4,d28,Plate1,/Users/pmihack/claire/tmem_2026/data/cleaved_tmem_pld3_260821/d28/Z59_PLD_Control/PLD3Control_Plate1_d28_TMEM561LAMP1640MAP2488DAPI405_F17_F4.nd2,14
1,3424,2,0.01985981308411215,0.396576,247.61126708984375,847821.0,1.2503669502164003,0.0,0.2591698633500787,False,abnormal_nucleus,Control,G17,1,d28,Plate1,/Users/pmihack/claire/tmem_2026/data/cleaved_tmem_pld3_260821/d28/Z59_PLD_Control/PLD3Control_Plate1_d28_TMEM561LAMP1640MAP2488DAPI405_G17_F1.nd2,14
2,15412,7,0.004671684401764859,0.11997257142857143,160.30865478515625,2470677.0,0.7386684582594997,0.0,0.030689042987790963,True,,Control,G17,1,d28,Plate1,/Users/pmihack/claire/tmem_2026/data/cleaved_tmem_pld3_260821/d28/Z59_PLD_Control/PLD3Control_Plate1_d28_TMEM561LAMP1640MAP2488DAPI405_G17_F1.nd2,14
3,9157,1,0.00010920607185759528,0.011663999999999999,53.563392639160156,490480.0,1.4272858568694318,0.0,-0.004616650032842345,True,,Control,G17,1,d28,Plate1,/Users/pmihack/claire/tmem_2026/data/cleaved_tmem_pld3_260821/d28/Z59_PLD_Control/PLD3Control_Plate1_d28_TMEM561LAMP1640MAP2488DAPI405_G17_F1.nd2,14
4,16540,1,0.0006045949214026602,0.11664,75.05616760253906,1241429.0,0.9821751567469591,0.0,-0.01877238632301781,True,,Control,G17,1,d28,Plate1,/Users/pmihack/claire/tmem_2026/data/cleaved_tmem_pld3_260821/d28/Z59_PLD_Control/PLD3Control_Plate1_d28_TMEM561LAMP1640MAP2488DAPI405_G17_F1.nd2,14
5,13759,1,0.0034886256268624174,0.5598719999999999,118.51144409179688,1630599.0,2.0756710002192387,0.0,0.014427682714257803,True,,Control,G17,1,d28,Plate1,/Users/pmihack/claire/tmem_2026/data/cleaved_tmem_pld3_260821/d28/Z59_PLD_Control/PLD3Control_Plate1_d28_TMEM561LAMP1640MAP2488DAPI405_G17_F1.nd2,14
6,9508,27,0.05405973916701725,0.222048,841.6123046875,8002050.0,0.9099434034231452,0.0,-0.03325887194138697,True,,Control,G17,1,d28,Plate1,/Users/pmihack/claire/tmem_2026/data/cleaved_tmem_pld3_260821/d28/Z59_PLD_Control/PLD3Control_Plate1_d28_TMEM561LAMP1640MAP2488DAPI405_G17_F1.nd2,14
1,14933,15,0.20330810955601689,2.3607936,1550.081298828125,23147364.0,18.20326257147816,0.0,-0.12049656377877896,True,,Control,G17,2,d28,Plate1,/Users/pmihack/claire/tmem_2026/data/cleaved_tmem_pld3_260821/d28/Z59_PLD_Control/PLD3Control_Plate1_d28_TMEM561LAMP1640MAP2488DAPI405_G17_F2.nd2,11
2,13706,7,0.4164599445498322,9.511158857142856,2517.563720703125,34505728.0,5.597749687738931,0.0,-0.16467183314005482,True,,Control,G17,2,d28,Plate1,/Users/pmihack/claire/tmem_2026/data/cleaved_tmem_pld3_260821/d28/Z59_PLD_Control/PLD3Control_Plate1_d28_TMEM561LAMP1640MAP2488DAPI405_G17_F2.nd2,11
3,4558,1,0.0225976305397104,1.2013919999999998,458.9001770019531,2091667.0,12.189777983386183,0.0,-0.054278340298740395,True,,Control,G17,2,d28,Plate1,/Users/pmihack/claire/tmem_2026/data/cleaved_tmem_pld3_260821/d28/Z59_PLD_Control/PLD3Control_Plate1_d28_TMEM561LAMP1640MAP2488DAPI405_G17_F2.nd2,11
4,11186,10,0.31101376720901125,4.0579056,2160.2783203125,24164872.0,21.854222938239836,0.0,0.06640214280245667,False,abnormal_nucleus,Control,G17,2,d28,Plate1,/Users/pmihack/claire/tmem_2026/data/cleaved_tmem_pld3_260821/d28/Z59_PLD_Control/PLD3Control_Plate1_d28_TMEM561LAMP1640MAP2488DAPI405_G17_F2.nd2,11
5,14966,14,0.028798610183081653,0.35908457142857136,667.5291748046875,9990242.0,15.225003133958404,0.0,0.07763981012539105,True,,Control,G17,2,d28,Plate1,/Users/pmihack/claire/tmem_2026/data/cleaved_tmem_pld3_260821/d28/Z59_PLD_Control/PLD3Control_Plate1_d28_TMEM561LAMP1640MAP2488DAPI405_G17_F2.nd2,11
6,16076,27,0.03614083105250062,0.250992,747.7636108398438,12021048.0,13.523703554478844,0.0,-0.018024710448040163,True,,Control,G17,2,d28,Plate1,/Users/pmihack/claire/tmem_2026/data/cleaved_tmem_pld3_260821/d28/Z59_PLD_Control/PLD3Control_Plate1_d28_TMEM561LAMP1640MAP2488DAPI405_G17_F2.nd2,11
7,20536,11,0.010177249707830151,0.22161599999999998,477.90277099609375,9814211.0,18.602549586324542,0.0,0.25815369233266416,True,,Control,G17,2,d28,Plate1,/Users/pmihack/claire/tmem_2026/data/cleaved_tmem_pld3_260821/d28/Z59_PLD_Control/PLD3Control_Plate1_d28_TMEM561LAMP1640MAP2488DAPI405_G17_F2.nd2,11
8,3128,0,0.0,0.0,85.16016387939453,266381.0,,0.0,0.2278713490613375,True,,Control,G17,2,d28,Plate1,/Users/pmihack/claire/tmem_2026/data/cleaved_tmem_pld3_260821/d28/Z59_PLD_Control/PLD3Control_Plate1_d28_TMEM561LAMP1640MAP2488DAPI405_G17_F2.nd2,11
9,18312,30,0.1158256880733945,0.8246448,1151.232421875,21081368.0,21.945444514680236,0.0,-0.09243014497668044,True,,Control,G17,2,d28,Plate1,/Users/pmihack/claire/tmem_2026/data/cleaved_tmem_pld3_260821/d28/Z59_PLD_Control/PLD3Control_Plate1_d28_TMEM561LAMP1640MAP2488DAPI405_G17_F2.nd2,11
10,14879,15,0.039787620135761814,0.4603392,963.12646484375,14330359.0,24.340220800275386,0.0,0.7626310874004535,True,,Control,G17,2,d28,Plate1,/Users/pmihack/claire/tmem_2026/data/cleaved_tmem_pld3_260821/d28/Z59_PLD_Control/PLD3Control_Plate1_d28_TMEM561LAMP1640MAP2488DAPI405_G17_F2.nd2,11
11,3400,0,0.0,0.0,26.896177291870117,91447.0,,0.0,0.02615992304679448,True,,Control,G17,2,d28,Plate1,/Users/pmihack/claire/tmem_2026/data/cleaved_tmem_pld3_260821/d28/Z59_PLD_Control/PLD3Control_Plate1_d28_TMEM561LAMP1640MAP2488DAPI405_G17_F2.nd2,11
1,3894,1,0.0035952747817154596,0.163296,312.6404724121094,1217422.0,11.534905111409605,0.0,0.3156673597456923,True,,Control,G17,3,d28,Plate1,/Users/pmihack/claire/tmem_2026/data/cleaved_tmem_pld3_260821/d28/Z59_PLD_Control/PLD3Control_Plate1_d28_TMEM561LAMP1640MAP2488DAPI405_G17_F3.nd2,10
2,1616,0,0.0,0.0,108.89418029785156,175973.0,,0.0,-0.07065045794027522,False,size_outlier,Control,G17,3,d28,Plate1,/Users/pmihack/claire/tmem_2026/data/cleaved_tmem_pld3_260821/d28/Z59_PLD_Control/PLD3Control_Plate1_d28_TMEM561LAMP1640MAP2488DAPI405_G17_F3.nd2,10
3,13760,0,0.0,0.0,117.97049713134766,1623274.0,,0.0,-0.10685077050049069,True,,Control,G17,3,d28,Plate1,/Users/pmihack/claire/tmem_2026/data/cleaved_tmem_pld3_260821/d28/Z59_PLD_Control/PLD3Control_Plate1_d28_TMEM561LAMP1640MAP2488DAPI405_G17_F3.nd2,10
4,17260,3,0.0013904982618771727,0.09331199999999999,182.09629821777344,3142982.0,14.182121621124685,0.0,0.1380263461486967,True,,Control,G17,3,d28,Plate1,/Users/pmihack/claire/tmem_2026/data/cleaved_tmem_pld3_260821/d28/Z59_PLD_Control/PLD3Control_Plate1_d28_TMEM561LAMP1640MAP2488DAPI405_G17_F3.nd2,10
5,9674,0,0.0,0.0,400.8210754394531,3877543.0,,0.0,0.07729285299317676,True,,Control,G17,3,d28,Plate1,/Users/pmihack/claire/tmem_2026/data/cleaved_tmem_pld3_260821/d28/Z59_PLD_Control/PLD3Control_Plate1_d28_TMEM561LAMP1640MAP2488DAPI405_G17_F3.nd2,10
6,7032,0,0.0,0.0,101.44994354248047,713396.0,,0.0,-0.02531424590735244,True,,Control,G17,3,d28,Plate1,/Users/pmihack/claire/tmem_2026/data/cleaved_tmem_pld3_260821/d28/Z59_PLD_Control/PLD3Control_Plate1_d28_TMEM561LAMP1640MAP2488DAPI405_G17_F3.nd2,10
7,11823,2,0.0006766472130592912,0.046655999999999996,281.60296630859375,3329392.0,15.893046933082799,0.0,0.06468537414596225,True,,Control,G17,3,d28,Plate1,/Users/pmihack/claire/tmem_2026/data/cleaved_tmem_pld3_260821/d28/Z59_PLD_Control/PLD3Control_Plate1_d28_TMEM561LAMP1640MAP2488DAPI405_G17_F3.nd2,10
8,12365,0,0.0,0.0,131.28054809570312,1623284.0,,0.0,-0.022275346062486975,True,,Control,G17,3,d28,Plate1,/Users/pmihack/claire/tmem_2026/data/cleaved_tmem_pld3_260821/d28/Z59_PLD_Control/PLD3Control_Plate1_d28_TMEM561LAMP1640MAP2488DAPI405_G17_F3.nd2,10
9,10818,0,0.0,0.0,1036.5218505859375,11213093.0,,0.0,0.046307350787403084,True,,Control,G17,3,d28,Plate1,/Users/pmihack/claire/tmem_2026/data/cleaved_tmem_pld3_260821/d28/Z59_PLD_Control/PLD3Control_Plate1_d28_TMEM561LAMP1640MAP2488DAPI405_G17_F3.nd2,10
10,9894,1,0.0006064281382656155,0.06998399999999999,478.59783935546875,4735247.0,5.27115186853368,0.0,0.054656614221905896,False,abnormal_nucleus,Control,G17,3,d28,Plate1,/Users/pmihack/claire/tmem_2026/data/cleaved_tmem_pld3_260821/d28/Z59_PLD_Control/PLD3Control_Plate1_d28_TMEM561LAMP1640MAP2488DAPI405_G17_F3.nd2,10
11,23968,0,0.0,0.0,182.2006072998047,4366984.0,,0.0,0.07511673645837987,True,,Control,G17,3,d28,Plate1,/Users/pmihack/claire/tmem_2026/data/cleaved_tmem_pld3_260821/d28/Z59_PLD_Control/PLD3Control_Plate1_d28_TMEM561LAMP1640MAP2488DAPI405_G17_F3.nd2,10
12,14339,0,0.0,0.0,84.24374389648438,1207971.0,,0.0,0.10015946363538317,True,,Control,G17,3,d28,Plate1,/Users/pmihack/claire/tmem_2026/data/cleaved_tmem_pld3_260821/d28/Z59_PLD_Control/PLD3Control_Plate1_d28_TMEM561LAMP1640MAP2488DAPI405_G17_F3.nd2,10
13,42,0,0.0,0.0,5.738095283508301,241.0,,0.0,-0.09503588649699553,False,size_outlier,Control,G17,3,d28,Plate1,/Users/pmihack/claire/tmem_2026/data/cleaved_tmem_pld3_260821/d28/Z59_PLD_Control/PLD3Control_Plate1_d28_TMEM561LAMP1640MAP2488DAPI405_G17_F3.nd2,10
14,15477,0,0.0,0.0,72.2211685180664,1117767.0,,0.0,0.15699569308550318,True,,Control,G17,3,d28,Plate1,/Users/pmihack/claire/tmem_2026/data/cleaved_tmem_pld3_260821/d28/Z59_PLD_Control/PLD3Control_Plate1_d28_TMEM561LAMP1640MAP2488DAPI405_G17_F3.nd2,10
15,9074,0,0.0,0.0,357.6367492675781,3245196.0,,0.0,0.05602685335514877,False,abnormal_nucleus,Control,G17,3,d28,Plate1,/Users/pmihack/claire/tmem_2026/data/cleaved_tmem_pld3_260821/d28/Z59_PLD_Control/PLD3Control_Plate1_d28_TMEM561LAMP1640MAP2488DAPI405_G17_F3.nd2,10
1,9840,11,0.015853658536585366,0.16541672727272727,588.54052734375,5791239.0,14.679121249499943,0.0,0.10175858524900176,False,abnormal_nucleus,Control,G17,4,d28,Plate1,/Users/pmihack/claire/tmem_2026/data/cleaved_tmem_pld3_260821/d28/Z59_PLD_Control/PLD3Control_Plate1_d28_TMEM561LAMP1640MAP2488DAPI405_G17_F4.nd2,11
2,12318,7,0.03450235427829193,0.7081714285714286,508.3050842285156,6261302.0,3.271509651741947,0.0,0.04592452640365571,True,,Control,G17,4,d28,Plate1,/Users/pmihack/claire/tmem_2026/data/cleaved_tmem_pld3_260821/d28/Z59_PLD_Control/PLD3Control_Plate1_d28_TMEM561LAMP1640MAP2488DAPI405_G17_F4.nd2,11
3,22319,45,0.07115014113535553,0.4116096,1369.9405517578125,30575702.0,8.090014245291561,0.0,-0.021839033633343097,True,,Control,G17,4,d28,Plate1,/Users/pmihack/claire/tmem_2026/data/cleaved_tmem_pld3_260821/d28/Z59_PLD_Control/PLD3Control_Plate1_d28_TMEM561LAMP1640MAP2488DAPI405_G17_F4.nd2,11
4,1776,11,0.11204954954954954,0.2110123636363636,1956.825439453125,3475322.0,60.38640080527222,0.0,0.040450406786551055,False,size_outlier,Control,G17,4,d28,Plate1,/Users/pmihack/claire/tmem_2026/data/cleaved_tmem_pld3_260821/d28/Z59_PLD_Control/PLD3Control_Plate1_d28_TMEM561LAMP1640MAP2488DAPI405_G17_F4.nd2,11
5,2156,8,0.10528756957328386,0.330966,1704.1224365234375,3674088.0,53.82944732949827,0.0,0.018658725781858447,True,,Control,G17,4,d28,Plate1,/Users/pmihack/claire/tmem_2026/data/cleaved_tmem_pld3_260821/d28/Z59_PLD_Control/PLD3Control_Plate1_d28_TMEM561LAMP1640MAP2488DAPI405_G17_F4.nd2,11
6,14598,20,0.24770516509110838,2.1088512,2215.75146484375,32345540.0,10.104212166575326,0.0,-0.0448979206380586,True,,Control,G17,4,d28,Plate1,/Users/pmihack/claire/tmem_2026/data/cleaved_tmem_pld3_260821/d28/Z59_PLD_Control/PLD3Control_Plate1_d28_TMEM561LAMP1640MAP2488DAPI405_G17_F4.nd2,11
7,9608,20,0.10761865112406328,0.6030288,1338.707275390625,12862300.0,25.63433915684127,0.0,0.03304707311626453,True,,Control,G17,4,d28,Plate1,/Users/pmihack/claire/tmem_2026/data/cleaved_tmem_pld3_260821/d28/Z59_PLD_Control/PLD3Control_Plate1_d28_TMEM561LAMP1640MAP2488DAPI405_G17_F4.nd2,11
8,299,0,0.0,0.0,51.137123107910156,15290.0,,0.0,0.04477512859587088,False,size_outlier,Control,G17,4,d28,Plate1,/Users/pmihack/claire/tmem_2026/data/cleaved_tmem_pld3_260821/d28/Z59_PLD_Control/PLD3Control_Plate1_d28_TMEM561LAMP1640MAP2488DAPI405_G17_F4.nd2,11
9,7119,10,0.04214075010535188,0.34991999999999995,855.2511596679688,6088533.0,21.35587584900546,0.0,0.039581541198605415,True,,Control,G17,4,d28,Plate1,/Users/pmihack/claire/tmem_2026/data/cleaved_tmem_pld3_260821/d28/Z59_PLD_Control/PLD3Control_Plate1_d28_TMEM561LAMP1640MAP2488DAPI405_G17_F4.nd2,11
10,13279,4,0.26304691618344755,10.185588,2398.108642578125,31844486.0,5.566935688671496,0.0,-0.0506979100106015,True,,Control,G17,4,d28,Plate1,/Users/pmihack/claire/tmem_2026/data/cleaved_tmem_pld3_260821/d28/Z59_PLD_Control/PLD3Control_Plate1_d28_TMEM561LAMP1640MAP2488DAPI405_G17_F4.nd2,11
11,14540,31,0.11224209078404401,0.6140531612903226,1352.358154296875,19663288.0,10.728205422812314,0.0,0.1573245076478785,True,,Control,G17,4,d28,Plate1,/Users/pmihack/claire/tmem_2026/data/cleaved_tmem_pld3_260821/d28/Z59_PLD_Control/PLD3Control_Plate1_d28_TMEM561LAMP1640MAP2488DAPI405_G17_F4.nd2,11
12,2213,0,0.0,0.0,22.206506729125977,49143.0,,0.0,0.09442723381463064,True,,Control,G17,4,d28,Plate1,/Users/pmihack/claire/tmem_2026/data/cleaved_tmem_pld3_260821/d28/Z59_PLD_Control/PLD3Control_Plate1_d28_TMEM561LAMP1640MAP2488DAPI405_G17_F4.nd2,11
13,1419,0,0.0,0.0,37.86117172241211,53725.0,,0.0,0.020434699116693857,False,size_outlier,Control,G17,4,d28,Plate1,/Users/pmihack/claire/tmem_2026/data/cleaved_tmem_pld3_260821/d28/Z59_PLD_Control/PLD3Control_Plate1_d28_TMEM561LAMP1640MAP2488DAPI405_G17_F4.nd2,11
14,21843,8,0.10346564116650643,3.2950799999999996,834.20849609375,18221616.0,,0.0,0.021023458360709932,True,,Control,G17,4,d28,Plate1,/Users/pmihack/claire/tmem_2026/data/cleaved_tmem_pld3_260821/d28/Z59_PLD_Control/PLD3Control_Plate1_d28_TMEM561LAMP1640MAP2488DAPI405_G17_F4.nd2,11
1,4964,0,0.0,0.0,32.240936279296875,160044.0,,0.0,-0.028066444207894715,True,,Control,H17,1,d28,Plate1,/Users/pmihack/claire/tmem_2026/data/cleaved_tmem_pld3_260821/d28/Z59_PLD_Control/PLD3Control_Plate1_d28_TMEM561LAMP1640MAP2488DAPI405_H17_F1.nd2,15
2,14508,0,0.0,0.0,8.945271492004395,129778.0,,0.0,0.011661819317221158,True,,Control,H17,1,d28,Plate1,/Users/pmihack/claire/tmem_2026/data/cleaved_tmem_pld3_260821/d28/Z59_PLD_Control/PLD3Control_Plate1_d28_TMEM561LAMP1640MAP2488DAPI405_H17_F1.nd2,15
3,7038,0,0.0,0.0,14.759164810180664,103875.0,,0.0,-0.009172627249030054,True,,Control,H17,1,d28,Plate1,/Users/pmihack/claire/tmem_2026/data/cleaved_tmem_pld3_260821/d28/Z59_PLD_Control/PLD3Control_Plate1_d28_TMEM561LAMP1640MAP2488DAPI405_H17_F1.nd2,15
4,7195,0,0.0,0.0,16.403057098388672,118020.0,,0.0,-0.0006015981607545917,True,,Control,H17,1,d28,Plate1,/Users/pmihack/claire/tmem_2026/data/cleaved_tmem_pld3_260821/d28/Z59_PLD_Control/PLD3Control_Plate1_d28_TMEM561LAMP1640MAP2488DAPI405_H17_F1.nd2,15
5,5107,0,0.0,0.0,65.67084503173828,335381.0,,0.0,0.11230255445868476,True,,Control,H17,1,d28,Plate1,/Users/pmihack/claire/tmem_2026/data/cleaved_tmem_pld3_260821/d28/Z59_PLD_Control/PLD3Control_Plate1_d28_TMEM561LAMP1640MAP2488DAPI405_H17_F1.nd2,15
6,4413,1,0.0013596193065941536,0.06998399999999999,106.48787689208984,469931.0,14.863406185107811,0.0,0.3244097547510163,True,,Control,H17,1,d28,Plate1,/Users/pmihack/claire/tmem_2026/data/cleaved_tmem_pld3_260821/d28/Z59_PLD_Control/PLD3Control_Plate1_d28_TMEM561LAMP1640MAP2488DAPI405_H17_F1.nd2,15
7,2347,0,0.0,0.0,49.446529388427734,116051.0,,0.0,0.8136950194172174,True,,Control,H17,1,d28,Plate1,/Users/pmihack/claire/tmem_2026/data/cleaved_tmem_pld3_260821/d28/Z59_PLD_Control/PLD3Control_Plate1_d28_TMEM561LAMP1640MAP2488DAPI405_H17_F1.nd2,15
8,4554,0,0.0,0.0,33.15898132324219,151006.0,,0.0,0.014461326944052624,True,,Control,H17,1,d28,Plate1,/Users/pmihack/claire/tmem_2026/data/cleaved_tmem_pld3_260821/d28/Z59_PLD_Control/PLD3Control_Plate1_d28_TMEM561LAMP1640MAP2488DAPI405_H17_F1.nd2,15
1,3407,0,0.0,0.0,48.29145812988281,164529.0,,0.0,-0.014814604476092648,False,abnormal_nucleus,Control,H17,2,d28,Plate1,/Users/pmihack/claire/tmem_2026/data/cleaved_tmem_pld3_260821/d28/Z59_PLD_Control/PLD3Control_Plate1_d28_TMEM561LAMP1640MAP2488DAPI405_H17_F2.nd2,11
2,13539,0,0.0,0.0,53.380531311035156,722719.0,,0.0,0.011818052693161048,True,,Control,H17,2,d28,Plate1,/Users/pmihack/claire/tmem_2026/data/cleaved_tmem_pld3_260821/d28/Z59_PLD_Control/PLD3Control_Plate1_d28_TMEM561LAMP1640MAP2488DAPI405_H17_F2.nd2,11
3,19730,0,0.0,0.0,149.5006561279297,2949648.0,,0.0,-0.05431875726831183,False,abnormal_nucleus,Control,H17,2,d28,Plate1,/Users/pmihack/claire/tmem_2026/data/cleaved_tmem_pld3_260821/d28/Z59_PLD_Control/PLD3Control_Plate1_d28_TMEM561LAMP1640MAP2488DAPI405_H17_F2.nd2,11
4,1923,0,0.0,0.0,7.131045341491699,13713.0,,0.0,0.12542802210420345,False,size_outlier,Control,H17,2,d28,Plate1,/Users/pmihack/claire/tmem_2026/data/cleaved_tmem_pld3_260821/d28/Z59_PLD_Control/PLD3Control_Plate1_d28_TMEM561LAMP1640MAP2488DAPI405_H17_F2.nd2,11
5,10497,0,0.0,0.0,171.0770721435547,1795796.0,,0.0,0.07485262776967933,False,abnormal_nucleus,Control,H17,2,d28,Plate1,/Users/pmihack/claire/tmem_2026/data/cleaved_tmem_pld3_260821/d28/Z59_PLD_Control/PLD3Control_Plate1_d28_TMEM561LAMP1640MAP2488DAPI405_H17_F2.nd2,11
6,11718,0,0.0,0.0,73.8031234741211,864825.0,,0.0011771167628467083,0.0035269076052822776,True,,Control,H17,2,d28,Plate1,/Users/pmihack/claire/tmem_2026/data/cleaved_tmem_pld3_260821/d28/Z59_PLD_Control/PLD3Control_Plate1_d28_TMEM561LAMP1640MAP2488DAPI405_H17_F2.nd2,11
7,18901,0,0.0,0.0,103.15438079833984,1949721.0,,0.0,-0.048548937170272345,False,abnormal_nucleus,Control,H17,2,d28,Plate1,/Users/pmihack/claire/tmem_2026/data/cleaved_tmem_pld3_260821/d28/Z59_PLD_Control/PLD3Control_Plate1_d28_TMEM561LAMP1640MAP2488DAPI405_H17_F2.nd2,11
8,17773,0,0.0,0.0,41.28312683105469,733725.0,,0.0,-0.012521116382970786,True,,Control,H17,2,d28,Plate1,/Users/pmihack/claire/tmem_2026/data/cleaved_tmem_pld3_260821/d28/Z59_PLD_Control/PLD3Control_Plate1_d28_TMEM561LAMP1640MAP2488DAPI405_H17_F2.nd2,11
9,11829,0,0.0,0.0,83.71113586425781,990219.0,,0.0,0.04662522598827154,False,abnormal_nucleus,Control,H17,2,d28,Plate1,/Users/pmihack/claire/tmem_2026/data/cleaved_tmem_pld3_260821/d28/Z59_PLD_Control/PLD3Control_Plate1_d28_TMEM561LAMP1640MAP2488DAPI405_H17_F2.nd2,11
1,9592,1,0.0012510425354462051,0.13996799999999998,212.4971923828125,2038273.0,2.3744730194214285,0.0,-0.10305154868661627,True,,Control,H17,3,d28,Plate1,/Users/pmihack/claire/tmem_2026/data/cleaved_tmem_pld3_260821/d28/Z59_PLD_Control/PLD3Control_Plate1_d28_TMEM561LAMP1640MAP2488DAPI405_H17_F3.nd2,11
2,3310,0,0.0,0.0,192.20755004882812,636207.0,,0.0,0.08911829250786128,False,abnormal_nucleus,Control,H17,3,d28,Plate1,/Users/pmihack/claire/tmem_2026/data/cleaved_tmem_pld3_260821/d28/Z59_PLD_Control/PLD3Control_Plate1_d28_TMEM561LAMP1640MAP2488DAPI405_H17_F3.nd2,11
3,19561,0,0.0,0.0,57.92924880981445,1133154.0,,0.0,0.0004825442709588491,True,,Control,H17,3,d28,Plate1,/Users/pmihack/claire/tmem_2026/data/cleaved_tmem_pld3_260821/d28/Z59_PLD_Control/PLD3Control_Plate1_d28_TMEM561LAMP1640MAP2488DAPI405_H17_F3.nd2,11
4,12407,0,0.0,0.0,154.67398071289062,1919040.0,,0.0,0.11161532358960025,True,,Control,H17,3,d28,Plate1,/Users/pmihack/claire/tmem_2026/data/cleaved_tmem_pld3_260821/d28/Z59_PLD_Control/PLD3Control_Plate1_d28_TMEM561LAMP1640MAP2488DAPI405_H17_F3.nd2,11
5,19867,0,0.0,0.0,107.58871459960938,2137465.0,,0.0,0.01667746311268793,True,,Control,H17,3,d28,Plate1,/Users/pmihack/claire/tmem_2026/data/cleaved_tmem_pld3_260821/d28/Z59_PLD_Control/PLD3Control_Plate1_d28_TMEM561LAMP1640MAP2488DAPI405_H17_F3.nd2,11
6,13505,0,0.0,0.0,93.88663482666016,1267939.0,,0.0,-0.005840142735584448,True,,Control,H17,3,d28,Plate1,/Users/pmihack/claire/tmem_2026/data/cleaved_tmem_pld3_260821/d28/Z59_PLD_Control/PLD3Control_Plate1_d28_TMEM561LAMP1640MAP2488DAPI405_H17_F3.nd2,11
7,22522,0,0.0,0.0,45.154693603515625,1016974.0,,0.0,0.040277008628766126,True,,Control,H17,3,d28,Plate1,/Users/pmihack/claire/tmem_2026/data/cleaved_tmem_pld3_260821/d28/Z59_PLD_Control/PLD3Control_Plate1_d28_TMEM561LAMP1640MAP2488DAPI405_H17_F3.nd2,11
8,4983,0,0.0,0.0,35.673892974853516,177763.0,,0.0,0.0730512747702449,True,,Control,H17,3,d28,Plate1,/Users/pmihack/claire/tmem_2026/data/cleaved_tmem_pld3_260821/d28/Z59_PLD_Control/PLD3Control_Plate1_d28_TMEM561LAMP1640MAP2488DAPI405_H17_F3.nd2,11
1,10385,15,0.19547424169475205,1.578528,1481.890625,15389434.0,10.79833464169681,0.0,0.0006306023203513924,True,,Control,H17,4,d28,Plate1,/Users/pmihack/claire/tmem_2026/data/cleaved_tmem_pld3_260821/d28/Z59_PLD_Control/PLD3Control_Plate1_d28_TMEM561LAMP1640MAP2488DAPI405_H17_F4.nd2,13
2,13891,20,0.13821899071341157,1.1197439999999999,1031.1719970703125,14324010.0,2.0608724628603,0.0,0.005293599474719076,True,,Control,H17,4,d28,Plate1,/Users/pmihack/claire/tmem_2026/data/cleaved_tmem_pld3_260821/d28/Z59_PLD_Control/PLD3Control_Plate1_d28_TMEM561LAMP1640MAP2488DAPI405_H17_F4.nd2,13
3,22840,13,0.10350262697022768,2.1210535384615383,679.0559692382812,15509639.0,6.248873164558468,0.0,-0.010276029983332113,True,,Control,H17,4,d28,Plate1,/Users/pmihack/claire/tmem_2026/data/cleaved_tmem_pld3_260821/d28/Z59_PLD_Control/PLD3Control_Plate1_d28_TMEM561LAMP1640MAP2488DAPI405_H17_F4.nd2,13
4,16361,11,0.19326447038689568,3.3528698181818175,1282.947021484375,20990296.0,22.604925581217366,0.0,0.005896636380373473,True,,Control,H17,4,d28,Plate1,/Users/pmihack/claire/tmem_2026/data/cleaved_tmem_pld3_260821/d28/Z59_PLD_Control/PLD3Control_Plate1_d28_TMEM561LAMP1640MAP2488DAPI405_H17_F4.nd2,13
5,11312,9,0.2712164073550212,3.976128,1630.0531005859375,18439160.0,16.42826308719349,0.0,0.10039526922613273,True,,Control,H17,4,d28,Plate1,/Users/pmihack/claire/tmem_2026/data/cleaved_tmem_pld3_260821/d28/Z59_PLD_Control/PLD3Control_Plate1_d28_TMEM561LAMP1640MAP2488DAPI405_H17_F4.nd2,13
6,16190,10,0.4252625077208153,8.030664,2819.152587890625,45642080.0,19.152550892212194,0.0,0.008000965169187284,True,,Control,H17,4,d28,Plate1,/Users/pmihack/claire/tmem_2026/data/cleaved_tmem_pld3_260821/d28/Z59_PLD_Control/PLD3Control_Plate1_d28_TMEM561LAMP1640MAP2488DAPI405_H17_F4.nd2,13
7,2258,0,0.0,0.0,31.163862228393555,70368.0,,0.0,0.040288433120951685,True,,Control,H17,4,d28,Plate1,/Users/pmihack/claire/tmem_2026/data/cleaved_tmem_pld3_260821/d28/Z59_PLD_Control/PLD3Control_Plate1_d28_TMEM561LAMP1640MAP2488DAPI405_H17_F4.nd2,13
8,13263,31,0.10065596019000227,0.5023045161290322,928.4193725585938,12313626.0,27.16495643364599,0.0,-0.0055193592449681245,True,,Control,H17,4,d28,Plate1,/Users/pmihack/claire/tmem_2026/data/cleaved_tmem_pld3_260821/d28/Z59_PLD_Control/PLD3Control_Plate1_d28_TMEM561LAMP1640MAP2488DAPI405_H17_F4.nd2,13
9,10877,6,0.23030247310839386,4.869719999999999,1931.53076171875,21009260.0,24.76400561036459,0.0,0.0045289155426321455,True,,Control,H17,4,d28,Plate1,/Users/pmihack/claire/tmem_2026/data/cleaved_tmem_pld3_260821/d28/Z59_PLD_Control/PLD3Control_Plate1_d28_TMEM561LAMP1640MAP2488DAPI405_H17_F4.nd2,13
10,16490,37,0.04548211036992116,0.23643243243243242,1053.583984375,17373600.0,17.073556877766354,0.0,0.09055253220015805,True,,Control,H17,4,d28,Plate1,/Users/pmihack/claire/tmem_2026/data/cleaved_tmem_pld3_260821/d28/Z59_PLD_Control/PLD3Control_Plate1_d28_TMEM561LAMP1640MAP2488DAPI405_H17_F4.nd2,13
11,19410,7,0.29021123132405974,9.386187428571427,1895.10888671875,36784064.0,12.985272456726925,0.0,-0.0218530414767861,True,,Control,H17,4,d28,Plate1,/Users/pmihack/claire/tmem_2026/data/cleaved_tmem_pld3_260821/d28/Z59_PLD_Control/PLD3Control_Plate1_d28_TMEM561LAMP1640MAP2488DAPI405_H17_F4.nd2,13
12,14394,16,0.27726830623871057,2.909439,1735.3101806640625,24978054.0,12.082005307616525,0.0,-0.003615967273866924,True,,Control,H17,4,d28,Plate1,/Users/pmihack/claire/tmem_2026/data/cleaved_tmem_pld3_260821/d28/Z59_PLD_Control/PLD3Control_Plate1_d28_TMEM561LAMP1640MAP2488DAPI405_H17_F4.nd2,13
13,17171,16,0.18496301904373652,2.315304,1223.82080078125,21014228.0,15.956444553565618,0.0,0.048696275082833314,True,,Control,H17,4,d28,Plate1,/Users/pmihack/claire/tmem_2026/data/cleaved_tmem_pld3_260821/d28/Z59_PLD_Control/PLD3Control_Plate1_d28_TMEM561LAMP1640MAP2488DAPI405_H17_F4.nd2,13
14,9198,15,0.2807131985214177,2.0077632,1773.5595703125,16313201.0,20.433706251027488,0.0,0.22659824544272483,True,,Control,H17,4,d28,Plate1,/Users/pmihack/claire/tmem_2026/data/cleaved_tmem_pld3_260821/d28/Z59_PLD_Control/PLD3Control_Plate1_d28_TMEM561LAMP1640MAP2488DAPI405_H17_F4.nd2,13
15,11574,14,0.09841022982547089,0.9489497142857143,899.2077026367188,10407430.0,18.699694078166104,0.000149028142914176,-0.0020807023887367358,True,,Control,H17,4,d28,Plate1,/Users/pmihack/claire/tmem_2026/data/cleaved_tmem_pld3_260821/d28/Z59_PLD_Control/PLD3Control_Plate1_d28_TMEM561LAMP1640MAP2488DAPI405_H17_F4.nd2,13
16,3108,3,0.007722007722007722,0.09331199999999999,260.5785217285156,809878.0,50.14870297301491,0.0,0.32472197836900785,True,,Control,H17,4,d28,Plate1,/Users/pmihack/claire/tmem_2026/data/cleaved_tmem_pld3_260821/d28/Z59_PLD_Control/PLD3Control_Plate1_d28_TMEM561LAMP1640MAP2488DAPI405_H17_F4.nd2,13
17,16390,28,0.1558267236119585,1.0639234285714285,1447.0201416015625,23716660.0,18.59661888251546,0.0,0.061078776008169626,True,,Control,H17,4,d28,Plate1,/Users/pmihack/claire/tmem_2026/data/cleaved_tmem_pld3_260821/d28/Z59_PLD_Control/PLD3Control_Plate1_d28_TMEM561LAMP1640MAP2488DAPI405_H17_F4.nd2,13
18,18397,11,0.10887644724683372,2.1239083636363634,767.6843872070312,14123090.0,8.865697516234878,0.0,0.0015036617020774252,True,,Control,H17,4,d28,Plate1,/Users/pmihack/claire/tmem_2026/data/cleaved_tmem_pld3_260821/d28/Z59_PLD_Control/PLD3Control_Plate1_d28_TMEM561LAMP1640MAP2488DAPI405_H17_F4.nd2,13
19,15135,23,0.17066402378592666,1.3099179130434782,1127.18017578125,17059872.0,19.664116049891714,0.0,0.17001939102545677,True,,Control,H17,4,d28,Plate1,/Users/pmihack/claire/tmem_2026/data/cleaved_tmem_pld3_260821/d28/Z59_PLD_Control/PLD3Control_Plate1_d28_TMEM561LAMP1640MAP2488DAPI405_H17_F4.nd2,13
20,2360,3,0.055508474576271186,0.5093279999999999,604.9762573242188,1427744.0,43.76389490399757,0.0,-0.01930782275783582,True,,Control,H17,4,d28,Plate1,/Users/pmihack/claire/tmem_2026/data/cleaved_tmem_pld3_260821/d28/Z59_PLD_Control/PLD3Control_Plate1_d28_TMEM561LAMP1640MAP2488DAPI405_H17_F4.nd2,13
21,12918,15,0.22859575785725345,2.2962528,1453.9727783203125,18782420.0,24.201386352455252,0.0,-0.04219128678688377,True,,Control,H17,4,d28,Plate1,/Users/pmihack/claire/tmem_2026/data/cleaved_tmem_pld3_260821/d28/Z59_PLD_Control/PLD3Control_Plate1_d28_TMEM561LAMP1640MAP2488DAPI405_H17_F4.nd2,13
1,15004,2,0.00346574246867502,0.303264,270.8797607421875,4064280.0,11.999316749414042,0.0,0.025510632474726586,True,,KI,C20,1,d28,Plate1,/Users/pmihack/claire/tmem_2026/data/cleaved_tmem_pld3_260821/d28/Z60_PLD_TMEMki/PLD3TMEM106B_Plate1_d28_TMEM561LAMP1640MAP2488DAPI405_C20_F1.nd2,16
2,2182,0,0.0,0.0,85.921630859375,187481.0,,0.0,-0.003810411006533619,True,,KI,C20,1,d28,Plate1,/Users/pmihack/claire/tmem_2026/data/cleaved_tmem_pld3_260821/d28/Z60_PLD_TMEMki/PLD3TMEM106B_Plate1_d28_TMEM561LAMP1640MAP2488DAPI405_C20_F1.nd2,16
3,4654,0,0.0,0.0,74.23807525634766,345504.0,,0.0,0.17671740757855176,False,abnormal_nucleus,KI,C20,1,d28,Plate1,/Users/pmihack/claire/tmem_2026/data/cleaved_tmem_pld3_260821/d28/Z60_PLD_TMEMki/PLD3TMEM106B_Plate1_d28_TMEM561LAMP1640MAP2488DAPI405_C20_F1.nd2,16
4,11872,0,0.0,0.0,28.418548583984375,337385.0,,0.0,0.1382418315691999,True,,KI,C20,1,d28,Plate1,/Users/pmihack/claire/tmem_2026/data/cleaved_tmem_pld3_260821/d28/Z60_PLD_TMEMki/PLD3TMEM106B_Plate1_d28_TMEM561LAMP1640MAP2488DAPI405_C20_F1.nd2,16
5,5385,0,0.0,0.0,102.76490020751953,553389.0,,0.0,0.2916518483970764,True,,KI,C20,1,d28,Plate1,/Users/pmihack/claire/tmem_2026/data/cleaved_tmem_pld3_260821/d28/Z60_PLD_TMEMki/PLD3TMEM106B_Plate1_d28_TMEM561LAMP1640MAP2488DAPI405_C20_F1.nd2,16
6,2524,4,0.14223454833597465,1.0468439999999999,2531.3740234375,6389188.0,34.23796096870033,0.170319601893425,0.6429245433554797,True,,KI,C20,1,d28,Plate1,/Users/pmihack/claire/tmem_2026/data/cleaved_tmem_pld3_260821/d28/Z60_PLD_TMEMki/PLD3TMEM106B_Plate1_d28_TMEM561LAMP1640MAP2488DAPI405_C20_F1.nd2,16
7,22475,0,0.0,0.0,208.77415466308594,4692199.0,,0.0012299137888476253,0.006188432286874274,True,,KI,C20,1,d28,Plate1,/Users/pmihack/claire/tmem_2026/data/cleaved_tmem_pld3_260821/d28/Z60_PLD_TMEMki/PLD3TMEM106B_Plate1_d28_TMEM561LAMP1640MAP2488DAPI405_C20_F1.nd2,16
8,21839,0,0.0,0.0,251.8735809326172,5500667.0,,7.63543721404858e-06,0.12647167082550975,True,,KI,C20,1,d28,Plate1,/Users/pmihack/claire/tmem_2026/data/cleaved_tmem_pld3_260821/d28/Z60_PLD_TMEMki/PLD3TMEM106B_Plate1_d28_TMEM561LAMP1640MAP2488DAPI405_C20_F1.nd2,16
1,23286,0,0.0,0.0,64.15743255615234,1493970.0,,0.01941404491662979,0.19133761857827228,False,abnormal_nucleus,KI,C20,2,d28,Plate1,/Users/pmihack/claire/tmem_2026/data/cleaved_tmem_pld3_260821/d28/Z60_PLD_TMEMki/PLD3TMEM106B_Plate1_d28_TMEM561LAMP1640MAP2488DAPI405_C20_F2.nd2,13
2,22561,2,0.0298302380213643,3.9249359999999998,439.5873107910156,9917529.0,12.646925420813826,0.0,0.04860177809193999,True,,KI,C20,2,d28,Plate1,/Users/pmihack/claire/tmem_2026/data/cleaved_tmem_pld3_260821/d28/Z60_PLD_TMEMki/PLD3TMEM106B_Plate1_d28_TMEM561LAMP1640MAP2488DAPI405_C20_F2.nd2,13
3,6277,0,0.0,0.0,24.349210739135742,152840.0,,0.0,0.17808873179175652,True,,KI,C20,2,d28,Plate1,/Users/pmihack/claire/tmem_2026/data/cleaved_tmem_pld3_260821/d28/Z60_PLD_TMEMki/PLD3TMEM106B_Plate1_d28_TMEM561LAMP1640MAP2488DAPI405_C20_F2.nd2,13
4,15229,2,0.004399500952130803,0.390744,184.78744506835938,2814128.0,14.098714989047785,0.0,0.12998064334884557,False,abnormal_nucleus,KI,C20,2,d28,Plate1,/Users/pmihack/claire/tmem_2026/data/cleaved_tmem_pld3_260821/d28/Z60_PLD_TMEMki/PLD3TMEM106B_Plate1_d28_TMEM561LAMP1640MAP2488DAPI405_C20_F2.nd2,13
5,11059,1,0.0006329686228411248,0.081648,228.44813537597656,2526408.0,16.204785186924745,0.000443712982814759,-0.059020476265604895,False,abnormal_nucleus,KI,C20,2,d28,Plate1,/Users/pmihack/claire/tmem_2026/data/cleaved_tmem_pld3_260821/d28/Z60_PLD_TMEMki/PLD3TMEM106B_Plate1_d28_TMEM561LAMP1640MAP2488DAPI405_C20_F2.nd2,13
1,10048,2,0.0009952229299363057,0.05832,295.2178649902344,2966349.0,13.734167346446798,0.0,-0.057754401705240724,True,,KI,C20,3,d28,Plate1,/Users/pmihack/claire/tmem_2026/data/cleaved_tmem_pld3_260821/d28/Z60_PLD_TMEMki/PLD3TMEM106B_Plate1_d28_TMEM561LAMP1640MAP2488DAPI405_C20_F3.nd2,16
2,5863,4,0.007163568139177895,0.12247199999999998,325.06243896484375,1905841.0,18.115424012771584,0.0,-0.028680381614544354,True,,KI,C20,3,d28,Plate1,/Users/pmihack/claire/tmem_2026/data/cleaved_tmem_pld3_260821/d28/Z60_PLD_TMEMki/PLD3TMEM106B_Plate1_d28_TMEM561LAMP1640MAP2488DAPI405_C20_F3.nd2,16
3,18494,4,0.002216935222234238,0.119556,198.82681274414062,3677103.0,4.1320508498823605,0.0,-0.01798435292371652,True,,KI,C20,3,d28,Plate1,/Users/pmihack/claire/tmem_2026/data/cleaved_tmem_pld3_260821/d28/Z60_PLD_TMEMki/PLD3TMEM106B_Plate1_d28_TMEM561LAMP1640MAP2488DAPI405_C20_F3.nd2,16
4,12388,4,0.013642234420406846,0.49280399999999996,240.1299591064453,2974730.0,14.246181300954294,0.0,0.05096279041680335,True,,KI,C20,3,d28,Plate1,/Users/pmihack/claire/tmem_2026/data/cleaved_tmem_pld3_260821/d28/Z60_PLD_TMEMki/PLD3TMEM106B_Plate1_d28_TMEM561LAMP1640MAP2488DAPI405_C20_F3.nd2,16
5,23135,4,0.007607521071968879,0.513216,210.86622619628906,4878390.0,14.972816096604369,0.0,0.5675148891254244,True,,KI,C20,3,d28,Plate1,/Users/pmihack/claire/tmem_2026/data/cleaved_tmem_pld3_260821/d28/Z60_PLD_TMEMki/PLD3TMEM106B_Plate1_d28_TMEM561LAMP1640MAP2488DAPI405_C20_F3.nd2,16
6,10464,1,0.001051223241590214,0.128304,90.4239273071289,946196.0,20.318622257305098,0.0,0.3686752954836248,True,,KI,C20,3,d28,Plate1,/Users/pmihack/claire/tmem_2026/data/cleaved_tmem_pld3_260821/d28/Z60_PLD_TMEMki/PLD3TMEM106B_Plate1_d28_TMEM561LAMP1640MAP2488DAPI405_C20_F3.nd2,16
7,2252,0,0.0,0.0,56.735347747802734,127768.0,,0.0,-0.07937820560506836,True,,KI,C20,3,d28,Plate1,/Users/pmihack/claire/tmem_2026/data/cleaved_tmem_pld3_260821/d28/Z60_PLD_TMEMki/PLD3TMEM106B_Plate1_d28_TMEM561LAMP1640MAP2488DAPI405_C20_F3.nd2,16
8,13266,13,0.011307100859339666,0.13458461538461536,550.1304931640625,7298031.0,13.846408423415445,0.0,-0.056295082960023335,True,,KI,C20,3,d28,Plate1,/Users/pmihack/claire/tmem_2026/data/cleaved_tmem_pld3_260821/d28/Z60_PLD_TMEMki/PLD3TMEM106B_Plate1_d28_TMEM561LAMP1640MAP2488DAPI405_C20_F3.nd2,16
9,17052,2,0.002228477597935726,0.22161599999999998,167.9951934814453,2864654.0,12.545411331910413,0.0,0.12214631494521845,True,,KI,C20,3,d28,Plate1,/Users/pmihack/claire/tmem_2026/data/cleaved_tmem_pld3_260821/d28/Z60_PLD_TMEMki/PLD3TMEM106B_Plate1_d28_TMEM561LAMP1640MAP2488DAPI405_C20_F3.nd2,16
10,25772,4,0.007721558280304206,0.5802839999999999,121.11648559570312,3121414.0,5.814956949136083,0.0,0.7054499458385013,True,,KI,C20,3,d28,Plate1,/Users/pmihack/claire/tmem_2026/data/cleaved_tmem_pld3_260821/d28/Z60_PLD_TMEMki/PLD3TMEM106B_Plate1_d28_TMEM561LAMP1640MAP2488DAPI405_C20_F3.nd2,16
11,21425,0,0.0,0.0,209.67323303222656,4492249.0,,0.0,-0.053318813136101366,True,,KI,C20,3,d28,Plate1,/Users/pmihack/claire/tmem_2026/data/cleaved_tmem_pld3_260821/d28/Z60_PLD_TMEMki/PLD3TMEM106B_Plate1_d28_TMEM561LAMP1640MAP2488DAPI405_C20_F3.nd2,16
12,14750,3,0.0014915254237288136,0.08553599999999999,220.43450927734375,3251409.0,15.114910017353363,0.00136863742955029,0.1996165076976669,True,,KI,C20,3,d28,Plate1,/Users/pmihack/claire/tmem_2026/data/cleaved_tmem_pld3_260821/d28/Z60_PLD_TMEMki/PLD3TMEM106B_Plate1_d28_TMEM561LAMP1640MAP2488DAPI405_C20_F3.nd2,16
13,749,0,0.0,0.0,96.63551330566406,72380.0,,0.0,-0.03913295279466459,False,size_outlier,KI,C20,3,d28,Plate1,/Users/pmihack/claire/tmem_2026/data/cleaved_tmem_pld3_260821/d28/Z60_PLD_TMEMki/PLD3TMEM106B_Plate1_d28_TMEM561LAMP1640MAP2488DAPI405_C20_F3.nd2,16
14,1110,0,0.0,0.0,44.03963851928711,48884.0,,0.0,-0.11815346360449931,False,size_outlier,KI,C20,3,d28,Plate1,/Users/pmihack/claire/tmem_2026/data/cleaved_tmem_pld3_260821/d28/Z60_PLD_TMEMki/PLD3TMEM106B_Plate1_d28_TMEM561LAMP1640MAP2488DAPI405_C20_F3.nd2,16
15,763,0,0.0,0.0,134.07733154296875,102301.0,,0.0,-0.057785300447676526,False,size_outlier,KI,C20,3,d28,Plate1,/Users/pmihack/claire/tmem_2026/data/cleaved_tmem_pld3_260821/d28/Z60_PLD_TMEMki/PLD3TMEM106B_Plate1_d28_TMEM561LAMP1640MAP2488DAPI405_C20_F3.nd2,16
1,1952,0,0.0,0.0,56.18954849243164,109682.0,,0.0,-0.013464274258472549,False,size_outlier,KI,C20,4,d28,Plate1,/Users/pmihack/claire/tmem_2026/data/cleaved_tmem_pld3_260821/d28/Z60_PLD_TMEMki/PLD3TMEM106B_Plate1_d28_TMEM561LAMP1640MAP2488DAPI405_C20_F4.nd2,11
2,2806,0,0.0,0.0,140.70420837402344,394816.0,,0.0,0.005014026785408293,True,,KI,C20,4,d28,Plate1,/Users/pmihack/claire/tmem_2026/data/cleaved_tmem_pld3_260821/d28/Z60_PLD_TMEMki/PLD3TMEM106B_Plate1_d28_TMEM561LAMP1640MAP2488DAPI405_C20_F4.nd2,11
3,15956,0,0.0,0.0,23.38236427307129,373089.0,,0.0,0.1811006700999843,True,,KI,C20,4,d28,Plate1,/Users/pmihack/claire/tmem_2026/data/cleaved_tmem_pld3_260821/d28/Z60_PLD_TMEMki/PLD3TMEM106B_Plate1_d28_TMEM561LAMP1640MAP2488DAPI405_C20_F4.nd2,11
4,24083,1,0.00020761533031599054,0.05832,135.98130798339844,3274838.0,15.367052676538108,0.0005731581477448344,-0.0027536159404150497,True,,KI,C20,4,d28,Plate1,/Users/pmihack/claire/tmem_2026/data/cleaved_tmem_pld3_260821/d28/Z60_PLD_TMEMki/PLD3TMEM106B_Plate1_d28_TMEM561LAMP1640MAP2488DAPI405_C20_F4.nd2,11
5,13893,1,0.00021593608291945585,0.034991999999999995,71.12905883789062,988196.0,11.831541981938742,0.00047156636719591916,0.09417058671615237,True,,KI,C20,4,d28,Plate1,/Users/pmihack/claire/tmem_2026/data/cleaved_tmem_pld3_260821/d28/Z60_PLD_TMEMki/PLD3TMEM106B_Plate1_d28_TMEM561LAMP1640MAP2488DAPI405_C20_F4.nd2,11
6,20175,7,0.004956629491945477,0.16662857142857143,191.2181854248047,3857827.0,1.2426286642322328,0.0,0.12460776556195492,True,,KI,C20,4,d28,Plate1,/Users/pmihack/claire/tmem_2026/data/cleaved_tmem_pld3_260821/d28/Z60_PLD_TMEMki/PLD3TMEM106B_Plate1_d28_TMEM561LAMP1640MAP2488DAPI405_C20_F4.nd2,11
1,9925,0,0.0,0.0,775.2915649414062,7694769.0,,0.0,0.2958721040922787,True,,KI,D20,1,d28,Plate1,/Users/pmihack/claire/tmem_2026/data/cleaved_tmem_pld3_260821/d28/Z60_PLD_TMEMki/PLD3TMEM106B_Plate1_d28_TMEM561LAMP1640MAP2488DAPI405_D20_F1.nd2,17
2,15739,0,0.0,0.0,27.736068725585938,436538.0,,0.0,0.023065791081643815,True,,KI,D20,1,d28,Plate1,/Users/pmihack/claire/tmem_2026/data/cleaved_tmem_pld3_260821/d28/Z60_PLD_TMEMki/PLD3TMEM106B_Plate1_d28_TMEM561LAMP1640MAP2488DAPI405_D20_F1.nd2,17
3,13975,6,0.004364937388193203,0.11858399999999998,437.19049072265625,6109737.0,5.304214862629992,0.023292165249586105,0.07633645282905833,True,,KI,D20,1,d28,Plate1,/Users/pmihack/claire/tmem_2026/data/cleaved_tmem_pld3_260821/d28/Z60_PLD_TMEMki/PLD3TMEM106B_Plate1_d28_TMEM561LAMP1640MAP2488DAPI405_D20_F1.nd2,17
4,6828,2,0.005565319273579379,0.22161599999999998,292.9216613769531,2000069.0,0.46152185057155626,0.0,0.04862485959704795,True,,KI,D20,1,d28,Plate1,/Users/pmihack/claire/tmem_2026/data/cleaved_tmem_pld3_260821/d28/Z60_PLD_TMEMki/PLD3TMEM106B_Plate1_d28_TMEM561LAMP1640MAP2488DAPI405_D20_F1.nd2,17
5,8294,0,0.0,0.0,368.28045654296875,3054518.0,,2.0297800801927224e-05,-0.04107161192421897,True,,KI,D20,1,d28,Plate1,/Users/pmihack/claire/tmem_2026/data/cleaved_tmem_pld3_260821/d28/Z60_PLD_TMEMki/PLD3TMEM106B_Plate1_d28_TMEM561LAMP1640MAP2488DAPI405_D20_F1.nd2,17
6,10504,0,0.0,0.0,256.7958068847656,2697383.0,,0.0,-0.07216406650839084,True,,KI,D20,1,d28,Plate1,/Users/pmihack/claire/tmem_2026/data/cleaved_tmem_pld3_260821/d28/Z60_PLD_TMEMki/PLD3TMEM106B_Plate1_d28_TMEM561LAMP1640MAP2488DAPI405_D20_F1.nd2,17
7,16617,0,0.0,0.0,247.95950317382812,4120343.0,,0.0,0.0046382639819275585,True,,KI,D20,1,d28,Plate1,/Users/pmihack/claire/tmem_2026/data/cleaved_tmem_pld3_260821/d28/Z60_PLD_TMEMki/PLD3TMEM106B_Plate1_d28_TMEM561LAMP1640MAP2488DAPI405_D20_F1.nd2,17
8,6347,0,0.0,0.0,158.63006591796875,1006825.0,,0.0,-0.01701670460051204,True,,KI,D20,1,d28,Plate1,/Users/pmihack/claire/tmem_2026/data/cleaved_tmem_pld3_260821/d28/Z60_PLD_TMEMki/PLD3TMEM106B_Plate1_d28_TMEM561LAMP1640MAP2488DAPI405_D20_F1.nd2,17
9,21309,2,0.0016424984748228447,0.20412,386.0857238769531,8227101.0,1.641566216646119,0.028718743473291397,0.337636218291008,True,,KI,D20,1,d28,Plate1,/Users/pmihack/claire/tmem_2026/data/cleaved_tmem_pld3_260821/d28/Z60_PLD_TMEMki/PLD3TMEM106B_Plate1_d28_TMEM561LAMP1640MAP2488DAPI405_D20_F1.nd2,17
10,13580,19,0.03895434462444772,0.32475031578947366,1402.5194091796875,19046214.0,12.827898801570631,0.0,0.13872897702115725,True,,KI,D20,1,d28,Plate1,/Users/pmihack/claire/tmem_2026/data/cleaved_tmem_pld3_260821/d28/Z60_PLD_TMEMki/PLD3TMEM106B_Plate1_d28_TMEM561LAMP1640MAP2488DAPI405_D20_F1.nd2,17
11,5443,0,0.0,0.0,43.05107498168945,234327.0,,0.0,0.06360764165968565,False,abnormal_nucleus,KI,D20,1,d28,Plate1,/Users/pmihack/claire/tmem_2026/data/cleaved_tmem_pld3_260821/d28/Z60_PLD_TMEMki/PLD3TMEM106B_Plate1_d28_TMEM561LAMP1640MAP2488DAPI405_D20_F1.nd2,17
12,8289,0,0.0,0.0,507.3852233886719,4205716.0,,0.0,0.04170313239661701,True,,KI,D20,1,d28,Plate1,/Users/pmihack/claire/tmem_2026/data/cleaved_tmem_pld3_260821/d28/Z60_PLD_TMEMki/PLD3TMEM106B_Plate1_d28_TMEM561LAMP1640MAP2488DAPI405_D20_F1.nd2,17
13,12037,6,0.0051507850793387055,0.120528,818.8519287109375,9856521.0,3.7208545116211003,0.00012600794434547424,0.019621272995803244,True,,KI,D20,1,d28,Plate1,/Users/pmihack/claire/tmem_2026/data/cleaved_tmem_pld3_260821/d28/Z60_PLD_TMEMki/PLD3TMEM106B_Plate1_d28_TMEM561LAMP1640MAP2488DAPI405_D20_F1.nd2,17
14,2338,1,0.0012831479897348161,0.034991999999999995,810.1176147460938,1894055.0,26.31866534332836,0.0,0.2989941448649102,True,,KI,D20,1,d28,Plate1,/Users/pmihack/claire/tmem_2026/data/cleaved_tmem_pld3_260821/d28/Z60_PLD_TMEMki/PLD3TMEM106B_Plate1_d28_TMEM561LAMP1640MAP2488DAPI405_D20_F1.nd2,17
15,1894,0,0.0,0.0,108.22016906738281,204969.0,,0.0,-0.023279889640355225,False,size_outlier,KI,D20,1,d28,Plate1,/Users/pmihack/claire/tmem_2026/data/cleaved_tmem_pld3_260821/d28/Z60_PLD_TMEMki/PLD3TMEM106B_Plate1_d28_TMEM561LAMP1640MAP2488DAPI405_D20_F1.nd2,17
16,4165,0,0.0,0.0,266.9920654296875,1112022.0,,0.0021879062987864017,-0.07138097629000455,True,,KI,D20,1,d28,Plate1,/Users/pmihack/claire/tmem_2026/data/cleaved_tmem_pld3_260821/d28/Z60_PLD_TMEMki/PLD3TMEM106B_Plate1_d28_TMEM561LAMP1640MAP2488DAPI405_D20_F1.nd2,17
1,15265,0,0.0,0.0,54.90055847167969,838057.0,,0.010593551211059093,0.17091066654719228,True,,KI,D20,2,d28,Plate1,/Users/pmihack/claire/tmem_2026/data/cleaved_tmem_pld3_260821/d28/Z60_PLD_TMEMki/PLD3TMEM106B_Plate1_d28_TMEM561LAMP1640MAP2488DAPI405_D20_F2.nd2,12
2,14632,0,0.0,0.0,53.15459442138672,777758.0,,0.00021343400294426829,-0.006767669720730516,True,,KI,D20,2,d28,Plate1,/Users/pmihack/claire/tmem_2026/data/cleaved_tmem_pld3_260821/d28/Z60_PLD_TMEMki/PLD3TMEM106B_Plate1_d28_TMEM561LAMP1640MAP2488DAPI405_D20_F2.nd2,12
3,2934,0,0.0,0.0,24.945125579833984,73189.0,,0.00019128558051306754,-0.03458720053659556,True,,KI,D20,2,d28,Plate1,/Users/pmihack/claire/tmem_2026/data/cleaved_tmem_pld3_260821/d28/Z60_PLD_TMEMki/PLD3TMEM106B_Plate1_d28_TMEM561LAMP1640MAP2488DAPI405_D20_F2.nd2,12
4,8041,0,0.0,0.0,107.70800018310547,866080.0,,0.0,0.03418870953367298,True,,KI,D20,2,d28,Plate1,/Users/pmihack/claire/tmem_2026/data/cleaved_tmem_pld3_260821/d28/Z60_PLD_TMEMki/PLD3TMEM106B_Plate1_d28_TMEM561LAMP1640MAP2488DAPI405_D20_F2.nd2,12
5,20048,3,0.0012470071827613727,0.0972,135.92318725585938,2724988.0,18.76423442501745,0.0,0.09099855387017958,False,abnormal_nucleus,KI,D20,2,d28,Plate1,/Users/pmihack/claire/tmem_2026/data/cleaved_tmem_pld3_260821/d28/Z60_PLD_TMEMki/PLD3TMEM106B_Plate1_d28_TMEM561LAMP1640MAP2488DAPI405_D20_F2.nd2,12
6,15727,0,0.0,0.0,69.9842300415039,1100642.0,,0.0006950488896109164,0.009274410367686978,True,,KI,D20,2,d28,Plate1,/Users/pmihack/claire/tmem_2026/data/cleaved_tmem_pld3_260821/d28/Z60_PLD_TMEMki/PLD3TMEM106B_Plate1_d28_TMEM561LAMP1640MAP2488DAPI405_D20_F2.nd2,12
7,13319,1,0.0006757264058863278,0.10497599999999999,153.28268432617188,2041572.0,0.5332633993485996,0.002967321313917637,0.08706591969793259,True,,KI,D20,2,d28,Plate1,/Users/pmihack/claire/tmem_2026/data/cleaved_tmem_pld3_260821/d28/Z60_PLD_TMEMki/PLD3TMEM106B_Plate1_d28_TMEM561LAMP1640MAP2488DAPI405_D20_F2.nd2,12
8,15086,0,0.0,0.0,58.6681022644043,885067.0,,0.03134565055370331,0.09110884746558696,True,,KI,D20,2,d28,Plate1,/Users/pmihack/claire/tmem_2026/data/cleaved_tmem_pld3_260821/d28/Z60_PLD_TMEMki/PLD3TMEM106B_Plate1_d28_TMEM561LAMP1640MAP2488DAPI405_D20_F2.nd2,12
9,9013,0,0.0,0.0,77.4289321899414,697867.0,,0.020581286400556564,0.1611177994670484,True,,KI,D20,2,d28,Plate1,/Users/pmihack/claire/tmem_2026/data/cleaved_tmem_pld3_260821/d28/Z60_PLD_TMEMki/PLD3TMEM106B_Plate1_d28_TMEM561LAMP1640MAP2488DAPI405_D20_F2.nd2,12
10,19821,5,0.002875737853791433,0.1329696,254.89434814453125,5052261.0,0.6618626279830331,0.0022629471495747566,0.2526470954499162,True,,KI,D20,2,d28,Plate1,/Users/pmihack/claire/tmem_2026/data/cleaved_tmem_pld3_260821/d28/Z60_PLD_TMEMki/PLD3TMEM106B_Plate1_d28_TMEM561LAMP1640MAP2488DAPI405_D20_F2.nd2,12
11,13119,0,0.0,0.0,42.211143493652344,553768.0,,0.015414397232234478,0.12262677785698989,True,,KI,D20,2,d28,Plate1,/Users/pmihack/claire/tmem_2026/data/cleaved_tmem_pld3_260821/d28/Z60_PLD_TMEMki/PLD3TMEM106B_Plate1_d28_TMEM561LAMP1640MAP2488DAPI405_D20_F2.nd2,12
12,8592,0,0.0,0.0,37.47066879272461,321948.0,,0.00451315101236105,0.013595250224952376,True,,KI,D20,2,d28,Plate1,/Users/pmihack/claire/tmem_2026/data/cleaved_tmem_pld3_260821/d28/Z60_PLD_TMEMki/PLD3TMEM106B_Plate1_d28_TMEM561LAMP1640MAP2488DAPI405_D20_F2.nd2,12
13,10369,0,0.0,0.0,117.3274154663086,1216568.0,,0.0,0.032467569606629734,True,,KI,D20,2,d28,Plate1,/Users/pmihack/claire/tmem_2026/data/cleaved_tmem_pld3_260821/d28/Z60_PLD_TMEMki/PLD3TMEM106B_Plate1_d28_TMEM561LAMP1640MAP2488DAPI405_D20_F2.nd2,12
14,4257,0,0.0,0.0,143.96875,612875.0,,0.0,-0.048639274060567055,True,,KI,D20,2,d28,Plate1,/Users/pmihack/claire/tmem_2026/data/cleaved_tmem_pld3_260821/d28/Z60_PLD_TMEMki/PLD3TMEM106B_Plate1_d28_TMEM561LAMP1640MAP2488DAPI405_D20_F2.nd2,12
1,13566,0,0.0,0.0,40.56686019897461,550330.0,,0.0,0.008062265397792348,True,,KI,D20,3,d28,Plate1,/Users/pmihack/claire/tmem_2026/data/cleaved_tmem_pld3_260821/d28/Z60_PLD_TMEMki/PLD3TMEM106B_Plate1_d28_TMEM561LAMP1640MAP2488DAPI405_D20_F3.nd2,13
2,15647,0,0.0,0.0,522.20751953125,8170981.0,,0.0,0.032579165731297766,True,,KI,D20,3,d28,Plate1,/Users/pmihack/claire/tmem_2026/data/cleaved_tmem_pld3_260821/d28/Z60_PLD_TMEMki/PLD3TMEM106B_Plate1_d28_TMEM561LAMP1640MAP2488DAPI405_D20_F3.nd2,13
3,12805,0,0.0,0.0,34.80546569824219,445684.0,,0.0,-0.012592445654190423,True,,KI,D20,3,d28,Plate1,/Users/pmihack/claire/tmem_2026/data/cleaved_tmem_pld3_260821/d28/Z60_PLD_TMEMki/PLD3TMEM106B_Plate1_d28_TMEM561LAMP1640MAP2488DAPI405_D20_F3.nd2,13
4,17884,0,0.0,0.0,99.45985412597656,1778740.0,,0.0,0.22243396481165598,True,,KI,D20,3,d28,Plate1,/Users/pmihack/claire/tmem_2026/data/cleaved_tmem_pld3_260821/d28/Z60_PLD_TMEMki/PLD3TMEM106B_Plate1_d28_TMEM561LAMP1640MAP2488DAPI405_D20_F3.nd2,13
5,18899,0,0.0,0.0,37.52008056640625,709092.0,,0.01830510050058365,0.37882584112153195,True,,KI,D20,3,d28,Plate1,/Users/pmihack/claire/tmem_2026/data/cleaved_tmem_pld3_260821/d28/Z60_PLD_TMEMki/PLD3TMEM106B_Plate1_d28_TMEM561LAMP1640MAP2488DAPI405_D20_F3.nd2,13
6,16452,0,0.0,0.0,97.18648529052734,1598912.0,,0.0,0.13720509824687993,False,abnormal_nucleus,KI,D20,3,d28,Plate1,/Users/pmihack/claire/tmem_2026/data/cleaved_tmem_pld3_260821/d28/Z60_PLD_TMEMki/PLD3TMEM106B_Plate1_d28_TMEM561LAMP1640MAP2488DAPI405_D20_F3.nd2,13
7,13397,0,0.0,0.0,73.61834716796875,986265.0,,0.0004299047286622226,0.02448745207378964,True,,KI,D20,3,d28,Plate1,/Users/pmihack/claire/tmem_2026/data/cleaved_tmem_pld3_260821/d28/Z60_PLD_TMEMki/PLD3TMEM106B_Plate1_d28_TMEM561LAMP1640MAP2488DAPI405_D20_F3.nd2,13
8,8103,0,0.0,0.0,78.07022094726562,632603.0,,0.00020233858958818018,0.15863522748848355,True,,KI,D20,3,d28,Plate1,/Users/pmihack/claire/tmem_2026/data/cleaved_tmem_pld3_260821/d28/Z60_PLD_TMEMki/PLD3TMEM106B_Plate1_d28_TMEM561LAMP1640MAP2488DAPI405_D20_F3.nd2,13
9,8550,0,0.0,0.0,76.57929992675781,654753.0,,0.0,-0.022311804863895696,True,,KI,D20,3,d28,Plate1,/Users/pmihack/claire/tmem_2026/data/cleaved_tmem_pld3_260821/d28/Z60_PLD_TMEMki/PLD3TMEM106B_Plate1_d28_TMEM561LAMP1640MAP2488DAPI405_D20_F3.nd2,13
10,2962,0,0.0,0.0,200.67555236816406,594401.0,,0.06450863927602768,0.7562629745835631,True,,KI,D20,3,d28,Plate1,/Users/pmihack/claire/tmem_2026/data/cleaved_tmem_pld3_260821/d28/Z60_PLD_TMEMki/PLD3TMEM106B_Plate1_d28_TMEM561LAMP1640MAP2488DAPI405_D20_F3.nd2,13
11,6174,0,0.0,0.0,184.6005859375,1139724.0,,0.2580607235431671,0.7249059700596792,False,abnormal_nucleus,KI,D20,3,d28,Plate1,/Users/pmihack/claire/tmem_2026/data/cleaved_tmem_pld3_260821/d28/Z60_PLD_TMEMki/PLD3TMEM106B_Plate1_d28_TMEM561LAMP1640MAP2488DAPI405_D20_F3.nd2,13
12,26323,1,0.00045587509022527827,0.13996799999999998,307.5016784667969,8094367.0,10.865422583651057,0.0,0.2451478288284697,True,,KI,D20,3,d28,Plate1,/Users/pmihack/claire/tmem_2026/data/cleaved_tmem_pld3_260821/d28/Z60_PLD_TMEMki/PLD3TMEM106B_Plate1_d28_TMEM561LAMP1640MAP2488DAPI405_D20_F3.nd2,13
13,6680,0,0.0,0.0,132.38442993164062,884328.0,,0.0038334191776812077,0.1344817523706911,True,,KI,D20,3,d28,Plate1,/Users/pmihack/claire/tmem_2026/data/cleaved_tmem_pld3_260821/d28/Z60_PLD_TMEMki/PLD3TMEM106B_Plate1_d28_TMEM561LAMP1640MAP2488DAPI405_D20_F3.nd2,13
14,2819,0,0.0,0.0,21.93543815612793,61836.0,,0.0,0.15861614580486008,True,,KI,D20,3,d28,Plate1,/Users/pmihack/claire/tmem_2026/data/cleaved_tmem_pld3_260821/d28/Z60_PLD_TMEMki/PLD3TMEM106B_Plate1_d28_TMEM561LAMP1640MAP2488DAPI405_D20_F3.nd2,13
15,3161,0,0.0,0.0,12.704524040222168,40159.0,,0.0,0.13999376667657548,True,,KI,D20,3,d28,Plate1,/Users/pmihack/claire/tmem_2026/data/cleaved_tmem_pld3_260821/d28/Z60_PLD_TMEMki/PLD3TMEM106B_Plate1_d28_TMEM561LAMP1640MAP2488DAPI405_D20_F3.nd2,13
16,3115,0,0.0,0.0,186.20449829101562,580027.0,,0.0,0.5382231829556327,True,,KI,D20,3,d28,Plate1,/Users/pmihack/claire/tmem_2026/data/cleaved_tmem_pld3_260821/d28/Z60_PLD_TMEMki/PLD3TMEM106B_Plate1_d28_TMEM561LAMP1640MAP2488DAPI405_D20_F3.nd2,13
1,17872,8,0.009847806624888093,0.256608,818.9405517578125,14636106.0,6.194152878086389,0.0,-0.02707062760080367,True,,KI,D20,4,d28,Plate1,/Users/pmihack/claire/tmem_2026/data/cleaved_tmem_pld3_260821/d28/Z60_PLD_TMEMki/PLD3TMEM106B_Plate1_d28_TMEM561LAMP1640MAP2488DAPI405_D20_F4.nd2,15
2,18925,0,0.0,0.0,248.66419982910156,4705970.0,,0.0012516017304733396,0.025733448835523757,False,abnormal_nucleus,KI,D20,4,d28,Plate1,/Users/pmihack/claire/tmem_2026/data/cleaved_tmem_pld3_260821/d28/Z60_PLD_TMEMki/PLD3TMEM106B_Plate1_d28_TMEM561LAMP1640MAP2488DAPI405_D20_F4.nd2,15
3,3151,0,0.0,0.0,76.52523040771484,241131.0,,0.0,0.32278306714849553,True,,KI,D20,4,d28,Plate1,/Users/pmihack/claire/tmem_2026/data/cleaved_tmem_pld3_260821/d28/Z60_PLD_TMEMki/PLD3TMEM106B_Plate1_d28_TMEM561LAMP1640MAP2488DAPI405_D20_F4.nd2,15
4,3904,2,0.003329918032786885,0.075816,276.453125,1079273.0,40.264311806903486,0.003560730256140232,0.17799089982247043,True,,KI,D20,4,d28,Plate1,/Users/pmihack/claire/tmem_2026/data/cleaved_tmem_pld3_260821/d28/Z60_PLD_TMEMki/PLD3TMEM106B_Plate1_d28_TMEM561LAMP1640MAP2488DAPI405_D20_F4.nd2,15
5,22701,1,0.0001321527686005022,0.034991999999999995,157.40341186523438,3573215.0,24.03501458165435,0.0,0.031003831393826585,True,,KI,D20,4,d28,Plate1,/Users/pmihack/claire/tmem_2026/data/cleaved_tmem_pld3_260821/d28/Z60_PLD_TMEMki/PLD3TMEM106B_Plate1_d28_TMEM561LAMP1640MAP2488DAPI405_D20_F4.nd2,15
6,13291,0,0.0,0.0,351.53546142578125,4672258.0,,0.0,-0.07229106512841954,False,abnormal_nucleus,KI,D20,4,d28,Plate1,/Users/pmihack/claire/tmem_2026/data/cleaved_tmem_pld3_260821/d28/Z60_PLD_TMEMki/PLD3TMEM106B_Plate1_d28_TMEM561LAMP1640MAP2488DAPI405_D20_F4.nd2,15
7,8399,4,0.008096201928801047,0.198288,768.2001342773438,6452113.0,20.82702773893062,0.02260887250304222,0.05254585547646477,False,abnormal_nucleus,KI,D20,4,d28,Plate1,/Users/pmihack/claire/tmem_2026/data/cleaved_tmem_pld3_260821/d28/Z60_PLD_TMEMki/PLD3TMEM106B_Plate1_d28_TMEM561LAMP1640MAP2488DAPI405_D20_F4.nd2,15
8,9303,0,0.0,0.0,898.017822265625,8354260.0,,0.0,0.13577086797957275,False,abnormal_nucleus,KI,D20,4,d28,Plate1,/Users/pmihack/claire/tmem_2026/data/cleaved_tmem_pld3_260821/d28/Z60_PLD_TMEMki/PLD3TMEM106B_Plate1_d28_TMEM561LAMP1640MAP2488DAPI405_D20_F4.nd2,15
9,18892,4,0.0018526360364175313,0.10206,1064.659912109375,20113556.0,17.956562060842924,0.0,0.26491111608048135,False,abnormal_nucleus,KI,D20,4,d28,Plate1,/Users/pmihack/claire/tmem_2026/data/cleaved_tmem_pld3_260821/d28/Z60_PLD_TMEMki/PLD3TMEM106B_Plate1_d28_TMEM561LAMP1640MAP2488DAPI405_D20_F4.nd2,15
10,11995,0,0.0,0.0,365.13580322265625,4379804.0,,0.0,0.06966913453360803,True,,KI,D20,4,d28,Plate1,/Users/pmihack/claire/tmem_2026/data/cleaved_tmem_pld3_260821/d28/Z60_PLD_TMEMki/PLD3TMEM106B_Plate1_d28_TMEM561LAMP1640MAP2488DAPI405_D20_F4.nd2,15
1,7722,0,0.0,0.0,440.24993896484375,3399610.0,,0.0,0.12821189504687563,True,,KI,E20,1,d28,Plate1,/Users/pmihack/claire/tmem_2026/data/cleaved_tmem_pld3_260821/d28/Z60_PLD_TMEMki/PLD3TMEM106B_Plate1_d28_TMEM561LAMP1640MAP2488DAPI405_E20_F1.nd2,12
2,4063,0,0.0,0.0,110.24415588378906,447922.0,,0.0006340389372780919,-0.021172260990778454,False,abnormal_nucleus,KI,E20,1,d28,Plate1,/Users/pmihack/claire/tmem_2026/data/cleaved_tmem_pld3_260821/d28/Z60_PLD_TMEMki/PLD3TMEM106B_Plate1_d28_TMEM561LAMP1640MAP2488DAPI405_E20_F1.nd2,12
3,5155,0,0.0,0.0,60.531524658203125,312040.0,,0.0,0.16817155777470494,True,,KI,E20,1,d28,Plate1,/Users/pmihack/claire/tmem_2026/data/cleaved_tmem_pld3_260821/d28/Z60_PLD_TMEMki/PLD3TMEM106B_Plate1_d28_TMEM561LAMP1640MAP2488DAPI405_E20_F1.nd2,12
4,13111,0,0.0,0.0,153.95164489746094,2018460.0,,0.0,0.26138234878056443,True,,KI,E20,1,d28,Plate1,/Users/pmihack/claire/tmem_2026/data/cleaved_tmem_pld3_260821/d28/Z60_PLD_TMEMki/PLD3TMEM106B_Plate1_d28_TMEM561LAMP1640MAP2488DAPI405_E20_F1.nd2,12
5,11413,11,0.038026811530710594,0.46019781818181815,462.250244140625,5275662.0,0.8397129038037261,0.005945414770394564,0.07345938494938394,True,,KI,E20,1,d28,Plate1,/Users/pmihack/claire/tmem_2026/data/cleaved_tmem_pld3_260821/d28/Z60_PLD_TMEMki/PLD3TMEM106B_Plate1_d28_TMEM561LAMP1640MAP2488DAPI405_E20_F1.nd2,12
6,11706,0,0.0,0.0,140.24713134765625,1641733.0,,0.00023938118829391897,0.009530608737884425,True,,KI,E20,1,d28,Plate1,/Users/pmihack/claire/tmem_2026/data/cleaved_tmem_pld3_260821/d28/Z60_PLD_TMEMki/PLD3TMEM106B_Plate1_d28_TMEM561LAMP1640MAP2488DAPI405_E20_F1.nd2,12
7,12068,8,0.12678157109711635,2.23074,857.1990356445312,10344678.0,0.7698492079628837,0.0,0.22477585446718057,True,,KI,E20,1,d28,Plate1,/Users/pmihack/claire/tmem_2026/data/cleaved_tmem_pld3_260821/d28/Z60_PLD_TMEMki/PLD3TMEM106B_Plate1_d28_TMEM561LAMP1640MAP2488DAPI405_E20_F1.nd2,12
8,9674,5,0.009923506305561299,0.22394879999999998,308.9806823730469,2989079.0,0.5592615424986962,0.002647303743287921,0.463207400076408,True,,KI,E20,1,d28,Plate1,/Users/pmihack/claire/tmem_2026/data/cleaved_tmem_pld3_260821/d28/Z60_PLD_TMEMki/PLD3TMEM106B_Plate1_d28_TMEM561LAMP1640MAP2488DAPI405_E20_F1.nd2,12
9,4051,0,0.0,0.0,275.9656982421875,1117937.0,,0.0,0.18242469380980114,True,,KI,E20,1,d28,Plate1,/Users/pmihack/claire/tmem_2026/data/cleaved_tmem_pld3_260821/d28/Z60_PLD_TMEMki/PLD3TMEM106B_Plate1_d28_TMEM561LAMP1640MAP2488DAPI405_E20_F1.nd2,12
10,10060,13,0.014612326043737574,0.13189292307692307,384.5356750488281,3868429.0,0.9248963676455797,0.0,-0.03414998969605962,True,,KI,E20,1,d28,Plate1,/Users/pmihack/claire/tmem_2026/data/cleaved_tmem_pld3_260821/d28/Z60_PLD_TMEMki/PLD3TMEM106B_Plate1_d28_TMEM561LAMP1640MAP2488DAPI405_E20_F1.nd2,12
11,8398,12,0.053941414622529174,0.440316,501.0039367675781,4207431.0,15.468570991787074,0.0862414613366127,0.46172570885000347,False,abnormal_nucleus,KI,E20,1,d28,Plate1,/Users/pmihack/claire/tmem_2026/data/cleaved_tmem_pld3_260821/d28/Z60_PLD_TMEMki/PLD3TMEM106B_Plate1_d28_TMEM561LAMP1640MAP2488DAPI405_E20_F1.nd2,12
12,10806,0,0.0,0.0,124.7933578491211,1348517.0,,0.0013192269252613187,0.014002203970343984,True,,KI,E20,1,d28,Plate1,/Users/pmihack/claire/tmem_2026/data/cleaved_tmem_pld3_260821/d28/Z60_PLD_TMEMki/PLD3TMEM106B_Plate1_d28_TMEM561LAMP1640MAP2488DAPI405_E20_F1.nd2,12
1,16491,13,0.03183554666181554,0.47104615384615384,440.5107116699219,7264462.0,1.021958457046795,0.0,-0.0015698567673426299,True,,KI,E20,2,d28,Plate1,/Users/pmihack/claire/tmem_2026/data/cleaved_tmem_pld3_260821/d28/Z60_PLD_TMEMki/PLD3TMEM106B_Plate1_d28_TMEM561LAMP1640MAP2488DAPI405_E20_F2.nd2,14
2,12438,4,0.12936163370316772,4.691844,572.7963256835938,7124441.0,0.9136970325928325,0.0,0.18131082721611222,False,border,KI,E20,2,d28,Plate1,/Users/pmihack/claire/tmem_2026/data/cleaved_tmem_pld3_260821/d28/Z60_PLD_TMEMki/PLD3TMEM106B_Plate1_d28_TMEM561LAMP1640MAP2488DAPI405_E20_F2.nd2,14
3,11748,19,0.13976847122914537,1.0080151578947367,847.8638916015625,9960705.0,1.0983581239382012,0.0032651303336024284,0.023512010413022186,True,,KI,E20,2,d28,Plate1,/Users/pmihack/claire/tmem_2026/data/cleaved_tmem_pld3_260821/d28/Z60_PLD_TMEMki/PLD3TMEM106B_Plate1_d28_TMEM561LAMP1640MAP2488DAPI405_E20_F2.nd2,14
4,17204,17,0.1319460590560335,1.5574870588235292,767.3575439453125,13201619.0,17.619623124674742,0.00010680508421501145,0.1316913312703643,True,,KI,E20,2,d28,Plate1,/Users/pmihack/claire/tmem_2026/data/cleaved_tmem_pld3_260821/d28/Z60_PLD_TMEMki/PLD3TMEM106B_Plate1_d28_TMEM561LAMP1640MAP2488DAPI405_E20_F2.nd2,14
5,12727,10,0.5928341321599748,8.800488,2471.386474609375,31453336.0,22.898498972988037,0.0,0.10012709277967353,True,,KI,E20,2,d28,Plate1,/Users/pmihack/claire/tmem_2026/data/cleaved_tmem_pld3_260821/d28/Z60_PLD_TMEMki/PLD3TMEM106B_Plate1_d28_TMEM561LAMP1640MAP2488DAPI405_E20_F2.nd2,14
6,10444,14,0.4221562619685944,3.673326857142857,1960.6187744140625,20476702.0,10.675763122797441,0.02122480422258377,0.14797417551461878,True,,KI,E20,2,d28,Plate1,/Users/pmihack/claire/tmem_2026/data/cleaved_tmem_pld3_260821/d28/Z60_PLD_TMEMki/PLD3TMEM106B_Plate1_d28_TMEM561LAMP1640MAP2488DAPI405_E20_F2.nd2,14
7,11626,17,0.1501806296232582,1.1979614117647057,908.6258544921875,10563684.0,6.753211080027696,0.0,0.09720281353148197,True,,KI,E20,2,d28,Plate1,/Users/pmihack/claire/tmem_2026/data/cleaved_tmem_pld3_260821/d28/Z60_PLD_TMEMki/PLD3TMEM106B_Plate1_d28_TMEM561LAMP1640MAP2488DAPI405_E20_F2.nd2,14
8,16650,20,0.2533933933933934,2.4605208,1289.26220703125,21466216.0,3.936055263514393,0.0029196576215326786,0.04253635960318492,True,,KI,E20,2,d28,Plate1,/Users/pmihack/claire/tmem_2026/data/cleaved_tmem_pld3_260821/d28/Z60_PLD_TMEMki/PLD3TMEM106B_Plate1_d28_TMEM561LAMP1640MAP2488DAPI405_E20_F2.nd2,14
9,15170,11,0.2787738958470666,4.484277818181818,1246.051025390625,18902594.0,13.41206410765379,4.8723471991252154e-05,0.5518748580906656,True,,KI,E20,2,d28,Plate1,/Users/pmihack/claire/tmem_2026/data/cleaved_tmem_pld3_260821/d28/Z60_PLD_TMEMki/PLD3TMEM106B_Plate1_d28_TMEM561LAMP1640MAP2488DAPI405_E20_F2.nd2,14
10,14551,16,0.2896020892034912,3.0720059999999996,1318.2041015625,19181188.0,2.8520043417359244,4.911061841994524e-05,0.5741609993170588,True,,KI,E20,2,d28,Plate1,/Users/pmihack/claire/tmem_2026/data/cleaved_tmem_pld3_260821/d28/Z60_PLD_TMEMki/PLD3TMEM106B_Plate1_d28_TMEM561LAMP1640MAP2488DAPI405_E20_F2.nd2,14
11,7919,6,0.03434777118323021,0.528768,270.76702880859375,2144204.0,1.1761497021526481,0.0,0.6745206070480564,True,,KI,E20,2,d28,Plate1,/Users/pmihack/claire/tmem_2026/data/cleaved_tmem_pld3_260821/d28/Z60_PLD_TMEMki/PLD3TMEM106B_Plate1_d28_TMEM561LAMP1640MAP2488DAPI405_E20_F2.nd2,14
12,12915,6,0.008439798683701124,0.211896,270.401611328125,3492237.0,18.112637984552563,0.0,0.3747661515051855,True,,KI,E20,2,d28,Plate1,/Users/pmihack/claire/tmem_2026/data/cleaved_tmem_pld3_260821/d28/Z60_PLD_TMEMki/PLD3TMEM106B_Plate1_d28_TMEM561LAMP1640MAP2488DAPI405_E20_F2.nd2,14
13,10042,5,0.16152160924118703,3.7838015999999994,759.15185546875,7623403.0,3.9681958081463837,0.0,0.056150593974354235,True,,KI,E20,2,d28,Plate1,/Users/pmihack/claire/tmem_2026/data/cleaved_tmem_pld3_260821/d28/Z60_PLD_TMEMki/PLD3TMEM106B_Plate1_d28_TMEM561LAMP1640MAP2488DAPI405_E20_F2.nd2,14
14,14113,12,0.22433217600793595,3.0773519999999994,1111.250244140625,15683074.0,16.459387742190504,0.011273618787527084,0.1891014442866151,True,,KI,E20,2,d28,Plate1,/Users/pmihack/claire/tmem_2026/data/cleaved_tmem_pld3_260821/d28/Z60_PLD_TMEMki/PLD3TMEM106B_Plate1_d28_TMEM561LAMP1640MAP2488DAPI405_E20_F2.nd2,14
15,13261,13,0.1010481864112812,1.2022892307692308,557.6115112304688,7394486.0,22.492655988795214,0.0007178321829997003,0.006993930621056797,True,,KI,E20,2,d28,Plate1,/Users/pmihack/claire/tmem_2026/data/cleaved_tmem_pld3_260821/d28/Z60_PLD_TMEMki/PLD3TMEM106B_Plate1_d28_TMEM561LAMP1640MAP2488DAPI405_E20_F2.nd2,14
16,13248,17,0.13753019323671498,1.2501063529411762,808.9556274414062,10717044.0,13.644651185865644,0.0005271976115182042,0.10712955477190568,True,,KI,E20,2,d28,Plate1,/Users/pmihack/claire/tmem_2026/data/cleaved_tmem_pld3_260821/d28/Z60_PLD_TMEMki/PLD3TMEM106B_Plate1_d28_TMEM561LAMP1640MAP2488DAPI405_E20_F2.nd2,14
17,14153,12,0.04416024871052074,0.6074999999999999,398.1470947265625,5634976.0,17.7896283293949,0.00020390504505485296,-0.0003009742147121371,True,,KI,E20,2,d28,Plate1,/Users/pmihack/claire/tmem_2026/data/cleaved_tmem_pld3_260821/d28/Z60_PLD_TMEMki/PLD3TMEM106B_Plate1_d28_TMEM561LAMP1640MAP2488DAPI405_E20_F2.nd2,14
18,10172,9,0.020644907589461265,0.27215999999999996,395.7186279296875,4025250.0,5.805683607774802,0.0,0.2461978638780775,True,,KI,E20,2,d28,Plate1,/Users/pmihack/claire/tmem_2026/data/cleaved_tmem_pld3_260821/d28/Z60_PLD_TMEMki/PLD3TMEM106B_Plate1_d28_TMEM561LAMP1640MAP2488DAPI405_E20_F2.nd2,14
19,4061,10,0.017729623245506032,0.0839808,817.8943481445312,3321469.0,7.229894819385064,0.0022652626503258944,-0.05013031289209226,True,,KI,E20,2,d28,Plate1,/Users/pmihack/claire/tmem_2026/data/cleaved_tmem_pld3_260821/d28/Z60_PLD_TMEMki/PLD3TMEM106B_Plate1_d28_TMEM561LAMP1640MAP2488DAPI405_E20_F2.nd2,14
20,5219,4,0.009771986970684038,0.148716,227.32151794433594,1186391.0,0.9600836011440608,0.0,0.048580831385835604,True,,KI,E20,2,d28,Plate1,/Users/pmihack/claire/tmem_2026/data/cleaved_tmem_pld3_260821/d28/Z60_PLD_TMEMki/PLD3TMEM106B_Plate1_d28_TMEM561LAMP1640MAP2488DAPI405_E20_F2.nd2,14
21,2391,0,0.0,0.0,52.168968200683594,124736.0,,0.0,0.03561034186305245,False,abnormal_nucleus,KI,E20,2,d28,Plate1,/Users/pmihack/claire/tmem_2026/data/cleaved_tmem_pld3_260821/d28/Z60_PLD_TMEMki/PLD3TMEM106B_Plate1_d28_TMEM561LAMP1640MAP2488DAPI405_E20_F2.nd2,14
1,3091,1,0.0006470397929472663,0.023327999999999998,308.03851318359375,952147.0,25.209633623178544,0.0,0.09022913347553649,True,,KI,E20,3,d28,Plate1,/Users/pmihack/claire/tmem_2026/data/cleaved_tmem_pld3_260821/d28/Z60_PLD_TMEMki/PLD3TMEM106B_Plate1_d28_TMEM561LAMP1640MAP2488DAPI405_E20_F3.nd2,11
2,4003,9,0.11566325256057956,0.6000479999999999,837.9410400390625,3354278.0,30.61252782994365,0.0,0.13927323721089335,True,,KI,E20,3,d28,Plate1,/Users/pmihack/claire/tmem_2026/data/cleaved_tmem_pld3_260821/d28/Z60_PLD_TMEMki/PLD3TMEM106B_Plate1_d28_TMEM561LAMP1640MAP2488DAPI405_E20_F3.nd2,11
3,3069,0,0.0,0.0,239.4607391357422,734905.0,,0.0,0.01697976415904785,True,,KI,E20,3,d28,Plate1,/Users/pmihack/claire/tmem_2026/data/cleaved_tmem_pld3_260821/d28/Z60_PLD_TMEMki/PLD3TMEM106B_Plate1_d28_TMEM561LAMP1640MAP2488DAPI405_E20_F3.nd2,11
4,18470,28,0.14834867352463454,1.1414057142857141,753.3742065429688,13914822.0,3.035169054494651,0.00257258047349751,0.5290196609044833,True,,KI,E20,3,d28,Plate1,/Users/pmihack/claire/tmem_2026/data/cleaved_tmem_pld3_260821/d28/Z60_PLD_TMEMki/PLD3TMEM106B_Plate1_d28_TMEM561LAMP1640MAP2488DAPI405_E20_F3.nd2,11
5,5979,15,0.028600100351229302,0.1329696,530.367431640625,3171067.0,3.3122845941737475,0.0015720260562375188,0.23878581556314885,True,,KI,E20,3,d28,Plate1,/Users/pmihack/claire/tmem_2026/data/cleaved_tmem_pld3_260821/d28/Z60_PLD_TMEMki/PLD3TMEM106B_Plate1_d28_TMEM561LAMP1640MAP2488DAPI405_E20_F3.nd2,11
6,16287,21,0.1145699023761282,1.0364297142857142,670.1882934570312,10915357.0,19.021076243974957,0.00016334783867932856,0.1499732773624568,True,,KI,E20,3,d28,Plate1,/Users/pmihack/claire/tmem_2026/data/cleaved_tmem_pld3_260821/d28/Z60_PLD_TMEMki/PLD3TMEM106B_Plate1_d28_TMEM561LAMP1640MAP2488DAPI405_E20_F3.nd2,11
7,6275,20,0.10645418326693228,0.38957759999999997,850.2906494140625,5335574.0,3.586659082811132,0.0007926045218482614,0.40162209924537384,True,,KI,E20,3,d28,Plate1,/Users/pmihack/claire/tmem_2026/data/cleaved_tmem_pld3_260821/d28/Z60_PLD_TMEMki/PLD3TMEM106B_Plate1_d28_TMEM561LAMP1640MAP2488DAPI405_E20_F3.nd2,11
8,4387,2,0.24093913836334624,6.1644239999999995,976.6056518554688,4284369.0,36.77727009654595,0.0,0.3193777530631931,True,,KI,E20,3,d28,Plate1,/Users/pmihack/claire/tmem_2026/data/cleaved_tmem_pld3_260821/d28/Z60_PLD_TMEMki/PLD3TMEM106B_Plate1_d28_TMEM561LAMP1640MAP2488DAPI405_E20_F3.nd2,11
9,23975,42,0.09234619395203336,0.6148594285714285,513.5253295898438,12311770.0,10.506637875944755,0.00018250828725285828,0.15866854847345613,True,,KI,E20,3,d28,Plate1,/Users/pmihack/claire/tmem_2026/data/cleaved_tmem_pld3_260821/d28/Z60_PLD_TMEMki/PLD3TMEM106B_Plate1_d28_TMEM561LAMP1640MAP2488DAPI405_E20_F3.nd2,11
10,2053,8,0.0628348757915246,0.18808199999999997,567.6312866210938,1165347.0,44.85893859830345,0.0,0.08991674452278392,True,,KI,E20,3,d28,Plate1,/Users/pmihack/claire/tmem_2026/data/cleaved_tmem_pld3_260821/d28/Z60_PLD_TMEMki/PLD3TMEM106B_Plate1_d28_TMEM561LAMP1640MAP2488DAPI405_E20_F3.nd2,11
11,19482,10,0.2016733394928652,4.582785599999999,761.3811645507812,14833228.0,9.101744877146047,0.006534181069582701,0.5686055004266122,True,,KI,E20,3,d28,Plate1,/Users/pmihack/claire/tmem_2026/data/cleaved_tmem_pld3_260821/d28/Z60_PLD_TMEMki/PLD3TMEM106B_Plate1_d28_TMEM561LAMP1640MAP2488DAPI405_E20_F3.nd2,11
12,8780,4,0.3010250569476082,7.706987999999999,1233.3170166015625,10828523.0,21.16554520113337,0.0,0.5929239139441327,True,,KI,E20,3,d28,Plate1,/Users/pmihack/claire/tmem_2026/data/cleaved_tmem_pld3_260821/d28/Z60_PLD_TMEMki/PLD3TMEM106B_Plate1_d28_TMEM561LAMP1640MAP2488DAPI405_E20_F3.nd2,11
13,16425,10,0.03561643835616438,0.682344,333.7697448730469,5482168.0,13.81386207872508,0.0003797767567448318,0.17402930955956777,False,abnormal_nucleus,KI,E20,3,d28,Plate1,/Users/pmihack/claire/tmem_2026/data/cleaved_tmem_pld3_260821/d28/Z60_PLD_TMEMki/PLD3TMEM106B_Plate1_d28_TMEM561LAMP1640MAP2488DAPI405_E20_F3.nd2,11
14,3693,4,0.023016517736257784,0.24785999999999997,224.29920959472656,828337.0,25.58605041530202,0.0,0.7890177322144966,False,abnormal_nucleus,KI,E20,3,d28,Plate1,/Users/pmihack/claire/tmem_2026/data/cleaved_tmem_pld3_260821/d28/Z60_PLD_TMEMki/PLD3TMEM106B_Plate1_d28_TMEM561LAMP1640MAP2488DAPI405_E20_F3.nd2,11
1,239,0,0.0,0.0,9.891213417053223,2364.0,,0.0,0.23315957119782946,False,size_outlier,KI,E20,4,d28,Plate1,/Users/pmihack/claire/tmem_2026/data/cleaved_tmem_pld3_260821/d28/Z60_PLD_TMEMki/PLD3TMEM106B_Plate1_d28_TMEM561LAMP1640MAP2488DAPI405_E20_F4.nd2,11
2,14402,13,0.251145674211915,3.245283692307692,927.8152465820312,13362395.0,12.406413290281934,0.0034047039225697517,0.41970450848826796,True,,KI,E20,4,d28,Plate1,/Users/pmihack/claire/tmem_2026/data/cleaved_tmem_pld3_260821/d28/Z60_PLD_TMEMki/PLD3TMEM106B_Plate1_d28_TMEM561LAMP1640MAP2488DAPI405_E20_F4.nd2,11
3,22529,30,0.10200186426383773,0.8934623999999999,508.1380310058594,11447842.0,11.0345162783867,0.3314867615699768,0.5126554242725133,True,,KI,E20,4,d28,Plate1,/Users/pmihack/claire/tmem_2026/data/cleaved_tmem_pld3_260821/d28/Z60_PLD_TMEMki/PLD3TMEM106B_Plate1_d28_TMEM561LAMP1640MAP2488DAPI405_E20_F4.nd2,11
4,15060,25,0.1811420982735724,1.2727756799999999,720.7621459960938,10854678.0,1.0271666139715299,0.04166765883564949,0.440330994305334,False,abnormal_nucleus,KI,E20,4,d28,Plate1,/Users/pmihack/claire/tmem_2026/data/cleaved_tmem_pld3_260821/d28/Z60_PLD_TMEMki/PLD3TMEM106B_Plate1_d28_TMEM561LAMP1640MAP2488DAPI405_E20_F4.nd2,11
1,17815,0,0.0,0.0,145.20437622070312,2586816.0,,0.0,0.0962310441038899,True,,KI,F20,1,d28,Plate1,/Users/pmihack/claire/tmem_2026/data/cleaved_tmem_pld3_260821/d28/Z60_PLD_TMEMki/PLD3TMEM106B_Plate1_d28_TMEM561LAMP1640MAP2488DAPI405_F20_F1.nd2,15
2,2126,0,0.0,0.0,81.48824310302734,173244.0,,0.0,0.013258406939070976,True,,KI,F20,1,d28,Plate1,/Users/pmihack/claire/tmem_2026/data/cleaved_tmem_pld3_260821/d28/Z60_PLD_TMEMki/PLD3TMEM106B_Plate1_d28_TMEM561LAMP1640MAP2488DAPI405_F20_F1.nd2,15
3,15935,0,0.0,0.0,50.99705123901367,812638.0,,0.0,0.05313776997900468,True,,KI,F20,1,d28,Plate1,/Users/pmihack/claire/tmem_2026/data/cleaved_tmem_pld3_260821/d28/Z60_PLD_TMEMki/PLD3TMEM106B_Plate1_d28_TMEM561LAMP1640MAP2488DAPI405_F20_F1.nd2,15
4,14418,1,0.0017339436815092246,0.29159999999999997,76.78873443603516,1107140.0,25.27848413635029,0.052403490990400314,0.6052648991593269,True,,KI,F20,1,d28,Plate1,/Users/pmihack/claire/tmem_2026/data/cleaved_tmem_pld3_260821/d28/Z60_PLD_TMEMki/PLD3TMEM106B_Plate1_d28_TMEM561LAMP1640MAP2488DAPI405_F20_F1.nd2,15
1,13060,0,0.0,0.0,52.49272537231445,685555.0,,0.0,0.027776456865519897,True,,KI,F20,2,d28,Plate1,/Users/pmihack/claire/tmem_2026/data/cleaved_tmem_pld3_260821/d28/Z60_PLD_TMEMki/PLD3TMEM106B_Plate1_d28_TMEM561LAMP1640MAP2488DAPI405_F20_F2.nd2,11
2,13163,0,0.0,0.0,112.05690002441406,1475005.0,,0.0,0.18626003641888317,True,,KI,F20,2,d28,Plate1,/Users/pmihack/claire/tmem_2026/data/cleaved_tmem_pld3_260821/d28/Z60_PLD_TMEMki/PLD3TMEM106B_Plate1_d28_TMEM561LAMP1640MAP2488DAPI405_F20_F2.nd2,11
3,10382,7,0.006453477172028511,0.11164114285714284,199.94827270507812,2075863.0,22.391567662477133,0.0,0.09646058123436474,True,,KI,F20,2,d28,Plate1,/Users/pmihack/claire/tmem_2026/data/cleaved_tmem_pld3_260821/d28/Z60_PLD_TMEMki/PLD3TMEM106B_Plate1_d28_TMEM561LAMP1640MAP2488DAPI405_F20_F2.nd2,11
4,4844,0,0.0,0.0,60.862098693847656,294816.0,,0.0,0.01302367005107932,True,,KI,F20,2,d28,Plate1,/Users/pmihack/claire/tmem_2026/data/cleaved_tmem_pld3_260821/d28/Z60_PLD_TMEMki/PLD3TMEM106B_Plate1_d28_TMEM561LAMP1640MAP2488DAPI405_F20_F2.nd2,11
5,12923,1,0.0003095256519384044,0.046655999999999996,136.93801879882812,1769650.0,10.642562403909283,0.0020320401526987553,0.03588249663382989,True,,KI,F20,2,d28,Plate1,/Users/pmihack/claire/tmem_2026/data/cleaved_tmem_pld3_260821/d28/Z60_PLD_TMEMki/PLD3TMEM106B_Plate1_d28_TMEM561LAMP1640MAP2488DAPI405_F20_F2.nd2,11
6,6134,0,0.0,0.0,94.03358459472656,576802.0,,0.0,-0.008681258251771951,True,,KI,F20,2,d28,Plate1,/Users/pmihack/claire/tmem_2026/data/cleaved_tmem_pld3_260821/d28/Z60_PLD_TMEMki/PLD3TMEM106B_Plate1_d28_TMEM561LAMP1640MAP2488DAPI405_F20_F2.nd2,11
7,8085,0,0.0,0.0,50.78045654296875,410560.0,,0.0,0.20061652400187335,True,,KI,F20,2,d28,Plate1,/Users/pmihack/claire/tmem_2026/data/cleaved_tmem_pld3_260821/d28/Z60_PLD_TMEMki/PLD3TMEM106B_Plate1_d28_TMEM561LAMP1640MAP2488DAPI405_F20_F2.nd2,11
1,14620,16,0.052667578659370724,0.56133,463.8863830566406,6782019.0,1.0536934311543862,0.0,-0.008334019346942919,True,,KI,F20,3,d28,Plate1,/Users/pmihack/claire/tmem_2026/data/cleaved_tmem_pld3_260821/d28/Z60_PLD_TMEMki/PLD3TMEM106B_Plate1_d28_TMEM561LAMP1640MAP2488DAPI405_F20_F3.nd2,10
2,13438,5,0.005730019348117279,0.1796256,230.53155517578125,3097883.0,11.81471797412121,0.0,0.14784690355775196,True,,KI,F20,3,d28,Plate1,/Users/pmihack/claire/tmem_2026/data/cleaved_tmem_pld3_260821/d28/Z60_PLD_TMEMki/PLD3TMEM106B_Plate1_d28_TMEM561LAMP1640MAP2488DAPI405_F20_F3.nd2,10
3,11835,3,0.02002534854245881,0.9214559999999999,306.3231201171875,3625334.0,14.180114761670945,0.0013171200407668948,0.05072167003284112,True,,KI,F20,3,d28,Plate1,/Users/pmihack/claire/tmem_2026/data/cleaved_tmem_pld3_260821/d28/Z60_PLD_TMEMki/PLD3TMEM106B_Plate1_d28_TMEM561LAMP1640MAP2488DAPI405_F20_F3.nd2,10
4,12493,4,0.019610982150004,0.7144199999999999,389.7166442871094,4868730.0,2.278476059780027,0.0016628566663712263,0.027969681652878556,True,,KI,F20,3,d28,Plate1,/Users/pmihack/claire/tmem_2026/data/cleaved_tmem_pld3_260821/d28/Z60_PLD_TMEMki/PLD3TMEM106B_Plate1_d28_TMEM561LAMP1640MAP2488DAPI405_F20_F3.nd2,10
5,12474,7,0.028699695366362032,0.5965302857142857,300.35345458984375,3746609.0,1.5001312197684342,8.407602581428364e-05,-0.001837804535267702,True,,KI,F20,3,d28,Plate1,/Users/pmihack/claire/tmem_2026/data/cleaved_tmem_pld3_260821/d28/Z60_PLD_TMEMki/PLD3TMEM106B_Plate1_d28_TMEM561LAMP1640MAP2488DAPI405_F20_F3.nd2,10
6,14760,5,0.00481029810298103,0.16562879999999996,169.95040893554688,2508468.0,5.343863230792476,0.0,-0.007480379532835565,True,,KI,F20,3,d28,Plate1,/Users/pmihack/claire/tmem_2026/data/cleaved_tmem_pld3_260821/d28/Z60_PLD_TMEMki/PLD3TMEM106B_Plate1_d28_TMEM561LAMP1640MAP2488DAPI405_F20_F3.nd2,10
7,15121,9,0.029098604589643542,0.57024,265.4327697753906,4013609.0,15.426590897253822,0.00017091848712880164,0.017028682023787645,True,,KI,F20,3,d28,Plate1,/Users/pmihack/claire/tmem_2026/data/cleaved_tmem_pld3_260821/d28/Z60_PLD_TMEMki/PLD3TMEM106B_Plate1_d28_TMEM561LAMP1640MAP2488DAPI405_F20_F3.nd2,10
8,14292,14,0.030786453960257486,0.3665828571428571,307.58978271484375,4396073.0,20.862787520785417,0.0,0.09083794744722874,True,,KI,F20,3,d28,Plate1,/Users/pmihack/claire/tmem_2026/data/cleaved_tmem_pld3_260821/d28/Z60_PLD_TMEMki/PLD3TMEM106B_Plate1_d28_TMEM561LAMP1640MAP2488DAPI405_F20_F3.nd2,10
9,19839,19,0.11910882604970009,1.4506332631578946,693.7957763671875,13764215.0,12.114799361204174,0.0002385897096246481,0.15613111352704187,True,,KI,F20,3,d28,Plate1,/Users/pmihack/claire/tmem_2026/data/cleaved_tmem_pld3_260821/d28/Z60_PLD_TMEMki/PLD3TMEM106B_Plate1_d28_TMEM561LAMP1640MAP2488DAPI405_F20_F3.nd2,10
10,2932,0,0.0,0.0,24.619373321533203,72184.0,,0.0,0.22164904828159052,True,,KI,F20,3,d28,Plate1,/Users/pmihack/claire/tmem_2026/data/cleaved_tmem_pld3_260821/d28/Z60_PLD_TMEMki/PLD3TMEM106B_Plate1_d28_TMEM561LAMP1640MAP2488DAPI405_F20_F3.nd2,10
11,16108,23,0.033958281599205366,0.27740034782608697,316.7226867675781,5101769.0,6.112961513373567,0.004496871493756771,0.13984052493638235,True,,KI,F20,3,d28,Plate1,/Users/pmihack/claire/tmem_2026/data/cleaved_tmem_pld3_260821/d28/Z60_PLD_TMEMki/PLD3TMEM106B_Plate1_d28_TMEM561LAMP1640MAP2488DAPI405_F20_F3.nd2,10
12,11966,19,0.1376399799431723,1.0110846315789472,744.3103637695312,8906418.0,12.314589867356855,0.0,0.32440176300239226,True,,KI,F20,3,d28,Plate1,/Users/pmihack/claire/tmem_2026/data/cleaved_tmem_pld3_260821/d28/Z60_PLD_TMEMki/PLD3TMEM106B_Plate1_d28_TMEM561LAMP1640MAP2488DAPI405_F20_F3.nd2,10
13,14231,4,0.1401166467570796,5.8145039999999995,604.5819702148438,8603806.0,16.50661639939005,0.0,0.2169759164671688,True,,KI,F20,3,d28,Plate1,/Users/pmihack/claire/tmem_2026/data/cleaved_tmem_pld3_260821/d28/Z60_PLD_TMEMki/PLD3TMEM106B_Plate1_d28_TMEM561LAMP1640MAP2488DAPI405_F20_F3.nd2,10
1,13668,11,0.08801580333625987,1.2756174545454544,922.1229248046875,12603576.0,0.9285304748955177,0.0028201520908623934,0.4100153686541797,True,,KI,F20,4,d28,Plate1,/Users/pmihack/claire/tmem_2026/data/cleaved_tmem_pld3_260821/d28/Z60_PLD_TMEMki/PLD3TMEM106B_Plate1_d28_TMEM561LAMP1640MAP2488DAPI405_F20_F4.nd2,12
2,17447,20,0.0808161861638104,0.8223119999999999,844.2901611328125,14730330.0,0.8635589605061735,0.00022395967971533537,0.1536662875480883,True,,KI,F20,4,d28,Plate1,/Users/pmihack/claire/tmem_2026/data/cleaved_tmem_pld3_260821/d28/Z60_PLD_TMEMki/PLD3TMEM106B_Plate1_d28_TMEM561LAMP1640MAP2488DAPI405_F20_F4.nd2,12
3,209,0,0.0,0.0,4.569377899169922,955.0,,0.0,-0.23184218560959002,False,size_outlier,KI,F20,4,d28,Plate1,/Users/pmihack/claire/tmem_2026/data/cleaved_tmem_pld3_260821/d28/Z60_PLD_TMEMki/PLD3TMEM106B_Plate1_d28_TMEM561LAMP1640MAP2488DAPI405_F20_F4.nd2,12
4,897,6,0.06800445930880714,0.11858399999999998,1241.8271484375,1113919.0,52.66255272328935,0.0,0.28906985365809423,False,size_outlier,KI,F20,4,d28,Plate1,/Users/pmihack/claire/tmem_2026/data/cleaved_tmem_pld3_260821/d28/Z60_PLD_TMEMki/PLD3TMEM106B_Plate1_d28_TMEM561LAMP1640MAP2488DAPI405_F20_F4.nd2,12
5,180,0,0.0,0.0,8.333333015441895,1500.0,,0.0,0.31093617250704547,False,size_outlier,KI,F20,4,d28,Plate1,/Users/pmihack/claire/tmem_2026/data/cleaved_tmem_pld3_260821/d28/Z60_PLD_TMEMki/PLD3TMEM106B_Plate1_d28_TMEM561LAMP1640MAP2488DAPI405_F20_F4.nd2,12
6,191,0,0.0,0.0,14.00523567199707,2675.0,,0.0,0.07104824529748081,False,size_outlier,KI,F20,4,d28,Plate1,/Users/pmihack/claire/tmem_2026/data/cleaved_tmem_pld3_260821/d28/Z60_PLD_TMEMki/PLD3TMEM106B_Plate1_d28_TMEM561LAMP1640MAP2488DAPI405_F20_F4.nd2,12
7,157,0,0.0,0.0,3.65605092048645,574.0,,0.0,0.11958989635334831,False,size_outlier,KI,F20,4,d28,Plate1,/Users/pmihack/claire/tmem_2026/data/cleaved_tmem_pld3_260821/d28/Z60_PLD_TMEMki/PLD3TMEM106B_Plate1_d28_TMEM561LAMP1640MAP2488DAPI405_F20_F4.nd2,12
8,255,0,0.0,0.0,10.094118118286133,2574.0,,0.0,0.25480281259304416,False,size_outlier,KI,F20,4,d28,Plate1,/Users/pmihack/claire/tmem_2026/data/cleaved_tmem_pld3_260821/d28/Z60_PLD_TMEMki/PLD3TMEM106B_Plate1_d28_TMEM561LAMP1640MAP2488DAPI405_F20_F4.nd2,12
9,149,0,0.0,0.0,9.778523445129395,1457.0,,0.0,-0.14994256274191667,False,size_outlier,KI,F20,4,d28,Plate1,/Users/pmihack/claire/tmem_2026/data/cleaved_tmem_pld3_260821/d28/Z60_PLD_TMEMki/PLD3TMEM106B_Plate1_d28_TMEM561LAMP1640MAP2488DAPI405_F20_F4.nd2,12
10,129,0,0.0,0.0,6.78294563293457,875.0,,0.0,0.1847517895464411,False,size_outlier,KI,F20,4,d28,Plate1,/Users/pmihack/claire/tmem_2026/data/cleaved_tmem_pld3_260821/d28/Z60_PLD_TMEMki/PLD3TMEM106B_Plate1_d28_TMEM561LAMP1640MAP2488DAPI405_F20_F4.nd2,12
11,18166,4,0.3781239678520313,20.030003999999998,2725.25341796875,49506952.0,,0.0007395729189738631,0.44384901122770193,True,,KI,F20,4,d28,Plate1,/Users/pmihack/claire/tmem_2026/data/cleaved_tmem_pld3_260821/d28/Z60_PLD_TMEMki/PLD3TMEM106B_Plate1_d28_TMEM561LAMP1640MAP2488DAPI405_F20_F4.nd2,12
12,16353,22,0.14792392833119306,1.282509818181818,1280.5994873046875,20941644.0,,0.00576683459803462,0.26374451477482563,True,,KI,F20,4,d28,Plate1,/Users/pmihack/claire/tmem_2026/data/cleaved_tmem_pld3_260821/d28/Z60_PLD_TMEMki/PLD3TMEM106B_Plate1_d28_TMEM561LAMP1640MAP2488DAPI405_F20_F4.nd2,12
13,9854,28,0.09376902780596712,0.384912,1080.7457275390625,10649669.0,,0.010536008514463902,0.19520747451231885,True,,KI,F20,4,d28,Plate1,/Users/pmihack/claire/tmem_2026/data/cleaved_tmem_pld3_260821/d28/Z60_PLD_TMEMki/PLD3TMEM106B_Plate1_d28_TMEM561LAMP1640MAP2488DAPI405_F20_F4.nd2,12
14,11271,0,0.0,0.0,33.36536407470703,376061.0,,0.0,0.12827622495339241,True,,KI,F20,4,d28,Plate1,/Users/pmihack/claire/tmem_2026/data/cleaved_tmem_pld3_260821/d28/Z60_PLD_TMEMki/PLD3TMEM106B_Plate1_d28_TMEM561LAMP1640MAP2488DAPI405_F20_F4.nd2,12
15,19951,12,0.006967069319833592,0.135108,332.6780090332031,6637259.0,,0.002112468471750617,0.3766630560708152,True,,KI,F20,4,d28,Plate1,/Users/pmihack/claire/tmem_2026/data/cleaved_tmem_pld3_260821/d28/Z60_PLD_TMEMki/PLD3TMEM106B_Plate1_d28_TMEM561LAMP1640MAP2488DAPI405_F20_F4.nd2,12
1,11037,0,0.0,0.0,317.0279846191406,3499038.0,,0.0208097193390131,0.3889116011590073,True,,KI,G20,1,d28,Plate1,/Users/pmihack/claire/tmem_2026/data/cleaved_tmem_pld3_260821/d28/Z60_PLD_TMEMki/PLD3TMEM106B_Plate1_d28_TMEM561LAMP1640MAP2488DAPI405_G20_F1.nd2,14
2,17419,0,0.0,0.0,446.810546875,7782993.0,,0.024709774181246758,0.1353400909295822,True,,KI,G20,1,d28,Plate1,/Users/pmihack/claire/tmem_2026/data/cleaved_tmem_pld3_260821/d28/Z60_PLD_TMEMki/PLD3TMEM106B_Plate1_d28_TMEM561LAMP1640MAP2488DAPI405_G20_F1.nd2,14
3,1285,0,0.0,0.0,283.23345947265625,363955.0,,0.037705209106206894,0.46973381470020015,False,size_outlier,KI,G20,1,d28,Plate1,/Users/pmihack/claire/tmem_2026/data/cleaved_tmem_pld3_260821/d28/Z60_PLD_TMEMki/PLD3TMEM106B_Plate1_d28_TMEM561LAMP1640MAP2488DAPI405_G20_F1.nd2,14
4,24276,0,0.0,0.0,106.68899536132812,2589982.0,,0.0026946133002638817,0.03183221102756622,False,abnormal_nucleus,KI,G20,1,d28,Plate1,/Users/pmihack/claire/tmem_2026/data/cleaved_tmem_pld3_260821/d28/Z60_PLD_TMEMki/PLD3TMEM106B_Plate1_d28_TMEM561LAMP1640MAP2488DAPI405_G20_F1.nd2,14
5,7056,0,0.0,0.0,111.71612548828125,788269.0,,0.0,0.015702501723200594,True,,KI,G20,1,d28,Plate1,/Users/pmihack/claire/tmem_2026/data/cleaved_tmem_pld3_260821/d28/Z60_PLD_TMEMki/PLD3TMEM106B_Plate1_d28_TMEM561LAMP1640MAP2488DAPI405_G20_F1.nd2,14
6,2394,0,0.0,0.0,380.4933166503906,910901.0,,0.0,0.5542062371730614,True,,KI,G20,1,d28,Plate1,/Users/pmihack/claire/tmem_2026/data/cleaved_tmem_pld3_260821/d28/Z60_PLD_TMEMki/PLD3TMEM106B_Plate1_d28_TMEM561LAMP1640MAP2488DAPI405_G20_F1.nd2,14
7,2924,0,0.0,0.0,171.92955017089844,502722.0,,0.0004972927272319794,-0.01664809077248715,True,,KI,G20,1,d28,Plate1,/Users/pmihack/claire/tmem_2026/data/cleaved_tmem_pld3_260821/d28/Z60_PLD_TMEMki/PLD3TMEM106B_Plate1_d28_TMEM561LAMP1640MAP2488DAPI405_G20_F1.nd2,14
8,4956,0,0.0,0.0,92.61824035644531,459016.0,,0.0,0.20478269309852368,True,,KI,G20,1,d28,Plate1,/Users/pmihack/claire/tmem_2026/data/cleaved_tmem_pld3_260821/d28/Z60_PLD_TMEMki/PLD3TMEM106B_Plate1_d28_TMEM561LAMP1640MAP2488DAPI405_G20_F1.nd2,14
9,7170,0,0.0,0.0,71.97586822509766,516067.0,,0.00024221661442425102,0.17063116857510066,True,,KI,G20,1,d28,Plate1,/Users/pmihack/claire/tmem_2026/data/cleaved_tmem_pld3_260821/d28/Z60_PLD_TMEMki/PLD3TMEM106B_Plate1_d28_TMEM561LAMP1640MAP2488DAPI405_G20_F1.nd2,14
10,2047,0,0.0,0.0,93.16756439208984,190714.0,,0.0226097721606493,0.7202537209881028,True,,KI,G20,1,d28,Plate1,/Users/pmihack/claire/tmem_2026/data/cleaved_tmem_pld3_260821/d28/Z60_PLD_TMEMki/PLD3TMEM106B_Plate1_d28_TMEM561LAMP1640MAP2488DAPI405_G20_F1.nd2,14
11,16172,0,0.0,0.0,239.77566528320312,3877652.0,,0.0,0.04519162419348337,True,,KI,G20,1,d28,Plate1,/Users/pmihack/claire/tmem_2026/data/cleaved_tmem_pld3_260821/d28/Z60_PLD_TMEMki/PLD3TMEM106B_Plate1_d28_TMEM561LAMP1640MAP2488DAPI405_G20_F1.nd2,14
12,36926,0,0.0,0.0,177.5727081298828,6557050.0,,0.005016585346311331,-0.018298575490011442,True,,KI,G20,1,d28,Plate1,/Users/pmihack/claire/tmem_2026/data/cleaved_tmem_pld3_260821/d28/Z60_PLD_TMEMki/PLD3TMEM106B_Plate1_d28_TMEM561LAMP1640MAP2488DAPI405_G20_F1.nd2,14
13,5755,1,0.0024326672458731538,0.163296,894.072998046875,5145390.0,22.0662783907237,0.3304031491279602,0.6460069841555766,False,abnormal_nucleus,KI,G20,1,d28,Plate1,/Users/pmihack/claire/tmem_2026/data/cleaved_tmem_pld3_260821/d28/Z60_PLD_TMEMki/PLD3TMEM106B_Plate1_d28_TMEM561LAMP1640MAP2488DAPI405_G20_F1.nd2,14
1,15027,11,0.34910494443335327,5.562667636363636,2160.37744140625,32463992.0,0.8533689446331281,0.0,0.2137391500650981,True,,KI,G20,2,d28,Plate1,/Users/pmihack/claire/tmem_2026/data/cleaved_tmem_pld3_260821/d28/Z60_PLD_TMEMki/PLD3TMEM106B_Plate1_d28_TMEM561LAMP1640MAP2488DAPI405_G20_F2.nd2,15
2,16151,25,0.14265370565290075,1.0749542399999998,1090.0631103515625,17605610.0,0.7144267060001599,0.0,0.26045278530803706,True,,KI,G20,2,d28,Plate1,/Users/pmihack/claire/tmem_2026/data/cleaved_tmem_pld3_260821/d28/Z60_PLD_TMEMki/PLD3TMEM106B_Plate1_d28_TMEM561LAMP1640MAP2488DAPI405_G20_F2.nd2,15
3,17265,17,0.2195192586156965,2.600385882352941,1451.04541015625,25052300.0,13.671158600665224,0.0,0.2736276629906722,True,,KI,G20,2,d28,Plate1,/Users/pmihack/claire/tmem_2026/data/cleaved_tmem_pld3_260821/d28/Z60_PLD_TMEMki/PLD3TMEM106B_Plate1_d28_TMEM561LAMP1640MAP2488DAPI405_G20_F2.nd2,15
4,18924,33,0.056964700908898755,0.3810239999999999,718.89794921875,13604425.0,7.270579301046051,0.0,0.3225685823083844,True,,KI,G20,2,d28,Plate1,/Users/pmihack/claire/tmem_2026/data/cleaved_tmem_pld3_260821/d28/Z60_PLD_TMEMki/PLD3TMEM106B_Plate1_d28_TMEM561LAMP1640MAP2488DAPI405_G20_F2.nd2,15
5,15744,12,0.39284806910569103,6.011819999999999,2721.578369140625,42848528.0,6.160824916261364,0.0,0.07026230193549314,True,,KI,G20,2,d28,Plate1,/Users/pmihack/claire/tmem_2026/data/cleaved_tmem_pld3_260821/d28/Z60_PLD_TMEMki/PLD3TMEM106B_Plate1_d28_TMEM561LAMP1640MAP2488DAPI405_G20_F2.nd2,15
6,26159,23,0.11124278451011124,1.475749565217391,920.0926513671875,24068704.0,10.993625293495374,0.0,0.1391599813843109,True,,KI,G20,2,d28,Plate1,/Users/pmihack/claire/tmem_2026/data/cleaved_tmem_pld3_260821/d28/Z60_PLD_TMEMki/PLD3TMEM106B_Plate1_d28_TMEM561LAMP1640MAP2488DAPI405_G20_F2.nd2,15
7,15305,6,0.27344005227049983,8.135639999999999,1694.5408935546875,25934948.0,13.229652383307503,0.0,-0.02161004405039996,True,,KI,G20,2,d28,Plate1,/Users/pmihack/claire/tmem_2026/data/cleaved_tmem_pld3_260821/d28/Z60_PLD_TMEMki/PLD3TMEM106B_Plate1_d28_TMEM561LAMP1640MAP2488DAPI405_G20_F2.nd2,15
8,10750,7,0.2943255813953488,5.2721279999999995,2252.275390625,24211960.0,9.833410728032115,0.0,-0.004820440475326343,True,,KI,G20,2,d28,Plate1,/Users/pmihack/claire/tmem_2026/data/cleaved_tmem_pld3_260821/d28/Z60_PLD_TMEMki/PLD3TMEM106B_Plate1_d28_TMEM561LAMP1640MAP2488DAPI405_G20_F2.nd2,15
9,16865,24,0.05561814408538393,0.455868,723.6109619140625,12203699.0,14.835216977619506,0.0,0.11267086966488143,True,,KI,G20,2,d28,Plate1,/Users/pmihack/claire/tmem_2026/data/cleaved_tmem_pld3_260821/d28/Z60_PLD_TMEMki/PLD3TMEM106B_Plate1_d28_TMEM561LAMP1640MAP2488DAPI405_G20_F2.nd2,15
10,21667,16,0.2011815202843033,3.177711,1731.2843017578125,37511736.0,8.74048716550954,0.0,0.061477321260821415,True,,KI,G20,2,d28,Plate1,/Users/pmihack/claire/tmem_2026/data/cleaved_tmem_pld3_260821/d28/Z60_PLD_TMEMki/PLD3TMEM106B_Plate1_d28_TMEM561LAMP1640MAP2488DAPI405_G20_F2.nd2,15
11,16023,41,0.19565624414903576,0.8918692682926829,1674.780029296875,26835000.0,11.249670734397045,0.0,0.3095008636483093,True,,KI,G20,2,d28,Plate1,/Users/pmihack/claire/tmem_2026/data/cleaved_tmem_pld3_260821/d28/Z60_PLD_TMEMki/PLD3TMEM106B_Plate1_d28_TMEM561LAMP1640MAP2488DAPI405_G20_F2.nd2,15
12,15384,24,0.27379095163806555,2.0470319999999997,1764.3619384765625,27142944.0,19.49976160572318,0.0,0.4077985001133009,True,,KI,G20,2,d28,Plate1,/Users/pmihack/claire/tmem_2026/data/cleaved_tmem_pld3_260821/d28/Z60_PLD_TMEMki/PLD3TMEM106B_Plate1_d28_TMEM561LAMP1640MAP2488DAPI405_G20_F2.nd2,15
13,15399,14,0.365543217092019,4.689761142857142,2597.2373046875,39994856.0,18.43663093184484,0.0,0.30070952190921413,False,border,KI,G20,2,d28,Plate1,/Users/pmihack/claire/tmem_2026/data/cleaved_tmem_pld3_260821/d28/Z60_PLD_TMEMki/PLD3TMEM106B_Plate1_d28_TMEM561LAMP1640MAP2488DAPI405_G20_F2.nd2,15
1,1116,1,0.033154121863799284,0.43156799999999995,378.3897705078125,422283.0,17.848503674445762,0.0,0.3413630233391055,False,size_outlier,KI,G20,3,d28,Plate1,/Users/pmihack/claire/tmem_2026/data/cleaved_tmem_pld3_260821/d28/Z60_PLD_TMEMki/PLD3TMEM106B_Plate1_d28_TMEM561LAMP1640MAP2488DAPI405_G20_F3.nd2,11
2,7618,8,0.547912838015227,6.085692,1750.1900634765625,13332948.0,8.70490237547459,0.0,0.10686452856481914,True,,KI,G20,3,d28,Plate1,/Users/pmihack/claire/tmem_2026/data/cleaved_tmem_pld3_260821/d28/Z60_PLD_TMEMki/PLD3TMEM106B_Plate1_d28_TMEM561LAMP1640MAP2488DAPI405_G20_F3.nd2,11
3,35262,28,0.17052350972718508,2.504844,577.16943359375,20352148.0,2.742392201147848,3.660547372419387e-05,0.3045746044816255,False,abnormal_nucleus,KI,G20,3,d28,Plate1,/Users/pmihack/claire/tmem_2026/data/cleaved_tmem_pld3_260821/d28/Z60_PLD_TMEMki/PLD3TMEM106B_Plate1_d28_TMEM561LAMP1640MAP2488DAPI405_G20_F3.nd2,11
4,14342,16,0.18240133872542183,1.9070639999999999,693.4089965820312,9944872.0,9.18586315792739,0.0007824132917448878,0.14543817871293302,False,abnormal_nucleus,KI,G20,3,d28,Plate1,/Users/pmihack/claire/tmem_2026/data/cleaved_tmem_pld3_260821/d28/Z60_PLD_TMEMki/PLD3TMEM106B_Plate1_d28_TMEM561LAMP1640MAP2488DAPI405_G20_F3.nd2,11
5,6584,20,0.22402794653705954,0.8602199999999999,850.9029541015625,5602345.0,34.253891172726036,0.0,0.08996963266069755,False,abnormal_nucleus,KI,G20,3,d28,Plate1,/Users/pmihack/claire/tmem_2026/data/cleaved_tmem_pld3_260821/d28/Z60_PLD_TMEMki/PLD3TMEM106B_Plate1_d28_TMEM561LAMP1640MAP2488DAPI405_G20_F3.nd2,11
6,12527,18,0.2892152949628802,2.347704,923.89892578125,11573682.0,23.61402849150295,0.0,0.14590496161922487,False,abnormal_nucleus,KI,G20,3,d28,Plate1,/Users/pmihack/claire/tmem_2026/data/cleaved_tmem_pld3_260821/d28/Z60_PLD_TMEMki/PLD3TMEM106B_Plate1_d28_TMEM561LAMP1640MAP2488DAPI405_G20_F3.nd2,11
7,8228,8,0.1536217792902285,1.8429119999999999,614.7976684570312,5058555.0,30.9068840625552,0.0,0.05654336390799347,True,,KI,G20,3,d28,Plate1,/Users/pmihack/claire/tmem_2026/data/cleaved_tmem_pld3_260821/d28/Z60_PLD_TMEMki/PLD3TMEM106B_Plate1_d28_TMEM561LAMP1640MAP2488DAPI405_G20_F3.nd2,11
8,17359,35,0.4110835877642721,2.378122971428571,1197.5638427734375,20788510.0,9.824511945045748,0.0,0.1555843221771724,False,abnormal_nucleus,KI,G20,3,d28,Plate1,/Users/pmihack/claire/tmem_2026/data/cleaved_tmem_pld3_260821/d28/Z60_PLD_TMEMki/PLD3TMEM106B_Plate1_d28_TMEM561LAMP1640MAP2488DAPI405_G20_F3.nd2,11
9,18856,15,0.29560882477725925,4.3343424,1199.9246826171875,22625780.0,11.391444947253103,0.0,0.26924238199000716,False,abnormal_nucleus,KI,G20,3,d28,Plate1,/Users/pmihack/claire/tmem_2026/data/cleaved_tmem_pld3_260821/d28/Z60_PLD_TMEMki/PLD3TMEM106B_Plate1_d28_TMEM561LAMP1640MAP2488DAPI405_G20_F3.nd2,11
10,14860,26,0.10403768506056528,0.6935593846153846,463.4722595214844,6887198.0,21.4391894741396,0.0,0.09788956182820611,False,abnormal_nucleus,KI,G20,3,d28,Plate1,/Users/pmihack/claire/tmem_2026/data/cleaved_tmem_pld3_260821/d28/Z60_PLD_TMEMki/PLD3TMEM106B_Plate1_d28_TMEM561LAMP1640MAP2488DAPI405_G20_F3.nd2,11
11,3264,1,0.001838235294117647,0.06998399999999999,63.74540328979492,208065.0,38.30855876717393,0.0,0.004787165733658754,False,abnormal_nucleus,KI,G20,3,d28,Plate1,/Users/pmihack/claire/tmem_2026/data/cleaved_tmem_pld3_260821/d28/Z60_PLD_TMEMki/PLD3TMEM106B_Plate1_d28_TMEM561LAMP1640MAP2488DAPI405_G20_F3.nd2,11
1,3644,0,0.0,0.0,426.8051452636719,1555278.0,,0.0,0.2673989056146391,True,,KI,G20,4,d28,Plate1,/Users/pmihack/claire/tmem_2026/data/cleaved_tmem_pld3_260821/d28/Z60_PLD_TMEMki/PLD3TMEM106B_Plate1_d28_TMEM561LAMP1640MAP2488DAPI405_G20_F4.nd2,14
2,3929,2,0.028505981165691016,0.653184,1690.4407958984375,6641742.0,2.0843401658529697,0.05694093555212021,0.31226121441339844,True,,KI,G20,4,d28,Plate1,/Users/pmihack/claire/tmem_2026/data/cleaved_tmem_pld3_260821/d28/Z60_PLD_TMEMki/PLD3TMEM106B_Plate1_d28_TMEM561LAMP1640MAP2488DAPI405_G20_F4.nd2,14
3,4759,0,0.0,0.0,317.55242919921875,1511232.0,,3.176216341671534e-05,0.002478820471018949,True,,KI,G20,4,d28,Plate1,/Users/pmihack/claire/tmem_2026/data/cleaved_tmem_pld3_260821/d28/Z60_PLD_TMEMki/PLD3TMEM106B_Plate1_d28_TMEM561LAMP1640MAP2488DAPI405_G20_F4.nd2,14
4,2241,0,0.0,0.0,141.60552978515625,317338.0,,0.007638542912900448,0.18842259344182188,True,,KI,G20,4,d28,Plate1,/Users/pmihack/claire/tmem_2026/data/cleaved_tmem_pld3_260821/d28/Z60_PLD_TMEMki/PLD3TMEM106B_Plate1_d28_TMEM561LAMP1640MAP2488DAPI405_G20_F4.nd2,14
5,12409,0,0.0,0.0,686.8649291992188,8523307.0,,0.0,0.10277765828344716,True,,KI,G20,4,d28,Plate1,/Users/pmihack/claire/tmem_2026/data/cleaved_tmem_pld3_260821/d28/Z60_PLD_TMEMki/PLD3TMEM106B_Plate1_d28_TMEM561LAMP1640MAP2488DAPI405_G20_F4.nd2,14
6,2380,0,0.0,0.0,25.01932716369629,59546.0,,0.0,0.007330152981501513,True,,KI,G20,4,d28,Plate1,/Users/pmihack/claire/tmem_2026/data/cleaved_tmem_pld3_260821/d28/Z60_PLD_TMEMki/PLD3TMEM106B_Plate1_d28_TMEM561LAMP1640MAP2488DAPI405_G20_F4.nd2,14
7,13330,0,0.0,0.0,1719.3162841796875,22918486.0,,0.00022030250693205744,-0.06483533223797525,True,,KI,G20,4,d28,Plate1,/Users/pmihack/claire/tmem_2026/data/cleaved_tmem_pld3_260821/d28/Z60_PLD_TMEMki/PLD3TMEM106B_Plate1_d28_TMEM561LAMP1640MAP2488DAPI405_G20_F4.nd2,14
8,7242,2,0.00041425020712510354,0.017495999999999998,1020.4649047851562,7390207.0,5.573375427697019,0.42743268609046936,0.6499885249263188,True,,KI,G20,4,d28,Plate1,/Users/pmihack/claire/tmem_2026/data/cleaved_tmem_pld3_260821/d28/Z60_PLD_TMEMki/PLD3TMEM106B_Plate1_d28_TMEM561LAMP1640MAP2488DAPI405_G20_F4.nd2,14
1,12096,10,0.011822089947089947,0.1667952,77.56109619140625,938179.0,0.8932770064614586,0.0,0.04698498183641117,True,,KI,H20,1,d28,Plate1,/Users/pmihack/claire/tmem_2026/data/cleaved_tmem_pld3_260821/d28/Z60_PLD_TMEMki/PLD3TMEM106B_Plate1_d28_TMEM561LAMP1640MAP2488DAPI405_H20_F1.nd2,14
2,14247,19,0.06050396574717484,0.5291772631578947,150.81455993652344,2148655.0,1.1666354088749298,0.0,0.31359998415086987,True,,KI,H20,1,d28,Plate1,/Users/pmihack/claire/tmem_2026/data/cleaved_tmem_pld3_260821/d28/Z60_PLD_TMEMki/PLD3TMEM106B_Plate1_d28_TMEM561LAMP1640MAP2488DAPI405_H20_F1.nd2,14
3,15262,4,0.002489844057135369,0.11080799999999999,70.55929565429688,1076876.0,16.489695990547386,0.0002952986105810851,0.21002246345554598,False,abnormal_nucleus,KI,H20,1,d28,Plate1,/Users/pmihack/claire/tmem_2026/data/cleaved_tmem_pld3_260821/d28/Z60_PLD_TMEMki/PLD3TMEM106B_Plate1_d28_TMEM561LAMP1640MAP2488DAPI405_H20_F1.nd2,14
4,7897,4,0.027605419779663163,0.6356879999999999,60.54792785644531,478147.0,2.684992800212283,0.00022378054563887417,0.07223952673025502,True,,KI,H20,1,d28,Plate1,/Users/pmihack/claire/tmem_2026/data/cleaved_tmem_pld3_260821/d28/Z60_PLD_TMEMki/PLD3TMEM106B_Plate1_d28_TMEM561LAMP1640MAP2488DAPI405_H20_F1.nd2,14
5,13374,1,0.005458352026319725,0.8514719999999999,63.00321578979492,842605.0,11.38276282782093,0.05513259395956993,0.4524202137800712,True,,KI,H20,1,d28,Plate1,/Users/pmihack/claire/tmem_2026/data/cleaved_tmem_pld3_260821/d28/Z60_PLD_TMEMki/PLD3TMEM106B_Plate1_d28_TMEM561LAMP1640MAP2488DAPI405_H20_F1.nd2,14
6,3504,2,0.019121004566210045,0.390744,107.10273742675781,375288.0,19.82115880816118,0.13924506306648254,0.6237797128424727,True,,KI,H20,1,d28,Plate1,/Users/pmihack/claire/tmem_2026/data/cleaved_tmem_pld3_260821/d28/Z60_PLD_TMEMki/PLD3TMEM106B_Plate1_d28_TMEM561LAMP1640MAP2488DAPI405_H20_F1.nd2,14
7,2151,5,0.03626220362622036,0.1819584,143.0330047607422,307664.0,54.819454228858206,0.0,0.046402384702568626,True,,KI,H20,1,d28,Plate1,/Users/pmihack/claire/tmem_2026/data/cleaved_tmem_pld3_260821/d28/Z60_PLD_TMEMki/PLD3TMEM106B_Plate1_d28_TMEM561LAMP1640MAP2488DAPI405_H20_F1.nd2,14
8,13963,22,0.028933610255675715,0.21419345454545452,149.0730438232422,2081507.0,3.2130236090458593,0.0,0.3859484612748361,True,,KI,H20,1,d28,Plate1,/Users/pmihack/claire/tmem_2026/data/cleaved_tmem_pld3_260821/d28/Z60_PLD_TMEMki/PLD3TMEM106B_Plate1_d28_TMEM561LAMP1640MAP2488DAPI405_H20_F1.nd2,14
9,7153,0,0.0,0.0,50.02446365356445,357825.0,,0.0,0.2132913343599003,True,,KI,H20,1,d28,Plate1,/Users/pmihack/claire/tmem_2026/data/cleaved_tmem_pld3_260821/d28/Z60_PLD_TMEMki/PLD3TMEM106B_Plate1_d28_TMEM561LAMP1640MAP2488DAPI405_H20_F1.nd2,14
10,4753,2,0.00273511466442247,0.075816,53.956871032714844,256457.0,,0.0,0.03484898155743366,True,,KI,H20,1,d28,Plate1,/Users/pmihack/claire/tmem_2026/data/cleaved_tmem_pld3_260821/d28/Z60_PLD_TMEMki/PLD3TMEM106B_Plate1_d28_TMEM561LAMP1640MAP2488DAPI405_H20_F1.nd2,14
1,29737,0,0.0,0.0,88.12862396240234,2620681.0,,0.0,0.041238324049538554,True,,KI,H20,2,d28,Plate1,/Users/pmihack/claire/tmem_2026/data/cleaved_tmem_pld3_260821/d28/Z60_PLD_TMEMki/PLD3TMEM106B_Plate1_d28_TMEM561LAMP1640MAP2488DAPI405_H20_F2.nd2,11
2,6778,0,0.0,0.0,48.29374313354492,327335.0,,0.002016283106058836,0.07168263164050359,True,,KI,H20,2,d28,Plate1,/Users/pmihack/claire/tmem_2026/data/cleaved_tmem_pld3_260821/d28/Z60_PLD_TMEMki/PLD3TMEM106B_Plate1_d28_TMEM561LAMP1640MAP2488DAPI405_H20_F2.nd2,11
3,15055,0,0.0,0.0,321.9838562011719,4847467.0,,0.0,0.08380296488968934,True,,KI,H20,2,d28,Plate1,/Users/pmihack/claire/tmem_2026/data/cleaved_tmem_pld3_260821/d28/Z60_PLD_TMEMki/PLD3TMEM106B_Plate1_d28_TMEM561LAMP1640MAP2488DAPI405_H20_F2.nd2,11
4,9165,0,0.0,0.0,116.59890747070312,1068629.0,,0.0,0.20792826400856226,True,,KI,H20,2,d28,Plate1,/Users/pmihack/claire/tmem_2026/data/cleaved_tmem_pld3_260821/d28/Z60_PLD_TMEMki/PLD3TMEM106B_Plate1_d28_TMEM561LAMP1640MAP2488DAPI405_H20_F2.nd2,11
5,5929,0,0.0,0.0,118.73992156982422,704009.0,,0.0,0.03766006872524532,True,,KI,H20,2,d28,Plate1,/Users/pmihack/claire/tmem_2026/data/cleaved_tmem_pld3_260821/d28/Z60_PLD_TMEMki/PLD3TMEM106B_Plate1_d28_TMEM561LAMP1640MAP2488DAPI405_H20_F2.nd2,11
6,5325,0,0.0,0.0,93.97370910644531,500410.0,,0.0,0.06691912721438285,True,,KI,H20,2,d28,Plate1,/Users/pmihack/claire/tmem_2026/data/cleaved_tmem_pld3_260821/d28/Z60_PLD_TMEMki/PLD3TMEM106B_Plate1_d28_TMEM561LAMP1640MAP2488DAPI405_H20_F2.nd2,11
7,12340,0,0.0,0.0,61.936546325683594,764297.0,,0.0,0.09124637111517934,True,,KI,H20,2,d28,Plate1,/Users/pmihack/claire/tmem_2026/data/cleaved_tmem_pld3_260821/d28/Z60_PLD_TMEMki/PLD3TMEM106B_Plate1_d28_TMEM561LAMP1640MAP2488DAPI405_H20_F2.nd2,11
8,2568,0,0.0,0.0,181.8142547607422,466899.0,,0.0,0.8835503409509907,True,,KI,H20,2,d28,Plate1,/Users/pmihack/claire/tmem_2026/data/cleaved_tmem_pld3_260821/d28/Z60_PLD_TMEMki/PLD3TMEM106B_Plate1_d28_TMEM561LAMP1640MAP2488DAPI405_H20_F2.nd2,11
9,5166,0,0.0,0.0,21.31087875366211,110092.0,,0.0,0.02184398165025691,True,,KI,H20,2,d28,Plate1,/Users/pmihack/claire/tmem_2026/data/cleaved_tmem_pld3_260821/d28/Z60_PLD_TMEMki/PLD3TMEM106B_Plate1_d28_TMEM561LAMP1640MAP2488DAPI405_H20_F2.nd2,11
10,3265,0,0.0,0.0,314.1586608886719,1025728.0,,0.0,0.034036251809596234,True,,KI,H20,2,d28,Plate1,/Users/pmihack/claire/tmem_2026/data/cleaved_tmem_pld3_260821/d28/Z60_PLD_TMEMki/PLD3TMEM106B_Plate1_d28_TMEM561LAMP1640MAP2488DAPI405_H20_F2.nd2,11
11,14702,0,0.0,0.0,676.68408203125,9948609.0,,0.0005819909274578094,-0.022918386077041084,True,,KI,H20,2,d28,Plate1,/Users/pmihack/claire/tmem_2026/data/cleaved_tmem_pld3_260821/d28/Z60_PLD_TMEMki/PLD3TMEM106B_Plate1_d28_TMEM561LAMP1640MAP2488DAPI405_H20_F2.nd2,11
12,18956,1,0.00021101498206372652,0.046655999999999996,368.4615478515625,6984557.0,7.432587547796333,0.013399560935795307,0.20762852048635622,True,,KI,H20,2,d28,Plate1,/Users/pmihack/claire/tmem_2026/data/cleaved_tmem_pld3_260821/d28/Z60_PLD_TMEMki/PLD3TMEM106B_Plate1_d28_TMEM561LAMP1640MAP2488DAPI405_H20_F2.nd2,11
1,25089,0,0.0,0.0,190.55091857910156,4780732.0,,0.000993989990092814,-0.01549036831091802,True,,KI,H20,3,d28,Plate1,/Users/pmihack/claire/tmem_2026/data/cleaved_tmem_pld3_260821/d28/Z60_PLD_TMEMki/PLD3TMEM106B_Plate1_d28_TMEM561LAMP1640MAP2488DAPI405_H20_F3.nd2,13
2,17311,0,0.0,0.0,270.9476623535156,4690375.0,,0.0007532446761615574,0.01182354963223169,False,abnormal_nucleus,KI,H20,3,d28,Plate1,/Users/pmihack/claire/tmem_2026/data/cleaved_tmem_pld3_260821/d28/Z60_PLD_TMEMki/PLD3TMEM106B_Plate1_d28_TMEM561LAMP1640MAP2488DAPI405_H20_F3.nd2,13
3,4217,0,0.0,0.0,111.65899658203125,470866.0,,0.0,0.2582717050966208,True,,KI,H20,3,d28,Plate1,/Users/pmihack/claire/tmem_2026/data/cleaved_tmem_pld3_260821/d28/Z60_PLD_TMEMki/PLD3TMEM106B_Plate1_d28_TMEM561LAMP1640MAP2488DAPI405_H20_F3.nd2,13
4,15246,0,0.0,0.0,174.70745849609375,2663590.0,,0.0,0.23121677616597464,True,,KI,H20,3,d28,Plate1,/Users/pmihack/claire/tmem_2026/data/cleaved_tmem_pld3_260821/d28/Z60_PLD_TMEMki/PLD3TMEM106B_Plate1_d28_TMEM561LAMP1640MAP2488DAPI405_H20_F3.nd2,13
5,4384,0,0.0,0.0,43.55862045288086,190961.0,,0.0,0.016431898853747257,True,,KI,H20,3,d28,Plate1,/Users/pmihack/claire/tmem_2026/data/cleaved_tmem_pld3_260821/d28/Z60_PLD_TMEMki/PLD3TMEM106B_Plate1_d28_TMEM561LAMP1640MAP2488DAPI405_H20_F3.nd2,13
6,12006,0,0.0,0.0,227.74154663085938,2734265.0,,0.0,0.12490029727584043,True,,KI,H20,3,d28,Plate1,/Users/pmihack/claire/tmem_2026/data/cleaved_tmem_pld3_260821/d28/Z60_PLD_TMEMki/PLD3TMEM106B_Plate1_d28_TMEM561LAMP1640MAP2488DAPI405_H20_F3.nd2,13
7,3407,0,0.0,0.0,336.8658752441406,1147702.0,,0.0,-0.04605676157277972,True,,KI,H20,3,d28,Plate1,/Users/pmihack/claire/tmem_2026/data/cleaved_tmem_pld3_260821/d28/Z60_PLD_TMEMki/PLD3TMEM106B_Plate1_d28_TMEM561LAMP1640MAP2488DAPI405_H20_F3.nd2,13
8,14137,0,0.0,0.0,98.98196411132812,1399308.0,,0.0,0.19266018121059347,False,abnormal_nucleus,KI,H20,3,d28,Plate1,/Users/pmihack/claire/tmem_2026/data/cleaved_tmem_pld3_260821/d28/Z60_PLD_TMEMki/PLD3TMEM106B_Plate1_d28_TMEM561LAMP1640MAP2488DAPI405_H20_F3.nd2,13
1,16321,0,0.0,0.0,266.82421875,4354838.0,,0.00026453338796272874,0.07155451575910791,True,,KI,H20,4,d28,Plate1,/Users/pmihack/claire/tmem_2026/data/cleaved_tmem_pld3_260821/d28/Z60_PLD_TMEMki/PLD3TMEM106B_Plate1_d28_TMEM561LAMP1640MAP2488DAPI405_H20_F4.nd2,15
2,27752,1,0.02453877198039781,7.943184,514.4867553710938,14278036.0,0.8688496593647441,0.4448307156562805,0.7512518155579611,True,,KI,H20,4,d28,Plate1,/Users/pmihack/claire/tmem_2026/data/cleaved_tmem_pld3_260821/d28/Z60_PLD_TMEMki/PLD3TMEM106B_Plate1_d28_TMEM561LAMP1640MAP2488DAPI405_H20_F4.nd2,15
3,17247,0,0.0,0.0,133.8769073486328,2308975.0,,0.0,0.1894428480681968,True,,KI,H20,4,d28,Plate1,/Users/pmihack/claire/tmem_2026/data/cleaved_tmem_pld3_260821/d28/Z60_PLD_TMEMki/PLD3TMEM106B_Plate1_d28_TMEM561LAMP1640MAP2488DAPI405_H20_F4.nd2,15
4,18347,3,0.0008720771788303265,0.06220799999999999,521.79345703125,9573344.0,13.630846367370848,1.8906664990936406e-05,0.36149928746400317,True,,KI,H20,4,d28,Plate1,/Users/pmihack/claire/tmem_2026/data/cleaved_tmem_pld3_260821/d28/Z60_PLD_TMEMki/PLD3TMEM106B_Plate1_d28_TMEM561LAMP1640MAP2488DAPI405_H20_F4.nd2,15
5,7636,0,0.0,0.0,14.624410629272461,111672.0,,0.0,0.15197435819253366,True,,KI,H20,4,d28,Plate1,/Users/pmihack/claire/tmem_2026/data/cleaved_tmem_pld3_260821/d28/Z60_PLD_TMEMki/PLD3TMEM106B_Plate1_d28_TMEM561LAMP1640MAP2488DAPI405_H20_F4.nd2,15
6,15116,0,0.0,0.0,135.3456573486328,2045885.0,,0.0003382399445399642,0.037927170175880216,True,,KI,H20,4,d28,Plate1,/Users/pmihack/claire/tmem_2026/data/cleaved_tmem_pld3_260821/d28/Z60_PLD_TMEMki/PLD3TMEM106B_Plate1_d28_TMEM561LAMP1640MAP2488DAPI405_H20_F4.nd2,15
7,19754,0,0.0,0.0,83.7018814086914,1653447.0,,0.0,0.16090519422524294,True,,KI,H20,4,d28,Plate1,/Users/pmihack/claire/tmem_2026/data/cleaved_tmem_pld3_260821/d28/Z60_PLD_TMEMki/PLD3TMEM106B_Plate1_d28_TMEM561LAMP1640MAP2488DAPI405_H20_F4.nd2,15
8,12405,0,0.0,0.0,146.0726318359375,1812031.0,,0.0032411145512014627,0.2519142967318277,True,,KI,H20,4,d28,Plate1,/Users/pmihack/claire/tmem_2026/data/cleaved_tmem_pld3_260821/d28/Z60_PLD_TMEMki/PLD3TMEM106B_Plate1_d28_TMEM561LAMP1640MAP2488DAPI405_H20_F4.nd2,15
9,16077,0,0.0,0.0,123.82024383544922,1990658.0,,1.3061007848591544e-05,0.0032665025017474592,True,,KI,H20,4,d28,Plate1,/Users/pmihack/claire/tmem_2026/data/cleaved_tmem_pld3_260821/d28/Z60_PLD_TMEMki/PLD3TMEM106B_Plate1_d28_TMEM561LAMP1640MAP2488DAPI405_H20_F4.nd2,15
10,4826,0,0.0,0.0,72.88727569580078,351754.0,,0.0,0.38903655468926146,False,abnormal_nucleus,KI,H20,4,d28,Plate1,/Users/pmihack/claire/tmem_2026/data/cleaved_tmem_pld3_260821/d28/Z60_PLD_TMEMki/PLD3TMEM106B_Plate1_d28_TMEM561LAMP1640MAP2488DAPI405_H20_F4.nd2,15
