cell_id,cell_area_px,n_lysosomes,lyso_area_frac,lyso_mean_size_um2,lamp1_mean,lamp1_integrated,perinuclear_index,tmem_manders_m1,tmem_pearson,qc_pass,qc_reason,condition,well,fov,timepoint,plate,file_path,n_z_slices
1,18592,1,0.00048407917383821,0.10497599999999999,86.80970001220703,1613966.0,4.9038801929811,6.195917308104981e-07,-0.02807598900940681,True,,KO,C8,1,d7,Plate1,/Users/pmihack/claire/tmem_2026/data/cleaved_tmem_pld3_260821/d7/TMEM_KO/TMEMKO_Plate1_d7_TMEM561LAMP1640MAP2488DAPI405_C8_F1.nd2,13
2,10578,0,0.0,0.0,43.71506881713867,462418.0,,0.0,-0.030478989913805675,True,,KO,C8,1,d7,Plate1,/Users/pmihack/claire/tmem_2026/data/cleaved_tmem_pld3_260821/d7/TMEM_KO/TMEMKO_Plate1_d7_TMEM561LAMP1640MAP2488DAPI405_C8_F1.nd2,13
3,8234,1,0.16966237551615254,16.294608,1874.8123779296875,15437205.0,8.698455507564079,0.0,0.11934391236690417,True,,KO,C8,1,d7,Plate1,/Users/pmihack/claire/tmem_2026/data/cleaved_tmem_pld3_260821/d7/TMEM_KO/TMEMKO_Plate1_d7_TMEM561LAMP1640MAP2488DAPI405_C8_F1.nd2,13
4,22060,10,0.08195829555757027,2.1088512,918.5858764648438,20264004.0,10.420811327805076,0.0019404852064326406,0.01101389092938579,True,,KO,C8,1,d7,Plate1,/Users/pmihack/claire/tmem_2026/data/cleaved_tmem_pld3_260821/d7/TMEM_KO/TMEMKO_Plate1_d7_TMEM561LAMP1640MAP2488DAPI405_C8_F1.nd2,13
5,21241,10,0.0630855421119533,1.562976,763.75,16222814.0,7.507426435017631,0.0,0.19657196078779982,True,,KO,C8,1,d7,Plate1,/Users/pmihack/claire/tmem_2026/data/cleaved_tmem_pld3_260821/d7/TMEM_KO/TMEMKO_Plate1_d7_TMEM561LAMP1640MAP2488DAPI405_C8_F1.nd2,13
6,24219,6,0.12448903753251579,5.86116,1197.525634765625,29002874.0,8.153051538251932,0.0,0.09110870758572696,True,,KO,C8,1,d7,Plate1,/Users/pmihack/claire/tmem_2026/data/cleaved_tmem_pld3_260821/d7/TMEM_KO/TMEMKO_Plate1_d7_TMEM561LAMP1640MAP2488DAPI405_C8_F1.nd2,13
7,12895,7,0.09398991857309034,2.0195382857142854,947.2303466796875,12214535.0,17.122400376918506,0.0,0.445098132140283,True,,KO,C8,1,d7,Plate1,/Users/pmihack/claire/tmem_2026/data/cleaved_tmem_pld3_260821/d7/TMEM_KO/TMEMKO_Plate1_d7_TMEM561LAMP1640MAP2488DAPI405_C8_F1.nd2,13
8,18732,6,0.09230194319880418,3.361176,927.1007690429688,17366452.0,6.409044028582782,0.0,0.14610598536625802,True,,KO,C8,1,d7,Plate1,/Users/pmihack/claire/tmem_2026/data/cleaved_tmem_pld3_260821/d7/TMEM_KO/TMEMKO_Plate1_d7_TMEM561LAMP1640MAP2488DAPI405_C8_F1.nd2,13
9,19870,13,0.04001006542526422,0.7132984615384614,579.4769897460938,11514208.0,12.891633582711622,0.0,0.15271032963148437,True,,KO,C8,1,d7,Plate1,/Users/pmihack/claire/tmem_2026/data/cleaved_tmem_pld3_260821/d7/TMEM_KO/TMEMKO_Plate1_d7_TMEM561LAMP1640MAP2488DAPI405_C8_F1.nd2,13
10,10643,5,0.08569012496476558,2.1275136,991.9661865234375,10557496.0,21.206731033852105,0.0,0.1449000403411187,True,,KO,C8,1,d7,Plate1,/Users/pmihack/claire/tmem_2026/data/cleaved_tmem_pld3_260821/d7/TMEM_KO/TMEMKO_Plate1_d7_TMEM561LAMP1640MAP2488DAPI405_C8_F1.nd2,13
11,11795,7,0.1383637134378974,2.7193782857142854,1576.9271240234375,18599856.0,23.163285046080897,0.0,0.5569947732222693,True,,KO,C8,1,d7,Plate1,/Users/pmihack/claire/tmem_2026/data/cleaved_tmem_pld3_260821/d7/TMEM_KO/TMEMKO_Plate1_d7_TMEM561LAMP1640MAP2488DAPI405_C8_F1.nd2,13
12,12432,6,0.07987451737451738,1.9303919999999999,923.5521240234375,11481600.0,21.374295413856558,0.0,0.03828294922829447,True,,KO,C8,1,d7,Plate1,/Users/pmihack/claire/tmem_2026/data/cleaved_tmem_pld3_260821/d7/TMEM_KO/TMEMKO_Plate1_d7_TMEM561LAMP1640MAP2488DAPI405_C8_F1.nd2,13
13,16233,8,0.05211605987802624,1.2334679999999998,640.717041015625,10400760.0,13.040674941875704,0.0,0.28009116429001324,True,,KO,C8,1,d7,Plate1,/Users/pmihack/claire/tmem_2026/data/cleaved_tmem_pld3_260821/d7/TMEM_KO/TMEMKO_Plate1_d7_TMEM561LAMP1640MAP2488DAPI405_C8_F1.nd2,13
14,26719,8,0.02039746996519331,0.7946099999999999,384.0882873535156,10262455.0,11.605561274384087,0.0,0.1690934422858424,True,,KO,C8,1,d7,Plate1,/Users/pmihack/claire/tmem_2026/data/cleaved_tmem_pld3_260821/d7/TMEM_KO/TMEMKO_Plate1_d7_TMEM561LAMP1640MAP2488DAPI405_C8_F1.nd2,13
15,390,0,0.0,0.0,158.4871826171875,61810.0,,0.0,0.7200927985507448,False,size_outlier,KO,C8,1,d7,Plate1,/Users/pmihack/claire/tmem_2026/data/cleaved_tmem_pld3_260821/d7/TMEM_KO/TMEMKO_Plate1_d7_TMEM561LAMP1640MAP2488DAPI405_C8_F1.nd2,13
16,15025,2,0.12905158069883527,11.308247999999999,1265.251220703125,19010400.0,13.970616285381535,0.0,0.12888676301532417,True,,KO,C8,1,d7,Plate1,/Users/pmihack/claire/tmem_2026/data/cleaved_tmem_pld3_260821/d7/TMEM_KO/TMEMKO_Plate1_d7_TMEM561LAMP1640MAP2488DAPI405_C8_F1.nd2,13
17,280,0,0.0,0.0,12.899999618530273,3612.0,,0.0,0.10102416320350276,False,size_outlier,KO,C8,1,d7,Plate1,/Users/pmihack/claire/tmem_2026/data/cleaved_tmem_pld3_260821/d7/TMEM_KO/TMEMKO_Plate1_d7_TMEM561LAMP1640MAP2488DAPI405_C8_F1.nd2,13
18,21557,5,0.07649487405483138,3.8467871999999996,928.227294921875,20009796.0,13.425633713747782,0.0,0.2629225992302351,True,,KO,C8,1,d7,Plate1,/Users/pmihack/claire/tmem_2026/data/cleaved_tmem_pld3_260821/d7/TMEM_KO/TMEMKO_Plate1_d7_TMEM561LAMP1640MAP2488DAPI405_C8_F1.nd2,13
19,12986,4,0.11666409979978438,4.417739999999999,1257.2117919921875,16326153.0,19.138368712086084,0.0,0.27610647508388275,True,,KO,C8,1,d7,Plate1,/Users/pmihack/claire/tmem_2026/data/cleaved_tmem_pld3_260821/d7/TMEM_KO/TMEMKO_Plate1_d7_TMEM561LAMP1640MAP2488DAPI405_C8_F1.nd2,13
1,9442,3,0.00593094683329803,0.217728,181.6651153564453,1715282.0,12.354615628492331,0.0,-0.039648775838594615,True,,KO,C8,2,d7,Plate1,/Users/pmihack/claire/tmem_2026/data/cleaved_tmem_pld3_260821/d7/TMEM_KO/TMEMKO_Plate1_d7_TMEM561LAMP1640MAP2488DAPI405_C8_F2.nd2,12
2,8635,0,0.0,0.0,89.87249755859375,776049.0,,0.0,-0.05702905302921011,True,,KO,C8,2,d7,Plate1,/Users/pmihack/claire/tmem_2026/data/cleaved_tmem_pld3_260821/d7/TMEM_KO/TMEMKO_Plate1_d7_TMEM561LAMP1640MAP2488DAPI405_C8_F2.nd2,12
3,12615,3,0.0053111375346809354,0.26049599999999995,163.55726623535156,2063275.0,15.490423893828126,0.0,-0.023649960910139812,True,,KO,C8,2,d7,Plate1,/Users/pmihack/claire/tmem_2026/data/cleaved_tmem_pld3_260821/d7/TMEM_KO/TMEMKO_Plate1_d7_TMEM561LAMP1640MAP2488DAPI405_C8_F2.nd2,12
4,18731,1,0.0007474240563771288,0.163296,118.99177551269531,2228835.0,7.364193312743691,0.0,0.020802581148615853,True,,KO,C8,2,d7,Plate1,/Users/pmihack/claire/tmem_2026/data/cleaved_tmem_pld3_260821/d7/TMEM_KO/TMEMKO_Plate1_d7_TMEM561LAMP1640MAP2488DAPI405_C8_F2.nd2,12
5,8618,0,0.0,0.0,30.209213256835938,260343.0,,0.0,-0.02607503509292642,True,,KO,C8,2,d7,Plate1,/Users/pmihack/claire/tmem_2026/data/cleaved_tmem_pld3_260821/d7/TMEM_KO/TMEMKO_Plate1_d7_TMEM561LAMP1640MAP2488DAPI405_C8_F2.nd2,12
6,15493,1,0.00019363583553863036,0.034991999999999995,91.07894134521484,1411086.0,10.381190179279738,0.0,-0.0028275709810846312,True,,KO,C8,2,d7,Plate1,/Users/pmihack/claire/tmem_2026/data/cleaved_tmem_pld3_260821/d7/TMEM_KO/TMEMKO_Plate1_d7_TMEM561LAMP1640MAP2488DAPI405_C8_F2.nd2,12
7,10203,0,0.0,0.0,74.37714385986328,758870.0,,0.0,-0.09285047084600703,True,,KO,C8,2,d7,Plate1,/Users/pmihack/claire/tmem_2026/data/cleaved_tmem_pld3_260821/d7/TMEM_KO/TMEMKO_Plate1_d7_TMEM561LAMP1640MAP2488DAPI405_C8_F2.nd2,12
8,17577,1,0.0002844626500540479,0.05832,156.55038452148438,2751686.0,20.546196020518153,0.0,0.05148710837843416,True,,KO,C8,2,d7,Plate1,/Users/pmihack/claire/tmem_2026/data/cleaved_tmem_pld3_260821/d7/TMEM_KO/TMEMKO_Plate1_d7_TMEM561LAMP1640MAP2488DAPI405_C8_F2.nd2,12
9,8120,6,0.023399014778325122,0.36935999999999997,502.5023498535156,4080319.0,25.601921484712186,0.0,0.047171957580912395,True,,KO,C8,2,d7,Plate1,/Users/pmihack/claire/tmem_2026/data/cleaved_tmem_pld3_260821/d7/TMEM_KO/TMEMKO_Plate1_d7_TMEM561LAMP1640MAP2488DAPI405_C8_F2.nd2,12
10,18956,6,0.0216817894070479,0.7989839999999999,393.83197021484375,7465479.0,2.960925153134061,0.0,0.031126714778563852,True,,KO,C8,2,d7,Plate1,/Users/pmihack/claire/tmem_2026/data/cleaved_tmem_pld3_260821/d7/TMEM_KO/TMEMKO_Plate1_d7_TMEM561LAMP1640MAP2488DAPI405_C8_F2.nd2,12
11,4100,2,0.002926829268292683,0.06998399999999999,116.44975280761719,477444.0,43.965822822949356,0.0,0.05682913097669147,True,,KO,C8,2,d7,Plate1,/Users/pmihack/claire/tmem_2026/data/cleaved_tmem_pld3_260821/d7/TMEM_KO/TMEMKO_Plate1_d7_TMEM561LAMP1640MAP2488DAPI405_C8_F2.nd2,12
12,1106,0,0.0,0.0,8.08227825164795,8939.0,,0.0,0.07920595071863074,False,size_outlier,KO,C8,2,d7,Plate1,/Users/pmihack/claire/tmem_2026/data/cleaved_tmem_pld3_260821/d7/TMEM_KO/TMEMKO_Plate1_d7_TMEM561LAMP1640MAP2488DAPI405_C8_F2.nd2,12
13,9335,0,0.0,0.0,178.9854278564453,1670829.0,,0.0,0.016076347375388465,True,,KO,C8,2,d7,Plate1,/Users/pmihack/claire/tmem_2026/data/cleaved_tmem_pld3_260821/d7/TMEM_KO/TMEMKO_Plate1_d7_TMEM561LAMP1640MAP2488DAPI405_C8_F2.nd2,12
14,9617,1,0.0007278777165436207,0.081648,156.37974548339844,1503904.0,10.918184625775266,0.0,-0.04956470960047286,True,,KO,C8,2,d7,Plate1,/Users/pmihack/claire/tmem_2026/data/cleaved_tmem_pld3_260821/d7/TMEM_KO/TMEMKO_Plate1_d7_TMEM561LAMP1640MAP2488DAPI405_C8_F2.nd2,12
15,8776,1,0.0005697356426618049,0.05832,76.1229476928711,668055.0,10.388839829791987,0.0,0.03404222940229115,True,,KO,C8,2,d7,Plate1,/Users/pmihack/claire/tmem_2026/data/cleaved_tmem_pld3_260821/d7/TMEM_KO/TMEMKO_Plate1_d7_TMEM561LAMP1640MAP2488DAPI405_C8_F2.nd2,12
16,14069,1,0.00035539128580567203,0.05832,194.7933807373047,2740548.0,13.030131936506464,0.0,-0.04947871236370099,True,,KO,C8,2,d7,Plate1,/Users/pmihack/claire/tmem_2026/data/cleaved_tmem_pld3_260821/d7/TMEM_KO/TMEMKO_Plate1_d7_TMEM561LAMP1640MAP2488DAPI405_C8_F2.nd2,12
17,9551,1,0.00041880431368443097,0.046655999999999996,160.27923583984375,1530827.0,29.131048991676114,0.0,-0.05682069683033457,True,,KO,C8,2,d7,Plate1,/Users/pmihack/claire/tmem_2026/data/cleaved_tmem_pld3_260821/d7/TMEM_KO/TMEMKO_Plate1_d7_TMEM561LAMP1640MAP2488DAPI405_C8_F2.nd2,12
18,6884,0,0.0,0.0,271.8002624511719,1871073.0,,0.0,0.03652194542426045,True,,KO,C8,2,d7,Plate1,/Users/pmihack/claire/tmem_2026/data/cleaved_tmem_pld3_260821/d7/TMEM_KO/TMEMKO_Plate1_d7_TMEM561LAMP1640MAP2488DAPI405_C8_F2.nd2,12
19,9082,6,0.017947588636864128,0.316872,378.45001220703125,3437083.0,26.35613451170883,0.0,-0.021554903674641735,True,,KO,C8,2,d7,Plate1,/Users/pmihack/claire/tmem_2026/data/cleaved_tmem_pld3_260821/d7/TMEM_KO/TMEMKO_Plate1_d7_TMEM561LAMP1640MAP2488DAPI405_C8_F2.nd2,12
20,3307,0,0.0,0.0,19.10825538635254,63191.0,,0.0,-0.0861910145158475,True,,KO,C8,2,d7,Plate1,/Users/pmihack/claire/tmem_2026/data/cleaved_tmem_pld3_260821/d7/TMEM_KO/TMEMKO_Plate1_d7_TMEM561LAMP1640MAP2488DAPI405_C8_F2.nd2,12
21,13663,10,0.021883920076117985,0.34875359999999994,375.9727783203125,5136916.0,16.974862600218614,0.0,0.08198326741534359,True,,KO,C8,2,d7,Plate1,/Users/pmihack/claire/tmem_2026/data/cleaved_tmem_pld3_260821/d7/TMEM_KO/TMEMKO_Plate1_d7_TMEM561LAMP1640MAP2488DAPI405_C8_F2.nd2,12
22,11269,2,0.0016860413523826427,0.11080799999999999,298.7051086425781,3366108.0,13.648750808500278,0.0,-0.0749072813545175,True,,KO,C8,2,d7,Plate1,/Users/pmihack/claire/tmem_2026/data/cleaved_tmem_pld3_260821/d7/TMEM_KO/TMEMKO_Plate1_d7_TMEM561LAMP1640MAP2488DAPI405_C8_F2.nd2,12
23,6861,0,0.0,0.0,294.14837646484375,2018152.0,,0.0,0.10225814485814647,True,,KO,C8,2,d7,Plate1,/Users/pmihack/claire/tmem_2026/data/cleaved_tmem_pld3_260821/d7/TMEM_KO/TMEMKO_Plate1_d7_TMEM561LAMP1640MAP2488DAPI405_C8_F2.nd2,12
24,17148,7,0.019185910893398647,0.5482079999999999,263.82305908203125,4524038.0,12.337481070230323,0.0,0.03752808935964921,True,,KO,C8,2,d7,Plate1,/Users/pmihack/claire/tmem_2026/data/cleaved_tmem_pld3_260821/d7/TMEM_KO/TMEMKO_Plate1_d7_TMEM561LAMP1640MAP2488DAPI405_C8_F2.nd2,12
25,7655,2,0.001959503592423253,0.08747999999999999,299.7491760253906,2294580.0,30.47612500135966,0.0,0.00815753214455363,False,border,KO,C8,2,d7,Plate1,/Users/pmihack/claire/tmem_2026/data/cleaved_tmem_pld3_260821/d7/TMEM_KO/TMEMKO_Plate1_d7_TMEM561LAMP1640MAP2488DAPI405_C8_F2.nd2,12
1,1743,0,0.0,0.0,115.33390808105469,201027.0,,0.0,-0.0688046292784865,False,size_outlier,KO,C8,3,d7,Plate1,/Users/pmihack/claire/tmem_2026/data/cleaved_tmem_pld3_260821/d7/TMEM_KO/TMEMKO_Plate1_d7_TMEM561LAMP1640MAP2488DAPI405_C8_F3.nd2,14
2,10154,0,0.0,0.0,213.1581573486328,2164408.0,,0.0,-0.06270001756766132,True,,KO,C8,3,d7,Plate1,/Users/pmihack/claire/tmem_2026/data/cleaved_tmem_pld3_260821/d7/TMEM_KO/TMEMKO_Plate1_d7_TMEM561LAMP1640MAP2488DAPI405_C8_F3.nd2,14
3,13353,4,0.02950647794503108,1.148904,417.3132629394531,5572384.0,9.751002297948999,0.0,-0.03258673217878848,True,,KO,C8,3,d7,Plate1,/Users/pmihack/claire/tmem_2026/data/cleaved_tmem_pld3_260821/d7/TMEM_KO/TMEMKO_Plate1_d7_TMEM561LAMP1640MAP2488DAPI405_C8_F3.nd2,14
4,12529,3,0.05738686247904861,2.7954719999999997,621.9664916992188,7792618.0,19.78255477833496,0.0,-0.013305380892920462,True,,KO,C8,3,d7,Plate1,/Users/pmihack/claire/tmem_2026/data/cleaved_tmem_pld3_260821/d7/TMEM_KO/TMEMKO_Plate1_d7_TMEM561LAMP1640MAP2488DAPI405_C8_F3.nd2,14
5,11551,3,0.02363431737511904,1.061424,447.2298583984375,5165952.0,6.4569901489834365,9.465825132792816e-05,-0.029809435818540904,True,,KO,C8,3,d7,Plate1,/Users/pmihack/claire/tmem_2026/data/cleaved_tmem_pld3_260821/d7/TMEM_KO/TMEMKO_Plate1_d7_TMEM561LAMP1640MAP2488DAPI405_C8_F3.nd2,14
6,12657,2,0.0019751915935845776,0.14579999999999999,243.4242706298828,3081021.0,18.194971621912444,0.0,0.004840014333744755,True,,KO,C8,3,d7,Plate1,/Users/pmihack/claire/tmem_2026/data/cleaved_tmem_pld3_260821/d7/TMEM_KO/TMEMKO_Plate1_d7_TMEM561LAMP1640MAP2488DAPI405_C8_F3.nd2,14
7,9807,6,0.052105638829407566,0.9933839999999999,950.5774536132812,9322313.0,9.245620378732935,0.0,0.1659815104700042,True,,KO,C8,3,d7,Plate1,/Users/pmihack/claire/tmem_2026/data/cleaved_tmem_pld3_260821/d7/TMEM_KO/TMEMKO_Plate1_d7_TMEM561LAMP1640MAP2488DAPI405_C8_F3.nd2,14
8,6012,0,0.0,0.0,182.7722930908203,1098827.0,,0.0,0.5360814363856975,True,,KO,C8,3,d7,Plate1,/Users/pmihack/claire/tmem_2026/data/cleaved_tmem_pld3_260821/d7/TMEM_KO/TMEMKO_Plate1_d7_TMEM561LAMP1640MAP2488DAPI405_C8_F3.nd2,14
9,5921,0,0.0,0.0,60.2391471862793,356676.0,,0.0,-0.016232134392406332,True,,KO,C8,3,d7,Plate1,/Users/pmihack/claire/tmem_2026/data/cleaved_tmem_pld3_260821/d7/TMEM_KO/TMEMKO_Plate1_d7_TMEM561LAMP1640MAP2488DAPI405_C8_F3.nd2,14
10,11981,0,0.0,0.0,158.64718627929688,1900752.0,,0.0,0.22355520751347438,True,,KO,C8,3,d7,Plate1,/Users/pmihack/claire/tmem_2026/data/cleaved_tmem_pld3_260821/d7/TMEM_KO/TMEMKO_Plate1_d7_TMEM561LAMP1640MAP2488DAPI405_C8_F3.nd2,14
11,13835,6,0.017564148897723165,0.472392,441.19183349609375,6103889.0,7.517047613525804,0.0,-0.01719576298402,True,,KO,C8,3,d7,Plate1,/Users/pmihack/claire/tmem_2026/data/cleaved_tmem_pld3_260821/d7/TMEM_KO/TMEMKO_Plate1_d7_TMEM561LAMP1640MAP2488DAPI405_C8_F3.nd2,14
12,9176,5,0.008936355710549258,0.19128959999999998,349.68963623046875,3208752.0,10.361859729752686,0.0,0.12358430864578966,True,,KO,C8,3,d7,Plate1,/Users/pmihack/claire/tmem_2026/data/cleaved_tmem_pld3_260821/d7/TMEM_KO/TMEMKO_Plate1_d7_TMEM561LAMP1640MAP2488DAPI405_C8_F3.nd2,14
13,6831,6,0.011125750256185039,0.147744,478.51690673828125,3268749.0,10.940712425699585,0.02333889901638031,0.14230577915742446,True,,KO,C8,3,d7,Plate1,/Users/pmihack/claire/tmem_2026/data/cleaved_tmem_pld3_260821/d7/TMEM_KO/TMEMKO_Plate1_d7_TMEM561LAMP1640MAP2488DAPI405_C8_F3.nd2,14
14,13377,1,0.046123944083127755,7.196687999999999,537.017333984375,7183681.0,9.475970617914443,0.0,0.06349722299359613,True,,KO,C8,3,d7,Plate1,/Users/pmihack/claire/tmem_2026/data/cleaved_tmem_pld3_260821/d7/TMEM_KO/TMEMKO_Plate1_d7_TMEM561LAMP1640MAP2488DAPI405_C8_F3.nd2,14
15,19254,8,0.01765866832865898,0.49571999999999994,465.1820983886719,8956616.0,5.620101461651823,0.0,0.03243782948226298,True,,KO,C8,3,d7,Plate1,/Users/pmihack/claire/tmem_2026/data/cleaved_tmem_pld3_260821/d7/TMEM_KO/TMEMKO_Plate1_d7_TMEM561LAMP1640MAP2488DAPI405_C8_F3.nd2,14
16,5933,0,0.0,0.0,142.06809997558594,842890.0,,0.0,-0.042722903992793444,True,,KO,C8,3,d7,Plate1,/Users/pmihack/claire/tmem_2026/data/cleaved_tmem_pld3_260821/d7/TMEM_KO/TMEMKO_Plate1_d7_TMEM561LAMP1640MAP2488DAPI405_C8_F3.nd2,14
17,11491,0,0.0,0.0,103.09485626220703,1184663.0,,0.0,0.06982165602717084,True,,KO,C8,3,d7,Plate1,/Users/pmihack/claire/tmem_2026/data/cleaved_tmem_pld3_260821/d7/TMEM_KO/TMEMKO_Plate1_d7_TMEM561LAMP1640MAP2488DAPI405_C8_F3.nd2,14
18,7813,0,0.0,0.0,33.71138000488281,263387.0,,0.0,-0.06191844684628525,True,,KO,C8,3,d7,Plate1,/Users/pmihack/claire/tmem_2026/data/cleaved_tmem_pld3_260821/d7/TMEM_KO/TMEMKO_Plate1_d7_TMEM561LAMP1640MAP2488DAPI405_C8_F3.nd2,14
19,10893,0,0.0,0.0,15.939410209655762,173628.0,,0.0,-0.03611501243269665,True,,KO,C8,3,d7,Plate1,/Users/pmihack/claire/tmem_2026/data/cleaved_tmem_pld3_260821/d7/TMEM_KO/TMEMKO_Plate1_d7_TMEM561LAMP1640MAP2488DAPI405_C8_F3.nd2,14
20,4435,0,0.0,0.0,226.9916534423828,1006708.0,,0.0,0.16978279328885745,True,,KO,C8,3,d7,Plate1,/Users/pmihack/claire/tmem_2026/data/cleaved_tmem_pld3_260821/d7/TMEM_KO/TMEMKO_Plate1_d7_TMEM561LAMP1640MAP2488DAPI405_C8_F3.nd2,14
21,6235,0,0.0,0.0,6.656295299530029,41502.0,,0.0,-0.009188871418829176,True,,KO,C8,3,d7,Plate1,/Users/pmihack/claire/tmem_2026/data/cleaved_tmem_pld3_260821/d7/TMEM_KO/TMEMKO_Plate1_d7_TMEM561LAMP1640MAP2488DAPI405_C8_F3.nd2,14
1,4894,0,0.0,0.0,75.43931579589844,369200.0,,0.0,-0.11956382032236652,True,,KO,C8,4,d7,Plate1,/Users/pmihack/claire/tmem_2026/data/cleaved_tmem_pld3_260821/d7/TMEM_KO/TMEMKO_Plate1_d7_TMEM561LAMP1640MAP2488DAPI405_C8_F4.nd2,13
2,14104,5,0.03332387975042541,1.0964159999999998,554.0567626953125,7814417.0,2.613119645919399,0.0,0.018420634548023798,True,,KO,C8,4,d7,Plate1,/Users/pmihack/claire/tmem_2026/data/cleaved_tmem_pld3_260821/d7/TMEM_KO/TMEMKO_Plate1_d7_TMEM561LAMP1640MAP2488DAPI405_C8_F4.nd2,13
3,11485,3,0.008532868959512408,0.3810239999999999,406.9866027832031,4674241.0,10.582794929627447,0.0,-0.026607751554672942,True,,KO,C8,4,d7,Plate1,/Users/pmihack/claire/tmem_2026/data/cleaved_tmem_pld3_260821/d7/TMEM_KO/TMEMKO_Plate1_d7_TMEM561LAMP1640MAP2488DAPI405_C8_F4.nd2,13
4,16645,0,0.0,0.0,124.44596099853516,2071403.0,,0.0,0.022229145885255333,True,,KO,C8,4,d7,Plate1,/Users/pmihack/claire/tmem_2026/data/cleaved_tmem_pld3_260821/d7/TMEM_KO/TMEMKO_Plate1_d7_TMEM561LAMP1640MAP2488DAPI405_C8_F4.nd2,13
5,14955,0,0.0,0.0,210.26834106445312,3144563.0,,0.0,0.09456375352278376,True,,KO,C8,4,d7,Plate1,/Users/pmihack/claire/tmem_2026/data/cleaved_tmem_pld3_260821/d7/TMEM_KO/TMEMKO_Plate1_d7_TMEM561LAMP1640MAP2488DAPI405_C8_F4.nd2,13
6,11939,0,0.0,0.0,115.5378189086914,1379406.0,,0.0,-0.031631362836989106,True,,KO,C8,4,d7,Plate1,/Users/pmihack/claire/tmem_2026/data/cleaved_tmem_pld3_260821/d7/TMEM_KO/TMEMKO_Plate1_d7_TMEM561LAMP1640MAP2488DAPI405_C8_F4.nd2,13
7,6096,0,0.0,0.0,54.078739166259766,329664.0,,0.0,0.06686422321718465,True,,KO,C8,4,d7,Plate1,/Users/pmihack/claire/tmem_2026/data/cleaved_tmem_pld3_260821/d7/TMEM_KO/TMEMKO_Plate1_d7_TMEM561LAMP1640MAP2488DAPI405_C8_F4.nd2,13
8,9070,3,0.019514884233737595,0.6881759999999999,318.16119384765625,2885722.0,3.390815276304712,0.0,0.0369317177164294,True,,KO,C8,4,d7,Plate1,/Users/pmihack/claire/tmem_2026/data/cleaved_tmem_pld3_260821/d7/TMEM_KO/TMEMKO_Plate1_d7_TMEM561LAMP1640MAP2488DAPI405_C8_F4.nd2,13
9,7404,0,0.0,0.0,230.61305236816406,1707459.0,,0.0,-0.002728907771733129,True,,KO,C8,4,d7,Plate1,/Users/pmihack/claire/tmem_2026/data/cleaved_tmem_pld3_260821/d7/TMEM_KO/TMEMKO_Plate1_d7_TMEM561LAMP1640MAP2488DAPI405_C8_F4.nd2,13
10,16136,9,0.03489092711948438,0.729648,500.975830078125,8083746.0,9.988220754547399,0.0,0.027920546930785235,True,,KO,C8,4,d7,Plate1,/Users/pmihack/claire/tmem_2026/data/cleaved_tmem_pld3_260821/d7/TMEM_KO/TMEMKO_Plate1_d7_TMEM561LAMP1640MAP2488DAPI405_C8_F4.nd2,13
11,7820,6,0.04757033248081841,0.7231679999999999,796.4668579101562,6228371.0,4.7204096782418326,0.0,-0.04536339593306413,True,,KO,C8,4,d7,Plate1,/Users/pmihack/claire/tmem_2026/data/cleaved_tmem_pld3_260821/d7/TMEM_KO/TMEMKO_Plate1_d7_TMEM561LAMP1640MAP2488DAPI405_C8_F4.nd2,13
12,11651,1,0.03467513518152948,4.712256,420.5363464355469,4899669.0,11.940762565613944,0.0,0.006003206067138763,True,,KO,C8,4,d7,Plate1,/Users/pmihack/claire/tmem_2026/data/cleaved_tmem_pld3_260821/d7/TMEM_KO/TMEMKO_Plate1_d7_TMEM561LAMP1640MAP2488DAPI405_C8_F4.nd2,13
13,7629,0,0.0,0.0,5.125835418701172,39105.0,,0.0,0.04323173185383774,True,,KO,C8,4,d7,Plate1,/Users/pmihack/claire/tmem_2026/data/cleaved_tmem_pld3_260821/d7/TMEM_KO/TMEMKO_Plate1_d7_TMEM561LAMP1640MAP2488DAPI405_C8_F4.nd2,13
14,15362,0,0.0,0.0,74.83446502685547,1149607.0,,0.0,-0.004617022673108765,True,,KO,C8,4,d7,Plate1,/Users/pmihack/claire/tmem_2026/data/cleaved_tmem_pld3_260821/d7/TMEM_KO/TMEMKO_Plate1_d7_TMEM561LAMP1640MAP2488DAPI405_C8_F4.nd2,13
15,10272,9,0.032515576323987536,0.432864,638.274169921875,6556352.0,15.987567538735114,0.0,0.22699546813441257,True,,KO,C8,4,d7,Plate1,/Users/pmihack/claire/tmem_2026/data/cleaved_tmem_pld3_260821/d7/TMEM_KO/TMEMKO_Plate1_d7_TMEM561LAMP1640MAP2488DAPI405_C8_F4.nd2,13
16,16691,8,0.03067521418728656,0.7464959999999999,595.92236328125,9946540.0,15.370338753202045,0.0,-0.02067464697428457,True,,KO,C8,4,d7,Plate1,/Users/pmihack/claire/tmem_2026/data/cleaved_tmem_pld3_260821/d7/TMEM_KO/TMEMKO_Plate1_d7_TMEM561LAMP1640MAP2488DAPI405_C8_F4.nd2,13
17,8244,6,0.08782144590004852,1.407456,1038.98828125,8565419.0,14.906899940769224,0.0,-0.03228944451738227,True,,KO,C8,4,d7,Plate1,/Users/pmihack/claire/tmem_2026/data/cleaved_tmem_pld3_260821/d7/TMEM_KO/TMEMKO_Plate1_d7_TMEM561LAMP1640MAP2488DAPI405_C8_F4.nd2,13
18,15290,3,0.0057553956834532375,0.34214399999999995,156.99620056152344,2400472.0,17.49985269763811,0.0,-0.01352764757210218,True,,KO,C8,4,d7,Plate1,/Users/pmihack/claire/tmem_2026/data/cleaved_tmem_pld3_260821/d7/TMEM_KO/TMEMKO_Plate1_d7_TMEM561LAMP1640MAP2488DAPI405_C8_F4.nd2,13
19,4754,0,0.0,0.0,79.97286224365234,380191.0,,0.0,0.015082667900200296,True,,KO,C8,4,d7,Plate1,/Users/pmihack/claire/tmem_2026/data/cleaved_tmem_pld3_260821/d7/TMEM_KO/TMEMKO_Plate1_d7_TMEM561LAMP1640MAP2488DAPI405_C8_F4.nd2,13
20,13881,1,0.0056191917008861034,0.9097919999999999,155.21331787109375,2154516.0,6.568108765264598,0.0,-0.0891052963537085,True,,KO,C8,4,d7,Plate1,/Users/pmihack/claire/tmem_2026/data/cleaved_tmem_pld3_260821/d7/TMEM_KO/TMEMKO_Plate1_d7_TMEM561LAMP1640MAP2488DAPI405_C8_F4.nd2,13
21,11802,1,0.0009320454160311811,0.128304,177.51473999023438,2095029.0,30.990182746503685,0.0,-0.04099862784676975,True,,KO,C8,4,d7,Plate1,/Users/pmihack/claire/tmem_2026/data/cleaved_tmem_pld3_260821/d7/TMEM_KO/TMEMKO_Plate1_d7_TMEM561LAMP1640MAP2488DAPI405_C8_F4.nd2,13
22,4779,6,0.031387319522912745,0.29159999999999997,428.322021484375,2046951.0,37.66216389172565,0.0,-0.12845715555847942,True,,KO,C8,4,d7,Plate1,/Users/pmihack/claire/tmem_2026/data/cleaved_tmem_pld3_260821/d7/TMEM_KO/TMEMKO_Plate1_d7_TMEM561LAMP1640MAP2488DAPI405_C8_F4.nd2,13
23,7038,0,0.0,0.0,143.25588989257812,1008235.0,,0.0,-0.05380748684401113,True,,KO,C8,4,d7,Plate1,/Users/pmihack/claire/tmem_2026/data/cleaved_tmem_pld3_260821/d7/TMEM_KO/TMEMKO_Plate1_d7_TMEM561LAMP1640MAP2488DAPI405_C8_F4.nd2,13
24,9584,4,0.011373121869782971,0.31784399999999996,329.2792053222656,3155812.0,4.536253555869621,0.0,-0.06944676132175369,True,,KO,C8,4,d7,Plate1,/Users/pmihack/claire/tmem_2026/data/cleaved_tmem_pld3_260821/d7/TMEM_KO/TMEMKO_Plate1_d7_TMEM561LAMP1640MAP2488DAPI405_C8_F4.nd2,13
25,10660,0,0.0,0.0,95.13395690917969,1014128.0,,0.0,-0.046856505232746114,True,,KO,C8,4,d7,Plate1,/Users/pmihack/claire/tmem_2026/data/cleaved_tmem_pld3_260821/d7/TMEM_KO/TMEMKO_Plate1_d7_TMEM561LAMP1640MAP2488DAPI405_C8_F4.nd2,13
26,10386,1,0.0010591180435201232,0.128304,128.62603759765625,1335910.0,16.04551074600643,0.0,-0.09080951362292078,True,,KO,C8,4,d7,Plate1,/Users/pmihack/claire/tmem_2026/data/cleaved_tmem_pld3_260821/d7/TMEM_KO/TMEMKO_Plate1_d7_TMEM561LAMP1640MAP2488DAPI405_C8_F4.nd2,13
1,304,0,0.0,0.0,5.799342155456543,1763.0,,0.0,0.2542993048272855,False,size_outlier,KO,D8,1,d7,Plate1,/Users/pmihack/claire/tmem_2026/data/cleaved_tmem_pld3_260821/d7/TMEM_KO/TMEMKO_Plate1_d7_TMEM561LAMP1640MAP2488DAPI405_D8_F1.nd2,13
2,13069,7,0.07567526207054863,1.647956571428571,792.5545043945312,10357895.0,0.7994590390646866,0.0,0.10749545238551612,True,,KO,D8,1,d7,Plate1,/Users/pmihack/claire/tmem_2026/data/cleaved_tmem_pld3_260821/d7/TMEM_KO/TMEMKO_Plate1_d7_TMEM561LAMP1640MAP2488DAPI405_D8_F1.nd2,13
3,391,0,0.0,0.0,3.0025575160980225,1174.0,,0.0,0.13447946543864395,False,size_outlier,KO,D8,1,d7,Plate1,/Users/pmihack/claire/tmem_2026/data/cleaved_tmem_pld3_260821/d7/TMEM_KO/TMEMKO_Plate1_d7_TMEM561LAMP1640MAP2488DAPI405_D8_F1.nd2,13
4,630,0,0.0,0.0,0.6301587224006653,397.0,,0.0,0.12706300001094134,False,size_outlier,KO,D8,1,d7,Plate1,/Users/pmihack/claire/tmem_2026/data/cleaved_tmem_pld3_260821/d7/TMEM_KO/TMEMKO_Plate1_d7_TMEM561LAMP1640MAP2488DAPI405_D8_F1.nd2,13
5,12546,11,0.07181571815718157,0.9553876363636362,804.8451538085938,10097587.0,9.52492428137188,0.0,0.07305288167656714,True,,KO,D8,1,d7,Plate1,/Users/pmihack/claire/tmem_2026/data/cleaved_tmem_pld3_260821/d7/TMEM_KO/TMEMKO_Plate1_d7_TMEM561LAMP1640MAP2488DAPI405_D8_F1.nd2,13
6,14326,7,0.011098701661315092,0.26493942857142855,269.6998596191406,3863720.0,8.048969028480846,0.0,0.36922712668862023,True,,KO,D8,1,d7,Plate1,/Users/pmihack/claire/tmem_2026/data/cleaved_tmem_pld3_260821/d7/TMEM_KO/TMEMKO_Plate1_d7_TMEM561LAMP1640MAP2488DAPI405_D8_F1.nd2,13
7,10937,0,0.0,0.0,85.89457702636719,939429.0,,0.0,0.07152544208155999,True,,KO,D8,1,d7,Plate1,/Users/pmihack/claire/tmem_2026/data/cleaved_tmem_pld3_260821/d7/TMEM_KO/TMEMKO_Plate1_d7_TMEM561LAMP1640MAP2488DAPI405_D8_F1.nd2,13
8,16546,0,0.0,0.0,85.70796203613281,1418124.0,,0.0,0.23942950062941815,True,,KO,D8,1,d7,Plate1,/Users/pmihack/claire/tmem_2026/data/cleaved_tmem_pld3_260821/d7/TMEM_KO/TMEMKO_Plate1_d7_TMEM561LAMP1640MAP2488DAPI405_D8_F1.nd2,13
9,8142,0,0.0,0.0,25.400760650634766,206813.0,,0.0,0.04306898839043714,True,,KO,D8,1,d7,Plate1,/Users/pmihack/claire/tmem_2026/data/cleaved_tmem_pld3_260821/d7/TMEM_KO/TMEMKO_Plate1_d7_TMEM561LAMP1640MAP2488DAPI405_D8_F1.nd2,13
10,9915,0,0.0,0.0,81.25597381591797,805653.0,,0.0,0.14091574135715887,True,,KO,D8,1,d7,Plate1,/Users/pmihack/claire/tmem_2026/data/cleaved_tmem_pld3_260821/d7/TMEM_KO/TMEMKO_Plate1_d7_TMEM561LAMP1640MAP2488DAPI405_D8_F1.nd2,13
11,9772,3,0.004297994269340974,0.163296,263.541748046875,2575330.0,11.131297729652552,0.0,0.22622869668482787,True,,KO,D8,1,d7,Plate1,/Users/pmihack/claire/tmem_2026/data/cleaved_tmem_pld3_260821/d7/TMEM_KO/TMEMKO_Plate1_d7_TMEM561LAMP1640MAP2488DAPI405_D8_F1.nd2,13
12,21233,7,0.0032025620496397116,0.11330742857142856,174.9132080078125,3713932.0,13.344116700573576,0.0,0.17901864711999302,True,,KO,D8,1,d7,Plate1,/Users/pmihack/claire/tmem_2026/data/cleaved_tmem_pld3_260821/d7/TMEM_KO/TMEMKO_Plate1_d7_TMEM561LAMP1640MAP2488DAPI405_D8_F1.nd2,13
13,17717,8,0.013151210701586048,0.33971399999999996,309.92059326171875,5490863.0,7.854326438196347,0.0,0.011337968252439861,True,,KO,D8,1,d7,Plate1,/Users/pmihack/claire/tmem_2026/data/cleaved_tmem_pld3_260821/d7/TMEM_KO/TMEMKO_Plate1_d7_TMEM561LAMP1640MAP2488DAPI405_D8_F1.nd2,13
14,9637,1,0.0003113001971567915,0.034991999999999995,86.74494171142578,835961.0,0.34711745490273127,0.0,0.12874038342235514,True,,KO,D8,1,d7,Plate1,/Users/pmihack/claire/tmem_2026/data/cleaved_tmem_pld3_260821/d7/TMEM_KO/TMEMKO_Plate1_d7_TMEM561LAMP1640MAP2488DAPI405_D8_F1.nd2,13
15,13431,11,0.015784379420743056,0.2247970909090909,367.9951477050781,4942543.0,0.8058672938717814,0.0,0.2386935989069788,True,,KO,D8,1,d7,Plate1,/Users/pmihack/claire/tmem_2026/data/cleaved_tmem_pld3_260821/d7/TMEM_KO/TMEMKO_Plate1_d7_TMEM561LAMP1640MAP2488DAPI405_D8_F1.nd2,13
16,26719,8,0.059994760282944724,2.3371739999999996,590.817138671875,15786043.0,2.603580186506482,0.0,0.13479868978770512,True,,KO,D8,1,d7,Plate1,/Users/pmihack/claire/tmem_2026/data/cleaved_tmem_pld3_260821/d7/TMEM_KO/TMEMKO_Plate1_d7_TMEM561LAMP1640MAP2488DAPI405_D8_F1.nd2,13
17,18063,4,0.017383601838011405,0.9156239999999999,340.5232849121094,6150872.0,2.9570196863198426,0.0,0.08367539184074305,True,,KO,D8,1,d7,Plate1,/Users/pmihack/claire/tmem_2026/data/cleaved_tmem_pld3_260821/d7/TMEM_KO/TMEMKO_Plate1_d7_TMEM561LAMP1640MAP2488DAPI405_D8_F1.nd2,13
18,11588,2,0.0007766655160510873,0.05248799999999999,142.2864227294922,1648815.0,10.911114773836397,0.0,0.3088967345873543,True,,KO,D8,1,d7,Plate1,/Users/pmihack/claire/tmem_2026/data/cleaved_tmem_pld3_260821/d7/TMEM_KO/TMEMKO_Plate1_d7_TMEM561LAMP1640MAP2488DAPI405_D8_F1.nd2,13
1,12351,14,0.06898226864221521,0.7098377142857142,778.3555297851562,9613469.0,0.6608658901657125,0.0,0.3907629665328701,False,border,KO,D8,2,d7,Plate1,/Users/pmihack/claire/tmem_2026/data/cleaved_tmem_pld3_260821/d7/TMEM_KO/TMEMKO_Plate1_d7_TMEM561LAMP1640MAP2488DAPI405_D8_F2.nd2,10
2,23428,21,0.08208127027488475,1.0680891428571428,905.61474609375,21216742.0,10.29996352317626,0.0,0.1957277281658057,True,,KO,D8,2,d7,Plate1,/Users/pmihack/claire/tmem_2026/data/cleaved_tmem_pld3_260821/d7/TMEM_KO/TMEMKO_Plate1_d7_TMEM561LAMP1640MAP2488DAPI405_D8_F2.nd2,10
3,23685,9,0.03175005277601858,0.9745919999999999,486.7200622558594,11527965.0,13.127140516175293,0.0,0.17790723102623404,True,,KO,D8,2,d7,Plate1,/Users/pmihack/claire/tmem_2026/data/cleaved_tmem_pld3_260821/d7/TMEM_KO/TMEMKO_Plate1_d7_TMEM561LAMP1640MAP2488DAPI405_D8_F2.nd2,10
4,11850,13,0.022447257383966246,0.23866338461538458,490.0648193359375,5807268.0,26.5206219613525,0.0,0.1708403365775242,True,,KO,D8,2,d7,Plate1,/Users/pmihack/claire/tmem_2026/data/cleaved_tmem_pld3_260821/d7/TMEM_KO/TMEMKO_Plate1_d7_TMEM561LAMP1640MAP2488DAPI405_D8_F2.nd2,10
5,8750,8,0.01302857142857143,0.166212,402.7281188964844,3523871.0,12.398264693158492,0.0,0.26438180589823657,True,,KO,D8,2,d7,Plate1,/Users/pmihack/claire/tmem_2026/data/cleaved_tmem_pld3_260821/d7/TMEM_KO/TMEMKO_Plate1_d7_TMEM561LAMP1640MAP2488DAPI405_D8_F2.nd2,10
6,9537,4,0.004403900597672224,0.12247199999999998,96.2072982788086,917529.0,5.14259103435412,0.0,0.0169249827877067,True,,KO,D8,2,d7,Plate1,/Users/pmihack/claire/tmem_2026/data/cleaved_tmem_pld3_260821/d7/TMEM_KO/TMEMKO_Plate1_d7_TMEM561LAMP1640MAP2488DAPI405_D8_F2.nd2,10
7,12546,7,0.07046070460704607,1.4729965714285713,834.5349731445312,10470076.0,13.93969090522513,0.0,0.3392049079494951,True,,KO,D8,2,d7,Plate1,/Users/pmihack/claire/tmem_2026/data/cleaved_tmem_pld3_260821/d7/TMEM_KO/TMEMKO_Plate1_d7_TMEM561LAMP1640MAP2488DAPI405_D8_F2.nd2,10
8,18901,6,0.03438971482990318,1.2635999999999998,444.6954040527344,8405188.0,8.613246281233113,0.0,0.35944486474869436,True,,KO,D8,2,d7,Plate1,/Users/pmihack/claire/tmem_2026/data/cleaved_tmem_pld3_260821/d7/TMEM_KO/TMEMKO_Plate1_d7_TMEM561LAMP1640MAP2488DAPI405_D8_F2.nd2,10
9,7044,1,0.007098239636570131,0.5831999999999999,117.27243041992188,826067.0,17.027877619873703,0.0,0.06368684919695833,True,,KO,D8,2,d7,Plate1,/Users/pmihack/claire/tmem_2026/data/cleaved_tmem_pld3_260821/d7/TMEM_KO/TMEMKO_Plate1_d7_TMEM561LAMP1640MAP2488DAPI405_D8_F2.nd2,10
10,7636,8,0.19918805657412259,2.217618,1956.4393310546875,14939371.0,7.705965773949921,0.0,0.24384345422705841,True,,KO,D8,2,d7,Plate1,/Users/pmihack/claire/tmem_2026/data/cleaved_tmem_pld3_260821/d7/TMEM_KO/TMEMKO_Plate1_d7_TMEM561LAMP1640MAP2488DAPI405_D8_F2.nd2,10
11,10256,3,0.0026326053042121686,0.10497599999999999,123.78217315673828,1269510.0,2.0421068611057493,0.0,0.22202683480686783,True,,KO,D8,2,d7,Plate1,/Users/pmihack/claire/tmem_2026/data/cleaved_tmem_pld3_260821/d7/TMEM_KO/TMEMKO_Plate1_d7_TMEM561LAMP1640MAP2488DAPI405_D8_F2.nd2,10
12,16512,30,0.053536821705426355,0.3436991999999999,778.2631225585938,12850681.0,5.6839588183636085,0.0,0.20814649459497864,True,,KO,D8,2,d7,Plate1,/Users/pmihack/claire/tmem_2026/data/cleaved_tmem_pld3_260821/d7/TMEM_KO/TMEMKO_Plate1_d7_TMEM561LAMP1640MAP2488DAPI405_D8_F2.nd2,10
13,7995,3,0.1614759224515322,5.019407999999999,1560.6497802734375,12477395.0,31.98601685394779,0.0,0.4800855623768454,True,,KO,D8,2,d7,Plate1,/Users/pmihack/claire/tmem_2026/data/cleaved_tmem_pld3_260821/d7/TMEM_KO/TMEMKO_Plate1_d7_TMEM561LAMP1640MAP2488DAPI405_D8_F2.nd2,10
14,18873,12,0.030042918454935622,0.551124,416.5409240722656,7861377.0,10.957778708493624,0.0002971489739138633,-0.003624455169363005,True,,KO,D8,2,d7,Plate1,/Users/pmihack/claire/tmem_2026/data/cleaved_tmem_pld3_260821/d7/TMEM_KO/TMEMKO_Plate1_d7_TMEM561LAMP1640MAP2488DAPI405_D8_F2.nd2,10
15,2636,0,0.0,0.0,63.18209457397461,166548.0,,0.0,0.012809278580495374,True,,KO,D8,2,d7,Plate1,/Users/pmihack/claire/tmem_2026/data/cleaved_tmem_pld3_260821/d7/TMEM_KO/TMEMKO_Plate1_d7_TMEM561LAMP1640MAP2488DAPI405_D8_F2.nd2,10
16,19897,11,0.05312358647032216,1.1208043636363636,603.7864990234375,12013540.0,17.44909534621192,0.0,0.3970944276846039,True,,KO,D8,2,d7,Plate1,/Users/pmihack/claire/tmem_2026/data/cleaved_tmem_pld3_260821/d7/TMEM_KO/TMEMKO_Plate1_d7_TMEM561LAMP1640MAP2488DAPI405_D8_F2.nd2,10
17,7750,5,0.0312258064516129,0.5645376,365.56658935546875,2833141.0,32.43183605993151,0.0,0.28344022791387835,True,,KO,D8,2,d7,Plate1,/Users/pmihack/claire/tmem_2026/data/cleaved_tmem_pld3_260821/d7/TMEM_KO/TMEMKO_Plate1_d7_TMEM561LAMP1640MAP2488DAPI405_D8_F2.nd2,10
18,21523,10,0.04990010686242624,1.2527135999999999,549.0555419921875,11817322.0,8.140752265368342,0.0,0.562123989503546,True,,KO,D8,2,d7,Plate1,/Users/pmihack/claire/tmem_2026/data/cleaved_tmem_pld3_260821/d7/TMEM_KO/TMEMKO_Plate1_d7_TMEM561LAMP1640MAP2488DAPI405_D8_F2.nd2,10
19,22065,22,0.03734421028778609,0.43686981818181814,576.0445556640625,12710423.0,12.721729617264188,0.0,0.2744321888931087,True,,KO,D8,2,d7,Plate1,/Users/pmihack/claire/tmem_2026/data/cleaved_tmem_pld3_260821/d7/TMEM_KO/TMEMKO_Plate1_d7_TMEM561LAMP1640MAP2488DAPI405_D8_F2.nd2,10
20,26948,19,0.046348523081490275,0.7667545263157894,542.5016479492188,14619335.0,10.249464819187216,0.0,0.39134861383986597,True,,KO,D8,2,d7,Plate1,/Users/pmihack/claire/tmem_2026/data/cleaved_tmem_pld3_260821/d7/TMEM_KO/TMEMKO_Plate1_d7_TMEM561LAMP1640MAP2488DAPI405_D8_F2.nd2,10
21,16259,11,0.03013715480656867,0.5195781818181818,331.13446044921875,5383915.0,5.818054729316213,0.0,0.2938023703737214,True,,KO,D8,2,d7,Plate1,/Users/pmihack/claire/tmem_2026/data/cleaved_tmem_pld3_260821/d7/TMEM_KO/TMEMKO_Plate1_d7_TMEM561LAMP1640MAP2488DAPI405_D8_F2.nd2,10
22,12343,0,0.0,0.0,15.766020774841309,194600.0,,0.0,-0.013254812801928575,True,,KO,D8,2,d7,Plate1,/Users/pmihack/claire/tmem_2026/data/cleaved_tmem_pld3_260821/d7/TMEM_KO/TMEMKO_Plate1_d7_TMEM561LAMP1640MAP2488DAPI405_D8_F2.nd2,10
23,9258,4,0.10315402894793692,2.7847799999999996,1156.373291015625,10705704.0,19.937475911595918,0.0,0.324374959413429,True,,KO,D8,2,d7,Plate1,/Users/pmihack/claire/tmem_2026/data/cleaved_tmem_pld3_260821/d7/TMEM_KO/TMEMKO_Plate1_d7_TMEM561LAMP1640MAP2488DAPI405_D8_F2.nd2,10
24,9235,5,0.0676773145641581,1.458,792.0520629882812,7314601.0,28.269545427672103,0.0,0.31864754861823597,True,,KO,D8,2,d7,Plate1,/Users/pmihack/claire/tmem_2026/data/cleaved_tmem_pld3_260821/d7/TMEM_KO/TMEMKO_Plate1_d7_TMEM561LAMP1640MAP2488DAPI405_D8_F2.nd2,10
25,13167,16,0.028935976304397357,0.27774899999999997,599.7125854492188,7896416.0,24.23969070563353,0.0,0.2674168722624657,True,,KO,D8,2,d7,Plate1,/Users/pmihack/claire/tmem_2026/data/cleaved_tmem_pld3_260821/d7/TMEM_KO/TMEMKO_Plate1_d7_TMEM561LAMP1640MAP2488DAPI405_D8_F2.nd2,10
26,10153,5,0.07790800748547227,1.8452447999999997,945.4909057617188,9599569.0,12.403039050847319,0.0,0.28005768470153525,True,,KO,D8,2,d7,Plate1,/Users/pmihack/claire/tmem_2026/data/cleaved_tmem_pld3_260821/d7/TMEM_KO/TMEMKO_Plate1_d7_TMEM561LAMP1640MAP2488DAPI405_D8_F2.nd2,10
1,18914,1,0.0003700962250185048,0.081648,99.45838928222656,1881156.0,6.291059368593414,0.0,0.19738521722293687,True,,KO,D8,3,d7,Plate1,/Users/pmihack/claire/tmem_2026/data/cleaved_tmem_pld3_260821/d7/TMEM_KO/TMEMKO_Plate1_d7_TMEM561LAMP1640MAP2488DAPI405_D8_F3.nd2,13
2,22956,8,0.015290120230005227,0.5117579999999999,250.5480499267578,5751581.0,5.015301791491619,0.0,0.28787393640095094,True,,KO,D8,3,d7,Plate1,/Users/pmihack/claire/tmem_2026/data/cleaved_tmem_pld3_260821/d7/TMEM_KO/TMEMKO_Plate1_d7_TMEM561LAMP1640MAP2488DAPI405_D8_F3.nd2,13
3,12093,5,0.03712891755561069,1.0474271999999998,445.93780517578125,5392726.0,5.546904119935394,0.0,0.419767136212954,True,,KO,D8,3,d7,Plate1,/Users/pmihack/claire/tmem_2026/data/cleaved_tmem_pld3_260821/d7/TMEM_KO/TMEMKO_Plate1_d7_TMEM561LAMP1640MAP2488DAPI405_D8_F3.nd2,13
4,14030,5,0.01083392729864576,0.35458559999999995,285.05560302734375,3999330.0,12.589476852737672,0.0,0.4693210453748683,True,,KO,D8,3,d7,Plate1,/Users/pmihack/claire/tmem_2026/data/cleaved_tmem_pld3_260821/d7/TMEM_KO/TMEMKO_Plate1_d7_TMEM561LAMP1640MAP2488DAPI405_D8_F3.nd2,13
5,11058,4,0.004521613311629589,0.14579999999999999,259.83270263671875,2873230.0,4.552839528825361,0.0,0.3643486611954786,True,,KO,D8,3,d7,Plate1,/Users/pmihack/claire/tmem_2026/data/cleaved_tmem_pld3_260821/d7/TMEM_KO/TMEMKO_Plate1_d7_TMEM561LAMP1640MAP2488DAPI405_D8_F3.nd2,13
6,14667,11,0.039476375536919614,0.6139505454545454,491.0780029296875,7202641.0,4.089088973809585,0.0,0.24858643621910423,True,,KO,D8,3,d7,Plate1,/Users/pmihack/claire/tmem_2026/data/cleaved_tmem_pld3_260821/d7/TMEM_KO/TMEMKO_Plate1_d7_TMEM561LAMP1640MAP2488DAPI405_D8_F3.nd2,13
7,9714,6,0.017603458925262508,0.332424,399.75982666015625,3883267.0,7.294314678121553,0.0,0.10019231038628952,True,,KO,D8,3,d7,Plate1,/Users/pmihack/claire/tmem_2026/data/cleaved_tmem_pld3_260821/d7/TMEM_KO/TMEMKO_Plate1_d7_TMEM561LAMP1640MAP2488DAPI405_D8_F3.nd2,13
8,18371,3,0.002068477491698873,0.147744,130.80491638183594,2403017.0,2.292094008631622,0.0,0.2440090628755777,True,,KO,D8,3,d7,Plate1,/Users/pmihack/claire/tmem_2026/data/cleaved_tmem_pld3_260821/d7/TMEM_KO/TMEMKO_Plate1_d7_TMEM561LAMP1640MAP2488DAPI405_D8_F3.nd2,13
9,23858,11,0.03344790007544639,0.8461701818181817,414.43914794921875,9887689.0,13.037067846284257,0.0,0.2093751020621021,True,,KO,D8,3,d7,Plate1,/Users/pmihack/claire/tmem_2026/data/cleaved_tmem_pld3_260821/d7/TMEM_KO/TMEMKO_Plate1_d7_TMEM561LAMP1640MAP2488DAPI405_D8_F3.nd2,13
10,14359,9,0.03579636464934884,0.666144,525.7186279296875,7548794.0,3.1725558360281645,0.0,0.10751290817190401,True,,KO,D8,3,d7,Plate1,/Users/pmihack/claire/tmem_2026/data/cleaved_tmem_pld3_260821/d7/TMEM_KO/TMEMKO_Plate1_d7_TMEM561LAMP1640MAP2488DAPI405_D8_F3.nd2,13
11,14398,6,0.05125711904431171,1.434672,800.8761596679688,11531015.0,5.743734636621908,4.639660983229987e-05,0.032207637363942394,True,,KO,D8,3,d7,Plate1,/Users/pmihack/claire/tmem_2026/data/cleaved_tmem_pld3_260821/d7/TMEM_KO/TMEMKO_Plate1_d7_TMEM561LAMP1640MAP2488DAPI405_D8_F3.nd2,13
12,10710,1,0.00046685340802987864,0.05832,117.61354064941406,1259641.0,22.594304770683138,0.0,0.1955322035494347,True,,KO,D8,3,d7,Plate1,/Users/pmihack/claire/tmem_2026/data/cleaved_tmem_pld3_260821/d7/TMEM_KO/TMEMKO_Plate1_d7_TMEM561LAMP1640MAP2488DAPI405_D8_F3.nd2,13
13,5253,6,0.08833047782219684,0.9020159999999998,1106.93017578125,5814704.0,25.49774657289479,0.0,0.23444873035300676,True,,KO,D8,3,d7,Plate1,/Users/pmihack/claire/tmem_2026/data/cleaved_tmem_pld3_260821/d7/TMEM_KO/TMEMKO_Plate1_d7_TMEM561LAMP1640MAP2488DAPI405_D8_F3.nd2,13
14,12507,5,0.022227552570560485,0.6485183999999999,330.9638671875,4139365.0,17.17581660802697,0.0,0.15585887864136436,True,,KO,D8,3,d7,Plate1,/Users/pmihack/claire/tmem_2026/data/cleaved_tmem_pld3_260821/d7/TMEM_KO/TMEMKO_Plate1_d7_TMEM561LAMP1640MAP2488DAPI405_D8_F3.nd2,13
15,11966,1,0.0005014206919605549,0.06998399999999999,114.74043273925781,1372984.0,23.35964362006968,0.0,0.19357954373895087,True,,KO,D8,3,d7,Plate1,/Users/pmihack/claire/tmem_2026/data/cleaved_tmem_pld3_260821/d7/TMEM_KO/TMEMKO_Plate1_d7_TMEM561LAMP1640MAP2488DAPI405_D8_F3.nd2,13
16,13227,4,0.014969380811975505,0.577368,237.3258514404297,3139109.0,15.028420436887965,0.0,0.33414701554730597,True,,KO,D8,3,d7,Plate1,/Users/pmihack/claire/tmem_2026/data/cleaved_tmem_pld3_260821/d7/TMEM_KO/TMEMKO_Plate1_d7_TMEM561LAMP1640MAP2488DAPI405_D8_F3.nd2,13
17,11829,7,0.018006593963986812,0.3549188571428571,300.00946044921875,3548812.0,13.787446661096432,0.0,0.41149237870804106,True,,KO,D8,3,d7,Plate1,/Users/pmihack/claire/tmem_2026/data/cleaved_tmem_pld3_260821/d7/TMEM_KO/TMEMKO_Plate1_d7_TMEM561LAMP1640MAP2488DAPI405_D8_F3.nd2,13
18,19663,6,0.01413822916136907,0.540432,248.50506591796875,4886355.0,26.935435951507564,0.0,0.27413659098167265,True,,KO,D8,3,d7,Plate1,/Users/pmihack/claire/tmem_2026/data/cleaved_tmem_pld3_260821/d7/TMEM_KO/TMEMKO_Plate1_d7_TMEM561LAMP1640MAP2488DAPI405_D8_F3.nd2,13
19,16408,6,0.0037786445636274987,0.120528,183.0481414794922,3003454.0,22.815432198651365,0.0,0.5213398282480703,False,border,KO,D8,3,d7,Plate1,/Users/pmihack/claire/tmem_2026/data/cleaved_tmem_pld3_260821/d7/TMEM_KO/TMEMKO_Plate1_d7_TMEM561LAMP1640MAP2488DAPI405_D8_F3.nd2,13
20,16236,9,0.028886425227888642,0.607824,466.11627197265625,7567864.0,13.642720609294528,0.0,0.06778572163091179,True,,KO,D8,3,d7,Plate1,/Users/pmihack/claire/tmem_2026/data/cleaved_tmem_pld3_260821/d7/TMEM_KO/TMEMKO_Plate1_d7_TMEM561LAMP1640MAP2488DAPI405_D8_F3.nd2,13
1,13955,3,0.03711931207452526,2.0139839999999998,469.9820251464844,6558599.0,7.930721484805927,0.0,0.10463544980099114,True,,KO,D8,4,d7,Plate1,/Users/pmihack/claire/tmem_2026/data/cleaved_tmem_pld3_260821/d7/TMEM_KO/TMEMKO_Plate1_d7_TMEM561LAMP1640MAP2488DAPI405_D8_F4.nd2,10
2,19255,11,0.045702414957153985,0.93312,483.01641845703125,9300481.0,2.4677230760790065,0.0,0.3452975592054554,True,,KO,D8,4,d7,Plate1,/Users/pmihack/claire/tmem_2026/data/cleaved_tmem_pld3_260821/d7/TMEM_KO/TMEMKO_Plate1_d7_TMEM561LAMP1640MAP2488DAPI405_D8_F4.nd2,10
3,11729,10,0.016028646943473442,0.21928319999999998,393.2220153808594,4612101.0,0.6850901823805627,0.0005199365550652146,0.060014318909292264,True,,KO,D8,4,d7,Plate1,/Users/pmihack/claire/tmem_2026/data/cleaved_tmem_pld3_260821/d7/TMEM_KO/TMEMKO_Plate1_d7_TMEM561LAMP1640MAP2488DAPI405_D8_F4.nd2,10
4,3654,0,0.0,0.0,10.16174030303955,37131.0,,0.0,0.04642713722987119,True,,KO,D8,4,d7,Plate1,/Users/pmihack/claire/tmem_2026/data/cleaved_tmem_pld3_260821/d7/TMEM_KO/TMEMKO_Plate1_d7_TMEM561LAMP1640MAP2488DAPI405_D8_F4.nd2,10
5,13812,15,0.05668983492615117,0.6088608,728.7092895507812,10064933.0,0.5868208748248706,0.0,0.3181356847398792,True,,KO,D8,4,d7,Plate1,/Users/pmihack/claire/tmem_2026/data/cleaved_tmem_pld3_260821/d7/TMEM_KO/TMEMKO_Plate1_d7_TMEM561LAMP1640MAP2488DAPI405_D8_F4.nd2,10
6,8265,4,0.0823956442831216,1.985796,874.4468383789062,7227303.0,3.438668139524005,0.0,0.4122619795604339,True,,KO,D8,4,d7,Plate1,/Users/pmihack/claire/tmem_2026/data/cleaved_tmem_pld3_260821/d7/TMEM_KO/TMEMKO_Plate1_d7_TMEM561LAMP1640MAP2488DAPI405_D8_F4.nd2,10
7,10365,8,0.1165460684997588,1.761264,1373.0107421875,14231256.0,5.498707060600654,0.0,0.46390333343134194,True,,KO,D8,4,d7,Plate1,/Users/pmihack/claire/tmem_2026/data/cleaved_tmem_pld3_260821/d7/TMEM_KO/TMEMKO_Plate1_d7_TMEM561LAMP1640MAP2488DAPI405_D8_F4.nd2,10
8,6840,13,0.24883040935672515,1.5270867692307692,2745.935791015625,18782200.0,22.612458874378802,0.0,0.3705821204503446,True,,KO,D8,4,d7,Plate1,/Users/pmihack/claire/tmem_2026/data/cleaved_tmem_pld3_260821/d7/TMEM_KO/TMEMKO_Plate1_d7_TMEM561LAMP1640MAP2488DAPI405_D8_F4.nd2,10
9,10866,2,0.002484815019326339,0.157464,126.04454040527344,1369600.0,14.592456048583692,0.0,0.17000479171558947,True,,KO,D8,4,d7,Plate1,/Users/pmihack/claire/tmem_2026/data/cleaved_tmem_pld3_260821/d7/TMEM_KO/TMEMKO_Plate1_d7_TMEM561LAMP1640MAP2488DAPI405_D8_F4.nd2,10
10,5248,0,0.0,0.0,180.84642028808594,949082.0,,0.0,0.23778071653687613,True,,KO,D8,4,d7,Plate1,/Users/pmihack/claire/tmem_2026/data/cleaved_tmem_pld3_260821/d7/TMEM_KO/TMEMKO_Plate1_d7_TMEM561LAMP1640MAP2488DAPI405_D8_F4.nd2,10
11,28410,4,0.002393523407250968,0.198288,121.35892486572266,3447807.0,4.556545280156118,0.0,0.09719833759452194,True,,KO,D8,4,d7,Plate1,/Users/pmihack/claire/tmem_2026/data/cleaved_tmem_pld3_260821/d7/TMEM_KO/TMEMKO_Plate1_d7_TMEM561LAMP1640MAP2488DAPI405_D8_F4.nd2,10
12,5356,1,0.0020537714712471995,0.128304,178.1573944091797,954211.0,24.38447148427336,0.0,0.38690771727501944,True,,KO,D8,4,d7,Plate1,/Users/pmihack/claire/tmem_2026/data/cleaved_tmem_pld3_260821/d7/TMEM_KO/TMEMKO_Plate1_d7_TMEM561LAMP1640MAP2488DAPI405_D8_F4.nd2,10
13,9165,0,0.0,0.0,26.22062110900879,240312.0,,0.0,0.056710253127946586,True,,KO,D8,4,d7,Plate1,/Users/pmihack/claire/tmem_2026/data/cleaved_tmem_pld3_260821/d7/TMEM_KO/TMEMKO_Plate1_d7_TMEM561LAMP1640MAP2488DAPI405_D8_F4.nd2,10
14,14300,6,0.01972027972027972,0.5482079999999999,307.1558837890625,4392329.0,22.91635305017421,0.0,0.45273182429692665,True,,KO,D8,4,d7,Plate1,/Users/pmihack/claire/tmem_2026/data/cleaved_tmem_pld3_260821/d7/TMEM_KO/TMEMKO_Plate1_d7_TMEM561LAMP1640MAP2488DAPI405_D8_F4.nd2,10
15,2102,0,0.0,0.0,6.876783847808838,14455.0,,0.0,0.0023268892849779856,True,,KO,D8,4,d7,Plate1,/Users/pmihack/claire/tmem_2026/data/cleaved_tmem_pld3_260821/d7/TMEM_KO/TMEMKO_Plate1_d7_TMEM561LAMP1640MAP2488DAPI405_D8_F4.nd2,10
16,16125,4,0.06896124031007753,3.2425919999999997,695.206298828125,11210202.0,12.300076682247845,0.0,0.3602489500480251,True,,KO,D8,4,d7,Plate1,/Users/pmihack/claire/tmem_2026/data/cleaved_tmem_pld3_260821/d7/TMEM_KO/TMEMKO_Plate1_d7_TMEM561LAMP1640MAP2488DAPI405_D8_F4.nd2,10
17,11683,3,0.07095780193443466,3.2231519999999994,688.5390625,8044202.0,13.019289510768559,0.0,0.33150812552736747,True,,KO,D8,4,d7,Plate1,/Users/pmihack/claire/tmem_2026/data/cleaved_tmem_pld3_260821/d7/TMEM_KO/TMEMKO_Plate1_d7_TMEM561LAMP1640MAP2488DAPI405_D8_F4.nd2,10
18,24880,7,0.02077974276527331,0.8614697142857143,282.6625671386719,7032645.0,14.369325199910522,2.7016862986783963e-06,0.07145847858412392,True,,KO,D8,4,d7,Plate1,/Users/pmihack/claire/tmem_2026/data/cleaved_tmem_pld3_260821/d7/TMEM_KO/TMEMKO_Plate1_d7_TMEM561LAMP1640MAP2488DAPI405_D8_F4.nd2,10
19,12413,8,0.06984612905824539,1.2640859999999998,777.7491455078125,9654200.0,20.079291573004802,0.0,0.397329749086429,True,,KO,D8,4,d7,Plate1,/Users/pmihack/claire/tmem_2026/data/cleaved_tmem_pld3_260821/d7/TMEM_KO/TMEMKO_Plate1_d7_TMEM561LAMP1640MAP2488DAPI405_D8_F4.nd2,10
20,10939,17,0.04068013529573087,0.30532235294117643,687.7598266601562,7523405.0,33.567080624745564,0.0,0.45932834394114336,True,,KO,D8,4,d7,Plate1,/Users/pmihack/claire/tmem_2026/data/cleaved_tmem_pld3_260821/d7/TMEM_KO/TMEMKO_Plate1_d7_TMEM561LAMP1640MAP2488DAPI405_D8_F4.nd2,10
1,12601,2,0.0031743512419649235,0.23328,236.00689697265625,2973923.0,0.990397150073285,0.0,0.04020406669679847,True,,KO,E8,1,d7,Plate1,/Users/pmihack/claire/tmem_2026/data/cleaved_tmem_pld3_260821/d7/TMEM_KO/TMEMKO_Plate1_d7_TMEM561LAMP1640MAP2488DAPI405_E8_F1.nd2,12
2,7009,0,0.0,0.0,52.50791931152344,368028.0,,0.0,0.0027751300335374434,True,,KO,E8,1,d7,Plate1,/Users/pmihack/claire/tmem_2026/data/cleaved_tmem_pld3_260821/d7/TMEM_KO/TMEMKO_Plate1_d7_TMEM561LAMP1640MAP2488DAPI405_E8_F1.nd2,12
3,22462,3,0.0005342355978986733,0.046655999999999996,149.3915557861328,3355633.0,7.094897634149477,0.0,0.09072232124302315,True,,KO,E8,1,d7,Plate1,/Users/pmihack/claire/tmem_2026/data/cleaved_tmem_pld3_260821/d7/TMEM_KO/TMEMKO_Plate1_d7_TMEM561LAMP1640MAP2488DAPI405_E8_F1.nd2,12
4,10333,3,0.012677828317042485,0.5093279999999999,331.3516845703125,3423857.0,23.799384491594548,0.0,-0.0014707476528800665,True,,KO,E8,1,d7,Plate1,/Users/pmihack/claire/tmem_2026/data/cleaved_tmem_pld3_260821/d7/TMEM_KO/TMEMKO_Plate1_d7_TMEM561LAMP1640MAP2488DAPI405_E8_F1.nd2,12
5,12640,0,0.0,0.0,220.5907440185547,2788267.0,,0.0,0.127547324935722,True,,KO,E8,1,d7,Plate1,/Users/pmihack/claire/tmem_2026/data/cleaved_tmem_pld3_260821/d7/TMEM_KO/TMEMKO_Plate1_d7_TMEM561LAMP1640MAP2488DAPI405_E8_F1.nd2,12
6,11006,0,0.0,0.0,95.76376342773438,1053976.0,,0.0,-0.0237148491307811,True,,KO,E8,1,d7,Plate1,/Users/pmihack/claire/tmem_2026/data/cleaved_tmem_pld3_260821/d7/TMEM_KO/TMEMKO_Plate1_d7_TMEM561LAMP1640MAP2488DAPI405_E8_F1.nd2,12
7,11262,3,0.007014739833066951,0.307152,250.2344207763672,2818140.0,1.6537729645931265,0.0,0.009983631185179295,True,,KO,E8,1,d7,Plate1,/Users/pmihack/claire/tmem_2026/data/cleaved_tmem_pld3_260821/d7/TMEM_KO/TMEMKO_Plate1_d7_TMEM561LAMP1640MAP2488DAPI405_E8_F1.nd2,12
8,17043,0,0.0,0.0,64.43290710449219,1098130.0,,0.0,-0.0479731741231042,True,,KO,E8,1,d7,Plate1,/Users/pmihack/claire/tmem_2026/data/cleaved_tmem_pld3_260821/d7/TMEM_KO/TMEMKO_Plate1_d7_TMEM561LAMP1640MAP2488DAPI405_E8_F1.nd2,12
9,10454,4,0.011096231107709967,0.33825599999999995,353.3579406738281,3694004.0,1.0532589682582894,0.0,0.1425757556549728,True,,KO,E8,1,d7,Plate1,/Users/pmihack/claire/tmem_2026/data/cleaved_tmem_pld3_260821/d7/TMEM_KO/TMEMKO_Plate1_d7_TMEM561LAMP1640MAP2488DAPI405_E8_F1.nd2,12
10,12974,0,0.0,0.0,87.59418487548828,1136447.0,,0.0,0.27684043189058744,True,,KO,E8,1,d7,Plate1,/Users/pmihack/claire/tmem_2026/data/cleaved_tmem_pld3_260821/d7/TMEM_KO/TMEMKO_Plate1_d7_TMEM561LAMP1640MAP2488DAPI405_E8_F1.nd2,12
11,4435,0,0.0,0.0,109.81398010253906,487025.0,,0.0,0.024962467809498526,True,,KO,E8,1,d7,Plate1,/Users/pmihack/claire/tmem_2026/data/cleaved_tmem_pld3_260821/d7/TMEM_KO/TMEMKO_Plate1_d7_TMEM561LAMP1640MAP2488DAPI405_E8_F1.nd2,12
12,9953,1,0.000401888877725309,0.046655999999999996,124.49512481689453,1239100.0,14.920208133106286,0.0,0.006231116999112758,True,,KO,E8,1,d7,Plate1,/Users/pmihack/claire/tmem_2026/data/cleaved_tmem_pld3_260821/d7/TMEM_KO/TMEMKO_Plate1_d7_TMEM561LAMP1640MAP2488DAPI405_E8_F1.nd2,12
13,12591,2,0.0009530617107457708,0.06998399999999999,171.77117919921875,2162771.0,11.756583803681641,0.0,0.0533046610686923,True,,KO,E8,1,d7,Plate1,/Users/pmihack/claire/tmem_2026/data/cleaved_tmem_pld3_260821/d7/TMEM_KO/TMEMKO_Plate1_d7_TMEM561LAMP1640MAP2488DAPI405_E8_F1.nd2,12
14,9212,1,0.0006513243595310464,0.06998399999999999,198.0199737548828,1824160.0,13.631438446612764,0.0,0.13954992630615196,True,,KO,E8,1,d7,Plate1,/Users/pmihack/claire/tmem_2026/data/cleaved_tmem_pld3_260821/d7/TMEM_KO/TMEMKO_Plate1_d7_TMEM561LAMP1640MAP2488DAPI405_E8_F1.nd2,12
15,12357,0,0.0,0.0,192.24188232421875,2375533.0,,0.0,0.015512194184732308,True,,KO,E8,1,d7,Plate1,/Users/pmihack/claire/tmem_2026/data/cleaved_tmem_pld3_260821/d7/TMEM_KO/TMEMKO_Plate1_d7_TMEM561LAMP1640MAP2488DAPI405_E8_F1.nd2,12
16,7037,0,0.0,0.0,11.891572952270508,83681.0,,0.0,0.07828269768210158,True,,KO,E8,1,d7,Plate1,/Users/pmihack/claire/tmem_2026/data/cleaved_tmem_pld3_260821/d7/TMEM_KO/TMEMKO_Plate1_d7_TMEM561LAMP1640MAP2488DAPI405_E8_F1.nd2,12
17,13486,2,0.0034109446833753524,0.26827199999999995,171.47894287109375,2312565.0,13.105140529998879,0.0,-0.05042464018292437,True,,KO,E8,1,d7,Plate1,/Users/pmihack/claire/tmem_2026/data/cleaved_tmem_pld3_260821/d7/TMEM_KO/TMEMKO_Plate1_d7_TMEM561LAMP1640MAP2488DAPI405_E8_F1.nd2,12
18,13805,2,0.003332126041289388,0.26827199999999995,178.603759765625,2465625.0,10.558887357672504,0.0,0.07912977680387516,True,,KO,E8,1,d7,Plate1,/Users/pmihack/claire/tmem_2026/data/cleaved_tmem_pld3_260821/d7/TMEM_KO/TMEMKO_Plate1_d7_TMEM561LAMP1640MAP2488DAPI405_E8_F1.nd2,12
19,7600,6,0.020657894736842104,0.305208,456.0993347167969,3466355.0,13.468456418306333,0.0,0.057885417792982306,True,,KO,E8,1,d7,Plate1,/Users/pmihack/claire/tmem_2026/data/cleaved_tmem_pld3_260821/d7/TMEM_KO/TMEMKO_Plate1_d7_TMEM561LAMP1640MAP2488DAPI405_E8_F1.nd2,12
20,11660,2,0.00686106346483705,0.46656,291.5528259277344,3399506.0,26.893768519882887,0.0,0.028582593152057134,True,,KO,E8,1,d7,Plate1,/Users/pmihack/claire/tmem_2026/data/cleaved_tmem_pld3_260821/d7/TMEM_KO/TMEMKO_Plate1_d7_TMEM561LAMP1640MAP2488DAPI405_E8_F1.nd2,12
21,15726,1,0.015197761668574335,2.787696,239.63156127929688,3768446.0,9.604057870241716,0.0,0.01568783547372233,False,border,KO,E8,1,d7,Plate1,/Users/pmihack/claire/tmem_2026/data/cleaved_tmem_pld3_260821/d7/TMEM_KO/TMEMKO_Plate1_d7_TMEM561LAMP1640MAP2488DAPI405_E8_F1.nd2,12
1,6431,0,0.0,0.0,7.902037143707275,50818.0,,0.0,0.04383919837281184,True,,KO,E8,2,d7,Plate1,/Users/pmihack/claire/tmem_2026/data/cleaved_tmem_pld3_260821/d7/TMEM_KO/TMEMKO_Plate1_d7_TMEM561LAMP1640MAP2488DAPI405_E8_F2.nd2,9
2,6072,0,0.0,0.0,30.539690017700195,185437.0,,0.0,-0.04394976074274164,True,,KO,E8,2,d7,Plate1,/Users/pmihack/claire/tmem_2026/data/cleaved_tmem_pld3_260821/d7/TMEM_KO/TMEMKO_Plate1_d7_TMEM561LAMP1640MAP2488DAPI405_E8_F2.nd2,9
3,20220,3,0.0041048466864490605,0.322704,199.3538055419922,4030934.0,0.5120131746457386,0.0,0.04631379342946033,True,,KO,E8,2,d7,Plate1,/Users/pmihack/claire/tmem_2026/data/cleaved_tmem_pld3_260821/d7/TMEM_KO/TMEMKO_Plate1_d7_TMEM561LAMP1640MAP2488DAPI405_E8_F2.nd2,9
4,8294,2,0.001326259946949602,0.064152,282.89208984375,2346307.0,28.413272768011186,0.0,-0.09425948644154845,True,,KO,E8,2,d7,Plate1,/Users/pmihack/claire/tmem_2026/data/cleaved_tmem_pld3_260821/d7/TMEM_KO/TMEMKO_Plate1_d7_TMEM561LAMP1640MAP2488DAPI405_E8_F2.nd2,9
5,11056,2,0.002532561505065123,0.163296,82.09198760986328,907609.0,1.3731815338012394,0.0,-0.047672978109014066,True,,KO,E8,2,d7,Plate1,/Users/pmihack/claire/tmem_2026/data/cleaved_tmem_pld3_260821/d7/TMEM_KO/TMEMKO_Plate1_d7_TMEM561LAMP1640MAP2488DAPI405_E8_F2.nd2,9
6,19600,0,0.0,0.0,56.51540756225586,1107702.0,,0.0,0.15062487031603414,True,,KO,E8,2,d7,Plate1,/Users/pmihack/claire/tmem_2026/data/cleaved_tmem_pld3_260821/d7/TMEM_KO/TMEMKO_Plate1_d7_TMEM561LAMP1640MAP2488DAPI405_E8_F2.nd2,9
7,11475,0,0.0,0.0,44.767581939697266,513708.0,,0.0,0.11009018950636297,True,,KO,E8,2,d7,Plate1,/Users/pmihack/claire/tmem_2026/data/cleaved_tmem_pld3_260821/d7/TMEM_KO/TMEMKO_Plate1_d7_TMEM561LAMP1640MAP2488DAPI405_E8_F2.nd2,9
8,18093,0,0.0,0.0,28.74924087524414,520160.0,,0.0,-0.0033744462401588803,True,,KO,E8,2,d7,Plate1,/Users/pmihack/claire/tmem_2026/data/cleaved_tmem_pld3_260821/d7/TMEM_KO/TMEMKO_Plate1_d7_TMEM561LAMP1640MAP2488DAPI405_E8_F2.nd2,9
9,10678,0,0.0,0.0,151.87693786621094,1621742.0,,0.0,-0.024070476588774696,True,,KO,E8,2,d7,Plate1,/Users/pmihack/claire/tmem_2026/data/cleaved_tmem_pld3_260821/d7/TMEM_KO/TMEMKO_Plate1_d7_TMEM561LAMP1640MAP2488DAPI405_E8_F2.nd2,9
10,22047,0,0.0,0.0,97.54696655273438,2150618.0,,0.0,0.13911439834157938,True,,KO,E8,2,d7,Plate1,/Users/pmihack/claire/tmem_2026/data/cleaved_tmem_pld3_260821/d7/TMEM_KO/TMEMKO_Plate1_d7_TMEM561LAMP1640MAP2488DAPI405_E8_F2.nd2,9
11,18006,1,0.00022214817283127845,0.046655999999999996,104.6448974609375,1884236.0,7.321518390025072,0.004029219038784504,0.1240885155074905,True,,KO,E8,2,d7,Plate1,/Users/pmihack/claire/tmem_2026/data/cleaved_tmem_pld3_260821/d7/TMEM_KO/TMEMKO_Plate1_d7_TMEM561LAMP1640MAP2488DAPI405_E8_F2.nd2,9
12,17450,3,0.003839541547277937,0.26049599999999995,251.17266845703125,4382963.0,19.970464262672433,0.0,0.058608882698725794,True,,KO,E8,2,d7,Plate1,/Users/pmihack/claire/tmem_2026/data/cleaved_tmem_pld3_260821/d7/TMEM_KO/TMEMKO_Plate1_d7_TMEM561LAMP1640MAP2488DAPI405_E8_F2.nd2,9
13,11385,0,0.0,0.0,72.52428436279297,825689.0,,0.0,-0.019538671925641106,True,,KO,E8,2,d7,Plate1,/Users/pmihack/claire/tmem_2026/data/cleaved_tmem_pld3_260821/d7/TMEM_KO/TMEMKO_Plate1_d7_TMEM561LAMP1640MAP2488DAPI405_E8_F2.nd2,9
14,10936,1,0.000365764447695684,0.046655999999999996,131.05596923828125,1433228.0,14.649609260397897,0.0,-0.021304926949174026,True,,KO,E8,2,d7,Plate1,/Users/pmihack/claire/tmem_2026/data/cleaved_tmem_pld3_260821/d7/TMEM_KO/TMEMKO_Plate1_d7_TMEM561LAMP1640MAP2488DAPI405_E8_F2.nd2,9
15,13101,3,0.00946492634150065,0.482112,294.52569580078125,3858581.0,5.810258697825546,0.0005100320558995008,0.01046020252633422,True,,KO,E8,2,d7,Plate1,/Users/pmihack/claire/tmem_2026/data/cleaved_tmem_pld3_260821/d7/TMEM_KO/TMEMKO_Plate1_d7_TMEM561LAMP1640MAP2488DAPI405_E8_F2.nd2,9
16,10006,1,0.0014991005396761943,0.17495999999999998,190.23255920410156,1903467.0,18.110182348205868,0.0,-0.13168289168913203,True,,KO,E8,2,d7,Plate1,/Users/pmihack/claire/tmem_2026/data/cleaved_tmem_pld3_260821/d7/TMEM_KO/TMEMKO_Plate1_d7_TMEM561LAMP1640MAP2488DAPI405_E8_F2.nd2,9
17,10816,0,0.0,0.0,13.842917442321777,149725.0,,0.0,0.15887703647137974,True,,KO,E8,2,d7,Plate1,/Users/pmihack/claire/tmem_2026/data/cleaved_tmem_pld3_260821/d7/TMEM_KO/TMEMKO_Plate1_d7_TMEM561LAMP1640MAP2488DAPI405_E8_F2.nd2,9
18,7692,0,0.0,0.0,35.684349060058594,274484.0,,0.0,0.03263063705452624,True,,KO,E8,2,d7,Plate1,/Users/pmihack/claire/tmem_2026/data/cleaved_tmem_pld3_260821/d7/TMEM_KO/TMEMKO_Plate1_d7_TMEM561LAMP1640MAP2488DAPI405_E8_F2.nd2,9
19,19444,1,0.00025714873482822465,0.05832,201.6348419189453,3920588.0,10.453861788459854,0.0,-0.013930756090344677,True,,KO,E8,2,d7,Plate1,/Users/pmihack/claire/tmem_2026/data/cleaved_tmem_pld3_260821/d7/TMEM_KO/TMEMKO_Plate1_d7_TMEM561LAMP1640MAP2488DAPI405_E8_F2.nd2,9
20,14492,0,0.0,0.0,26.956113815307617,390648.0,,0.0,0.12355336162183597,True,,KO,E8,2,d7,Plate1,/Users/pmihack/claire/tmem_2026/data/cleaved_tmem_pld3_260821/d7/TMEM_KO/TMEMKO_Plate1_d7_TMEM561LAMP1640MAP2488DAPI405_E8_F2.nd2,9
21,22483,4,0.00547080016012098,0.358668,110.48908233642578,2484126.0,5.32448885244178,0.0,-0.022251710996068666,True,,KO,E8,2,d7,Plate1,/Users/pmihack/claire/tmem_2026/data/cleaved_tmem_pld3_260821/d7/TMEM_KO/TMEMKO_Plate1_d7_TMEM561LAMP1640MAP2488DAPI405_E8_F2.nd2,9
22,11278,0,0.0,0.0,86.32319641113281,973553.0,,0.0,-0.005209721044049092,True,,KO,E8,2,d7,Plate1,/Users/pmihack/claire/tmem_2026/data/cleaved_tmem_pld3_260821/d7/TMEM_KO/TMEMKO_Plate1_d7_TMEM561LAMP1640MAP2488DAPI405_E8_F2.nd2,9
23,12666,0,0.0,0.0,148.75390625,1884117.0,,0.0,0.11984264890844651,True,,KO,E8,2,d7,Plate1,/Users/pmihack/claire/tmem_2026/data/cleaved_tmem_pld3_260821/d7/TMEM_KO/TMEMKO_Plate1_d7_TMEM561LAMP1640MAP2488DAPI405_E8_F2.nd2,9
24,10300,0,0.0,0.0,77.70233154296875,800334.0,,0.0,-0.07017178573806297,True,,KO,E8,2,d7,Plate1,/Users/pmihack/claire/tmem_2026/data/cleaved_tmem_pld3_260821/d7/TMEM_KO/TMEMKO_Plate1_d7_TMEM561LAMP1640MAP2488DAPI405_E8_F2.nd2,9
25,16312,1,0.00030652280529671407,0.05832,83.41454315185547,1360658.0,1.371125723707436,0.0,0.0558388851902014,True,,KO,E8,2,d7,Plate1,/Users/pmihack/claire/tmem_2026/data/cleaved_tmem_pld3_260821/d7/TMEM_KO/TMEMKO_Plate1_d7_TMEM561LAMP1640MAP2488DAPI405_E8_F2.nd2,9
26,12655,0,0.0,0.0,175.77810668945312,2224472.0,,0.0,-0.03966569960939399,True,,KO,E8,2,d7,Plate1,/Users/pmihack/claire/tmem_2026/data/cleaved_tmem_pld3_260821/d7/TMEM_KO/TMEMKO_Plate1_d7_TMEM561LAMP1640MAP2488DAPI405_E8_F2.nd2,9
27,12277,0,0.0,0.0,31.791154861450195,390300.0,,0.0,-0.031965719249169244,True,,KO,E8,2,d7,Plate1,/Users/pmihack/claire/tmem_2026/data/cleaved_tmem_pld3_260821/d7/TMEM_KO/TMEMKO_Plate1_d7_TMEM561LAMP1640MAP2488DAPI405_E8_F2.nd2,9
1,8885,5,0.04119302194710186,0.8538047999999999,674.5537719726562,5993410.0,18.51944119462556,0.0,0.2943284536734645,True,,KO,E8,3,d7,Plate1,/Users/pmihack/claire/tmem_2026/data/cleaved_tmem_pld3_260821/d7/TMEM_KO/TMEMKO_Plate1_d7_TMEM561LAMP1640MAP2488DAPI405_E8_F3.nd2,13
2,16460,6,0.045382746051032805,1.452168,494.1273498535156,8133336.0,5.9729302557225825,0.0,0.5228926753128361,True,,KO,E8,3,d7,Plate1,/Users/pmihack/claire/tmem_2026/data/cleaved_tmem_pld3_260821/d7/TMEM_KO/TMEMKO_Plate1_d7_TMEM561LAMP1640MAP2488DAPI405_E8_F3.nd2,13
3,8962,0,0.0,0.0,230.97824096679688,2070027.0,,0.0,0.1469052381870455,True,,KO,E8,3,d7,Plate1,/Users/pmihack/claire/tmem_2026/data/cleaved_tmem_pld3_260821/d7/TMEM_KO/TMEMKO_Plate1_d7_TMEM561LAMP1640MAP2488DAPI405_E8_F3.nd2,13
4,18114,11,0.012145301976371868,0.23328,340.6748962402344,6170985.0,4.892621693131106,0.0,0.2918514790259251,True,,KO,E8,3,d7,Plate1,/Users/pmihack/claire/tmem_2026/data/cleaved_tmem_pld3_260821/d7/TMEM_KO/TMEMKO_Plate1_d7_TMEM561LAMP1640MAP2488DAPI405_E8_F3.nd2,13
5,15662,3,0.0008938832843825821,0.054432,157.75328063964844,2470732.0,18.232912877563525,0.0071970573626458645,0.05322398754932977,True,,KO,E8,3,d7,Plate1,/Users/pmihack/claire/tmem_2026/data/cleaved_tmem_pld3_260821/d7/TMEM_KO/TMEMKO_Plate1_d7_TMEM561LAMP1640MAP2488DAPI405_E8_F3.nd2,13
6,11755,1,0.0012760527435133986,0.17495999999999998,214.88124084472656,2525929.0,21.618051491464715,0.0,0.17809087098011075,True,,KO,E8,3,d7,Plate1,/Users/pmihack/claire/tmem_2026/data/cleaved_tmem_pld3_260821/d7/TMEM_KO/TMEMKO_Plate1_d7_TMEM561LAMP1640MAP2488DAPI405_E8_F3.nd2,13
7,8426,0,0.0,0.0,51.32138442993164,432434.0,,0.0,0.20135836488869652,True,,KO,E8,3,d7,Plate1,/Users/pmihack/claire/tmem_2026/data/cleaved_tmem_pld3_260821/d7/TMEM_KO/TMEMKO_Plate1_d7_TMEM561LAMP1640MAP2488DAPI405_E8_F3.nd2,13
8,10401,0,0.0,0.0,2.741370916366577,28513.0,,0.0,0.0013888978445286318,True,,KO,E8,3,d7,Plate1,/Users/pmihack/claire/tmem_2026/data/cleaved_tmem_pld3_260821/d7/TMEM_KO/TMEMKO_Plate1_d7_TMEM561LAMP1640MAP2488DAPI405_E8_F3.nd2,13
9,18823,10,0.06518620836211018,1.4311728,752.6659545898438,14167431.0,15.969003208110962,0.0,0.28251121923572137,True,,KO,E8,3,d7,Plate1,/Users/pmihack/claire/tmem_2026/data/cleaved_tmem_pld3_260821/d7/TMEM_KO/TMEMKO_Plate1_d7_TMEM561LAMP1640MAP2488DAPI405_E8_F3.nd2,13
10,8217,2,0.0038943653401484726,0.18662399999999998,173.83302307128906,1428386.0,28.20760198042382,0.0,0.10214444737364103,False,border,KO,E8,3,d7,Plate1,/Users/pmihack/claire/tmem_2026/data/cleaved_tmem_pld3_260821/d7/TMEM_KO/TMEMKO_Plate1_d7_TMEM561LAMP1640MAP2488DAPI405_E8_F3.nd2,13
11,6656,0,0.0,0.0,16.25495719909668,108193.0,,0.0,0.1422482047891788,True,,KO,E8,3,d7,Plate1,/Users/pmihack/claire/tmem_2026/data/cleaved_tmem_pld3_260821/d7/TMEM_KO/TMEMKO_Plate1_d7_TMEM561LAMP1640MAP2488DAPI405_E8_F3.nd2,13
12,14171,9,0.06668548444005364,1.2247199999999998,862.08544921875,12216613.0,11.211654257889126,0.0,0.388024919013772,True,,KO,E8,3,d7,Plate1,/Users/pmihack/claire/tmem_2026/data/cleaved_tmem_pld3_260821/d7/TMEM_KO/TMEMKO_Plate1_d7_TMEM561LAMP1640MAP2488DAPI405_E8_F3.nd2,13
13,14736,10,0.029315960912052116,0.5038848,490.8560791015625,7233255.0,15.752308710084078,0.0,0.07524565099589044,True,,KO,E8,3,d7,Plate1,/Users/pmihack/claire/tmem_2026/data/cleaved_tmem_pld3_260821/d7/TMEM_KO/TMEMKO_Plate1_d7_TMEM561LAMP1640MAP2488DAPI405_E8_F3.nd2,13
14,12067,9,0.010110217949780393,0.15811199999999997,380.0653991699219,4586249.0,5.54219747004132,0.0,0.14512432885040466,True,,KO,E8,3,d7,Plate1,/Users/pmihack/claire/tmem_2026/data/cleaved_tmem_pld3_260821/d7/TMEM_KO/TMEMKO_Plate1_d7_TMEM561LAMP1640MAP2488DAPI405_E8_F3.nd2,13
15,6935,0,0.0,0.0,36.100215911865234,250355.0,,0.0,0.05252089692310452,True,,KO,E8,3,d7,Plate1,/Users/pmihack/claire/tmem_2026/data/cleaved_tmem_pld3_260821/d7/TMEM_KO/TMEMKO_Plate1_d7_TMEM561LAMP1640MAP2488DAPI405_E8_F3.nd2,13
16,10051,2,0.13610586011342155,7.9781759999999995,1565.21923828125,15732018.0,8.600874580225259,0.0,0.3631578901118308,True,,KO,E8,3,d7,Plate1,/Users/pmihack/claire/tmem_2026/data/cleaved_tmem_pld3_260821/d7/TMEM_KO/TMEMKO_Plate1_d7_TMEM561LAMP1640MAP2488DAPI405_E8_F3.nd2,13
17,16392,0,0.0,0.0,16.933076858520508,277567.0,,0.0,0.17944514803379769,True,,KO,E8,3,d7,Plate1,/Users/pmihack/claire/tmem_2026/data/cleaved_tmem_pld3_260821/d7/TMEM_KO/TMEMKO_Plate1_d7_TMEM561LAMP1640MAP2488DAPI405_E8_F3.nd2,13
18,12676,11,0.12306721363206059,1.6541672727272725,1467.9637451171875,18607908.0,9.554950877062687,0.0,0.2577945305852564,True,,KO,E8,3,d7,Plate1,/Users/pmihack/claire/tmem_2026/data/cleaved_tmem_pld3_260821/d7/TMEM_KO/TMEMKO_Plate1_d7_TMEM561LAMP1640MAP2488DAPI405_E8_F3.nd2,13
19,19908,7,0.012457303596544103,0.41323885714285713,238.60598754882812,4750168.0,8.305439969675145,0.0,0.4090694095334345,True,,KO,E8,3,d7,Plate1,/Users/pmihack/claire/tmem_2026/data/cleaved_tmem_pld3_260821/d7/TMEM_KO/TMEMKO_Plate1_d7_TMEM561LAMP1640MAP2488DAPI405_E8_F3.nd2,13
20,19108,23,0.040977601004814734,0.39708313043478255,713.7869873046875,13639042.0,9.836340808247133,0.0,0.2527428393925908,True,,KO,E8,3,d7,Plate1,/Users/pmihack/claire/tmem_2026/data/cleaved_tmem_pld3_260821/d7/TMEM_KO/TMEMKO_Plate1_d7_TMEM561LAMP1640MAP2488DAPI405_E8_F3.nd2,13
21,28151,7,0.012681609889524352,0.594864,234.2078094482422,6593184.0,5.341051726555879,0.0,0.34095817663361505,True,,KO,E8,3,d7,Plate1,/Users/pmihack/claire/tmem_2026/data/cleaved_tmem_pld3_260821/d7/TMEM_KO/TMEMKO_Plate1_d7_TMEM561LAMP1640MAP2488DAPI405_E8_F3.nd2,13
1,11957,13,0.1343146274149034,1.4409526153846153,1458.900390625,17444072.0,17.281227173879792,0.0,0.47817513625922536,True,,KO,E8,4,d7,Plate1,/Users/pmihack/claire/tmem_2026/data/cleaved_tmem_pld3_260821/d7/TMEM_KO/TMEMKO_Plate1_d7_TMEM561LAMP1640MAP2488DAPI405_E8_F4.nd2,14
2,32539,12,0.024032699222471497,0.760104,307.3616943359375,10001242.0,11.241439330623328,0.0,0.372842749166554,True,,KO,E8,4,d7,Plate1,/Users/pmihack/claire/tmem_2026/data/cleaved_tmem_pld3_260821/d7/TMEM_KO/TMEMKO_Plate1_d7_TMEM561LAMP1640MAP2488DAPI405_E8_F4.nd2,14
3,12957,8,0.03488461835301381,0.6590159999999999,458.5901184082031,5941952.0,3.058495593488583,0.0,0.22213363576220135,True,,KO,E8,4,d7,Plate1,/Users/pmihack/claire/tmem_2026/data/cleaved_tmem_pld3_260821/d7/TMEM_KO/TMEMKO_Plate1_d7_TMEM561LAMP1640MAP2488DAPI405_E8_F4.nd2,14
4,10341,3,0.08442123585726719,3.394224,849.173583984375,8781304.0,5.325889653415714,0.0,0.4638684980969091,True,,KO,E8,4,d7,Plate1,/Users/pmihack/claire/tmem_2026/data/cleaved_tmem_pld3_260821/d7/TMEM_KO/TMEMKO_Plate1_d7_TMEM561LAMP1640MAP2488DAPI405_E8_F4.nd2,14
5,28047,15,0.07647876778265054,1.6679519999999999,840.0850219726562,23561864.0,5.89910096573604,0.0,0.285151063881356,True,,KO,E8,4,d7,Plate1,/Users/pmihack/claire/tmem_2026/data/cleaved_tmem_pld3_260821/d7/TMEM_KO/TMEMKO_Plate1_d7_TMEM561LAMP1640MAP2488DAPI405_E8_F4.nd2,14
6,22448,14,0.10303813257305773,1.9270594285714284,1041.2952880859375,23374996.0,5.958640937112922,0.0,0.34228091219894513,True,,KO,E8,4,d7,Plate1,/Users/pmihack/claire/tmem_2026/data/cleaved_tmem_pld3_260821/d7/TMEM_KO/TMEMKO_Plate1_d7_TMEM561LAMP1640MAP2488DAPI405_E8_F4.nd2,14
7,11622,5,0.021166752710376872,0.5738688,295.7997741699219,3437785.0,18.729147269208784,0.0,0.1978075693789358,True,,KO,E8,4,d7,Plate1,/Users/pmihack/claire/tmem_2026/data/cleaved_tmem_pld3_260821/d7/TMEM_KO/TMEMKO_Plate1_d7_TMEM561LAMP1640MAP2488DAPI405_E8_F4.nd2,14
8,5524,13,0.1057204923968139,0.5239827692307691,1449.1038818359375,8004850.0,12.314713272036608,0.0,0.13119299122808328,True,,KO,E8,4,d7,Plate1,/Users/pmihack/claire/tmem_2026/data/cleaved_tmem_pld3_260821/d7/TMEM_KO/TMEMKO_Plate1_d7_TMEM561LAMP1640MAP2488DAPI405_E8_F4.nd2,14
9,17121,6,0.08276385725132877,2.7546479999999995,827.0223999023438,14159450.0,20.00808510247493,0.0,0.39981274645364695,True,,KO,E8,4,d7,Plate1,/Users/pmihack/claire/tmem_2026/data/cleaved_tmem_pld3_260821/d7/TMEM_KO/TMEMKO_Plate1_d7_TMEM561LAMP1640MAP2488DAPI405_E8_F4.nd2,14
10,14604,6,0.040057518488085454,1.1372399999999998,559.0712280273438,8164676.0,13.124535348562558,0.0005935324588790536,0.03492423174395252,True,,KO,E8,4,d7,Plate1,/Users/pmihack/claire/tmem_2026/data/cleaved_tmem_pld3_260821/d7/TMEM_KO/TMEMKO_Plate1_d7_TMEM561LAMP1640MAP2488DAPI405_E8_F4.nd2,14
11,18029,9,0.04426202229740973,1.034208,529.0548095703125,9538329.0,9.392693551628978,0.0,0.4755873349779518,True,,KO,E8,4,d7,Plate1,/Users/pmihack/claire/tmem_2026/data/cleaved_tmem_pld3_260821/d7/TMEM_KO/TMEMKO_Plate1_d7_TMEM561LAMP1640MAP2488DAPI405_E8_F4.nd2,14
12,8701,4,0.024594874152396275,0.6240239999999999,470.46478271484375,4093514.0,15.910317071351038,0.0,0.13032677977091064,True,,KO,E8,4,d7,Plate1,/Users/pmihack/claire/tmem_2026/data/cleaved_tmem_pld3_260821/d7/TMEM_KO/TMEMKO_Plate1_d7_TMEM561LAMP1640MAP2488DAPI405_E8_F4.nd2,14
13,7695,5,0.05627030539311241,1.0101023999999998,641.143310546875,4933598.0,43.66022809730907,0.0,0.45064805586873335,True,,KO,E8,4,d7,Plate1,/Users/pmihack/claire/tmem_2026/data/cleaved_tmem_pld3_260821/d7/TMEM_KO/TMEMKO_Plate1_d7_TMEM561LAMP1640MAP2488DAPI405_E8_F4.nd2,14
14,12426,8,0.035570577820698536,0.6444359999999999,463.6360778808594,5761142.0,14.470165882484503,0.0,0.32817994569470954,True,,KO,E8,4,d7,Plate1,/Users/pmihack/claire/tmem_2026/data/cleaved_tmem_pld3_260821/d7/TMEM_KO/TMEMKO_Plate1_d7_TMEM561LAMP1640MAP2488DAPI405_E8_F4.nd2,14
15,16223,6,0.005116193059236886,0.161352,187.64230346679688,3044121.0,12.12290026013739,0.0,0.34324480405698365,True,,KO,E8,4,d7,Plate1,/Users/pmihack/claire/tmem_2026/data/cleaved_tmem_pld3_260821/d7/TMEM_KO/TMEMKO_Plate1_d7_TMEM561LAMP1640MAP2488DAPI405_E8_F4.nd2,14
16,13892,8,0.0225309530665131,0.456354,347.74713134765625,4830903.0,29.472443916762874,0.0,0.23167066247860238,True,,KO,E8,4,d7,Plate1,/Users/pmihack/claire/tmem_2026/data/cleaved_tmem_pld3_260821/d7/TMEM_KO/TMEMKO_Plate1_d7_TMEM561LAMP1640MAP2488DAPI405_E8_F4.nd2,14
17,29199,11,0.02164457686907086,0.6701498181818181,256.14202880859375,7479091.0,8.90187840925755,0.0,0.26579702081181694,True,,KO,E8,4,d7,Plate1,/Users/pmihack/claire/tmem_2026/data/cleaved_tmem_pld3_260821/d7/TMEM_KO/TMEMKO_Plate1_d7_TMEM561LAMP1640MAP2488DAPI405_E8_F4.nd2,14
18,10842,2,0.0012912746725696365,0.081648,222.94290161132812,2417147.0,15.150292631783616,0.0,0.07225674210280301,True,,KO,E8,4,d7,Plate1,/Users/pmihack/claire/tmem_2026/data/cleaved_tmem_pld3_260821/d7/TMEM_KO/TMEMKO_Plate1_d7_TMEM561LAMP1640MAP2488DAPI405_E8_F4.nd2,14
19,9277,4,0.10003233804031476,2.7060479999999996,1003.669921875,9311046.0,16.287748643290843,0.0,0.532613154374864,True,,KO,E8,4,d7,Plate1,/Users/pmihack/claire/tmem_2026/data/cleaved_tmem_pld3_260821/d7/TMEM_KO/TMEMKO_Plate1_d7_TMEM561LAMP1640MAP2488DAPI405_E8_F4.nd2,14
20,11043,8,0.08485013130489903,1.3661459999999999,876.494140625,9679125.0,17.60333697266207,0.0,0.492451941837504,True,,KO,E8,4,d7,Plate1,/Users/pmihack/claire/tmem_2026/data/cleaved_tmem_pld3_260821/d7/TMEM_KO/TMEMKO_Plate1_d7_TMEM561LAMP1640MAP2488DAPI405_E8_F4.nd2,14
21,12485,1,0.0005606728073688426,0.081648,252.38214111328125,3150991.0,14.879839178687941,0.0,0.2654765460157595,True,,KO,E8,4,d7,Plate1,/Users/pmihack/claire/tmem_2026/data/cleaved_tmem_pld3_260821/d7/TMEM_KO/TMEMKO_Plate1_d7_TMEM561LAMP1640MAP2488DAPI405_E8_F4.nd2,14
22,19349,11,0.04780608816993126,0.9808363636363636,611.0648803710938,11823494.0,13.878892997851645,0.0,0.18236007527834677,True,,KO,E8,4,d7,Plate1,/Users/pmihack/claire/tmem_2026/data/cleaved_tmem_pld3_260821/d7/TMEM_KO/TMEMKO_Plate1_d7_TMEM561LAMP1640MAP2488DAPI405_E8_F4.nd2,14
1,14703,1,0.001836359926545603,0.314928,168.48915100097656,2477296.0,19.761260804218285,0.0,0.266998357081211,True,,KO,F8,1,d7,Plate1,/Users/pmihack/claire/tmem_2026/data/cleaved_tmem_pld3_260821/d7/TMEM_KO/TMEMKO_Plate1_d7_TMEM561LAMP1640MAP2488DAPI405_F8_F1.nd2,13
2,10786,5,0.007602447617281662,0.19128959999999998,383.5544128417969,4137018.0,19.172611118882717,3.9642080082558095e-05,0.0045242565955766825,True,,KO,F8,1,d7,Plate1,/Users/pmihack/claire/tmem_2026/data/cleaved_tmem_pld3_260821/d7/TMEM_KO/TMEMKO_Plate1_d7_TMEM561LAMP1640MAP2488DAPI405_F8_F1.nd2,13
3,538,0,0.0,0.0,3.9702601432800293,2136.0,,0.0,0.12738254704020316,False,size_outlier,KO,F8,1,d7,Plate1,/Users/pmihack/claire/tmem_2026/data/cleaved_tmem_pld3_260821/d7/TMEM_KO/TMEMKO_Plate1_d7_TMEM561LAMP1640MAP2488DAPI405_F8_F1.nd2,13
4,23190,0,0.0,0.0,136.36761474609375,3162365.0,,0.0,0.4414317021870142,True,,KO,F8,1,d7,Plate1,/Users/pmihack/claire/tmem_2026/data/cleaved_tmem_pld3_260821/d7/TMEM_KO/TMEMKO_Plate1_d7_TMEM561LAMP1640MAP2488DAPI405_F8_F1.nd2,13
5,10702,4,0.01803401233414315,0.562788,496.3524475097656,5311964.0,16.865308157608283,0.0,0.475420130838798,True,,KO,F8,1,d7,Plate1,/Users/pmihack/claire/tmem_2026/data/cleaved_tmem_pld3_260821/d7/TMEM_KO/TMEMKO_Plate1_d7_TMEM561LAMP1640MAP2488DAPI405_F8_F1.nd2,13
6,479,0,0.0,0.0,0.42588725686073303,204.0,,0.0,0.0011276561317417303,False,size_outlier,KO,F8,1,d7,Plate1,/Users/pmihack/claire/tmem_2026/data/cleaved_tmem_pld3_260821/d7/TMEM_KO/TMEMKO_Plate1_d7_TMEM561LAMP1640MAP2488DAPI405_F8_F1.nd2,13
7,26313,0,0.0,0.0,117.89127349853516,3102073.0,,0.00031430594390258193,0.009430184907847933,True,,KO,F8,1,d7,Plate1,/Users/pmihack/claire/tmem_2026/data/cleaved_tmem_pld3_260821/d7/TMEM_KO/TMEMKO_Plate1_d7_TMEM561LAMP1640MAP2488DAPI405_F8_F1.nd2,13
8,557,0,0.0,0.0,14.387791633605957,8014.0,,0.0,-0.005481207256309705,False,size_outlier,KO,F8,1,d7,Plate1,/Users/pmihack/claire/tmem_2026/data/cleaved_tmem_pld3_260821/d7/TMEM_KO/TMEMKO_Plate1_d7_TMEM561LAMP1640MAP2488DAPI405_F8_F1.nd2,13
9,543,0,0.0,0.0,2.7808470726013184,1510.0,,0.0,0.609078785955574,False,size_outlier,KO,F8,1,d7,Plate1,/Users/pmihack/claire/tmem_2026/data/cleaved_tmem_pld3_260821/d7/TMEM_KO/TMEMKO_Plate1_d7_TMEM561LAMP1640MAP2488DAPI405_F8_F1.nd2,13
10,6636,0,0.0,0.0,253.09779357910156,1679557.0,,0.0,0.33431035282000976,True,,KO,F8,1,d7,Plate1,/Users/pmihack/claire/tmem_2026/data/cleaved_tmem_pld3_260821/d7/TMEM_KO/TMEMKO_Plate1_d7_TMEM561LAMP1640MAP2488DAPI405_F8_F1.nd2,13
11,14520,0,0.0,0.0,78.9307861328125,1146075.0,,0.0,0.2724417154478524,True,,KO,F8,1,d7,Plate1,/Users/pmihack/claire/tmem_2026/data/cleaved_tmem_pld3_260821/d7/TMEM_KO/TMEMKO_Plate1_d7_TMEM561LAMP1640MAP2488DAPI405_F8_F1.nd2,13
12,14632,0,0.0,0.0,132.0837860107422,1932650.0,,0.0,0.3704023200886783,True,,KO,F8,1,d7,Plate1,/Users/pmihack/claire/tmem_2026/data/cleaved_tmem_pld3_260821/d7/TMEM_KO/TMEMKO_Plate1_d7_TMEM561LAMP1640MAP2488DAPI405_F8_F1.nd2,13
13,328,0,0.0,0.0,5.064024448394775,1661.0,,0.0,0.2563145252390057,False,size_outlier,KO,F8,1,d7,Plate1,/Users/pmihack/claire/tmem_2026/data/cleaved_tmem_pld3_260821/d7/TMEM_KO/TMEMKO_Plate1_d7_TMEM561LAMP1640MAP2488DAPI405_F8_F1.nd2,13
14,279,0,0.0,0.0,1.2688171863555908,354.0,,0.0,0.08358877099565513,False,size_outlier,KO,F8,1,d7,Plate1,/Users/pmihack/claire/tmem_2026/data/cleaved_tmem_pld3_260821/d7/TMEM_KO/TMEMKO_Plate1_d7_TMEM561LAMP1640MAP2488DAPI405_F8_F1.nd2,13
15,13075,2,0.00130019120458891,0.099144,181.63609313964844,2374892.0,11.473968263356232,0.0,0.24373882430532764,True,,KO,F8,1,d7,Plate1,/Users/pmihack/claire/tmem_2026/data/cleaved_tmem_pld3_260821/d7/TMEM_KO/TMEMKO_Plate1_d7_TMEM561LAMP1640MAP2488DAPI405_F8_F1.nd2,13
16,286,0,0.0,0.0,1.7727272510528564,507.0,,0.0,0.16889403566505382,False,size_outlier,KO,F8,1,d7,Plate1,/Users/pmihack/claire/tmem_2026/data/cleaved_tmem_pld3_260821/d7/TMEM_KO/TMEMKO_Plate1_d7_TMEM561LAMP1640MAP2488DAPI405_F8_F1.nd2,13
17,548,0,0.0,0.0,4.833941459655762,2649.0,,0.0,0.15148819568174282,False,size_outlier,KO,F8,1,d7,Plate1,/Users/pmihack/claire/tmem_2026/data/cleaved_tmem_pld3_260821/d7/TMEM_KO/TMEMKO_Plate1_d7_TMEM561LAMP1640MAP2488DAPI405_F8_F1.nd2,13
18,750,0,0.0,0.0,28.457332611083984,21343.0,,0.0,-0.08959931035554108,False,size_outlier,KO,F8,1,d7,Plate1,/Users/pmihack/claire/tmem_2026/data/cleaved_tmem_pld3_260821/d7/TMEM_KO/TMEMKO_Plate1_d7_TMEM561LAMP1640MAP2488DAPI405_F8_F1.nd2,13
19,4782,0,0.0,0.0,121.26160430908203,579873.0,,0.0,0.033306231941935854,True,,KO,F8,1,d7,Plate1,/Users/pmihack/claire/tmem_2026/data/cleaved_tmem_pld3_260821/d7/TMEM_KO/TMEMKO_Plate1_d7_TMEM561LAMP1640MAP2488DAPI405_F8_F1.nd2,13
20,15886,1,0.0022661462923328716,0.41990399999999994,145.12684631347656,2305485.0,10.705859565438011,0.0,0.3377824767838165,True,,KO,F8,1,d7,Plate1,/Users/pmihack/claire/tmem_2026/data/cleaved_tmem_pld3_260821/d7/TMEM_KO/TMEMKO_Plate1_d7_TMEM561LAMP1640MAP2488DAPI405_F8_F1.nd2,13
21,20575,0,0.0,0.0,97.14420318603516,1998742.0,,0.0,0.048307027823409725,True,,KO,F8,1,d7,Plate1,/Users/pmihack/claire/tmem_2026/data/cleaved_tmem_pld3_260821/d7/TMEM_KO/TMEMKO_Plate1_d7_TMEM561LAMP1640MAP2488DAPI405_F8_F1.nd2,13
1,18186,3,0.0031892664687121963,0.22550399999999995,161.34107971191406,2934149.0,3.8291571706207943,0.0,0.07224346799603769,False,border,KO,F8,2,d7,Plate1,/Users/pmihack/claire/tmem_2026/data/cleaved_tmem_pld3_260821/d7/TMEM_KO/TMEMKO_Plate1_d7_TMEM561LAMP1640MAP2488DAPI405_F8_F2.nd2,14
2,4882,4,0.02867677181482999,0.40824,685.6333618164062,3347262.0,19.832081977187457,0.0,0.09841261344555066,True,,KO,F8,2,d7,Plate1,/Users/pmihack/claire/tmem_2026/data/cleaved_tmem_pld3_260821/d7/TMEM_KO/TMEMKO_Plate1_d7_TMEM561LAMP1640MAP2488DAPI405_F8_F2.nd2,14
3,20509,3,0.018577210005363498,1.481328,322.546142578125,6615099.0,7.834311029184526,0.0,0.18427293877672005,True,,KO,F8,2,d7,Plate1,/Users/pmihack/claire/tmem_2026/data/cleaved_tmem_pld3_260821/d7/TMEM_KO/TMEMKO_Plate1_d7_TMEM561LAMP1640MAP2488DAPI405_F8_F2.nd2,14
4,9403,4,0.010422205679038605,0.28576799999999997,349.064453125,3282253.0,12.325548439488362,0.0,0.23522413262889952,True,,KO,F8,2,d7,Plate1,/Users/pmihack/claire/tmem_2026/data/cleaved_tmem_pld3_260821/d7/TMEM_KO/TMEMKO_Plate1_d7_TMEM561LAMP1640MAP2488DAPI405_F8_F2.nd2,14
5,22667,0,0.0,0.0,57.41302490234375,1301381.0,,0.0,0.019641222603338546,True,,KO,F8,2,d7,Plate1,/Users/pmihack/claire/tmem_2026/data/cleaved_tmem_pld3_260821/d7/TMEM_KO/TMEMKO_Plate1_d7_TMEM561LAMP1640MAP2488DAPI405_F8_F2.nd2,14
6,10539,0,0.0,0.0,31.993452072143555,337179.0,,0.0,0.26343470613116354,True,,KO,F8,2,d7,Plate1,/Users/pmihack/claire/tmem_2026/data/cleaved_tmem_pld3_260821/d7/TMEM_KO/TMEMKO_Plate1_d7_TMEM561LAMP1640MAP2488DAPI405_F8_F2.nd2,14
7,25469,1,0.000588951274097923,0.17495999999999998,61.38839340209961,1563501.0,5.3365145665532365,0.0,0.07685681994274977,True,,KO,F8,2,d7,Plate1,/Users/pmihack/claire/tmem_2026/data/cleaved_tmem_pld3_260821/d7/TMEM_KO/TMEMKO_Plate1_d7_TMEM561LAMP1640MAP2488DAPI405_F8_F2.nd2,14
8,9089,1,0.00033006931455605677,0.034991999999999995,239.726806640625,2178877.0,11.490551281183901,0.0,0.5151663054701635,True,,KO,F8,2,d7,Plate1,/Users/pmihack/claire/tmem_2026/data/cleaved_tmem_pld3_260821/d7/TMEM_KO/TMEMKO_Plate1_d7_TMEM561LAMP1640MAP2488DAPI405_F8_F2.nd2,14
9,8303,0,0.0,0.0,1.7435866594314575,14477.0,,0.0,0.027225717356252684,True,,KO,F8,2,d7,Plate1,/Users/pmihack/claire/tmem_2026/data/cleaved_tmem_pld3_260821/d7/TMEM_KO/TMEMKO_Plate1_d7_TMEM561LAMP1640MAP2488DAPI405_F8_F2.nd2,14
10,9317,2,0.010518407212622089,0.5715359999999999,375.53643798828125,3498873.0,7.798982574712376,0.0,0.09943852645056189,True,,KO,F8,2,d7,Plate1,/Users/pmihack/claire/tmem_2026/data/cleaved_tmem_pld3_260821/d7/TMEM_KO/TMEMKO_Plate1_d7_TMEM561LAMP1640MAP2488DAPI405_F8_F2.nd2,14
11,8429,1,0.0005931901767706727,0.05832,127.48001098632812,1074529.0,5.543601665965116,0.0,0.39225370573807494,True,,KO,F8,2,d7,Plate1,/Users/pmihack/claire/tmem_2026/data/cleaved_tmem_pld3_260821/d7/TMEM_KO/TMEMKO_Plate1_d7_TMEM561LAMP1640MAP2488DAPI405_F8_F2.nd2,14
12,4948,0,0.0,0.0,228.22817993164062,1129273.0,,0.0,0.705761963550295,True,,KO,F8,2,d7,Plate1,/Users/pmihack/claire/tmem_2026/data/cleaved_tmem_pld3_260821/d7/TMEM_KO/TMEMKO_Plate1_d7_TMEM561LAMP1640MAP2488DAPI405_F8_F2.nd2,14
13,8188,1,0.0036638983878847092,0.34991999999999995,207.79861450195312,1701455.0,36.00793497148713,0.0,0.3953724003917158,True,,KO,F8,2,d7,Plate1,/Users/pmihack/claire/tmem_2026/data/cleaved_tmem_pld3_260821/d7/TMEM_KO/TMEMKO_Plate1_d7_TMEM561LAMP1640MAP2488DAPI405_F8_F2.nd2,14
14,5229,0,0.0,0.0,546.7879028320312,2859154.0,,0.0,0.30571222901160705,True,,KO,F8,2,d7,Plate1,/Users/pmihack/claire/tmem_2026/data/cleaved_tmem_pld3_260821/d7/TMEM_KO/TMEMKO_Plate1_d7_TMEM561LAMP1640MAP2488DAPI405_F8_F2.nd2,14
15,16836,3,0.003266809218341649,0.21383999999999997,250.6024627685547,4219143.0,4.63223563046846,0.0,0.20261159718331181,True,,KO,F8,2,d7,Plate1,/Users/pmihack/claire/tmem_2026/data/cleaved_tmem_pld3_260821/d7/TMEM_KO/TMEMKO_Plate1_d7_TMEM561LAMP1640MAP2488DAPI405_F8_F2.nd2,14
16,128,0,0.0,0.0,7.890625,1010.0,,0.0,-0.025740820498637244,False,size_outlier,KO,F8,2,d7,Plate1,/Users/pmihack/claire/tmem_2026/data/cleaved_tmem_pld3_260821/d7/TMEM_KO/TMEMKO_Plate1_d7_TMEM561LAMP1640MAP2488DAPI405_F8_F2.nd2,14
17,20056,4,0.004537295572397288,0.265356,234.8949432373047,4711053.0,13.474013020494583,0.0,0.4062871479959005,True,,KO,F8,2,d7,Plate1,/Users/pmihack/claire/tmem_2026/data/cleaved_tmem_pld3_260821/d7/TMEM_KO/TMEMKO_Plate1_d7_TMEM561LAMP1640MAP2488DAPI405_F8_F2.nd2,14
18,15155,5,0.023556581986143188,0.8328096,390.4770812988281,5917680.0,9.909094381283676,0.0,0.17012667865608594,True,,KO,F8,2,d7,Plate1,/Users/pmihack/claire/tmem_2026/data/cleaved_tmem_pld3_260821/d7/TMEM_KO/TMEMKO_Plate1_d7_TMEM561LAMP1640MAP2488DAPI405_F8_F2.nd2,14
19,10751,0,0.0,0.0,42.118499755859375,452816.0,,0.0,0.027819335071835764,True,,KO,F8,2,d7,Plate1,/Users/pmihack/claire/tmem_2026/data/cleaved_tmem_pld3_260821/d7/TMEM_KO/TMEMKO_Plate1_d7_TMEM561LAMP1640MAP2488DAPI405_F8_F2.nd2,14
20,19773,6,0.014818186415819551,0.569592,263.8805847167969,5217711.0,10.05408394307343,0.0,0.4040373530541441,True,,KO,F8,2,d7,Plate1,/Users/pmihack/claire/tmem_2026/data/cleaved_tmem_pld3_260821/d7/TMEM_KO/TMEMKO_Plate1_d7_TMEM561LAMP1640MAP2488DAPI405_F8_F2.nd2,14
21,6303,0,0.0,0.0,247.28541564941406,1558640.0,,0.0,0.4451411263651221,True,,KO,F8,2,d7,Plate1,/Users/pmihack/claire/tmem_2026/data/cleaved_tmem_pld3_260821/d7/TMEM_KO/TMEMKO_Plate1_d7_TMEM561LAMP1640MAP2488DAPI405_F8_F2.nd2,14
1,5308,3,0.007912584777694047,0.163296,200.25433349609375,1062950.0,2.1946079833309553,0.0,0.5461465814246397,True,,KO,F8,3,d7,Plate1,/Users/pmihack/claire/tmem_2026/data/cleaved_tmem_pld3_260821/d7/TMEM_KO/TMEMKO_Plate1_d7_TMEM561LAMP1640MAP2488DAPI405_F8_F3.nd2,12
2,17587,0,0.0,0.0,67.4618148803711,1186451.0,,0.0,0.28203270501696137,True,,KO,F8,3,d7,Plate1,/Users/pmihack/claire/tmem_2026/data/cleaved_tmem_pld3_260821/d7/TMEM_KO/TMEMKO_Plate1_d7_TMEM561LAMP1640MAP2488DAPI405_F8_F3.nd2,12
3,13521,2,0.004215664521854893,0.332424,268.33184814453125,3628115.0,5.602926352617045,0.0,0.1851727670166447,True,,KO,F8,3,d7,Plate1,/Users/pmihack/claire/tmem_2026/data/cleaved_tmem_pld3_260821/d7/TMEM_KO/TMEMKO_Plate1_d7_TMEM561LAMP1640MAP2488DAPI405_F8_F3.nd2,12
4,12623,0,0.0,0.0,119.5299072265625,1508826.0,,0.0,0.1859769977765754,True,,KO,F8,3,d7,Plate1,/Users/pmihack/claire/tmem_2026/data/cleaved_tmem_pld3_260821/d7/TMEM_KO/TMEMKO_Plate1_d7_TMEM561LAMP1640MAP2488DAPI405_F8_F3.nd2,12
5,12876,0,0.0,0.0,61.840946197509766,796264.0,,2.5117296900134534e-05,0.023627331636451677,True,,KO,F8,3,d7,Plate1,/Users/pmihack/claire/tmem_2026/data/cleaved_tmem_pld3_260821/d7/TMEM_KO/TMEMKO_Plate1_d7_TMEM561LAMP1640MAP2488DAPI405_F8_F3.nd2,12
6,4093,2,0.007573906669924261,0.18079199999999998,358.3019714355469,1466530.0,16.564499743396947,0.0,0.04281001393093175,True,,KO,F8,3,d7,Plate1,/Users/pmihack/claire/tmem_2026/data/cleaved_tmem_pld3_260821/d7/TMEM_KO/TMEMKO_Plate1_d7_TMEM561LAMP1640MAP2488DAPI405_F8_F3.nd2,12
7,14273,9,0.013031598122328873,0.241056,320.8634338378906,4579684.0,3.1812207858807238,0.0,0.3610207363787046,True,,KO,F8,3,d7,Plate1,/Users/pmihack/claire/tmem_2026/data/cleaved_tmem_pld3_260821/d7/TMEM_KO/TMEMKO_Plate1_d7_TMEM561LAMP1640MAP2488DAPI405_F8_F3.nd2,12
8,10025,1,0.00039900249376558606,0.046655999999999996,161.57505798339844,1619790.0,25.18035821796699,0.0,-0.012502915352083055,True,,KO,F8,3,d7,Plate1,/Users/pmihack/claire/tmem_2026/data/cleaved_tmem_pld3_260821/d7/TMEM_KO/TMEMKO_Plate1_d7_TMEM561LAMP1640MAP2488DAPI405_F8_F3.nd2,12
9,16551,2,0.0016313213703099511,0.157464,85.57971954345703,1416430.0,7.2797288438422525,0.0,0.16879551754679764,True,,KO,F8,3,d7,Plate1,/Users/pmihack/claire/tmem_2026/data/cleaved_tmem_pld3_260821/d7/TMEM_KO/TMEMKO_Plate1_d7_TMEM561LAMP1640MAP2488DAPI405_F8_F3.nd2,12
10,17782,2,0.001180969519739062,0.12247199999999998,159.8326416015625,2842144.0,6.828953342604998,0.0,0.4269433687929004,True,,KO,F8,3,d7,Plate1,/Users/pmihack/claire/tmem_2026/data/cleaved_tmem_pld3_260821/d7/TMEM_KO/TMEMKO_Plate1_d7_TMEM561LAMP1640MAP2488DAPI405_F8_F3.nd2,12
11,22163,3,0.01421287731805261,1.2247199999999998,241.39222717285156,5349976.0,18.285510376312548,0.0,0.31520566356342966,True,,KO,F8,3,d7,Plate1,/Users/pmihack/claire/tmem_2026/data/cleaved_tmem_pld3_260821/d7/TMEM_KO/TMEMKO_Plate1_d7_TMEM561LAMP1640MAP2488DAPI405_F8_F3.nd2,12
12,9598,2,0.001250260470931444,0.06998399999999999,136.4613494873047,1309756.0,21.57353890700746,0.0,0.5198683140401793,True,,KO,F8,3,d7,Plate1,/Users/pmihack/claire/tmem_2026/data/cleaved_tmem_pld3_260821/d7/TMEM_KO/TMEMKO_Plate1_d7_TMEM561LAMP1640MAP2488DAPI405_F8_F3.nd2,12
13,11597,0,0.0,0.0,8.362421035766602,96979.0,,0.0,0.14965946069496905,True,,KO,F8,3,d7,Plate1,/Users/pmihack/claire/tmem_2026/data/cleaved_tmem_pld3_260821/d7/TMEM_KO/TMEMKO_Plate1_d7_TMEM561LAMP1640MAP2488DAPI405_F8_F3.nd2,12
14,16163,2,0.002351048691455794,0.22161599999999998,179.50912475585938,2901406.0,19.917558817678014,0.0,0.21858556938407436,True,,KO,F8,3,d7,Plate1,/Users/pmihack/claire/tmem_2026/data/cleaved_tmem_pld3_260821/d7/TMEM_KO/TMEMKO_Plate1_d7_TMEM561LAMP1640MAP2488DAPI405_F8_F3.nd2,12
15,13654,1,0.0012450563937307748,0.198288,108.87673950195312,1486603.0,11.093825613496978,0.0,-0.04347648650965795,True,,KO,F8,3,d7,Plate1,/Users/pmihack/claire/tmem_2026/data/cleaved_tmem_pld3_260821/d7/TMEM_KO/TMEMKO_Plate1_d7_TMEM561LAMP1640MAP2488DAPI405_F8_F3.nd2,12
16,6090,1,0.0019704433497536944,0.13996799999999998,266.6454772949219,1623871.0,20.107508662570318,0.0,0.4441858879418108,True,,KO,F8,3,d7,Plate1,/Users/pmihack/claire/tmem_2026/data/cleaved_tmem_pld3_260821/d7/TMEM_KO/TMEMKO_Plate1_d7_TMEM561LAMP1640MAP2488DAPI405_F8_F3.nd2,12
17,8881,0,0.0,0.0,121.99335479736328,1083423.0,,0.0,0.08726983706037471,True,,KO,F8,3,d7,Plate1,/Users/pmihack/claire/tmem_2026/data/cleaved_tmem_pld3_260821/d7/TMEM_KO/TMEMKO_Plate1_d7_TMEM561LAMP1640MAP2488DAPI405_F8_F3.nd2,12
18,8236,4,0.01578436134045653,0.37908,483.1985168457031,3979623.0,18.680801148969945,0.0,0.1663412276821016,True,,KO,F8,3,d7,Plate1,/Users/pmihack/claire/tmem_2026/data/cleaved_tmem_pld3_260821/d7/TMEM_KO/TMEMKO_Plate1_d7_TMEM561LAMP1640MAP2488DAPI405_F8_F3.nd2,12
19,6893,0,0.0,0.0,16.284637451171875,112250.0,,0.0,0.08754181053579799,True,,KO,F8,3,d7,Plate1,/Users/pmihack/claire/tmem_2026/data/cleaved_tmem_pld3_260821/d7/TMEM_KO/TMEMKO_Plate1_d7_TMEM561LAMP1640MAP2488DAPI405_F8_F3.nd2,12
20,13276,0,0.0,0.0,101.3577880859375,1345626.0,,0.0,0.3884426823967893,True,,KO,F8,3,d7,Plate1,/Users/pmihack/claire/tmem_2026/data/cleaved_tmem_pld3_260821/d7/TMEM_KO/TMEMKO_Plate1_d7_TMEM561LAMP1640MAP2488DAPI405_F8_F3.nd2,12
21,23352,1,4.2822884549503255e-05,0.011663999999999999,73.1768569946289,1708826.0,14.580994956677829,0.0,0.34325851219753284,True,,KO,F8,3,d7,Plate1,/Users/pmihack/claire/tmem_2026/data/cleaved_tmem_pld3_260821/d7/TMEM_KO/TMEMKO_Plate1_d7_TMEM561LAMP1640MAP2488DAPI405_F8_F3.nd2,12
22,12884,9,0.03508227258615337,0.585792,594.4585571289062,7659004.0,14.326706302257692,0.0,0.04687623773756584,True,,KO,F8,3,d7,Plate1,/Users/pmihack/claire/tmem_2026/data/cleaved_tmem_pld3_260821/d7/TMEM_KO/TMEMKO_Plate1_d7_TMEM561LAMP1640MAP2488DAPI405_F8_F3.nd2,12
23,11976,8,0.01820307281229125,0.31784399999999996,313.2356262207031,3751310.0,16.568714343833424,0.0,0.13833755743776416,True,,KO,F8,3,d7,Plate1,/Users/pmihack/claire/tmem_2026/data/cleaved_tmem_pld3_260821/d7/TMEM_KO/TMEMKO_Plate1_d7_TMEM561LAMP1640MAP2488DAPI405_F8_F3.nd2,12
24,20949,17,0.03580123156236575,0.5145882352941176,659.3065795898438,13811814.0,13.00164397745787,0.0,0.24805977864486264,True,,KO,F8,3,d7,Plate1,/Users/pmihack/claire/tmem_2026/data/cleaved_tmem_pld3_260821/d7/TMEM_KO/TMEMKO_Plate1_d7_TMEM561LAMP1640MAP2488DAPI405_F8_F3.nd2,12
25,9843,10,0.026109925835619222,0.29976479999999994,504.9635314941406,4970356.0,17.332563118302232,0.0,0.1943483632529563,True,,KO,F8,3,d7,Plate1,/Users/pmihack/claire/tmem_2026/data/cleaved_tmem_pld3_260821/d7/TMEM_KO/TMEMKO_Plate1_d7_TMEM561LAMP1640MAP2488DAPI405_F8_F3.nd2,12
26,22056,0,0.0,0.0,98.53921508789062,2173381.0,,0.0,0.3805163057695757,True,,KO,F8,3,d7,Plate1,/Users/pmihack/claire/tmem_2026/data/cleaved_tmem_pld3_260821/d7/TMEM_KO/TMEMKO_Plate1_d7_TMEM561LAMP1640MAP2488DAPI405_F8_F3.nd2,12
27,4677,2,0.0036348086380158223,0.099144,171.55206298828125,802349.0,50.705201762853804,0.0,0.6025573903611616,True,,KO,F8,3,d7,Plate1,/Users/pmihack/claire/tmem_2026/data/cleaved_tmem_pld3_260821/d7/TMEM_KO/TMEMKO_Plate1_d7_TMEM561LAMP1640MAP2488DAPI405_F8_F3.nd2,12
28,13628,15,0.03426768417963017,0.36313919999999994,593.6593627929688,8090390.0,19.70743967098416,0.0,0.1173493005764719,True,,KO,F8,3,d7,Plate1,/Users/pmihack/claire/tmem_2026/data/cleaved_tmem_pld3_260821/d7/TMEM_KO/TMEMKO_Plate1_d7_TMEM561LAMP1640MAP2488DAPI405_F8_F3.nd2,12
29,14943,3,0.0033460483169376965,0.1944,184.55938720703125,2757871.0,15.043614377603262,0.0,0.15388336396030444,True,,KO,F8,3,d7,Plate1,/Users/pmihack/claire/tmem_2026/data/cleaved_tmem_pld3_260821/d7/TMEM_KO/TMEMKO_Plate1_d7_TMEM561LAMP1640MAP2488DAPI405_F8_F3.nd2,12
30,14656,0,0.0,0.0,112.12554931640625,1643312.0,,0.0,0.3582899203543568,True,,KO,F8,3,d7,Plate1,/Users/pmihack/claire/tmem_2026/data/cleaved_tmem_pld3_260821/d7/TMEM_KO/TMEMKO_Plate1_d7_TMEM561LAMP1640MAP2488DAPI405_F8_F3.nd2,12
1,16938,0,0.0,0.0,38.42277908325195,650805.0,,0.0010402501793578267,-0.010486642769177988,True,,KO,F8,4,d7,Plate1,/Users/pmihack/claire/tmem_2026/data/cleaved_tmem_pld3_260821/d7/TMEM_KO/TMEMKO_Plate1_d7_TMEM561LAMP1640MAP2488DAPI405_F8_F4.nd2,8
2,16292,0,0.0,0.0,67.49214172363281,1099582.0,,0.0,-0.0288933616973856,True,,KO,F8,4,d7,Plate1,/Users/pmihack/claire/tmem_2026/data/cleaved_tmem_pld3_260821/d7/TMEM_KO/TMEMKO_Plate1_d7_TMEM561LAMP1640MAP2488DAPI405_F8_F4.nd2,8
3,12822,2,0.0019497738262361567,0.14579999999999999,151.9784698486328,1948668.0,3.7701737552123853,0.0,0.06845141060666705,True,,KO,F8,4,d7,Plate1,/Users/pmihack/claire/tmem_2026/data/cleaved_tmem_pld3_260821/d7/TMEM_KO/TMEMKO_Plate1_d7_TMEM561LAMP1640MAP2488DAPI405_F8_F4.nd2,8
4,7823,0,0.0,0.0,82.208740234375,643119.0,,0.0,-0.09394616168099149,True,,KO,F8,4,d7,Plate1,/Users/pmihack/claire/tmem_2026/data/cleaved_tmem_pld3_260821/d7/TMEM_KO/TMEMKO_Plate1_d7_TMEM561LAMP1640MAP2488DAPI405_F8_F4.nd2,8
5,17263,0,0.0,0.0,45.104618072509766,778641.0,,0.0,0.06878286295923987,True,,KO,F8,4,d7,Plate1,/Users/pmihack/claire/tmem_2026/data/cleaved_tmem_pld3_260821/d7/TMEM_KO/TMEMKO_Plate1_d7_TMEM561LAMP1640MAP2488DAPI405_F8_F4.nd2,8
6,15172,6,0.01496177168468231,0.441288,261.6087646484375,3969128.0,8.027795255566666,0.0,0.0512572900476132,True,,KO,F8,4,d7,Plate1,/Users/pmihack/claire/tmem_2026/data/cleaved_tmem_pld3_260821/d7/TMEM_KO/TMEMKO_Plate1_d7_TMEM561LAMP1640MAP2488DAPI405_F8_F4.nd2,8
7,10755,0,0.0,0.0,50.19581604003906,539856.0,,0.0,0.07596308601331331,True,,KO,F8,4,d7,Plate1,/Users/pmihack/claire/tmem_2026/data/cleaved_tmem_pld3_260821/d7/TMEM_KO/TMEMKO_Plate1_d7_TMEM561LAMP1640MAP2488DAPI405_F8_F4.nd2,8
8,15619,4,0.024201293296625903,1.102248,317.3025207519531,4955948.0,23.65473544918318,0.0,0.01741481987039842,True,,KO,F8,4,d7,Plate1,/Users/pmihack/claire/tmem_2026/data/cleaved_tmem_pld3_260821/d7/TMEM_KO/TMEMKO_Plate1_d7_TMEM561LAMP1640MAP2488DAPI405_F8_F4.nd2,8
9,11574,5,0.007603248660791429,0.2052864,228.24356079101562,2641691.0,11.742321578467399,0.0,0.11921768950910118,True,,KO,F8,4,d7,Plate1,/Users/pmihack/claire/tmem_2026/data/cleaved_tmem_pld3_260821/d7/TMEM_KO/TMEMKO_Plate1_d7_TMEM561LAMP1640MAP2488DAPI405_F8_F4.nd2,8
10,8029,0,0.0,0.0,82.26416778564453,660499.0,,0.0,0.12422065545969009,True,,KO,F8,4,d7,Plate1,/Users/pmihack/claire/tmem_2026/data/cleaved_tmem_pld3_260821/d7/TMEM_KO/TMEMKO_Plate1_d7_TMEM561LAMP1640MAP2488DAPI405_F8_F4.nd2,8
11,4867,1,0.001027326895418122,0.05832,181.67823791503906,884228.0,29.025326237719334,0.0,-0.0862235270735828,True,,KO,F8,4,d7,Plate1,/Users/pmihack/claire/tmem_2026/data/cleaved_tmem_pld3_260821/d7/TMEM_KO/TMEMKO_Plate1_d7_TMEM561LAMP1640MAP2488DAPI405_F8_F4.nd2,8
12,13774,1,0.000363002758820967,0.05832,105.2593994140625,1449843.0,10.961507223104682,0.0,-0.012462940899502816,True,,KO,F8,4,d7,Plate1,/Users/pmihack/claire/tmem_2026/data/cleaved_tmem_pld3_260821/d7/TMEM_KO/TMEMKO_Plate1_d7_TMEM561LAMP1640MAP2488DAPI405_F8_F4.nd2,8
13,13634,0,0.0,0.0,121.49053955078125,1656402.0,,0.0,0.03518854519807705,True,,KO,F8,4,d7,Plate1,/Users/pmihack/claire/tmem_2026/data/cleaved_tmem_pld3_260821/d7/TMEM_KO/TMEMKO_Plate1_d7_TMEM561LAMP1640MAP2488DAPI405_F8_F4.nd2,8
14,13037,1,0.0021477333742425404,0.326592,146.7230224609375,1912828.0,27.091133301103305,0.0,0.08275233575796916,True,,KO,F8,4,d7,Plate1,/Users/pmihack/claire/tmem_2026/data/cleaved_tmem_pld3_260821/d7/TMEM_KO/TMEMKO_Plate1_d7_TMEM561LAMP1640MAP2488DAPI405_F8_F4.nd2,8
15,9606,0,0.0,0.0,105.5461196899414,1013876.0,,0.0,0.08466055447811707,True,,KO,F8,4,d7,Plate1,/Users/pmihack/claire/tmem_2026/data/cleaved_tmem_pld3_260821/d7/TMEM_KO/TMEMKO_Plate1_d7_TMEM561LAMP1640MAP2488DAPI405_F8_F4.nd2,8
16,8534,1,0.00046871338176704945,0.046655999999999996,175.08531188964844,1494178.0,38.03105725643651,0.0,-0.14224920152292586,True,,KO,F8,4,d7,Plate1,/Users/pmihack/claire/tmem_2026/data/cleaved_tmem_pld3_260821/d7/TMEM_KO/TMEMKO_Plate1_d7_TMEM561LAMP1640MAP2488DAPI405_F8_F4.nd2,8
17,13374,0,0.0,0.0,73.86241912841797,987836.0,,0.0,0.0845021468935955,True,,KO,F8,4,d7,Plate1,/Users/pmihack/claire/tmem_2026/data/cleaved_tmem_pld3_260821/d7/TMEM_KO/TMEMKO_Plate1_d7_TMEM561LAMP1640MAP2488DAPI405_F8_F4.nd2,8
18,10216,1,0.00029365700861393895,0.034991999999999995,107.71524810791016,1100419.0,18.89511702545252,0.0,-0.06562515307231287,True,,KO,F8,4,d7,Plate1,/Users/pmihack/claire/tmem_2026/data/cleaved_tmem_pld3_260821/d7/TMEM_KO/TMEMKO_Plate1_d7_TMEM561LAMP1640MAP2488DAPI405_F8_F4.nd2,8
19,22793,0,0.0,0.0,51.63633728027344,1176947.0,,0.0,0.05450131825620783,True,,KO,F8,4,d7,Plate1,/Users/pmihack/claire/tmem_2026/data/cleaved_tmem_pld3_260821/d7/TMEM_KO/TMEMKO_Plate1_d7_TMEM561LAMP1640MAP2488DAPI405_F8_F4.nd2,8
20,14838,0,0.0,0.0,101.22732543945312,1502011.0,,0.0,0.18775653372200876,True,,KO,F8,4,d7,Plate1,/Users/pmihack/claire/tmem_2026/data/cleaved_tmem_pld3_260821/d7/TMEM_KO/TMEMKO_Plate1_d7_TMEM561LAMP1640MAP2488DAPI405_F8_F4.nd2,8
21,13910,0,0.0,0.0,46.237239837646484,643160.0,,0.0,-0.0767737941414951,True,,KO,F8,4,d7,Plate1,/Users/pmihack/claire/tmem_2026/data/cleaved_tmem_pld3_260821/d7/TMEM_KO/TMEMKO_Plate1_d7_TMEM561LAMP1640MAP2488DAPI405_F8_F4.nd2,8
22,17698,0,0.0,0.0,28.022432327270508,495941.0,,0.0,0.03888184837647531,True,,KO,F8,4,d7,Plate1,/Users/pmihack/claire/tmem_2026/data/cleaved_tmem_pld3_260821/d7/TMEM_KO/TMEMKO_Plate1_d7_TMEM561LAMP1640MAP2488DAPI405_F8_F4.nd2,8
23,2339,0,0.0,0.0,349.4155578613281,817283.0,,0.0,0.44157203731913486,True,,KO,F8,4,d7,Plate1,/Users/pmihack/claire/tmem_2026/data/cleaved_tmem_pld3_260821/d7/TMEM_KO/TMEMKO_Plate1_d7_TMEM561LAMP1640MAP2488DAPI405_F8_F4.nd2,8
24,6287,0,0.0,0.0,10.272785186767578,64585.0,,0.0,0.08994778353947769,True,,KO,F8,4,d7,Plate1,/Users/pmihack/claire/tmem_2026/data/cleaved_tmem_pld3_260821/d7/TMEM_KO/TMEMKO_Plate1_d7_TMEM561LAMP1640MAP2488DAPI405_F8_F4.nd2,8
25,13055,0,0.0,0.0,137.26649475097656,1792014.0,,0.0,0.0547052353968965,True,,KO,F8,4,d7,Plate1,/Users/pmihack/claire/tmem_2026/data/cleaved_tmem_pld3_260821/d7/TMEM_KO/TMEMKO_Plate1_d7_TMEM561LAMP1640MAP2488DAPI405_F8_F4.nd2,8
26,10194,1,0.002452422993917991,0.29159999999999997,101.21659851074219,1031802.0,16.712918581155325,0.0,-0.017443201722674235,False,border,KO,F8,4,d7,Plate1,/Users/pmihack/claire/tmem_2026/data/cleaved_tmem_pld3_260821/d7/TMEM_KO/TMEMKO_Plate1_d7_TMEM561LAMP1640MAP2488DAPI405_F8_F4.nd2,8
1,11786,0,0.0,0.0,74.53520965576172,878472.0,,0.0,0.22620865615606894,True,,KO,G8,1,d7,Plate1,/Users/pmihack/claire/tmem_2026/data/cleaved_tmem_pld3_260821/d7/TMEM_KO/TMEMKO_Plate1_d7_TMEM561LAMP1640MAP2488DAPI405_G8_F1.nd2,10
2,8885,0,0.0,0.0,112.90433502197266,1003155.0,,0.0,0.32095347447409583,True,,KO,G8,1,d7,Plate1,/Users/pmihack/claire/tmem_2026/data/cleaved_tmem_pld3_260821/d7/TMEM_KO/TMEMKO_Plate1_d7_TMEM561LAMP1640MAP2488DAPI405_G8_F1.nd2,10
3,25169,1,0.0005165084031944059,0.151632,29.212045669555664,735238.0,4.301549501330648,0.0005250000394880772,0.0005348429278185316,True,,KO,G8,1,d7,Plate1,/Users/pmihack/claire/tmem_2026/data/cleaved_tmem_pld3_260821/d7/TMEM_KO/TMEMKO_Plate1_d7_TMEM561LAMP1640MAP2488DAPI405_G8_F1.nd2,10
4,9419,0,0.0,0.0,104.81739044189453,987275.0,,0.0,0.3708182332529281,True,,KO,G8,1,d7,Plate1,/Users/pmihack/claire/tmem_2026/data/cleaved_tmem_pld3_260821/d7/TMEM_KO/TMEMKO_Plate1_d7_TMEM561LAMP1640MAP2488DAPI405_G8_F1.nd2,10
5,26352,9,0.02553885853066181,0.8722079999999999,370.5207824707031,9763964.0,18.38972231941543,0.0,0.3552208801312103,True,,KO,G8,1,d7,Plate1,/Users/pmihack/claire/tmem_2026/data/cleaved_tmem_pld3_260821/d7/TMEM_KO/TMEMKO_Plate1_d7_TMEM561LAMP1640MAP2488DAPI405_G8_F1.nd2,10
6,23422,0,0.0,0.0,61.02518844604492,1429332.0,,0.0,0.28181908671965794,True,,KO,G8,1,d7,Plate1,/Users/pmihack/claire/tmem_2026/data/cleaved_tmem_pld3_260821/d7/TMEM_KO/TMEMKO_Plate1_d7_TMEM561LAMP1640MAP2488DAPI405_G8_F1.nd2,10
7,16094,0,0.0,0.0,124.4793701171875,2003371.0,,0.0,0.35956126172390596,True,,KO,G8,1,d7,Plate1,/Users/pmihack/claire/tmem_2026/data/cleaved_tmem_pld3_260821/d7/TMEM_KO/TMEMKO_Plate1_d7_TMEM561LAMP1640MAP2488DAPI405_G8_F1.nd2,10
8,19181,0,0.0,0.0,79.27146911621094,1520506.0,,0.0,0.27961210793303226,True,,KO,G8,1,d7,Plate1,/Users/pmihack/claire/tmem_2026/data/cleaved_tmem_pld3_260821/d7/TMEM_KO/TMEMKO_Plate1_d7_TMEM561LAMP1640MAP2488DAPI405_G8_F1.nd2,10
9,14126,0,0.0,0.0,103.05635070800781,1455774.0,,0.0,0.27423859136063733,True,,KO,G8,1,d7,Plate1,/Users/pmihack/claire/tmem_2026/data/cleaved_tmem_pld3_260821/d7/TMEM_KO/TMEMKO_Plate1_d7_TMEM561LAMP1640MAP2488DAPI405_G8_F1.nd2,10
10,8161,0,0.0,0.0,107.86190795898438,880261.0,,0.0,0.40098158023243724,True,,KO,G8,1,d7,Plate1,/Users/pmihack/claire/tmem_2026/data/cleaved_tmem_pld3_260821/d7/TMEM_KO/TMEMKO_Plate1_d7_TMEM561LAMP1640MAP2488DAPI405_G8_F1.nd2,10
11,21078,2,0.002704241389126103,0.332424,102.4080581665039,2158557.0,12.348551502921437,0.0,0.13185353846220377,True,,KO,G8,1,d7,Plate1,/Users/pmihack/claire/tmem_2026/data/cleaved_tmem_pld3_260821/d7/TMEM_KO/TMEMKO_Plate1_d7_TMEM561LAMP1640MAP2488DAPI405_G8_F1.nd2,10
12,8587,0,0.0,0.0,11.210433959960938,96264.0,,0.0,0.266076517137124,False,border,KO,G8,1,d7,Plate1,/Users/pmihack/claire/tmem_2026/data/cleaved_tmem_pld3_260821/d7/TMEM_KO/TMEMKO_Plate1_d7_TMEM561LAMP1640MAP2488DAPI405_G8_F1.nd2,10
13,14608,0,0.0,0.0,94.47686004638672,1380118.0,,0.0,0.19226715081169218,True,,KO,G8,1,d7,Plate1,/Users/pmihack/claire/tmem_2026/data/cleaved_tmem_pld3_260821/d7/TMEM_KO/TMEMKO_Plate1_d7_TMEM561LAMP1640MAP2488DAPI405_G8_F1.nd2,10
14,7682,0,0.0,0.0,6.13303804397583,47114.0,,0.0,0.08453859659818298,True,,KO,G8,1,d7,Plate1,/Users/pmihack/claire/tmem_2026/data/cleaved_tmem_pld3_260821/d7/TMEM_KO/TMEMKO_Plate1_d7_TMEM561LAMP1640MAP2488DAPI405_G8_F1.nd2,10
15,12820,0,0.0,0.0,114.77176666259766,1471374.0,,0.0,0.25945377168443834,True,,KO,G8,1,d7,Plate1,/Users/pmihack/claire/tmem_2026/data/cleaved_tmem_pld3_260821/d7/TMEM_KO/TMEMKO_Plate1_d7_TMEM561LAMP1640MAP2488DAPI405_G8_F1.nd2,10
16,381,0,0.0,0.0,1.503937005996704,573.0,,0.0,0.06886402240782732,False,size_outlier,KO,G8,1,d7,Plate1,/Users/pmihack/claire/tmem_2026/data/cleaved_tmem_pld3_260821/d7/TMEM_KO/TMEMKO_Plate1_d7_TMEM561LAMP1640MAP2488DAPI405_G8_F1.nd2,10
17,21960,3,0.0012750455373406193,0.108864,99.49171447753906,2184838.0,14.693721226846952,0.0,0.3178708387253815,True,,KO,G8,1,d7,Plate1,/Users/pmihack/claire/tmem_2026/data/cleaved_tmem_pld3_260821/d7/TMEM_KO/TMEMKO_Plate1_d7_TMEM561LAMP1640MAP2488DAPI405_G8_F1.nd2,10
18,11183,3,0.0023249575248144505,0.10108799999999998,140.58517456054688,1572164.0,19.025581903134555,0.0,0.048945017195523556,True,,KO,G8,1,d7,Plate1,/Users/pmihack/claire/tmem_2026/data/cleaved_tmem_pld3_260821/d7/TMEM_KO/TMEMKO_Plate1_d7_TMEM561LAMP1640MAP2488DAPI405_G8_F1.nd2,10
19,3910,0,0.0,0.0,84.25882720947266,329452.0,,0.0,0.16810340585162634,True,,KO,G8,1,d7,Plate1,/Users/pmihack/claire/tmem_2026/data/cleaved_tmem_pld3_260821/d7/TMEM_KO/TMEMKO_Plate1_d7_TMEM561LAMP1640MAP2488DAPI405_G8_F1.nd2,10
1,8250,6,0.017333333333333333,0.27799199999999996,290.3919982910156,2395734.0,1.0805378787295659,0.0,-0.037289625561128886,True,,KO,G8,2,d7,Plate1,/Users/pmihack/claire/tmem_2026/data/cleaved_tmem_pld3_260821/d7/TMEM_KO/TMEMKO_Plate1_d7_TMEM561LAMP1640MAP2488DAPI405_G8_F2.nd2,12
2,10801,12,0.05110637903897787,0.5365439999999999,767.7511596679688,8292480.0,2.4294008876992637,0.0,0.12412696310124906,True,,KO,G8,2,d7,Plate1,/Users/pmihack/claire/tmem_2026/data/cleaved_tmem_pld3_260821/d7/TMEM_KO/TMEMKO_Plate1_d7_TMEM561LAMP1640MAP2488DAPI405_G8_F2.nd2,12
3,14700,6,0.026734693877551022,0.7639919999999999,366.1312255859375,5382129.0,15.159152753895276,0.0,0.31446440875941317,True,,KO,G8,2,d7,Plate1,/Users/pmihack/claire/tmem_2026/data/cleaved_tmem_pld3_260821/d7/TMEM_KO/TMEMKO_Plate1_d7_TMEM561LAMP1640MAP2488DAPI405_G8_F2.nd2,12
4,3645,3,0.0458161865569273,0.6492959999999999,582.017578125,2121454.0,12.91955846759288,0.0,0.15128084798432848,True,,KO,G8,2,d7,Plate1,/Users/pmihack/claire/tmem_2026/data/cleaved_tmem_pld3_260821/d7/TMEM_KO/TMEMKO_Plate1_d7_TMEM561LAMP1640MAP2488DAPI405_G8_F2.nd2,12
5,8478,7,0.20476527482896908,2.8926719999999997,2346.61083984375,19894566.0,1.250114665752342,0.0,0.5976370893950775,True,,KO,G8,2,d7,Plate1,/Users/pmihack/claire/tmem_2026/data/cleaved_tmem_pld3_260821/d7/TMEM_KO/TMEMKO_Plate1_d7_TMEM561LAMP1640MAP2488DAPI405_G8_F2.nd2,12
6,14879,17,0.0811210430808522,0.8281439999999999,923.0333251953125,13733813.0,4.87061952794779,0.0,0.2741786727804918,True,,KO,G8,2,d7,Plate1,/Users/pmihack/claire/tmem_2026/data/cleaved_tmem_pld3_260821/d7/TMEM_KO/TMEMKO_Plate1_d7_TMEM561LAMP1640MAP2488DAPI405_G8_F2.nd2,12
7,6269,2,0.007816238634550965,0.28576799999999997,319.21038818359375,2001130.0,13.234001733318697,0.0,0.21251835148489617,True,,KO,G8,2,d7,Plate1,/Users/pmihack/claire/tmem_2026/data/cleaved_tmem_pld3_260821/d7/TMEM_KO/TMEMKO_Plate1_d7_TMEM561LAMP1640MAP2488DAPI405_G8_F2.nd2,12
8,15387,7,0.05771105478650809,1.4796617142857142,733.436279296875,11285384.0,16.286066736231543,0.0,0.3081253895447233,True,,KO,G8,2,d7,Plate1,/Users/pmihack/claire/tmem_2026/data/cleaved_tmem_pld3_260821/d7/TMEM_KO/TMEMKO_Plate1_d7_TMEM561LAMP1640MAP2488DAPI405_G8_F2.nd2,12
9,7325,13,0.3145392491467577,2.067219692307692,3241.99755859375,23747632.0,19.6914365267667,0.0,0.5768611306500876,True,,KO,G8,2,d7,Plate1,/Users/pmihack/claire/tmem_2026/data/cleaved_tmem_pld3_260821/d7/TMEM_KO/TMEMKO_Plate1_d7_TMEM561LAMP1640MAP2488DAPI405_G8_F2.nd2,12
10,11966,18,0.05983620257395955,0.463968,882.5609130859375,10560724.0,13.128839255758537,0.0,0.4475862982058006,True,,KO,G8,2,d7,Plate1,/Users/pmihack/claire/tmem_2026/data/cleaved_tmem_pld3_260821/d7/TMEM_KO/TMEMKO_Plate1_d7_TMEM561LAMP1640MAP2488DAPI405_G8_F2.nd2,12
11,8836,10,0.15006790402897238,1.5466463999999998,1972.19921875,17426352.0,5.283425812971999,0.0,0.08993435224381124,True,,KO,G8,2,d7,Plate1,/Users/pmihack/claire/tmem_2026/data/cleaved_tmem_pld3_260821/d7/TMEM_KO/TMEMKO_Plate1_d7_TMEM561LAMP1640MAP2488DAPI405_G8_F2.nd2,12
12,5744,1,0.001915041782729805,0.128304,45.54700469970703,261622.0,16.099005684037575,0.0,-0.010875152026525956,True,,KO,G8,2,d7,Plate1,/Users/pmihack/claire/tmem_2026/data/cleaved_tmem_pld3_260821/d7/TMEM_KO/TMEMKO_Plate1_d7_TMEM561LAMP1640MAP2488DAPI405_G8_F2.nd2,12
13,22416,5,0.031138472519628837,1.6282943999999997,420.9314270019531,9435599.0,21.48323326846804,0.0,0.3424966916916568,True,,KO,G8,2,d7,Plate1,/Users/pmihack/claire/tmem_2026/data/cleaved_tmem_pld3_260821/d7/TMEM_KO/TMEMKO_Plate1_d7_TMEM561LAMP1640MAP2488DAPI405_G8_F2.nd2,12
14,8281,10,0.01557782876464195,0.1504656,348.18548583984375,2883324.0,3.759901107099375,0.0,0.0736038336548606,True,,KO,G8,2,d7,Plate1,/Users/pmihack/claire/tmem_2026/data/cleaved_tmem_pld3_260821/d7/TMEM_KO/TMEMKO_Plate1_d7_TMEM561LAMP1640MAP2488DAPI405_G8_F2.nd2,12
15,8555,12,0.10976037405026301,0.912708,1251.0289306640625,10702553.0,18.669719861922534,0.0,0.4080219645324376,True,,KO,G8,2,d7,Plate1,/Users/pmihack/claire/tmem_2026/data/cleaved_tmem_pld3_260821/d7/TMEM_KO/TMEMKO_Plate1_d7_TMEM561LAMP1640MAP2488DAPI405_G8_F2.nd2,12
16,12897,0,0.0,0.0,27.28378677368164,351879.0,,0.0,0.04349683915528369,True,,KO,G8,2,d7,Plate1,/Users/pmihack/claire/tmem_2026/data/cleaved_tmem_pld3_260821/d7/TMEM_KO/TMEMKO_Plate1_d7_TMEM561LAMP1640MAP2488DAPI405_G8_F2.nd2,12
17,10424,19,0.16711435149654644,1.0694046315789474,2133.43896484375,22238968.0,12.219866109994122,0.0,0.29663908301926123,True,,KO,G8,2,d7,Plate1,/Users/pmihack/claire/tmem_2026/data/cleaved_tmem_pld3_260821/d7/TMEM_KO/TMEMKO_Plate1_d7_TMEM561LAMP1640MAP2488DAPI405_G8_F2.nd2,12
18,13669,9,0.1267100738898237,2.244672,1980.307373046875,27068822.0,7.057932379810828,0.0,0.43530251192252506,True,,KO,G8,2,d7,Plate1,/Users/pmihack/claire/tmem_2026/data/cleaved_tmem_pld3_260821/d7/TMEM_KO/TMEMKO_Plate1_d7_TMEM561LAMP1640MAP2488DAPI405_G8_F2.nd2,12
19,10476,10,0.16218022145857197,1.9817136,2030.0418701171875,21266718.0,6.066930827072286,0.0,0.07638599085986852,True,,KO,G8,2,d7,Plate1,/Users/pmihack/claire/tmem_2026/data/cleaved_tmem_pld3_260821/d7/TMEM_KO/TMEMKO_Plate1_d7_TMEM561LAMP1640MAP2488DAPI405_G8_F2.nd2,12
20,14491,7,0.05230832930784625,1.2630445714285714,613.9913330078125,8897348.0,7.28568190797001,0.0,0.29749858247654837,True,,KO,G8,2,d7,Plate1,/Users/pmihack/claire/tmem_2026/data/cleaved_tmem_pld3_260821/d7/TMEM_KO/TMEMKO_Plate1_d7_TMEM561LAMP1640MAP2488DAPI405_G8_F2.nd2,12
21,14961,10,0.06684045184145444,1.1663999999999999,757.7636108398438,11336901.0,7.971293272043116,0.0,0.25928305666476387,True,,KO,G8,2,d7,Plate1,/Users/pmihack/claire/tmem_2026/data/cleaved_tmem_pld3_260821/d7/TMEM_KO/TMEMKO_Plate1_d7_TMEM561LAMP1640MAP2488DAPI405_G8_F2.nd2,12
22,8612,12,0.07059916395726892,0.590976,945.2169189453125,8140208.0,30.63798630169314,0.0,0.016029819169123275,True,,KO,G8,2,d7,Plate1,/Users/pmihack/claire/tmem_2026/data/cleaved_tmem_pld3_260821/d7/TMEM_KO/TMEMKO_Plate1_d7_TMEM561LAMP1640MAP2488DAPI405_G8_F2.nd2,12
23,7870,5,0.17179161372299873,3.1539455999999997,1985.955322265625,15629468.0,10.26400083248735,0.0,0.4252426989790965,True,,KO,G8,2,d7,Plate1,/Users/pmihack/claire/tmem_2026/data/cleaved_tmem_pld3_260821/d7/TMEM_KO/TMEMKO_Plate1_d7_TMEM561LAMP1640MAP2488DAPI405_G8_F2.nd2,12
24,9624,8,0.16832917705735662,2.36196,1966.7926025390625,18928412.0,14.08204503051391,0.0,0.5815382271015064,True,,KO,G8,2,d7,Plate1,/Users/pmihack/claire/tmem_2026/data/cleaved_tmem_pld3_260821/d7/TMEM_KO/TMEMKO_Plate1_d7_TMEM561LAMP1640MAP2488DAPI405_G8_F2.nd2,12
25,22084,5,0.1343053794602427,6.9190848,2015.0615234375,44500620.0,12.111498170485655,0.00022040143085177988,0.00919455682229175,True,,KO,G8,2,d7,Plate1,/Users/pmihack/claire/tmem_2026/data/cleaved_tmem_pld3_260821/d7/TMEM_KO/TMEMKO_Plate1_d7_TMEM561LAMP1640MAP2488DAPI405_G8_F2.nd2,12
26,8757,3,0.18876327509421034,6.426863999999999,2125.390380859375,18612044.0,24.130342975193884,0.0,0.3451969810902815,True,,KO,G8,2,d7,Plate1,/Users/pmihack/claire/tmem_2026/data/cleaved_tmem_pld3_260821/d7/TMEM_KO/TMEMKO_Plate1_d7_TMEM561LAMP1640MAP2488DAPI405_G8_F2.nd2,12
27,12526,19,0.04869870669008462,0.3744757894736842,778.4720458984375,9751141.0,18.66338301579201,0.0,0.2717945397716513,True,,KO,G8,2,d7,Plate1,/Users/pmihack/claire/tmem_2026/data/cleaved_tmem_pld3_260821/d7/TMEM_KO/TMEMKO_Plate1_d7_TMEM561LAMP1640MAP2488DAPI405_G8_F2.nd2,12
28,7949,4,0.11687004654673544,2.708964,1235.7537841796875,9823007.0,31.626135624721424,0.0,0.43304874575462465,True,,KO,G8,2,d7,Plate1,/Users/pmihack/claire/tmem_2026/data/cleaved_tmem_pld3_260821/d7/TMEM_KO/TMEMKO_Plate1_d7_TMEM561LAMP1640MAP2488DAPI405_G8_F2.nd2,12
29,2383,0,0.0,0.0,21.77591323852539,51892.0,,0.0,-0.04416574894455852,False,border,KO,G8,2,d7,Plate1,/Users/pmihack/claire/tmem_2026/data/cleaved_tmem_pld3_260821/d7/TMEM_KO/TMEMKO_Plate1_d7_TMEM561LAMP1640MAP2488DAPI405_G8_F2.nd2,12
30,7990,0,0.0,0.0,38.36433029174805,306531.0,,0.0,-0.03738829381538872,True,,KO,G8,2,d7,Plate1,/Users/pmihack/claire/tmem_2026/data/cleaved_tmem_pld3_260821/d7/TMEM_KO/TMEMKO_Plate1_d7_TMEM561LAMP1640MAP2488DAPI405_G8_F2.nd2,12
31,9240,1,0.14134199134199135,15.233183999999998,1576.127685546875,14563420.0,26.035829124634212,0.0,0.3017679438626845,True,,KO,G8,2,d7,Plate1,/Users/pmihack/claire/tmem_2026/data/cleaved_tmem_pld3_260821/d7/TMEM_KO/TMEMKO_Plate1_d7_TMEM561LAMP1640MAP2488DAPI405_G8_F2.nd2,12
32,13536,5,0.07129137115839243,2.251152,861.774658203125,11664982.0,20.041528281990786,0.0,0.2960878899690512,True,,KO,G8,2,d7,Plate1,/Users/pmihack/claire/tmem_2026/data/cleaved_tmem_pld3_260821/d7/TMEM_KO/TMEMKO_Plate1_d7_TMEM561LAMP1640MAP2488DAPI405_G8_F2.nd2,12
33,11458,10,0.057863501483679525,0.7733231999999999,645.7722778320312,7399259.0,16.70248109150323,0.0,0.331184843591434,True,,KO,G8,2,d7,Plate1,/Users/pmihack/claire/tmem_2026/data/cleaved_tmem_pld3_260821/d7/TMEM_KO/TMEMKO_Plate1_d7_TMEM561LAMP1640MAP2488DAPI405_G8_F2.nd2,12
34,15576,10,0.026579352850539292,0.4828895999999999,452.263671875,7044459.0,17.464296647631976,0.0,0.18534406919355512,True,,KO,G8,2,d7,Plate1,/Users/pmihack/claire/tmem_2026/data/cleaved_tmem_pld3_260821/d7/TMEM_KO/TMEMKO_Plate1_d7_TMEM561LAMP1640MAP2488DAPI405_G8_F2.nd2,12
35,5148,4,0.16394716394716394,2.4611039999999997,1785.766845703125,9193128.0,28.020824654057797,0.0,0.3895179926065079,True,,KO,G8,2,d7,Plate1,/Users/pmihack/claire/tmem_2026/data/cleaved_tmem_pld3_260821/d7/TMEM_KO/TMEMKO_Plate1_d7_TMEM561LAMP1640MAP2488DAPI405_G8_F2.nd2,12
36,6206,0,0.0,0.0,5.19207239151001,32222.0,,0.0,0.08556689453354054,True,,KO,G8,2,d7,Plate1,/Users/pmihack/claire/tmem_2026/data/cleaved_tmem_pld3_260821/d7/TMEM_KO/TMEMKO_Plate1_d7_TMEM561LAMP1640MAP2488DAPI405_G8_F2.nd2,12
1,9317,15,0.04142964473542986,0.30015359999999996,698.0916748046875,6504120.0,0.7505078918241238,0.0,0.17459252508627793,True,,KO,G8,3,d7,Plate1,/Users/pmihack/claire/tmem_2026/data/cleaved_tmem_pld3_260821/d7/TMEM_KO/TMEMKO_Plate1_d7_TMEM561LAMP1640MAP2488DAPI405_G8_F3.nd2,12
2,7505,8,0.09926715522984676,1.08621,1151.2879638671875,8640416.0,0.296655218355217,0.0,0.42334728473606636,True,,KO,G8,3,d7,Plate1,/Users/pmihack/claire/tmem_2026/data/cleaved_tmem_pld3_260821/d7/TMEM_KO/TMEMKO_Plate1_d7_TMEM561LAMP1640MAP2488DAPI405_G8_F3.nd2,12
3,6742,7,0.15277365766834766,1.7162742857142854,1671.641845703125,11270209.0,22.320601452118265,0.0,0.38167124184299656,True,,KO,G8,3,d7,Plate1,/Users/pmihack/claire/tmem_2026/data/cleaved_tmem_pld3_260821/d7/TMEM_KO/TMEMKO_Plate1_d7_TMEM561LAMP1640MAP2488DAPI405_G8_F3.nd2,12
4,14923,13,0.020170207062923006,0.27006646153846153,410.041015625,6119042.0,15.887013164631977,0.0,0.1769822611951565,True,,KO,G8,3,d7,Plate1,/Users/pmihack/claire/tmem_2026/data/cleaved_tmem_pld3_260821/d7/TMEM_KO/TMEMKO_Plate1_d7_TMEM561LAMP1640MAP2488DAPI405_G8_F3.nd2,12
5,11893,11,0.09106196922559488,1.1483738181818182,1037.7520751953125,12341985.0,0.6153000144034947,0.0,0.10517971134251564,True,,KO,G8,3,d7,Plate1,/Users/pmihack/claire/tmem_2026/data/cleaved_tmem_pld3_260821/d7/TMEM_KO/TMEMKO_Plate1_d7_TMEM561LAMP1640MAP2488DAPI405_G8_F3.nd2,12
6,5782,18,0.09322033898305085,0.34927199999999997,1360.3875732421875,7865761.0,14.41715669917596,0.025167813524603844,0.17462400741942846,True,,KO,G8,3,d7,Plate1,/Users/pmihack/claire/tmem_2026/data/cleaved_tmem_pld3_260821/d7/TMEM_KO/TMEMKO_Plate1_d7_TMEM561LAMP1640MAP2488DAPI405_G8_F3.nd2,12
7,10195,5,0.06856302108876901,1.6306272,722.0870971679688,7361678.0,0.7784299155094443,0.0,0.3780791400776224,True,,KO,G8,3,d7,Plate1,/Users/pmihack/claire/tmem_2026/data/cleaved_tmem_pld3_260821/d7/TMEM_KO/TMEMKO_Plate1_d7_TMEM561LAMP1640MAP2488DAPI405_G8_F3.nd2,12
8,17472,13,0.05546016483516483,0.8694166153846152,600.3731689453125,10489720.0,0.7203417408866203,0.0,0.34429732567891064,True,,KO,G8,3,d7,Plate1,/Users/pmihack/claire/tmem_2026/data/cleaved_tmem_pld3_260821/d7/TMEM_KO/TMEMKO_Plate1_d7_TMEM561LAMP1640MAP2488DAPI405_G8_F3.nd2,12
9,1600,0,0.0,0.0,176.91624450683594,283066.0,,0.0,0.4691754975473437,False,size_outlier,KO,G8,3,d7,Plate1,/Users/pmihack/claire/tmem_2026/data/cleaved_tmem_pld3_260821/d7/TMEM_KO/TMEMKO_Plate1_d7_TMEM561LAMP1640MAP2488DAPI405_G8_F3.nd2,12
10,12841,4,0.099836461334787,3.7383119999999996,1124.5245361328125,14440019.0,3.471223438490966,0.0,0.336094096952685,True,,KO,G8,3,d7,Plate1,/Users/pmihack/claire/tmem_2026/data/cleaved_tmem_pld3_260821/d7/TMEM_KO/TMEMKO_Plate1_d7_TMEM561LAMP1640MAP2488DAPI405_G8_F3.nd2,12
11,12173,9,0.02702702702702703,0.426384,501.2755126953125,6102027.0,5.519339317156326,0.0,0.19560313240660787,True,,KO,G8,3,d7,Plate1,/Users/pmihack/claire/tmem_2026/data/cleaved_tmem_pld3_260821/d7/TMEM_KO/TMEMKO_Plate1_d7_TMEM561LAMP1640MAP2488DAPI405_G8_F3.nd2,12
12,6590,13,0.13960546282245828,0.8254523076923077,1797.3321533203125,11844419.0,22.241980323344492,0.0,0.30346943236623886,True,,KO,G8,3,d7,Plate1,/Users/pmihack/claire/tmem_2026/data/cleaved_tmem_pld3_260821/d7/TMEM_KO/TMEMKO_Plate1_d7_TMEM561LAMP1640MAP2488DAPI405_G8_F3.nd2,12
13,12740,7,0.01781789638932496,0.37824685714285716,338.1694641113281,4308279.0,17.117073773553464,0.0,0.4094859857805018,True,,KO,G8,3,d7,Plate1,/Users/pmihack/claire/tmem_2026/data/cleaved_tmem_pld3_260821/d7/TMEM_KO/TMEMKO_Plate1_d7_TMEM561LAMP1640MAP2488DAPI405_G8_F3.nd2,12
14,21449,6,0.006247377500116556,0.26049599999999995,153.1403350830078,3284707.0,3.71262634474619,0.0,0.4855026909640122,True,,KO,G8,3,d7,Plate1,/Users/pmihack/claire/tmem_2026/data/cleaved_tmem_pld3_260821/d7/TMEM_KO/TMEMKO_Plate1_d7_TMEM561LAMP1640MAP2488DAPI405_G8_F3.nd2,12
15,9915,7,0.08472012102874432,1.3996799999999998,869.2396240234375,8618511.0,0.7112864754581029,0.0,0.2392750929950102,True,,KO,G8,3,d7,Plate1,/Users/pmihack/claire/tmem_2026/data/cleaved_tmem_pld3_260821/d7/TMEM_KO/TMEMKO_Plate1_d7_TMEM561LAMP1640MAP2488DAPI405_G8_F3.nd2,12
16,8075,1,0.0004953560371517028,0.046655999999999996,61.23418045043945,494466.0,1.6312307922002396,0.0,0.03257405517513503,True,,KO,G8,3,d7,Plate1,/Users/pmihack/claire/tmem_2026/data/cleaved_tmem_pld3_260821/d7/TMEM_KO/TMEMKO_Plate1_d7_TMEM561LAMP1640MAP2488DAPI405_G8_F3.nd2,12
17,8384,4,0.014551526717557252,0.35575199999999996,319.30487060546875,2677052.0,36.906819087490675,0.0,0.13558022765344782,True,,KO,G8,3,d7,Plate1,/Users/pmihack/claire/tmem_2026/data/cleaved_tmem_pld3_260821/d7/TMEM_KO/TMEMKO_Plate1_d7_TMEM561LAMP1640MAP2488DAPI405_G8_F3.nd2,12
18,15323,1,0.00039156823076421065,0.06998399999999999,167.2985076904297,2563515.0,3.7461503910663887,0.0,0.23466251814131273,True,,KO,G8,3,d7,Plate1,/Users/pmihack/claire/tmem_2026/data/cleaved_tmem_pld3_260821/d7/TMEM_KO/TMEMKO_Plate1_d7_TMEM561LAMP1640MAP2488DAPI405_G8_F3.nd2,12
19,6357,0,0.0,0.0,29.144407272338867,185271.0,,0.0,0.5038585611965488,True,,KO,G8,3,d7,Plate1,/Users/pmihack/claire/tmem_2026/data/cleaved_tmem_pld3_260821/d7/TMEM_KO/TMEMKO_Plate1_d7_TMEM561LAMP1640MAP2488DAPI405_G8_F3.nd2,12
20,8699,5,0.07069778135417865,1.434672,892.3095703125,7762201.0,7.601207131247591,0.0,0.523603907832124,True,,KO,G8,3,d7,Plate1,/Users/pmihack/claire/tmem_2026/data/cleaved_tmem_pld3_260821/d7/TMEM_KO/TMEMKO_Plate1_d7_TMEM561LAMP1640MAP2488DAPI405_G8_F3.nd2,12
21,14311,1,0.002096289567465586,0.34991999999999995,143.59646606445312,2055009.0,13.050736792140126,0.0,0.22986432264180445,True,,KO,G8,3,d7,Plate1,/Users/pmihack/claire/tmem_2026/data/cleaved_tmem_pld3_260821/d7/TMEM_KO/TMEMKO_Plate1_d7_TMEM561LAMP1640MAP2488DAPI405_G8_F3.nd2,12
22,14099,1,0.002269664515213845,0.37324799999999997,78.86793518066406,1111959.0,9.25802940706459,0.0,0.2413921862618844,True,,KO,G8,3,d7,Plate1,/Users/pmihack/claire/tmem_2026/data/cleaved_tmem_pld3_260821/d7/TMEM_KO/TMEMKO_Plate1_d7_TMEM561LAMP1640MAP2488DAPI405_G8_F3.nd2,12
23,12420,1,0.0013687600644122382,0.198288,47.57511901855469,590883.0,5.085106246683535,0.0,0.06303801165837704,True,,KO,G8,3,d7,Plate1,/Users/pmihack/claire/tmem_2026/data/cleaved_tmem_pld3_260821/d7/TMEM_KO/TMEMKO_Plate1_d7_TMEM561LAMP1640MAP2488DAPI405_G8_F3.nd2,12
24,8779,10,0.08987356190910127,0.9202896,1025.2711181640625,9000855.0,13.596626217815883,0.0,0.5388838501800999,True,,KO,G8,3,d7,Plate1,/Users/pmihack/claire/tmem_2026/data/cleaved_tmem_pld3_260821/d7/TMEM_KO/TMEMKO_Plate1_d7_TMEM561LAMP1640MAP2488DAPI405_G8_F3.nd2,12
25,19012,3,0.0037344834841152954,0.276048,159.311279296875,3028826.0,15.963552581282844,0.0,0.18506135719011968,True,,KO,G8,3,d7,Plate1,/Users/pmihack/claire/tmem_2026/data/cleaved_tmem_pld3_260821/d7/TMEM_KO/TMEMKO_Plate1_d7_TMEM561LAMP1640MAP2488DAPI405_G8_F3.nd2,12
26,14947,4,0.0032113467585468654,0.13996799999999998,216.01438903808594,3228767.0,15.864330711635159,0.0,0.2747864359606695,True,,KO,G8,3,d7,Plate1,/Users/pmihack/claire/tmem_2026/data/cleaved_tmem_pld3_260821/d7/TMEM_KO/TMEMKO_Plate1_d7_TMEM561LAMP1640MAP2488DAPI405_G8_F3.nd2,12
27,9890,0,0.0,0.0,10.899999618530273,107801.0,,0.0,0.010612401246658812,True,,KO,G8,3,d7,Plate1,/Users/pmihack/claire/tmem_2026/data/cleaved_tmem_pld3_260821/d7/TMEM_KO/TMEMKO_Plate1_d7_TMEM561LAMP1640MAP2488DAPI405_G8_F3.nd2,12
28,9779,8,0.02822374475917783,0.402408,459.8575439453125,4496947.0,22.36044061773505,0.0,0.5380113037325168,True,,KO,G8,3,d7,Plate1,/Users/pmihack/claire/tmem_2026/data/cleaved_tmem_pld3_260821/d7/TMEM_KO/TMEMKO_Plate1_d7_TMEM561LAMP1640MAP2488DAPI405_G8_F3.nd2,12
29,8744,3,0.0024016468435498627,0.081648,139.1296844482422,1216550.0,22.30058164117971,0.0,0.3721464020258947,True,,KO,G8,3,d7,Plate1,/Users/pmihack/claire/tmem_2026/data/cleaved_tmem_pld3_260821/d7/TMEM_KO/TMEMKO_Plate1_d7_TMEM561LAMP1640MAP2488DAPI405_G8_F3.nd2,12
1,13256,9,0.008977066988533493,0.15422399999999997,285.5460205078125,3785198.0,4.628532459655505,0.0,0.1026555504431101,True,,KO,G8,4,d7,Plate1,/Users/pmihack/claire/tmem_2026/data/cleaved_tmem_pld3_260821/d7/TMEM_KO/TMEMKO_Plate1_d7_TMEM561LAMP1640MAP2488DAPI405_G8_F4.nd2,10
2,11117,0,0.0,0.0,14.184222221374512,157686.0,,0.0,0.006376433966765325,True,,KO,G8,4,d7,Plate1,/Users/pmihack/claire/tmem_2026/data/cleaved_tmem_pld3_260821/d7/TMEM_KO/TMEMKO_Plate1_d7_TMEM561LAMP1640MAP2488DAPI405_G8_F4.nd2,10
3,11308,3,0.007870534135125574,0.346032,169.08180236816406,1911977.0,10.060943217166498,0.0002688316744752228,0.07771442860041425,True,,KO,G8,4,d7,Plate1,/Users/pmihack/claire/tmem_2026/data/cleaved_tmem_pld3_260821/d7/TMEM_KO/TMEMKO_Plate1_d7_TMEM561LAMP1640MAP2488DAPI405_G8_F4.nd2,10
4,11359,3,0.004930011444669425,0.217728,175.62205505371094,1994891.0,11.45333534284428,0.0,0.1112987938275329,True,,KO,G8,4,d7,Plate1,/Users/pmihack/claire/tmem_2026/data/cleaved_tmem_pld3_260821/d7/TMEM_KO/TMEMKO_Plate1_d7_TMEM561LAMP1640MAP2488DAPI405_G8_F4.nd2,10
5,13648,15,0.059349355216881595,0.629856,1123.41748046875,15332401.0,23.36654819617917,0.0,0.5952258524376768,True,,KO,G8,4,d7,Plate1,/Users/pmihack/claire/tmem_2026/data/cleaved_tmem_pld3_260821/d7/TMEM_KO/TMEMKO_Plate1_d7_TMEM561LAMP1640MAP2488DAPI405_G8_F4.nd2,10
6,18527,6,0.00437199762508771,0.157464,179.53143310546875,3326179.0,14.64594061585362,0.0,0.36974909253140587,True,,KO,G8,4,d7,Plate1,/Users/pmihack/claire/tmem_2026/data/cleaved_tmem_pld3_260821/d7/TMEM_KO/TMEMKO_Plate1_d7_TMEM561LAMP1640MAP2488DAPI405_G8_F4.nd2,10
7,10124,6,0.05887001185302252,1.1586239999999999,685.7110595703125,6942139.0,7.29306040698464,0.0,0.0854403831364328,True,,KO,G8,4,d7,Plate1,/Users/pmihack/claire/tmem_2026/data/cleaved_tmem_pld3_260821/d7/TMEM_KO/TMEMKO_Plate1_d7_TMEM561LAMP1640MAP2488DAPI405_G8_F4.nd2,10
8,19819,11,0.010242696402442101,0.21525381818181816,231.49705505371094,4588040.0,5.893603835472132,0.0,0.4447719078650204,True,,KO,G8,4,d7,Plate1,/Users/pmihack/claire/tmem_2026/data/cleaved_tmem_pld3_260821/d7/TMEM_KO/TMEMKO_Plate1_d7_TMEM561LAMP1640MAP2488DAPI405_G8_F4.nd2,10
9,5340,0,0.0,0.0,9.806366920471191,52366.0,,0.0,0.05107923541188835,True,,KO,G8,4,d7,Plate1,/Users/pmihack/claire/tmem_2026/data/cleaved_tmem_pld3_260821/d7/TMEM_KO/TMEMKO_Plate1_d7_TMEM561LAMP1640MAP2488DAPI405_G8_F4.nd2,10
10,23626,12,0.0833827139591975,1.9148399999999997,833.998291015625,19704044.0,5.874623927680927,2.4106726414174773e-05,0.019230012300766652,True,,KO,G8,4,d7,Plate1,/Users/pmihack/claire/tmem_2026/data/cleaved_tmem_pld3_260821/d7/TMEM_KO/TMEMKO_Plate1_d7_TMEM561LAMP1640MAP2488DAPI405_G8_F4.nd2,10
11,9371,2,0.001707395155266247,0.09331199999999999,138.99818420410156,1302552.0,5.72028360078197,0.0,0.09370006581049008,True,,KO,G8,4,d7,Plate1,/Users/pmihack/claire/tmem_2026/data/cleaved_tmem_pld3_260821/d7/TMEM_KO/TMEMKO_Plate1_d7_TMEM561LAMP1640MAP2488DAPI405_G8_F4.nd2,10
12,11877,7,0.06575734613117791,1.3013691428571428,610.5149536132812,7251086.0,24.181569851254572,0.0,0.40592365104359734,True,,KO,G8,4,d7,Plate1,/Users/pmihack/claire/tmem_2026/data/cleaved_tmem_pld3_260821/d7/TMEM_KO/TMEMKO_Plate1_d7_TMEM561LAMP1640MAP2488DAPI405_G8_F4.nd2,10
13,15023,6,0.012048192771084338,0.351864,234.67909240722656,3525584.0,7.550998738952555,0.0,0.2693794244567864,True,,KO,G8,4,d7,Plate1,/Users/pmihack/claire/tmem_2026/data/cleaved_tmem_pld3_260821/d7/TMEM_KO/TMEMKO_Plate1_d7_TMEM561LAMP1640MAP2488DAPI405_G8_F4.nd2,10
14,23891,11,0.007073793478715834,0.17920145454545452,244.74546813964844,5847214.0,14.962820638748571,0.0,0.24241530174029916,True,,KO,G8,4,d7,Plate1,/Users/pmihack/claire/tmem_2026/data/cleaved_tmem_pld3_260821/d7/TMEM_KO/TMEMKO_Plate1_d7_TMEM561LAMP1640MAP2488DAPI405_G8_F4.nd2,10
15,17127,8,0.012144567057861856,0.303264,288.5858459472656,4942610.0,16.600854749617532,0.0,0.3066177540657631,True,,KO,G8,4,d7,Plate1,/Users/pmihack/claire/tmem_2026/data/cleaved_tmem_pld3_260821/d7/TMEM_KO/TMEMKO_Plate1_d7_TMEM561LAMP1640MAP2488DAPI405_G8_F4.nd2,10
16,29258,2,0.0006835737234260715,0.11664,124.19816589355469,3633790.0,8.990375809975388,0.0,0.3576641458827655,True,,KO,G8,4,d7,Plate1,/Users/pmihack/claire/tmem_2026/data/cleaved_tmem_pld3_260821/d7/TMEM_KO/TMEMKO_Plate1_d7_TMEM561LAMP1640MAP2488DAPI405_G8_F4.nd2,10
17,20951,2,0.0008114171161281085,0.099144,83.31636047363281,1745561.0,21.526962033068422,0.0,0.27481986016614046,True,,KO,G8,4,d7,Plate1,/Users/pmihack/claire/tmem_2026/data/cleaved_tmem_pld3_260821/d7/TMEM_KO/TMEMKO_Plate1_d7_TMEM561LAMP1640MAP2488DAPI405_G8_F4.nd2,10
18,12997,6,0.011541124874971147,0.29159999999999997,364.46148681640625,4736906.0,24.928249659428584,0.0,0.26339474637743343,True,,KO,G8,4,d7,Plate1,/Users/pmihack/claire/tmem_2026/data/cleaved_tmem_pld3_260821/d7/TMEM_KO/TMEMKO_Plate1_d7_TMEM561LAMP1640MAP2488DAPI405_G8_F4.nd2,10
19,17674,5,0.004696163856512391,0.1936224,178.57440185546875,3156124.0,23.93748588667899,0.0,0.3525414927610587,True,,KO,G8,4,d7,Plate1,/Users/pmihack/claire/tmem_2026/data/cleaved_tmem_pld3_260821/d7/TMEM_KO/TMEMKO_Plate1_d7_TMEM561LAMP1640MAP2488DAPI405_G8_F4.nd2,10
1,13238,0,0.0,0.0,38.85420608520508,514352.0,,0.0,0.14408371140701612,False,border,KO,H8,1,d7,Plate1,/Users/pmihack/claire/tmem_2026/data/cleaved_tmem_pld3_260821/d7/TMEM_KO/TMEMKO_Plate1_d7_TMEM561LAMP1640MAP2488DAPI405_H8_F1.nd2,9
2,8857,2,0.0016935757028339166,0.08747999999999999,305.23992919921875,2703510.0,27.470691438710965,0.0,0.1206702505873252,True,,KO,H8,1,d7,Plate1,/Users/pmihack/claire/tmem_2026/data/cleaved_tmem_pld3_260821/d7/TMEM_KO/TMEMKO_Plate1_d7_TMEM561LAMP1640MAP2488DAPI405_H8_F1.nd2,9
3,20912,3,0.0010998469778117827,0.08942399999999999,163.0719757080078,3410161.0,8.660751015365904,0.0,0.0579543179783737,True,,KO,H8,1,d7,Plate1,/Users/pmihack/claire/tmem_2026/data/cleaved_tmem_pld3_260821/d7/TMEM_KO/TMEMKO_Plate1_d7_TMEM561LAMP1640MAP2488DAPI405_H8_F1.nd2,9
4,24063,1,0.0002909030461704692,0.081648,121.1687240600586,2915683.0,9.576675488395427,0.0,0.37569314583416674,True,,KO,H8,1,d7,Plate1,/Users/pmihack/claire/tmem_2026/data/cleaved_tmem_pld3_260821/d7/TMEM_KO/TMEMKO_Plate1_d7_TMEM561LAMP1640MAP2488DAPI405_H8_F1.nd2,9
5,21941,1,0.0001367303222277927,0.034991999999999995,109.83068084716797,2409795.0,16.96710902065887,0.0,0.2750372430446948,True,,KO,H8,1,d7,Plate1,/Users/pmihack/claire/tmem_2026/data/cleaved_tmem_pld3_260821/d7/TMEM_KO/TMEMKO_Plate1_d7_TMEM561LAMP1640MAP2488DAPI405_H8_F1.nd2,9
6,7612,0,0.0,0.0,87.00984954833984,662319.0,,0.0,0.08393383741878577,True,,KO,H8,1,d7,Plate1,/Users/pmihack/claire/tmem_2026/data/cleaved_tmem_pld3_260821/d7/TMEM_KO/TMEMKO_Plate1_d7_TMEM561LAMP1640MAP2488DAPI405_H8_F1.nd2,9
7,16027,5,0.003306919573220191,0.12363839999999998,256.5061950683594,4111025.0,15.709674200469061,0.0,0.10926561437564536,True,,KO,H8,1,d7,Plate1,/Users/pmihack/claire/tmem_2026/data/cleaved_tmem_pld3_260821/d7/TMEM_KO/TMEMKO_Plate1_d7_TMEM561LAMP1640MAP2488DAPI405_H8_F1.nd2,9
8,14566,1,0.0031580392695317863,0.5365439999999999,205.8678436279297,2998671.0,17.696972223804313,0.0,0.09247246291366588,True,,KO,H8,1,d7,Plate1,/Users/pmihack/claire/tmem_2026/data/cleaved_tmem_pld3_260821/d7/TMEM_KO/TMEMKO_Plate1_d7_TMEM561LAMP1640MAP2488DAPI405_H8_F1.nd2,9
9,14835,0,0.0,0.0,37.70663833618164,559378.0,,0.0,0.10922962343086501,True,,KO,H8,1,d7,Plate1,/Users/pmihack/claire/tmem_2026/data/cleaved_tmem_pld3_260821/d7/TMEM_KO/TMEMKO_Plate1_d7_TMEM561LAMP1640MAP2488DAPI405_H8_F1.nd2,9
10,11815,1,0.00033855268726195513,0.046655999999999996,151.18882751464844,1786296.0,16.4390117377137,0.0,0.26689805470445616,True,,KO,H8,1,d7,Plate1,/Users/pmihack/claire/tmem_2026/data/cleaved_tmem_pld3_260821/d7/TMEM_KO/TMEMKO_Plate1_d7_TMEM561LAMP1640MAP2488DAPI405_H8_F1.nd2,9
11,13017,0,0.0,0.0,204.04486083984375,2656052.0,,0.0,-0.0041701416807975135,True,,KO,H8,1,d7,Plate1,/Users/pmihack/claire/tmem_2026/data/cleaved_tmem_pld3_260821/d7/TMEM_KO/TMEMKO_Plate1_d7_TMEM561LAMP1640MAP2488DAPI405_H8_F1.nd2,9
12,10946,5,0.005755527133199342,0.1469664,310.81884765625,3402223.0,18.499189357058675,0.0,0.10770457555964878,True,,KO,H8,1,d7,Plate1,/Users/pmihack/claire/tmem_2026/data/cleaved_tmem_pld3_260821/d7/TMEM_KO/TMEMKO_Plate1_d7_TMEM561LAMP1640MAP2488DAPI405_H8_F1.nd2,9
13,15447,0,0.0,0.0,69.22088623046875,1069255.0,,0.0,0.11863841263684326,True,,KO,H8,1,d7,Plate1,/Users/pmihack/claire/tmem_2026/data/cleaved_tmem_pld3_260821/d7/TMEM_KO/TMEMKO_Plate1_d7_TMEM561LAMP1640MAP2488DAPI405_H8_F1.nd2,9
1,17672,0,0.0,0.0,20.400802612304688,360523.0,,0.0,0.06373262762673577,True,,KO,H8,2,d7,Plate1,/Users/pmihack/claire/tmem_2026/data/cleaved_tmem_pld3_260821/d7/TMEM_KO/TMEMKO_Plate1_d7_TMEM561LAMP1640MAP2488DAPI405_H8_F2.nd2,9
2,24840,0,0.0,0.0,21.036231994628906,522540.0,,0.0,0.04460767715678488,True,,KO,H8,2,d7,Plate1,/Users/pmihack/claire/tmem_2026/data/cleaved_tmem_pld3_260821/d7/TMEM_KO/TMEMKO_Plate1_d7_TMEM561LAMP1640MAP2488DAPI405_H8_F2.nd2,9
3,26712,0,0.0,0.0,72.81431579589844,1945016.0,,0.0,0.021484143368683005,True,,KO,H8,2,d7,Plate1,/Users/pmihack/claire/tmem_2026/data/cleaved_tmem_pld3_260821/d7/TMEM_KO/TMEMKO_Plate1_d7_TMEM561LAMP1640MAP2488DAPI405_H8_F2.nd2,9
4,19093,8,0.022626093332634996,0.629856,411.10992431640625,7849322.0,13.78791644114221,0.0,0.2684722646454993,True,,KO,H8,2,d7,Plate1,/Users/pmihack/claire/tmem_2026/data/cleaved_tmem_pld3_260821/d7/TMEM_KO/TMEMKO_Plate1_d7_TMEM561LAMP1640MAP2488DAPI405_H8_F2.nd2,9
5,14252,0,0.0,0.0,9.178711891174316,130815.0,,0.0,0.047234876501254894,True,,KO,H8,2,d7,Plate1,/Users/pmihack/claire/tmem_2026/data/cleaved_tmem_pld3_260821/d7/TMEM_KO/TMEMKO_Plate1_d7_TMEM561LAMP1640MAP2488DAPI405_H8_F2.nd2,9
6,7348,5,0.015650517147523135,0.26827199999999995,510.2275390625,3749152.0,6.360129088904901,0.0,0.17576200304249717,True,,KO,H8,2,d7,Plate1,/Users/pmihack/claire/tmem_2026/data/cleaved_tmem_pld3_260821/d7/TMEM_KO/TMEMKO_Plate1_d7_TMEM561LAMP1640MAP2488DAPI405_H8_F2.nd2,9
7,11990,4,0.0016680567139282735,0.05832,322.36456298828125,3865151.0,5.348197836098742,0.0,0.10744732819285908,True,,KO,H8,2,d7,Plate1,/Users/pmihack/claire/tmem_2026/data/cleaved_tmem_pld3_260821/d7/TMEM_KO/TMEMKO_Plate1_d7_TMEM561LAMP1640MAP2488DAPI405_H8_F2.nd2,9
8,15192,0,0.0,0.0,170.11874389648438,2584444.0,,0.0,0.17719276858207011,True,,KO,H8,2,d7,Plate1,/Users/pmihack/claire/tmem_2026/data/cleaved_tmem_pld3_260821/d7/TMEM_KO/TMEMKO_Plate1_d7_TMEM561LAMP1640MAP2488DAPI405_H8_F2.nd2,9
9,20293,3,0.0029566845710343468,0.23328,191.2962646484375,3881975.0,7.6813718095678425,0.0,0.007359917552624977,True,,KO,H8,2,d7,Plate1,/Users/pmihack/claire/tmem_2026/data/cleaved_tmem_pld3_260821/d7/TMEM_KO/TMEMKO_Plate1_d7_TMEM561LAMP1640MAP2488DAPI405_H8_F2.nd2,9
10,21291,1,0.00046968202526889296,0.11664,130.51951599121094,2778891.0,22.90399025983533,0.0,0.32189120627747736,True,,KO,H8,2,d7,Plate1,/Users/pmihack/claire/tmem_2026/data/cleaved_tmem_pld3_260821/d7/TMEM_KO/TMEMKO_Plate1_d7_TMEM561LAMP1640MAP2488DAPI405_H8_F2.nd2,9
11,7956,0,0.0,0.0,34.70462417602539,276110.0,,0.0,-0.020007918016454598,True,,KO,H8,2,d7,Plate1,/Users/pmihack/claire/tmem_2026/data/cleaved_tmem_pld3_260821/d7/TMEM_KO/TMEMKO_Plate1_d7_TMEM561LAMP1640MAP2488DAPI405_H8_F2.nd2,9
12,4559,5,0.039262996271112086,0.4175711999999999,834.4483642578125,3804250.0,32.85248105186424,0.0,0.036439796078191096,True,,KO,H8,2,d7,Plate1,/Users/pmihack/claire/tmem_2026/data/cleaved_tmem_pld3_260821/d7/TMEM_KO/TMEMKO_Plate1_d7_TMEM561LAMP1640MAP2488DAPI405_H8_F2.nd2,9
13,2330,0,0.0,0.0,7.0309014320373535,16382.0,,0.0,0.08387375373487464,True,,KO,H8,2,d7,Plate1,/Users/pmihack/claire/tmem_2026/data/cleaved_tmem_pld3_260821/d7/TMEM_KO/TMEMKO_Plate1_d7_TMEM561LAMP1640MAP2488DAPI405_H8_F2.nd2,9
14,20338,2,0.0011800570360900777,0.13996799999999998,258.59942626953125,5259395.0,20.177650654848026,0.0,0.09029842836409738,True,,KO,H8,2,d7,Plate1,/Users/pmihack/claire/tmem_2026/data/cleaved_tmem_pld3_260821/d7/TMEM_KO/TMEMKO_Plate1_d7_TMEM561LAMP1640MAP2488DAPI405_H8_F2.nd2,9
1,26174,10,0.009551463284175136,0.29159999999999997,244.98460388183594,6412227.0,18.3343459963613,0.0,0.2873550529493605,True,,KO,H8,3,d7,Plate1,/Users/pmihack/claire/tmem_2026/data/cleaved_tmem_pld3_260821/d7/TMEM_KO/TMEMKO_Plate1_d7_TMEM561LAMP1640MAP2488DAPI405_H8_F3.nd2,10
2,22488,7,0.02543578797580932,0.9531154285714284,362.5102233886719,8152130.0,5.644834922588433,0.0,0.28974400724593646,True,,KO,H8,3,d7,Plate1,/Users/pmihack/claire/tmem_2026/data/cleaved_tmem_pld3_260821/d7/TMEM_KO/TMEMKO_Plate1_d7_TMEM561LAMP1640MAP2488DAPI405_H8_F3.nd2,10
3,17822,1,0.0005049938278532151,0.10497599999999999,153.57215881347656,2736963.0,4.202875056532986,0.0,0.1924204515569193,True,,KO,H8,3,d7,Plate1,/Users/pmihack/claire/tmem_2026/data/cleaved_tmem_pld3_260821/d7/TMEM_KO/TMEMKO_Plate1_d7_TMEM561LAMP1640MAP2488DAPI405_H8_F3.nd2,10
4,13385,8,0.008143444153903624,0.15892199999999998,280.9254455566406,3760187.0,10.193415573744344,0.0,0.38710037874599096,True,,KO,H8,3,d7,Plate1,/Users/pmihack/claire/tmem_2026/data/cleaved_tmem_pld3_260821/d7/TMEM_KO/TMEMKO_Plate1_d7_TMEM561LAMP1640MAP2488DAPI405_H8_F3.nd2,10
5,16333,2,0.0026939325292352906,0.256608,171.07518005371094,2794171.0,3.384794162505769,0.0,0.26566119759241896,True,,KO,H8,3,d7,Plate1,/Users/pmihack/claire/tmem_2026/data/cleaved_tmem_pld3_260821/d7/TMEM_KO/TMEMKO_Plate1_d7_TMEM561LAMP1640MAP2488DAPI405_H8_F3.nd2,10
6,20084,8,0.005476996614220275,0.16038,313.7846984863281,6302052.0,11.30433485788896,0.0,0.11732685932877683,True,,KO,H8,3,d7,Plate1,/Users/pmihack/claire/tmem_2026/data/cleaved_tmem_pld3_260821/d7/TMEM_KO/TMEMKO_Plate1_d7_TMEM561LAMP1640MAP2488DAPI405_H8_F3.nd2,10
7,14155,9,0.054680324973507596,1.003104,653.5449829101562,9250929.0,4.104369529310971,0.0,0.03667879892759622,True,,KO,H8,3,d7,Plate1,/Users/pmihack/claire/tmem_2026/data/cleaved_tmem_pld3_260821/d7/TMEM_KO/TMEMKO_Plate1_d7_TMEM561LAMP1640MAP2488DAPI405_H8_F3.nd2,10
8,29078,14,0.029025380012380492,0.7031725714285714,378.8567199707031,11016396.0,7.660232324472435,0.006736776791512966,0.2519495165023786,True,,KO,H8,3,d7,Plate1,/Users/pmihack/claire/tmem_2026/data/cleaved_tmem_pld3_260821/d7/TMEM_KO/TMEMKO_Plate1_d7_TMEM561LAMP1640MAP2488DAPI405_H8_F3.nd2,10
9,8593,2,0.07331548935179798,3.6741599999999996,660.6907958984375,5677316.0,16.13021889827947,0.0,0.3911132758624931,True,,KO,H8,3,d7,Plate1,/Users/pmihack/claire/tmem_2026/data/cleaved_tmem_pld3_260821/d7/TMEM_KO/TMEMKO_Plate1_d7_TMEM561LAMP1640MAP2488DAPI405_H8_F3.nd2,10
10,23197,6,0.03267663922058887,1.4735519999999998,421.2373046875,9771442.0,3.8240571509944803,0.0,0.09993992479765167,True,,KO,H8,3,d7,Plate1,/Users/pmihack/claire/tmem_2026/data/cleaved_tmem_pld3_260821/d7/TMEM_KO/TMEMKO_Plate1_d7_TMEM561LAMP1640MAP2488DAPI405_H8_F3.nd2,10
11,11469,6,0.03217368558723516,0.717336,538.2017822265625,6172636.0,22.36364256460697,0.0011810188880190253,0.10639835476006963,True,,KO,H8,3,d7,Plate1,/Users/pmihack/claire/tmem_2026/data/cleaved_tmem_pld3_260821/d7/TMEM_KO/TMEMKO_Plate1_d7_TMEM561LAMP1640MAP2488DAPI405_H8_F3.nd2,10
12,12429,8,0.019470592968058573,0.352836,521.9635620117188,6487485.0,25.629234694035176,0.0,0.42605105512769614,True,,KO,H8,3,d7,Plate1,/Users/pmihack/claire/tmem_2026/data/cleaved_tmem_pld3_260821/d7/TMEM_KO/TMEMKO_Plate1_d7_TMEM561LAMP1640MAP2488DAPI405_H8_F3.nd2,10
13,12755,3,0.0022736181889455114,0.11275199999999998,179.13046264648438,2284809.0,18.603933616542417,0.0,0.0502978568398266,True,,KO,H8,3,d7,Plate1,/Users/pmihack/claire/tmem_2026/data/cleaved_tmem_pld3_260821/d7/TMEM_KO/TMEMKO_Plate1_d7_TMEM561LAMP1640MAP2488DAPI405_H8_F3.nd2,10
14,12909,5,0.005267642729878379,0.15863039999999998,204.1361846923828,2635194.0,14.833767450963256,0.0009308612789027393,0.13456711367166163,True,,KO,H8,3,d7,Plate1,/Users/pmihack/claire/tmem_2026/data/cleaved_tmem_pld3_260821/d7/TMEM_KO/TMEMKO_Plate1_d7_TMEM561LAMP1640MAP2488DAPI405_H8_F3.nd2,10
15,16772,1,0.0011328404483663247,0.22161599999999998,67.71833801269531,1135772.0,8.468650191139455,8.452400652458891e-05,0.05902642602293248,True,,KO,H8,3,d7,Plate1,/Users/pmihack/claire/tmem_2026/data/cleaved_tmem_pld3_260821/d7/TMEM_KO/TMEMKO_Plate1_d7_TMEM561LAMP1640MAP2488DAPI405_H8_F3.nd2,10
16,4906,6,0.02792498980839788,0.26632799999999995,591.8300170898438,2903518.0,46.69222660709168,0.0,0.25281200906064083,True,,KO,H8,3,d7,Plate1,/Users/pmihack/claire/tmem_2026/data/cleaved_tmem_pld3_260821/d7/TMEM_KO/TMEMKO_Plate1_d7_TMEM561LAMP1640MAP2488DAPI405_H8_F3.nd2,10
17,20052,2,0.0007979253939756633,0.09331199999999999,199.1182403564453,3992719.0,11.871294241556226,0.00014476350042968988,0.011390268946063572,True,,KO,H8,3,d7,Plate1,/Users/pmihack/claire/tmem_2026/data/cleaved_tmem_pld3_260821/d7/TMEM_KO/TMEMKO_Plate1_d7_TMEM561LAMP1640MAP2488DAPI405_H8_F3.nd2,10
18,22776,2,0.026299613628380753,3.493368,338.280517578125,7704677.0,8.992767995499921,0.0,0.06909688996097335,True,,KO,H8,3,d7,Plate1,/Users/pmihack/claire/tmem_2026/data/cleaved_tmem_pld3_260821/d7/TMEM_KO/TMEMKO_Plate1_d7_TMEM561LAMP1640MAP2488DAPI405_H8_F3.nd2,10
19,17736,0,0.0,0.0,147.46493530273438,2615438.0,,0.0,0.17904895081251881,True,,KO,H8,3,d7,Plate1,/Users/pmihack/claire/tmem_2026/data/cleaved_tmem_pld3_260821/d7/TMEM_KO/TMEMKO_Plate1_d7_TMEM561LAMP1640MAP2488DAPI405_H8_F3.nd2,10
20,17141,7,0.01265970480135348,0.36158399999999996,279.64581298828125,4793409.0,12.576609959662363,0.0,0.19709264717143785,True,,KO,H8,3,d7,Plate1,/Users/pmihack/claire/tmem_2026/data/cleaved_tmem_pld3_260821/d7/TMEM_KO/TMEMKO_Plate1_d7_TMEM561LAMP1640MAP2488DAPI405_H8_F3.nd2,10
21,19062,5,0.0076067568985416015,0.33825599999999995,201.52040100097656,3841382.0,14.987052385770895,0.0,0.47720934217789734,False,border,KO,H8,3,d7,Plate1,/Users/pmihack/claire/tmem_2026/data/cleaved_tmem_pld3_260821/d7/TMEM_KO/TMEMKO_Plate1_d7_TMEM561LAMP1640MAP2488DAPI405_H8_F3.nd2,10
22,12477,1,0.00024044241404183698,0.034991999999999995,129.2519073486328,1612676.0,13.150155273762707,0.0,0.22179759747381408,True,,KO,H8,3,d7,Plate1,/Users/pmihack/claire/tmem_2026/data/cleaved_tmem_pld3_260821/d7/TMEM_KO/TMEMKO_Plate1_d7_TMEM561LAMP1640MAP2488DAPI405_H8_F3.nd2,10
23,16816,6,0.005530447193149382,0.18079199999999998,229.488525390625,3859079.0,17.452360614575785,0.0,0.12359486830297683,False,border,KO,H8,3,d7,Plate1,/Users/pmihack/claire/tmem_2026/data/cleaved_tmem_pld3_260821/d7/TMEM_KO/TMEMKO_Plate1_d7_TMEM561LAMP1640MAP2488DAPI405_H8_F3.nd2,10
1,15022,2,0.0032618825722274,0.28576799999999997,135.0389404296875,2028555.0,0.7193403429313556,0.0,0.05390925452435804,True,,KO,H8,4,d7,Plate1,/Users/pmihack/claire/tmem_2026/data/cleaved_tmem_pld3_260821/d7/TMEM_KO/TMEMKO_Plate1_d7_TMEM561LAMP1640MAP2488DAPI405_H8_F4.nd2,8
2,16209,0,0.0,0.0,11.623788833618164,188410.0,,0.0,0.01948577338469681,True,,KO,H8,4,d7,Plate1,/Users/pmihack/claire/tmem_2026/data/cleaved_tmem_pld3_260821/d7/TMEM_KO/TMEMKO_Plate1_d7_TMEM561LAMP1640MAP2488DAPI405_H8_F4.nd2,8
3,15285,6,0.04017010140660779,1.1936159999999998,396.4298400878906,6059430.0,10.724666810779643,0.0,0.01401462076409881,False,abnormal_nucleus,KO,H8,4,d7,Plate1,/Users/pmihack/claire/tmem_2026/data/cleaved_tmem_pld3_260821/d7/TMEM_KO/TMEMKO_Plate1_d7_TMEM561LAMP1640MAP2488DAPI405_H8_F4.nd2,8
4,15055,1,0.008635004981733644,1.51632,208.9615478515625,3145916.0,25.894488440548884,0.0,0.0576524225865488,False,border,KO,H8,4,d7,Plate1,/Users/pmihack/claire/tmem_2026/data/cleaved_tmem_pld3_260821/d7/TMEM_KO/TMEMKO_Plate1_d7_TMEM561LAMP1640MAP2488DAPI405_H8_F4.nd2,8
5,7804,5,0.08072783188108662,1.4696639999999999,943.6468505859375,7364220.0,21.436875720594287,0.0,0.1449502318559622,True,,KO,H8,4,d7,Plate1,/Users/pmihack/claire/tmem_2026/data/cleaved_tmem_pld3_260821/d7/TMEM_KO/TMEMKO_Plate1_d7_TMEM561LAMP1640MAP2488DAPI405_H8_F4.nd2,8
6,11941,2,0.00611339083828825,0.42573599999999995,230.41436767578125,2751378.0,7.752756494851739,0.0,0.12479229869717343,True,,KO,H8,4,d7,Plate1,/Users/pmihack/claire/tmem_2026/data/cleaved_tmem_pld3_260821/d7/TMEM_KO/TMEMKO_Plate1_d7_TMEM561LAMP1640MAP2488DAPI405_H8_F4.nd2,8
7,7792,2,0.07918377823408625,3.5983439999999995,861.75732421875,6714813.0,6.841632560225747,0.0,0.11901833579710144,True,,KO,H8,4,d7,Plate1,/Users/pmihack/claire/tmem_2026/data/cleaved_tmem_pld3_260821/d7/TMEM_KO/TMEMKO_Plate1_d7_TMEM561LAMP1640MAP2488DAPI405_H8_F4.nd2,8
8,7534,3,0.05561454738518715,1.6290719999999999,630.4275512695312,4749641.0,33.24782120893136,0.0,0.1366455694229812,True,,KO,H8,4,d7,Plate1,/Users/pmihack/claire/tmem_2026/data/cleaved_tmem_pld3_260821/d7/TMEM_KO/TMEMKO_Plate1_d7_TMEM561LAMP1640MAP2488DAPI405_H8_F4.nd2,8
9,11812,0,0.0,0.0,22.559600830078125,266474.0,,0.0,0.018719519856654158,True,,KO,H8,4,d7,Plate1,/Users/pmihack/claire/tmem_2026/data/cleaved_tmem_pld3_260821/d7/TMEM_KO/TMEMKO_Plate1_d7_TMEM561LAMP1640MAP2488DAPI405_H8_F4.nd2,8
10,11029,6,0.00997370568501224,0.21383999999999997,364.57421875,4020889.0,8.998433343276119,0.0,0.058361626327438326,True,,KO,H8,4,d7,Plate1,/Users/pmihack/claire/tmem_2026/data/cleaved_tmem_pld3_260821/d7/TMEM_KO/TMEMKO_Plate1_d7_TMEM561LAMP1640MAP2488DAPI405_H8_F4.nd2,8
11,9572,1,0.0013581278729628081,0.151632,109.4715805053711,1047862.0,15.746951081694224,0.0,-0.028384563385029205,True,,KO,H8,4,d7,Plate1,/Users/pmihack/claire/tmem_2026/data/cleaved_tmem_pld3_260821/d7/TMEM_KO/TMEMKO_Plate1_d7_TMEM561LAMP1640MAP2488DAPI405_H8_F4.nd2,8
12,10841,10,0.020662300525781753,0.26127359999999994,377.478271484375,4092242.0,13.489584192890993,0.0,0.08188451877086252,True,,KO,H8,4,d7,Plate1,/Users/pmihack/claire/tmem_2026/data/cleaved_tmem_pld3_260821/d7/TMEM_KO/TMEMKO_Plate1_d7_TMEM561LAMP1640MAP2488DAPI405_H8_F4.nd2,8
13,9621,3,0.005612722170252572,0.20995199999999997,243.70127868652344,2344650.0,11.979645465918095,0.0,0.15076989470733965,True,,KO,H8,4,d7,Plate1,/Users/pmihack/claire/tmem_2026/data/cleaved_tmem_pld3_260821/d7/TMEM_KO/TMEMKO_Plate1_d7_TMEM561LAMP1640MAP2488DAPI405_H8_F4.nd2,8
14,7515,0,0.0,0.0,35.63433074951172,267792.0,,0.0,-0.013254081740810227,True,,KO,H8,4,d7,Plate1,/Users/pmihack/claire/tmem_2026/data/cleaved_tmem_pld3_260821/d7/TMEM_KO/TMEMKO_Plate1_d7_TMEM561LAMP1640MAP2488DAPI405_H8_F4.nd2,8
15,8825,0,0.0,0.0,95.54696655273438,843202.0,,0.0,0.03237070451278426,True,,KO,H8,4,d7,Plate1,/Users/pmihack/claire/tmem_2026/data/cleaved_tmem_pld3_260821/d7/TMEM_KO/TMEMKO_Plate1_d7_TMEM561LAMP1640MAP2488DAPI405_H8_F4.nd2,8
16,14698,2,0.0010205470131990748,0.08747999999999999,133.20968627929688,1957916.0,13.579397537167676,0.0,0.05587642616956238,True,,KO,H8,4,d7,Plate1,/Users/pmihack/claire/tmem_2026/data/cleaved_tmem_pld3_260821/d7/TMEM_KO/TMEMKO_Plate1_d7_TMEM561LAMP1640MAP2488DAPI405_H8_F4.nd2,8
1,12193,4,0.019355367834003115,0.6881759999999999,431.88043212890625,5265918.0,9.3576126641869,0.0,-0.07238857083879112,True,,Control,C17,1,d7,Plate1,/Users/pmihack/claire/tmem_2026/data/cleaved_tmem_pld3_260821/d7/Z59_PLD_Control/PLD3Control_Plate1_d7_TMEM561LAMP1640MAP2488DAPI405_C17_F1.nd2,10
2,14268,6,0.03146902158676759,0.8728559999999999,480.6571960449219,6858017.0,16.95793316039822,0.0,0.03122819170416312,True,,Control,C17,1,d7,Plate1,/Users/pmihack/claire/tmem_2026/data/cleaved_tmem_pld3_260821/d7/Z59_PLD_Control/PLD3Control_Plate1_d7_TMEM561LAMP1640MAP2488DAPI405_C17_F1.nd2,10
3,9846,2,0.004367255738370912,0.250776,323.866943359375,3188794.0,16.848282350266597,0.0,0.05088142626942951,True,,Control,C17,1,d7,Plate1,/Users/pmihack/claire/tmem_2026/data/cleaved_tmem_pld3_260821/d7/Z59_PLD_Control/PLD3Control_Plate1_d7_TMEM561LAMP1640MAP2488DAPI405_C17_F1.nd2,10
4,12085,3,0.03516756309474555,1.6523999999999996,433.6702575683594,5240905.0,15.113748546274502,0.0,-0.0684173796481884,True,,Control,C17,1,d7,Plate1,/Users/pmihack/claire/tmem_2026/data/cleaved_tmem_pld3_260821/d7/Z59_PLD_Control/PLD3Control_Plate1_d7_TMEM561LAMP1640MAP2488DAPI405_C17_F1.nd2,10
5,3328,0,0.0,0.0,13.13671875,43719.0,,0.0,-0.025335857491335087,True,,Control,C17,1,d7,Plate1,/Users/pmihack/claire/tmem_2026/data/cleaved_tmem_pld3_260821/d7/Z59_PLD_Control/PLD3Control_Plate1_d7_TMEM561LAMP1640MAP2488DAPI405_C17_F1.nd2,10
6,7406,5,0.02551984877126654,0.44089919999999994,628.6884765625,4656067.0,16.500957701192277,0.0,-0.03474910492451868,True,,Control,C17,1,d7,Plate1,/Users/pmihack/claire/tmem_2026/data/cleaved_tmem_pld3_260821/d7/Z59_PLD_Control/PLD3Control_Plate1_d7_TMEM561LAMP1640MAP2488DAPI405_C17_F1.nd2,10
7,12789,1,0.0004691531785127844,0.06998399999999999,213.0462188720703,2724648.0,7.602103214790391,0.0,-0.09404371795289115,True,,Control,C17,1,d7,Plate1,/Users/pmihack/claire/tmem_2026/data/cleaved_tmem_pld3_260821/d7/Z59_PLD_Control/PLD3Control_Plate1_d7_TMEM561LAMP1640MAP2488DAPI405_C17_F1.nd2,10
8,13853,3,0.006713347289395799,0.36158399999999996,227.87216186523438,3156713.0,8.63046497873537,0.0,-0.04226387344191116,True,,Control,C17,1,d7,Plate1,/Users/pmihack/claire/tmem_2026/data/cleaved_tmem_pld3_260821/d7/Z59_PLD_Control/PLD3Control_Plate1_d7_TMEM561LAMP1640MAP2488DAPI405_C17_F1.nd2,10
9,6909,0,0.0,0.0,20.104066848754883,138899.0,,0.0,-0.01948375469501798,True,,Control,C17,1,d7,Plate1,/Users/pmihack/claire/tmem_2026/data/cleaved_tmem_pld3_260821/d7/Z59_PLD_Control/PLD3Control_Plate1_d7_TMEM561LAMP1640MAP2488DAPI405_C17_F1.nd2,10
10,12000,2,0.00125,0.08747999999999999,169.90533447265625,2038864.0,12.2784434667182,0.0,-0.057423486413655835,True,,Control,C17,1,d7,Plate1,/Users/pmihack/claire/tmem_2026/data/cleaved_tmem_pld3_260821/d7/Z59_PLD_Control/PLD3Control_Plate1_d7_TMEM561LAMP1640MAP2488DAPI405_C17_F1.nd2,10
11,15843,3,0.0023354162721706748,0.14385599999999998,239.7461395263672,3798298.0,18.54593604142125,0.0,-0.014372253816321135,True,,Control,C17,1,d7,Plate1,/Users/pmihack/claire/tmem_2026/data/cleaved_tmem_pld3_260821/d7/Z59_PLD_Control/PLD3Control_Plate1_d7_TMEM561LAMP1640MAP2488DAPI405_C17_F1.nd2,10
12,11826,2,0.008033147302553695,0.55404,262.8948974609375,3108995.0,14.994650118275363,0.0,-0.020294758206885064,True,,Control,C17,1,d7,Plate1,/Users/pmihack/claire/tmem_2026/data/cleaved_tmem_pld3_260821/d7/Z59_PLD_Control/PLD3Control_Plate1_d7_TMEM561LAMP1640MAP2488DAPI405_C17_F1.nd2,10
13,13377,10,0.05815952754728265,0.9074591999999999,799.9119262695312,10700422.0,20.345693932157783,0.0,-0.06487276615986452,True,,Control,C17,1,d7,Plate1,/Users/pmihack/claire/tmem_2026/data/cleaved_tmem_pld3_260821/d7/Z59_PLD_Control/PLD3Control_Plate1_d7_TMEM561LAMP1640MAP2488DAPI405_C17_F1.nd2,10
14,11179,7,0.007335182037749351,0.13663542857142855,212.36094665527344,2373983.0,13.921750956145376,0.0,-0.03045281840185932,True,,Control,C17,1,d7,Plate1,/Users/pmihack/claire/tmem_2026/data/cleaved_tmem_pld3_260821/d7/Z59_PLD_Control/PLD3Control_Plate1_d7_TMEM561LAMP1640MAP2488DAPI405_C17_F1.nd2,10
15,13186,6,0.01129986349158198,0.28965599999999997,333.072509765625,4391894.0,12.170196447427061,0.0,-0.05396613755056656,False,abnormal_nucleus,Control,C17,1,d7,Plate1,/Users/pmihack/claire/tmem_2026/data/cleaved_tmem_pld3_260821/d7/Z59_PLD_Control/PLD3Control_Plate1_d7_TMEM561LAMP1640MAP2488DAPI405_C17_F1.nd2,10
16,20171,2,0.0005453373655247632,0.064152,276.2964172363281,5573175.0,12.998598674154728,0.0016502263024449348,0.08263644830814823,True,,Control,C17,1,d7,Plate1,/Users/pmihack/claire/tmem_2026/data/cleaved_tmem_pld3_260821/d7/Z59_PLD_Control/PLD3Control_Plate1_d7_TMEM561LAMP1640MAP2488DAPI405_C17_F1.nd2,10
17,3948,1,0.0025329280648429585,0.11664,642.4219970703125,2536282.0,27.285349142994242,0.0,0.11086792020259797,True,,Control,C17,1,d7,Plate1,/Users/pmihack/claire/tmem_2026/data/cleaved_tmem_pld3_260821/d7/Z59_PLD_Control/PLD3Control_Plate1_d7_TMEM561LAMP1640MAP2488DAPI405_C17_F1.nd2,10
18,16239,2,0.0009237021984112322,0.08747999999999999,186.5253448486328,3028985.0,21.39903499651992,0.0,-0.013241685697710422,True,,Control,C17,1,d7,Plate1,/Users/pmihack/claire/tmem_2026/data/cleaved_tmem_pld3_260821/d7/Z59_PLD_Control/PLD3Control_Plate1_d7_TMEM561LAMP1640MAP2488DAPI405_C17_F1.nd2,10
1,22077,9,0.08153281695882593,2.3327999999999998,795.39501953125,17559936.0,17.45516913967695,0.0,-0.0027418585746412224,True,,Control,C17,2,d7,Plate1,/Users/pmihack/claire/tmem_2026/data/cleaved_tmem_pld3_260821/d7/Z59_PLD_Control/PLD3Control_Plate1_d7_TMEM561LAMP1640MAP2488DAPI405_C17_F2.nd2,11
2,8772,0,0.0,0.0,144.277587890625,1265603.0,,0.0,-0.11421586195691642,True,,Control,C17,2,d7,Plate1,/Users/pmihack/claire/tmem_2026/data/cleaved_tmem_pld3_260821/d7/Z59_PLD_Control/PLD3Control_Plate1_d7_TMEM561LAMP1640MAP2488DAPI405_C17_F2.nd2,11
3,10249,8,0.04517513903795492,0.6750539999999999,570.3129272460938,5845137.0,12.747845895417687,0.0,-0.09402968028292576,True,,Control,C17,2,d7,Plate1,/Users/pmihack/claire/tmem_2026/data/cleaved_tmem_pld3_260821/d7/Z59_PLD_Control/PLD3Control_Plate1_d7_TMEM561LAMP1640MAP2488DAPI405_C17_F2.nd2,11
4,6851,3,0.11852284338052839,3.157056,1132.774658203125,7760639.0,35.62801685779132,0.0,-0.11041481778600815,False,border,Control,C17,2,d7,Plate1,/Users/pmihack/claire/tmem_2026/data/cleaved_tmem_pld3_260821/d7/Z59_PLD_Control/PLD3Control_Plate1_d7_TMEM561LAMP1640MAP2488DAPI405_C17_F2.nd2,11
5,15697,8,0.11951328279289036,2.7352079999999996,1270.078125,19936416.0,15.524934091956661,0.0,-0.07255119959981446,True,,Control,C17,2,d7,Plate1,/Users/pmihack/claire/tmem_2026/data/cleaved_tmem_pld3_260821/d7/Z59_PLD_Control/PLD3Control_Plate1_d7_TMEM561LAMP1640MAP2488DAPI405_C17_F2.nd2,11
6,8715,4,0.14239816408491107,3.618756,1782.9423828125,15538343.0,13.260326330661195,0.0,0.01654318445317173,True,,Control,C17,2,d7,Plate1,/Users/pmihack/claire/tmem_2026/data/cleaved_tmem_pld3_260821/d7/Z59_PLD_Control/PLD3Control_Plate1_d7_TMEM561LAMP1640MAP2488DAPI405_C17_F2.nd2,11
7,21621,5,0.03991489755330466,2.0132063999999996,566.6593627929688,12251742.0,9.774821279712972,0.0,-0.03336616380372631,True,,Control,C17,2,d7,Plate1,/Users/pmihack/claire/tmem_2026/data/cleaved_tmem_pld3_260821/d7/Z59_PLD_Control/PLD3Control_Plate1_d7_TMEM561LAMP1640MAP2488DAPI405_C17_F2.nd2,11
8,4300,1,0.0011627906976744186,0.05832,97.12488555908203,417637.0,0.500817390642538,0.0,0.0006298837054212735,True,,Control,C17,2,d7,Plate1,/Users/pmihack/claire/tmem_2026/data/cleaved_tmem_pld3_260821/d7/Z59_PLD_Control/PLD3Control_Plate1_d7_TMEM561LAMP1640MAP2488DAPI405_C17_F2.nd2,11
9,26944,11,0.03455314726840855,0.9871985454545454,451.8978271484375,12175935.0,3.626792423826786,0.0,0.006087248838948954,True,,Control,C17,2,d7,Plate1,/Users/pmihack/claire/tmem_2026/data/cleaved_tmem_pld3_260821/d7/Z59_PLD_Control/PLD3Control_Plate1_d7_TMEM561LAMP1640MAP2488DAPI405_C17_F2.nd2,11
10,14692,3,0.0011570922951265996,0.066096,365.60467529296875,5371464.0,0.6126967006668247,0.0,-0.02535230500013483,True,,Control,C17,2,d7,Plate1,/Users/pmihack/claire/tmem_2026/data/cleaved_tmem_pld3_260821/d7/Z59_PLD_Control/PLD3Control_Plate1_d7_TMEM561LAMP1640MAP2488DAPI405_C17_F2.nd2,11
11,8185,6,0.04056200366524129,0.645408,707.0328369140625,5787064.0,5.617657527171654,0.0,-0.023927740269467916,True,,Control,C17,2,d7,Plate1,/Users/pmihack/claire/tmem_2026/data/cleaved_tmem_pld3_260821/d7/Z59_PLD_Control/PLD3Control_Plate1_d7_TMEM561LAMP1640MAP2488DAPI405_C17_F2.nd2,11
12,9492,2,0.07553729456384324,4.181544,775.1065063476562,7357311.0,4.218578584504295,0.0,-0.1694993977003434,True,,Control,C17,2,d7,Plate1,/Users/pmihack/claire/tmem_2026/data/cleaved_tmem_pld3_260821/d7/Z59_PLD_Control/PLD3Control_Plate1_d7_TMEM561LAMP1640MAP2488DAPI405_C17_F2.nd2,11
13,8545,7,0.053832650672908135,0.7664914285714285,688.2245483398438,5880879.0,23.842457673952108,0.0,0.0009864401529593415,True,,Control,C17,2,d7,Plate1,/Users/pmihack/claire/tmem_2026/data/cleaved_tmem_pld3_260821/d7/Z59_PLD_Control/PLD3Control_Plate1_d7_TMEM561LAMP1640MAP2488DAPI405_C17_F2.nd2,11
14,8969,5,0.08384435277065448,1.7542655999999999,925.3970336914062,8299886.0,13.680330165772414,0.0,-0.05589912589603935,True,,Control,C17,2,d7,Plate1,/Users/pmihack/claire/tmem_2026/data/cleaved_tmem_pld3_260821/d7/Z59_PLD_Control/PLD3Control_Plate1_d7_TMEM561LAMP1640MAP2488DAPI405_C17_F2.nd2,11
15,10619,22,0.18382145211413503,1.034914909090909,2059.167724609375,21866302.0,11.193791938137963,0.0,-0.05140772393603093,True,,Control,C17,2,d7,Plate1,/Users/pmihack/claire/tmem_2026/data/cleaved_tmem_pld3_260821/d7/Z59_PLD_Control/PLD3Control_Plate1_d7_TMEM561LAMP1640MAP2488DAPI405_C17_F2.nd2,11
16,12016,5,0.07415113182423436,2.0785248,786.2610473632812,9447713.0,22.462776041846286,0.0,0.0040199224857795654,True,,Control,C17,2,d7,Plate1,/Users/pmihack/claire/tmem_2026/data/cleaved_tmem_pld3_260821/d7/Z59_PLD_Control/PLD3Control_Plate1_d7_TMEM561LAMP1640MAP2488DAPI405_C17_F2.nd2,11
1,6287,12,0.10672816923811039,0.6522119999999999,1209.8798828125,7606515.0,36.92472613583293,0.0,-0.1514030337586575,False,border,Control,C17,3,d7,Plate1,/Users/pmihack/claire/tmem_2026/data/cleaved_tmem_pld3_260821/d7/Z59_PLD_Control/PLD3Control_Plate1_d7_TMEM561LAMP1640MAP2488DAPI405_C17_F3.nd2,12
2,14995,3,0.002334111370456819,0.13607999999999998,149.06414794921875,2235217.0,19.797527154528314,3.981716145062819e-05,0.0590527925749032,True,,Control,C17,3,d7,Plate1,/Users/pmihack/claire/tmem_2026/data/cleaved_tmem_pld3_260821/d7/Z59_PLD_Control/PLD3Control_Plate1_d7_TMEM561LAMP1640MAP2488DAPI405_C17_F3.nd2,12
3,17104,9,0.12353835360149673,2.7384479999999995,1315.9697265625,22508346.0,2.5258951735497055,0.004533695988357067,0.1694575432711092,True,,Control,C17,3,d7,Plate1,/Users/pmihack/claire/tmem_2026/data/cleaved_tmem_pld3_260821/d7/Z59_PLD_Control/PLD3Control_Plate1_d7_TMEM561LAMP1640MAP2488DAPI405_C17_F3.nd2,12
4,9256,9,0.11441227312013828,1.372464,1217.1593017578125,11266027.0,7.170804738973138,0.0,0.17824025837282662,True,,Control,C17,3,d7,Plate1,/Users/pmihack/claire/tmem_2026/data/cleaved_tmem_pld3_260821/d7/Z59_PLD_Control/PLD3Control_Plate1_d7_TMEM561LAMP1640MAP2488DAPI405_C17_F3.nd2,12
5,15154,5,0.0038933614887158505,0.13763519999999999,515.336669921875,7809412.0,6.269460282056242,0.00022191171592567116,0.11671878534131952,True,,Control,C17,3,d7,Plate1,/Users/pmihack/claire/tmem_2026/data/cleaved_tmem_pld3_260821/d7/Z59_PLD_Control/PLD3Control_Plate1_d7_TMEM561LAMP1640MAP2488DAPI405_C17_F3.nd2,12
6,14649,0,0.0,0.0,25.369104385375977,371632.0,,0.0,0.1008599276902022,True,,Control,C17,3,d7,Plate1,/Users/pmihack/claire/tmem_2026/data/cleaved_tmem_pld3_260821/d7/Z59_PLD_Control/PLD3Control_Plate1_d7_TMEM561LAMP1640MAP2488DAPI405_C17_F3.nd2,12
7,15589,17,0.17807428314837384,1.9046625882352939,1684.239990234375,26255618.0,4.116148088713815,0.0005779715138487518,0.06376550589286092,True,,Control,C17,3,d7,Plate1,/Users/pmihack/claire/tmem_2026/data/cleaved_tmem_pld3_260821/d7/Z59_PLD_Control/PLD3Control_Plate1_d7_TMEM561LAMP1640MAP2488DAPI405_C17_F3.nd2,12
8,14312,0,0.0,0.0,105.28165435791016,1506791.0,,0.0,0.03319755976777239,True,,Control,C17,3,d7,Plate1,/Users/pmihack/claire/tmem_2026/data/cleaved_tmem_pld3_260821/d7/Z59_PLD_Control/PLD3Control_Plate1_d7_TMEM561LAMP1640MAP2488DAPI405_C17_F3.nd2,12
9,14213,2,0.1446563005699008,11.990592,1401.0277099609375,19912806.0,12.154415991859567,0.0,0.31068899502374675,True,,Control,C17,3,d7,Plate1,/Users/pmihack/claire/tmem_2026/data/cleaved_tmem_pld3_260821/d7/Z59_PLD_Control/PLD3Control_Plate1_d7_TMEM561LAMP1640MAP2488DAPI405_C17_F3.nd2,12
10,16621,6,0.007761265868479634,0.250776,203.577880859375,3383668.0,2.345422836173811,0.0,0.009652154793902577,True,,Control,C17,3,d7,Plate1,/Users/pmihack/claire/tmem_2026/data/cleaved_tmem_pld3_260821/d7/Z59_PLD_Control/PLD3Control_Plate1_d7_TMEM561LAMP1640MAP2488DAPI405_C17_F3.nd2,12
11,7772,4,0.2007205352547607,4.548959999999999,1824.76953125,14182109.0,30.682491501307144,0.0,-0.16015743678874447,True,,Control,C17,3,d7,Plate1,/Users/pmihack/claire/tmem_2026/data/cleaved_tmem_pld3_260821/d7/Z59_PLD_Control/PLD3Control_Plate1_d7_TMEM561LAMP1640MAP2488DAPI405_C17_F3.nd2,12
12,5458,3,0.005679736167094174,0.120528,242.95016479492188,1326022.0,6.714854826519784,0.0,0.022572123487132004,True,,Control,C17,3,d7,Plate1,/Users/pmihack/claire/tmem_2026/data/cleaved_tmem_pld3_260821/d7/Z59_PLD_Control/PLD3Control_Plate1_d7_TMEM561LAMP1640MAP2488DAPI405_C17_F3.nd2,12
13,4836,3,0.3184449958643507,5.98752,3191.413818359375,15433677.0,40.064671566112054,0.0,0.3432899608867341,True,,Control,C17,3,d7,Plate1,/Users/pmihack/claire/tmem_2026/data/cleaved_tmem_pld3_260821/d7/Z59_PLD_Control/PLD3Control_Plate1_d7_TMEM561LAMP1640MAP2488DAPI405_C17_F3.nd2,12
14,29868,8,0.061035221641890985,2.6579339999999996,627.2513427734375,18734744.0,8.699582099512991,0.00020656807464547455,0.016574533775219277,True,,Control,C17,3,d7,Plate1,/Users/pmihack/claire/tmem_2026/data/cleaved_tmem_pld3_260821/d7/Z59_PLD_Control/PLD3Control_Plate1_d7_TMEM561LAMP1640MAP2488DAPI405_C17_F3.nd2,12
15,20833,9,0.099601593625498,2.6891999999999996,1412.85009765625,29433906.0,7.899442325664777,0.0,0.0806734124038274,True,,Control,C17,3,d7,Plate1,/Users/pmihack/claire/tmem_2026/data/cleaved_tmem_pld3_260821/d7/Z59_PLD_Control/PLD3Control_Plate1_d7_TMEM561LAMP1640MAP2488DAPI405_C17_F3.nd2,12
16,8678,13,0.0672966121226089,0.5239827692307691,1050.138671875,9113103.0,17.014522058490417,0.0008037876687012613,0.013667429272459996,True,,Control,C17,3,d7,Plate1,/Users/pmihack/claire/tmem_2026/data/cleaved_tmem_pld3_260821/d7/Z59_PLD_Control/PLD3Control_Plate1_d7_TMEM561LAMP1640MAP2488DAPI405_C17_F3.nd2,12
17,7559,12,0.06508797459981479,0.478224,935.846435546875,7074063.0,26.347447535918967,0.0002479480463080108,0.042715699412119,True,,Control,C17,3,d7,Plate1,/Users/pmihack/claire/tmem_2026/data/cleaved_tmem_pld3_260821/d7/Z59_PLD_Control/PLD3Control_Plate1_d7_TMEM561LAMP1640MAP2488DAPI405_C17_F3.nd2,12
18,18342,15,0.033802202595136846,0.482112,593.1614379882812,10879767.0,7.876870496101835,0.004398807417601347,0.1417951668672423,True,,Control,C17,3,d7,Plate1,/Users/pmihack/claire/tmem_2026/data/cleaved_tmem_pld3_260821/d7/Z59_PLD_Control/PLD3Control_Plate1_d7_TMEM561LAMP1640MAP2488DAPI405_C17_F3.nd2,12
19,257,0,0.0,0.0,224.1050567626953,57595.0,,0.0,0.22736422008163648,False,size_outlier,Control,C17,3,d7,Plate1,/Users/pmihack/claire/tmem_2026/data/cleaved_tmem_pld3_260821/d7/Z59_PLD_Control/PLD3Control_Plate1_d7_TMEM561LAMP1640MAP2488DAPI405_C17_F3.nd2,12
20,19912,10,0.03359783045399759,0.7803216,539.05859375,10733735.0,13.555977908837693,0.001245698775164783,0.1645282915150499,True,,Control,C17,3,d7,Plate1,/Users/pmihack/claire/tmem_2026/data/cleaved_tmem_pld3_260821/d7/Z59_PLD_Control/PLD3Control_Plate1_d7_TMEM561LAMP1640MAP2488DAPI405_C17_F3.nd2,12
21,13379,12,0.014051872337244937,0.18273599999999998,411.088134765625,5499948.0,16.56358693651874,1.6909250916796736e-05,0.015781339297119213,True,,Control,C17,3,d7,Plate1,/Users/pmihack/claire/tmem_2026/data/cleaved_tmem_pld3_260821/d7/Z59_PLD_Control/PLD3Control_Plate1_d7_TMEM561LAMP1640MAP2488DAPI405_C17_F3.nd2,12
22,23939,3,0.08860019215506078,8.246448,1043.2813720703125,24975112.0,16.715686066317264,2.222212242486421e-05,0.026905851577130192,True,,Control,C17,3,d7,Plate1,/Users/pmihack/claire/tmem_2026/data/cleaved_tmem_pld3_260821/d7/Z59_PLD_Control/PLD3Control_Plate1_d7_TMEM561LAMP1640MAP2488DAPI405_C17_F3.nd2,12
23,20777,13,0.14439043172739086,2.6916923076923074,1710.1729736328125,35532264.0,18.98593549297131,0.0,0.10683743229806543,True,,Control,C17,3,d7,Plate1,/Users/pmihack/claire/tmem_2026/data/cleaved_tmem_pld3_260821/d7/Z59_PLD_Control/PLD3Control_Plate1_d7_TMEM561LAMP1640MAP2488DAPI405_C17_F3.nd2,12
24,8646,3,0.004395095998149434,0.147744,182.9925994873047,1582154.0,33.21906719974459,0.0,0.015098774736156177,True,,Control,C17,3,d7,Plate1,/Users/pmihack/claire/tmem_2026/data/cleaved_tmem_pld3_260821/d7/Z59_PLD_Control/PLD3Control_Plate1_d7_TMEM561LAMP1640MAP2488DAPI405_C17_F3.nd2,12
25,11670,0,0.0,0.0,86.71619415283203,1011978.0,,0.0,0.10346116252158917,True,,Control,C17,3,d7,Plate1,/Users/pmihack/claire/tmem_2026/data/cleaved_tmem_pld3_260821/d7/Z59_PLD_Control/PLD3Control_Plate1_d7_TMEM561LAMP1640MAP2488DAPI405_C17_F3.nd2,12
1,13501,17,0.08784534478927487,0.8137355294117646,1110.743896484375,14996153.0,7.462465392444482,0.0,0.29384584248048073,True,,Control,C17,4,d7,Plate1,/Users/pmihack/claire/tmem_2026/data/cleaved_tmem_pld3_260821/d7/Z59_PLD_Control/PLD3Control_Plate1_d7_TMEM561LAMP1640MAP2488DAPI405_C17_F4.nd2,11
2,7458,5,0.012872083668543845,0.22394879999999998,456.4384460449219,3404118.0,4.082463610831771,0.00010340417065890506,0.030149673826911083,True,,Control,C17,4,d7,Plate1,/Users/pmihack/claire/tmem_2026/data/cleaved_tmem_pld3_260821/d7/Z59_PLD_Control/PLD3Control_Plate1_d7_TMEM561LAMP1640MAP2488DAPI405_C17_F4.nd2,11
3,31410,10,0.05100286532951289,1.8685727999999997,657.7888793945312,20661148.0,5.133784972368123,0.0004173533816356212,0.0191579717508901,True,,Control,C17,4,d7,Plate1,/Users/pmihack/claire/tmem_2026/data/cleaved_tmem_pld3_260821/d7/Z59_PLD_Control/PLD3Control_Plate1_d7_TMEM561LAMP1640MAP2488DAPI405_C17_F4.nd2,11
4,35779,16,0.05360686436177646,1.3982219999999999,628.2326049804688,22477534.0,7.003335478804773,0.0,0.5701056621010654,True,,Control,C17,4,d7,Plate1,/Users/pmihack/claire/tmem_2026/data/cleaved_tmem_pld3_260821/d7/Z59_PLD_Control/PLD3Control_Plate1_d7_TMEM561LAMP1640MAP2488DAPI405_C17_F4.nd2,11
5,8354,2,0.22851328704812066,11.133287999999999,2180.409423828125,18215140.0,28.50403039941636,0.0,0.0307987202461079,True,,Control,C17,4,d7,Plate1,/Users/pmihack/claire/tmem_2026/data/cleaved_tmem_pld3_260821/d7/Z59_PLD_Control/PLD3Control_Plate1_d7_TMEM561LAMP1640MAP2488DAPI405_C17_F4.nd2,11
6,10658,8,0.1451491837117658,2.2555259999999997,1420.1439208984375,15135894.0,9.128544418306518,0.0,0.11200637114222918,True,,Control,C17,4,d7,Plate1,/Users/pmihack/claire/tmem_2026/data/cleaved_tmem_pld3_260821/d7/Z59_PLD_Control/PLD3Control_Plate1_d7_TMEM561LAMP1640MAP2488DAPI405_C17_F4.nd2,11
7,5478,0,0.0,0.0,30.483205795288086,166987.0,,0.00024552809190936387,0.020592877189049133,True,,Control,C17,4,d7,Plate1,/Users/pmihack/claire/tmem_2026/data/cleaved_tmem_pld3_260821/d7/Z59_PLD_Control/PLD3Control_Plate1_d7_TMEM561LAMP1640MAP2488DAPI405_C17_F4.nd2,11
8,10198,8,0.11884683271229653,1.7670959999999998,1168.5721435546875,11917099.0,5.1804321958442765,0.0,0.3484383770785335,True,,Control,C17,4,d7,Plate1,/Users/pmihack/claire/tmem_2026/data/cleaved_tmem_pld3_260821/d7/Z59_PLD_Control/PLD3Control_Plate1_d7_TMEM561LAMP1640MAP2488DAPI405_C17_F4.nd2,11
9,5098,0,0.0,0.0,28.88348388671875,147248.0,,0.0,0.017943544666607348,True,,Control,C17,4,d7,Plate1,/Users/pmihack/claire/tmem_2026/data/cleaved_tmem_pld3_260821/d7/Z59_PLD_Control/PLD3Control_Plate1_d7_TMEM561LAMP1640MAP2488DAPI405_C17_F4.nd2,11
10,12670,4,0.12186266771902131,4.502304,1371.0074462890625,17370664.0,6.692886286352262,0.0031347679905593395,0.26478377113477314,True,,Control,C17,4,d7,Plate1,/Users/pmihack/claire/tmem_2026/data/cleaved_tmem_pld3_260821/d7/Z59_PLD_Control/PLD3Control_Plate1_d7_TMEM561LAMP1640MAP2488DAPI405_C17_F4.nd2,11
11,7211,0,0.0,0.0,25.548744201660156,184232.0,,0.0,0.07532936063325556,True,,Control,C17,4,d7,Plate1,/Users/pmihack/claire/tmem_2026/data/cleaved_tmem_pld3_260821/d7/Z59_PLD_Control/PLD3Control_Plate1_d7_TMEM561LAMP1640MAP2488DAPI405_C17_F4.nd2,11
12,9911,4,0.14589849661991727,4.216536,1577.0128173828125,15629774.0,12.458358006425284,0.0,0.4873194896419915,True,,Control,C17,4,d7,Plate1,/Users/pmihack/claire/tmem_2026/data/cleaved_tmem_pld3_260821/d7/Z59_PLD_Control/PLD3Control_Plate1_d7_TMEM561LAMP1640MAP2488DAPI405_C17_F4.nd2,11
13,14489,5,0.03478500931741321,1.1757312,434.6978454589844,6298337.0,6.453826377008137,0.0,0.20316517876691134,True,,Control,C17,4,d7,Plate1,/Users/pmihack/claire/tmem_2026/data/cleaved_tmem_pld3_260821/d7/Z59_PLD_Control/PLD3Control_Plate1_d7_TMEM561LAMP1640MAP2488DAPI405_C17_F4.nd2,11
14,34351,24,0.03711682338214317,0.6196499999999999,555.5974731445312,19085328.0,8.316071521996962,3.3009650906024035e-06,0.1286914770363086,True,,Control,C17,4,d7,Plate1,/Users/pmihack/claire/tmem_2026/data/cleaved_tmem_pld3_260821/d7/Z59_PLD_Control/PLD3Control_Plate1_d7_TMEM561LAMP1640MAP2488DAPI405_C17_F4.nd2,11
15,31485,32,0.02823566777830713,0.32404049999999995,503.2987976074219,15846363.0,8.312992782158153,0.0004834547871723771,0.03633891838229388,True,,Control,C17,4,d7,Plate1,/Users/pmihack/claire/tmem_2026/data/cleaved_tmem_pld3_260821/d7/Z59_PLD_Control/PLD3Control_Plate1_d7_TMEM561LAMP1640MAP2488DAPI405_C17_F4.nd2,11
16,12504,10,0.152191298784389,2.2196592,2002.728271484375,25042114.0,25.539259251826575,6.548968030983815e-06,0.0787727474226072,True,,Control,C17,4,d7,Plate1,/Users/pmihack/claire/tmem_2026/data/cleaved_tmem_pld3_260821/d7/Z59_PLD_Control/PLD3Control_Plate1_d7_TMEM561LAMP1640MAP2488DAPI405_C17_F4.nd2,11
17,9335,6,0.06898768077129085,1.251936,842.3472900390625,7863312.0,23.736143552506743,0.004209676757454872,0.2516377527202121,True,,Control,C17,4,d7,Plate1,/Users/pmihack/claire/tmem_2026/data/cleaved_tmem_pld3_260821/d7/Z59_PLD_Control/PLD3Control_Plate1_d7_TMEM561LAMP1640MAP2488DAPI405_C17_F4.nd2,11
18,7656,3,0.07549634273772204,2.2472639999999995,1083.296630859375,8293719.0,30.58567292464532,0.0,0.012346429456138775,True,,Control,C17,4,d7,Plate1,/Users/pmihack/claire/tmem_2026/data/cleaved_tmem_pld3_260821/d7/Z59_PLD_Control/PLD3Control_Plate1_d7_TMEM561LAMP1640MAP2488DAPI405_C17_F4.nd2,11
19,14707,3,0.12381858978717618,7.080048,1204.4305419921875,17713560.0,19.145393730743898,0.0,0.107900609904912,True,,Control,C17,4,d7,Plate1,/Users/pmihack/claire/tmem_2026/data/cleaved_tmem_pld3_260821/d7/Z59_PLD_Control/PLD3Control_Plate1_d7_TMEM561LAMP1640MAP2488DAPI405_C17_F4.nd2,11
20,13417,5,0.044048595065961094,1.3786847999999998,512.1123046875,6871011.0,11.800169582307126,0.011113503016531467,0.19302907915604559,True,,Control,C17,4,d7,Plate1,/Users/pmihack/claire/tmem_2026/data/cleaved_tmem_pld3_260821/d7/Z59_PLD_Control/PLD3Control_Plate1_d7_TMEM561LAMP1640MAP2488DAPI405_C17_F4.nd2,11
21,32866,12,0.005781050325564413,0.18467999999999998,205.88986206054688,6766776.0,5.991595128062703,1.477808609706699e-06,0.16934756586004873,True,,Control,C17,4,d7,Plate1,/Users/pmihack/claire/tmem_2026/data/cleaved_tmem_pld3_260821/d7/Z59_PLD_Control/PLD3Control_Plate1_d7_TMEM561LAMP1640MAP2488DAPI405_C17_F4.nd2,11
22,6489,6,0.049314224071505625,0.62208,749.3995971679688,4862854.0,22.724259273895164,0.0,0.1529884095453411,True,,Control,C17,4,d7,Plate1,/Users/pmihack/claire/tmem_2026/data/cleaved_tmem_pld3_260821/d7/Z59_PLD_Control/PLD3Control_Plate1_d7_TMEM561LAMP1640MAP2488DAPI405_C17_F4.nd2,11
23,9423,4,0.0564576037355407,1.5513119999999998,689.8389282226562,6500352.0,17.530261425893055,0.0,0.300953046820162,True,,Control,C17,4,d7,Plate1,/Users/pmihack/claire/tmem_2026/data/cleaved_tmem_pld3_260821/d7/Z59_PLD_Control/PLD3Control_Plate1_d7_TMEM561LAMP1640MAP2488DAPI405_C17_F4.nd2,11
24,14926,8,0.03972933136808254,0.864594,488.40863037109375,7289987.0,7.703813073203021,0.0,0.09755096110316266,True,,Control,C17,4,d7,Plate1,/Users/pmihack/claire/tmem_2026/data/cleaved_tmem_pld3_260821/d7/Z59_PLD_Control/PLD3Control_Plate1_d7_TMEM561LAMP1640MAP2488DAPI405_C17_F4.nd2,11
1,5226,0,0.0,0.0,7.14982795715332,37365.0,,0.0,0.0549943027636367,True,,Control,D17,1,d7,Plate1,/Users/pmihack/claire/tmem_2026/data/cleaved_tmem_pld3_260821/d7/Z59_PLD_Control/PLD3Control_Plate1_d7_TMEM561LAMP1640MAP2488DAPI405_D17_F1.nd2,12
2,9297,0,0.0,0.0,211.42648315429688,1965632.0,,0.0,0.07505066765517986,True,,Control,D17,1,d7,Plate1,/Users/pmihack/claire/tmem_2026/data/cleaved_tmem_pld3_260821/d7/Z59_PLD_Control/PLD3Control_Plate1_d7_TMEM561LAMP1640MAP2488DAPI405_D17_F1.nd2,12
3,10715,0,0.0,0.0,76.21222686767578,816614.0,,0.0,0.0055761049330326565,True,,Control,D17,1,d7,Plate1,/Users/pmihack/claire/tmem_2026/data/cleaved_tmem_pld3_260821/d7/Z59_PLD_Control/PLD3Control_Plate1_d7_TMEM561LAMP1640MAP2488DAPI405_D17_F1.nd2,12
4,16904,3,0.003076194983435873,0.20217599999999997,392.5122985839844,6635028.0,10.771743000564177,0.0,0.005543780209304165,True,,Control,D17,1,d7,Plate1,/Users/pmihack/claire/tmem_2026/data/cleaved_tmem_pld3_260821/d7/Z59_PLD_Control/PLD3Control_Plate1_d7_TMEM561LAMP1640MAP2488DAPI405_D17_F1.nd2,12
5,14824,2,0.002900701565029682,0.250776,150.94482421875,2237606.0,19.202518396646468,0.0,0.08007615858187794,True,,Control,D17,1,d7,Plate1,/Users/pmihack/claire/tmem_2026/data/cleaved_tmem_pld3_260821/d7/Z59_PLD_Control/PLD3Control_Plate1_d7_TMEM561LAMP1640MAP2488DAPI405_D17_F1.nd2,12
6,20489,6,0.014837229733027478,0.590976,384.52691650390625,7878572.0,14.929876012279292,7.107887086021947e-06,0.0068146650236372425,True,,Control,D17,1,d7,Plate1,/Users/pmihack/claire/tmem_2026/data/cleaved_tmem_pld3_260821/d7/Z59_PLD_Control/PLD3Control_Plate1_d7_TMEM561LAMP1640MAP2488DAPI405_D17_F1.nd2,12
7,5566,0,0.0,0.0,8.660798072814941,48206.0,,0.0,0.14291391225754868,True,,Control,D17,1,d7,Plate1,/Users/pmihack/claire/tmem_2026/data/cleaved_tmem_pld3_260821/d7/Z59_PLD_Control/PLD3Control_Plate1_d7_TMEM561LAMP1640MAP2488DAPI405_D17_F1.nd2,12
8,17194,0,0.0,0.0,173.41864013671875,2981760.0,,0.0,-0.0142709479160389,True,,Control,D17,1,d7,Plate1,/Users/pmihack/claire/tmem_2026/data/cleaved_tmem_pld3_260821/d7/Z59_PLD_Control/PLD3Control_Plate1_d7_TMEM561LAMP1640MAP2488DAPI405_D17_F1.nd2,12
9,17965,0,0.0,0.0,98.8614501953125,1776046.0,,0.0,0.05473624058514446,True,,Control,D17,1,d7,Plate1,/Users/pmihack/claire/tmem_2026/data/cleaved_tmem_pld3_260821/d7/Z59_PLD_Control/PLD3Control_Plate1_d7_TMEM561LAMP1640MAP2488DAPI405_D17_F1.nd2,12
10,13044,1,0.0005366452008586323,0.081648,205.62779235839844,2682209.0,9.370657519386034,0.0,0.24115499443226865,True,,Control,D17,1,d7,Plate1,/Users/pmihack/claire/tmem_2026/data/cleaved_tmem_pld3_260821/d7/Z59_PLD_Control/PLD3Control_Plate1_d7_TMEM561LAMP1640MAP2488DAPI405_D17_F1.nd2,12
11,5428,0,0.0,0.0,79.3839340209961,430896.0,,0.0,-0.016593008924124606,True,,Control,D17,1,d7,Plate1,/Users/pmihack/claire/tmem_2026/data/cleaved_tmem_pld3_260821/d7/Z59_PLD_Control/PLD3Control_Plate1_d7_TMEM561LAMP1640MAP2488DAPI405_D17_F1.nd2,12
12,7825,0,0.0,0.0,38.27412033081055,299495.0,,0.0,-0.02238269100984972,True,,Control,D17,1,d7,Plate1,/Users/pmihack/claire/tmem_2026/data/cleaved_tmem_pld3_260821/d7/Z59_PLD_Control/PLD3Control_Plate1_d7_TMEM561LAMP1640MAP2488DAPI405_D17_F1.nd2,12
13,4766,0,0.0,0.0,8.866135597229004,42256.0,,0.0,0.07808484363703934,True,,Control,D17,1,d7,Plate1,/Users/pmihack/claire/tmem_2026/data/cleaved_tmem_pld3_260821/d7/Z59_PLD_Control/PLD3Control_Plate1_d7_TMEM561LAMP1640MAP2488DAPI405_D17_F1.nd2,12
14,7483,0,0.0,0.0,144.5942840576172,1081999.0,,0.0,0.11820412172496257,False,border,Control,D17,1,d7,Plate1,/Users/pmihack/claire/tmem_2026/data/cleaved_tmem_pld3_260821/d7/Z59_PLD_Control/PLD3Control_Plate1_d7_TMEM561LAMP1640MAP2488DAPI405_D17_F1.nd2,12
15,21613,0,0.0,0.0,86.85425567626953,1877181.0,,0.0,0.03174088624501834,True,,Control,D17,1,d7,Plate1,/Users/pmihack/claire/tmem_2026/data/cleaved_tmem_pld3_260821/d7/Z59_PLD_Control/PLD3Control_Plate1_d7_TMEM561LAMP1640MAP2488DAPI405_D17_F1.nd2,12
16,9247,0,0.0,0.0,93.6019287109375,865537.0,,0.0,-0.0026340003554895038,True,,Control,D17,1,d7,Plate1,/Users/pmihack/claire/tmem_2026/data/cleaved_tmem_pld3_260821/d7/Z59_PLD_Control/PLD3Control_Plate1_d7_TMEM561LAMP1640MAP2488DAPI405_D17_F1.nd2,12
17,19652,1,0.0004070832485243232,0.09331199999999999,133.6480712890625,2626452.0,17.71102008513709,0.0,0.17427304969397497,True,,Control,D17,1,d7,Plate1,/Users/pmihack/claire/tmem_2026/data/cleaved_tmem_pld3_260821/d7/Z59_PLD_Control/PLD3Control_Plate1_d7_TMEM561LAMP1640MAP2488DAPI405_D17_F1.nd2,12
18,4078,0,0.0,0.0,42.76042175292969,174377.0,,0.0,-0.013278934413511384,True,,Control,D17,1,d7,Plate1,/Users/pmihack/claire/tmem_2026/data/cleaved_tmem_pld3_260821/d7/Z59_PLD_Control/PLD3Control_Plate1_d7_TMEM561LAMP1640MAP2488DAPI405_D17_F1.nd2,12
1,7575,0,0.0,0.0,6.5450825691223145,49579.0,,0.0,0.268186021129083,True,,Control,D17,2,d7,Plate1,/Users/pmihack/claire/tmem_2026/data/cleaved_tmem_pld3_260821/d7/Z59_PLD_Control/PLD3Control_Plate1_d7_TMEM561LAMP1640MAP2488DAPI405_D17_F2.nd2,9
2,20833,0,0.0,0.0,65.92425537109375,1373400.0,,0.0,0.07140161515928886,True,,Control,D17,2,d7,Plate1,/Users/pmihack/claire/tmem_2026/data/cleaved_tmem_pld3_260821/d7/Z59_PLD_Control/PLD3Control_Plate1_d7_TMEM561LAMP1640MAP2488DAPI405_D17_F2.nd2,9
3,11838,0,0.0,0.0,92.63676452636719,1096634.0,,0.0007304169121198356,0.03935519588957607,True,,Control,D17,2,d7,Plate1,/Users/pmihack/claire/tmem_2026/data/cleaved_tmem_pld3_260821/d7/Z59_PLD_Control/PLD3Control_Plate1_d7_TMEM561LAMP1640MAP2488DAPI405_D17_F2.nd2,9
4,6339,0,0.0,0.0,101.31771850585938,642253.0,,0.0,-0.060052284355300675,True,,Control,D17,2,d7,Plate1,/Users/pmihack/claire/tmem_2026/data/cleaved_tmem_pld3_260821/d7/Z59_PLD_Control/PLD3Control_Plate1_d7_TMEM561LAMP1640MAP2488DAPI405_D17_F2.nd2,9
5,2493,0,0.0,0.0,10.573606491088867,26360.0,,0.0,0.040667059781204676,True,,Control,D17,2,d7,Plate1,/Users/pmihack/claire/tmem_2026/data/cleaved_tmem_pld3_260821/d7/Z59_PLD_Control/PLD3Control_Plate1_d7_TMEM561LAMP1640MAP2488DAPI405_D17_F2.nd2,9
6,13677,0,0.0,0.0,71.80865478515625,982127.0,,0.0,0.09587192533753473,True,,Control,D17,2,d7,Plate1,/Users/pmihack/claire/tmem_2026/data/cleaved_tmem_pld3_260821/d7/Z59_PLD_Control/PLD3Control_Plate1_d7_TMEM561LAMP1640MAP2488DAPI405_D17_F2.nd2,9
7,15582,0,0.0,0.0,89.07913208007812,1388031.0,,0.0,0.06394938325274044,True,,Control,D17,2,d7,Plate1,/Users/pmihack/claire/tmem_2026/data/cleaved_tmem_pld3_260821/d7/Z59_PLD_Control/PLD3Control_Plate1_d7_TMEM561LAMP1640MAP2488DAPI405_D17_F2.nd2,9
8,13520,0,0.0,0.0,108.22337341308594,1463180.0,,0.0,0.037292347492345605,True,,Control,D17,2,d7,Plate1,/Users/pmihack/claire/tmem_2026/data/cleaved_tmem_pld3_260821/d7/Z59_PLD_Control/PLD3Control_Plate1_d7_TMEM561LAMP1640MAP2488DAPI405_D17_F2.nd2,9
9,8175,0,0.0,0.0,47.08256912231445,384900.0,,0.0001610807958059013,-0.0519886203275545,True,,Control,D17,2,d7,Plate1,/Users/pmihack/claire/tmem_2026/data/cleaved_tmem_pld3_260821/d7/Z59_PLD_Control/PLD3Control_Plate1_d7_TMEM561LAMP1640MAP2488DAPI405_D17_F2.nd2,9
10,7840,0,0.0,0.0,131.4544677734375,1030603.0,,3.0079478165134788e-05,-0.0638139633730617,True,,Control,D17,2,d7,Plate1,/Users/pmihack/claire/tmem_2026/data/cleaved_tmem_pld3_260821/d7/Z59_PLD_Control/PLD3Control_Plate1_d7_TMEM561LAMP1640MAP2488DAPI405_D17_F2.nd2,9
11,15051,0,0.0,0.0,42.515316009521484,639898.0,,0.0,-0.027333131663582293,True,,Control,D17,2,d7,Plate1,/Users/pmihack/claire/tmem_2026/data/cleaved_tmem_pld3_260821/d7/Z59_PLD_Control/PLD3Control_Plate1_d7_TMEM561LAMP1640MAP2488DAPI405_D17_F2.nd2,9
12,20608,0,0.0,0.0,116.12572479248047,2393119.0,,0.0,0.06584764618642246,True,,Control,D17,2,d7,Plate1,/Users/pmihack/claire/tmem_2026/data/cleaved_tmem_pld3_260821/d7/Z59_PLD_Control/PLD3Control_Plate1_d7_TMEM561LAMP1640MAP2488DAPI405_D17_F2.nd2,9
13,13889,1,0.0007199942400460796,0.11664,118.26488494873047,1642581.0,10.540989422921712,0.0,0.07221501362438452,True,,Control,D17,2,d7,Plate1,/Users/pmihack/claire/tmem_2026/data/cleaved_tmem_pld3_260821/d7/Z59_PLD_Control/PLD3Control_Plate1_d7_TMEM561LAMP1640MAP2488DAPI405_D17_F2.nd2,9
14,22935,0,0.0,0.0,79.3494644165039,1819880.0,,0.0,0.10270215195524625,True,,Control,D17,2,d7,Plate1,/Users/pmihack/claire/tmem_2026/data/cleaved_tmem_pld3_260821/d7/Z59_PLD_Control/PLD3Control_Plate1_d7_TMEM561LAMP1640MAP2488DAPI405_D17_F2.nd2,9
15,12393,0,0.0,0.0,133.8156280517578,1658377.0,,0.0,0.04584057738881154,True,,Control,D17,2,d7,Plate1,/Users/pmihack/claire/tmem_2026/data/cleaved_tmem_pld3_260821/d7/Z59_PLD_Control/PLD3Control_Plate1_d7_TMEM561LAMP1640MAP2488DAPI405_D17_F2.nd2,9
16,7549,0,0.0,0.0,17.372896194458008,131148.0,,0.0012809955514967442,0.010973766312245954,True,,Control,D17,2,d7,Plate1,/Users/pmihack/claire/tmem_2026/data/cleaved_tmem_pld3_260821/d7/Z59_PLD_Control/PLD3Control_Plate1_d7_TMEM561LAMP1640MAP2488DAPI405_D17_F2.nd2,9
17,7585,0,0.0,0.0,30.543704986572266,231674.0,,0.0,0.08083591317070511,False,border,Control,D17,2,d7,Plate1,/Users/pmihack/claire/tmem_2026/data/cleaved_tmem_pld3_260821/d7/Z59_PLD_Control/PLD3Control_Plate1_d7_TMEM561LAMP1640MAP2488DAPI405_D17_F2.nd2,9
1,17165,0,0.0,0.0,33.66082000732422,577788.0,,0.0,0.10590236336966942,True,,Control,D17,3,d7,Plate1,/Users/pmihack/claire/tmem_2026/data/cleaved_tmem_pld3_260821/d7/Z59_PLD_Control/PLD3Control_Plate1_d7_TMEM561LAMP1640MAP2488DAPI405_D17_F3.nd2,9
2,9849,0,0.0,0.0,110.47618865966797,1088080.0,,0.0,0.014356736846613817,True,,Control,D17,3,d7,Plate1,/Users/pmihack/claire/tmem_2026/data/cleaved_tmem_pld3_260821/d7/Z59_PLD_Control/PLD3Control_Plate1_d7_TMEM561LAMP1640MAP2488DAPI405_D17_F3.nd2,9
3,11099,1,0.0002702946211370394,0.034991999999999995,51.680240631103516,573599.0,25.312334058140152,0.0,-0.03356386906619981,True,,Control,D17,3,d7,Plate1,/Users/pmihack/claire/tmem_2026/data/cleaved_tmem_pld3_260821/d7/Z59_PLD_Control/PLD3Control_Plate1_d7_TMEM561LAMP1640MAP2488DAPI405_D17_F3.nd2,9
4,7978,1,0.00037603409375783404,0.034991999999999995,20.25545310974121,161598.0,19.753001033741505,0.0,-0.022228509219541778,True,,Control,D17,3,d7,Plate1,/Users/pmihack/claire/tmem_2026/data/cleaved_tmem_pld3_260821/d7/Z59_PLD_Control/PLD3Control_Plate1_d7_TMEM561LAMP1640MAP2488DAPI405_D17_F3.nd2,9
5,15907,0,0.0,0.0,144.38253784179688,2296693.0,,0.0,-0.027400828833784373,True,,Control,D17,3,d7,Plate1,/Users/pmihack/claire/tmem_2026/data/cleaved_tmem_pld3_260821/d7/Z59_PLD_Control/PLD3Control_Plate1_d7_TMEM561LAMP1640MAP2488DAPI405_D17_F3.nd2,9
6,17987,0,0.0,0.0,89.86067962646484,1616324.0,,0.0,0.15281321843488113,True,,Control,D17,3,d7,Plate1,/Users/pmihack/claire/tmem_2026/data/cleaved_tmem_pld3_260821/d7/Z59_PLD_Control/PLD3Control_Plate1_d7_TMEM561LAMP1640MAP2488DAPI405_D17_F3.nd2,9
7,17904,0,0.0,0.0,38.91990661621094,696822.0,,0.0,-0.008340374185470264,True,,Control,D17,3,d7,Plate1,/Users/pmihack/claire/tmem_2026/data/cleaved_tmem_pld3_260821/d7/Z59_PLD_Control/PLD3Control_Plate1_d7_TMEM561LAMP1640MAP2488DAPI405_D17_F3.nd2,9
8,21123,0,0.0,0.0,76.30615997314453,1611815.0,,0.0,0.010527131979165405,True,,Control,D17,3,d7,Plate1,/Users/pmihack/claire/tmem_2026/data/cleaved_tmem_pld3_260821/d7/Z59_PLD_Control/PLD3Control_Plate1_d7_TMEM561LAMP1640MAP2488DAPI405_D17_F3.nd2,9
9,8950,11,0.03162011173184358,0.30008290909090907,566.4842529296875,5070034.0,12.469325136472078,0.0,0.14619490106615396,True,,Control,D17,3,d7,Plate1,/Users/pmihack/claire/tmem_2026/data/cleaved_tmem_pld3_260821/d7/Z59_PLD_Control/PLD3Control_Plate1_d7_TMEM561LAMP1640MAP2488DAPI405_D17_F3.nd2,9
10,11145,10,0.10174966352624495,1.3226976,1095.6676025390625,12211216.0,7.486919462984943,0.0,0.034252565903212046,True,,Control,D17,3,d7,Plate1,/Users/pmihack/claire/tmem_2026/data/cleaved_tmem_pld3_260821/d7/Z59_PLD_Control/PLD3Control_Plate1_d7_TMEM561LAMP1640MAP2488DAPI405_D17_F3.nd2,9
11,10698,6,0.18078145447747243,3.7596959999999995,2390.330078125,25571752.0,5.490292659997314,0.0,0.24674531356574378,True,,Control,D17,3,d7,Plate1,/Users/pmihack/claire/tmem_2026/data/cleaved_tmem_pld3_260821/d7/Z59_PLD_Control/PLD3Control_Plate1_d7_TMEM561LAMP1640MAP2488DAPI405_D17_F3.nd2,9
12,15551,8,0.00617323644781686,0.13996799999999998,241.09896850585938,3749330.0,16.28286208170175,0.0,0.00282649251176866,True,,Control,D17,3,d7,Plate1,/Users/pmihack/claire/tmem_2026/data/cleaved_tmem_pld3_260821/d7/Z59_PLD_Control/PLD3Control_Plate1_d7_TMEM561LAMP1640MAP2488DAPI405_D17_F3.nd2,9
13,6146,10,0.08346892287666775,0.5983631999999999,1013.0977783203125,6226499.0,12.556465015091952,0.0,-0.09172708955772343,True,,Control,D17,3,d7,Plate1,/Users/pmihack/claire/tmem_2026/data/cleaved_tmem_pld3_260821/d7/Z59_PLD_Control/PLD3Control_Plate1_d7_TMEM561LAMP1640MAP2488DAPI405_D17_F3.nd2,9
14,32479,14,0.05779118815234459,1.5638091428571428,543.2870483398438,17645420.0,3.9634891152697795,0.0,0.15777510098486044,True,,Control,D17,3,d7,Plate1,/Users/pmihack/claire/tmem_2026/data/cleaved_tmem_pld3_260821/d7/Z59_PLD_Control/PLD3Control_Plate1_d7_TMEM561LAMP1640MAP2488DAPI405_D17_F3.nd2,9
15,27631,28,0.061778437262495024,0.7110874285714285,768.663330078125,21238936.0,4.412445094780166,0.0,0.06739320287277968,True,,Control,D17,3,d7,Plate1,/Users/pmihack/claire/tmem_2026/data/cleaved_tmem_pld3_260821/d7/Z59_PLD_Control/PLD3Control_Plate1_d7_TMEM561LAMP1640MAP2488DAPI405_D17_F3.nd2,9
16,23694,13,0.07554655186967164,1.6060430769230767,905.1664428710938,21447014.0,12.197385348311297,0.0,-0.0035077703606016435,True,,Control,D17,3,d7,Plate1,/Users/pmihack/claire/tmem_2026/data/cleaved_tmem_pld3_260821/d7/Z59_PLD_Control/PLD3Control_Plate1_d7_TMEM561LAMP1640MAP2488DAPI405_D17_F3.nd2,9
17,16265,1,0.0003074085459575776,0.05832,40.971473693847656,666401.0,4.625509385722319,0.0,0.0612951701571006,True,,Control,D17,3,d7,Plate1,/Users/pmihack/claire/tmem_2026/data/cleaved_tmem_pld3_260821/d7/Z59_PLD_Control/PLD3Control_Plate1_d7_TMEM561LAMP1640MAP2488DAPI405_D17_F3.nd2,9
18,18458,17,0.017986780799653268,0.2277910588235294,705.1151733398438,13015016.0,17.35876908128321,0.0,0.05238130593240653,True,,Control,D17,3,d7,Plate1,/Users/pmihack/claire/tmem_2026/data/cleaved_tmem_pld3_260821/d7/Z59_PLD_Control/PLD3Control_Plate1_d7_TMEM561LAMP1640MAP2488DAPI405_D17_F3.nd2,9
1,8323,8,0.21650847050342426,2.627316,2205.297119140625,18354688.0,1.7909271436145102,0.0,0.1782480140866516,True,,Control,D17,4,d7,Plate1,/Users/pmihack/claire/tmem_2026/data/cleaved_tmem_pld3_260821/d7/Z59_PLD_Control/PLD3Control_Plate1_d7_TMEM561LAMP1640MAP2488DAPI405_D17_F4.nd2,12
2,11134,6,0.13310580204778158,2.8810079999999996,1423.073974609375,15844506.0,13.897276007519771,0.0,0.27495696238341205,True,,Control,D17,4,d7,Plate1,/Users/pmihack/claire/tmem_2026/data/cleaved_tmem_pld3_260821/d7/Z59_PLD_Control/PLD3Control_Plate1_d7_TMEM561LAMP1640MAP2488DAPI405_D17_F4.nd2,12
3,38905,10,0.07901298033671765,3.5855135999999996,839.9965209960938,32680064.0,6.6740210343557935,0.0,0.08088423381898548,True,,Control,D17,4,d7,Plate1,/Users/pmihack/claire/tmem_2026/data/cleaved_tmem_pld3_260821/d7/Z59_PLD_Control/PLD3Control_Plate1_d7_TMEM561LAMP1640MAP2488DAPI405_D17_F4.nd2,12
4,18836,6,0.015077511148863878,0.552096,283.7992248535156,5345642.0,5.7961858371887125,0.0,0.12550483182531882,True,,Control,D17,4,d7,Plate1,/Users/pmihack/claire/tmem_2026/data/cleaved_tmem_pld3_260821/d7/Z59_PLD_Control/PLD3Control_Plate1_d7_TMEM561LAMP1640MAP2488DAPI405_D17_F4.nd2,12
5,29449,10,0.11059798295358077,3.7989647999999994,1152.3216552734375,33934720.0,14.637107290211388,0.0,0.17017288316619592,True,,Control,D17,4,d7,Plate1,/Users/pmihack/claire/tmem_2026/data/cleaved_tmem_pld3_260821/d7/Z59_PLD_Control/PLD3Control_Plate1_d7_TMEM561LAMP1640MAP2488DAPI405_D17_F4.nd2,12
6,14598,7,0.033840252089327304,0.8231451428571428,454.7695007324219,6638725.0,8.870097543042858,0.0,0.20447153751216543,False,border,Control,D17,4,d7,Plate1,/Users/pmihack/claire/tmem_2026/data/cleaved_tmem_pld3_260821/d7/Z59_PLD_Control/PLD3Control_Plate1_d7_TMEM561LAMP1640MAP2488DAPI405_D17_F4.nd2,12
7,6097,4,0.15319009348860096,2.723544,1449.4447021484375,8837264.0,14.192680662375475,0.0,0.3244650592604677,True,,Control,D17,4,d7,Plate1,/Users/pmihack/claire/tmem_2026/data/cleaved_tmem_pld3_260821/d7/Z59_PLD_Control/PLD3Control_Plate1_d7_TMEM561LAMP1640MAP2488DAPI405_D17_F4.nd2,12
8,14601,0,0.0,0.0,30.52215576171875,445654.0,,0.0,0.0765135956879102,True,,Control,D17,4,d7,Plate1,/Users/pmihack/claire/tmem_2026/data/cleaved_tmem_pld3_260821/d7/Z59_PLD_Control/PLD3Control_Plate1_d7_TMEM561LAMP1640MAP2488DAPI405_D17_F4.nd2,12
9,14529,3,0.05802188725996283,3.2775839999999996,611.9122924804688,8890474.0,24.43651695835383,0.002737536793574691,0.07826606605368733,True,,Control,D17,4,d7,Plate1,/Users/pmihack/claire/tmem_2026/data/cleaved_tmem_pld3_260821/d7/Z59_PLD_Control/PLD3Control_Plate1_d7_TMEM561LAMP1640MAP2488DAPI405_D17_F4.nd2,12
10,16355,20,0.12595536533170285,1.2013919999999998,1268.006103515625,20738240.0,15.309641448325166,0.0009836418321356177,0.03968604332438676,True,,Control,D17,4,d7,Plate1,/Users/pmihack/claire/tmem_2026/data/cleaved_tmem_pld3_260821/d7/Z59_PLD_Control/PLD3Control_Plate1_d7_TMEM561LAMP1640MAP2488DAPI405_D17_F4.nd2,12
11,21574,0,0.0,0.0,66.29174041748047,1430178.0,,0.0005328007973730564,0.026615986167859117,True,,Control,D17,4,d7,Plate1,/Users/pmihack/claire/tmem_2026/data/cleaved_tmem_pld3_260821/d7/Z59_PLD_Control/PLD3Control_Plate1_d7_TMEM561LAMP1640MAP2488DAPI405_D17_F4.nd2,12
12,24231,12,0.08274524369609178,1.94886,821.7993774414062,19913020.0,11.129067558426799,0.0,0.22546864467037409,True,,Control,D17,4,d7,Plate1,/Users/pmihack/claire/tmem_2026/data/cleaved_tmem_pld3_260821/d7/Z59_PLD_Control/PLD3Control_Plate1_d7_TMEM561LAMP1640MAP2488DAPI405_D17_F4.nd2,12
13,9359,13,0.07169569398440004,0.602041846153846,862.4750366210938,8071904.0,35.17574904916538,0.0,0.24257508182802132,True,,Control,D17,4,d7,Plate1,/Users/pmihack/claire/tmem_2026/data/cleaved_tmem_pld3_260821/d7/Z59_PLD_Control/PLD3Control_Plate1_d7_TMEM561LAMP1640MAP2488DAPI405_D17_F4.nd2,12
14,16444,7,0.08039406470445147,2.202829714285714,813.8008422851562,13382141.0,17.307741419149718,0.0,0.1285715728307188,True,,Control,D17,4,d7,Plate1,/Users/pmihack/claire/tmem_2026/data/cleaved_tmem_pld3_260821/d7/Z59_PLD_Control/PLD3Control_Plate1_d7_TMEM561LAMP1640MAP2488DAPI405_D17_F4.nd2,12
15,18212,10,0.04788051833955634,1.0171008,542.1163940429688,9873024.0,13.556640782719759,0.0,0.2265717244418339,True,,Control,D17,4,d7,Plate1,/Users/pmihack/claire/tmem_2026/data/cleaved_tmem_pld3_260821/d7/Z59_PLD_Control/PLD3Control_Plate1_d7_TMEM561LAMP1640MAP2488DAPI405_D17_F4.nd2,12
16,9204,2,0.11842677096914385,6.356879999999999,1092.1390380859375,10052048.0,17.44607154112898,0.0,0.05068532783959015,True,,Control,D17,4,d7,Plate1,/Users/pmihack/claire/tmem_2026/data/cleaved_tmem_pld3_260821/d7/Z59_PLD_Control/PLD3Control_Plate1_d7_TMEM561LAMP1640MAP2488DAPI405_D17_F4.nd2,12
17,10564,3,0.11065884134797425,4.545072,1130.1776123046875,11939196.0,17.838396253334917,0.0,0.23942745053369344,True,,Control,D17,4,d7,Plate1,/Users/pmihack/claire/tmem_2026/data/cleaved_tmem_pld3_260821/d7/Z59_PLD_Control/PLD3Control_Plate1_d7_TMEM561LAMP1640MAP2488DAPI405_D17_F4.nd2,12
18,5709,5,0.11087756174461377,1.4766623999999997,1167.667236328125,6666212.0,27.33967743696792,0.0,0.3347213782009257,True,,Control,D17,4,d7,Plate1,/Users/pmihack/claire/tmem_2026/data/cleaved_tmem_pld3_260821/d7/Z59_PLD_Control/PLD3Control_Plate1_d7_TMEM561LAMP1640MAP2488DAPI405_D17_F4.nd2,12
1,4633,2,0.017267429311461257,0.46656,430.1090087890625,1992695.0,6.625563958762638,0.0,-0.17285702490996824,True,,Control,E17,1,d7,Plate1,/Users/pmihack/claire/tmem_2026/data/cleaved_tmem_pld3_260821/d7/Z59_PLD_Control/PLD3Control_Plate1_d7_TMEM561LAMP1640MAP2488DAPI405_E17_F1.nd2,12
2,10944,3,0.03326023391812866,1.4152319999999998,396.55499267578125,4339898.0,5.614455619711649,0.0,-0.019642593633515906,True,,Control,E17,1,d7,Plate1,/Users/pmihack/claire/tmem_2026/data/cleaved_tmem_pld3_260821/d7/Z59_PLD_Control/PLD3Control_Plate1_d7_TMEM561LAMP1640MAP2488DAPI405_E17_F1.nd2,12
3,17025,4,0.0024669603524229075,0.12247199999999998,188.17626953125,3203701.0,2.582431799316178,0.0,0.06959261328718232,True,,Control,E17,1,d7,Plate1,/Users/pmihack/claire/tmem_2026/data/cleaved_tmem_pld3_260821/d7/Z59_PLD_Control/PLD3Control_Plate1_d7_TMEM561LAMP1640MAP2488DAPI405_E17_F1.nd2,12
4,10888,0,0.0,0.0,14.978876113891602,163090.0,,0.0,-0.040933785154333865,True,,Control,E17,1,d7,Plate1,/Users/pmihack/claire/tmem_2026/data/cleaved_tmem_pld3_260821/d7/Z59_PLD_Control/PLD3Control_Plate1_d7_TMEM561LAMP1640MAP2488DAPI405_E17_F1.nd2,12
5,8842,2,0.018887129608685816,0.9739439999999999,334.4719543457031,2957401.0,21.89013810844035,0.0,-0.00880100147560508,True,,Control,E17,1,d7,Plate1,/Users/pmihack/claire/tmem_2026/data/cleaved_tmem_pld3_260821/d7/Z59_PLD_Control/PLD3Control_Plate1_d7_TMEM561LAMP1640MAP2488DAPI405_E17_F1.nd2,12
6,9812,3,0.02374643293925805,0.9059039999999999,382.20526123046875,3750198.0,24.335631958925966,0.0,-0.06425917082794616,True,,Control,E17,1,d7,Plate1,/Users/pmihack/claire/tmem_2026/data/cleaved_tmem_pld3_260821/d7/Z59_PLD_Control/PLD3Control_Plate1_d7_TMEM561LAMP1640MAP2488DAPI405_E17_F1.nd2,12
7,9064,2,0.004192409532215357,0.22161599999999998,379.6614074707031,3441251.0,17.284151368039907,0.0,0.052298760042086556,True,,Control,E17,1,d7,Plate1,/Users/pmihack/claire/tmem_2026/data/cleaved_tmem_pld3_260821/d7/Z59_PLD_Control/PLD3Control_Plate1_d7_TMEM561LAMP1640MAP2488DAPI405_E17_F1.nd2,12
8,19787,9,0.01404962854399353,0.360288,360.3255615234375,7129762.0,11.917869407344488,0.0,0.004725839042526382,True,,Control,E17,1,d7,Plate1,/Users/pmihack/claire/tmem_2026/data/cleaved_tmem_pld3_260821/d7/Z59_PLD_Control/PLD3Control_Plate1_d7_TMEM561LAMP1640MAP2488DAPI405_E17_F1.nd2,12
9,16889,2,0.04701284859968027,4.630608,468.1690368652344,7906907.0,6.486094794844651,0.0,-0.012186047670964987,True,,Control,E17,1,d7,Plate1,/Users/pmihack/claire/tmem_2026/data/cleaved_tmem_pld3_260821/d7/Z59_PLD_Control/PLD3Control_Plate1_d7_TMEM561LAMP1640MAP2488DAPI405_E17_F1.nd2,12
10,15776,4,0.02028397565922921,0.93312,327.9527893066406,5173783.0,7.090188498845458,0.0,-0.017347124390108756,True,,Control,E17,1,d7,Plate1,/Users/pmihack/claire/tmem_2026/data/cleaved_tmem_pld3_260821/d7/Z59_PLD_Control/PLD3Control_Plate1_d7_TMEM561LAMP1640MAP2488DAPI405_E17_F1.nd2,12
11,14027,3,0.006131033007770728,0.334368,190.707275390625,2675051.0,5.876890870188598,0.0,0.030130706418940376,True,,Control,E17,1,d7,Plate1,/Users/pmihack/claire/tmem_2026/data/cleaved_tmem_pld3_260821/d7/Z59_PLD_Control/PLD3Control_Plate1_d7_TMEM561LAMP1640MAP2488DAPI405_E17_F1.nd2,12
12,9549,3,0.05382762592941669,1.998432,504.0419006347656,4813096.0,14.352515674024161,0.0,-0.025637987951917404,True,,Control,E17,1,d7,Plate1,/Users/pmihack/claire/tmem_2026/data/cleaved_tmem_pld3_260821/d7/Z59_PLD_Control/PLD3Control_Plate1_d7_TMEM561LAMP1640MAP2488DAPI405_E17_F1.nd2,12
13,10526,0,0.0,0.0,16.874502182006836,177621.0,,0.0,-0.02064389104792579,True,,Control,E17,1,d7,Plate1,/Users/pmihack/claire/tmem_2026/data/cleaved_tmem_pld3_260821/d7/Z59_PLD_Control/PLD3Control_Plate1_d7_TMEM561LAMP1640MAP2488DAPI405_E17_F1.nd2,12
14,11965,0,0.0,0.0,102.42733001708984,1225543.0,,0.0,-0.07505183733128894,True,,Control,E17,1,d7,Plate1,/Users/pmihack/claire/tmem_2026/data/cleaved_tmem_pld3_260821/d7/Z59_PLD_Control/PLD3Control_Plate1_d7_TMEM561LAMP1640MAP2488DAPI405_E17_F1.nd2,12
15,9298,4,0.008496450849645084,0.23036399999999999,337.69134521484375,3139854.0,18.73195837969979,0.0,-0.05935672911524087,True,,Control,E17,1,d7,Plate1,/Users/pmihack/claire/tmem_2026/data/cleaved_tmem_pld3_260821/d7/Z59_PLD_Control/PLD3Control_Plate1_d7_TMEM561LAMP1640MAP2488DAPI405_E17_F1.nd2,12
16,12401,0,0.0,0.0,102.3298110961914,1268992.0,,0.0,0.19337326226169724,True,,Control,E17,1,d7,Plate1,/Users/pmihack/claire/tmem_2026/data/cleaved_tmem_pld3_260821/d7/Z59_PLD_Control/PLD3Control_Plate1_d7_TMEM561LAMP1640MAP2488DAPI405_E17_F1.nd2,12
17,8573,0,0.0,0.0,21.630701065063477,185440.0,,0.0,0.02847395020143237,True,,Control,E17,1,d7,Plate1,/Users/pmihack/claire/tmem_2026/data/cleaved_tmem_pld3_260821/d7/Z59_PLD_Control/PLD3Control_Plate1_d7_TMEM561LAMP1640MAP2488DAPI405_E17_F1.nd2,12
1,20988,0,0.0,0.0,176.07398986816406,3695441.0,,0.0,0.12486900840200553,True,,Control,E17,2,d7,Plate1,/Users/pmihack/claire/tmem_2026/data/cleaved_tmem_pld3_260821/d7/Z59_PLD_Control/PLD3Control_Plate1_d7_TMEM561LAMP1640MAP2488DAPI405_E17_F2.nd2,10
2,19285,0,0.0,0.0,69.58770751953125,1341999.0,,0.0,0.07535787886293802,True,,Control,E17,2,d7,Plate1,/Users/pmihack/claire/tmem_2026/data/cleaved_tmem_pld3_260821/d7/Z59_PLD_Control/PLD3Control_Plate1_d7_TMEM561LAMP1640MAP2488DAPI405_E17_F2.nd2,10
3,8242,4,0.0098277117204562,0.236196,362.1933898925781,2985198.0,12.1874799573436,0.0,0.0617575644543787,True,,Control,E17,2,d7,Plate1,/Users/pmihack/claire/tmem_2026/data/cleaved_tmem_pld3_260821/d7/Z59_PLD_Control/PLD3Control_Plate1_d7_TMEM561LAMP1640MAP2488DAPI405_E17_F2.nd2,10
4,5798,4,0.013452914798206279,0.22744799999999998,421.85064697265625,2445890.0,24.685545509981914,0.0,0.28340469873113167,True,,Control,E17,2,d7,Plate1,/Users/pmihack/claire/tmem_2026/data/cleaved_tmem_pld3_260821/d7/Z59_PLD_Control/PLD3Control_Plate1_d7_TMEM561LAMP1640MAP2488DAPI405_E17_F2.nd2,10
5,13771,0,0.0,0.0,58.00217819213867,798748.0,,0.0,0.24197045893738447,True,,Control,E17,2,d7,Plate1,/Users/pmihack/claire/tmem_2026/data/cleaved_tmem_pld3_260821/d7/Z59_PLD_Control/PLD3Control_Plate1_d7_TMEM561LAMP1640MAP2488DAPI405_E17_F2.nd2,10
6,10327,7,0.01762370485136051,0.303264,277.9775390625,2870674.0,3.4858546291924677,0.0,0.18382746242702439,True,,Control,E17,2,d7,Plate1,/Users/pmihack/claire/tmem_2026/data/cleaved_tmem_pld3_260821/d7/Z59_PLD_Control/PLD3Control_Plate1_d7_TMEM561LAMP1640MAP2488DAPI405_E17_F2.nd2,10
7,19354,0,0.0,0.0,161.69375610351562,3129421.0,,0.0,0.11723316619633024,True,,Control,E17,2,d7,Plate1,/Users/pmihack/claire/tmem_2026/data/cleaved_tmem_pld3_260821/d7/Z59_PLD_Control/PLD3Control_Plate1_d7_TMEM561LAMP1640MAP2488DAPI405_E17_F2.nd2,10
8,14794,0,0.0,0.0,28.380626678466797,419863.0,,0.0,0.008574482650813087,True,,Control,E17,2,d7,Plate1,/Users/pmihack/claire/tmem_2026/data/cleaved_tmem_pld3_260821/d7/Z59_PLD_Control/PLD3Control_Plate1_d7_TMEM561LAMP1640MAP2488DAPI405_E17_F2.nd2,10
9,23164,2,0.0018131583491624935,0.24494399999999997,91.32200622558594,2115383.0,11.189122196687594,0.0,0.00565358647854829,True,,Control,E17,2,d7,Plate1,/Users/pmihack/claire/tmem_2026/data/cleaved_tmem_pld3_260821/d7/Z59_PLD_Control/PLD3Control_Plate1_d7_TMEM561LAMP1640MAP2488DAPI405_E17_F2.nd2,10
10,25559,6,0.0019171329081732462,0.09525599999999998,236.7021026611328,6049869.0,4.963702702513506,0.0,0.0032064011919906658,True,,Control,E17,2,d7,Plate1,/Users/pmihack/claire/tmem_2026/data/cleaved_tmem_pld3_260821/d7/Z59_PLD_Control/PLD3Control_Plate1_d7_TMEM561LAMP1640MAP2488DAPI405_E17_F2.nd2,10
11,12586,0,0.0,0.0,44.98355484008789,566163.0,,0.0,0.0029163140194570416,True,,Control,E17,2,d7,Plate1,/Users/pmihack/claire/tmem_2026/data/cleaved_tmem_pld3_260821/d7/Z59_PLD_Control/PLD3Control_Plate1_d7_TMEM561LAMP1640MAP2488DAPI405_E17_F2.nd2,10
12,4926,0,0.0,0.0,38.566383361816406,189978.0,,0.0,0.5835538952017684,True,,Control,E17,2,d7,Plate1,/Users/pmihack/claire/tmem_2026/data/cleaved_tmem_pld3_260821/d7/Z59_PLD_Control/PLD3Control_Plate1_d7_TMEM561LAMP1640MAP2488DAPI405_E17_F2.nd2,10
13,10809,0,0.0,0.0,159.23443603515625,1721165.0,,0.0,-0.017395722226404134,True,,Control,E17,2,d7,Plate1,/Users/pmihack/claire/tmem_2026/data/cleaved_tmem_pld3_260821/d7/Z59_PLD_Control/PLD3Control_Plate1_d7_TMEM561LAMP1640MAP2488DAPI405_E17_F2.nd2,10
14,13553,0,0.0,0.0,161.56201171875,2189650.0,,0.0,-0.08805800332130276,True,,Control,E17,2,d7,Plate1,/Users/pmihack/claire/tmem_2026/data/cleaved_tmem_pld3_260821/d7/Z59_PLD_Control/PLD3Control_Plate1_d7_TMEM561LAMP1640MAP2488DAPI405_E17_F2.nd2,10
15,12289,1,0.0007323622752054683,0.10497599999999999,149.60134887695312,1838451.0,14.11243270833615,0.0,-0.02350534931936431,True,,Control,E17,2,d7,Plate1,/Users/pmihack/claire/tmem_2026/data/cleaved_tmem_pld3_260821/d7/Z59_PLD_Control/PLD3Control_Plate1_d7_TMEM561LAMP1640MAP2488DAPI405_E17_F2.nd2,10
16,10633,0,0.0,0.0,116.7391128540039,1241287.0,,0.0,0.021199084076187483,True,,Control,E17,2,d7,Plate1,/Users/pmihack/claire/tmem_2026/data/cleaved_tmem_pld3_260821/d7/Z59_PLD_Control/PLD3Control_Plate1_d7_TMEM561LAMP1640MAP2488DAPI405_E17_F2.nd2,10
1,4593,3,0.2754191160461572,4.91832,2746.421875,12614316.0,22.982361210905417,0.0,0.31997785876280604,True,,Control,E17,3,d7,Plate1,/Users/pmihack/claire/tmem_2026/data/cleaved_tmem_pld3_260821/d7/Z59_PLD_Control/PLD3Control_Plate1_d7_TMEM561LAMP1640MAP2488DAPI405_E17_F3.nd2,13
2,21871,8,0.09107951168213617,2.904336,1000.3623046875,21878924.0,14.22178514872857,0.0,0.3152639500904188,True,,Control,E17,3,d7,Plate1,/Users/pmihack/claire/tmem_2026/data/cleaved_tmem_pld3_260821/d7/Z59_PLD_Control/PLD3Control_Plate1_d7_TMEM561LAMP1640MAP2488DAPI405_E17_F3.nd2,13
3,19657,5,0.13104746400773262,6.0092928,1708.874755859375,33591352.0,15.075692360402686,0.0,0.2528042125215679,True,,Control,E17,3,d7,Plate1,/Users/pmihack/claire/tmem_2026/data/cleaved_tmem_pld3_260821/d7/Z59_PLD_Control/PLD3Control_Plate1_d7_TMEM561LAMP1640MAP2488DAPI405_E17_F3.nd2,13
4,35408,12,0.08503727971079982,2.9266919999999996,900.7210693359375,31892732.0,4.240184495298438,0.0018864800222218037,0.22793524607123997,True,,Control,E17,3,d7,Plate1,/Users/pmihack/claire/tmem_2026/data/cleaved_tmem_pld3_260821/d7/Z59_PLD_Control/PLD3Control_Plate1_d7_TMEM561LAMP1640MAP2488DAPI405_E17_F3.nd2,13
5,28473,12,0.08309626663856988,2.299752,912.83447265625,25991136.0,12.515102396053715,0.0,0.23002258865004702,True,,Control,E17,3,d7,Plate1,/Users/pmihack/claire/tmem_2026/data/cleaved_tmem_pld3_260821/d7/Z59_PLD_Control/PLD3Control_Plate1_d7_TMEM561LAMP1640MAP2488DAPI405_E17_F3.nd2,13
6,21592,15,0.15954983327158206,2.678832,1855.721435546875,40068736.0,5.33762378587268,0.0,0.1843743685634823,True,,Control,E17,3,d7,Plate1,/Users/pmihack/claire/tmem_2026/data/cleaved_tmem_pld3_260821/d7/Z59_PLD_Control/PLD3Control_Plate1_d7_TMEM561LAMP1640MAP2488DAPI405_E17_F3.nd2,13
7,12714,13,0.046090923391536885,0.5257772307692308,635.983642578125,8085896.0,21.279413863943248,0.0005571429501287639,0.19049239384630662,True,,Control,E17,3,d7,Plate1,/Users/pmihack/claire/tmem_2026/data/cleaved_tmem_pld3_260821/d7/Z59_PLD_Control/PLD3Control_Plate1_d7_TMEM561LAMP1640MAP2488DAPI405_E17_F3.nd2,13
8,22162,10,0.03393195559967512,0.8771327999999999,383.3460998535156,8495716.0,4.101877329662623,0.0,0.37140321527290326,True,,Control,E17,3,d7,Plate1,/Users/pmihack/claire/tmem_2026/data/cleaved_tmem_pld3_260821/d7/Z59_PLD_Control/PLD3Control_Plate1_d7_TMEM561LAMP1640MAP2488DAPI405_E17_F3.nd2,13
9,9845,0,0.0,0.0,3.6879634857177734,36308.0,,0.0,0.0063452847175333145,True,,Control,E17,3,d7,Plate1,/Users/pmihack/claire/tmem_2026/data/cleaved_tmem_pld3_260821/d7/Z59_PLD_Control/PLD3Control_Plate1_d7_TMEM561LAMP1640MAP2488DAPI405_E17_F3.nd2,13
10,21027,18,0.04503733295287012,0.613656,632.7592163085938,13305028.0,8.751354197155846,1.292744400416268e-05,0.06899289176061234,True,,Control,E17,3,d7,Plate1,/Users/pmihack/claire/tmem_2026/data/cleaved_tmem_pld3_260821/d7/Z59_PLD_Control/PLD3Control_Plate1_d7_TMEM561LAMP1640MAP2488DAPI405_E17_F3.nd2,13
11,15678,0,0.0,0.0,12.738040924072266,199707.0,,1.5022007573861629e-05,0.041316904531249185,True,,Control,E17,3,d7,Plate1,/Users/pmihack/claire/tmem_2026/data/cleaved_tmem_pld3_260821/d7/Z59_PLD_Control/PLD3Control_Plate1_d7_TMEM561LAMP1640MAP2488DAPI405_E17_F3.nd2,13
12,8415,7,0.09043374925727866,1.2680434285714284,1060.41357421875,8923380.0,23.070490363109236,0.0,0.3428822286773116,True,,Control,E17,3,d7,Plate1,/Users/pmihack/claire/tmem_2026/data/cleaved_tmem_pld3_260821/d7/Z59_PLD_Control/PLD3Control_Plate1_d7_TMEM561LAMP1640MAP2488DAPI405_E17_F3.nd2,13
13,7079,0,0.0,0.0,89.31473541259766,632259.0,,0.0,-0.01669867559801717,True,,Control,E17,3,d7,Plate1,/Users/pmihack/claire/tmem_2026/data/cleaved_tmem_pld3_260821/d7/Z59_PLD_Control/PLD3Control_Plate1_d7_TMEM561LAMP1640MAP2488DAPI405_E17_F3.nd2,13
14,15489,12,0.05145587190909678,0.774684,640.7305297851562,9924275.0,11.286006650163348,0.0,0.31614745348405415,True,,Control,E17,3,d7,Plate1,/Users/pmihack/claire/tmem_2026/data/cleaved_tmem_pld3_260821/d7/Z59_PLD_Control/PLD3Control_Plate1_d7_TMEM561LAMP1640MAP2488DAPI405_E17_F3.nd2,13
15,28108,18,0.053685783406859255,0.9778319999999998,658.8278198242188,18518332.0,7.878253764562975,0.0006928810034878552,0.06844952310843953,True,,Control,E17,3,d7,Plate1,/Users/pmihack/claire/tmem_2026/data/cleaved_tmem_pld3_260821/d7/Z59_PLD_Control/PLD3Control_Plate1_d7_TMEM561LAMP1640MAP2488DAPI405_E17_F3.nd2,13
16,15630,9,0.11676263595649392,2.3651999999999997,1162.3309326171875,18167232.0,12.535472347411549,0.0,0.2732218206191083,True,,Control,E17,3,d7,Plate1,/Users/pmihack/claire/tmem_2026/data/cleaved_tmem_pld3_260821/d7/Z59_PLD_Control/PLD3Control_Plate1_d7_TMEM561LAMP1640MAP2488DAPI405_E17_F3.nd2,13
17,31703,18,0.050121439611393245,1.029672,596.961181640625,18925460.0,8.281026277283832,0.0,0.21073608848783248,True,,Control,E17,3,d7,Plate1,/Users/pmihack/claire/tmem_2026/data/cleaved_tmem_pld3_260821/d7/Z59_PLD_Control/PLD3Control_Plate1_d7_TMEM561LAMP1640MAP2488DAPI405_E17_F3.nd2,13
18,24533,11,0.03534015407818041,0.9193352727272726,409.836181640625,10054511.0,9.005503827384066,0.0,0.11202072667851348,True,,Control,E17,3,d7,Plate1,/Users/pmihack/claire/tmem_2026/data/cleaved_tmem_pld3_260821/d7/Z59_PLD_Control/PLD3Control_Plate1_d7_TMEM561LAMP1640MAP2488DAPI405_E17_F3.nd2,13
19,20334,2,0.0007376807317792859,0.08747999999999999,102.05714416503906,2075230.0,11.702501600898087,0.0,0.15225702414016568,True,,Control,E17,3,d7,Plate1,/Users/pmihack/claire/tmem_2026/data/cleaved_tmem_pld3_260821/d7/Z59_PLD_Control/PLD3Control_Plate1_d7_TMEM561LAMP1640MAP2488DAPI405_E17_F3.nd2,13
20,12984,5,0.08664510166358595,2.6243999999999996,1069.4517822265625,13885762.0,17.624224927055767,0.0,0.12974856931547543,True,,Control,E17,3,d7,Plate1,/Users/pmihack/claire/tmem_2026/data/cleaved_tmem_pld3_260821/d7/Z59_PLD_Control/PLD3Control_Plate1_d7_TMEM561LAMP1640MAP2488DAPI405_E17_F3.nd2,13
1,9673,11,0.10947999586477825,1.1229250909090907,1093.0712890625,10573278.0,0.9087907526243051,0.0,0.18123942332864482,True,,Control,E17,4,d7,Plate1,/Users/pmihack/claire/tmem_2026/data/cleaved_tmem_pld3_260821/d7/Z59_PLD_Control/PLD3Control_Plate1_d7_TMEM561LAMP1640MAP2488DAPI405_E17_F4.nd2,8
2,29327,20,0.0675486752821632,1.1553191999999999,782.5277709960938,22949192.0,5.329659410614478,0.0,0.038740427736694255,True,,Control,E17,4,d7,Plate1,/Users/pmihack/claire/tmem_2026/data/cleaved_tmem_pld3_260821/d7/Z59_PLD_Control/PLD3Control_Plate1_d7_TMEM561LAMP1640MAP2488DAPI405_E17_F4.nd2,8
3,14691,6,0.08964672248315295,2.5602479999999996,951.4825439453125,13978230.0,5.87120498689768,0.0,0.27449874627915555,True,,Control,E17,4,d7,Plate1,/Users/pmihack/claire/tmem_2026/data/cleaved_tmem_pld3_260821/d7/Z59_PLD_Control/PLD3Control_Plate1_d7_TMEM561LAMP1640MAP2488DAPI405_E17_F4.nd2,8
4,11609,4,0.019381514342320612,0.6560999999999999,292.67767333984375,3397695.0,2.436208422931184,0.0,-0.0018872317637975051,True,,Control,E17,4,d7,Plate1,/Users/pmihack/claire/tmem_2026/data/cleaved_tmem_pld3_260821/d7/Z59_PLD_Control/PLD3Control_Plate1_d7_TMEM561LAMP1640MAP2488DAPI405_E17_F4.nd2,8
5,8787,3,0.0772732445658359,2.639952,924.776611328125,8126012.0,7.7773035666061965,0.0,0.35495092919748766,True,,Control,E17,4,d7,Plate1,/Users/pmihack/claire/tmem_2026/data/cleaved_tmem_pld3_260821/d7/Z59_PLD_Control/PLD3Control_Plate1_d7_TMEM561LAMP1640MAP2488DAPI405_E17_F4.nd2,8
6,25021,3,0.05683226090084329,5.528735999999999,638.0078735351562,15963595.0,13.652192284587127,0.0,0.12924053199691177,True,,Control,E17,4,d7,Plate1,/Users/pmihack/claire/tmem_2026/data/cleaved_tmem_pld3_260821/d7/Z59_PLD_Control/PLD3Control_Plate1_d7_TMEM561LAMP1640MAP2488DAPI405_E17_F4.nd2,8
7,20681,7,0.012040036748706542,0.4149051428571428,210.219482421875,4347549.0,5.504031209021667,0.0,0.015288509581651295,True,,Control,E17,4,d7,Plate1,/Users/pmihack/claire/tmem_2026/data/cleaved_tmem_pld3_260821/d7/Z59_PLD_Control/PLD3Control_Plate1_d7_TMEM561LAMP1640MAP2488DAPI405_E17_F4.nd2,8
8,11744,6,0.1799216621253406,4.107672,2979.40771484375,34990164.0,15.405412096263499,0.0,0.15226752803380575,True,,Control,E17,4,d7,Plate1,/Users/pmihack/claire/tmem_2026/data/cleaved_tmem_pld3_260821/d7/Z59_PLD_Control/PLD3Control_Plate1_d7_TMEM561LAMP1640MAP2488DAPI405_E17_F4.nd2,8
9,12456,10,0.10725754656390495,1.5583103999999999,1130.2723388671875,14078673.0,5.988844169245735,0.0,0.2177584693245678,True,,Control,E17,4,d7,Plate1,/Users/pmihack/claire/tmem_2026/data/cleaved_tmem_pld3_260821/d7/Z59_PLD_Control/PLD3Control_Plate1_d7_TMEM561LAMP1640MAP2488DAPI405_E17_F4.nd2,8
10,17048,24,0.18230877522290004,1.5104879999999998,2131.419921875,36336448.0,12.056425964616825,0.0,-0.013445235284189082,True,,Control,E17,4,d7,Plate1,/Users/pmihack/claire/tmem_2026/data/cleaved_tmem_pld3_260821/d7/Z59_PLD_Control/PLD3Control_Plate1_d7_TMEM561LAMP1640MAP2488DAPI405_E17_F4.nd2,8
11,11647,4,0.0767579634240577,2.6069039999999997,928.7329711914062,10816953.0,20.20225497031423,0.0,0.06137722464971799,True,,Control,E17,4,d7,Plate1,/Users/pmihack/claire/tmem_2026/data/cleaved_tmem_pld3_260821/d7/Z59_PLD_Control/PLD3Control_Plate1_d7_TMEM561LAMP1640MAP2488DAPI405_E17_F4.nd2,8
12,9567,2,0.042751123654228076,2.3852879999999996,504.36700439453125,4825279.0,8.022168444114822,0.0,0.2328780335278303,True,,Control,E17,4,d7,Plate1,/Users/pmihack/claire/tmem_2026/data/cleaved_tmem_pld3_260821/d7/Z59_PLD_Control/PLD3Control_Plate1_d7_TMEM561LAMP1640MAP2488DAPI405_E17_F4.nd2,8
13,13328,5,0.12034813925570229,3.7418112,1156.6220703125,15415459.0,6.891475063271082,0.0,0.10948428977625176,True,,Control,E17,4,d7,Plate1,/Users/pmihack/claire/tmem_2026/data/cleaved_tmem_pld3_260821/d7/Z59_PLD_Control/PLD3Control_Plate1_d7_TMEM561LAMP1640MAP2488DAPI405_E17_F4.nd2,8
14,7533,0,0.0,0.0,37.20350646972656,280254.0,,0.0,-0.019819978456595753,True,,Control,E17,4,d7,Plate1,/Users/pmihack/claire/tmem_2026/data/cleaved_tmem_pld3_260821/d7/Z59_PLD_Control/PLD3Control_Plate1_d7_TMEM561LAMP1640MAP2488DAPI405_E17_F4.nd2,8
15,12478,17,0.15363038948549448,1.3152875294117645,1592.5965576171875,19872420.0,18.44087644409718,0.0,0.17450624731225192,True,,Control,E17,4,d7,Plate1,/Users/pmihack/claire/tmem_2026/data/cleaved_tmem_pld3_260821/d7/Z59_PLD_Control/PLD3Control_Plate1_d7_TMEM561LAMP1640MAP2488DAPI405_E17_F4.nd2,8
16,9428,19,0.11741620704285108,0.6795814736842105,1379.3221435546875,13004249.0,19.592238703053482,0.0,0.35688932303222193,True,,Control,E17,4,d7,Plate1,/Users/pmihack/claire/tmem_2026/data/cleaved_tmem_pld3_260821/d7/Z59_PLD_Control/PLD3Control_Plate1_d7_TMEM561LAMP1640MAP2488DAPI405_E17_F4.nd2,8
17,15441,3,0.11339939123113787,6.807887999999999,1113.273681640625,17190058.0,19.224301638506088,0.0,0.391731303371643,True,,Control,E17,4,d7,Plate1,/Users/pmihack/claire/tmem_2026/data/cleaved_tmem_pld3_260821/d7/Z59_PLD_Control/PLD3Control_Plate1_d7_TMEM561LAMP1640MAP2488DAPI405_E17_F4.nd2,8
18,5006,3,0.13423891330403515,2.612736,1157.7467041015625,5795680.0,36.96635281195236,0.0,0.4979794581999069,True,,Control,E17,4,d7,Plate1,/Users/pmihack/claire/tmem_2026/data/cleaved_tmem_pld3_260821/d7/Z59_PLD_Control/PLD3Control_Plate1_d7_TMEM561LAMP1640MAP2488DAPI405_E17_F4.nd2,8
19,14381,3,0.13538696891732147,7.569935999999999,1234.0218505859375,17746468.0,18.36802460174778,0.0,0.3412396168834114,True,,Control,E17,4,d7,Plate1,/Users/pmihack/claire/tmem_2026/data/cleaved_tmem_pld3_260821/d7/Z59_PLD_Control/PLD3Control_Plate1_d7_TMEM561LAMP1640MAP2488DAPI405_E17_F4.nd2,8
20,30428,7,0.07542395162350467,3.8241257142857137,772.4293212890625,23503480.0,19.045237147032392,0.0,0.19363065082207806,True,,Control,E17,4,d7,Plate1,/Users/pmihack/claire/tmem_2026/data/cleaved_tmem_pld3_260821/d7/Z59_PLD_Control/PLD3Control_Plate1_d7_TMEM561LAMP1640MAP2488DAPI405_E17_F4.nd2,8
21,16600,5,0.07030120481927711,2.7223775999999997,767.3114624023438,12737370.0,15.335121073439476,0.0,0.10599657206941242,True,,Control,E17,4,d7,Plate1,/Users/pmihack/claire/tmem_2026/data/cleaved_tmem_pld3_260821/d7/Z59_PLD_Control/PLD3Control_Plate1_d7_TMEM561LAMP1640MAP2488DAPI405_E17_F4.nd2,8
22,7495,0,0.0,0.0,8.405736923217773,63001.0,,0.0,-0.04146609937793227,True,,Control,E17,4,d7,Plate1,/Users/pmihack/claire/tmem_2026/data/cleaved_tmem_pld3_260821/d7/Z59_PLD_Control/PLD3Control_Plate1_d7_TMEM561LAMP1640MAP2488DAPI405_E17_F4.nd2,8
23,11687,4,0.09463506460169419,3.2250959999999997,981.8121948242188,11474439.0,23.918858696639337,0.0,0.12377186593282186,True,,Control,E17,4,d7,Plate1,/Users/pmihack/claire/tmem_2026/data/cleaved_tmem_pld3_260821/d7/Z59_PLD_Control/PLD3Control_Plate1_d7_TMEM561LAMP1640MAP2488DAPI405_E17_F4.nd2,8
1,16623,1,0.00030078806472959155,0.05832,59.84708023071289,994838.0,0.9133453726225631,0.0,0.07203536929861123,True,,Control,F17,1,d7,Plate1,/Users/pmihack/claire/tmem_2026/data/cleaved_tmem_pld3_260821/d7/Z59_PLD_Control/PLD3Control_Plate1_d7_TMEM561LAMP1640MAP2488DAPI405_F17_F1.nd2,12
2,14365,0,0.0,0.0,77.8773422241211,1118708.0,,0.0,0.03283863345012986,True,,Control,F17,1,d7,Plate1,/Users/pmihack/claire/tmem_2026/data/cleaved_tmem_pld3_260821/d7/Z59_PLD_Control/PLD3Control_Plate1_d7_TMEM561LAMP1640MAP2488DAPI405_F17_F1.nd2,12
3,5343,0,0.0,0.0,12.70971393585205,67908.0,,8.835483458824456e-05,0.011396082379652506,True,,Control,F17,1,d7,Plate1,/Users/pmihack/claire/tmem_2026/data/cleaved_tmem_pld3_260821/d7/Z59_PLD_Control/PLD3Control_Plate1_d7_TMEM561LAMP1640MAP2488DAPI405_F17_F1.nd2,12
4,14546,0,0.0,0.0,137.47434997558594,1999702.0,,0.0,-0.048627199301408665,False,border,Control,F17,1,d7,Plate1,/Users/pmihack/claire/tmem_2026/data/cleaved_tmem_pld3_260821/d7/Z59_PLD_Control/PLD3Control_Plate1_d7_TMEM561LAMP1640MAP2488DAPI405_F17_F1.nd2,12
5,8294,1,0.0008439836026042923,0.081648,259.8600158691406,2155279.0,0.35850445093666106,0.0,0.02949901018987669,True,,Control,F17,1,d7,Plate1,/Users/pmihack/claire/tmem_2026/data/cleaved_tmem_pld3_260821/d7/Z59_PLD_Control/PLD3Control_Plate1_d7_TMEM561LAMP1640MAP2488DAPI405_F17_F1.nd2,12
6,15304,2,0.0016989022477783586,0.151632,81.82749938964844,1252288.0,10.650520976987446,0.0,0.09197402959742565,True,,Control,F17,1,d7,Plate1,/Users/pmihack/claire/tmem_2026/data/cleaved_tmem_pld3_260821/d7/Z59_PLD_Control/PLD3Control_Plate1_d7_TMEM561LAMP1640MAP2488DAPI405_F17_F1.nd2,12
7,24737,0,0.0,0.0,28.038848876953125,693597.0,,4.325278041505953e-06,0.0078093776458917005,True,,Control,F17,1,d7,Plate1,/Users/pmihack/claire/tmem_2026/data/cleaved_tmem_pld3_260821/d7/Z59_PLD_Control/PLD3Control_Plate1_d7_TMEM561LAMP1640MAP2488DAPI405_F17_F1.nd2,12
8,25656,1,0.0002728406610539445,0.081648,92.28352355957031,2367626.0,10.462858098173673,0.0,0.059718053518606574,True,,Control,F17,1,d7,Plate1,/Users/pmihack/claire/tmem_2026/data/cleaved_tmem_pld3_260821/d7/Z59_PLD_Control/PLD3Control_Plate1_d7_TMEM561LAMP1640MAP2488DAPI405_F17_F1.nd2,12
9,8513,3,0.1417831551744391,4.692816,1346.7322998046875,11464732.0,10.476822831047889,0.0,0.03393392378842728,True,,Control,F17,1,d7,Plate1,/Users/pmihack/claire/tmem_2026/data/cleaved_tmem_pld3_260821/d7/Z59_PLD_Control/PLD3Control_Plate1_d7_TMEM561LAMP1640MAP2488DAPI405_F17_F1.nd2,12
10,17020,0,0.0,0.0,17.47538185119629,297431.0,,0.0,0.08685479438308356,True,,Control,F17,1,d7,Plate1,/Users/pmihack/claire/tmem_2026/data/cleaved_tmem_pld3_260821/d7/Z59_PLD_Control/PLD3Control_Plate1_d7_TMEM561LAMP1640MAP2488DAPI405_F17_F1.nd2,12
11,8550,2,0.012865497076023392,0.64152,152.4256134033203,1303239.0,15.04185243281969,0.0,-0.04549230843843153,True,,Control,F17,1,d7,Plate1,/Users/pmihack/claire/tmem_2026/data/cleaved_tmem_pld3_260821/d7/Z59_PLD_Control/PLD3Control_Plate1_d7_TMEM561LAMP1640MAP2488DAPI405_F17_F1.nd2,12
12,11617,1,0.0015494533872772661,0.20995199999999997,73.22174072265625,850617.0,25.459929573767873,0.00041029040585272014,0.055736207043360624,True,,Control,F17,1,d7,Plate1,/Users/pmihack/claire/tmem_2026/data/cleaved_tmem_pld3_260821/d7/Z59_PLD_Control/PLD3Control_Plate1_d7_TMEM561LAMP1640MAP2488DAPI405_F17_F1.nd2,12
13,10287,4,0.09205793720229416,2.761452,1045.9022216796875,10759196.0,19.798503559542045,0.0,0.047013858642954744,True,,Control,F17,1,d7,Plate1,/Users/pmihack/claire/tmem_2026/data/cleaved_tmem_pld3_260821/d7/Z59_PLD_Control/PLD3Control_Plate1_d7_TMEM561LAMP1640MAP2488DAPI405_F17_F1.nd2,12
14,16914,5,0.025600094596192502,1.0101023999999998,369.2799377441406,6246001.0,14.732642522332783,0.0,0.04868291361448399,True,,Control,F17,1,d7,Plate1,/Users/pmihack/claire/tmem_2026/data/cleaved_tmem_pld3_260821/d7/Z59_PLD_Control/PLD3Control_Plate1_d7_TMEM561LAMP1640MAP2488DAPI405_F17_F1.nd2,12
15,21243,11,0.02866826719389917,0.6457614545454545,424.38470458984375,9015204.0,16.744775229219528,0.0,0.42004985552910157,True,,Control,F17,1,d7,Plate1,/Users/pmihack/claire/tmem_2026/data/cleaved_tmem_pld3_260821/d7/Z59_PLD_Control/PLD3Control_Plate1_d7_TMEM561LAMP1640MAP2488DAPI405_F17_F1.nd2,12
16,8980,0,0.0,0.0,18.97516632080078,170397.0,,0.0,0.00205779935668175,True,,Control,F17,1,d7,Plate1,/Users/pmihack/claire/tmem_2026/data/cleaved_tmem_pld3_260821/d7/Z59_PLD_Control/PLD3Control_Plate1_d7_TMEM561LAMP1640MAP2488DAPI405_F17_F1.nd2,12
1,31435,3,0.028916812470176554,3.5341919999999996,298.6108703613281,9386833.0,4.828481447685496,0.0,0.2978625654302328,True,,Control,F17,2,d7,Plate1,/Users/pmihack/claire/tmem_2026/data/cleaved_tmem_pld3_260821/d7/Z59_PLD_Control/PLD3Control_Plate1_d7_TMEM561LAMP1640MAP2488DAPI405_F17_F2.nd2,10
2,13972,7,0.1539507586601775,3.584180571428571,1542.404296875,21550472.0,4.70072734089961,0.0,0.3100440248996384,True,,Control,F17,2,d7,Plate1,/Users/pmihack/claire/tmem_2026/data/cleaved_tmem_pld3_260821/d7/Z59_PLD_Control/PLD3Control_Plate1_d7_TMEM561LAMP1640MAP2488DAPI405_F17_F2.nd2,10
3,13834,5,0.048214543877403496,1.5559775999999998,529.3764038085938,7323393.0,7.226583851700383,0.0,0.39265606266876557,True,,Control,F17,2,d7,Plate1,/Users/pmihack/claire/tmem_2026/data/cleaved_tmem_pld3_260821/d7/Z59_PLD_Control/PLD3Control_Plate1_d7_TMEM561LAMP1640MAP2488DAPI405_F17_F2.nd2,10
4,12612,9,0.029178560101490645,0.4769279999999999,421.5669860839844,5316803.0,11.36131087067104,0.003480098908767104,0.3533289328241467,True,,Control,F17,2,d7,Plate1,/Users/pmihack/claire/tmem_2026/data/cleaved_tmem_pld3_260821/d7/Z59_PLD_Control/PLD3Control_Plate1_d7_TMEM561LAMP1640MAP2488DAPI405_F17_F2.nd2,10
5,15964,6,0.05205462290152844,1.6154639999999998,529.1382446289062,8447163.0,12.046339742367824,0.0011865522246807814,0.1519633984519883,True,,Control,F17,2,d7,Plate1,/Users/pmihack/claire/tmem_2026/data/cleaved_tmem_pld3_260821/d7/Z59_PLD_Control/PLD3Control_Plate1_d7_TMEM561LAMP1640MAP2488DAPI405_F17_F2.nd2,10
6,31044,15,0.026446334235278958,0.6384095999999999,343.301513671875,10657452.0,11.303642051712021,0.0,0.3463516697879078,True,,Control,F17,2,d7,Plate1,/Users/pmihack/claire/tmem_2026/data/cleaved_tmem_pld3_260821/d7/Z59_PLD_Control/PLD3Control_Plate1_d7_TMEM561LAMP1640MAP2488DAPI405_F17_F2.nd2,10
7,9399,4,0.11054367485902755,3.029724,1135.9447021484375,10676744.0,21.02043204303232,0.0,0.40691168783385384,True,,Control,F17,2,d7,Plate1,/Users/pmihack/claire/tmem_2026/data/cleaved_tmem_pld3_260821/d7/Z59_PLD_Control/PLD3Control_Plate1_d7_TMEM561LAMP1640MAP2488DAPI405_F17_F2.nd2,10
8,9207,7,0.1531443466927338,2.3494628571428566,1807.071044921875,16637703.0,26.10358637044408,0.0,0.33124626567326254,True,,Control,F17,2,d7,Plate1,/Users/pmihack/claire/tmem_2026/data/cleaved_tmem_pld3_260821/d7/Z59_PLD_Control/PLD3Control_Plate1_d7_TMEM561LAMP1640MAP2488DAPI405_F17_F2.nd2,10
9,19584,3,0.07562295751633986,5.758128,825.3082275390625,16162836.0,4.965391759518608,0.0,0.5309879642591522,True,,Control,F17,2,d7,Plate1,/Users/pmihack/claire/tmem_2026/data/cleaved_tmem_pld3_260821/d7/Z59_PLD_Control/PLD3Control_Plate1_d7_TMEM561LAMP1640MAP2488DAPI405_F17_F2.nd2,10
10,28695,10,0.0829412789684614,2.776032,863.0731201171875,24765884.0,11.018083281816688,0.0,0.3633376681881526,True,,Control,F17,2,d7,Plate1,/Users/pmihack/claire/tmem_2026/data/cleaved_tmem_pld3_260821/d7/Z59_PLD_Control/PLD3Control_Plate1_d7_TMEM561LAMP1640MAP2488DAPI405_F17_F2.nd2,10
11,12299,1,0.06740385397186763,9.669455999999998,740.8369140625,9111553.0,16.560526854448245,0.0,0.4673396032041091,True,,Control,F17,2,d7,Plate1,/Users/pmihack/claire/tmem_2026/data/cleaved_tmem_pld3_260821/d7/Z59_PLD_Control/PLD3Control_Plate1_d7_TMEM561LAMP1640MAP2488DAPI405_F17_F2.nd2,10
12,8807,2,0.0014760985579652549,0.075816,82.97820281982422,730789.0,19.009885224383922,0.0,-0.05266573902261329,True,,Control,F17,2,d7,Plate1,/Users/pmihack/claire/tmem_2026/data/cleaved_tmem_pld3_260821/d7/Z59_PLD_Control/PLD3Control_Plate1_d7_TMEM561LAMP1640MAP2488DAPI405_F17_F2.nd2,10
13,11534,3,0.035893878966533725,1.609632,412.4039306640625,4756667.0,23.764505894382637,0.0,0.22446990447866694,True,,Control,F17,2,d7,Plate1,/Users/pmihack/claire/tmem_2026/data/cleaved_tmem_pld3_260821/d7/Z59_PLD_Control/PLD3Control_Plate1_d7_TMEM561LAMP1640MAP2488DAPI405_F17_F2.nd2,10
14,11596,12,0.12288720248361504,1.3850999999999998,1205.60205078125,13980162.0,33.23658290425614,0.0,0.4908143233540473,True,,Control,F17,2,d7,Plate1,/Users/pmihack/claire/tmem_2026/data/cleaved_tmem_pld3_260821/d7/Z59_PLD_Control/PLD3Control_Plate1_d7_TMEM561LAMP1640MAP2488DAPI405_F17_F2.nd2,10
15,19156,5,0.06144288995614951,2.7457056,615.904296875,11798263.0,12.565348854712122,2.059625148831401e-05,0.20622880539983812,True,,Control,F17,2,d7,Plate1,/Users/pmihack/claire/tmem_2026/data/cleaved_tmem_pld3_260821/d7/Z59_PLD_Control/PLD3Control_Plate1_d7_TMEM561LAMP1640MAP2488DAPI405_F17_F2.nd2,10
16,21762,2,0.07191434610789449,9.12708,631.2950439453125,13738243.0,11.325244707042835,0.0,0.5739516813092447,True,,Control,F17,2,d7,Plate1,/Users/pmihack/claire/tmem_2026/data/cleaved_tmem_pld3_260821/d7/Z59_PLD_Control/PLD3Control_Plate1_d7_TMEM561LAMP1640MAP2488DAPI405_F17_F2.nd2,10
17,21569,3,0.002967221475265427,0.24883199999999997,65.4742431640625,1412214.0,12.998157297880704,9.913511348713655e-06,0.09990137744948074,True,,Control,F17,2,d7,Plate1,/Users/pmihack/claire/tmem_2026/data/cleaved_tmem_pld3_260821/d7/Z59_PLD_Control/PLD3Control_Plate1_d7_TMEM561LAMP1640MAP2488DAPI405_F17_F2.nd2,10
1,8404,1,0.009162303664921465,0.8981279999999999,232.55604553222656,1954401.0,1.3162415411253594,0.0,-0.06872038850042299,True,,Control,F17,3,d7,Plate1,/Users/pmihack/claire/tmem_2026/data/cleaved_tmem_pld3_260821/d7/Z59_PLD_Control/PLD3Control_Plate1_d7_TMEM561LAMP1640MAP2488DAPI405_F17_F3.nd2,12
2,11954,2,0.02082984774970721,1.452168,295.59619140625,3533557.0,10.650355444802528,0.0,-0.03066943397041755,True,,Control,F17,3,d7,Plate1,/Users/pmihack/claire/tmem_2026/data/cleaved_tmem_pld3_260821/d7/Z59_PLD_Control/PLD3Control_Plate1_d7_TMEM561LAMP1640MAP2488DAPI405_F17_F3.nd2,12
3,8936,6,0.02249328558639212,0.390744,527.767333984375,4716129.0,5.620785904445986,0.0,-0.00816367865436719,True,,Control,F17,3,d7,Plate1,/Users/pmihack/claire/tmem_2026/data/cleaved_tmem_pld3_260821/d7/Z59_PLD_Control/PLD3Control_Plate1_d7_TMEM561LAMP1640MAP2488DAPI405_F17_F3.nd2,12
4,6692,0,0.0,0.0,82.48102569580078,551963.0,,0.0,-0.06209768823667699,True,,Control,F17,3,d7,Plate1,/Users/pmihack/claire/tmem_2026/data/cleaved_tmem_pld3_260821/d7/Z59_PLD_Control/PLD3Control_Plate1_d7_TMEM561LAMP1640MAP2488DAPI405_F17_F3.nd2,12
5,19995,9,0.03650912728182046,0.9460799999999999,402.30743408203125,8044137.0,9.898561204048843,0.0,-0.00839788542278418,True,,Control,F17,3,d7,Plate1,/Users/pmihack/claire/tmem_2026/data/cleaved_tmem_pld3_260821/d7/Z59_PLD_Control/PLD3Control_Plate1_d7_TMEM561LAMP1640MAP2488DAPI405_F17_F3.nd2,12
6,16749,4,0.01426950862738074,0.696924,271.6026611328125,4549073.0,5.058858874862428,0.0,-0.07595606396912796,True,,Control,F17,3,d7,Plate1,/Users/pmihack/claire/tmem_2026/data/cleaved_tmem_pld3_260821/d7/Z59_PLD_Control/PLD3Control_Plate1_d7_TMEM561LAMP1640MAP2488DAPI405_F17_F3.nd2,12
7,8910,2,0.0025813692480359147,0.13413599999999998,274.3841857910156,2444763.0,31.984892523034667,0.0,0.018178725408820092,True,,Control,F17,3,d7,Plate1,/Users/pmihack/claire/tmem_2026/data/cleaved_tmem_pld3_260821/d7/Z59_PLD_Control/PLD3Control_Plate1_d7_TMEM561LAMP1640MAP2488DAPI405_F17_F3.nd2,12
8,8939,1,0.0003356080098445016,0.034991999999999995,154.03781127929688,1376944.0,10.05683193140491,0.0,-0.0067120820887524935,True,,Control,F17,3,d7,Plate1,/Users/pmihack/claire/tmem_2026/data/cleaved_tmem_pld3_260821/d7/Z59_PLD_Control/PLD3Control_Plate1_d7_TMEM561LAMP1640MAP2488DAPI405_F17_F3.nd2,12
9,14717,1,0.006591017191003601,1.131408,206.41651916503906,3037832.0,23.858532657071233,0.0,-0.026138354627587988,True,,Control,F17,3,d7,Plate1,/Users/pmihack/claire/tmem_2026/data/cleaved_tmem_pld3_260821/d7/Z59_PLD_Control/PLD3Control_Plate1_d7_TMEM561LAMP1640MAP2488DAPI405_F17_F3.nd2,12
10,15304,4,0.05501829587036069,2.455272,598.1959228515625,9154790.0,12.332774228796556,0.0,-0.03306982090928457,True,,Control,F17,3,d7,Plate1,/Users/pmihack/claire/tmem_2026/data/cleaved_tmem_pld3_260821/d7/Z59_PLD_Control/PLD3Control_Plate1_d7_TMEM561LAMP1640MAP2488DAPI405_F17_F3.nd2,12
11,13237,5,0.007403490216816499,0.2286144,267.6234130859375,3542531.0,20.693267305223337,0.0,0.07627719871303126,False,border,Control,F17,3,d7,Plate1,/Users/pmihack/claire/tmem_2026/data/cleaved_tmem_pld3_260821/d7/Z59_PLD_Control/PLD3Control_Plate1_d7_TMEM561LAMP1640MAP2488DAPI405_F17_F3.nd2,12
12,11093,5,0.003245289822410529,0.0839808,260.0845642089844,2885118.0,12.215006475386886,0.0,0.04097650344278099,True,,Control,F17,3,d7,Plate1,/Users/pmihack/claire/tmem_2026/data/cleaved_tmem_pld3_260821/d7/Z59_PLD_Control/PLD3Control_Plate1_d7_TMEM561LAMP1640MAP2488DAPI405_F17_F3.nd2,12
13,4382,2,0.038338658146964855,0.9797759999999999,542.4660034179688,2377086.0,20.42110704564649,0.0,0.08149269791096662,True,,Control,F17,3,d7,Plate1,/Users/pmihack/claire/tmem_2026/data/cleaved_tmem_pld3_260821/d7/Z59_PLD_Control/PLD3Control_Plate1_d7_TMEM561LAMP1640MAP2488DAPI405_F17_F3.nd2,12
1,14149,0,0.0,0.0,9.651494979858398,136559.0,,0.0,0.06273477865302042,True,,Control,F17,4,d7,Plate1,/Users/pmihack/claire/tmem_2026/data/cleaved_tmem_pld3_260821/d7/Z59_PLD_Control/PLD3Control_Plate1_d7_TMEM561LAMP1640MAP2488DAPI405_F17_F4.nd2,12
2,3925,0,0.0,0.0,16.211719512939453,63631.0,,0.0,0.03398220725856015,True,,Control,F17,4,d7,Plate1,/Users/pmihack/claire/tmem_2026/data/cleaved_tmem_pld3_260821/d7/Z59_PLD_Control/PLD3Control_Plate1_d7_TMEM561LAMP1640MAP2488DAPI405_F17_F4.nd2,12
3,14990,0,0.0,0.0,84.52501678466797,1267030.0,,0.0,-0.003137208247096549,True,,Control,F17,4,d7,Plate1,/Users/pmihack/claire/tmem_2026/data/cleaved_tmem_pld3_260821/d7/Z59_PLD_Control/PLD3Control_Plate1_d7_TMEM561LAMP1640MAP2488DAPI405_F17_F4.nd2,12
4,13074,5,0.0065014532660241705,0.198288,375.9598388671875,4915299.0,1.3729600859153561,0.0,0.19519561697884233,True,,Control,F17,4,d7,Plate1,/Users/pmihack/claire/tmem_2026/data/cleaved_tmem_pld3_260821/d7/Z59_PLD_Control/PLD3Control_Plate1_d7_TMEM561LAMP1640MAP2488DAPI405_F17_F4.nd2,12
5,38760,0,0.0,0.0,38.821956634521484,1504739.0,,0.00037415127735584974,-0.0070862376580588535,True,,Control,F17,4,d7,Plate1,/Users/pmihack/claire/tmem_2026/data/cleaved_tmem_pld3_260821/d7/Z59_PLD_Control/PLD3Control_Plate1_d7_TMEM561LAMP1640MAP2488DAPI405_F17_F4.nd2,12
6,19470,0,0.0,0.0,131.35012817382812,2557387.0,,0.0,-0.051060554072802564,True,,Control,F17,4,d7,Plate1,/Users/pmihack/claire/tmem_2026/data/cleaved_tmem_pld3_260821/d7/Z59_PLD_Control/PLD3Control_Plate1_d7_TMEM561LAMP1640MAP2488DAPI405_F17_F4.nd2,12
7,11723,1,0.002047257527936535,0.27993599999999996,65.33182525634766,765885.0,0.935862689241047,0.0,-0.030621831493930413,True,,Control,F17,4,d7,Plate1,/Users/pmihack/claire/tmem_2026/data/cleaved_tmem_pld3_260821/d7/Z59_PLD_Control/PLD3Control_Plate1_d7_TMEM561LAMP1640MAP2488DAPI405_F17_F4.nd2,12
8,14539,0,0.0,0.0,54.24327850341797,788643.0,,0.0,0.0038551468252009838,True,,Control,F17,4,d7,Plate1,/Users/pmihack/claire/tmem_2026/data/cleaved_tmem_pld3_260821/d7/Z59_PLD_Control/PLD3Control_Plate1_d7_TMEM561LAMP1640MAP2488DAPI405_F17_F4.nd2,12
9,4733,0,0.0,0.0,49.59750747680664,234745.0,,0.0,-0.037978675894825786,True,,Control,F17,4,d7,Plate1,/Users/pmihack/claire/tmem_2026/data/cleaved_tmem_pld3_260821/d7/Z59_PLD_Control/PLD3Control_Plate1_d7_TMEM561LAMP1640MAP2488DAPI405_F17_F4.nd2,12
10,16239,3,0.0012316029312149763,0.07776,163.20758056640625,2650328.0,4.253779989576709,0.0,-0.024499581671565972,True,,Control,F17,4,d7,Plate1,/Users/pmihack/claire/tmem_2026/data/cleaved_tmem_pld3_260821/d7/Z59_PLD_Control/PLD3Control_Plate1_d7_TMEM561LAMP1640MAP2488DAPI405_F17_F4.nd2,12
11,12001,0,0.0,0.0,41.17757034301758,494172.0,,0.0,-0.05013095187949992,True,,Control,F17,4,d7,Plate1,/Users/pmihack/claire/tmem_2026/data/cleaved_tmem_pld3_260821/d7/Z59_PLD_Control/PLD3Control_Plate1_d7_TMEM561LAMP1640MAP2488DAPI405_F17_F4.nd2,12
12,7626,0,0.0,0.0,70.71807098388672,539296.0,,0.0,0.003548562171221156,True,,Control,F17,4,d7,Plate1,/Users/pmihack/claire/tmem_2026/data/cleaved_tmem_pld3_260821/d7/Z59_PLD_Control/PLD3Control_Plate1_d7_TMEM561LAMP1640MAP2488DAPI405_F17_F4.nd2,12
13,12199,0,0.0,0.0,93.71817016601562,1143268.0,,0.0,-0.01818075465406274,True,,Control,F17,4,d7,Plate1,/Users/pmihack/claire/tmem_2026/data/cleaved_tmem_pld3_260821/d7/Z59_PLD_Control/PLD3Control_Plate1_d7_TMEM561LAMP1640MAP2488DAPI405_F17_F4.nd2,12
14,10690,0,0.0,0.0,103.23535919189453,1103586.0,,0.0,-0.030170600729569036,True,,Control,F17,4,d7,Plate1,/Users/pmihack/claire/tmem_2026/data/cleaved_tmem_pld3_260821/d7/Z59_PLD_Control/PLD3Control_Plate1_d7_TMEM561LAMP1640MAP2488DAPI405_F17_F4.nd2,12
15,26439,1,0.0008321040886569084,0.256608,82.8376235961914,2190144.0,13.896602852823653,0.0,0.003658804723905295,True,,Control,F17,4,d7,Plate1,/Users/pmihack/claire/tmem_2026/data/cleaved_tmem_pld3_260821/d7/Z59_PLD_Control/PLD3Control_Plate1_d7_TMEM561LAMP1640MAP2488DAPI405_F17_F4.nd2,12
16,8416,0,0.0,0.0,20.412309646606445,171790.0,,0.0,-0.026532418423142003,True,,Control,F17,4,d7,Plate1,/Users/pmihack/claire/tmem_2026/data/cleaved_tmem_pld3_260821/d7/Z59_PLD_Control/PLD3Control_Plate1_d7_TMEM561LAMP1640MAP2488DAPI405_F17_F4.nd2,12
17,7783,0,0.0,0.0,17.608505249023438,137047.0,,0.0,-0.04509617046797545,True,,Control,F17,4,d7,Plate1,/Users/pmihack/claire/tmem_2026/data/cleaved_tmem_pld3_260821/d7/Z59_PLD_Control/PLD3Control_Plate1_d7_TMEM561LAMP1640MAP2488DAPI405_F17_F4.nd2,12
18,19179,0,0.0,0.0,69.20590209960938,1327300.0,,0.0,-0.011126804231512572,True,,Control,F17,4,d7,Plate1,/Users/pmihack/claire/tmem_2026/data/cleaved_tmem_pld3_260821/d7/Z59_PLD_Control/PLD3Control_Plate1_d7_TMEM561LAMP1640MAP2488DAPI405_F17_F4.nd2,12
19,9653,0,0.0,0.0,13.679166793823242,132045.0,,0.0,0.022773401208603786,True,,Control,F17,4,d7,Plate1,/Users/pmihack/claire/tmem_2026/data/cleaved_tmem_pld3_260821/d7/Z59_PLD_Control/PLD3Control_Plate1_d7_TMEM561LAMP1640MAP2488DAPI405_F17_F4.nd2,12
20,10140,0,0.0,0.0,36.971500396728516,374891.0,,0.0,0.09603490158751736,True,,Control,F17,4,d7,Plate1,/Users/pmihack/claire/tmem_2026/data/cleaved_tmem_pld3_260821/d7/Z59_PLD_Control/PLD3Control_Plate1_d7_TMEM561LAMP1640MAP2488DAPI405_F17_F4.nd2,12
21,7588,0,0.0,0.0,37.27886199951172,282872.0,,0.0,-0.010817810443349679,True,,Control,F17,4,d7,Plate1,/Users/pmihack/claire/tmem_2026/data/cleaved_tmem_pld3_260821/d7/Z59_PLD_Control/PLD3Control_Plate1_d7_TMEM561LAMP1640MAP2488DAPI405_F17_F4.nd2,12
22,30405,0,0.0,0.0,66.36681365966797,2017883.0,,0.0,0.024654881246061626,True,,Control,F17,4,d7,Plate1,/Users/pmihack/claire/tmem_2026/data/cleaved_tmem_pld3_260821/d7/Z59_PLD_Control/PLD3Control_Plate1_d7_TMEM561LAMP1640MAP2488DAPI405_F17_F4.nd2,12
23,22028,0,0.0,0.0,53.81678009033203,1185476.0,,0.0,0.050096293790771865,True,,Control,F17,4,d7,Plate1,/Users/pmihack/claire/tmem_2026/data/cleaved_tmem_pld3_260821/d7/Z59_PLD_Control/PLD3Control_Plate1_d7_TMEM561LAMP1640MAP2488DAPI405_F17_F4.nd2,12
24,15527,0,0.0,0.0,44.82379150390625,695979.0,,0.0,-0.034817383358838265,True,,Control,F17,4,d7,Plate1,/Users/pmihack/claire/tmem_2026/data/cleaved_tmem_pld3_260821/d7/Z59_PLD_Control/PLD3Control_Plate1_d7_TMEM561LAMP1640MAP2488DAPI405_F17_F4.nd2,12
25,11939,0,0.0,0.0,73.87335968017578,881974.0,,0.001555601367726922,-0.006648218621106153,True,,Control,F17,4,d7,Plate1,/Users/pmihack/claire/tmem_2026/data/cleaved_tmem_pld3_260821/d7/Z59_PLD_Control/PLD3Control_Plate1_d7_TMEM561LAMP1640MAP2488DAPI405_F17_F4.nd2,12
26,10603,0,0.0,0.0,94.46986389160156,1001664.0,,0.0,0.01035140993765184,True,,Control,F17,4,d7,Plate1,/Users/pmihack/claire/tmem_2026/data/cleaved_tmem_pld3_260821/d7/Z59_PLD_Control/PLD3Control_Plate1_d7_TMEM561LAMP1640MAP2488DAPI405_F17_F4.nd2,12
27,9911,0,0.0,0.0,10.88790225982666,107910.0,,0.0,0.12898966885389893,False,border,Control,F17,4,d7,Plate1,/Users/pmihack/claire/tmem_2026/data/cleaved_tmem_pld3_260821/d7/Z59_PLD_Control/PLD3Control_Plate1_d7_TMEM561LAMP1640MAP2488DAPI405_F17_F4.nd2,12
1,17820,4,0.013748597081930415,0.7144199999999999,283.3534240722656,5049358.0,10.13503284623272,0.0,0.3141712379482615,True,,Control,G17,1,d7,Plate1,/Users/pmihack/claire/tmem_2026/data/cleaved_tmem_pld3_260821/d7/Z59_PLD_Control/PLD3Control_Plate1_d7_TMEM561LAMP1640MAP2488DAPI405_G17_F1.nd2,11
2,9528,4,0.10065071368597817,2.7964439999999997,1015.184326171875,9672676.0,12.453636327368834,0.0,0.4340539683817615,True,,Control,G17,1,d7,Plate1,/Users/pmihack/claire/tmem_2026/data/cleaved_tmem_pld3_260821/d7/Z59_PLD_Control/PLD3Control_Plate1_d7_TMEM561LAMP1640MAP2488DAPI405_G17_F1.nd2,11
3,10475,6,0.09708830548926015,1.977048,1040.274658203125,10896877.0,5.42002776589142,0.0,0.42448903015110834,True,,Control,G17,1,d7,Plate1,/Users/pmihack/claire/tmem_2026/data/cleaved_tmem_pld3_260821/d7/Z59_PLD_Control/PLD3Control_Plate1_d7_TMEM561LAMP1640MAP2488DAPI405_G17_F1.nd2,11
4,13388,6,0.02815954586196594,0.732888,414.83209228515625,5553772.0,15.740455832053721,0.0,0.4060182899091059,True,,Control,G17,1,d7,Plate1,/Users/pmihack/claire/tmem_2026/data/cleaved_tmem_pld3_260821/d7/Z59_PLD_Control/PLD3Control_Plate1_d7_TMEM561LAMP1640MAP2488DAPI405_G17_F1.nd2,11
5,19630,3,0.0017320427916454407,0.132192,150.73855590820312,2958998.0,18.17359793121333,0.0,0.3223258900071839,True,,Control,G17,1,d7,Plate1,/Users/pmihack/claire/tmem_2026/data/cleaved_tmem_pld3_260821/d7/Z59_PLD_Control/PLD3Control_Plate1_d7_TMEM561LAMP1640MAP2488DAPI405_G17_F1.nd2,11
6,14019,0,0.0,0.0,8.696625709533691,121918.0,,0.0,0.08291084324219537,True,,Control,G17,1,d7,Plate1,/Users/pmihack/claire/tmem_2026/data/cleaved_tmem_pld3_260821/d7/Z59_PLD_Control/PLD3Control_Plate1_d7_TMEM561LAMP1640MAP2488DAPI405_G17_F1.nd2,11
7,11680,1,0.0007705479452054794,0.10497599999999999,72.28484344482422,844287.0,1.0126693156504898,0.0,-0.00953832567322611,True,,Control,G17,1,d7,Plate1,/Users/pmihack/claire/tmem_2026/data/cleaved_tmem_pld3_260821/d7/Z59_PLD_Control/PLD3Control_Plate1_d7_TMEM561LAMP1640MAP2488DAPI405_G17_F1.nd2,11
8,14983,9,0.016819061603150238,0.326592,310.5528259277344,4653013.0,0.9683410381490041,0.0,0.3142472419250302,True,,Control,G17,1,d7,Plate1,/Users/pmihack/claire/tmem_2026/data/cleaved_tmem_pld3_260821/d7/Z59_PLD_Control/PLD3Control_Plate1_d7_TMEM561LAMP1640MAP2488DAPI405_G17_F1.nd2,11
9,20676,12,0.03903076030179919,0.7844039999999999,510.546875,10556067.0,5.598138462132809,0.0,0.36811676302441465,True,,Control,G17,1,d7,Plate1,/Users/pmihack/claire/tmem_2026/data/cleaved_tmem_pld3_260821/d7/Z59_PLD_Control/PLD3Control_Plate1_d7_TMEM561LAMP1640MAP2488DAPI405_G17_F1.nd2,11
10,9052,10,0.05070702607158639,0.5353775999999999,595.5282592773438,5390722.0,1.1102464894230715,0.0,0.33433065301597714,True,,Control,G17,1,d7,Plate1,/Users/pmihack/claire/tmem_2026/data/cleaved_tmem_pld3_260821/d7/Z59_PLD_Control/PLD3Control_Plate1_d7_TMEM561LAMP1640MAP2488DAPI405_G17_F1.nd2,11
11,15078,7,0.036742273511075736,0.9231222857142856,412.8197326660156,6224496.0,2.1136983148063684,0.0,0.3144767527303074,True,,Control,G17,1,d7,Plate1,/Users/pmihack/claire/tmem_2026/data/cleaved_tmem_pld3_260821/d7/Z59_PLD_Control/PLD3Control_Plate1_d7_TMEM561LAMP1640MAP2488DAPI405_G17_F1.nd2,11
12,12985,5,0.08640739314593762,2.6174016,816.0985717773438,10597040.0,3.448118485887874,0.0,0.528735179837342,True,,Control,G17,1,d7,Plate1,/Users/pmihack/claire/tmem_2026/data/cleaved_tmem_pld3_260821/d7/Z59_PLD_Control/PLD3Control_Plate1_d7_TMEM561LAMP1640MAP2488DAPI405_G17_F1.nd2,11
13,21077,10,0.033116667457418036,0.8141471999999998,407.09423828125,8580325.0,8.799910122831792,0.0,0.4361754770653833,True,,Control,G17,1,d7,Plate1,/Users/pmihack/claire/tmem_2026/data/cleaved_tmem_pld3_260821/d7/Z59_PLD_Control/PLD3Control_Plate1_d7_TMEM561LAMP1640MAP2488DAPI405_G17_F1.nd2,11
14,34353,24,0.09379093528949436,1.5658919999999998,1299.094970703125,44627808.0,2.7894660037779064,0.0,0.2622858973623258,True,,Control,G17,1,d7,Plate1,/Users/pmihack/claire/tmem_2026/data/cleaved_tmem_pld3_260821/d7/Z59_PLD_Control/PLD3Control_Plate1_d7_TMEM561LAMP1640MAP2488DAPI405_G17_F1.nd2,11
15,13597,12,0.09833051408398912,1.299564,1000.3331909179688,13601530.0,5.368177566464618,0.0,0.20864335193110353,True,,Control,G17,1,d7,Plate1,/Users/pmihack/claire/tmem_2026/data/cleaved_tmem_pld3_260821/d7/Z59_PLD_Control/PLD3Control_Plate1_d7_TMEM561LAMP1640MAP2488DAPI405_G17_F1.nd2,11
16,12816,16,0.1295255930087391,1.21014,1406.3843994140625,18024222.0,13.36495973338566,0.0,0.344216318207548,True,,Control,G17,1,d7,Plate1,/Users/pmihack/claire/tmem_2026/data/cleaved_tmem_pld3_260821/d7/Z59_PLD_Control/PLD3Control_Plate1_d7_TMEM561LAMP1640MAP2488DAPI405_G17_F1.nd2,11
17,14023,8,0.07673108464665193,1.5688079999999998,809.1982421875,11347387.0,15.338872106821592,0.0,0.322842772262992,True,,Control,G17,1,d7,Plate1,/Users/pmihack/claire/tmem_2026/data/cleaved_tmem_pld3_260821/d7/Z59_PLD_Control/PLD3Control_Plate1_d7_TMEM561LAMP1640MAP2488DAPI405_G17_F1.nd2,11
18,10950,4,0.03397260273972603,1.084752,487.6552429199219,5339825.0,28.37038795383573,0.0,0.24135418139902234,True,,Control,G17,1,d7,Plate1,/Users/pmihack/claire/tmem_2026/data/cleaved_tmem_pld3_260821/d7/Z59_PLD_Control/PLD3Control_Plate1_d7_TMEM561LAMP1640MAP2488DAPI405_G17_F1.nd2,11
1,8317,0,0.0,0.0,183.1435546875,1523205.0,,0.0,0.05377524479008922,True,,Control,G17,2,d7,Plate1,/Users/pmihack/claire/tmem_2026/data/cleaved_tmem_pld3_260821/d7/Z59_PLD_Control/PLD3Control_Plate1_d7_TMEM561LAMP1640MAP2488DAPI405_G17_F2.nd2,12
2,29995,1,0.0017669611601933656,0.618192,201.00750732421875,6029220.0,9.997783403648333,0.0,-0.01607498598452622,True,,Control,G17,2,d7,Plate1,/Users/pmihack/claire/tmem_2026/data/cleaved_tmem_pld3_260821/d7/Z59_PLD_Control/PLD3Control_Plate1_d7_TMEM561LAMP1640MAP2488DAPI405_G17_F2.nd2,12
3,9496,7,0.008740522325189553,0.13830171428571428,290.39996337890625,2757638.0,14.84026126954951,0.0,0.008489987275065631,True,,Control,G17,2,d7,Plate1,/Users/pmihack/claire/tmem_2026/data/cleaved_tmem_pld3_260821/d7/Z59_PLD_Control/PLD3Control_Plate1_d7_TMEM561LAMP1640MAP2488DAPI405_G17_F2.nd2,12
4,16903,4,0.0035496657398095014,0.17495999999999998,262.2525634765625,4432855.0,11.615623638110621,0.0,-0.03319954093176232,True,,Control,G17,2,d7,Plate1,/Users/pmihack/claire/tmem_2026/data/cleaved_tmem_pld3_260821/d7/Z59_PLD_Control/PLD3Control_Plate1_d7_TMEM561LAMP1640MAP2488DAPI405_G17_F2.nd2,12
5,22630,13,0.019664162615996465,0.3992676923076923,390.41839599609375,8835168.0,14.873955402814966,0.0,0.0663149946787087,True,,Control,G17,2,d7,Plate1,/Users/pmihack/claire/tmem_2026/data/cleaved_tmem_pld3_260821/d7/Z59_PLD_Control/PLD3Control_Plate1_d7_TMEM561LAMP1640MAP2488DAPI405_G17_F2.nd2,12
6,14717,5,0.008017938438540463,0.27527039999999997,210.8740234375,3103433.0,11.899910424882288,0.0,0.03428747745032432,True,,Control,G17,2,d7,Plate1,/Users/pmihack/claire/tmem_2026/data/cleaved_tmem_pld3_260821/d7/Z59_PLD_Control/PLD3Control_Plate1_d7_TMEM561LAMP1640MAP2488DAPI405_G17_F2.nd2,12
7,23305,5,0.0028749195451619825,0.15629759999999998,311.0291748046875,7248535.0,8.481259800629745,0.0,-0.017835096152709937,True,,Control,G17,2,d7,Plate1,/Users/pmihack/claire/tmem_2026/data/cleaved_tmem_pld3_260821/d7/Z59_PLD_Control/PLD3Control_Plate1_d7_TMEM561LAMP1640MAP2488DAPI405_G17_F2.nd2,12
8,19994,1,0.0014504351305391616,0.33825599999999995,85.96849060058594,1718854.0,11.22112872414021,0.0,-0.003616767452208789,True,,Control,G17,2,d7,Plate1,/Users/pmihack/claire/tmem_2026/data/cleaved_tmem_pld3_260821/d7/Z59_PLD_Control/PLD3Control_Plate1_d7_TMEM561LAMP1640MAP2488DAPI405_G17_F2.nd2,12
9,18491,0,0.0,0.0,222.38153076171875,4112057.0,,0.0,0.018599081815738508,True,,Control,G17,2,d7,Plate1,/Users/pmihack/claire/tmem_2026/data/cleaved_tmem_pld3_260821/d7/Z59_PLD_Control/PLD3Control_Plate1_d7_TMEM561LAMP1640MAP2488DAPI405_G17_F2.nd2,12
10,25783,12,0.012721560718302757,0.31881599999999993,336.0404968261719,8664132.0,19.494649158161277,0.0,0.002389824289471472,True,,Control,G17,2,d7,Plate1,/Users/pmihack/claire/tmem_2026/data/cleaved_tmem_pld3_260821/d7/Z59_PLD_Control/PLD3Control_Plate1_d7_TMEM561LAMP1640MAP2488DAPI405_G17_F2.nd2,12
11,11846,5,0.021357420226236705,0.5901984,409.74456787109375,4853834.0,25.582423188660293,0.0,-0.027782443557024472,True,,Control,G17,2,d7,Plate1,/Users/pmihack/claire/tmem_2026/data/cleaved_tmem_pld3_260821/d7/Z59_PLD_Control/PLD3Control_Plate1_d7_TMEM561LAMP1640MAP2488DAPI405_G17_F2.nd2,12
12,16882,2,0.008411325672313707,0.8281439999999999,224.3185577392578,3786946.0,14.196817244407386,0.0,-0.04342187545592138,True,,Control,G17,2,d7,Plate1,/Users/pmihack/claire/tmem_2026/data/cleaved_tmem_pld3_260821/d7/Z59_PLD_Control/PLD3Control_Plate1_d7_TMEM561LAMP1640MAP2488DAPI405_G17_F2.nd2,12
13,12052,4,0.002821108529704613,0.099144,178.13458251953125,2146878.0,15.554014681829715,0.0,0.07406584822369695,True,,Control,G17,2,d7,Plate1,/Users/pmihack/claire/tmem_2026/data/cleaved_tmem_pld3_260821/d7/Z59_PLD_Control/PLD3Control_Plate1_d7_TMEM561LAMP1640MAP2488DAPI405_G17_F2.nd2,12
1,18355,22,0.13789158267502044,1.3418901818181816,1483.3912353515625,27227646.0,13.440347746204203,0.0,0.1678429699911259,True,,Control,G17,3,d7,Plate1,/Users/pmihack/claire/tmem_2026/data/cleaved_tmem_pld3_260821/d7/Z59_PLD_Control/PLD3Control_Plate1_d7_TMEM561LAMP1640MAP2488DAPI405_G17_F3.nd2,12
2,12587,4,0.008024151902756812,0.294516,197.09962463378906,2480893.0,20.15452157534353,0.0,-0.0005860112152342053,True,,Control,G17,3,d7,Plate1,/Users/pmihack/claire/tmem_2026/data/cleaved_tmem_pld3_260821/d7/Z59_PLD_Control/PLD3Control_Plate1_d7_TMEM561LAMP1640MAP2488DAPI405_G17_F3.nd2,12
3,25729,5,0.0396439814994753,2.379456,429.3392333984375,11046469.0,5.63624147764522,0.0,0.2852345679272801,True,,Control,G17,3,d7,Plate1,/Users/pmihack/claire/tmem_2026/data/cleaved_tmem_pld3_260821/d7/Z59_PLD_Control/PLD3Control_Plate1_d7_TMEM561LAMP1640MAP2488DAPI405_G17_F3.nd2,12
4,13550,13,0.08413284132841328,1.0228430769230767,817.5698852539062,11078072.0,13.56589606805448,0.0,0.26201832011783455,True,,Control,G17,3,d7,Plate1,/Users/pmihack/claire/tmem_2026/data/cleaved_tmem_pld3_260821/d7/Z59_PLD_Control/PLD3Control_Plate1_d7_TMEM561LAMP1640MAP2488DAPI405_G17_F3.nd2,12
5,23826,10,0.044405271552085956,1.2340512,493.4358825683594,11756603.0,7.922561156653664,0.0,0.18622471192989756,True,,Control,G17,3,d7,Plate1,/Users/pmihack/claire/tmem_2026/data/cleaved_tmem_pld3_260821/d7/Z59_PLD_Control/PLD3Control_Plate1_d7_TMEM561LAMP1640MAP2488DAPI405_G17_F3.nd2,12
6,33014,7,0.060731810746955835,3.340902857142857,718.177978515625,23709928.0,9.675154027490507,1.2990339200769085e-05,0.04498448068336627,True,,Control,G17,3,d7,Plate1,/Users/pmihack/claire/tmem_2026/data/cleaved_tmem_pld3_260821/d7/Z59_PLD_Control/PLD3Control_Plate1_d7_TMEM561LAMP1640MAP2488DAPI405_G17_F3.nd2,12
7,23010,5,0.0192090395480226,1.0310976,300.097900390625,6905253.0,10.686843848298965,0.0,0.053502602570164474,True,,Control,G17,3,d7,Plate1,/Users/pmihack/claire/tmem_2026/data/cleaved_tmem_pld3_260821/d7/Z59_PLD_Control/PLD3Control_Plate1_d7_TMEM561LAMP1640MAP2488DAPI405_G17_F3.nd2,12
8,9147,3,0.10079807587187056,3.5847359999999995,973.05224609375,8900509.0,27.363898045009105,0.0,0.43532457591214385,True,,Control,G17,3,d7,Plate1,/Users/pmihack/claire/tmem_2026/data/cleaved_tmem_pld3_260821/d7/Z59_PLD_Control/PLD3Control_Plate1_d7_TMEM561LAMP1640MAP2488DAPI405_G17_F3.nd2,12
9,7034,9,0.168040943986352,1.531872,1593.376708984375,11207812.0,16.072692335354038,0.0,0.49334998903078564,True,,Control,G17,3,d7,Plate1,/Users/pmihack/claire/tmem_2026/data/cleaved_tmem_pld3_260821/d7/Z59_PLD_Control/PLD3Control_Plate1_d7_TMEM561LAMP1640MAP2488DAPI405_G17_F3.nd2,12
10,26450,8,0.08170132325141777,3.1507379999999996,803.890380859375,21262900.0,10.826637541727834,0.0,0.28095579874537985,True,,Control,G17,3,d7,Plate1,/Users/pmihack/claire/tmem_2026/data/cleaved_tmem_pld3_260821/d7/Z59_PLD_Control/PLD3Control_Plate1_d7_TMEM561LAMP1640MAP2488DAPI405_G17_F3.nd2,12
11,9174,16,0.12720732504905166,0.8507429999999999,1391.231689453125,12763159.0,15.35394829471284,0.0,0.13897042281202177,True,,Control,G17,3,d7,Plate1,/Users/pmihack/claire/tmem_2026/data/cleaved_tmem_pld3_260821/d7/Z59_PLD_Control/PLD3Control_Plate1_d7_TMEM561LAMP1640MAP2488DAPI405_G17_F3.nd2,12
12,14998,9,0.026070142685691425,0.506736,475.5336608886719,7132054.0,22.052288423078988,0.0,0.2847530295198839,True,,Control,G17,3,d7,Plate1,/Users/pmihack/claire/tmem_2026/data/cleaved_tmem_pld3_260821/d7/Z59_PLD_Control/PLD3Control_Plate1_d7_TMEM561LAMP1640MAP2488DAPI405_G17_F3.nd2,12
13,20000,6,0.09135,3.5516879999999995,902.9370727539062,18058742.0,14.19041670032054,0.0,0.0863826266479801,True,,Control,G17,3,d7,Plate1,/Users/pmihack/claire/tmem_2026/data/cleaved_tmem_pld3_260821/d7/Z59_PLD_Control/PLD3Control_Plate1_d7_TMEM561LAMP1640MAP2488DAPI405_G17_F3.nd2,12
14,8338,13,0.06344447109618613,0.4746350769230769,1013.3518676757812,8449328.0,15.973754203455643,0.0,-0.020111845370187908,True,,Control,G17,3,d7,Plate1,/Users/pmihack/claire/tmem_2026/data/cleaved_tmem_pld3_260821/d7/Z59_PLD_Control/PLD3Control_Plate1_d7_TMEM561LAMP1640MAP2488DAPI405_G17_F3.nd2,12
15,19336,6,0.05285477865122052,1.9867679999999999,588.8239135742188,11385499.0,11.680326225781196,0.0,0.08155417912585784,True,,Control,G17,3,d7,Plate1,/Users/pmihack/claire/tmem_2026/data/cleaved_tmem_pld3_260821/d7/Z59_PLD_Control/PLD3Control_Plate1_d7_TMEM561LAMP1640MAP2488DAPI405_G17_F3.nd2,12
16,5931,0,0.0,0.0,79.4076919555664,470967.0,,0.0,-0.11147856755016967,True,,Control,G17,3,d7,Plate1,/Users/pmihack/claire/tmem_2026/data/cleaved_tmem_pld3_260821/d7/Z59_PLD_Control/PLD3Control_Plate1_d7_TMEM561LAMP1640MAP2488DAPI405_G17_F3.nd2,12
17,13281,12,0.06513063775318123,0.8407799999999999,738.7597045898438,9811468.0,32.39697728216928,0.0,0.3132291335132511,True,,Control,G17,3,d7,Plate1,/Users/pmihack/claire/tmem_2026/data/cleaved_tmem_pld3_260821/d7/Z59_PLD_Control/PLD3Control_Plate1_d7_TMEM561LAMP1640MAP2488DAPI405_G17_F3.nd2,12
1,13005,14,0.16401384083044981,1.7770937142857142,1711.96484375,22264102.0,10.610283627916594,0.002192542888224125,0.016594335064088108,True,,Control,G17,4,d7,Plate1,/Users/pmihack/claire/tmem_2026/data/cleaved_tmem_pld3_260821/d7/Z59_PLD_Control/PLD3Control_Plate1_d7_TMEM561LAMP1640MAP2488DAPI405_G17_F4.nd2,14
2,29728,7,0.07222147470398278,3.5775154285714286,796.951416015625,23691772.0,18.382557232894957,0.0,0.27927210347922676,True,,Control,G17,4,d7,Plate1,/Users/pmihack/claire/tmem_2026/data/cleaved_tmem_pld3_260821/d7/Z59_PLD_Control/PLD3Control_Plate1_d7_TMEM561LAMP1640MAP2488DAPI405_G17_F4.nd2,14
3,13066,10,0.005893157814174193,0.0898128,241.3199920654297,3153087.0,10.82112007013299,0.0,0.11864288821541139,True,,Control,G17,4,d7,Plate1,/Users/pmihack/claire/tmem_2026/data/cleaved_tmem_pld3_260821/d7/Z59_PLD_Control/PLD3Control_Plate1_d7_TMEM561LAMP1640MAP2488DAPI405_G17_F4.nd2,14
4,6285,2,0.014001591089896579,0.513216,362.94989013671875,2281140.0,24.33137341946731,0.0,0.18101502271889527,True,,Control,G17,4,d7,Plate1,/Users/pmihack/claire/tmem_2026/data/cleaved_tmem_pld3_260821/d7/Z59_PLD_Control/PLD3Control_Plate1_d7_TMEM561LAMP1640MAP2488DAPI405_G17_F4.nd2,14
5,9183,5,0.029184362408798868,0.6251903999999999,414.75238037109375,3808671.0,4.786050680217186,0.0,0.09781237928420729,True,,Control,G17,4,d7,Plate1,/Users/pmihack/claire/tmem_2026/data/cleaved_tmem_pld3_260821/d7/Z59_PLD_Control/PLD3Control_Plate1_d7_TMEM561LAMP1640MAP2488DAPI405_G17_F4.nd2,14
6,10107,4,0.003759770456119521,0.11080799999999999,122.20807647705078,1235157.0,25.674420106720813,0.0,-0.017335671898972782,True,,Control,G17,4,d7,Plate1,/Users/pmihack/claire/tmem_2026/data/cleaved_tmem_pld3_260821/d7/Z59_PLD_Control/PLD3Control_Plate1_d7_TMEM561LAMP1640MAP2488DAPI405_G17_F4.nd2,14
7,8027,4,0.08907437398779121,2.08494,896.9686279296875,7199967.0,9.342646849227647,0.0,0.3599693198775974,True,,Control,G17,4,d7,Plate1,/Users/pmihack/claire/tmem_2026/data/cleaved_tmem_pld3_260821/d7/Z59_PLD_Control/PLD3Control_Plate1_d7_TMEM561LAMP1640MAP2488DAPI405_G17_F4.nd2,14
8,28689,10,0.04569695702185507,1.5291503999999998,516.7150268554688,14824037.0,2.9037849563917857,2.165402111131698e-05,0.03105550335804764,True,,Control,G17,4,d7,Plate1,/Users/pmihack/claire/tmem_2026/data/cleaved_tmem_pld3_260821/d7/Z59_PLD_Control/PLD3Control_Plate1_d7_TMEM561LAMP1640MAP2488DAPI405_G17_F4.nd2,14
9,9071,5,0.1918200859883144,4.059072,1969.0892333984375,17861608.0,25.950651453975727,0.00010934066085610539,0.00732115955316495,True,,Control,G17,4,d7,Plate1,/Users/pmihack/claire/tmem_2026/data/cleaved_tmem_pld3_260821/d7/Z59_PLD_Control/PLD3Control_Plate1_d7_TMEM561LAMP1640MAP2488DAPI405_G17_F4.nd2,14
10,10143,14,0.03953465444148674,0.3340902857142857,568.9341430664062,5770699.0,25.60740712053343,0.0,0.07699866696205822,True,,Control,G17,4,d7,Plate1,/Users/pmihack/claire/tmem_2026/data/cleaved_tmem_pld3_260821/d7/Z59_PLD_Control/PLD3Control_Plate1_d7_TMEM561LAMP1640MAP2488DAPI405_G17_F4.nd2,14
11,19843,14,0.13344756337247393,2.2061622857142855,1373.264892578125,27249696.0,4.184253130294247,9.467995369050186e-06,0.026392661728832287,True,,Control,G17,4,d7,Plate1,/Users/pmihack/claire/tmem_2026/data/cleaved_tmem_pld3_260821/d7/Z59_PLD_Control/PLD3Control_Plate1_d7_TMEM561LAMP1640MAP2488DAPI405_G17_F4.nd2,14
12,15774,15,0.1203245847597312,1.4758847999999998,1904.67431640625,30044332.0,27.109533773098487,0.00018995263963006437,0.03445904528706386,False,border,Control,G17,4,d7,Plate1,/Users/pmihack/claire/tmem_2026/data/cleaved_tmem_pld3_260821/d7/Z59_PLD_Control/PLD3Control_Plate1_d7_TMEM561LAMP1640MAP2488DAPI405_G17_F4.nd2,14
13,14089,3,0.12151323727730853,6.656255999999999,1579.04638671875,22247184.0,9.090445695649416,0.0,0.19986907787762614,True,,Control,G17,4,d7,Plate1,/Users/pmihack/claire/tmem_2026/data/cleaved_tmem_pld3_260821/d7/Z59_PLD_Control/PLD3Control_Plate1_d7_TMEM561LAMP1640MAP2488DAPI405_G17_F4.nd2,14
14,11813,8,0.11800558706509777,2.0324519999999997,1178.0311279296875,13916081.0,16.53271328322826,0.0,0.3990319982296615,True,,Control,G17,4,d7,Plate1,/Users/pmihack/claire/tmem_2026/data/cleaved_tmem_pld3_260821/d7/Z59_PLD_Control/PLD3Control_Plate1_d7_TMEM561LAMP1640MAP2488DAPI405_G17_F4.nd2,14
15,9230,1,0.06305525460455037,6.788448,1350.7813720703125,12467712.0,14.517882128175629,2.6067333237733692e-05,0.039532348547615476,True,,Control,G17,4,d7,Plate1,/Users/pmihack/claire/tmem_2026/data/cleaved_tmem_pld3_260821/d7/Z59_PLD_Control/PLD3Control_Plate1_d7_TMEM561LAMP1640MAP2488DAPI405_G17_F4.nd2,14
16,10241,5,0.15047358656381213,3.5948447999999997,1542.74072265625,15799208.0,19.968523389027574,0.0,0.2432436109714369,True,,Control,G17,4,d7,Plate1,/Users/pmihack/claire/tmem_2026/data/cleaved_tmem_pld3_260821/d7/Z59_PLD_Control/PLD3Control_Plate1_d7_TMEM561LAMP1640MAP2488DAPI405_G17_F4.nd2,14
17,6938,7,0.040933986739694436,0.4732251428571428,682.4756469726562,4735016.0,15.099583060027848,0.0,0.14734783532247406,True,,Control,G17,4,d7,Plate1,/Users/pmihack/claire/tmem_2026/data/cleaved_tmem_pld3_260821/d7/Z59_PLD_Control/PLD3Control_Plate1_d7_TMEM561LAMP1640MAP2488DAPI405_G17_F4.nd2,14
18,8773,11,0.17428473726205404,1.6212959999999998,1885.800048828125,16544124.0,17.351907293792355,4.835553681914462e-07,0.07594090090640433,True,,Control,G17,4,d7,Plate1,/Users/pmihack/claire/tmem_2026/data/cleaved_tmem_pld3_260821/d7/Z59_PLD_Control/PLD3Control_Plate1_d7_TMEM561LAMP1640MAP2488DAPI405_G17_F4.nd2,14
19,11988,3,0.09693026359693026,4.517855999999999,1475.279052734375,17685646.0,14.721088691384654,0.0,0.5671071094463792,True,,Control,G17,4,d7,Plate1,/Users/pmihack/claire/tmem_2026/data/cleaved_tmem_pld3_260821/d7/Z59_PLD_Control/PLD3Control_Plate1_d7_TMEM561LAMP1640MAP2488DAPI405_G17_F4.nd2,14
20,9228,2,0.11833550065019506,6.368543999999999,1519.5859375,14022739.0,11.446322231292912,0.0,0.3038261519261254,True,,Control,G17,4,d7,Plate1,/Users/pmihack/claire/tmem_2026/data/cleaved_tmem_pld3_260821/d7/Z59_PLD_Control/PLD3Control_Plate1_d7_TMEM561LAMP1640MAP2488DAPI405_G17_F4.nd2,14
21,10806,6,0.05931889690912456,1.2461039999999999,639.1097412109375,6906220.0,35.454579709149364,0.0,0.3599576961686634,True,,Control,G17,4,d7,Plate1,/Users/pmihack/claire/tmem_2026/data/cleaved_tmem_pld3_260821/d7/Z59_PLD_Control/PLD3Control_Plate1_d7_TMEM561LAMP1640MAP2488DAPI405_G17_F4.nd2,14
22,10945,6,0.13293741434444953,2.8285199999999997,1411.7889404296875,15452030.0,15.225545431158068,4.911976066068746e-05,0.08207514645567848,True,,Control,G17,4,d7,Plate1,/Users/pmihack/claire/tmem_2026/data/cleaved_tmem_pld3_260821/d7/Z59_PLD_Control/PLD3Control_Plate1_d7_TMEM561LAMP1640MAP2488DAPI405_G17_F4.nd2,14
23,6840,4,0.060526315789473685,1.2072239999999999,607.0816040039062,4152438.0,24.646511264995553,0.0,0.6996630078220244,True,,Control,G17,4,d7,Plate1,/Users/pmihack/claire/tmem_2026/data/cleaved_tmem_pld3_260821/d7/Z59_PLD_Control/PLD3Control_Plate1_d7_TMEM561LAMP1640MAP2488DAPI405_G17_F4.nd2,14
24,12256,2,0.020724543080939947,1.481328,330.03369140625,4044893.0,16.96200176146773,0.0,0.311721734351353,False,border,Control,G17,4,d7,Plate1,/Users/pmihack/claire/tmem_2026/data/cleaved_tmem_pld3_260821/d7/Z59_PLD_Control/PLD3Control_Plate1_d7_TMEM561LAMP1640MAP2488DAPI405_G17_F4.nd2,14
25,7825,2,0.0038338658146964857,0.17495999999999998,91.30415344238281,714455.0,20.32414457241856,0.0,0.18303163113717724,False,border,Control,G17,4,d7,Plate1,/Users/pmihack/claire/tmem_2026/data/cleaved_tmem_pld3_260821/d7/Z59_PLD_Control/PLD3Control_Plate1_d7_TMEM561LAMP1640MAP2488DAPI405_G17_F4.nd2,14
1,13971,3,0.14673251735738316,7.9704,1261.9921875,17631292.0,10.047807152648025,0.0002772910811472684,0.007093190448583905,True,,Control,H17,1,d7,Plate1,/Users/pmihack/claire/tmem_2026/data/cleaved_tmem_pld3_260821/d7/Z59_PLD_Control/PLD3Control_Plate1_d7_TMEM561LAMP1640MAP2488DAPI405_H17_F1.nd2,14
2,380,0,0.0,0.0,28.094736099243164,10676.0,,0.0,-0.011893758556948972,False,size_outlier,Control,H17,1,d7,Plate1,/Users/pmihack/claire/tmem_2026/data/cleaved_tmem_pld3_260821/d7/Z59_PLD_Control/PLD3Control_Plate1_d7_TMEM561LAMP1640MAP2488DAPI405_H17_F1.nd2,14
3,425,0,0.0,0.0,33.6588249206543,14305.0,,0.0,-0.1612351941545094,False,size_outlier,Control,H17,1,d7,Plate1,/Users/pmihack/claire/tmem_2026/data/cleaved_tmem_pld3_260821/d7/Z59_PLD_Control/PLD3Control_Plate1_d7_TMEM561LAMP1640MAP2488DAPI405_H17_F1.nd2,14
4,545,0,0.0,0.0,31.027523040771484,16910.0,,0.0,0.0090934802828568,False,size_outlier,Control,H17,1,d7,Plate1,/Users/pmihack/claire/tmem_2026/data/cleaved_tmem_pld3_260821/d7/Z59_PLD_Control/PLD3Control_Plate1_d7_TMEM561LAMP1640MAP2488DAPI405_H17_F1.nd2,14
5,11837,6,0.13026949395961815,2.997648,1231.397705078125,14576055.0,0.571882363109772,0.0,0.07158819883370687,True,,Control,H17,1,d7,Plate1,/Users/pmihack/claire/tmem_2026/data/cleaved_tmem_pld3_260821/d7/Z59_PLD_Control/PLD3Control_Plate1_d7_TMEM561LAMP1640MAP2488DAPI405_H17_F1.nd2,14
6,10086,7,0.2131667658139996,3.5825142857142858,2531.969970703125,25537448.0,3.7930212187338257,0.0,0.1867442313206344,True,,Control,H17,1,d7,Plate1,/Users/pmihack/claire/tmem_2026/data/cleaved_tmem_pld3_260821/d7/Z59_PLD_Control/PLD3Control_Plate1_d7_TMEM561LAMP1640MAP2488DAPI405_H17_F1.nd2,14
7,11418,13,0.15519355403748467,1.5898929230769232,1690.551025390625,19302712.0,18.526488677391274,0.00011392181477276608,-0.027779235632339572,True,,Control,H17,1,d7,Plate1,/Users/pmihack/claire/tmem_2026/data/cleaved_tmem_pld3_260821/d7/Z59_PLD_Control/PLD3Control_Plate1_d7_TMEM561LAMP1640MAP2488DAPI405_H17_F1.nd2,14
8,25827,7,0.10318658767956015,4.440651428571428,1390.3115234375,35907576.0,4.296608047246984,0.0,0.16896107611924654,True,,Control,H17,1,d7,Plate1,/Users/pmihack/claire/tmem_2026/data/cleaved_tmem_pld3_260821/d7/Z59_PLD_Control/PLD3Control_Plate1_d7_TMEM561LAMP1640MAP2488DAPI405_H17_F1.nd2,14
9,16381,10,0.08473231182467493,1.6189632,888.2334594726562,14550152.0,11.000040306271908,0.0,0.33085597883383333,True,,Control,H17,1,d7,Plate1,/Users/pmihack/claire/tmem_2026/data/cleaved_tmem_pld3_260821/d7/Z59_PLD_Control/PLD3Control_Plate1_d7_TMEM561LAMP1640MAP2488DAPI405_H17_F1.nd2,14
10,14280,8,0.1830532212885154,3.811212,1973.4703369140625,28181156.0,10.29197189013336,0.0,0.056676381654428835,True,,Control,H17,1,d7,Plate1,/Users/pmihack/claire/tmem_2026/data/cleaved_tmem_pld3_260821/d7/Z59_PLD_Control/PLD3Control_Plate1_d7_TMEM561LAMP1640MAP2488DAPI405_H17_F1.nd2,14
11,14940,6,0.14357429718875503,4.16988,1302.1748046875,19454492.0,10.754574769089952,0.0,0.5026079397613751,True,,Control,H17,1,d7,Plate1,/Users/pmihack/claire/tmem_2026/data/cleaved_tmem_pld3_260821/d7/Z59_PLD_Control/PLD3Control_Plate1_d7_TMEM561LAMP1640MAP2488DAPI405_H17_F1.nd2,14
12,30129,33,0.032394038965780476,0.3449716363636363,631.1847534179688,19016966.0,3.826910708325789,0.0,0.09115667071729491,True,,Control,H17,1,d7,Plate1,/Users/pmihack/claire/tmem_2026/data/cleaved_tmem_pld3_260821/d7/Z59_PLD_Control/PLD3Control_Plate1_d7_TMEM561LAMP1640MAP2488DAPI405_H17_F1.nd2,14
13,10717,16,0.15890641037603806,1.2414869999999998,1811.21923828125,19410836.0,5.469205476651315,0.0,0.13970589515598106,True,,Control,H17,1,d7,Plate1,/Users/pmihack/claire/tmem_2026/data/cleaved_tmem_pld3_260821/d7/Z59_PLD_Control/PLD3Control_Plate1_d7_TMEM561LAMP1640MAP2488DAPI405_H17_F1.nd2,14
14,14055,11,0.11853432942013518,1.7665658181818182,1235.8057861328125,17369250.0,6.716649477485008,0.0,0.5362083308313587,True,,Control,H17,1,d7,Plate1,/Users/pmihack/claire/tmem_2026/data/cleaved_tmem_pld3_260821/d7/Z59_PLD_Control/PLD3Control_Plate1_d7_TMEM561LAMP1640MAP2488DAPI405_H17_F1.nd2,14
15,5162,6,0.02479659046881054,0.24883199999999997,637.0592651367188,3288500.0,28.119649125339752,0.0,0.04188884939747871,True,,Control,H17,1,d7,Plate1,/Users/pmihack/claire/tmem_2026/data/cleaved_tmem_pld3_260821/d7/Z59_PLD_Control/PLD3Control_Plate1_d7_TMEM561LAMP1640MAP2488DAPI405_H17_F1.nd2,14
16,8320,2,0.2049278846153846,9.94356,2270.38623046875,18889614.0,23.772131233487357,0.0,0.3352370143487823,True,,Control,H17,1,d7,Plate1,/Users/pmihack/claire/tmem_2026/data/cleaved_tmem_pld3_260821/d7/Z59_PLD_Control/PLD3Control_Plate1_d7_TMEM561LAMP1640MAP2488DAPI405_H17_F1.nd2,14
1,9819,7,0.08524289642529789,1.3946811428571426,951.3116455078125,9340929.0,30.038708830061115,0.0,0.1479426184926367,True,,Control,H17,2,d7,Plate1,/Users/pmihack/claire/tmem_2026/data/cleaved_tmem_pld3_260821/d7/Z59_PLD_Control/PLD3Control_Plate1_d7_TMEM561LAMP1640MAP2488DAPI405_H17_F2.nd2,11
2,13628,9,0.1166715585559143,2.06064,1019.1390991210938,13888828.0,30.446775955136918,0.0009276520577259362,-0.01384725923542527,True,,Control,H17,2,d7,Plate1,/Users/pmihack/claire/tmem_2026/data/cleaved_tmem_pld3_260821/d7/Z59_PLD_Control/PLD3Control_Plate1_d7_TMEM561LAMP1640MAP2488DAPI405_H17_F2.nd2,11
3,14176,5,0.10052200902934537,3.3242399999999996,1132.5504150390625,16055035.0,3.078310649145292,0.0,0.35466251946564126,True,,Control,H17,2,d7,Plate1,/Users/pmihack/claire/tmem_2026/data/cleaved_tmem_pld3_260821/d7/Z59_PLD_Control/PLD3Control_Plate1_d7_TMEM561LAMP1640MAP2488DAPI405_H17_F2.nd2,11
4,22379,4,0.059654140042003666,3.8928599999999998,566.74951171875,12683287.0,5.059557961266182,0.0,0.06076663764875865,True,,Control,H17,2,d7,Plate1,/Users/pmihack/claire/tmem_2026/data/cleaved_tmem_pld3_260821/d7/Z59_PLD_Control/PLD3Control_Plate1_d7_TMEM561LAMP1640MAP2488DAPI405_H17_F2.nd2,11
5,13697,5,0.10286924143973133,3.2869151999999997,986.29736328125,13509315.0,4.214851007276699,0.0,0.2591514383875971,True,,Control,H17,2,d7,Plate1,/Users/pmihack/claire/tmem_2026/data/cleaved_tmem_pld3_260821/d7/Z59_PLD_Control/PLD3Control_Plate1_d7_TMEM561LAMP1640MAP2488DAPI405_H17_F2.nd2,11
6,10191,3,0.12854479442645472,5.09328,1263.8590087890625,12879987.0,8.947323859066078,0.0,0.21551408500065164,True,,Control,H17,2,d7,Plate1,/Users/pmihack/claire/tmem_2026/data/cleaved_tmem_pld3_260821/d7/Z59_PLD_Control/PLD3Control_Plate1_d7_TMEM561LAMP1640MAP2488DAPI405_H17_F2.nd2,11
7,24408,10,0.09505080301540479,2.7060479999999996,1094.465576171875,26713716.0,16.60171110822867,0.0,0.1323605624016665,True,,Control,H17,2,d7,Plate1,/Users/pmihack/claire/tmem_2026/data/cleaved_tmem_pld3_260821/d7/Z59_PLD_Control/PLD3Control_Plate1_d7_TMEM561LAMP1640MAP2488DAPI405_H17_F2.nd2,11
8,22902,11,0.14741070648851629,3.5797876363636365,1406.4205322265625,32209844.0,14.1120506026726,0.0,0.18333855821212455,True,,Control,H17,2,d7,Plate1,/Users/pmihack/claire/tmem_2026/data/cleaved_tmem_pld3_260821/d7/Z59_PLD_Control/PLD3Control_Plate1_d7_TMEM561LAMP1640MAP2488DAPI405_H17_F2.nd2,11
9,15849,5,0.11514922077102656,4.257359999999999,1352.4189453125,21434488.0,19.957727071637613,0.0,0.21812375553882213,True,,Control,H17,2,d7,Plate1,/Users/pmihack/claire/tmem_2026/data/cleaved_tmem_pld3_260821/d7/Z59_PLD_Control/PLD3Control_Plate1_d7_TMEM561LAMP1640MAP2488DAPI405_H17_F2.nd2,11
10,22113,13,0.09171075837742504,1.8195839999999999,889.4534301757812,19668484.0,8.906079664413012,0.0,0.026464954218828537,True,,Control,H17,2,d7,Plate1,/Users/pmihack/claire/tmem_2026/data/cleaved_tmem_pld3_260821/d7/Z59_PLD_Control/PLD3Control_Plate1_d7_TMEM561LAMP1640MAP2488DAPI405_H17_F2.nd2,11
11,19862,10,0.09394824287584332,2.1765024,865.7567138671875,17195660.0,5.7022242877457865,7.036659098957898e-06,0.009932386245666214,True,,Control,H17,2,d7,Plate1,/Users/pmihack/claire/tmem_2026/data/cleaved_tmem_pld3_260821/d7/Z59_PLD_Control/PLD3Control_Plate1_d7_TMEM561LAMP1640MAP2488DAPI405_H17_F2.nd2,11
12,8956,3,0.18367574810183118,6.39576,2051.684326171875,18374884.0,23.56133649740525,0.0,0.4404874127076611,True,,Control,H17,2,d7,Plate1,/Users/pmihack/claire/tmem_2026/data/cleaved_tmem_pld3_260821/d7/Z59_PLD_Control/PLD3Control_Plate1_d7_TMEM561LAMP1640MAP2488DAPI405_H17_F2.nd2,11
13,16,0,0.0,0.0,758.5,12136.0,,0.0,0.09643161401863078,False,size_outlier,Control,H17,2,d7,Plate1,/Users/pmihack/claire/tmem_2026/data/cleaved_tmem_pld3_260821/d7/Z59_PLD_Control/PLD3Control_Plate1_d7_TMEM561LAMP1640MAP2488DAPI405_H17_F2.nd2,11
14,14333,4,0.0842810297913905,3.522528,825.2147216796875,11827803.0,4.271620384239518,0.0,0.17036352296846088,True,,Control,H17,2,d7,Plate1,/Users/pmihack/claire/tmem_2026/data/cleaved_tmem_pld3_260821/d7/Z59_PLD_Control/PLD3Control_Plate1_d7_TMEM561LAMP1640MAP2488DAPI405_H17_F2.nd2,11
15,16096,7,0.07672713717693837,2.0578628571428568,901.2315673828125,14506223.0,16.068744018012403,0.0,0.2658423900284144,True,,Control,H17,2,d7,Plate1,/Users/pmihack/claire/tmem_2026/data/cleaved_tmem_pld3_260821/d7/Z59_PLD_Control/PLD3Control_Plate1_d7_TMEM561LAMP1640MAP2488DAPI405_H17_F2.nd2,11
16,13979,3,0.0036483296373131125,0.198288,81.46427154541016,1138789.0,16.516311869553405,0.0,-0.030237386972968426,True,,Control,H17,2,d7,Plate1,/Users/pmihack/claire/tmem_2026/data/cleaved_tmem_pld3_260821/d7/Z59_PLD_Control/PLD3Control_Plate1_d7_TMEM561LAMP1640MAP2488DAPI405_H17_F2.nd2,11
17,16345,17,0.019944937289691038,0.22367435294117644,367.53533935546875,6007365.0,14.877206741173655,0.0,0.021397904528817964,True,,Control,H17,2,d7,Plate1,/Users/pmihack/claire/tmem_2026/data/cleaved_tmem_pld3_260821/d7/Z59_PLD_Control/PLD3Control_Plate1_d7_TMEM561LAMP1640MAP2488DAPI405_H17_F2.nd2,11
18,18186,4,0.08819971406576488,4.677263999999999,852.0579833984375,15495526.0,21.238414369606513,4.097957207704894e-05,-0.00531044191412067,True,,Control,H17,2,d7,Plate1,/Users/pmihack/claire/tmem_2026/data/cleaved_tmem_pld3_260821/d7/Z59_PLD_Control/PLD3Control_Plate1_d7_TMEM561LAMP1640MAP2488DAPI405_H17_F2.nd2,11
19,22020,8,0.092188919164396,2.9597399999999996,1037.76220703125,22851524.0,12.934512569172004,0.0,0.15021484295158505,True,,Control,H17,2,d7,Plate1,/Users/pmihack/claire/tmem_2026/data/cleaved_tmem_pld3_260821/d7/Z59_PLD_Control/PLD3Control_Plate1_d7_TMEM561LAMP1640MAP2488DAPI405_H17_F2.nd2,11
20,12874,11,0.09530837346590026,1.3010661818181817,904.22216796875,11640956.0,15.44459142678899,0.0,0.11202986949815484,True,,Control,H17,2,d7,Plate1,/Users/pmihack/claire/tmem_2026/data/cleaved_tmem_pld3_260821/d7/Z59_PLD_Control/PLD3Control_Plate1_d7_TMEM561LAMP1640MAP2488DAPI405_H17_F2.nd2,11
21,29246,7,0.10780961499008411,5.253798857142857,990.2593994140625,28961126.0,9.76235711320202,2.0095903892070055e-05,-0.0039487559810760155,True,,Control,H17,2,d7,Plate1,/Users/pmihack/claire/tmem_2026/data/cleaved_tmem_pld3_260821/d7/Z59_PLD_Control/PLD3Control_Plate1_d7_TMEM561LAMP1640MAP2488DAPI405_H17_F2.nd2,11
22,36140,24,0.14266740453790813,2.505816,1712.1441650390625,61876892.0,8.657826012458349,0.0,0.02985807728689642,True,,Control,H17,2,d7,Plate1,/Users/pmihack/claire/tmem_2026/data/cleaved_tmem_pld3_260821/d7/Z59_PLD_Control/PLD3Control_Plate1_d7_TMEM561LAMP1640MAP2488DAPI405_H17_F2.nd2,11
23,5173,3,0.11965977189251885,2.406672,1066.9794921875,5519485.0,20.199240197263876,0.0,0.2530393820297653,True,,Control,H17,2,d7,Plate1,/Users/pmihack/claire/tmem_2026/data/cleaved_tmem_pld3_260821/d7/Z59_PLD_Control/PLD3Control_Plate1_d7_TMEM561LAMP1640MAP2488DAPI405_H17_F2.nd2,11
24,15,1,0.9333333333333333,0.163296,6483.7998046875,97257.0,413.3674373096803,0.0,0.788848670727082,False,size_outlier,Control,H17,2,d7,Plate1,/Users/pmihack/claire/tmem_2026/data/cleaved_tmem_pld3_260821/d7/Z59_PLD_Control/PLD3Control_Plate1_d7_TMEM561LAMP1640MAP2488DAPI405_H17_F2.nd2,11
25,2039,4,0.03727317312408043,0.22161599999999998,969.8965454101562,1977619.0,41.48568475909483,0.0,0.20224146419770192,True,,Control,H17,2,d7,Plate1,/Users/pmihack/claire/tmem_2026/data/cleaved_tmem_pld3_260821/d7/Z59_PLD_Control/PLD3Control_Plate1_d7_TMEM561LAMP1640MAP2488DAPI405_H17_F2.nd2,11
1,7106,10,0.16380523501266536,1.3576896,1727.7037353515625,12277063.0,26.6717647508967,0.0,0.22657527148239054,True,,Control,H17,3,d7,Plate1,/Users/pmihack/claire/tmem_2026/data/cleaved_tmem_pld3_260821/d7/Z59_PLD_Control/PLD3Control_Plate1_d7_TMEM561LAMP1640MAP2488DAPI405_H17_F3.nd2,12
2,9253,8,0.14449367772614288,1.9493459999999998,1438.084716796875,13306598.0,9.143187480167402,0.0,-0.005611633739239769,True,,Control,H17,3,d7,Plate1,/Users/pmihack/claire/tmem_2026/data/cleaved_tmem_pld3_260821/d7/Z59_PLD_Control/PLD3Control_Plate1_d7_TMEM561LAMP1640MAP2488DAPI405_H17_F3.nd2,12
3,5666,0,0.0,0.0,72.29121398925781,409602.0,,0.0,-0.04472824828440893,True,,Control,H17,3,d7,Plate1,/Users/pmihack/claire/tmem_2026/data/cleaved_tmem_pld3_260821/d7/Z59_PLD_Control/PLD3Control_Plate1_d7_TMEM561LAMP1640MAP2488DAPI405_H17_F3.nd2,12
4,9262,4,0.09285251565536601,2.5077599999999998,975.1491088867188,9031831.0,14.190764302058568,0.0,0.09757448874251812,True,,Control,H17,3,d7,Plate1,/Users/pmihack/claire/tmem_2026/data/cleaved_tmem_pld3_260821/d7/Z59_PLD_Control/PLD3Control_Plate1_d7_TMEM561LAMP1640MAP2488DAPI405_H17_F3.nd2,12
5,29232,14,0.0616447728516694,1.5013234285714285,664.0822143554688,19412452.0,12.611349899187909,0.0,0.006983035872016432,True,,Control,H17,3,d7,Plate1,/Users/pmihack/claire/tmem_2026/data/cleaved_tmem_pld3_260821/d7/Z59_PLD_Control/PLD3Control_Plate1_d7_TMEM561LAMP1640MAP2488DAPI405_H17_F3.nd2,12
6,8496,9,0.2339924670433145,2.5764479999999996,2251.060791015625,19125012.0,17.458355422697473,0.0,0.3675824736997714,True,,Control,H17,3,d7,Plate1,/Users/pmihack/claire/tmem_2026/data/cleaved_tmem_pld3_260821/d7/Z59_PLD_Control/PLD3Control_Plate1_d7_TMEM561LAMP1640MAP2488DAPI405_H17_F3.nd2,12
7,24785,4,0.07129312083921727,5.152571999999999,695.4428100585938,17236550.0,6.604866269471653,0.0,0.18404993330457897,True,,Control,H17,3,d7,Plate1,/Users/pmihack/claire/tmem_2026/data/cleaved_tmem_pld3_260821/d7/Z59_PLD_Control/PLD3Control_Plate1_d7_TMEM561LAMP1640MAP2488DAPI405_H17_F3.nd2,12
8,18705,0,0.0,0.0,176.10018920898438,3293954.0,,0.0,0.12247199310531706,True,,Control,H17,3,d7,Plate1,/Users/pmihack/claire/tmem_2026/data/cleaved_tmem_pld3_260821/d7/Z59_PLD_Control/PLD3Control_Plate1_d7_TMEM561LAMP1640MAP2488DAPI405_H17_F3.nd2,12
9,18637,8,0.09186027794172882,2.4960959999999996,1059.994873046875,19755124.0,18.07487730318491,0.0,0.029144728979096368,True,,Control,H17,3,d7,Plate1,/Users/pmihack/claire/tmem_2026/data/cleaved_tmem_pld3_260821/d7/Z59_PLD_Control/PLD3Control_Plate1_d7_TMEM561LAMP1640MAP2488DAPI405_H17_F3.nd2,12
10,39091,31,0.07037425494359316,1.0350859354838708,847.0948486328125,33113784.0,9.28556089196539,0.00011919507960556075,0.014371650935158707,True,,Control,H17,3,d7,Plate1,/Users/pmihack/claire/tmem_2026/data/cleaved_tmem_pld3_260821/d7/Z59_PLD_Control/PLD3Control_Plate1_d7_TMEM561LAMP1640MAP2488DAPI405_H17_F3.nd2,12
11,11422,7,0.1334267203642094,2.5394194285714287,1534.7264404296875,17529646.0,17.045005111332276,0.0005480429972521961,-0.002026078422249503,True,,Control,H17,3,d7,Plate1,/Users/pmihack/claire/tmem_2026/data/cleaved_tmem_pld3_260821/d7/Z59_PLD_Control/PLD3Control_Plate1_d7_TMEM561LAMP1640MAP2488DAPI405_H17_F3.nd2,12
12,20126,12,0.1287389446487131,2.5184519999999995,1288.952392578125,25941456.0,13.763187275053548,0.0,0.019233389552783958,True,,Control,H17,3,d7,Plate1,/Users/pmihack/claire/tmem_2026/data/cleaved_tmem_pld3_260821/d7/Z59_PLD_Control/PLD3Control_Plate1_d7_TMEM561LAMP1640MAP2488DAPI405_H17_F3.nd2,12
13,10741,10,0.07839121124662508,0.9821088,900.086669921875,9667831.0,22.106281475542918,0.0,0.26504410348168217,True,,Control,H17,3,d7,Plate1,/Users/pmihack/claire/tmem_2026/data/cleaved_tmem_pld3_260821/d7/Z59_PLD_Control/PLD3Control_Plate1_d7_TMEM561LAMP1640MAP2488DAPI405_H17_F3.nd2,12
14,19646,13,0.041738776341239944,0.7357292307692307,544.2951049804688,10693222.0,18.963171149216272,0.0,0.0016889376519368807,True,,Control,H17,3,d7,Plate1,/Users/pmihack/claire/tmem_2026/data/cleaved_tmem_pld3_260821/d7/Z59_PLD_Control/PLD3Control_Plate1_d7_TMEM561LAMP1640MAP2488DAPI405_H17_F3.nd2,12
15,10417,3,0.001439953921474513,0.05832,73.86272430419922,769428.0,31.03417827901377,0.0,0.03739122436960584,True,,Control,H17,3,d7,Plate1,/Users/pmihack/claire/tmem_2026/data/cleaved_tmem_pld3_260821/d7/Z59_PLD_Control/PLD3Control_Plate1_d7_TMEM561LAMP1640MAP2488DAPI405_H17_F3.nd2,12
16,8200,8,0.10073170731707318,1.204308,1272.31005859375,10432942.0,30.18685443799119,0.0,0.0635154188588581,True,,Control,H17,3,d7,Plate1,/Users/pmihack/claire/tmem_2026/data/cleaved_tmem_pld3_260821/d7/Z59_PLD_Control/PLD3Control_Plate1_d7_TMEM561LAMP1640MAP2488DAPI405_H17_F3.nd2,12
17,6789,6,0.4189129474149359,5.528735999999999,4027.331298828125,27341552.0,26.439122550542425,0.0,0.3058838387534487,True,,Control,H17,3,d7,Plate1,/Users/pmihack/claire/tmem_2026/data/cleaved_tmem_pld3_260821/d7/Z59_PLD_Control/PLD3Control_Plate1_d7_TMEM561LAMP1640MAP2488DAPI405_H17_F3.nd2,12
1,8559,9,0.08739338707792967,0.9694079999999999,1015.9192504882812,8695253.0,0.7453429825631015,0.0,0.21384583008296898,True,,Control,H17,4,d7,Plate1,/Users/pmihack/claire/tmem_2026/data/cleaved_tmem_pld3_260821/d7/Z59_PLD_Control/PLD3Control_Plate1_d7_TMEM561LAMP1640MAP2488DAPI405_H17_F4.nd2,11
2,11390,3,0.032309043020193155,1.4307839999999998,405.1022033691406,4614114.0,3.2647050179672674,0.0,-0.001694538815025924,True,,Control,H17,4,d7,Plate1,/Users/pmihack/claire/tmem_2026/data/cleaved_tmem_pld3_260821/d7/Z59_PLD_Control/PLD3Control_Plate1_d7_TMEM561LAMP1640MAP2488DAPI405_H17_F4.nd2,11
3,11569,7,0.01184199152908635,0.22828114285714285,485.23095703125,5613637.0,18.13536697811353,0.0,-0.08092442262238392,True,,Control,H17,4,d7,Plate1,/Users/pmihack/claire/tmem_2026/data/cleaved_tmem_pld3_260821/d7/Z59_PLD_Control/PLD3Control_Plate1_d7_TMEM561LAMP1640MAP2488DAPI405_H17_F4.nd2,11
4,17446,1,0.04769001490312966,9.704448,489.72027587890625,8543660.0,9.014357094704302,0.0,-0.08903523330185775,True,,Control,H17,4,d7,Plate1,/Users/pmihack/claire/tmem_2026/data/cleaved_tmem_pld3_260821/d7/Z59_PLD_Control/PLD3Control_Plate1_d7_TMEM561LAMP1640MAP2488DAPI405_H17_F4.nd2,11
5,14942,3,0.049457903895060905,2.873232,585.540283203125,8749143.0,8.996703057688043,0.0,-0.02275595126790992,True,,Control,H17,4,d7,Plate1,/Users/pmihack/claire/tmem_2026/data/cleaved_tmem_pld3_260821/d7/Z59_PLD_Control/PLD3Control_Plate1_d7_TMEM561LAMP1640MAP2488DAPI405_H17_F4.nd2,11
6,17725,10,0.009703808180535966,0.2006208,383.4642639160156,6796904.0,5.160632838881823,0.0,0.02238936547139669,True,,Control,H17,4,d7,Plate1,/Users/pmihack/claire/tmem_2026/data/cleaved_tmem_pld3_260821/d7/Z59_PLD_Control/PLD3Control_Plate1_d7_TMEM561LAMP1640MAP2488DAPI405_H17_F4.nd2,11
7,14123,6,0.025490334914678184,0.6998399999999999,428.9918518066406,6058652.0,15.421733301381167,0.0,-0.05390160682371338,True,,Control,H17,4,d7,Plate1,/Users/pmihack/claire/tmem_2026/data/cleaved_tmem_pld3_260821/d7/Z59_PLD_Control/PLD3Control_Plate1_d7_TMEM561LAMP1640MAP2488DAPI405_H17_F4.nd2,11
8,10895,2,0.06030289123451124,3.8316239999999997,627.8858032226562,6840816.0,19.450262899413307,0.0,-0.01946829809245044,True,,Control,H17,4,d7,Plate1,/Users/pmihack/claire/tmem_2026/data/cleaved_tmem_pld3_260821/d7/Z59_PLD_Control/PLD3Control_Plate1_d7_TMEM561LAMP1640MAP2488DAPI405_H17_F4.nd2,11
9,8485,4,0.043134944018856806,1.067256,463.9667663574219,3936758.0,7.422012154017806,0.0,0.15444743426007995,True,,Control,H17,4,d7,Plate1,/Users/pmihack/claire/tmem_2026/data/cleaved_tmem_pld3_260821/d7/Z59_PLD_Control/PLD3Control_Plate1_d7_TMEM561LAMP1640MAP2488DAPI405_H17_F4.nd2,11
10,15181,5,0.00474277056847375,0.1679616,242.1905059814453,3676694.0,18.908724128526018,0.0,-0.060102134645435644,True,,Control,H17,4,d7,Plate1,/Users/pmihack/claire/tmem_2026/data/cleaved_tmem_pld3_260821/d7/Z59_PLD_Control/PLD3Control_Plate1_d7_TMEM561LAMP1640MAP2488DAPI405_H17_F4.nd2,11
11,12218,1,0.06572270420690784,9.366192,610.4843139648438,7458897.0,11.152219162596023,0.0,-0.10829786867219088,True,,Control,H17,4,d7,Plate1,/Users/pmihack/claire/tmem_2026/data/cleaved_tmem_pld3_260821/d7/Z59_PLD_Control/PLD3Control_Plate1_d7_TMEM561LAMP1640MAP2488DAPI405_H17_F4.nd2,11
12,7534,1,0.06769312450225644,5.948639999999999,652.8984375,4918937.0,15.522712387346287,0.0,0.040711919306053314,True,,Control,H17,4,d7,Plate1,/Users/pmihack/claire/tmem_2026/data/cleaved_tmem_pld3_260821/d7/Z59_PLD_Control/PLD3Control_Plate1_d7_TMEM561LAMP1640MAP2488DAPI405_H17_F4.nd2,11
13,5022,0,0.0,0.0,128.5726776123047,645692.0,,0.0,0.08634399821729476,True,,Control,H17,4,d7,Plate1,/Users/pmihack/claire/tmem_2026/data/cleaved_tmem_pld3_260821/d7/Z59_PLD_Control/PLD3Control_Plate1_d7_TMEM561LAMP1640MAP2488DAPI405_H17_F4.nd2,11
14,23705,5,0.004260704492723054,0.23561279999999998,242.38050842285156,5745630.0,14.38854533022119,0.0,0.2628664610007296,True,,Control,H17,4,d7,Plate1,/Users/pmihack/claire/tmem_2026/data/cleaved_tmem_pld3_260821/d7/Z59_PLD_Control/PLD3Control_Plate1_d7_TMEM561LAMP1640MAP2488DAPI405_H17_F4.nd2,11
15,2490,0,0.0,0.0,31.8823299407959,79387.0,,0.0,0.11447324001416866,True,,Control,H17,4,d7,Plate1,/Users/pmihack/claire/tmem_2026/data/cleaved_tmem_pld3_260821/d7/Z59_PLD_Control/PLD3Control_Plate1_d7_TMEM561LAMP1640MAP2488DAPI405_H17_F4.nd2,11
16,25165,4,0.0012318696602424,0.09039599999999999,249.29144287109375,6273419.0,14.636859195672834,0.0,-0.03866209547074589,True,,Control,H17,4,d7,Plate1,/Users/pmihack/claire/tmem_2026/data/cleaved_tmem_pld3_260821/d7/Z59_PLD_Control/PLD3Control_Plate1_d7_TMEM561LAMP1640MAP2488DAPI405_H17_F4.nd2,11
17,22888,7,0.021539671443551206,0.8214788571428571,626.1695556640625,14331769.0,12.782816802126774,0.0,0.08275493169062134,True,,Control,H17,4,d7,Plate1,/Users/pmihack/claire/tmem_2026/data/cleaved_tmem_pld3_260821/d7/Z59_PLD_Control/PLD3Control_Plate1_d7_TMEM561LAMP1640MAP2488DAPI405_H17_F4.nd2,11
18,15000,1,0.02493333333333333,4.362336,317.46380615234375,4761957.0,19.21418181220807,0.0,0.04064915386036464,True,,Control,H17,4,d7,Plate1,/Users/pmihack/claire/tmem_2026/data/cleaved_tmem_pld3_260821/d7/Z59_PLD_Control/PLD3Control_Plate1_d7_TMEM561LAMP1640MAP2488DAPI405_H17_F4.nd2,11
1,26485,18,0.1018689824428922,1.7483039999999999,1391.2525634765625,36847324.0,11.352143839893154,0.0,0.7622392417767199,True,,KI,C20,1,d7,Plate1,/Users/pmihack/claire/tmem_2026/data/cleaved_tmem_pld3_260821/d7/Z60_PLD_TMEMki/PLD3TMEM106B_Plate1_d7_TMEM561LAMP1640MAP2488DAPI405_C20_F1.nd2,12
2,11523,9,0.11984726199774365,1.789776,1070.392333984375,12334131.0,13.274248715761473,0.026669086888432503,0.5775217152790145,True,,KI,C20,1,d7,Plate1,/Users/pmihack/claire/tmem_2026/data/cleaved_tmem_pld3_260821/d7/Z60_PLD_TMEMki/PLD3TMEM106B_Plate1_d7_TMEM561LAMP1640MAP2488DAPI405_C20_F1.nd2,12
3,12176,7,0.07449080157687253,1.511321142857143,840.3911743164062,10232603.0,17.90064813769862,0.0,0.631358894933004,False,border,KI,C20,1,d7,Plate1,/Users/pmihack/claire/tmem_2026/data/cleaved_tmem_pld3_260821/d7/Z60_PLD_TMEMki/PLD3TMEM106B_Plate1_d7_TMEM561LAMP1640MAP2488DAPI405_C20_F1.nd2,12
4,10553,7,0.049938406140434,0.8781325714285714,560.4503784179688,5914433.0,14.249327787827097,0.0,0.5215370887131967,True,,KI,C20,1,d7,Plate1,/Users/pmihack/claire/tmem_2026/data/cleaved_tmem_pld3_260821/d7/Z60_PLD_TMEMki/PLD3TMEM106B_Plate1_d7_TMEM561LAMP1640MAP2488DAPI405_C20_F1.nd2,12
5,3157,1,0.006968641114982578,0.256608,261.7621154785156,826383.0,56.566155795605695,0.0,0.14312600647335347,True,,KI,C20,1,d7,Plate1,/Users/pmihack/claire/tmem_2026/data/cleaved_tmem_pld3_260821/d7/Z60_PLD_TMEMki/PLD3TMEM106B_Plate1_d7_TMEM561LAMP1640MAP2488DAPI405_C20_F1.nd2,12
6,12203,9,0.0063099237892321565,0.09979199999999999,312.341552734375,3811504.0,31.983372747483184,0.0,0.37804326828671625,True,,KI,C20,1,d7,Plate1,/Users/pmihack/claire/tmem_2026/data/cleaved_tmem_pld3_260821/d7/Z60_PLD_TMEMki/PLD3TMEM106B_Plate1_d7_TMEM561LAMP1640MAP2488DAPI405_C20_F1.nd2,12
7,12866,0,0.0,0.0,46.299781799316406,595693.0,,0.0,-0.008009651237518478,True,,KI,C20,1,d7,Plate1,/Users/pmihack/claire/tmem_2026/data/cleaved_tmem_pld3_260821/d7/Z60_PLD_TMEMki/PLD3TMEM106B_Plate1_d7_TMEM561LAMP1640MAP2488DAPI405_C20_F1.nd2,12
8,16426,3,0.04438085961280896,2.834352,519.7383422851562,8537222.0,10.242898567457525,0.0,0.6302534890044215,True,,KI,C20,1,d7,Plate1,/Users/pmihack/claire/tmem_2026/data/cleaved_tmem_pld3_260821/d7/Z60_PLD_TMEMki/PLD3TMEM106B_Plate1_d7_TMEM561LAMP1640MAP2488DAPI405_C20_F1.nd2,12
9,22919,8,0.08106810942885816,2.708964,955.8436279296875,21906980.0,18.313106162596966,0.003965996205806732,0.6373728778868246,True,,KI,C20,1,d7,Plate1,/Users/pmihack/claire/tmem_2026/data/cleaved_tmem_pld3_260821/d7/Z60_PLD_TMEMki/PLD3TMEM106B_Plate1_d7_TMEM561LAMP1640MAP2488DAPI405_C20_F1.nd2,12
10,96,0,0.0,0.0,44.29166793823242,4252.0,,0.0,0.21339968095287123,False,size_outlier,KI,C20,1,d7,Plate1,/Users/pmihack/claire/tmem_2026/data/cleaved_tmem_pld3_260821/d7/Z60_PLD_TMEMki/PLD3TMEM106B_Plate1_d7_TMEM561LAMP1640MAP2488DAPI405_C20_F1.nd2,12
11,30221,21,0.12577346877998744,2.1111839999999997,1612.4716796875,48730508.0,14.104673414019748,0.0005866345600225031,0.6273297410978456,True,,KI,C20,1,d7,Plate1,/Users/pmihack/claire/tmem_2026/data/cleaved_tmem_pld3_260821/d7/Z60_PLD_TMEMki/PLD3TMEM106B_Plate1_d7_TMEM561LAMP1640MAP2488DAPI405_C20_F1.nd2,12
12,21721,7,0.004834031582339671,0.17495999999999998,157.93807983398438,3430573.0,10.90760284100104,0.0,0.412454747850659,True,,KI,C20,1,d7,Plate1,/Users/pmihack/claire/tmem_2026/data/cleaved_tmem_pld3_260821/d7/Z60_PLD_TMEMki/PLD3TMEM106B_Plate1_d7_TMEM561LAMP1640MAP2488DAPI405_C20_F1.nd2,12
13,18809,14,0.11600829390185549,1.8179177142857141,1356.0828857421875,25506564.0,15.495759066153731,0.00464523583650589,0.4757214237106973,True,,KI,C20,1,d7,Plate1,/Users/pmihack/claire/tmem_2026/data/cleaved_tmem_pld3_260821/d7/Z60_PLD_TMEMki/PLD3TMEM106B_Plate1_d7_TMEM561LAMP1640MAP2488DAPI405_C20_F1.nd2,12
14,24552,1,0.00044802867383512545,0.128304,36.47148895263672,895448.0,16.368353533948373,0.00039421606925316155,0.01591480215345824,True,,KI,C20,1,d7,Plate1,/Users/pmihack/claire/tmem_2026/data/cleaved_tmem_pld3_260821/d7/Z60_PLD_TMEMki/PLD3TMEM106B_Plate1_d7_TMEM561LAMP1640MAP2488DAPI405_C20_F1.nd2,12
15,21737,9,0.05805768965358605,1.635552,745.6038818359375,16207191.0,18.778833727348786,0.02082729898393154,0.41679959284731327,True,,KI,C20,1,d7,Plate1,/Users/pmihack/claire/tmem_2026/data/cleaved_tmem_pld3_260821/d7/Z60_PLD_TMEMki/PLD3TMEM106B_Plate1_d7_TMEM561LAMP1640MAP2488DAPI405_C20_F1.nd2,12
16,10315,4,0.013766359670382937,0.41407199999999994,307.8026123046875,3174984.0,25.785232653027382,0.0,0.2619746686094232,True,,KI,C20,1,d7,Plate1,/Users/pmihack/claire/tmem_2026/data/cleaved_tmem_pld3_260821/d7/Z60_PLD_TMEMki/PLD3TMEM106B_Plate1_d7_TMEM561LAMP1640MAP2488DAPI405_C20_F1.nd2,12
1,10758,4,0.19232199293548988,6.033204,1895.64453125,20393344.0,4.415432898600576,0.0,0.646832434668699,True,,KI,C20,2,d7,Plate1,/Users/pmihack/claire/tmem_2026/data/cleaved_tmem_pld3_260821/d7/Z60_PLD_TMEMki/PLD3TMEM106B_Plate1_d7_TMEM561LAMP1640MAP2488DAPI405_C20_F2.nd2,10
2,9236,4,0.17063663923776526,4.595616,1827.331298828125,16877232.0,2.1499246964534477,0.0,0.6682984179203879,True,,KI,C20,2,d7,Plate1,/Users/pmihack/claire/tmem_2026/data/cleaved_tmem_pld3_260821/d7/Z60_PLD_TMEMki/PLD3TMEM106B_Plate1_d7_TMEM561LAMP1640MAP2488DAPI405_C20_F2.nd2,10
3,3107,3,0.21532024460894753,2.601072,2245.021240234375,6975281.0,54.82752847218334,0.0,0.34046354019455427,True,,KI,C20,2,d7,Plate1,/Users/pmihack/claire/tmem_2026/data/cleaved_tmem_pld3_260821/d7/Z60_PLD_TMEMki/PLD3TMEM106B_Plate1_d7_TMEM561LAMP1640MAP2488DAPI405_C20_F2.nd2,10
4,8653,9,0.07534958973766324,0.844992,903.909423828125,7821528.0,0.7665068557151175,0.04040604457259178,0.2497329808299815,True,,KI,C20,2,d7,Plate1,/Users/pmihack/claire/tmem_2026/data/cleaved_tmem_pld3_260821/d7/Z60_PLD_TMEMki/PLD3TMEM106B_Plate1_d7_TMEM561LAMP1640MAP2488DAPI405_C20_F2.nd2,10
5,6773,5,0.029529012254540087,0.46656,538.1589965820312,3644951.0,7.270402115838214,0.04175200313329697,0.25244129564664924,True,,KI,C20,2,d7,Plate1,/Users/pmihack/claire/tmem_2026/data/cleaved_tmem_pld3_260821/d7/Z60_PLD_TMEMki/PLD3TMEM106B_Plate1_d7_TMEM561LAMP1640MAP2488DAPI405_C20_F2.nd2,10
6,4827,6,0.04889165112906567,0.45878399999999997,636.19287109375,3070903.0,0.46288656550787505,0.0,0.09310802574703816,True,,KI,C20,2,d7,Plate1,/Users/pmihack/claire/tmem_2026/data/cleaved_tmem_pld3_260821/d7/Z60_PLD_TMEMki/PLD3TMEM106B_Plate1_d7_TMEM561LAMP1640MAP2488DAPI405_C20_F2.nd2,10
7,10179,5,0.0031437272816583163,0.0746496,244.01600646972656,2483839.0,8.365943790835939,0.009060973301529884,0.22309398270799288,True,,KI,C20,2,d7,Plate1,/Users/pmihack/claire/tmem_2026/data/cleaved_tmem_pld3_260821/d7/Z60_PLD_TMEMki/PLD3TMEM106B_Plate1_d7_TMEM561LAMP1640MAP2488DAPI405_C20_F2.nd2,10
8,9938,5,0.1783054940631918,4.133721599999999,1837.6075439453125,18262144.0,1.0897268894939538,0.0033348221331834793,0.5172667972178145,True,,KI,C20,2,d7,Plate1,/Users/pmihack/claire/tmem_2026/data/cleaved_tmem_pld3_260821/d7/Z60_PLD_TMEMki/PLD3TMEM106B_Plate1_d7_TMEM561LAMP1640MAP2488DAPI405_C20_F2.nd2,10
9,16961,7,0.23194387123400742,6.555167999999999,2791.662353515625,47349384.0,13.647144434609459,0.0017799597699195147,0.6050107541978201,True,,KI,C20,2,d7,Plate1,/Users/pmihack/claire/tmem_2026/data/cleaved_tmem_pld3_260821/d7/Z60_PLD_TMEMki/PLD3TMEM106B_Plate1_d7_TMEM561LAMP1640MAP2488DAPI405_C20_F2.nd2,10
10,11394,5,0.0024574337370545903,0.06531839999999998,266.27716064453125,3033962.0,5.84460960517863,0.0,0.448509396112363,True,,KI,C20,2,d7,Plate1,/Users/pmihack/claire/tmem_2026/data/cleaved_tmem_pld3_260821/d7/Z60_PLD_TMEMki/PLD3TMEM106B_Plate1_d7_TMEM561LAMP1640MAP2488DAPI405_C20_F2.nd2,10
11,30802,5,0.06671644698396208,4.7939039999999995,789.399169921875,24315074.0,12.21866182970215,0.0005136320251040161,0.4429627806793729,True,,KI,C20,2,d7,Plate1,/Users/pmihack/claire/tmem_2026/data/cleaved_tmem_pld3_260821/d7/Z60_PLD_TMEMki/PLD3TMEM106B_Plate1_d7_TMEM561LAMP1640MAP2488DAPI405_C20_F2.nd2,10
12,12221,13,0.025284346616479828,0.2772443076923077,419.8658752441406,5131181.0,13.145576848059605,0.0,0.48204323333867755,True,,KI,C20,2,d7,Plate1,/Users/pmihack/claire/tmem_2026/data/cleaved_tmem_pld3_260821/d7/Z60_PLD_TMEMki/PLD3TMEM106B_Plate1_d7_TMEM561LAMP1640MAP2488DAPI405_C20_F2.nd2,10
13,5005,1,0.0003996003996003996,0.023327999999999998,74.66693115234375,373708.0,19.465098797112105,0.0,0.47835736304974463,True,,KI,C20,2,d7,Plate1,/Users/pmihack/claire/tmem_2026/data/cleaved_tmem_pld3_260821/d7/Z60_PLD_TMEMki/PLD3TMEM106B_Plate1_d7_TMEM561LAMP1640MAP2488DAPI405_C20_F2.nd2,10
14,9084,0,0.0,0.0,25.73634910583496,233789.0,,0.0,0.028786772772798785,True,,KI,C20,2,d7,Plate1,/Users/pmihack/claire/tmem_2026/data/cleaved_tmem_pld3_260821/d7/Z60_PLD_TMEMki/PLD3TMEM106B_Plate1_d7_TMEM561LAMP1640MAP2488DAPI405_C20_F2.nd2,10
15,17500,6,0.0768,2.612736,886.3138427734375,15510492.0,14.142794187224943,0.026930028572678566,0.45778473377152723,True,,KI,C20,2,d7,Plate1,/Users/pmihack/claire/tmem_2026/data/cleaved_tmem_pld3_260821/d7/Z60_PLD_TMEMki/PLD3TMEM106B_Plate1_d7_TMEM561LAMP1640MAP2488DAPI405_C20_F2.nd2,10
16,19714,9,0.09678401136248352,2.472768,1271.2479248046875,25061382.0,15.652574459900041,0.0006657653721049428,0.7280577332234855,True,,KI,C20,2,d7,Plate1,/Users/pmihack/claire/tmem_2026/data/cleaved_tmem_pld3_260821/d7/Z60_PLD_TMEMki/PLD3TMEM106B_Plate1_d7_TMEM561LAMP1640MAP2488DAPI405_C20_F2.nd2,10
17,12724,13,0.05352090537566803,0.6110141538461539,839.6951293945312,10684281.0,27.26394157485115,0.03981578350067139,0.2616945596302122,True,,KI,C20,2,d7,Plate1,/Users/pmihack/claire/tmem_2026/data/cleaved_tmem_pld3_260821/d7/Z60_PLD_TMEMki/PLD3TMEM106B_Plate1_d7_TMEM561LAMP1640MAP2488DAPI405_C20_F2.nd2,10
18,14883,4,0.035678290667204196,1.5483959999999999,342.7577209472656,5101263.0,10.728798728787302,0.0938185304403305,0.5470733635852904,True,,KI,C20,2,d7,Plate1,/Users/pmihack/claire/tmem_2026/data/cleaved_tmem_pld3_260821/d7/Z60_PLD_TMEMki/PLD3TMEM106B_Plate1_d7_TMEM561LAMP1640MAP2488DAPI405_C20_F2.nd2,10
19,8900,4,0.10258426966292135,2.662308,1166.4637451171875,10381527.0,17.930457468075776,0.010326900519430637,0.40703129270561467,True,,KI,C20,2,d7,Plate1,/Users/pmihack/claire/tmem_2026/data/cleaved_tmem_pld3_260821/d7/Z60_PLD_TMEMki/PLD3TMEM106B_Plate1_d7_TMEM561LAMP1640MAP2488DAPI405_C20_F2.nd2,10
20,8713,16,0.15494089291862734,0.98415,1666.1317138671875,14517006.0,35.46211279399279,0.0,0.6485979064954805,True,,KI,C20,2,d7,Plate1,/Users/pmihack/claire/tmem_2026/data/cleaved_tmem_pld3_260821/d7/Z60_PLD_TMEMki/PLD3TMEM106B_Plate1_d7_TMEM561LAMP1640MAP2488DAPI405_C20_F2.nd2,10
21,4652,0,0.0,0.0,110.02493286132812,511836.0,,0.0,0.3639278421411514,True,,KI,C20,2,d7,Plate1,/Users/pmihack/claire/tmem_2026/data/cleaved_tmem_pld3_260821/d7/Z60_PLD_TMEMki/PLD3TMEM106B_Plate1_d7_TMEM561LAMP1640MAP2488DAPI405_C20_F2.nd2,10
1,10198,0,0.0,0.0,71.09335327148438,725010.0,,0.0,0.2324812216338331,True,,KI,C20,3,d7,Plate1,/Users/pmihack/claire/tmem_2026/data/cleaved_tmem_pld3_260821/d7/Z60_PLD_TMEMki/PLD3TMEM106B_Plate1_d7_TMEM561LAMP1640MAP2488DAPI405_C20_F3.nd2,8
2,11591,4,0.02010180312311276,0.6794279999999999,396.6280822753906,4597316.0,0.681527931182788,0.13519366085529327,0.7801695575460923,True,,KI,C20,3,d7,Plate1,/Users/pmihack/claire/tmem_2026/data/cleaved_tmem_pld3_260821/d7/Z60_PLD_TMEMki/PLD3TMEM106B_Plate1_d7_TMEM561LAMP1640MAP2488DAPI405_C20_F3.nd2,8
3,11507,0,0.0,0.0,49.59711456298828,570714.0,,0.0,0.027217872193617463,True,,KI,C20,3,d7,Plate1,/Users/pmihack/claire/tmem_2026/data/cleaved_tmem_pld3_260821/d7/Z60_PLD_TMEMki/PLD3TMEM106B_Plate1_d7_TMEM561LAMP1640MAP2488DAPI405_C20_F3.nd2,8
4,13020,4,0.031259600614439324,1.186812,379.1719665527344,4936819.0,11.554845598761553,4.98296576552093e-05,0.0481649424187005,True,,KI,C20,3,d7,Plate1,/Users/pmihack/claire/tmem_2026/data/cleaved_tmem_pld3_260821/d7/Z60_PLD_TMEMki/PLD3TMEM106B_Plate1_d7_TMEM561LAMP1640MAP2488DAPI405_C20_F3.nd2,8
5,8243,0,0.0,0.0,16.978527069091797,139954.0,,0.0,0.02787437889636453,True,,KI,C20,3,d7,Plate1,/Users/pmihack/claire/tmem_2026/data/cleaved_tmem_pld3_260821/d7/Z60_PLD_TMEMki/PLD3TMEM106B_Plate1_d7_TMEM561LAMP1640MAP2488DAPI405_C20_F3.nd2,8
6,9836,1,0.00030500203334688896,0.034991999999999995,179.3360137939453,1763949.0,24.897518775099098,0.0,0.23409295581413703,True,,KI,C20,3,d7,Plate1,/Users/pmihack/claire/tmem_2026/data/cleaved_tmem_pld3_260821/d7/Z60_PLD_TMEMki/PLD3TMEM106B_Plate1_d7_TMEM561LAMP1640MAP2488DAPI405_C20_F3.nd2,8
7,20527,4,0.010815024114580796,0.6473519999999999,183.89886474609375,3774892.0,22.97750057137804,0.0,0.20469696304486898,True,,KI,C20,3,d7,Plate1,/Users/pmihack/claire/tmem_2026/data/cleaved_tmem_pld3_260821/d7/Z60_PLD_TMEMki/PLD3TMEM106B_Plate1_d7_TMEM561LAMP1640MAP2488DAPI405_C20_F3.nd2,8
8,10784,0,0.0,0.0,95.87843322753906,1033953.0,,0.0,0.4632882932328069,True,,KI,C20,3,d7,Plate1,/Users/pmihack/claire/tmem_2026/data/cleaved_tmem_pld3_260821/d7/Z60_PLD_TMEMki/PLD3TMEM106B_Plate1_d7_TMEM561LAMP1640MAP2488DAPI405_C20_F3.nd2,8
9,23246,1,0.00017207261464337952,0.046655999999999996,100.78181457519531,2342774.0,11.282354929210008,0.0,0.30276847295448645,True,,KI,C20,3,d7,Plate1,/Users/pmihack/claire/tmem_2026/data/cleaved_tmem_pld3_260821/d7/Z60_PLD_TMEMki/PLD3TMEM106B_Plate1_d7_TMEM561LAMP1640MAP2488DAPI405_C20_F3.nd2,8
10,3314,0,0.0,0.0,68.4547348022461,226859.0,,0.0,0.29556248125093393,True,,KI,C20,3,d7,Plate1,/Users/pmihack/claire/tmem_2026/data/cleaved_tmem_pld3_260821/d7/Z60_PLD_TMEMki/PLD3TMEM106B_Plate1_d7_TMEM561LAMP1640MAP2488DAPI405_C20_F3.nd2,8
11,16117,7,0.0519947881119315,1.3963474285714284,485.1024475097656,7818396.0,8.943478546283647,0.0,0.0764174210269249,True,,KI,C20,3,d7,Plate1,/Users/pmihack/claire/tmem_2026/data/cleaved_tmem_pld3_260821/d7/Z60_PLD_TMEMki/PLD3TMEM106B_Plate1_d7_TMEM561LAMP1640MAP2488DAPI405_C20_F3.nd2,8
12,13365,1,0.00411522633744856,0.64152,145.33482360839844,1942400.0,10.471730230706376,0.13115321099758148,0.739399098081095,True,,KI,C20,3,d7,Plate1,/Users/pmihack/claire/tmem_2026/data/cleaved_tmem_pld3_260821/d7/Z60_PLD_TMEMki/PLD3TMEM106B_Plate1_d7_TMEM561LAMP1640MAP2488DAPI405_C20_F3.nd2,8
13,12908,0,0.0,0.0,56.39425277709961,727937.0,,0.0,0.27233168966820936,True,,KI,C20,3,d7,Plate1,/Users/pmihack/claire/tmem_2026/data/cleaved_tmem_pld3_260821/d7/Z60_PLD_TMEMki/PLD3TMEM106B_Plate1_d7_TMEM561LAMP1640MAP2488DAPI405_C20_F3.nd2,8
14,15339,1,0.00019557989438685703,0.034991999999999995,65.38359832763672,1002919.0,9.633047033683615,0.0,0.25643572736564935,True,,KI,C20,3,d7,Plate1,/Users/pmihack/claire/tmem_2026/data/cleaved_tmem_pld3_260821/d7/Z60_PLD_TMEMki/PLD3TMEM106B_Plate1_d7_TMEM561LAMP1640MAP2488DAPI405_C20_F3.nd2,8
15,28463,1,0.00014053332396444506,0.046655999999999996,66.11601257324219,1881860.0,11.121586904052034,0.0,0.31211001146246997,True,,KI,C20,3,d7,Plate1,/Users/pmihack/claire/tmem_2026/data/cleaved_tmem_pld3_260821/d7/Z60_PLD_TMEMki/PLD3TMEM106B_Plate1_d7_TMEM561LAMP1640MAP2488DAPI405_C20_F3.nd2,8
16,13432,0,0.0,0.0,20.805017471313477,279453.0,,0.0,0.01317404167046012,True,,KI,C20,3,d7,Plate1,/Users/pmihack/claire/tmem_2026/data/cleaved_tmem_pld3_260821/d7/Z60_PLD_TMEMki/PLD3TMEM106B_Plate1_d7_TMEM561LAMP1640MAP2488DAPI405_C20_F3.nd2,8
17,16267,0,0.0,0.0,29.69594955444336,483064.0,,7.65944059821777e-05,-0.011474237639612968,True,,KI,C20,3,d7,Plate1,/Users/pmihack/claire/tmem_2026/data/cleaved_tmem_pld3_260821/d7/Z60_PLD_TMEMki/PLD3TMEM106B_Plate1_d7_TMEM561LAMP1640MAP2488DAPI405_C20_F3.nd2,8
18,12542,0,0.0,0.0,15.307846069335938,191991.0,,0.0,0.01665597869808385,True,,KI,C20,3,d7,Plate1,/Users/pmihack/claire/tmem_2026/data/cleaved_tmem_pld3_260821/d7/Z60_PLD_TMEMki/PLD3TMEM106B_Plate1_d7_TMEM561LAMP1640MAP2488DAPI405_C20_F3.nd2,8
19,11082,0,0.0,0.0,27.540245056152344,305201.0,,0.0,-0.0034644576842548184,True,,KI,C20,3,d7,Plate1,/Users/pmihack/claire/tmem_2026/data/cleaved_tmem_pld3_260821/d7/Z60_PLD_TMEMki/PLD3TMEM106B_Plate1_d7_TMEM561LAMP1640MAP2488DAPI405_C20_F3.nd2,8
20,12834,0,0.0,0.0,36.055633544921875,462738.0,,0.0,0.019936526443876765,True,,KI,C20,3,d7,Plate1,/Users/pmihack/claire/tmem_2026/data/cleaved_tmem_pld3_260821/d7/Z60_PLD_TMEMki/PLD3TMEM106B_Plate1_d7_TMEM561LAMP1640MAP2488DAPI405_C20_F3.nd2,8
1,8579,0,0.0,0.0,10.7919340133667,92584.0,,0.0,0.032197576257356565,True,,KI,C20,4,d7,Plate1,/Users/pmihack/claire/tmem_2026/data/cleaved_tmem_pld3_260821/d7/Z60_PLD_TMEMki/PLD3TMEM106B_Plate1_d7_TMEM561LAMP1640MAP2488DAPI405_C20_F4.nd2,13
2,18426,6,0.07516552697275589,2.69244,993.0348510742188,18297660.0,8.745950895239252,7.050081876514014e-06,0.5933859823347389,True,,KI,C20,4,d7,Plate1,/Users/pmihack/claire/tmem_2026/data/cleaved_tmem_pld3_260821/d7/Z60_PLD_TMEMki/PLD3TMEM106B_Plate1_d7_TMEM561LAMP1640MAP2488DAPI405_C20_F4.nd2,13
3,23396,19,0.1207898786117285,1.7348665263157892,1613.393798828125,37746960.0,8.416606115099398,2.556497202022001e-05,0.7673214380424155,True,,KI,C20,4,d7,Plate1,/Users/pmihack/claire/tmem_2026/data/cleaved_tmem_pld3_260821/d7/Z60_PLD_TMEMki/PLD3TMEM106B_Plate1_d7_TMEM561LAMP1640MAP2488DAPI405_C20_F4.nd2,13
4,29091,10,0.045752982021931184,1.5524783999999998,601.5462036132812,17499580.0,5.666896210107357,1.8914739484898746e-05,0.5613719888114515,True,,KI,C20,4,d7,Plate1,/Users/pmihack/claire/tmem_2026/data/cleaved_tmem_pld3_260821/d7/Z60_PLD_TMEMki/PLD3TMEM106B_Plate1_d7_TMEM561LAMP1640MAP2488DAPI405_C20_F4.nd2,13
5,39713,19,0.09931256767305416,2.4212008421052627,1228.323974609375,48780428.0,12.86077155401769,0.0,0.8020901236756323,True,,KI,C20,4,d7,Plate1,/Users/pmihack/claire/tmem_2026/data/cleaved_tmem_pld3_260821/d7/Z60_PLD_TMEMki/PLD3TMEM106B_Plate1_d7_TMEM561LAMP1640MAP2488DAPI405_C20_F4.nd2,13
6,9739,3,0.11838997843721122,4.482863999999999,1322.822265625,12882966.0,18.469360150063892,0.0,0.7181515305623667,True,,KI,C20,4,d7,Plate1,/Users/pmihack/claire/tmem_2026/data/cleaved_tmem_pld3_260821/d7/Z60_PLD_TMEMki/PLD3TMEM106B_Plate1_d7_TMEM561LAMP1640MAP2488DAPI405_C20_F4.nd2,13
7,20263,14,0.13897251147411538,2.3461302857142856,1722.721435546875,34907504.0,20.521615106359246,2.071187918772921e-05,0.7938002324020756,True,,KI,C20,4,d7,Plate1,/Users/pmihack/claire/tmem_2026/data/cleaved_tmem_pld3_260821/d7/Z60_PLD_TMEMki/PLD3TMEM106B_Plate1_d7_TMEM561LAMP1640MAP2488DAPI405_C20_F4.nd2,13
8,11137,2,0.08467271257968932,5.499575999999999,868.2679443359375,9669900.0,6.658440044542365,0.0,0.7724209578901401,True,,KI,C20,4,d7,Plate1,/Users/pmihack/claire/tmem_2026/data/cleaved_tmem_pld3_260821/d7/Z60_PLD_TMEMki/PLD3TMEM106B_Plate1_d7_TMEM561LAMP1640MAP2488DAPI405_C20_F4.nd2,13
9,20407,15,0.0919782427598373,1.4595552,1117.1778564453125,22798248.0,20.267449679764596,0.0,0.7589394637639568,True,,KI,C20,4,d7,Plate1,/Users/pmihack/claire/tmem_2026/data/cleaved_tmem_pld3_260821/d7/Z60_PLD_TMEMki/PLD3TMEM106B_Plate1_d7_TMEM561LAMP1640MAP2488DAPI405_C20_F4.nd2,13
10,2838,1,0.044045102184637065,1.458,509.70013427734375,1446529.0,55.0092799350961,0.0,0.5459654185771209,True,,KI,C20,4,d7,Plate1,/Users/pmihack/claire/tmem_2026/data/cleaved_tmem_pld3_260821/d7/Z60_PLD_TMEMki/PLD3TMEM106B_Plate1_d7_TMEM561LAMP1640MAP2488DAPI405_C20_F4.nd2,13
1,13398,5,0.015972533213912524,0.4992191999999999,259.3471374511719,3474733.0,1.2085448753103432,0.0,0.10963622884195727,True,,KI,D20,1,d7,Plate1,/Users/pmihack/claire/tmem_2026/data/cleaved_tmem_pld3_260821/d7/Z60_PLD_TMEMki/PLD3TMEM106B_Plate1_d7_TMEM561LAMP1640MAP2488DAPI405_D20_F1.nd2,9
2,6296,0,0.0,0.0,54.601810455322266,343773.0,,0.0,0.5526121462372959,True,,KI,D20,1,d7,Plate1,/Users/pmihack/claire/tmem_2026/data/cleaved_tmem_pld3_260821/d7/Z60_PLD_TMEMki/PLD3TMEM106B_Plate1_d7_TMEM561LAMP1640MAP2488DAPI405_D20_F1.nd2,9
3,8003,4,0.033362489066600026,0.7785719999999999,487.3427429199219,3900204.0,3.8625908815685546,0.0,0.12640977324162467,True,,KI,D20,1,d7,Plate1,/Users/pmihack/claire/tmem_2026/data/cleaved_tmem_pld3_260821/d7/Z60_PLD_TMEMki/PLD3TMEM106B_Plate1_d7_TMEM561LAMP1640MAP2488DAPI405_D20_F1.nd2,9
4,20846,2,0.026719754389331288,3.2484239999999995,284.9432373046875,5939927.0,11.136879334097994,0.0,0.7002740435609676,True,,KI,D20,1,d7,Plate1,/Users/pmihack/claire/tmem_2026/data/cleaved_tmem_pld3_260821/d7/Z60_PLD_TMEMki/PLD3TMEM106B_Plate1_d7_TMEM561LAMP1640MAP2488DAPI405_D20_F1.nd2,9
5,15672,4,0.06080908626850434,2.7789479999999998,740.6505126953125,11607475.0,0.9128827180168854,0.0,0.4641352286255734,True,,KI,D20,1,d7,Plate1,/Users/pmihack/claire/tmem_2026/data/cleaved_tmem_pld3_260821/d7/Z60_PLD_TMEMki/PLD3TMEM106B_Plate1_d7_TMEM561LAMP1640MAP2488DAPI405_D20_F1.nd2,9
6,14684,1,0.0412013075456279,7.056719999999999,418.1405029296875,6139975.0,2.0334175102708962,0.0,0.32024658609458784,True,,KI,D20,1,d7,Plate1,/Users/pmihack/claire/tmem_2026/data/cleaved_tmem_pld3_260821/d7/Z60_PLD_TMEMki/PLD3TMEM106B_Plate1_d7_TMEM561LAMP1640MAP2488DAPI405_D20_F1.nd2,9
7,13481,9,0.06327423781618574,1.1054879999999998,691.038330078125,9315888.0,16.883765655265616,0.0,0.33421214623368384,True,,KI,D20,1,d7,Plate1,/Users/pmihack/claire/tmem_2026/data/cleaved_tmem_pld3_260821/d7/Z60_PLD_TMEMki/PLD3TMEM106B_Plate1_d7_TMEM561LAMP1640MAP2488DAPI405_D20_F1.nd2,9
8,15552,8,0.09420010288065844,2.13597,1006.5797119140625,15654328.0,10.527664716230676,0.0,0.5230012687531995,True,,KI,D20,1,d7,Plate1,/Users/pmihack/claire/tmem_2026/data/cleaved_tmem_pld3_260821/d7/Z60_PLD_TMEMki/PLD3TMEM106B_Plate1_d7_TMEM561LAMP1640MAP2488DAPI405_D20_F1.nd2,9
9,23033,11,0.07345981852125212,1.7941352727272726,732.7413940429688,16877232.0,14.790880730388926,0.0,0.5640511035582132,True,,KI,D20,1,d7,Plate1,/Users/pmihack/claire/tmem_2026/data/cleaved_tmem_pld3_260821/d7/Z60_PLD_TMEMki/PLD3TMEM106B_Plate1_d7_TMEM561LAMP1640MAP2488DAPI405_D20_F1.nd2,9
10,8120,1,0.002832512315270936,0.26827199999999995,131.4716796875,1067550.0,8.505039282840341,0.0,0.3764577317777552,True,,KI,D20,1,d7,Plate1,/Users/pmihack/claire/tmem_2026/data/cleaved_tmem_pld3_260821/d7/Z60_PLD_TMEMki/PLD3TMEM106B_Plate1_d7_TMEM561LAMP1640MAP2488DAPI405_D20_F1.nd2,9
11,10597,0,0.0,0.0,10.686609268188477,113246.0,,0.0,0.036376286008951465,True,,KI,D20,1,d7,Plate1,/Users/pmihack/claire/tmem_2026/data/cleaved_tmem_pld3_260821/d7/Z60_PLD_TMEMki/PLD3TMEM106B_Plate1_d7_TMEM561LAMP1640MAP2488DAPI405_D20_F1.nd2,9
12,15524,3,0.12020097912909045,7.255007999999999,1222.4908447265625,18977948.0,5.566710938414992,0.00902173388749361,0.4331640407796422,True,,KI,D20,1,d7,Plate1,/Users/pmihack/claire/tmem_2026/data/cleaved_tmem_pld3_260821/d7/Z60_PLD_TMEMki/PLD3TMEM106B_Plate1_d7_TMEM561LAMP1640MAP2488DAPI405_D20_F1.nd2,9
13,270,0,0.0,0.0,86.64073944091797,23393.0,,0.0,0.658124621401468,False,size_outlier,KI,D20,1,d7,Plate1,/Users/pmihack/claire/tmem_2026/data/cleaved_tmem_pld3_260821/d7/Z60_PLD_TMEMki/PLD3TMEM106B_Plate1_d7_TMEM561LAMP1640MAP2488DAPI405_D20_F1.nd2,9
14,151,0,0.0,0.0,5.589404106140137,844.0,,0.0,0.10541912734651201,False,size_outlier,KI,D20,1,d7,Plate1,/Users/pmihack/claire/tmem_2026/data/cleaved_tmem_pld3_260821/d7/Z60_PLD_TMEMki/PLD3TMEM106B_Plate1_d7_TMEM561LAMP1640MAP2488DAPI405_D20_F1.nd2,9
15,9849,0,0.0,0.0,22.593358993530273,222522.0,,0.0,0.0030404197503960716,True,,KI,D20,1,d7,Plate1,/Users/pmihack/claire/tmem_2026/data/cleaved_tmem_pld3_260821/d7/Z60_PLD_TMEMki/PLD3TMEM106B_Plate1_d7_TMEM561LAMP1640MAP2488DAPI405_D20_F1.nd2,9
16,11200,2,0.007053571428571428,0.46072799999999997,113.91133880615234,1275807.0,13.01975707101181,0.0,0.09695511124996033,False,border,KI,D20,1,d7,Plate1,/Users/pmihack/claire/tmem_2026/data/cleaved_tmem_pld3_260821/d7/Z60_PLD_TMEMki/PLD3TMEM106B_Plate1_d7_TMEM561LAMP1640MAP2488DAPI405_D20_F1.nd2,9
17,12539,6,0.10511205040274343,2.5621919999999996,1167.2432861328125,14636064.0,9.031112811075934,0.0,0.575541478998808,True,,KI,D20,1,d7,Plate1,/Users/pmihack/claire/tmem_2026/data/cleaved_tmem_pld3_260821/d7/Z60_PLD_TMEMki/PLD3TMEM106B_Plate1_d7_TMEM561LAMP1640MAP2488DAPI405_D20_F1.nd2,9
18,19631,9,0.08731088584381845,2.2213439999999998,918.4583740234375,18030256.0,12.943848455632095,0.0,0.4395104192970972,True,,KI,D20,1,d7,Plate1,/Users/pmihack/claire/tmem_2026/data/cleaved_tmem_pld3_260821/d7/Z60_PLD_TMEMki/PLD3TMEM106B_Plate1_d7_TMEM561LAMP1640MAP2488DAPI405_D20_F1.nd2,9
19,10981,4,0.044895728986431106,1.4375879999999999,721.9749755859375,7928007.0,29.399555167099077,0.0,0.20649395597142328,True,,KI,D20,1,d7,Plate1,/Users/pmihack/claire/tmem_2026/data/cleaved_tmem_pld3_260821/d7/Z60_PLD_TMEMki/PLD3TMEM106B_Plate1_d7_TMEM561LAMP1640MAP2488DAPI405_D20_F1.nd2,9
20,19092,6,0.08029541169076053,2.980152,760.8236694335938,14525645.0,5.478637958222228,0.0,0.46814694491737974,True,,KI,D20,1,d7,Plate1,/Users/pmihack/claire/tmem_2026/data/cleaved_tmem_pld3_260821/d7/Z60_PLD_TMEMki/PLD3TMEM106B_Plate1_d7_TMEM561LAMP1640MAP2488DAPI405_D20_F1.nd2,9
21,14743,3,0.13538628501661806,7.760448,1431.9085693359375,21110628.0,13.556469655016004,0.0,0.6702072208853278,True,,KI,D20,1,d7,Plate1,/Users/pmihack/claire/tmem_2026/data/cleaved_tmem_pld3_260821/d7/Z60_PLD_TMEMki/PLD3TMEM106B_Plate1_d7_TMEM561LAMP1640MAP2488DAPI405_D20_F1.nd2,9
22,58,0,0.0,0.0,6.896551609039307,400.0,,0.0,-0.011094929133341758,False,size_outlier,KI,D20,1,d7,Plate1,/Users/pmihack/claire/tmem_2026/data/cleaved_tmem_pld3_260821/d7/Z60_PLD_TMEMki/PLD3TMEM106B_Plate1_d7_TMEM561LAMP1640MAP2488DAPI405_D20_F1.nd2,9
23,159,0,0.0,0.0,9.125785827636719,1451.0,,0.0,0.018087206676087625,False,size_outlier,KI,D20,1,d7,Plate1,/Users/pmihack/claire/tmem_2026/data/cleaved_tmem_pld3_260821/d7/Z60_PLD_TMEMki/PLD3TMEM106B_Plate1_d7_TMEM561LAMP1640MAP2488DAPI405_D20_F1.nd2,9
24,13443,5,0.05690694041508592,1.784592,558.4347534179688,7507038.0,4.842662464800083,0.0,0.3299177626771171,True,,KI,D20,1,d7,Plate1,/Users/pmihack/claire/tmem_2026/data/cleaved_tmem_pld3_260821/d7/Z60_PLD_TMEMki/PLD3TMEM106B_Plate1_d7_TMEM561LAMP1640MAP2488DAPI405_D20_F1.nd2,9
25,19731,4,0.11753078911357762,6.762204,1158.52734375,22858902.0,14.148376091390855,0.0,0.716268608762727,True,,KI,D20,1,d7,Plate1,/Users/pmihack/claire/tmem_2026/data/cleaved_tmem_pld3_260821/d7/Z60_PLD_TMEMki/PLD3TMEM106B_Plate1_d7_TMEM561LAMP1640MAP2488DAPI405_D20_F1.nd2,9
26,11767,5,0.10631426871760007,2.9183327999999995,1164.0318603515625,13697163.0,11.77560413029184,0.0,0.4615960788065939,True,,KI,D20,1,d7,Plate1,/Users/pmihack/claire/tmem_2026/data/cleaved_tmem_pld3_260821/d7/Z60_PLD_TMEMki/PLD3TMEM106B_Plate1_d7_TMEM561LAMP1640MAP2488DAPI405_D20_F1.nd2,9
27,7142,2,0.1085130215625875,4.5198,974.4378051757812,6959435.0,23.740111031264917,0.0,0.574619319128711,True,,KI,D20,1,d7,Plate1,/Users/pmihack/claire/tmem_2026/data/cleaved_tmem_pld3_260821/d7/Z60_PLD_TMEMki/PLD3TMEM106B_Plate1_d7_TMEM561LAMP1640MAP2488DAPI405_D20_F1.nd2,9
28,8656,17,0.12627079482439926,0.7499265882352941,1403.5015869140625,12148710.0,15.038805327762109,0.045419227331876755,0.5123952106777491,True,,KI,D20,1,d7,Plate1,/Users/pmihack/claire/tmem_2026/data/cleaved_tmem_pld3_260821/d7/Z60_PLD_TMEMki/PLD3TMEM106B_Plate1_d7_TMEM561LAMP1640MAP2488DAPI405_D20_F1.nd2,9
29,7695,4,0.09928525016244315,2.227824,957.1990966796875,7365647.0,30.10323640306306,0.0,0.46913133285379494,True,,KI,D20,1,d7,Plate1,/Users/pmihack/claire/tmem_2026/data/cleaved_tmem_pld3_260821/d7/Z60_PLD_TMEMki/PLD3TMEM106B_Plate1_d7_TMEM561LAMP1640MAP2488DAPI405_D20_F1.nd2,9
30,12598,3,0.11660581044610256,5.711472,1337.6055908203125,16851156.0,12.83864253757931,0.0,0.755100994030982,True,,KI,D20,1,d7,Plate1,/Users/pmihack/claire/tmem_2026/data/cleaved_tmem_pld3_260821/d7/Z60_PLD_TMEMki/PLD3TMEM106B_Plate1_d7_TMEM561LAMP1640MAP2488DAPI405_D20_F1.nd2,9
1,6241,1,0.006729690754686749,0.48988799999999993,136.5742645263672,852360.0,21.09508952764198,0.0,0.38345401991827727,True,,KI,D20,2,d7,Plate1,/Users/pmihack/claire/tmem_2026/data/cleaved_tmem_pld3_260821/d7/Z60_PLD_TMEMki/PLD3TMEM106B_Plate1_d7_TMEM561LAMP1640MAP2488DAPI405_D20_F2.nd2,9
2,16784,11,0.11904194470924691,2.1186065454545453,1364.0703125,22894556.0,11.802284554381949,0.02051745355129242,0.3709373129521555,True,,KI,D20,2,d7,Plate1,/Users/pmihack/claire/tmem_2026/data/cleaved_tmem_pld3_260821/d7/Z60_PLD_TMEMki/PLD3TMEM106B_Plate1_d7_TMEM561LAMP1640MAP2488DAPI405_D20_F2.nd2,9
3,13277,0,0.0,0.0,37.7152214050293,500745.0,,0.0,0.08661987029466517,True,,KI,D20,2,d7,Plate1,/Users/pmihack/claire/tmem_2026/data/cleaved_tmem_pld3_260821/d7/Z60_PLD_TMEMki/PLD3TMEM106B_Plate1_d7_TMEM561LAMP1640MAP2488DAPI405_D20_F2.nd2,9
4,12024,2,0.033100465735196274,2.3211359999999996,374.4671630859375,4502593.0,11.872912901733356,0.0,0.3783974009033452,True,,KI,D20,2,d7,Plate1,/Users/pmihack/claire/tmem_2026/data/cleaved_tmem_pld3_260821/d7/Z60_PLD_TMEMki/PLD3TMEM106B_Plate1_d7_TMEM561LAMP1640MAP2488DAPI405_D20_F2.nd2,9
5,12586,4,0.0757985062768155,2.7818639999999997,844.0601196289062,10623341.0,19.506607810991305,0.0,0.7358684748485659,True,,KI,D20,2,d7,Plate1,/Users/pmihack/claire/tmem_2026/data/cleaved_tmem_pld3_260821/d7/Z60_PLD_TMEMki/PLD3TMEM106B_Plate1_d7_TMEM561LAMP1640MAP2488DAPI405_D20_F2.nd2,9
6,9323,6,0.10372197790410811,1.8798479999999997,1099.850341796875,10253905.0,17.40420654082394,0.0,0.6513347199591287,True,,KI,D20,2,d7,Plate1,/Users/pmihack/claire/tmem_2026/data/cleaved_tmem_pld3_260821/d7/Z60_PLD_TMEMki/PLD3TMEM106B_Plate1_d7_TMEM561LAMP1640MAP2488DAPI405_D20_F2.nd2,9
7,8791,8,0.054715049482425206,0.701298,596.5270385742188,5244069.0,11.262356710523997,0.0014299964532256126,0.5257698900441179,True,,KI,D20,2,d7,Plate1,/Users/pmihack/claire/tmem_2026/data/cleaved_tmem_pld3_260821/d7/Z60_PLD_TMEMki/PLD3TMEM106B_Plate1_d7_TMEM561LAMP1640MAP2488DAPI405_D20_F2.nd2,9
8,8958,2,0.004018754186202277,0.20995199999999997,110.91046905517578,993536.0,24.84109020414182,0.0,0.21125764375641123,True,,KI,D20,2,d7,Plate1,/Users/pmihack/claire/tmem_2026/data/cleaved_tmem_pld3_260821/d7/Z60_PLD_TMEMki/PLD3TMEM106B_Plate1_d7_TMEM561LAMP1640MAP2488DAPI405_D20_F2.nd2,9
9,17255,3,0.13288901767603592,8.915184,1401.9063720703125,24189894.0,18.684458886486855,0.0,0.605795932130027,True,,KI,D20,2,d7,Plate1,/Users/pmihack/claire/tmem_2026/data/cleaved_tmem_pld3_260821/d7/Z60_PLD_TMEMki/PLD3TMEM106B_Plate1_d7_TMEM561LAMP1640MAP2488DAPI405_D20_F2.nd2,9
10,13298,4,0.003910362460520379,0.151632,109.51150512695312,1456284.0,14.059599619339009,0.0,0.3432150422389373,True,,KI,D20,2,d7,Plate1,/Users/pmihack/claire/tmem_2026/data/cleaved_tmem_pld3_260821/d7/Z60_PLD_TMEMki/PLD3TMEM106B_Plate1_d7_TMEM561LAMP1640MAP2488DAPI405_D20_F2.nd2,9
11,10511,6,0.1985538959185615,4.057128,1881.8604736328125,19780236.0,15.278811109899559,3.720885797520168e-05,0.22595485496271345,True,,KI,D20,2,d7,Plate1,/Users/pmihack/claire/tmem_2026/data/cleaved_tmem_pld3_260821/d7/Z60_PLD_TMEMki/PLD3TMEM106B_Plate1_d7_TMEM561LAMP1640MAP2488DAPI405_D20_F2.nd2,9
12,10819,2,0.21868934282281172,13.798511999999999,3040.457275390625,32894708.0,13.956793428376672,0.0,0.7173697529699076,True,,KI,D20,2,d7,Plate1,/Users/pmihack/claire/tmem_2026/data/cleaved_tmem_pld3_260821/d7/Z60_PLD_TMEMki/PLD3TMEM106B_Plate1_d7_TMEM561LAMP1640MAP2488DAPI405_D20_F2.nd2,9
13,10422,6,0.14171943964690079,2.871288,1438.59716796875,14993060.0,10.400462670593178,0.0,0.5609296882224799,True,,KI,D20,2,d7,Plate1,/Users/pmihack/claire/tmem_2026/data/cleaved_tmem_pld3_260821/d7/Z60_PLD_TMEMki/PLD3TMEM106B_Plate1_d7_TMEM561LAMP1640MAP2488DAPI405_D20_F2.nd2,9
14,29596,16,0.08940397350993377,1.928934,1084.9150390625,32109144.0,8.918587362347928,0.011865218169987202,0.6614744461960199,True,,KI,D20,2,d7,Plate1,/Users/pmihack/claire/tmem_2026/data/cleaved_tmem_pld3_260821/d7/Z60_PLD_TMEMki/PLD3TMEM106B_Plate1_d7_TMEM561LAMP1640MAP2488DAPI405_D20_F2.nd2,9
15,13966,7,0.08628096806530144,2.0078742857142853,910.4093627929688,12714777.0,11.330296047186039,0.0,0.6554189250724872,True,,KI,D20,2,d7,Plate1,/Users/pmihack/claire/tmem_2026/data/cleaved_tmem_pld3_260821/d7/Z60_PLD_TMEMki/PLD3TMEM106B_Plate1_d7_TMEM561LAMP1640MAP2488DAPI405_D20_F2.nd2,9
16,20046,6,0.07243340317270279,2.822688,632.2752075195312,12674589.0,10.973807588169448,0.0,0.5218267033295655,True,,KI,D20,2,d7,Plate1,/Users/pmihack/claire/tmem_2026/data/cleaved_tmem_pld3_260821/d7/Z60_PLD_TMEMki/PLD3TMEM106B_Plate1_d7_TMEM561LAMP1640MAP2488DAPI405_D20_F2.nd2,9
17,21602,2,0.11656328117766873,14.684975999999999,1412.1944580078125,30506226.0,24.420666444991067,0.0,0.7410201802110109,True,,KI,D20,2,d7,Plate1,/Users/pmihack/claire/tmem_2026/data/cleaved_tmem_pld3_260821/d7/Z60_PLD_TMEMki/PLD3TMEM106B_Plate1_d7_TMEM561LAMP1640MAP2488DAPI405_D20_F2.nd2,9
18,22066,11,0.028913260219341975,0.6765119999999999,387.31329345703125,8546455.0,12.777791102483514,0.01069577969610691,0.2556395605156967,True,,KI,D20,2,d7,Plate1,/Users/pmihack/claire/tmem_2026/data/cleaved_tmem_pld3_260821/d7/Z60_PLD_TMEMki/PLD3TMEM106B_Plate1_d7_TMEM561LAMP1640MAP2488DAPI405_D20_F2.nd2,9
19,7520,3,0.10345744680851064,3.0248639999999996,1019.4276733398438,7666096.0,22.637623775050578,0.0,0.28143843242989053,True,,KI,D20,2,d7,Plate1,/Users/pmihack/claire/tmem_2026/data/cleaved_tmem_pld3_260821/d7/Z60_PLD_TMEMki/PLD3TMEM106B_Plate1_d7_TMEM561LAMP1640MAP2488DAPI405_D20_F2.nd2,9
1,28174,5,0.15670476325690352,10.299311999999999,1528.1192626953125,43053232.0,1.4261102871718636,0.0,0.49228475250925613,True,,KI,D20,3,d7,Plate1,/Users/pmihack/claire/tmem_2026/data/cleaved_tmem_pld3_260821/d7/Z60_PLD_TMEMki/PLD3TMEM106B_Plate1_d7_TMEM561LAMP1640MAP2488DAPI405_D20_F3.nd2,8
2,12722,1,0.00039301996541424305,0.05832,78.32062530517578,996395.0,13.778862618774617,0.0,0.1177222889810194,True,,KI,D20,3,d7,Plate1,/Users/pmihack/claire/tmem_2026/data/cleaved_tmem_pld3_260821/d7/Z60_PLD_TMEMki/PLD3TMEM106B_Plate1_d7_TMEM561LAMP1640MAP2488DAPI405_D20_F3.nd2,8
3,8409,1,0.18551551908669284,18.195839999999997,2184.75634765625,18371616.0,9.920586015261353,0.0,0.06361882808840139,True,,KI,D20,3,d7,Plate1,/Users/pmihack/claire/tmem_2026/data/cleaved_tmem_pld3_260821/d7/Z60_PLD_TMEMki/PLD3TMEM106B_Plate1_d7_TMEM561LAMP1640MAP2488DAPI405_D20_F3.nd2,8
4,17964,6,0.12230015586729014,4.270968,1150.22802734375,20662696.0,6.990194800620736,0.0,0.2465733994067629,True,,KI,D20,3,d7,Plate1,/Users/pmihack/claire/tmem_2026/data/cleaved_tmem_pld3_260821/d7/Z60_PLD_TMEMki/PLD3TMEM106B_Plate1_d7_TMEM561LAMP1640MAP2488DAPI405_D20_F3.nd2,8
5,6944,1,0.10743087557603687,8.701343999999999,1093.0447998046875,7590103.0,18.478901109216483,0.0,-0.045070139334874505,True,,KI,D20,3,d7,Plate1,/Users/pmihack/claire/tmem_2026/data/cleaved_tmem_pld3_260821/d7/Z60_PLD_TMEMki/PLD3TMEM106B_Plate1_d7_TMEM561LAMP1640MAP2488DAPI405_D20_F3.nd2,8
6,7183,1,0.007796185437839343,0.653184,88.98204040527344,639158.0,41.87949133249134,0.0,0.9236018556091148,True,,KI,D20,3,d7,Plate1,/Users/pmihack/claire/tmem_2026/data/cleaved_tmem_pld3_260821/d7/Z60_PLD_TMEMki/PLD3TMEM106B_Plate1_d7_TMEM561LAMP1640MAP2488DAPI405_D20_F3.nd2,8
7,11860,2,0.03836424957841484,2.6535599999999997,531.5549926757812,6304242.0,20.84262849702707,0.0,0.10824749427635263,True,,KI,D20,3,d7,Plate1,/Users/pmihack/claire/tmem_2026/data/cleaved_tmem_pld3_260821/d7/Z60_PLD_TMEMki/PLD3TMEM106B_Plate1_d7_TMEM561LAMP1640MAP2488DAPI405_D20_F3.nd2,8
8,5700,0,0.0,0.0,59.36824417114258,338399.0,,0.0,-0.013593576565252593,True,,KI,D20,3,d7,Plate1,/Users/pmihack/claire/tmem_2026/data/cleaved_tmem_pld3_260821/d7/Z60_PLD_TMEMki/PLD3TMEM106B_Plate1_d7_TMEM561LAMP1640MAP2488DAPI405_D20_F3.nd2,8
9,18441,12,0.1036277859118269,1.857492,1041.4227294921875,19204876.0,12.792617192459813,0.0,-0.010124678395550193,True,,KI,D20,3,d7,Plate1,/Users/pmihack/claire/tmem_2026/data/cleaved_tmem_pld3_260821/d7/Z60_PLD_TMEMki/PLD3TMEM106B_Plate1_d7_TMEM561LAMP1640MAP2488DAPI405_D20_F3.nd2,8
10,8826,1,0.0012463176977113076,0.128304,151.17550659179688,1334275.0,12.636324405846876,0.0,-0.09034738612134531,True,,KI,D20,3,d7,Plate1,/Users/pmihack/claire/tmem_2026/data/cleaved_tmem_pld3_260821/d7/Z60_PLD_TMEMki/PLD3TMEM106B_Plate1_d7_TMEM561LAMP1640MAP2488DAPI405_D20_F3.nd2,8
11,9890,0,0.0,0.0,27.36026382446289,270593.0,,0.0,-0.005104590274910911,True,,KI,D20,3,d7,Plate1,/Users/pmihack/claire/tmem_2026/data/cleaved_tmem_pld3_260821/d7/Z60_PLD_TMEMki/PLD3TMEM106B_Plate1_d7_TMEM561LAMP1640MAP2488DAPI405_D20_F3.nd2,8
12,9201,4,0.008259971742201935,0.22161599999999998,155.5087432861328,1430836.0,19.371519586349528,0.0,0.15422390613539785,True,,KI,D20,3,d7,Plate1,/Users/pmihack/claire/tmem_2026/data/cleaved_tmem_pld3_260821/d7/Z60_PLD_TMEMki/PLD3TMEM106B_Plate1_d7_TMEM561LAMP1640MAP2488DAPI405_D20_F3.nd2,8
13,3560,0,0.0,0.0,43.19578552246094,153777.0,,0.0,0.057497680564088556,True,,KI,D20,3,d7,Plate1,/Users/pmihack/claire/tmem_2026/data/cleaved_tmem_pld3_260821/d7/Z60_PLD_TMEMki/PLD3TMEM106B_Plate1_d7_TMEM561LAMP1640MAP2488DAPI405_D20_F3.nd2,8
14,10191,0,0.0,0.0,118.34638214111328,1206068.0,,0.0,-0.05320278746640139,True,,KI,D20,3,d7,Plate1,/Users/pmihack/claire/tmem_2026/data/cleaved_tmem_pld3_260821/d7/Z60_PLD_TMEMki/PLD3TMEM106B_Plate1_d7_TMEM561LAMP1640MAP2488DAPI405_D20_F3.nd2,8
15,6564,5,0.20764777574649604,3.1796064,3334.764404296875,21889394.0,13.75452839858902,0.0,0.4297922372545942,True,,KI,D20,3,d7,Plate1,/Users/pmihack/claire/tmem_2026/data/cleaved_tmem_pld3_260821/d7/Z60_PLD_TMEMki/PLD3TMEM106B_Plate1_d7_TMEM561LAMP1640MAP2488DAPI405_D20_F3.nd2,8
16,13333,0,0.0,0.0,74.4806137084961,993050.0,,0.0,0.07854605701996305,True,,KI,D20,3,d7,Plate1,/Users/pmihack/claire/tmem_2026/data/cleaved_tmem_pld3_260821/d7/Z60_PLD_TMEMki/PLD3TMEM106B_Plate1_d7_TMEM561LAMP1640MAP2488DAPI405_D20_F3.nd2,8
17,2126,0,0.0,0.0,387.91204833984375,824701.0,,0.0,0.12917212230202654,True,,KI,D20,3,d7,Plate1,/Users/pmihack/claire/tmem_2026/data/cleaved_tmem_pld3_260821/d7/Z60_PLD_TMEMki/PLD3TMEM106B_Plate1_d7_TMEM561LAMP1640MAP2488DAPI405_D20_F3.nd2,8
1,22511,10,0.049220381146994806,1.2923711999999998,575.8118896484375,12962101.0,8.431339121931416,0.0,0.45422533487160166,True,,KI,D20,4,d7,Plate1,/Users/pmihack/claire/tmem_2026/data/cleaved_tmem_pld3_260821/d7/Z60_PLD_TMEMki/PLD3TMEM106B_Plate1_d7_TMEM561LAMP1640MAP2488DAPI405_D20_F4.nd2,8
2,9040,5,0.10232300884955753,2.1578399999999998,1165.5616455078125,10536677.0,13.073006659924088,0.0004289777425583452,0.14733731826001098,True,,KI,D20,4,d7,Plate1,/Users/pmihack/claire/tmem_2026/data/cleaved_tmem_pld3_260821/d7/Z60_PLD_TMEMki/PLD3TMEM106B_Plate1_d7_TMEM561LAMP1640MAP2488DAPI405_D20_F4.nd2,8
3,10488,1,0.0005720823798627002,0.06998399999999999,110.03899383544922,1154089.0,16.631169386584116,0.0,0.29310661096837937,True,,KI,D20,4,d7,Plate1,/Users/pmihack/claire/tmem_2026/data/cleaved_tmem_pld3_260821/d7/Z60_PLD_TMEMki/PLD3TMEM106B_Plate1_d7_TMEM561LAMP1640MAP2488DAPI405_D20_F4.nd2,8
4,267,0,0.0,0.0,152.44943237304688,40704.0,,0.0,0.45486826797458174,False,size_outlier,KI,D20,4,d7,Plate1,/Users/pmihack/claire/tmem_2026/data/cleaved_tmem_pld3_260821/d7/Z60_PLD_TMEMki/PLD3TMEM106B_Plate1_d7_TMEM561LAMP1640MAP2488DAPI405_D20_F4.nd2,8
5,21791,3,0.09040429535129182,7.659359999999999,1000.6287841796875,21804702.0,13.09076931850773,0.00031066694646142423,0.5211883767554369,True,,KI,D20,4,d7,Plate1,/Users/pmihack/claire/tmem_2026/data/cleaved_tmem_pld3_260821/d7/Z60_PLD_TMEMki/PLD3TMEM106B_Plate1_d7_TMEM561LAMP1640MAP2488DAPI405_D20_F4.nd2,8
6,12108,3,0.04682854311199207,2.204496,638.0241088867188,7725196.0,9.398754836291621,0.0,0.5349043755703573,True,,KI,D20,4,d7,Plate1,/Users/pmihack/claire/tmem_2026/data/cleaved_tmem_pld3_260821/d7/Z60_PLD_TMEMki/PLD3TMEM106B_Plate1_d7_TMEM561LAMP1640MAP2488DAPI405_D20_F4.nd2,8
7,18791,1,0.05981586929913257,13.110335999999998,661.9398193359375,12438511.0,7.720836870468665,0.0,0.605932629803973,True,,KI,D20,4,d7,Plate1,/Users/pmihack/claire/tmem_2026/data/cleaved_tmem_pld3_260821/d7/Z60_PLD_TMEMki/PLD3TMEM106B_Plate1_d7_TMEM561LAMP1640MAP2488DAPI405_D20_F4.nd2,8
8,15280,6,0.10536649214659685,3.1298399999999997,1080.0965576171875,16503875.0,7.297977717982131,0.0,0.7405407875298737,True,,KI,D20,4,d7,Plate1,/Users/pmihack/claire/tmem_2026/data/cleaved_tmem_pld3_260821/d7/Z60_PLD_TMEMki/PLD3TMEM106B_Plate1_d7_TMEM561LAMP1640MAP2488DAPI405_D20_F4.nd2,8
9,23215,3,0.06599181563644195,5.956416,628.7056884765625,14595402.0,11.442684585488326,0.0,0.34633301667409727,True,,KI,D20,4,d7,Plate1,/Users/pmihack/claire/tmem_2026/data/cleaved_tmem_pld3_260821/d7/Z60_PLD_TMEMki/PLD3TMEM106B_Plate1_d7_TMEM561LAMP1640MAP2488DAPI405_D20_F4.nd2,8
10,15949,7,0.08201141137375384,2.1795017142857143,837.8829956054688,13363396.0,16.19642299942249,0.0,0.5613706560630602,True,,KI,D20,4,d7,Plate1,/Users/pmihack/claire/tmem_2026/data/cleaved_tmem_pld3_260821/d7/Z60_PLD_TMEMki/PLD3TMEM106B_Plate1_d7_TMEM561LAMP1640MAP2488DAPI405_D20_F4.nd2,8
11,8022,2,0.23273497880827723,10.888343999999998,1964.82080078125,15761792.0,20.881094922476688,0.0,0.6149354540711914,True,,KI,D20,4,d7,Plate1,/Users/pmihack/claire/tmem_2026/data/cleaved_tmem_pld3_260821/d7/Z60_PLD_TMEMki/PLD3TMEM106B_Plate1_d7_TMEM561LAMP1640MAP2488DAPI405_D20_F4.nd2,8
1,14171,3,0.011572930632982852,0.6376319999999999,360.8700866699219,5113890.0,0.7126071386418182,0.0,0.4130349976448776,True,,KI,E20,1,d7,Plate1,/Users/pmihack/claire/tmem_2026/data/cleaved_tmem_pld3_260821/d7/Z60_PLD_TMEMki/PLD3TMEM106B_Plate1_d7_TMEM561LAMP1640MAP2488DAPI405_E20_F1.nd2,6
2,6568,0,0.0,0.0,200.9735107421875,1319994.0,,0.0,0.22319021147353876,True,,KI,E20,1,d7,Plate1,/Users/pmihack/claire/tmem_2026/data/cleaved_tmem_pld3_260821/d7/Z60_PLD_TMEMki/PLD3TMEM106B_Plate1_d7_TMEM561LAMP1640MAP2488DAPI405_E20_F1.nd2,6
3,10675,8,0.04224824355971897,0.657558,608.272216796875,6493306.0,5.440253195095914,0.0,0.2721928320434998,True,,KI,E20,1,d7,Plate1,/Users/pmihack/claire/tmem_2026/data/cleaved_tmem_pld3_260821/d7/Z60_PLD_TMEMki/PLD3TMEM106B_Plate1_d7_TMEM561LAMP1640MAP2488DAPI405_E20_F1.nd2,6
4,9886,0,0.0,0.0,155.48806762695312,1537155.0,,0.0,0.14595956347123404,True,,KI,E20,1,d7,Plate1,/Users/pmihack/claire/tmem_2026/data/cleaved_tmem_pld3_260821/d7/Z60_PLD_TMEMki/PLD3TMEM106B_Plate1_d7_TMEM561LAMP1640MAP2488DAPI405_E20_F1.nd2,6
5,8452,0,0.0,0.0,29.472787857055664,249104.0,,0.0,0.1992373154559019,True,,KI,E20,1,d7,Plate1,/Users/pmihack/claire/tmem_2026/data/cleaved_tmem_pld3_260821/d7/Z60_PLD_TMEMki/PLD3TMEM106B_Plate1_d7_TMEM561LAMP1640MAP2488DAPI405_E20_F1.nd2,6
6,12677,2,0.01064920722568431,0.7873199999999999,233.04827880859375,2954353.0,10.273632298638665,0.0,0.21295506921962434,True,,KI,E20,1,d7,Plate1,/Users/pmihack/claire/tmem_2026/data/cleaved_tmem_pld3_260821/d7/Z60_PLD_TMEMki/PLD3TMEM106B_Plate1_d7_TMEM561LAMP1640MAP2488DAPI405_E20_F1.nd2,6
7,12493,5,0.025214119907148003,0.7348319999999999,390.3780517578125,4876993.0,8.578109261612797,0.0,0.47451764821234466,True,,KI,E20,1,d7,Plate1,/Users/pmihack/claire/tmem_2026/data/cleaved_tmem_pld3_260821/d7/Z60_PLD_TMEMki/PLD3TMEM106B_Plate1_d7_TMEM561LAMP1640MAP2488DAPI405_E20_F1.nd2,6
8,9069,0,0.0,0.0,87.14875030517578,790352.0,,0.0,0.07624725152020956,True,,KI,E20,1,d7,Plate1,/Users/pmihack/claire/tmem_2026/data/cleaved_tmem_pld3_260821/d7/Z60_PLD_TMEMki/PLD3TMEM106B_Plate1_d7_TMEM561LAMP1640MAP2488DAPI405_E20_F1.nd2,6
9,28724,1,0.0010444227823422922,0.34991999999999995,149.5149688720703,4294668.0,8.012209348394192,0.0,0.33921296497026676,True,,KI,E20,1,d7,Plate1,/Users/pmihack/claire/tmem_2026/data/cleaved_tmem_pld3_260821/d7/Z60_PLD_TMEMki/PLD3TMEM106B_Plate1_d7_TMEM561LAMP1640MAP2488DAPI405_E20_F1.nd2,6
10,10369,4,0.03317581251808275,1.003104,532.0855712890625,5517195.0,14.184340032262373,0.0,0.22336603870477412,True,,KI,E20,1,d7,Plate1,/Users/pmihack/claire/tmem_2026/data/cleaved_tmem_pld3_260821/d7/Z60_PLD_TMEMki/PLD3TMEM106B_Plate1_d7_TMEM561LAMP1640MAP2488DAPI405_E20_F1.nd2,6
11,13009,8,0.012606656929817819,0.239112,391.93035888671875,5098622.0,7.359681498408008,0.0,0.2016229167037481,True,,KI,E20,1,d7,Plate1,/Users/pmihack/claire/tmem_2026/data/cleaved_tmem_pld3_260821/d7/Z60_PLD_TMEMki/PLD3TMEM106B_Plate1_d7_TMEM561LAMP1640MAP2488DAPI405_E20_F1.nd2,6
12,9015,1,0.00887409872434831,0.93312,158.2936248779297,1427017.0,2.878181030556906,0.0,0.189041289880015,True,,KI,E20,1,d7,Plate1,/Users/pmihack/claire/tmem_2026/data/cleaved_tmem_pld3_260821/d7/Z60_PLD_TMEMki/PLD3TMEM106B_Plate1_d7_TMEM561LAMP1640MAP2488DAPI405_E20_F1.nd2,6
13,11685,3,0.011296534017971758,0.513216,347.6836242675781,4062683.0,6.4131582594841525,0.0,0.1928672728890073,True,,KI,E20,1,d7,Plate1,/Users/pmihack/claire/tmem_2026/data/cleaved_tmem_pld3_260821/d7/Z60_PLD_TMEMki/PLD3TMEM106B_Plate1_d7_TMEM561LAMP1640MAP2488DAPI405_E20_F1.nd2,6
14,12691,0,0.0,0.0,16.013317108154297,203225.0,,0.0,-0.00048680093430330395,False,abnormal_nucleus,KI,E20,1,d7,Plate1,/Users/pmihack/claire/tmem_2026/data/cleaved_tmem_pld3_260821/d7/Z60_PLD_TMEMki/PLD3TMEM106B_Plate1_d7_TMEM561LAMP1640MAP2488DAPI405_E20_F1.nd2,6
15,14350,12,0.012264808362369338,0.17107199999999997,369.0026550292969,5295188.0,10.730503693582506,0.0,0.290664871578947,True,,KI,E20,1,d7,Plate1,/Users/pmihack/claire/tmem_2026/data/cleaved_tmem_pld3_260821/d7/Z60_PLD_TMEMki/PLD3TMEM106B_Plate1_d7_TMEM561LAMP1640MAP2488DAPI405_E20_F1.nd2,6
16,6504,4,0.017220172201722016,0.326592,490.17864990234375,3188122.0,15.234237133239601,0.10257386416196823,0.3666298219734051,True,,KI,E20,1,d7,Plate1,/Users/pmihack/claire/tmem_2026/data/cleaved_tmem_pld3_260821/d7/Z60_PLD_TMEMki/PLD3TMEM106B_Plate1_d7_TMEM561LAMP1640MAP2488DAPI405_E20_F1.nd2,6
17,6938,0,0.0,0.0,21.557941436767578,149569.0,,0.0,-0.003295714023007994,True,,KI,E20,1,d7,Plate1,/Users/pmihack/claire/tmem_2026/data/cleaved_tmem_pld3_260821/d7/Z60_PLD_TMEMki/PLD3TMEM106B_Plate1_d7_TMEM561LAMP1640MAP2488DAPI405_E20_F1.nd2,6
18,10029,5,0.023033203709243194,0.5388767999999999,346.2864685058594,3472907.0,27.864134617402676,0.0,0.2525785507046729,True,,KI,E20,1,d7,Plate1,/Users/pmihack/claire/tmem_2026/data/cleaved_tmem_pld3_260821/d7/Z60_PLD_TMEMki/PLD3TMEM106B_Plate1_d7_TMEM561LAMP1640MAP2488DAPI405_E20_F1.nd2,6
19,8323,2,0.002523128679562658,0.12247199999999998,119.62200927734375,995614.0,23.39016703290041,0.0,0.1611836786923996,True,,KI,E20,1,d7,Plate1,/Users/pmihack/claire/tmem_2026/data/cleaved_tmem_pld3_260821/d7/Z60_PLD_TMEMki/PLD3TMEM106B_Plate1_d7_TMEM561LAMP1640MAP2488DAPI405_E20_F1.nd2,6
20,9760,7,0.016188524590163934,0.26327314285714287,525.000732421875,5124007.0,13.351832527485229,0.0,0.35263994436088064,False,border,KI,E20,1,d7,Plate1,/Users/pmihack/claire/tmem_2026/data/cleaved_tmem_pld3_260821/d7/Z60_PLD_TMEMki/PLD3TMEM106B_Plate1_d7_TMEM561LAMP1640MAP2488DAPI405_E20_F1.nd2,6
1,10934,19,0.05533199195171026,0.37140631578947364,833.5856323242188,9114425.0,5.609895098880148,0.0,0.6064571184238169,True,,KI,E20,2,d7,Plate1,/Users/pmihack/claire/tmem_2026/data/cleaved_tmem_pld3_260821/d7/Z60_PLD_TMEMki/PLD3TMEM106B_Plate1_d7_TMEM561LAMP1640MAP2488DAPI405_E20_F2.nd2,8
2,12357,2,0.08424374848264142,6.071111999999999,912.885986328125,11280532.0,15.41842434098735,0.0,0.8453593745630021,True,,KI,E20,2,d7,Plate1,/Users/pmihack/claire/tmem_2026/data/cleaved_tmem_pld3_260821/d7/Z60_PLD_TMEMki/PLD3TMEM106B_Plate1_d7_TMEM561LAMP1640MAP2488DAPI405_E20_F2.nd2,8
3,10284,15,0.024115130299494362,0.1928448,626.572265625,6443669.0,7.53174276325246,0.0,0.6595852129691512,True,,KI,E20,2,d7,Plate1,/Users/pmihack/claire/tmem_2026/data/cleaved_tmem_pld3_260821/d7/Z60_PLD_TMEMki/PLD3TMEM106B_Plate1_d7_TMEM561LAMP1640MAP2488DAPI405_E20_F2.nd2,8
4,6388,4,0.12460864120225423,2.3211359999999996,1327.40283203125,8479449.0,8.455450315722686,0.0,0.8388835049335733,True,,KI,E20,2,d7,Plate1,/Users/pmihack/claire/tmem_2026/data/cleaved_tmem_pld3_260821/d7/Z60_PLD_TMEMki/PLD3TMEM106B_Plate1_d7_TMEM561LAMP1640MAP2488DAPI405_E20_F2.nd2,8
5,11900,5,0.10521008403361344,2.9206656,1051.346435546875,12511023.0,5.248508528765281,0.0,0.7426814761379733,True,,KI,E20,2,d7,Plate1,/Users/pmihack/claire/tmem_2026/data/cleaved_tmem_pld3_260821/d7/Z60_PLD_TMEMki/PLD3TMEM106B_Plate1_d7_TMEM561LAMP1640MAP2488DAPI405_E20_F2.nd2,8
6,16820,6,0.0718192627824019,2.3483519999999998,766.7761840820312,12897175.0,5.292348681557439,0.0,0.8509119080583929,True,,KI,E20,2,d7,Plate1,/Users/pmihack/claire/tmem_2026/data/cleaved_tmem_pld3_260821/d7/Z60_PLD_TMEMki/PLD3TMEM106B_Plate1_d7_TMEM561LAMP1640MAP2488DAPI405_E20_F2.nd2,8
7,8800,4,0.06988636363636364,1.79334,738.7658081054688,6501139.0,16.744428742101164,0.009302831254899502,0.5787944653368636,True,,KI,E20,2,d7,Plate1,/Users/pmihack/claire/tmem_2026/data/cleaved_tmem_pld3_260821/d7/Z60_PLD_TMEMki/PLD3TMEM106B_Plate1_d7_TMEM561LAMP1640MAP2488DAPI405_E20_F2.nd2,8
8,5726,1,0.1994411456514146,13.320288,1818.2744140625,10411439.0,24.957596651170444,0.0,0.735153702546492,True,,KI,E20,2,d7,Plate1,/Users/pmihack/claire/tmem_2026/data/cleaved_tmem_pld3_260821/d7/Z60_PLD_TMEMki/PLD3TMEM106B_Plate1_d7_TMEM561LAMP1640MAP2488DAPI405_E20_F2.nd2,8
9,11141,10,0.08715555156628668,1.1325743999999998,1025.2305908203125,11422094.0,15.929840776235302,0.0,0.6053597693276656,True,,KI,E20,2,d7,Plate1,/Users/pmihack/claire/tmem_2026/data/cleaved_tmem_pld3_260821/d7/Z60_PLD_TMEMki/PLD3TMEM106B_Plate1_d7_TMEM561LAMP1640MAP2488DAPI405_E20_F2.nd2,8
10,8922,0,0.0,0.0,75.62833404541016,674756.0,,0.0,0.2918209101138398,True,,KI,E20,2,d7,Plate1,/Users/pmihack/claire/tmem_2026/data/cleaved_tmem_pld3_260821/d7/Z60_PLD_TMEMki/PLD3TMEM106B_Plate1_d7_TMEM561LAMP1640MAP2488DAPI405_E20_F2.nd2,8
11,15113,7,0.10044332693707404,2.5294217142857143,994.8323364257812,15034901.0,17.34145620570255,0.0,0.7696344617020291,True,,KI,E20,2,d7,Plate1,/Users/pmihack/claire/tmem_2026/data/cleaved_tmem_pld3_260821/d7/Z60_PLD_TMEMki/PLD3TMEM106B_Plate1_d7_TMEM561LAMP1640MAP2488DAPI405_E20_F2.nd2,8
12,9698,4,0.14435966178593523,4.0824,1288.96142578125,12500348.0,24.091866356121713,0.0,0.8328875118089675,True,,KI,E20,2,d7,Plate1,/Users/pmihack/claire/tmem_2026/data/cleaved_tmem_pld3_260821/d7/Z60_PLD_TMEMki/PLD3TMEM106B_Plate1_d7_TMEM561LAMP1640MAP2488DAPI405_E20_F2.nd2,8
1,28741,12,0.08089488883476567,2.2599,874.4537963867188,25132676.0,10.072795983461733,0.029402241110801697,0.6734395299388829,True,,KI,E20,3,d7,Plate1,/Users/pmihack/claire/tmem_2026/data/cleaved_tmem_pld3_260821/d7/Z60_PLD_TMEMki/PLD3TMEM106B_Plate1_d7_TMEM561LAMP1640MAP2488DAPI405_E20_F3.nd2,14
2,24482,4,0.1164120578384119,8.310599999999999,1167.56201171875,28584252.0,3.0991155316102392,0.01268082857131958,0.5896988626364353,True,,KI,E20,3,d7,Plate1,/Users/pmihack/claire/tmem_2026/data/cleaved_tmem_pld3_260821/d7/Z60_PLD_TMEMki/PLD3TMEM106B_Plate1_d7_TMEM561LAMP1640MAP2488DAPI405_E20_F3.nd2,14
3,4956,0,0.0,0.0,13.96610164642334,69216.0,,0.0,0.34362228043984644,True,,KI,E20,3,d7,Plate1,/Users/pmihack/claire/tmem_2026/data/cleaved_tmem_pld3_260821/d7/Z60_PLD_TMEMki/PLD3TMEM106B_Plate1_d7_TMEM561LAMP1640MAP2488DAPI405_E20_F3.nd2,14
4,18296,8,0.13527547004809795,3.6085499999999997,1461.3760986328125,26737336.0,16.347825175924182,0.0,0.7512034652284519,True,,KI,E20,3,d7,Plate1,/Users/pmihack/claire/tmem_2026/data/cleaved_tmem_pld3_260821/d7/Z60_PLD_TMEMki/PLD3TMEM106B_Plate1_d7_TMEM561LAMP1640MAP2488DAPI405_E20_F3.nd2,14
5,8436,9,0.08902323376007587,0.9732959999999999,1107.658203125,9344205.0,12.105045649090057,0.10833987593650818,0.5310987037890814,True,,KI,E20,3,d7,Plate1,/Users/pmihack/claire/tmem_2026/data/cleaved_tmem_pld3_260821/d7/Z60_PLD_TMEMki/PLD3TMEM106B_Plate1_d7_TMEM561LAMP1640MAP2488DAPI405_E20_F3.nd2,14
6,23049,15,0.08737906199835134,1.5660864,956.6490478515625,22049804.0,2.864695765115066,0.003378442721441388,0.7357018332306663,True,,KI,E20,3,d7,Plate1,/Users/pmihack/claire/tmem_2026/data/cleaved_tmem_pld3_260821/d7/Z60_PLD_TMEMki/PLD3TMEM106B_Plate1_d7_TMEM561LAMP1640MAP2488DAPI405_E20_F3.nd2,14
7,8873,7,0.03888200157782035,0.5748685714285714,418.6015930175781,3714252.0,26.24086268055646,0.0,0.7032851163993533,True,,KI,E20,3,d7,Plate1,/Users/pmihack/claire/tmem_2026/data/cleaved_tmem_pld3_260821/d7/Z60_PLD_TMEMki/PLD3TMEM106B_Plate1_d7_TMEM561LAMP1640MAP2488DAPI405_E20_F3.nd2,14
8,7402,3,0.02958659821669819,0.8514719999999999,376.8539733886719,2789473.0,6.510556929198052,0.08404526859521866,0.8133255473014477,True,,KI,E20,3,d7,Plate1,/Users/pmihack/claire/tmem_2026/data/cleaved_tmem_pld3_260821/d7/Z60_PLD_TMEMki/PLD3TMEM106B_Plate1_d7_TMEM561LAMP1640MAP2488DAPI405_E20_F3.nd2,14
9,27740,11,0.08619322278298486,2.5353294545454546,904.6458740234375,25094876.0,12.702366264314914,0.07921326160430908,0.7157531777297139,True,,KI,E20,3,d7,Plate1,/Users/pmihack/claire/tmem_2026/data/cleaved_tmem_pld3_260821/d7/Z60_PLD_TMEMki/PLD3TMEM106B_Plate1_d7_TMEM561LAMP1640MAP2488DAPI405_E20_F3.nd2,14
10,13091,7,0.06546482316095027,1.428006857142857,670.6416625976562,8779370.0,15.932990995869622,0.15833379328250885,0.7982769960385436,False,abnormal_nucleus,KI,E20,3,d7,Plate1,/Users/pmihack/claire/tmem_2026/data/cleaved_tmem_pld3_260821/d7/Z60_PLD_TMEMki/PLD3TMEM106B_Plate1_d7_TMEM561LAMP1640MAP2488DAPI405_E20_F3.nd2,14
11,14842,4,0.07862821722139873,3.4029719999999997,769.4547729492188,11420248.0,7.19542991730744,0.12710870802402496,0.6112749604919374,True,,KI,E20,3,d7,Plate1,/Users/pmihack/claire/tmem_2026/data/cleaved_tmem_pld3_260821/d7/Z60_PLD_TMEMki/PLD3TMEM106B_Plate1_d7_TMEM561LAMP1640MAP2488DAPI405_E20_F3.nd2,14
12,9652,0,0.0,0.0,26.969850540161133,260313.0,,0.0,-0.07479823895278741,True,,KI,E20,3,d7,Plate1,/Users/pmihack/claire/tmem_2026/data/cleaved_tmem_pld3_260821/d7/Z60_PLD_TMEMki/PLD3TMEM106B_Plate1_d7_TMEM561LAMP1640MAP2488DAPI405_E20_F3.nd2,14
13,11061,3,0.13561160835367508,5.832,1357.9224853515625,15019980.0,14.974930291476921,0.0,0.7316033057921605,False,abnormal_nucleus,KI,E20,3,d7,Plate1,/Users/pmihack/claire/tmem_2026/data/cleaved_tmem_pld3_260821/d7/Z60_PLD_TMEMki/PLD3TMEM106B_Plate1_d7_TMEM561LAMP1640MAP2488DAPI405_E20_F3.nd2,14
14,15855,12,0.07398297067171239,1.140156,824.2708129882812,13068814.0,6.777134833532598,0.08296369016170502,0.735990330465219,True,,KI,E20,3,d7,Plate1,/Users/pmihack/claire/tmem_2026/data/cleaved_tmem_pld3_260821/d7/Z60_PLD_TMEMki/PLD3TMEM106B_Plate1_d7_TMEM561LAMP1640MAP2488DAPI405_E20_F3.nd2,14
15,14578,1,0.00034298257648511456,0.05832,40.7042121887207,593386.0,15.117399003311142,0.0,0.173863759180625,False,abnormal_nucleus,KI,E20,3,d7,Plate1,/Users/pmihack/claire/tmem_2026/data/cleaved_tmem_pld3_260821/d7/Z60_PLD_TMEMki/PLD3TMEM106B_Plate1_d7_TMEM561LAMP1640MAP2488DAPI405_E20_F3.nd2,14
16,8980,0,0.0,0.0,38.920379638671875,349505.0,,0.0,0.3969835962080146,False,abnormal_nucleus,KI,E20,3,d7,Plate1,/Users/pmihack/claire/tmem_2026/data/cleaved_tmem_pld3_260821/d7/Z60_PLD_TMEMki/PLD3TMEM106B_Plate1_d7_TMEM561LAMP1640MAP2488DAPI405_E20_F3.nd2,14
17,17493,15,0.13496827302349512,1.8359135999999998,1304.0928955078125,22812496.0,21.205584451936332,0.03482222929596901,0.7685251462710768,True,,KI,E20,3,d7,Plate1,/Users/pmihack/claire/tmem_2026/data/cleaved_tmem_pld3_260821/d7/Z60_PLD_TMEMki/PLD3TMEM106B_Plate1_d7_TMEM561LAMP1640MAP2488DAPI405_E20_F3.nd2,14
18,15299,11,0.11902738741094189,1.9309221818181814,1367.3623046875,20919276.0,22.456674645616893,0.022662926465272903,0.7132325561762795,True,,KI,E20,3,d7,Plate1,/Users/pmihack/claire/tmem_2026/data/cleaved_tmem_pld3_260821/d7/Z60_PLD_TMEMki/PLD3TMEM106B_Plate1_d7_TMEM561LAMP1640MAP2488DAPI405_E20_F3.nd2,14
1,13691,10,0.23548316412241618,3.7604735999999996,3019.90234375,41345484.0,1.3560600929979285,0.18787817656993866,0.8502615151468433,True,,KI,E20,4,d7,Plate1,/Users/pmihack/claire/tmem_2026/data/cleaved_tmem_pld3_260821/d7/Z60_PLD_TMEMki/PLD3TMEM106B_Plate1_d7_TMEM561LAMP1640MAP2488DAPI405_E20_F4.nd2,15
2,10782,2,0.1521981079577073,9.570312,1635.982177734375,17639160.0,1.1776251511376077,0.018252059817314148,0.8530992497035917,True,,KI,E20,4,d7,Plate1,/Users/pmihack/claire/tmem_2026/data/cleaved_tmem_pld3_260821/d7/Z60_PLD_TMEMki/PLD3TMEM106B_Plate1_d7_TMEM561LAMP1640MAP2488DAPI405_E20_F4.nd2,15
3,17160,23,0.08671328671328671,0.7546100869565218,1254.041259765625,21519348.0,0.9311422942765905,0.042605750262737274,0.5841770777649262,True,,KI,E20,4,d7,Plate1,/Users/pmihack/claire/tmem_2026/data/cleaved_tmem_pld3_260821/d7/Z60_PLD_TMEMki/PLD3TMEM106B_Plate1_d7_TMEM561LAMP1640MAP2488DAPI405_E20_F4.nd2,15
4,6145,10,0.21692432872253864,1.5548112,2088.34375,12832873.0,17.78630082214431,0.12530459463596344,0.5632956134529297,True,,KI,E20,4,d7,Plate1,/Users/pmihack/claire/tmem_2026/data/cleaved_tmem_pld3_260821/d7/Z60_PLD_TMEMki/PLD3TMEM106B_Plate1_d7_TMEM561LAMP1640MAP2488DAPI405_E20_F4.nd2,15
5,19180,4,0.08722627737226277,4.878468,877.2400512695312,16825464.0,6.8524011669082725,0.11578129231929779,0.8068012443699318,True,,KI,E20,4,d7,Plate1,/Users/pmihack/claire/tmem_2026/data/cleaved_tmem_pld3_260821/d7/Z60_PLD_TMEMki/PLD3TMEM106B_Plate1_d7_TMEM561LAMP1640MAP2488DAPI405_E20_F4.nd2,15
6,9415,5,0.15942644715878918,3.5015327999999997,1752.37158203125,16498579.0,4.114869590279728,0.014145096763968468,0.6755983618163286,True,,KI,E20,4,d7,Plate1,/Users/pmihack/claire/tmem_2026/data/cleaved_tmem_pld3_260821/d7/Z60_PLD_TMEMki/PLD3TMEM106B_Plate1_d7_TMEM561LAMP1640MAP2488DAPI405_E20_F4.nd2,15
7,10011,5,0.1676156228149036,3.9144384,1885.9090576171875,18879836.0,13.252865011262982,0.10054949671030045,0.7429251440365272,True,,KI,E20,4,d7,Plate1,/Users/pmihack/claire/tmem_2026/data/cleaved_tmem_pld3_260821/d7/Z60_PLD_TMEMki/PLD3TMEM106B_Plate1_d7_TMEM561LAMP1640MAP2488DAPI405_E20_F4.nd2,15
8,9393,8,0.15415735121899288,2.1111839999999997,1630.838134765625,15318463.0,6.159732483587746,0.08584444969892502,0.5606885807712847,True,,KI,E20,4,d7,Plate1,/Users/pmihack/claire/tmem_2026/data/cleaved_tmem_pld3_260821/d7/Z60_PLD_TMEMki/PLD3TMEM106B_Plate1_d7_TMEM561LAMP1640MAP2488DAPI405_E20_F4.nd2,15
9,10739,2,0.1335319862184561,8.363088,1307.423828125,14040425.0,24.540407029432682,0.16200442612171173,0.7235656435009992,True,,KI,E20,4,d7,Plate1,/Users/pmihack/claire/tmem_2026/data/cleaved_tmem_pld3_260821/d7/Z60_PLD_TMEMki/PLD3TMEM106B_Plate1_d7_TMEM561LAMP1640MAP2488DAPI405_E20_F4.nd2,15
10,22909,9,0.14967916539351347,4.4439839999999995,1514.5552978515625,34696948.0,18.795807974944225,0.08822369575500488,0.8174430007791758,True,,KI,E20,4,d7,Plate1,/Users/pmihack/claire/tmem_2026/data/cleaved_tmem_pld3_260821/d7/Z60_PLD_TMEMki/PLD3TMEM106B_Plate1_d7_TMEM561LAMP1640MAP2488DAPI405_E20_F4.nd2,15
11,31021,15,0.0626994616550079,1.5124319999999998,755.8406372070312,23446932.0,4.599600092580338,0.025687582790851593,0.6913951362310019,True,,KI,E20,4,d7,Plate1,/Users/pmihack/claire/tmem_2026/data/cleaved_tmem_pld3_260821/d7/Z60_PLD_TMEMki/PLD3TMEM106B_Plate1_d7_TMEM561LAMP1640MAP2488DAPI405_E20_F4.nd2,15
12,12291,1,0.0005695224147750387,0.081648,123.7486801147461,1520995.0,8.922251034442047,0.0,0.5059917727800207,True,,KI,E20,4,d7,Plate1,/Users/pmihack/claire/tmem_2026/data/cleaved_tmem_pld3_260821/d7/Z60_PLD_TMEMki/PLD3TMEM106B_Plate1_d7_TMEM561LAMP1640MAP2488DAPI405_E20_F4.nd2,15
13,6547,3,0.12677562242248358,3.22704,1725.04296875,11293856.0,17.473486356042926,0.013914290815591812,0.7820411525661733,True,,KI,E20,4,d7,Plate1,/Users/pmihack/claire/tmem_2026/data/cleaved_tmem_pld3_260821/d7/Z60_PLD_TMEMki/PLD3TMEM106B_Plate1_d7_TMEM561LAMP1640MAP2488DAPI405_E20_F4.nd2,15
14,12208,4,0.14605176933158584,5.199228,1731.1710205078125,21134136.0,9.969096586497702,0.285406231880188,0.8145829137365259,True,,KI,E20,4,d7,Plate1,/Users/pmihack/claire/tmem_2026/data/cleaved_tmem_pld3_260821/d7/Z60_PLD_TMEMki/PLD3TMEM106B_Plate1_d7_TMEM561LAMP1640MAP2488DAPI405_E20_F4.nd2,15
15,8725,6,0.1064756446991404,1.805976,1068.061767578125,9318839.0,10.487672435125752,0.08669749647378922,0.7359828091542179,True,,KI,E20,4,d7,Plate1,/Users/pmihack/claire/tmem_2026/data/cleaved_tmem_pld3_260821/d7/Z60_PLD_TMEMki/PLD3TMEM106B_Plate1_d7_TMEM561LAMP1640MAP2488DAPI405_E20_F4.nd2,15
16,12856,11,0.12958929682638456,1.7665658181818182,1366.4788818359375,17567452.0,25.18431287295714,0.14733177423477173,0.7303859958931075,True,,KI,E20,4,d7,Plate1,/Users/pmihack/claire/tmem_2026/data/cleaved_tmem_pld3_260821/d7/Z60_PLD_TMEMki/PLD3TMEM106B_Plate1_d7_TMEM561LAMP1640MAP2488DAPI405_E20_F4.nd2,15
17,16517,1,0.05842465338741902,11.255759999999999,681.7991333007812,11261276.0,10.171758077314218,0.10754980146884918,0.5627832644410204,True,,KI,E20,4,d7,Plate1,/Users/pmihack/claire/tmem_2026/data/cleaved_tmem_pld3_260821/d7/Z60_PLD_TMEMki/PLD3TMEM106B_Plate1_d7_TMEM561LAMP1640MAP2488DAPI405_E20_F4.nd2,15
1,19830,4,0.0881492687846697,5.097168,902.163818359375,17889908.0,0.6131817076226418,0.0,0.7421436250308275,True,,KI,F20,1,d7,Plate1,/Users/pmihack/claire/tmem_2026/data/cleaved_tmem_pld3_260821/d7/Z60_PLD_TMEMki/PLD3TMEM106B_Plate1_d7_TMEM561LAMP1640MAP2488DAPI405_F20_F1.nd2,10
2,31890,16,0.021887739103167138,0.5088419999999999,343.7116394042969,10960964.0,8.911723091883788,0.0,0.42399433470650943,True,,KI,F20,1,d7,Plate1,/Users/pmihack/claire/tmem_2026/data/cleaved_tmem_pld3_260821/d7/Z60_PLD_TMEMki/PLD3TMEM106B_Plate1_d7_TMEM561LAMP1640MAP2488DAPI405_F20_F1.nd2,10
3,15435,2,0.11000971817298348,9.902735999999999,1263.97607421875,19509470.0,14.138572706686597,0.0,0.7030113949987502,True,,KI,F20,1,d7,Plate1,/Users/pmihack/claire/tmem_2026/data/cleaved_tmem_pld3_260821/d7/Z60_PLD_TMEMki/PLD3TMEM106B_Plate1_d7_TMEM561LAMP1640MAP2488DAPI405_F20_F1.nd2,10
4,15721,1,0.034158132434323515,6.263567999999999,408.8261413574219,6427156.0,19.447636895630794,0.0,0.7604529028907073,True,,KI,F20,1,d7,Plate1,/Users/pmihack/claire/tmem_2026/data/cleaved_tmem_pld3_260821/d7/Z60_PLD_TMEMki/PLD3TMEM106B_Plate1_d7_TMEM561LAMP1640MAP2488DAPI405_F20_F1.nd2,10
5,14306,8,0.011603522997343772,0.242028,203.4774932861328,2910949.0,4.978415014309656,0.0,0.17630444008933427,True,,KI,F20,1,d7,Plate1,/Users/pmihack/claire/tmem_2026/data/cleaved_tmem_pld3_260821/d7/Z60_PLD_TMEMki/PLD3TMEM106B_Plate1_d7_TMEM561LAMP1640MAP2488DAPI405_F20_F1.nd2,10
6,34001,23,0.03670480279991765,0.6328987826086956,474.72467041015625,16141114.0,4.435038725023955,0.0,0.5416844418306503,True,,KI,F20,1,d7,Plate1,/Users/pmihack/claire/tmem_2026/data/cleaved_tmem_pld3_260821/d7/Z60_PLD_TMEMki/PLD3TMEM106B_Plate1_d7_TMEM561LAMP1640MAP2488DAPI405_F20_F1.nd2,10
7,15167,6,0.12560163512889827,3.7033199999999997,1219.7977294921875,18500672.0,16.398554283848647,0.0,0.5954024404157031,True,,KI,F20,1,d7,Plate1,/Users/pmihack/claire/tmem_2026/data/cleaved_tmem_pld3_260821/d7/Z60_PLD_TMEMki/PLD3TMEM106B_Plate1_d7_TMEM561LAMP1640MAP2488DAPI405_F20_F1.nd2,10
8,29087,4,0.07876370887337986,6.680555999999999,973.6809692382812,28321458.0,7.5463281588211455,0.0,0.785728195587676,True,,KI,F20,1,d7,Plate1,/Users/pmihack/claire/tmem_2026/data/cleaved_tmem_pld3_260821/d7/Z60_PLD_TMEMki/PLD3TMEM106B_Plate1_d7_TMEM561LAMP1640MAP2488DAPI405_F20_F1.nd2,10
9,18133,7,0.053714222687917056,1.6229622857142856,748.1571044921875,13566333.0,18.04887009123941,0.0,0.4555810607624007,True,,KI,F20,1,d7,Plate1,/Users/pmihack/claire/tmem_2026/data/cleaved_tmem_pld3_260821/d7/Z60_PLD_TMEMki/PLD3TMEM106B_Plate1_d7_TMEM561LAMP1640MAP2488DAPI405_F20_F1.nd2,10
10,14171,0,0.0,0.0,48.27888107299805,684160.0,,0.0,0.4188001212290149,True,,KI,F20,1,d7,Plate1,/Users/pmihack/claire/tmem_2026/data/cleaved_tmem_pld3_260821/d7/Z60_PLD_TMEMki/PLD3TMEM106B_Plate1_d7_TMEM561LAMP1640MAP2488DAPI405_F20_F1.nd2,10
11,16459,5,0.01622212771128258,0.6228575999999999,264.3126525878906,4350322.0,14.686330094757004,0.0,0.2605603947618853,True,,KI,F20,1,d7,Plate1,/Users/pmihack/claire/tmem_2026/data/cleaved_tmem_pld3_260821/d7/Z60_PLD_TMEMki/PLD3TMEM106B_Plate1_d7_TMEM561LAMP1640MAP2488DAPI405_F20_F1.nd2,10
12,26801,2,0.07372859221670833,11.524031999999998,919.6237182617188,24646836.0,12.494057359517743,0.0,0.7235900285089402,True,,KI,F20,1,d7,Plate1,/Users/pmihack/claire/tmem_2026/data/cleaved_tmem_pld3_260821/d7/Z60_PLD_TMEMki/PLD3TMEM106B_Plate1_d7_TMEM561LAMP1640MAP2488DAPI405_F20_F1.nd2,10
13,6903,6,0.14138780240475154,1.8973439999999997,1406.1632080078125,9706745.0,29.668923043546787,0.0,0.6567061988232711,True,,KI,F20,1,d7,Plate1,/Users/pmihack/claire/tmem_2026/data/cleaved_tmem_pld3_260821/d7/Z60_PLD_TMEMki/PLD3TMEM106B_Plate1_d7_TMEM561LAMP1640MAP2488DAPI405_F20_F1.nd2,10
1,9881,2,0.002833721283270924,0.163296,78.37374877929688,774411.0,1.777976669866304,0.0,0.643144312941161,True,,KI,F20,2,d7,Plate1,/Users/pmihack/claire/tmem_2026/data/cleaved_tmem_pld3_260821/d7/Z60_PLD_TMEMki/PLD3TMEM106B_Plate1_d7_TMEM561LAMP1640MAP2488DAPI405_F20_F2.nd2,12
2,16800,9,0.06869047619047619,1.495584,669.3466186523438,11245023.0,9.526407971950231,0.0,0.5066225286972135,True,,KI,F20,2,d7,Plate1,/Users/pmihack/claire/tmem_2026/data/cleaved_tmem_pld3_260821/d7/Z60_PLD_TMEMki/PLD3TMEM106B_Plate1_d7_TMEM561LAMP1640MAP2488DAPI405_F20_F2.nd2,12
3,18001,9,0.030053885895228043,0.701136,379.21142578125,6826185.0,2.2964319801995483,0.0,0.6182337503253682,True,,KI,F20,2,d7,Plate1,/Users/pmihack/claire/tmem_2026/data/cleaved_tmem_pld3_260821/d7/Z60_PLD_TMEMki/PLD3TMEM106B_Plate1_d7_TMEM561LAMP1640MAP2488DAPI405_F20_F2.nd2,12
4,19117,9,0.019563739080399645,0.48470399999999997,268.18341064453125,5126862.0,11.098452729332076,0.0,0.4550081150255253,True,,KI,F20,2,d7,Plate1,/Users/pmihack/claire/tmem_2026/data/cleaved_tmem_pld3_260821/d7/Z60_PLD_TMEMki/PLD3TMEM106B_Plate1_d7_TMEM561LAMP1640MAP2488DAPI405_F20_F2.nd2,12
5,14834,11,0.032088445463125254,0.5047330909090909,453.8370056152344,6732218.0,28.36065135743086,0.0,0.6653074236255675,True,,KI,F20,2,d7,Plate1,/Users/pmihack/claire/tmem_2026/data/cleaved_tmem_pld3_260821/d7/Z60_PLD_TMEMki/PLD3TMEM106B_Plate1_d7_TMEM561LAMP1640MAP2488DAPI405_F20_F2.nd2,12
6,10743,0,0.0,0.0,38.76263427734375,416427.0,,0.0,0.5207838429493746,True,,KI,F20,2,d7,Plate1,/Users/pmihack/claire/tmem_2026/data/cleaved_tmem_pld3_260821/d7/Z60_PLD_TMEMki/PLD3TMEM106B_Plate1_d7_TMEM561LAMP1640MAP2488DAPI405_F20_F2.nd2,12
7,23210,6,0.021628608358466177,0.975888,271.3421325683594,6297851.0,10.784928814507639,0.0,0.7102625038158877,True,,KI,F20,2,d7,Plate1,/Users/pmihack/claire/tmem_2026/data/cleaved_tmem_pld3_260821/d7/Z60_PLD_TMEMki/PLD3TMEM106B_Plate1_d7_TMEM561LAMP1640MAP2488DAPI405_F20_F2.nd2,12
8,12344,2,0.0038885288399222295,0.27993599999999996,90.92166137695312,1122337.0,20.85920885501947,0.0,0.12798712782615387,True,,KI,F20,2,d7,Plate1,/Users/pmihack/claire/tmem_2026/data/cleaved_tmem_pld3_260821/d7/Z60_PLD_TMEMki/PLD3TMEM106B_Plate1_d7_TMEM561LAMP1640MAP2488DAPI405_F20_F2.nd2,12
9,10090,2,0.0973240832507433,5.727023999999999,908.8557739257812,9170355.0,13.894204940301682,0.0,0.13727521435535492,True,,KI,F20,2,d7,Plate1,/Users/pmihack/claire/tmem_2026/data/cleaved_tmem_pld3_260821/d7/Z60_PLD_TMEMki/PLD3TMEM106B_Plate1_d7_TMEM561LAMP1640MAP2488DAPI405_F20_F2.nd2,12
10,14574,10,0.05132427610813778,0.8724671999999999,655.0591430664062,9546832.0,7.041949580237333,0.0004617238591890782,0.5797366059876056,True,,KI,F20,2,d7,Plate1,/Users/pmihack/claire/tmem_2026/data/cleaved_tmem_pld3_260821/d7/Z60_PLD_TMEMki/PLD3TMEM106B_Plate1_d7_TMEM561LAMP1640MAP2488DAPI405_F20_F2.nd2,12
11,7916,2,0.0025265285497726125,0.11664,83.29295349121094,659347.0,29.415432514948332,0.0,0.14000672616071863,True,,KI,F20,2,d7,Plate1,/Users/pmihack/claire/tmem_2026/data/cleaved_tmem_pld3_260821/d7/Z60_PLD_TMEMki/PLD3TMEM106B_Plate1_d7_TMEM561LAMP1640MAP2488DAPI405_F20_F2.nd2,12
12,12515,1,0.0006392329204954055,0.09331199999999999,47.23395919799805,591133.0,16.776705419966238,0.0,0.4300661532984255,True,,KI,F20,2,d7,Plate1,/Users/pmihack/claire/tmem_2026/data/cleaved_tmem_pld3_260821/d7/Z60_PLD_TMEMki/PLD3TMEM106B_Plate1_d7_TMEM561LAMP1640MAP2488DAPI405_F20_F2.nd2,12
1,6029,0,0.0,0.0,75.15043640136719,453082.0,,0.0,0.10660119544341633,True,,KI,F20,3,d7,Plate1,/Users/pmihack/claire/tmem_2026/data/cleaved_tmem_pld3_260821/d7/Z60_PLD_TMEMki/PLD3TMEM106B_Plate1_d7_TMEM561LAMP1640MAP2488DAPI405_F20_F3.nd2,16
2,12248,9,0.02718811234487263,0.43156799999999995,436.12286376953125,5341633.0,6.7520325867408335,0.001942664384841919,0.2957388368593192,True,,KI,F20,3,d7,Plate1,/Users/pmihack/claire/tmem_2026/data/cleaved_tmem_pld3_260821/d7/Z60_PLD_TMEMki/PLD3TMEM106B_Plate1_d7_TMEM561LAMP1640MAP2488DAPI405_F20_F3.nd2,16
3,11889,7,0.07183110438220204,1.4230079999999998,809.5953979492188,9625280.0,0.8942822593729403,0.0,0.27835136053337695,True,,KI,F20,3,d7,Plate1,/Users/pmihack/claire/tmem_2026/data/cleaved_tmem_pld3_260821/d7/Z60_PLD_TMEMki/PLD3TMEM106B_Plate1_d7_TMEM561LAMP1640MAP2488DAPI405_F20_F3.nd2,16
4,20260,8,0.03035538005923001,0.89667,363.8199768066406,7370993.0,12.04106437752469,3.269573062425479e-05,0.09760321267953867,True,,KI,F20,3,d7,Plate1,/Users/pmihack/claire/tmem_2026/data/cleaved_tmem_pld3_260821/d7/Z60_PLD_TMEMki/PLD3TMEM106B_Plate1_d7_TMEM561LAMP1640MAP2488DAPI405_F20_F3.nd2,16
5,8110,5,0.16979038224414303,3.2122655999999994,2426.845947265625,19681720.0,17.95882698022395,0.0,0.618615146671232,True,,KI,F20,3,d7,Plate1,/Users/pmihack/claire/tmem_2026/data/cleaved_tmem_pld3_260821/d7/Z60_PLD_TMEMki/PLD3TMEM106B_Plate1_d7_TMEM561LAMP1640MAP2488DAPI405_F20_F3.nd2,16
6,12497,5,0.10626550372089301,3.0979584,1283.3443603515625,16037954.0,17.215225868774365,0.0,0.5268662421768868,True,,KI,F20,3,d7,Plate1,/Users/pmihack/claire/tmem_2026/data/cleaved_tmem_pld3_260821/d7/Z60_PLD_TMEMki/PLD3TMEM106B_Plate1_d7_TMEM561LAMP1640MAP2488DAPI405_F20_F3.nd2,16
7,4403,5,0.1669316375198728,1.714608,1841.772705078125,8109325.0,16.444062795597745,0.16889987885951996,0.3667133346122702,True,,KI,F20,3,d7,Plate1,/Users/pmihack/claire/tmem_2026/data/cleaved_tmem_pld3_260821/d7/Z60_PLD_TMEMki/PLD3TMEM106B_Plate1_d7_TMEM561LAMP1640MAP2488DAPI405_F20_F3.nd2,16
8,7604,12,0.14334560757496054,1.0594799999999998,1738.506591796875,13219604.0,6.088631589067964,0.0,0.355250962643086,True,,KI,F20,3,d7,Plate1,/Users/pmihack/claire/tmem_2026/data/cleaved_tmem_pld3_260821/d7/Z60_PLD_TMEMki/PLD3TMEM106B_Plate1_d7_TMEM561LAMP1640MAP2488DAPI405_F20_F3.nd2,16
9,8339,6,0.01858736059479554,0.30132,413.381591796875,3447189.0,7.215831342333494,0.16630680859088898,0.5928702159637839,True,,KI,F20,3,d7,Plate1,/Users/pmihack/claire/tmem_2026/data/cleaved_tmem_pld3_260821/d7/Z60_PLD_TMEMki/PLD3TMEM106B_Plate1_d7_TMEM561LAMP1640MAP2488DAPI405_F20_F3.nd2,16
10,14448,3,0.018826135105204873,1.057536,291.4092712402344,4210281.0,10.974899181282534,0.0,0.451709046757513,True,,KI,F20,3,d7,Plate1,/Users/pmihack/claire/tmem_2026/data/cleaved_tmem_pld3_260821/d7/Z60_PLD_TMEMki/PLD3TMEM106B_Plate1_d7_TMEM561LAMP1640MAP2488DAPI405_F20_F3.nd2,16
11,9700,5,0.05865979381443299,1.3273632,731.8850708007812,7099285.0,7.568349587601175,0.0,0.47921887806857427,True,,KI,F20,3,d7,Plate1,/Users/pmihack/claire/tmem_2026/data/cleaved_tmem_pld3_260821/d7/Z60_PLD_TMEMki/PLD3TMEM106B_Plate1_d7_TMEM561LAMP1640MAP2488DAPI405_F20_F3.nd2,16
12,13851,6,0.1612879936466681,4.342896,1916.025146484375,26538864.0,8.176670284419219,0.0,0.660457653729458,True,,KI,F20,3,d7,Plate1,/Users/pmihack/claire/tmem_2026/data/cleaved_tmem_pld3_260821/d7/Z60_PLD_TMEMki/PLD3TMEM106B_Plate1_d7_TMEM561LAMP1640MAP2488DAPI405_F20_F3.nd2,16
13,7938,0,0.0,0.0,41.09473419189453,326210.0,,0.0,0.30915773197093444,True,,KI,F20,3,d7,Plate1,/Users/pmihack/claire/tmem_2026/data/cleaved_tmem_pld3_260821/d7/Z60_PLD_TMEMki/PLD3TMEM106B_Plate1_d7_TMEM561LAMP1640MAP2488DAPI405_F20_F3.nd2,16
14,13400,11,0.11022388059701492,1.566157090909091,1275.9522705078125,17097760.0,13.376467905995945,0.0,0.496576155468159,True,,KI,F20,3,d7,Plate1,/Users/pmihack/claire/tmem_2026/data/cleaved_tmem_pld3_260821/d7/Z60_PLD_TMEMki/PLD3TMEM106B_Plate1_d7_TMEM561LAMP1640MAP2488DAPI405_F20_F3.nd2,16
15,20627,5,0.07126581664808261,3.429216,815.1162109375,16813402.0,15.052296979234614,0.0,0.6917801508625708,True,,KI,F20,3,d7,Plate1,/Users/pmihack/claire/tmem_2026/data/cleaved_tmem_pld3_260821/d7/Z60_PLD_TMEMki/PLD3TMEM106B_Plate1_d7_TMEM561LAMP1640MAP2488DAPI405_F20_F3.nd2,16
16,25221,9,0.09385036279291067,3.0676319999999997,939.639892578125,23698658.0,8.500894527740373,0.0,0.7251759828817518,True,,KI,F20,3,d7,Plate1,/Users/pmihack/claire/tmem_2026/data/cleaved_tmem_pld3_260821/d7/Z60_PLD_TMEMki/PLD3TMEM106B_Plate1_d7_TMEM561LAMP1640MAP2488DAPI405_F20_F3.nd2,16
17,12787,15,0.07890826620786737,0.7845983999999999,964.5789184570312,12334071.0,19.121189281791924,0.0,0.6258350602284187,True,,KI,F20,3,d7,Plate1,/Users/pmihack/claire/tmem_2026/data/cleaved_tmem_pld3_260821/d7/Z60_PLD_TMEMki/PLD3TMEM106B_Plate1_d7_TMEM561LAMP1640MAP2488DAPI405_F20_F3.nd2,16
18,12186,2,0.0008206138191367143,0.05832,52.02699661254883,634001.0,23.04732286469498,0.0,0.01660692971386917,True,,KI,F20,3,d7,Plate1,/Users/pmihack/claire/tmem_2026/data/cleaved_tmem_pld3_260821/d7/Z60_PLD_TMEMki/PLD3TMEM106B_Plate1_d7_TMEM561LAMP1640MAP2488DAPI405_F20_F3.nd2,16
1,6050,6,0.05454545454545454,0.64152,627.2333984375,3794762.0,0.9834575844281301,0.47654083371162415,0.7019694915767685,True,,KI,F20,4,d7,Plate1,/Users/pmihack/claire/tmem_2026/data/cleaved_tmem_pld3_260821/d7/Z60_PLD_TMEMki/PLD3TMEM106B_Plate1_d7_TMEM561LAMP1640MAP2488DAPI405_F20_F4.nd2,14
2,3871,1,0.002324980625161457,0.10497599999999999,355.857666015625,1377525.0,7.381377732605429,0.0,0.30915481870563594,True,,KI,F20,4,d7,Plate1,/Users/pmihack/claire/tmem_2026/data/cleaved_tmem_pld3_260821/d7/Z60_PLD_TMEMki/PLD3TMEM106B_Plate1_d7_TMEM561LAMP1640MAP2488DAPI405_F20_F4.nd2,14
3,13372,0,0.0,0.0,14.75822639465332,197347.0,,0.0,0.08509010164436825,True,,KI,F20,4,d7,Plate1,/Users/pmihack/claire/tmem_2026/data/cleaved_tmem_pld3_260821/d7/Z60_PLD_TMEMki/PLD3TMEM106B_Plate1_d7_TMEM561LAMP1640MAP2488DAPI405_F20_F4.nd2,14
4,13886,0,0.0,0.0,83.17377471923828,1154951.0,,0.0,0.06722621027772213,True,,KI,F20,4,d7,Plate1,/Users/pmihack/claire/tmem_2026/data/cleaved_tmem_pld3_260821/d7/Z60_PLD_TMEMki/PLD3TMEM106B_Plate1_d7_TMEM561LAMP1640MAP2488DAPI405_F20_F4.nd2,14
5,18349,1,0.010082293312987083,2.1578399999999998,157.643310546875,2892597.0,1.4008101844148602,0.0,0.06746286414898128,True,,KI,F20,4,d7,Plate1,/Users/pmihack/claire/tmem_2026/data/cleaved_tmem_pld3_260821/d7/Z60_PLD_TMEMki/PLD3TMEM106B_Plate1_d7_TMEM561LAMP1640MAP2488DAPI405_F20_F4.nd2,14
6,11691,0,0.0,0.0,45.173038482666016,528118.0,,0.0,0.0040805932325556175,True,,KI,F20,4,d7,Plate1,/Users/pmihack/claire/tmem_2026/data/cleaved_tmem_pld3_260821/d7/Z60_PLD_TMEMki/PLD3TMEM106B_Plate1_d7_TMEM561LAMP1640MAP2488DAPI405_F20_F4.nd2,14
7,8714,0,0.0,0.0,91.4996566772461,797328.0,,0.0,-0.03143062708255361,True,,KI,F20,4,d7,Plate1,/Users/pmihack/claire/tmem_2026/data/cleaved_tmem_pld3_260821/d7/Z60_PLD_TMEMki/PLD3TMEM106B_Plate1_d7_TMEM561LAMP1640MAP2488DAPI405_F20_F4.nd2,14
8,9058,1,0.001103996467211305,0.11664,106.09053039550781,960968.0,8.11707025788046,0.0,0.04649529128379351,True,,KI,F20,4,d7,Plate1,/Users/pmihack/claire/tmem_2026/data/cleaved_tmem_pld3_260821/d7/Z60_PLD_TMEMki/PLD3TMEM106B_Plate1_d7_TMEM561LAMP1640MAP2488DAPI405_F20_F4.nd2,14
9,19869,5,0.006492526045598671,0.3009312,161.96502685546875,3218083.0,7.106870349670035,0.0,0.09915043527608977,True,,KI,F20,4,d7,Plate1,/Users/pmihack/claire/tmem_2026/data/cleaved_tmem_pld3_260821/d7/Z60_PLD_TMEMki/PLD3TMEM106B_Plate1_d7_TMEM561LAMP1640MAP2488DAPI405_F20_F4.nd2,14
10,15059,0,0.0,0.0,27.72335433959961,417486.0,,0.0,-0.008286596937869777,True,,KI,F20,4,d7,Plate1,/Users/pmihack/claire/tmem_2026/data/cleaved_tmem_pld3_260821/d7/Z60_PLD_TMEMki/PLD3TMEM106B_Plate1_d7_TMEM561LAMP1640MAP2488DAPI405_F20_F4.nd2,14
1,15554,5,0.07933650507907934,2.8786752,1071.4420166015625,16665210.0,13.489031375070715,0.0,0.20436127326417383,True,,KI,G20,1,d7,Plate1,/Users/pmihack/claire/tmem_2026/data/cleaved_tmem_pld3_260821/d7/Z60_PLD_TMEMki/PLD3TMEM106B_Plate1_d7_TMEM561LAMP1640MAP2488DAPI405_G20_F1.nd2,14
2,12537,0,0.0,0.0,8.87652587890625,111285.0,,0.0,0.0014084109230294948,True,,KI,G20,1,d7,Plate1,/Users/pmihack/claire/tmem_2026/data/cleaved_tmem_pld3_260821/d7/Z60_PLD_TMEMki/PLD3TMEM106B_Plate1_d7_TMEM561LAMP1640MAP2488DAPI405_G20_F1.nd2,14
3,14368,2,0.06959910913140312,5.832,656.06298828125,9426313.0,1.117129331846876,0.0,0.45360538610501927,True,,KI,G20,1,d7,Plate1,/Users/pmihack/claire/tmem_2026/data/cleaved_tmem_pld3_260821/d7/Z60_PLD_TMEMki/PLD3TMEM106B_Plate1_d7_TMEM561LAMP1640MAP2488DAPI405_G20_F1.nd2,14
4,1389,1,0.017278617710583154,0.27993599999999996,520.60693359375,723123.0,4.232921511310101,0.0,-0.039044066301527916,False,size_outlier,KI,G20,1,d7,Plate1,/Users/pmihack/claire/tmem_2026/data/cleaved_tmem_pld3_260821/d7/Z60_PLD_TMEMki/PLD3TMEM106B_Plate1_d7_TMEM561LAMP1640MAP2488DAPI405_G20_F1.nd2,14
5,14737,8,0.08570265318585872,1.841454,1006.8800048828125,14838391.0,6.134380829736631,0.0,0.4346429143134191,True,,KI,G20,1,d7,Plate1,/Users/pmihack/claire/tmem_2026/data/cleaved_tmem_pld3_260821/d7/Z60_PLD_TMEMki/PLD3TMEM106B_Plate1_d7_TMEM561LAMP1640MAP2488DAPI405_G20_F1.nd2,14
6,16427,5,0.10586229987216168,4.0567392,1293.1729736328125,21242952.0,0.8185977692964993,0.0,0.4663217357795462,True,,KI,G20,1,d7,Plate1,/Users/pmihack/claire/tmem_2026/data/cleaved_tmem_pld3_260821/d7/Z60_PLD_TMEMki/PLD3TMEM106B_Plate1_d7_TMEM561LAMP1640MAP2488DAPI405_G20_F1.nd2,14
7,6864,8,0.16317016317016317,1.63296,1843.6767578125,12654997.0,28.029483357211102,0.0,0.199010459017719,True,,KI,G20,1,d7,Plate1,/Users/pmihack/claire/tmem_2026/data/cleaved_tmem_pld3_260821/d7/Z60_PLD_TMEMki/PLD3TMEM106B_Plate1_d7_TMEM561LAMP1640MAP2488DAPI405_G20_F1.nd2,14
8,5776,1,0.07271468144044321,4.898879999999999,753.1177368164062,4350008.0,30.709568629796493,0.0,0.48708809288950367,True,,KI,G20,1,d7,Plate1,/Users/pmihack/claire/tmem_2026/data/cleaved_tmem_pld3_260821/d7/Z60_PLD_TMEMki/PLD3TMEM106B_Plate1_d7_TMEM561LAMP1640MAP2488DAPI405_G20_F1.nd2,14
9,14189,4,0.0837268306434562,3.4642079999999997,856.6223754882812,12154615.0,0.735799175273882,0.0,0.2614835717755213,True,,KI,G20,1,d7,Plate1,/Users/pmihack/claire/tmem_2026/data/cleaved_tmem_pld3_260821/d7/Z60_PLD_TMEMki/PLD3TMEM106B_Plate1_d7_TMEM561LAMP1640MAP2488DAPI405_G20_F1.nd2,14
10,20010,9,0.12433783108445777,3.2244479999999998,1178.7718505859375,23587224.0,2.7834385250099443,0.0,0.3377890493793811,True,,KI,G20,1,d7,Plate1,/Users/pmihack/claire/tmem_2026/data/cleaved_tmem_pld3_260821/d7/Z60_PLD_TMEMki/PLD3TMEM106B_Plate1_d7_TMEM561LAMP1640MAP2488DAPI405_G20_F1.nd2,14
11,8287,9,0.0921925908048751,0.9901439999999999,1005.7754516601562,8334861.0,1.012701194338104,0.0,0.33716735017952043,True,,KI,G20,1,d7,Plate1,/Users/pmihack/claire/tmem_2026/data/cleaved_tmem_pld3_260821/d7/Z60_PLD_TMEMki/PLD3TMEM106B_Plate1_d7_TMEM561LAMP1640MAP2488DAPI405_G20_F1.nd2,14
12,20479,6,0.005762000097661019,0.22939199999999998,105.15835571289062,2153538.0,0.9484859051724757,0.0,0.16051497111749075,True,,KI,G20,1,d7,Plate1,/Users/pmihack/claire/tmem_2026/data/cleaved_tmem_pld3_260821/d7/Z60_PLD_TMEMki/PLD3TMEM106B_Plate1_d7_TMEM561LAMP1640MAP2488DAPI405_G20_F1.nd2,14
13,7985,1,0.001377582968065122,0.128304,101.26324462890625,808587.0,1.129291145508228,0.0,0.017662618570553273,True,,KI,G20,1,d7,Plate1,/Users/pmihack/claire/tmem_2026/data/cleaved_tmem_pld3_260821/d7/Z60_PLD_TMEMki/PLD3TMEM106B_Plate1_d7_TMEM561LAMP1640MAP2488DAPI405_G20_F1.nd2,14
14,9889,2,0.15036909697643847,8.672184,1442.2315673828125,14262228.0,33.2046963273344,0.0,0.5050558684336588,True,,KI,G20,1,d7,Plate1,/Users/pmihack/claire/tmem_2026/data/cleaved_tmem_pld3_260821/d7/Z60_PLD_TMEMki/PLD3TMEM106B_Plate1_d7_TMEM561LAMP1640MAP2488DAPI405_G20_F1.nd2,14
15,19705,16,0.11859934026896726,1.7036729999999998,1527.7716064453125,30104740.0,3.0746990530989047,0.0,0.35221703647867375,True,,KI,G20,1,d7,Plate1,/Users/pmihack/claire/tmem_2026/data/cleaved_tmem_pld3_260821/d7/Z60_PLD_TMEMki/PLD3TMEM106B_Plate1_d7_TMEM561LAMP1640MAP2488DAPI405_G20_F1.nd2,14
16,22128,2,0.069911424439624,9.022103999999999,749.1607666015625,16577430.0,13.97886967713977,0.0,0.46752685980622327,True,,KI,G20,1,d7,Plate1,/Users/pmihack/claire/tmem_2026/data/cleaved_tmem_pld3_260821/d7/Z60_PLD_TMEMki/PLD3TMEM106B_Plate1_d7_TMEM561LAMP1640MAP2488DAPI405_G20_F1.nd2,14
17,35014,6,0.062003769920603184,4.2204239999999995,739.9461059570312,25908472.0,13.5652204234196,0.0,0.37164171981588917,False,border,KI,G20,1,d7,Plate1,/Users/pmihack/claire/tmem_2026/data/cleaved_tmem_pld3_260821/d7/Z60_PLD_TMEMki/PLD3TMEM106B_Plate1_d7_TMEM561LAMP1640MAP2488DAPI405_G20_F1.nd2,14
18,9036,7,0.16544931385568837,2.491097142857143,1967.1396484375,17775074.0,15.81430916251438,0.0,0.23292236355692644,True,,KI,G20,1,d7,Plate1,/Users/pmihack/claire/tmem_2026/data/cleaved_tmem_pld3_260821/d7/Z60_PLD_TMEMki/PLD3TMEM106B_Plate1_d7_TMEM561LAMP1640MAP2488DAPI405_G20_F1.nd2,14
19,10081,3,0.007241345104652316,0.28382399999999997,113.94405364990234,1148670.0,16.18978671480953,0.0,0.13624451435985166,True,,KI,G20,1,d7,Plate1,/Users/pmihack/claire/tmem_2026/data/cleaved_tmem_pld3_260821/d7/Z60_PLD_TMEMki/PLD3TMEM106B_Plate1_d7_TMEM561LAMP1640MAP2488DAPI405_G20_F1.nd2,14
1,16053,7,0.09923378807699496,2.654393142857143,1087.652099609375,17460080.0,7.09186533213642,0.0,0.6108151486849142,True,,KI,G20,2,d7,Plate1,/Users/pmihack/claire/tmem_2026/data/cleaved_tmem_pld3_260821/d7/Z60_PLD_TMEMki/PLD3TMEM106B_Plate1_d7_TMEM561LAMP1640MAP2488DAPI405_G20_F2.nd2,11
2,30534,3,0.0593436824523482,7.045056,679.718994140625,20754540.0,8.233876462577221,0.0,0.28657307034374335,True,,KI,G20,2,d7,Plate1,/Users/pmihack/claire/tmem_2026/data/cleaved_tmem_pld3_260821/d7/Z60_PLD_TMEMki/PLD3TMEM106B_Plate1_d7_TMEM561LAMP1640MAP2488DAPI405_G20_F2.nd2,11
3,23846,5,0.11695881908915541,6.506179199999999,1364.3236083984375,32533662.0,11.295892227510775,0.0,0.1455403953400583,True,,KI,G20,2,d7,Plate1,/Users/pmihack/claire/tmem_2026/data/cleaved_tmem_pld3_260821/d7/Z60_PLD_TMEMki/PLD3TMEM106B_Plate1_d7_TMEM561LAMP1640MAP2488DAPI405_G20_F2.nd2,11
4,32126,7,0.10832347631202141,5.798674285714285,1614.37744140625,51863488.0,3.894133898030463,0.0,0.6113689439717175,True,,KI,G20,2,d7,Plate1,/Users/pmihack/claire/tmem_2026/data/cleaved_tmem_pld3_260821/d7/Z60_PLD_TMEMki/PLD3TMEM106B_Plate1_d7_TMEM561LAMP1640MAP2488DAPI405_G20_F2.nd2,11
5,14351,5,0.11072399135948714,3.7068192,1327.849365234375,19055966.0,8.08892021470909,0.0,0.35375548731643647,True,,KI,G20,2,d7,Plate1,/Users/pmihack/claire/tmem_2026/data/cleaved_tmem_pld3_260821/d7/Z60_PLD_TMEMki/PLD3TMEM106B_Plate1_d7_TMEM561LAMP1640MAP2488DAPI405_G20_F2.nd2,11
6,7739,7,0.018090192531334797,0.23328,289.7093811035156,2242061.0,13.862672985555948,0.0,0.3215272753743725,True,,KI,G20,2,d7,Plate1,/Users/pmihack/claire/tmem_2026/data/cleaved_tmem_pld3_260821/d7/Z60_PLD_TMEMki/PLD3TMEM106B_Plate1_d7_TMEM561LAMP1640MAP2488DAPI405_G20_F2.nd2,11
7,14887,1,0.0004702089071001545,0.081648,18.32672882080078,272830.0,3.548750066286496,0.0,0.061323864877829995,True,,KI,G20,2,d7,Plate1,/Users/pmihack/claire/tmem_2026/data/cleaved_tmem_pld3_260821/d7/Z60_PLD_TMEMki/PLD3TMEM106B_Plate1_d7_TMEM561LAMP1640MAP2488DAPI405_G20_F2.nd2,11
8,6886,6,0.31121115306418823,4.165992,3309.789794921875,22791212.0,14.952669445103279,0.0,0.5127166495456047,True,,KI,G20,2,d7,Plate1,/Users/pmihack/claire/tmem_2026/data/cleaved_tmem_pld3_260821/d7/Z60_PLD_TMEMki/PLD3TMEM106B_Plate1_d7_TMEM561LAMP1640MAP2488DAPI405_G20_F2.nd2,11
9,13370,10,0.07554225878833208,1.178064,1033.814453125,13822099.0,2.6490545198727453,0.0,0.11247837369214302,True,,KI,G20,2,d7,Plate1,/Users/pmihack/claire/tmem_2026/data/cleaved_tmem_pld3_260821/d7/Z60_PLD_TMEMki/PLD3TMEM106B_Plate1_d7_TMEM561LAMP1640MAP2488DAPI405_G20_F2.nd2,11
10,16881,8,0.08589538534447011,2.1140999999999996,950.9304809570312,16052657.0,2.047463783715347,0.0,0.5921187794983639,True,,KI,G20,2,d7,Plate1,/Users/pmihack/claire/tmem_2026/data/cleaved_tmem_pld3_260821/d7/Z60_PLD_TMEMki/PLD3TMEM106B_Plate1_d7_TMEM561LAMP1640MAP2488DAPI405_G20_F2.nd2,11
11,8188,6,0.30654616511968735,4.87944,4185.58203125,34271544.0,19.83615680172073,0.0,0.6794035826835755,True,,KI,G20,2,d7,Plate1,/Users/pmihack/claire/tmem_2026/data/cleaved_tmem_pld3_260821/d7/Z60_PLD_TMEMki/PLD3TMEM106B_Plate1_d7_TMEM561LAMP1640MAP2488DAPI405_G20_F2.nd2,11
12,5729,1,0.022517018676906964,1.5046559999999998,337.3653259277344,1932766.0,24.78250597933447,0.0,-0.04977870210496977,True,,KI,G20,2,d7,Plate1,/Users/pmihack/claire/tmem_2026/data/cleaved_tmem_pld3_260821/d7/Z60_PLD_TMEMki/PLD3TMEM106B_Plate1_d7_TMEM561LAMP1640MAP2488DAPI405_G20_F2.nd2,11
13,27979,19,0.09421351728081775,1.6182265263157893,1214.981201171875,33993960.0,5.08279691277572,0.0,0.20882962550915954,True,,KI,G20,2,d7,Plate1,/Users/pmihack/claire/tmem_2026/data/cleaved_tmem_pld3_260821/d7/Z60_PLD_TMEMki/PLD3TMEM106B_Plate1_d7_TMEM561LAMP1640MAP2488DAPI405_G20_F2.nd2,11
14,48,0,0.0,0.0,74.10416412353516,3557.0,,0.0,0.013888661152987052,False,size_outlier,KI,G20,2,d7,Plate1,/Users/pmihack/claire/tmem_2026/data/cleaved_tmem_pld3_260821/d7/Z60_PLD_TMEMki/PLD3TMEM106B_Plate1_d7_TMEM561LAMP1640MAP2488DAPI405_G20_F2.nd2,11
15,21274,9,0.07755946225439504,2.1384,962.086669921875,20467432.0,10.534281316117006,0.0,0.6018018611827722,True,,KI,G20,2,d7,Plate1,/Users/pmihack/claire/tmem_2026/data/cleaved_tmem_pld3_260821/d7/Z60_PLD_TMEMki/PLD3TMEM106B_Plate1_d7_TMEM561LAMP1640MAP2488DAPI405_G20_F2.nd2,11
16,9232,3,0.07712305025996534,2.768256,1131.2747802734375,10443929.0,9.640915822851063,0.0,0.48576352894091457,True,,KI,G20,2,d7,Plate1,/Users/pmihack/claire/tmem_2026/data/cleaved_tmem_pld3_260821/d7/Z60_PLD_TMEMki/PLD3TMEM106B_Plate1_d7_TMEM561LAMP1640MAP2488DAPI405_G20_F2.nd2,11
17,36019,5,0.04633665565396041,3.8934431999999997,412.3617858886719,14852859.0,11.905235904178078,0.0,0.5925929683735437,True,,KI,G20,2,d7,Plate1,/Users/pmihack/claire/tmem_2026/data/cleaved_tmem_pld3_260821/d7/Z60_PLD_TMEMki/PLD3TMEM106B_Plate1_d7_TMEM561LAMP1640MAP2488DAPI405_G20_F2.nd2,11
18,5372,2,0.0037230081906180195,0.11664,91.63867950439453,492283.0,43.19647596147283,0.0,0.2813951846492186,True,,KI,G20,2,d7,Plate1,/Users/pmihack/claire/tmem_2026/data/cleaved_tmem_pld3_260821/d7/Z60_PLD_TMEMki/PLD3TMEM106B_Plate1_d7_TMEM561LAMP1640MAP2488DAPI405_G20_F2.nd2,11
19,24416,6,0.09145642201834862,4.340952,1215.233154296875,29671134.0,8.277219540611625,0.0,0.45381156797818184,True,,KI,G20,2,d7,Plate1,/Users/pmihack/claire/tmem_2026/data/cleaved_tmem_pld3_260821/d7/Z60_PLD_TMEMki/PLD3TMEM106B_Plate1_d7_TMEM561LAMP1640MAP2488DAPI405_G20_F2.nd2,11
20,19653,4,0.09148730473719024,5.242967999999999,1189.297607421875,23373266.0,18.331754237568774,0.0,0.6571288168230891,True,,KI,G20,2,d7,Plate1,/Users/pmihack/claire/tmem_2026/data/cleaved_tmem_pld3_260821/d7/Z60_PLD_TMEMki/PLD3TMEM106B_Plate1_d7_TMEM561LAMP1640MAP2488DAPI405_G20_F2.nd2,11
21,10139,6,0.25081368971298945,4.943592,2907.711669921875,29481288.0,16.422604031699706,0.0,0.4391022606040554,True,,KI,G20,2,d7,Plate1,/Users/pmihack/claire/tmem_2026/data/cleaved_tmem_pld3_260821/d7/Z60_PLD_TMEMki/PLD3TMEM106B_Plate1_d7_TMEM561LAMP1640MAP2488DAPI405_G20_F2.nd2,11
1,2323,0,0.0,0.0,180.4214324951172,419119.0,,0.0,0.34038517645588373,True,,KI,G20,3,d7,Plate1,/Users/pmihack/claire/tmem_2026/data/cleaved_tmem_pld3_260821/d7/Z60_PLD_TMEMki/PLD3TMEM106B_Plate1_d7_TMEM561LAMP1640MAP2488DAPI405_G20_F3.nd2,16
2,20251,12,0.10300725890079503,2.027592,1101.9722900390625,22316040.0,13.35162669211244,0.0,0.2420591130798633,True,,KI,G20,3,d7,Plate1,/Users/pmihack/claire/tmem_2026/data/cleaved_tmem_pld3_260821/d7/Z60_PLD_TMEMki/PLD3TMEM106B_Plate1_d7_TMEM561LAMP1640MAP2488DAPI405_G20_F3.nd2,16
3,7093,0,0.0,0.0,34.95389938354492,247928.0,,0.0,0.32768618573439884,True,,KI,G20,3,d7,Plate1,/Users/pmihack/claire/tmem_2026/data/cleaved_tmem_pld3_260821/d7/Z60_PLD_TMEMki/PLD3TMEM106B_Plate1_d7_TMEM561LAMP1640MAP2488DAPI405_G20_F3.nd2,16
4,5914,2,0.035508961785593506,1.2247199999999998,506.95147705078125,2998111.0,0.8915679749811883,0.0,0.23907071823626672,True,,KI,G20,3,d7,Plate1,/Users/pmihack/claire/tmem_2026/data/cleaved_tmem_pld3_260821/d7/Z60_PLD_TMEMki/PLD3TMEM106B_Plate1_d7_TMEM561LAMP1640MAP2488DAPI405_G20_F3.nd2,16
5,28194,11,0.05831027878271973,1.7432378181818182,638.2260131835938,17994144.0,11.471756537929734,0.0,0.24720976125257557,True,,KI,G20,3,d7,Plate1,/Users/pmihack/claire/tmem_2026/data/cleaved_tmem_pld3_260821/d7/Z60_PLD_TMEMki/PLD3TMEM106B_Plate1_d7_TMEM561LAMP1640MAP2488DAPI405_G20_F3.nd2,16
6,6976,3,0.19724770642201836,5.349888,1825.857666015625,12737183.0,12.832306006399724,0.0016522491350769997,0.30123100460070706,True,,KI,G20,3,d7,Plate1,/Users/pmihack/claire/tmem_2026/data/cleaved_tmem_pld3_260821/d7/Z60_PLD_TMEMki/PLD3TMEM106B_Plate1_d7_TMEM561LAMP1640MAP2488DAPI405_G20_F3.nd2,16
7,11267,3,0.14786544776781751,6.477408,1822.4217529296875,20533226.0,20.516506771220605,0.0,0.39952816600586777,True,,KI,G20,3,d7,Plate1,/Users/pmihack/claire/tmem_2026/data/cleaved_tmem_pld3_260821/d7/Z60_PLD_TMEMki/PLD3TMEM106B_Plate1_d7_TMEM561LAMP1640MAP2488DAPI405_G20_F3.nd2,16
8,12132,8,0.08794922518958127,1.555686,951.2293701171875,11540315.0,10.4956339336815,0.0,0.3935309268802681,True,,KI,G20,3,d7,Plate1,/Users/pmihack/claire/tmem_2026/data/cleaved_tmem_pld3_260821/d7/Z60_PLD_TMEMki/PLD3TMEM106B_Plate1_d7_TMEM561LAMP1640MAP2488DAPI405_G20_F3.nd2,16
9,22736,15,0.1470795214637579,2.6002943999999997,1664.4683837890625,37843352.0,4.118145625505309,0.0,0.41024455503187707,True,,KI,G20,3,d7,Plate1,/Users/pmihack/claire/tmem_2026/data/cleaved_tmem_pld3_260821/d7/Z60_PLD_TMEMki/PLD3TMEM106B_Plate1_d7_TMEM561LAMP1640MAP2488DAPI405_G20_F3.nd2,16
10,9653,3,0.13943851652336062,5.233248,2245.961181640625,21680264.0,7.878726481696346,0.0,0.1961129433026759,True,,KI,G20,3,d7,Plate1,/Users/pmihack/claire/tmem_2026/data/cleaved_tmem_pld3_260821/d7/Z60_PLD_TMEMki/PLD3TMEM106B_Plate1_d7_TMEM561LAMP1640MAP2488DAPI405_G20_F3.nd2,16
11,26725,14,0.1260617399438728,2.8068582857142856,2110.79833984375,56411084.0,7.923512742370365,0.0,0.3200783763733468,True,,KI,G20,3,d7,Plate1,/Users/pmihack/claire/tmem_2026/data/cleaved_tmem_pld3_260821/d7/Z60_PLD_TMEMki/PLD3TMEM106B_Plate1_d7_TMEM561LAMP1640MAP2488DAPI405_G20_F3.nd2,16
12,6824,5,0.19973622508792496,3.1796064,2653.816650390625,18109644.0,13.039680003874427,0.0,0.33483245346368407,True,,KI,G20,3,d7,Plate1,/Users/pmihack/claire/tmem_2026/data/cleaved_tmem_pld3_260821/d7/Z60_PLD_TMEMki/PLD3TMEM106B_Plate1_d7_TMEM561LAMP1640MAP2488DAPI405_G20_F3.nd2,16
13,9001,4,0.1418731252083102,3.7237319999999996,1640.3419189453125,14764718.0,12.902878261621066,0.0,0.400671127426585,True,,KI,G20,3,d7,Plate1,/Users/pmihack/claire/tmem_2026/data/cleaved_tmem_pld3_260821/d7/Z60_PLD_TMEMki/PLD3TMEM106B_Plate1_d7_TMEM561LAMP1640MAP2488DAPI405_G20_F3.nd2,16
14,7145,0,0.0,0.0,8.45500373840332,60411.0,,0.0,0.06006748304297584,False,abnormal_nucleus,KI,G20,3,d7,Plate1,/Users/pmihack/claire/tmem_2026/data/cleaved_tmem_pld3_260821/d7/Z60_PLD_TMEMki/PLD3TMEM106B_Plate1_d7_TMEM561LAMP1640MAP2488DAPI405_G20_F3.nd2,16
1,5078,0,0.0,0.0,112.64651489257812,572019.0,,0.0,0.1206634682019606,True,,KI,G20,4,d7,Plate1,/Users/pmihack/claire/tmem_2026/data/cleaved_tmem_pld3_260821/d7/Z60_PLD_TMEMki/PLD3TMEM106B_Plate1_d7_TMEM561LAMP1640MAP2488DAPI405_G20_F4.nd2,14
2,12036,5,0.06530408773678963,1.8335807999999998,644.262451171875,7754343.0,30.512175769309046,0.0,0.4539515749570144,True,,KI,G20,4,d7,Plate1,/Users/pmihack/claire/tmem_2026/data/cleaved_tmem_pld3_260821/d7/Z60_PLD_TMEMki/PLD3TMEM106B_Plate1_d7_TMEM561LAMP1640MAP2488DAPI405_G20_F4.nd2,14
3,36239,23,0.11068186208228704,2.0341001739130435,1180.2098388671875,42769624.0,2.302984011098536,0.0,0.34581387003660297,True,,KI,G20,4,d7,Plate1,/Users/pmihack/claire/tmem_2026/data/cleaved_tmem_pld3_260821/d7/Z60_PLD_TMEMki/PLD3TMEM106B_Plate1_d7_TMEM561LAMP1640MAP2488DAPI405_G20_F4.nd2,14
4,17984,4,0.08590969750889679,4.50522,1066.8560791015625,19186340.0,7.209135678754857,0.0,0.41847939075653906,True,,KI,G20,4,d7,Plate1,/Users/pmihack/claire/tmem_2026/data/cleaved_tmem_pld3_260821/d7/Z60_PLD_TMEMki/PLD3TMEM106B_Plate1_d7_TMEM561LAMP1640MAP2488DAPI405_G20_F4.nd2,14
5,13580,7,0.09639175257731959,2.181168,1191.3978271484375,16179182.0,12.16074948040533,0.0,0.35830590677435104,True,,KI,G20,4,d7,Plate1,/Users/pmihack/claire/tmem_2026/data/cleaved_tmem_pld3_260821/d7/Z60_PLD_TMEMki/PLD3TMEM106B_Plate1_d7_TMEM561LAMP1640MAP2488DAPI405_G20_F4.nd2,14
6,31357,10,0.11362694135280799,4.1558832,1990.947265625,62430132.0,9.947725474722711,0.0,0.14137129683700814,True,,KI,G20,4,d7,Plate1,/Users/pmihack/claire/tmem_2026/data/cleaved_tmem_pld3_260821/d7/Z60_PLD_TMEMki/PLD3TMEM106B_Plate1_d7_TMEM561LAMP1640MAP2488DAPI405_G20_F4.nd2,14
7,9378,5,0.2290467050543826,5.0108543999999995,3373.81103515625,31639600.0,10.816182764765072,0.0,0.12635150525069735,True,,KI,G20,4,d7,Plate1,/Users/pmihack/claire/tmem_2026/data/cleaved_tmem_pld3_260821/d7/Z60_PLD_TMEMki/PLD3TMEM106B_Plate1_d7_TMEM561LAMP1640MAP2488DAPI405_G20_F4.nd2,14
8,26481,8,0.06196895887617537,2.392578,599.3150024414062,15870460.0,4.418410538315609,0.0,0.1962348953488509,True,,KI,G20,4,d7,Plate1,/Users/pmihack/claire/tmem_2026/data/cleaved_tmem_pld3_260821/d7/Z60_PLD_TMEMki/PLD3TMEM106B_Plate1_d7_TMEM561LAMP1640MAP2488DAPI405_G20_F4.nd2,14
9,19915,19,0.1446146121014311,1.7680168421052629,1581.444580078125,31494468.0,8.40057516349524,0.0,0.30642076065338336,True,,KI,G20,4,d7,Plate1,/Users/pmihack/claire/tmem_2026/data/cleaved_tmem_pld3_260821/d7/Z60_PLD_TMEMki/PLD3TMEM106B_Plate1_d7_TMEM561LAMP1640MAP2488DAPI405_G20_F4.nd2,14
10,27231,8,0.05717748154676655,2.2701059999999997,564.0831298828125,15360548.0,3.6647159931133424,0.0,0.33899605566498103,True,,KI,G20,4,d7,Plate1,/Users/pmihack/claire/tmem_2026/data/cleaved_tmem_pld3_260821/d7/Z60_PLD_TMEMki/PLD3TMEM106B_Plate1_d7_TMEM561LAMP1640MAP2488DAPI405_G20_F4.nd2,14
11,11650,4,0.12815450643776824,4.353587999999999,1738.2060546875,20250100.0,5.460786119565955,0.0,0.6376136250719984,True,,KI,G20,4,d7,Plate1,/Users/pmihack/claire/tmem_2026/data/cleaved_tmem_pld3_260821/d7/Z60_PLD_TMEMki/PLD3TMEM106B_Plate1_d7_TMEM561LAMP1640MAP2488DAPI405_G20_F4.nd2,14
12,22713,11,0.07092854312508255,1.708245818181818,797.272216796875,18108444.0,8.91179025064749,0.0,0.15519573732840766,True,,KI,G20,4,d7,Plate1,/Users/pmihack/claire/tmem_2026/data/cleaved_tmem_pld3_260821/d7/Z60_PLD_TMEMki/PLD3TMEM106B_Plate1_d7_TMEM561LAMP1640MAP2488DAPI405_G20_F4.nd2,14
13,13093,3,0.1525242495990224,7.764335999999999,1771.33740234375,23192120.0,10.000349009952037,0.0,0.2851307317426535,True,,KI,G20,4,d7,Plate1,/Users/pmihack/claire/tmem_2026/data/cleaved_tmem_pld3_260821/d7/Z60_PLD_TMEMki/PLD3TMEM106B_Plate1_d7_TMEM561LAMP1640MAP2488DAPI405_G20_F4.nd2,14
14,26780,8,0.09275578790141897,3.621672,962.6963500976562,25781008.0,6.9427869939107225,0.0,0.5201624236033512,True,,KI,G20,4,d7,Plate1,/Users/pmihack/claire/tmem_2026/data/cleaved_tmem_pld3_260821/d7/Z60_PLD_TMEMki/PLD3TMEM106B_Plate1_d7_TMEM561LAMP1640MAP2488DAPI405_G20_F4.nd2,14
15,24521,11,0.11810285061783778,3.0708130909090903,1665.298828125,40834792.0,3.2369717880910858,0.0,0.2942534277208724,True,,KI,G20,4,d7,Plate1,/Users/pmihack/claire/tmem_2026/data/cleaved_tmem_pld3_260821/d7/Z60_PLD_TMEMki/PLD3TMEM106B_Plate1_d7_TMEM561LAMP1640MAP2488DAPI405_G20_F4.nd2,14
16,10515,10,0.16005706134094153,1.9630512,1800.845703125,18935892.0,19.289596331259432,0.0,0.25853383887697234,True,,KI,G20,4,d7,Plate1,/Users/pmihack/claire/tmem_2026/data/cleaved_tmem_pld3_260821/d7/Z60_PLD_TMEMki/PLD3TMEM106B_Plate1_d7_TMEM561LAMP1640MAP2488DAPI405_G20_F4.nd2,14
1,11983,8,0.14729199699574397,2.5733699999999997,2364.050048828125,28328412.0,0.9894703794314756,0.0,0.5493144129767289,True,,KI,H20,1,d7,Plate1,/Users/pmihack/claire/tmem_2026/data/cleaved_tmem_pld3_260821/d7/Z60_PLD_TMEMki/PLD3TMEM106B_Plate1_d7_TMEM561LAMP1640MAP2488DAPI405_H20_F1.nd2,16
2,16037,2,0.0010600486375257217,0.099144,47.371826171875,759702.0,5.314801249001362,0.0,0.19418627829262278,True,,KI,H20,1,d7,Plate1,/Users/pmihack/claire/tmem_2026/data/cleaved_tmem_pld3_260821/d7/Z60_PLD_TMEMki/PLD3TMEM106B_Plate1_d7_TMEM561LAMP1640MAP2488DAPI405_H20_F1.nd2,16
3,12723,10,0.10728601744871492,1.5921359999999998,1315.0272216796875,16731091.0,18.66698526978891,0.0,0.5465367826557531,True,,KI,H20,1,d7,Plate1,/Users/pmihack/claire/tmem_2026/data/cleaved_tmem_pld3_260821/d7/Z60_PLD_TMEMki/PLD3TMEM106B_Plate1_d7_TMEM561LAMP1640MAP2488DAPI405_H20_F1.nd2,16
4,11559,2,0.22277013582489835,15.017399999999999,2384.8193359375,27566128.0,10.734271705575908,0.0,0.4175831121533776,True,,KI,H20,1,d7,Plate1,/Users/pmihack/claire/tmem_2026/data/cleaved_tmem_pld3_260821/d7/Z60_PLD_TMEMki/PLD3TMEM106B_Plate1_d7_TMEM561LAMP1640MAP2488DAPI405_H20_F1.nd2,16
5,17489,20,0.07970724455371948,0.8129808,1000.965087890625,17505878.0,14.106102407346652,0.0,0.48227399132493115,True,,KI,H20,1,d7,Plate1,/Users/pmihack/claire/tmem_2026/data/cleaved_tmem_pld3_260821/d7/Z60_PLD_TMEMki/PLD3TMEM106B_Plate1_d7_TMEM561LAMP1640MAP2488DAPI405_H20_F1.nd2,16
6,11179,8,0.08721710349762948,1.4215499999999999,977.6942749023438,10929644.0,13.88392540995207,0.0,0.3347114165816573,True,,KI,H20,1,d7,Plate1,/Users/pmihack/claire/tmem_2026/data/cleaved_tmem_pld3_260821/d7/Z60_PLD_TMEMki/PLD3TMEM106B_Plate1_d7_TMEM561LAMP1640MAP2488DAPI405_H20_F1.nd2,16
7,22101,17,0.09528980589113614,1.4449637647058822,1010.576904296875,22334760.0,11.52010884520108,0.0,0.47111774734675804,True,,KI,H20,1,d7,Plate1,/Users/pmihack/claire/tmem_2026/data/cleaved_tmem_pld3_260821/d7/Z60_PLD_TMEMki/PLD3TMEM106B_Plate1_d7_TMEM561LAMP1640MAP2488DAPI405_H20_F1.nd2,16
8,29505,7,0.07720725300796476,3.795798857142857,740.0458374023438,21835052.0,10.3715217738014,0.0,0.5003848128103825,True,,KI,H20,1,d7,Plate1,/Users/pmihack/claire/tmem_2026/data/cleaved_tmem_pld3_260821/d7/Z60_PLD_TMEMki/PLD3TMEM106B_Plate1_d7_TMEM561LAMP1640MAP2488DAPI405_H20_F1.nd2,16
9,9443,6,0.1984538811818278,3.6430559999999996,2034.223876953125,19209176.0,23.670190075975327,4.581144094117917e-05,0.3063696237776314,True,,KI,H20,1,d7,Plate1,/Users/pmihack/claire/tmem_2026/data/cleaved_tmem_pld3_260821/d7/Z60_PLD_TMEMki/PLD3TMEM106B_Plate1_d7_TMEM561LAMP1640MAP2488DAPI405_H20_F1.nd2,16
10,20823,10,0.08029582673005811,1.9502207999999996,870.47900390625,18125984.0,9.777341964985661,0.007366275880485773,0.13574713901706592,True,,KI,H20,1,d7,Plate1,/Users/pmihack/claire/tmem_2026/data/cleaved_tmem_pld3_260821/d7/Z60_PLD_TMEMki/PLD3TMEM106B_Plate1_d7_TMEM561LAMP1640MAP2488DAPI405_H20_F1.nd2,16
11,18615,10,0.08380338436744561,1.8195839999999999,810.5851440429688,15089043.0,5.497439044036257,0.0,0.45877901131148324,True,,KI,H20,1,d7,Plate1,/Users/pmihack/claire/tmem_2026/data/cleaved_tmem_pld3_260821/d7/Z60_PLD_TMEMki/PLD3TMEM106B_Plate1_d7_TMEM561LAMP1640MAP2488DAPI405_H20_F1.nd2,16
12,23227,10,0.09277995436345632,2.5135919999999996,909.430419921875,21123340.0,7.7420297123445945,8.753350266488269e-05,0.5476649535199916,True,,KI,H20,1,d7,Plate1,/Users/pmihack/claire/tmem_2026/data/cleaved_tmem_pld3_260821/d7/Z60_PLD_TMEMki/PLD3TMEM106B_Plate1_d7_TMEM561LAMP1640MAP2488DAPI405_H20_F1.nd2,16
13,17356,11,0.04378889144964278,0.8058763636363636,569.8186645507812,9889773.0,11.068995451289652,0.00010556359484326094,0.013662024549118412,True,,KI,H20,1,d7,Plate1,/Users/pmihack/claire/tmem_2026/data/cleaved_tmem_pld3_260821/d7/Z60_PLD_TMEMki/PLD3TMEM106B_Plate1_d7_TMEM561LAMP1640MAP2488DAPI405_H20_F1.nd2,16
14,28597,15,0.03601776410112949,0.800928,551.3983764648438,15768340.0,9.560469238296754,2.726983211687184e-06,0.09591807253166047,True,,KI,H20,1,d7,Plate1,/Users/pmihack/claire/tmem_2026/data/cleaved_tmem_pld3_260821/d7/Z60_PLD_TMEMki/PLD3TMEM106B_Plate1_d7_TMEM561LAMP1640MAP2488DAPI405_H20_F1.nd2,16
1,10179,4,0.057569505845367915,1.7087759999999999,691.974853515625,7043612.0,1.4668297392537522,0.0,0.2708602711385077,True,,KI,H20,2,d7,Plate1,/Users/pmihack/claire/tmem_2026/data/cleaved_tmem_pld3_260821/d7/Z60_PLD_TMEMki/PLD3TMEM106B_Plate1_d7_TMEM561LAMP1640MAP2488DAPI405_H20_F2.nd2,15
2,10404,7,0.0851595540176855,1.4763291428571428,903.0617065429688,9395454.0,0.6239504430610845,0.0,0.25953933254285927,False,border,KI,H20,2,d7,Plate1,/Users/pmihack/claire/tmem_2026/data/cleaved_tmem_pld3_260821/d7/Z60_PLD_TMEMki/PLD3TMEM106B_Plate1_d7_TMEM561LAMP1640MAP2488DAPI405_H20_F2.nd2,15
3,20956,4,0.07167398358465356,4.3798319999999995,709.5669555664062,14869685.0,16.56582635226053,0.0,0.36177234896066596,True,,KI,H20,2,d7,Plate1,/Users/pmihack/claire/tmem_2026/data/cleaved_tmem_pld3_260821/d7/Z60_PLD_TMEMki/PLD3TMEM106B_Plate1_d7_TMEM561LAMP1640MAP2488DAPI405_H20_F2.nd2,15
4,11253,2,0.06611570247933884,4.339008,658.5523681640625,7410690.0,8.943725084579357,0.0,0.35447215079742767,True,,KI,H20,2,d7,Plate1,/Users/pmihack/claire/tmem_2026/data/cleaved_tmem_pld3_260821/d7/Z60_PLD_TMEMki/PLD3TMEM106B_Plate1_d7_TMEM561LAMP1640MAP2488DAPI405_H20_F2.nd2,15
5,12373,6,0.1466903742018912,3.5283599999999997,1657.6484375,20510084.0,14.588786218590606,0.0,0.1826414784822949,True,,KI,H20,2,d7,Plate1,/Users/pmihack/claire/tmem_2026/data/cleaved_tmem_pld3_260821/d7/Z60_PLD_TMEMki/PLD3TMEM106B_Plate1_d7_TMEM561LAMP1640MAP2488DAPI405_H20_F2.nd2,15
6,11854,23,0.10477475957482706,0.629856,1258.061767578125,14913064.0,4.967632854989076,0.0,0.44039555124180385,True,,KI,H20,2,d7,Plate1,/Users/pmihack/claire/tmem_2026/data/cleaved_tmem_pld3_260821/d7/Z60_PLD_TMEMki/PLD3TMEM106B_Plate1_d7_TMEM561LAMP1640MAP2488DAPI405_H20_F2.nd2,15
7,17206,4,0.0023828896896431477,0.119556,85.88748168945312,1477780.0,7.332484263860639,0.0,0.09841402974465496,True,,KI,H20,2,d7,Plate1,/Users/pmihack/claire/tmem_2026/data/cleaved_tmem_pld3_260821/d7/Z60_PLD_TMEMki/PLD3TMEM106B_Plate1_d7_TMEM561LAMP1640MAP2488DAPI405_H20_F2.nd2,15
8,5163,8,0.26767383304280457,2.0149559999999997,2464.2216796875,12722777.0,39.00750239300261,0.0,0.34297330097229356,False,border,KI,H20,2,d7,Plate1,/Users/pmihack/claire/tmem_2026/data/cleaved_tmem_pld3_260821/d7/Z60_PLD_TMEMki/PLD3TMEM106B_Plate1_d7_TMEM561LAMP1640MAP2488DAPI405_H20_F2.nd2,15
9,12801,8,0.024138739161003047,0.450522,423.060546875,5415598.0,14.250940669434812,0.0,0.23997015850202924,True,,KI,H20,2,d7,Plate1,/Users/pmihack/claire/tmem_2026/data/cleaved_tmem_pld3_260821/d7/Z60_PLD_TMEMki/PLD3TMEM106B_Plate1_d7_TMEM561LAMP1640MAP2488DAPI405_H20_F2.nd2,15
10,9351,13,0.0749652443588921,0.6289587692307691,1041.9979248046875,9743723.0,7.924958365188185,0.0,0.5115969719760627,True,,KI,H20,2,d7,Plate1,/Users/pmihack/claire/tmem_2026/data/cleaved_tmem_pld3_260821/d7/Z60_PLD_TMEMki/PLD3TMEM106B_Plate1_d7_TMEM561LAMP1640MAP2488DAPI405_H20_F2.nd2,15
11,14076,5,0.06578573458368855,2.1601728,663.7267456054688,9342618.0,22.85158759830447,0.0,0.1781937147046736,True,,KI,H20,2,d7,Plate1,/Users/pmihack/claire/tmem_2026/data/cleaved_tmem_pld3_260821/d7/Z60_PLD_TMEMki/PLD3TMEM106B_Plate1_d7_TMEM561LAMP1640MAP2488DAPI405_H20_F2.nd2,15
12,21391,13,0.07292786685989434,1.3996799999999998,784.4078369140625,16779268.0,16.99438596684615,0.0,0.4204566568427744,True,,KI,H20,2,d7,Plate1,/Users/pmihack/claire/tmem_2026/data/cleaved_tmem_pld3_260821/d7/Z60_PLD_TMEMki/PLD3TMEM106B_Plate1_d7_TMEM561LAMP1640MAP2488DAPI405_H20_F2.nd2,15
13,9523,0,0.0,0.0,21.686967849731445,206525.0,,0.0,0.22572617187926433,True,,KI,H20,2,d7,Plate1,/Users/pmihack/claire/tmem_2026/data/cleaved_tmem_pld3_260821/d7/Z60_PLD_TMEMki/PLD3TMEM106B_Plate1_d7_TMEM561LAMP1640MAP2488DAPI405_H20_F2.nd2,15
14,15531,15,0.027815337067799883,0.3359232,695.1692504882812,10796674.0,11.323704337002763,0.0,0.19595218989111546,True,,KI,H20,2,d7,Plate1,/Users/pmihack/claire/tmem_2026/data/cleaved_tmem_pld3_260821/d7/Z60_PLD_TMEMki/PLD3TMEM106B_Plate1_d7_TMEM561LAMP1640MAP2488DAPI405_H20_F2.nd2,15
15,20138,6,0.03346906346211143,1.3102559999999999,386.57781982421875,7784904.0,13.038420696743561,0.0,0.4510423564597691,True,,KI,H20,2,d7,Plate1,/Users/pmihack/claire/tmem_2026/data/cleaved_tmem_pld3_260821/d7/Z60_PLD_TMEMki/PLD3TMEM106B_Plate1_d7_TMEM561LAMP1640MAP2488DAPI405_H20_F2.nd2,15
1,14765,4,0.014493735184558076,0.6240239999999999,230.8231658935547,3408104.0,0.351745487831703,0.36466726660728455,0.6846751213758895,True,,KI,H20,3,d7,Plate1,/Users/pmihack/claire/tmem_2026/data/cleaved_tmem_pld3_260821/d7/Z60_PLD_TMEMki/PLD3TMEM106B_Plate1_d7_TMEM561LAMP1640MAP2488DAPI405_H20_F3.nd2,10
2,12206,0,0.0,0.0,14.53096866607666,177365.0,,0.0,0.030008465544557574,True,,KI,H20,3,d7,Plate1,/Users/pmihack/claire/tmem_2026/data/cleaved_tmem_pld3_260821/d7/Z60_PLD_TMEMki/PLD3TMEM106B_Plate1_d7_TMEM561LAMP1640MAP2488DAPI405_H20_F3.nd2,10
3,18150,0,0.0,0.0,118.80033111572266,2156226.0,,0.0,0.2527516498597902,True,,KI,H20,3,d7,Plate1,/Users/pmihack/claire/tmem_2026/data/cleaved_tmem_pld3_260821/d7/Z60_PLD_TMEMki/PLD3TMEM106B_Plate1_d7_TMEM561LAMP1640MAP2488DAPI405_H20_F3.nd2,10
4,14288,2,0.02645576707726764,2.204496,320.3532409667969,4577207.0,1.488668512426659,6.554215360665694e-05,0.16003898703944175,True,,KI,H20,3,d7,Plate1,/Users/pmihack/claire/tmem_2026/data/cleaved_tmem_pld3_260821/d7/Z60_PLD_TMEMki/PLD3TMEM106B_Plate1_d7_TMEM561LAMP1640MAP2488DAPI405_H20_F3.nd2,10
5,13599,0,0.0,0.0,117.74976348876953,1601279.0,,0.0,0.39011329799921457,True,,KI,H20,3,d7,Plate1,/Users/pmihack/claire/tmem_2026/data/cleaved_tmem_pld3_260821/d7/Z60_PLD_TMEMki/PLD3TMEM106B_Plate1_d7_TMEM561LAMP1640MAP2488DAPI405_H20_F3.nd2,10
6,17714,0,0.0,0.0,48.949134826660156,867085.0,,0.0,0.17529167296652923,True,,KI,H20,3,d7,Plate1,/Users/pmihack/claire/tmem_2026/data/cleaved_tmem_pld3_260821/d7/Z60_PLD_TMEMki/PLD3TMEM106B_Plate1_d7_TMEM561LAMP1640MAP2488DAPI405_H20_F3.nd2,10
7,18981,6,0.01322375006585533,0.487944,265.6705627441406,5042693.0,0.8504016608330967,0.0,0.3722873030921184,True,,KI,H20,3,d7,Plate1,/Users/pmihack/claire/tmem_2026/data/cleaved_tmem_pld3_260821/d7/Z60_PLD_TMEMki/PLD3TMEM106B_Plate1_d7_TMEM561LAMP1640MAP2488DAPI405_H20_F3.nd2,10
8,25588,2,0.0004689698296076286,0.06998399999999999,117.72381591796875,3012317.0,0.7142818141601779,0.0,0.36602827232713026,True,,KI,H20,3,d7,Plate1,/Users/pmihack/claire/tmem_2026/data/cleaved_tmem_pld3_260821/d7/Z60_PLD_TMEMki/PLD3TMEM106B_Plate1_d7_TMEM561LAMP1640MAP2488DAPI405_H20_F3.nd2,10
9,23758,2,0.0005892751915144372,0.081648,68.8685073852539,1636178.0,0.8495759464838374,0.0,0.14719610380004833,True,,KI,H20,3,d7,Plate1,/Users/pmihack/claire/tmem_2026/data/cleaved_tmem_pld3_260821/d7/Z60_PLD_TMEMki/PLD3TMEM106B_Plate1_d7_TMEM561LAMP1640MAP2488DAPI405_H20_F3.nd2,10
10,11308,0,0.0,0.0,207.83807373046875,2350233.0,,0.0,0.36687408252663645,True,,KI,H20,3,d7,Plate1,/Users/pmihack/claire/tmem_2026/data/cleaved_tmem_pld3_260821/d7/Z60_PLD_TMEMki/PLD3TMEM106B_Plate1_d7_TMEM561LAMP1640MAP2488DAPI405_H20_F3.nd2,10
11,10473,0,0.0,0.0,124.84503173828125,1307502.0,,0.0,0.14755935740067147,True,,KI,H20,3,d7,Plate1,/Users/pmihack/claire/tmem_2026/data/cleaved_tmem_pld3_260821/d7/Z60_PLD_TMEMki/PLD3TMEM106B_Plate1_d7_TMEM561LAMP1640MAP2488DAPI405_H20_F3.nd2,10
1,6717,0,0.0,0.0,119.95176696777344,805716.0,,0.0003661339869722724,0.037260651035220596,True,,KI,H20,4,d7,Plate1,/Users/pmihack/claire/tmem_2026/data/cleaved_tmem_pld3_260821/d7/Z60_PLD_TMEMki/PLD3TMEM106B_Plate1_d7_TMEM561LAMP1640MAP2488DAPI405_H20_F4.nd2,13
2,6137,1,0.001955352778230406,0.13996799999999998,419.9288024902344,2577103.0,1.17646743549352,0.0,0.46385178513532843,True,,KI,H20,4,d7,Plate1,/Users/pmihack/claire/tmem_2026/data/cleaved_tmem_pld3_260821/d7/Z60_PLD_TMEMki/PLD3TMEM106B_Plate1_d7_TMEM561LAMP1640MAP2488DAPI405_H20_F4.nd2,13
3,11796,5,0.03950491692099017,1.0870848,437.796875,5164252.0,10.085400266511101,0.0,0.08968972766677565,True,,KI,H20,4,d7,Plate1,/Users/pmihack/claire/tmem_2026/data/cleaved_tmem_pld3_260821/d7/Z60_PLD_TMEMki/PLD3TMEM106B_Plate1_d7_TMEM561LAMP1640MAP2488DAPI405_H20_F4.nd2,13
4,15320,12,0.013446475195822455,0.200232,506.07220458984375,7753026.0,10.814053601183637,0.0,0.5333057703753673,True,,KI,H20,4,d7,Plate1,/Users/pmihack/claire/tmem_2026/data/cleaved_tmem_pld3_260821/d7/Z60_PLD_TMEMki/PLD3TMEM106B_Plate1_d7_TMEM561LAMP1640MAP2488DAPI405_H20_F4.nd2,13
5,11879,8,0.025338833235120803,0.43885799999999997,378.9544677734375,4501600.0,14.312946701087288,0.0,0.3126319128531629,True,,KI,H20,4,d7,Plate1,/Users/pmihack/claire/tmem_2026/data/cleaved_tmem_pld3_260821/d7/Z60_PLD_TMEMki/PLD3TMEM106B_Plate1_d7_TMEM561LAMP1640MAP2488DAPI405_H20_F4.nd2,13
6,18441,5,0.05775174882056287,2.484432,640.2886962890625,11807564.0,4.206177038812042,5.403316026786342e-05,0.029602575117235776,True,,KI,H20,4,d7,Plate1,/Users/pmihack/claire/tmem_2026/data/cleaved_tmem_pld3_260821/d7/Z60_PLD_TMEMki/PLD3TMEM106B_Plate1_d7_TMEM561LAMP1640MAP2488DAPI405_H20_F4.nd2,13
7,15862,12,0.016895725633589712,0.26049599999999995,466.30859375,7396587.0,4.346387074203621,0.0,0.43316857145367366,True,,KI,H20,4,d7,Plate1,/Users/pmihack/claire/tmem_2026/data/cleaved_tmem_pld3_260821/d7/Z60_PLD_TMEMki/PLD3TMEM106B_Plate1_d7_TMEM561LAMP1640MAP2488DAPI405_H20_F4.nd2,13
8,7532,4,0.0525756771109931,1.154736,716.7219848632812,5398350.0,7.941617451819613,0.0,0.05793934310092794,True,,KI,H20,4,d7,Plate1,/Users/pmihack/claire/tmem_2026/data/cleaved_tmem_pld3_260821/d7/Z60_PLD_TMEMki/PLD3TMEM106B_Plate1_d7_TMEM561LAMP1640MAP2488DAPI405_H20_F4.nd2,13
9,11332,4,0.10536533709848217,3.4817039999999997,1063.10400390625,12047094.0,2.7678466353994597,0.0,0.2887240358823684,True,,KI,H20,4,d7,Plate1,/Users/pmihack/claire/tmem_2026/data/cleaved_tmem_pld3_260821/d7/Z60_PLD_TMEMki/PLD3TMEM106B_Plate1_d7_TMEM561LAMP1640MAP2488DAPI405_H20_F4.nd2,13
10,10731,0,0.0,0.0,38.3651123046875,411696.0,,0.0,0.10644772300804183,True,,KI,H20,4,d7,Plate1,/Users/pmihack/claire/tmem_2026/data/cleaved_tmem_pld3_260821/d7/Z60_PLD_TMEMki/PLD3TMEM106B_Plate1_d7_TMEM561LAMP1640MAP2488DAPI405_H20_F4.nd2,13
11,9638,2,0.0004150238638721727,0.023327999999999998,118.47053527832031,1141819.0,7.4698371552653215,0.0,-0.00873186150417691,True,,KI,H20,4,d7,Plate1,/Users/pmihack/claire/tmem_2026/data/cleaved_tmem_pld3_260821/d7/Z60_PLD_TMEMki/PLD3TMEM106B_Plate1_d7_TMEM561LAMP1640MAP2488DAPI405_H20_F4.nd2,13
12,12559,15,0.08989569233219205,0.8779103999999999,994.4901733398438,12489802.0,16.018087247000597,6.40522557660006e-06,0.2396721641456352,True,,KI,H20,4,d7,Plate1,/Users/pmihack/claire/tmem_2026/data/cleaved_tmem_pld3_260821/d7/Z60_PLD_TMEMki/PLD3TMEM106B_Plate1_d7_TMEM561LAMP1640MAP2488DAPI405_H20_F4.nd2,13
13,10249,2,0.0017562689042833447,0.10497599999999999,69.85794067382812,715974.0,14.875360278815185,0.0,0.08486262789083489,True,,KI,H20,4,d7,Plate1,/Users/pmihack/claire/tmem_2026/data/cleaved_tmem_pld3_260821/d7/Z60_PLD_TMEMki/PLD3TMEM106B_Plate1_d7_TMEM561LAMP1640MAP2488DAPI405_H20_F4.nd2,13
14,6127,9,0.023012893748979926,0.18273599999999998,711.8330078125,4361401.0,42.50546682730757,0.0,0.5960600557650024,True,,KI,H20,4,d7,Plate1,/Users/pmihack/claire/tmem_2026/data/cleaved_tmem_pld3_260821/d7/Z60_PLD_TMEMki/PLD3TMEM106B_Plate1_d7_TMEM561LAMP1640MAP2488DAPI405_H20_F4.nd2,13
15,14372,5,0.08370442527136097,2.8063583999999997,915.5550537109375,13158357.0,15.334269605016253,0.0,0.1541251831255921,True,,KI,H20,4,d7,Plate1,/Users/pmihack/claire/tmem_2026/data/cleaved_tmem_pld3_260821/d7/Z60_PLD_TMEMki/PLD3TMEM106B_Plate1_d7_TMEM561LAMP1640MAP2488DAPI405_H20_F4.nd2,13
16,13080,11,0.04931192660550459,0.6839345454545454,611.7927856445312,8002250.0,15.590474475091796,0.0,0.20442281549108388,True,,KI,H20,4,d7,Plate1,/Users/pmihack/claire/tmem_2026/data/cleaved_tmem_pld3_260821/d7/Z60_PLD_TMEMki/PLD3TMEM106B_Plate1_d7_TMEM561LAMP1640MAP2488DAPI405_H20_F4.nd2,13
17,9584,7,0.016903171953255424,0.2699382857142857,639.969970703125,6133472.0,19.6484968514614,0.0,0.34078331792132055,True,,KI,H20,4,d7,Plate1,/Users/pmihack/claire/tmem_2026/data/cleaved_tmem_pld3_260821/d7/Z60_PLD_TMEMki/PLD3TMEM106B_Plate1_d7_TMEM561LAMP1640MAP2488DAPI405_H20_F4.nd2,13
18,5144,0,0.0,0.0,22.262052536010742,114516.0,,0.0,0.011609886270297328,True,,KI,H20,4,d7,Plate1,/Users/pmihack/claire/tmem_2026/data/cleaved_tmem_pld3_260821/d7/Z60_PLD_TMEMki/PLD3TMEM106B_Plate1_d7_TMEM561LAMP1640MAP2488DAPI405_H20_F4.nd2,13
19,8188,5,0.08561309233023938,1.6352927999999998,986.8843383789062,8080609.0,15.664108827593418,0.0,0.3791849537578402,True,,KI,H20,4,d7,Plate1,/Users/pmihack/claire/tmem_2026/data/cleaved_tmem_pld3_260821/d7/Z60_PLD_TMEMki/PLD3TMEM106B_Plate1_d7_TMEM561LAMP1640MAP2488DAPI405_H20_F4.nd2,13
20,10017,2,0.0012977937506239393,0.075816,48.541080474853516,486236.0,16.74143010428191,0.0,-0.0265066395975938,True,,KI,H20,4,d7,Plate1,/Users/pmihack/claire/tmem_2026/data/cleaved_tmem_pld3_260821/d7/Z60_PLD_TMEMki/PLD3TMEM106B_Plate1_d7_TMEM561LAMP1640MAP2488DAPI405_H20_F4.nd2,13
21,15366,11,0.04093453078224652,0.6669687272727272,679.3775634765625,10439316.0,12.624544922877293,0.0,0.21505776891096978,True,,KI,H20,4,d7,Plate1,/Users/pmihack/claire/tmem_2026/data/cleaved_tmem_pld3_260821/d7/Z60_PLD_TMEMki/PLD3TMEM106B_Plate1_d7_TMEM561LAMP1640MAP2488DAPI405_H20_F4.nd2,13
