cell_id,cell_area_px,n_lysosomes,lyso_area_frac,lyso_mean_size_um2,lamp1_mean,lamp1_integrated,perinuclear_index,tmem_manders_m1,tmem_pearson,qc_pass,qc_reason,condition,well,fov,timepoint,plate,file_path,n_z_slices
1,18592,1,0.00048407917383821,0.10497599999999999,86.80970001220703,1613966.0,4.9038801929811,6.195917308104981e-07,-0.02807598900940681,True,,KO,C8,1,d7,Plate1,/Users/pmihack/claire/tmem_2026/data/cleaved_tmem_pld3_260821/d7/TMEM_KO/TMEMKO_Plate1_d7_TMEM561LAMP1640MAP2488DAPI405_C8_F1.nd2,13
2,10578,0,0.0,0.0,43.71506881713867,462418.0,,0.0,-0.030478989913805675,True,,KO,C8,1,d7,Plate1,/Users/pmihack/claire/tmem_2026/data/cleaved_tmem_pld3_260821/d7/TMEM_KO/TMEMKO_Plate1_d7_TMEM561LAMP1640MAP2488DAPI405_C8_F1.nd2,13
3,8234,1,0.16941948020403205,16.271279999999997,1874.8123779296875,15437205.0,8.698897912520861,0.0,0.11934391236690417,True,,KO,C8,1,d7,Plate1,/Users/pmihack/claire/tmem_2026/data/cleaved_tmem_pld3_260821/d7/TMEM_KO/TMEMKO_Plate1_d7_TMEM561LAMP1640MAP2488DAPI405_C8_F1.nd2,13
4,22060,10,0.08150498640072529,2.0971872,918.5858764648438,20264004.0,10.422454550509666,0.0019404852064326406,0.01101389092938579,True,,KO,C8,1,d7,Plate1,/Users/pmihack/claire/tmem_2026/data/cleaved_tmem_pld3_260821/d7/TMEM_KO/TMEMKO_Plate1_d7_TMEM561LAMP1640MAP2488DAPI405_C8_F1.nd2,13
5,21241,10,0.0627559907725625,1.5548112,763.75,16222814.0,7.5077122808248165,0.0,0.19657196078779982,True,,KO,C8,1,d7,Plate1,/Users/pmihack/claire/tmem_2026/data/cleaved_tmem_pld3_260821/d7/TMEM_KO/TMEMKO_Plate1_d7_TMEM561LAMP1640MAP2488DAPI405_C8_F1.nd2,13
6,24219,6,0.12420000825797928,5.847551999999999,1197.525634765625,29002874.0,8.15280905262761,0.0,0.09110870758572696,True,,KO,C8,1,d7,Plate1,/Users/pmihack/claire/tmem_2026/data/cleaved_tmem_pld3_260821/d7/TMEM_KO/TMEMKO_Plate1_d7_TMEM561LAMP1640MAP2488DAPI405_C8_F1.nd2,13
7,12895,8,0.09352462194649089,1.7583479999999998,947.2303466796875,12214535.0,17.12264954732849,0.0,0.445098132140283,True,,KO,C8,1,d7,Plate1,/Users/pmihack/claire/tmem_2026/data/cleaved_tmem_pld3_260821/d7/TMEM_KO/TMEMKO_Plate1_d7_TMEM561LAMP1640MAP2488DAPI405_C8_F1.nd2,13
8,18732,7,0.0919816357036088,2.8710102857142856,927.1007690429688,17366452.0,6.40851033313732,0.0,0.14610598536625802,True,,KO,C8,1,d7,Plate1,/Users/pmihack/claire/tmem_2026/data/cleaved_tmem_pld3_260821/d7/TMEM_KO/TMEMKO_Plate1_d7_TMEM561LAMP1640MAP2488DAPI405_C8_F1.nd2,13
9,19870,13,0.03980875691997987,0.7097095384615384,579.4769897460938,11514208.0,12.892350875197614,0.0,0.15271032963148437,True,,KO,C8,1,d7,Plate1,/Users/pmihack/claire/tmem_2026/data/cleaved_tmem_pld3_260821/d7/TMEM_KO/TMEMKO_Plate1_d7_TMEM561LAMP1640MAP2488DAPI405_C8_F1.nd2,13
10,10643,5,0.08559616649440947,2.1251808,991.9661865234375,10557496.0,21.207042479198506,0.0,0.1449000403411187,True,,KO,C8,1,d7,Plate1,/Users/pmihack/claire/tmem_2026/data/cleaved_tmem_pld3_260821/d7/TMEM_KO/TMEMKO_Plate1_d7_TMEM561LAMP1640MAP2488DAPI405_C8_F1.nd2,13
11,11795,7,0.13768545994065282,2.7060479999999996,1576.9271240234375,18599856.0,23.162177682150848,0.0,0.5569947732222693,True,,KO,C8,1,d7,Plate1,/Users/pmihack/claire/tmem_2026/data/cleaved_tmem_pld3_260821/d7/TMEM_KO/TMEMKO_Plate1_d7_TMEM561LAMP1640MAP2488DAPI405_C8_F1.nd2,13
12,12432,6,0.07963320463320463,1.9245599999999998,923.5521240234375,11481600.0,21.37367682820648,0.0,0.03828294922829447,True,,KO,C8,1,d7,Plate1,/Users/pmihack/claire/tmem_2026/data/cleaved_tmem_pld3_260821/d7/TMEM_KO/TMEMKO_Plate1_d7_TMEM561LAMP1640MAP2488DAPI405_C8_F1.nd2,13
13,16233,8,0.05199285406271176,1.2305519999999999,640.717041015625,10400760.0,13.040817543497559,0.0,0.28009116429001324,True,,KO,C8,1,d7,Plate1,/Users/pmihack/claire/tmem_2026/data/cleaved_tmem_pld3_260821/d7/TMEM_KO/TMEMKO_Plate1_d7_TMEM561LAMP1640MAP2488DAPI405_C8_F1.nd2,13
14,26719,8,0.020172910662824207,0.785862,384.0882873535156,10262455.0,11.605017477175386,0.0,0.1690934422858424,True,,KO,C8,1,d7,Plate1,/Users/pmihack/claire/tmem_2026/data/cleaved_tmem_pld3_260821/d7/TMEM_KO/TMEMKO_Plate1_d7_TMEM561LAMP1640MAP2488DAPI405_C8_F1.nd2,13
15,390,0,0.0,0.0,158.4871826171875,61810.0,,0.0,0.7200927985507448,False,size_outlier,KO,C8,1,d7,Plate1,/Users/pmihack/claire/tmem_2026/data/cleaved_tmem_pld3_260821/d7/TMEM_KO/TMEMKO_Plate1_d7_TMEM561LAMP1640MAP2488DAPI405_C8_F1.nd2,13
16,15025,2,0.1287188019966722,11.279088,1265.251220703125,19010400.0,13.971258035000176,0.0,0.12888676301532417,True,,KO,C8,1,d7,Plate1,/Users/pmihack/claire/tmem_2026/data/cleaved_tmem_pld3_260821/d7/TMEM_KO/TMEMKO_Plate1_d7_TMEM561LAMP1640MAP2488DAPI405_C8_F1.nd2,13
17,280,0,0.0,0.0,12.899999618530273,3612.0,,0.0,0.10102416320350276,False,size_outlier,KO,C8,1,d7,Plate1,/Users/pmihack/claire/tmem_2026/data/cleaved_tmem_pld3_260821/d7/TMEM_KO/TMEMKO_Plate1_d7_TMEM561LAMP1640MAP2488DAPI405_C8_F1.nd2,13
18,21557,4,0.0761237649023519,4.785156,928.227294921875,20009796.0,13.426015157749925,0.0,0.2629225992302351,True,,KO,C8,1,d7,Plate1,/Users/pmihack/claire/tmem_2026/data/cleaved_tmem_pld3_260821/d7/TMEM_KO/TMEMKO_Plate1_d7_TMEM561LAMP1640MAP2488DAPI405_C8_F1.nd2,13
19,12986,4,0.11643308178037887,4.408992,1257.2117919921875,16326153.0,19.138008800029954,0.0,0.27610647508388275,True,,KO,C8,1,d7,Plate1,/Users/pmihack/claire/tmem_2026/data/cleaved_tmem_pld3_260821/d7/TMEM_KO/TMEMKO_Plate1_d7_TMEM561LAMP1640MAP2488DAPI405_C8_F1.nd2,13
1,9442,2,0.051789875026477444,2.851848,181.6651153564453,1715282.0,12.374943496594657,0.0,-0.039648775838594615,True,,KO,C8,2,d7,Plate1,/Users/pmihack/claire/tmem_2026/data/cleaved_tmem_pld3_260821/d7/TMEM_KO/TMEMKO_Plate1_d7_TMEM561LAMP1640MAP2488DAPI405_C8_F2.nd2,12
2,8635,4,0.01239143022582513,0.31201199999999996,89.87249755859375,776049.0,12.28230010906147,0.0,-0.05702905302921011,True,,KO,C8,2,d7,Plate1,/Users/pmihack/claire/tmem_2026/data/cleaved_tmem_pld3_260821/d7/TMEM_KO/TMEMKO_Plate1_d7_TMEM561LAMP1640MAP2488DAPI405_C8_F2.nd2,12
3,12615,6,0.034244946492271104,0.8398079999999999,163.55726623535156,2063275.0,15.460747859480781,0.0,-0.023649960910139812,True,,KO,C8,2,d7,Plate1,/Users/pmihack/claire/tmem_2026/data/cleaved_tmem_pld3_260821/d7/TMEM_KO/TMEMKO_Plate1_d7_TMEM561LAMP1640MAP2488DAPI405_C8_F2.nd2,12
4,18731,8,0.009609737867705942,0.26243999999999995,118.99177551269531,2228835.0,6.2782449042753425,0.0,0.020802581148615853,True,,KO,C8,2,d7,Plate1,/Users/pmihack/claire/tmem_2026/data/cleaved_tmem_pld3_260821/d7/TMEM_KO/TMEMKO_Plate1_d7_TMEM561LAMP1640MAP2488DAPI405_C8_F2.nd2,12
5,8618,1,0.0010443258296588536,0.10497599999999999,30.209213256835938,260343.0,10.098764549488335,0.0,-0.02607503509292642,True,,KO,C8,2,d7,Plate1,/Users/pmihack/claire/tmem_2026/data/cleaved_tmem_pld3_260821/d7/TMEM_KO/TMEMKO_Plate1_d7_TMEM561LAMP1640MAP2488DAPI405_C8_F2.nd2,12
6,15493,4,0.012134512360420836,0.5482079999999999,91.07894134521484,1411086.0,10.465642932589406,0.0,-0.0028275709810846312,True,,KO,C8,2,d7,Plate1,/Users/pmihack/claire/tmem_2026/data/cleaved_tmem_pld3_260821/d7/TMEM_KO/TMEMKO_Plate1_d7_TMEM561LAMP1640MAP2488DAPI405_C8_F2.nd2,12
7,10203,1,0.00029403116730373417,0.034991999999999995,74.37714385986328,758870.0,20.8418485927106,0.0,-0.09285047084600703,True,,KO,C8,2,d7,Plate1,/Users/pmihack/claire/tmem_2026/data/cleaved_tmem_pld3_260821/d7/TMEM_KO/TMEMKO_Plate1_d7_TMEM561LAMP1640MAP2488DAPI405_C8_F2.nd2,12
8,17577,9,0.034135518006485746,0.7776,156.55038452148438,2751686.0,20.4658518999169,0.0,0.05148710837843416,True,,KO,C8,2,d7,Plate1,/Users/pmihack/claire/tmem_2026/data/cleaved_tmem_pld3_260821/d7/TMEM_KO/TMEMKO_Plate1_d7_TMEM561LAMP1640MAP2488DAPI405_C8_F2.nd2,12
9,8120,11,0.11477832512315271,0.9882589090909091,502.5023498535156,4080319.0,25.64361283212933,0.0,0.047171957580912395,True,,KO,C8,2,d7,Plate1,/Users/pmihack/claire/tmem_2026/data/cleaved_tmem_pld3_260821/d7/TMEM_KO/TMEMKO_Plate1_d7_TMEM561LAMP1640MAP2488DAPI405_C8_F2.nd2,12
10,18956,16,0.09268833087149188,1.2808529999999998,393.83197021484375,7465479.0,2.8003706086554527,0.0,0.031126714778563852,True,,KO,C8,2,d7,Plate1,/Users/pmihack/claire/tmem_2026/data/cleaved_tmem_pld3_260821/d7/TMEM_KO/TMEMKO_Plate1_d7_TMEM561LAMP1640MAP2488DAPI405_C8_F2.nd2,12
11,4100,2,0.01926829268292683,0.46072799999999997,116.44975280761719,477444.0,43.91497284913504,0.0,0.05682913097669147,True,,KO,C8,2,d7,Plate1,/Users/pmihack/claire/tmem_2026/data/cleaved_tmem_pld3_260821/d7/TMEM_KO/TMEMKO_Plate1_d7_TMEM561LAMP1640MAP2488DAPI405_C8_F2.nd2,12
12,1106,0,0.0,0.0,8.08227825164795,8939.0,,0.0,0.07920595071863074,False,size_outlier,KO,C8,2,d7,Plate1,/Users/pmihack/claire/tmem_2026/data/cleaved_tmem_pld3_260821/d7/TMEM_KO/TMEMKO_Plate1_d7_TMEM561LAMP1640MAP2488DAPI405_C8_F2.nd2,12
13,9335,10,0.03438671665773969,0.3744144,178.9854278564453,1670829.0,1.2766000770633523,0.0,0.016076347375388465,True,,KO,C8,2,d7,Plate1,/Users/pmihack/claire/tmem_2026/data/cleaved_tmem_pld3_260821/d7/TMEM_KO/TMEMKO_Plate1_d7_TMEM561LAMP1640MAP2488DAPI405_C8_F2.nd2,12
14,9617,6,0.028907143599875222,0.540432,156.37974548339844,1503904.0,10.862437283982525,0.0,-0.04956470960047286,True,,KO,C8,2,d7,Plate1,/Users/pmihack/claire/tmem_2026/data/cleaved_tmem_pld3_260821/d7/TMEM_KO/TMEMKO_Plate1_d7_TMEM561LAMP1640MAP2488DAPI405_C8_F2.nd2,12
15,8776,3,0.009115770282588878,0.31104,76.1229476928711,668055.0,10.752421118089922,0.0,0.03404222940229115,True,,KO,C8,2,d7,Plate1,/Users/pmihack/claire/tmem_2026/data/cleaved_tmem_pld3_260821/d7/TMEM_KO/TMEMKO_Plate1_d7_TMEM561LAMP1640MAP2488DAPI405_C8_F2.nd2,12
16,14069,15,0.024237685691946835,0.2651616,194.7933807373047,2740548.0,13.004690729495207,0.0,-0.04947871236370099,True,,KO,C8,2,d7,Plate1,/Users/pmihack/claire/tmem_2026/data/cleaved_tmem_pld3_260821/d7/TMEM_KO/TMEMKO_Plate1_d7_TMEM561LAMP1640MAP2488DAPI405_C8_F2.nd2,12
17,9551,9,0.027955187938435766,0.346032,160.27923583984375,1530827.0,29.179507915728642,0.0,-0.05682069683033457,True,,KO,C8,2,d7,Plate1,/Users/pmihack/claire/tmem_2026/data/cleaved_tmem_pld3_260821/d7/TMEM_KO/TMEMKO_Plate1_d7_TMEM561LAMP1640MAP2488DAPI405_C8_F2.nd2,12
18,6884,6,0.05650784427658338,0.7562159999999999,271.8002624511719,1871073.0,16.861076586323176,0.0,0.03652194542426045,True,,KO,C8,2,d7,Plate1,/Users/pmihack/claire/tmem_2026/data/cleaved_tmem_pld3_260821/d7/TMEM_KO/TMEMKO_Plate1_d7_TMEM561LAMP1640MAP2488DAPI405_C8_F2.nd2,12
19,9082,12,0.09711517286941203,0.857304,378.45001220703125,3437083.0,26.65745353947782,0.0,-0.021554903674641735,True,,KO,C8,2,d7,Plate1,/Users/pmihack/claire/tmem_2026/data/cleaved_tmem_pld3_260821/d7/TMEM_KO/TMEMKO_Plate1_d7_TMEM561LAMP1640MAP2488DAPI405_C8_F2.nd2,12
20,3307,0,0.0,0.0,19.10825538635254,63191.0,,0.0,-0.0861910145158475,True,,KO,C8,2,d7,Plate1,/Users/pmihack/claire/tmem_2026/data/cleaved_tmem_pld3_260821/d7/TMEM_KO/TMEMKO_Plate1_d7_TMEM561LAMP1640MAP2488DAPI405_C8_F2.nd2,12
21,13663,9,0.09339090975627608,1.6536959999999998,375.9727783203125,5136916.0,16.950805242103762,0.0,0.08198326741534359,True,,KO,C8,2,d7,Plate1,/Users/pmihack/claire/tmem_2026/data/cleaved_tmem_pld3_260821/d7/TMEM_KO/TMEMKO_Plate1_d7_TMEM561LAMP1640MAP2488DAPI405_C8_F2.nd2,12
22,11269,18,0.06185109592687905,0.45165599999999995,298.7051086425781,3366108.0,13.18944545944649,0.0,-0.0749072813545175,True,,KO,C8,2,d7,Plate1,/Users/pmihack/claire/tmem_2026/data/cleaved_tmem_pld3_260821/d7/TMEM_KO/TMEMKO_Plate1_d7_TMEM561LAMP1640MAP2488DAPI405_C8_F2.nd2,12
23,6861,6,0.07287567409998542,0.9719999999999999,294.14837646484375,2018152.0,20.23855776421239,0.0,0.10225814485814647,True,,KO,C8,2,d7,Plate1,/Users/pmihack/claire/tmem_2026/data/cleaved_tmem_pld3_260821/d7/TMEM_KO/TMEMKO_Plate1_d7_TMEM561LAMP1640MAP2488DAPI405_C8_F2.nd2,12
24,17148,7,0.057965943550268254,1.6562879999999998,263.82305908203125,4524038.0,12.377519474808556,0.0,0.03752808935964921,True,,KO,C8,2,d7,Plate1,/Users/pmihack/claire/tmem_2026/data/cleaved_tmem_pld3_260821/d7/TMEM_KO/TMEMKO_Plate1_d7_TMEM561LAMP1640MAP2488DAPI405_C8_F2.nd2,12
25,7655,6,0.07851077726975833,1.168344,299.7491760253906,2294580.0,29.95262959281494,0.0,0.00815753214455363,False,border,KO,C8,2,d7,Plate1,/Users/pmihack/claire/tmem_2026/data/cleaved_tmem_pld3_260821/d7/TMEM_KO/TMEMKO_Plate1_d7_TMEM561LAMP1640MAP2488DAPI405_C8_F2.nd2,12
1,1743,0,0.0,0.0,115.33390808105469,201027.0,,0.0,-0.0688046292784865,False,size_outlier,KO,C8,3,d7,Plate1,/Users/pmihack/claire/tmem_2026/data/cleaved_tmem_pld3_260821/d7/TMEM_KO/TMEMKO_Plate1_d7_TMEM561LAMP1640MAP2488DAPI405_C8_F3.nd2,14
2,10154,0,0.0,0.0,213.1581573486328,2164408.0,,0.0,-0.06270001756766132,True,,KO,C8,3,d7,Plate1,/Users/pmihack/claire/tmem_2026/data/cleaved_tmem_pld3_260821/d7/TMEM_KO/TMEMKO_Plate1_d7_TMEM561LAMP1640MAP2488DAPI405_C8_F3.nd2,14
3,13353,3,0.037669437579570135,1.9556639999999996,417.3132629394531,5572384.0,9.74693697052578,0.0,-0.03258673217878848,True,,KO,C8,3,d7,Plate1,/Users/pmihack/claire/tmem_2026/data/cleaved_tmem_pld3_260821/d7/TMEM_KO/TMEMKO_Plate1_d7_TMEM561LAMP1640MAP2488DAPI405_C8_F3.nd2,14
4,12529,3,0.0670444568600846,3.26592,621.9664916992188,7792618.0,19.775659958371772,0.0,-0.013305380892920462,True,,KO,C8,3,d7,Plate1,/Users/pmihack/claire/tmem_2026/data/cleaved_tmem_pld3_260821/d7/TMEM_KO/TMEMKO_Plate1_d7_TMEM561LAMP1640MAP2488DAPI405_C8_F3.nd2,14
5,11551,6,0.03445589126482556,0.7737119999999998,447.2298583984375,5165952.0,6.456305872456859,9.465825132792816e-05,-0.029809435818540904,True,,KO,C8,3,d7,Plate1,/Users/pmihack/claire/tmem_2026/data/cleaved_tmem_pld3_260821/d7/TMEM_KO/TMEMKO_Plate1_d7_TMEM561LAMP1640MAP2488DAPI405_C8_F3.nd2,14
6,12657,2,0.004661452160859603,0.34408799999999995,243.4242706298828,3081021.0,18.189020505488195,0.0,0.004840014333744755,True,,KO,C8,3,d7,Plate1,/Users/pmihack/claire/tmem_2026/data/cleaved_tmem_pld3_260821/d7/TMEM_KO/TMEMKO_Plate1_d7_TMEM561LAMP1640MAP2488DAPI405_C8_F3.nd2,14
7,9807,7,0.06118078923218109,0.9997714285714284,950.5774536132812,9322313.0,9.27043168459022,0.0,0.1659815104700042,True,,KO,C8,3,d7,Plate1,/Users/pmihack/claire/tmem_2026/data/cleaved_tmem_pld3_260821/d7/TMEM_KO/TMEMKO_Plate1_d7_TMEM561LAMP1640MAP2488DAPI405_C8_F3.nd2,14
8,6012,0,0.0,0.0,182.7722930908203,1098827.0,,0.0,0.5360814363856975,True,,KO,C8,3,d7,Plate1,/Users/pmihack/claire/tmem_2026/data/cleaved_tmem_pld3_260821/d7/TMEM_KO/TMEMKO_Plate1_d7_TMEM561LAMP1640MAP2488DAPI405_C8_F3.nd2,14
9,5921,0,0.0,0.0,60.2391471862793,356676.0,,0.0,-0.016232134392406332,True,,KO,C8,3,d7,Plate1,/Users/pmihack/claire/tmem_2026/data/cleaved_tmem_pld3_260821/d7/TMEM_KO/TMEMKO_Plate1_d7_TMEM561LAMP1640MAP2488DAPI405_C8_F3.nd2,14
10,11981,0,0.0,0.0,158.64718627929688,1900752.0,,0.0,0.22355520751347438,True,,KO,C8,3,d7,Plate1,/Users/pmihack/claire/tmem_2026/data/cleaved_tmem_pld3_260821/d7/TMEM_KO/TMEMKO_Plate1_d7_TMEM561LAMP1640MAP2488DAPI405_C8_F3.nd2,14
11,13835,11,0.029418142392482832,0.43156799999999995,441.19183349609375,6103889.0,7.522838019692922,0.0,-0.01719576298402,True,,KO,C8,3,d7,Plate1,/Users/pmihack/claire/tmem_2026/data/cleaved_tmem_pld3_260821/d7/TMEM_KO/TMEMKO_Plate1_d7_TMEM561LAMP1640MAP2488DAPI405_C8_F3.nd2,14
12,9176,5,0.018090671316477767,0.3872448,349.68963623046875,3208752.0,10.344003567912209,0.0,0.12358430864578966,True,,KO,C8,3,d7,Plate1,/Users/pmihack/claire/tmem_2026/data/cleaved_tmem_pld3_260821/d7/TMEM_KO/TMEMKO_Plate1_d7_TMEM561LAMP1640MAP2488DAPI405_C8_F3.nd2,14
13,6831,7,0.016981408285756113,0.19328914285714285,478.51690673828125,3268749.0,10.910730385964005,0.02333889901638031,0.14230577915742446,True,,KO,C8,3,d7,Plate1,/Users/pmihack/claire/tmem_2026/data/cleaved_tmem_pld3_260821/d7/TMEM_KO/TMEMKO_Plate1_d7_TMEM561LAMP1640MAP2488DAPI405_C8_F3.nd2,14
14,13377,4,0.05344995140913508,2.08494,537.017333984375,7183681.0,9.480044563087278,0.0,0.06349722299359613,True,,KO,C8,3,d7,Plate1,/Users/pmihack/claire/tmem_2026/data/cleaved_tmem_pld3_260821/d7/TMEM_KO/TMEMKO_Plate1_d7_TMEM561LAMP1640MAP2488DAPI405_C8_F3.nd2,14
15,19254,12,0.03318790900592085,0.621108,465.1820983886719,8956616.0,5.613755205974752,0.0,0.03243782948226298,True,,KO,C8,3,d7,Plate1,/Users/pmihack/claire/tmem_2026/data/cleaved_tmem_pld3_260821/d7/TMEM_KO/TMEMKO_Plate1_d7_TMEM561LAMP1640MAP2488DAPI405_C8_F3.nd2,14
16,5933,0,0.0,0.0,142.06809997558594,842890.0,,0.0,-0.042722903992793444,True,,KO,C8,3,d7,Plate1,/Users/pmihack/claire/tmem_2026/data/cleaved_tmem_pld3_260821/d7/TMEM_KO/TMEMKO_Plate1_d7_TMEM561LAMP1640MAP2488DAPI405_C8_F3.nd2,14
17,11491,0,0.0,0.0,103.09485626220703,1184663.0,,0.0,0.06982165602717084,True,,KO,C8,3,d7,Plate1,/Users/pmihack/claire/tmem_2026/data/cleaved_tmem_pld3_260821/d7/TMEM_KO/TMEMKO_Plate1_d7_TMEM561LAMP1640MAP2488DAPI405_C8_F3.nd2,14
18,7813,0,0.0,0.0,33.71138000488281,263387.0,,0.0,-0.06191844684628525,True,,KO,C8,3,d7,Plate1,/Users/pmihack/claire/tmem_2026/data/cleaved_tmem_pld3_260821/d7/TMEM_KO/TMEMKO_Plate1_d7_TMEM561LAMP1640MAP2488DAPI405_C8_F3.nd2,14
19,10893,0,0.0,0.0,15.939410209655762,173628.0,,0.0,-0.03611501243269665,True,,KO,C8,3,d7,Plate1,/Users/pmihack/claire/tmem_2026/data/cleaved_tmem_pld3_260821/d7/TMEM_KO/TMEMKO_Plate1_d7_TMEM561LAMP1640MAP2488DAPI405_C8_F3.nd2,14
20,4435,1,0.00045095828635851183,0.023327999999999998,226.9916534423828,1006708.0,32.40417691691266,0.0,0.16978279328885745,True,,KO,C8,3,d7,Plate1,/Users/pmihack/claire/tmem_2026/data/cleaved_tmem_pld3_260821/d7/TMEM_KO/TMEMKO_Plate1_d7_TMEM561LAMP1640MAP2488DAPI405_C8_F3.nd2,14
21,6235,0,0.0,0.0,6.656295299530029,41502.0,,0.0,-0.009188871418829176,True,,KO,C8,3,d7,Plate1,/Users/pmihack/claire/tmem_2026/data/cleaved_tmem_pld3_260821/d7/TMEM_KO/TMEMKO_Plate1_d7_TMEM561LAMP1640MAP2488DAPI405_C8_F3.nd2,14
1,4894,0,0.0,0.0,75.43931579589844,369200.0,,0.0,-0.11956382032236652,True,,KO,C8,4,d7,Plate1,/Users/pmihack/claire/tmem_2026/data/cleaved_tmem_pld3_260821/d7/TMEM_KO/TMEMKO_Plate1_d7_TMEM561LAMP1640MAP2488DAPI405_C8_F4.nd2,13
2,14104,15,0.07217810550198525,0.7915967999999999,554.0567626953125,7814417.0,2.6451287987517227,0.0,0.018420634548023798,True,,KO,C8,4,d7,Plate1,/Users/pmihack/claire/tmem_2026/data/cleaved_tmem_pld3_260821/d7/TMEM_KO/TMEMKO_Plate1_d7_TMEM561LAMP1640MAP2488DAPI405_C8_F4.nd2,13
3,11485,10,0.043360905528950805,0.5808671999999999,406.9866027832031,4674241.0,10.603121322979508,0.0,-0.026607751554672942,True,,KO,C8,4,d7,Plate1,/Users/pmihack/claire/tmem_2026/data/cleaved_tmem_pld3_260821/d7/TMEM_KO/TMEMKO_Plate1_d7_TMEM561LAMP1640MAP2488DAPI405_C8_F4.nd2,13
4,16645,3,0.006488434965455091,0.41990399999999994,124.44596099853516,2071403.0,13.538308746820082,0.0,0.022229145885255333,True,,KO,C8,4,d7,Plate1,/Users/pmihack/claire/tmem_2026/data/cleaved_tmem_pld3_260821/d7/TMEM_KO/TMEMKO_Plate1_d7_TMEM561LAMP1640MAP2488DAPI405_C8_F4.nd2,13
5,14955,4,0.0050819124038783015,0.22161599999999998,210.26834106445312,3144563.0,2.5124961513559927,0.0,0.09456375352278376,True,,KO,C8,4,d7,Plate1,/Users/pmihack/claire/tmem_2026/data/cleaved_tmem_pld3_260821/d7/TMEM_KO/TMEMKO_Plate1_d7_TMEM561LAMP1640MAP2488DAPI405_C8_F4.nd2,13
6,11939,2,0.0029315688081078817,0.20412,115.5378189086914,1379406.0,2.601679651916763,0.0,-0.031631362836989106,True,,KO,C8,4,d7,Plate1,/Users/pmihack/claire/tmem_2026/data/cleaved_tmem_pld3_260821/d7/TMEM_KO/TMEMKO_Plate1_d7_TMEM561LAMP1640MAP2488DAPI405_C8_F4.nd2,13
7,6096,0,0.0,0.0,54.078739166259766,329664.0,,0.0,0.06686422321718465,True,,KO,C8,4,d7,Plate1,/Users/pmihack/claire/tmem_2026/data/cleaved_tmem_pld3_260821/d7/TMEM_KO/TMEMKO_Plate1_d7_TMEM561LAMP1640MAP2488DAPI405_C8_F4.nd2,13
8,9070,3,0.05920617420066152,2.087856,318.16119384765625,2885722.0,3.4113293557185913,0.0,0.0369317177164294,True,,KO,C8,4,d7,Plate1,/Users/pmihack/claire/tmem_2026/data/cleaved_tmem_pld3_260821/d7/TMEM_KO/TMEMKO_Plate1_d7_TMEM561LAMP1640MAP2488DAPI405_C8_F4.nd2,13
9,7404,2,0.02377093462992977,1.026432,230.61305236816406,1707459.0,7.688604739535126,0.0,-0.002728907771733129,True,,KO,C8,4,d7,Plate1,/Users/pmihack/claire/tmem_2026/data/cleaved_tmem_pld3_260821/d7/TMEM_KO/TMEMKO_Plate1_d7_TMEM561LAMP1640MAP2488DAPI405_C8_F4.nd2,13
10,16136,14,0.08756817055032226,1.1772308571428571,500.975830078125,8083746.0,9.95285374858992,0.0,0.027920546930785235,True,,KO,C8,4,d7,Plate1,/Users/pmihack/claire/tmem_2026/data/cleaved_tmem_pld3_260821/d7/TMEM_KO/TMEMKO_Plate1_d7_TMEM561LAMP1640MAP2488DAPI405_C8_F4.nd2,13
11,7820,12,0.13465473145780052,1.0235159999999999,796.4668579101562,6228371.0,4.6954188170544695,0.0,-0.04536339593306413,True,,KO,C8,4,d7,Plate1,/Users/pmihack/claire/tmem_2026/data/cleaved_tmem_pld3_260821/d7/TMEM_KO/TMEMKO_Plate1_d7_TMEM561LAMP1640MAP2488DAPI405_C8_F4.nd2,13
12,11651,5,0.059222384344691445,1.609632,420.5363464355469,4899669.0,11.932120018879404,0.0,0.006003206067138763,True,,KO,C8,4,d7,Plate1,/Users/pmihack/claire/tmem_2026/data/cleaved_tmem_pld3_260821/d7/TMEM_KO/TMEMKO_Plate1_d7_TMEM561LAMP1640MAP2488DAPI405_C8_F4.nd2,13
13,7629,0,0.0,0.0,5.125835418701172,39105.0,,0.0,0.04323173185383774,True,,KO,C8,4,d7,Plate1,/Users/pmihack/claire/tmem_2026/data/cleaved_tmem_pld3_260821/d7/TMEM_KO/TMEMKO_Plate1_d7_TMEM561LAMP1640MAP2488DAPI405_C8_F4.nd2,13
14,15362,0,0.0,0.0,74.83446502685547,1149607.0,,0.0,-0.004617022673108765,True,,KO,C8,4,d7,Plate1,/Users/pmihack/claire/tmem_2026/data/cleaved_tmem_pld3_260821/d7/TMEM_KO/TMEMKO_Plate1_d7_TMEM561LAMP1640MAP2488DAPI405_C8_F4.nd2,13
15,10272,9,0.11662772585669783,1.552608,638.274169921875,6556352.0,16.04950681845133,0.0,0.22699546813441257,True,,KO,C8,4,d7,Plate1,/Users/pmihack/claire/tmem_2026/data/cleaved_tmem_pld3_260821/d7/TMEM_KO/TMEMKO_Plate1_d7_TMEM561LAMP1640MAP2488DAPI405_C8_F4.nd2,13
16,16691,12,0.10490683601941166,1.7019719999999998,595.92236328125,9946540.0,15.308509913964402,0.0,-0.02067464697428457,True,,KO,C8,4,d7,Plate1,/Users/pmihack/claire/tmem_2026/data/cleaved_tmem_pld3_260821/d7/TMEM_KO/TMEMKO_Plate1_d7_TMEM561LAMP1640MAP2488DAPI405_C8_F4.nd2,13
17,8244,9,0.1615720524017467,1.7262719999999998,1038.98828125,8565419.0,14.85197921505953,0.0,-0.03228944451738227,True,,KO,C8,4,d7,Plate1,/Users/pmihack/claire/tmem_2026/data/cleaved_tmem_pld3_260821/d7/TMEM_KO/TMEMKO_Plate1_d7_TMEM561LAMP1640MAP2488DAPI405_C8_F4.nd2,13
18,15290,5,0.02432962720732505,0.8678016,156.99620056152344,2400472.0,17.51007370625314,0.0,-0.01352764757210218,True,,KO,C8,4,d7,Plate1,/Users/pmihack/claire/tmem_2026/data/cleaved_tmem_pld3_260821/d7/TMEM_KO/TMEMKO_Plate1_d7_TMEM561LAMP1640MAP2488DAPI405_C8_F4.nd2,13
19,4754,0,0.0,0.0,79.97286224365234,380191.0,,0.0,0.015082667900200296,True,,KO,C8,4,d7,Plate1,/Users/pmihack/claire/tmem_2026/data/cleaved_tmem_pld3_260821/d7/TMEM_KO/TMEMKO_Plate1_d7_TMEM561LAMP1640MAP2488DAPI405_C8_F4.nd2,13
20,13881,4,0.01685757510265831,0.682344,155.21331787109375,2154516.0,6.4720349629477,0.0,-0.0891052963537085,True,,KO,C8,4,d7,Plate1,/Users/pmihack/claire/tmem_2026/data/cleaved_tmem_pld3_260821/d7/TMEM_KO/TMEMKO_Plate1_d7_TMEM561LAMP1640MAP2488DAPI405_C8_F4.nd2,13
21,11802,2,0.023046941196407388,1.586304,177.51473999023438,2095029.0,31.077235357668926,0.0,-0.04099862784676975,True,,KO,C8,4,d7,Plate1,/Users/pmihack/claire/tmem_2026/data/cleaved_tmem_pld3_260821/d7/TMEM_KO/TMEMKO_Plate1_d7_TMEM561LAMP1640MAP2488DAPI405_C8_F4.nd2,13
22,4779,4,0.07135383971542164,0.9943559999999999,428.322021484375,2046951.0,37.6713370296664,0.0,-0.12845715555847942,True,,KO,C8,4,d7,Plate1,/Users/pmihack/claire/tmem_2026/data/cleaved_tmem_pld3_260821/d7/TMEM_KO/TMEMKO_Plate1_d7_TMEM561LAMP1640MAP2488DAPI405_C8_F4.nd2,13
23,7038,1,0.002273373117362887,0.18662399999999998,143.25588989257812,1008235.0,19.67334553509624,0.0,-0.05380748684401113,True,,KO,C8,4,d7,Plate1,/Users/pmihack/claire/tmem_2026/data/cleaved_tmem_pld3_260821/d7/TMEM_KO/TMEMKO_Plate1_d7_TMEM561LAMP1640MAP2488DAPI405_C8_F4.nd2,13
24,9584,4,0.05018781302170284,1.402596,329.2792053222656,3155812.0,4.552208103193866,0.0,-0.06944676132175369,True,,KO,C8,4,d7,Plate1,/Users/pmihack/claire/tmem_2026/data/cleaved_tmem_pld3_260821/d7/TMEM_KO/TMEMKO_Plate1_d7_TMEM561LAMP1640MAP2488DAPI405_C8_F4.nd2,13
25,10660,4,0.003283302063789869,0.10206,95.13395690917969,1014128.0,17.297182271374194,0.0,-0.046856505232746114,True,,KO,C8,4,d7,Plate1,/Users/pmihack/claire/tmem_2026/data/cleaved_tmem_pld3_260821/d7/TMEM_KO/TMEMKO_Plate1_d7_TMEM561LAMP1640MAP2488DAPI405_C8_F4.nd2,13
26,10386,2,0.017908723281340265,1.084752,128.62603759765625,1335910.0,16.049895055443596,0.0,-0.09080951362292078,True,,KO,C8,4,d7,Plate1,/Users/pmihack/claire/tmem_2026/data/cleaved_tmem_pld3_260821/d7/TMEM_KO/TMEMKO_Plate1_d7_TMEM561LAMP1640MAP2488DAPI405_C8_F4.nd2,13
1,304,0,0.0,0.0,5.799342155456543,1763.0,,0.0,0.2542993048272855,False,size_outlier,KO,D8,1,d7,Plate1,/Users/pmihack/claire/tmem_2026/data/cleaved_tmem_pld3_260821/d7/TMEM_KO/TMEMKO_Plate1_d7_TMEM561LAMP1640MAP2488DAPI405_D8_F1.nd2,13
2,13069,0,0.0,0.0,792.5545043945312,10357895.0,,0.0,0.10749545238551612,True,,KO,D8,1,d7,Plate1,/Users/pmihack/claire/tmem_2026/data/cleaved_tmem_pld3_260821/d7/TMEM_KO/TMEMKO_Plate1_d7_TMEM561LAMP1640MAP2488DAPI405_D8_F1.nd2,13
3,391,0,0.0,0.0,3.0025575160980225,1174.0,,0.0,0.13447946543864395,False,size_outlier,KO,D8,1,d7,Plate1,/Users/pmihack/claire/tmem_2026/data/cleaved_tmem_pld3_260821/d7/TMEM_KO/TMEMKO_Plate1_d7_TMEM561LAMP1640MAP2488DAPI405_D8_F1.nd2,13
4,630,0,0.0,0.0,0.6301587224006653,397.0,,0.0,0.12706300001094134,False,size_outlier,KO,D8,1,d7,Plate1,/Users/pmihack/claire/tmem_2026/data/cleaved_tmem_pld3_260821/d7/TMEM_KO/TMEMKO_Plate1_d7_TMEM561LAMP1640MAP2488DAPI405_D8_F1.nd2,13
5,12546,1,0.00023912003825920613,0.034991999999999995,804.8451538085938,10097587.0,9.57516708792963,0.0,0.07305288167656714,True,,KO,D8,1,d7,Plate1,/Users/pmihack/claire/tmem_2026/data/cleaved_tmem_pld3_260821/d7/TMEM_KO/TMEMKO_Plate1_d7_TMEM561LAMP1640MAP2488DAPI405_D8_F1.nd2,13
6,14326,0,0.0,0.0,269.6998596191406,3863720.0,,0.0,0.36922712668862023,True,,KO,D8,1,d7,Plate1,/Users/pmihack/claire/tmem_2026/data/cleaved_tmem_pld3_260821/d7/TMEM_KO/TMEMKO_Plate1_d7_TMEM561LAMP1640MAP2488DAPI405_D8_F1.nd2,13
7,10937,0,0.0,0.0,85.89457702636719,939429.0,,0.0,0.07152544208155999,True,,KO,D8,1,d7,Plate1,/Users/pmihack/claire/tmem_2026/data/cleaved_tmem_pld3_260821/d7/TMEM_KO/TMEMKO_Plate1_d7_TMEM561LAMP1640MAP2488DAPI405_D8_F1.nd2,13
8,16546,0,0.0,0.0,85.70796203613281,1418124.0,,0.0,0.23942950062941815,True,,KO,D8,1,d7,Plate1,/Users/pmihack/claire/tmem_2026/data/cleaved_tmem_pld3_260821/d7/TMEM_KO/TMEMKO_Plate1_d7_TMEM561LAMP1640MAP2488DAPI405_D8_F1.nd2,13
9,8142,0,0.0,0.0,25.400760650634766,206813.0,,0.0,0.04306898839043714,True,,KO,D8,1,d7,Plate1,/Users/pmihack/claire/tmem_2026/data/cleaved_tmem_pld3_260821/d7/TMEM_KO/TMEMKO_Plate1_d7_TMEM561LAMP1640MAP2488DAPI405_D8_F1.nd2,13
10,9915,0,0.0,0.0,81.25597381591797,805653.0,,0.0,0.14091574135715887,True,,KO,D8,1,d7,Plate1,/Users/pmihack/claire/tmem_2026/data/cleaved_tmem_pld3_260821/d7/TMEM_KO/TMEMKO_Plate1_d7_TMEM561LAMP1640MAP2488DAPI405_D8_F1.nd2,13
11,9772,0,0.0,0.0,263.541748046875,2575330.0,,0.0,0.22622869668482787,True,,KO,D8,1,d7,Plate1,/Users/pmihack/claire/tmem_2026/data/cleaved_tmem_pld3_260821/d7/TMEM_KO/TMEMKO_Plate1_d7_TMEM561LAMP1640MAP2488DAPI405_D8_F1.nd2,13
12,21233,0,0.0,0.0,174.9132080078125,3713932.0,,0.0,0.17901864711999302,True,,KO,D8,1,d7,Plate1,/Users/pmihack/claire/tmem_2026/data/cleaved_tmem_pld3_260821/d7/TMEM_KO/TMEMKO_Plate1_d7_TMEM561LAMP1640MAP2488DAPI405_D8_F1.nd2,13
13,17717,0,0.0,0.0,309.92059326171875,5490863.0,,0.0,0.011337968252439861,True,,KO,D8,1,d7,Plate1,/Users/pmihack/claire/tmem_2026/data/cleaved_tmem_pld3_260821/d7/TMEM_KO/TMEMKO_Plate1_d7_TMEM561LAMP1640MAP2488DAPI405_D8_F1.nd2,13
14,9637,0,0.0,0.0,86.74494171142578,835961.0,,0.0,0.12874038342235514,True,,KO,D8,1,d7,Plate1,/Users/pmihack/claire/tmem_2026/data/cleaved_tmem_pld3_260821/d7/TMEM_KO/TMEMKO_Plate1_d7_TMEM561LAMP1640MAP2488DAPI405_D8_F1.nd2,13
15,13431,0,0.0,0.0,367.9951477050781,4942543.0,,0.0,0.2386935989069788,True,,KO,D8,1,d7,Plate1,/Users/pmihack/claire/tmem_2026/data/cleaved_tmem_pld3_260821/d7/TMEM_KO/TMEMKO_Plate1_d7_TMEM561LAMP1640MAP2488DAPI405_D8_F1.nd2,13
16,26719,0,0.0,0.0,590.817138671875,15786043.0,,0.0,0.13479868978770512,True,,KO,D8,1,d7,Plate1,/Users/pmihack/claire/tmem_2026/data/cleaved_tmem_pld3_260821/d7/TMEM_KO/TMEMKO_Plate1_d7_TMEM561LAMP1640MAP2488DAPI405_D8_F1.nd2,13
17,18063,0,0.0,0.0,340.5232849121094,6150872.0,,0.0,0.08367539184074305,True,,KO,D8,1,d7,Plate1,/Users/pmihack/claire/tmem_2026/data/cleaved_tmem_pld3_260821/d7/TMEM_KO/TMEMKO_Plate1_d7_TMEM561LAMP1640MAP2488DAPI405_D8_F1.nd2,13
18,11588,0,0.0,0.0,142.2864227294922,1648815.0,,0.0,0.3088967345873543,True,,KO,D8,1,d7,Plate1,/Users/pmihack/claire/tmem_2026/data/cleaved_tmem_pld3_260821/d7/TMEM_KO/TMEMKO_Plate1_d7_TMEM561LAMP1640MAP2488DAPI405_D8_F1.nd2,13
1,12351,16,0.07845518581491377,0.706401,778.3555297851562,9613469.0,0.6597336266590371,0.0,0.3907629665328701,False,border,KO,D8,2,d7,Plate1,/Users/pmihack/claire/tmem_2026/data/cleaved_tmem_pld3_260821/d7/TMEM_KO/TMEMKO_Plate1_d7_TMEM561LAMP1640MAP2488DAPI405_D8_F2.nd2,10
2,23428,24,0.09125832337374082,1.0390679999999999,905.61474609375,21216742.0,10.293792654827328,0.0,0.1957277281658057,True,,KO,D8,2,d7,Plate1,/Users/pmihack/claire/tmem_2026/data/cleaved_tmem_pld3_260821/d7/TMEM_KO/TMEMKO_Plate1_d7_TMEM561LAMP1640MAP2488DAPI405_D8_F2.nd2,10
3,23685,11,0.03685877137428752,0.9256974545454544,486.7200622558594,11527965.0,13.138233085913823,0.0,0.17790723102623404,True,,KO,D8,2,d7,Plate1,/Users/pmihack/claire/tmem_2026/data/cleaved_tmem_pld3_260821/d7/TMEM_KO/TMEMKO_Plate1_d7_TMEM561LAMP1640MAP2488DAPI405_D8_F2.nd2,10
4,11850,14,0.027341772151898733,0.2699382857142857,490.0648193359375,5807268.0,26.513094234292016,0.0,0.1708403365775242,True,,KO,D8,2,d7,Plate1,/Users/pmihack/claire/tmem_2026/data/cleaved_tmem_pld3_260821/d7/TMEM_KO/TMEMKO_Plate1_d7_TMEM561LAMP1640MAP2488DAPI405_D8_F2.nd2,10
5,8750,8,0.015885714285714284,0.20266199999999998,402.7281188964844,3523871.0,12.396424295084907,0.0,0.26438180589823657,True,,KO,D8,2,d7,Plate1,/Users/pmihack/claire/tmem_2026/data/cleaved_tmem_pld3_260821/d7/TMEM_KO/TMEMKO_Plate1_d7_TMEM561LAMP1640MAP2488DAPI405_D8_F2.nd2,10
6,9537,4,0.005976722239698019,0.166212,96.2072982788086,917529.0,5.144519068045955,0.0,0.0169249827877067,True,,KO,D8,2,d7,Plate1,/Users/pmihack/claire/tmem_2026/data/cleaved_tmem_pld3_260821/d7/TMEM_KO/TMEMKO_Plate1_d7_TMEM561LAMP1640MAP2488DAPI405_D8_F2.nd2,10
7,12546,6,0.07556193208990913,1.8429119999999999,834.5349731445312,10470076.0,13.933756700102371,0.0,0.3392049079494951,True,,KO,D8,2,d7,Plate1,/Users/pmihack/claire/tmem_2026/data/cleaved_tmem_pld3_260821/d7/TMEM_KO/TMEMKO_Plate1_d7_TMEM561LAMP1640MAP2488DAPI405_D8_F2.nd2,10
8,18901,7,0.03793450082006243,1.194726857142857,444.6954040527344,8405188.0,8.61576019834669,0.0,0.35944486474869436,True,,KO,D8,2,d7,Plate1,/Users/pmihack/claire/tmem_2026/data/cleaved_tmem_pld3_260821/d7/TMEM_KO/TMEMKO_Plate1_d7_TMEM561LAMP1640MAP2488DAPI405_D8_F2.nd2,10
9,7044,1,0.007098239636570131,0.5831999999999999,117.27243041992188,826067.0,17.027877619873703,0.0,0.06368684919695833,True,,KO,D8,2,d7,Plate1,/Users/pmihack/claire/tmem_2026/data/cleaved_tmem_pld3_260821/d7/TMEM_KO/TMEMKO_Plate1_d7_TMEM561LAMP1640MAP2488DAPI405_D8_F2.nd2,10
10,7636,6,0.21490309062336302,3.190104,1956.4393310546875,14939371.0,7.699024889030072,0.0,0.24384345422705841,True,,KO,D8,2,d7,Plate1,/Users/pmihack/claire/tmem_2026/data/cleaved_tmem_pld3_260821/d7/TMEM_KO/TMEMKO_Plate1_d7_TMEM561LAMP1640MAP2488DAPI405_D8_F2.nd2,10
11,10256,5,0.0037051482059282373,0.08864639999999999,123.78217315673828,1269510.0,2.1209916366826653,0.0,0.22202683480686783,True,,KO,D8,2,d7,Plate1,/Users/pmihack/claire/tmem_2026/data/cleaved_tmem_pld3_260821/d7/TMEM_KO/TMEMKO_Plate1_d7_TMEM561LAMP1640MAP2488DAPI405_D8_F2.nd2,10
12,16512,31,0.06262112403100775,0.3890508387096773,778.2631225585938,12850681.0,5.683992839081156,0.0,0.20814649459497864,True,,KO,D8,2,d7,Plate1,/Users/pmihack/claire/tmem_2026/data/cleaved_tmem_pld3_260821/d7/TMEM_KO/TMEMKO_Plate1_d7_TMEM561LAMP1640MAP2488DAPI405_D8_F2.nd2,10
13,7995,4,0.17048155096935586,3.9745079999999997,1560.6497802734375,12477395.0,31.98724067025712,0.0,0.4800855623768454,True,,KO,D8,2,d7,Plate1,/Users/pmihack/claire/tmem_2026/data/cleaved_tmem_pld3_260821/d7/TMEM_KO/TMEMKO_Plate1_d7_TMEM561LAMP1640MAP2488DAPI405_D8_F2.nd2,10
14,18873,13,0.03301012027764531,0.5589747692307692,416.5409240722656,7861377.0,10.963384266234735,0.0002971489739138633,-0.003624455169363005,True,,KO,D8,2,d7,Plate1,/Users/pmihack/claire/tmem_2026/data/cleaved_tmem_pld3_260821/d7/TMEM_KO/TMEMKO_Plate1_d7_TMEM561LAMP1640MAP2488DAPI405_D8_F2.nd2,10
15,2636,0,0.0,0.0,63.18209457397461,166548.0,,0.0,0.012809278580495374,True,,KO,D8,2,d7,Plate1,/Users/pmihack/claire/tmem_2026/data/cleaved_tmem_pld3_260821/d7/TMEM_KO/TMEMKO_Plate1_d7_TMEM561LAMP1640MAP2488DAPI405_D8_F2.nd2,10
16,19897,12,0.058300246268281654,1.1275199999999999,603.7864990234375,12013540.0,17.44794687246942,0.0,0.3970944276846039,True,,KO,D8,2,d7,Plate1,/Users/pmihack/claire/tmem_2026/data/cleaved_tmem_pld3_260821/d7/TMEM_KO/TMEMKO_Plate1_d7_TMEM561LAMP1640MAP2488DAPI405_D8_F2.nd2,10
17,7750,4,0.03587096774193548,0.8106479999999999,365.56658935546875,2833141.0,32.42492060611637,0.0,0.28344022791387835,True,,KO,D8,2,d7,Plate1,/Users/pmihack/claire/tmem_2026/data/cleaved_tmem_pld3_260821/d7/TMEM_KO/TMEMKO_Plate1_d7_TMEM561LAMP1640MAP2488DAPI405_D8_F2.nd2,10
18,21523,9,0.05440691353435859,1.5176159999999999,549.0555419921875,11817322.0,8.14377591180225,0.0,0.562123989503546,True,,KO,D8,2,d7,Plate1,/Users/pmihack/claire/tmem_2026/data/cleaved_tmem_pld3_260821/d7/TMEM_KO/TMEMKO_Plate1_d7_TMEM561LAMP1640MAP2488DAPI405_D8_F2.nd2,10
19,22065,21,0.042963970088375256,0.5265462857142857,576.0445556640625,12710423.0,12.723155704437652,0.0,0.2744321888931087,True,,KO,D8,2,d7,Plate1,/Users/pmihack/claire/tmem_2026/data/cleaved_tmem_pld3_260821/d7/TMEM_KO/TMEMKO_Plate1_d7_TMEM561LAMP1640MAP2488DAPI405_D8_F2.nd2,10
20,26948,16,0.051655039335015585,1.014768,542.5016479492188,14619335.0,10.251321683263996,0.0,0.39134861383986597,True,,KO,D8,2,d7,Plate1,/Users/pmihack/claire/tmem_2026/data/cleaved_tmem_pld3_260821/d7/TMEM_KO/TMEMKO_Plate1_d7_TMEM561LAMP1640MAP2488DAPI405_D8_F2.nd2,10
21,16259,10,0.03253582631158128,0.6170256,331.13446044921875,5383915.0,5.8327296392556836,0.0,0.2938023703737214,True,,KO,D8,2,d7,Plate1,/Users/pmihack/claire/tmem_2026/data/cleaved_tmem_pld3_260821/d7/TMEM_KO/TMEMKO_Plate1_d7_TMEM561LAMP1640MAP2488DAPI405_D8_F2.nd2,10
22,12343,0,0.0,0.0,15.766020774841309,194600.0,,0.0,-0.013254812801928575,True,,KO,D8,2,d7,Plate1,/Users/pmihack/claire/tmem_2026/data/cleaved_tmem_pld3_260821/d7/TMEM_KO/TMEMKO_Plate1_d7_TMEM561LAMP1640MAP2488DAPI405_D8_F2.nd2,10
23,9258,3,0.1107150572477857,3.9852,1156.373291015625,10705704.0,19.935455820216127,0.0,0.324374959413429,True,,KO,D8,2,d7,Plate1,/Users/pmihack/claire/tmem_2026/data/cleaved_tmem_pld3_260821/d7/TMEM_KO/TMEMKO_Plate1_d7_TMEM561LAMP1640MAP2488DAPI405_D8_F2.nd2,10
24,9235,5,0.07634001082837033,1.6446239999999999,792.0520629882812,7314601.0,28.279815191108,0.0,0.31864754861823597,True,,KO,D8,2,d7,Plate1,/Users/pmihack/claire/tmem_2026/data/cleaved_tmem_pld3_260821/d7/TMEM_KO/TMEMKO_Plate1_d7_TMEM561LAMP1640MAP2488DAPI405_D8_F2.nd2,10
25,13167,18,0.03470798207640313,0.29613599999999995,599.7125854492188,7896416.0,24.244804110031883,0.0,0.2674168722624657,True,,KO,D8,2,d7,Plate1,/Users/pmihack/claire/tmem_2026/data/cleaved_tmem_pld3_260821/d7/TMEM_KO/TMEMKO_Plate1_d7_TMEM561LAMP1640MAP2488DAPI405_D8_F2.nd2,10
26,10153,6,0.08490101447847927,1.6757279999999997,945.4909057617188,9599569.0,12.401492317017514,0.0,0.28005768470153525,True,,KO,D8,2,d7,Plate1,/Users/pmihack/claire/tmem_2026/data/cleaved_tmem_pld3_260821/d7/TMEM_KO/TMEMKO_Plate1_d7_TMEM561LAMP1640MAP2488DAPI405_D8_F2.nd2,10
1,18914,4,0.00904092206830919,0.49863599999999997,99.45838928222656,1881156.0,6.213485892712557,0.0,0.19738521722293687,True,,KO,D8,3,d7,Plate1,/Users/pmihack/claire/tmem_2026/data/cleaved_tmem_pld3_260821/d7/TMEM_KO/TMEMKO_Plate1_d7_TMEM561LAMP1640MAP2488DAPI405_D8_F3.nd2,13
2,22956,6,0.03249695068827322,1.4502239999999997,250.5480499267578,5751581.0,5.044752252118252,0.0,0.28787393640095094,True,,KO,D8,3,d7,Plate1,/Users/pmihack/claire/tmem_2026/data/cleaved_tmem_pld3_260821/d7/TMEM_KO/TMEMKO_Plate1_d7_TMEM561LAMP1640MAP2488DAPI405_D8_F3.nd2,13
3,12093,3,0.06755974530720252,3.1764959999999993,445.93780517578125,5392726.0,5.547543524412536,0.0,0.419767136212954,True,,KO,D8,3,d7,Plate1,/Users/pmihack/claire/tmem_2026/data/cleaved_tmem_pld3_260821/d7/TMEM_KO/TMEMKO_Plate1_d7_TMEM561LAMP1640MAP2488DAPI405_D8_F3.nd2,13
4,14030,11,0.030862437633642194,0.45913745454545457,285.05560302734375,3999330.0,12.55562784500261,0.0,0.4693210453748683,True,,KO,D8,3,d7,Plate1,/Users/pmihack/claire/tmem_2026/data/cleaved_tmem_pld3_260821/d7/TMEM_KO/TMEMKO_Plate1_d7_TMEM561LAMP1640MAP2488DAPI405_D8_F3.nd2,13
5,11058,10,0.02016639536986797,0.2601072,259.83270263671875,2873230.0,4.545010322105066,0.0,0.3643486611954786,True,,KO,D8,3,d7,Plate1,/Users/pmihack/claire/tmem_2026/data/cleaved_tmem_pld3_260821/d7/TMEM_KO/TMEMKO_Plate1_d7_TMEM561LAMP1640MAP2488DAPI405_D8_F3.nd2,13
6,14667,5,0.06913479239108201,2.3654592,491.0780029296875,7202641.0,4.061720323413775,0.0,0.24858643621910423,True,,KO,D8,3,d7,Plate1,/Users/pmihack/claire/tmem_2026/data/cleaved_tmem_pld3_260821/d7/TMEM_KO/TMEMKO_Plate1_d7_TMEM561LAMP1640MAP2488DAPI405_D8_F3.nd2,13
7,9714,12,0.04591311509162034,0.43351199999999995,399.75982666015625,3883267.0,7.2790320012541505,0.0,0.10019231038628952,True,,KO,D8,3,d7,Plate1,/Users/pmihack/claire/tmem_2026/data/cleaved_tmem_pld3_260821/d7/TMEM_KO/TMEMKO_Plate1_d7_TMEM561LAMP1640MAP2488DAPI405_D8_F3.nd2,13
8,18371,11,0.0084916444396059,0.16541672727272727,130.80491638183594,2403017.0,2.356406905598176,0.0,0.2440090628755777,True,,KO,D8,3,d7,Plate1,/Users/pmihack/claire/tmem_2026/data/cleaved_tmem_pld3_260821/d7/TMEM_KO/TMEMKO_Plate1_d7_TMEM561LAMP1640MAP2488DAPI405_D8_F3.nd2,13
9,23858,9,0.06262050465252746,1.936224,414.43914794921875,9887689.0,13.043804716905589,0.0,0.2093751020621021,True,,KO,D8,3,d7,Plate1,/Users/pmihack/claire/tmem_2026/data/cleaved_tmem_pld3_260821/d7/TMEM_KO/TMEMKO_Plate1_d7_TMEM561LAMP1640MAP2488DAPI405_D8_F3.nd2,13
10,14359,10,0.06845880632356013,1.1465712,525.7186279296875,7548794.0,3.126639570229603,0.0,0.10751290817190401,True,,KO,D8,3,d7,Plate1,/Users/pmihack/claire/tmem_2026/data/cleaved_tmem_pld3_260821/d7/TMEM_KO/TMEMKO_Plate1_d7_TMEM561LAMP1640MAP2488DAPI405_D8_F3.nd2,13
11,14398,12,0.09133212946242533,1.2781799999999999,800.8761596679688,11531015.0,5.742642832576513,4.639660983229987e-05,0.032207637363942394,True,,KO,D8,3,d7,Plate1,/Users/pmihack/claire/tmem_2026/data/cleaved_tmem_pld3_260821/d7/TMEM_KO/TMEMKO_Plate1_d7_TMEM561LAMP1640MAP2488DAPI405_D8_F3.nd2,13
12,10710,4,0.005415499533146592,0.16912799999999997,117.61354064941406,1259641.0,22.598626820174612,0.0,0.1955322035494347,True,,KO,D8,3,d7,Plate1,/Users/pmihack/claire/tmem_2026/data/cleaved_tmem_pld3_260821/d7/TMEM_KO/TMEMKO_Plate1_d7_TMEM561LAMP1640MAP2488DAPI405_D8_F3.nd2,13
13,5253,3,0.17628022082619454,3.600288,1106.93017578125,5814704.0,25.538471232718045,0.0,0.23444873035300676,True,,KO,D8,3,d7,Plate1,/Users/pmihack/claire/tmem_2026/data/cleaved_tmem_pld3_260821/d7/TMEM_KO/TMEMKO_Plate1_d7_TMEM561LAMP1640MAP2488DAPI405_D8_F3.nd2,13
14,12507,8,0.04445510514112097,0.8106479999999999,330.9638671875,4139365.0,17.155345133069996,0.0,0.15585887864136436,True,,KO,D8,3,d7,Plate1,/Users/pmihack/claire/tmem_2026/data/cleaved_tmem_pld3_260821/d7/TMEM_KO/TMEMKO_Plate1_d7_TMEM561LAMP1640MAP2488DAPI405_D8_F3.nd2,13
15,11966,2,0.002339963229149256,0.163296,114.74043273925781,1372984.0,23.5291569890265,0.0,0.19357954373895087,True,,KO,D8,3,d7,Plate1,/Users/pmihack/claire/tmem_2026/data/cleaved_tmem_pld3_260821/d7/TMEM_KO/TMEMKO_Plate1_d7_TMEM561LAMP1640MAP2488DAPI405_D8_F3.nd2,13
16,13227,3,0.029863158690557192,1.5357599999999998,237.3258514404297,3139109.0,15.039174188748932,0.0,0.33414701554730597,True,,KO,D8,3,d7,Plate1,/Users/pmihack/claire/tmem_2026/data/cleaved_tmem_pld3_260821/d7/TMEM_KO/TMEMKO_Plate1_d7_TMEM561LAMP1640MAP2488DAPI405_D8_F3.nd2,13
17,11829,9,0.03956378392087243,0.606528,300.00946044921875,3548812.0,13.79573089248865,0.0,0.41149237870804106,True,,KO,D8,3,d7,Plate1,/Users/pmihack/claire/tmem_2026/data/cleaved_tmem_pld3_260821/d7/TMEM_KO/TMEMKO_Plate1_d7_TMEM561LAMP1640MAP2488DAPI405_D8_F3.nd2,13
18,19663,11,0.03132787468850125,0.653184,248.50506591796875,4886355.0,26.924232202060118,0.0,0.27413659098167265,True,,KO,D8,3,d7,Plate1,/Users/pmihack/claire/tmem_2026/data/cleaved_tmem_pld3_260821/d7/TMEM_KO/TMEMKO_Plate1_d7_TMEM561LAMP1640MAP2488DAPI405_D8_F3.nd2,13
19,16408,7,0.016272549975621647,0.4448982857142857,183.0481414794922,3003454.0,22.802174403130422,0.0,0.5213398282480703,False,border,KO,D8,3,d7,Plate1,/Users/pmihack/claire/tmem_2026/data/cleaved_tmem_pld3_260821/d7/TMEM_KO/TMEMKO_Plate1_d7_TMEM561LAMP1640MAP2488DAPI405_D8_F3.nd2,13
20,16236,11,0.059127864005912786,1.0179490909090907,466.11627197265625,7567864.0,13.666440819138609,0.0,0.06778572163091179,True,,KO,D8,3,d7,Plate1,/Users/pmihack/claire/tmem_2026/data/cleaved_tmem_pld3_260821/d7/TMEM_KO/TMEMKO_Plate1_d7_TMEM561LAMP1640MAP2488DAPI405_D8_F3.nd2,13
1,13955,7,0.05976352561805805,1.3896822857142856,469.9820251464844,6558599.0,7.969589485851312,0.0,0.10463544980099114,True,,KO,D8,4,d7,Plate1,/Users/pmihack/claire/tmem_2026/data/cleaved_tmem_pld3_260821/d7/TMEM_KO/TMEMKO_Plate1_d7_TMEM561LAMP1640MAP2488DAPI405_D8_F4.nd2,10
2,19255,8,0.06922877174759802,1.9435139999999997,483.01641845703125,9300481.0,2.453742637701102,0.0,0.3452975592054554,True,,KO,D8,4,d7,Plate1,/Users/pmihack/claire/tmem_2026/data/cleaved_tmem_pld3_260821/d7/TMEM_KO/TMEMKO_Plate1_d7_TMEM561LAMP1640MAP2488DAPI405_D8_F4.nd2,10
3,11729,12,0.02958478983715577,0.337284,393.2220153808594,4612101.0,0.7032884929099494,0.0005199365550652146,0.060014318909292264,True,,KO,D8,4,d7,Plate1,/Users/pmihack/claire/tmem_2026/data/cleaved_tmem_pld3_260821/d7/TMEM_KO/TMEMKO_Plate1_d7_TMEM561LAMP1640MAP2488DAPI405_D8_F4.nd2,10
4,3654,0,0.0,0.0,10.16174030303955,37131.0,,0.0,0.04642713722987119,True,,KO,D8,4,d7,Plate1,/Users/pmihack/claire/tmem_2026/data/cleaved_tmem_pld3_260821/d7/TMEM_KO/TMEMKO_Plate1_d7_TMEM561LAMP1640MAP2488DAPI405_D8_F4.nd2,10
5,13812,20,0.0850709527946713,0.68526,728.7092895507812,10064933.0,0.5952580556601322,0.0,0.3181356847398792,True,,KO,D8,4,d7,Plate1,/Users/pmihack/claire/tmem_2026/data/cleaved_tmem_pld3_260821/d7/TMEM_KO/TMEMKO_Plate1_d7_TMEM561LAMP1640MAP2488DAPI405_D8_F4.nd2,10
6,8265,2,0.11506352087114338,5.546232,874.4468383789062,7227303.0,3.4230874949929286,0.0,0.4122619795604339,True,,KO,D8,4,d7,Plate1,/Users/pmihack/claire/tmem_2026/data/cleaved_tmem_pld3_260821/d7/TMEM_KO/TMEMKO_Plate1_d7_TMEM561LAMP1640MAP2488DAPI405_D8_F4.nd2,10
7,10365,7,0.14954172696575013,2.582742857142857,1373.0107421875,14231256.0,5.49851051980593,0.0,0.46390333343134194,True,,KO,D8,4,d7,Plate1,/Users/pmihack/claire/tmem_2026/data/cleaved_tmem_pld3_260821/d7/TMEM_KO/TMEMKO_Plate1_d7_TMEM561LAMP1640MAP2488DAPI405_D8_F4.nd2,10
8,6840,10,0.31798245614035087,2.53692,2745.935791015625,18782200.0,22.585092756230516,0.0,0.3705821204503446,True,,KO,D8,4,d7,Plate1,/Users/pmihack/claire/tmem_2026/data/cleaved_tmem_pld3_260821/d7/TMEM_KO/TMEMKO_Plate1_d7_TMEM561LAMP1640MAP2488DAPI405_D8_F4.nd2,10
9,10866,4,0.005153690410454629,0.163296,126.04454040527344,1369600.0,14.580169174808892,0.0,0.17000479171558947,True,,KO,D8,4,d7,Plate1,/Users/pmihack/claire/tmem_2026/data/cleaved_tmem_pld3_260821/d7/TMEM_KO/TMEMKO_Plate1_d7_TMEM561LAMP1640MAP2488DAPI405_D8_F4.nd2,10
10,5248,2,0.001524390243902439,0.046655999999999996,180.84642028808594,949082.0,15.239636347163575,0.0,0.23778071653687613,True,,KO,D8,4,d7,Plate1,/Users/pmihack/claire/tmem_2026/data/cleaved_tmem_pld3_260821/d7/TMEM_KO/TMEMKO_Plate1_d7_TMEM561LAMP1640MAP2488DAPI405_D8_F4.nd2,10
11,28410,9,0.005561422034494896,0.204768,121.35892486572266,3447807.0,4.554648466164073,0.0,0.09719833759452194,True,,KO,D8,4,d7,Plate1,/Users/pmihack/claire/tmem_2026/data/cleaved_tmem_pld3_260821/d7/TMEM_KO/TMEMKO_Plate1_d7_TMEM561LAMP1640MAP2488DAPI405_D8_F4.nd2,10
12,5356,2,0.0048543689320388345,0.151632,178.1573944091797,954211.0,24.33011490454392,0.0,0.38690771727501944,True,,KO,D8,4,d7,Plate1,/Users/pmihack/claire/tmem_2026/data/cleaved_tmem_pld3_260821/d7/TMEM_KO/TMEMKO_Plate1_d7_TMEM561LAMP1640MAP2488DAPI405_D8_F4.nd2,10
13,9165,0,0.0,0.0,26.22062110900879,240312.0,,0.0,0.056710253127946586,True,,KO,D8,4,d7,Plate1,/Users/pmihack/claire/tmem_2026/data/cleaved_tmem_pld3_260821/d7/TMEM_KO/TMEMKO_Plate1_d7_TMEM561LAMP1640MAP2488DAPI405_D8_F4.nd2,10
14,14300,2,0.04258741258741259,3.5516879999999995,307.1558837890625,4392329.0,22.922883745369784,0.0,0.45273182429692665,True,,KO,D8,4,d7,Plate1,/Users/pmihack/claire/tmem_2026/data/cleaved_tmem_pld3_260821/d7/TMEM_KO/TMEMKO_Plate1_d7_TMEM561LAMP1640MAP2488DAPI405_D8_F4.nd2,10
15,2102,0,0.0,0.0,6.876783847808838,14455.0,,0.0,0.0023268892849779856,True,,KO,D8,4,d7,Plate1,/Users/pmihack/claire/tmem_2026/data/cleaved_tmem_pld3_260821/d7/TMEM_KO/TMEMKO_Plate1_d7_TMEM561LAMP1640MAP2488DAPI405_D8_F4.nd2,10
16,16125,7,0.0826046511627907,2.219492571428571,695.206298828125,11210202.0,12.284263542020879,0.0,0.3602489500480251,True,,KO,D8,4,d7,Plate1,/Users/pmihack/claire/tmem_2026/data/cleaved_tmem_pld3_260821/d7/TMEM_KO/TMEMKO_Plate1_d7_TMEM561LAMP1640MAP2488DAPI405_D8_F4.nd2,10
17,11683,3,0.08448172558418214,3.8374559999999995,688.5390625,8044202.0,13.014393868263449,0.0,0.33150812552736747,True,,KO,D8,4,d7,Plate1,/Users/pmihack/claire/tmem_2026/data/cleaved_tmem_pld3_260821/d7/TMEM_KO/TMEMKO_Plate1_d7_TMEM561LAMP1640MAP2488DAPI405_D8_F4.nd2,10
18,24880,9,0.0342443729903537,1.104192,282.6625671386719,7032645.0,14.378409128339674,2.7016862986783963e-06,0.07145847858412392,True,,KO,D8,4,d7,Plate1,/Users/pmihack/claire/tmem_2026/data/cleaved_tmem_pld3_260821/d7/TMEM_KO/TMEMKO_Plate1_d7_TMEM561LAMP1640MAP2488DAPI405_D8_F4.nd2,10
19,12413,2,0.10126480302908242,7.330824,777.7491455078125,9654200.0,20.082102918997673,0.0,0.397329749086429,True,,KO,D8,4,d7,Plate1,/Users/pmihack/claire/tmem_2026/data/cleaved_tmem_pld3_260821/d7/TMEM_KO/TMEMKO_Plate1_d7_TMEM561LAMP1640MAP2488DAPI405_D8_F4.nd2,10
20,10939,14,0.08666240058506262,0.7898194285714284,687.7598266601562,7523405.0,33.60171104874468,0.0,0.45932834394114336,True,,KO,D8,4,d7,Plate1,/Users/pmihack/claire/tmem_2026/data/cleaved_tmem_pld3_260821/d7/TMEM_KO/TMEMKO_Plate1_d7_TMEM561LAMP1640MAP2488DAPI405_D8_F4.nd2,10
1,12601,11,0.039203237838266805,0.5238196363636363,236.00689697265625,2973923.0,1.1525934137655198,0.0,0.04020406669679847,True,,KO,E8,1,d7,Plate1,/Users/pmihack/claire/tmem_2026/data/cleaved_tmem_pld3_260821/d7/TMEM_KO/TMEMKO_Plate1_d7_TMEM561LAMP1640MAP2488DAPI405_E8_F1.nd2,12
2,7009,1,0.00042802111570837496,0.034991999999999995,52.50791931152344,368028.0,0.3355806807985186,0.0,0.0027751300335374434,True,,KO,E8,1,d7,Plate1,/Users/pmihack/claire/tmem_2026/data/cleaved_tmem_pld3_260821/d7/TMEM_KO/TMEMKO_Plate1_d7_TMEM561LAMP1640MAP2488DAPI405_E8_F1.nd2,12
3,22462,5,0.017095539132757544,0.8957951999999999,149.3915557861328,3355633.0,7.097742435518691,0.0,0.09072232124302315,True,,KO,E8,1,d7,Plate1,/Users/pmihack/claire/tmem_2026/data/cleaved_tmem_pld3_260821/d7/TMEM_KO/TMEMKO_Plate1_d7_TMEM561LAMP1640MAP2488DAPI405_E8_F1.nd2,12
4,10333,3,0.022742669118358656,0.9136799999999998,331.3516845703125,3423857.0,23.83735584508521,0.0,-0.0014707476528800665,True,,KO,E8,1,d7,Plate1,/Users/pmihack/claire/tmem_2026/data/cleaved_tmem_pld3_260821/d7/TMEM_KO/TMEMKO_Plate1_d7_TMEM561LAMP1640MAP2488DAPI405_E8_F1.nd2,12
5,12640,13,0.018829113924050633,0.21354092307692304,220.5907440185547,2788267.0,8.206927862474934,0.0,0.127547324935722,True,,KO,E8,1,d7,Plate1,/Users/pmihack/claire/tmem_2026/data/cleaved_tmem_pld3_260821/d7/TMEM_KO/TMEMKO_Plate1_d7_TMEM561LAMP1640MAP2488DAPI405_E8_F1.nd2,12
6,11006,3,0.010903143739778303,0.46656,95.76376342773438,1053976.0,4.633192866896497,0.0,-0.0237148491307811,True,,KO,E8,1,d7,Plate1,/Users/pmihack/claire/tmem_2026/data/cleaved_tmem_pld3_260821/d7/TMEM_KO/TMEMKO_Plate1_d7_TMEM561LAMP1640MAP2488DAPI405_E8_F1.nd2,12
7,11262,1,0.05869294974249689,7.709903999999999,250.2344207763672,2818140.0,1.6675105372931431,0.0,0.009983631185179295,True,,KO,E8,1,d7,Plate1,/Users/pmihack/claire/tmem_2026/data/cleaved_tmem_pld3_260821/d7/TMEM_KO/TMEMKO_Plate1_d7_TMEM561LAMP1640MAP2488DAPI405_E8_F1.nd2,12
8,17043,5,0.0028164055624009857,0.11197439999999999,64.43290710449219,1098130.0,2.549528963809058,0.0,-0.0479731741231042,True,,KO,E8,1,d7,Plate1,/Users/pmihack/claire/tmem_2026/data/cleaved_tmem_pld3_260821/d7/TMEM_KO/TMEMKO_Plate1_d7_TMEM561LAMP1640MAP2488DAPI405_E8_F1.nd2,12
9,10454,4,0.08159556150755691,2.487348,353.3579406738281,3694004.0,1.0134577427739884,0.0,0.1425757556549728,True,,KO,E8,1,d7,Plate1,/Users/pmihack/claire/tmem_2026/data/cleaved_tmem_pld3_260821/d7/TMEM_KO/TMEMKO_Plate1_d7_TMEM561LAMP1640MAP2488DAPI405_E8_F1.nd2,12
10,12974,2,0.0004624633883150917,0.034991999999999995,87.59418487548828,1136447.0,6.175983607654229,0.0,0.27684043189058744,True,,KO,E8,1,d7,Plate1,/Users/pmihack/claire/tmem_2026/data/cleaved_tmem_pld3_260821/d7/TMEM_KO/TMEMKO_Plate1_d7_TMEM561LAMP1640MAP2488DAPI405_E8_F1.nd2,12
11,4435,2,0.0018038331454340473,0.046655999999999996,109.81398010253906,487025.0,5.598789655038543,0.0,0.024962467809498526,True,,KO,E8,1,d7,Plate1,/Users/pmihack/claire/tmem_2026/data/cleaved_tmem_pld3_260821/d7/TMEM_KO/TMEMKO_Plate1_d7_TMEM561LAMP1640MAP2488DAPI405_E8_F1.nd2,12
12,9953,4,0.015271777353561741,0.44323199999999996,124.49512481689453,1239100.0,14.935907797628007,0.0,0.006231116999112758,True,,KO,E8,1,d7,Plate1,/Users/pmihack/claire/tmem_2026/data/cleaved_tmem_pld3_260821/d7/TMEM_KO/TMEMKO_Plate1_d7_TMEM561LAMP1640MAP2488DAPI405_E8_F1.nd2,12
13,12591,6,0.03359542530378842,0.8223119999999999,171.77117919921875,2162771.0,11.948285004342333,0.0,0.0533046610686923,True,,KO,E8,1,d7,Plate1,/Users/pmihack/claire/tmem_2026/data/cleaved_tmem_pld3_260821/d7/TMEM_KO/TMEMKO_Plate1_d7_TMEM561LAMP1640MAP2488DAPI405_E8_F1.nd2,12
14,9212,7,0.026921406860616587,0.41323885714285713,198.0199737548828,1824160.0,13.414335388241538,0.0,0.13954992630615196,True,,KO,E8,1,d7,Plate1,/Users/pmihack/claire/tmem_2026/data/cleaved_tmem_pld3_260821/d7/TMEM_KO/TMEMKO_Plate1_d7_TMEM561LAMP1640MAP2488DAPI405_E8_F1.nd2,12
15,12357,8,0.014404790806830136,0.259524,192.24188232421875,2375533.0,26.097258691160288,0.0,0.015512194184732308,True,,KO,E8,1,d7,Plate1,/Users/pmihack/claire/tmem_2026/data/cleaved_tmem_pld3_260821/d7/TMEM_KO/TMEMKO_Plate1_d7_TMEM561LAMP1640MAP2488DAPI405_E8_F1.nd2,12
16,7037,0,0.0,0.0,11.891572952270508,83681.0,,0.0,0.07828269768210158,True,,KO,E8,1,d7,Plate1,/Users/pmihack/claire/tmem_2026/data/cleaved_tmem_pld3_260821/d7/TMEM_KO/TMEMKO_Plate1_d7_TMEM561LAMP1640MAP2488DAPI405_E8_F1.nd2,12
17,13486,3,0.017573780216520837,0.9214559999999999,171.47894287109375,2312565.0,12.834909738620793,0.0,-0.05042464018292437,True,,KO,E8,1,d7,Plate1,/Users/pmihack/claire/tmem_2026/data/cleaved_tmem_pld3_260821/d7/TMEM_KO/TMEMKO_Plate1_d7_TMEM561LAMP1640MAP2488DAPI405_E8_F1.nd2,12
18,13805,8,0.0375950742484607,0.756702,178.603759765625,2465625.0,10.525000063953,0.0,0.07912977680387516,True,,KO,E8,1,d7,Plate1,/Users/pmihack/claire/tmem_2026/data/cleaved_tmem_pld3_260821/d7/TMEM_KO/TMEMKO_Plate1_d7_TMEM561LAMP1640MAP2488DAPI405_E8_F1.nd2,12
19,7600,3,0.09855263157894736,2.9121119999999996,456.0993347167969,3466355.0,13.422589635863384,0.0,0.057885417792982306,True,,KO,E8,1,d7,Plate1,/Users/pmihack/claire/tmem_2026/data/cleaved_tmem_pld3_260821/d7/TMEM_KO/TMEMKO_Plate1_d7_TMEM561LAMP1640MAP2488DAPI405_E8_F1.nd2,12
20,11660,7,0.042710120068610635,0.8298102857142856,291.5528259277344,3399506.0,26.809595400246163,0.0,0.028582593152057134,True,,KO,E8,1,d7,Plate1,/Users/pmihack/claire/tmem_2026/data/cleaved_tmem_pld3_260821/d7/TMEM_KO/TMEMKO_Plate1_d7_TMEM561LAMP1640MAP2488DAPI405_E8_F1.nd2,12
21,15726,5,0.04489380643520285,1.6469567999999997,239.63156127929688,3768446.0,9.606681935741916,0.0,0.01568783547372233,False,border,KO,E8,1,d7,Plate1,/Users/pmihack/claire/tmem_2026/data/cleaved_tmem_pld3_260821/d7/TMEM_KO/TMEMKO_Plate1_d7_TMEM561LAMP1640MAP2488DAPI405_E8_F1.nd2,12
1,6431,0,0.0,0.0,7.902037143707275,50818.0,,0.0,0.04383919837281184,True,,KO,E8,2,d7,Plate1,/Users/pmihack/claire/tmem_2026/data/cleaved_tmem_pld3_260821/d7/TMEM_KO/TMEMKO_Plate1_d7_TMEM561LAMP1640MAP2488DAPI405_E8_F2.nd2,9
2,6072,0,0.0,0.0,30.539690017700195,185437.0,,0.0,-0.04394976074274164,True,,KO,E8,2,d7,Plate1,/Users/pmihack/claire/tmem_2026/data/cleaved_tmem_pld3_260821/d7/TMEM_KO/TMEMKO_Plate1_d7_TMEM561LAMP1640MAP2488DAPI405_E8_F2.nd2,9
3,20220,1,0.0002472799208704253,0.05832,199.3538055419922,4030934.0,0.4367858916880398,0.0,0.04631379342946033,True,,KO,E8,2,d7,Plate1,/Users/pmihack/claire/tmem_2026/data/cleaved_tmem_pld3_260821/d7/TMEM_KO/TMEMKO_Plate1_d7_TMEM561LAMP1640MAP2488DAPI405_E8_F2.nd2,9
4,8294,0,0.0,0.0,282.89208984375,2346307.0,,0.0,-0.09425948644154845,True,,KO,E8,2,d7,Plate1,/Users/pmihack/claire/tmem_2026/data/cleaved_tmem_pld3_260821/d7/TMEM_KO/TMEMKO_Plate1_d7_TMEM561LAMP1640MAP2488DAPI405_E8_F2.nd2,9
5,11056,0,0.0,0.0,82.09198760986328,907609.0,,0.0,-0.047672978109014066,True,,KO,E8,2,d7,Plate1,/Users/pmihack/claire/tmem_2026/data/cleaved_tmem_pld3_260821/d7/TMEM_KO/TMEMKO_Plate1_d7_TMEM561LAMP1640MAP2488DAPI405_E8_F2.nd2,9
6,19600,0,0.0,0.0,56.51540756225586,1107702.0,,0.0,0.15062487031603414,True,,KO,E8,2,d7,Plate1,/Users/pmihack/claire/tmem_2026/data/cleaved_tmem_pld3_260821/d7/TMEM_KO/TMEMKO_Plate1_d7_TMEM561LAMP1640MAP2488DAPI405_E8_F2.nd2,9
7,11475,0,0.0,0.0,44.767581939697266,513708.0,,0.0,0.11009018950636297,True,,KO,E8,2,d7,Plate1,/Users/pmihack/claire/tmem_2026/data/cleaved_tmem_pld3_260821/d7/TMEM_KO/TMEMKO_Plate1_d7_TMEM561LAMP1640MAP2488DAPI405_E8_F2.nd2,9
8,18093,0,0.0,0.0,28.74924087524414,520160.0,,0.0,-0.0033744462401588803,True,,KO,E8,2,d7,Plate1,/Users/pmihack/claire/tmem_2026/data/cleaved_tmem_pld3_260821/d7/TMEM_KO/TMEMKO_Plate1_d7_TMEM561LAMP1640MAP2488DAPI405_E8_F2.nd2,9
9,10678,0,0.0,0.0,151.87693786621094,1621742.0,,0.0,-0.024070476588774696,True,,KO,E8,2,d7,Plate1,/Users/pmihack/claire/tmem_2026/data/cleaved_tmem_pld3_260821/d7/TMEM_KO/TMEMKO_Plate1_d7_TMEM561LAMP1640MAP2488DAPI405_E8_F2.nd2,9
10,22047,0,0.0,0.0,97.54696655273438,2150618.0,,0.0,0.13911439834157938,True,,KO,E8,2,d7,Plate1,/Users/pmihack/claire/tmem_2026/data/cleaved_tmem_pld3_260821/d7/TMEM_KO/TMEMKO_Plate1_d7_TMEM561LAMP1640MAP2488DAPI405_E8_F2.nd2,9
11,18006,0,0.0,0.0,104.6448974609375,1884236.0,,0.004029219038784504,0.1240885155074905,True,,KO,E8,2,d7,Plate1,/Users/pmihack/claire/tmem_2026/data/cleaved_tmem_pld3_260821/d7/TMEM_KO/TMEMKO_Plate1_d7_TMEM561LAMP1640MAP2488DAPI405_E8_F2.nd2,9
12,17450,0,0.0,0.0,251.17266845703125,4382963.0,,0.0,0.058608882698725794,True,,KO,E8,2,d7,Plate1,/Users/pmihack/claire/tmem_2026/data/cleaved_tmem_pld3_260821/d7/TMEM_KO/TMEMKO_Plate1_d7_TMEM561LAMP1640MAP2488DAPI405_E8_F2.nd2,9
13,11385,0,0.0,0.0,72.52428436279297,825689.0,,0.0,-0.019538671925641106,True,,KO,E8,2,d7,Plate1,/Users/pmihack/claire/tmem_2026/data/cleaved_tmem_pld3_260821/d7/TMEM_KO/TMEMKO_Plate1_d7_TMEM561LAMP1640MAP2488DAPI405_E8_F2.nd2,9
14,10936,0,0.0,0.0,131.05596923828125,1433228.0,,0.0,-0.021304926949174026,True,,KO,E8,2,d7,Plate1,/Users/pmihack/claire/tmem_2026/data/cleaved_tmem_pld3_260821/d7/TMEM_KO/TMEMKO_Plate1_d7_TMEM561LAMP1640MAP2488DAPI405_E8_F2.nd2,9
15,13101,0,0.0,0.0,294.52569580078125,3858581.0,,0.0005100320558995008,0.01046020252633422,True,,KO,E8,2,d7,Plate1,/Users/pmihack/claire/tmem_2026/data/cleaved_tmem_pld3_260821/d7/TMEM_KO/TMEMKO_Plate1_d7_TMEM561LAMP1640MAP2488DAPI405_E8_F2.nd2,9
16,10006,0,0.0,0.0,190.23255920410156,1903467.0,,0.0,-0.13168289168913203,True,,KO,E8,2,d7,Plate1,/Users/pmihack/claire/tmem_2026/data/cleaved_tmem_pld3_260821/d7/TMEM_KO/TMEMKO_Plate1_d7_TMEM561LAMP1640MAP2488DAPI405_E8_F2.nd2,9
17,10816,0,0.0,0.0,13.842917442321777,149725.0,,0.0,0.15887703647137974,True,,KO,E8,2,d7,Plate1,/Users/pmihack/claire/tmem_2026/data/cleaved_tmem_pld3_260821/d7/TMEM_KO/TMEMKO_Plate1_d7_TMEM561LAMP1640MAP2488DAPI405_E8_F2.nd2,9
18,7692,0,0.0,0.0,35.684349060058594,274484.0,,0.0,0.03263063705452624,True,,KO,E8,2,d7,Plate1,/Users/pmihack/claire/tmem_2026/data/cleaved_tmem_pld3_260821/d7/TMEM_KO/TMEMKO_Plate1_d7_TMEM561LAMP1640MAP2488DAPI405_E8_F2.nd2,9
19,19444,0,0.0,0.0,201.6348419189453,3920588.0,,0.0,-0.013930756090344677,True,,KO,E8,2,d7,Plate1,/Users/pmihack/claire/tmem_2026/data/cleaved_tmem_pld3_260821/d7/TMEM_KO/TMEMKO_Plate1_d7_TMEM561LAMP1640MAP2488DAPI405_E8_F2.nd2,9
20,14492,0,0.0,0.0,26.956113815307617,390648.0,,0.0,0.12355336162183597,True,,KO,E8,2,d7,Plate1,/Users/pmihack/claire/tmem_2026/data/cleaved_tmem_pld3_260821/d7/TMEM_KO/TMEMKO_Plate1_d7_TMEM561LAMP1640MAP2488DAPI405_E8_F2.nd2,9
21,22483,2,0.0004892585509051283,0.064152,110.48908233642578,2484126.0,5.3221098227646415,0.0,-0.022251710996068666,True,,KO,E8,2,d7,Plate1,/Users/pmihack/claire/tmem_2026/data/cleaved_tmem_pld3_260821/d7/TMEM_KO/TMEMKO_Plate1_d7_TMEM561LAMP1640MAP2488DAPI405_E8_F2.nd2,9
22,11278,0,0.0,0.0,86.32319641113281,973553.0,,0.0,-0.005209721044049092,True,,KO,E8,2,d7,Plate1,/Users/pmihack/claire/tmem_2026/data/cleaved_tmem_pld3_260821/d7/TMEM_KO/TMEMKO_Plate1_d7_TMEM561LAMP1640MAP2488DAPI405_E8_F2.nd2,9
23,12666,0,0.0,0.0,148.75390625,1884117.0,,0.0,0.11984264890844651,True,,KO,E8,2,d7,Plate1,/Users/pmihack/claire/tmem_2026/data/cleaved_tmem_pld3_260821/d7/TMEM_KO/TMEMKO_Plate1_d7_TMEM561LAMP1640MAP2488DAPI405_E8_F2.nd2,9
24,10300,0,0.0,0.0,77.70233154296875,800334.0,,0.0,-0.07017178573806297,True,,KO,E8,2,d7,Plate1,/Users/pmihack/claire/tmem_2026/data/cleaved_tmem_pld3_260821/d7/TMEM_KO/TMEMKO_Plate1_d7_TMEM561LAMP1640MAP2488DAPI405_E8_F2.nd2,9
25,16312,0,0.0,0.0,83.41454315185547,1360658.0,,0.0,0.0558388851902014,True,,KO,E8,2,d7,Plate1,/Users/pmihack/claire/tmem_2026/data/cleaved_tmem_pld3_260821/d7/TMEM_KO/TMEMKO_Plate1_d7_TMEM561LAMP1640MAP2488DAPI405_E8_F2.nd2,9
26,12655,0,0.0,0.0,175.77810668945312,2224472.0,,0.0,-0.03966569960939399,True,,KO,E8,2,d7,Plate1,/Users/pmihack/claire/tmem_2026/data/cleaved_tmem_pld3_260821/d7/TMEM_KO/TMEMKO_Plate1_d7_TMEM561LAMP1640MAP2488DAPI405_E8_F2.nd2,9
27,12277,0,0.0,0.0,31.791154861450195,390300.0,,0.0,-0.031965719249169244,True,,KO,E8,2,d7,Plate1,/Users/pmihack/claire/tmem_2026/data/cleaved_tmem_pld3_260821/d7/TMEM_KO/TMEMKO_Plate1_d7_TMEM561LAMP1640MAP2488DAPI405_E8_F2.nd2,9
1,8885,8,0.022172200337647722,0.287226,674.5537719726562,5993410.0,18.503386731890156,0.0,0.2943284536734645,True,,KO,E8,3,d7,Plate1,/Users/pmihack/claire/tmem_2026/data/cleaved_tmem_pld3_260821/d7/TMEM_KO/TMEMKO_Plate1_d7_TMEM561LAMP1640MAP2488DAPI405_E8_F3.nd2,13
2,16460,8,0.030133657351154315,0.7231679999999999,494.1273498535156,8133336.0,5.988868914724109,0.0,0.5228926753128361,True,,KO,E8,3,d7,Plate1,/Users/pmihack/claire/tmem_2026/data/cleaved_tmem_pld3_260821/d7/TMEM_KO/TMEMKO_Plate1_d7_TMEM561LAMP1640MAP2488DAPI405_E8_F3.nd2,13
3,8962,0,0.0,0.0,230.97824096679688,2070027.0,,0.0,0.1469052381870455,True,,KO,E8,3,d7,Plate1,/Users/pmihack/claire/tmem_2026/data/cleaved_tmem_pld3_260821/d7/TMEM_KO/TMEMKO_Plate1_d7_TMEM561LAMP1640MAP2488DAPI405_E8_F3.nd2,13
4,18114,8,0.006293474660483604,0.166212,340.6748962402344,6170985.0,4.897123330629939,0.0,0.2918514790259251,True,,KO,E8,3,d7,Plate1,/Users/pmihack/claire/tmem_2026/data/cleaved_tmem_pld3_260821/d7/TMEM_KO/TMEMKO_Plate1_d7_TMEM561LAMP1640MAP2488DAPI405_E8_F3.nd2,13
5,15662,0,0.0,0.0,157.75328063964844,2470732.0,,0.0071970573626458645,0.05322398754932977,True,,KO,E8,3,d7,Plate1,/Users/pmihack/claire/tmem_2026/data/cleaved_tmem_pld3_260821/d7/TMEM_KO/TMEMKO_Plate1_d7_TMEM561LAMP1640MAP2488DAPI405_E8_F3.nd2,13
6,11755,1,0.0004253509145044662,0.05832,214.88124084472656,2525929.0,21.62020563228672,0.0,0.17809087098011075,True,,KO,E8,3,d7,Plate1,/Users/pmihack/claire/tmem_2026/data/cleaved_tmem_pld3_260821/d7/TMEM_KO/TMEMKO_Plate1_d7_TMEM561LAMP1640MAP2488DAPI405_E8_F3.nd2,13
7,8426,0,0.0,0.0,51.32138442993164,432434.0,,0.0,0.20135836488869652,True,,KO,E8,3,d7,Plate1,/Users/pmihack/claire/tmem_2026/data/cleaved_tmem_pld3_260821/d7/TMEM_KO/TMEMKO_Plate1_d7_TMEM561LAMP1640MAP2488DAPI405_E8_F3.nd2,13
8,10401,0,0.0,0.0,2.741370916366577,28513.0,,0.0,0.0013888978445286318,True,,KO,E8,3,d7,Plate1,/Users/pmihack/claire/tmem_2026/data/cleaved_tmem_pld3_260821/d7/TMEM_KO/TMEMKO_Plate1_d7_TMEM561LAMP1640MAP2488DAPI405_E8_F3.nd2,13
9,18823,12,0.043988737183233276,0.804816,752.6659545898438,14167431.0,15.970918107967783,0.0,0.28251121923572137,True,,KO,E8,3,d7,Plate1,/Users/pmihack/claire/tmem_2026/data/cleaved_tmem_pld3_260821/d7/TMEM_KO/TMEMKO_Plate1_d7_TMEM561LAMP1640MAP2488DAPI405_E8_F3.nd2,13
10,8217,1,0.0017037848363149568,0.163296,173.83302307128906,1428386.0,28.296018727244764,0.0,0.10214444737364103,False,border,KO,E8,3,d7,Plate1,/Users/pmihack/claire/tmem_2026/data/cleaved_tmem_pld3_260821/d7/TMEM_KO/TMEMKO_Plate1_d7_TMEM561LAMP1640MAP2488DAPI405_E8_F3.nd2,13
11,6656,0,0.0,0.0,16.25495719909668,108193.0,,0.0,0.1422482047891788,True,,KO,E8,3,d7,Plate1,/Users/pmihack/claire/tmem_2026/data/cleaved_tmem_pld3_260821/d7/TMEM_KO/TMEMKO_Plate1_d7_TMEM561LAMP1640MAP2488DAPI405_E8_F3.nd2,13
12,14171,14,0.04361018982428904,0.5148822857142857,862.08544921875,12216613.0,11.206681255086721,0.0,0.388024919013772,True,,KO,E8,3,d7,Plate1,/Users/pmihack/claire/tmem_2026/data/cleaved_tmem_pld3_260821/d7/TMEM_KO/TMEMKO_Plate1_d7_TMEM561LAMP1640MAP2488DAPI405_E8_F3.nd2,13
13,14736,6,0.018186753528773074,0.5209919999999999,490.8560791015625,7233255.0,15.77943244754989,0.0,0.07524565099589044,True,,KO,E8,3,d7,Plate1,/Users/pmihack/claire/tmem_2026/data/cleaved_tmem_pld3_260821/d7/TMEM_KO/TMEMKO_Plate1_d7_TMEM561LAMP1640MAP2488DAPI405_E8_F3.nd2,13
14,12067,4,0.003812049390900804,0.13413599999999998,380.0653991699219,4586249.0,5.5265089587036025,0.0,0.14512432885040466,True,,KO,E8,3,d7,Plate1,/Users/pmihack/claire/tmem_2026/data/cleaved_tmem_pld3_260821/d7/TMEM_KO/TMEMKO_Plate1_d7_TMEM561LAMP1640MAP2488DAPI405_E8_F3.nd2,13
15,6935,0,0.0,0.0,36.100215911865234,250355.0,,0.0,0.05252089692310452,True,,KO,E8,3,d7,Plate1,/Users/pmihack/claire/tmem_2026/data/cleaved_tmem_pld3_260821/d7/TMEM_KO/TMEMKO_Plate1_d7_TMEM561LAMP1640MAP2488DAPI405_E8_F3.nd2,13
16,10051,5,0.11590886478957317,2.7177119999999997,1565.21923828125,15732018.0,8.60796230567416,0.0,0.3631578901118308,True,,KO,E8,3,d7,Plate1,/Users/pmihack/claire/tmem_2026/data/cleaved_tmem_pld3_260821/d7/TMEM_KO/TMEMKO_Plate1_d7_TMEM561LAMP1640MAP2488DAPI405_E8_F3.nd2,13
17,16392,0,0.0,0.0,16.933076858520508,277567.0,,0.0,0.17944514803379769,True,,KO,E8,3,d7,Plate1,/Users/pmihack/claire/tmem_2026/data/cleaved_tmem_pld3_260821/d7/TMEM_KO/TMEMKO_Plate1_d7_TMEM561LAMP1640MAP2488DAPI405_E8_F3.nd2,13
18,12676,20,0.0937204165351846,0.6928416,1467.9637451171875,18607908.0,9.642879285491686,0.0,0.2577945305852564,True,,KO,E8,3,d7,Plate1,/Users/pmihack/claire/tmem_2026/data/cleaved_tmem_pld3_260821/d7/TMEM_KO/TMEMKO_Plate1_d7_TMEM561LAMP1640MAP2488DAPI405_E8_F3.nd2,13
19,19908,6,0.005726341169379144,0.22161599999999998,238.60598754882812,4750168.0,8.307772962843758,0.0,0.4090694095334345,True,,KO,E8,3,d7,Plate1,/Users/pmihack/claire/tmem_2026/data/cleaved_tmem_pld3_260821/d7/TMEM_KO/TMEMKO_Plate1_d7_TMEM561LAMP1640MAP2488DAPI405_E8_F3.nd2,13
20,19108,20,0.02538203893657107,0.282852,713.7869873046875,13639042.0,9.795428036145175,0.0,0.2527428393925908,True,,KO,E8,3,d7,Plate1,/Users/pmihack/claire/tmem_2026/data/cleaved_tmem_pld3_260821/d7/TMEM_KO/TMEMKO_Plate1_d7_TMEM561LAMP1640MAP2488DAPI405_E8_F3.nd2,13
21,28151,7,0.005221839366274733,0.24494399999999997,234.2078094482422,6593184.0,5.325061469520091,0.0,0.34095817663361505,True,,KO,E8,3,d7,Plate1,/Users/pmihack/claire/tmem_2026/data/cleaved_tmem_pld3_260821/d7/TMEM_KO/TMEMKO_Plate1_d7_TMEM561LAMP1640MAP2488DAPI405_E8_F3.nd2,13
1,11957,13,0.15271389144434222,1.6383433846153843,1458.900390625,17444072.0,17.278963123665307,0.0,0.47817513625922536,True,,KO,E8,4,d7,Plate1,/Users/pmihack/claire/tmem_2026/data/cleaved_tmem_pld3_260821/d7/TMEM_KO/TMEMKO_Plate1_d7_TMEM561LAMP1640MAP2488DAPI405_E8_F4.nd2,14
2,32539,10,0.028765481422293248,1.0917503999999998,307.3616943359375,10001242.0,11.249265201214403,0.0,0.372842749166554,True,,KO,E8,4,d7,Plate1,/Users/pmihack/claire/tmem_2026/data/cleaved_tmem_pld3_260821/d7/TMEM_KO/TMEMKO_Plate1_d7_TMEM561LAMP1640MAP2488DAPI405_E8_F4.nd2,14
3,12957,5,0.043065524426950684,1.3017024,458.5901184082031,5941952.0,3.0566385607799034,0.0,0.22213363576220135,True,,KO,E8,4,d7,Plate1,/Users/pmihack/claire/tmem_2026/data/cleaved_tmem_pld3_260821/d7/TMEM_KO/TMEMKO_Plate1_d7_TMEM561LAMP1640MAP2488DAPI405_E8_F4.nd2,14
4,10341,3,0.08964316797214969,3.604176,849.173583984375,8781304.0,5.327725276346092,0.0,0.4638684980969091,True,,KO,E8,4,d7,Plate1,/Users/pmihack/claire/tmem_2026/data/cleaved_tmem_pld3_260821/d7/TMEM_KO/TMEMKO_Plate1_d7_TMEM561LAMP1640MAP2488DAPI405_E8_F4.nd2,14
5,28047,16,0.08257567654294577,1.6883639999999998,840.0850219726562,23561864.0,5.892010206626044,0.0,0.285151063881356,True,,KO,E8,4,d7,Plate1,/Users/pmihack/claire/tmem_2026/data/cleaved_tmem_pld3_260821/d7/TMEM_KO/TMEMKO_Plate1_d7_TMEM561LAMP1640MAP2488DAPI405_E8_F4.nd2,14
6,22448,16,0.11150213827512473,1.824687,1041.2952880859375,23374996.0,5.960312119251685,0.0,0.34228091219894513,True,,KO,E8,4,d7,Plate1,/Users/pmihack/claire/tmem_2026/data/cleaved_tmem_pld3_260821/d7/TMEM_KO/TMEMKO_Plate1_d7_TMEM561LAMP1640MAP2488DAPI405_E8_F4.nd2,14
7,11622,5,0.023575976596110826,0.6391872,295.7997741699219,3437785.0,18.737498580055806,0.0,0.1978075693789358,True,,KO,E8,4,d7,Plate1,/Users/pmihack/claire/tmem_2026/data/cleaved_tmem_pld3_260821/d7/TMEM_KO/TMEMKO_Plate1_d7_TMEM561LAMP1640MAP2488DAPI405_E8_F4.nd2,14
8,5524,13,0.12617668356263578,0.625369846153846,1449.1038818359375,8004850.0,12.32933143691666,0.0,0.13119299122808328,True,,KO,E8,4,d7,Plate1,/Users/pmihack/claire/tmem_2026/data/cleaved_tmem_pld3_260821/d7/TMEM_KO/TMEMKO_Plate1_d7_TMEM561LAMP1640MAP2488DAPI405_E8_F4.nd2,14
9,17121,8,0.09193388236668419,2.294892,827.0223999023438,14159450.0,20.003432537426864,0.0,0.39981274645364695,True,,KO,E8,4,d7,Plate1,/Users/pmihack/claire/tmem_2026/data/cleaved_tmem_pld3_260821/d7/TMEM_KO/TMEMKO_Plate1_d7_TMEM561LAMP1640MAP2488DAPI405_E8_F4.nd2,14
10,14604,8,0.04560394412489729,0.9710279999999999,559.0712280273438,8164676.0,13.117457129045523,0.0005935324588790536,0.03492423174395252,True,,KO,E8,4,d7,Plate1,/Users/pmihack/claire/tmem_2026/data/cleaved_tmem_pld3_260821/d7/TMEM_KO/TMEMKO_Plate1_d7_TMEM561LAMP1640MAP2488DAPI405_E8_F4.nd2,14
11,18029,9,0.050751566919962285,1.18584,529.0548095703125,9538329.0,9.38915568281069,0.0,0.4755873349779518,True,,KO,E8,4,d7,Plate1,/Users/pmihack/claire/tmem_2026/data/cleaved_tmem_pld3_260821/d7/TMEM_KO/TMEMKO_Plate1_d7_TMEM561LAMP1640MAP2488DAPI405_E8_F4.nd2,14
12,8701,6,0.029077117572692796,0.49183199999999994,470.46478271484375,4093514.0,15.940230728665092,0.0,0.13032677977091064,True,,KO,E8,4,d7,Plate1,/Users/pmihack/claire/tmem_2026/data/cleaved_tmem_pld3_260821/d7/TMEM_KO/TMEMKO_Plate1_d7_TMEM561LAMP1640MAP2488DAPI405_E8_F4.nd2,14
13,7695,6,0.06484730344379468,0.970056,641.143310546875,4933598.0,43.6623138611934,0.0,0.45064805586873335,True,,KO,E8,4,d7,Plate1,/Users/pmihack/claire/tmem_2026/data/cleaved_tmem_pld3_260821/d7/TMEM_KO/TMEMKO_Plate1_d7_TMEM561LAMP1640MAP2488DAPI405_E8_F4.nd2,14
14,12426,7,0.04160630935136005,0.8614697142857143,463.6360778808594,5761142.0,14.474891616622818,0.0,0.32817994569470954,True,,KO,E8,4,d7,Plate1,/Users/pmihack/claire/tmem_2026/data/cleaved_tmem_pld3_260821/d7/TMEM_KO/TMEMKO_Plate1_d7_TMEM561LAMP1640MAP2488DAPI405_E8_F4.nd2,14
15,16223,11,0.00856808235221599,0.14739054545454544,187.64230346679688,3044121.0,12.1153583156229,0.0,0.34324480405698365,True,,KO,E8,4,d7,Plate1,/Users/pmihack/claire/tmem_2026/data/cleaved_tmem_pld3_260821/d7/TMEM_KO/TMEMKO_Plate1_d7_TMEM561LAMP1640MAP2488DAPI405_E8_F4.nd2,14
16,13892,6,0.028217679239850274,0.7620479999999998,347.74713134765625,4830903.0,29.473678210844714,0.0,0.23167066247860238,True,,KO,E8,4,d7,Plate1,/Users/pmihack/claire/tmem_2026/data/cleaved_tmem_pld3_260821/d7/TMEM_KO/TMEMKO_Plate1_d7_TMEM561LAMP1640MAP2488DAPI405_E8_F4.nd2,14
17,29199,9,0.0258912976471797,0.9797759999999999,256.14202880859375,7479091.0,8.90038187697876,0.0,0.26579702081181694,True,,KO,E8,4,d7,Plate1,/Users/pmihack/claire/tmem_2026/data/cleaved_tmem_pld3_260821/d7/TMEM_KO/TMEMKO_Plate1_d7_TMEM561LAMP1640MAP2488DAPI405_E8_F4.nd2,14
18,10842,2,0.0012912746725696365,0.081648,222.94290161132812,2417147.0,15.150292631783616,0.0,0.07225674210280301,True,,KO,E8,4,d7,Plate1,/Users/pmihack/claire/tmem_2026/data/cleaved_tmem_pld3_260821/d7/TMEM_KO/TMEMKO_Plate1_d7_TMEM561LAMP1640MAP2488DAPI405_E8_F4.nd2,14
19,9277,6,0.10617656570011857,1.9148399999999997,1003.669921875,9311046.0,16.29524720277127,0.0,0.532613154374864,True,,KO,E8,4,d7,Plate1,/Users/pmihack/claire/tmem_2026/data/cleaved_tmem_pld3_260821/d7/TMEM_KO/TMEMKO_Plate1_d7_TMEM561LAMP1640MAP2488DAPI405_E8_F4.nd2,14
20,11043,9,0.09743729059132482,1.394496,876.494140625,9679125.0,17.598252908823838,0.0,0.492451941837504,True,,KO,E8,4,d7,Plate1,/Users/pmihack/claire/tmem_2026/data/cleaved_tmem_pld3_260821/d7/TMEM_KO/TMEMKO_Plate1_d7_TMEM561LAMP1640MAP2488DAPI405_E8_F4.nd2,14
21,12485,3,0.0014417300760913095,0.06998399999999999,252.38214111328125,3150991.0,14.872172378581892,0.0,0.2654765460157595,True,,KO,E8,4,d7,Plate1,/Users/pmihack/claire/tmem_2026/data/cleaved_tmem_pld3_260821/d7/TMEM_KO/TMEMKO_Plate1_d7_TMEM561LAMP1640MAP2488DAPI405_E8_F4.nd2,14
22,19349,6,0.05519665098971523,2.076192,611.0648803710938,11823494.0,13.882198634737897,0.0,0.18236007527834677,True,,KO,E8,4,d7,Plate1,/Users/pmihack/claire/tmem_2026/data/cleaved_tmem_pld3_260821/d7/TMEM_KO/TMEMKO_Plate1_d7_TMEM561LAMP1640MAP2488DAPI405_E8_F4.nd2,14
1,14703,0,0.0,0.0,168.48915100097656,2477296.0,,0.0,0.266998357081211,True,,KO,F8,1,d7,Plate1,/Users/pmihack/claire/tmem_2026/data/cleaved_tmem_pld3_260821/d7/TMEM_KO/TMEMKO_Plate1_d7_TMEM561LAMP1640MAP2488DAPI405_F8_F1.nd2,13
2,10786,0,0.0,0.0,383.5544128417969,4137018.0,,3.9642080082558095e-05,0.0045242565955766825,True,,KO,F8,1,d7,Plate1,/Users/pmihack/claire/tmem_2026/data/cleaved_tmem_pld3_260821/d7/TMEM_KO/TMEMKO_Plate1_d7_TMEM561LAMP1640MAP2488DAPI405_F8_F1.nd2,13
3,538,0,0.0,0.0,3.9702601432800293,2136.0,,0.0,0.12738254704020316,False,size_outlier,KO,F8,1,d7,Plate1,/Users/pmihack/claire/tmem_2026/data/cleaved_tmem_pld3_260821/d7/TMEM_KO/TMEMKO_Plate1_d7_TMEM561LAMP1640MAP2488DAPI405_F8_F1.nd2,13
4,23190,0,0.0,0.0,136.36761474609375,3162365.0,,0.0,0.4414317021870142,True,,KO,F8,1,d7,Plate1,/Users/pmihack/claire/tmem_2026/data/cleaved_tmem_pld3_260821/d7/TMEM_KO/TMEMKO_Plate1_d7_TMEM561LAMP1640MAP2488DAPI405_F8_F1.nd2,13
5,10702,0,0.0,0.0,496.3524475097656,5311964.0,,0.0,0.475420130838798,True,,KO,F8,1,d7,Plate1,/Users/pmihack/claire/tmem_2026/data/cleaved_tmem_pld3_260821/d7/TMEM_KO/TMEMKO_Plate1_d7_TMEM561LAMP1640MAP2488DAPI405_F8_F1.nd2,13
6,479,0,0.0,0.0,0.42588725686073303,204.0,,0.0,0.0011276561317417303,False,size_outlier,KO,F8,1,d7,Plate1,/Users/pmihack/claire/tmem_2026/data/cleaved_tmem_pld3_260821/d7/TMEM_KO/TMEMKO_Plate1_d7_TMEM561LAMP1640MAP2488DAPI405_F8_F1.nd2,13
7,26313,0,0.0,0.0,117.89127349853516,3102073.0,,0.00031430594390258193,0.009430184907847933,True,,KO,F8,1,d7,Plate1,/Users/pmihack/claire/tmem_2026/data/cleaved_tmem_pld3_260821/d7/TMEM_KO/TMEMKO_Plate1_d7_TMEM561LAMP1640MAP2488DAPI405_F8_F1.nd2,13
8,557,0,0.0,0.0,14.387791633605957,8014.0,,0.0,-0.005481207256309705,False,size_outlier,KO,F8,1,d7,Plate1,/Users/pmihack/claire/tmem_2026/data/cleaved_tmem_pld3_260821/d7/TMEM_KO/TMEMKO_Plate1_d7_TMEM561LAMP1640MAP2488DAPI405_F8_F1.nd2,13
9,543,0,0.0,0.0,2.7808470726013184,1510.0,,0.0,0.609078785955574,False,size_outlier,KO,F8,1,d7,Plate1,/Users/pmihack/claire/tmem_2026/data/cleaved_tmem_pld3_260821/d7/TMEM_KO/TMEMKO_Plate1_d7_TMEM561LAMP1640MAP2488DAPI405_F8_F1.nd2,13
10,6636,0,0.0,0.0,253.09779357910156,1679557.0,,0.0,0.33431035282000976,True,,KO,F8,1,d7,Plate1,/Users/pmihack/claire/tmem_2026/data/cleaved_tmem_pld3_260821/d7/TMEM_KO/TMEMKO_Plate1_d7_TMEM561LAMP1640MAP2488DAPI405_F8_F1.nd2,13
11,14520,0,0.0,0.0,78.9307861328125,1146075.0,,0.0,0.2724417154478524,True,,KO,F8,1,d7,Plate1,/Users/pmihack/claire/tmem_2026/data/cleaved_tmem_pld3_260821/d7/TMEM_KO/TMEMKO_Plate1_d7_TMEM561LAMP1640MAP2488DAPI405_F8_F1.nd2,13
12,14632,0,0.0,0.0,132.0837860107422,1932650.0,,0.0,0.3704023200886783,True,,KO,F8,1,d7,Plate1,/Users/pmihack/claire/tmem_2026/data/cleaved_tmem_pld3_260821/d7/TMEM_KO/TMEMKO_Plate1_d7_TMEM561LAMP1640MAP2488DAPI405_F8_F1.nd2,13
13,328,0,0.0,0.0,5.064024448394775,1661.0,,0.0,0.2563145252390057,False,size_outlier,KO,F8,1,d7,Plate1,/Users/pmihack/claire/tmem_2026/data/cleaved_tmem_pld3_260821/d7/TMEM_KO/TMEMKO_Plate1_d7_TMEM561LAMP1640MAP2488DAPI405_F8_F1.nd2,13
14,279,0,0.0,0.0,1.2688171863555908,354.0,,0.0,0.08358877099565513,False,size_outlier,KO,F8,1,d7,Plate1,/Users/pmihack/claire/tmem_2026/data/cleaved_tmem_pld3_260821/d7/TMEM_KO/TMEMKO_Plate1_d7_TMEM561LAMP1640MAP2488DAPI405_F8_F1.nd2,13
15,13075,0,0.0,0.0,181.63609313964844,2374892.0,,0.0,0.24373882430532764,True,,KO,F8,1,d7,Plate1,/Users/pmihack/claire/tmem_2026/data/cleaved_tmem_pld3_260821/d7/TMEM_KO/TMEMKO_Plate1_d7_TMEM561LAMP1640MAP2488DAPI405_F8_F1.nd2,13
16,286,0,0.0,0.0,1.7727272510528564,507.0,,0.0,0.16889403566505382,False,size_outlier,KO,F8,1,d7,Plate1,/Users/pmihack/claire/tmem_2026/data/cleaved_tmem_pld3_260821/d7/TMEM_KO/TMEMKO_Plate1_d7_TMEM561LAMP1640MAP2488DAPI405_F8_F1.nd2,13
17,548,0,0.0,0.0,4.833941459655762,2649.0,,0.0,0.15148819568174282,False,size_outlier,KO,F8,1,d7,Plate1,/Users/pmihack/claire/tmem_2026/data/cleaved_tmem_pld3_260821/d7/TMEM_KO/TMEMKO_Plate1_d7_TMEM561LAMP1640MAP2488DAPI405_F8_F1.nd2,13
18,750,0,0.0,0.0,28.457332611083984,21343.0,,0.0,-0.08959931035554108,False,size_outlier,KO,F8,1,d7,Plate1,/Users/pmihack/claire/tmem_2026/data/cleaved_tmem_pld3_260821/d7/TMEM_KO/TMEMKO_Plate1_d7_TMEM561LAMP1640MAP2488DAPI405_F8_F1.nd2,13
19,4782,0,0.0,0.0,121.26160430908203,579873.0,,0.0,0.033306231941935854,True,,KO,F8,1,d7,Plate1,/Users/pmihack/claire/tmem_2026/data/cleaved_tmem_pld3_260821/d7/TMEM_KO/TMEMKO_Plate1_d7_TMEM561LAMP1640MAP2488DAPI405_F8_F1.nd2,13
20,15886,0,0.0,0.0,145.12684631347656,2305485.0,,0.0,0.3377824767838165,True,,KO,F8,1,d7,Plate1,/Users/pmihack/claire/tmem_2026/data/cleaved_tmem_pld3_260821/d7/TMEM_KO/TMEMKO_Plate1_d7_TMEM561LAMP1640MAP2488DAPI405_F8_F1.nd2,13
21,20575,0,0.0,0.0,97.14420318603516,1998742.0,,0.0,0.048307027823409725,True,,KO,F8,1,d7,Plate1,/Users/pmihack/claire/tmem_2026/data/cleaved_tmem_pld3_260821/d7/TMEM_KO/TMEMKO_Plate1_d7_TMEM561LAMP1640MAP2488DAPI405_F8_F1.nd2,13
1,18186,0,0.0,0.0,161.34107971191406,2934149.0,,0.0,0.07224346799603769,False,border,KO,F8,2,d7,Plate1,/Users/pmihack/claire/tmem_2026/data/cleaved_tmem_pld3_260821/d7/TMEM_KO/TMEMKO_Plate1_d7_TMEM561LAMP1640MAP2488DAPI405_F8_F2.nd2,14
2,4882,4,0.007169192953707497,0.10206,685.6333618164062,3347262.0,19.81457577436669,0.0,0.09841261344555066,True,,KO,F8,2,d7,Plate1,/Users/pmihack/claire/tmem_2026/data/cleaved_tmem_pld3_260821/d7/TMEM_KO/TMEMKO_Plate1_d7_TMEM561LAMP1640MAP2488DAPI405_F8_F2.nd2,14
3,20509,1,0.009312984543371202,2.227824,322.546142578125,6615099.0,7.999440847785882,0.0,0.18427293877672005,True,,KO,F8,2,d7,Plate1,/Users/pmihack/claire/tmem_2026/data/cleaved_tmem_pld3_260821/d7/TMEM_KO/TMEMKO_Plate1_d7_TMEM561LAMP1640MAP2488DAPI405_F8_F2.nd2,14
4,9403,1,0.001701584600659364,0.18662399999999998,349.064453125,3282253.0,12.26778934549292,0.0,0.23522413262889952,True,,KO,F8,2,d7,Plate1,/Users/pmihack/claire/tmem_2026/data/cleaved_tmem_pld3_260821/d7/TMEM_KO/TMEMKO_Plate1_d7_TMEM561LAMP1640MAP2488DAPI405_F8_F2.nd2,14
5,22667,0,0.0,0.0,57.41302490234375,1301381.0,,0.0,0.019641222603338546,True,,KO,F8,2,d7,Plate1,/Users/pmihack/claire/tmem_2026/data/cleaved_tmem_pld3_260821/d7/TMEM_KO/TMEMKO_Plate1_d7_TMEM561LAMP1640MAP2488DAPI405_F8_F2.nd2,14
6,10539,0,0.0,0.0,31.993452072143555,337179.0,,0.0,0.26343470613116354,True,,KO,F8,2,d7,Plate1,/Users/pmihack/claire/tmem_2026/data/cleaved_tmem_pld3_260821/d7/TMEM_KO/TMEMKO_Plate1_d7_TMEM561LAMP1640MAP2488DAPI405_F8_F2.nd2,14
7,25469,0,0.0,0.0,61.38839340209961,1563501.0,,0.0,0.07685681994274977,True,,KO,F8,2,d7,Plate1,/Users/pmihack/claire/tmem_2026/data/cleaved_tmem_pld3_260821/d7/TMEM_KO/TMEMKO_Plate1_d7_TMEM561LAMP1640MAP2488DAPI405_F8_F2.nd2,14
8,9089,0,0.0,0.0,239.726806640625,2178877.0,,0.0,0.5151663054701635,True,,KO,F8,2,d7,Plate1,/Users/pmihack/claire/tmem_2026/data/cleaved_tmem_pld3_260821/d7/TMEM_KO/TMEMKO_Plate1_d7_TMEM561LAMP1640MAP2488DAPI405_F8_F2.nd2,14
9,8303,0,0.0,0.0,1.7435866594314575,14477.0,,0.0,0.027225717356252684,True,,KO,F8,2,d7,Plate1,/Users/pmihack/claire/tmem_2026/data/cleaved_tmem_pld3_260821/d7/TMEM_KO/TMEMKO_Plate1_d7_TMEM561LAMP1640MAP2488DAPI405_F8_F2.nd2,14
10,9317,1,0.002790597831920146,0.303264,375.53643798828125,3498873.0,7.792703360542779,0.0,0.09943852645056189,True,,KO,F8,2,d7,Plate1,/Users/pmihack/claire/tmem_2026/data/cleaved_tmem_pld3_260821/d7/TMEM_KO/TMEMKO_Plate1_d7_TMEM561LAMP1640MAP2488DAPI405_F8_F2.nd2,14
11,8429,0,0.0,0.0,127.48001098632812,1074529.0,,0.0,0.39225370573807494,True,,KO,F8,2,d7,Plate1,/Users/pmihack/claire/tmem_2026/data/cleaved_tmem_pld3_260821/d7/TMEM_KO/TMEMKO_Plate1_d7_TMEM561LAMP1640MAP2488DAPI405_F8_F2.nd2,14
12,4948,0,0.0,0.0,228.22817993164062,1129273.0,,0.0,0.705761963550295,True,,KO,F8,2,d7,Plate1,/Users/pmihack/claire/tmem_2026/data/cleaved_tmem_pld3_260821/d7/TMEM_KO/TMEMKO_Plate1_d7_TMEM561LAMP1640MAP2488DAPI405_F8_F2.nd2,14
13,8188,0,0.0,0.0,207.79861450195312,1701455.0,,0.0,0.3953724003917158,True,,KO,F8,2,d7,Plate1,/Users/pmihack/claire/tmem_2026/data/cleaved_tmem_pld3_260821/d7/TMEM_KO/TMEMKO_Plate1_d7_TMEM561LAMP1640MAP2488DAPI405_F8_F2.nd2,14
14,5229,0,0.0,0.0,546.7879028320312,2859154.0,,0.0,0.30571222901160705,True,,KO,F8,2,d7,Plate1,/Users/pmihack/claire/tmem_2026/data/cleaved_tmem_pld3_260821/d7/TMEM_KO/TMEMKO_Plate1_d7_TMEM561LAMP1640MAP2488DAPI405_F8_F2.nd2,14
15,16836,2,0.0004751722499406035,0.046655999999999996,250.6024627685547,4219143.0,4.6345211650395255,0.0,0.20261159718331181,True,,KO,F8,2,d7,Plate1,/Users/pmihack/claire/tmem_2026/data/cleaved_tmem_pld3_260821/d7/TMEM_KO/TMEMKO_Plate1_d7_TMEM561LAMP1640MAP2488DAPI405_F8_F2.nd2,14
16,128,0,0.0,0.0,7.890625,1010.0,,0.0,-0.025740820498637244,False,size_outlier,KO,F8,2,d7,Plate1,/Users/pmihack/claire/tmem_2026/data/cleaved_tmem_pld3_260821/d7/TMEM_KO/TMEMKO_Plate1_d7_TMEM561LAMP1640MAP2488DAPI405_F8_F2.nd2,14
17,20056,2,0.0013960909453530116,0.163296,234.8949432373047,4711053.0,13.431149061633047,0.0,0.4062871479959005,True,,KO,F8,2,d7,Plate1,/Users/pmihack/claire/tmem_2026/data/cleaved_tmem_pld3_260821/d7/TMEM_KO/TMEMKO_Plate1_d7_TMEM561LAMP1640MAP2488DAPI405_F8_F2.nd2,14
18,15155,3,0.003233256351039261,0.19051199999999996,390.4770812988281,5917680.0,9.959313399793793,0.0,0.17012667865608594,True,,KO,F8,2,d7,Plate1,/Users/pmihack/claire/tmem_2026/data/cleaved_tmem_pld3_260821/d7/TMEM_KO/TMEMKO_Plate1_d7_TMEM561LAMP1640MAP2488DAPI405_F8_F2.nd2,14
19,10751,0,0.0,0.0,42.118499755859375,452816.0,,0.0,0.027819335071835764,True,,KO,F8,2,d7,Plate1,/Users/pmihack/claire/tmem_2026/data/cleaved_tmem_pld3_260821/d7/TMEM_KO/TMEMKO_Plate1_d7_TMEM561LAMP1640MAP2488DAPI405_F8_F2.nd2,14
20,19773,4,0.004045921205684519,0.23328,263.8805847167969,5217711.0,10.164425008428355,0.0,0.4040373530541441,True,,KO,F8,2,d7,Plate1,/Users/pmihack/claire/tmem_2026/data/cleaved_tmem_pld3_260821/d7/TMEM_KO/TMEMKO_Plate1_d7_TMEM561LAMP1640MAP2488DAPI405_F8_F2.nd2,14
21,6303,0,0.0,0.0,247.28541564941406,1558640.0,,0.0,0.4451411263651221,True,,KO,F8,2,d7,Plate1,/Users/pmihack/claire/tmem_2026/data/cleaved_tmem_pld3_260821/d7/TMEM_KO/TMEMKO_Plate1_d7_TMEM561LAMP1640MAP2488DAPI405_F8_F2.nd2,14
1,5308,3,0.021477015825169556,0.44323199999999996,200.25433349609375,1062950.0,2.209513856939298,0.0,0.5461465814246397,True,,KO,F8,3,d7,Plate1,/Users/pmihack/claire/tmem_2026/data/cleaved_tmem_pld3_260821/d7/TMEM_KO/TMEMKO_Plate1_d7_TMEM561LAMP1640MAP2488DAPI405_F8_F3.nd2,12
2,17587,0,0.0,0.0,67.4618148803711,1186451.0,,0.0,0.28203270501696137,True,,KO,F8,3,d7,Plate1,/Users/pmihack/claire/tmem_2026/data/cleaved_tmem_pld3_260821/d7/TMEM_KO/TMEMKO_Plate1_d7_TMEM561LAMP1640MAP2488DAPI405_F8_F3.nd2,12
3,13521,7,0.010724058871385252,0.24161142857142856,268.33184814453125,3628115.0,5.719940612375158,0.0,0.1851727670166447,True,,KO,F8,3,d7,Plate1,/Users/pmihack/claire/tmem_2026/data/cleaved_tmem_pld3_260821/d7/TMEM_KO/TMEMKO_Plate1_d7_TMEM561LAMP1640MAP2488DAPI405_F8_F3.nd2,12
4,12623,1,0.0003961023528479759,0.05832,119.5299072265625,1508826.0,7.932124679106064,0.0,0.1859769977765754,True,,KO,F8,3,d7,Plate1,/Users/pmihack/claire/tmem_2026/data/cleaved_tmem_pld3_260821/d7/TMEM_KO/TMEMKO_Plate1_d7_TMEM561LAMP1640MAP2488DAPI405_F8_F3.nd2,12
5,12876,0,0.0,0.0,61.840946197509766,796264.0,,2.5117296900134534e-05,0.023627331636451677,True,,KO,F8,3,d7,Plate1,/Users/pmihack/claire/tmem_2026/data/cleaved_tmem_pld3_260821/d7/TMEM_KO/TMEMKO_Plate1_d7_TMEM561LAMP1640MAP2488DAPI405_F8_F3.nd2,12
6,4093,2,0.01759100903982409,0.41990399999999994,358.3019714355469,1466530.0,16.578242626931107,0.0,0.04281001393093175,True,,KO,F8,3,d7,Plate1,/Users/pmihack/claire/tmem_2026/data/cleaved_tmem_pld3_260821/d7/TMEM_KO/TMEMKO_Plate1_d7_TMEM561LAMP1640MAP2488DAPI405_F8_F3.nd2,12
7,14273,6,0.03573180130315981,0.9914399999999999,320.8634338378906,4579684.0,3.17092354141087,0.0,0.3610207363787046,True,,KO,F8,3,d7,Plate1,/Users/pmihack/claire/tmem_2026/data/cleaved_tmem_pld3_260821/d7/TMEM_KO/TMEMKO_Plate1_d7_TMEM561LAMP1640MAP2488DAPI405_F8_F3.nd2,12
8,10025,3,0.002693266832917706,0.10497599999999999,161.57505798339844,1619790.0,25.197753114938305,0.0,-0.012502915352083055,True,,KO,F8,3,d7,Plate1,/Users/pmihack/claire/tmem_2026/data/cleaved_tmem_pld3_260821/d7/TMEM_KO/TMEMKO_Plate1_d7_TMEM561LAMP1640MAP2488DAPI405_F8_F3.nd2,12
9,16551,3,0.005014802730952813,0.322704,85.57971954345703,1416430.0,7.285491995991444,0.0,0.16879551754679764,True,,KO,F8,3,d7,Plate1,/Users/pmihack/claire/tmem_2026/data/cleaved_tmem_pld3_260821/d7/TMEM_KO/TMEMKO_Plate1_d7_TMEM561LAMP1640MAP2488DAPI405_F8_F3.nd2,12
10,17782,2,0.004667641435159149,0.484056,159.8326416015625,2842144.0,6.857545334273498,0.0,0.4269433687929004,True,,KO,F8,3,d7,Plate1,/Users/pmihack/claire/tmem_2026/data/cleaved_tmem_pld3_260821/d7/TMEM_KO/TMEMKO_Plate1_d7_TMEM561LAMP1640MAP2488DAPI405_F8_F3.nd2,12
11,22163,5,0.02919279880882552,1.5093216,241.39222717285156,5349976.0,18.257406566799226,0.0,0.31520566356342966,True,,KO,F8,3,d7,Plate1,/Users/pmihack/claire/tmem_2026/data/cleaved_tmem_pld3_260821/d7/TMEM_KO/TMEMKO_Plate1_d7_TMEM561LAMP1640MAP2488DAPI405_F8_F3.nd2,12
12,9598,4,0.007709939570743905,0.21578399999999998,136.4613494873047,1309756.0,21.621382416386194,0.0,0.5198683140401793,True,,KO,F8,3,d7,Plate1,/Users/pmihack/claire/tmem_2026/data/cleaved_tmem_pld3_260821/d7/TMEM_KO/TMEMKO_Plate1_d7_TMEM561LAMP1640MAP2488DAPI405_F8_F3.nd2,12
13,11597,0,0.0,0.0,8.362421035766602,96979.0,,0.0,0.14965946069496905,True,,KO,F8,3,d7,Plate1,/Users/pmihack/claire/tmem_2026/data/cleaved_tmem_pld3_260821/d7/TMEM_KO/TMEMKO_Plate1_d7_TMEM561LAMP1640MAP2488DAPI405_F8_F3.nd2,12
14,16163,5,0.007795582503248159,0.2939328,179.50912475585938,2901406.0,19.871999612876657,0.0,0.21858556938407436,True,,KO,F8,3,d7,Plate1,/Users/pmihack/claire/tmem_2026/data/cleaved_tmem_pld3_260821/d7/TMEM_KO/TMEMKO_Plate1_d7_TMEM561LAMP1640MAP2488DAPI405_F8_F3.nd2,12
15,13654,4,0.004028123626776036,0.16038,108.87673950195312,1486603.0,10.839103296351189,0.0,-0.04347648650965795,True,,KO,F8,3,d7,Plate1,/Users/pmihack/claire/tmem_2026/data/cleaved_tmem_pld3_260821/d7/TMEM_KO/TMEMKO_Plate1_d7_TMEM561LAMP1640MAP2488DAPI405_F8_F3.nd2,12
16,6090,4,0.010180623973727421,0.18079199999999998,266.6454772949219,1623871.0,20.306189993650325,0.0,0.4441858879418108,True,,KO,F8,3,d7,Plate1,/Users/pmihack/claire/tmem_2026/data/cleaved_tmem_pld3_260821/d7/TMEM_KO/TMEMKO_Plate1_d7_TMEM561LAMP1640MAP2488DAPI405_F8_F3.nd2,12
17,8881,2,0.0014637991217205269,0.075816,121.99335479736328,1083423.0,24.270571121560877,0.0,0.08726983706037471,True,,KO,F8,3,d7,Plate1,/Users/pmihack/claire/tmem_2026/data/cleaved_tmem_pld3_260821/d7/TMEM_KO/TMEMKO_Plate1_d7_TMEM561LAMP1640MAP2488DAPI405_F8_F3.nd2,12
18,8236,9,0.04055366682855755,0.432864,483.1985168457031,3979623.0,18.700011491700838,0.0,0.1663412276821016,True,,KO,F8,3,d7,Plate1,/Users/pmihack/claire/tmem_2026/data/cleaved_tmem_pld3_260821/d7/TMEM_KO/TMEMKO_Plate1_d7_TMEM561LAMP1640MAP2488DAPI405_F8_F3.nd2,12
19,6893,0,0.0,0.0,16.284637451171875,112250.0,,0.0,0.08754181053579799,True,,KO,F8,3,d7,Plate1,/Users/pmihack/claire/tmem_2026/data/cleaved_tmem_pld3_260821/d7/TMEM_KO/TMEMKO_Plate1_d7_TMEM561LAMP1640MAP2488DAPI405_F8_F3.nd2,12
20,13276,0,0.0,0.0,101.3577880859375,1345626.0,,0.0,0.3884426823967893,True,,KO,F8,3,d7,Plate1,/Users/pmihack/claire/tmem_2026/data/cleaved_tmem_pld3_260821/d7/TMEM_KO/TMEMKO_Plate1_d7_TMEM561LAMP1640MAP2488DAPI405_F8_F3.nd2,12
21,23352,2,0.0005566974991435423,0.075816,73.1768569946289,1708826.0,14.631454710860748,0.0,0.34325851219753284,True,,KO,F8,3,d7,Plate1,/Users/pmihack/claire/tmem_2026/data/cleaved_tmem_pld3_260821/d7/TMEM_KO/TMEMKO_Plate1_d7_TMEM561LAMP1640MAP2488DAPI405_F8_F3.nd2,12
22,12884,14,0.05960881713753493,0.6398537142857142,594.4585571289062,7659004.0,14.305269133935528,0.0,0.04687623773756584,True,,KO,F8,3,d7,Plate1,/Users/pmihack/claire/tmem_2026/data/cleaved_tmem_pld3_260821/d7/TMEM_KO/TMEMKO_Plate1_d7_TMEM561LAMP1640MAP2488DAPI405_F8_F3.nd2,12
23,11976,5,0.03715764863059452,1.038096,313.2356262207031,3751310.0,16.587966490419795,0.0,0.13833755743776416,True,,KO,F8,3,d7,Plate1,/Users/pmihack/claire/tmem_2026/data/cleaved_tmem_pld3_260821/d7/TMEM_KO/TMEMKO_Plate1_d7_TMEM561LAMP1640MAP2488DAPI405_F8_F3.nd2,12
24,20949,26,0.0653969163205881,0.6146030769230769,659.3065795898438,13811814.0,13.069590609893671,0.0,0.24805977864486264,True,,KO,F8,3,d7,Plate1,/Users/pmihack/claire/tmem_2026/data/cleaved_tmem_pld3_260821/d7/TMEM_KO/TMEMKO_Plate1_d7_TMEM561LAMP1640MAP2488DAPI405_F8_F3.nd2,12
25,9843,7,0.0643096616885096,1.054758857142857,504.9635314941406,4970356.0,17.312568228258765,0.0,0.1943483632529563,True,,KO,F8,3,d7,Plate1,/Users/pmihack/claire/tmem_2026/data/cleaved_tmem_pld3_260821/d7/TMEM_KO/TMEMKO_Plate1_d7_TMEM561LAMP1640MAP2488DAPI405_F8_F3.nd2,12
26,22056,0,0.0,0.0,98.53921508789062,2173381.0,,0.0,0.3805163057695757,True,,KO,F8,3,d7,Plate1,/Users/pmihack/claire/tmem_2026/data/cleaved_tmem_pld3_260821/d7/TMEM_KO/TMEMKO_Plate1_d7_TMEM561LAMP1640MAP2488DAPI405_F8_F3.nd2,12
27,4677,2,0.010049176822749625,0.27410399999999996,171.55206298828125,802349.0,50.67347084886529,0.0,0.6025573903611616,True,,KO,F8,3,d7,Plate1,/Users/pmihack/claire/tmem_2026/data/cleaved_tmem_pld3_260821/d7/TMEM_KO/TMEMKO_Plate1_d7_TMEM561LAMP1640MAP2488DAPI405_F8_F3.nd2,12
28,13628,10,0.06897563839154681,1.0964159999999998,593.6593627929688,8090390.0,19.734922812690527,0.0,0.1173493005764719,True,,KO,F8,3,d7,Plate1,/Users/pmihack/claire/tmem_2026/data/cleaved_tmem_pld3_260821/d7/TMEM_KO/TMEMKO_Plate1_d7_TMEM561LAMP1640MAP2488DAPI405_F8_F3.nd2,12
29,14943,7,0.007762832095295456,0.19328914285714285,184.55938720703125,2757871.0,15.020122844734354,0.0,0.15388336396030444,True,,KO,F8,3,d7,Plate1,/Users/pmihack/claire/tmem_2026/data/cleaved_tmem_pld3_260821/d7/TMEM_KO/TMEMKO_Plate1_d7_TMEM561LAMP1640MAP2488DAPI405_F8_F3.nd2,12
30,14656,0,0.0,0.0,112.12554931640625,1643312.0,,0.0,0.3582899203543568,True,,KO,F8,3,d7,Plate1,/Users/pmihack/claire/tmem_2026/data/cleaved_tmem_pld3_260821/d7/TMEM_KO/TMEMKO_Plate1_d7_TMEM561LAMP1640MAP2488DAPI405_F8_F3.nd2,12
1,16938,0,0.0,0.0,38.42277908325195,650805.0,,0.0010402501793578267,-0.010486642769177988,True,,KO,F8,4,d7,Plate1,/Users/pmihack/claire/tmem_2026/data/cleaved_tmem_pld3_260821/d7/TMEM_KO/TMEMKO_Plate1_d7_TMEM561LAMP1640MAP2488DAPI405_F8_F4.nd2,8
2,16292,0,0.0,0.0,67.49214172363281,1099582.0,,0.0,-0.0288933616973856,True,,KO,F8,4,d7,Plate1,/Users/pmihack/claire/tmem_2026/data/cleaved_tmem_pld3_260821/d7/TMEM_KO/TMEMKO_Plate1_d7_TMEM561LAMP1640MAP2488DAPI405_F8_F4.nd2,8
3,12822,0,0.0,0.0,151.9784698486328,1948668.0,,0.0,0.06845141060666705,True,,KO,F8,4,d7,Plate1,/Users/pmihack/claire/tmem_2026/data/cleaved_tmem_pld3_260821/d7/TMEM_KO/TMEMKO_Plate1_d7_TMEM561LAMP1640MAP2488DAPI405_F8_F4.nd2,8
4,7823,0,0.0,0.0,82.208740234375,643119.0,,0.0,-0.09394616168099149,True,,KO,F8,4,d7,Plate1,/Users/pmihack/claire/tmem_2026/data/cleaved_tmem_pld3_260821/d7/TMEM_KO/TMEMKO_Plate1_d7_TMEM561LAMP1640MAP2488DAPI405_F8_F4.nd2,8
5,17263,0,0.0,0.0,45.104618072509766,778641.0,,0.0,0.06878286295923987,True,,KO,F8,4,d7,Plate1,/Users/pmihack/claire/tmem_2026/data/cleaved_tmem_pld3_260821/d7/TMEM_KO/TMEMKO_Plate1_d7_TMEM561LAMP1640MAP2488DAPI405_F8_F4.nd2,8
6,15172,0,0.0,0.0,261.6087646484375,3969128.0,,0.0,0.0512572900476132,True,,KO,F8,4,d7,Plate1,/Users/pmihack/claire/tmem_2026/data/cleaved_tmem_pld3_260821/d7/TMEM_KO/TMEMKO_Plate1_d7_TMEM561LAMP1640MAP2488DAPI405_F8_F4.nd2,8
7,10755,0,0.0,0.0,50.19581604003906,539856.0,,0.0,0.07596308601331331,True,,KO,F8,4,d7,Plate1,/Users/pmihack/claire/tmem_2026/data/cleaved_tmem_pld3_260821/d7/TMEM_KO/TMEMKO_Plate1_d7_TMEM561LAMP1640MAP2488DAPI405_F8_F4.nd2,8
8,15619,0,0.0,0.0,317.3025207519531,4955948.0,,0.0,0.01741481987039842,True,,KO,F8,4,d7,Plate1,/Users/pmihack/claire/tmem_2026/data/cleaved_tmem_pld3_260821/d7/TMEM_KO/TMEMKO_Plate1_d7_TMEM561LAMP1640MAP2488DAPI405_F8_F4.nd2,8
9,11574,0,0.0,0.0,228.24356079101562,2641691.0,,0.0,0.11921768950910118,True,,KO,F8,4,d7,Plate1,/Users/pmihack/claire/tmem_2026/data/cleaved_tmem_pld3_260821/d7/TMEM_KO/TMEMKO_Plate1_d7_TMEM561LAMP1640MAP2488DAPI405_F8_F4.nd2,8
10,8029,0,0.0,0.0,82.26416778564453,660499.0,,0.0,0.12422065545969009,True,,KO,F8,4,d7,Plate1,/Users/pmihack/claire/tmem_2026/data/cleaved_tmem_pld3_260821/d7/TMEM_KO/TMEMKO_Plate1_d7_TMEM561LAMP1640MAP2488DAPI405_F8_F4.nd2,8
11,4867,0,0.0,0.0,181.67823791503906,884228.0,,0.0,-0.0862235270735828,True,,KO,F8,4,d7,Plate1,/Users/pmihack/claire/tmem_2026/data/cleaved_tmem_pld3_260821/d7/TMEM_KO/TMEMKO_Plate1_d7_TMEM561LAMP1640MAP2488DAPI405_F8_F4.nd2,8
12,13774,0,0.0,0.0,105.2593994140625,1449843.0,,0.0,-0.012462940899502816,True,,KO,F8,4,d7,Plate1,/Users/pmihack/claire/tmem_2026/data/cleaved_tmem_pld3_260821/d7/TMEM_KO/TMEMKO_Plate1_d7_TMEM561LAMP1640MAP2488DAPI405_F8_F4.nd2,8
13,13634,0,0.0,0.0,121.49053955078125,1656402.0,,0.0,0.03518854519807705,True,,KO,F8,4,d7,Plate1,/Users/pmihack/claire/tmem_2026/data/cleaved_tmem_pld3_260821/d7/TMEM_KO/TMEMKO_Plate1_d7_TMEM561LAMP1640MAP2488DAPI405_F8_F4.nd2,8
14,13037,0,0.0,0.0,146.7230224609375,1912828.0,,0.0,0.08275233575796916,True,,KO,F8,4,d7,Plate1,/Users/pmihack/claire/tmem_2026/data/cleaved_tmem_pld3_260821/d7/TMEM_KO/TMEMKO_Plate1_d7_TMEM561LAMP1640MAP2488DAPI405_F8_F4.nd2,8
15,9606,0,0.0,0.0,105.5461196899414,1013876.0,,0.0,0.08466055447811707,True,,KO,F8,4,d7,Plate1,/Users/pmihack/claire/tmem_2026/data/cleaved_tmem_pld3_260821/d7/TMEM_KO/TMEMKO_Plate1_d7_TMEM561LAMP1640MAP2488DAPI405_F8_F4.nd2,8
16,8534,0,0.0,0.0,175.08531188964844,1494178.0,,0.0,-0.14224920152292586,True,,KO,F8,4,d7,Plate1,/Users/pmihack/claire/tmem_2026/data/cleaved_tmem_pld3_260821/d7/TMEM_KO/TMEMKO_Plate1_d7_TMEM561LAMP1640MAP2488DAPI405_F8_F4.nd2,8
17,13374,0,0.0,0.0,73.86241912841797,987836.0,,0.0,0.0845021468935955,True,,KO,F8,4,d7,Plate1,/Users/pmihack/claire/tmem_2026/data/cleaved_tmem_pld3_260821/d7/TMEM_KO/TMEMKO_Plate1_d7_TMEM561LAMP1640MAP2488DAPI405_F8_F4.nd2,8
18,10216,0,0.0,0.0,107.71524810791016,1100419.0,,0.0,-0.06562515307231287,True,,KO,F8,4,d7,Plate1,/Users/pmihack/claire/tmem_2026/data/cleaved_tmem_pld3_260821/d7/TMEM_KO/TMEMKO_Plate1_d7_TMEM561LAMP1640MAP2488DAPI405_F8_F4.nd2,8
19,22793,0,0.0,0.0,51.63633728027344,1176947.0,,0.0,0.05450131825620783,True,,KO,F8,4,d7,Plate1,/Users/pmihack/claire/tmem_2026/data/cleaved_tmem_pld3_260821/d7/TMEM_KO/TMEMKO_Plate1_d7_TMEM561LAMP1640MAP2488DAPI405_F8_F4.nd2,8
20,14838,0,0.0,0.0,101.22732543945312,1502011.0,,0.0,0.18775653372200876,True,,KO,F8,4,d7,Plate1,/Users/pmihack/claire/tmem_2026/data/cleaved_tmem_pld3_260821/d7/TMEM_KO/TMEMKO_Plate1_d7_TMEM561LAMP1640MAP2488DAPI405_F8_F4.nd2,8
21,13910,0,0.0,0.0,46.237239837646484,643160.0,,0.0,-0.0767737941414951,True,,KO,F8,4,d7,Plate1,/Users/pmihack/claire/tmem_2026/data/cleaved_tmem_pld3_260821/d7/TMEM_KO/TMEMKO_Plate1_d7_TMEM561LAMP1640MAP2488DAPI405_F8_F4.nd2,8
22,17698,0,0.0,0.0,28.022432327270508,495941.0,,0.0,0.03888184837647531,True,,KO,F8,4,d7,Plate1,/Users/pmihack/claire/tmem_2026/data/cleaved_tmem_pld3_260821/d7/TMEM_KO/TMEMKO_Plate1_d7_TMEM561LAMP1640MAP2488DAPI405_F8_F4.nd2,8
23,2339,0,0.0,0.0,349.4155578613281,817283.0,,0.0,0.44157203731913486,True,,KO,F8,4,d7,Plate1,/Users/pmihack/claire/tmem_2026/data/cleaved_tmem_pld3_260821/d7/TMEM_KO/TMEMKO_Plate1_d7_TMEM561LAMP1640MAP2488DAPI405_F8_F4.nd2,8
24,6287,0,0.0,0.0,10.272785186767578,64585.0,,0.0,0.08994778353947769,True,,KO,F8,4,d7,Plate1,/Users/pmihack/claire/tmem_2026/data/cleaved_tmem_pld3_260821/d7/TMEM_KO/TMEMKO_Plate1_d7_TMEM561LAMP1640MAP2488DAPI405_F8_F4.nd2,8
25,13055,0,0.0,0.0,137.26649475097656,1792014.0,,0.0,0.0547052353968965,True,,KO,F8,4,d7,Plate1,/Users/pmihack/claire/tmem_2026/data/cleaved_tmem_pld3_260821/d7/TMEM_KO/TMEMKO_Plate1_d7_TMEM561LAMP1640MAP2488DAPI405_F8_F4.nd2,8
26,10194,0,0.0,0.0,101.21659851074219,1031802.0,,0.0,-0.017443201722674235,False,border,KO,F8,4,d7,Plate1,/Users/pmihack/claire/tmem_2026/data/cleaved_tmem_pld3_260821/d7/TMEM_KO/TMEMKO_Plate1_d7_TMEM561LAMP1640MAP2488DAPI405_F8_F4.nd2,8
1,11786,0,0.0,0.0,74.53520965576172,878472.0,,0.0,0.22620865615606894,True,,KO,G8,1,d7,Plate1,/Users/pmihack/claire/tmem_2026/data/cleaved_tmem_pld3_260821/d7/TMEM_KO/TMEMKO_Plate1_d7_TMEM561LAMP1640MAP2488DAPI405_G8_F1.nd2,10
2,8885,0,0.0,0.0,112.90433502197266,1003155.0,,0.0,0.32095347447409583,True,,KO,G8,1,d7,Plate1,/Users/pmihack/claire/tmem_2026/data/cleaved_tmem_pld3_260821/d7/TMEM_KO/TMEMKO_Plate1_d7_TMEM561LAMP1640MAP2488DAPI405_G8_F1.nd2,10
3,25169,1,3.973141563033891e-05,0.011663999999999999,29.212045669555664,735238.0,4.292063489954594,0.0005250000394880772,0.0005348429278185316,True,,KO,G8,1,d7,Plate1,/Users/pmihack/claire/tmem_2026/data/cleaved_tmem_pld3_260821/d7/TMEM_KO/TMEMKO_Plate1_d7_TMEM561LAMP1640MAP2488DAPI405_G8_F1.nd2,10
4,9419,0,0.0,0.0,104.81739044189453,987275.0,,0.0,0.3708182332529281,True,,KO,G8,1,d7,Plate1,/Users/pmihack/claire/tmem_2026/data/cleaved_tmem_pld3_260821/d7/TMEM_KO/TMEMKO_Plate1_d7_TMEM561LAMP1640MAP2488DAPI405_G8_F1.nd2,10
5,26352,0,0.0,0.0,370.5207824707031,9763964.0,,0.0,0.3552208801312103,True,,KO,G8,1,d7,Plate1,/Users/pmihack/claire/tmem_2026/data/cleaved_tmem_pld3_260821/d7/TMEM_KO/TMEMKO_Plate1_d7_TMEM561LAMP1640MAP2488DAPI405_G8_F1.nd2,10
6,23422,0,0.0,0.0,61.02518844604492,1429332.0,,0.0,0.28181908671965794,True,,KO,G8,1,d7,Plate1,/Users/pmihack/claire/tmem_2026/data/cleaved_tmem_pld3_260821/d7/TMEM_KO/TMEMKO_Plate1_d7_TMEM561LAMP1640MAP2488DAPI405_G8_F1.nd2,10
7,16094,0,0.0,0.0,124.4793701171875,2003371.0,,0.0,0.35956126172390596,True,,KO,G8,1,d7,Plate1,/Users/pmihack/claire/tmem_2026/data/cleaved_tmem_pld3_260821/d7/TMEM_KO/TMEMKO_Plate1_d7_TMEM561LAMP1640MAP2488DAPI405_G8_F1.nd2,10
8,19181,0,0.0,0.0,79.27146911621094,1520506.0,,0.0,0.27961210793303226,True,,KO,G8,1,d7,Plate1,/Users/pmihack/claire/tmem_2026/data/cleaved_tmem_pld3_260821/d7/TMEM_KO/TMEMKO_Plate1_d7_TMEM561LAMP1640MAP2488DAPI405_G8_F1.nd2,10
9,14126,0,0.0,0.0,103.05635070800781,1455774.0,,0.0,0.27423859136063733,True,,KO,G8,1,d7,Plate1,/Users/pmihack/claire/tmem_2026/data/cleaved_tmem_pld3_260821/d7/TMEM_KO/TMEMKO_Plate1_d7_TMEM561LAMP1640MAP2488DAPI405_G8_F1.nd2,10
10,8161,0,0.0,0.0,107.86190795898438,880261.0,,0.0,0.40098158023243724,True,,KO,G8,1,d7,Plate1,/Users/pmihack/claire/tmem_2026/data/cleaved_tmem_pld3_260821/d7/TMEM_KO/TMEMKO_Plate1_d7_TMEM561LAMP1640MAP2488DAPI405_G8_F1.nd2,10
11,21078,0,0.0,0.0,102.4080581665039,2158557.0,,0.0,0.13185353846220377,True,,KO,G8,1,d7,Plate1,/Users/pmihack/claire/tmem_2026/data/cleaved_tmem_pld3_260821/d7/TMEM_KO/TMEMKO_Plate1_d7_TMEM561LAMP1640MAP2488DAPI405_G8_F1.nd2,10
12,8587,0,0.0,0.0,11.210433959960938,96264.0,,0.0,0.266076517137124,False,border,KO,G8,1,d7,Plate1,/Users/pmihack/claire/tmem_2026/data/cleaved_tmem_pld3_260821/d7/TMEM_KO/TMEMKO_Plate1_d7_TMEM561LAMP1640MAP2488DAPI405_G8_F1.nd2,10
13,14608,0,0.0,0.0,94.47686004638672,1380118.0,,0.0,0.19226715081169218,True,,KO,G8,1,d7,Plate1,/Users/pmihack/claire/tmem_2026/data/cleaved_tmem_pld3_260821/d7/TMEM_KO/TMEMKO_Plate1_d7_TMEM561LAMP1640MAP2488DAPI405_G8_F1.nd2,10
14,7682,0,0.0,0.0,6.13303804397583,47114.0,,0.0,0.08453859659818298,True,,KO,G8,1,d7,Plate1,/Users/pmihack/claire/tmem_2026/data/cleaved_tmem_pld3_260821/d7/TMEM_KO/TMEMKO_Plate1_d7_TMEM561LAMP1640MAP2488DAPI405_G8_F1.nd2,10
15,12820,0,0.0,0.0,114.77176666259766,1471374.0,,0.0,0.25945377168443834,True,,KO,G8,1,d7,Plate1,/Users/pmihack/claire/tmem_2026/data/cleaved_tmem_pld3_260821/d7/TMEM_KO/TMEMKO_Plate1_d7_TMEM561LAMP1640MAP2488DAPI405_G8_F1.nd2,10
16,381,0,0.0,0.0,1.503937005996704,573.0,,0.0,0.06886402240782732,False,size_outlier,KO,G8,1,d7,Plate1,/Users/pmihack/claire/tmem_2026/data/cleaved_tmem_pld3_260821/d7/TMEM_KO/TMEMKO_Plate1_d7_TMEM561LAMP1640MAP2488DAPI405_G8_F1.nd2,10
17,21960,0,0.0,0.0,99.49171447753906,2184838.0,,0.0,0.3178708387253815,True,,KO,G8,1,d7,Plate1,/Users/pmihack/claire/tmem_2026/data/cleaved_tmem_pld3_260821/d7/TMEM_KO/TMEMKO_Plate1_d7_TMEM561LAMP1640MAP2488DAPI405_G8_F1.nd2,10
18,11183,0,0.0,0.0,140.58517456054688,1572164.0,,0.0,0.048945017195523556,True,,KO,G8,1,d7,Plate1,/Users/pmihack/claire/tmem_2026/data/cleaved_tmem_pld3_260821/d7/TMEM_KO/TMEMKO_Plate1_d7_TMEM561LAMP1640MAP2488DAPI405_G8_F1.nd2,10
19,3910,0,0.0,0.0,84.25882720947266,329452.0,,0.0,0.16810340585162634,True,,KO,G8,1,d7,Plate1,/Users/pmihack/claire/tmem_2026/data/cleaved_tmem_pld3_260821/d7/TMEM_KO/TMEMKO_Plate1_d7_TMEM561LAMP1640MAP2488DAPI405_G8_F1.nd2,10
1,8250,2,0.009575757575757576,0.46072799999999997,290.3919982910156,2395734.0,0.9320097876783234,0.0,-0.037289625561128886,True,,KO,G8,2,d7,Plate1,/Users/pmihack/claire/tmem_2026/data/cleaved_tmem_pld3_260821/d7/TMEM_KO/TMEMKO_Plate1_d7_TMEM561LAMP1640MAP2488DAPI405_G8_F2.nd2,12
2,10801,9,0.02916396629941672,0.40824,767.7511596679688,8292480.0,2.408198790138356,0.0,0.12412696310124906,True,,KO,G8,2,d7,Plate1,/Users/pmihack/claire/tmem_2026/data/cleaved_tmem_pld3_260821/d7/TMEM_KO/TMEMKO_Plate1_d7_TMEM561LAMP1640MAP2488DAPI405_G8_F2.nd2,12
3,14700,12,0.009727891156462585,0.13899599999999998,366.1312255859375,5382129.0,15.188150910496752,0.0,0.31446440875941317,True,,KO,G8,2,d7,Plate1,/Users/pmihack/claire/tmem_2026/data/cleaved_tmem_pld3_260821/d7/TMEM_KO/TMEMKO_Plate1_d7_TMEM561LAMP1640MAP2488DAPI405_G8_F2.nd2,12
4,3645,3,0.024691358024691357,0.34991999999999995,582.017578125,2121454.0,12.886500161492986,0.0,0.15128084798432848,True,,KO,G8,2,d7,Plate1,/Users/pmihack/claire/tmem_2026/data/cleaved_tmem_pld3_260821/d7/TMEM_KO/TMEMKO_Plate1_d7_TMEM561LAMP1640MAP2488DAPI405_G8_F2.nd2,12
5,8478,7,0.1667846190139184,2.356128,2346.61083984375,19894566.0,1.2483985138130071,0.0,0.5976370893950775,True,,KO,G8,2,d7,Plate1,/Users/pmihack/claire/tmem_2026/data/cleaved_tmem_pld3_260821/d7/TMEM_KO/TMEMKO_Plate1_d7_TMEM561LAMP1640MAP2488DAPI405_G8_F2.nd2,12
6,14879,15,0.05390147187310975,0.6236352,923.0333251953125,13733813.0,4.874809761307353,0.0,0.2741786727804918,True,,KO,G8,2,d7,Plate1,/Users/pmihack/claire/tmem_2026/data/cleaved_tmem_pld3_260821/d7/TMEM_KO/TMEMKO_Plate1_d7_TMEM561LAMP1640MAP2488DAPI405_G8_F2.nd2,12
7,6269,2,0.004306907002711757,0.157464,319.21038818359375,2001130.0,13.227366017890242,0.0,0.21251835148489617,True,,KO,G8,2,d7,Plate1,/Users/pmihack/claire/tmem_2026/data/cleaved_tmem_pld3_260821/d7/TMEM_KO/TMEMKO_Plate1_d7_TMEM561LAMP1640MAP2488DAPI405_G8_F2.nd2,12
8,15387,5,0.041983492558653406,1.5069887999999998,733.436279296875,11285384.0,16.275781223204735,0.0,0.3081253895447233,True,,KO,G8,2,d7,Plate1,/Users/pmihack/claire/tmem_2026/data/cleaved_tmem_pld3_260821/d7/TMEM_KO/TMEMKO_Plate1_d7_TMEM561LAMP1640MAP2488DAPI405_G8_F2.nd2,12
9,7325,8,0.25119453924914675,2.6827199999999998,3241.99755859375,23747632.0,19.687238993192654,0.0,0.5768611306500876,True,,KO,G8,2,d7,Plate1,/Users/pmihack/claire/tmem_2026/data/cleaved_tmem_pld3_260821/d7/TMEM_KO/TMEMKO_Plate1_d7_TMEM561LAMP1640MAP2488DAPI405_G8_F2.nd2,12
10,11966,15,0.028664549557078388,0.2667168,882.5609130859375,10560724.0,13.146631280365819,0.0,0.4475862982058006,True,,KO,G8,2,d7,Plate1,/Users/pmihack/claire/tmem_2026/data/cleaved_tmem_pld3_260821/d7/TMEM_KO/TMEMKO_Plate1_d7_TMEM561LAMP1640MAP2488DAPI405_G8_F2.nd2,12
11,8836,8,0.10049796287913083,1.2947039999999999,1972.19921875,17426352.0,5.33072364434423,0.0,0.08993435224381124,True,,KO,G8,2,d7,Plate1,/Users/pmihack/claire/tmem_2026/data/cleaved_tmem_pld3_260821/d7/TMEM_KO/TMEMKO_Plate1_d7_TMEM561LAMP1640MAP2488DAPI405_G8_F2.nd2,12
12,5744,1,0.0008704735376044568,0.05832,45.54700469970703,261622.0,16.086809863631824,0.0,-0.010875152026525956,True,,KO,G8,2,d7,Plate1,/Users/pmihack/claire/tmem_2026/data/cleaved_tmem_pld3_260821/d7/TMEM_KO/TMEMKO_Plate1_d7_TMEM561LAMP1640MAP2488DAPI405_G8_F2.nd2,12
13,22416,4,0.023911491791577446,1.562976,420.9314270019531,9435599.0,21.48183978086542,0.0,0.3424966916916568,True,,KO,G8,2,d7,Plate1,/Users/pmihack/claire/tmem_2026/data/cleaved_tmem_pld3_260821/d7/TMEM_KO/TMEMKO_Plate1_d7_TMEM561LAMP1640MAP2488DAPI405_G8_F2.nd2,12
14,8281,5,0.007487018476029465,0.1446336,348.18548583984375,2883324.0,3.8430866350838,0.0,0.0736038336548606,True,,KO,G8,2,d7,Plate1,/Users/pmihack/claire/tmem_2026/data/cleaved_tmem_pld3_260821/d7/TMEM_KO/TMEMKO_Plate1_d7_TMEM561LAMP1640MAP2488DAPI405_G8_F2.nd2,12
15,8555,8,0.07516072472238457,0.9374939999999999,1251.0289306640625,10702553.0,18.635410217344887,0.0,0.4080219645324376,True,,KO,G8,2,d7,Plate1,/Users/pmihack/claire/tmem_2026/data/cleaved_tmem_pld3_260821/d7/TMEM_KO/TMEMKO_Plate1_d7_TMEM561LAMP1640MAP2488DAPI405_G8_F2.nd2,12
16,12897,0,0.0,0.0,27.28378677368164,351879.0,,0.0,0.04349683915528369,True,,KO,G8,2,d7,Plate1,/Users/pmihack/claire/tmem_2026/data/cleaved_tmem_pld3_260821/d7/TMEM_KO/TMEMKO_Plate1_d7_TMEM561LAMP1640MAP2488DAPI405_G8_F2.nd2,12
17,10424,12,0.12336914811972371,1.249992,2133.43896484375,22238968.0,12.199456739982757,0.0,0.29663908301926123,True,,KO,G8,2,d7,Plate1,/Users/pmihack/claire/tmem_2026/data/cleaved_tmem_pld3_260821/d7/TMEM_KO/TMEMKO_Plate1_d7_TMEM561LAMP1640MAP2488DAPI405_G8_F2.nd2,12
18,13669,6,0.11098105201550955,2.949048,1980.307373046875,27068822.0,7.015236134074734,0.0,0.43530251192252506,True,,KO,G8,2,d7,Plate1,/Users/pmihack/claire/tmem_2026/data/cleaved_tmem_pld3_260821/d7/TMEM_KO/TMEMKO_Plate1_d7_TMEM561LAMP1640MAP2488DAPI405_G8_F2.nd2,12
19,10476,10,0.1311569301260023,1.6026335999999999,2030.0418701171875,21266718.0,6.082683554257312,0.0,0.07638599085986852,True,,KO,G8,2,d7,Plate1,/Users/pmihack/claire/tmem_2026/data/cleaved_tmem_pld3_260821/d7/TMEM_KO/TMEMKO_Plate1_d7_TMEM561LAMP1640MAP2488DAPI405_G8_F2.nd2,12
20,14491,8,0.03436615830515492,0.726084,613.9913330078125,8897348.0,7.297480670696379,0.0,0.29749858247654837,True,,KO,G8,2,d7,Plate1,/Users/pmihack/claire/tmem_2026/data/cleaved_tmem_pld3_260821/d7/TMEM_KO/TMEMKO_Plate1_d7_TMEM561LAMP1640MAP2488DAPI405_G8_F2.nd2,12
21,14961,6,0.047122518548225384,1.37052,757.7636108398438,11336901.0,7.958553029257532,0.0,0.25928305666476387,True,,KO,G8,2,d7,Plate1,/Users/pmihack/claire/tmem_2026/data/cleaved_tmem_pld3_260821/d7/TMEM_KO/TMEMKO_Plate1_d7_TMEM561LAMP1640MAP2488DAPI405_G8_F2.nd2,12
22,8612,9,0.04180213655364608,0.46656,945.2169189453125,8140208.0,30.63727296728688,0.0,0.016029819169123275,True,,KO,G8,2,d7,Plate1,/Users/pmihack/claire/tmem_2026/data/cleaved_tmem_pld3_260821/d7/TMEM_KO/TMEMKO_Plate1_d7_TMEM561LAMP1640MAP2488DAPI405_G8_F2.nd2,12
23,7870,8,0.13824650571791613,1.586304,1985.955322265625,15629468.0,10.265524531233227,0.0,0.4252426989790965,True,,KO,G8,2,d7,Plate1,/Users/pmihack/claire/tmem_2026/data/cleaved_tmem_pld3_260821/d7/TMEM_KO/TMEMKO_Plate1_d7_TMEM561LAMP1640MAP2488DAPI405_G8_F2.nd2,12
24,9624,9,0.1366375727348296,1.70424,1966.7926025390625,18928412.0,14.068324160616218,0.0,0.5815382271015064,True,,KO,G8,2,d7,Plate1,/Users/pmihack/claire/tmem_2026/data/cleaved_tmem_pld3_260821/d7/TMEM_KO/TMEMKO_Plate1_d7_TMEM561LAMP1640MAP2488DAPI405_G8_F2.nd2,12
25,22084,6,0.1148795508060134,4.931927999999999,2015.0615234375,44500620.0,12.113854392965031,0.00022040143085177988,0.00919455682229175,True,,KO,G8,2,d7,Plate1,/Users/pmihack/claire/tmem_2026/data/cleaved_tmem_pld3_260821/d7/TMEM_KO/TMEMKO_Plate1_d7_TMEM561LAMP1640MAP2488DAPI405_G8_F2.nd2,12
26,8757,2,0.16055726847093754,8.199791999999999,2125.390380859375,18612044.0,24.128677211601254,0.0,0.3451969810902815,True,,KO,G8,2,d7,Plate1,/Users/pmihack/claire/tmem_2026/data/cleaved_tmem_pld3_260821/d7/TMEM_KO/TMEMKO_Plate1_d7_TMEM561LAMP1640MAP2488DAPI405_G8_F2.nd2,12
27,12526,14,0.026105700143701102,0.2724377142857143,778.4720458984375,9751141.0,18.670432938354384,0.0,0.2717945397716513,True,,KO,G8,2,d7,Plate1,/Users/pmihack/claire/tmem_2026/data/cleaved_tmem_pld3_260821/d7/TMEM_KO/TMEMKO_Plate1_d7_TMEM561LAMP1640MAP2488DAPI405_G8_F2.nd2,12
28,7949,2,0.08189709397408479,3.796632,1235.7537841796875,9823007.0,31.583171490876552,0.0,0.43304874575462465,True,,KO,G8,2,d7,Plate1,/Users/pmihack/claire/tmem_2026/data/cleaved_tmem_pld3_260821/d7/TMEM_KO/TMEMKO_Plate1_d7_TMEM561LAMP1640MAP2488DAPI405_G8_F2.nd2,12
29,2383,0,0.0,0.0,21.77591323852539,51892.0,,0.0,-0.04416574894455852,False,border,KO,G8,2,d7,Plate1,/Users/pmihack/claire/tmem_2026/data/cleaved_tmem_pld3_260821/d7/TMEM_KO/TMEMKO_Plate1_d7_TMEM561LAMP1640MAP2488DAPI405_G8_F2.nd2,12
30,7990,0,0.0,0.0,38.36433029174805,306531.0,,0.0,-0.03738829381538872,True,,KO,G8,2,d7,Plate1,/Users/pmihack/claire/tmem_2026/data/cleaved_tmem_pld3_260821/d7/TMEM_KO/TMEMKO_Plate1_d7_TMEM561LAMP1640MAP2488DAPI405_G8_F2.nd2,12
31,9240,5,0.10854978354978355,2.3397984,1576.127685546875,14563420.0,26.014664777673467,0.0,0.3017679438626845,True,,KO,G8,2,d7,Plate1,/Users/pmihack/claire/tmem_2026/data/cleaved_tmem_pld3_260821/d7/TMEM_KO/TMEMKO_Plate1_d7_TMEM561LAMP1640MAP2488DAPI405_G8_F2.nd2,12
32,13536,4,0.04934988179669031,1.9478879999999998,861.774658203125,11664982.0,20.021049607639107,0.0,0.2960878899690512,True,,KO,G8,2,d7,Plate1,/Users/pmihack/claire/tmem_2026/data/cleaved_tmem_pld3_260821/d7/TMEM_KO/TMEMKO_Plate1_d7_TMEM561LAMP1640MAP2488DAPI405_G8_F2.nd2,12
33,11458,10,0.035433758072962125,0.4735584,645.7722778320312,7399259.0,16.694496268742586,0.0,0.331184843591434,True,,KO,G8,2,d7,Plate1,/Users/pmihack/claire/tmem_2026/data/cleaved_tmem_pld3_260821/d7/TMEM_KO/TMEMKO_Plate1_d7_TMEM561LAMP1640MAP2488DAPI405_G8_F2.nd2,12
34,15576,5,0.015023112480739599,0.5458751999999999,452.263671875,7044459.0,17.445272156725,0.0,0.18534406919355512,True,,KO,G8,2,d7,Plate1,/Users/pmihack/claire/tmem_2026/data/cleaved_tmem_pld3_260821/d7/TMEM_KO/TMEMKO_Plate1_d7_TMEM561LAMP1640MAP2488DAPI405_G8_F2.nd2,12
35,5148,7,0.11868686868686869,1.0181005714285714,1785.766845703125,9193128.0,28.04000520397384,0.0,0.3895179926065079,True,,KO,G8,2,d7,Plate1,/Users/pmihack/claire/tmem_2026/data/cleaved_tmem_pld3_260821/d7/TMEM_KO/TMEMKO_Plate1_d7_TMEM561LAMP1640MAP2488DAPI405_G8_F2.nd2,12
36,6206,0,0.0,0.0,5.19207239151001,32222.0,,0.0,0.08556689453354054,True,,KO,G8,2,d7,Plate1,/Users/pmihack/claire/tmem_2026/data/cleaved_tmem_pld3_260821/d7/TMEM_KO/TMEMKO_Plate1_d7_TMEM561LAMP1640MAP2488DAPI405_G8_F2.nd2,12
1,9317,16,0.05742191692604916,0.39001499999999995,698.0916748046875,6504120.0,0.7363320789343862,0.0,0.17459252508627793,True,,KO,G8,3,d7,Plate1,/Users/pmihack/claire/tmem_2026/data/cleaved_tmem_pld3_260821/d7/TMEM_KO/TMEMKO_Plate1_d7_TMEM561LAMP1640MAP2488DAPI405_G8_F3.nd2,12
2,7505,5,0.13377748167888073,2.3421312,1151.2879638671875,8640416.0,0.31955916540957424,0.0,0.42334728473606636,True,,KO,G8,3,d7,Plate1,/Users/pmihack/claire/tmem_2026/data/cleaved_tmem_pld3_260821/d7/TMEM_KO/TMEMKO_Plate1_d7_TMEM561LAMP1640MAP2488DAPI405_G8_F3.nd2,12
3,6742,12,0.1904479382972412,1.2480479999999998,1671.641845703125,11270209.0,22.32315633114249,0.0,0.38167124184299656,True,,KO,G8,3,d7,Plate1,/Users/pmihack/claire/tmem_2026/data/cleaved_tmem_pld3_260821/d7/TMEM_KO/TMEMKO_Plate1_d7_TMEM561LAMP1640MAP2488DAPI405_G8_F3.nd2,12
4,14923,17,0.03042283723111975,0.31149741176470586,410.041015625,6119042.0,15.88849752927354,0.0,0.1769822611951565,True,,KO,G8,3,d7,Plate1,/Users/pmihack/claire/tmem_2026/data/cleaved_tmem_pld3_260821/d7/TMEM_KO/TMEMKO_Plate1_d7_TMEM561LAMP1640MAP2488DAPI405_G8_F3.nd2,12
5,11893,10,0.1095602455225763,1.5198192,1037.7520751953125,12341985.0,0.6255170248686381,0.0,0.10517971134251564,True,,KO,G8,3,d7,Plate1,/Users/pmihack/claire/tmem_2026/data/cleaved_tmem_pld3_260821/d7/TMEM_KO/TMEMKO_Plate1_d7_TMEM561LAMP1640MAP2488DAPI405_G8_F3.nd2,12
6,5782,21,0.11898996886890349,0.38213485714285705,1360.3875732421875,7865761.0,14.437755935854263,0.025167813524603844,0.17462400741942846,True,,KO,G8,3,d7,Plate1,/Users/pmihack/claire/tmem_2026/data/cleaved_tmem_pld3_260821/d7/TMEM_KO/TMEMKO_Plate1_d7_TMEM561LAMP1640MAP2488DAPI405_G8_F3.nd2,12
7,10195,2,0.08788621873467387,5.225472,722.0870971679688,7361678.0,0.7771133742046614,0.0,0.3780791400776224,True,,KO,G8,3,d7,Plate1,/Users/pmihack/claire/tmem_2026/data/cleaved_tmem_pld3_260821/d7/TMEM_KO/TMEMKO_Plate1_d7_TMEM561LAMP1640MAP2488DAPI405_G8_F3.nd2,12
8,17472,16,0.07411858974358974,0.9440549999999999,600.3731689453125,10489720.0,0.7236705402152155,0.0,0.34429732567891064,True,,KO,G8,3,d7,Plate1,/Users/pmihack/claire/tmem_2026/data/cleaved_tmem_pld3_260821/d7/TMEM_KO/TMEMKO_Plate1_d7_TMEM561LAMP1640MAP2488DAPI405_G8_F3.nd2,12
9,1600,0,0.0,0.0,176.91624450683594,283066.0,,0.0,0.4691754975473437,False,size_outlier,KO,G8,3,d7,Plate1,/Users/pmihack/claire/tmem_2026/data/cleaved_tmem_pld3_260821/d7/TMEM_KO/TMEMKO_Plate1_d7_TMEM561LAMP1640MAP2488DAPI405_G8_F3.nd2,12
10,12841,5,0.11642395452067596,3.4875359999999995,1124.5245361328125,14440019.0,3.471701240553659,0.0,0.336094096952685,True,,KO,G8,3,d7,Plate1,/Users/pmihack/claire/tmem_2026/data/cleaved_tmem_pld3_260821/d7/TMEM_KO/TMEMKO_Plate1_d7_TMEM561LAMP1640MAP2488DAPI405_G8_F3.nd2,12
11,12173,13,0.03861003861003861,0.4216984615384615,501.2755126953125,6102027.0,5.525419956535094,0.0,0.19560313240660787,True,,KO,G8,3,d7,Plate1,/Users/pmihack/claire/tmem_2026/data/cleaved_tmem_pld3_260821/d7/TMEM_KO/TMEMKO_Plate1_d7_TMEM561LAMP1640MAP2488DAPI405_G8_F3.nd2,12
12,6590,15,0.1810318664643399,0.9276767999999999,1797.3321533203125,11844419.0,22.24960385961847,0.0,0.30346943236623886,True,,KO,G8,3,d7,Plate1,/Users/pmihack/claire/tmem_2026/data/cleaved_tmem_pld3_260821/d7/TMEM_KO/TMEMKO_Plate1_d7_TMEM561LAMP1640MAP2488DAPI405_G8_F3.nd2,12
13,12740,9,0.025510204081632654,0.4212,338.1694641113281,4308279.0,17.110955297205717,0.0,0.4094859857805018,True,,KO,G8,3,d7,Plate1,/Users/pmihack/claire/tmem_2026/data/cleaved_tmem_pld3_260821/d7/TMEM_KO/TMEMKO_Plate1_d7_TMEM561LAMP1640MAP2488DAPI405_G8_F3.nd2,12
14,21449,5,0.01062986619422817,0.5318784,153.1403350830078,3284707.0,3.7252816606844523,0.0,0.4855026909640122,True,,KO,G8,3,d7,Plate1,/Users/pmihack/claire/tmem_2026/data/cleaved_tmem_pld3_260821/d7/TMEM_KO/TMEMKO_Plate1_d7_TMEM561LAMP1640MAP2488DAPI405_G8_F3.nd2,12
15,9915,5,0.09823499747856783,2.2721472,869.2396240234375,8618511.0,0.7156889771578584,0.0,0.2392750929950102,True,,KO,G8,3,d7,Plate1,/Users/pmihack/claire/tmem_2026/data/cleaved_tmem_pld3_260821/d7/TMEM_KO/TMEMKO_Plate1_d7_TMEM561LAMP1640MAP2488DAPI405_G8_F3.nd2,12
16,8075,1,0.0006191950464396285,0.05832,61.23418045043945,494466.0,1.634975531008002,0.0,0.03257405517513503,True,,KO,G8,3,d7,Plate1,/Users/pmihack/claire/tmem_2026/data/cleaved_tmem_pld3_260821/d7/TMEM_KO/TMEMKO_Plate1_d7_TMEM561LAMP1640MAP2488DAPI405_G8_F3.nd2,12
17,8384,4,0.018964694656488548,0.46364399999999995,319.30487060546875,2677052.0,36.90993879855104,0.0,0.13558022765344782,True,,KO,G8,3,d7,Plate1,/Users/pmihack/claire/tmem_2026/data/cleaved_tmem_pld3_260821/d7/TMEM_KO/TMEMKO_Plate1_d7_TMEM561LAMP1640MAP2488DAPI405_G8_F3.nd2,12
18,15323,9,0.004241989166612282,0.08424,167.2985076904297,2563515.0,3.6282532588947585,0.0,0.23466251814131273,True,,KO,G8,3,d7,Plate1,/Users/pmihack/claire/tmem_2026/data/cleaved_tmem_pld3_260821/d7/TMEM_KO/TMEMKO_Plate1_d7_TMEM561LAMP1640MAP2488DAPI405_G8_F3.nd2,12
19,6357,0,0.0,0.0,29.144407272338867,185271.0,,0.0,0.5038585611965488,True,,KO,G8,3,d7,Plate1,/Users/pmihack/claire/tmem_2026/data/cleaved_tmem_pld3_260821/d7/TMEM_KO/TMEMKO_Plate1_d7_TMEM561LAMP1640MAP2488DAPI405_G8_F3.nd2,12
20,8699,4,0.08759627543395793,2.2219919999999997,892.3095703125,7762201.0,7.623353082343094,0.0,0.523603907832124,True,,KO,G8,3,d7,Plate1,/Users/pmihack/claire/tmem_2026/data/cleaved_tmem_pld3_260821/d7/TMEM_KO/TMEMKO_Plate1_d7_TMEM561LAMP1640MAP2488DAPI405_G8_F3.nd2,12
21,14311,1,0.002375794843127664,0.396576,143.59646606445312,2055009.0,13.052966271406499,0.0,0.22986432264180445,True,,KO,G8,3,d7,Plate1,/Users/pmihack/claire/tmem_2026/data/cleaved_tmem_pld3_260821/d7/TMEM_KO/TMEMKO_Plate1_d7_TMEM561LAMP1640MAP2488DAPI405_G8_F3.nd2,12
22,14099,1,0.0034044967728207674,0.5598719999999999,78.86793518066406,1111959.0,9.26254577188566,0.0,0.2413921862618844,True,,KO,G8,3,d7,Plate1,/Users/pmihack/claire/tmem_2026/data/cleaved_tmem_pld3_260821/d7/TMEM_KO/TMEMKO_Plate1_d7_TMEM561LAMP1640MAP2488DAPI405_G8_F3.nd2,12
23,12420,1,0.002334943639291465,0.33825599999999995,47.57511901855469,590883.0,5.084268571213788,0.0,0.06303801165837704,True,,KO,G8,3,d7,Plate1,/Users/pmihack/claire/tmem_2026/data/cleaved_tmem_pld3_260821/d7/TMEM_KO/TMEMKO_Plate1_d7_TMEM561LAMP1640MAP2488DAPI405_G8_F3.nd2,12
24,8779,9,0.11743934388882561,1.3361759999999998,1025.2711181640625,9000855.0,13.597262749462343,0.0,0.5388838501800999,True,,KO,G8,3,d7,Plate1,/Users/pmihack/claire/tmem_2026/data/cleaved_tmem_pld3_260821/d7/TMEM_KO/TMEMKO_Plate1_d7_TMEM561LAMP1640MAP2488DAPI405_G8_F3.nd2,12
25,19012,5,0.006837786661056175,0.303264,159.311279296875,3028826.0,15.964177006568358,0.0,0.18506135719011968,True,,KO,G8,3,d7,Plate1,/Users/pmihack/claire/tmem_2026/data/cleaved_tmem_pld3_260821/d7/TMEM_KO/TMEMKO_Plate1_d7_TMEM561LAMP1640MAP2488DAPI405_G8_F3.nd2,12
26,14947,8,0.007292433264200174,0.15892199999999998,216.01438903808594,3228767.0,15.763668528827745,0.0,0.2747864359606695,True,,KO,G8,3,d7,Plate1,/Users/pmihack/claire/tmem_2026/data/cleaved_tmem_pld3_260821/d7/TMEM_KO/TMEMKO_Plate1_d7_TMEM561LAMP1640MAP2488DAPI405_G8_F3.nd2,12
27,9890,0,0.0,0.0,10.899999618530273,107801.0,,0.0,0.010612401246658812,True,,KO,G8,3,d7,Plate1,/Users/pmihack/claire/tmem_2026/data/cleaved_tmem_pld3_260821/d7/TMEM_KO/TMEMKO_Plate1_d7_TMEM561LAMP1640MAP2488DAPI405_G8_F3.nd2,12
28,9779,6,0.04622149504039268,0.8786879999999999,459.8575439453125,4496947.0,22.361357311760962,0.0,0.5380113037325168,True,,KO,G8,3,d7,Plate1,/Users/pmihack/claire/tmem_2026/data/cleaved_tmem_pld3_260821/d7/TMEM_KO/TMEMKO_Plate1_d7_TMEM561LAMP1640MAP2488DAPI405_G8_F3.nd2,12
29,8744,5,0.0057182067703568165,0.11664,139.1296844482422,1216550.0,22.310931808241428,0.0,0.3721464020258947,True,,KO,G8,3,d7,Plate1,/Users/pmihack/claire/tmem_2026/data/cleaved_tmem_pld3_260821/d7/TMEM_KO/TMEMKO_Plate1_d7_TMEM561LAMP1640MAP2488DAPI405_G8_F3.nd2,12
1,13256,9,0.011466505733252867,0.196992,285.5460205078125,3785198.0,4.610900598223792,0.0,0.1026555504431101,True,,KO,G8,4,d7,Plate1,/Users/pmihack/claire/tmem_2026/data/cleaved_tmem_pld3_260821/d7/TMEM_KO/TMEMKO_Plate1_d7_TMEM561LAMP1640MAP2488DAPI405_G8_F4.nd2,10
2,11117,0,0.0,0.0,14.184222221374512,157686.0,,0.0,0.006376433966765325,True,,KO,G8,4,d7,Plate1,/Users/pmihack/claire/tmem_2026/data/cleaved_tmem_pld3_260821/d7/TMEM_KO/TMEMKO_Plate1_d7_TMEM561LAMP1640MAP2488DAPI405_G8_F4.nd2,10
3,11308,6,0.009727626459143969,0.21383999999999997,169.08180236816406,1911977.0,10.048873742813555,0.0002688316744752228,0.07771442860041425,True,,KO,G8,4,d7,Plate1,/Users/pmihack/claire/tmem_2026/data/cleaved_tmem_pld3_260821/d7/TMEM_KO/TMEMKO_Plate1_d7_TMEM561LAMP1640MAP2488DAPI405_G8_F4.nd2,10
4,11359,3,0.005370191037943481,0.23716799999999996,175.62205505371094,1994891.0,11.451246159676263,0.0,0.1112987938275329,True,,KO,G8,4,d7,Plate1,/Users/pmihack/claire/tmem_2026/data/cleaved_tmem_pld3_260821/d7/TMEM_KO/TMEMKO_Plate1_d7_TMEM561LAMP1640MAP2488DAPI405_G8_F4.nd2,10
5,13648,14,0.06953399765533412,0.7906525714285715,1123.41748046875,15332401.0,23.30774402777191,0.0,0.5952258524376768,True,,KO,G8,4,d7,Plate1,/Users/pmihack/claire/tmem_2026/data/cleaved_tmem_pld3_260821/d7/TMEM_KO/TMEMKO_Plate1_d7_TMEM561LAMP1640MAP2488DAPI405_G8_F4.nd2,10
6,18527,7,0.005991256004749824,0.18495771428571428,179.53143310546875,3326179.0,14.640007419564066,0.0,0.36974909253140587,True,,KO,G8,4,d7,Plate1,/Users/pmihack/claire/tmem_2026/data/cleaved_tmem_pld3_260821/d7/TMEM_KO/TMEMKO_Plate1_d7_TMEM561LAMP1640MAP2488DAPI405_G8_F4.nd2,10
7,10124,8,0.06934018174634532,1.0235159999999999,685.7110595703125,6942139.0,7.295512324335028,0.0,0.0854403831364328,True,,KO,G8,4,d7,Plate1,/Users/pmihack/claire/tmem_2026/data/cleaved_tmem_pld3_260821/d7/TMEM_KO/TMEMKO_Plate1_d7_TMEM561LAMP1640MAP2488DAPI405_G8_F4.nd2,10
8,19819,11,0.013976487209243655,0.29372072727272724,231.49705505371094,4588040.0,5.886754535658397,0.0,0.4447719078650204,True,,KO,G8,4,d7,Plate1,/Users/pmihack/claire/tmem_2026/data/cleaved_tmem_pld3_260821/d7/TMEM_KO/TMEMKO_Plate1_d7_TMEM561LAMP1640MAP2488DAPI405_G8_F4.nd2,10
9,5340,0,0.0,0.0,9.806366920471191,52366.0,,0.0,0.05107923541188835,True,,KO,G8,4,d7,Plate1,/Users/pmihack/claire/tmem_2026/data/cleaved_tmem_pld3_260821/d7/TMEM_KO/TMEMKO_Plate1_d7_TMEM561LAMP1640MAP2488DAPI405_G8_F4.nd2,10
10,23626,13,0.09282146787437569,1.9676270769230766,833.998291015625,19704044.0,5.876255037492268,2.4106726414174773e-05,0.019230012300766652,True,,KO,G8,4,d7,Plate1,/Users/pmihack/claire/tmem_2026/data/cleaved_tmem_pld3_260821/d7/TMEM_KO/TMEMKO_Plate1_d7_TMEM561LAMP1640MAP2488DAPI405_G8_F4.nd2,10
11,9371,2,0.0019208195496745277,0.10497599999999999,138.99818420410156,1302552.0,5.726692418908703,0.0,0.09370006581049008,True,,KO,G8,4,d7,Plate1,/Users/pmihack/claire/tmem_2026/data/cleaved_tmem_pld3_260821/d7/TMEM_KO/TMEMKO_Plate1_d7_TMEM561LAMP1640MAP2488DAPI405_G8_F4.nd2,10
12,11877,6,0.0733350172602509,1.6932239999999998,610.5149536132812,7251086.0,24.184094884744045,0.0,0.40592365104359734,True,,KO,G8,4,d7,Plate1,/Users/pmihack/claire/tmem_2026/data/cleaved_tmem_pld3_260821/d7/TMEM_KO/TMEMKO_Plate1_d7_TMEM561LAMP1640MAP2488DAPI405_G8_F4.nd2,10
13,15023,8,0.01397856619849564,0.30617999999999995,234.67909240722656,3525584.0,7.547695276438996,0.0,0.2693794244567864,True,,KO,G8,4,d7,Plate1,/Users/pmihack/claire/tmem_2026/data/cleaved_tmem_pld3_260821/d7/TMEM_KO/TMEMKO_Plate1_d7_TMEM561LAMP1640MAP2488DAPI405_G8_F4.nd2,10
14,23891,16,0.009710769745929429,0.16912799999999997,244.74546813964844,5847214.0,14.961556240265741,0.0,0.24241530174029916,True,,KO,G8,4,d7,Plate1,/Users/pmihack/claire/tmem_2026/data/cleaved_tmem_pld3_260821/d7/TMEM_KO/TMEMKO_Plate1_d7_TMEM561LAMP1640MAP2488DAPI405_G8_F4.nd2,10
15,17127,11,0.016815554387808723,0.30538472727272725,288.5858459472656,4942610.0,16.618278064444386,0.0,0.3066177540657631,True,,KO,G8,4,d7,Plate1,/Users/pmihack/claire/tmem_2026/data/cleaved_tmem_pld3_260821/d7/TMEM_KO/TMEMKO_Plate1_d7_TMEM561LAMP1640MAP2488DAPI405_G8_F4.nd2,10
16,29258,4,0.0012304327021669286,0.10497599999999999,124.19816589355469,3633790.0,8.971264850128907,0.0,0.3576641458827655,True,,KO,G8,4,d7,Plate1,/Users/pmihack/claire/tmem_2026/data/cleaved_tmem_pld3_260821/d7/TMEM_KO/TMEMKO_Plate1_d7_TMEM561LAMP1640MAP2488DAPI405_G8_F4.nd2,10
17,20951,2,0.0010500692091069638,0.128304,83.31636047363281,1745561.0,21.52285240952088,0.0,0.27481986016614046,True,,KO,G8,4,d7,Plate1,/Users/pmihack/claire/tmem_2026/data/cleaved_tmem_pld3_260821/d7/TMEM_KO/TMEMKO_Plate1_d7_TMEM561LAMP1640MAP2488DAPI405_G8_F4.nd2,10
18,12997,7,0.015465107332461337,0.33492342857142854,364.46148681640625,4736906.0,24.93991415663095,0.0,0.26339474637743343,True,,KO,G8,4,d7,Plate1,/Users/pmihack/claire/tmem_2026/data/cleaved_tmem_pld3_260821/d7/TMEM_KO/TMEMKO_Plate1_d7_TMEM561LAMP1640MAP2488DAPI405_G8_F4.nd2,10
19,17674,5,0.0059975104673531746,0.24727679999999996,178.57440185546875,3156124.0,23.93261649295817,0.0,0.3525414927610587,True,,KO,G8,4,d7,Plate1,/Users/pmihack/claire/tmem_2026/data/cleaved_tmem_pld3_260821/d7/TMEM_KO/TMEMKO_Plate1_d7_TMEM561LAMP1640MAP2488DAPI405_G8_F4.nd2,10
1,13238,0,0.0,0.0,38.85420608520508,514352.0,,0.0,0.14408371140701612,False,border,KO,H8,1,d7,Plate1,/Users/pmihack/claire/tmem_2026/data/cleaved_tmem_pld3_260821/d7/TMEM_KO/TMEMKO_Plate1_d7_TMEM561LAMP1640MAP2488DAPI405_H8_F1.nd2,9
2,8857,4,0.0035000564525234277,0.09039599999999999,305.23992919921875,2703510.0,27.50732062634618,0.0,0.1206702505873252,True,,KO,H8,1,d7,Plate1,/Users/pmihack/claire/tmem_2026/data/cleaved_tmem_pld3_260821/d7/TMEM_KO/TMEMKO_Plate1_d7_TMEM561LAMP1640MAP2488DAPI405_H8_F1.nd2,9
3,20912,3,0.0013867635807192043,0.11275199999999998,163.0719757080078,3410161.0,8.651651360608277,0.0,0.0579543179783737,True,,KO,H8,1,d7,Plate1,/Users/pmihack/claire/tmem_2026/data/cleaved_tmem_pld3_260821/d7/TMEM_KO/TMEMKO_Plate1_d7_TMEM561LAMP1640MAP2488DAPI405_H8_F1.nd2,9
4,24063,4,0.0011636121846818768,0.081648,121.1687240600586,2915683.0,9.615872072287319,0.0,0.37569314583416674,True,,KO,H8,1,d7,Plate1,/Users/pmihack/claire/tmem_2026/data/cleaved_tmem_pld3_260821/d7/TMEM_KO/TMEMKO_Plate1_d7_TMEM561LAMP1640MAP2488DAPI405_H8_F1.nd2,9
5,21941,1,0.0003646141926074472,0.09331199999999999,109.83068084716797,2409795.0,16.967468578750672,0.0,0.2750372430446948,True,,KO,H8,1,d7,Plate1,/Users/pmihack/claire/tmem_2026/data/cleaved_tmem_pld3_260821/d7/TMEM_KO/TMEMKO_Plate1_d7_TMEM561LAMP1640MAP2488DAPI405_H8_F1.nd2,9
6,7612,0,0.0,0.0,87.00984954833984,662319.0,,0.0,0.08393383741878577,True,,KO,H8,1,d7,Plate1,/Users/pmihack/claire/tmem_2026/data/cleaved_tmem_pld3_260821/d7/TMEM_KO/TMEMKO_Plate1_d7_TMEM561LAMP1640MAP2488DAPI405_H8_F1.nd2,9
7,16027,8,0.007300180944655893,0.170586,256.5061950683594,4111025.0,15.710573876197435,0.0,0.10926561437564536,True,,KO,H8,1,d7,Plate1,/Users/pmihack/claire/tmem_2026/data/cleaved_tmem_pld3_260821/d7/TMEM_KO/TMEMKO_Plate1_d7_TMEM561LAMP1640MAP2488DAPI405_H8_F1.nd2,9
8,14566,3,0.005698201290676919,0.322704,205.8678436279297,2998671.0,17.715815880889416,0.0,0.09247246291366588,True,,KO,H8,1,d7,Plate1,/Users/pmihack/claire/tmem_2026/data/cleaved_tmem_pld3_260821/d7/TMEM_KO/TMEMKO_Plate1_d7_TMEM561LAMP1640MAP2488DAPI405_H8_F1.nd2,9
9,14835,0,0.0,0.0,37.70663833618164,559378.0,,0.0,0.10922962343086501,True,,KO,H8,1,d7,Plate1,/Users/pmihack/claire/tmem_2026/data/cleaved_tmem_pld3_260821/d7/TMEM_KO/TMEMKO_Plate1_d7_TMEM561LAMP1640MAP2488DAPI405_H8_F1.nd2,9
10,11815,1,0.0005078290308929327,0.06998399999999999,151.18882751464844,1786296.0,16.441752183238435,0.0,0.26689805470445616,True,,KO,H8,1,d7,Plate1,/Users/pmihack/claire/tmem_2026/data/cleaved_tmem_pld3_260821/d7/TMEM_KO/TMEMKO_Plate1_d7_TMEM561LAMP1640MAP2488DAPI405_H8_F1.nd2,9
11,13017,1,0.00023046784973496196,0.034991999999999995,204.04486083984375,2656052.0,20.201327704797045,0.0,-0.0041701416807975135,True,,KO,H8,1,d7,Plate1,/Users/pmihack/claire/tmem_2026/data/cleaved_tmem_pld3_260821/d7/TMEM_KO/TMEMKO_Plate1_d7_TMEM561LAMP1640MAP2488DAPI405_H8_F1.nd2,9
12,10946,6,0.011328339119312992,0.241056,310.81884765625,3402223.0,18.526999353516576,0.0,0.10770457555964878,True,,KO,H8,1,d7,Plate1,/Users/pmihack/claire/tmem_2026/data/cleaved_tmem_pld3_260821/d7/TMEM_KO/TMEMKO_Plate1_d7_TMEM561LAMP1640MAP2488DAPI405_H8_F1.nd2,9
13,15447,1,0.0001942124684404739,0.034991999999999995,69.22088623046875,1069255.0,33.03808962780625,0.0,0.11863841263684326,True,,KO,H8,1,d7,Plate1,/Users/pmihack/claire/tmem_2026/data/cleaved_tmem_pld3_260821/d7/TMEM_KO/TMEMKO_Plate1_d7_TMEM561LAMP1640MAP2488DAPI405_H8_F1.nd2,9
1,17672,1,0.00022634676324128565,0.046655999999999996,20.400802612304688,360523.0,5.578402517888495,0.0,0.06373262762673577,True,,KO,H8,2,d7,Plate1,/Users/pmihack/claire/tmem_2026/data/cleaved_tmem_pld3_260821/d7/TMEM_KO/TMEMKO_Plate1_d7_TMEM561LAMP1640MAP2488DAPI405_H8_F2.nd2,9
2,24840,0,0.0,0.0,21.036231994628906,522540.0,,0.0,0.04460767715678488,True,,KO,H8,2,d7,Plate1,/Users/pmihack/claire/tmem_2026/data/cleaved_tmem_pld3_260821/d7/TMEM_KO/TMEMKO_Plate1_d7_TMEM561LAMP1640MAP2488DAPI405_H8_F2.nd2,9
3,26712,7,0.002545672356993112,0.11330742857142856,72.81431579589844,1945016.0,0.747763021263188,0.0,0.021484143368683005,True,,KO,H8,2,d7,Plate1,/Users/pmihack/claire/tmem_2026/data/cleaved_tmem_pld3_260821/d7/TMEM_KO/TMEMKO_Plate1_d7_TMEM561LAMP1640MAP2488DAPI405_H8_F2.nd2,9
4,19093,6,0.07432043157178024,2.758536,411.10992431640625,7849322.0,13.762548594791502,0.0,0.2684722646454993,True,,KO,H8,2,d7,Plate1,/Users/pmihack/claire/tmem_2026/data/cleaved_tmem_pld3_260821/d7/TMEM_KO/TMEMKO_Plate1_d7_TMEM561LAMP1640MAP2488DAPI405_H8_F2.nd2,9
5,14252,0,0.0,0.0,9.178711891174316,130815.0,,0.0,0.047234876501254894,True,,KO,H8,2,d7,Plate1,/Users/pmihack/claire/tmem_2026/data/cleaved_tmem_pld3_260821/d7/TMEM_KO/TMEMKO_Plate1_d7_TMEM561LAMP1640MAP2488DAPI405_H8_F2.nd2,9
6,7348,9,0.09090909090909091,0.865728,510.2275390625,3749152.0,6.266681258019624,0.0,0.17576200304249717,True,,KO,H8,2,d7,Plate1,/Users/pmihack/claire/tmem_2026/data/cleaved_tmem_pld3_260821/d7/TMEM_KO/TMEMKO_Plate1_d7_TMEM561LAMP1640MAP2488DAPI405_H8_F2.nd2,9
7,11990,12,0.029774812343619683,0.347004,322.36456298828125,3865151.0,5.249158864943421,0.0,0.10744732819285908,True,,KO,H8,2,d7,Plate1,/Users/pmihack/claire/tmem_2026/data/cleaved_tmem_pld3_260821/d7/TMEM_KO/TMEMKO_Plate1_d7_TMEM561LAMP1640MAP2488DAPI405_H8_F2.nd2,9
8,15192,11,0.004870984728804634,0.07846690909090909,170.11874389648438,2584444.0,24.253645444270322,0.0,0.17719276858207011,True,,KO,H8,2,d7,Plate1,/Users/pmihack/claire/tmem_2026/data/cleaved_tmem_pld3_260821/d7/TMEM_KO/TMEMKO_Plate1_d7_TMEM561LAMP1640MAP2488DAPI405_H8_F2.nd2,9
9,20293,6,0.023752032720642587,0.9370079999999998,191.2962646484375,3881975.0,7.761680010720751,0.0,0.007359917552624977,True,,KO,H8,2,d7,Plate1,/Users/pmihack/claire/tmem_2026/data/cleaved_tmem_pld3_260821/d7/TMEM_KO/TMEMKO_Plate1_d7_TMEM561LAMP1640MAP2488DAPI405_H8_F2.nd2,9
10,21291,8,0.007374007796721619,0.22890599999999997,130.51951599121094,2778891.0,22.9881205271582,0.0,0.32189120627747736,True,,KO,H8,2,d7,Plate1,/Users/pmihack/claire/tmem_2026/data/cleaved_tmem_pld3_260821/d7/TMEM_KO/TMEMKO_Plate1_d7_TMEM561LAMP1640MAP2488DAPI405_H8_F2.nd2,9
11,7956,0,0.0,0.0,34.70462417602539,276110.0,,0.0,-0.020007918016454598,True,,KO,H8,2,d7,Plate1,/Users/pmihack/claire/tmem_2026/data/cleaved_tmem_pld3_260821/d7/TMEM_KO/TMEMKO_Plate1_d7_TMEM561LAMP1640MAP2488DAPI405_H8_F2.nd2,9
12,4559,9,0.12371134020618557,0.7309439999999999,834.4483642578125,3804250.0,32.77597169474763,0.0,0.036439796078191096,True,,KO,H8,2,d7,Plate1,/Users/pmihack/claire/tmem_2026/data/cleaved_tmem_pld3_260821/d7/TMEM_KO/TMEMKO_Plate1_d7_TMEM561LAMP1640MAP2488DAPI405_H8_F2.nd2,9
13,2330,0,0.0,0.0,7.0309014320373535,16382.0,,0.0,0.08387375373487464,True,,KO,H8,2,d7,Plate1,/Users/pmihack/claire/tmem_2026/data/cleaved_tmem_pld3_260821/d7/TMEM_KO/TMEMKO_Plate1_d7_TMEM561LAMP1640MAP2488DAPI405_H8_F2.nd2,9
14,20338,18,0.016078277116727307,0.211896,258.59942626953125,5259395.0,20.157962532193725,0.0,0.09029842836409738,True,,KO,H8,2,d7,Plate1,/Users/pmihack/claire/tmem_2026/data/cleaved_tmem_pld3_260821/d7/TMEM_KO/TMEMKO_Plate1_d7_TMEM561LAMP1640MAP2488DAPI405_H8_F2.nd2,9
1,26174,7,0.0490563154275235,2.1395108571428567,244.98460388183594,6412227.0,18.34233599010572,0.0,0.2873550529493605,True,,KO,H8,3,d7,Plate1,/Users/pmihack/claire/tmem_2026/data/cleaved_tmem_pld3_260821/d7/TMEM_KO/TMEMKO_Plate1_d7_TMEM561LAMP1640MAP2488DAPI405_H8_F3.nd2,10
2,22488,12,0.06425649235147635,1.40454,362.5102233886719,8152130.0,5.660349988497619,0.0,0.28974400724593646,True,,KO,H8,3,d7,Plate1,/Users/pmihack/claire/tmem_2026/data/cleaved_tmem_pld3_260821/d7/TMEM_KO/TMEMKO_Plate1_d7_TMEM561LAMP1640MAP2488DAPI405_H8_F3.nd2,10
3,17822,10,0.00819212209628549,0.17029439999999998,153.57215881347656,2736963.0,4.101065682096151,0.0,0.1924204515569193,True,,KO,H8,3,d7,Plate1,/Users/pmihack/claire/tmem_2026/data/cleaved_tmem_pld3_260821/d7/TMEM_KO/TMEMKO_Plate1_d7_TMEM561LAMP1640MAP2488DAPI405_H8_F3.nd2,10
4,13385,10,0.03750466940605155,0.5855328,280.9254455566406,3760187.0,10.175348820995644,0.0,0.38710037874599096,True,,KO,H8,3,d7,Plate1,/Users/pmihack/claire/tmem_2026/data/cleaved_tmem_pld3_260821/d7/TMEM_KO/TMEMKO_Plate1_d7_TMEM561LAMP1640MAP2488DAPI405_H8_F3.nd2,10
5,16333,8,0.0266944223351497,0.6356879999999999,171.07518005371094,2794171.0,3.496871892606475,0.0,0.26566119759241896,True,,KO,H8,3,d7,Plate1,/Users/pmihack/claire/tmem_2026/data/cleaved_tmem_pld3_260821/d7/TMEM_KO/TMEMKO_Plate1_d7_TMEM561LAMP1640MAP2488DAPI405_H8_F3.nd2,10
6,20084,14,0.03375821549492133,0.5648708571428571,313.7846984863281,6302052.0,11.569624312544022,0.0,0.11732685932877683,True,,KO,H8,3,d7,Plate1,/Users/pmihack/claire/tmem_2026/data/cleaved_tmem_pld3_260821/d7/TMEM_KO/TMEMKO_Plate1_d7_TMEM561LAMP1640MAP2488DAPI405_H8_F3.nd2,10
7,14155,11,0.10773578240904275,1.6170545454545453,653.5449829101562,9250929.0,4.075499164893556,0.0,0.03667879892759622,True,,KO,H8,3,d7,Plate1,/Users/pmihack/claire/tmem_2026/data/cleaved_tmem_pld3_260821/d7/TMEM_KO/TMEMKO_Plate1_d7_TMEM561LAMP1640MAP2488DAPI405_H8_F3.nd2,10
8,29078,17,0.0674736914505812,1.3461628235294116,378.8567199707031,11016396.0,7.666792276157323,0.006736776791512966,0.2519495165023786,True,,KO,H8,3,d7,Plate1,/Users/pmihack/claire/tmem_2026/data/cleaved_tmem_pld3_260821/d7/TMEM_KO/TMEMKO_Plate1_d7_TMEM561LAMP1640MAP2488DAPI405_H8_F3.nd2,10
9,8593,1,0.12347259397183755,12.375504,660.6907958984375,5677316.0,16.110038194426092,0.0,0.3911132758624931,True,,KO,H8,3,d7,Plate1,/Users/pmihack/claire/tmem_2026/data/cleaved_tmem_pld3_260821/d7/TMEM_KO/TMEMKO_Plate1_d7_TMEM561LAMP1640MAP2488DAPI405_H8_F3.nd2,10
10,23197,11,0.06837091003146958,1.6817367272727273,421.2373046875,9771442.0,3.8423217744320337,0.0,0.09993992479765167,True,,KO,H8,3,d7,Plate1,/Users/pmihack/claire/tmem_2026/data/cleaved_tmem_pld3_260821/d7/TMEM_KO/TMEMKO_Plate1_d7_TMEM561LAMP1640MAP2488DAPI405_H8_F3.nd2,10
11,11469,5,0.09669543988141947,2.5870752,538.2017822265625,6172636.0,22.390515247284906,0.0011810188880190253,0.10639835476006963,True,,KO,H8,3,d7,Plate1,/Users/pmihack/claire/tmem_2026/data/cleaved_tmem_pld3_260821/d7/TMEM_KO/TMEMKO_Plate1_d7_TMEM561LAMP1640MAP2488DAPI405_H8_F3.nd2,10
12,12429,8,0.09469788398101214,1.7160659999999999,521.9635620117188,6487485.0,25.65459743526416,0.0,0.42605105512769614,True,,KO,H8,3,d7,Plate1,/Users/pmihack/claire/tmem_2026/data/cleaved_tmem_pld3_260821/d7/TMEM_KO/TMEMKO_Plate1_d7_TMEM561LAMP1640MAP2488DAPI405_H8_F3.nd2,10
13,12755,8,0.021011368090944726,0.390744,179.13046264648438,2284809.0,18.57250664861373,0.0,0.0502978568398266,True,,KO,H8,3,d7,Plate1,/Users/pmihack/claire/tmem_2026/data/cleaved_tmem_pld3_260821/d7/TMEM_KO/TMEMKO_Plate1_d7_TMEM561LAMP1640MAP2488DAPI405_H8_F3.nd2,10
14,12909,8,0.027035401657758154,0.5088419999999999,204.1361846923828,2635194.0,14.852078142368471,0.0009308612789027393,0.13456711367166163,True,,KO,H8,3,d7,Plate1,/Users/pmihack/claire/tmem_2026/data/cleaved_tmem_pld3_260821/d7/TMEM_KO/TMEMKO_Plate1_d7_TMEM561LAMP1640MAP2488DAPI405_H8_F3.nd2,10
15,16772,3,0.00828762222752206,0.540432,67.71833801269531,1135772.0,8.103121717004326,8.452400652458891e-05,0.05902642602293248,True,,KO,H8,3,d7,Plate1,/Users/pmihack/claire/tmem_2026/data/cleaved_tmem_pld3_260821/d7/TMEM_KO/TMEMKO_Plate1_d7_TMEM561LAMP1640MAP2488DAPI405_H8_F3.nd2,10
16,4906,4,0.10925397472482674,1.562976,591.8300170898438,2903518.0,46.71828268818645,0.0,0.25281200906064083,True,,KO,H8,3,d7,Plate1,/Users/pmihack/claire/tmem_2026/data/cleaved_tmem_pld3_260821/d7/TMEM_KO/TMEMKO_Plate1_d7_TMEM561LAMP1640MAP2488DAPI405_H8_F3.nd2,10
17,20052,9,0.021643726311589867,0.562464,199.1182403564453,3992719.0,11.938851365006784,0.00014476350042968988,0.011390268946063572,True,,KO,H8,3,d7,Plate1,/Users/pmihack/claire/tmem_2026/data/cleaved_tmem_pld3_260821/d7/TMEM_KO/TMEMKO_Plate1_d7_TMEM561LAMP1640MAP2488DAPI405_H8_F3.nd2,10
18,22776,12,0.0504039339655778,1.115856,338.280517578125,7704677.0,8.953500636529732,0.0,0.06909688996097335,True,,KO,H8,3,d7,Plate1,/Users/pmihack/claire/tmem_2026/data/cleaved_tmem_pld3_260821/d7/TMEM_KO/TMEMKO_Plate1_d7_TMEM561LAMP1640MAP2488DAPI405_H8_F3.nd2,10
19,17736,9,0.008119079837618403,0.18662399999999998,147.46493530273438,2615438.0,9.826604994701167,0.0,0.17904895081251881,True,,KO,H8,3,d7,Plate1,/Users/pmihack/claire/tmem_2026/data/cleaved_tmem_pld3_260821/d7/TMEM_KO/TMEMKO_Plate1_d7_TMEM561LAMP1640MAP2488DAPI405_H8_F3.nd2,10
20,17141,5,0.05373082083892421,2.1485087999999997,279.64581298828125,4793409.0,12.620012368174116,0.0,0.19709264717143785,True,,KO,H8,3,d7,Plate1,/Users/pmihack/claire/tmem_2026/data/cleaved_tmem_pld3_260821/d7/TMEM_KO/TMEMKO_Plate1_d7_TMEM561LAMP1640MAP2488DAPI405_H8_F3.nd2,10
21,19062,3,0.03666981429021089,2.7177119999999997,201.52040100097656,3841382.0,14.965379602211641,0.0,0.47720934217789734,False,border,KO,H8,3,d7,Plate1,/Users/pmihack/claire/tmem_2026/data/cleaved_tmem_pld3_260821/d7/TMEM_KO/TMEMKO_Plate1_d7_TMEM561LAMP1640MAP2488DAPI405_H8_F3.nd2,10
22,12477,9,0.010098581389757152,0.163296,129.2519073486328,1612676.0,13.306373157014491,0.0,0.22179759747381408,True,,KO,H8,3,d7,Plate1,/Users/pmihack/claire/tmem_2026/data/cleaved_tmem_pld3_260821/d7/TMEM_KO/TMEMKO_Plate1_d7_TMEM561LAMP1640MAP2488DAPI405_H8_F3.nd2,10
23,16816,6,0.03799952426260704,1.242216,229.488525390625,3859079.0,17.40041375177058,0.0,0.12359486830297683,False,border,KO,H8,3,d7,Plate1,/Users/pmihack/claire/tmem_2026/data/cleaved_tmem_pld3_260821/d7/TMEM_KO/TMEMKO_Plate1_d7_TMEM561LAMP1640MAP2488DAPI405_H8_F3.nd2,10
1,15022,0,0.0,0.0,135.0389404296875,2028555.0,,0.0,0.05390925452435804,True,,KO,H8,4,d7,Plate1,/Users/pmihack/claire/tmem_2026/data/cleaved_tmem_pld3_260821/d7/TMEM_KO/TMEMKO_Plate1_d7_TMEM561LAMP1640MAP2488DAPI405_H8_F4.nd2,8
2,16209,0,0.0,0.0,11.623788833618164,188410.0,,0.0,0.01948577338469681,True,,KO,H8,4,d7,Plate1,/Users/pmihack/claire/tmem_2026/data/cleaved_tmem_pld3_260821/d7/TMEM_KO/TMEMKO_Plate1_d7_TMEM561LAMP1640MAP2488DAPI405_H8_F4.nd2,8
3,15285,0,0.0,0.0,396.4298400878906,6059430.0,,0.0,0.01401462076409881,False,abnormal_nucleus,KO,H8,4,d7,Plate1,/Users/pmihack/claire/tmem_2026/data/cleaved_tmem_pld3_260821/d7/TMEM_KO/TMEMKO_Plate1_d7_TMEM561LAMP1640MAP2488DAPI405_H8_F4.nd2,8
4,15055,0,0.0,0.0,208.9615478515625,3145916.0,,0.0,0.0576524225865488,False,border,KO,H8,4,d7,Plate1,/Users/pmihack/claire/tmem_2026/data/cleaved_tmem_pld3_260821/d7/TMEM_KO/TMEMKO_Plate1_d7_TMEM561LAMP1640MAP2488DAPI405_H8_F4.nd2,8
5,7804,4,0.005894413121476166,0.13413599999999998,943.6468505859375,7364220.0,21.42735778877633,0.0,0.1449502318559622,True,,KO,H8,4,d7,Plate1,/Users/pmihack/claire/tmem_2026/data/cleaved_tmem_pld3_260821/d7/TMEM_KO/TMEMKO_Plate1_d7_TMEM561LAMP1640MAP2488DAPI405_H8_F4.nd2,8
6,11941,0,0.0,0.0,230.41436767578125,2751378.0,,0.0,0.12479229869717343,True,,KO,H8,4,d7,Plate1,/Users/pmihack/claire/tmem_2026/data/cleaved_tmem_pld3_260821/d7/TMEM_KO/TMEMKO_Plate1_d7_TMEM561LAMP1640MAP2488DAPI405_H8_F4.nd2,8
7,7792,1,0.0006416837782340862,0.05832,861.75732421875,6714813.0,7.006616975064171,0.0,0.11901833579710144,True,,KO,H8,4,d7,Plate1,/Users/pmihack/claire/tmem_2026/data/cleaved_tmem_pld3_260821/d7/TMEM_KO/TMEMKO_Plate1_d7_TMEM561LAMP1640MAP2488DAPI405_H8_F4.nd2,8
8,7534,1,0.002787363950092912,0.24494399999999997,630.4275512695312,4749641.0,33.22973274900538,0.0,0.1366455694229812,True,,KO,H8,4,d7,Plate1,/Users/pmihack/claire/tmem_2026/data/cleaved_tmem_pld3_260821/d7/TMEM_KO/TMEMKO_Plate1_d7_TMEM561LAMP1640MAP2488DAPI405_H8_F4.nd2,8
9,11812,0,0.0,0.0,22.559600830078125,266474.0,,0.0,0.018719519856654158,True,,KO,H8,4,d7,Plate1,/Users/pmihack/claire/tmem_2026/data/cleaved_tmem_pld3_260821/d7/TMEM_KO/TMEMKO_Plate1_d7_TMEM561LAMP1640MAP2488DAPI405_H8_F4.nd2,8
10,11029,0,0.0,0.0,364.57421875,4020889.0,,0.0,0.058361626327438326,True,,KO,H8,4,d7,Plate1,/Users/pmihack/claire/tmem_2026/data/cleaved_tmem_pld3_260821/d7/TMEM_KO/TMEMKO_Plate1_d7_TMEM561LAMP1640MAP2488DAPI405_H8_F4.nd2,8
11,9572,0,0.0,0.0,109.4715805053711,1047862.0,,0.0,-0.028384563385029205,True,,KO,H8,4,d7,Plate1,/Users/pmihack/claire/tmem_2026/data/cleaved_tmem_pld3_260821/d7/TMEM_KO/TMEMKO_Plate1_d7_TMEM561LAMP1640MAP2488DAPI405_H8_F4.nd2,8
12,10841,1,0.00036896965224610275,0.046655999999999996,377.478271484375,4092242.0,13.603623232664908,0.0,0.08188451877086252,True,,KO,H8,4,d7,Plate1,/Users/pmihack/claire/tmem_2026/data/cleaved_tmem_pld3_260821/d7/TMEM_KO/TMEMKO_Plate1_d7_TMEM561LAMP1640MAP2488DAPI405_H8_F4.nd2,8
13,9621,0,0.0,0.0,243.70127868652344,2344650.0,,0.0,0.15076989470733965,True,,KO,H8,4,d7,Plate1,/Users/pmihack/claire/tmem_2026/data/cleaved_tmem_pld3_260821/d7/TMEM_KO/TMEMKO_Plate1_d7_TMEM561LAMP1640MAP2488DAPI405_H8_F4.nd2,8
14,7515,0,0.0,0.0,35.63433074951172,267792.0,,0.0,-0.013254081740810227,True,,KO,H8,4,d7,Plate1,/Users/pmihack/claire/tmem_2026/data/cleaved_tmem_pld3_260821/d7/TMEM_KO/TMEMKO_Plate1_d7_TMEM561LAMP1640MAP2488DAPI405_H8_F4.nd2,8
15,8825,0,0.0,0.0,95.54696655273438,843202.0,,0.0,0.03237070451278426,True,,KO,H8,4,d7,Plate1,/Users/pmihack/claire/tmem_2026/data/cleaved_tmem_pld3_260821/d7/TMEM_KO/TMEMKO_Plate1_d7_TMEM561LAMP1640MAP2488DAPI405_H8_F4.nd2,8
16,14698,0,0.0,0.0,133.20968627929688,1957916.0,,0.0,0.05587642616956238,True,,KO,H8,4,d7,Plate1,/Users/pmihack/claire/tmem_2026/data/cleaved_tmem_pld3_260821/d7/TMEM_KO/TMEMKO_Plate1_d7_TMEM561LAMP1640MAP2488DAPI405_H8_F4.nd2,8
1,12193,0,0.0,0.0,431.88043212890625,5265918.0,,0.0,-0.07238857083879112,True,,Control,C17,1,d7,Plate1,/Users/pmihack/claire/tmem_2026/data/cleaved_tmem_pld3_260821/d7/Z59_PLD_Control/PLD3Control_Plate1_d7_TMEM561LAMP1640MAP2488DAPI405_C17_F1.nd2,10
2,14268,0,0.0,0.0,480.6571960449219,6858017.0,,0.0,0.03122819170416312,True,,Control,C17,1,d7,Plate1,/Users/pmihack/claire/tmem_2026/data/cleaved_tmem_pld3_260821/d7/Z59_PLD_Control/PLD3Control_Plate1_d7_TMEM561LAMP1640MAP2488DAPI405_C17_F1.nd2,10
3,9846,0,0.0,0.0,323.866943359375,3188794.0,,0.0,0.05088142626942951,True,,Control,C17,1,d7,Plate1,/Users/pmihack/claire/tmem_2026/data/cleaved_tmem_pld3_260821/d7/Z59_PLD_Control/PLD3Control_Plate1_d7_TMEM561LAMP1640MAP2488DAPI405_C17_F1.nd2,10
4,12085,0,0.0,0.0,433.6702575683594,5240905.0,,0.0,-0.0684173796481884,True,,Control,C17,1,d7,Plate1,/Users/pmihack/claire/tmem_2026/data/cleaved_tmem_pld3_260821/d7/Z59_PLD_Control/PLD3Control_Plate1_d7_TMEM561LAMP1640MAP2488DAPI405_C17_F1.nd2,10
5,3328,0,0.0,0.0,13.13671875,43719.0,,0.0,-0.025335857491335087,True,,Control,C17,1,d7,Plate1,/Users/pmihack/claire/tmem_2026/data/cleaved_tmem_pld3_260821/d7/Z59_PLD_Control/PLD3Control_Plate1_d7_TMEM561LAMP1640MAP2488DAPI405_C17_F1.nd2,10
6,7406,0,0.0,0.0,628.6884765625,4656067.0,,0.0,-0.03474910492451868,True,,Control,C17,1,d7,Plate1,/Users/pmihack/claire/tmem_2026/data/cleaved_tmem_pld3_260821/d7/Z59_PLD_Control/PLD3Control_Plate1_d7_TMEM561LAMP1640MAP2488DAPI405_C17_F1.nd2,10
7,12789,0,0.0,0.0,213.0462188720703,2724648.0,,0.0,-0.09404371795289115,True,,Control,C17,1,d7,Plate1,/Users/pmihack/claire/tmem_2026/data/cleaved_tmem_pld3_260821/d7/Z59_PLD_Control/PLD3Control_Plate1_d7_TMEM561LAMP1640MAP2488DAPI405_C17_F1.nd2,10
8,13853,0,0.0,0.0,227.87216186523438,3156713.0,,0.0,-0.04226387344191116,True,,Control,C17,1,d7,Plate1,/Users/pmihack/claire/tmem_2026/data/cleaved_tmem_pld3_260821/d7/Z59_PLD_Control/PLD3Control_Plate1_d7_TMEM561LAMP1640MAP2488DAPI405_C17_F1.nd2,10
9,6909,0,0.0,0.0,20.104066848754883,138899.0,,0.0,-0.01948375469501798,True,,Control,C17,1,d7,Plate1,/Users/pmihack/claire/tmem_2026/data/cleaved_tmem_pld3_260821/d7/Z59_PLD_Control/PLD3Control_Plate1_d7_TMEM561LAMP1640MAP2488DAPI405_C17_F1.nd2,10
10,12000,0,0.0,0.0,169.90533447265625,2038864.0,,0.0,-0.057423486413655835,True,,Control,C17,1,d7,Plate1,/Users/pmihack/claire/tmem_2026/data/cleaved_tmem_pld3_260821/d7/Z59_PLD_Control/PLD3Control_Plate1_d7_TMEM561LAMP1640MAP2488DAPI405_C17_F1.nd2,10
11,15843,0,0.0,0.0,239.7461395263672,3798298.0,,0.0,-0.014372253816321135,True,,Control,C17,1,d7,Plate1,/Users/pmihack/claire/tmem_2026/data/cleaved_tmem_pld3_260821/d7/Z59_PLD_Control/PLD3Control_Plate1_d7_TMEM561LAMP1640MAP2488DAPI405_C17_F1.nd2,10
12,11826,0,0.0,0.0,262.8948974609375,3108995.0,,0.0,-0.020294758206885064,True,,Control,C17,1,d7,Plate1,/Users/pmihack/claire/tmem_2026/data/cleaved_tmem_pld3_260821/d7/Z59_PLD_Control/PLD3Control_Plate1_d7_TMEM561LAMP1640MAP2488DAPI405_C17_F1.nd2,10
13,13377,0,0.0,0.0,799.9119262695312,10700422.0,,0.0,-0.06487276615986452,True,,Control,C17,1,d7,Plate1,/Users/pmihack/claire/tmem_2026/data/cleaved_tmem_pld3_260821/d7/Z59_PLD_Control/PLD3Control_Plate1_d7_TMEM561LAMP1640MAP2488DAPI405_C17_F1.nd2,10
14,11179,0,0.0,0.0,212.36094665527344,2373983.0,,0.0,-0.03045281840185932,True,,Control,C17,1,d7,Plate1,/Users/pmihack/claire/tmem_2026/data/cleaved_tmem_pld3_260821/d7/Z59_PLD_Control/PLD3Control_Plate1_d7_TMEM561LAMP1640MAP2488DAPI405_C17_F1.nd2,10
15,13186,0,0.0,0.0,333.072509765625,4391894.0,,0.0,-0.05396613755056656,False,abnormal_nucleus,Control,C17,1,d7,Plate1,/Users/pmihack/claire/tmem_2026/data/cleaved_tmem_pld3_260821/d7/Z59_PLD_Control/PLD3Control_Plate1_d7_TMEM561LAMP1640MAP2488DAPI405_C17_F1.nd2,10
16,20171,0,0.0,0.0,276.2964172363281,5573175.0,,0.0016502263024449348,0.08263644830814823,True,,Control,C17,1,d7,Plate1,/Users/pmihack/claire/tmem_2026/data/cleaved_tmem_pld3_260821/d7/Z59_PLD_Control/PLD3Control_Plate1_d7_TMEM561LAMP1640MAP2488DAPI405_C17_F1.nd2,10
17,3948,0,0.0,0.0,642.4219970703125,2536282.0,,0.0,0.11086792020259797,True,,Control,C17,1,d7,Plate1,/Users/pmihack/claire/tmem_2026/data/cleaved_tmem_pld3_260821/d7/Z59_PLD_Control/PLD3Control_Plate1_d7_TMEM561LAMP1640MAP2488DAPI405_C17_F1.nd2,10
18,16239,0,0.0,0.0,186.5253448486328,3028985.0,,0.0,-0.013241685697710422,True,,Control,C17,1,d7,Plate1,/Users/pmihack/claire/tmem_2026/data/cleaved_tmem_pld3_260821/d7/Z59_PLD_Control/PLD3Control_Plate1_d7_TMEM561LAMP1640MAP2488DAPI405_C17_F1.nd2,10
1,22077,9,0.09176971508810074,2.625696,795.39501953125,17559936.0,17.458817397099253,0.0,-0.0027418585746412224,True,,Control,C17,2,d7,Plate1,/Users/pmihack/claire/tmem_2026/data/cleaved_tmem_pld3_260821/d7/Z59_PLD_Control/PLD3Control_Plate1_d7_TMEM561LAMP1640MAP2488DAPI405_C17_F2.nd2,11
2,8772,0,0.0,0.0,144.277587890625,1265603.0,,0.0,-0.11421586195691642,True,,Control,C17,2,d7,Plate1,/Users/pmihack/claire/tmem_2026/data/cleaved_tmem_pld3_260821/d7/Z59_PLD_Control/PLD3Control_Plate1_d7_TMEM561LAMP1640MAP2488DAPI405_C17_F2.nd2,11
3,10249,8,0.051126939213581815,0.7639919999999999,570.3129272460938,5845137.0,12.740599335178388,0.0,-0.09402968028292576,True,,Control,C17,2,d7,Plate1,/Users/pmihack/claire/tmem_2026/data/cleaved_tmem_pld3_260821/d7/Z59_PLD_Control/PLD3Control_Plate1_d7_TMEM561LAMP1640MAP2488DAPI405_C17_F2.nd2,11
4,6851,4,0.13414100131367684,2.679804,1132.774658203125,7760639.0,35.632665224201894,0.0,-0.11041481778600815,False,border,Control,C17,2,d7,Plate1,/Users/pmihack/claire/tmem_2026/data/cleaved_tmem_pld3_260821/d7/Z59_PLD_Control/PLD3Control_Plate1_d7_TMEM561LAMP1640MAP2488DAPI405_C17_F2.nd2,11
5,15697,7,0.12843218449385232,3.3592319999999996,1270.078125,19936416.0,15.52685252075408,0.0,-0.07255119959981446,True,,Control,C17,2,d7,Plate1,/Users/pmihack/claire/tmem_2026/data/cleaved_tmem_pld3_260821/d7/Z59_PLD_Control/PLD3Control_Plate1_d7_TMEM561LAMP1640MAP2488DAPI405_C17_F2.nd2,11
6,8715,4,0.14974182444061962,3.8053799999999995,1782.9423828125,15538343.0,13.267015729175696,0.0,0.01654318445317173,True,,Control,C17,2,d7,Plate1,/Users/pmihack/claire/tmem_2026/data/cleaved_tmem_pld3_260821/d7/Z59_PLD_Control/PLD3Control_Plate1_d7_TMEM561LAMP1640MAP2488DAPI405_C17_F2.nd2,11
7,21621,12,0.045881319087923776,0.964224,566.6593627929688,12251742.0,9.760898367383042,0.0,-0.03336616380372631,True,,Control,C17,2,d7,Plate1,/Users/pmihack/claire/tmem_2026/data/cleaved_tmem_pld3_260821/d7/Z59_PLD_Control/PLD3Control_Plate1_d7_TMEM561LAMP1640MAP2488DAPI405_C17_F2.nd2,11
8,4300,1,0.0013953488372093023,0.06998399999999999,97.12488555908203,417637.0,0.5051313242903275,0.0,0.0006298837054212735,True,,Control,C17,2,d7,Plate1,/Users/pmihack/claire/tmem_2026/data/cleaved_tmem_pld3_260821/d7/Z59_PLD_Control/PLD3Control_Plate1_d7_TMEM561LAMP1640MAP2488DAPI405_C17_F2.nd2,11
9,26944,13,0.04164192399049881,1.006692923076923,451.8978271484375,12175935.0,3.6289577117557137,0.0,0.006087248838948954,True,,Control,C17,2,d7,Plate1,/Users/pmihack/claire/tmem_2026/data/cleaved_tmem_pld3_260821/d7/Z59_PLD_Control/PLD3Control_Plate1_d7_TMEM561LAMP1640MAP2488DAPI405_C17_F2.nd2,11
10,14692,4,0.0035393411380343046,0.151632,365.60467529296875,5371464.0,0.7170474953684197,0.0,-0.02535230500013483,True,,Control,C17,2,d7,Plate1,/Users/pmihack/claire/tmem_2026/data/cleaved_tmem_pld3_260821/d7/Z59_PLD_Control/PLD3Control_Plate1_d7_TMEM561LAMP1640MAP2488DAPI405_C17_F2.nd2,11
11,8185,12,0.05216860109957239,0.41504399999999997,707.0328369140625,5787064.0,5.555817418471568,0.0,-0.023927740269467916,True,,Control,C17,2,d7,Plate1,/Users/pmihack/claire/tmem_2026/data/cleaved_tmem_pld3_260821/d7/Z59_PLD_Control/PLD3Control_Plate1_d7_TMEM561LAMP1640MAP2488DAPI405_C17_F2.nd2,11
12,9492,4,0.08470290771175727,2.344464,775.1065063476562,7357311.0,4.220780507634856,0.0,-0.1694993977003434,True,,Control,C17,2,d7,Plate1,/Users/pmihack/claire/tmem_2026/data/cleaved_tmem_pld3_260821/d7/Z59_PLD_Control/PLD3Control_Plate1_d7_TMEM561LAMP1640MAP2488DAPI405_C17_F2.nd2,11
13,8545,8,0.06530134581626683,0.813564,688.2245483398438,5880879.0,23.808982669444692,0.0,0.0009864401529593415,True,,Control,C17,2,d7,Plate1,/Users/pmihack/claire/tmem_2026/data/cleaved_tmem_pld3_260821/d7/Z59_PLD_Control/PLD3Control_Plate1_d7_TMEM561LAMP1640MAP2488DAPI405_C17_F2.nd2,11
14,8969,5,0.09309845021741554,1.9478879999999998,925.3970336914062,8299886.0,13.689263819086301,0.0,-0.05589912589603935,True,,Control,C17,2,d7,Plate1,/Users/pmihack/claire/tmem_2026/data/cleaved_tmem_pld3_260821/d7/Z59_PLD_Control/PLD3Control_Plate1_d7_TMEM561LAMP1640MAP2488DAPI405_C17_F2.nd2,11
15,10619,29,0.20369149637442321,0.8699735172413793,2059.167724609375,21866302.0,11.190761373305143,0.0,-0.05140772393603093,True,,Control,C17,2,d7,Plate1,/Users/pmihack/claire/tmem_2026/data/cleaved_tmem_pld3_260821/d7/Z59_PLD_Control/PLD3Control_Plate1_d7_TMEM561LAMP1640MAP2488DAPI405_C17_F2.nd2,11
16,12016,6,0.08205725699067909,1.916784,786.2610473632812,9447713.0,22.452326330789457,0.0,0.0040199224857795654,True,,Control,C17,2,d7,Plate1,/Users/pmihack/claire/tmem_2026/data/cleaved_tmem_pld3_260821/d7/Z59_PLD_Control/PLD3Control_Plate1_d7_TMEM561LAMP1640MAP2488DAPI405_C17_F2.nd2,11
1,6287,13,0.10959121997773183,0.618192,1209.8798828125,7606515.0,36.91819294735633,0.0,-0.1514030337586575,False,border,Control,C17,3,d7,Plate1,/Users/pmihack/claire/tmem_2026/data/cleaved_tmem_pld3_260821/d7/Z59_PLD_Control/PLD3Control_Plate1_d7_TMEM561LAMP1640MAP2488DAPI405_C17_F3.nd2,12
2,14995,3,0.0024674891630543515,0.14385599999999998,149.06414794921875,2235217.0,19.795854791643592,3.981716145062819e-05,0.0590527925749032,True,,Control,C17,3,d7,Plate1,/Users/pmihack/claire/tmem_2026/data/cleaved_tmem_pld3_260821/d7/Z59_PLD_Control/PLD3Control_Plate1_d7_TMEM561LAMP1640MAP2488DAPI405_C17_F3.nd2,12
3,17104,10,0.12523386342376053,2.4984287999999997,1315.9697265625,22508346.0,2.5232945346606455,0.004533695988357067,0.1694575432711092,True,,Control,C17,3,d7,Plate1,/Users/pmihack/claire/tmem_2026/data/cleaved_tmem_pld3_260821/d7/Z59_PLD_Control/PLD3Control_Plate1_d7_TMEM561LAMP1640MAP2488DAPI405_C17_F3.nd2,12
4,9256,12,0.11678910976663785,1.0507319999999998,1217.1593017578125,11266027.0,7.168011860169019,0.0,0.17824025837282662,True,,Control,C17,3,d7,Plate1,/Users/pmihack/claire/tmem_2026/data/cleaved_tmem_pld3_260821/d7/Z59_PLD_Control/PLD3Control_Plate1_d7_TMEM561LAMP1640MAP2488DAPI405_C17_F3.nd2,12
5,15154,5,0.0042233073775900755,0.1492992,515.336669921875,7809412.0,6.2683011233910175,0.00022191171592567116,0.11671878534131952,True,,Control,C17,3,d7,Plate1,/Users/pmihack/claire/tmem_2026/data/cleaved_tmem_pld3_260821/d7/Z59_PLD_Control/PLD3Control_Plate1_d7_TMEM561LAMP1640MAP2488DAPI405_C17_F3.nd2,12
6,14649,0,0.0,0.0,25.369104385375977,371632.0,,0.0,0.1008599276902022,True,,Control,C17,3,d7,Plate1,/Users/pmihack/claire/tmem_2026/data/cleaved_tmem_pld3_260821/d7/Z59_PLD_Control/PLD3Control_Plate1_d7_TMEM561LAMP1640MAP2488DAPI405_C17_F3.nd2,12
7,15589,17,0.18044775161973187,1.9300489411764703,1684.239990234375,26255618.0,4.118249734881482,0.0005779715138487518,0.06376550589286092,True,,Control,C17,3,d7,Plate1,/Users/pmihack/claire/tmem_2026/data/cleaved_tmem_pld3_260821/d7/Z59_PLD_Control/PLD3Control_Plate1_d7_TMEM561LAMP1640MAP2488DAPI405_C17_F3.nd2,12
8,14312,0,0.0,0.0,105.28165435791016,1506791.0,,0.0,0.03319755976777239,True,,Control,C17,3,d7,Plate1,/Users/pmihack/claire/tmem_2026/data/cleaved_tmem_pld3_260821/d7/Z59_PLD_Control/PLD3Control_Plate1_d7_TMEM561LAMP1640MAP2488DAPI405_C17_F3.nd2,12
9,14213,2,0.14599310490396117,12.101399999999998,1401.0277099609375,19912806.0,12.153640032484061,0.0,0.31068899502374675,True,,Control,C17,3,d7,Plate1,/Users/pmihack/claire/tmem_2026/data/cleaved_tmem_pld3_260821/d7/Z59_PLD_Control/PLD3Control_Plate1_d7_TMEM561LAMP1640MAP2488DAPI405_C17_F3.nd2,12
10,16621,6,0.007941760423560556,0.256608,203.577880859375,3383668.0,2.3381690366009904,0.0,0.009652154793902577,True,,Control,C17,3,d7,Plate1,/Users/pmihack/claire/tmem_2026/data/cleaved_tmem_pld3_260821/d7/Z59_PLD_Control/PLD3Control_Plate1_d7_TMEM561LAMP1640MAP2488DAPI405_C17_F3.nd2,12
11,7772,5,0.2040658775090067,3.6998207999999995,1824.76953125,14182109.0,30.68253804998165,0.0,-0.16015743678874447,True,,Control,C17,3,d7,Plate1,/Users/pmihack/claire/tmem_2026/data/cleaved_tmem_pld3_260821/d7/Z59_PLD_Control/PLD3Control_Plate1_d7_TMEM561LAMP1640MAP2488DAPI405_C17_F3.nd2,12
12,5458,3,0.005679736167094174,0.120528,242.95016479492188,1326022.0,6.714854826519784,0.0,0.022572123487132004,True,,Control,C17,3,d7,Plate1,/Users/pmihack/claire/tmem_2026/data/cleaved_tmem_pld3_260821/d7/Z59_PLD_Control/PLD3Control_Plate1_d7_TMEM561LAMP1640MAP2488DAPI405_C17_F3.nd2,12
13,4836,3,0.3215467328370554,6.04584,3191.413818359375,15433677.0,40.06461674544923,0.0,0.3432899608867341,True,,Control,C17,3,d7,Plate1,/Users/pmihack/claire/tmem_2026/data/cleaved_tmem_pld3_260821/d7/Z59_PLD_Control/PLD3Control_Plate1_d7_TMEM561LAMP1640MAP2488DAPI405_C17_F3.nd2,12
14,29868,8,0.06167135395741261,2.6856359999999997,627.2513427734375,18734744.0,8.699026533128196,0.00020656807464547455,0.016574533775219277,True,,Control,C17,3,d7,Plate1,/Users/pmihack/claire/tmem_2026/data/cleaved_tmem_pld3_260821/d7/Z59_PLD_Control/PLD3Control_Plate1_d7_TMEM561LAMP1640MAP2488DAPI405_C17_F3.nd2,12
15,20833,9,0.10046560744971919,2.712528,1412.85009765625,29433906.0,7.897883716755011,0.0,0.0806734124038274,True,,Control,C17,3,d7,Plate1,/Users/pmihack/claire/tmem_2026/data/cleaved_tmem_pld3_260821/d7/Z59_PLD_Control/PLD3Control_Plate1_d7_TMEM561LAMP1640MAP2488DAPI405_C17_F3.nd2,12
16,8678,13,0.06879465314588615,0.5356467692307691,1050.138671875,9113103.0,17.016425474831376,0.0008037876687012613,0.013667429272459996,True,,Control,C17,3,d7,Plate1,/Users/pmihack/claire/tmem_2026/data/cleaved_tmem_pld3_260821/d7/Z59_PLD_Control/PLD3Control_Plate1_d7_TMEM561LAMP1640MAP2488DAPI405_C17_F3.nd2,12
17,7559,13,0.0673369493319222,0.4566904615384615,935.846435546875,7074063.0,26.349726331521374,0.0002479480463080108,0.042715699412119,True,,Control,C17,3,d7,Plate1,/Users/pmihack/claire/tmem_2026/data/cleaved_tmem_pld3_260821/d7/Z59_PLD_Control/PLD3Control_Plate1_d7_TMEM561LAMP1640MAP2488DAPI405_C17_F3.nd2,12
18,18342,16,0.03489259622723803,0.46656,593.1614379882812,10879767.0,7.873466472175037,0.004398807417601347,0.1417951668672423,True,,Control,C17,3,d7,Plate1,/Users/pmihack/claire/tmem_2026/data/cleaved_tmem_pld3_260821/d7/Z59_PLD_Control/PLD3Control_Plate1_d7_TMEM561LAMP1640MAP2488DAPI405_C17_F3.nd2,12
19,257,0,0.0,0.0,224.1050567626953,57595.0,,0.0,0.22736422008163648,False,size_outlier,Control,C17,3,d7,Plate1,/Users/pmihack/claire/tmem_2026/data/cleaved_tmem_pld3_260821/d7/Z59_PLD_Control/PLD3Control_Plate1_d7_TMEM561LAMP1640MAP2488DAPI405_C17_F3.nd2,12
20,19912,10,0.03500401767778224,0.8129808,539.05859375,10733735.0,13.556347019991266,0.001245698775164783,0.1645282915150499,True,,Control,C17,3,d7,Plate1,/Users/pmihack/claire/tmem_2026/data/cleaved_tmem_pld3_260821/d7/Z59_PLD_Control/PLD3Control_Plate1_d7_TMEM561LAMP1640MAP2488DAPI405_C17_F3.nd2,12
21,13379,11,0.014799312355183496,0.20995199999999997,411.088134765625,5499948.0,16.567434261795103,1.6909250916796736e-05,0.015781339297119213,True,,Control,C17,3,d7,Plate1,/Users/pmihack/claire/tmem_2026/data/cleaved_tmem_pld3_260821/d7/Z59_PLD_Control/PLD3Control_Plate1_d7_TMEM561LAMP1640MAP2488DAPI405_C17_F3.nd2,12
22,23939,4,0.08926855758385897,6.231491999999999,1043.2813720703125,24975112.0,16.71610723677756,2.222212242486421e-05,0.026905851577130192,True,,Control,C17,3,d7,Plate1,/Users/pmihack/claire/tmem_2026/data/cleaved_tmem_pld3_260821/d7/Z59_PLD_Control/PLD3Control_Plate1_d7_TMEM561LAMP1640MAP2488DAPI405_C17_F3.nd2,12
23,20777,13,0.1462193771959378,2.7257870769230768,1710.1729736328125,35532264.0,18.9862982469792,0.0,0.10683743229806543,True,,Control,C17,3,d7,Plate1,/Users/pmihack/claire/tmem_2026/data/cleaved_tmem_pld3_260821/d7/Z59_PLD_Control/PLD3Control_Plate1_d7_TMEM561LAMP1640MAP2488DAPI405_C17_F3.nd2,12
24,8646,3,0.004973398103169095,0.167184,182.9925994873047,1582154.0,33.285936037434396,0.0,0.015098774736156177,True,,Control,C17,3,d7,Plate1,/Users/pmihack/claire/tmem_2026/data/cleaved_tmem_pld3_260821/d7/Z59_PLD_Control/PLD3Control_Plate1_d7_TMEM561LAMP1640MAP2488DAPI405_C17_F3.nd2,12
25,11670,0,0.0,0.0,86.71619415283203,1011978.0,,0.0,0.10346116252158917,True,,Control,C17,3,d7,Plate1,/Users/pmihack/claire/tmem_2026/data/cleaved_tmem_pld3_260821/d7/Z59_PLD_Control/PLD3Control_Plate1_d7_TMEM561LAMP1640MAP2488DAPI405_C17_F3.nd2,12
1,13501,17,0.09947411302866455,0.9214559999999999,1110.743896484375,14996153.0,7.437273384848976,0.0,0.29384584248048073,True,,Control,C17,4,d7,Plate1,/Users/pmihack/claire/tmem_2026/data/cleaved_tmem_pld3_260821/d7/Z59_PLD_Control/PLD3Control_Plate1_d7_TMEM561LAMP1640MAP2488DAPI405_C17_F4.nd2,11
2,7458,5,0.015017430946634486,0.26127359999999994,456.4384460449219,3404118.0,4.021912631564835,0.00010340417065890506,0.030149673826911083,True,,Control,C17,4,d7,Plate1,/Users/pmihack/claire/tmem_2026/data/cleaved_tmem_pld3_260821/d7/Z59_PLD_Control/PLD3Control_Plate1_d7_TMEM561LAMP1640MAP2488DAPI405_C17_F4.nd2,11
3,31410,10,0.0542184017828717,1.9863792,657.7888793945312,20661148.0,5.132156217147635,0.0004173533816356212,0.0191579717508901,True,,Control,C17,4,d7,Plate1,/Users/pmihack/claire/tmem_2026/data/cleaved_tmem_pld3_260821/d7/Z59_PLD_Control/PLD3Control_Plate1_d7_TMEM561LAMP1640MAP2488DAPI405_C17_F4.nd2,11
4,35779,17,0.056988736409625755,1.398993882352941,628.2326049804688,22477534.0,7.011066747134121,0.0,0.5701056621010654,True,,Control,C17,4,d7,Plate1,/Users/pmihack/claire/tmem_2026/data/cleaved_tmem_pld3_260821/d7/Z59_PLD_Control/PLD3Control_Plate1_d7_TMEM561LAMP1640MAP2488DAPI405_C17_F4.nd2,11
5,8354,2,0.23354081876945176,11.378231999999999,2180.409423828125,18215140.0,28.497216139696665,0.0,0.0307987202461079,True,,Control,C17,4,d7,Plate1,/Users/pmihack/claire/tmem_2026/data/cleaved_tmem_pld3_260821/d7/Z59_PLD_Control/PLD3Control_Plate1_d7_TMEM561LAMP1640MAP2488DAPI405_C17_F4.nd2,11
6,10658,7,0.15237380371551887,2.7060479999999996,1420.1439208984375,15135894.0,9.124864621467887,0.0,0.11200637114222918,True,,Control,C17,4,d7,Plate1,/Users/pmihack/claire/tmem_2026/data/cleaved_tmem_pld3_260821/d7/Z59_PLD_Control/PLD3Control_Plate1_d7_TMEM561LAMP1640MAP2488DAPI405_C17_F4.nd2,11
7,5478,0,0.0,0.0,30.483205795288086,166987.0,,0.00024552809190936387,0.020592877189049133,True,,Control,C17,4,d7,Plate1,/Users/pmihack/claire/tmem_2026/data/cleaved_tmem_pld3_260821/d7/Z59_PLD_Control/PLD3Control_Plate1_d7_TMEM561LAMP1640MAP2488DAPI405_C17_F4.nd2,11
8,10198,6,0.12669150813885074,2.511648,1168.5721435546875,11917099.0,5.19032009949941,0.0,0.3484383770785335,True,,Control,C17,4,d7,Plate1,/Users/pmihack/claire/tmem_2026/data/cleaved_tmem_pld3_260821/d7/Z59_PLD_Control/PLD3Control_Plate1_d7_TMEM561LAMP1640MAP2488DAPI405_C17_F4.nd2,11
9,5098,0,0.0,0.0,28.88348388671875,147248.0,,0.0,0.017943544666607348,True,,Control,C17,4,d7,Plate1,/Users/pmihack/claire/tmem_2026/data/cleaved_tmem_pld3_260821/d7/Z59_PLD_Control/PLD3Control_Plate1_d7_TMEM561LAMP1640MAP2488DAPI405_C17_F4.nd2,11
10,12670,4,0.12541436464088399,4.6335239999999995,1371.0074462890625,17370664.0,6.693411943438645,0.0031347679905593395,0.26478377113477314,True,,Control,C17,4,d7,Plate1,/Users/pmihack/claire/tmem_2026/data/cleaved_tmem_pld3_260821/d7/Z59_PLD_Control/PLD3Control_Plate1_d7_TMEM561LAMP1640MAP2488DAPI405_C17_F4.nd2,11
11,7211,0,0.0,0.0,25.548744201660156,184232.0,,0.0,0.07532936063325556,True,,Control,C17,4,d7,Plate1,/Users/pmihack/claire/tmem_2026/data/cleaved_tmem_pld3_260821/d7/Z59_PLD_Control/PLD3Control_Plate1_d7_TMEM561LAMP1640MAP2488DAPI405_C17_F4.nd2,11
12,9911,5,0.1497326203208556,3.4618751999999997,1577.0128173828125,15629774.0,12.456295456936695,0.0,0.4873194896419915,True,,Control,C17,4,d7,Plate1,/Users/pmihack/claire/tmem_2026/data/cleaved_tmem_pld3_260821/d7/Z59_PLD_Control/PLD3Control_Plate1_d7_TMEM561LAMP1640MAP2488DAPI405_C17_F4.nd2,11
13,14489,4,0.039409206984609015,1.665036,434.6978454589844,6298337.0,6.448567088871832,0.0,0.20316517876691134,True,,Control,C17,4,d7,Plate1,/Users/pmihack/claire/tmem_2026/data/cleaved_tmem_pld3_260821/d7/Z59_PLD_Control/PLD3Control_Plate1_d7_TMEM561LAMP1640MAP2488DAPI405_C17_F4.nd2,11
14,34351,27,0.04282262525108439,0.6354719999999999,555.5974731445312,19085328.0,8.3072208784577,3.3009650906024035e-06,0.1286914770363086,True,,Control,C17,4,d7,Plate1,/Users/pmihack/claire/tmem_2026/data/cleaved_tmem_pld3_260821/d7/Z59_PLD_Control/PLD3Control_Plate1_d7_TMEM561LAMP1640MAP2488DAPI405_C17_F4.nd2,11
15,31485,30,0.034619660155629665,0.423792,503.2987976074219,15846363.0,8.335724354024507,0.0004834547871723771,0.03633891838229388,True,,Control,C17,4,d7,Plate1,/Users/pmihack/claire/tmem_2026/data/cleaved_tmem_pld3_260821/d7/Z59_PLD_Control/PLD3Control_Plate1_d7_TMEM561LAMP1640MAP2488DAPI405_C17_F4.nd2,11
16,12504,12,0.1560300703774792,1.896372,2002.728271484375,25042114.0,25.53866775495535,6.548968030983815e-06,0.0787727474226072,True,,Control,C17,4,d7,Plate1,/Users/pmihack/claire/tmem_2026/data/cleaved_tmem_pld3_260821/d7/Z59_PLD_Control/PLD3Control_Plate1_d7_TMEM561LAMP1640MAP2488DAPI405_C17_F4.nd2,11
17,9335,5,0.07702196036422068,1.6772832,842.3472900390625,7863312.0,23.732455349685537,0.004209676757454872,0.2516377527202121,True,,Control,C17,4,d7,Plate1,/Users/pmihack/claire/tmem_2026/data/cleaved_tmem_pld3_260821/d7/Z59_PLD_Control/PLD3Control_Plate1_d7_TMEM561LAMP1640MAP2488DAPI405_C17_F4.nd2,11
18,7656,3,0.07902298850574713,2.3522399999999997,1083.296630859375,8293719.0,30.583641848564,0.0,0.012346429456138775,True,,Control,C17,4,d7,Plate1,/Users/pmihack/claire/tmem_2026/data/cleaved_tmem_pld3_260821/d7/Z59_PLD_Control/PLD3Control_Plate1_d7_TMEM561LAMP1640MAP2488DAPI405_C17_F4.nd2,11
19,14707,4,0.12694635207724214,5.444171999999999,1204.4305419921875,17713560.0,19.145244020302687,0.0,0.107900609904912,True,,Control,C17,4,d7,Plate1,/Users/pmihack/claire/tmem_2026/data/cleaved_tmem_pld3_260821/d7/Z59_PLD_Control/PLD3Control_Plate1_d7_TMEM561LAMP1640MAP2488DAPI405_C17_F4.nd2,11
20,13417,7,0.05045837370500112,1.1280754285714285,512.1123046875,6871011.0,11.799183176294594,0.011113503016531467,0.19302907915604559,True,,Control,C17,4,d7,Plate1,/Users/pmihack/claire/tmem_2026/data/cleaved_tmem_pld3_260821/d7/Z59_PLD_Control/PLD3Control_Plate1_d7_TMEM561LAMP1640MAP2488DAPI405_C17_F4.nd2,11
21,32866,11,0.00690683381001643,0.24070254545454545,205.88986206054688,6766776.0,6.009573012875739,1.477808609706699e-06,0.16934756586004873,True,,Control,C17,4,d7,Plate1,/Users/pmihack/claire/tmem_2026/data/cleaved_tmem_pld3_260821/d7/Z59_PLD_Control/PLD3Control_Plate1_d7_TMEM561LAMP1640MAP2488DAPI405_C17_F4.nd2,11
22,6489,6,0.054245646478656186,0.6842879999999999,749.3995971679688,4862854.0,22.726506251975582,0.0,0.1529884095453411,True,,Control,C17,4,d7,Plate1,/Users/pmihack/claire/tmem_2026/data/cleaved_tmem_pld3_260821/d7/Z59_PLD_Control/PLD3Control_Plate1_d7_TMEM561LAMP1640MAP2488DAPI405_C17_F4.nd2,11
23,9423,2,0.06059641303194312,3.330072,689.8389282226562,6500352.0,17.534936526215514,0.0,0.300953046820162,True,,Control,C17,4,d7,Plate1,/Users/pmihack/claire/tmem_2026/data/cleaved_tmem_pld3_260821/d7/Z59_PLD_Control/PLD3Control_Plate1_d7_TMEM561LAMP1640MAP2488DAPI405_C17_F4.nd2,11
24,14926,8,0.04368216534905534,0.9506159999999999,488.40863037109375,7289987.0,7.703487470609654,0.0,0.09755096110316266,True,,Control,C17,4,d7,Plate1,/Users/pmihack/claire/tmem_2026/data/cleaved_tmem_pld3_260821/d7/Z59_PLD_Control/PLD3Control_Plate1_d7_TMEM561LAMP1640MAP2488DAPI405_C17_F4.nd2,11
1,5226,0,0.0,0.0,7.14982795715332,37365.0,,0.0,0.0549943027636367,True,,Control,D17,1,d7,Plate1,/Users/pmihack/claire/tmem_2026/data/cleaved_tmem_pld3_260821/d7/Z59_PLD_Control/PLD3Control_Plate1_d7_TMEM561LAMP1640MAP2488DAPI405_D17_F1.nd2,12
2,9297,5,0.0101107884263741,0.21928319999999998,211.42648315429688,1965632.0,30.499188877159835,0.0,0.07505066765517986,True,,Control,D17,1,d7,Plate1,/Users/pmihack/claire/tmem_2026/data/cleaved_tmem_pld3_260821/d7/Z59_PLD_Control/PLD3Control_Plate1_d7_TMEM561LAMP1640MAP2488DAPI405_D17_F1.nd2,12
3,10715,0,0.0,0.0,76.21222686767578,816614.0,,0.0,0.0055761049330326565,True,,Control,D17,1,d7,Plate1,/Users/pmihack/claire/tmem_2026/data/cleaved_tmem_pld3_260821/d7/Z59_PLD_Control/PLD3Control_Plate1_d7_TMEM561LAMP1640MAP2488DAPI405_D17_F1.nd2,12
4,16904,7,0.048272598201609083,1.3596891428571427,392.5122985839844,6635028.0,10.847499405073604,0.0,0.005543780209304165,True,,Control,D17,1,d7,Plate1,/Users/pmihack/claire/tmem_2026/data/cleaved_tmem_pld3_260821/d7/Z59_PLD_Control/PLD3Control_Plate1_d7_TMEM561LAMP1640MAP2488DAPI405_D17_F1.nd2,12
5,14824,4,0.02077711818672423,0.8981279999999999,150.94482421875,2237606.0,19.25158807756764,0.0,0.08007615858187794,True,,Control,D17,1,d7,Plate1,/Users/pmihack/claire/tmem_2026/data/cleaved_tmem_pld3_260821/d7/Z59_PLD_Control/PLD3Control_Plate1_d7_TMEM561LAMP1640MAP2488DAPI405_D17_F1.nd2,12
6,20489,5,0.04792815657181902,2.2908096,384.52691650390625,7878572.0,14.913268747495252,7.107887086021947e-06,0.0068146650236372425,True,,Control,D17,1,d7,Plate1,/Users/pmihack/claire/tmem_2026/data/cleaved_tmem_pld3_260821/d7/Z59_PLD_Control/PLD3Control_Plate1_d7_TMEM561LAMP1640MAP2488DAPI405_D17_F1.nd2,12
7,5566,0,0.0,0.0,8.660798072814941,48206.0,,0.0,0.14291391225754868,True,,Control,D17,1,d7,Plate1,/Users/pmihack/claire/tmem_2026/data/cleaved_tmem_pld3_260821/d7/Z59_PLD_Control/PLD3Control_Plate1_d7_TMEM561LAMP1640MAP2488DAPI405_D17_F1.nd2,12
8,17194,3,0.010759567290915435,0.7192799999999999,173.41864013671875,2981760.0,13.277799226809874,0.0,-0.0142709479160389,True,,Control,D17,1,d7,Plate1,/Users/pmihack/claire/tmem_2026/data/cleaved_tmem_pld3_260821/d7/Z59_PLD_Control/PLD3Control_Plate1_d7_TMEM561LAMP1640MAP2488DAPI405_D17_F1.nd2,12
9,17965,1,0.00027831895352073476,0.05832,98.8614501953125,1776046.0,5.8639089347410405,0.0,0.05473624058514446,True,,Control,D17,1,d7,Plate1,/Users/pmihack/claire/tmem_2026/data/cleaved_tmem_pld3_260821/d7/Z59_PLD_Control/PLD3Control_Plate1_d7_TMEM561LAMP1640MAP2488DAPI405_D17_F1.nd2,12
10,13044,4,0.005059797608095676,0.192456,205.62779235839844,2682209.0,8.489527620620875,0.0,0.24115499443226865,True,,Control,D17,1,d7,Plate1,/Users/pmihack/claire/tmem_2026/data/cleaved_tmem_pld3_260821/d7/Z59_PLD_Control/PLD3Control_Plate1_d7_TMEM561LAMP1640MAP2488DAPI405_D17_F1.nd2,12
11,5428,0,0.0,0.0,79.3839340209961,430896.0,,0.0,-0.016593008924124606,True,,Control,D17,1,d7,Plate1,/Users/pmihack/claire/tmem_2026/data/cleaved_tmem_pld3_260821/d7/Z59_PLD_Control/PLD3Control_Plate1_d7_TMEM561LAMP1640MAP2488DAPI405_D17_F1.nd2,12
12,7825,0,0.0,0.0,38.27412033081055,299495.0,,0.0,-0.02238269100984972,True,,Control,D17,1,d7,Plate1,/Users/pmihack/claire/tmem_2026/data/cleaved_tmem_pld3_260821/d7/Z59_PLD_Control/PLD3Control_Plate1_d7_TMEM561LAMP1640MAP2488DAPI405_D17_F1.nd2,12
13,4766,0,0.0,0.0,8.866135597229004,42256.0,,0.0,0.07808484363703934,True,,Control,D17,1,d7,Plate1,/Users/pmihack/claire/tmem_2026/data/cleaved_tmem_pld3_260821/d7/Z59_PLD_Control/PLD3Control_Plate1_d7_TMEM561LAMP1640MAP2488DAPI405_D17_F1.nd2,12
14,7483,1,0.0010690899371909662,0.09331199999999999,144.5942840576172,1081999.0,29.90102847662516,0.0,0.11820412172496257,False,border,Control,D17,1,d7,Plate1,/Users/pmihack/claire/tmem_2026/data/cleaved_tmem_pld3_260821/d7/Z59_PLD_Control/PLD3Control_Plate1_d7_TMEM561LAMP1640MAP2488DAPI405_D17_F1.nd2,12
15,21613,1,0.0002776106972655346,0.06998399999999999,86.85425567626953,1877181.0,8.732707300964131,0.0,0.03174088624501834,True,,Control,D17,1,d7,Plate1,/Users/pmihack/claire/tmem_2026/data/cleaved_tmem_pld3_260821/d7/Z59_PLD_Control/PLD3Control_Plate1_d7_TMEM561LAMP1640MAP2488DAPI405_D17_F1.nd2,12
16,9247,1,0.00043257272628960744,0.046655999999999996,93.6019287109375,865537.0,14.893678690355387,0.0,-0.0026340003554895038,True,,Control,D17,1,d7,Plate1,/Users/pmihack/claire/tmem_2026/data/cleaved_tmem_pld3_260821/d7/Z59_PLD_Control/PLD3Control_Plate1_d7_TMEM561LAMP1640MAP2488DAPI405_D17_F1.nd2,12
17,19652,5,0.0020354162426216163,0.09331199999999999,133.6480712890625,2626452.0,17.564929551865937,0.0,0.17427304969397497,True,,Control,D17,1,d7,Plate1,/Users/pmihack/claire/tmem_2026/data/cleaved_tmem_pld3_260821/d7/Z59_PLD_Control/PLD3Control_Plate1_d7_TMEM561LAMP1640MAP2488DAPI405_D17_F1.nd2,12
18,4078,0,0.0,0.0,42.76042175292969,174377.0,,0.0,-0.013278934413511384,True,,Control,D17,1,d7,Plate1,/Users/pmihack/claire/tmem_2026/data/cleaved_tmem_pld3_260821/d7/Z59_PLD_Control/PLD3Control_Plate1_d7_TMEM561LAMP1640MAP2488DAPI405_D17_F1.nd2,12
1,7575,0,0.0,0.0,6.5450825691223145,49579.0,,0.0,0.268186021129083,True,,Control,D17,2,d7,Plate1,/Users/pmihack/claire/tmem_2026/data/cleaved_tmem_pld3_260821/d7/Z59_PLD_Control/PLD3Control_Plate1_d7_TMEM561LAMP1640MAP2488DAPI405_D17_F2.nd2,9
2,20833,11,0.031296500744011906,0.6913570909090908,65.92425537109375,1373400.0,5.453433280004693,0.0,0.07140161515928886,True,,Control,D17,2,d7,Plate1,/Users/pmihack/claire/tmem_2026/data/cleaved_tmem_pld3_260821/d7/Z59_PLD_Control/PLD3Control_Plate1_d7_TMEM561LAMP1640MAP2488DAPI405_D17_F2.nd2,9
3,11838,10,0.02889001520527116,0.3989088,92.63676452636719,1096634.0,11.688519193809501,0.0007304169121198356,0.03935519588957607,True,,Control,D17,2,d7,Plate1,/Users/pmihack/claire/tmem_2026/data/cleaved_tmem_pld3_260821/d7/Z59_PLD_Control/PLD3Control_Plate1_d7_TMEM561LAMP1640MAP2488DAPI405_D17_F2.nd2,9
4,6339,6,0.03959615081243098,0.487944,101.31771850585938,642253.0,35.193864452414594,0.0,-0.060052284355300675,True,,Control,D17,2,d7,Plate1,/Users/pmihack/claire/tmem_2026/data/cleaved_tmem_pld3_260821/d7/Z59_PLD_Control/PLD3Control_Plate1_d7_TMEM561LAMP1640MAP2488DAPI405_D17_F2.nd2,9
5,2493,0,0.0,0.0,10.573606491088867,26360.0,,0.0,0.040667059781204676,True,,Control,D17,2,d7,Plate1,/Users/pmihack/claire/tmem_2026/data/cleaved_tmem_pld3_260821/d7/Z59_PLD_Control/PLD3Control_Plate1_d7_TMEM561LAMP1640MAP2488DAPI405_D17_F2.nd2,9
6,13677,13,0.025151714557285956,0.30864738461538455,71.80865478515625,982127.0,27.77592686670627,0.0,0.09587192533753473,True,,Control,D17,2,d7,Plate1,/Users/pmihack/claire/tmem_2026/data/cleaved_tmem_pld3_260821/d7/Z59_PLD_Control/PLD3Control_Plate1_d7_TMEM561LAMP1640MAP2488DAPI405_D17_F2.nd2,9
7,15582,3,0.04473109998716468,2.709936,89.07913208007812,1388031.0,3.70380805565678,0.0,0.06394938325274044,True,,Control,D17,2,d7,Plate1,/Users/pmihack/claire/tmem_2026/data/cleaved_tmem_pld3_260821/d7/Z59_PLD_Control/PLD3Control_Plate1_d7_TMEM561LAMP1640MAP2488DAPI405_D17_F2.nd2,9
8,13520,13,0.05473372781065089,0.6639507692307691,108.22337341308594,1463180.0,5.671750676945834,0.0,0.037292347492345605,True,,Control,D17,2,d7,Plate1,/Users/pmihack/claire/tmem_2026/data/cleaved_tmem_pld3_260821/d7/Z59_PLD_Control/PLD3Control_Plate1_d7_TMEM561LAMP1640MAP2488DAPI405_D17_F2.nd2,9
9,8175,7,0.01015290519877676,0.13830171428571428,47.08256912231445,384900.0,14.748372142540369,0.0001610807958059013,-0.0519886203275545,True,,Control,D17,2,d7,Plate1,/Users/pmihack/claire/tmem_2026/data/cleaved_tmem_pld3_260821/d7/Z59_PLD_Control/PLD3Control_Plate1_d7_TMEM561LAMP1640MAP2488DAPI405_D17_F2.nd2,9
10,7840,2,0.0792091836734694,3.621672,131.4544677734375,1030603.0,16.369470663609345,3.0079478165134788e-05,-0.0638139633730617,True,,Control,D17,2,d7,Plate1,/Users/pmihack/claire/tmem_2026/data/cleaved_tmem_pld3_260821/d7/Z59_PLD_Control/PLD3Control_Plate1_d7_TMEM561LAMP1640MAP2488DAPI405_D17_F2.nd2,9
11,15051,1,0.00026576307222111485,0.046655999999999996,42.515316009521484,639898.0,15.580925394980724,0.0,-0.027333131663582293,True,,Control,D17,2,d7,Plate1,/Users/pmihack/claire/tmem_2026/data/cleaved_tmem_pld3_260821/d7/Z59_PLD_Control/PLD3Control_Plate1_d7_TMEM561LAMP1640MAP2488DAPI405_D17_F2.nd2,9
12,20608,21,0.05420225155279503,0.6204137142857142,116.12572479248047,2393119.0,6.497729018022668,0.0,0.06584764618642246,True,,Control,D17,2,d7,Plate1,/Users/pmihack/claire/tmem_2026/data/cleaved_tmem_pld3_260821/d7/Z59_PLD_Control/PLD3Control_Plate1_d7_TMEM561LAMP1640MAP2488DAPI405_D17_F2.nd2,9
13,13889,6,0.06803945568435453,1.8370799999999998,118.26488494873047,1642581.0,10.808893884720147,0.0,0.07221501362438452,True,,Control,D17,2,d7,Plate1,/Users/pmihack/claire/tmem_2026/data/cleaved_tmem_pld3_260821/d7/Z59_PLD_Control/PLD3Control_Plate1_d7_TMEM561LAMP1640MAP2488DAPI405_D17_F2.nd2,9
14,22935,12,0.03963374754741661,0.8835479999999999,79.3494644165039,1819880.0,13.232895482513717,0.0,0.10270215195524625,True,,Control,D17,2,d7,Plate1,/Users/pmihack/claire/tmem_2026/data/cleaved_tmem_pld3_260821/d7/Z59_PLD_Control/PLD3Control_Plate1_d7_TMEM561LAMP1640MAP2488DAPI405_D17_F2.nd2,9
15,12393,19,0.04962478818687969,0.3775452631578947,133.8156280517578,1658377.0,22.039235666465924,0.0,0.04584057738881154,True,,Control,D17,2,d7,Plate1,/Users/pmihack/claire/tmem_2026/data/cleaved_tmem_pld3_260821/d7/Z59_PLD_Control/PLD3Control_Plate1_d7_TMEM561LAMP1640MAP2488DAPI405_D17_F2.nd2,9
16,7549,0,0.0,0.0,17.372896194458008,131148.0,,0.0012809955514967442,0.010973766312245954,True,,Control,D17,2,d7,Plate1,/Users/pmihack/claire/tmem_2026/data/cleaved_tmem_pld3_260821/d7/Z59_PLD_Control/PLD3Control_Plate1_d7_TMEM561LAMP1640MAP2488DAPI405_D17_F2.nd2,9
17,7585,1,0.0005273566249176005,0.046655999999999996,30.543704986572266,231674.0,40.35798850989493,0.0,0.08083591317070511,False,border,Control,D17,2,d7,Plate1,/Users/pmihack/claire/tmem_2026/data/cleaved_tmem_pld3_260821/d7/Z59_PLD_Control/PLD3Control_Plate1_d7_TMEM561LAMP1640MAP2488DAPI405_D17_F2.nd2,9
1,17165,0,0.0,0.0,33.66082000732422,577788.0,,0.0,0.10590236336966942,True,,Control,D17,3,d7,Plate1,/Users/pmihack/claire/tmem_2026/data/cleaved_tmem_pld3_260821/d7/Z59_PLD_Control/PLD3Control_Plate1_d7_TMEM561LAMP1640MAP2488DAPI405_D17_F3.nd2,9
2,9849,0,0.0,0.0,110.47618865966797,1088080.0,,0.0,0.014356736846613817,True,,Control,D17,3,d7,Plate1,/Users/pmihack/claire/tmem_2026/data/cleaved_tmem_pld3_260821/d7/Z59_PLD_Control/PLD3Control_Plate1_d7_TMEM561LAMP1640MAP2488DAPI405_D17_F3.nd2,9
3,11099,1,9.009820704567979e-05,0.011663999999999999,51.680240631103516,573599.0,25.31529733357307,0.0,-0.03356386906619981,True,,Control,D17,3,d7,Plate1,/Users/pmihack/claire/tmem_2026/data/cleaved_tmem_pld3_260821/d7/Z59_PLD_Control/PLD3Control_Plate1_d7_TMEM561LAMP1640MAP2488DAPI405_D17_F3.nd2,9
4,7978,0,0.0,0.0,20.25545310974121,161598.0,,0.0,-0.022228509219541778,True,,Control,D17,3,d7,Plate1,/Users/pmihack/claire/tmem_2026/data/cleaved_tmem_pld3_260821/d7/Z59_PLD_Control/PLD3Control_Plate1_d7_TMEM561LAMP1640MAP2488DAPI405_D17_F3.nd2,9
5,15907,0,0.0,0.0,144.38253784179688,2296693.0,,0.0,-0.027400828833784373,True,,Control,D17,3,d7,Plate1,/Users/pmihack/claire/tmem_2026/data/cleaved_tmem_pld3_260821/d7/Z59_PLD_Control/PLD3Control_Plate1_d7_TMEM561LAMP1640MAP2488DAPI405_D17_F3.nd2,9
6,17987,0,0.0,0.0,89.86067962646484,1616324.0,,0.0,0.15281321843488113,True,,Control,D17,3,d7,Plate1,/Users/pmihack/claire/tmem_2026/data/cleaved_tmem_pld3_260821/d7/Z59_PLD_Control/PLD3Control_Plate1_d7_TMEM561LAMP1640MAP2488DAPI405_D17_F3.nd2,9
7,17904,0,0.0,0.0,38.91990661621094,696822.0,,0.0,-0.008340374185470264,True,,Control,D17,3,d7,Plate1,/Users/pmihack/claire/tmem_2026/data/cleaved_tmem_pld3_260821/d7/Z59_PLD_Control/PLD3Control_Plate1_d7_TMEM561LAMP1640MAP2488DAPI405_D17_F3.nd2,9
8,21123,0,0.0,0.0,76.30615997314453,1611815.0,,0.0,0.010527131979165405,True,,Control,D17,3,d7,Plate1,/Users/pmihack/claire/tmem_2026/data/cleaved_tmem_pld3_260821/d7/Z59_PLD_Control/PLD3Control_Plate1_d7_TMEM561LAMP1640MAP2488DAPI405_D17_F3.nd2,9
9,8950,7,0.022905027932960894,0.3415885714285714,566.4842529296875,5070034.0,12.45510089543962,0.0,0.14619490106615396,True,,Control,D17,3,d7,Plate1,/Users/pmihack/claire/tmem_2026/data/cleaved_tmem_pld3_260821/d7/Z59_PLD_Control/PLD3Control_Plate1_d7_TMEM561LAMP1640MAP2488DAPI405_D17_F3.nd2,9
10,11145,8,0.09071332436069987,1.474038,1095.6676025390625,12211216.0,7.497333623540934,0.0,0.034252565903212046,True,,Control,D17,3,d7,Plate1,/Users/pmihack/claire/tmem_2026/data/cleaved_tmem_pld3_260821/d7/Z59_PLD_Control/PLD3Control_Plate1_d7_TMEM561LAMP1640MAP2488DAPI405_D17_F3.nd2,9
11,10698,6,0.1690970274817723,3.5166959999999996,2390.330078125,25571752.0,5.49018487042003,0.0,0.24674531356574378,True,,Control,D17,3,d7,Plate1,/Users/pmihack/claire/tmem_2026/data/cleaved_tmem_pld3_260821/d7/Z59_PLD_Control/PLD3Control_Plate1_d7_TMEM561LAMP1640MAP2488DAPI405_D17_F3.nd2,9
12,15551,5,0.003343836409234133,0.1213056,241.09896850585938,3749330.0,16.262477382633016,0.0,0.00282649251176866,True,,Control,D17,3,d7,Plate1,/Users/pmihack/claire/tmem_2026/data/cleaved_tmem_pld3_260821/d7/Z59_PLD_Control/PLD3Control_Plate1_d7_TMEM561LAMP1640MAP2488DAPI405_D17_F3.nd2,9
13,6146,8,0.07321835340058575,0.6560999999999999,1013.0977783203125,6226499.0,12.545760576522538,0.0,-0.09172708955772343,True,,Control,D17,3,d7,Plate1,/Users/pmihack/claire/tmem_2026/data/cleaved_tmem_pld3_260821/d7/Z59_PLD_Control/PLD3Control_Plate1_d7_TMEM561LAMP1640MAP2488DAPI405_D17_F3.nd2,9
14,32479,15,0.05052495458604021,1.2760415999999999,543.2870483398438,17645420.0,3.961628798863193,0.0,0.15777510098486044,True,,Control,D17,3,d7,Plate1,/Users/pmihack/claire/tmem_2026/data/cleaved_tmem_pld3_260821/d7/Z59_PLD_Control/PLD3Control_Plate1_d7_TMEM561LAMP1640MAP2488DAPI405_D17_F3.nd2,9
15,27631,25,0.05432304295899533,0.7003065599999999,768.663330078125,21238936.0,4.406177157795731,0.0,0.06739320287277968,True,,Control,D17,3,d7,Plate1,/Users/pmihack/claire/tmem_2026/data/cleaved_tmem_pld3_260821/d7/Z59_PLD_Control/PLD3Control_Plate1_d7_TMEM561LAMP1640MAP2488DAPI405_D17_F3.nd2,9
16,23694,13,0.06917363045496751,1.4705612307692306,905.1664428710938,21447014.0,12.193540421383005,0.0,-0.0035077703606016435,True,,Control,D17,3,d7,Plate1,/Users/pmihack/claire/tmem_2026/data/cleaved_tmem_pld3_260821/d7/Z59_PLD_Control/PLD3Control_Plate1_d7_TMEM561LAMP1640MAP2488DAPI405_D17_F3.nd2,9
17,16265,0,0.0,0.0,40.971473693847656,666401.0,,0.0,0.0612951701571006,True,,Control,D17,3,d7,Plate1,/Users/pmihack/claire/tmem_2026/data/cleaved_tmem_pld3_260821/d7/Z59_PLD_Control/PLD3Control_Plate1_d7_TMEM561LAMP1640MAP2488DAPI405_D17_F3.nd2,9
18,18458,8,0.012189836385307184,0.32804999999999995,705.1151733398438,13015016.0,17.353468906788166,0.0,0.05238130593240653,True,,Control,D17,3,d7,Plate1,/Users/pmihack/claire/tmem_2026/data/cleaved_tmem_pld3_260821/d7/Z59_PLD_Control/PLD3Control_Plate1_d7_TMEM561LAMP1640MAP2488DAPI405_D17_F3.nd2,9
1,8323,8,0.21975249309143338,2.6666819999999998,2205.297119140625,18354688.0,1.7937049391063442,0.0,0.1782480140866516,True,,Control,D17,4,d7,Plate1,/Users/pmihack/claire/tmem_2026/data/cleaved_tmem_pld3_260821/d7/Z59_PLD_Control/PLD3Control_Plate1_d7_TMEM561LAMP1640MAP2488DAPI405_D17_F4.nd2,12
2,11134,5,0.13508173163283635,3.5085311999999997,1423.073974609375,15844506.0,13.897572770872126,0.0,0.27495696238341205,True,,Control,D17,4,d7,Plate1,/Users/pmihack/claire/tmem_2026/data/cleaved_tmem_pld3_260821/d7/Z59_PLD_Control/PLD3Control_Plate1_d7_TMEM561LAMP1640MAP2488DAPI405_D17_F4.nd2,12
3,38905,11,0.07978408944865699,3.2913687272727272,839.9965209960938,32680064.0,6.674311898120426,0.0,0.08088423381898548,True,,Control,D17,4,d7,Plate1,/Users/pmihack/claire/tmem_2026/data/cleaved_tmem_pld3_260821/d7/Z59_PLD_Control/PLD3Control_Plate1_d7_TMEM561LAMP1640MAP2488DAPI405_D17_F4.nd2,12
4,18836,7,0.015342960288808664,0.4815565714285714,283.7992248535156,5345642.0,5.795953671043815,0.0,0.12550483182531882,True,,Control,D17,4,d7,Plate1,/Users/pmihack/claire/tmem_2026/data/cleaved_tmem_pld3_260821/d7/Z59_PLD_Control/PLD3Control_Plate1_d7_TMEM561LAMP1640MAP2488DAPI405_D17_F4.nd2,12
5,29449,9,0.11195626337057285,4.272912,1152.3216552734375,33934720.0,14.637095288865455,0.0,0.17017288316619592,True,,Control,D17,4,d7,Plate1,/Users/pmihack/claire/tmem_2026/data/cleaved_tmem_pld3_260821/d7/Z59_PLD_Control/PLD3Control_Plate1_d7_TMEM561LAMP1640MAP2488DAPI405_D17_F4.nd2,12
6,14598,8,0.034319769831483764,0.7304579999999999,454.7695007324219,6638725.0,8.852688672768508,0.0,0.20447153751216543,False,border,Control,D17,4,d7,Plate1,/Users/pmihack/claire/tmem_2026/data/cleaved_tmem_pld3_260821/d7/Z59_PLD_Control/PLD3Control_Plate1_d7_TMEM561LAMP1640MAP2488DAPI405_D17_F4.nd2,12
7,6097,4,0.1548302443824832,2.7527039999999996,1449.4447021484375,8837264.0,14.195350523219187,0.0,0.3244650592604677,True,,Control,D17,4,d7,Plate1,/Users/pmihack/claire/tmem_2026/data/cleaved_tmem_pld3_260821/d7/Z59_PLD_Control/PLD3Control_Plate1_d7_TMEM561LAMP1640MAP2488DAPI405_D17_F4.nd2,12
8,14601,1,6.848845969454146e-05,0.011663999999999999,30.52215576171875,445654.0,10.75828746334105,0.0,0.0765135956879102,True,,Control,D17,4,d7,Plate1,/Users/pmihack/claire/tmem_2026/data/cleaved_tmem_pld3_260821/d7/Z59_PLD_Control/PLD3Control_Plate1_d7_TMEM561LAMP1640MAP2488DAPI405_D17_F4.nd2,12
9,14529,3,0.05898547732121963,3.332016,611.9122924804688,8890474.0,24.435429385134242,0.002737536793574691,0.07826606605368733,True,,Control,D17,4,d7,Plate1,/Users/pmihack/claire/tmem_2026/data/cleaved_tmem_pld3_260821/d7/Z59_PLD_Control/PLD3Control_Plate1_d7_TMEM561LAMP1640MAP2488DAPI405_D17_F4.nd2,12
10,16355,21,0.12919596453683888,1.1736205714285712,1268.006103515625,20738240.0,15.305773326134432,0.0009836418321356177,0.03968604332438676,True,,Control,D17,4,d7,Plate1,/Users/pmihack/claire/tmem_2026/data/cleaved_tmem_pld3_260821/d7/Z59_PLD_Control/PLD3Control_Plate1_d7_TMEM561LAMP1640MAP2488DAPI405_D17_F4.nd2,12
11,21574,0,0.0,0.0,66.29174041748047,1430178.0,,0.0005328007973730564,0.026615986167859117,True,,Control,D17,4,d7,Plate1,/Users/pmihack/claire/tmem_2026/data/cleaved_tmem_pld3_260821/d7/Z59_PLD_Control/PLD3Control_Plate1_d7_TMEM561LAMP1640MAP2488DAPI405_D17_F4.nd2,12
12,24231,13,0.08390078824646115,1.8240701538461537,821.7993774414062,19913020.0,11.129639289898996,0.0,0.22546864467037409,True,,Control,D17,4,d7,Plate1,/Users/pmihack/claire/tmem_2026/data/cleaved_tmem_pld3_260821/d7/Z59_PLD_Control/PLD3Control_Plate1_d7_TMEM561LAMP1640MAP2488DAPI405_D17_F4.nd2,12
13,9359,12,0.07319158029704029,0.66582,862.4750366210938,8071904.0,35.17438358194801,0.0,0.24257508182802132,True,,Control,D17,4,d7,Plate1,/Users/pmihack/claire/tmem_2026/data/cleaved_tmem_pld3_260821/d7/Z59_PLD_Control/PLD3Control_Plate1_d7_TMEM561LAMP1640MAP2488DAPI405_D17_F4.nd2,12
14,16444,7,0.08130625152031136,2.227824,813.8008422851562,13382141.0,17.307295200873718,0.0,0.1285715728307188,True,,Control,D17,4,d7,Plate1,/Users/pmihack/claire/tmem_2026/data/cleaved_tmem_pld3_260821/d7/Z59_PLD_Control/PLD3Control_Plate1_d7_TMEM561LAMP1640MAP2488DAPI405_D17_F4.nd2,12
15,18212,9,0.04919833077092027,1.161216,542.1163940429688,9873024.0,13.554501385708683,0.0,0.2265717244418339,True,,Control,D17,4,d7,Plate1,/Users/pmihack/claire/tmem_2026/data/cleaved_tmem_pld3_260821/d7/Z59_PLD_Control/PLD3Control_Plate1_d7_TMEM561LAMP1640MAP2488DAPI405_D17_F4.nd2,12
16,9204,2,0.11940460669274229,6.409368,1092.1390380859375,10052048.0,17.44633179756821,0.0,0.05068532783959015,True,,Control,D17,4,d7,Plate1,/Users/pmihack/claire/tmem_2026/data/cleaved_tmem_pld3_260821/d7/Z59_PLD_Control/PLD3Control_Plate1_d7_TMEM561LAMP1640MAP2488DAPI405_D17_F4.nd2,12
17,10564,3,0.11207875804619462,4.6033919999999995,1130.1776123046875,11939196.0,17.840484223493227,0.0,0.23942745053369344,True,,Control,D17,4,d7,Plate1,/Users/pmihack/claire/tmem_2026/data/cleaved_tmem_pld3_260821/d7/Z59_PLD_Control/PLD3Control_Plate1_d7_TMEM561LAMP1640MAP2488DAPI405_D17_F4.nd2,12
18,5709,5,0.11192853389385181,1.4906591999999999,1167.667236328125,6666212.0,27.338270051385507,0.0,0.3347213782009257,True,,Control,D17,4,d7,Plate1,/Users/pmihack/claire/tmem_2026/data/cleaved_tmem_pld3_260821/d7/Z59_PLD_Control/PLD3Control_Plate1_d7_TMEM561LAMP1640MAP2488DAPI405_D17_F4.nd2,12
1,4633,2,0.06928556011223828,1.8720719999999997,430.1090087890625,1992695.0,6.5751825469497245,0.0,-0.17285702490996824,True,,Control,E17,1,d7,Plate1,/Users/pmihack/claire/tmem_2026/data/cleaved_tmem_pld3_260821/d7/Z59_PLD_Control/PLD3Control_Plate1_d7_TMEM561LAMP1640MAP2488DAPI405_E17_F1.nd2,12
2,10944,7,0.06761695906432749,1.2330514285714285,396.55499267578125,4339898.0,5.612284810230179,0.0,-0.019642593633515906,True,,Control,E17,1,d7,Plate1,/Users/pmihack/claire/tmem_2026/data/cleaved_tmem_pld3_260821/d7/Z59_PLD_Control/PLD3Control_Plate1_d7_TMEM561LAMP1640MAP2488DAPI405_E17_F1.nd2,12
3,17025,4,0.030484581497797356,1.513404,188.17626953125,3203701.0,2.626036554984751,0.0,0.06959261328718232,True,,Control,E17,1,d7,Plate1,/Users/pmihack/claire/tmem_2026/data/cleaved_tmem_pld3_260821/d7/Z59_PLD_Control/PLD3Control_Plate1_d7_TMEM561LAMP1640MAP2488DAPI405_E17_F1.nd2,12
4,10888,0,0.0,0.0,14.978876113891602,163090.0,,0.0,-0.040933785154333865,True,,Control,E17,1,d7,Plate1,/Users/pmihack/claire/tmem_2026/data/cleaved_tmem_pld3_260821/d7/Z59_PLD_Control/PLD3Control_Plate1_d7_TMEM561LAMP1640MAP2488DAPI405_E17_F1.nd2,12
5,8842,3,0.0528161049536304,1.8156959999999998,334.4719543457031,2957401.0,21.92082075930342,0.0,-0.00880100147560508,True,,Control,E17,1,d7,Plate1,/Users/pmihack/claire/tmem_2026/data/cleaved_tmem_pld3_260821/d7/Z59_PLD_Control/PLD3Control_Plate1_d7_TMEM561LAMP1640MAP2488DAPI405_E17_F1.nd2,12
6,9812,5,0.06216877293110477,1.4230079999999998,382.20526123046875,3750198.0,24.327098922462067,0.0,-0.06425917082794616,True,,Control,E17,1,d7,Plate1,/Users/pmihack/claire/tmem_2026/data/cleaved_tmem_pld3_260821/d7/Z59_PLD_Control/PLD3Control_Plate1_d7_TMEM561LAMP1640MAP2488DAPI405_E17_F1.nd2,12
7,9064,7,0.058583406884377756,0.8847977142857143,379.6614074707031,3441251.0,17.295528585250985,0.0,0.052298760042086556,True,,Control,E17,1,d7,Plate1,/Users/pmihack/claire/tmem_2026/data/cleaved_tmem_pld3_260821/d7/Z59_PLD_Control/PLD3Control_Plate1_d7_TMEM561LAMP1640MAP2488DAPI405_E17_F1.nd2,12
8,19787,24,0.05195330267347248,0.499608,360.3255615234375,7129762.0,11.376390000597729,0.0,0.004725839042526382,True,,Control,E17,1,d7,Plate1,/Users/pmihack/claire/tmem_2026/data/cleaved_tmem_pld3_260821/d7/Z59_PLD_Control/PLD3Control_Plate1_d7_TMEM561LAMP1640MAP2488DAPI405_E17_F1.nd2,12
9,16889,2,0.06246669429806383,6.15276,468.1690368652344,7906907.0,6.481120946368202,0.0,-0.012186047670964987,True,,Control,E17,1,d7,Plate1,/Users/pmihack/claire/tmem_2026/data/cleaved_tmem_pld3_260821/d7/Z59_PLD_Control/PLD3Control_Plate1_d7_TMEM561LAMP1640MAP2488DAPI405_E17_F1.nd2,12
10,15776,7,0.05064655172413793,1.3313622857142855,327.9527893066406,5173783.0,7.093473180284505,0.0,-0.017347124390108756,True,,Control,E17,1,d7,Plate1,/Users/pmihack/claire/tmem_2026/data/cleaved_tmem_pld3_260821/d7/Z59_PLD_Control/PLD3Control_Plate1_d7_TMEM561LAMP1640MAP2488DAPI405_E17_F1.nd2,12
11,14027,6,0.0278748128609111,0.760104,190.707275390625,2675051.0,5.987717327360743,0.0,0.030130706418940376,True,,Control,E17,1,d7,Plate1,/Users/pmihack/claire/tmem_2026/data/cleaved_tmem_pld3_260821/d7/Z59_PLD_Control/PLD3Control_Plate1_d7_TMEM561LAMP1640MAP2488DAPI405_E17_F1.nd2,12
12,9549,1,0.08493035919991622,9.459503999999999,504.0419006347656,4813096.0,14.400683354716525,0.0,-0.025637987951917404,True,,Control,E17,1,d7,Plate1,/Users/pmihack/claire/tmem_2026/data/cleaved_tmem_pld3_260821/d7/Z59_PLD_Control/PLD3Control_Plate1_d7_TMEM561LAMP1640MAP2488DAPI405_E17_F1.nd2,12
13,10526,0,0.0,0.0,16.874502182006836,177621.0,,0.0,-0.02064389104792579,True,,Control,E17,1,d7,Plate1,/Users/pmihack/claire/tmem_2026/data/cleaved_tmem_pld3_260821/d7/Z59_PLD_Control/PLD3Control_Plate1_d7_TMEM561LAMP1640MAP2488DAPI405_E17_F1.nd2,12
14,11965,1,0.002423735896364396,0.33825599999999995,102.42733001708984,1225543.0,8.335683835625348,0.0,-0.07505183733128894,True,,Control,E17,1,d7,Plate1,/Users/pmihack/claire/tmem_2026/data/cleaved_tmem_pld3_260821/d7/Z59_PLD_Control/PLD3Control_Plate1_d7_TMEM561LAMP1640MAP2488DAPI405_E17_F1.nd2,12
15,9298,4,0.056141105614110565,1.522152,337.69134521484375,3139854.0,18.75475468477621,0.0,-0.05935672911524087,True,,Control,E17,1,d7,Plate1,/Users/pmihack/claire/tmem_2026/data/cleaved_tmem_pld3_260821/d7/Z59_PLD_Control/PLD3Control_Plate1_d7_TMEM561LAMP1640MAP2488DAPI405_E17_F1.nd2,12
16,12401,0,0.0,0.0,102.3298110961914,1268992.0,,0.0,0.19337326226169724,True,,Control,E17,1,d7,Plate1,/Users/pmihack/claire/tmem_2026/data/cleaved_tmem_pld3_260821/d7/Z59_PLD_Control/PLD3Control_Plate1_d7_TMEM561LAMP1640MAP2488DAPI405_E17_F1.nd2,12
17,8573,0,0.0,0.0,21.630701065063477,185440.0,,0.0,0.02847395020143237,True,,Control,E17,1,d7,Plate1,/Users/pmihack/claire/tmem_2026/data/cleaved_tmem_pld3_260821/d7/Z59_PLD_Control/PLD3Control_Plate1_d7_TMEM561LAMP1640MAP2488DAPI405_E17_F1.nd2,12
1,20988,5,0.04254812273680198,2.0831904,176.07398986816406,3695441.0,0.6673004678762194,0.0,0.12486900840200553,True,,Control,E17,2,d7,Plate1,/Users/pmihack/claire/tmem_2026/data/cleaved_tmem_pld3_260821/d7/Z59_PLD_Control/PLD3Control_Plate1_d7_TMEM561LAMP1640MAP2488DAPI405_E17_F2.nd2,10
2,19285,7,0.0049261083743842365,0.15829714285714283,69.58770751953125,1341999.0,4.437947203535419,0.0,0.07535787886293802,True,,Control,E17,2,d7,Plate1,/Users/pmihack/claire/tmem_2026/data/cleaved_tmem_pld3_260821/d7/Z59_PLD_Control/PLD3Control_Plate1_d7_TMEM561LAMP1640MAP2488DAPI405_E17_F2.nd2,10
3,8242,6,0.09548653239504974,1.5299279999999997,362.1933898925781,2985198.0,12.205492930971891,0.0,0.0617575644543787,True,,Control,E17,2,d7,Plate1,/Users/pmihack/claire/tmem_2026/data/cleaved_tmem_pld3_260821/d7/Z59_PLD_Control/PLD3Control_Plate1_d7_TMEM561LAMP1640MAP2488DAPI405_E17_F2.nd2,10
4,5798,5,0.1257330113832356,1.7006112,421.85064697265625,2445890.0,24.65606255610616,0.0,0.28340469873113167,True,,Control,E17,2,d7,Plate1,/Users/pmihack/claire/tmem_2026/data/cleaved_tmem_pld3_260821/d7/Z59_PLD_Control/PLD3Control_Plate1_d7_TMEM561LAMP1640MAP2488DAPI405_E17_F2.nd2,10
5,13771,2,0.0071890204051993315,0.577368,58.00217819213867,798748.0,20.53097966304169,0.0,0.24197045893738447,True,,Control,E17,2,d7,Plate1,/Users/pmihack/claire/tmem_2026/data/cleaved_tmem_pld3_260821/d7/Z59_PLD_Control/PLD3Control_Plate1_d7_TMEM561LAMP1640MAP2488DAPI405_E17_F2.nd2,10
6,10327,2,0.07020431877602401,4.228199999999999,277.9775390625,2870674.0,3.5164758009949812,0.0,0.18382746242702439,True,,Control,E17,2,d7,Plate1,/Users/pmihack/claire/tmem_2026/data/cleaved_tmem_pld3_260821/d7/Z59_PLD_Control/PLD3Control_Plate1_d7_TMEM561LAMP1640MAP2488DAPI405_E17_F2.nd2,10
7,19354,4,0.04050842203162137,2.2861439999999997,161.69375610351562,3129421.0,17.729409633051766,0.0,0.11723316619633024,True,,Control,E17,2,d7,Plate1,/Users/pmihack/claire/tmem_2026/data/cleaved_tmem_pld3_260821/d7/Z59_PLD_Control/PLD3Control_Plate1_d7_TMEM561LAMP1640MAP2488DAPI405_E17_F2.nd2,10
8,14794,1,0.00027037988373665,0.046655999999999996,28.380626678466797,419863.0,12.88466458943596,0.0,0.008574482650813087,True,,Control,E17,2,d7,Plate1,/Users/pmihack/claire/tmem_2026/data/cleaved_tmem_pld3_260821/d7/Z59_PLD_Control/PLD3Control_Plate1_d7_TMEM561LAMP1640MAP2488DAPI405_E17_F2.nd2,10
9,23164,6,0.014116732861336558,0.6356879999999999,91.32200622558594,2115383.0,10.918269193400816,0.0,0.00565358647854829,True,,Control,E17,2,d7,Plate1,/Users/pmihack/claire/tmem_2026/data/cleaved_tmem_pld3_260821/d7/Z59_PLD_Control/PLD3Control_Plate1_d7_TMEM561LAMP1640MAP2488DAPI405_E17_F2.nd2,10
10,25559,20,0.050510583356156345,0.7529111999999999,236.7021026611328,6049869.0,5.127958885728462,0.0,0.0032064011919906658,True,,Control,E17,2,d7,Plate1,/Users/pmihack/claire/tmem_2026/data/cleaved_tmem_pld3_260821/d7/Z59_PLD_Control/PLD3Control_Plate1_d7_TMEM561LAMP1640MAP2488DAPI405_E17_F2.nd2,10
11,12586,1,0.0021452407436834578,0.314928,44.98355484008789,566163.0,31.15225594667145,0.0,0.0029163140194570416,True,,Control,E17,2,d7,Plate1,/Users/pmihack/claire/tmem_2026/data/cleaved_tmem_pld3_260821/d7/Z59_PLD_Control/PLD3Control_Plate1_d7_TMEM561LAMP1640MAP2488DAPI405_E17_F2.nd2,10
12,4926,0,0.0,0.0,38.566383361816406,189978.0,,0.0,0.5835538952017684,True,,Control,E17,2,d7,Plate1,/Users/pmihack/claire/tmem_2026/data/cleaved_tmem_pld3_260821/d7/Z59_PLD_Control/PLD3Control_Plate1_d7_TMEM561LAMP1640MAP2488DAPI405_E17_F2.nd2,10
13,10809,7,0.03987417892496993,0.7181691428571427,159.23443603515625,1721165.0,26.699239299015332,0.0,-0.017395722226404134,True,,Control,E17,2,d7,Plate1,/Users/pmihack/claire/tmem_2026/data/cleaved_tmem_pld3_260821/d7/Z59_PLD_Control/PLD3Control_Plate1_d7_TMEM561LAMP1640MAP2488DAPI405_E17_F2.nd2,10
14,13553,5,0.022430458201136278,0.7091711999999999,161.56201171875,2189650.0,24.942892924696928,0.0,-0.08805800332130276,True,,Control,E17,2,d7,Plate1,/Users/pmihack/claire/tmem_2026/data/cleaved_tmem_pld3_260821/d7/Z59_PLD_Control/PLD3Control_Plate1_d7_TMEM561LAMP1640MAP2488DAPI405_E17_F2.nd2,10
15,12289,11,0.0300268532834242,0.3912741818181818,149.60134887695312,1838451.0,14.095507342094567,0.0,-0.02350534931936431,True,,Control,E17,2,d7,Plate1,/Users/pmihack/claire/tmem_2026/data/cleaved_tmem_pld3_260821/d7/Z59_PLD_Control/PLD3Control_Plate1_d7_TMEM561LAMP1640MAP2488DAPI405_E17_F2.nd2,10
16,10633,9,0.010251105050315058,0.14126399999999997,116.7391128540039,1241287.0,35.692385954857194,0.0,0.021199084076187483,True,,Control,E17,2,d7,Plate1,/Users/pmihack/claire/tmem_2026/data/cleaved_tmem_pld3_260821/d7/Z59_PLD_Control/PLD3Control_Plate1_d7_TMEM561LAMP1640MAP2488DAPI405_E17_F2.nd2,10
1,4593,3,0.25821902895710863,4.611167999999999,2746.421875,12614316.0,22.974483196565888,0.0,0.31997785876280604,True,,Control,E17,3,d7,Plate1,/Users/pmihack/claire/tmem_2026/data/cleaved_tmem_pld3_260821/d7/Z59_PLD_Control/PLD3Control_Plate1_d7_TMEM561LAMP1640MAP2488DAPI405_E17_F3.nd2,13
2,21871,10,0.08243793150747565,2.1030192,1000.3623046875,21878924.0,14.222723560836329,0.0,0.3152639500904188,True,,Control,E17,3,d7,Plate1,/Users/pmihack/claire/tmem_2026/data/cleaved_tmem_pld3_260821/d7/Z59_PLD_Control/PLD3Control_Plate1_d7_TMEM561LAMP1640MAP2488DAPI405_E17_F3.nd2,13
3,19657,5,0.12682504960065116,5.8156704,1708.874755859375,33591352.0,15.073995987336115,0.0,0.2528042125215679,True,,Control,E17,3,d7,Plate1,/Users/pmihack/claire/tmem_2026/data/cleaved_tmem_pld3_260821/d7/Z59_PLD_Control/PLD3Control_Plate1_d7_TMEM561LAMP1640MAP2488DAPI405_E17_F3.nd2,13
4,35408,14,0.07786375960234976,2.2969748571428568,900.7210693359375,31892732.0,4.2362967470285415,0.0018864800222218037,0.22793524607123997,True,,Control,E17,3,d7,Plate1,/Users/pmihack/claire/tmem_2026/data/cleaved_tmem_pld3_260821/d7/Z59_PLD_Control/PLD3Control_Plate1_d7_TMEM561LAMP1640MAP2488DAPI405_E17_F3.nd2,13
5,28473,10,0.07652864116882661,2.5415856,912.83447265625,25991136.0,12.521336152114927,0.0,0.23002258865004702,True,,Control,E17,3,d7,Plate1,/Users/pmihack/claire/tmem_2026/data/cleaved_tmem_pld3_260821/d7/Z59_PLD_Control/PLD3Control_Plate1_d7_TMEM561LAMP1640MAP2488DAPI405_E17_F3.nd2,13
6,21592,13,0.15065765098184514,2.918691692307692,1855.721435546875,40068736.0,5.336377863814184,0.0,0.1843743685634823,True,,Control,E17,3,d7,Plate1,/Users/pmihack/claire/tmem_2026/data/cleaved_tmem_pld3_260821/d7/Z59_PLD_Control/PLD3Control_Plate1_d7_TMEM561LAMP1640MAP2488DAPI405_E17_F3.nd2,13
7,12714,13,0.03720308321535316,0.42439015384615386,635.983642578125,8085896.0,21.284257697098734,0.0005571429501287639,0.19049239384630662,True,,Control,E17,3,d7,Plate1,/Users/pmihack/claire/tmem_2026/data/cleaved_tmem_pld3_260821/d7/Z59_PLD_Control/PLD3Control_Plate1_d7_TMEM561LAMP1640MAP2488DAPI405_E17_F3.nd2,13
8,22162,13,0.029870950275245917,0.5939667692307692,383.3460998535156,8495716.0,4.101015021188657,0.0,0.37140321527290326,True,,Control,E17,3,d7,Plate1,/Users/pmihack/claire/tmem_2026/data/cleaved_tmem_pld3_260821/d7/Z59_PLD_Control/PLD3Control_Plate1_d7_TMEM561LAMP1640MAP2488DAPI405_E17_F3.nd2,13
9,9845,0,0.0,0.0,3.6879634857177734,36308.0,,0.0,0.0063452847175333145,True,,Control,E17,3,d7,Plate1,/Users/pmihack/claire/tmem_2026/data/cleaved_tmem_pld3_260821/d7/Z59_PLD_Control/PLD3Control_Plate1_d7_TMEM561LAMP1640MAP2488DAPI405_E17_F3.nd2,13
10,21027,20,0.03761830028059162,0.4613111999999999,632.7592163085938,13305028.0,8.753797155575558,1.292744400416268e-05,0.06899289176061234,True,,Control,E17,3,d7,Plate1,/Users/pmihack/claire/tmem_2026/data/cleaved_tmem_pld3_260821/d7/Z59_PLD_Control/PLD3Control_Plate1_d7_TMEM561LAMP1640MAP2488DAPI405_E17_F3.nd2,13
11,15678,0,0.0,0.0,12.738040924072266,199707.0,,1.5022007573861629e-05,0.041316904531249185,True,,Control,E17,3,d7,Plate1,/Users/pmihack/claire/tmem_2026/data/cleaved_tmem_pld3_260821/d7/Z59_PLD_Control/PLD3Control_Plate1_d7_TMEM561LAMP1640MAP2488DAPI405_E17_F3.nd2,13
12,8415,9,0.08045157456922163,0.877392,1060.41357421875,8923380.0,23.065627533859544,0.0,0.3428822286773116,True,,Control,E17,3,d7,Plate1,/Users/pmihack/claire/tmem_2026/data/cleaved_tmem_pld3_260821/d7/Z59_PLD_Control/PLD3Control_Plate1_d7_TMEM561LAMP1640MAP2488DAPI405_E17_F3.nd2,13
13,7079,0,0.0,0.0,89.31473541259766,632259.0,,0.0,-0.01669867559801717,True,,Control,E17,3,d7,Plate1,/Users/pmihack/claire/tmem_2026/data/cleaved_tmem_pld3_260821/d7/Z59_PLD_Control/PLD3Control_Plate1_d7_TMEM561LAMP1640MAP2488DAPI405_E17_F3.nd2,13
14,15489,12,0.04241719930273097,0.638604,640.7305297851562,9924275.0,11.284406106745067,0.0,0.31614745348405415,True,,Control,E17,3,d7,Plate1,/Users/pmihack/claire/tmem_2026/data/cleaved_tmem_pld3_260821/d7/Z59_PLD_Control/PLD3Control_Plate1_d7_TMEM561LAMP1640MAP2488DAPI405_E17_F3.nd2,13
15,28108,22,0.04753095204212324,0.708322909090909,658.8278198242188,18518332.0,7.873835581314494,0.0006928810034878552,0.06844952310843953,True,,Control,E17,3,d7,Plate1,/Users/pmihack/claire/tmem_2026/data/cleaved_tmem_pld3_260821/d7/Z59_PLD_Control/PLD3Control_Plate1_d7_TMEM561LAMP1640MAP2488DAPI405_E17_F3.nd2,13
16,15630,10,0.10569417786308381,1.9268927999999996,1162.3309326171875,18167232.0,12.535324912678098,0.0,0.2732218206191083,True,,Control,E17,3,d7,Plate1,/Users/pmihack/claire/tmem_2026/data/cleaved_tmem_pld3_260821/d7/Z59_PLD_Control/PLD3Control_Plate1_d7_TMEM561LAMP1640MAP2488DAPI405_E17_F3.nd2,13
17,31703,17,0.04393905939500994,0.955761882352941,596.961181640625,18925460.0,8.279595530786203,0.0,0.21073608848783248,True,,Control,E17,3,d7,Plate1,/Users/pmihack/claire/tmem_2026/data/cleaved_tmem_pld3_260821/d7/Z59_PLD_Control/PLD3Control_Plate1_d7_TMEM561LAMP1640MAP2488DAPI405_E17_F3.nd2,13
18,24533,9,0.030489544694900745,0.9694079999999999,409.836181640625,10054511.0,9.008973984338274,0.0,0.11202072667851348,True,,Control,E17,3,d7,Plate1,/Users/pmihack/claire/tmem_2026/data/cleaved_tmem_pld3_260821/d7/Z59_PLD_Control/PLD3Control_Plate1_d7_TMEM561LAMP1640MAP2488DAPI405_E17_F3.nd2,13
19,20334,1,0.0001967148618078096,0.046655999999999996,102.05714416503906,2075230.0,12.006042805758696,0.0,0.15225702414016568,True,,Control,E17,3,d7,Plate1,/Users/pmihack/claire/tmem_2026/data/cleaved_tmem_pld3_260821/d7/Z59_PLD_Control/PLD3Control_Plate1_d7_TMEM561LAMP1640MAP2488DAPI405_E17_F3.nd2,13
20,12984,5,0.08156192236598891,2.4704352,1069.4517822265625,13885762.0,17.624887341994953,0.0,0.12974856931547543,True,,Control,E17,3,d7,Plate1,/Users/pmihack/claire/tmem_2026/data/cleaved_tmem_pld3_260821/d7/Z59_PLD_Control/PLD3Control_Plate1_d7_TMEM561LAMP1640MAP2488DAPI405_E17_F3.nd2,13
1,9673,12,0.08590923188255971,0.8077319999999999,1093.0712890625,10573278.0,0.8940998504701074,0.0,0.18123942332864482,True,,Control,E17,4,d7,Plate1,/Users/pmihack/claire/tmem_2026/data/cleaved_tmem_pld3_260821/d7/Z59_PLD_Control/PLD3Control_Plate1_d7_TMEM561LAMP1640MAP2488DAPI405_E17_F4.nd2,8
2,29327,19,0.05523919937259181,0.9945094736842104,782.5277709960938,22949192.0,5.331906526148264,0.0,0.038740427736694255,True,,Control,E17,4,d7,Plate1,/Users/pmihack/claire/tmem_2026/data/cleaved_tmem_pld3_260821/d7/Z59_PLD_Control/PLD3Control_Plate1_d7_TMEM561LAMP1640MAP2488DAPI405_E17_F4.nd2,8
3,14691,4,0.07514804982642434,3.219264,951.4825439453125,13978230.0,5.870935822208449,0.0,0.27449874627915555,True,,Control,E17,4,d7,Plate1,/Users/pmihack/claire/tmem_2026/data/cleaved_tmem_pld3_260821/d7/Z59_PLD_Control/PLD3Control_Plate1_d7_TMEM561LAMP1640MAP2488DAPI405_E17_F4.nd2,8
4,11609,3,0.011198208286674132,0.50544,292.67767333984375,3397695.0,2.424511025947437,0.0,-0.0018872317637975051,True,,Control,E17,4,d7,Plate1,/Users/pmihack/claire/tmem_2026/data/cleaved_tmem_pld3_260821/d7/Z59_PLD_Control/PLD3Control_Plate1_d7_TMEM561LAMP1640MAP2488DAPI405_E17_F4.nd2,8
5,8787,3,0.06930693069306931,2.3677919999999997,924.776611328125,8126012.0,7.78052668326916,0.0,0.35495092919748766,True,,Control,E17,4,d7,Plate1,/Users/pmihack/claire/tmem_2026/data/cleaved_tmem_pld3_260821/d7/Z59_PLD_Control/PLD3Control_Plate1_d7_TMEM561LAMP1640MAP2488DAPI405_E17_F4.nd2,8
6,25021,2,0.05255585308340994,7.669079999999999,638.0078735351562,15963595.0,13.651525693158066,0.0,0.12924053199691177,True,,Control,E17,4,d7,Plate1,/Users/pmihack/claire/tmem_2026/data/cleaved_tmem_pld3_260821/d7/Z59_PLD_Control/PLD3Control_Plate1_d7_TMEM561LAMP1640MAP2488DAPI405_E17_F4.nd2,8
7,20681,5,0.008897055268120497,0.42923519999999993,210.219482421875,4347549.0,5.53905043449432,0.0,0.015288509581651295,True,,Control,E17,4,d7,Plate1,/Users/pmihack/claire/tmem_2026/data/cleaved_tmem_pld3_260821/d7/Z59_PLD_Control/PLD3Control_Plate1_d7_TMEM561LAMP1640MAP2488DAPI405_E17_F4.nd2,8
8,11744,6,0.16970367847411444,3.874392,2979.40771484375,34990164.0,15.40705002816446,0.0,0.15226752803380575,True,,Control,E17,4,d7,Plate1,/Users/pmihack/claire/tmem_2026/data/cleaved_tmem_pld3_260821/d7/Z59_PLD_Control/PLD3Control_Plate1_d7_TMEM561LAMP1640MAP2488DAPI405_E17_F4.nd2,8
9,12456,13,0.08638407193320488,0.9654203076923077,1130.2723388671875,14078673.0,5.995718938442158,0.0,0.2177584693245678,True,,Control,E17,4,d7,Plate1,/Users/pmihack/claire/tmem_2026/data/cleaved_tmem_pld3_260821/d7/Z59_PLD_Control/PLD3Control_Plate1_d7_TMEM561LAMP1640MAP2488DAPI405_E17_F4.nd2,8
10,17048,27,0.1529211637728766,1.126224,2131.419921875,36336448.0,12.05331436464192,0.0,-0.013445235284189082,True,,Control,E17,4,d7,Plate1,/Users/pmihack/claire/tmem_2026/data/cleaved_tmem_pld3_260821/d7/Z59_PLD_Control/PLD3Control_Plate1_d7_TMEM561LAMP1640MAP2488DAPI405_E17_F4.nd2,8
11,11647,4,0.06868721559199793,2.3327999999999998,928.7329711914062,10816953.0,20.21412091114527,0.0,0.06137722464971799,True,,Control,E17,4,d7,Plate1,/Users/pmihack/claire/tmem_2026/data/cleaved_tmem_pld3_260821/d7/Z59_PLD_Control/PLD3Control_Plate1_d7_TMEM561LAMP1640MAP2488DAPI405_E17_F4.nd2,8
12,9567,2,0.037211246994878225,2.076192,504.36700439453125,4825279.0,8.028862384595195,0.0,0.2328780335278303,True,,Control,E17,4,d7,Plate1,/Users/pmihack/claire/tmem_2026/data/cleaved_tmem_pld3_260821/d7/Z59_PLD_Control/PLD3Control_Plate1_d7_TMEM561LAMP1640MAP2488DAPI405_E17_F4.nd2,8
13,13328,3,0.10849339735894357,5.6220479999999995,1156.6220703125,15415459.0,6.886733491824451,0.0,0.10948428977625176,True,,Control,E17,4,d7,Plate1,/Users/pmihack/claire/tmem_2026/data/cleaved_tmem_pld3_260821/d7/Z59_PLD_Control/PLD3Control_Plate1_d7_TMEM561LAMP1640MAP2488DAPI405_E17_F4.nd2,8
14,7533,0,0.0,0.0,37.20350646972656,280254.0,,0.0,-0.019819978456595753,True,,Control,E17,4,d7,Plate1,/Users/pmihack/claire/tmem_2026/data/cleaved_tmem_pld3_260821/d7/Z59_PLD_Control/PLD3Control_Plate1_d7_TMEM561LAMP1640MAP2488DAPI405_E17_F4.nd2,8
15,12478,17,0.12173425228401988,1.042212705882353,1592.5965576171875,19872420.0,18.439606920663703,0.0,0.17450624731225192,True,,Control,E17,4,d7,Plate1,/Users/pmihack/claire/tmem_2026/data/cleaved_tmem_pld3_260821/d7/Z59_PLD_Control/PLD3Control_Plate1_d7_TMEM561LAMP1640MAP2488DAPI405_E17_F4.nd2,8
16,9428,14,0.08962664403903267,0.7040057142857142,1379.3221435546875,13004249.0,19.56079800982711,0.0,0.35688932303222193,True,,Control,E17,4,d7,Plate1,/Users/pmihack/claire/tmem_2026/data/cleaved_tmem_pld3_260821/d7/Z59_PLD_Control/PLD3Control_Plate1_d7_TMEM561LAMP1640MAP2488DAPI405_E17_F4.nd2,8
17,15441,5,0.09960494786607085,3.5878464,1113.273681640625,17190058.0,19.224879895570957,0.0,0.391731303371643,True,,Control,E17,4,d7,Plate1,/Users/pmihack/claire/tmem_2026/data/cleaved_tmem_pld3_260821/d7/Z59_PLD_Control/PLD3Control_Plate1_d7_TMEM561LAMP1640MAP2488DAPI405_E17_F4.nd2,8
18,5006,3,0.11646024770275669,2.266704,1157.7467041015625,5795680.0,36.95567087127757,0.0,0.4979794581999069,True,,Control,E17,4,d7,Plate1,/Users/pmihack/claire/tmem_2026/data/cleaved_tmem_pld3_260821/d7/Z59_PLD_Control/PLD3Control_Plate1_d7_TMEM561LAMP1640MAP2488DAPI405_E17_F4.nd2,8
19,14381,2,0.11939364439190599,10.013544,1234.0218505859375,17746468.0,18.37462902843241,0.0,0.3412396168834114,True,,Control,E17,4,d7,Plate1,/Users/pmihack/claire/tmem_2026/data/cleaved_tmem_pld3_260821/d7/Z59_PLD_Control/PLD3Control_Plate1_d7_TMEM561LAMP1640MAP2488DAPI405_E17_F4.nd2,8
20,30428,10,0.06326409885631655,2.24532,772.4293212890625,23503480.0,19.050008764206535,0.0,0.19363065082207806,True,,Control,E17,4,d7,Plate1,/Users/pmihack/claire/tmem_2026/data/cleaved_tmem_pld3_260821/d7/Z59_PLD_Control/PLD3Control_Plate1_d7_TMEM561LAMP1640MAP2488DAPI405_E17_F4.nd2,8
21,16600,5,0.05981927710843374,2.3164703999999996,767.3114624023438,12737370.0,15.3330417342571,0.0,0.10599657206941242,True,,Control,E17,4,d7,Plate1,/Users/pmihack/claire/tmem_2026/data/cleaved_tmem_pld3_260821/d7/Z59_PLD_Control/PLD3Control_Plate1_d7_TMEM561LAMP1640MAP2488DAPI405_E17_F4.nd2,8
22,7495,0,0.0,0.0,8.405736923217773,63001.0,,0.0,-0.04146609937793227,True,,Control,E17,4,d7,Plate1,/Users/pmihack/claire/tmem_2026/data/cleaved_tmem_pld3_260821/d7/Z59_PLD_Control/PLD3Control_Plate1_d7_TMEM561LAMP1640MAP2488DAPI405_E17_F4.nd2,8
23,11687,6,0.0820569863951399,1.864296,981.8121948242188,11474439.0,23.929414953909447,0.0,0.12377186593282186,True,,Control,E17,4,d7,Plate1,/Users/pmihack/claire/tmem_2026/data/cleaved_tmem_pld3_260821/d7/Z59_PLD_Control/PLD3Control_Plate1_d7_TMEM561LAMP1640MAP2488DAPI405_E17_F4.nd2,8
1,16623,1,0.00030078806472959155,0.05832,59.84708023071289,994838.0,0.9133453726225631,0.0,0.07203536929861123,True,,Control,F17,1,d7,Plate1,/Users/pmihack/claire/tmem_2026/data/cleaved_tmem_pld3_260821/d7/Z59_PLD_Control/PLD3Control_Plate1_d7_TMEM561LAMP1640MAP2488DAPI405_F17_F1.nd2,12
2,14365,0,0.0,0.0,77.8773422241211,1118708.0,,0.0,0.03283863345012986,True,,Control,F17,1,d7,Plate1,/Users/pmihack/claire/tmem_2026/data/cleaved_tmem_pld3_260821/d7/Z59_PLD_Control/PLD3Control_Plate1_d7_TMEM561LAMP1640MAP2488DAPI405_F17_F1.nd2,12
3,5343,0,0.0,0.0,12.70971393585205,67908.0,,8.835483458824456e-05,0.011396082379652506,True,,Control,F17,1,d7,Plate1,/Users/pmihack/claire/tmem_2026/data/cleaved_tmem_pld3_260821/d7/Z59_PLD_Control/PLD3Control_Plate1_d7_TMEM561LAMP1640MAP2488DAPI405_F17_F1.nd2,12
4,14546,0,0.0,0.0,137.47434997558594,1999702.0,,0.0,-0.048627199301408665,False,border,Control,F17,1,d7,Plate1,/Users/pmihack/claire/tmem_2026/data/cleaved_tmem_pld3_260821/d7/Z59_PLD_Control/PLD3Control_Plate1_d7_TMEM561LAMP1640MAP2488DAPI405_F17_F1.nd2,12
5,8294,1,0.0009645526886906198,0.09331199999999999,259.8600158691406,2155279.0,0.36021719473003894,0.0,0.02949901018987669,True,,Control,F17,1,d7,Plate1,/Users/pmihack/claire/tmem_2026/data/cleaved_tmem_pld3_260821/d7/Z59_PLD_Control/PLD3Control_Plate1_d7_TMEM561LAMP1640MAP2488DAPI405_F17_F1.nd2,12
6,15304,2,0.0016989022477783586,0.151632,81.82749938964844,1252288.0,10.650520976987446,0.0,0.09197402959742565,True,,Control,F17,1,d7,Plate1,/Users/pmihack/claire/tmem_2026/data/cleaved_tmem_pld3_260821/d7/Z59_PLD_Control/PLD3Control_Plate1_d7_TMEM561LAMP1640MAP2488DAPI405_F17_F1.nd2,12
7,24737,0,0.0,0.0,28.038848876953125,693597.0,,4.325278041505953e-06,0.0078093776458917005,True,,Control,F17,1,d7,Plate1,/Users/pmihack/claire/tmem_2026/data/cleaved_tmem_pld3_260821/d7/Z59_PLD_Control/PLD3Control_Plate1_d7_TMEM561LAMP1640MAP2488DAPI405_F17_F1.nd2,12
8,25656,1,0.0003118178983473651,0.09331199999999999,92.28352355957031,2367626.0,10.459251977205707,0.0,0.059718053518606574,True,,Control,F17,1,d7,Plate1,/Users/pmihack/claire/tmem_2026/data/cleaved_tmem_pld3_260821/d7/Z59_PLD_Control/PLD3Control_Plate1_d7_TMEM561LAMP1640MAP2488DAPI405_F17_F1.nd2,12
9,8513,3,0.1423704921884177,4.712256,1346.7322998046875,11464732.0,10.474986659286186,0.0,0.03393392378842728,True,,Control,F17,1,d7,Plate1,/Users/pmihack/claire/tmem_2026/data/cleaved_tmem_pld3_260821/d7/Z59_PLD_Control/PLD3Control_Plate1_d7_TMEM561LAMP1640MAP2488DAPI405_F17_F1.nd2,12
10,17020,0,0.0,0.0,17.47538185119629,297431.0,,0.0,0.08685479438308356,True,,Control,F17,1,d7,Plate1,/Users/pmihack/claire/tmem_2026/data/cleaved_tmem_pld3_260821/d7/Z59_PLD_Control/PLD3Control_Plate1_d7_TMEM561LAMP1640MAP2488DAPI405_F17_F1.nd2,12
11,8550,2,0.013216374269005848,0.6590159999999999,152.4256134033203,1303239.0,15.040388448329226,0.0,-0.04549230843843153,True,,Control,F17,1,d7,Plate1,/Users/pmihack/claire/tmem_2026/data/cleaved_tmem_pld3_260821/d7/Z59_PLD_Control/PLD3Control_Plate1_d7_TMEM561LAMP1640MAP2488DAPI405_F17_F1.nd2,12
12,11617,1,0.0015494533872772661,0.20995199999999997,73.22174072265625,850617.0,25.459929573767873,0.00041029040585272014,0.055736207043360624,True,,Control,F17,1,d7,Plate1,/Users/pmihack/claire/tmem_2026/data/cleaved_tmem_pld3_260821/d7/Z59_PLD_Control/PLD3Control_Plate1_d7_TMEM561LAMP1640MAP2488DAPI405_F17_F1.nd2,12
13,10287,4,0.09303003791192768,2.790612,1045.9022216796875,10759196.0,19.79889065788158,0.0,0.047013858642954744,True,,Control,F17,1,d7,Plate1,/Users/pmihack/claire/tmem_2026/data/cleaved_tmem_pld3_260821/d7/Z59_PLD_Control/PLD3Control_Plate1_d7_TMEM561LAMP1640MAP2488DAPI405_F17_F1.nd2,12
14,16914,5,0.02607307555870876,1.0287648,369.2799377441406,6246001.0,14.73018230558563,0.0,0.04868291361448399,True,,Control,F17,1,d7,Plate1,/Users/pmihack/claire/tmem_2026/data/cleaved_tmem_pld3_260821/d7/Z59_PLD_Control/PLD3Control_Plate1_d7_TMEM561LAMP1640MAP2488DAPI405_F17_F1.nd2,12
15,21243,11,0.02909193616720802,0.6553047272727271,424.38470458984375,9015204.0,16.745409568482035,0.0,0.42004985552910157,True,,Control,F17,1,d7,Plate1,/Users/pmihack/claire/tmem_2026/data/cleaved_tmem_pld3_260821/d7/Z59_PLD_Control/PLD3Control_Plate1_d7_TMEM561LAMP1640MAP2488DAPI405_F17_F1.nd2,12
16,8980,0,0.0,0.0,18.97516632080078,170397.0,,0.0,0.00205779935668175,True,,Control,F17,1,d7,Plate1,/Users/pmihack/claire/tmem_2026/data/cleaved_tmem_pld3_260821/d7/Z59_PLD_Control/PLD3Control_Plate1_d7_TMEM561LAMP1640MAP2488DAPI405_F17_F1.nd2,12
1,31435,3,0.02840782567202163,3.471984,298.6108703613281,9386833.0,4.827877495028621,0.0,0.2978625654302328,True,,Control,F17,2,d7,Plate1,/Users/pmihack/claire/tmem_2026/data/cleaved_tmem_pld3_260821/d7/Z59_PLD_Control/PLD3Control_Plate1_d7_TMEM561LAMP1640MAP2488DAPI405_F17_F2.nd2,10
2,13972,8,0.1514457486401374,3.0851279999999996,1542.404296875,21550472.0,4.701537456170485,0.0,0.3100440248996384,True,,Control,F17,2,d7,Plate1,/Users/pmihack/claire/tmem_2026/data/cleaved_tmem_pld3_260821/d7/Z59_PLD_Control/PLD3Control_Plate1_d7_TMEM561LAMP1640MAP2488DAPI405_F17_F2.nd2,10
3,13834,5,0.047274830128668496,1.5256512,529.3764038085938,7323393.0,7.224970042126225,0.0,0.39265606266876557,True,,Control,F17,2,d7,Plate1,/Users/pmihack/claire/tmem_2026/data/cleaved_tmem_pld3_260821/d7/Z59_PLD_Control/PLD3Control_Plate1_d7_TMEM561LAMP1640MAP2488DAPI405_F17_F2.nd2,10
4,12612,9,0.028068506184586107,0.45878399999999997,421.5669860839844,5316803.0,11.362597324581467,0.003480098908767104,0.3533289328241467,True,,Control,F17,2,d7,Plate1,/Users/pmihack/claire/tmem_2026/data/cleaved_tmem_pld3_260821/d7/Z59_PLD_Control/PLD3Control_Plate1_d7_TMEM561LAMP1640MAP2488DAPI405_F17_F2.nd2,10
5,15964,6,0.05124029065397143,1.590192,529.1382446289062,8447163.0,12.044817513104663,0.0011865522246807814,0.1519633984519883,True,,Control,F17,2,d7,Plate1,/Users/pmihack/claire/tmem_2026/data/cleaved_tmem_pld3_260821/d7/Z59_PLD_Control/PLD3Control_Plate1_d7_TMEM561LAMP1640MAP2488DAPI405_F17_F2.nd2,10
6,31044,13,0.02554438860971524,0.7115039999999999,343.301513671875,10657452.0,11.304794479786603,0.0,0.3463516697879078,True,,Control,F17,2,d7,Plate1,/Users/pmihack/claire/tmem_2026/data/cleaved_tmem_pld3_260821/d7/Z59_PLD_Control/PLD3Control_Plate1_d7_TMEM561LAMP1640MAP2488DAPI405_F17_F2.nd2,10
7,9399,4,0.10894776040004256,2.9859839999999997,1135.9447021484375,10676744.0,21.02077850275554,0.0,0.40691168783385384,True,,Control,F17,2,d7,Plate1,/Users/pmihack/claire/tmem_2026/data/cleaved_tmem_pld3_260821/d7/Z59_PLD_Control/PLD3Control_Plate1_d7_TMEM561LAMP1640MAP2488DAPI405_F17_F2.nd2,10
8,9207,5,0.14945150429021398,3.2099328,1807.071044921875,16637703.0,26.10103901448763,0.0,0.33124626567326254,True,,Control,F17,2,d7,Plate1,/Users/pmihack/claire/tmem_2026/data/cleaved_tmem_pld3_260821/d7/Z59_PLD_Control/PLD3Control_Plate1_d7_TMEM561LAMP1640MAP2488DAPI405_F17_F2.nd2,10
9,19584,3,0.07434640522875817,5.660927999999999,825.3082275390625,16162836.0,4.964846260703021,0.0,0.5309879642591522,True,,Control,F17,2,d7,Plate1,/Users/pmihack/claire/tmem_2026/data/cleaved_tmem_pld3_260821/d7/Z59_PLD_Control/PLD3Control_Plate1_d7_TMEM561LAMP1640MAP2488DAPI405_F17_F2.nd2,10
10,28695,9,0.08158215717023871,3.0339359999999993,863.0731201171875,24765884.0,11.019109526675985,0.0,0.3633376681881526,True,,Control,F17,2,d7,Plate1,/Users/pmihack/claire/tmem_2026/data/cleaved_tmem_pld3_260821/d7/Z59_PLD_Control/PLD3Control_Plate1_d7_TMEM561LAMP1640MAP2488DAPI405_F17_F2.nd2,10
11,12299,1,0.06650947231482235,9.541151999999999,740.8369140625,9111553.0,16.56146190933116,0.0,0.4673396032041091,True,,Control,F17,2,d7,Plate1,/Users/pmihack/claire/tmem_2026/data/cleaved_tmem_pld3_260821/d7/Z59_PLD_Control/PLD3Control_Plate1_d7_TMEM561LAMP1640MAP2488DAPI405_F17_F2.nd2,10
12,8807,2,0.0014760985579652549,0.075816,82.97820281982422,730789.0,19.009885224383922,0.0,-0.05266573902261329,True,,Control,F17,2,d7,Plate1,/Users/pmihack/claire/tmem_2026/data/cleaved_tmem_pld3_260821/d7/Z59_PLD_Control/PLD3Control_Plate1_d7_TMEM561LAMP1640MAP2488DAPI405_F17_F2.nd2,10
13,11534,4,0.03476677648690827,1.1693159999999998,412.4039306640625,4756667.0,23.763295289952474,0.0,0.22446990447866694,True,,Control,F17,2,d7,Plate1,/Users/pmihack/claire/tmem_2026/data/cleaved_tmem_pld3_260821/d7/Z59_PLD_Control/PLD3Control_Plate1_d7_TMEM561LAMP1640MAP2488DAPI405_F17_F2.nd2,10
14,11596,12,0.11926526388409797,1.3442759999999998,1205.60205078125,13980162.0,33.22934805410639,0.0,0.4908143233540473,True,,Control,F17,2,d7,Plate1,/Users/pmihack/claire/tmem_2026/data/cleaved_tmem_pld3_260821/d7/Z59_PLD_Control/PLD3Control_Plate1_d7_TMEM561LAMP1640MAP2488DAPI405_F17_F2.nd2,10
15,19156,6,0.059041553560242224,2.198664,615.904296875,11798263.0,12.564464104570831,2.059625148831401e-05,0.20622880539983812,True,,Control,F17,2,d7,Plate1,/Users/pmihack/claire/tmem_2026/data/cleaved_tmem_pld3_260821/d7/Z59_PLD_Control/PLD3Control_Plate1_d7_TMEM561LAMP1640MAP2488DAPI405_F17_F2.nd2,10
16,21762,2,0.07007627975369911,8.893799999999999,631.2950439453125,13738243.0,11.324551036687245,0.0,0.5739516813092447,True,,Control,F17,2,d7,Plate1,/Users/pmihack/claire/tmem_2026/data/cleaved_tmem_pld3_260821/d7/Z59_PLD_Control/PLD3Control_Plate1_d7_TMEM561LAMP1640MAP2488DAPI405_F17_F2.nd2,10
17,21569,3,0.0028744958041633825,0.241056,65.4742431640625,1412214.0,12.998179828200879,9.913511348713655e-06,0.09990137744948074,True,,Control,F17,2,d7,Plate1,/Users/pmihack/claire/tmem_2026/data/cleaved_tmem_pld3_260821/d7/Z59_PLD_Control/PLD3Control_Plate1_d7_TMEM561LAMP1640MAP2488DAPI405_F17_F2.nd2,10
1,8404,2,0.025345073774393146,1.242216,232.55604553222656,1954401.0,1.266224977435753,0.0,-0.06872038850042299,True,,Control,F17,3,d7,Plate1,/Users/pmihack/claire/tmem_2026/data/cleaved_tmem_pld3_260821/d7/Z59_PLD_Control/PLD3Control_Plate1_d7_TMEM561LAMP1640MAP2488DAPI405_F17_F3.nd2,12
2,11954,5,0.03597122302158273,1.003104,295.59619140625,3533557.0,10.649819465250227,0.0,-0.03066943397041755,True,,Control,F17,3,d7,Plate1,/Users/pmihack/claire/tmem_2026/data/cleaved_tmem_pld3_260821/d7/Z59_PLD_Control/PLD3Control_Plate1_d7_TMEM561LAMP1640MAP2488DAPI405_F17_F3.nd2,12
3,8936,5,0.07217994628469114,1.5046559999999998,527.767333984375,4716129.0,5.64471146098207,0.0,-0.00816367865436719,True,,Control,F17,3,d7,Plate1,/Users/pmihack/claire/tmem_2026/data/cleaved_tmem_pld3_260821/d7/Z59_PLD_Control/PLD3Control_Plate1_d7_TMEM561LAMP1640MAP2488DAPI405_F17_F3.nd2,12
4,6692,0,0.0,0.0,82.48102569580078,551963.0,,0.0,-0.06209768823667699,True,,Control,F17,3,d7,Plate1,/Users/pmihack/claire/tmem_2026/data/cleaved_tmem_pld3_260821/d7/Z59_PLD_Control/PLD3Control_Plate1_d7_TMEM561LAMP1640MAP2488DAPI405_F17_F3.nd2,12
5,19995,13,0.05301325331332833,0.9510646153846153,402.30743408203125,8044137.0,9.889129582115421,0.0,-0.00839788542278418,True,,Control,F17,3,d7,Plate1,/Users/pmihack/claire/tmem_2026/data/cleaved_tmem_pld3_260821/d7/Z59_PLD_Control/PLD3Control_Plate1_d7_TMEM561LAMP1640MAP2488DAPI405_F17_F3.nd2,12
6,16749,3,0.03516627858379605,2.290032,271.6026611328125,4549073.0,5.02444116473124,0.0,-0.07595606396912796,True,,Control,F17,3,d7,Plate1,/Users/pmihack/claire/tmem_2026/data/cleaved_tmem_pld3_260821/d7/Z59_PLD_Control/PLD3Control_Plate1_d7_TMEM561LAMP1640MAP2488DAPI405_F17_F3.nd2,12
7,8910,7,0.014141414141414142,0.20995199999999997,274.3841857910156,2444763.0,32.000224381304676,0.0,0.018178725408820092,True,,Control,F17,3,d7,Plate1,/Users/pmihack/claire/tmem_2026/data/cleaved_tmem_pld3_260821/d7/Z59_PLD_Control/PLD3Control_Plate1_d7_TMEM561LAMP1640MAP2488DAPI405_F17_F3.nd2,12
8,8939,4,0.004139165454748853,0.10789199999999999,154.03781127929688,1376944.0,9.769345862122092,0.0,-0.0067120820887524935,True,,Control,F17,3,d7,Plate1,/Users/pmihack/claire/tmem_2026/data/cleaved_tmem_pld3_260821/d7/Z59_PLD_Control/PLD3Control_Plate1_d7_TMEM561LAMP1640MAP2488DAPI405_F17_F3.nd2,12
9,14717,2,0.01787048990962832,1.5338159999999998,206.41651916503906,3037832.0,23.877911080472845,0.0,-0.026138354627587988,True,,Control,F17,3,d7,Plate1,/Users/pmihack/claire/tmem_2026/data/cleaved_tmem_pld3_260821/d7/Z59_PLD_Control/PLD3Control_Plate1_d7_TMEM561LAMP1640MAP2488DAPI405_F17_F3.nd2,12
10,15304,2,0.07435964453737585,6.636816,598.1959228515625,9154790.0,12.352843241230207,0.0,-0.03306982090928457,True,,Control,F17,3,d7,Plate1,/Users/pmihack/claire/tmem_2026/data/cleaved_tmem_pld3_260821/d7/Z59_PLD_Control/PLD3Control_Plate1_d7_TMEM561LAMP1640MAP2488DAPI405_F17_F3.nd2,12
11,13237,7,0.024476845206617814,0.5398765714285714,267.6234130859375,3542531.0,20.704308318708268,0.0,0.07627719871303126,False,border,Control,F17,3,d7,Plate1,/Users/pmihack/claire/tmem_2026/data/cleaved_tmem_pld3_260821/d7/Z59_PLD_Control/PLD3Control_Plate1_d7_TMEM561LAMP1640MAP2488DAPI405_F17_F3.nd2,12
12,11093,8,0.01884071035788335,0.304722,260.0845642089844,2885118.0,12.199238450288334,0.0,0.04097650344278099,True,,Control,F17,3,d7,Plate1,/Users/pmihack/claire/tmem_2026/data/cleaved_tmem_pld3_260821/d7/Z59_PLD_Control/PLD3Control_Plate1_d7_TMEM561LAMP1640MAP2488DAPI405_F17_F3.nd2,12
13,4382,3,0.08146964856230032,1.388016,542.4660034179688,2377086.0,20.4346853811787,0.0,0.08149269791096662,True,,Control,F17,3,d7,Plate1,/Users/pmihack/claire/tmem_2026/data/cleaved_tmem_pld3_260821/d7/Z59_PLD_Control/PLD3Control_Plate1_d7_TMEM561LAMP1640MAP2488DAPI405_F17_F3.nd2,12
1,14149,0,0.0,0.0,9.651494979858398,136559.0,,0.0,0.06273477865302042,True,,Control,F17,4,d7,Plate1,/Users/pmihack/claire/tmem_2026/data/cleaved_tmem_pld3_260821/d7/Z59_PLD_Control/PLD3Control_Plate1_d7_TMEM561LAMP1640MAP2488DAPI405_F17_F4.nd2,12
2,3925,0,0.0,0.0,16.211719512939453,63631.0,,0.0,0.03398220725856015,True,,Control,F17,4,d7,Plate1,/Users/pmihack/claire/tmem_2026/data/cleaved_tmem_pld3_260821/d7/Z59_PLD_Control/PLD3Control_Plate1_d7_TMEM561LAMP1640MAP2488DAPI405_F17_F4.nd2,12
3,14990,11,0.023682454969979987,0.3764290909090909,84.52501678466797,1267030.0,1.7034482776692006,0.0,-0.003137208247096549,True,,Control,F17,4,d7,Plate1,/Users/pmihack/claire/tmem_2026/data/cleaved_tmem_pld3_260821/d7/Z59_PLD_Control/PLD3Control_Plate1_d7_TMEM561LAMP1640MAP2488DAPI405_F17_F4.nd2,12
4,13074,9,0.1691907602875937,2.8667519999999995,375.9598388671875,4915299.0,1.378322440215825,0.0,0.19519561697884233,True,,Control,F17,4,d7,Plate1,/Users/pmihack/claire/tmem_2026/data/cleaved_tmem_pld3_260821/d7/Z59_PLD_Control/PLD3Control_Plate1_d7_TMEM561LAMP1640MAP2488DAPI405_F17_F4.nd2,12
5,38760,11,0.008771929824561403,0.3605236363636363,38.821956634521484,1504739.0,7.655204150995519,0.00037415127735584974,-0.0070862376580588535,True,,Control,F17,4,d7,Plate1,/Users/pmihack/claire/tmem_2026/data/cleaved_tmem_pld3_260821/d7/Z59_PLD_Control/PLD3Control_Plate1_d7_TMEM561LAMP1640MAP2488DAPI405_F17_F4.nd2,12
6,19470,15,0.04427324088341038,0.6702912,131.35012817382812,2557387.0,4.615814146422028,0.0,-0.051060554072802564,True,,Control,F17,4,d7,Plate1,/Users/pmihack/claire/tmem_2026/data/cleaved_tmem_pld3_260821/d7/Z59_PLD_Control/PLD3Control_Plate1_d7_TMEM561LAMP1640MAP2488DAPI405_F17_F4.nd2,12
7,11723,5,0.013136569137592766,0.3592512,65.33182525634766,765885.0,1.102491222472212,0.0,-0.030621831493930413,True,,Control,F17,4,d7,Plate1,/Users/pmihack/claire/tmem_2026/data/cleaved_tmem_pld3_260821/d7/Z59_PLD_Control/PLD3Control_Plate1_d7_TMEM561LAMP1640MAP2488DAPI405_F17_F4.nd2,12
8,14539,8,0.006602930050209781,0.13996799999999998,54.24327850341797,788643.0,11.300227202251541,0.0,0.0038551468252009838,True,,Control,F17,4,d7,Plate1,/Users/pmihack/claire/tmem_2026/data/cleaved_tmem_pld3_260821/d7/Z59_PLD_Control/PLD3Control_Plate1_d7_TMEM561LAMP1640MAP2488DAPI405_F17_F4.nd2,12
9,4733,1,0.008028734417916754,0.44323199999999996,49.59750747680664,234745.0,3.3541197122021345,0.0,-0.037978675894825786,True,,Control,F17,4,d7,Plate1,/Users/pmihack/claire/tmem_2026/data/cleaved_tmem_pld3_260821/d7/Z59_PLD_Control/PLD3Control_Plate1_d7_TMEM561LAMP1640MAP2488DAPI405_F17_F4.nd2,12
10,16239,9,0.06570601638031899,1.3828319999999998,163.20758056640625,2650328.0,3.766027029913913,0.0,-0.024499581671565972,True,,Control,F17,4,d7,Plate1,/Users/pmihack/claire/tmem_2026/data/cleaved_tmem_pld3_260821/d7/Z59_PLD_Control/PLD3Control_Plate1_d7_TMEM561LAMP1640MAP2488DAPI405_F17_F4.nd2,12
11,12001,4,0.0036663611365719525,0.128304,41.17757034301758,494172.0,11.680282698666192,0.0,-0.05013095187949992,True,,Control,F17,4,d7,Plate1,/Users/pmihack/claire/tmem_2026/data/cleaved_tmem_pld3_260821/d7/Z59_PLD_Control/PLD3Control_Plate1_d7_TMEM561LAMP1640MAP2488DAPI405_F17_F4.nd2,12
12,7626,6,0.012457382638342512,0.18467999999999998,70.71807098388672,539296.0,33.13800975205975,0.0,0.003548562171221156,True,,Control,F17,4,d7,Plate1,/Users/pmihack/claire/tmem_2026/data/cleaved_tmem_pld3_260821/d7/Z59_PLD_Control/PLD3Control_Plate1_d7_TMEM561LAMP1640MAP2488DAPI405_F17_F4.nd2,12
13,12199,8,0.027051397655545536,0.48113999999999996,93.71817016601562,1143268.0,14.185616910508728,0.0,-0.01818075465406274,True,,Control,F17,4,d7,Plate1,/Users/pmihack/claire/tmem_2026/data/cleaved_tmem_pld3_260821/d7/Z59_PLD_Control/PLD3Control_Plate1_d7_TMEM561LAMP1640MAP2488DAPI405_F17_F4.nd2,12
14,10690,9,0.0314312441534144,0.435456,103.23535919189453,1103586.0,12.959834975606324,0.0,-0.030170600729569036,True,,Control,F17,4,d7,Plate1,/Users/pmihack/claire/tmem_2026/data/cleaved_tmem_pld3_260821/d7/Z59_PLD_Control/PLD3Control_Plate1_d7_TMEM561LAMP1640MAP2488DAPI405_F17_F4.nd2,12
15,26439,3,0.03105261167215099,3.1920479999999998,82.8376235961914,2190144.0,13.97194989601437,0.0,0.003658804723905295,True,,Control,F17,4,d7,Plate1,/Users/pmihack/claire/tmem_2026/data/cleaved_tmem_pld3_260821/d7/Z59_PLD_Control/PLD3Control_Plate1_d7_TMEM561LAMP1640MAP2488DAPI405_F17_F4.nd2,12
16,8416,1,0.0010693916349809886,0.10497599999999999,20.412309646606445,171790.0,20.989044533168588,0.0,-0.026532418423142003,True,,Control,F17,4,d7,Plate1,/Users/pmihack/claire/tmem_2026/data/cleaved_tmem_pld3_260821/d7/Z59_PLD_Control/PLD3Control_Plate1_d7_TMEM561LAMP1640MAP2488DAPI405_F17_F4.nd2,12
17,7783,1,0.0005139406398560967,0.046655999999999996,17.608505249023438,137047.0,9.004927631256416,0.0,-0.04509617046797545,True,,Control,F17,4,d7,Plate1,/Users/pmihack/claire/tmem_2026/data/cleaved_tmem_pld3_260821/d7/Z59_PLD_Control/PLD3Control_Plate1_d7_TMEM561LAMP1640MAP2488DAPI405_F17_F4.nd2,12
18,19179,6,0.010480212732676365,0.390744,69.20590209960938,1327300.0,8.137853263575257,0.0,-0.011126804231512572,True,,Control,F17,4,d7,Plate1,/Users/pmihack/claire/tmem_2026/data/cleaved_tmem_pld3_260821/d7/Z59_PLD_Control/PLD3Control_Plate1_d7_TMEM561LAMP1640MAP2488DAPI405_F17_F4.nd2,12
19,9653,0,0.0,0.0,13.679166793823242,132045.0,,0.0,0.022773401208603786,True,,Control,F17,4,d7,Plate1,/Users/pmihack/claire/tmem_2026/data/cleaved_tmem_pld3_260821/d7/Z59_PLD_Control/PLD3Control_Plate1_d7_TMEM561LAMP1640MAP2488DAPI405_F17_F4.nd2,12
20,10140,4,0.0028599605522682445,0.08456399999999999,36.971500396728516,374891.0,9.427822791800889,0.0,0.09603490158751736,True,,Control,F17,4,d7,Plate1,/Users/pmihack/claire/tmem_2026/data/cleaved_tmem_pld3_260821/d7/Z59_PLD_Control/PLD3Control_Plate1_d7_TMEM561LAMP1640MAP2488DAPI405_F17_F4.nd2,12
21,7588,4,0.0027675276752767526,0.06123599999999999,37.27886199951172,282872.0,14.44241096271391,0.0,-0.010817810443349679,True,,Control,F17,4,d7,Plate1,/Users/pmihack/claire/tmem_2026/data/cleaved_tmem_pld3_260821/d7/Z59_PLD_Control/PLD3Control_Plate1_d7_TMEM561LAMP1640MAP2488DAPI405_F17_F4.nd2,12
22,30405,13,0.009307679657950995,0.25391630769230766,66.36681365966797,2017883.0,6.614002915276814,0.0,0.024654881246061626,True,,Control,F17,4,d7,Plate1,/Users/pmihack/claire/tmem_2026/data/cleaved_tmem_pld3_260821/d7/Z59_PLD_Control/PLD3Control_Plate1_d7_TMEM561LAMP1640MAP2488DAPI405_F17_F4.nd2,12
23,22028,5,0.002451425458507354,0.1259712,53.81678009033203,1185476.0,7.154429581245354,0.0,0.050096293790771865,True,,Control,F17,4,d7,Plate1,/Users/pmihack/claire/tmem_2026/data/cleaved_tmem_pld3_260821/d7/Z59_PLD_Control/PLD3Control_Plate1_d7_TMEM561LAMP1640MAP2488DAPI405_F17_F4.nd2,12
24,15527,5,0.007857280865588973,0.28460159999999995,44.82379150390625,695979.0,11.505110175852812,0.0,-0.034817383358838265,True,,Control,F17,4,d7,Plate1,/Users/pmihack/claire/tmem_2026/data/cleaved_tmem_pld3_260821/d7/Z59_PLD_Control/PLD3Control_Plate1_d7_TMEM561LAMP1640MAP2488DAPI405_F17_F4.nd2,12
25,11939,5,0.017421894631041126,0.4852224,73.87335968017578,881974.0,10.801034856355333,0.001555601367726922,-0.006648218621106153,True,,Control,F17,4,d7,Plate1,/Users/pmihack/claire/tmem_2026/data/cleaved_tmem_pld3_260821/d7/Z59_PLD_Control/PLD3Control_Plate1_d7_TMEM561LAMP1640MAP2488DAPI405_F17_F4.nd2,12
26,10603,5,0.035650287654437424,0.8817983999999999,94.46986389160156,1001664.0,19.562612075560068,0.0,0.01035140993765184,True,,Control,F17,4,d7,Plate1,/Users/pmihack/claire/tmem_2026/data/cleaved_tmem_pld3_260821/d7/Z59_PLD_Control/PLD3Control_Plate1_d7_TMEM561LAMP1640MAP2488DAPI405_F17_F4.nd2,12
27,9911,0,0.0,0.0,10.88790225982666,107910.0,,0.0,0.12898966885389893,False,border,Control,F17,4,d7,Plate1,/Users/pmihack/claire/tmem_2026/data/cleaved_tmem_pld3_260821/d7/Z59_PLD_Control/PLD3Control_Plate1_d7_TMEM561LAMP1640MAP2488DAPI405_F17_F4.nd2,12
1,17820,4,0.017059483726150394,0.8864639999999999,283.3534240722656,5049358.0,10.135991774468893,0.0,0.3141712379482615,True,,Control,G17,1,d7,Plate1,/Users/pmihack/claire/tmem_2026/data/cleaved_tmem_pld3_260821/d7/Z59_PLD_Control/PLD3Control_Plate1_d7_TMEM561LAMP1640MAP2488DAPI405_G17_F1.nd2,11
2,9528,4,0.11083123425692695,3.079296,1015.184326171875,9672676.0,12.448602519565785,0.0,0.4340539683817615,True,,Control,G17,1,d7,Plate1,/Users/pmihack/claire/tmem_2026/data/cleaved_tmem_pld3_260821/d7/Z59_PLD_Control/PLD3Control_Plate1_d7_TMEM561LAMP1640MAP2488DAPI405_G17_F1.nd2,11
3,10475,7,0.1028162291169451,1.7945897142857141,1040.274658203125,10896877.0,5.418688565150374,0.0,0.42448903015110834,True,,Control,G17,1,d7,Plate1,/Users/pmihack/claire/tmem_2026/data/cleaved_tmem_pld3_260821/d7/Z59_PLD_Control/PLD3Control_Plate1_d7_TMEM561LAMP1640MAP2488DAPI405_G17_F1.nd2,11
4,13388,7,0.034732596354944724,0.7748228571428571,414.83209228515625,5553772.0,15.746260508579079,0.0,0.4060182899091059,True,,Control,G17,1,d7,Plate1,/Users/pmihack/claire/tmem_2026/data/cleaved_tmem_pld3_260821/d7/Z59_PLD_Control/PLD3Control_Plate1_d7_TMEM561LAMP1640MAP2488DAPI405_G17_F1.nd2,11
5,19630,4,0.002445236882322975,0.13996799999999998,150.73855590820312,2958998.0,18.14364048910816,0.0,0.3223258900071839,True,,Control,G17,1,d7,Plate1,/Users/pmihack/claire/tmem_2026/data/cleaved_tmem_pld3_260821/d7/Z59_PLD_Control/PLD3Control_Plate1_d7_TMEM561LAMP1640MAP2488DAPI405_G17_F1.nd2,11
6,14019,0,0.0,0.0,8.696625709533691,121918.0,,0.0,0.08291084324219537,True,,Control,G17,1,d7,Plate1,/Users/pmihack/claire/tmem_2026/data/cleaved_tmem_pld3_260821/d7/Z59_PLD_Control/PLD3Control_Plate1_d7_TMEM561LAMP1640MAP2488DAPI405_G17_F1.nd2,11
7,11680,1,0.0007705479452054794,0.10497599999999999,72.28484344482422,844287.0,1.0126693156504898,0.0,-0.00953832567322611,True,,Control,G17,1,d7,Plate1,/Users/pmihack/claire/tmem_2026/data/cleaved_tmem_pld3_260821/d7/Z59_PLD_Control/PLD3Control_Plate1_d7_TMEM561LAMP1640MAP2488DAPI405_G17_F1.nd2,11
8,14983,8,0.02195821931522392,0.47968199999999994,310.5528259277344,4653013.0,0.9735825950408555,0.0,0.3142472419250302,True,,Control,G17,1,d7,Plate1,/Users/pmihack/claire/tmem_2026/data/cleaved_tmem_pld3_260821/d7/Z59_PLD_Control/PLD3Control_Plate1_d7_TMEM561LAMP1640MAP2488DAPI405_G17_F1.nd2,11
9,20676,14,0.045028051847552715,0.7756559999999999,510.546875,10556067.0,5.596198892196281,0.0,0.36811676302441465,True,,Control,G17,1,d7,Plate1,/Users/pmihack/claire/tmem_2026/data/cleaved_tmem_pld3_260821/d7/Z59_PLD_Control/PLD3Control_Plate1_d7_TMEM561LAMP1640MAP2488DAPI405_G17_F1.nd2,11
10,9052,9,0.05788775961113566,0.6791039999999999,595.5282592773438,5390722.0,1.1080428673994143,0.0,0.33433065301597714,True,,Control,G17,1,d7,Plate1,/Users/pmihack/claire/tmem_2026/data/cleaved_tmem_pld3_260821/d7/Z59_PLD_Control/PLD3Control_Plate1_d7_TMEM561LAMP1640MAP2488DAPI405_G17_F1.nd2,11
11,15078,5,0.0411858336649423,1.4486687999999999,412.8197326660156,6224496.0,2.105408138255309,0.0,0.3144767527303074,True,,Control,G17,1,d7,Plate1,/Users/pmihack/claire/tmem_2026/data/cleaved_tmem_pld3_260821/d7/Z59_PLD_Control/PLD3Control_Plate1_d7_TMEM561LAMP1640MAP2488DAPI405_G17_F1.nd2,11
12,12985,6,0.0948016942626107,2.393064,816.0985717773438,10597040.0,3.4451323505695814,0.0,0.528735179837342,True,,Control,G17,1,d7,Plate1,/Users/pmihack/claire/tmem_2026/data/cleaved_tmem_pld3_260821/d7/Z59_PLD_Control/PLD3Control_Plate1_d7_TMEM561LAMP1640MAP2488DAPI405_G17_F1.nd2,11
13,21077,11,0.03786117568913982,0.8461701818181817,407.09423828125,8580325.0,8.788255005692037,0.0,0.4361754770653833,True,,Control,G17,1,d7,Plate1,/Users/pmihack/claire/tmem_2026/data/cleaved_tmem_pld3_260821/d7/Z59_PLD_Control/PLD3Control_Plate1_d7_TMEM561LAMP1640MAP2488DAPI405_G17_F1.nd2,11
14,34353,28,0.09903065234477339,1.417176,1299.094970703125,44627808.0,2.791261355558152,0.0,0.2622858973623258,True,,Control,G17,1,d7,Plate1,/Users/pmihack/claire/tmem_2026/data/cleaved_tmem_pld3_260821/d7/Z59_PLD_Control/PLD3Control_Plate1_d7_TMEM561LAMP1640MAP2488DAPI405_G17_F1.nd2,11
15,13597,13,0.10774435537250864,1.3144430769230768,1000.3331909179688,13601530.0,5.365711251385039,0.0,0.20864335193110353,True,,Control,G17,1,d7,Plate1,/Users/pmihack/claire/tmem_2026/data/cleaved_tmem_pld3_260821/d7/Z59_PLD_Control/PLD3Control_Plate1_d7_TMEM561LAMP1640MAP2488DAPI405_G17_F1.nd2,11
16,12816,15,0.14107365792759052,1.4059008,1406.3843994140625,18024222.0,13.365169974682905,0.0,0.344216318207548,True,,Control,G17,1,d7,Plate1,/Users/pmihack/claire/tmem_2026/data/cleaved_tmem_pld3_260821/d7/Z59_PLD_Control/PLD3Control_Plate1_d7_TMEM561LAMP1640MAP2488DAPI405_G17_F1.nd2,11
17,14023,7,0.08414747201026884,1.9662171428571429,809.1982421875,11347387.0,15.336091045813086,0.0,0.322842772262992,True,,Control,G17,1,d7,Plate1,/Users/pmihack/claire/tmem_2026/data/cleaved_tmem_pld3_260821/d7/Z59_PLD_Control/PLD3Control_Plate1_d7_TMEM561LAMP1640MAP2488DAPI405_G17_F1.nd2,11
18,10950,4,0.03789954337899543,1.21014,487.6552429199219,5339825.0,28.369572783550815,0.0,0.24135418139902234,True,,Control,G17,1,d7,Plate1,/Users/pmihack/claire/tmem_2026/data/cleaved_tmem_pld3_260821/d7/Z59_PLD_Control/PLD3Control_Plate1_d7_TMEM561LAMP1640MAP2488DAPI405_G17_F1.nd2,11
1,8317,8,0.016953228327521944,0.20557799999999998,183.1435546875,1523205.0,25.59080363375321,0.0,0.05377524479008922,True,,Control,G17,2,d7,Plate1,/Users/pmihack/claire/tmem_2026/data/cleaved_tmem_pld3_260821/d7/Z59_PLD_Control/PLD3Control_Plate1_d7_TMEM561LAMP1640MAP2488DAPI405_G17_F2.nd2,12
2,29995,9,0.018869811635272547,0.7335359999999999,201.00750732421875,6029220.0,9.957116465229763,0.0,-0.01607498598452622,True,,Control,G17,2,d7,Plate1,/Users/pmihack/claire/tmem_2026/data/cleaved_tmem_pld3_260821/d7/Z59_PLD_Control/PLD3Control_Plate1_d7_TMEM561LAMP1640MAP2488DAPI405_G17_F2.nd2,12
3,9496,10,0.037384161752316764,0.41407199999999994,290.39996337890625,2757638.0,14.826841414848994,0.0,0.008489987275065631,True,,Control,G17,2,d7,Plate1,/Users/pmihack/claire/tmem_2026/data/cleaved_tmem_pld3_260821/d7/Z59_PLD_Control/PLD3Control_Plate1_d7_TMEM561LAMP1640MAP2488DAPI405_G17_F2.nd2,12
4,16903,2,0.04454830503460924,4.391496,262.2525634765625,4432855.0,11.556322195562206,0.0,-0.03319954093176232,True,,Control,G17,2,d7,Plate1,/Users/pmihack/claire/tmem_2026/data/cleaved_tmem_pld3_260821/d7/Z59_PLD_Control/PLD3Control_Plate1_d7_TMEM561LAMP1640MAP2488DAPI405_G17_F2.nd2,12
5,22630,16,0.07048166151126822,1.162755,390.41839599609375,8835168.0,14.925424782376673,0.0,0.0663149946787087,True,,Control,G17,2,d7,Plate1,/Users/pmihack/claire/tmem_2026/data/cleaved_tmem_pld3_260821/d7/Z59_PLD_Control/PLD3Control_Plate1_d7_TMEM561LAMP1640MAP2488DAPI405_G17_F2.nd2,12
6,14717,1,0.035537133926751376,6.1002719999999995,210.8740234375,3103433.0,11.897141511613015,0.0,0.03428747745032432,True,,Control,G17,2,d7,Plate1,/Users/pmihack/claire/tmem_2026/data/cleaved_tmem_pld3_260821/d7/Z59_PLD_Control/PLD3Control_Plate1_d7_TMEM561LAMP1640MAP2488DAPI405_G17_F2.nd2,12
7,23305,16,0.024372452263462775,0.41407199999999994,311.0291748046875,7248535.0,8.48748491364397,0.0,-0.017835096152709937,True,,Control,G17,2,d7,Plate1,/Users/pmihack/claire/tmem_2026/data/cleaved_tmem_pld3_260821/d7/Z59_PLD_Control/PLD3Control_Plate1_d7_TMEM561LAMP1640MAP2488DAPI405_G17_F2.nd2,12
8,19994,9,0.007802340702210663,0.20217599999999997,85.96849060058594,1718854.0,11.295656375364755,0.0,-0.003616767452208789,True,,Control,G17,2,d7,Plate1,/Users/pmihack/claire/tmem_2026/data/cleaved_tmem_pld3_260821/d7/Z59_PLD_Control/PLD3Control_Plate1_d7_TMEM561LAMP1640MAP2488DAPI405_G17_F2.nd2,12
9,18491,5,0.013574171218430587,0.5855328,222.38153076171875,4112057.0,13.105156142427974,0.0,0.018599081815738508,True,,Control,G17,2,d7,Plate1,/Users/pmihack/claire/tmem_2026/data/cleaved_tmem_pld3_260821/d7/Z59_PLD_Control/PLD3Control_Plate1_d7_TMEM561LAMP1640MAP2488DAPI405_G17_F2.nd2,12
10,25783,15,0.048675483845945,0.975888,336.0404968261719,8664132.0,19.400678111363987,0.0,0.002389824289471472,True,,Control,G17,2,d7,Plate1,/Users/pmihack/claire/tmem_2026/data/cleaved_tmem_pld3_260821/d7/Z59_PLD_Control/PLD3Control_Plate1_d7_TMEM561LAMP1640MAP2488DAPI405_G17_F2.nd2,12
11,11846,4,0.0771568461928077,2.665224,409.74456787109375,4853834.0,25.51795283283496,0.0,-0.027782443557024472,True,,Control,G17,2,d7,Plate1,/Users/pmihack/claire/tmem_2026/data/cleaved_tmem_pld3_260821/d7/Z59_PLD_Control/PLD3Control_Plate1_d7_TMEM561LAMP1640MAP2488DAPI405_G17_F2.nd2,12
12,16882,3,0.04217509773723493,2.768256,224.3185577392578,3786946.0,14.188424877487552,0.0,-0.04342187545592138,True,,Control,G17,2,d7,Plate1,/Users/pmihack/claire/tmem_2026/data/cleaved_tmem_pld3_260821/d7/Z59_PLD_Control/PLD3Control_Plate1_d7_TMEM561LAMP1640MAP2488DAPI405_G17_F2.nd2,12
13,12052,7,0.02074344507135745,0.41657142857142854,178.13458251953125,2146878.0,15.470481436479005,0.0,0.07406584822369695,True,,Control,G17,2,d7,Plate1,/Users/pmihack/claire/tmem_2026/data/cleaved_tmem_pld3_260821/d7/Z59_PLD_Control/PLD3Control_Plate1_d7_TMEM561LAMP1640MAP2488DAPI405_G17_F2.nd2,12
1,18355,25,0.15832198311086898,1.3558233599999998,1483.3912353515625,27227646.0,13.45274982985741,0.0,0.1678429699911259,True,,Control,G17,3,d7,Plate1,/Users/pmihack/claire/tmem_2026/data/cleaved_tmem_pld3_260821/d7/Z59_PLD_Control/PLD3Control_Plate1_d7_TMEM561LAMP1640MAP2488DAPI405_G17_F3.nd2,12
2,12587,4,0.011281480892984825,0.41407199999999994,197.09962463378906,2480893.0,20.17119142107313,0.0,-0.0005860112152342053,True,,Control,G17,3,d7,Plate1,/Users/pmihack/claire/tmem_2026/data/cleaved_tmem_pld3_260821/d7/Z59_PLD_Control/PLD3Control_Plate1_d7_TMEM561LAMP1640MAP2488DAPI405_G17_F3.nd2,12
3,25729,4,0.044424579268529676,3.332988,429.3392333984375,11046469.0,5.642292185837707,0.0,0.2852345679272801,True,,Control,G17,3,d7,Plate1,/Users/pmihack/claire/tmem_2026/data/cleaved_tmem_pld3_260821/d7/Z59_PLD_Control/PLD3Control_Plate1_d7_TMEM561LAMP1640MAP2488DAPI405_G17_F3.nd2,12
4,13550,7,0.09918819188191882,2.2394879999999997,817.5698852539062,11078072.0,13.574044471684433,0.0,0.26201832011783455,True,,Control,G17,3,d7,Plate1,/Users/pmihack/claire/tmem_2026/data/cleaved_tmem_pld3_260821/d7/Z59_PLD_Control/PLD3Control_Plate1_d7_TMEM561LAMP1640MAP2488DAPI405_G17_F3.nd2,12
5,23826,10,0.05179215982540082,1.4393376,493.4358825683594,11756603.0,7.914533466133389,0.0,0.18622471192989756,True,,Control,G17,3,d7,Plate1,/Users/pmihack/claire/tmem_2026/data/cleaved_tmem_pld3_260821/d7/Z59_PLD_Control/PLD3Control_Plate1_d7_TMEM561LAMP1640MAP2488DAPI405_G17_F3.nd2,12
6,33014,11,0.06827406554794936,2.390059636363636,718.177978515625,23709928.0,9.673373968212577,1.2990339200769085e-05,0.04498448068336627,True,,Control,G17,3,d7,Plate1,/Users/pmihack/claire/tmem_2026/data/cleaved_tmem_pld3_260821/d7/Z59_PLD_Control/PLD3Control_Plate1_d7_TMEM561LAMP1640MAP2488DAPI405_G17_F3.nd2,12
7,23010,6,0.023859191655801824,1.067256,300.097900390625,6905253.0,10.700786863553738,0.0,0.053502602570164474,True,,Control,G17,3,d7,Plate1,/Users/pmihack/claire/tmem_2026/data/cleaved_tmem_pld3_260821/d7/Z59_PLD_Control/PLD3Control_Plate1_d7_TMEM561LAMP1640MAP2488DAPI405_G17_F3.nd2,12
8,9147,6,0.11358915491417951,2.0198159999999996,973.05224609375,8900509.0,27.364907643421382,0.0,0.43532457591214385,True,,Control,G17,3,d7,Plate1,/Users/pmihack/claire/tmem_2026/data/cleaved_tmem_pld3_260821/d7/Z59_PLD_Control/PLD3Control_Plate1_d7_TMEM561LAMP1640MAP2488DAPI405_G17_F3.nd2,12
9,7034,7,0.19363093545635485,2.269481142857143,1593.376708984375,11207812.0,16.06280227427082,0.0,0.49334998903078564,True,,Control,G17,3,d7,Plate1,/Users/pmihack/claire/tmem_2026/data/cleaved_tmem_pld3_260821/d7/Z59_PLD_Control/PLD3Control_Plate1_d7_TMEM561LAMP1640MAP2488DAPI405_G17_F3.nd2,12
10,26450,20,0.09266540642722117,1.4294231999999998,803.890380859375,21262900.0,10.820962951355515,0.0,0.28095579874537985,True,,Control,G17,3,d7,Plate1,/Users/pmihack/claire/tmem_2026/data/cleaved_tmem_pld3_260821/d7/Z59_PLD_Control/PLD3Control_Plate1_d7_TMEM561LAMP1640MAP2488DAPI405_G17_F3.nd2,12
11,9174,14,0.14628297362110312,1.1180777142857143,1391.231689453125,12763159.0,15.332832229651759,0.0,0.13897042281202177,True,,Control,G17,3,d7,Plate1,/Users/pmihack/claire/tmem_2026/data/cleaved_tmem_pld3_260821/d7/Z59_PLD_Control/PLD3Control_Plate1_d7_TMEM561LAMP1640MAP2488DAPI405_G17_F3.nd2,12
12,14998,12,0.037204960661421524,0.542376,475.5336608886719,7132054.0,22.06763277950277,0.0,0.2847530295198839,True,,Control,G17,3,d7,Plate1,/Users/pmihack/claire/tmem_2026/data/cleaved_tmem_pld3_260821/d7/Z59_PLD_Control/PLD3Control_Plate1_d7_TMEM561LAMP1640MAP2488DAPI405_G17_F3.nd2,12
13,20000,10,0.10285,2.3992847999999998,902.9370727539062,18058742.0,14.190129260175725,0.0,0.0863826266479801,True,,Control,G17,3,d7,Plate1,/Users/pmihack/claire/tmem_2026/data/cleaved_tmem_pld3_260821/d7/Z59_PLD_Control/PLD3Control_Plate1_d7_TMEM561LAMP1640MAP2488DAPI405_G17_F3.nd2,12
14,8338,14,0.09042935955864716,0.6281897142857142,1013.3518676757812,8449328.0,15.999026408318825,0.0,-0.020111845370187908,True,,Control,G17,3,d7,Plate1,/Users/pmihack/claire/tmem_2026/data/cleaved_tmem_pld3_260821/d7/Z59_PLD_Control/PLD3Control_Plate1_d7_TMEM561LAMP1640MAP2488DAPI405_G17_F3.nd2,12
15,19336,6,0.05880223417459661,2.2103279999999996,588.8239135742188,11385499.0,11.676241899496507,0.0,0.08155417912585784,True,,Control,G17,3,d7,Plate1,/Users/pmihack/claire/tmem_2026/data/cleaved_tmem_pld3_260821/d7/Z59_PLD_Control/PLD3Control_Plate1_d7_TMEM561LAMP1640MAP2488DAPI405_G17_F3.nd2,12
16,5931,0,0.0,0.0,79.4076919555664,470967.0,,0.0,-0.11147856755016967,True,,Control,G17,3,d7,Plate1,/Users/pmihack/claire/tmem_2026/data/cleaved_tmem_pld3_260821/d7/Z59_PLD_Control/PLD3Control_Plate1_d7_TMEM561LAMP1640MAP2488DAPI405_G17_F3.nd2,12
17,13281,11,0.08026504028311121,1.1303476363636362,738.7597045898438,9811468.0,32.39265648425393,0.0,0.3132291335132511,True,,Control,G17,3,d7,Plate1,/Users/pmihack/claire/tmem_2026/data/cleaved_tmem_pld3_260821/d7/Z59_PLD_Control/PLD3Control_Plate1_d7_TMEM561LAMP1640MAP2488DAPI405_G17_F3.nd2,12
1,13005,12,0.13633217993079585,1.7233559999999999,1711.96484375,22264102.0,10.620345497008914,0.002192542888224125,0.016594335064088108,True,,Control,G17,4,d7,Plate1,/Users/pmihack/claire/tmem_2026/data/cleaved_tmem_pld3_260821/d7/Z59_PLD_Control/PLD3Control_Plate1_d7_TMEM561LAMP1640MAP2488DAPI405_G17_F4.nd2,14
2,29728,7,0.06549381054897739,3.244258285714286,796.951416015625,23691772.0,18.3843935636831,0.0,0.27927210347922676,True,,Control,G17,4,d7,Plate1,/Users/pmihack/claire/tmem_2026/data/cleaved_tmem_pld3_260821/d7/Z59_PLD_Control/PLD3Control_Plate1_d7_TMEM561LAMP1640MAP2488DAPI405_G17_F4.nd2,14
3,13066,2,0.0021429664778815248,0.163296,241.3199920654297,3153087.0,10.511408530145115,0.0,0.11864288821541139,True,,Control,G17,4,d7,Plate1,/Users/pmihack/claire/tmem_2026/data/cleaved_tmem_pld3_260821/d7/Z59_PLD_Control/PLD3Control_Plate1_d7_TMEM561LAMP1640MAP2488DAPI405_G17_F4.nd2,14
4,6285,2,0.010342084327764518,0.37908,362.94989013671875,2281140.0,24.31348769221944,0.0,0.18101502271889527,True,,Control,G17,4,d7,Plate1,/Users/pmihack/claire/tmem_2026/data/cleaved_tmem_pld3_260821/d7/Z59_PLD_Control/PLD3Control_Plate1_d7_TMEM561LAMP1640MAP2488DAPI405_G17_F4.nd2,14
5,9183,5,0.021561581182620058,0.4618944,414.75238037109375,3808671.0,4.672186092160902,0.0,0.09781237928420729,True,,Control,G17,4,d7,Plate1,/Users/pmihack/claire/tmem_2026/data/cleaved_tmem_pld3_260821/d7/Z59_PLD_Control/PLD3Control_Plate1_d7_TMEM561LAMP1640MAP2488DAPI405_G17_F4.nd2,14
6,10107,1,0.0013851785890966657,0.163296,122.20807647705078,1235157.0,25.91100546559349,0.0,-0.017335671898972782,True,,Control,G17,4,d7,Plate1,/Users/pmihack/claire/tmem_2026/data/cleaved_tmem_pld3_260821/d7/Z59_PLD_Control/PLD3Control_Plate1_d7_TMEM561LAMP1640MAP2488DAPI405_G17_F4.nd2,14
7,8027,7,0.07549520368755451,1.0097691428571427,896.9686279296875,7199967.0,9.375084064710979,0.0,0.3599693198775974,True,,Control,G17,4,d7,Plate1,/Users/pmihack/claire/tmem_2026/data/cleaved_tmem_pld3_260821/d7/Z59_PLD_Control/PLD3Control_Plate1_d7_TMEM561LAMP1640MAP2488DAPI405_G17_F4.nd2,14
8,28689,8,0.040503328801979856,1.6941959999999998,516.7150268554688,14824037.0,2.899309945380562,2.165402111131698e-05,0.03105550335804764,True,,Control,G17,4,d7,Plate1,/Users/pmihack/claire/tmem_2026/data/cleaved_tmem_pld3_260821/d7/Z59_PLD_Control/PLD3Control_Plate1_d7_TMEM561LAMP1640MAP2488DAPI405_G17_F4.nd2,14
9,9071,3,0.17043324881490465,6.010848,1969.0892333984375,17861608.0,25.9499514817758,0.00010934066085610539,0.00732115955316495,True,,Control,G17,4,d7,Plate1,/Users/pmihack/claire/tmem_2026/data/cleaved_tmem_pld3_260821/d7/Z59_PLD_Control/PLD3Control_Plate1_d7_TMEM561LAMP1640MAP2488DAPI405_G17_F4.nd2,14
10,10143,12,0.028788326924972886,0.28382399999999997,568.9341430664062,5770699.0,25.61328094760193,0.0,0.07699866696205822,True,,Control,G17,4,d7,Plate1,/Users/pmihack/claire/tmem_2026/data/cleaved_tmem_pld3_260821/d7/Z59_PLD_Control/PLD3Control_Plate1_d7_TMEM561LAMP1640MAP2488DAPI405_G17_F4.nd2,14
11,19843,14,0.11701859597843069,1.9345577142857142,1373.264892578125,27249696.0,4.165555982092118,9.467995369050186e-06,0.026392661728832287,True,,Control,G17,4,d7,Plate1,/Users/pmihack/claire/tmem_2026/data/cleaved_tmem_pld3_260821/d7/Z59_PLD_Control/PLD3Control_Plate1_d7_TMEM561LAMP1640MAP2488DAPI405_G17_F4.nd2,14
12,15774,8,0.1102447064790161,2.535462,1904.67431640625,30044332.0,27.131286133500602,0.00018995263963006437,0.03445904528706386,False,border,Control,G17,4,d7,Plate1,/Users/pmihack/claire/tmem_2026/data/cleaved_tmem_pld3_260821/d7/Z59_PLD_Control/PLD3Control_Plate1_d7_TMEM561LAMP1640MAP2488DAPI405_G17_F4.nd2,14
13,14089,3,0.11306693164880403,6.1935839999999995,1579.04638671875,22247184.0,9.091721963942012,0.0,0.19986907787762614,True,,Control,G17,4,d7,Plate1,/Users/pmihack/claire/tmem_2026/data/cleaved_tmem_pld3_260821/d7/Z59_PLD_Control/PLD3Control_Plate1_d7_TMEM561LAMP1640MAP2488DAPI405_G17_F4.nd2,14
14,11813,4,0.10302209430288665,3.5487719999999996,1178.0311279296875,13916081.0,16.53190610359721,0.0,0.3990319982296615,True,,Control,G17,4,d7,Plate1,/Users/pmihack/claire/tmem_2026/data/cleaved_tmem_pld3_260821/d7/Z59_PLD_Control/PLD3Control_Plate1_d7_TMEM561LAMP1640MAP2488DAPI405_G17_F4.nd2,14
15,9230,1,0.05947995666305526,6.403536,1350.7813720703125,12467712.0,14.516379766670939,2.6067333237733692e-05,0.039532348547615476,True,,Control,G17,4,d7,Plate1,/Users/pmihack/claire/tmem_2026/data/cleaved_tmem_pld3_260821/d7/Z59_PLD_Control/PLD3Control_Plate1_d7_TMEM561LAMP1640MAP2488DAPI405_G17_F4.nd2,14
16,10241,4,0.13651010643491845,4.076568,1542.74072265625,15799208.0,19.95705054208187,0.0,0.2432436109714369,True,,Control,G17,4,d7,Plate1,/Users/pmihack/claire/tmem_2026/data/cleaved_tmem_pld3_260821/d7/Z59_PLD_Control/PLD3Control_Plate1_d7_TMEM561LAMP1640MAP2488DAPI405_G17_F4.nd2,14
17,6938,4,0.025655808590371865,0.519048,682.4756469726562,4735016.0,15.15585881187016,0.0,0.14734783532247406,True,,Control,G17,4,d7,Plate1,/Users/pmihack/claire/tmem_2026/data/cleaved_tmem_pld3_260821/d7/Z59_PLD_Control/PLD3Control_Plate1_d7_TMEM561LAMP1640MAP2488DAPI405_G17_F4.nd2,14
18,8773,9,0.15433717086515444,1.754784,1885.800048828125,16544124.0,17.358798833277294,4.835553681914462e-07,0.07594090090640433,True,,Control,G17,4,d7,Plate1,/Users/pmihack/claire/tmem_2026/data/cleaved_tmem_pld3_260821/d7/Z59_PLD_Control/PLD3Control_Plate1_d7_TMEM561LAMP1640MAP2488DAPI405_G17_F4.nd2,14
19,11988,3,0.09000667334000667,4.195152,1475.279052734375,17685646.0,14.722123341121062,0.0,0.5671071094463792,True,,Control,G17,4,d7,Plate1,/Users/pmihack/claire/tmem_2026/data/cleaved_tmem_pld3_260821/d7/Z59_PLD_Control/PLD3Control_Plate1_d7_TMEM561LAMP1640MAP2488DAPI405_G17_F4.nd2,14
20,9228,1,0.11324230602514088,12.18888,1519.5859375,14022739.0,11.443550522672801,0.0,0.3038261519261254,True,,Control,G17,4,d7,Plate1,/Users/pmihack/claire/tmem_2026/data/cleaved_tmem_pld3_260821/d7/Z59_PLD_Control/PLD3Control_Plate1_d7_TMEM561LAMP1640MAP2488DAPI405_G17_F4.nd2,14
21,10806,6,0.04691837867851194,0.9856079999999999,639.1097412109375,6906220.0,35.474699830580526,0.0,0.3599576961686634,True,,Control,G17,4,d7,Plate1,/Users/pmihack/claire/tmem_2026/data/cleaved_tmem_pld3_260821/d7/Z59_PLD_Control/PLD3Control_Plate1_d7_TMEM561LAMP1640MAP2488DAPI405_G17_F4.nd2,14
22,10945,7,0.11740520785746916,2.141177142857143,1411.7889404296875,15452030.0,15.20787334401066,4.911976066068746e-05,0.08207514645567848,True,,Control,G17,4,d7,Plate1,/Users/pmihack/claire/tmem_2026/data/cleaved_tmem_pld3_260821/d7/Z59_PLD_Control/PLD3Control_Plate1_d7_TMEM561LAMP1640MAP2488DAPI405_G17_F4.nd2,14
23,6840,7,0.03567251461988304,0.4065737142857142,607.0816040039062,4152438.0,24.650483502587747,0.0,0.6996630078220244,True,,Control,G17,4,d7,Plate1,/Users/pmihack/claire/tmem_2026/data/cleaved_tmem_pld3_260821/d7/Z59_PLD_Control/PLD3Control_Plate1_d7_TMEM561LAMP1640MAP2488DAPI405_G17_F4.nd2,14
24,12256,2,0.017868798955613576,1.277208,330.03369140625,4044893.0,16.957284491406785,0.0,0.311721734351353,False,border,Control,G17,4,d7,Plate1,/Users/pmihack/claire/tmem_2026/data/cleaved_tmem_pld3_260821/d7/Z59_PLD_Control/PLD3Control_Plate1_d7_TMEM561LAMP1640MAP2488DAPI405_G17_F4.nd2,14
25,7825,2,0.0028115015974440895,0.128304,91.30415344238281,714455.0,20.324643412945093,0.0,0.18303163113717724,False,border,Control,G17,4,d7,Plate1,/Users/pmihack/claire/tmem_2026/data/cleaved_tmem_pld3_260821/d7/Z59_PLD_Control/PLD3Control_Plate1_d7_TMEM561LAMP1640MAP2488DAPI405_G17_F4.nd2,14
1,13971,3,0.15088397394603106,8.195903999999999,1261.9921875,17631292.0,10.047578840323668,0.0002772910811472684,0.007093190448583905,True,,Control,H17,1,d7,Plate1,/Users/pmihack/claire/tmem_2026/data/cleaved_tmem_pld3_260821/d7/Z59_PLD_Control/PLD3Control_Plate1_d7_TMEM561LAMP1640MAP2488DAPI405_H17_F1.nd2,14
2,380,0,0.0,0.0,28.094736099243164,10676.0,,0.0,-0.011893758556948972,False,size_outlier,Control,H17,1,d7,Plate1,/Users/pmihack/claire/tmem_2026/data/cleaved_tmem_pld3_260821/d7/Z59_PLD_Control/PLD3Control_Plate1_d7_TMEM561LAMP1640MAP2488DAPI405_H17_F1.nd2,14
3,425,0,0.0,0.0,33.6588249206543,14305.0,,0.0,-0.1612351941545094,False,size_outlier,Control,H17,1,d7,Plate1,/Users/pmihack/claire/tmem_2026/data/cleaved_tmem_pld3_260821/d7/Z59_PLD_Control/PLD3Control_Plate1_d7_TMEM561LAMP1640MAP2488DAPI405_H17_F1.nd2,14
4,545,0,0.0,0.0,31.027523040771484,16910.0,,0.0,0.0090934802828568,False,size_outlier,Control,H17,1,d7,Plate1,/Users/pmihack/claire/tmem_2026/data/cleaved_tmem_pld3_260821/d7/Z59_PLD_Control/PLD3Control_Plate1_d7_TMEM561LAMP1640MAP2488DAPI405_H17_F1.nd2,14
5,11837,4,0.13812621441243558,4.767659999999999,1231.397705078125,14576055.0,0.5714472755120206,0.0,0.07158819883370687,True,,Control,H17,1,d7,Plate1,/Users/pmihack/claire/tmem_2026/data/cleaved_tmem_pld3_260821/d7/Z59_PLD_Control/PLD3Control_Plate1_d7_TMEM561LAMP1640MAP2488DAPI405_H17_F1.nd2,14
6,10086,7,0.2174301011302796,3.654164571428571,2531.969970703125,25537448.0,3.794895268755633,0.0,0.1867442313206344,True,,Control,H17,1,d7,Plate1,/Users/pmihack/claire/tmem_2026/data/cleaved_tmem_pld3_260821/d7/Z59_PLD_Control/PLD3Control_Plate1_d7_TMEM561LAMP1640MAP2488DAPI405_H17_F1.nd2,14
7,11418,16,0.16605359957961113,1.3821839999999999,1690.551025390625,19302712.0,18.524613048131535,0.00011392181477276608,-0.027779235632339572,True,,Control,H17,1,d7,Plate1,/Users/pmihack/claire/tmem_2026/data/cleaved_tmem_pld3_260821/d7/Z59_PLD_Control/PLD3Control_Plate1_d7_TMEM561LAMP1640MAP2488DAPI405_H17_F1.nd2,14
8,25827,8,0.10550973787122005,3.9730499999999997,1390.3115234375,35907576.0,4.29733222375623,0.0,0.16896107611924654,True,,Control,H17,1,d7,Plate1,/Users/pmihack/claire/tmem_2026/data/cleaved_tmem_pld3_260821/d7/Z59_PLD_Control/PLD3Control_Plate1_d7_TMEM561LAMP1640MAP2488DAPI405_H17_F1.nd2,14
9,16381,10,0.09834564434405714,1.8790703999999998,888.2334594726562,14550152.0,10.998620861200127,0.0,0.33085597883383333,True,,Control,H17,1,d7,Plate1,/Users/pmihack/claire/tmem_2026/data/cleaved_tmem_pld3_260821/d7/Z59_PLD_Control/PLD3Control_Plate1_d7_TMEM561LAMP1640MAP2488DAPI405_H17_F1.nd2,14
10,14280,8,0.18928571428571428,3.9409739999999998,1973.4703369140625,28181156.0,10.290174682126283,0.0,0.056676381654428835,True,,Control,H17,1,d7,Plate1,/Users/pmihack/claire/tmem_2026/data/cleaved_tmem_pld3_260821/d7/Z59_PLD_Control/PLD3Control_Plate1_d7_TMEM561LAMP1640MAP2488DAPI405_H17_F1.nd2,14
11,14940,9,0.1501338688085676,2.9069279999999997,1302.1748046875,19454492.0,10.758780752664816,0.0,0.5026079397613751,True,,Control,H17,1,d7,Plate1,/Users/pmihack/claire/tmem_2026/data/cleaved_tmem_pld3_260821/d7/Z59_PLD_Control/PLD3Control_Plate1_d7_TMEM561LAMP1640MAP2488DAPI405_H17_F1.nd2,14
12,30129,35,0.0387334461814199,0.3889110857142857,631.1847534179688,19016966.0,3.839571216615797,0.0,0.09115667071729491,True,,Control,H17,1,d7,Plate1,/Users/pmihack/claire/tmem_2026/data/cleaved_tmem_pld3_260821/d7/Z59_PLD_Control/PLD3Control_Plate1_d7_TMEM561LAMP1640MAP2488DAPI405_H17_F1.nd2,14
13,10717,14,0.1740225809461603,1.5538114285714286,1811.21923828125,19410836.0,5.46472865382136,0.0,0.13970589515598106,True,,Control,H17,1,d7,Plate1,/Users/pmihack/claire/tmem_2026/data/cleaved_tmem_pld3_260821/d7/Z59_PLD_Control/PLD3Control_Plate1_d7_TMEM561LAMP1640MAP2488DAPI405_H17_F1.nd2,14
14,14055,12,0.12422625400213447,1.697112,1235.8057861328125,17369250.0,6.720672123273769,0.0,0.5362083308313587,True,,Control,H17,1,d7,Plate1,/Users/pmihack/claire/tmem_2026/data/cleaved_tmem_pld3_260821/d7/Z59_PLD_Control/PLD3Control_Plate1_d7_TMEM561LAMP1640MAP2488DAPI405_H17_F1.nd2,14
15,5162,7,0.027896164277411855,0.23994514285714286,637.0592651367188,3288500.0,28.13607746250584,0.0,0.04188884939747871,True,,Control,H17,1,d7,Plate1,/Users/pmihack/claire/tmem_2026/data/cleaved_tmem_pld3_260821/d7/Z59_PLD_Control/PLD3Control_Plate1_d7_TMEM561LAMP1640MAP2488DAPI405_H17_F1.nd2,14
16,8320,2,0.2109375,10.235159999999999,2270.38623046875,18889614.0,23.77375081353586,0.0,0.3352370143487823,True,,Control,H17,1,d7,Plate1,/Users/pmihack/claire/tmem_2026/data/cleaved_tmem_pld3_260821/d7/Z59_PLD_Control/PLD3Control_Plate1_d7_TMEM561LAMP1640MAP2488DAPI405_H17_F1.nd2,14
1,9819,5,0.07689174050310622,1.761264,951.3116455078125,9340929.0,30.05414458620243,0.0,0.1479426184926367,True,,Control,H17,2,d7,Plate1,/Users/pmihack/claire/tmem_2026/data/cleaved_tmem_pld3_260821/d7/Z59_PLD_Control/PLD3Control_Plate1_d7_TMEM561LAMP1640MAP2488DAPI405_H17_F2.nd2,11
2,13628,6,0.10060170237745818,2.665224,1019.1390991210938,13888828.0,30.448086318557795,0.0009276520577259362,-0.01384725923542527,True,,Control,H17,2,d7,Plate1,/Users/pmihack/claire/tmem_2026/data/cleaved_tmem_pld3_260821/d7/Z59_PLD_Control/PLD3Control_Plate1_d7_TMEM561LAMP1640MAP2488DAPI405_H17_F2.nd2,11
3,14176,3,0.09290349887133183,5.120495999999999,1132.5504150390625,16055035.0,3.082832984340424,0.0,0.35466251946564126,True,,Control,H17,2,d7,Plate1,/Users/pmihack/claire/tmem_2026/data/cleaved_tmem_pld3_260821/d7/Z59_PLD_Control/PLD3Control_Plate1_d7_TMEM561LAMP1640MAP2488DAPI405_H17_F2.nd2,11
4,22379,3,0.05152151570668931,4.482863999999999,566.74951171875,12683287.0,5.058216754925407,0.0,0.06076663764875865,True,,Control,H17,2,d7,Plate1,/Users/pmihack/claire/tmem_2026/data/cleaved_tmem_pld3_260821/d7/Z59_PLD_Control/PLD3Control_Plate1_d7_TMEM561LAMP1640MAP2488DAPI405_H17_F2.nd2,11
5,13697,4,0.09527633788420822,3.8053799999999995,986.29736328125,13509315.0,4.213663012234567,0.0,0.2591514383875971,True,,Control,H17,2,d7,Plate1,/Users/pmihack/claire/tmem_2026/data/cleaved_tmem_pld3_260821/d7/Z59_PLD_Control/PLD3Control_Plate1_d7_TMEM561LAMP1640MAP2488DAPI405_H17_F2.nd2,11
6,10191,1,0.11706407614561869,13.915151999999999,1263.8590087890625,12879987.0,8.944767558586017,0.0,0.21551408500065164,True,,Control,H17,2,d7,Plate1,/Users/pmihack/claire/tmem_2026/data/cleaved_tmem_pld3_260821/d7/Z59_PLD_Control/PLD3Control_Plate1_d7_TMEM561LAMP1640MAP2488DAPI405_H17_F2.nd2,11
7,24408,9,0.08579154375614553,2.713824,1094.465576171875,26713716.0,16.590652432877878,0.0,0.1323605624016665,True,,Control,H17,2,d7,Plate1,/Users/pmihack/claire/tmem_2026/data/cleaved_tmem_pld3_260821/d7/Z59_PLD_Control/PLD3Control_Plate1_d7_TMEM561LAMP1640MAP2488DAPI405_H17_F2.nd2,11
8,22902,12,0.13335079905685093,2.968488,1406.4205322265625,32209844.0,14.116301084218522,0.0,0.18333855821212455,True,,Control,H17,2,d7,Plate1,/Users/pmihack/claire/tmem_2026/data/cleaved_tmem_pld3_260821/d7/Z59_PLD_Control/PLD3Control_Plate1_d7_TMEM561LAMP1640MAP2488DAPI405_H17_F2.nd2,11
9,15849,3,0.10700990598775947,6.594048,1352.4189453125,21434488.0,19.972598875659127,0.0,0.21812375553882213,True,,Control,H17,2,d7,Plate1,/Users/pmihack/claire/tmem_2026/data/cleaved_tmem_pld3_260821/d7/Z59_PLD_Control/PLD3Control_Plate1_d7_TMEM561LAMP1640MAP2488DAPI405_H17_F2.nd2,11
10,22113,9,0.078777189888301,2.2576319999999996,889.4534301757812,19668484.0,8.898026896163966,0.0,0.026464954218828537,True,,Control,H17,2,d7,Plate1,/Users/pmihack/claire/tmem_2026/data/cleaved_tmem_pld3_260821/d7/Z59_PLD_Control/PLD3Control_Plate1_d7_TMEM561LAMP1640MAP2488DAPI405_H17_F2.nd2,11
11,19862,6,0.0850367535998389,3.283416,865.7567138671875,17195660.0,5.703822123705394,7.036659098957898e-06,0.009932386245666214,True,,Control,H17,2,d7,Plate1,/Users/pmihack/claire/tmem_2026/data/cleaved_tmem_pld3_260821/d7/Z59_PLD_Control/PLD3Control_Plate1_d7_TMEM561LAMP1640MAP2488DAPI405_H17_F2.nd2,11
12,8956,1,0.17518981688253685,18.300815999999998,2051.684326171875,18374884.0,23.557143600520583,0.0,0.4404874127076611,True,,Control,H17,2,d7,Plate1,/Users/pmihack/claire/tmem_2026/data/cleaved_tmem_pld3_260821/d7/Z59_PLD_Control/PLD3Control_Plate1_d7_TMEM561LAMP1640MAP2488DAPI405_H17_F2.nd2,11
13,16,0,0.0,0.0,758.5,12136.0,,0.0,0.09643161401863078,False,size_outlier,Control,H17,2,d7,Plate1,/Users/pmihack/claire/tmem_2026/data/cleaved_tmem_pld3_260821/d7/Z59_PLD_Control/PLD3Control_Plate1_d7_TMEM561LAMP1640MAP2488DAPI405_H17_F2.nd2,11
14,14333,4,0.0773738924161027,3.233844,825.2147216796875,11827803.0,4.267537811928462,0.0,0.17036352296846088,True,,Control,H17,2,d7,Plate1,/Users/pmihack/claire/tmem_2026/data/cleaved_tmem_pld3_260821/d7/Z59_PLD_Control/PLD3Control_Plate1_d7_TMEM561LAMP1640MAP2488DAPI405_H17_F2.nd2,11
15,16096,8,0.06995526838966203,1.641708,901.2315673828125,14506223.0,16.073144348017358,0.0,0.2658423900284144,True,,Control,H17,2,d7,Plate1,/Users/pmihack/claire/tmem_2026/data/cleaved_tmem_pld3_260821/d7/Z59_PLD_Control/PLD3Control_Plate1_d7_TMEM561LAMP1640MAP2488DAPI405_H17_F2.nd2,11
16,13979,3,0.0027898991344159096,0.151632,81.46427154541016,1138789.0,16.509598334843307,0.0,-0.030237386972968426,True,,Control,H17,2,d7,Plate1,/Users/pmihack/claire/tmem_2026/data/cleaved_tmem_pld3_260821/d7/Z59_PLD_Control/PLD3Control_Plate1_d7_TMEM561LAMP1640MAP2488DAPI405_H17_F2.nd2,11
17,16345,14,0.015539920464973999,0.2116182857142857,367.53533935546875,6007365.0,14.888436065405578,0.0,0.021397904528817964,True,,Control,H17,2,d7,Plate1,/Users/pmihack/claire/tmem_2026/data/cleaved_tmem_pld3_260821/d7/Z59_PLD_Control/PLD3Control_Plate1_d7_TMEM561LAMP1640MAP2488DAPI405_H17_F2.nd2,11
18,18186,3,0.08198614318706697,5.797008,852.0579833984375,15495526.0,21.243025010326125,4.097957207704894e-05,-0.00531044191412067,True,,Control,H17,2,d7,Plate1,/Users/pmihack/claire/tmem_2026/data/cleaved_tmem_pld3_260821/d7/Z59_PLD_Control/PLD3Control_Plate1_d7_TMEM561LAMP1640MAP2488DAPI405_H17_F2.nd2,11
19,22020,5,0.08510445049954586,4.3716672,1037.76220703125,22851524.0,12.932122393354593,0.0,0.15021484295158505,True,,Control,H17,2,d7,Plate1,/Users/pmihack/claire/tmem_2026/data/cleaved_tmem_pld3_260821/d7/Z59_PLD_Control/PLD3Control_Plate1_d7_TMEM561LAMP1640MAP2488DAPI405_H17_F2.nd2,11
20,12874,6,0.08249184402672052,2.0645279999999997,904.22216796875,11640956.0,15.471004766670085,0.0,0.11202986949815484,True,,Control,H17,2,d7,Plate1,/Users/pmihack/claire/tmem_2026/data/cleaved_tmem_pld3_260821/d7/Z59_PLD_Control/PLD3Control_Plate1_d7_TMEM561LAMP1640MAP2488DAPI405_H17_F2.nd2,11
21,29246,12,0.09409833823428845,2.674944,990.2593994140625,28961126.0,9.761893785417646,2.0095903892070055e-05,-0.0039487559810760155,True,,Control,H17,2,d7,Plate1,/Users/pmihack/claire/tmem_2026/data/cleaved_tmem_pld3_260821/d7/Z59_PLD_Control/PLD3Control_Plate1_d7_TMEM561LAMP1640MAP2488DAPI405_H17_F2.nd2,11
22,36140,22,0.13201438848920863,2.5294974545454543,1712.1441650390625,61876892.0,8.653624516937382,0.0,0.02985807728689642,True,,Control,H17,2,d7,Plate1,/Users/pmihack/claire/tmem_2026/data/cleaved_tmem_pld3_260821/d7/Z59_PLD_Control/PLD3Control_Plate1_d7_TMEM561LAMP1640MAP2488DAPI405_H17_F2.nd2,11
23,5173,6,0.10206843224434564,1.026432,1066.9794921875,5519485.0,20.194433171819245,0.0,0.2530393820297653,True,,Control,H17,2,d7,Plate1,/Users/pmihack/claire/tmem_2026/data/cleaved_tmem_pld3_260821/d7/Z59_PLD_Control/PLD3Control_Plate1_d7_TMEM561LAMP1640MAP2488DAPI405_H17_F2.nd2,11
24,15,2,0.9333333333333333,0.081648,6483.7998046875,97257.0,413.3674373096803,0.0,0.788848670727082,False,size_outlier,Control,H17,2,d7,Plate1,/Users/pmihack/claire/tmem_2026/data/cleaved_tmem_pld3_260821/d7/Z59_PLD_Control/PLD3Control_Plate1_d7_TMEM561LAMP1640MAP2488DAPI405_H17_F2.nd2,11
25,2039,4,0.01569396763119176,0.09331199999999999,969.8965454101562,1977619.0,41.389687832240355,0.0,0.20224146419770192,True,,Control,H17,2,d7,Plate1,/Users/pmihack/claire/tmem_2026/data/cleaved_tmem_pld3_260821/d7/Z59_PLD_Control/PLD3Control_Plate1_d7_TMEM561LAMP1640MAP2488DAPI405_H17_F2.nd2,11
1,7106,7,0.15395440472839853,1.822916571428571,1727.7037353515625,12277063.0,26.67558172318943,0.0,0.22657527148239054,True,,Control,H17,3,d7,Plate1,/Users/pmihack/claire/tmem_2026/data/cleaved_tmem_pld3_260821/d7/Z59_PLD_Control/PLD3Control_Plate1_d7_TMEM561LAMP1640MAP2488DAPI405_H17_F3.nd2,12
2,9253,5,0.13509132173349184,2.916,1438.084716796875,13306598.0,9.13854823773674,0.0,-0.005611633739239769,True,,Control,H17,3,d7,Plate1,/Users/pmihack/claire/tmem_2026/data/cleaved_tmem_pld3_260821/d7/Z59_PLD_Control/PLD3Control_Plate1_d7_TMEM561LAMP1640MAP2488DAPI405_H17_F3.nd2,12
3,5666,0,0.0,0.0,72.29121398925781,409602.0,,0.0,-0.04472824828440893,True,,Control,H17,3,d7,Plate1,/Users/pmihack/claire/tmem_2026/data/cleaved_tmem_pld3_260821/d7/Z59_PLD_Control/PLD3Control_Plate1_d7_TMEM561LAMP1640MAP2488DAPI405_H17_F3.nd2,12
4,9262,5,0.08615849708486288,1.8615743999999999,975.1491088867188,9031831.0,14.195625396801532,0.0,0.09757448874251812,True,,Control,H17,3,d7,Plate1,/Users/pmihack/claire/tmem_2026/data/cleaved_tmem_pld3_260821/d7/Z59_PLD_Control/PLD3Control_Plate1_d7_TMEM561LAMP1640MAP2488DAPI405_H17_F3.nd2,12
5,29232,12,0.05750547345374932,1.633932,664.0822143554688,19412452.0,12.613195484489307,0.0,0.006983035872016432,True,,Control,H17,3,d7,Plate1,/Users/pmihack/claire/tmem_2026/data/cleaved_tmem_pld3_260821/d7/Z59_PLD_Control/PLD3Control_Plate1_d7_TMEM561LAMP1640MAP2488DAPI405_H17_F3.nd2,12
6,8496,7,0.2231638418079096,3.1592777142857136,2251.060791015625,19125012.0,17.472829727513776,0.0,0.3675824736997714,True,,Control,H17,3,d7,Plate1,/Users/pmihack/claire/tmem_2026/data/cleaved_tmem_pld3_260821/d7/Z59_PLD_Control/PLD3Control_Plate1_d7_TMEM561LAMP1640MAP2488DAPI405_H17_F3.nd2,12
7,24785,4,0.06854952592293725,4.9542839999999995,695.4428100585938,17236550.0,6.604327935799464,0.0,0.18404993330457897,True,,Control,H17,3,d7,Plate1,/Users/pmihack/claire/tmem_2026/data/cleaved_tmem_pld3_260821/d7/Z59_PLD_Control/PLD3Control_Plate1_d7_TMEM561LAMP1640MAP2488DAPI405_H17_F3.nd2,12
8,18705,0,0.0,0.0,176.10018920898438,3293954.0,,0.0,0.12247199310531706,True,,Control,H17,3,d7,Plate1,/Users/pmihack/claire/tmem_2026/data/cleaved_tmem_pld3_260821/d7/Z59_PLD_Control/PLD3Control_Plate1_d7_TMEM561LAMP1640MAP2488DAPI405_H17_F3.nd2,12
9,18637,6,0.08772871170252723,3.1784399999999997,1059.994873046875,19755124.0,18.074589714564592,0.0,0.029144728979096368,True,,Control,H17,3,d7,Plate1,/Users/pmihack/claire/tmem_2026/data/cleaved_tmem_pld3_260821/d7/Z59_PLD_Control/PLD3Control_Plate1_d7_TMEM561LAMP1640MAP2488DAPI405_H17_F3.nd2,12
10,39091,34,0.06528356910797882,0.8754861176470587,847.0948486328125,33113784.0,9.295538446323366,0.00011919507960556075,0.014371650935158707,True,,Control,H17,3,d7,Plate1,/Users/pmihack/claire/tmem_2026/data/cleaved_tmem_pld3_260821/d7/Z59_PLD_Control/PLD3Control_Plate1_d7_TMEM561LAMP1640MAP2488DAPI405_H17_F3.nd2,12
11,11422,6,0.1294869549991245,2.8751759999999997,1534.7264404296875,17529646.0,17.04368193651538,0.0005480429972521961,-0.002026078422249503,True,,Control,H17,3,d7,Plate1,/Users/pmihack/claire/tmem_2026/data/cleaved_tmem_pld3_260821/d7/Z59_PLD_Control/PLD3Control_Plate1_d7_TMEM561LAMP1640MAP2488DAPI405_H17_F3.nd2,12
12,20126,13,0.1179568717082381,2.130025846153846,1288.952392578125,25941456.0,13.761954775159099,0.0,0.019233389552783958,True,,Control,H17,3,d7,Plate1,/Users/pmihack/claire/tmem_2026/data/cleaved_tmem_pld3_260821/d7/Z59_PLD_Control/PLD3Control_Plate1_d7_TMEM561LAMP1640MAP2488DAPI405_H17_F3.nd2,12
13,10741,11,0.06926729354808676,0.7889105454545454,900.086669921875,9667831.0,22.092255601083245,0.0,0.26504410348168217,True,,Control,H17,3,d7,Plate1,/Users/pmihack/claire/tmem_2026/data/cleaved_tmem_pld3_260821/d7/Z59_PLD_Control/PLD3Control_Plate1_d7_TMEM561LAMP1640MAP2488DAPI405_H17_F3.nd2,12
14,19646,13,0.03552886083681157,0.6262670769230769,544.2951049804688,10693222.0,18.966900565104638,0.0,0.0016889376519368807,True,,Control,H17,3,d7,Plate1,/Users/pmihack/claire/tmem_2026/data/cleaved_tmem_pld3_260821/d7/Z59_PLD_Control/PLD3Control_Plate1_d7_TMEM561LAMP1640MAP2488DAPI405_H17_F3.nd2,12
15,10417,2,0.0009599692809830085,0.05832,73.86272430419922,769428.0,31.00507301817816,0.0,0.03739122436960584,True,,Control,H17,3,d7,Plate1,/Users/pmihack/claire/tmem_2026/data/cleaved_tmem_pld3_260821/d7/Z59_PLD_Control/PLD3Control_Plate1_d7_TMEM561LAMP1640MAP2488DAPI405_H17_F3.nd2,12
16,8200,7,0.09134146341463414,1.2480479999999998,1272.31005859375,10432942.0,30.193836643595176,0.0,0.0635154188588581,True,,Control,H17,3,d7,Plate1,/Users/pmihack/claire/tmem_2026/data/cleaved_tmem_pld3_260821/d7/Z59_PLD_Control/PLD3Control_Plate1_d7_TMEM561LAMP1640MAP2488DAPI405_H17_F3.nd2,12
17,6789,5,0.4066872882604213,6.4408608,4027.331298828125,27341552.0,26.439006256952357,0.0,0.3058838387534487,True,,Control,H17,3,d7,Plate1,/Users/pmihack/claire/tmem_2026/data/cleaved_tmem_pld3_260821/d7/Z59_PLD_Control/PLD3Control_Plate1_d7_TMEM561LAMP1640MAP2488DAPI405_H17_F3.nd2,12
1,8559,6,0.14733029559527983,2.4513839999999996,1015.9192504882812,8695253.0,0.7947528815242342,0.0,0.21384583008296898,True,,Control,H17,4,d7,Plate1,/Users/pmihack/claire/tmem_2026/data/cleaved_tmem_pld3_260821/d7/Z59_PLD_Control/PLD3Control_Plate1_d7_TMEM561LAMP1640MAP2488DAPI405_H17_F4.nd2,11
2,11390,4,0.0607550482879719,2.0178719999999997,405.1022033691406,4614114.0,3.2628660805107335,0.0,-0.001694538815025924,True,,Control,H17,4,d7,Plate1,/Users/pmihack/claire/tmem_2026/data/cleaved_tmem_pld3_260821/d7/Z59_PLD_Control/PLD3Control_Plate1_d7_TMEM561LAMP1640MAP2488DAPI405_H17_F4.nd2,11
3,11569,9,0.052122050306854524,0.781488,485.23095703125,5613637.0,18.156270505055225,0.0,-0.08092442262238392,True,,Control,H17,4,d7,Plate1,/Users/pmihack/claire/tmem_2026/data/cleaved_tmem_pld3_260821/d7/Z59_PLD_Control/PLD3Control_Plate1_d7_TMEM561LAMP1640MAP2488DAPI405_H17_F4.nd2,11
4,17446,5,0.07445832855668921,3.0303071999999998,489.72027587890625,8543660.0,9.004171797369047,0.0,-0.08903523330185775,True,,Control,H17,4,d7,Plate1,/Users/pmihack/claire/tmem_2026/data/cleaved_tmem_pld3_260821/d7/Z59_PLD_Control/PLD3Control_Plate1_d7_TMEM561LAMP1640MAP2488DAPI405_H17_F4.nd2,11
5,14942,4,0.06886628296078169,3.000564,585.540283203125,8749143.0,8.98368055520845,0.0,-0.02275595126790992,True,,Control,H17,4,d7,Plate1,/Users/pmihack/claire/tmem_2026/data/cleaved_tmem_pld3_260821/d7/Z59_PLD_Control/PLD3Control_Plate1_d7_TMEM561LAMP1640MAP2488DAPI405_H17_F4.nd2,11
6,17725,13,0.03689703808180536,0.586788923076923,383.4642639160156,6796904.0,4.985757235151603,0.0,0.02238936547139669,True,,Control,H17,4,d7,Plate1,/Users/pmihack/claire/tmem_2026/data/cleaved_tmem_pld3_260821/d7/Z59_PLD_Control/PLD3Control_Plate1_d7_TMEM561LAMP1640MAP2488DAPI405_H17_F4.nd2,11
7,14123,11,0.05572470438292147,0.8345061818181818,428.9918518066406,6058652.0,15.39964298519458,0.0,-0.05390160682371338,True,,Control,H17,4,d7,Plate1,/Users/pmihack/claire/tmem_2026/data/cleaved_tmem_pld3_260821/d7/Z59_PLD_Control/PLD3Control_Plate1_d7_TMEM561LAMP1640MAP2488DAPI405_H17_F4.nd2,11
8,10895,4,0.08031206975676916,2.5515,627.8858032226562,6840816.0,19.45192120953924,0.0,-0.01946829809245044,True,,Control,H17,4,d7,Plate1,/Users/pmihack/claire/tmem_2026/data/cleaved_tmem_pld3_260821/d7/Z59_PLD_Control/PLD3Control_Plate1_d7_TMEM561LAMP1640MAP2488DAPI405_H17_F4.nd2,11
9,8485,3,0.06576311137301119,2.169504,463.9667663574219,3936758.0,7.446808187949867,0.0,0.15444743426007995,True,,Control,H17,4,d7,Plate1,/Users/pmihack/claire/tmem_2026/data/cleaved_tmem_pld3_260821/d7/Z59_PLD_Control/PLD3Control_Plate1_d7_TMEM561LAMP1640MAP2488DAPI405_H17_F4.nd2,11
10,15181,12,0.02048613398326856,0.302292,242.1905059814453,3676694.0,18.929138786161737,0.0,-0.060102134645435644,True,,Control,H17,4,d7,Plate1,/Users/pmihack/claire/tmem_2026/data/cleaved_tmem_pld3_260821/d7/Z59_PLD_Control/PLD3Control_Plate1_d7_TMEM561LAMP1640MAP2488DAPI405_H17_F4.nd2,11
11,12218,3,0.08806678670813554,4.183488,610.4843139648438,7458897.0,11.147619887002325,0.0,-0.10829786867219088,True,,Control,H17,4,d7,Plate1,/Users/pmihack/claire/tmem_2026/data/cleaved_tmem_pld3_260821/d7/Z59_PLD_Control/PLD3Control_Plate1_d7_TMEM561LAMP1640MAP2488DAPI405_H17_F4.nd2,11
12,7534,1,0.09715954340323865,8.538048,652.8984375,4918937.0,15.544286009670133,0.0,0.040711919306053314,True,,Control,H17,4,d7,Plate1,/Users/pmihack/claire/tmem_2026/data/cleaved_tmem_pld3_260821/d7/Z59_PLD_Control/PLD3Control_Plate1_d7_TMEM561LAMP1640MAP2488DAPI405_H17_F4.nd2,11
13,5022,1,0.0015929908403026682,0.09331199999999999,128.5726776123047,645692.0,22.839722485866048,0.0,0.08634399821729476,True,,Control,H17,4,d7,Plate1,/Users/pmihack/claire/tmem_2026/data/cleaved_tmem_pld3_260821/d7/Z59_PLD_Control/PLD3Control_Plate1_d7_TMEM561LAMP1640MAP2488DAPI405_H17_F4.nd2,11
14,23705,9,0.019152077620755114,0.5883839999999999,242.38050842285156,5745630.0,14.306683542522551,0.0,0.2628664610007296,True,,Control,H17,4,d7,Plate1,/Users/pmihack/claire/tmem_2026/data/cleaved_tmem_pld3_260821/d7/Z59_PLD_Control/PLD3Control_Plate1_d7_TMEM561LAMP1640MAP2488DAPI405_H17_F4.nd2,11
15,2490,0,0.0,0.0,31.8823299407959,79387.0,,0.0,0.11447324001416866,True,,Control,H17,4,d7,Plate1,/Users/pmihack/claire/tmem_2026/data/cleaved_tmem_pld3_260821/d7/Z59_PLD_Control/PLD3Control_Plate1_d7_TMEM561LAMP1640MAP2488DAPI405_H17_F4.nd2,11
16,25165,11,0.01382873037949533,0.3690065454545454,249.29144287109375,6273419.0,14.760239043702587,0.0,-0.03866209547074589,True,,Control,H17,4,d7,Plate1,/Users/pmihack/claire/tmem_2026/data/cleaved_tmem_pld3_260821/d7/Z59_PLD_Control/PLD3Control_Plate1_d7_TMEM561LAMP1640MAP2488DAPI405_H17_F4.nd2,11
17,22888,19,0.06151695211464523,0.8643637894736842,626.1695556640625,14331769.0,12.779746524866802,0.0,0.08275493169062134,True,,Control,H17,4,d7,Plate1,/Users/pmihack/claire/tmem_2026/data/cleaved_tmem_pld3_260821/d7/Z59_PLD_Control/PLD3Control_Plate1_d7_TMEM561LAMP1640MAP2488DAPI405_H17_F4.nd2,11
18,15000,5,0.04526666666666666,1.5839712,317.46380615234375,4761957.0,19.19763241915867,0.0,0.04064915386036464,True,,Control,H17,4,d7,Plate1,/Users/pmihack/claire/tmem_2026/data/cleaved_tmem_pld3_260821/d7/Z59_PLD_Control/PLD3Control_Plate1_d7_TMEM561LAMP1640MAP2488DAPI405_H17_F4.nd2,11
1,26485,15,0.08121578251840665,1.6726176,1391.2525634765625,36847324.0,11.3336828391054,0.0,0.7622392417767199,True,,KI,C20,1,d7,Plate1,/Users/pmihack/claire/tmem_2026/data/cleaved_tmem_pld3_260821/d7/Z60_PLD_TMEMki/PLD3TMEM106B_Plate1_d7_TMEM561LAMP1640MAP2488DAPI405_C20_F1.nd2,12
2,11523,10,0.08027423414041482,1.0789199999999999,1070.392333984375,12334131.0,13.259735542923544,0.026669086888432503,0.5775217152790145,True,,KI,C20,1,d7,Plate1,/Users/pmihack/claire/tmem_2026/data/cleaved_tmem_pld3_260821/d7/Z60_PLD_TMEMki/PLD3TMEM106B_Plate1_d7_TMEM561LAMP1640MAP2488DAPI405_C20_F1.nd2,12
3,12176,6,0.049113009198423124,1.162512,840.3911743164062,10232603.0,17.91998774491461,0.0,0.631358894933004,False,border,KI,C20,1,d7,Plate1,/Users/pmihack/claire/tmem_2026/data/cleaved_tmem_pld3_260821/d7/Z60_PLD_TMEMki/PLD3TMEM106B_Plate1_d7_TMEM561LAMP1640MAP2488DAPI405_C20_F1.nd2,12
4,10553,7,0.03761963422723396,0.6615154285714285,560.4503784179688,5914433.0,14.230877760984725,0.0,0.5215370887131967,True,,KI,C20,1,d7,Plate1,/Users/pmihack/claire/tmem_2026/data/cleaved_tmem_pld3_260821/d7/Z60_PLD_TMEMki/PLD3TMEM106B_Plate1_d7_TMEM561LAMP1640MAP2488DAPI405_C20_F1.nd2,12
5,3157,1,0.0063351282863477985,0.23328,261.7621154785156,826383.0,56.57009853878876,0.0,0.14312600647335347,True,,KI,C20,1,d7,Plate1,/Users/pmihack/claire/tmem_2026/data/cleaved_tmem_pld3_260821/d7/Z60_PLD_TMEMki/PLD3TMEM106B_Plate1_d7_TMEM561LAMP1640MAP2488DAPI405_C20_F1.nd2,12
6,12203,3,0.002376464803736786,0.11275199999999998,312.341552734375,3811504.0,32.01143875798707,0.0,0.37804326828671625,True,,KI,C20,1,d7,Plate1,/Users/pmihack/claire/tmem_2026/data/cleaved_tmem_pld3_260821/d7/Z60_PLD_TMEMki/PLD3TMEM106B_Plate1_d7_TMEM561LAMP1640MAP2488DAPI405_C20_F1.nd2,12
7,12866,0,0.0,0.0,46.299781799316406,595693.0,,0.0,-0.008009651237518478,True,,KI,C20,1,d7,Plate1,/Users/pmihack/claire/tmem_2026/data/cleaved_tmem_pld3_260821/d7/Z60_PLD_TMEMki/PLD3TMEM106B_Plate1_d7_TMEM561LAMP1640MAP2488DAPI405_C20_F1.nd2,12
8,16426,3,0.03323998538901741,2.122848,519.7383422851562,8537222.0,10.279762313357734,0.0,0.6302534890044215,True,,KI,C20,1,d7,Plate1,/Users/pmihack/claire/tmem_2026/data/cleaved_tmem_pld3_260821/d7/Z60_PLD_TMEMki/PLD3TMEM106B_Plate1_d7_TMEM561LAMP1640MAP2488DAPI405_C20_F1.nd2,12
9,22919,7,0.06579693703913783,2.512758857142857,955.8436279296875,21906980.0,18.295747275156323,0.003965996205806732,0.6373728778868246,True,,KI,C20,1,d7,Plate1,/Users/pmihack/claire/tmem_2026/data/cleaved_tmem_pld3_260821/d7/Z60_PLD_TMEMki/PLD3TMEM106B_Plate1_d7_TMEM561LAMP1640MAP2488DAPI405_C20_F1.nd2,12
10,96,0,0.0,0.0,44.29166793823242,4252.0,,0.0,0.21339968095287123,False,size_outlier,KI,C20,1,d7,Plate1,/Users/pmihack/claire/tmem_2026/data/cleaved_tmem_pld3_260821/d7/Z60_PLD_TMEMki/PLD3TMEM106B_Plate1_d7_TMEM561LAMP1640MAP2488DAPI405_C20_F1.nd2,12
11,30221,16,0.10082393037953741,2.221263,1612.4716796875,48730508.0,14.110112754732876,0.0005866345600225031,0.6273297410978456,True,,KI,C20,1,d7,Plate1,/Users/pmihack/claire/tmem_2026/data/cleaved_tmem_pld3_260821/d7/Z60_PLD_TMEMki/PLD3TMEM106B_Plate1_d7_TMEM561LAMP1640MAP2488DAPI405_C20_F1.nd2,12
12,21721,3,0.0010588831085124994,0.08942399999999999,157.93807983398438,3430573.0,11.004352702232497,0.0,0.412454747850659,True,,KI,C20,1,d7,Plate1,/Users/pmihack/claire/tmem_2026/data/cleaved_tmem_pld3_260821/d7/Z60_PLD_TMEMki/PLD3TMEM106B_Plate1_d7_TMEM561LAMP1640MAP2488DAPI405_C20_F1.nd2,12
13,18809,12,0.09123292041044181,1.6679519999999999,1356.0828857421875,25506564.0,15.470639131670922,0.00464523583650589,0.4757214237106973,True,,KI,C20,1,d7,Plate1,/Users/pmihack/claire/tmem_2026/data/cleaved_tmem_pld3_260821/d7/Z60_PLD_TMEMki/PLD3TMEM106B_Plate1_d7_TMEM561LAMP1640MAP2488DAPI405_C20_F1.nd2,12
14,24552,0,0.0,0.0,36.47148895263672,895448.0,,0.00039421606925316155,0.01591480215345824,True,,KI,C20,1,d7,Plate1,/Users/pmihack/claire/tmem_2026/data/cleaved_tmem_pld3_260821/d7/Z60_PLD_TMEMki/PLD3TMEM106B_Plate1_d7_TMEM561LAMP1640MAP2488DAPI405_C20_F1.nd2,12
15,21737,10,0.04812071583015135,1.2200543999999998,745.6038818359375,16207191.0,18.798098225961883,0.02082729898393154,0.41679959284731327,True,,KI,C20,1,d7,Plate1,/Users/pmihack/claire/tmem_2026/data/cleaved_tmem_pld3_260821/d7/Z60_PLD_TMEMki/PLD3TMEM106B_Plate1_d7_TMEM561LAMP1640MAP2488DAPI405_C20_F1.nd2,12
16,10315,6,0.006980126030053321,0.13996799999999998,307.8026123046875,3174984.0,25.798381738625455,0.0,0.2619746686094232,True,,KI,C20,1,d7,Plate1,/Users/pmihack/claire/tmem_2026/data/cleaved_tmem_pld3_260821/d7/Z60_PLD_TMEMki/PLD3TMEM106B_Plate1_d7_TMEM561LAMP1640MAP2488DAPI405_C20_F1.nd2,12
1,10758,6,0.1727086819111359,3.611952,1895.64453125,20393344.0,4.414348193824707,0.0,0.646832434668699,True,,KI,C20,2,d7,Plate1,/Users/pmihack/claire/tmem_2026/data/cleaved_tmem_pld3_260821/d7/Z60_PLD_TMEMki/PLD3TMEM106B_Plate1_d7_TMEM561LAMP1640MAP2488DAPI405_C20_F2.nd2,10
2,9236,3,0.15439584235599826,5.544287999999999,1827.331298828125,16877232.0,2.145468692285976,0.0,0.6682984179203879,True,,KI,C20,2,d7,Plate1,/Users/pmihack/claire/tmem_2026/data/cleaved_tmem_pld3_260821/d7/Z60_PLD_TMEMki/PLD3TMEM106B_Plate1_d7_TMEM561LAMP1640MAP2488DAPI405_C20_F2.nd2,10
3,3107,4,0.1876408110717734,1.7000279999999999,2245.021240234375,6975281.0,54.818835300717865,0.0,0.34046354019455427,True,,KI,C20,2,d7,Plate1,/Users/pmihack/claire/tmem_2026/data/cleaved_tmem_pld3_260821/d7/Z60_PLD_TMEMki/PLD3TMEM106B_Plate1_d7_TMEM561LAMP1640MAP2488DAPI405_C20_F2.nd2,10
4,8653,7,0.05651219230324743,0.8148137142857143,903.909423828125,7821528.0,0.7440077839364669,0.04040604457259178,0.2497329808299815,True,,KI,C20,2,d7,Plate1,/Users/pmihack/claire/tmem_2026/data/cleaved_tmem_pld3_260821/d7/Z60_PLD_TMEMki/PLD3TMEM106B_Plate1_d7_TMEM561LAMP1640MAP2488DAPI405_C20_F2.nd2,10
5,6773,4,0.022294404252177765,0.440316,538.1589965820312,3644951.0,7.295985424293129,0.04175200313329697,0.25244129564664924,True,,KI,C20,2,d7,Plate1,/Users/pmihack/claire/tmem_2026/data/cleaved_tmem_pld3_260821/d7/Z60_PLD_TMEMki/PLD3TMEM106B_Plate1_d7_TMEM561LAMP1640MAP2488DAPI405_C20_F2.nd2,10
6,4827,6,0.035218562253987985,0.33047999999999994,636.19287109375,3070903.0,0.5098799899808469,0.0,0.09310802574703816,True,,KI,C20,2,d7,Plate1,/Users/pmihack/claire/tmem_2026/data/cleaved_tmem_pld3_260821/d7/Z60_PLD_TMEMki/PLD3TMEM106B_Plate1_d7_TMEM561LAMP1640MAP2488DAPI405_C20_F2.nd2,10
7,10179,2,0.0010806562530700462,0.064152,244.01600646972656,2483839.0,8.335824286038106,0.009060973301529884,0.22309398270799288,True,,KI,C20,2,d7,Plate1,/Users/pmihack/claire/tmem_2026/data/cleaved_tmem_pld3_260821/d7/Z60_PLD_TMEMki/PLD3TMEM106B_Plate1_d7_TMEM561LAMP1640MAP2488DAPI405_C20_F2.nd2,10
8,9938,3,0.15697323405111693,6.06528,1837.6075439453125,18262144.0,1.0748864163706184,0.0033348221331834793,0.5172667972178145,True,,KI,C20,2,d7,Plate1,/Users/pmihack/claire/tmem_2026/data/cleaved_tmem_pld3_260821/d7/Z60_PLD_TMEMki/PLD3TMEM106B_Plate1_d7_TMEM561LAMP1640MAP2488DAPI405_C20_F2.nd2,10
9,16961,8,0.21643771004068157,5.3523179999999995,2791.662353515625,47349384.0,13.644383094025862,0.0017799597699195147,0.6050107541978201,True,,KI,C20,2,d7,Plate1,/Users/pmihack/claire/tmem_2026/data/cleaved_tmem_pld3_260821/d7/Z60_PLD_TMEMki/PLD3TMEM106B_Plate1_d7_TMEM561LAMP1640MAP2488DAPI405_C20_F2.nd2,10
10,11394,3,0.0009654203967000176,0.042767999999999994,266.27716064453125,3033962.0,5.886535582045049,0.0,0.448509396112363,True,,KI,C20,2,d7,Plate1,/Users/pmihack/claire/tmem_2026/data/cleaved_tmem_pld3_260821/d7/Z60_PLD_TMEMki/PLD3TMEM106B_Plate1_d7_TMEM561LAMP1640MAP2488DAPI405_C20_F2.nd2,10
11,30802,5,0.058924745146419065,4.234032,789.399169921875,24315074.0,12.226563907885824,0.0005136320251040161,0.4429627806793729,True,,KI,C20,2,d7,Plate1,/Users/pmihack/claire/tmem_2026/data/cleaved_tmem_pld3_260821/d7/Z60_PLD_TMEMki/PLD3TMEM106B_Plate1_d7_TMEM561LAMP1640MAP2488DAPI405_C20_F2.nd2,10
12,12221,8,0.017265362899926355,0.30763799999999997,419.8658752441406,5131181.0,13.142924181171978,0.0,0.48204323333867755,True,,KI,C20,2,d7,Plate1,/Users/pmihack/claire/tmem_2026/data/cleaved_tmem_pld3_260821/d7/Z60_PLD_TMEMki/PLD3TMEM106B_Plate1_d7_TMEM561LAMP1640MAP2488DAPI405_C20_F2.nd2,10
13,5005,1,0.0001998001998001998,0.011663999999999999,74.66693115234375,373708.0,19.453658744989227,0.0,0.47835736304974463,True,,KI,C20,2,d7,Plate1,/Users/pmihack/claire/tmem_2026/data/cleaved_tmem_pld3_260821/d7/Z60_PLD_TMEMki/PLD3TMEM106B_Plate1_d7_TMEM561LAMP1640MAP2488DAPI405_C20_F2.nd2,10
14,9084,0,0.0,0.0,25.73634910583496,233789.0,,0.0,0.028786772772798785,True,,KI,C20,2,d7,Plate1,/Users/pmihack/claire/tmem_2026/data/cleaved_tmem_pld3_260821/d7/Z60_PLD_TMEMki/PLD3TMEM106B_Plate1_d7_TMEM561LAMP1640MAP2488DAPI405_C20_F2.nd2,10
15,17500,8,0.06805714285714286,1.7364779999999997,886.3138427734375,15510492.0,14.137786345728001,0.026930028572678566,0.45778473377152723,True,,KI,C20,2,d7,Plate1,/Users/pmihack/claire/tmem_2026/data/cleaved_tmem_pld3_260821/d7/Z60_PLD_TMEMki/PLD3TMEM106B_Plate1_d7_TMEM561LAMP1640MAP2488DAPI405_C20_F2.nd2,10
16,19714,7,0.08623313381353354,2.8326857142857143,1271.2479248046875,25061382.0,15.658517264883882,0.0006657653721049428,0.7280577332234855,True,,KI,C20,2,d7,Plate1,/Users/pmihack/claire/tmem_2026/data/cleaved_tmem_pld3_260821/d7/Z60_PLD_TMEMki/PLD3TMEM106B_Plate1_d7_TMEM561LAMP1640MAP2488DAPI405_C20_F2.nd2,10
17,12724,12,0.0429110342659541,0.530712,839.6951293945312,10684281.0,27.265212461597006,0.03981578350067139,0.2616945596302122,True,,KI,C20,2,d7,Plate1,/Users/pmihack/claire/tmem_2026/data/cleaved_tmem_pld3_260821/d7/Z60_PLD_TMEMki/PLD3TMEM106B_Plate1_d7_TMEM561LAMP1640MAP2488DAPI405_C20_F2.nd2,10
18,14883,5,0.030034267284821607,1.0427616,342.7577209472656,5101263.0,10.724049958204594,0.0938185304403305,0.5470733635852904,True,,KI,C20,2,d7,Plate1,/Users/pmihack/claire/tmem_2026/data/cleaved_tmem_pld3_260821/d7/Z60_PLD_TMEMki/PLD3TMEM106B_Plate1_d7_TMEM561LAMP1640MAP2488DAPI405_C20_F2.nd2,10
19,8900,5,0.08707865168539326,1.8079199999999997,1166.4637451171875,10381527.0,17.92751236683116,0.010326900519430637,0.40703129270561467,True,,KI,C20,2,d7,Plate1,/Users/pmihack/claire/tmem_2026/data/cleaved_tmem_pld3_260821/d7/Z60_PLD_TMEMki/PLD3TMEM106B_Plate1_d7_TMEM561LAMP1640MAP2488DAPI405_C20_F2.nd2,10
20,8713,21,0.10398255480316768,0.5032182857142857,1666.1317138671875,14517006.0,35.42458459142362,0.0,0.6485979064954805,True,,KI,C20,2,d7,Plate1,/Users/pmihack/claire/tmem_2026/data/cleaved_tmem_pld3_260821/d7/Z60_PLD_TMEMki/PLD3TMEM106B_Plate1_d7_TMEM561LAMP1640MAP2488DAPI405_C20_F2.nd2,10
21,4652,0,0.0,0.0,110.02493286132812,511836.0,,0.0,0.3639278421411514,True,,KI,C20,2,d7,Plate1,/Users/pmihack/claire/tmem_2026/data/cleaved_tmem_pld3_260821/d7/Z60_PLD_TMEMki/PLD3TMEM106B_Plate1_d7_TMEM561LAMP1640MAP2488DAPI405_C20_F2.nd2,10
1,10198,0,0.0,0.0,71.09335327148438,725010.0,,0.0,0.2324812216338331,True,,KI,C20,3,d7,Plate1,/Users/pmihack/claire/tmem_2026/data/cleaved_tmem_pld3_260821/d7/Z60_PLD_TMEMki/PLD3TMEM106B_Plate1_d7_TMEM561LAMP1640MAP2488DAPI405_C20_F3.nd2,8
2,11591,2,0.01725476662928134,1.1663999999999999,396.6280822753906,4597316.0,0.6585481690469375,0.13519366085529327,0.7801695575460923,True,,KI,C20,3,d7,Plate1,/Users/pmihack/claire/tmem_2026/data/cleaved_tmem_pld3_260821/d7/Z60_PLD_TMEMki/PLD3TMEM106B_Plate1_d7_TMEM561LAMP1640MAP2488DAPI405_C20_F3.nd2,8
3,11507,0,0.0,0.0,49.59711456298828,570714.0,,0.0,0.027217872193617463,True,,KI,C20,3,d7,Plate1,/Users/pmihack/claire/tmem_2026/data/cleaved_tmem_pld3_260821/d7/Z60_PLD_TMEMki/PLD3TMEM106B_Plate1_d7_TMEM561LAMP1640MAP2488DAPI405_C20_F3.nd2,8
4,13020,6,0.023348694316436252,0.590976,379.1719665527344,4936819.0,11.558385363794804,4.98296576552093e-05,0.0481649424187005,True,,KI,C20,3,d7,Plate1,/Users/pmihack/claire/tmem_2026/data/cleaved_tmem_pld3_260821/d7/Z60_PLD_TMEMki/PLD3TMEM106B_Plate1_d7_TMEM561LAMP1640MAP2488DAPI405_C20_F3.nd2,8
5,8243,0,0.0,0.0,16.978527069091797,139954.0,,0.0,0.02787437889636453,True,,KI,C20,3,d7,Plate1,/Users/pmihack/claire/tmem_2026/data/cleaved_tmem_pld3_260821/d7/Z60_PLD_TMEMki/PLD3TMEM106B_Plate1_d7_TMEM561LAMP1640MAP2488DAPI405_C20_F3.nd2,8
6,9836,0,0.0,0.0,179.3360137939453,1763949.0,,0.0,0.23409295581413703,True,,KI,C20,3,d7,Plate1,/Users/pmihack/claire/tmem_2026/data/cleaved_tmem_pld3_260821/d7/Z60_PLD_TMEMki/PLD3TMEM106B_Plate1_d7_TMEM561LAMP1640MAP2488DAPI405_C20_F3.nd2,8
7,20527,3,0.00881765479612218,0.703728,183.89886474609375,3774892.0,22.96838085703954,0.0,0.20469696304486898,True,,KI,C20,3,d7,Plate1,/Users/pmihack/claire/tmem_2026/data/cleaved_tmem_pld3_260821/d7/Z60_PLD_TMEMki/PLD3TMEM106B_Plate1_d7_TMEM561LAMP1640MAP2488DAPI405_C20_F3.nd2,8
8,10784,0,0.0,0.0,95.87843322753906,1033953.0,,0.0,0.4632882932328069,True,,KI,C20,3,d7,Plate1,/Users/pmihack/claire/tmem_2026/data/cleaved_tmem_pld3_260821/d7/Z60_PLD_TMEMki/PLD3TMEM106B_Plate1_d7_TMEM561LAMP1640MAP2488DAPI405_C20_F3.nd2,8
9,23246,0,0.0,0.0,100.78181457519531,2342774.0,,0.0,0.30276847295448645,True,,KI,C20,3,d7,Plate1,/Users/pmihack/claire/tmem_2026/data/cleaved_tmem_pld3_260821/d7/Z60_PLD_TMEMki/PLD3TMEM106B_Plate1_d7_TMEM561LAMP1640MAP2488DAPI405_C20_F3.nd2,8
10,3314,0,0.0,0.0,68.4547348022461,226859.0,,0.0,0.29556248125093393,True,,KI,C20,3,d7,Plate1,/Users/pmihack/claire/tmem_2026/data/cleaved_tmem_pld3_260821/d7/Z60_PLD_TMEMki/PLD3TMEM106B_Plate1_d7_TMEM561LAMP1640MAP2488DAPI405_C20_F3.nd2,8
11,16117,7,0.04076441025004653,1.0947497142857143,485.1024475097656,7818396.0,8.935256816354027,0.0,0.0764174210269249,True,,KI,C20,3,d7,Plate1,/Users/pmihack/claire/tmem_2026/data/cleaved_tmem_pld3_260821/d7/Z60_PLD_TMEMki/PLD3TMEM106B_Plate1_d7_TMEM561LAMP1640MAP2488DAPI405_C20_F3.nd2,8
12,13365,2,0.003591470258136925,0.27993599999999996,145.33482360839844,1942400.0,10.47159129423595,0.13115321099758148,0.739399098081095,True,,KI,C20,3,d7,Plate1,/Users/pmihack/claire/tmem_2026/data/cleaved_tmem_pld3_260821/d7/Z60_PLD_TMEMki/PLD3TMEM106B_Plate1_d7_TMEM561LAMP1640MAP2488DAPI405_C20_F3.nd2,8
13,12908,0,0.0,0.0,56.39425277709961,727937.0,,0.0,0.27233168966820936,True,,KI,C20,3,d7,Plate1,/Users/pmihack/claire/tmem_2026/data/cleaved_tmem_pld3_260821/d7/Z60_PLD_TMEMki/PLD3TMEM106B_Plate1_d7_TMEM561LAMP1640MAP2488DAPI405_C20_F3.nd2,8
14,15339,0,0.0,0.0,65.38359832763672,1002919.0,,0.0,0.25643572736564935,True,,KI,C20,3,d7,Plate1,/Users/pmihack/claire/tmem_2026/data/cleaved_tmem_pld3_260821/d7/Z60_PLD_TMEMki/PLD3TMEM106B_Plate1_d7_TMEM561LAMP1640MAP2488DAPI405_C20_F3.nd2,8
15,28463,0,0.0,0.0,66.11601257324219,1881860.0,,0.0,0.31211001146246997,True,,KI,C20,3,d7,Plate1,/Users/pmihack/claire/tmem_2026/data/cleaved_tmem_pld3_260821/d7/Z60_PLD_TMEMki/PLD3TMEM106B_Plate1_d7_TMEM561LAMP1640MAP2488DAPI405_C20_F3.nd2,8
16,13432,0,0.0,0.0,20.805017471313477,279453.0,,0.0,0.01317404167046012,True,,KI,C20,3,d7,Plate1,/Users/pmihack/claire/tmem_2026/data/cleaved_tmem_pld3_260821/d7/Z60_PLD_TMEMki/PLD3TMEM106B_Plate1_d7_TMEM561LAMP1640MAP2488DAPI405_C20_F3.nd2,8
17,16267,0,0.0,0.0,29.69594955444336,483064.0,,7.65944059821777e-05,-0.011474237639612968,True,,KI,C20,3,d7,Plate1,/Users/pmihack/claire/tmem_2026/data/cleaved_tmem_pld3_260821/d7/Z60_PLD_TMEMki/PLD3TMEM106B_Plate1_d7_TMEM561LAMP1640MAP2488DAPI405_C20_F3.nd2,8
18,12542,0,0.0,0.0,15.307846069335938,191991.0,,0.0,0.01665597869808385,True,,KI,C20,3,d7,Plate1,/Users/pmihack/claire/tmem_2026/data/cleaved_tmem_pld3_260821/d7/Z60_PLD_TMEMki/PLD3TMEM106B_Plate1_d7_TMEM561LAMP1640MAP2488DAPI405_C20_F3.nd2,8
19,11082,0,0.0,0.0,27.540245056152344,305201.0,,0.0,-0.0034644576842548184,True,,KI,C20,3,d7,Plate1,/Users/pmihack/claire/tmem_2026/data/cleaved_tmem_pld3_260821/d7/Z60_PLD_TMEMki/PLD3TMEM106B_Plate1_d7_TMEM561LAMP1640MAP2488DAPI405_C20_F3.nd2,8
20,12834,0,0.0,0.0,36.055633544921875,462738.0,,0.0,0.019936526443876765,True,,KI,C20,3,d7,Plate1,/Users/pmihack/claire/tmem_2026/data/cleaved_tmem_pld3_260821/d7/Z60_PLD_TMEMki/PLD3TMEM106B_Plate1_d7_TMEM561LAMP1640MAP2488DAPI405_C20_F3.nd2,8
1,8579,0,0.0,0.0,10.7919340133667,92584.0,,0.0,0.032197576257356565,True,,KI,C20,4,d7,Plate1,/Users/pmihack/claire/tmem_2026/data/cleaved_tmem_pld3_260821/d7/Z60_PLD_TMEMki/PLD3TMEM106B_Plate1_d7_TMEM561LAMP1640MAP2488DAPI405_C20_F4.nd2,13
2,18426,6,0.059915337023770755,2.1461759999999996,993.0348510742188,18297660.0,8.765992118372795,7.050081876514014e-06,0.5933859823347389,True,,KI,C20,4,d7,Plate1,/Users/pmihack/claire/tmem_2026/data/cleaved_tmem_pld3_260821/d7/Z60_PLD_TMEMki/PLD3TMEM106B_Plate1_d7_TMEM561LAMP1640MAP2488DAPI405_C20_F4.nd2,13
3,23396,17,0.09847837237134553,1.5808150588235292,1613.393798828125,37746960.0,8.409646609489005,2.556497202022001e-05,0.7673214380424155,True,,KI,C20,4,d7,Plate1,/Users/pmihack/claire/tmem_2026/data/cleaved_tmem_pld3_260821/d7/Z60_PLD_TMEMki/PLD3TMEM106B_Plate1_d7_TMEM561LAMP1640MAP2488DAPI405_C20_F4.nd2,13
4,29091,8,0.035371764463236054,1.500282,601.5462036132812,17499580.0,5.660538435640298,1.8914739484898746e-05,0.5613719888114515,True,,KI,C20,4,d7,Plate1,/Users/pmihack/claire/tmem_2026/data/cleaved_tmem_pld3_260821/d7/Z60_PLD_TMEMki/PLD3TMEM106B_Plate1_d7_TMEM561LAMP1640MAP2488DAPI405_C20_F4.nd2,13
5,39713,16,0.0831465766877345,2.407158,1228.323974609375,48780428.0,12.86250594560368,0.0,0.8020901236756323,True,,KI,C20,4,d7,Plate1,/Users/pmihack/claire/tmem_2026/data/cleaved_tmem_pld3_260821/d7/Z60_PLD_TMEMki/PLD3TMEM106B_Plate1_d7_TMEM561LAMP1640MAP2488DAPI405_C20_F4.nd2,13
6,9739,2,0.10247458671321491,5.820335999999999,1322.822265625,12882966.0,18.47456686139139,0.0,0.7181515305623667,True,,KI,C20,4,d7,Plate1,/Users/pmihack/claire/tmem_2026/data/cleaved_tmem_pld3_260821/d7/Z60_PLD_TMEMki/PLD3TMEM106B_Plate1_d7_TMEM561LAMP1640MAP2488DAPI405_C20_F4.nd2,13
7,20263,16,0.10852292355524848,1.603071,1722.721435546875,34907504.0,20.513195507512552,2.071187918772921e-05,0.7938002324020756,True,,KI,C20,4,d7,Plate1,/Users/pmihack/claire/tmem_2026/data/cleaved_tmem_pld3_260821/d7/Z60_PLD_TMEMki/PLD3TMEM106B_Plate1_d7_TMEM561LAMP1640MAP2488DAPI405_C20_F4.nd2,13
8,11137,2,0.06940827871060429,4.5081359999999995,868.2679443359375,9669900.0,6.650372702261968,0.0,0.7724209578901401,True,,KI,C20,4,d7,Plate1,/Users/pmihack/claire/tmem_2026/data/cleaved_tmem_pld3_260821/d7/Z60_PLD_TMEMki/PLD3TMEM106B_Plate1_d7_TMEM561LAMP1640MAP2488DAPI405_C20_F4.nd2,13
9,20407,16,0.06556573724702308,0.9754019999999999,1117.1778564453125,22798248.0,20.27105381725453,0.0,0.7589394637639568,True,,KI,C20,4,d7,Plate1,/Users/pmihack/claire/tmem_2026/data/cleaved_tmem_pld3_260821/d7/Z60_PLD_TMEMki/PLD3TMEM106B_Plate1_d7_TMEM561LAMP1640MAP2488DAPI405_C20_F4.nd2,13
10,2838,2,0.021846370683579985,0.36158399999999996,509.70013427734375,1446529.0,54.98942363733348,0.0,0.5459654185771209,True,,KI,C20,4,d7,Plate1,/Users/pmihack/claire/tmem_2026/data/cleaved_tmem_pld3_260821/d7/Z60_PLD_TMEMki/PLD3TMEM106B_Plate1_d7_TMEM561LAMP1640MAP2488DAPI405_C20_F4.nd2,13
1,13398,6,0.014629049111807733,0.3810239999999999,259.3471374511719,3474733.0,1.1973055745771206,0.0,0.10963622884195727,True,,KI,D20,1,d7,Plate1,/Users/pmihack/claire/tmem_2026/data/cleaved_tmem_pld3_260821/d7/Z60_PLD_TMEMki/PLD3TMEM106B_Plate1_d7_TMEM561LAMP1640MAP2488DAPI405_D20_F1.nd2,9
2,6296,0,0.0,0.0,54.601810455322266,343773.0,,0.0,0.5526121462372959,True,,KI,D20,1,d7,Plate1,/Users/pmihack/claire/tmem_2026/data/cleaved_tmem_pld3_260821/d7/Z60_PLD_TMEMki/PLD3TMEM106B_Plate1_d7_TMEM561LAMP1640MAP2488DAPI405_D20_F1.nd2,9
3,8003,3,0.0301137073597401,0.9370079999999998,487.3427429199219,3900204.0,3.8636002096941895,0.0,0.12640977324162467,True,,KI,D20,1,d7,Plate1,/Users/pmihack/claire/tmem_2026/data/cleaved_tmem_pld3_260821/d7/Z60_PLD_TMEMki/PLD3TMEM106B_Plate1_d7_TMEM561LAMP1640MAP2488DAPI405_D20_F1.nd2,9
4,20846,2,0.025136716876139307,3.0559679999999996,284.9432373046875,5939927.0,11.138283869144244,0.0,0.7002740435609676,True,,KI,D20,1,d7,Plate1,/Users/pmihack/claire/tmem_2026/data/cleaved_tmem_pld3_260821/d7/Z60_PLD_TMEMki/PLD3TMEM106B_Plate1_d7_TMEM561LAMP1640MAP2488DAPI405_D20_F1.nd2,9
5,15672,4,0.058958652373660034,2.694384,740.6505126953125,11607475.0,0.9111820045783772,0.0,0.4641352286255734,True,,KI,D20,1,d7,Plate1,/Users/pmihack/claire/tmem_2026/data/cleaved_tmem_pld3_260821/d7/Z60_PLD_TMEMki/PLD3TMEM106B_Plate1_d7_TMEM561LAMP1640MAP2488DAPI405_D20_F1.nd2,9
6,14684,2,0.039362571506401524,3.3708959999999997,418.1405029296875,6139975.0,2.033048532206821,0.0,0.32024658609458784,True,,KI,D20,1,d7,Plate1,/Users/pmihack/claire/tmem_2026/data/cleaved_tmem_pld3_260821/d7/Z60_PLD_TMEMki/PLD3TMEM106B_Plate1_d7_TMEM561LAMP1640MAP2488DAPI405_D20_F1.nd2,9
7,13481,9,0.05719160299681032,0.999216,691.038330078125,9315888.0,16.8861069279492,0.0,0.33421214623368384,True,,KI,D20,1,d7,Plate1,/Users/pmihack/claire/tmem_2026/data/cleaved_tmem_pld3_260821/d7/Z60_PLD_TMEMki/PLD3TMEM106B_Plate1_d7_TMEM561LAMP1640MAP2488DAPI405_D20_F1.nd2,9
8,15552,7,0.09040637860082304,2.342797714285714,1006.5797119140625,15654328.0,10.521377804769877,0.0,0.5230012687531995,True,,KI,D20,1,d7,Plate1,/Users/pmihack/claire/tmem_2026/data/cleaved_tmem_pld3_260821/d7/Z60_PLD_TMEMki/PLD3TMEM106B_Plate1_d7_TMEM561LAMP1640MAP2488DAPI405_D20_F1.nd2,9
9,23033,13,0.06972604523943907,1.4409526153846153,732.7413940429688,16877232.0,14.785031571303938,0.0,0.5640511035582132,True,,KI,D20,1,d7,Plate1,/Users/pmihack/claire/tmem_2026/data/cleaved_tmem_pld3_260821/d7/Z60_PLD_TMEMki/PLD3TMEM106B_Plate1_d7_TMEM561LAMP1640MAP2488DAPI405_D20_F1.nd2,9
10,8120,2,0.0020935960591133003,0.099144,131.4716796875,1067550.0,8.532712859896186,0.0,0.3764577317777552,True,,KI,D20,1,d7,Plate1,/Users/pmihack/claire/tmem_2026/data/cleaved_tmem_pld3_260821/d7/Z60_PLD_TMEMki/PLD3TMEM106B_Plate1_d7_TMEM561LAMP1640MAP2488DAPI405_D20_F1.nd2,9
11,10597,0,0.0,0.0,10.686609268188477,113246.0,,0.0,0.036376286008951465,True,,KI,D20,1,d7,Plate1,/Users/pmihack/claire/tmem_2026/data/cleaved_tmem_pld3_260821/d7/Z60_PLD_TMEMki/PLD3TMEM106B_Plate1_d7_TMEM561LAMP1640MAP2488DAPI405_D20_F1.nd2,9
12,15524,3,0.1163359958773512,7.0217279999999995,1222.4908447265625,18977948.0,5.561368903610805,0.00902173388749361,0.4331640407796422,True,,KI,D20,1,d7,Plate1,/Users/pmihack/claire/tmem_2026/data/cleaved_tmem_pld3_260821/d7/Z60_PLD_TMEMki/PLD3TMEM106B_Plate1_d7_TMEM561LAMP1640MAP2488DAPI405_D20_F1.nd2,9
13,270,0,0.0,0.0,86.64073944091797,23393.0,,0.0,0.658124621401468,False,size_outlier,KI,D20,1,d7,Plate1,/Users/pmihack/claire/tmem_2026/data/cleaved_tmem_pld3_260821/d7/Z60_PLD_TMEMki/PLD3TMEM106B_Plate1_d7_TMEM561LAMP1640MAP2488DAPI405_D20_F1.nd2,9
14,151,0,0.0,0.0,5.589404106140137,844.0,,0.0,0.10541912734651201,False,size_outlier,KI,D20,1,d7,Plate1,/Users/pmihack/claire/tmem_2026/data/cleaved_tmem_pld3_260821/d7/Z60_PLD_TMEMki/PLD3TMEM106B_Plate1_d7_TMEM561LAMP1640MAP2488DAPI405_D20_F1.nd2,9
15,9849,0,0.0,0.0,22.593358993530273,222522.0,,0.0,0.0030404197503960716,True,,KI,D20,1,d7,Plate1,/Users/pmihack/claire/tmem_2026/data/cleaved_tmem_pld3_260821/d7/Z60_PLD_TMEMki/PLD3TMEM106B_Plate1_d7_TMEM561LAMP1640MAP2488DAPI405_D20_F1.nd2,9
16,11200,2,0.0067857142857142855,0.44323199999999996,113.91133880615234,1275807.0,13.019678257274409,0.0,0.09695511124996033,False,border,KI,D20,1,d7,Plate1,/Users/pmihack/claire/tmem_2026/data/cleaved_tmem_pld3_260821/d7/Z60_PLD_TMEMki/PLD3TMEM106B_Plate1_d7_TMEM561LAMP1640MAP2488DAPI405_D20_F1.nd2,9
17,12539,6,0.10208150570220911,2.48832,1167.2432861328125,14636064.0,9.02316820659321,0.0,0.575541478998808,True,,KI,D20,1,d7,Plate1,/Users/pmihack/claire/tmem_2026/data/cleaved_tmem_pld3_260821/d7/Z60_PLD_TMEMki/PLD3TMEM106B_Plate1_d7_TMEM561LAMP1640MAP2488DAPI405_D20_F1.nd2,9
18,19631,9,0.0837960368804442,2.1319199999999996,918.4583740234375,18030256.0,12.941657467032227,0.0,0.4395104192970972,True,,KI,D20,1,d7,Plate1,/Users/pmihack/claire/tmem_2026/data/cleaved_tmem_pld3_260821/d7/Z60_PLD_TMEMki/PLD3TMEM106B_Plate1_d7_TMEM561LAMP1640MAP2488DAPI405_D20_F1.nd2,9
19,10981,4,0.04207267097714234,1.347192,721.9749755859375,7928007.0,29.401224116715465,0.0,0.20649395597142328,True,,KI,D20,1,d7,Plate1,/Users/pmihack/claire/tmem_2026/data/cleaved_tmem_pld3_260821/d7/Z60_PLD_TMEMki/PLD3TMEM106B_Plate1_d7_TMEM561LAMP1640MAP2488DAPI405_D20_F1.nd2,9
20,19092,6,0.07725749004818772,2.8674,760.8236694335938,14525645.0,5.477046205227891,0.0,0.46814694491737974,True,,KI,D20,1,d7,Plate1,/Users/pmihack/claire/tmem_2026/data/cleaved_tmem_pld3_260821/d7/Z60_PLD_TMEMki/PLD3TMEM106B_Plate1_d7_TMEM561LAMP1640MAP2488DAPI405_D20_F1.nd2,9
21,14743,4,0.13152004341043208,5.6541239999999995,1431.9085693359375,21110628.0,13.55439797551548,0.0,0.6702072208853278,True,,KI,D20,1,d7,Plate1,/Users/pmihack/claire/tmem_2026/data/cleaved_tmem_pld3_260821/d7/Z60_PLD_TMEMki/PLD3TMEM106B_Plate1_d7_TMEM561LAMP1640MAP2488DAPI405_D20_F1.nd2,9
22,58,0,0.0,0.0,6.896551609039307,400.0,,0.0,-0.011094929133341758,False,size_outlier,KI,D20,1,d7,Plate1,/Users/pmihack/claire/tmem_2026/data/cleaved_tmem_pld3_260821/d7/Z60_PLD_TMEMki/PLD3TMEM106B_Plate1_d7_TMEM561LAMP1640MAP2488DAPI405_D20_F1.nd2,9
23,159,0,0.0,0.0,9.125785827636719,1451.0,,0.0,0.018087206676087625,False,size_outlier,KI,D20,1,d7,Plate1,/Users/pmihack/claire/tmem_2026/data/cleaved_tmem_pld3_260821/d7/Z60_PLD_TMEMki/PLD3TMEM106B_Plate1_d7_TMEM561LAMP1640MAP2488DAPI405_D20_F1.nd2,9
24,13443,3,0.051997322026333406,2.7177119999999997,558.4347534179688,7507038.0,4.848727857767171,0.0,0.3299177626771171,True,,KI,D20,1,d7,Plate1,/Users/pmihack/claire/tmem_2026/data/cleaved_tmem_pld3_260821/d7/Z60_PLD_TMEMki/PLD3TMEM106B_Plate1_d7_TMEM561LAMP1640MAP2488DAPI405_D20_F1.nd2,9
25,19731,4,0.11443920733870559,6.584327999999999,1158.52734375,22858902.0,14.148189913649242,0.0,0.716268608762727,True,,KI,D20,1,d7,Plate1,/Users/pmihack/claire/tmem_2026/data/cleaved_tmem_pld3_260821/d7/Z60_PLD_TMEMki/PLD3TMEM106B_Plate1_d7_TMEM561LAMP1640MAP2488DAPI405_D20_F1.nd2,9
26,11767,4,0.10189513044956233,3.4962839999999997,1164.0318603515625,13697163.0,11.772928700512816,0.0,0.4615960788065939,True,,KI,D20,1,d7,Plate1,/Users/pmihack/claire/tmem_2026/data/cleaved_tmem_pld3_260821/d7/Z60_PLD_TMEMki/PLD3TMEM106B_Plate1_d7_TMEM561LAMP1640MAP2488DAPI405_D20_F1.nd2,9
27,7142,1,0.10291234948193784,8.573039999999999,974.4378051757812,6959435.0,23.741297993136204,0.0,0.574619319128711,True,,KI,D20,1,d7,Plate1,/Users/pmihack/claire/tmem_2026/data/cleaved_tmem_pld3_260821/d7/Z60_PLD_TMEMki/PLD3TMEM106B_Plate1_d7_TMEM561LAMP1640MAP2488DAPI405_D20_F1.nd2,9
28,8656,16,0.11668207024029575,0.7362899999999999,1403.5015869140625,12148710.0,15.041377402260819,0.045419227331876755,0.5123952106777491,True,,KI,D20,1,d7,Plate1,/Users/pmihack/claire/tmem_2026/data/cleaved_tmem_pld3_260821/d7/Z60_PLD_TMEMki/PLD3TMEM106B_Plate1_d7_TMEM561LAMP1640MAP2488DAPI405_D20_F1.nd2,9
29,7695,3,0.0953866146848603,2.8537919999999994,957.1990966796875,7365647.0,30.10799879515483,0.0,0.46913133285379494,True,,KI,D20,1,d7,Plate1,/Users/pmihack/claire/tmem_2026/data/cleaved_tmem_pld3_260821/d7/Z60_PLD_TMEMki/PLD3TMEM106B_Plate1_d7_TMEM561LAMP1640MAP2488DAPI405_D20_F1.nd2,9
30,12598,4,0.11493887918717256,4.2223679999999995,1337.6055908203125,16851156.0,12.835762172917688,0.0,0.755100994030982,True,,KI,D20,1,d7,Plate1,/Users/pmihack/claire/tmem_2026/data/cleaved_tmem_pld3_260821/d7/Z60_PLD_TMEMki/PLD3TMEM106B_Plate1_d7_TMEM561LAMP1640MAP2488DAPI405_D20_F1.nd2,9
1,6241,2,0.005447844896651178,0.198288,136.5742645263672,852360.0,21.09734600920293,0.0,0.38345401991827727,True,,KI,D20,2,d7,Plate1,/Users/pmihack/claire/tmem_2026/data/cleaved_tmem_pld3_260821/d7/Z60_PLD_TMEMki/PLD3TMEM106B_Plate1_d7_TMEM561LAMP1640MAP2488DAPI405_D20_F2.nd2,9
2,16784,8,0.10688751191611058,2.615652,1364.0703125,22894556.0,11.814186309962134,0.02051745355129242,0.3709373129521555,True,,KI,D20,2,d7,Plate1,/Users/pmihack/claire/tmem_2026/data/cleaved_tmem_pld3_260821/d7/Z60_PLD_TMEMki/PLD3TMEM106B_Plate1_d7_TMEM561LAMP1640MAP2488DAPI405_D20_F2.nd2,9
3,13277,0,0.0,0.0,37.7152214050293,500745.0,,0.0,0.08661987029466517,True,,KI,D20,2,d7,Plate1,/Users/pmihack/claire/tmem_2026/data/cleaved_tmem_pld3_260821/d7/Z60_PLD_TMEMki/PLD3TMEM106B_Plate1_d7_TMEM561LAMP1640MAP2488DAPI405_D20_F2.nd2,9
4,12024,1,0.027528276779773785,3.8607839999999998,374.4671630859375,4502593.0,11.894309780049916,0.0,0.3783974009033452,True,,KI,D20,2,d7,Plate1,/Users/pmihack/claire/tmem_2026/data/cleaved_tmem_pld3_260821/d7/Z60_PLD_TMEMki/PLD3TMEM106B_Plate1_d7_TMEM561LAMP1640MAP2488DAPI405_D20_F2.nd2,9
5,12586,4,0.0610201811536628,2.2394879999999997,844.0601196289062,10623341.0,19.514334113183875,0.0,0.7358684748485659,True,,KI,D20,2,d7,Plate1,/Users/pmihack/claire/tmem_2026/data/cleaved_tmem_pld3_260821/d7/Z60_PLD_TMEMki/PLD3TMEM106B_Plate1_d7_TMEM561LAMP1640MAP2488DAPI405_D20_F2.nd2,9
6,9323,7,0.08559476563337981,1.329696,1099.850341796875,10253905.0,17.398390233026074,0.0,0.6513347199591287,True,,KI,D20,2,d7,Plate1,/Users/pmihack/claire/tmem_2026/data/cleaved_tmem_pld3_260821/d7/Z60_PLD_TMEMki/PLD3TMEM106B_Plate1_d7_TMEM561LAMP1640MAP2488DAPI405_D20_F2.nd2,9
7,8791,8,0.042771015811625526,0.5482079999999999,596.5270385742188,5244069.0,11.25622008980309,0.0014299964532256126,0.5257698900441179,True,,KI,D20,2,d7,Plate1,/Users/pmihack/claire/tmem_2026/data/cleaved_tmem_pld3_260821/d7/Z60_PLD_TMEMki/PLD3TMEM106B_Plate1_d7_TMEM561LAMP1640MAP2488DAPI405_D20_F2.nd2,9
8,8958,1,0.0016744809109176155,0.17495999999999998,110.91046905517578,993536.0,24.805823811717357,0.0,0.21125764375641123,True,,KI,D20,2,d7,Plate1,/Users/pmihack/claire/tmem_2026/data/cleaved_tmem_pld3_260821/d7/Z60_PLD_TMEMki/PLD3TMEM106B_Plate1_d7_TMEM561LAMP1640MAP2488DAPI405_D20_F2.nd2,9
9,17255,3,0.122920892494929,8.246448,1401.9063720703125,24189894.0,18.686612915714704,0.0,0.605795932130027,True,,KI,D20,2,d7,Plate1,/Users/pmihack/claire/tmem_2026/data/cleaved_tmem_pld3_260821/d7/Z60_PLD_TMEMki/PLD3TMEM106B_Plate1_d7_TMEM561LAMP1640MAP2488DAPI405_D20_F2.nd2,9
10,13298,2,0.002631974733042563,0.20412,109.51150512695312,1456284.0,14.065330518828462,0.0,0.3432150422389373,True,,KI,D20,2,d7,Plate1,/Users/pmihack/claire/tmem_2026/data/cleaved_tmem_pld3_260821/d7/Z60_PLD_TMEMki/PLD3TMEM106B_Plate1_d7_TMEM561LAMP1640MAP2488DAPI405_D20_F2.nd2,9
11,10511,8,0.17353248977261915,2.659392,1881.8604736328125,19780236.0,15.261550762457457,3.720885797520168e-05,0.22595485496271345,True,,KI,D20,2,d7,Plate1,/Users/pmihack/claire/tmem_2026/data/cleaved_tmem_pld3_260821/d7/Z60_PLD_TMEMki/PLD3TMEM106B_Plate1_d7_TMEM561LAMP1640MAP2488DAPI405_D20_F2.nd2,9
12,10819,3,0.20870690451982624,8.779103999999998,3040.457275390625,32894708.0,13.960418618067898,0.0,0.7173697529699076,True,,KI,D20,2,d7,Plate1,/Users/pmihack/claire/tmem_2026/data/cleaved_tmem_pld3_260821/d7/Z60_PLD_TMEMki/PLD3TMEM106B_Plate1_d7_TMEM561LAMP1640MAP2488DAPI405_D20_F2.nd2,9
13,10422,3,0.12243331414315871,4.961087999999999,1438.59716796875,14993060.0,10.385705440149026,0.0,0.5609296882224799,True,,KI,D20,2,d7,Plate1,/Users/pmihack/claire/tmem_2026/data/cleaved_tmem_pld3_260821/d7/Z60_PLD_TMEMki/PLD3TMEM106B_Plate1_d7_TMEM561LAMP1640MAP2488DAPI405_D20_F2.nd2,9
14,29596,17,0.07943641032571969,1.6130625882352938,1084.9150390625,32109144.0,8.913746458775147,0.011865218169987202,0.6614744461960199,True,,KI,D20,2,d7,Plate1,/Users/pmihack/claire/tmem_2026/data/cleaved_tmem_pld3_260821/d7/Z60_PLD_TMEMki/PLD3TMEM106B_Plate1_d7_TMEM561LAMP1640MAP2488DAPI405_D20_F2.nd2,9
15,13966,10,0.0634397823285121,1.0334303999999999,910.4093627929688,12714777.0,11.363075676228128,0.0,0.6554189250724872,True,,KI,D20,2,d7,Plate1,/Users/pmihack/claire/tmem_2026/data/cleaved_tmem_pld3_260821/d7/Z60_PLD_TMEMki/PLD3TMEM106B_Plate1_d7_TMEM561LAMP1640MAP2488DAPI405_D20_F2.nd2,9
16,20046,3,0.059313578768831685,4.622832,632.2752075195312,12674589.0,10.978084607964357,0.0,0.5218267033295655,True,,KI,D20,2,d7,Plate1,/Users/pmihack/claire/tmem_2026/data/cleaved_tmem_pld3_260821/d7/Z60_PLD_TMEMki/PLD3TMEM106B_Plate1_d7_TMEM561LAMP1640MAP2488DAPI405_D20_F2.nd2,9
17,21602,2,0.1116100361077678,14.060951999999999,1412.1944580078125,30506226.0,24.422796277221757,0.0,0.7410201802110109,True,,KI,D20,2,d7,Plate1,/Users/pmihack/claire/tmem_2026/data/cleaved_tmem_pld3_260821/d7/Z60_PLD_TMEMki/PLD3TMEM106B_Plate1_d7_TMEM561LAMP1640MAP2488DAPI405_D20_F2.nd2,9
18,22066,10,0.019668267923502222,0.5062175999999999,387.31329345703125,8546455.0,12.77470655214161,0.01069577969610691,0.2556395605156967,True,,KI,D20,2,d7,Plate1,/Users/pmihack/claire/tmem_2026/data/cleaved_tmem_pld3_260821/d7/Z60_PLD_TMEMki/PLD3TMEM106B_Plate1_d7_TMEM561LAMP1640MAP2488DAPI405_D20_F2.nd2,9
19,7520,4,0.07659574468085106,1.6796159999999998,1019.4276733398438,7666096.0,22.653997873565263,0.0,0.28143843242989053,True,,KI,D20,2,d7,Plate1,/Users/pmihack/claire/tmem_2026/data/cleaved_tmem_pld3_260821/d7/Z60_PLD_TMEMki/PLD3TMEM106B_Plate1_d7_TMEM561LAMP1640MAP2488DAPI405_D20_F2.nd2,9
1,28174,7,0.145488748491517,6.830105142857142,1528.1192626953125,43053232.0,1.4305822452108006,0.0,0.49228475250925613,True,,KI,D20,3,d7,Plate1,/Users/pmihack/claire/tmem_2026/data/cleaved_tmem_pld3_260821/d7/Z60_PLD_TMEMki/PLD3TMEM106B_Plate1_d7_TMEM561LAMP1640MAP2488DAPI405_D20_F3.nd2,8
2,12722,0,0.0,0.0,78.32062530517578,996395.0,,0.0,0.1177222889810194,True,,KI,D20,3,d7,Plate1,/Users/pmihack/claire/tmem_2026/data/cleaved_tmem_pld3_260821/d7/Z60_PLD_TMEMki/PLD3TMEM106B_Plate1_d7_TMEM561LAMP1640MAP2488DAPI405_D20_F3.nd2,8
3,8409,1,0.1739802592460459,17.064432,2184.75634765625,18371616.0,9.916450200888352,0.0,0.06361882808840139,True,,KI,D20,3,d7,Plate1,/Users/pmihack/claire/tmem_2026/data/cleaved_tmem_pld3_260821/d7/Z60_PLD_TMEMki/PLD3TMEM106B_Plate1_d7_TMEM561LAMP1640MAP2488DAPI405_D20_F3.nd2,8
4,17964,9,0.10643509240703629,2.477952,1150.22802734375,20662696.0,6.994470736524536,0.0,0.2465733994067629,True,,KI,D20,3,d7,Plate1,/Users/pmihack/claire/tmem_2026/data/cleaved_tmem_pld3_260821/d7/Z60_PLD_TMEMki/PLD3TMEM106B_Plate1_d7_TMEM561LAMP1640MAP2488DAPI405_D20_F3.nd2,8
5,6944,2,0.09763824884792627,3.954096,1093.0447998046875,7590103.0,18.48731058603938,0.0,-0.045070139334874505,True,,KI,D20,3,d7,Plate1,/Users/pmihack/claire/tmem_2026/data/cleaved_tmem_pld3_260821/d7/Z60_PLD_TMEMki/PLD3TMEM106B_Plate1_d7_TMEM561LAMP1640MAP2488DAPI405_D20_F3.nd2,8
6,7183,1,0.007378532646526521,0.618192,88.98204040527344,639158.0,41.87540326182161,0.0,0.9236018556091148,True,,KI,D20,3,d7,Plate1,/Users/pmihack/claire/tmem_2026/data/cleaved_tmem_pld3_260821/d7/Z60_PLD_TMEMki/PLD3TMEM106B_Plate1_d7_TMEM561LAMP1640MAP2488DAPI405_D20_F3.nd2,8
7,11860,2,0.03389544688026981,2.344464,531.5549926757812,6304242.0,20.828654469607287,0.0,0.10824749427635263,True,,KI,D20,3,d7,Plate1,/Users/pmihack/claire/tmem_2026/data/cleaved_tmem_pld3_260821/d7/Z60_PLD_TMEMki/PLD3TMEM106B_Plate1_d7_TMEM561LAMP1640MAP2488DAPI405_D20_F3.nd2,8
8,5700,0,0.0,0.0,59.36824417114258,338399.0,,0.0,-0.013593576565252593,True,,KI,D20,3,d7,Plate1,/Users/pmihack/claire/tmem_2026/data/cleaved_tmem_pld3_260821/d7/Z60_PLD_TMEMki/PLD3TMEM106B_Plate1_d7_TMEM561LAMP1640MAP2488DAPI405_D20_F3.nd2,8
9,18441,10,0.0914809392115395,1.9677167999999996,1041.4227294921875,19204876.0,12.798577678903598,0.0,-0.010124678395550193,True,,KI,D20,3,d7,Plate1,/Users/pmihack/claire/tmem_2026/data/cleaved_tmem_pld3_260821/d7/Z60_PLD_TMEMki/PLD3TMEM106B_Plate1_d7_TMEM561LAMP1640MAP2488DAPI405_D20_F3.nd2,8
10,8826,1,0.0006798096532970768,0.06998399999999999,151.17550659179688,1334275.0,12.640603231472632,0.0,-0.09034738612134531,True,,KI,D20,3,d7,Plate1,/Users/pmihack/claire/tmem_2026/data/cleaved_tmem_pld3_260821/d7/Z60_PLD_TMEMki/PLD3TMEM106B_Plate1_d7_TMEM561LAMP1640MAP2488DAPI405_D20_F3.nd2,8
11,9890,0,0.0,0.0,27.36026382446289,270593.0,,0.0,-0.005104590274910911,True,,KI,D20,3,d7,Plate1,/Users/pmihack/claire/tmem_2026/data/cleaved_tmem_pld3_260821/d7/Z60_PLD_TMEMki/PLD3TMEM106B_Plate1_d7_TMEM561LAMP1640MAP2488DAPI405_D20_F3.nd2,8
12,9201,3,0.005542875774372351,0.198288,155.5087432861328,1430836.0,19.353294984180085,0.0,0.15422390613539785,True,,KI,D20,3,d7,Plate1,/Users/pmihack/claire/tmem_2026/data/cleaved_tmem_pld3_260821/d7/Z60_PLD_TMEMki/PLD3TMEM106B_Plate1_d7_TMEM561LAMP1640MAP2488DAPI405_D20_F3.nd2,8
13,3560,0,0.0,0.0,43.19578552246094,153777.0,,0.0,0.057497680564088556,True,,KI,D20,3,d7,Plate1,/Users/pmihack/claire/tmem_2026/data/cleaved_tmem_pld3_260821/d7/Z60_PLD_TMEMki/PLD3TMEM106B_Plate1_d7_TMEM561LAMP1640MAP2488DAPI405_D20_F3.nd2,8
14,10191,0,0.0,0.0,118.34638214111328,1206068.0,,0.0,-0.05320278746640139,True,,KI,D20,3,d7,Plate1,/Users/pmihack/claire/tmem_2026/data/cleaved_tmem_pld3_260821/d7/Z60_PLD_TMEMki/PLD3TMEM106B_Plate1_d7_TMEM561LAMP1640MAP2488DAPI405_D20_F3.nd2,8
15,6564,5,0.19241316270566727,2.9463264,3334.764404296875,21889394.0,13.76090845996423,0.0,0.4297922372545942,True,,KI,D20,3,d7,Plate1,/Users/pmihack/claire/tmem_2026/data/cleaved_tmem_pld3_260821/d7/Z60_PLD_TMEMki/PLD3TMEM106B_Plate1_d7_TMEM561LAMP1640MAP2488DAPI405_D20_F3.nd2,8
16,13333,0,0.0,0.0,74.4806137084961,993050.0,,0.0,0.07854605701996305,True,,KI,D20,3,d7,Plate1,/Users/pmihack/claire/tmem_2026/data/cleaved_tmem_pld3_260821/d7/Z60_PLD_TMEMki/PLD3TMEM106B_Plate1_d7_TMEM561LAMP1640MAP2488DAPI405_D20_F3.nd2,8
17,2126,0,0.0,0.0,387.91204833984375,824701.0,,0.0,0.12917212230202654,True,,KI,D20,3,d7,Plate1,/Users/pmihack/claire/tmem_2026/data/cleaved_tmem_pld3_260821/d7/Z60_PLD_TMEMki/PLD3TMEM106B_Plate1_d7_TMEM561LAMP1640MAP2488DAPI405_D20_F3.nd2,8
1,22511,8,0.06294700368708632,2.0659859999999997,575.8118896484375,12962101.0,8.418310875251553,0.0,0.45422533487160166,True,,KI,D20,4,d7,Plate1,/Users/pmihack/claire/tmem_2026/data/cleaved_tmem_pld3_260821/d7/Z60_PLD_TMEMki/PLD3TMEM106B_Plate1_d7_TMEM561LAMP1640MAP2488DAPI405_D20_F4.nd2,8
2,9040,8,0.12765486725663716,1.682532,1165.5616455078125,10536677.0,13.045647010677882,0.0004289777425583452,0.14733731826001098,True,,KI,D20,4,d7,Plate1,/Users/pmihack/claire/tmem_2026/data/cleaved_tmem_pld3_260821/d7/Z60_PLD_TMEMki/PLD3TMEM106B_Plate1_d7_TMEM561LAMP1640MAP2488DAPI405_D20_F4.nd2,8
3,10488,2,0.0014302059496567505,0.08747999999999999,110.03899383544922,1154089.0,16.520348892060607,0.0,0.29310661096837937,True,,KI,D20,4,d7,Plate1,/Users/pmihack/claire/tmem_2026/data/cleaved_tmem_pld3_260821/d7/Z60_PLD_TMEMki/PLD3TMEM106B_Plate1_d7_TMEM561LAMP1640MAP2488DAPI405_D20_F4.nd2,8
4,267,0,0.0,0.0,152.44943237304688,40704.0,,0.0,0.45486826797458174,False,size_outlier,KI,D20,4,d7,Plate1,/Users/pmihack/claire/tmem_2026/data/cleaved_tmem_pld3_260821/d7/Z60_PLD_TMEMki/PLD3TMEM106B_Plate1_d7_TMEM561LAMP1640MAP2488DAPI405_D20_F4.nd2,8
5,21791,7,0.10481391400119315,3.805796571428571,1000.6287841796875,21804702.0,13.086886072814986,0.00031066694646142423,0.5211883767554369,True,,KI,D20,4,d7,Plate1,/Users/pmihack/claire/tmem_2026/data/cleaved_tmem_pld3_260821/d7/Z60_PLD_TMEMki/PLD3TMEM106B_Plate1_d7_TMEM561LAMP1640MAP2488DAPI405_D20_F4.nd2,8
6,12108,2,0.07210109018830525,5.091335999999999,638.0241088867188,7725196.0,9.40549689682463,0.0,0.5349043755703573,True,,KI,D20,4,d7,Plate1,/Users/pmihack/claire/tmem_2026/data/cleaved_tmem_pld3_260821/d7/Z60_PLD_TMEMki/PLD3TMEM106B_Plate1_d7_TMEM561LAMP1640MAP2488DAPI405_D20_F4.nd2,8
7,18791,7,0.0688095364802299,2.1545074285714283,661.9398193359375,12438511.0,7.707066760874744,0.0,0.605932629803973,True,,KI,D20,4,d7,Plate1,/Users/pmihack/claire/tmem_2026/data/cleaved_tmem_pld3_260821/d7/Z60_PLD_TMEMki/PLD3TMEM106B_Plate1_d7_TMEM561LAMP1640MAP2488DAPI405_D20_F4.nd2,8
8,15280,4,0.1344240837696335,5.989464,1080.0965576171875,16503875.0,7.306283750511446,0.0,0.7405407875298737,True,,KI,D20,4,d7,Plate1,/Users/pmihack/claire/tmem_2026/data/cleaved_tmem_pld3_260821/d7/Z60_PLD_TMEMki/PLD3TMEM106B_Plate1_d7_TMEM561LAMP1640MAP2488DAPI405_D20_F4.nd2,8
9,23215,4,0.08050829205255224,5.450004,628.7056884765625,14595402.0,11.442554824245718,0.0,0.34633301667409727,True,,KI,D20,4,d7,Plate1,/Users/pmihack/claire/tmem_2026/data/cleaved_tmem_pld3_260821/d7/Z60_PLD_TMEMki/PLD3TMEM106B_Plate1_d7_TMEM561LAMP1640MAP2488DAPI405_D20_F4.nd2,8
10,15949,6,0.10289046335193429,3.190104,837.8829956054688,13363396.0,16.206229020822683,0.0,0.5613706560630602,True,,KI,D20,4,d7,Plate1,/Users/pmihack/claire/tmem_2026/data/cleaved_tmem_pld3_260821/d7/Z60_PLD_TMEMki/PLD3TMEM106B_Plate1_d7_TMEM561LAMP1640MAP2488DAPI405_D20_F4.nd2,8
11,8022,1,0.24968835701819994,23.362992,1964.82080078125,15761792.0,20.87560392960325,0.0,0.6149354540711914,True,,KI,D20,4,d7,Plate1,/Users/pmihack/claire/tmem_2026/data/cleaved_tmem_pld3_260821/d7/Z60_PLD_TMEMki/PLD3TMEM106B_Plate1_d7_TMEM561LAMP1640MAP2488DAPI405_D20_F4.nd2,8
1,14171,18,0.04495095617811023,0.4127759999999999,360.8700866699219,5113890.0,0.8515699851012425,0.0,0.4130349976448776,True,,KI,E20,1,d7,Plate1,/Users/pmihack/claire/tmem_2026/data/cleaved_tmem_pld3_260821/d7/Z60_PLD_TMEMki/PLD3TMEM106B_Plate1_d7_TMEM561LAMP1640MAP2488DAPI405_E20_F1.nd2,6
2,6568,6,0.019336175395858708,0.246888,200.9735107421875,1319994.0,0.8175783953298881,0.0,0.22319021147353876,True,,KI,E20,1,d7,Plate1,/Users/pmihack/claire/tmem_2026/data/cleaved_tmem_pld3_260821/d7/Z60_PLD_TMEMki/PLD3TMEM106B_Plate1_d7_TMEM561LAMP1640MAP2488DAPI405_E20_F1.nd2,6
3,10675,8,0.11540983606557377,1.7962559999999999,608.272216796875,6493306.0,5.431657842132634,0.0,0.2721928320434998,True,,KI,E20,1,d7,Plate1,/Users/pmihack/claire/tmem_2026/data/cleaved_tmem_pld3_260821/d7/Z60_PLD_TMEMki/PLD3TMEM106B_Plate1_d7_TMEM561LAMP1640MAP2488DAPI405_E20_F1.nd2,6
4,9886,6,0.01021646773214647,0.19634399999999996,155.48806762695312,1537155.0,5.305581457832409,0.0,0.14595956347123404,True,,KI,E20,1,d7,Plate1,/Users/pmihack/claire/tmem_2026/data/cleaved_tmem_pld3_260821/d7/Z60_PLD_TMEMki/PLD3TMEM106B_Plate1_d7_TMEM561LAMP1640MAP2488DAPI405_E20_F1.nd2,6
5,8452,0,0.0,0.0,29.472787857055664,249104.0,,0.0,0.1992373154559019,True,,KI,E20,1,d7,Plate1,/Users/pmihack/claire/tmem_2026/data/cleaved_tmem_pld3_260821/d7/Z60_PLD_TMEMki/PLD3TMEM106B_Plate1_d7_TMEM561LAMP1640MAP2488DAPI405_E20_F1.nd2,6
6,12677,5,0.03778496489705766,1.1174111999999998,233.04827880859375,2954353.0,10.368134558539587,0.0,0.21295506921962434,True,,KI,E20,1,d7,Plate1,/Users/pmihack/claire/tmem_2026/data/cleaved_tmem_pld3_260821/d7/Z60_PLD_TMEMki/PLD3TMEM106B_Plate1_d7_TMEM561LAMP1640MAP2488DAPI405_E20_F1.nd2,6
7,12493,3,0.08036500440246538,3.903552,390.3780517578125,4876993.0,8.54821753929071,0.0,0.47451764821234466,True,,KI,E20,1,d7,Plate1,/Users/pmihack/claire/tmem_2026/data/cleaved_tmem_pld3_260821/d7/Z60_PLD_TMEMki/PLD3TMEM106B_Plate1_d7_TMEM561LAMP1640MAP2488DAPI405_E20_F1.nd2,6
8,9069,1,0.0015437203660822582,0.163296,87.14875030517578,790352.0,23.498207664687634,0.0,0.07624725152020956,True,,KI,E20,1,d7,Plate1,/Users/pmihack/claire/tmem_2026/data/cleaved_tmem_pld3_260821/d7/Z60_PLD_TMEMki/PLD3TMEM106B_Plate1_d7_TMEM561LAMP1640MAP2488DAPI405_E20_F1.nd2,6
9,28724,22,0.014030079376131458,0.2136632727272727,149.5149688720703,4294668.0,7.946663784312807,0.0,0.33921296497026676,True,,KI,E20,1,d7,Plate1,/Users/pmihack/claire/tmem_2026/data/cleaved_tmem_pld3_260821/d7/Z60_PLD_TMEMki/PLD3TMEM106B_Plate1_d7_TMEM561LAMP1640MAP2488DAPI405_E20_F1.nd2,6
10,10369,12,0.11148616067123156,1.1236319999999997,532.0855712890625,5517195.0,14.211971125290557,0.0,0.22336603870477412,True,,KI,E20,1,d7,Plate1,/Users/pmihack/claire/tmem_2026/data/cleaved_tmem_pld3_260821/d7/Z60_PLD_TMEMki/PLD3TMEM106B_Plate1_d7_TMEM561LAMP1640MAP2488DAPI405_E20_F1.nd2,6
11,13009,18,0.06726112691213774,0.567,391.93035888671875,5098622.0,7.406220935916564,0.0,0.2016229167037481,True,,KI,E20,1,d7,Plate1,/Users/pmihack/claire/tmem_2026/data/cleaved_tmem_pld3_260821/d7/Z60_PLD_TMEMki/PLD3TMEM106B_Plate1_d7_TMEM561LAMP1640MAP2488DAPI405_E20_F1.nd2,6
12,9015,1,0.022628951747088188,2.379456,158.2936248779297,1427017.0,2.9164012632553447,0.0,0.189041289880015,True,,KI,E20,1,d7,Plate1,/Users/pmihack/claire/tmem_2026/data/cleaved_tmem_pld3_260821/d7/Z60_PLD_TMEMki/PLD3TMEM106B_Plate1_d7_TMEM561LAMP1640MAP2488DAPI405_E20_F1.nd2,6
13,11685,12,0.06213093709884467,0.705672,347.6836242675781,4062683.0,6.438580959006596,0.0,0.1928672728890073,True,,KI,E20,1,d7,Plate1,/Users/pmihack/claire/tmem_2026/data/cleaved_tmem_pld3_260821/d7/Z60_PLD_TMEMki/PLD3TMEM106B_Plate1_d7_TMEM561LAMP1640MAP2488DAPI405_E20_F1.nd2,6
14,12691,0,0.0,0.0,16.013317108154297,203225.0,,0.0,-0.00048680093430330395,False,abnormal_nucleus,KI,E20,1,d7,Plate1,/Users/pmihack/claire/tmem_2026/data/cleaved_tmem_pld3_260821/d7/Z60_PLD_TMEMki/PLD3TMEM106B_Plate1_d7_TMEM561LAMP1640MAP2488DAPI405_E20_F1.nd2,6
15,14350,5,0.07951219512195122,2.6617247999999996,369.0026550292969,5295188.0,10.716149742403505,0.0,0.290664871578947,True,,KI,E20,1,d7,Plate1,/Users/pmihack/claire/tmem_2026/data/cleaved_tmem_pld3_260821/d7/Z60_PLD_TMEMki/PLD3TMEM106B_Plate1_d7_TMEM561LAMP1640MAP2488DAPI405_E20_F1.nd2,6
16,6504,9,0.06457564575645756,0.5443199999999999,490.17864990234375,3188122.0,15.239827069751163,0.10257386416196823,0.3666298219734051,True,,KI,E20,1,d7,Plate1,/Users/pmihack/claire/tmem_2026/data/cleaved_tmem_pld3_260821/d7/Z60_PLD_TMEMki/PLD3TMEM106B_Plate1_d7_TMEM561LAMP1640MAP2488DAPI405_E20_F1.nd2,6
17,6938,0,0.0,0.0,21.557941436767578,149569.0,,0.0,-0.003295714023007994,True,,KI,E20,1,d7,Plate1,/Users/pmihack/claire/tmem_2026/data/cleaved_tmem_pld3_260821/d7/Z60_PLD_TMEMki/PLD3TMEM106B_Plate1_d7_TMEM561LAMP1640MAP2488DAPI405_E20_F1.nd2,6
18,10029,7,0.07089440622195632,1.1847291428571427,346.2864685058594,3472907.0,27.88381243402018,0.0,0.2525785507046729,True,,KI,E20,1,d7,Plate1,/Users/pmihack/claire/tmem_2026/data/cleaved_tmem_pld3_260821/d7/Z60_PLD_TMEMki/PLD3TMEM106B_Plate1_d7_TMEM561LAMP1640MAP2488DAPI405_E20_F1.nd2,6
19,8323,6,0.014538027153670552,0.235224,119.62200927734375,995614.0,23.473886252118184,0.0,0.1611836786923996,True,,KI,E20,1,d7,Plate1,/Users/pmihack/claire/tmem_2026/data/cleaved_tmem_pld3_260821/d7/Z60_PLD_TMEMki/PLD3TMEM106B_Plate1_d7_TMEM561LAMP1640MAP2488DAPI405_E20_F1.nd2,6
20,9760,12,0.10532786885245901,0.999216,525.000732421875,5124007.0,13.389478729713913,0.0,0.35263994436088064,False,border,KI,E20,1,d7,Plate1,/Users/pmihack/claire/tmem_2026/data/cleaved_tmem_pld3_260821/d7/Z60_PLD_TMEMki/PLD3TMEM106B_Plate1_d7_TMEM561LAMP1640MAP2488DAPI405_E20_F1.nd2,6
1,10934,18,0.06209987195902689,0.43999199999999994,833.5856323242188,9114425.0,5.605803546024769,0.0,0.6064571184238169,True,,KI,E20,2,d7,Plate1,/Users/pmihack/claire/tmem_2026/data/cleaved_tmem_pld3_260821/d7/Z60_PLD_TMEMki/PLD3TMEM106B_Plate1_d7_TMEM561LAMP1640MAP2488DAPI405_E20_F2.nd2,8
2,12357,5,0.08723800275147689,2.5147584,912.885986328125,11280532.0,15.416309247133723,0.0,0.8453593745630021,True,,KI,E20,2,d7,Plate1,/Users/pmihack/claire/tmem_2026/data/cleaved_tmem_pld3_260821/d7/Z60_PLD_TMEMki/PLD3TMEM106B_Plate1_d7_TMEM561LAMP1640MAP2488DAPI405_E20_F2.nd2,8
3,10284,13,0.029463243873978997,0.27186092307692306,626.572265625,6443669.0,7.548357704643449,0.0,0.6595852129691512,True,,KI,E20,2,d7,Plate1,/Users/pmihack/claire/tmem_2026/data/cleaved_tmem_pld3_260821/d7/Z60_PLD_TMEMki/PLD3TMEM106B_Plate1_d7_TMEM561LAMP1640MAP2488DAPI405_E20_F2.nd2,8
4,6388,5,0.13071383844708828,1.9478879999999998,1327.40283203125,8479449.0,8.453342323862989,0.0,0.8388835049335733,True,,KI,E20,2,d7,Plate1,/Users/pmihack/claire/tmem_2026/data/cleaved_tmem_pld3_260821/d7/Z60_PLD_TMEMki/PLD3TMEM106B_Plate1_d7_TMEM561LAMP1640MAP2488DAPI405_E20_F2.nd2,8
5,11900,5,0.10983193277310925,3.0489695999999995,1051.346435546875,12511023.0,5.2504917178222295,0.0,0.7426814761379733,True,,KI,E20,2,d7,Plate1,/Users/pmihack/claire/tmem_2026/data/cleaved_tmem_pld3_260821/d7/Z60_PLD_TMEMki/PLD3TMEM106B_Plate1_d7_TMEM561LAMP1640MAP2488DAPI405_E20_F2.nd2,8
6,16820,6,0.07360285374554103,2.406672,766.7761840820312,12897175.0,5.2932221772077,0.0,0.8509119080583929,True,,KI,E20,2,d7,Plate1,/Users/pmihack/claire/tmem_2026/data/cleaved_tmem_pld3_260821/d7/Z60_PLD_TMEMki/PLD3TMEM106B_Plate1_d7_TMEM561LAMP1640MAP2488DAPI405_E20_F2.nd2,8
7,8800,4,0.07375,1.8924839999999998,738.7658081054688,6501139.0,16.752441770055903,0.009302831254899502,0.5787944653368636,True,,KI,E20,2,d7,Plate1,/Users/pmihack/claire/tmem_2026/data/cleaved_tmem_pld3_260821/d7/Z60_PLD_TMEMki/PLD3TMEM106B_Plate1_d7_TMEM561LAMP1640MAP2488DAPI405_E20_F2.nd2,8
8,5726,1,0.20398183723367097,13.623551999999998,1818.2744140625,10411439.0,24.958485702462088,0.0,0.735153702546492,True,,KI,E20,2,d7,Plate1,/Users/pmihack/claire/tmem_2026/data/cleaved_tmem_pld3_260821/d7/Z60_PLD_TMEMki/PLD3TMEM106B_Plate1_d7_TMEM561LAMP1640MAP2488DAPI405_E20_F2.nd2,8
9,11141,10,0.09272058163540077,1.2048911999999998,1025.2305908203125,11422094.0,15.927134369727797,0.0,0.6053597693276656,True,,KI,E20,2,d7,Plate1,/Users/pmihack/claire/tmem_2026/data/cleaved_tmem_pld3_260821/d7/Z60_PLD_TMEMki/PLD3TMEM106B_Plate1_d7_TMEM561LAMP1640MAP2488DAPI405_E20_F2.nd2,8
10,8922,0,0.0,0.0,75.62833404541016,674756.0,,0.0,0.2918209101138398,True,,KI,E20,2,d7,Plate1,/Users/pmihack/claire/tmem_2026/data/cleaved_tmem_pld3_260821/d7/Z60_PLD_TMEMki/PLD3TMEM106B_Plate1_d7_TMEM561LAMP1640MAP2488DAPI405_E20_F2.nd2,8
11,15113,6,0.10481042810825117,3.079296,994.8323364257812,15034901.0,17.342266867677136,0.0,0.7696344617020291,True,,KI,E20,2,d7,Plate1,/Users/pmihack/claire/tmem_2026/data/cleaved_tmem_pld3_260821/d7/Z60_PLD_TMEMki/PLD3TMEM106B_Plate1_d7_TMEM561LAMP1640MAP2488DAPI405_E20_F2.nd2,8
12,9698,3,0.14899979377191175,5.61816,1288.96142578125,12500348.0,24.092148198631637,0.0,0.8328875118089675,True,,KI,E20,2,d7,Plate1,/Users/pmihack/claire/tmem_2026/data/cleaved_tmem_pld3_260821/d7/Z60_PLD_TMEMki/PLD3TMEM106B_Plate1_d7_TMEM561LAMP1640MAP2488DAPI405_E20_F2.nd2,8
1,28741,12,0.08089488883476567,2.2599,874.4537963867188,25132676.0,10.072795983461733,0.029402241110801697,0.6734395299388829,True,,KI,E20,3,d7,Plate1,/Users/pmihack/claire/tmem_2026/data/cleaved_tmem_pld3_260821/d7/Z60_PLD_TMEMki/PLD3TMEM106B_Plate1_d7_TMEM561LAMP1640MAP2488DAPI405_E20_F3.nd2,14
2,24482,4,0.1164937505105792,8.316431999999999,1167.56201171875,28584252.0,3.0990424783010257,0.01268082857131958,0.5896988626364353,True,,KI,E20,3,d7,Plate1,/Users/pmihack/claire/tmem_2026/data/cleaved_tmem_pld3_260821/d7/Z60_PLD_TMEMki/PLD3TMEM106B_Plate1_d7_TMEM561LAMP1640MAP2488DAPI405_E20_F3.nd2,14
3,4956,0,0.0,0.0,13.96610164642334,69216.0,,0.0,0.34362228043984644,True,,KI,E20,3,d7,Plate1,/Users/pmihack/claire/tmem_2026/data/cleaved_tmem_pld3_260821/d7/Z60_PLD_TMEMki/PLD3TMEM106B_Plate1_d7_TMEM561LAMP1640MAP2488DAPI405_E20_F3.nd2,14
4,18296,8,0.13527547004809795,3.6085499999999997,1461.3760986328125,26737336.0,16.347825175924182,0.0,0.7512034652284519,True,,KI,E20,3,d7,Plate1,/Users/pmihack/claire/tmem_2026/data/cleaved_tmem_pld3_260821/d7/Z60_PLD_TMEMki/PLD3TMEM106B_Plate1_d7_TMEM561LAMP1640MAP2488DAPI405_E20_F3.nd2,14
5,8436,9,0.08926031294452347,0.975888,1107.658203125,9344205.0,12.10504513544549,0.10833987593650818,0.5310987037890814,True,,KI,E20,3,d7,Plate1,/Users/pmihack/claire/tmem_2026/data/cleaved_tmem_pld3_260821/d7/Z60_PLD_TMEMki/PLD3TMEM106B_Plate1_d7_TMEM561LAMP1640MAP2488DAPI405_E20_F3.nd2,14
6,23049,15,0.08750921948891492,1.5684192,956.6490478515625,22049804.0,2.8654158818893976,0.003378442721441388,0.7357018332306663,True,,KI,E20,3,d7,Plate1,/Users/pmihack/claire/tmem_2026/data/cleaved_tmem_pld3_260821/d7/Z60_PLD_TMEMki/PLD3TMEM106B_Plate1_d7_TMEM561LAMP1640MAP2488DAPI405_E20_F3.nd2,14
7,8873,7,0.03888200157782035,0.5748685714285714,418.6015930175781,3714252.0,26.24086268055646,0.0,0.7032851163993533,True,,KI,E20,3,d7,Plate1,/Users/pmihack/claire/tmem_2026/data/cleaved_tmem_pld3_260821/d7/Z60_PLD_TMEMki/PLD3TMEM106B_Plate1_d7_TMEM561LAMP1640MAP2488DAPI405_E20_F3.nd2,14
8,7402,3,0.02958659821669819,0.8514719999999999,376.8539733886719,2789473.0,6.510556929198052,0.08404526859521866,0.8133255473014477,True,,KI,E20,3,d7,Plate1,/Users/pmihack/claire/tmem_2026/data/cleaved_tmem_pld3_260821/d7/Z60_PLD_TMEMki/PLD3TMEM106B_Plate1_d7_TMEM561LAMP1640MAP2488DAPI405_E20_F3.nd2,14
9,27740,11,0.08622927180966114,2.536389818181818,904.6458740234375,25094876.0,12.702645248679318,0.07921326160430908,0.7157531777297139,True,,KI,E20,3,d7,Plate1,/Users/pmihack/claire/tmem_2026/data/cleaved_tmem_pld3_260821/d7/Z60_PLD_TMEMki/PLD3TMEM106B_Plate1_d7_TMEM561LAMP1640MAP2488DAPI405_E20_F3.nd2,14
10,13091,7,0.06569398823619281,1.4330057142857142,670.6416625976562,8779370.0,15.933082079957922,0.15833379328250885,0.7982769960385436,False,abnormal_nucleus,KI,E20,3,d7,Plate1,/Users/pmihack/claire/tmem_2026/data/cleaved_tmem_pld3_260821/d7/Z60_PLD_TMEMki/PLD3TMEM106B_Plate1_d7_TMEM561LAMP1640MAP2488DAPI405_E20_F3.nd2,14
11,14842,4,0.07869559358577011,3.4058879999999996,769.4547729492188,11420248.0,7.195294754843237,0.12710870802402496,0.6112749604919374,True,,KI,E20,3,d7,Plate1,/Users/pmihack/claire/tmem_2026/data/cleaved_tmem_pld3_260821/d7/Z60_PLD_TMEMki/PLD3TMEM106B_Plate1_d7_TMEM561LAMP1640MAP2488DAPI405_E20_F3.nd2,14
12,9652,0,0.0,0.0,26.969850540161133,260313.0,,0.0,-0.07479823895278741,True,,KI,E20,3,d7,Plate1,/Users/pmihack/claire/tmem_2026/data/cleaved_tmem_pld3_260821/d7/Z60_PLD_TMEMki/PLD3TMEM106B_Plate1_d7_TMEM561LAMP1640MAP2488DAPI405_E20_F3.nd2,14
13,11061,3,0.13579242383147996,5.839776,1357.9224853515625,15019980.0,14.974941288953204,0.0,0.7316033057921605,False,abnormal_nucleus,KI,E20,3,d7,Plate1,/Users/pmihack/claire/tmem_2026/data/cleaved_tmem_pld3_260821/d7/Z60_PLD_TMEMki/PLD3TMEM106B_Plate1_d7_TMEM561LAMP1640MAP2488DAPI405_E20_F3.nd2,14
14,15855,12,0.07404604225796278,1.141128,824.2708129882812,13068814.0,6.777179078651648,0.08296369016170502,0.735990330465219,True,,KI,E20,3,d7,Plate1,/Users/pmihack/claire/tmem_2026/data/cleaved_tmem_pld3_260821/d7/Z60_PLD_TMEMki/PLD3TMEM106B_Plate1_d7_TMEM561LAMP1640MAP2488DAPI405_E20_F3.nd2,14
15,14578,1,0.00034298257648511456,0.05832,40.7042121887207,593386.0,15.117399003311142,0.0,0.173863759180625,False,abnormal_nucleus,KI,E20,3,d7,Plate1,/Users/pmihack/claire/tmem_2026/data/cleaved_tmem_pld3_260821/d7/Z60_PLD_TMEMki/PLD3TMEM106B_Plate1_d7_TMEM561LAMP1640MAP2488DAPI405_E20_F3.nd2,14
16,8980,0,0.0,0.0,38.920379638671875,349505.0,,0.0,0.3969835962080146,False,abnormal_nucleus,KI,E20,3,d7,Plate1,/Users/pmihack/claire/tmem_2026/data/cleaved_tmem_pld3_260821/d7/Z60_PLD_TMEMki/PLD3TMEM106B_Plate1_d7_TMEM561LAMP1640MAP2488DAPI405_E20_F3.nd2,14
17,17493,15,0.1351397701937918,1.8382463999999998,1304.0928955078125,22812496.0,21.205528252996828,0.03482222929596901,0.7685251462710768,True,,KI,E20,3,d7,Plate1,/Users/pmihack/claire/tmem_2026/data/cleaved_tmem_pld3_260821/d7/Z60_PLD_TMEMki/PLD3TMEM106B_Plate1_d7_TMEM561LAMP1640MAP2488DAPI405_E20_F3.nd2,14
18,15299,11,0.11909275116020655,1.9319825454545452,1367.3623046875,20919276.0,22.456598974758013,0.022662926465272903,0.7132325561762795,True,,KI,E20,3,d7,Plate1,/Users/pmihack/claire/tmem_2026/data/cleaved_tmem_pld3_260821/d7/Z60_PLD_TMEMki/PLD3TMEM106B_Plate1_d7_TMEM561LAMP1640MAP2488DAPI405_E20_F3.nd2,14
1,13691,7,0.2248922649916003,5.130493714285714,3019.90234375,41345484.0,1.3609911509704962,0.18787817656993866,0.8502615151468433,True,,KI,E20,4,d7,Plate1,/Users/pmihack/claire/tmem_2026/data/cleaved_tmem_pld3_260821/d7/Z60_PLD_TMEMki/PLD3TMEM106B_Plate1_d7_TMEM561LAMP1640MAP2488DAPI405_E20_F4.nd2,15
2,10782,2,0.14394360971990355,9.051264,1635.982177734375,17639160.0,1.1821291747761642,0.018252059817314148,0.8530992497035917,True,,KI,E20,4,d7,Plate1,/Users/pmihack/claire/tmem_2026/data/cleaved_tmem_pld3_260821/d7/Z60_PLD_TMEMki/PLD3TMEM106B_Plate1_d7_TMEM561LAMP1640MAP2488DAPI405_E20_F4.nd2,15
3,17160,17,0.07400932400932402,0.8713694117647057,1254.041259765625,21519348.0,0.9187362230454164,0.042605750262737274,0.5841770777649262,True,,KI,E20,4,d7,Plate1,/Users/pmihack/claire/tmem_2026/data/cleaved_tmem_pld3_260821/d7/Z60_PLD_TMEMki/PLD3TMEM106B_Plate1_d7_TMEM561LAMP1640MAP2488DAPI405_E20_F4.nd2,15
4,6145,6,0.18307567127746135,2.187,2088.34375,12832873.0,17.79239593682416,0.12530459463596344,0.5632956134529297,True,,KI,E20,4,d7,Plate1,/Users/pmihack/claire/tmem_2026/data/cleaved_tmem_pld3_260821/d7/Z60_PLD_TMEMki/PLD3TMEM106B_Plate1_d7_TMEM561LAMP1640MAP2488DAPI405_E20_F4.nd2,15
5,19180,4,0.08248175182481751,4.613111999999999,877.2400512695312,16825464.0,6.854478621913424,0.11578129231929779,0.8068012443699318,True,,KI,E20,4,d7,Plate1,/Users/pmihack/claire/tmem_2026/data/cleaved_tmem_pld3_260821/d7/Z60_PLD_TMEMki/PLD3TMEM106B_Plate1_d7_TMEM561LAMP1640MAP2488DAPI405_E20_F4.nd2,15
6,9415,5,0.14869888475836432,3.26592,1752.37158203125,16498579.0,4.090714812596671,0.014145096763968468,0.6755983618163286,True,,KI,E20,4,d7,Plate1,/Users/pmihack/claire/tmem_2026/data/cleaved_tmem_pld3_260821/d7/Z60_PLD_TMEMki/PLD3TMEM106B_Plate1_d7_TMEM561LAMP1640MAP2488DAPI405_E20_F4.nd2,15
7,10011,4,0.15682748976126262,4.578119999999999,1885.9090576171875,18879836.0,13.260896171084436,0.10054949671030045,0.7429251440365272,True,,KI,E20,4,d7,Plate1,/Users/pmihack/claire/tmem_2026/data/cleaved_tmem_pld3_260821/d7/Z60_PLD_TMEMki/PLD3TMEM106B_Plate1_d7_TMEM561LAMP1640MAP2488DAPI405_E20_F4.nd2,15
8,9393,6,0.14414989886085383,2.632176,1630.838134765625,15318463.0,6.147269666595517,0.08584444969892502,0.5606885807712847,True,,KI,E20,4,d7,Plate1,/Users/pmihack/claire/tmem_2026/data/cleaved_tmem_pld3_260821/d7/Z60_PLD_TMEMki/PLD3TMEM106B_Plate1_d7_TMEM561LAMP1640MAP2488DAPI405_E20_F4.nd2,15
9,10739,3,0.11937796815345936,4.9844159999999995,1307.423828125,14040425.0,24.54195083612818,0.16200442612171173,0.7235656435009992,True,,KI,E20,4,d7,Plate1,/Users/pmihack/claire/tmem_2026/data/cleaved_tmem_pld3_260821/d7/Z60_PLD_TMEMki/PLD3TMEM106B_Plate1_d7_TMEM561LAMP1640MAP2488DAPI405_E20_F4.nd2,15
10,22909,12,0.14033785848356542,3.12498,1514.5552978515625,34696948.0,18.792575288176266,0.08822369575500488,0.8174430007791758,True,,KI,E20,4,d7,Plate1,/Users/pmihack/claire/tmem_2026/data/cleaved_tmem_pld3_260821/d7/Z60_PLD_TMEMki/PLD3TMEM106B_Plate1_d7_TMEM561LAMP1640MAP2488DAPI405_E20_F4.nd2,15
11,31021,10,0.056091035105251284,2.029536,755.8406372070312,23446932.0,4.603691000581821,0.025687582790851593,0.6913951362310019,True,,KI,E20,4,d7,Plate1,/Users/pmihack/claire/tmem_2026/data/cleaved_tmem_pld3_260821/d7/Z60_PLD_TMEMki/PLD3TMEM106B_Plate1_d7_TMEM561LAMP1640MAP2488DAPI405_E20_F4.nd2,15
12,12291,0,0.0,0.0,123.7486801147461,1520995.0,,0.0,0.5059917727800207,True,,KI,E20,4,d7,Plate1,/Users/pmihack/claire/tmem_2026/data/cleaved_tmem_pld3_260821/d7/Z60_PLD_TMEMki/PLD3TMEM106B_Plate1_d7_TMEM561LAMP1640MAP2488DAPI405_E20_F4.nd2,15
13,6547,4,0.11837482816557202,2.2599,1725.04296875,11293856.0,17.466854886397524,0.013914290815591812,0.7820411525661733,True,,KI,E20,4,d7,Plate1,/Users/pmihack/claire/tmem_2026/data/cleaved_tmem_pld3_260821/d7/Z60_PLD_TMEMki/PLD3TMEM106B_Plate1_d7_TMEM561LAMP1640MAP2488DAPI405_E20_F4.nd2,15
14,12208,2,0.1382699868938401,9.844415999999999,1731.1710205078125,21134136.0,9.97098250931576,0.285406231880188,0.8145829137365259,True,,KI,E20,4,d7,Plate1,/Users/pmihack/claire/tmem_2026/data/cleaved_tmem_pld3_260821/d7/Z60_PLD_TMEMki/PLD3TMEM106B_Plate1_d7_TMEM561LAMP1640MAP2488DAPI405_E20_F4.nd2,15
15,8725,6,0.09272206303724928,1.5726959999999999,1068.061767578125,9318839.0,10.452291808296474,0.08669749647378922,0.7359828091542179,True,,KI,E20,4,d7,Plate1,/Users/pmihack/claire/tmem_2026/data/cleaved_tmem_pld3_260821/d7/Z60_PLD_TMEMki/PLD3TMEM106B_Plate1_d7_TMEM561LAMP1640MAP2488DAPI405_E20_F4.nd2,15
16,12856,9,0.11309894212818918,1.8843839999999996,1366.4788818359375,17567452.0,25.22628886638743,0.14733177423477173,0.7303859958931075,True,,KI,E20,4,d7,Plate1,/Users/pmihack/claire/tmem_2026/data/cleaved_tmem_pld3_260821/d7/Z60_PLD_TMEMki/PLD3TMEM106B_Plate1_d7_TMEM561LAMP1640MAP2488DAPI405_E20_F4.nd2,15
17,16517,2,0.05194647938487619,5.003856,681.7991333007812,11261276.0,10.173068566634054,0.10754980146884918,0.5627832644410204,True,,KI,E20,4,d7,Plate1,/Users/pmihack/claire/tmem_2026/data/cleaved_tmem_pld3_260821/d7/Z60_PLD_TMEMki/PLD3TMEM106B_Plate1_d7_TMEM561LAMP1640MAP2488DAPI405_E20_F4.nd2,15
1,19830,4,0.07967725668179526,4.607279999999999,902.163818359375,17889908.0,0.6059008457998883,0.0,0.7421436250308275,True,,KI,F20,1,d7,Plate1,/Users/pmihack/claire/tmem_2026/data/cleaved_tmem_pld3_260821/d7/Z60_PLD_TMEMki/PLD3TMEM106B_Plate1_d7_TMEM561LAMP1640MAP2488DAPI405_F20_F1.nd2,10
2,31890,14,0.017434932580746316,0.46322742857142857,343.7116394042969,10960964.0,8.87561929706532,0.0,0.42399433470650943,True,,KI,F20,1,d7,Plate1,/Users/pmihack/claire/tmem_2026/data/cleaved_tmem_pld3_260821/d7/Z60_PLD_TMEMki/PLD3TMEM106B_Plate1_d7_TMEM561LAMP1640MAP2488DAPI405_F20_F1.nd2,10
3,15435,2,0.10398445092322643,9.36036,1263.97607421875,19509470.0,14.14058996459917,0.0,0.7030113949987502,True,,KI,F20,1,d7,Plate1,/Users/pmihack/claire/tmem_2026/data/cleaved_tmem_pld3_260821/d7/Z60_PLD_TMEMki/PLD3TMEM106B_Plate1_d7_TMEM561LAMP1640MAP2488DAPI405_F20_F1.nd2,10
4,15721,2,0.028496914954519434,2.612736,408.8261413574219,6427156.0,19.441599831818664,0.0,0.7604529028907073,True,,KI,F20,1,d7,Plate1,/Users/pmihack/claire/tmem_2026/data/cleaved_tmem_pld3_260821/d7/Z60_PLD_TMEMki/PLD3TMEM106B_Plate1_d7_TMEM561LAMP1640MAP2488DAPI405_F20_F1.nd2,10
5,14306,6,0.009087096323221026,0.25272,203.4774932861328,2910949.0,4.997765479754229,0.0,0.17630444008933427,True,,KI,F20,1,d7,Plate1,/Users/pmihack/claire/tmem_2026/data/cleaved_tmem_pld3_260821/d7/Z60_PLD_TMEMki/PLD3TMEM106B_Plate1_d7_TMEM561LAMP1640MAP2488DAPI405_F20_F1.nd2,10
6,34001,18,0.02811682009352666,0.619488,474.72467041015625,16141114.0,4.460912418349897,0.0,0.5416844418306503,True,,KI,F20,1,d7,Plate1,/Users/pmihack/claire/tmem_2026/data/cleaved_tmem_pld3_260821/d7/Z60_PLD_TMEMki/PLD3TMEM106B_Plate1_d7_TMEM561LAMP1640MAP2488DAPI405_F20_F1.nd2,10
7,15167,8,0.10720643502340609,2.3707079999999996,1219.7977294921875,18500672.0,16.38621299378603,0.0,0.5954024404157031,True,,KI,F20,1,d7,Plate1,/Users/pmihack/claire/tmem_2026/data/cleaved_tmem_pld3_260821/d7/Z60_PLD_TMEMki/PLD3TMEM106B_Plate1_d7_TMEM561LAMP1640MAP2488DAPI405_F20_F1.nd2,10
8,29087,11,0.07192216454086017,2.218280727272727,973.6809692382812,28321458.0,7.552728730913616,0.0,0.785728195587676,True,,KI,F20,1,d7,Plate1,/Users/pmihack/claire/tmem_2026/data/cleaved_tmem_pld3_260821/d7/Z60_PLD_TMEMki/PLD3TMEM106B_Plate1_d7_TMEM561LAMP1640MAP2488DAPI405_F20_F1.nd2,10
9,18133,7,0.04842000772073016,1.462998857142857,748.1571044921875,13566333.0,18.05000984954922,0.0,0.4555810607624007,True,,KI,F20,1,d7,Plate1,/Users/pmihack/claire/tmem_2026/data/cleaved_tmem_pld3_260821/d7/Z60_PLD_TMEMki/PLD3TMEM106B_Plate1_d7_TMEM561LAMP1640MAP2488DAPI405_F20_F1.nd2,10
10,14171,0,0.0,0.0,48.27888107299805,684160.0,,0.0,0.4188001212290149,True,,KI,F20,1,d7,Plate1,/Users/pmihack/claire/tmem_2026/data/cleaved_tmem_pld3_260821/d7/Z60_PLD_TMEMki/PLD3TMEM106B_Plate1_d7_TMEM561LAMP1640MAP2488DAPI405_F20_F1.nd2,10
11,16459,2,0.011726107296919619,1.125576,264.3126525878906,4350322.0,14.653636703012609,0.0,0.2605603947618853,True,,KI,F20,1,d7,Plate1,/Users/pmihack/claire/tmem_2026/data/cleaved_tmem_pld3_260821/d7/Z60_PLD_TMEMki/PLD3TMEM106B_Plate1_d7_TMEM561LAMP1640MAP2488DAPI405_F20_F1.nd2,10
12,26801,3,0.0693630834670348,7.227791999999999,919.6237182617188,24646836.0,12.496789895304804,0.0,0.7235900285089402,True,,KI,F20,1,d7,Plate1,/Users/pmihack/claire/tmem_2026/data/cleaved_tmem_pld3_260821/d7/Z60_PLD_TMEMki/PLD3TMEM106B_Plate1_d7_TMEM561LAMP1640MAP2488DAPI405_F20_F1.nd2,10
13,6903,5,0.1258872953788208,2.0272031999999998,1406.1632080078125,9706745.0,29.62471835547672,0.0,0.6567061988232711,True,,KI,F20,1,d7,Plate1,/Users/pmihack/claire/tmem_2026/data/cleaved_tmem_pld3_260821/d7/Z60_PLD_TMEMki/PLD3TMEM106B_Plate1_d7_TMEM561LAMP1640MAP2488DAPI405_F20_F1.nd2,10
1,9881,2,0.004655399251087947,0.26827199999999995,78.37374877929688,774411.0,1.7365135226296955,0.0,0.643144312941161,True,,KI,F20,2,d7,Plate1,/Users/pmihack/claire/tmem_2026/data/cleaved_tmem_pld3_260821/d7/Z60_PLD_TMEMki/PLD3TMEM106B_Plate1_d7_TMEM561LAMP1640MAP2488DAPI405_F20_F2.nd2,12
2,16800,5,0.0886904761904762,3.475872,669.3466186523438,11245023.0,9.525079405900781,0.0,0.5066225286972135,True,,KI,F20,2,d7,Plate1,/Users/pmihack/claire/tmem_2026/data/cleaved_tmem_pld3_260821/d7/Z60_PLD_TMEMki/PLD3TMEM106B_Plate1_d7_TMEM561LAMP1640MAP2488DAPI405_F20_F2.nd2,12
3,18001,7,0.04671962668740626,1.4013462857142855,379.21142578125,6826185.0,2.3003266876026465,0.0,0.6182337503253682,True,,KI,F20,2,d7,Plate1,/Users/pmihack/claire/tmem_2026/data/cleaved_tmem_pld3_260821/d7/Z60_PLD_TMEMki/PLD3TMEM106B_Plate1_d7_TMEM561LAMP1640MAP2488DAPI405_F20_F2.nd2,12
4,19117,9,0.031071820892399436,0.769824,268.18341064453125,5126862.0,11.130264416169988,0.0,0.4550081150255253,True,,KI,F20,2,d7,Plate1,/Users/pmihack/claire/tmem_2026/data/cleaved_tmem_pld3_260821/d7/Z60_PLD_TMEMki/PLD3TMEM106B_Plate1_d7_TMEM561LAMP1640MAP2488DAPI405_F20_F2.nd2,12
5,14834,14,0.05810974787649993,0.7181691428571427,453.8370056152344,6732218.0,28.322366956411994,0.0,0.6653074236255675,True,,KI,F20,2,d7,Plate1,/Users/pmihack/claire/tmem_2026/data/cleaved_tmem_pld3_260821/d7/Z60_PLD_TMEMki/PLD3TMEM106B_Plate1_d7_TMEM561LAMP1640MAP2488DAPI405_F20_F2.nd2,12
6,10743,0,0.0,0.0,38.76263427734375,416427.0,,0.0,0.5207838429493746,True,,KI,F20,2,d7,Plate1,/Users/pmihack/claire/tmem_2026/data/cleaved_tmem_pld3_260821/d7/Z60_PLD_TMEMki/PLD3TMEM106B_Plate1_d7_TMEM561LAMP1640MAP2488DAPI405_F20_F2.nd2,12
7,23210,13,0.03283067643257217,0.6836898461538461,271.3421325683594,6297851.0,10.806420755979447,0.0,0.7102625038158877,True,,KI,F20,2,d7,Plate1,/Users/pmihack/claire/tmem_2026/data/cleaved_tmem_pld3_260821/d7/Z60_PLD_TMEMki/PLD3TMEM106B_Plate1_d7_TMEM561LAMP1640MAP2488DAPI405_F20_F2.nd2,12
8,12344,2,0.0059948152948801035,0.43156799999999995,90.92166137695312,1122337.0,20.87009573352986,0.0,0.12798712782615387,True,,KI,F20,2,d7,Plate1,/Users/pmihack/claire/tmem_2026/data/cleaved_tmem_pld3_260821/d7/Z60_PLD_TMEMki/PLD3TMEM106B_Plate1_d7_TMEM561LAMP1640MAP2488DAPI405_F20_F2.nd2,12
9,10090,2,0.11764122893954411,6.922584,908.8557739257812,9170355.0,13.904845112680952,0.0,0.13727521435535492,True,,KI,F20,2,d7,Plate1,/Users/pmihack/claire/tmem_2026/data/cleaved_tmem_pld3_260821/d7/Z60_PLD_TMEMki/PLD3TMEM106B_Plate1_d7_TMEM561LAMP1640MAP2488DAPI405_F20_F2.nd2,12
10,14574,9,0.0732811856731165,1.384128,655.0591430664062,9546832.0,7.018018878408642,0.0004617238591890782,0.5797366059876056,True,,KI,F20,2,d7,Plate1,/Users/pmihack/claire/tmem_2026/data/cleaved_tmem_pld3_260821/d7/Z60_PLD_TMEMki/PLD3TMEM106B_Plate1_d7_TMEM561LAMP1640MAP2488DAPI405_F20_F2.nd2,12
11,7916,2,0.006189994946942901,0.28576799999999997,83.29295349121094,659347.0,29.57211612549293,0.0,0.14000672616071863,True,,KI,F20,2,d7,Plate1,/Users/pmihack/claire/tmem_2026/data/cleaved_tmem_pld3_260821/d7/Z60_PLD_TMEMki/PLD3TMEM106B_Plate1_d7_TMEM561LAMP1640MAP2488DAPI405_F20_F2.nd2,12
12,12515,1,0.0010387534958050339,0.151632,47.23395919799805,591133.0,16.783695646582977,0.0,0.4300661532984255,True,,KI,F20,2,d7,Plate1,/Users/pmihack/claire/tmem_2026/data/cleaved_tmem_pld3_260821/d7/Z60_PLD_TMEMki/PLD3TMEM106B_Plate1_d7_TMEM561LAMP1640MAP2488DAPI405_F20_F2.nd2,12
1,6029,0,0.0,0.0,75.15043640136719,453082.0,,0.0,0.10660119544341633,True,,KI,F20,3,d7,Plate1,/Users/pmihack/claire/tmem_2026/data/cleaved_tmem_pld3_260821/d7/Z60_PLD_TMEMki/PLD3TMEM106B_Plate1_d7_TMEM561LAMP1640MAP2488DAPI405_F20_F3.nd2,16
2,12248,9,0.020248203788373612,0.32140799999999997,436.12286376953125,5341633.0,6.76374102298362,0.001942664384841919,0.2957388368593192,True,,KI,F20,3,d7,Plate1,/Users/pmihack/claire/tmem_2026/data/cleaved_tmem_pld3_260821/d7/Z60_PLD_TMEMki/PLD3TMEM106B_Plate1_d7_TMEM561LAMP1640MAP2488DAPI405_F20_F3.nd2,16
3,11889,5,0.06560686348725712,1.8195839999999999,809.5953979492188,9625280.0,0.8885876536411442,0.0,0.27835136053337695,True,,KI,F20,3,d7,Plate1,/Users/pmihack/claire/tmem_2026/data/cleaved_tmem_pld3_260821/d7/Z60_PLD_TMEMki/PLD3TMEM106B_Plate1_d7_TMEM561LAMP1640MAP2488DAPI405_F20_F3.nd2,16
4,20260,8,0.026949654491609083,0.7960679999999999,363.8199768066406,7370993.0,12.043771259350748,3.269573062425479e-05,0.09760321267953867,True,,KI,F20,3,d7,Plate1,/Users/pmihack/claire/tmem_2026/data/cleaved_tmem_pld3_260821/d7/Z60_PLD_TMEMki/PLD3TMEM106B_Plate1_d7_TMEM561LAMP1640MAP2488DAPI405_F20_F3.nd2,16
5,8110,3,0.16399506781750925,5.17104,2426.845947265625,19681720.0,17.96389052733147,0.0,0.618615146671232,True,,KI,F20,3,d7,Plate1,/Users/pmihack/claire/tmem_2026/data/cleaved_tmem_pld3_260821/d7/Z60_PLD_TMEMki/PLD3TMEM106B_Plate1_d7_TMEM561LAMP1640MAP2488DAPI405_F20_F3.nd2,16
6,12497,7,0.0995438905337281,2.0728594285714284,1283.3443603515625,16037954.0,17.212695301034007,0.0,0.5268662421768868,True,,KI,F20,3,d7,Plate1,/Users/pmihack/claire/tmem_2026/data/cleaved_tmem_pld3_260821/d7/Z60_PLD_TMEMki/PLD3TMEM106B_Plate1_d7_TMEM561LAMP1640MAP2488DAPI405_F20_F3.nd2,16
7,4403,7,0.15466727231433114,1.1347405714285714,1841.772705078125,8109325.0,16.436370000123866,0.16889987885951996,0.3667133346122702,True,,KI,F20,3,d7,Plate1,/Users/pmihack/claire/tmem_2026/data/cleaved_tmem_pld3_260821/d7/Z60_PLD_TMEMki/PLD3TMEM106B_Plate1_d7_TMEM561LAMP1640MAP2488DAPI405_F20_F3.nd2,16
8,7604,12,0.1290110468174645,0.9535319999999999,1738.506591796875,13219604.0,6.088894385019194,0.0,0.355250962643086,True,,KI,F20,3,d7,Plate1,/Users/pmihack/claire/tmem_2026/data/cleaved_tmem_pld3_260821/d7/Z60_PLD_TMEMki/PLD3TMEM106B_Plate1_d7_TMEM561LAMP1640MAP2488DAPI405_F20_F3.nd2,16
9,8339,5,0.014630051564935844,0.28460159999999995,413.381591796875,3447189.0,7.21565191211752,0.16630680859088898,0.5928702159637839,True,,KI,F20,3,d7,Plate1,/Users/pmihack/claire/tmem_2026/data/cleaved_tmem_pld3_260821/d7/Z60_PLD_TMEMki/PLD3TMEM106B_Plate1_d7_TMEM561LAMP1640MAP2488DAPI405_F20_F3.nd2,16
10,14448,3,0.01695736434108527,0.95256,291.4092712402344,4210281.0,10.97246305060461,0.0,0.451709046757513,True,,KI,F20,3,d7,Plate1,/Users/pmihack/claire/tmem_2026/data/cleaved_tmem_pld3_260821/d7/Z60_PLD_TMEMki/PLD3TMEM106B_Plate1_d7_TMEM561LAMP1640MAP2488DAPI405_F20_F3.nd2,16
11,9700,4,0.052061855670103095,1.4725799999999998,731.8850708007812,7099285.0,7.556677721057508,0.0,0.47921887806857427,True,,KI,F20,3,d7,Plate1,/Users/pmihack/claire/tmem_2026/data/cleaved_tmem_pld3_260821/d7/Z60_PLD_TMEMki/PLD3TMEM106B_Plate1_d7_TMEM561LAMP1640MAP2488DAPI405_F20_F3.nd2,16
12,13851,4,0.15414049527109955,6.2256599999999995,1916.025146484375,26538864.0,8.176678233031272,0.0,0.660457653729458,True,,KI,F20,3,d7,Plate1,/Users/pmihack/claire/tmem_2026/data/cleaved_tmem_pld3_260821/d7/Z60_PLD_TMEMki/PLD3TMEM106B_Plate1_d7_TMEM561LAMP1640MAP2488DAPI405_F20_F3.nd2,16
13,7938,0,0.0,0.0,41.09473419189453,326210.0,,0.0,0.30915773197093444,True,,KI,F20,3,d7,Plate1,/Users/pmihack/claire/tmem_2026/data/cleaved_tmem_pld3_260821/d7/Z60_PLD_TMEMki/PLD3TMEM106B_Plate1_d7_TMEM561LAMP1640MAP2488DAPI405_F20_F3.nd2,16
14,13400,12,0.10373134328358209,1.3510799999999998,1275.9522705078125,17097760.0,13.376066416547452,0.0,0.496576155468159,True,,KI,F20,3,d7,Plate1,/Users/pmihack/claire/tmem_2026/data/cleaved_tmem_pld3_260821/d7/Z60_PLD_TMEMki/PLD3TMEM106B_Plate1_d7_TMEM561LAMP1640MAP2488DAPI405_F20_F3.nd2,16
15,20627,4,0.06709652397343288,4.035743999999999,815.1162109375,16813402.0,15.050506295102476,0.0,0.6917801508625708,True,,KI,F20,3,d7,Plate1,/Users/pmihack/claire/tmem_2026/data/cleaved_tmem_pld3_260821/d7/Z60_PLD_TMEMki/PLD3TMEM106B_Plate1_d7_TMEM561LAMP1640MAP2488DAPI405_F20_F3.nd2,16
16,25221,14,0.08532572062963403,1.7929234285714286,939.639892578125,23698658.0,8.498766573885913,0.0,0.7251759828817518,True,,KI,F20,3,d7,Plate1,/Users/pmihack/claire/tmem_2026/data/cleaved_tmem_pld3_260821/d7/Z60_PLD_TMEMki/PLD3TMEM106B_Plate1_d7_TMEM561LAMP1640MAP2488DAPI405_F20_F3.nd2,16
17,12787,13,0.0722608899663721,0.8290412307692308,964.5789184570312,12334071.0,19.099447577417884,0.0,0.6258350602284187,True,,KI,F20,3,d7,Plate1,/Users/pmihack/claire/tmem_2026/data/cleaved_tmem_pld3_260821/d7/Z60_PLD_TMEMki/PLD3TMEM106B_Plate1_d7_TMEM561LAMP1640MAP2488DAPI405_F20_F3.nd2,16
18,12186,0,0.0,0.0,52.02699661254883,634001.0,,0.0,0.01660692971386917,True,,KI,F20,3,d7,Plate1,/Users/pmihack/claire/tmem_2026/data/cleaved_tmem_pld3_260821/d7/Z60_PLD_TMEMki/PLD3TMEM106B_Plate1_d7_TMEM561LAMP1640MAP2488DAPI405_F20_F3.nd2,16
1,6050,5,0.0890909090909091,1.2573792,627.2333984375,3794762.0,0.9908881200911303,0.47654083371162415,0.7019694915767685,True,,KI,F20,4,d7,Plate1,/Users/pmihack/claire/tmem_2026/data/cleaved_tmem_pld3_260821/d7/Z60_PLD_TMEMki/PLD3TMEM106B_Plate1_d7_TMEM561LAMP1640MAP2488DAPI405_F20_F4.nd2,14
2,3871,4,0.019891500904159132,0.22453199999999998,355.857666015625,1377525.0,7.395152890975267,0.0,0.30915481870563594,True,,KI,F20,4,d7,Plate1,/Users/pmihack/claire/tmem_2026/data/cleaved_tmem_pld3_260821/d7/Z60_PLD_TMEMki/PLD3TMEM106B_Plate1_d7_TMEM561LAMP1640MAP2488DAPI405_F20_F4.nd2,14
3,13372,0,0.0,0.0,14.75822639465332,197347.0,,0.0,0.08509010164436825,True,,KI,F20,4,d7,Plate1,/Users/pmihack/claire/tmem_2026/data/cleaved_tmem_pld3_260821/d7/Z60_PLD_TMEMki/PLD3TMEM106B_Plate1_d7_TMEM561LAMP1640MAP2488DAPI405_F20_F4.nd2,14
4,13886,0,0.0,0.0,83.17377471923828,1154951.0,,0.0,0.06722621027772213,True,,KI,F20,4,d7,Plate1,/Users/pmihack/claire/tmem_2026/data/cleaved_tmem_pld3_260821/d7/Z60_PLD_TMEMki/PLD3TMEM106B_Plate1_d7_TMEM561LAMP1640MAP2488DAPI405_F20_F4.nd2,14
5,18349,4,0.02261703635075481,1.21014,157.643310546875,2892597.0,1.4261415761216056,0.0,0.06746286414898128,True,,KI,F20,4,d7,Plate1,/Users/pmihack/claire/tmem_2026/data/cleaved_tmem_pld3_260821/d7/Z60_PLD_TMEMki/PLD3TMEM106B_Plate1_d7_TMEM561LAMP1640MAP2488DAPI405_F20_F4.nd2,14
6,11691,0,0.0,0.0,45.173038482666016,528118.0,,0.0,0.0040805932325556175,True,,KI,F20,4,d7,Plate1,/Users/pmihack/claire/tmem_2026/data/cleaved_tmem_pld3_260821/d7/Z60_PLD_TMEMki/PLD3TMEM106B_Plate1_d7_TMEM561LAMP1640MAP2488DAPI405_F20_F4.nd2,14
7,8714,0,0.0,0.0,91.4996566772461,797328.0,,0.0,-0.03143062708255361,True,,KI,F20,4,d7,Plate1,/Users/pmihack/claire/tmem_2026/data/cleaved_tmem_pld3_260821/d7/Z60_PLD_TMEMki/PLD3TMEM106B_Plate1_d7_TMEM561LAMP1640MAP2488DAPI405_F20_F4.nd2,14
8,9058,4,0.003643188341797306,0.096228,106.09053039550781,960968.0,7.973170306337863,0.0,0.04649529128379351,True,,KI,F20,4,d7,Plate1,/Users/pmihack/claire/tmem_2026/data/cleaved_tmem_pld3_260821/d7/Z60_PLD_TMEMki/PLD3TMEM106B_Plate1_d7_TMEM561LAMP1640MAP2488DAPI405_F20_F4.nd2,14
9,19869,6,0.01348834868387941,0.5209919999999999,161.96502685546875,3218083.0,7.1121636773953005,0.0,0.09915043527608977,True,,KI,F20,4,d7,Plate1,/Users/pmihack/claire/tmem_2026/data/cleaved_tmem_pld3_260821/d7/Z60_PLD_TMEMki/PLD3TMEM106B_Plate1_d7_TMEM561LAMP1640MAP2488DAPI405_F20_F4.nd2,14
10,15059,0,0.0,0.0,27.72335433959961,417486.0,,0.0,-0.008286596937869777,True,,KI,F20,4,d7,Plate1,/Users/pmihack/claire/tmem_2026/data/cleaved_tmem_pld3_260821/d7/Z60_PLD_TMEMki/PLD3TMEM106B_Plate1_d7_TMEM561LAMP1640MAP2488DAPI405_F20_F4.nd2,14
1,15554,6,0.06442072778706442,1.9478879999999998,1071.4420166015625,16665210.0,13.482344415971411,0.0,0.20436127326417383,True,,KI,G20,1,d7,Plate1,/Users/pmihack/claire/tmem_2026/data/cleaved_tmem_pld3_260821/d7/Z60_PLD_TMEMki/PLD3TMEM106B_Plate1_d7_TMEM561LAMP1640MAP2488DAPI405_G20_F1.nd2,14
2,12537,0,0.0,0.0,8.87652587890625,111285.0,,0.0,0.0014084109230294948,True,,KI,G20,1,d7,Plate1,/Users/pmihack/claire/tmem_2026/data/cleaved_tmem_pld3_260821/d7/Z60_PLD_TMEMki/PLD3TMEM106B_Plate1_d7_TMEM561LAMP1640MAP2488DAPI405_G20_F1.nd2,14
3,14368,2,0.048301781737193766,4.047408,656.06298828125,9426313.0,1.1028196870689375,0.0,0.45360538610501927,True,,KI,G20,1,d7,Plate1,/Users/pmihack/claire/tmem_2026/data/cleaved_tmem_pld3_260821/d7/Z60_PLD_TMEMki/PLD3TMEM106B_Plate1_d7_TMEM561LAMP1640MAP2488DAPI405_G20_F1.nd2,14
4,1389,1,0.01079913606911447,0.17495999999999998,520.60693359375,723123.0,4.24471390757197,0.0,-0.039044066301527916,False,size_outlier,KI,G20,1,d7,Plate1,/Users/pmihack/claire/tmem_2026/data/cleaved_tmem_pld3_260821/d7/Z60_PLD_TMEMki/PLD3TMEM106B_Plate1_d7_TMEM561LAMP1640MAP2488DAPI405_G20_F1.nd2,14
5,14737,7,0.05889936893533283,1.4463359999999998,1006.8800048828125,14838391.0,6.13312570211072,0.0,0.4346429143134191,True,,KI,G20,1,d7,Plate1,/Users/pmihack/claire/tmem_2026/data/cleaved_tmem_pld3_260821/d7/Z60_PLD_TMEMki/PLD3TMEM106B_Plate1_d7_TMEM561LAMP1640MAP2488DAPI405_G20_F1.nd2,14
6,16427,2,0.09052170207585074,8.672184,1293.1729736328125,21242952.0,0.8155760384606534,0.0,0.4663217357795462,True,,KI,G20,1,d7,Plate1,/Users/pmihack/claire/tmem_2026/data/cleaved_tmem_pld3_260821/d7/Z60_PLD_TMEMki/PLD3TMEM106B_Plate1_d7_TMEM561LAMP1640MAP2488DAPI405_G20_F1.nd2,14
7,6864,4,0.12062937062937062,2.4144479999999997,1843.6767578125,12654997.0,28.026745197094712,0.0,0.199010459017719,True,,KI,G20,1,d7,Plate1,/Users/pmihack/claire/tmem_2026/data/cleaved_tmem_pld3_260821/d7/Z60_PLD_TMEMki/PLD3TMEM106B_Plate1_d7_TMEM561LAMP1640MAP2488DAPI405_G20_F1.nd2,14
8,5776,1,0.05522853185595568,3.7208159999999997,753.1177368164062,4350008.0,30.73366946757541,0.0,0.48708809288950367,True,,KI,G20,1,d7,Plate1,/Users/pmihack/claire/tmem_2026/data/cleaved_tmem_pld3_260821/d7/Z60_PLD_TMEMki/PLD3TMEM106B_Plate1_d7_TMEM561LAMP1640MAP2488DAPI405_G20_F1.nd2,14
9,14189,2,0.06441609697653111,5.330448,856.6223754882812,12154615.0,0.7255073466529772,0.0,0.2614835717755213,True,,KI,G20,1,d7,Plate1,/Users/pmihack/claire/tmem_2026/data/cleaved_tmem_pld3_260821/d7/Z60_PLD_TMEMki/PLD3TMEM106B_Plate1_d7_TMEM561LAMP1640MAP2488DAPI405_G20_F1.nd2,14
10,20010,7,0.08095952023988005,2.6993828571428566,1178.7718505859375,23587224.0,2.803517658364338,0.0,0.3377890493793811,True,,KI,G20,1,d7,Plate1,/Users/pmihack/claire/tmem_2026/data/cleaved_tmem_pld3_260821/d7/Z60_PLD_TMEMki/PLD3TMEM106B_Plate1_d7_TMEM561LAMP1640MAP2488DAPI405_G20_F1.nd2,14
11,8287,10,0.057680704718233375,0.5575391999999999,1005.7754516601562,8334861.0,1.0430322763646904,0.0,0.33716735017952043,True,,KI,G20,1,d7,Plate1,/Users/pmihack/claire/tmem_2026/data/cleaved_tmem_pld3_260821/d7/Z60_PLD_TMEMki/PLD3TMEM106B_Plate1_d7_TMEM561LAMP1640MAP2488DAPI405_G20_F1.nd2,14
12,20479,3,0.002978661067434933,0.23716799999999996,105.15835571289062,2153538.0,1.0567882701115103,0.0,0.16051497111749075,True,,KI,G20,1,d7,Plate1,/Users/pmihack/claire/tmem_2026/data/cleaved_tmem_pld3_260821/d7/Z60_PLD_TMEMki/PLD3TMEM106B_Plate1_d7_TMEM561LAMP1640MAP2488DAPI405_G20_F1.nd2,14
13,7985,0,0.0,0.0,101.26324462890625,808587.0,,0.0,0.017662618570553273,True,,KI,G20,1,d7,Plate1,/Users/pmihack/claire/tmem_2026/data/cleaved_tmem_pld3_260821/d7/Z60_PLD_TMEMki/PLD3TMEM106B_Plate1_d7_TMEM561LAMP1640MAP2488DAPI405_G20_F1.nd2,14
14,9889,7,0.09313378501365153,1.534649142857143,1442.2315673828125,14262228.0,33.20608112575836,0.0,0.5050558684336588,True,,KI,G20,1,d7,Plate1,/Users/pmihack/claire/tmem_2026/data/cleaved_tmem_pld3_260821/d7/Z60_PLD_TMEMki/PLD3TMEM106B_Plate1_d7_TMEM561LAMP1640MAP2488DAPI405_G20_F1.nd2,14
15,19705,15,0.09307282415630551,1.4261183999999998,1527.7716064453125,30104740.0,3.0392044535152123,0.0,0.35221703647867375,True,,KI,G20,1,d7,Plate1,/Users/pmihack/claire/tmem_2026/data/cleaved_tmem_pld3_260821/d7/Z60_PLD_TMEMki/PLD3TMEM106B_Plate1_d7_TMEM561LAMP1640MAP2488DAPI405_G20_F1.nd2,14
16,22128,2,0.05870390455531453,7.575767999999999,749.1607666015625,16577430.0,13.976410167102838,0.0,0.46752685980622327,True,,KI,G20,1,d7,Plate1,/Users/pmihack/claire/tmem_2026/data/cleaved_tmem_pld3_260821/d7/Z60_PLD_TMEMki/PLD3TMEM106B_Plate1_d7_TMEM561LAMP1640MAP2488DAPI405_G20_F1.nd2,14
17,35014,3,0.052064888330382135,7.087823999999999,739.9461059570312,25908472.0,13.572509065478702,0.0,0.37164171981588917,False,border,KI,G20,1,d7,Plate1,/Users/pmihack/claire/tmem_2026/data/cleaved_tmem_pld3_260821/d7/Z60_PLD_TMEMki/PLD3TMEM106B_Plate1_d7_TMEM561LAMP1640MAP2488DAPI405_G20_F1.nd2,14
18,9036,4,0.1366755201416556,3.60126,1967.1396484375,17775074.0,15.76395021872581,0.0,0.23292236355692644,True,,KI,G20,1,d7,Plate1,/Users/pmihack/claire/tmem_2026/data/cleaved_tmem_pld3_260821/d7/Z60_PLD_TMEMki/PLD3TMEM106B_Plate1_d7_TMEM561LAMP1640MAP2488DAPI405_G20_F1.nd2,14
19,10081,2,0.0041662533478821545,0.24494399999999997,113.94405364990234,1148670.0,16.193663914827336,0.0,0.13624451435985166,True,,KI,G20,1,d7,Plate1,/Users/pmihack/claire/tmem_2026/data/cleaved_tmem_pld3_260821/d7/Z60_PLD_TMEMki/PLD3TMEM106B_Plate1_d7_TMEM561LAMP1640MAP2488DAPI405_G20_F1.nd2,14
1,16053,4,0.06951971594094562,3.254256,1087.652099609375,17460080.0,7.086665642337392,0.0,0.6108151486849142,True,,KI,G20,2,d7,Plate1,/Users/pmihack/claire/tmem_2026/data/cleaved_tmem_pld3_260821/d7/Z60_PLD_TMEMki/PLD3TMEM106B_Plate1_d7_TMEM561LAMP1640MAP2488DAPI405_G20_F2.nd2,11
2,30534,2,0.04830680552826357,8.6022,679.718994140625,20754540.0,8.230493720827363,0.0,0.28657307034374335,True,,KI,G20,2,d7,Plate1,/Users/pmihack/claire/tmem_2026/data/cleaved_tmem_pld3_260821/d7/Z60_PLD_TMEMki/PLD3TMEM106B_Plate1_d7_TMEM561LAMP1640MAP2488DAPI405_G20_F2.nd2,11
3,23846,3,0.09251027425983394,8.576928,1364.3236083984375,32533662.0,11.303186512553372,0.0,0.1455403953400583,True,,KI,G20,2,d7,Plate1,/Users/pmihack/claire/tmem_2026/data/cleaved_tmem_pld3_260821/d7/Z60_PLD_TMEMki/PLD3TMEM106B_Plate1_d7_TMEM561LAMP1640MAP2488DAPI405_G20_F2.nd2,11
4,32126,5,0.09363132665131046,7.0170623999999995,1614.37744140625,51863488.0,3.895641116445719,0.0,0.6113689439717175,True,,KI,G20,2,d7,Plate1,/Users/pmihack/claire/tmem_2026/data/cleaved_tmem_pld3_260821/d7/Z60_PLD_TMEMki/PLD3TMEM106B_Plate1_d7_TMEM561LAMP1640MAP2488DAPI405_G20_F2.nd2,11
5,14351,7,0.08326945857431538,1.9912114285714284,1327.849365234375,19055966.0,8.042080475587085,0.0,0.35375548731643647,True,,KI,G20,2,d7,Plate1,/Users/pmihack/claire/tmem_2026/data/cleaved_tmem_pld3_260821/d7/Z60_PLD_TMEMki/PLD3TMEM106B_Plate1_d7_TMEM561LAMP1640MAP2488DAPI405_G20_F2.nd2,11
6,7739,4,0.005943920403152862,0.13413599999999998,289.7093811035156,2242061.0,14.078199599830894,0.0,0.3215272753743725,True,,KI,G20,2,d7,Plate1,/Users/pmihack/claire/tmem_2026/data/cleaved_tmem_pld3_260821/d7/Z60_PLD_TMEMki/PLD3TMEM106B_Plate1_d7_TMEM561LAMP1640MAP2488DAPI405_G20_F2.nd2,11
7,14887,0,0.0,0.0,18.32672882080078,272830.0,,0.0,0.061323864877829995,True,,KI,G20,2,d7,Plate1,/Users/pmihack/claire/tmem_2026/data/cleaved_tmem_pld3_260821/d7/Z60_PLD_TMEMki/PLD3TMEM106B_Plate1_d7_TMEM561LAMP1640MAP2488DAPI405_G20_F2.nd2,11
8,6886,7,0.23148417078129538,2.6560594285714285,3309.789794921875,22791212.0,14.957206125515583,0.0,0.5127166495456047,True,,KI,G20,2,d7,Plate1,/Users/pmihack/claire/tmem_2026/data/cleaved_tmem_pld3_260821/d7/Z60_PLD_TMEMki/PLD3TMEM106B_Plate1_d7_TMEM561LAMP1640MAP2488DAPI405_G20_F2.nd2,11
9,13370,10,0.04928945400149588,0.7686576,1033.814453125,13822099.0,2.6530859612025224,0.0,0.11247837369214302,True,,KI,G20,2,d7,Plate1,/Users/pmihack/claire/tmem_2026/data/cleaved_tmem_pld3_260821/d7/Z60_PLD_TMEMki/PLD3TMEM106B_Plate1_d7_TMEM561LAMP1640MAP2488DAPI405_G20_F2.nd2,11
10,16881,7,0.059534387773236185,1.6746171428571428,950.9304809570312,16052657.0,2.0488202394027843,0.0,0.5921187794983639,True,,KI,G20,2,d7,Plate1,/Users/pmihack/claire/tmem_2026/data/cleaved_tmem_pld3_260821/d7/Z60_PLD_TMEMki/PLD3TMEM106B_Plate1_d7_TMEM561LAMP1640MAP2488DAPI405_G20_F2.nd2,11
11,8188,5,0.2659990229604299,5.0808384,4185.58203125,34271544.0,19.833471919482584,0.0,0.6794035826835755,True,,KI,G20,2,d7,Plate1,/Users/pmihack/claire/tmem_2026/data/cleaved_tmem_pld3_260821/d7/Z60_PLD_TMEMki/PLD3TMEM106B_Plate1_d7_TMEM561LAMP1640MAP2488DAPI405_G20_F2.nd2,11
12,5729,3,0.009425728748472683,0.20995199999999997,337.3653259277344,1932766.0,24.774608526097467,0.0,-0.04977870210496977,True,,KI,G20,2,d7,Plate1,/Users/pmihack/claire/tmem_2026/data/cleaved_tmem_pld3_260821/d7/Z60_PLD_TMEMki/PLD3TMEM106B_Plate1_d7_TMEM561LAMP1640MAP2488DAPI405_G20_F2.nd2,11
13,27979,16,0.07276886236105651,1.484244,1214.981201171875,33993960.0,5.07697819691397,0.0,0.20882962550915954,True,,KI,G20,2,d7,Plate1,/Users/pmihack/claire/tmem_2026/data/cleaved_tmem_pld3_260821/d7/Z60_PLD_TMEMki/PLD3TMEM106B_Plate1_d7_TMEM561LAMP1640MAP2488DAPI405_G20_F2.nd2,11
14,48,0,0.0,0.0,74.10416412353516,3557.0,,0.0,0.013888661152987052,False,size_outlier,KI,G20,2,d7,Plate1,/Users/pmihack/claire/tmem_2026/data/cleaved_tmem_pld3_260821/d7/Z60_PLD_TMEMki/PLD3TMEM106B_Plate1_d7_TMEM561LAMP1640MAP2488DAPI405_G20_F2.nd2,11
15,21274,3,0.05936824292563693,4.910544,962.086669921875,20467432.0,10.568248931025973,0.0,0.6018018611827722,True,,KI,G20,2,d7,Plate1,/Users/pmihack/claire/tmem_2026/data/cleaved_tmem_pld3_260821/d7/Z60_PLD_TMEMki/PLD3TMEM106B_Plate1_d7_TMEM561LAMP1640MAP2488DAPI405_G20_F2.nd2,11
16,9232,1,0.06910745233968804,7.441631999999999,1131.2747802734375,10443929.0,9.630290815857414,0.0,0.48576352894091457,True,,KI,G20,2,d7,Plate1,/Users/pmihack/claire/tmem_2026/data/cleaved_tmem_pld3_260821/d7/Z60_PLD_TMEMki/PLD3TMEM106B_Plate1_d7_TMEM561LAMP1640MAP2488DAPI405_G20_F2.nd2,11
17,36019,8,0.018406951886504343,0.9666539999999999,412.3617858886719,14852859.0,11.93955052980479,0.0,0.5925929683735437,True,,KI,G20,2,d7,Plate1,/Users/pmihack/claire/tmem_2026/data/cleaved_tmem_pld3_260821/d7/Z60_PLD_TMEMki/PLD3TMEM106B_Plate1_d7_TMEM561LAMP1640MAP2488DAPI405_G20_F2.nd2,11
18,5372,1,0.0005584512285927029,0.034991999999999995,91.63867950439453,492283.0,43.62777910574647,0.0,0.2813951846492186,True,,KI,G20,2,d7,Plate1,/Users/pmihack/claire/tmem_2026/data/cleaved_tmem_pld3_260821/d7/Z60_PLD_TMEMki/PLD3TMEM106B_Plate1_d7_TMEM561LAMP1640MAP2488DAPI405_G20_F2.nd2,11
19,24416,4,0.07622051114023591,5.426676,1215.233154296875,29671134.0,8.256717177434693,0.0,0.45381156797818184,True,,KI,G20,2,d7,Plate1,/Users/pmihack/claire/tmem_2026/data/cleaved_tmem_pld3_260821/d7/Z60_PLD_TMEMki/PLD3TMEM106B_Plate1_d7_TMEM561LAMP1640MAP2488DAPI405_G20_F2.nd2,11
20,19653,2,0.07754541291405892,8.887967999999999,1189.297607421875,23373266.0,18.31999843428231,0.0,0.6571288168230891,True,,KI,G20,2,d7,Plate1,/Users/pmihack/claire/tmem_2026/data/cleaved_tmem_pld3_260821/d7/Z60_PLD_TMEMki/PLD3TMEM106B_Plate1_d7_TMEM561LAMP1640MAP2488DAPI405_G20_F2.nd2,11
21,10139,6,0.20297859749482197,4.000751999999999,2907.711669921875,29481288.0,16.416596681988,0.0,0.4391022606040554,True,,KI,G20,2,d7,Plate1,/Users/pmihack/claire/tmem_2026/data/cleaved_tmem_pld3_260821/d7/Z60_PLD_TMEMki/PLD3TMEM106B_Plate1_d7_TMEM561LAMP1640MAP2488DAPI405_G20_F2.nd2,11
1,2323,0,0.0,0.0,180.4214324951172,419119.0,,0.0,0.34038517645588373,True,,KI,G20,3,d7,Plate1,/Users/pmihack/claire/tmem_2026/data/cleaved_tmem_pld3_260821/d7/Z60_PLD_TMEMki/PLD3TMEM106B_Plate1_d7_TMEM561LAMP1640MAP2488DAPI405_G20_F3.nd2,16
2,20251,9,0.05565157276183892,1.460592,1101.9722900390625,22316040.0,13.304886510611764,0.0,0.2420591130798633,True,,KI,G20,3,d7,Plate1,/Users/pmihack/claire/tmem_2026/data/cleaved_tmem_pld3_260821/d7/Z60_PLD_TMEMki/PLD3TMEM106B_Plate1_d7_TMEM561LAMP1640MAP2488DAPI405_G20_F3.nd2,16
3,7093,0,0.0,0.0,34.95389938354492,247928.0,,0.0,0.32768618573439884,True,,KI,G20,3,d7,Plate1,/Users/pmihack/claire/tmem_2026/data/cleaved_tmem_pld3_260821/d7/Z60_PLD_TMEMki/PLD3TMEM106B_Plate1_d7_TMEM561LAMP1640MAP2488DAPI405_G20_F3.nd2,16
4,5914,4,0.016401758539059858,0.282852,506.95147705078125,2998111.0,0.9247897423091387,0.0,0.23907071823626672,True,,KI,G20,3,d7,Plate1,/Users/pmihack/claire/tmem_2026/data/cleaved_tmem_pld3_260821/d7/Z60_PLD_TMEMki/PLD3TMEM106B_Plate1_d7_TMEM561LAMP1640MAP2488DAPI405_G20_F3.nd2,16
5,28194,8,0.03163793714974817,1.300536,638.2260131835938,17994144.0,11.448656718727397,0.0,0.24720976125257557,True,,KI,G20,3,d7,Plate1,/Users/pmihack/claire/tmem_2026/data/cleaved_tmem_pld3_260821/d7/Z60_PLD_TMEMki/PLD3TMEM106B_Plate1_d7_TMEM561LAMP1640MAP2488DAPI405_G20_F3.nd2,16
6,6976,4,0.12098623853211009,2.4611039999999997,1825.857666015625,12737183.0,12.859261804774246,0.0016522491350769997,0.30123100460070706,True,,KI,G20,3,d7,Plate1,/Users/pmihack/claire/tmem_2026/data/cleaved_tmem_pld3_260821/d7/Z60_PLD_TMEMki/PLD3TMEM106B_Plate1_d7_TMEM561LAMP1640MAP2488DAPI405_G20_F3.nd2,16
7,11267,3,0.11822135439779888,5.178815999999999,1822.4217529296875,20533226.0,20.51289641447902,0.0,0.39952816600586777,True,,KI,G20,3,d7,Plate1,/Users/pmihack/claire/tmem_2026/data/cleaved_tmem_pld3_260821/d7/Z60_PLD_TMEMki/PLD3TMEM106B_Plate1_d7_TMEM561LAMP1640MAP2488DAPI405_G20_F3.nd2,16
8,12132,10,0.04376854599406528,0.6193584,951.2293701171875,11540315.0,10.529193354265352,0.0,0.3935309268802681,True,,KI,G20,3,d7,Plate1,/Users/pmihack/claire/tmem_2026/data/cleaved_tmem_pld3_260821/d7/Z60_PLD_TMEMki/PLD3TMEM106B_Plate1_d7_TMEM561LAMP1640MAP2488DAPI405_G20_F3.nd2,16
9,22736,10,0.10226073187895848,2.71188,1664.4683837890625,37843352.0,4.065908326435368,0.0,0.41024455503187707,True,,KI,G20,3,d7,Plate1,/Users/pmihack/claire/tmem_2026/data/cleaved_tmem_pld3_260821/d7/Z60_PLD_TMEMki/PLD3TMEM106B_Plate1_d7_TMEM561LAMP1640MAP2488DAPI405_G20_F3.nd2,16
10,9653,3,0.11861597430850512,4.45176,2245.961181640625,21680264.0,7.876356609350377,0.0,0.1961129433026759,True,,KI,G20,3,d7,Plate1,/Users/pmihack/claire/tmem_2026/data/cleaved_tmem_pld3_260821/d7/Z60_PLD_TMEMki/PLD3TMEM106B_Plate1_d7_TMEM561LAMP1640MAP2488DAPI405_G20_F3.nd2,16
11,26725,7,0.10054256314312442,4.477309714285713,2110.79833984375,56411084.0,7.932525771124661,0.0,0.3200783763733468,True,,KI,G20,3,d7,Plate1,/Users/pmihack/claire/tmem_2026/data/cleaved_tmem_pld3_260821/d7/Z60_PLD_TMEMki/PLD3TMEM106B_Plate1_d7_TMEM561LAMP1640MAP2488DAPI405_G20_F3.nd2,16
12,6824,3,0.15650644783118406,4.152384,2653.816650390625,18109644.0,13.028886157379015,0.0,0.33483245346368407,True,,KI,G20,3,d7,Plate1,/Users/pmihack/claire/tmem_2026/data/cleaved_tmem_pld3_260821/d7/Z60_PLD_TMEMki/PLD3TMEM106B_Plate1_d7_TMEM561LAMP1640MAP2488DAPI405_G20_F3.nd2,16
13,9001,4,0.10865459393400734,2.851848,1640.3419189453125,14764718.0,12.881917897838305,0.0,0.400671127426585,True,,KI,G20,3,d7,Plate1,/Users/pmihack/claire/tmem_2026/data/cleaved_tmem_pld3_260821/d7/Z60_PLD_TMEMki/PLD3TMEM106B_Plate1_d7_TMEM561LAMP1640MAP2488DAPI405_G20_F3.nd2,16
14,7145,0,0.0,0.0,8.45500373840332,60411.0,,0.0,0.06006748304297584,False,abnormal_nucleus,KI,G20,3,d7,Plate1,/Users/pmihack/claire/tmem_2026/data/cleaved_tmem_pld3_260821/d7/Z60_PLD_TMEMki/PLD3TMEM106B_Plate1_d7_TMEM561LAMP1640MAP2488DAPI405_G20_F3.nd2,16
1,5078,0,0.0,0.0,112.64651489257812,572019.0,,0.0,0.1206634682019606,True,,KI,G20,4,d7,Plate1,/Users/pmihack/claire/tmem_2026/data/cleaved_tmem_pld3_260821/d7/Z60_PLD_TMEMki/PLD3TMEM106B_Plate1_d7_TMEM561LAMP1640MAP2488DAPI405_G20_F4.nd2,14
2,12036,4,0.03979727484214025,1.396764,644.262451171875,7754343.0,30.458834803136693,0.0,0.4539515749570144,True,,KI,G20,4,d7,Plate1,/Users/pmihack/claire/tmem_2026/data/cleaved_tmem_pld3_260821/d7/Z60_PLD_TMEMki/PLD3TMEM106B_Plate1_d7_TMEM561LAMP1640MAP2488DAPI405_G20_F4.nd2,14
3,36239,27,0.06661331714451282,1.0428479999999998,1180.2098388671875,42769624.0,2.307205485807156,0.0,0.34581387003660297,True,,KI,G20,4,d7,Plate1,/Users/pmihack/claire/tmem_2026/data/cleaved_tmem_pld3_260821/d7/Z60_PLD_TMEMki/PLD3TMEM106B_Plate1_d7_TMEM561LAMP1640MAP2488DAPI405_G20_F4.nd2,14
4,17984,3,0.06522464412811388,4.560624,1066.8560791015625,19186340.0,7.195854513261053,0.0,0.41847939075653906,True,,KI,G20,4,d7,Plate1,/Users/pmihack/claire/tmem_2026/data/cleaved_tmem_pld3_260821/d7/Z60_PLD_TMEMki/PLD3TMEM106B_Plate1_d7_TMEM561LAMP1640MAP2488DAPI405_G20_F4.nd2,14
5,13580,7,0.0687039764359352,1.5546445714285713,1191.3978271484375,16179182.0,12.131760154317629,0.0,0.35830590677435104,True,,KI,G20,4,d7,Plate1,/Users/pmihack/claire/tmem_2026/data/cleaved_tmem_pld3_260821/d7/Z60_PLD_TMEMki/PLD3TMEM106B_Plate1_d7_TMEM561LAMP1640MAP2488DAPI405_G20_F4.nd2,14
6,31357,7,0.09535350958318717,4.982194285714286,1990.947265625,62430132.0,9.958260320339969,0.0,0.14137129683700814,True,,KI,G20,4,d7,Plate1,/Users/pmihack/claire/tmem_2026/data/cleaved_tmem_pld3_260821/d7/Z60_PLD_TMEMki/PLD3TMEM106B_Plate1_d7_TMEM561LAMP1640MAP2488DAPI405_G20_F4.nd2,14
7,9378,5,0.19257837492002558,4.213036799999999,3373.81103515625,31639600.0,10.804709074528096,0.0,0.12635150525069735,True,,KI,G20,4,d7,Plate1,/Users/pmihack/claire/tmem_2026/data/cleaved_tmem_pld3_260821/d7/Z60_PLD_TMEMki/PLD3TMEM106B_Plate1_d7_TMEM561LAMP1640MAP2488DAPI405_G20_F4.nd2,14
8,26481,9,0.03326913636191987,1.141776,599.3150024414062,15870460.0,4.403903381803989,0.0,0.1962348953488509,True,,KI,G20,4,d7,Plate1,/Users/pmihack/claire/tmem_2026/data/cleaved_tmem_pld3_260821/d7/Z60_PLD_TMEMki/PLD3TMEM106B_Plate1_d7_TMEM561LAMP1640MAP2488DAPI405_G20_F4.nd2,14
9,19915,15,0.1004770273663068,1.5559775999999998,1581.444580078125,31494468.0,8.405775580173996,0.0,0.30642076065338336,True,,KI,G20,4,d7,Plate1,/Users/pmihack/claire/tmem_2026/data/cleaved_tmem_pld3_260821/d7/Z60_PLD_TMEMki/PLD3TMEM106B_Plate1_d7_TMEM561LAMP1640MAP2488DAPI405_G20_F4.nd2,14
10,27231,6,0.03316073592596673,1.7554319999999999,564.0831298828125,15360548.0,3.645507966252439,0.0,0.33899605566498103,True,,KI,G20,4,d7,Plate1,/Users/pmihack/claire/tmem_2026/data/cleaved_tmem_pld3_260821/d7/Z60_PLD_TMEMki/PLD3TMEM106B_Plate1_d7_TMEM561LAMP1640MAP2488DAPI405_G20_F4.nd2,14
11,11650,4,0.1065236051502146,3.618756,1738.2060546875,20250100.0,5.452968172956074,0.0,0.6376136250719984,True,,KI,G20,4,d7,Plate1,/Users/pmihack/claire/tmem_2026/data/cleaved_tmem_pld3_260821/d7/Z60_PLD_TMEMki/PLD3TMEM106B_Plate1_d7_TMEM561LAMP1640MAP2488DAPI405_G20_F4.nd2,14
12,22713,8,0.044511953506802274,1.474038,797.272216796875,18108444.0,8.92888591312232,0.0,0.15519573732840766,True,,KI,G20,4,d7,Plate1,/Users/pmihack/claire/tmem_2026/data/cleaved_tmem_pld3_260821/d7/Z60_PLD_TMEMki/PLD3TMEM106B_Plate1_d7_TMEM561LAMP1640MAP2488DAPI405_G20_F4.nd2,14
13,13093,5,0.11494691820056518,3.5108639999999998,1771.33740234375,23192120.0,10.039190732218062,0.0,0.2851307317426535,True,,KI,G20,4,d7,Plate1,/Users/pmihack/claire/tmem_2026/data/cleaved_tmem_pld3_260821/d7/Z60_PLD_TMEMki/PLD3TMEM106B_Plate1_d7_TMEM561LAMP1640MAP2488DAPI405_G20_F4.nd2,14
14,26780,5,0.06433905899925317,4.0194144,962.6963500976562,25781008.0,6.928756866076391,0.0,0.5201624236033512,True,,KI,G20,4,d7,Plate1,/Users/pmihack/claire/tmem_2026/data/cleaved_tmem_pld3_260821/d7/Z60_PLD_TMEMki/PLD3TMEM106B_Plate1_d7_TMEM561LAMP1640MAP2488DAPI405_G20_F4.nd2,14
15,24521,6,0.09016761143509645,4.298184,1665.298828125,40834792.0,3.2198985980628687,0.0,0.2942534277208724,True,,KI,G20,4,d7,Plate1,/Users/pmihack/claire/tmem_2026/data/cleaved_tmem_pld3_260821/d7/Z60_PLD_TMEMki/PLD3TMEM106B_Plate1_d7_TMEM561LAMP1640MAP2488DAPI405_G20_F4.nd2,14
16,10515,11,0.11050879695672848,1.2321425454545454,1800.845703125,18935892.0,19.284986437089046,0.0,0.25853383887697234,True,,KI,G20,4,d7,Plate1,/Users/pmihack/claire/tmem_2026/data/cleaved_tmem_pld3_260821/d7/Z60_PLD_TMEMki/PLD3TMEM106B_Plate1_d7_TMEM561LAMP1640MAP2488DAPI405_G20_F4.nd2,14
1,11983,8,0.14729199699574397,2.5733699999999997,2364.050048828125,28328412.0,0.9894703794314756,0.0,0.5493144129767289,True,,KI,H20,1,d7,Plate1,/Users/pmihack/claire/tmem_2026/data/cleaved_tmem_pld3_260821/d7/Z60_PLD_TMEMki/PLD3TMEM106B_Plate1_d7_TMEM561LAMP1640MAP2488DAPI405_H20_F1.nd2,16
2,16037,2,0.0010600486375257217,0.099144,47.371826171875,759702.0,5.314801249001362,0.0,0.19418627829262278,True,,KI,H20,1,d7,Plate1,/Users/pmihack/claire/tmem_2026/data/cleaved_tmem_pld3_260821/d7/Z60_PLD_TMEMki/PLD3TMEM106B_Plate1_d7_TMEM561LAMP1640MAP2488DAPI405_H20_F1.nd2,16
3,12723,10,0.10720741963373419,1.5909696,1315.0272216796875,16731091.0,18.667288676158552,0.0,0.5465367826557531,True,,KI,H20,1,d7,Plate1,/Users/pmihack/claire/tmem_2026/data/cleaved_tmem_pld3_260821/d7/Z60_PLD_TMEMki/PLD3TMEM106B_Plate1_d7_TMEM561LAMP1640MAP2488DAPI405_H20_F1.nd2,16
4,11559,2,0.22277013582489835,15.017399999999999,2384.8193359375,27566128.0,10.734271705575908,0.0,0.4175831121533776,True,,KI,H20,1,d7,Plate1,/Users/pmihack/claire/tmem_2026/data/cleaved_tmem_pld3_260821/d7/Z60_PLD_TMEMki/PLD3TMEM106B_Plate1_d7_TMEM561LAMP1640MAP2488DAPI405_H20_F1.nd2,16
5,17489,20,0.07953570815941449,0.8112311999999999,1000.965087890625,17505878.0,14.1061552398214,0.0,0.48227399132493115,True,,KI,H20,1,d7,Plate1,/Users/pmihack/claire/tmem_2026/data/cleaved_tmem_pld3_260821/d7/Z60_PLD_TMEMki/PLD3TMEM106B_Plate1_d7_TMEM561LAMP1640MAP2488DAPI405_H20_F1.nd2,16
6,11179,7,0.0868592897396905,1.6179634285714286,977.6942749023438,10929644.0,13.885897086669228,0.0,0.3347114165816573,True,,KI,H20,1,d7,Plate1,/Users/pmihack/claire/tmem_2026/data/cleaved_tmem_pld3_260821/d7/Z60_PLD_TMEMki/PLD3TMEM106B_Plate1_d7_TMEM561LAMP1640MAP2488DAPI405_H20_F1.nd2,16
7,22101,17,0.09519931224831456,1.4435915294117645,1010.576904296875,22334760.0,11.519844383877102,0.0,0.47111774734675804,True,,KI,H20,1,d7,Plate1,/Users/pmihack/claire/tmem_2026/data/cleaved_tmem_pld3_260821/d7/Z60_PLD_TMEMki/PLD3TMEM106B_Plate1_d7_TMEM561LAMP1640MAP2488DAPI405_H20_F1.nd2,16
8,29505,7,0.07720725300796476,3.795798857142857,740.0458374023438,21835052.0,10.3715217738014,0.0,0.5003848128103825,True,,KI,H20,1,d7,Plate1,/Users/pmihack/claire/tmem_2026/data/cleaved_tmem_pld3_260821/d7/Z60_PLD_TMEMki/PLD3TMEM106B_Plate1_d7_TMEM561LAMP1640MAP2488DAPI405_H20_F1.nd2,16
9,9443,6,0.19834798263263792,3.641112,2034.223876953125,19209176.0,23.670192959853477,4.581144094117917e-05,0.3063696237776314,True,,KI,H20,1,d7,Plate1,/Users/pmihack/claire/tmem_2026/data/cleaved_tmem_pld3_260821/d7/Z60_PLD_TMEMki/PLD3TMEM106B_Plate1_d7_TMEM561LAMP1640MAP2488DAPI405_H20_F1.nd2,16
10,20823,10,0.08029582673005811,1.9502207999999996,870.47900390625,18125984.0,9.777341964985661,0.007366275880485773,0.13574713901706592,True,,KI,H20,1,d7,Plate1,/Users/pmihack/claire/tmem_2026/data/cleaved_tmem_pld3_260821/d7/Z60_PLD_TMEMki/PLD3TMEM106B_Plate1_d7_TMEM561LAMP1640MAP2488DAPI405_H20_F1.nd2,16
11,18615,10,0.08374966424926135,1.8184175999999999,810.5851440429688,15089043.0,5.497625894550213,0.0,0.45877901131148324,True,,KI,H20,1,d7,Plate1,/Users/pmihack/claire/tmem_2026/data/cleaved_tmem_pld3_260821/d7/Z60_PLD_TMEMki/PLD3TMEM106B_Plate1_d7_TMEM561LAMP1640MAP2488DAPI405_H20_F1.nd2,16
12,23227,10,0.09273690102036423,2.5124256,909.430419921875,21123340.0,7.741928064383928,8.753350266488269e-05,0.5476649535199916,True,,KI,H20,1,d7,Plate1,/Users/pmihack/claire/tmem_2026/data/cleaved_tmem_pld3_260821/d7/Z60_PLD_TMEMki/PLD3TMEM106B_Plate1_d7_TMEM561LAMP1640MAP2488DAPI405_H20_F1.nd2,16
13,17356,11,0.04373127448720904,0.804816,569.8186645507812,9889773.0,11.06960394672616,0.00010556359484326094,0.013662024549118412,True,,KI,H20,1,d7,Plate1,/Users/pmihack/claire/tmem_2026/data/cleaved_tmem_pld3_260821/d7/Z60_PLD_TMEMki/PLD3TMEM106B_Plate1_d7_TMEM561LAMP1640MAP2488DAPI405_H20_F1.nd2,16
14,28597,15,0.03598279539811868,0.8001503999999998,551.3983764648438,15768340.0,9.560335352790636,2.726983211687184e-06,0.09591807253166047,True,,KI,H20,1,d7,Plate1,/Users/pmihack/claire/tmem_2026/data/cleaved_tmem_pld3_260821/d7/Z60_PLD_TMEMki/PLD3TMEM106B_Plate1_d7_TMEM561LAMP1640MAP2488DAPI405_H20_F1.nd2,16
1,10179,4,0.05865016209843796,1.7408519999999998,691.974853515625,7043612.0,1.467403032389263,0.0,0.2708602711385077,True,,KI,H20,2,d7,Plate1,/Users/pmihack/claire/tmem_2026/data/cleaved_tmem_pld3_260821/d7/Z60_PLD_TMEMki/PLD3TMEM106B_Plate1_d7_TMEM561LAMP1640MAP2488DAPI405_H20_F2.nd2,15
2,10404,8,0.08688965782391388,1.3180319999999999,903.0617065429688,9395454.0,0.6238270123233173,0.0,0.25953933254285927,False,border,KI,H20,2,d7,Plate1,/Users/pmihack/claire/tmem_2026/data/cleaved_tmem_pld3_260821/d7/Z60_PLD_TMEMki/PLD3TMEM106B_Plate1_d7_TMEM561LAMP1640MAP2488DAPI405_H20_F2.nd2,15
3,20956,4,0.07258064516129033,4.435236,709.5669555664062,14869685.0,16.565635023849183,0.0,0.36177234896066596,True,,KI,H20,2,d7,Plate1,/Users/pmihack/claire/tmem_2026/data/cleaved_tmem_pld3_260821/d7/Z60_PLD_TMEMki/PLD3TMEM106B_Plate1_d7_TMEM561LAMP1640MAP2488DAPI405_H20_F2.nd2,15
4,11253,2,0.06691548920287924,4.391496,658.5523681640625,7410690.0,8.943955372677474,0.0,0.35447215079742767,True,,KI,H20,2,d7,Plate1,/Users/pmihack/claire/tmem_2026/data/cleaved_tmem_pld3_260821/d7/Z60_PLD_TMEMki/PLD3TMEM106B_Plate1_d7_TMEM561LAMP1640MAP2488DAPI405_H20_F2.nd2,15
5,12373,6,0.14766022791562272,3.5516879999999995,1657.6484375,20510084.0,14.58786982051595,0.0,0.1826414784822949,True,,KI,H20,2,d7,Plate1,/Users/pmihack/claire/tmem_2026/data/cleaved_tmem_pld3_260821/d7/Z60_PLD_TMEMki/PLD3TMEM106B_Plate1_d7_TMEM561LAMP1640MAP2488DAPI405_H20_F2.nd2,15
6,11854,23,0.1080647882571284,0.6496340869565217,1258.061767578125,14913064.0,4.966917429798042,0.0,0.44039555124180385,True,,KI,H20,2,d7,Plate1,/Users/pmihack/claire/tmem_2026/data/cleaved_tmem_pld3_260821/d7/Z60_PLD_TMEMki/PLD3TMEM106B_Plate1_d7_TMEM561LAMP1640MAP2488DAPI405_H20_F2.nd2,15
7,17206,4,0.0024410089503661514,0.12247199999999998,85.88748168945312,1477780.0,7.335917318503821,0.0,0.09841402974465496,True,,KI,H20,2,d7,Plate1,/Users/pmihack/claire/tmem_2026/data/cleaved_tmem_pld3_260821/d7/Z60_PLD_TMEMki/PLD3TMEM106B_Plate1_d7_TMEM561LAMP1640MAP2488DAPI405_H20_F2.nd2,15
8,5163,8,0.2723222932403641,2.0499479999999997,2464.2216796875,12722777.0,39.00795883976173,0.0,0.34297330097229356,False,border,KI,H20,2,d7,Plate1,/Users/pmihack/claire/tmem_2026/data/cleaved_tmem_pld3_260821/d7/Z60_PLD_TMEMki/PLD3TMEM106B_Plate1_d7_TMEM561LAMP1640MAP2488DAPI405_H20_F2.nd2,15
9,12801,9,0.024685571439731272,0.409536,423.060546875,5415598.0,14.255264814446612,0.0,0.23997015850202924,True,,KI,H20,2,d7,Plate1,/Users/pmihack/claire/tmem_2026/data/cleaved_tmem_pld3_260821/d7/Z60_PLD_TMEMki/PLD3TMEM106B_Plate1_d7_TMEM561LAMP1640MAP2488DAPI405_H20_F2.nd2,15
10,9351,13,0.07763875521334616,0.6513895384615385,1041.9979248046875,9743723.0,7.92614372788532,0.0,0.5115969719760627,True,,KI,H20,2,d7,Plate1,/Users/pmihack/claire/tmem_2026/data/cleaved_tmem_pld3_260821/d7/Z60_PLD_TMEMki/PLD3TMEM106B_Plate1_d7_TMEM561LAMP1640MAP2488DAPI405_H20_F2.nd2,15
11,14076,5,0.06706450696220517,2.2021631999999998,663.7267456054688,9342618.0,22.853713397805834,0.0,0.1781937147046736,True,,KI,H20,2,d7,Plate1,/Users/pmihack/claire/tmem_2026/data/cleaved_tmem_pld3_260821/d7/Z60_PLD_TMEMki/PLD3TMEM106B_Plate1_d7_TMEM561LAMP1640MAP2488DAPI405_H20_F2.nd2,15
12,21391,13,0.07437707447057174,1.4274941538461539,784.4078369140625,16779268.0,16.99220699146582,0.0,0.4204566568427744,True,,KI,H20,2,d7,Plate1,/Users/pmihack/claire/tmem_2026/data/cleaved_tmem_pld3_260821/d7/Z60_PLD_TMEMki/PLD3TMEM106B_Plate1_d7_TMEM561LAMP1640MAP2488DAPI405_H20_F2.nd2,15
13,9523,0,0.0,0.0,21.686967849731445,206525.0,,0.0,0.22572617187926433,True,,KI,H20,2,d7,Plate1,/Users/pmihack/claire/tmem_2026/data/cleaved_tmem_pld3_260821/d7/Z60_PLD_TMEMki/PLD3TMEM106B_Plate1_d7_TMEM561LAMP1640MAP2488DAPI405_H20_F2.nd2,15
14,15531,16,0.029553795634537378,0.334611,695.1692504882812,10796674.0,11.333700546785531,0.0,0.19595218989111546,True,,KI,H20,2,d7,Plate1,/Users/pmihack/claire/tmem_2026/data/cleaved_tmem_pld3_260821/d7/Z60_PLD_TMEMki/PLD3TMEM106B_Plate1_d7_TMEM561LAMP1640MAP2488DAPI405_H20_F2.nd2,15
15,20138,6,0.03436289601747939,1.3452479999999998,386.57781982421875,7784904.0,13.03880967479456,0.0,0.4510423564597691,True,,KI,H20,2,d7,Plate1,/Users/pmihack/claire/tmem_2026/data/cleaved_tmem_pld3_260821/d7/Z60_PLD_TMEMki/PLD3TMEM106B_Plate1_d7_TMEM561LAMP1640MAP2488DAPI405_H20_F2.nd2,15
1,14765,2,0.02966474771418896,2.554416,230.8231658935547,3408104.0,0.3823457216105983,0.36466726660728455,0.6846751213758895,True,,KI,H20,3,d7,Plate1,/Users/pmihack/claire/tmem_2026/data/cleaved_tmem_pld3_260821/d7/Z60_PLD_TMEMki/PLD3TMEM106B_Plate1_d7_TMEM561LAMP1640MAP2488DAPI405_H20_F3.nd2,10
2,12206,0,0.0,0.0,14.53096866607666,177365.0,,0.0,0.030008465544557574,True,,KI,H20,3,d7,Plate1,/Users/pmihack/claire/tmem_2026/data/cleaved_tmem_pld3_260821/d7/Z60_PLD_TMEMki/PLD3TMEM106B_Plate1_d7_TMEM561LAMP1640MAP2488DAPI405_H20_F3.nd2,10
3,18150,8,0.011515151515151515,0.304722,118.80033111572266,2156226.0,1.0454378935178776,0.0,0.2527516498597902,True,,KI,H20,3,d7,Plate1,/Users/pmihack/claire/tmem_2026/data/cleaved_tmem_pld3_260821/d7/Z60_PLD_TMEMki/PLD3TMEM106B_Plate1_d7_TMEM561LAMP1640MAP2488DAPI405_H20_F3.nd2,10
4,14288,5,0.0604003359462486,2.0132063999999996,320.3532409667969,4577207.0,1.4783650085865934,6.554215360665694e-05,0.16003898703944175,True,,KI,H20,3,d7,Plate1,/Users/pmihack/claire/tmem_2026/data/cleaved_tmem_pld3_260821/d7/Z60_PLD_TMEMki/PLD3TMEM106B_Plate1_d7_TMEM561LAMP1640MAP2488DAPI405_H20_F3.nd2,10
5,13599,3,0.0013236267372600927,0.06998399999999999,117.74976348876953,1601279.0,0.8255927872648038,0.0,0.39011329799921457,True,,KI,H20,3,d7,Plate1,/Users/pmihack/claire/tmem_2026/data/cleaved_tmem_pld3_260821/d7/Z60_PLD_TMEMki/PLD3TMEM106B_Plate1_d7_TMEM561LAMP1640MAP2488DAPI405_H20_F3.nd2,10
6,17714,1,0.00016935757028339166,0.034991999999999995,48.949134826660156,867085.0,0.9928097663807566,0.0,0.17529167296652923,True,,KI,H20,3,d7,Plate1,/Users/pmihack/claire/tmem_2026/data/cleaved_tmem_pld3_260821/d7/Z60_PLD_TMEMki/PLD3TMEM106B_Plate1_d7_TMEM561LAMP1640MAP2488DAPI405_H20_F3.nd2,10
7,18981,5,0.05005005005005005,2.21616,265.6705627441406,5042693.0,0.8362262449541675,0.0,0.3722873030921184,True,,KI,H20,3,d7,Plate1,/Users/pmihack/claire/tmem_2026/data/cleaved_tmem_pld3_260821/d7/Z60_PLD_TMEMki/PLD3TMEM106B_Plate1_d7_TMEM561LAMP1640MAP2488DAPI405_H20_F3.nd2,10
8,25588,5,0.014928872909176176,0.8911296,117.72381591796875,3012317.0,0.8046829680071548,0.0,0.36602827232713026,True,,KI,H20,3,d7,Plate1,/Users/pmihack/claire/tmem_2026/data/cleaved_tmem_pld3_260821/d7/Z60_PLD_TMEMki/PLD3TMEM106B_Plate1_d7_TMEM561LAMP1640MAP2488DAPI405_H20_F3.nd2,10
9,23758,2,0.0021045542554087044,0.29159999999999997,68.8685073852539,1636178.0,0.8426182066849031,0.0,0.14719610380004833,True,,KI,H20,3,d7,Plate1,/Users/pmihack/claire/tmem_2026/data/cleaved_tmem_pld3_260821/d7/Z60_PLD_TMEMki/PLD3TMEM106B_Plate1_d7_TMEM561LAMP1640MAP2488DAPI405_H20_F3.nd2,10
10,11308,5,0.005748142907675982,0.151632,207.83807373046875,2350233.0,0.8791529756137777,0.0,0.36687408252663645,True,,KI,H20,3,d7,Plate1,/Users/pmihack/claire/tmem_2026/data/cleaved_tmem_pld3_260821/d7/Z60_PLD_TMEMki/PLD3TMEM106B_Plate1_d7_TMEM561LAMP1640MAP2488DAPI405_H20_F3.nd2,10
11,10473,2,0.0019096724911677647,0.11664,124.84503173828125,1307502.0,1.078504896750924,0.0,0.14755935740067147,True,,KI,H20,3,d7,Plate1,/Users/pmihack/claire/tmem_2026/data/cleaved_tmem_pld3_260821/d7/Z60_PLD_TMEMki/PLD3TMEM106B_Plate1_d7_TMEM561LAMP1640MAP2488DAPI405_H20_F3.nd2,10
1,6717,0,0.0,0.0,119.95176696777344,805716.0,,0.0003661339869722724,0.037260651035220596,True,,KI,H20,4,d7,Plate1,/Users/pmihack/claire/tmem_2026/data/cleaved_tmem_pld3_260821/d7/Z60_PLD_TMEMki/PLD3TMEM106B_Plate1_d7_TMEM561LAMP1640MAP2488DAPI405_H20_F4.nd2,13
2,6137,1,0.001955352778230406,0.13996799999999998,419.9288024902344,2577103.0,1.17646743549352,0.0,0.46385178513532843,True,,KI,H20,4,d7,Plate1,/Users/pmihack/claire/tmem_2026/data/cleaved_tmem_pld3_260821/d7/Z60_PLD_TMEMki/PLD3TMEM106B_Plate1_d7_TMEM561LAMP1640MAP2488DAPI405_H20_F4.nd2,13
3,11796,5,0.037555103424889796,1.0334303999999999,437.796875,5164252.0,10.088461194503797,0.0,0.08968972766677565,True,,KI,H20,4,d7,Plate1,/Users/pmihack/claire/tmem_2026/data/cleaved_tmem_pld3_260821/d7/Z60_PLD_TMEMki/PLD3TMEM106B_Plate1_d7_TMEM561LAMP1640MAP2488DAPI405_H20_F4.nd2,13
4,15320,7,0.011422976501305483,0.29159999999999997,506.07220458984375,7753026.0,10.830350657567076,0.0,0.5333057703753673,True,,KI,H20,4,d7,Plate1,/Users/pmihack/claire/tmem_2026/data/cleaved_tmem_pld3_260821/d7/Z60_PLD_TMEMki/PLD3TMEM106B_Plate1_d7_TMEM561LAMP1640MAP2488DAPI405_H20_F4.nd2,13
5,11879,7,0.023739372001010187,0.4698925714285714,378.9544677734375,4501600.0,14.312729977502016,0.0,0.3126319128531629,True,,KI,H20,4,d7,Plate1,/Users/pmihack/claire/tmem_2026/data/cleaved_tmem_pld3_260821/d7/Z60_PLD_TMEMki/PLD3TMEM106B_Plate1_d7_TMEM561LAMP1640MAP2488DAPI405_H20_F4.nd2,13
6,18441,5,0.05547421506425899,2.3864544,640.2886962890625,11807564.0,4.2070667386885905,5.403316026786342e-05,0.029602575117235776,True,,KI,H20,4,d7,Plate1,/Users/pmihack/claire/tmem_2026/data/cleaved_tmem_pld3_260821/d7/Z60_PLD_TMEMki/PLD3TMEM106B_Plate1_d7_TMEM561LAMP1640MAP2488DAPI405_H20_F4.nd2,13
7,15862,15,0.014563106796116505,0.1796256,466.30859375,7396587.0,4.342047554541869,0.0,0.43316857145367366,True,,KI,H20,4,d7,Plate1,/Users/pmihack/claire/tmem_2026/data/cleaved_tmem_pld3_260821/d7/Z60_PLD_TMEMki/PLD3TMEM106B_Plate1_d7_TMEM561LAMP1640MAP2488DAPI405_H20_F4.nd2,13
8,7532,4,0.04965480616038237,1.090584,716.7219848632812,5398350.0,7.940850669050292,0.0,0.05793934310092794,True,,KI,H20,4,d7,Plate1,/Users/pmihack/claire/tmem_2026/data/cleaved_tmem_pld3_260821/d7/Z60_PLD_TMEMki/PLD3TMEM106B_Plate1_d7_TMEM561LAMP1640MAP2488DAPI405_H20_F4.nd2,13
9,11332,5,0.10342393222732087,2.7340416,1063.10400390625,12047094.0,2.7683202006996983,0.0,0.2887240358823684,True,,KI,H20,4,d7,Plate1,/Users/pmihack/claire/tmem_2026/data/cleaved_tmem_pld3_260821/d7/Z60_PLD_TMEMki/PLD3TMEM106B_Plate1_d7_TMEM561LAMP1640MAP2488DAPI405_H20_F4.nd2,13
10,10731,0,0.0,0.0,38.3651123046875,411696.0,,0.0,0.10644772300804183,True,,KI,H20,4,d7,Plate1,/Users/pmihack/claire/tmem_2026/data/cleaved_tmem_pld3_260821/d7/Z60_PLD_TMEMki/PLD3TMEM106B_Plate1_d7_TMEM561LAMP1640MAP2488DAPI405_H20_F4.nd2,13
11,9638,1,0.00031126789790412947,0.034991999999999995,118.47053527832031,1141819.0,7.5640017395388375,0.0,-0.00873186150417691,True,,KI,H20,4,d7,Plate1,/Users/pmihack/claire/tmem_2026/data/cleaved_tmem_pld3_260821/d7/Z60_PLD_TMEMki/PLD3TMEM106B_Plate1_d7_TMEM561LAMP1640MAP2488DAPI405_H20_F4.nd2,13
12,12559,16,0.08487936937654272,0.777114,994.4901733398438,12489802.0,16.018320116906533,6.40522557660006e-06,0.2396721641456352,True,,KI,H20,4,d7,Plate1,/Users/pmihack/claire/tmem_2026/data/cleaved_tmem_pld3_260821/d7/Z60_PLD_TMEMki/PLD3TMEM106B_Plate1_d7_TMEM561LAMP1640MAP2488DAPI405_H20_F4.nd2,13
13,10249,2,0.0015611279149185286,0.09331199999999999,69.85794067382812,715974.0,14.88200156220235,0.0,0.08486262789083489,True,,KI,H20,4,d7,Plate1,/Users/pmihack/claire/tmem_2026/data/cleaved_tmem_pld3_260821/d7/Z60_PLD_TMEMki/PLD3TMEM106B_Plate1_d7_TMEM561LAMP1640MAP2488DAPI405_H20_F4.nd2,13
14,6127,8,0.01991186551330178,0.17787599999999998,711.8330078125,4361401.0,42.51310422413347,0.0,0.5960600557650024,True,,KI,H20,4,d7,Plate1,/Users/pmihack/claire/tmem_2026/data/cleaved_tmem_pld3_260821/d7/Z60_PLD_TMEMki/PLD3TMEM106B_Plate1_d7_TMEM561LAMP1640MAP2488DAPI405_H20_F4.nd2,13
15,14372,5,0.08196493181185639,2.7480383999999995,915.5550537109375,13158357.0,15.332335557322548,0.0,0.1541251831255921,True,,KI,H20,4,d7,Plate1,/Users/pmihack/claire/tmem_2026/data/cleaved_tmem_pld3_260821/d7/Z60_PLD_TMEMki/PLD3TMEM106B_Plate1_d7_TMEM561LAMP1640MAP2488DAPI405_H20_F4.nd2,13
16,13080,10,0.045871559633027525,0.6998399999999999,611.7927856445312,8002250.0,15.59281396662396,0.0,0.20442281549108388,True,,KI,H20,4,d7,Plate1,/Users/pmihack/claire/tmem_2026/data/cleaved_tmem_pld3_260821/d7/Z60_PLD_TMEMki/PLD3TMEM106B_Plate1_d7_TMEM561LAMP1640MAP2488DAPI405_H20_F4.nd2,13
17,9584,7,0.013042570951585977,0.20828571428571427,639.969970703125,6133472.0,19.637844153511598,0.0,0.34078331792132055,True,,KI,H20,4,d7,Plate1,/Users/pmihack/claire/tmem_2026/data/cleaved_tmem_pld3_260821/d7/Z60_PLD_TMEMki/PLD3TMEM106B_Plate1_d7_TMEM561LAMP1640MAP2488DAPI405_H20_F4.nd2,13
18,5144,0,0.0,0.0,22.262052536010742,114516.0,,0.0,0.011609886270297328,True,,KI,H20,4,d7,Plate1,/Users/pmihack/claire/tmem_2026/data/cleaved_tmem_pld3_260821/d7/Z60_PLD_TMEMki/PLD3TMEM106B_Plate1_d7_TMEM561LAMP1640MAP2488DAPI405_H20_F4.nd2,13
19,8188,7,0.07791890571568148,1.0630902857142857,986.8843383789062,8080609.0,15.651039650012414,0.0,0.3791849537578402,True,,KI,H20,4,d7,Plate1,/Users/pmihack/claire/tmem_2026/data/cleaved_tmem_pld3_260821/d7/Z60_PLD_TMEMki/PLD3TMEM106B_Plate1_d7_TMEM561LAMP1640MAP2488DAPI405_H20_F4.nd2,13
20,10017,2,0.0012977937506239393,0.075816,48.541080474853516,486236.0,16.74143010428191,0.0,-0.0265066395975938,True,,KI,H20,4,d7,Plate1,/Users/pmihack/claire/tmem_2026/data/cleaved_tmem_pld3_260821/d7/Z60_PLD_TMEMki/PLD3TMEM106B_Plate1_d7_TMEM561LAMP1640MAP2488DAPI405_H20_F4.nd2,13
21,15366,16,0.03722504230118443,0.41698799999999997,679.3775634765625,10439316.0,12.622023681952848,0.0,0.21505776891096978,True,,KI,H20,4,d7,Plate1,/Users/pmihack/claire/tmem_2026/data/cleaved_tmem_pld3_260821/d7/Z60_PLD_TMEMki/PLD3TMEM106B_Plate1_d7_TMEM561LAMP1640MAP2488DAPI405_H20_F4.nd2,13
