well,condition,days_included,review_or_exclude_days,registered_full_stack,registered_common_overlap_stack,registration_qc_csv,registration_qc_montage,full_shape_tcyx,common_overlap_shape_tcyx,full_height,full_width,overlap_height,overlap_width,full_area_pixels,overlap_area_pixels,retained_fraction,retained_percent,overlap_crop_y_start_registered,overlap_crop_y_stop_registered,overlap_crop_x_start_registered,overlap_crop_x_stop_registered,original_pixel_traceability,registration_shift_summary,registration_qc_table,large_shift_days,max_shift_magnitude,min_day_overlap_fraction,qc_status,overlap_warning,black_border_edge_regions_removed,output_level,recommended_use,alignment_qc_category,manual_alignment_review,pseudo_fov_alignment_review,roi_metrics_source,roi_metrics_overlap_only,roi_count,dashboard_overlap_previews_dir,dashboard_roi_previews_dir
E15,PLD3_mCherry_reporter_control,8|12|16|20|25|29|32|36|39,16|20|25|29|32|36|39,Large microscopy file stored locally/shared drive,LOCAL_PROCESSED_OUTPUT/full_mcherry_valid_queue_abc/wells/E15/qc/E15_registration_qc.csv,LOCAL_PROCESSED_OUTPUT/full_mcherry_valid_queue_abc/wells/E15/qc/E15_registration_qc_montage.png,9x3x2868x2868,9x3x1884x74,2868,2868,1884,74,8225424,139416,0.016949399812094795,1.6949399812094794,982,2866,1372,1446,Overlap crop is stored in registered-frame coordinates. Per-day original-space mapping requires applying the inverse registration shift for each day.,"day8:dy=0.0,dx=0.0|day12:dy=0.0,dx=491.3|day16:dy=0.0,dx=-586.3|day20:dy=0.0,dx=-1248.5|day25:dy=0.0,dx=1371.9|day29:dy=981.7,dx=0.0|day32:dy=0.0,dx=-928.2|day36:dy=-1.1,dx=-1100.5|day39:dy=0.0,dx=-1421.3","[{'day': 8, 'dy': 0.0, 'dx': 0.0, 'shift_magnitude': 0.0, 'overlap_fraction': 1.0, 'large_shift': False, 'max_shift_exceeded': False, 'qc_pass': True, 'registration_channel': '488nm Binned', 'qc_note': 'reference_timepoint'}, {'day': 12, 'dy': 0.0, 'dx': 491.2999877929688, 'shift_magnitude': 491.2999877929688, 'overlap_fraction': 0.8286959596258826, 'large_shift': False, 'max_shift_exceeded': False, 'qc_pass': True, 'registration_channel': '488nm Binned', 'qc_note': 'phase_cross_correlation_on_stable_channel'}, {'day': 16, 'dy': 0.0, 'dx': -586.2999877929688, 'shift_magnitude': 586.2999877929688, 'overlap_fraction': 0.7955718313134698, 'large_shift': True, 'max_shift_exceeded': False, 'qc_pass': False, 'registration_channel': '488nm Binned', 'qc_note': 'phase_cross_correlation_on_stable_channel'}, {'day': 20, 'dy': 0.0, 'dx': -1248.5, 'shift_magnitude': 1248.5, 'overlap_fraction': 0.564679218967922, 'large_shift': True, 'max_shift_exceeded': True, 'qc_pass': False, 'registration_channel': '488nm Binned', 'qc_note': 'phase_cross_correlation_on_stable_channel;shift_exceeds_max_shift_pixels'}, {'day': 25, 'dy': 0.0, 'dx': 1371.9000244140625, 'shift_magnitude': 1371.9000244140625, 'overlap_fraction': 0.5216527111526978, 'large_shift': True, 'max_shift_exceeded': True, 'qc_pass': False, 'registration_channel': '488nm Binned', 'qc_note': 'phase_cross_correlation_on_stable_channel;shift_exceeds_max_shift_pixels'}, {'day': 29, 'dy': 981.7000122070312, 'dx': 0.0, 'shift_magnitude': 981.7000122070312, 'overlap_fraction': 0.6577057140142848, 'large_shift': True, 'max_shift_exceeded': False, 'qc_pass': False, 'registration_channel': '488nm Binned', 'qc_note': 'phase_cross_correlation_on_stable_channel'}, {'day': 32, 'dy': 0.0, 'dx': -928.2000122070312, 'shift_magnitude': 928.2000122070312, 'overlap_fraction': 0.6763598283796962, 'large_shift': True, 'max_shift_exceeded': False, 'qc_pass': False, 'registration_channel': '488nm Binned', 'qc_note': 'phase_cross_correlation_on_stable_channel'}, {'day': 36, 'dy': -1.100000023841858, 'dx': -1100.5, 'shift_magnitude': 1100.5005497500001, 'overlap_fraction': 0.6160467533294162, 'large_shift': True, 'max_shift_exceeded': False, 'qc_pass': False, 'registration_channel': '488nm Binned', 'qc_note': 'phase_cross_correlation_on_stable_channel'}, {'day': 39, 'dy': 0.0, 'dx': -1421.300048828125, 'shift_magnitude': 1421.300048828125, 'overlap_fraction': 0.5044281559176691, 'large_shift': True, 'max_shift_exceeded': True, 'qc_pass': False, 'registration_channel': '488nm Binned', 'qc_note': 'phase_cross_correlation_on_stable_channel;shift_exceeds_max_shift_pixels'}]",7,1421.300048828125,0.5044281559176691,review_low_overlap,very_low_overlap_retained,True,overlap_only_analysis,pseudo_fov_alignment_needed,pseudo_fov_alignment_needed,True,True,registered_common_overlap,True,5,LOCAL_PROCESSED_OUTPUT/dashboard/previews/E15,LOCAL_PROCESSED_OUTPUT/dashboard/roi_previews/E15
J08,PLD3_TMEM106B_mCherry_primary,8|12|16|20|25|29|32|36|39,16|25|32|36,Large microscopy file stored locally/shared drive,LOCAL_PROCESSED_OUTPUT/full_mcherry_valid_queue_abc/wells/J08/qc/J08_registration_qc.csv,LOCAL_PROCESSED_OUTPUT/full_mcherry_valid_queue_abc/wells/J08/qc/J08_registration_qc_montage.png,9x3x2868x2868,9x3x250x582,2868,2868,250,582,8225424,145500,0.017689057731248868,1.7689057731248867,1313,1563,1263,1845,Overlap crop is stored in registered-frame coordinates. Per-day original-space mapping requires applying the inverse registration shift for each day.,"day8:dy=0.0,dx=0.0|day12:dy=-480.1,dx=0.0|day16:dy=0.0,dx=-1022.4|day20:dy=-372.4,dx=0.0|day25:dy=1312.3,dx=0.0|day29:dy=-441.2,dx=0.0|day32:dy=0.0,dx=1262.4|day36:dy=-1304.1,dx=0.0|day39:dy=0.0,dx=-243.0","[{'day': 8, 'dy': 0.0, 'dx': 0.0, 'shift_magnitude': 0.0, 'overlap_fraction': 1.0, 'large_shift': False, 'max_shift_exceeded': False, 'qc_pass': True, 'registration_channel': '488nm Binned', 'qc_note': 'reference_timepoint'}, {'day': 12, 'dy': -480.1000061035156, 'dx': 0.0, 'shift_magnitude': 480.1000061035156, 'overlap_fraction': 0.8326011136319681, 'large_shift': False, 'max_shift_exceeded': False, 'qc_pass': True, 'registration_channel': '488nm Binned', 'qc_note': 'phase_cross_correlation_on_stable_channel'}, {'day': 16, 'dy': 0.0, 'dx': -1022.4000244140624, 'shift_magnitude': 1022.4000244140624, 'overlap_fraction': 0.6435146358388903, 'large_shift': True, 'max_shift_exceeded': False, 'qc_pass': False, 'registration_channel': '488nm Binned', 'qc_note': 'phase_cross_correlation_on_stable_channel'}, {'day': 20, 'dy': -372.3999938964844, 'dx': 0.0, 'shift_magnitude': 372.3999938964844, 'overlap_fraction': 0.8701534191434852, 'large_shift': False, 'max_shift_exceeded': False, 'qc_pass': True, 'registration_channel': '488nm Binned', 'qc_note': 'phase_cross_correlation_on_stable_channel'}, {'day': 25, 'dy': 1312.300048828125, 'dx': 0.0, 'shift_magnitude': 1312.300048828125, 'overlap_fraction': 0.542433734718227, 'large_shift': True, 'max_shift_exceeded': True, 'qc_pass': False, 'registration_channel': '488nm Binned', 'qc_note': 'phase_cross_correlation_on_stable_channel;shift_exceeds_max_shift_pixels'}, {'day': 29, 'dy': -441.2000122070313, 'dx': 0.0, 'shift_magnitude': 441.2000122070313, 'overlap_fraction': 0.8461645703601705, 'large_shift': False, 'max_shift_exceeded': False, 'qc_pass': True, 'registration_channel': '488nm Binned', 'qc_note': 'phase_cross_correlation_on_stable_channel'}, {'day': 32, 'dy': 0.0, 'dx': 1262.4000244140625, 'shift_magnitude': 1262.4000244140625, 'overlap_fraction': 0.5598326274706895, 'large_shift': True, 'max_shift_exceeded': True, 'qc_pass': False, 'registration_channel': '488nm Binned', 'qc_note': 'phase_cross_correlation_on_stable_channel;shift_exceeds_max_shift_pixels'}, {'day': 36, 'dy': -1304.0999755859375, 'dx': 0.0, 'shift_magnitude': 1304.0999755859375, 'overlap_fraction': 0.5452928955418628, 'large_shift': True, 'max_shift_exceeded': True, 'qc_pass': False, 'registration_channel': '488nm Binned', 'qc_note': 'phase_cross_correlation_on_stable_channel;shift_exceeds_max_shift_pixels'}, {'day': 39, 'dy': 0.0, 'dx': -243.0, 'shift_magnitude': 243.0, 'overlap_fraction': 0.9152719665271968, 'large_shift': False, 'max_shift_exceeded': False, 'qc_pass': True, 'registration_channel': '488nm Binned', 'qc_note': 'phase_cross_correlation_on_stable_channel'}]",4,1312.300048828125,0.542433734718227,review_low_overlap,very_low_overlap_retained,True,overlap_only_analysis,pseudo_fov_alignment_needed,pseudo_fov_alignment_needed,True,True,registered_common_overlap,True,5,LOCAL_PROCESSED_OUTPUT/dashboard/previews/J08,LOCAL_PROCESSED_OUTPUT/dashboard/roi_previews/J08
J18,PLD3_TMEM106B_mCherry_primary,8|12|16|20|25|29|32|36|39,12|16|20|25|36|39,Large microscopy file stored locally/shared drive,LOCAL_PROCESSED_OUTPUT/full_mcherry_valid_queue_abc/wells/J18/qc/J18_registration_qc.csv,LOCAL_PROCESSED_OUTPUT/full_mcherry_valid_queue_abc/wells/J18/qc/J18_registration_qc_montage.png,9x3x2868x2868,9x3x2868x96,2868,2868,2868,96,8225424,275328,0.03347280334728033,3.3472803347280333,0,2868,1423,1519,Overlap crop is stored in registered-frame coordinates. Per-day original-space mapping requires applying the inverse registration shift for each day.,"day8:dy=0.0,dx=0.0|day12:dy=0.0,dx=-913.3|day16:dy=0.0,dx=-1327.1|day20:dy=0.0,dx=1423.0|day25:dy=0.0,dx=725.9|day29:dy=0.0,dx=-144.3|day32:dy=0.0,dx=-112.9|day36:dy=0.0,dx=-1151.8|day39:dy=0.0,dx=-1348.3","[{'day': 8, 'dy': 0.0, 'dx': 0.0, 'shift_magnitude': 0.0, 'overlap_fraction': 1.0, 'large_shift': False, 'max_shift_exceeded': False, 'qc_pass': True, 'registration_channel': '488nm Binned', 'qc_note': 'reference_timepoint'}, {'day': 12, 'dy': 0.0, 'dx': -913.2999877929688, 'shift_magnitude': 913.2999877929688, 'overlap_fraction': 0.6815550949117961, 'large_shift': True, 'max_shift_exceeded': False, 'qc_pass': False, 'registration_channel': '488nm Binned', 'qc_note': 'phase_cross_correlation_on_stable_channel'}, {'day': 16, 'dy': 0.0, 'dx': -1327.0999755859375, 'shift_magnitude': 1327.0999755859375, 'overlap_fraction': 0.5372733697399102, 'large_shift': True, 'max_shift_exceeded': True, 'qc_pass': False, 'registration_channel': '488nm Binned', 'qc_note': 'phase_cross_correlation_on_stable_channel;shift_exceeds_max_shift_pixels'}, {'day': 20, 'dy': 0.0, 'dx': 1423.0, 'shift_magnitude': 1423.0, 'overlap_fraction': 0.5038354253835425, 'large_shift': True, 'max_shift_exceeded': True, 'qc_pass': False, 'registration_channel': '488nm Binned', 'qc_note': 'phase_cross_correlation_on_stable_channel;shift_exceeds_max_shift_pixels'}, {'day': 25, 'dy': 0.0, 'dx': 725.9000244140625, 'shift_magnitude': 725.9000244140625, 'overlap_fraction': 0.7468967836771051, 'large_shift': True, 'max_shift_exceeded': False, 'qc_pass': False, 'registration_channel': '488nm Binned', 'qc_note': 'phase_cross_correlation_on_stable_channel'}, {'day': 29, 'dy': 0.0, 'dx': -144.3000030517578, 'shift_magnitude': 144.3000030517578, 'overlap_fraction': 0.9496861914045476, 'large_shift': False, 'max_shift_exceeded': False, 'qc_pass': True, 'registration_channel': '488nm Binned', 'qc_note': 'phase_cross_correlation_on_stable_channel'}, {'day': 32, 'dy': 0.0, 'dx': -112.9000015258789, 'shift_magnitude': 112.9000015258789, 'overlap_fraction': 0.960634588031423, 'large_shift': False, 'max_shift_exceeded': False, 'qc_pass': True, 'registration_channel': '488nm Binned', 'qc_note': 'phase_cross_correlation_on_stable_channel'}, {'day': 36, 'dy': 0.0, 'dx': -1151.800048828125, 'shift_magnitude': 1151.800048828125, 'overlap_fraction': 0.5983960778144612, 'large_shift': True, 'max_shift_exceeded': False, 'qc_pass': False, 'registration_channel': '488nm Binned', 'qc_note': 'phase_cross_correlation_on_stable_channel'}, {'day': 39, 'dy': 0.0, 'dx': -1348.300048828125, 'shift_magnitude': 1348.300048828125, 'overlap_fraction': 0.5298814334629969, 'large_shift': True, 'max_shift_exceeded': True, 'qc_pass': False, 'registration_channel': '488nm Binned', 'qc_note': 'phase_cross_correlation_on_stable_channel;shift_exceeds_max_shift_pixels'}]",6,1423.0,0.5038354253835425,review_low_overlap,very_low_overlap_retained,True,overlap_only_analysis,pseudo_fov_alignment_needed,pseudo_fov_alignment_needed,True,True,registered_common_overlap,True,5,LOCAL_PROCESSED_OUTPUT/dashboard/previews/J18,LOCAL_PROCESSED_OUTPUT/dashboard/roi_previews/J18
E09,PLD3_mCherry_reporter_control,8|12|16|20|25|29|32|36|39,16|25|29|32|36|39,Large microscopy file stored locally/shared drive,LOCAL_PROCESSED_OUTPUT/full_mcherry_valid_queue_abc/wells/E09/qc/E09_registration_qc.csv,LOCAL_PROCESSED_OUTPUT/full_mcherry_valid_queue_abc/wells/E09/qc/E09_registration_qc_montage.png,9x3x2868x2868,9x3x379x821,2868,2868,379,821,8225424,311159,0.03782893137180527,3.782893137180527,1395,1774,777,1598,Overlap crop is stored in registered-frame coordinates. Per-day original-space mapping requires applying the inverse registration shift for each day.,"day8:dy=0.0,dx=0.0|day12:dy=0.0,dx=-357.2|day16:dy=0.0,dx=776.8|day20:dy=0.0,dx=191.1|day25:dy=0.0,dx=-1269.1|day29:dy=1394.5,dx=0.0|day32:dy=0.0,dx=-742.9|day36:dy=-1093.2,dx=0.0|day39:dy=0.0,dx=-852.9","[{'day': 8, 'dy': 0.0, 'dx': 0.0, 'shift_magnitude': 0.0, 'overlap_fraction': 1.0, 'large_shift': False, 'max_shift_exceeded': False, 'qc_pass': True, 'registration_channel': '488nm Binned', 'qc_note': 'reference_timepoint'}, {'day': 12, 'dy': 0.0, 'dx': -357.20001220703125, 'shift_magnitude': 357.20001220703125, 'overlap_fraction': 0.8754532732890407, 'large_shift': False, 'max_shift_exceeded': False, 'qc_pass': True, 'registration_channel': '488nm Binned', 'qc_note': 'phase_cross_correlation_on_stable_channel'}, {'day': 16, 'dy': 0.0, 'dx': 776.7999877929688, 'shift_magnitude': 776.7999877929688, 'overlap_fraction': 0.7291492371712104, 'large_shift': True, 'max_shift_exceeded': False, 'qc_pass': False, 'registration_channel': '488nm Binned', 'qc_note': 'phase_cross_correlation_on_stable_channel'}, {'day': 20, 'dy': 0.0, 'dx': 191.1000061035156, 'shift_magnitude': 191.1000061035156, 'overlap_fraction': 0.9333681987086766, 'large_shift': False, 'max_shift_exceeded': False, 'qc_pass': True, 'registration_channel': '488nm Binned', 'qc_note': 'phase_cross_correlation_on_stable_channel'}, {'day': 25, 'dy': 0.0, 'dx': -1269.0999755859375, 'shift_magnitude': 1269.0999755859375, 'overlap_fraction': 0.5574965217622254, 'large_shift': True, 'max_shift_exceeded': True, 'qc_pass': False, 'registration_channel': '488nm Binned', 'qc_note': 'phase_cross_correlation_on_stable_channel;shift_exceeds_max_shift_pixels'}, {'day': 29, 'dy': 1394.5, 'dx': 0.0, 'shift_magnitude': 1394.5, 'overlap_fraction': 0.5137726638772664, 'large_shift': True, 'max_shift_exceeded': True, 'qc_pass': False, 'registration_channel': '488nm Binned', 'qc_note': 'phase_cross_correlation_on_stable_channel;shift_exceeds_max_shift_pixels'}, {'day': 32, 'dy': 0.0, 'dx': -742.9000244140625, 'shift_magnitude': 742.9000244140625, 'overlap_fraction': 0.7409693080843576, 'large_shift': True, 'max_shift_exceeded': False, 'qc_pass': False, 'registration_channel': '488nm Binned', 'qc_note': 'phase_cross_correlation_on_stable_channel'}, {'day': 36, 'dy': -1093.199951171875, 'dx': 0.0, 'shift_magnitude': 1093.199951171875, 'overlap_fraction': 0.6188284689079934, 'large_shift': True, 'max_shift_exceeded': False, 'qc_pass': False, 'registration_channel': '488nm Binned', 'qc_note': 'phase_cross_correlation_on_stable_channel'}, {'day': 39, 'dy': 0.0, 'dx': -852.9000244140625, 'shift_magnitude': 852.9000244140625, 'overlap_fraction': 0.7026150542489322, 'large_shift': True, 'max_shift_exceeded': False, 'qc_pass': False, 'registration_channel': '488nm Binned', 'qc_note': 'phase_cross_correlation_on_stable_channel'}]",6,1394.5,0.5137726638772664,review_low_overlap,very_low_overlap_retained,True,overlap_only_analysis,pseudo_fov_alignment_needed,pseudo_fov_alignment_needed,True,True,registered_common_overlap,True,5,LOCAL_PROCESSED_OUTPUT/dashboard/previews/E09,LOCAL_PROCESSED_OUTPUT/dashboard/roi_previews/E09
N10,PLD3_TMEM106B_mCherry_primary,8|12|16|20|25|29|32|36|39,16|20|25|29|36|39,Large microscopy file stored locally/shared drive,LOCAL_PROCESSED_OUTPUT/full_mcherry_valid_queue_abc/wells/N10/qc/N10_registration_qc.csv,LOCAL_PROCESSED_OUTPUT/full_mcherry_valid_queue_abc/wells/N10/qc/N10_registration_qc_montage.png,9x3x2868x2868,9x3x985x320,2868,2868,985,320,8225424,315200,0.03832021303704222,3.8320213037042223,1344,2329,1252,1572,Overlap crop is stored in registered-frame coordinates. Per-day original-space mapping requires applying the inverse registration shift for each day.,"day8:dy=0.0,dx=0.0|day12:dy=0.0,dx=-483.9|day16:dy=-538.1,dx=0.0|day20:dy=0.0,dx=1103.6|day25:dy=0.0,dx=1235.4|day29:dy=1343.3,dx=0.0|day32:dy=177.7,dx=0.0|day36:dy=0.0,dx=1251.1|day39:dy=0.0,dx=-1295.4","[{'day': 8, 'dy': 0.0, 'dx': 0.0, 'shift_magnitude': 0.0, 'overlap_fraction': 1.0, 'large_shift': False, 'max_shift_exceeded': False, 'qc_pass': True, 'registration_channel': '488nm Binned', 'qc_note': 'reference_timepoint'}, {'day': 12, 'dy': 0.0, 'dx': -483.8999938964844, 'shift_magnitude': 483.8999938964844, 'overlap_fraction': 0.8312761527557586, 'large_shift': False, 'max_shift_exceeded': False, 'qc_pass': True, 'registration_channel': '488nm Binned', 'qc_note': 'phase_cross_correlation_on_stable_channel'}, {'day': 16, 'dy': -538.0999755859375, 'dx': 0.0, 'shift_magnitude': 538.0999755859375, 'overlap_fraction': 0.8123779722503705, 'large_shift': True, 'max_shift_exceeded': False, 'qc_pass': False, 'registration_channel': '488nm Binned', 'qc_note': 'phase_cross_correlation_on_stable_channel'}, {'day': 20, 'dy': 0.0, 'dx': 1103.5999755859375, 'shift_magnitude': 1103.5999755859375, 'overlap_fraction': 0.6152022400327972, 'large_shift': True, 'max_shift_exceeded': False, 'qc_pass': False, 'registration_channel': '488nm Binned', 'qc_note': 'phase_cross_correlation_on_stable_channel'}, {'day': 25, 'dy': 0.0, 'dx': 1235.4000244140625, 'shift_magnitude': 1235.4000244140625, 'overlap_fraction': 0.5692468534121121, 'large_shift': True, 'max_shift_exceeded': True, 'qc_pass': False, 'registration_channel': '488nm Binned', 'qc_note': 'phase_cross_correlation_on_stable_channel;shift_exceeds_max_shift_pixels'}, {'day': 29, 'dy': 1343.300048828125, 'dx': 0.0, 'shift_magnitude': 1343.300048828125, 'overlap_fraction': 0.5316248086373344, 'large_shift': True, 'max_shift_exceeded': True, 'qc_pass': False, 'registration_channel': '488nm Binned', 'qc_note': 'phase_cross_correlation_on_stable_channel;shift_exceeds_max_shift_pixels'}, {'day': 32, 'dy': 177.6999969482422, 'dx': 0.0, 'shift_magnitude': 177.6999969482422, 'overlap_fraction': 0.9380404473681164, 'large_shift': False, 'max_shift_exceeded': False, 'qc_pass': True, 'registration_channel': '488nm Binned', 'qc_note': 'phase_cross_correlation_on_stable_channel'}, {'day': 36, 'dy': 0.0, 'dx': 1251.0999755859375, 'shift_magnitude': 1251.0999755859375, 'overlap_fraction': 0.5637726723898405, 'large_shift': True, 'max_shift_exceeded': True, 'qc_pass': False, 'registration_channel': '488nm Binned', 'qc_note': 'phase_cross_correlation_on_stable_channel;shift_exceeds_max_shift_pixels'}, {'day': 39, 'dy': 0.0, 'dx': -1295.4000244140625, 'shift_magnitude': 1295.4000244140625, 'overlap_fraction': 0.5483263513200619, 'large_shift': True, 'max_shift_exceeded': True, 'qc_pass': False, 'registration_channel': '488nm Binned', 'qc_note': 'phase_cross_correlation_on_stable_channel;shift_exceeds_max_shift_pixels'}]",6,1343.300048828125,0.5316248086373344,review_low_overlap,very_low_overlap_retained,True,overlap_only_analysis,pseudo_fov_alignment_needed,pseudo_fov_alignment_needed,True,True,registered_common_overlap,True,5,LOCAL_PROCESSED_OUTPUT/dashboard/previews/N10,LOCAL_PROCESSED_OUTPUT/dashboard/roi_previews/N10
I10,PLD3_mCherry_reporter_control,8|12|16|20|25|29|32|36|39,12|20|25|29|32|39,Large microscopy file stored locally/shared drive,LOCAL_PROCESSED_OUTPUT/full_mcherry_valid_queue_abc/wells/I10/qc/I10_registration_qc.csv,LOCAL_PROCESSED_OUTPUT/full_mcherry_valid_queue_abc/wells/I10/qc/I10_registration_qc_montage.png,9x3x2868x2868,9x3x729x843,2868,2868,729,843,8225424,614547,0.07471310901419793,7.471310901419794,1115,1844,932,1775,Overlap crop is stored in registered-frame coordinates. Per-day original-space mapping requires applying the inverse registration shift for each day.,"day8:dy=0.0,dx=0.0|day12:dy=0.0,dx=509.9|day16:dy=0.0,dx=-75.1|day20:dy=1114.5,dx=0.0|day25:dy=0.0,dx=-1092.5|day29:dy=-728.0,dx=0.0|day32:dy=-1023.1,dx=0.0|day36:dy=0.0,dx=-304.0|day39:dy=0.0,dx=931.8","[{'day': 8, 'dy': 0.0, 'dx': 0.0, 'shift_magnitude': 0.0, 'overlap_fraction': 1.0, 'large_shift': False, 'max_shift_exceeded': False, 'qc_pass': True, 'registration_channel': '488nm Binned', 'qc_note': 'reference_timepoint'}, {'day': 12, 'dy': 0.0, 'dx': 509.8999938964844, 'shift_magnitude': 509.8999938964844, 'overlap_fraction': 0.8222106018492035, 'large_shift': True, 'max_shift_exceeded': False, 'qc_pass': False, 'registration_channel': '488nm Binned', 'qc_note': 'phase_cross_correlation_on_stable_channel'}, {'day': 16, 'dy': 0.0, 'dx': -75.0999984741211, 'shift_magnitude': 75.0999984741211, 'overlap_fraction': 0.9738145054134864, 'large_shift': False, 'max_shift_exceeded': False, 'qc_pass': True, 'registration_channel': '488nm Binned', 'qc_note': 'phase_cross_correlation_on_stable_channel'}, {'day': 20, 'dy': 1114.5, 'dx': 0.0, 'shift_magnitude': 1114.5, 'overlap_fraction': 0.6114016736401674, 'large_shift': True, 'max_shift_exceeded': False, 'qc_pass': False, 'registration_channel': '488nm Binned', 'qc_note': 'phase_cross_correlation_on_stable_channel'}, {'day': 25, 'dy': 0.0, 'dx': -1092.5, 'shift_magnitude': 1092.5, 'overlap_fraction': 0.6190725244072525, 'large_shift': True, 'max_shift_exceeded': False, 'qc_pass': False, 'registration_channel': '488nm Binned', 'qc_note': 'phase_cross_correlation_on_stable_channel'}, {'day': 29, 'dy': -728.0, 'dx': 0.0, 'shift_magnitude': 728.0, 'overlap_fraction': 0.7461645746164575, 'large_shift': True, 'max_shift_exceeded': False, 'qc_pass': False, 'registration_channel': '488nm Binned', 'qc_note': 'phase_cross_correlation_on_stable_channel'}, {'day': 32, 'dy': -1023.0999755859376, 'dx': 0.0, 'shift_magnitude': 1023.0999755859376, 'overlap_fraction': 0.6432705803396312, 'large_shift': True, 'max_shift_exceeded': False, 'qc_pass': False, 'registration_channel': '488nm Binned', 'qc_note': 'phase_cross_correlation_on_stable_channel'}, {'day': 36, 'dy': 0.0, 'dx': -304.0, 'shift_magnitude': 304.0, 'overlap_fraction': 0.8940027894002789, 'large_shift': False, 'max_shift_exceeded': False, 'qc_pass': True, 'registration_channel': '488nm Binned', 'qc_note': 'phase_cross_correlation_on_stable_channel'}, {'day': 39, 'dy': 0.0, 'dx': 931.7999877929688, 'shift_magnitude': 931.7999877929688, 'overlap_fraction': 0.6751046067667473, 'large_shift': True, 'max_shift_exceeded': False, 'qc_pass': False, 'registration_channel': '488nm Binned', 'qc_note': 'phase_cross_correlation_on_stable_channel'}]",6,1114.5,0.6114016736401674,review_low_overlap,very_low_overlap_retained,True,overlap_only_analysis,pseudo_fov_alignment_needed,pseudo_fov_alignment_needed,True,True,registered_common_overlap,True,5,LOCAL_PROCESSED_OUTPUT/dashboard/previews/I10,LOCAL_PROCESSED_OUTPUT/dashboard/roi_previews/I10
F20,PLD3_TMEM106B_mCherry_primary,8|12|16|20|25|29|32|36|39,12|16|29|32|36|39,Large microscopy file stored locally/shared drive,LOCAL_PROCESSED_OUTPUT/full_mcherry_valid_queue_abc/wells/F20/qc/F20_registration_qc.csv,LOCAL_PROCESSED_OUTPUT/full_mcherry_valid_queue_abc/wells/F20/qc/F20_registration_qc_montage.png,9x3x2868x2868,9x3x243x2868,2868,2868,243,2868,8225424,696924,0.08472803347280335,8.472803347280335,1223,1466,0,2868,Overlap crop is stored in registered-frame coordinates. Per-day original-space mapping requires applying the inverse registration shift for each day.,"day8:dy=0.0,dx=0.0|day12:dy=-860.4,dx=0.0|day16:dy=1079.8,dx=0.0|day20:dy=101.8,dx=0.0|day25:dy=91.3,dx=0.0|day29:dy=-823.7,dx=0.0|day32:dy=1222.4,dx=0.0|day36:dy=-1339.9,dx=0.0|day39:dy=-1401.5,dx=0.0","[{'day': 8, 'dy': 0.0, 'dx': 0.0, 'shift_magnitude': 0.0, 'overlap_fraction': 1.0, 'large_shift': False, 'max_shift_exceeded': False, 'qc_pass': True, 'registration_channel': '488nm Binned', 'qc_note': 'reference_timepoint'}, {'day': 12, 'dy': -860.4000244140625, 'dx': 0.0, 'shift_magnitude': 860.4000244140625, 'overlap_fraction': 0.6999999914874259, 'large_shift': True, 'max_shift_exceeded': False, 'qc_pass': False, 'registration_channel': '488nm Binned', 'qc_note': 'phase_cross_correlation_on_stable_channel'}, {'day': 16, 'dy': 1079.800048828125, 'dx': 0.0, 'shift_magnitude': 1079.800048828125, 'overlap_fraction': 0.6235006803249216, 'large_shift': True, 'max_shift_exceeded': False, 'qc_pass': False, 'registration_channel': '488nm Binned', 'qc_note': 'phase_cross_correlation_on_stable_channel'}, {'day': 20, 'dy': 101.8000030517578, 'dx': 0.0, 'shift_magnitude': 101.8000030517578, 'overlap_fraction': 0.9645048803864164, 'large_shift': False, 'max_shift_exceeded': False, 'qc_pass': True, 'registration_channel': '488nm Binned', 'qc_note': 'phase_cross_correlation_on_stable_channel'}, {'day': 25, 'dy': 91.3000030517578, 'dx': 0.0, 'shift_magnitude': 91.3000030517578, 'overlap_fraction': 0.9681659682525252, 'large_shift': False, 'max_shift_exceeded': False, 'qc_pass': True, 'registration_channel': '488nm Binned', 'qc_note': 'phase_cross_correlation_on_stable_channel'}, {'day': 29, 'dy': -823.7000122070312, 'dx': 0.0, 'shift_magnitude': 823.7000122070312, 'overlap_fraction': 0.7127963695233503, 'large_shift': True, 'max_shift_exceeded': False, 'qc_pass': False, 'registration_channel': '488nm Binned', 'qc_note': 'phase_cross_correlation_on_stable_channel'}, {'day': 32, 'dy': 1222.4000244140625, 'dx': 0.0, 'shift_magnitude': 1222.4000244140625, 'overlap_fraction': 0.5737796288653897, 'large_shift': True, 'max_shift_exceeded': True, 'qc_pass': False, 'registration_channel': '488nm Binned', 'qc_note': 'phase_cross_correlation_on_stable_channel;shift_exceeds_max_shift_pixels'}, {'day': 36, 'dy': -1339.9000244140625, 'dx': 0.0, 'shift_magnitude': 1339.9000244140625, 'overlap_fraction': 0.532810312268458, 'large_shift': True, 'max_shift_exceeded': True, 'qc_pass': False, 'registration_channel': '488nm Binned', 'qc_note': 'phase_cross_correlation_on_stable_channel;shift_exceeds_max_shift_pixels'}, {'day': 39, 'dy': -1401.5, 'dx': 0.0, 'shift_magnitude': 1401.5, 'overlap_fraction': 0.5113319386331938, 'large_shift': True, 'max_shift_exceeded': True, 'qc_pass': False, 'registration_channel': '488nm Binned', 'qc_note': 'phase_cross_correlation_on_stable_channel;shift_exceeds_max_shift_pixels'}]",6,1401.5,0.5113319386331938,review_low_overlap,very_low_overlap_retained,True,overlap_only_analysis,pseudo_fov_alignment_needed,pseudo_fov_alignment_needed,True,True,registered_common_overlap,True,5,LOCAL_PROCESSED_OUTPUT/dashboard/previews/F20,LOCAL_PROCESSED_OUTPUT/dashboard/roi_previews/F20
J10,PLD3_TMEM106B_mCherry_primary,8|12|16|20|25|29|32|36|39,12|20|25|29|32|36,Large microscopy file stored locally/shared drive,LOCAL_PROCESSED_OUTPUT/full_mcherry_valid_queue_abc/wells/J10/qc/J10_registration_qc.csv,LOCAL_PROCESSED_OUTPUT/full_mcherry_valid_queue_abc/wells/J10/qc/J10_registration_qc_montage.png,9x3x2868x2868,9x3x2868x245,2868,2868,2868,245,8225424,702660,0.08542538354253836,8.542538354253836,0,2868,1290,1535,Overlap crop is stored in registered-frame coordinates. Per-day original-space mapping requires applying the inverse registration shift for each day.,"day8:dy=0.0,dx=0.0|day12:dy=0.0,dx=1289.1|day16:dy=0.0,dx=-28.1|day20:dy=0.0,dx=1106.0|day25:dy=0.0,dx=-702.7|day29:dy=0.0,dx=-720.6|day32:dy=0.0,dx=-1332.7|day36:dy=0.0,dx=558.9|day39:dy=0.0,dx=499.5","[{'day': 8, 'dy': 0.0, 'dx': 0.0, 'shift_magnitude': 0.0, 'overlap_fraction': 1.0, 'large_shift': False, 'max_shift_exceeded': False, 'qc_pass': True, 'registration_channel': '488nm Binned', 'qc_note': 'reference_timepoint'}, {'day': 12, 'dy': 0.0, 'dx': 1289.0999755859375, 'shift_magnitude': 1289.0999755859375, 'overlap_fraction': 0.5505230210648754, 'large_shift': True, 'max_shift_exceeded': True, 'qc_pass': False, 'registration_channel': '488nm Binned', 'qc_note': 'phase_cross_correlation_on_stable_channel;shift_exceeds_max_shift_pixels'}, {'day': 16, 'dy': 0.0, 'dx': -28.100000381469727, 'shift_magnitude': 28.100000381469727, 'overlap_fraction': 0.9902022313872142, 'large_shift': False, 'max_shift_exceeded': False, 'qc_pass': True, 'registration_channel': '488nm Binned', 'qc_note': 'phase_cross_correlation_on_stable_channel'}, {'day': 20, 'dy': 0.0, 'dx': 1106.0, 'shift_magnitude': 1106.0, 'overlap_fraction': 0.6143654114365411, 'large_shift': True, 'max_shift_exceeded': False, 'qc_pass': False, 'registration_channel': '488nm Binned', 'qc_note': 'phase_cross_correlation_on_stable_channel'}, {'day': 25, 'dy': 0.0, 'dx': -702.7000122070312, 'shift_magnitude': 702.7000122070312, 'overlap_fraction': 0.7549860487423182, 'large_shift': True, 'max_shift_exceeded': False, 'qc_pass': False, 'registration_channel': '488nm Binned', 'qc_note': 'phase_cross_correlation_on_stable_channel'}, {'day': 29, 'dy': 0.0, 'dx': -720.5999755859375, 'shift_magnitude': 720.5999755859375, 'overlap_fraction': 0.7487447783870511, 'large_shift': True, 'max_shift_exceeded': False, 'qc_pass': False, 'registration_channel': '488nm Binned', 'qc_note': 'phase_cross_correlation_on_stable_channel'}, {'day': 32, 'dy': 0.0, 'dx': -1332.699951171875, 'shift_magnitude': 1332.699951171875, 'overlap_fraction': 0.5353207980572263, 'large_shift': True, 'max_shift_exceeded': True, 'qc_pass': False, 'registration_channel': '488nm Binned', 'qc_note': 'phase_cross_correlation_on_stable_channel;shift_exceeds_max_shift_pixels'}, {'day': 36, 'dy': 0.0, 'dx': 558.9000244140625, 'shift_magnitude': 558.9000244140625, 'overlap_fraction': 0.8051255144999782, 'large_shift': True, 'max_shift_exceeded': False, 'qc_pass': False, 'registration_channel': '488nm Binned', 'qc_note': 'phase_cross_correlation_on_stable_channel'}, {'day': 39, 'dy': 0.0, 'dx': 499.5, 'shift_magnitude': 499.5, 'overlap_fraction': 0.825836820083682, 'large_shift': False, 'max_shift_exceeded': False, 'qc_pass': True, 'registration_channel': '488nm Binned', 'qc_note': 'phase_cross_correlation_on_stable_channel'}]",6,1332.699951171875,0.5353207980572263,review_low_overlap,very_low_overlap_retained,True,overlap_only_analysis,pseudo_fov_alignment_needed,pseudo_fov_alignment_needed,True,True,registered_common_overlap,True,5,LOCAL_PROCESSED_OUTPUT/dashboard/previews/J10,LOCAL_PROCESSED_OUTPUT/dashboard/roi_previews/J10
F11,PLD3_TMEM106B_mCherry_primary,8|12|16|20|25|29|32|36|39,16|20|25|32|36|39,Large microscopy file stored locally/shared drive,LOCAL_PROCESSED_OUTPUT/full_mcherry_valid_queue_abc/wells/F11/qc/F11_registration_qc.csv,LOCAL_PROCESSED_OUTPUT/full_mcherry_valid_queue_abc/wells/F11/qc/F11_registration_qc_montage.png,9x3x2868x2868,9x3x2868x255,2868,2868,2868,255,8225424,731340,0.08891213389121339,8.891213389121338,0,2868,1367,1622,Overlap crop is stored in registered-frame coordinates. Per-day original-space mapping requires applying the inverse registration shift for each day.,"day8:dy=0.0,dx=0.0|day12:dy=0.0,dx=33.6|day16:dy=0.0,dx=-1195.0|day20:dy=0.0,dx=1208.6|day25:dy=0.0,dx=-1245.8|day29:dy=0.0,dx=266.1|day32:dy=0.0,dx=1092.0|day36:dy=0.0,dx=-1148.3|day39:dy=0.0,dx=1366.1","[{'day': 8, 'dy': 0.0, 'dx': 0.0, 'shift_magnitude': 0.0, 'overlap_fraction': 1.0, 'large_shift': False, 'max_shift_exceeded': False, 'qc_pass': True, 'registration_channel': '488nm Binned', 'qc_note': 'reference_timepoint'}, {'day': 12, 'dy': 0.0, 'dx': 33.599998474121094, 'shift_magnitude': 33.599998474121094, 'overlap_fraction': 0.9882845193604878, 'large_shift': False, 'max_shift_exceeded': False, 'qc_pass': True, 'registration_channel': '488nm Binned', 'qc_note': 'phase_cross_correlation_on_stable_channel'}, {'day': 16, 'dy': 0.0, 'dx': -1195.0, 'shift_magnitude': 1195.0, 'overlap_fraction': 0.5833333333333334, 'large_shift': True, 'max_shift_exceeded': False, 'qc_pass': False, 'registration_channel': '488nm Binned', 'qc_note': 'phase_cross_correlation_on_stable_channel'}, {'day': 20, 'dy': 0.0, 'dx': 1208.5999755859375, 'shift_magnitude': 1208.5999755859375, 'overlap_fraction': 0.5785913613717094, 'large_shift': True, 'max_shift_exceeded': True, 'qc_pass': False, 'registration_channel': '488nm Binned', 'qc_note': 'phase_cross_correlation_on_stable_channel;shift_exceeds_max_shift_pixels'}, {'day': 25, 'dy': 0.0, 'dx': -1245.800048828125, 'shift_magnitude': 1245.800048828125, 'overlap_fraction': 0.565620624536916, 'large_shift': True, 'max_shift_exceeded': True, 'qc_pass': False, 'registration_channel': '488nm Binned', 'qc_note': 'phase_cross_correlation_on_stable_channel;shift_exceeds_max_shift_pixels'}, {'day': 29, 'dy': 0.0, 'dx': 266.1000061035156, 'shift_magnitude': 266.1000061035156, 'overlap_fraction': 0.9072175710936138, 'large_shift': False, 'max_shift_exceeded': False, 'qc_pass': True, 'registration_channel': '488nm Binned', 'qc_note': 'phase_cross_correlation_on_stable_channel'}, {'day': 32, 'dy': 0.0, 'dx': 1092.0, 'shift_magnitude': 1092.0, 'overlap_fraction': 0.6192468619246861, 'large_shift': True, 'max_shift_exceeded': False, 'qc_pass': False, 'registration_channel': '488nm Binned', 'qc_note': 'phase_cross_correlation_on_stable_channel'}, {'day': 36, 'dy': 0.0, 'dx': -1148.300048828125, 'shift_magnitude': 1148.300048828125, 'overlap_fraction': 0.5996164404364975, 'large_shift': True, 'max_shift_exceeded': False, 'qc_pass': False, 'registration_channel': '488nm Binned', 'qc_note': 'phase_cross_correlation_on_stable_channel'}, {'day': 39, 'dy': 0.0, 'dx': 1366.0999755859375, 'shift_magnitude': 1366.0999755859375, 'overlap_fraction': 0.5236750433800775, 'large_shift': True, 'max_shift_exceeded': True, 'qc_pass': False, 'registration_channel': '488nm Binned', 'qc_note': 'phase_cross_correlation_on_stable_channel;shift_exceeds_max_shift_pixels'}]",6,1366.0999755859375,0.5236750433800775,review_low_overlap,very_low_overlap_retained,True,overlap_only_analysis,pseudo_fov_alignment_needed,pseudo_fov_alignment_needed,True,True,registered_common_overlap,True,5,LOCAL_PROCESSED_OUTPUT/dashboard/previews/F11,LOCAL_PROCESSED_OUTPUT/dashboard/roi_previews/F11
F05,PLD3_TMEM106B_mCherry_primary,8|12|16|20|25|29|32|36|39,12|20|25|36|39,Large microscopy file stored locally/shared drive,LOCAL_PROCESSED_OUTPUT/full_mcherry_valid_queue_abc/wells/F05/qc/F05_registration_qc.csv,LOCAL_PROCESSED_OUTPUT/full_mcherry_valid_queue_abc/wells/F05/qc/F05_registration_qc_montage.png,9x3x2868x2868,9x3x543x1439,2868,2868,543,1439,8225424,781377,0.09499534613656391,9.49953461365639,1304,1847,435,1874,Overlap crop is stored in registered-frame coordinates. Per-day original-space mapping requires applying the inverse registration shift for each day.,"day8:dy=0.0,dx=0.0|day12:dy=-863.4,dx=0.0|day16:dy=0.0,dx=434.8|day20:dy=0.0,dx=-522.8|day25:dy=-1020.2,dx=0.0|day29:dy=-103.6,dx=0.0|day32:dy=-273.6,dx=0.0|day36:dy=0.0,dx=-993.4|day39:dy=1303.6,dx=0.0","[{'day': 8, 'dy': 0.0, 'dx': 0.0, 'shift_magnitude': 0.0, 'overlap_fraction': 1.0, 'large_shift': False, 'max_shift_exceeded': False, 'qc_pass': True, 'registration_channel': '488nm Binned', 'qc_note': 'reference_timepoint'}, {'day': 12, 'dy': -863.4000244140625, 'dx': 0.0, 'shift_magnitude': 863.4000244140625, 'overlap_fraction': 0.6989539663828234, 'large_shift': True, 'max_shift_exceeded': False, 'qc_pass': False, 'registration_channel': '488nm Binned', 'qc_note': 'phase_cross_correlation_on_stable_channel'}, {'day': 16, 'dy': 0.0, 'dx': 434.7999877929688, 'shift_magnitude': 434.7999877929688, 'overlap_fraction': 0.8483960990958965, 'large_shift': False, 'max_shift_exceeded': False, 'qc_pass': True, 'registration_channel': '488nm Binned', 'qc_note': 'phase_cross_correlation_on_stable_channel'}, {'day': 20, 'dy': 0.0, 'dx': -522.7999877929688, 'shift_magnitude': 522.7999877929688, 'overlap_fraction': 0.8177126960275563, 'large_shift': True, 'max_shift_exceeded': False, 'qc_pass': False, 'registration_channel': '488nm Binned', 'qc_note': 'phase_cross_correlation_on_stable_channel'}, {'day': 25, 'dy': -1020.2000122070312, 'dx': 0.0, 'shift_magnitude': 1020.2000122070312, 'overlap_fraction': 0.6442817251718859, 'large_shift': True, 'max_shift_exceeded': False, 'qc_pass': False, 'registration_channel': '488nm Binned', 'qc_note': 'phase_cross_correlation_on_stable_channel'}, {'day': 29, 'dy': -103.5999984741211, 'dx': 0.0, 'shift_magnitude': 103.5999984741211, 'overlap_fraction': 0.9638772669197624, 'large_shift': False, 'max_shift_exceeded': False, 'qc_pass': True, 'registration_channel': '488nm Binned', 'qc_note': 'phase_cross_correlation_on_stable_channel'}, {'day': 32, 'dy': -273.6000061035156, 'dx': 0.0, 'shift_magnitude': 273.6000061035156, 'overlap_fraction': 0.9046025083321076, 'large_shift': False, 'max_shift_exceeded': False, 'qc_pass': True, 'registration_channel': '488nm Binned', 'qc_note': 'phase_cross_correlation_on_stable_channel'}, {'day': 36, 'dy': 0.0, 'dx': -993.4000244140624, 'shift_magnitude': 993.4000244140624, 'overlap_fraction': 0.653626211850048, 'large_shift': True, 'max_shift_exceeded': False, 'qc_pass': False, 'registration_channel': '488nm Binned', 'qc_note': 'phase_cross_correlation_on_stable_channel'}, {'day': 39, 'dy': 1303.5999755859375, 'dx': 0.0, 'shift_magnitude': 1303.5999755859375, 'overlap_fraction': 0.5454672330592966, 'large_shift': True, 'max_shift_exceeded': True, 'qc_pass': False, 'registration_channel': '488nm Binned', 'qc_note': 'phase_cross_correlation_on_stable_channel;shift_exceeds_max_shift_pixels'}]",5,1303.5999755859375,0.5454672330592966,review_low_overlap,very_low_overlap_retained,True,overlap_only_analysis,pseudo_fov_alignment_needed,pseudo_fov_alignment_needed,True,True,registered_common_overlap,True,5,LOCAL_PROCESSED_OUTPUT/dashboard/previews/F05,LOCAL_PROCESSED_OUTPUT/dashboard/roi_previews/F05
I12,PLD3_mCherry_reporter_control,8|12|16|20|25|29|32|36|39,12|16|25|32|36,Large microscopy file stored locally/shared drive,LOCAL_PROCESSED_OUTPUT/full_mcherry_valid_queue_abc/wells/I12/qc/I12_registration_qc.csv,LOCAL_PROCESSED_OUTPUT/full_mcherry_valid_queue_abc/wells/I12/qc/I12_registration_qc_montage.png,9x3x2868x2868,9x3x1659x473,2868,2868,1659,473,8225424,784707,0.09540018848876362,9.540018848876363,1209,2868,991,1464,Overlap crop is stored in registered-frame coordinates. Per-day original-space mapping requires applying the inverse registration shift for each day.,"day8:dy=0.0,dx=0.0|day12:dy=0.0,dx=-1403.9|day16:dy=0.0,dx=990.5|day20:dy=0.0,dx=178.4|day25:dy=1208.4,dx=1.1|day29:dy=0.0,dx=-384.2|day32:dy=0.0,dx=-713.5|day36:dy=0.0,dx=-1336.3|day39:dy=0.0,dx=-401.1","[{'day': 8, 'dy': 0.0, 'dx': 0.0, 'shift_magnitude': 0.0, 'overlap_fraction': 1.0, 'large_shift': False, 'max_shift_exceeded': False, 'qc_pass': True, 'registration_channel': '488nm Binned', 'qc_note': 'reference_timepoint'}, {'day': 12, 'dy': 0.0, 'dx': -1403.9000244140625, 'shift_magnitude': 1403.9000244140625, 'overlap_fraction': 0.5104951100369378, 'large_shift': True, 'max_shift_exceeded': True, 'qc_pass': False, 'registration_channel': '488nm Binned', 'qc_note': 'phase_cross_correlation_on_stable_channel;shift_exceeds_max_shift_pixels'}, {'day': 16, 'dy': 0.0, 'dx': 990.5, 'shift_magnitude': 990.5, 'overlap_fraction': 0.6546373779637378, 'large_shift': True, 'max_shift_exceeded': False, 'qc_pass': False, 'registration_channel': '488nm Binned', 'qc_note': 'phase_cross_correlation_on_stable_channel'}, {'day': 20, 'dy': 0.0, 'dx': 178.39999389648438, 'shift_magnitude': 178.39999389648438, 'overlap_fraction': 0.9377963759077808, 'large_shift': False, 'max_shift_exceeded': False, 'qc_pass': True, 'registration_channel': '488nm Binned', 'qc_note': 'phase_cross_correlation_on_stable_channel'}, {'day': 25, 'dy': 1208.4000244140625, 'dx': 1.100000023841858, 'shift_magnitude': 1208.4005250760029, 'overlap_fraction': 0.5784391382095022, 'large_shift': True, 'max_shift_exceeded': True, 'qc_pass': False, 'registration_channel': '488nm Binned', 'qc_note': 'phase_cross_correlation_on_stable_channel;shift_exceeds_max_shift_pixels'}, {'day': 29, 'dy': 0.0, 'dx': -384.2000122070313, 'shift_magnitude': 384.2000122070313, 'overlap_fraction': 0.8660390473476182, 'large_shift': False, 'max_shift_exceeded': False, 'qc_pass': True, 'registration_channel': '488nm Binned', 'qc_note': 'phase_cross_correlation_on_stable_channel'}, {'day': 32, 'dy': 0.0, 'dx': -713.5, 'shift_magnitude': 713.5, 'overlap_fraction': 0.7512203626220363, 'large_shift': True, 'max_shift_exceeded': False, 'qc_pass': False, 'registration_channel': '488nm Binned', 'qc_note': 'phase_cross_correlation_on_stable_channel'}, {'day': 36, 'dy': 0.0, 'dx': -1336.300048828125, 'shift_magnitude': 1336.300048828125, 'overlap_fraction': 0.5340655338814069, 'large_shift': True, 'max_shift_exceeded': True, 'qc_pass': False, 'registration_channel': '488nm Binned', 'qc_note': 'phase_cross_correlation_on_stable_channel;shift_exceeds_max_shift_pixels'}, {'day': 39, 'dy': 0.0, 'dx': -401.1000061035156, 'shift_magnitude': 401.1000061035156, 'overlap_fraction': 0.8601464413865009, 'large_shift': False, 'max_shift_exceeded': False, 'qc_pass': True, 'registration_channel': '488nm Binned', 'qc_note': 'phase_cross_correlation_on_stable_channel'}]",5,1403.9000244140625,0.5104951100369378,review_low_overlap,very_low_overlap_retained,True,overlap_only_analysis,pseudo_fov_alignment_needed,pseudo_fov_alignment_needed,True,True,registered_common_overlap,True,5,LOCAL_PROCESSED_OUTPUT/dashboard/previews/I12,LOCAL_PROCESSED_OUTPUT/dashboard/roi_previews/I12
M09,PLD3_mCherry_reporter_control,8|12|16|20|25|29|32|36|39,12|16|29|36|39,Large microscopy file stored locally/shared drive,LOCAL_PROCESSED_OUTPUT/full_mcherry_valid_queue_abc/wells/M09/qc/M09_registration_qc.csv,LOCAL_PROCESSED_OUTPUT/full_mcherry_valid_queue_abc/wells/M09/qc/M09_registration_qc_montage.png,9x3x2868x2868,9x3x1812x464,2868,2868,1812,464,8225424,840768,0.10221576419647181,10.221576419647182,1056,2868,1062,1526,Overlap crop is stored in registered-frame coordinates. Per-day original-space mapping requires applying the inverse registration shift for each day.,"day8:dy=0.0,dx=0.0|day12:dy=0.0,dx=505.8|day16:dy=0.0,dx=-803.7|day20:dy=409.0,dx=0.0|day25:dy=257.3,dx=0.0|day29:dy=0.0,dx=-1341.4|day32:dy=0.0,dx=357.4|day36:dy=1056.0,dx=0.0|day39:dy=0.0,dx=1061.2","[{'day': 8, 'dy': 0.0, 'dx': 0.0, 'shift_magnitude': 0.0, 'overlap_fraction': 1.0, 'large_shift': False, 'max_shift_exceeded': False, 'qc_pass': True, 'registration_channel': '488nm Binned', 'qc_note': 'reference_timepoint'}, {'day': 12, 'dy': 0.0, 'dx': 505.7999877929688, 'shift_magnitude': 505.7999877929688, 'overlap_fraction': 0.8236401716203038, 'large_shift': True, 'max_shift_exceeded': False, 'qc_pass': False, 'registration_channel': '488nm Binned', 'qc_note': 'phase_cross_correlation_on_stable_channel'}, {'day': 16, 'dy': 0.0, 'dx': -803.7000122070312, 'shift_magnitude': 803.7000122070312, 'overlap_fraction': 0.7197698702207004, 'large_shift': True, 'max_shift_exceeded': False, 'qc_pass': False, 'registration_channel': '488nm Binned', 'qc_note': 'phase_cross_correlation_on_stable_channel'}, {'day': 20, 'dy': 409.0, 'dx': 0.0, 'shift_magnitude': 409.0, 'overlap_fraction': 0.8573919107391911, 'large_shift': False, 'max_shift_exceeded': False, 'qc_pass': True, 'registration_channel': '488nm Binned', 'qc_note': 'phase_cross_correlation_on_stable_channel'}, {'day': 25, 'dy': 257.29998779296875, 'dx': 0.0, 'shift_magnitude': 257.29998779296875, 'overlap_fraction': 0.9102859177848784, 'large_shift': False, 'max_shift_exceeded': False, 'qc_pass': True, 'registration_channel': '488nm Binned', 'qc_note': 'phase_cross_correlation_on_stable_channel'}, {'day': 29, 'dy': 0.0, 'dx': -1341.4000244140625, 'shift_magnitude': 1341.4000244140625, 'overlap_fraction': 0.5322872997161567, 'large_shift': True, 'max_shift_exceeded': True, 'qc_pass': False, 'registration_channel': '488nm Binned', 'qc_note': 'phase_cross_correlation_on_stable_channel;shift_exceeds_max_shift_pixels'}, {'day': 32, 'dy': 0.0, 'dx': 357.3999938964844, 'shift_magnitude': 357.3999938964844, 'overlap_fraction': 0.8753835446664978, 'large_shift': False, 'max_shift_exceeded': False, 'qc_pass': True, 'registration_channel': '488nm Binned', 'qc_note': 'phase_cross_correlation_on_stable_channel'}, {'day': 36, 'dy': 1056.0, 'dx': 0.0, 'shift_magnitude': 1056.0, 'overlap_fraction': 0.6317991631799164, 'large_shift': True, 'max_shift_exceeded': False, 'qc_pass': False, 'registration_channel': '488nm Binned', 'qc_note': 'phase_cross_correlation_on_stable_channel'}, {'day': 39, 'dy': 0.0, 'dx': 1061.199951171875, 'shift_magnitude': 1061.199951171875, 'overlap_fraction': 0.6299860700237535, 'large_shift': True, 'max_shift_exceeded': False, 'qc_pass': False, 'registration_channel': '488nm Binned', 'qc_note': 'phase_cross_correlation_on_stable_channel'}]",5,1341.4000244140625,0.5322872997161567,review_low_overlap,very_low_overlap_retained,True,overlap_only_analysis,pseudo_fov_alignment_needed,pseudo_fov_alignment_needed,True,True,registered_common_overlap,True,5,LOCAL_PROCESSED_OUTPUT/dashboard/previews/M09,LOCAL_PROCESSED_OUTPUT/dashboard/roi_previews/M09
E17,PLD3_mCherry_reporter_control,8|12|16|20|25|29|32|36|39,12|16|20|25|29|39,Large microscopy file stored locally/shared drive,LOCAL_PROCESSED_OUTPUT/full_mcherry_valid_queue_abc/wells/E17/qc/E17_registration_qc.csv,LOCAL_PROCESSED_OUTPUT/full_mcherry_valid_queue_abc/wells/E17/qc/E17_registration_qc_montage.png,9x3x2868x2868,9x3x944x925,2868,2868,944,925,8225424,873200,0.10615866124348118,10.615866124348118,1326,2270,996,1921,Overlap crop is stored in registered-frame coordinates. Per-day original-space mapping requires applying the inverse registration shift for each day.,"day8:dy=0.0,dx=0.0|day12:dy=-595.1,dx=0.0|day16:dy=0.0,dx=-946.1|day20:dy=0.0,dx=-713.1|day25:dy=1325.4,dx=0.0|day29:dy=0.0,dx=996.0|day32:dy=-234.4,dx=0.0|day36:dy=-68.5,dx=0.0|day39:dy=-597.7,dx=0.0","[{'day': 8, 'dy': 0.0, 'dx': 0.0, 'shift_magnitude': 0.0, 'overlap_fraction': 1.0, 'large_shift': False, 'max_shift_exceeded': False, 'qc_pass': True, 'registration_channel': '488nm Binned', 'qc_note': 'reference_timepoint'}, {'day': 12, 'dy': -595.0999755859375, 'dx': 0.0, 'shift_magnitude': 595.0999755859375, 'overlap_fraction': 0.7925034952629227, 'large_shift': True, 'max_shift_exceeded': False, 'qc_pass': False, 'registration_channel': '488nm Binned', 'qc_note': 'phase_cross_correlation_on_stable_channel'}, {'day': 16, 'dy': 0.0, 'dx': -946.0999755859376, 'shift_magnitude': 946.0999755859376, 'overlap_fraction': 0.670118558024429, 'large_shift': True, 'max_shift_exceeded': False, 'qc_pass': False, 'registration_channel': '488nm Binned', 'qc_note': 'phase_cross_correlation_on_stable_channel'}, {'day': 20, 'dy': 0.0, 'dx': -713.0999755859375, 'shift_magnitude': 713.0999755859375, 'overlap_fraction': 0.7513598411485574, 'large_shift': True, 'max_shift_exceeded': False, 'qc_pass': False, 'registration_channel': '488nm Binned', 'qc_note': 'phase_cross_correlation_on_stable_channel'}, {'day': 25, 'dy': 1325.4000244140625, 'dx': 0.0, 'shift_magnitude': 1325.4000244140625, 'overlap_fraction': 0.5378661002740368, 'large_shift': True, 'max_shift_exceeded': True, 'qc_pass': False, 'registration_channel': '488nm Binned', 'qc_note': 'phase_cross_correlation_on_stable_channel;shift_exceeds_max_shift_pixels'}, {'day': 29, 'dy': 0.0, 'dx': 996.0, 'shift_magnitude': 996.0, 'overlap_fraction': 0.6527196652719666, 'large_shift': True, 'max_shift_exceeded': False, 'qc_pass': False, 'registration_channel': '488nm Binned', 'qc_note': 'phase_cross_correlation_on_stable_channel'}, {'day': 32, 'dy': -234.3999938964844, 'dx': 0.0, 'shift_magnitude': 234.3999938964844, 'overlap_fraction': 0.9182705739552008, 'large_shift': False, 'max_shift_exceeded': False, 'qc_pass': True, 'registration_channel': '488nm Binned', 'qc_note': 'phase_cross_correlation_on_stable_channel'}, {'day': 36, 'dy': -68.5, 'dx': 0.0, 'shift_magnitude': 68.5, 'overlap_fraction': 0.976115760111576, 'large_shift': False, 'max_shift_exceeded': False, 'qc_pass': True, 'registration_channel': '488nm Binned', 'qc_note': 'phase_cross_correlation_on_stable_channel'}, {'day': 39, 'dy': -597.7000122070312, 'dx': 0.0, 'shift_magnitude': 597.7000122070312, 'overlap_fraction': 0.7915969274034061, 'large_shift': True, 'max_shift_exceeded': False, 'qc_pass': False, 'registration_channel': '488nm Binned', 'qc_note': 'phase_cross_correlation_on_stable_channel'}]",6,1325.4000244140625,0.5378661002740368,review_low_overlap,very_low_overlap_retained,True,overlap_only_analysis,pseudo_fov_alignment_needed,pseudo_fov_alignment_needed,True,True,registered_common_overlap,True,5,LOCAL_PROCESSED_OUTPUT/dashboard/previews/E17,LOCAL_PROCESSED_OUTPUT/dashboard/roi_previews/E17
E16,PLD3_mCherry_reporter_control,8|12|16|20|25|29|32|36|39,16|25|39,Large microscopy file stored locally/shared drive,LOCAL_PROCESSED_OUTPUT/full_mcherry_valid_queue_abc/wells/E16/qc/E16_registration_qc.csv,LOCAL_PROCESSED_OUTPUT/full_mcherry_valid_queue_abc/wells/E16/qc/E16_registration_qc_montage.png,9x3x2868x2868,9x3x529x1687,2868,2868,529,1687,8225424,892423,0.10849568362676501,10.849568362676502,1422,1951,0,1687,Overlap crop is stored in registered-frame coordinates. Per-day original-space mapping requires applying the inverse registration shift for each day.,"day8:dy=0.0,dx=0.0|day12:dy=-91.9,dx=0.0|day16:dy=0.0,dx=-1180.4|day20:dy=-80.0,dx=0.0|day25:dy=-916.2,dx=0.0|day29:dy=-3.5,dx=0.0|day32:dy=398.8,dx=0.0|day36:dy=-158.3,dx=0.0|day39:dy=1422.0,dx=0.0","[{'day': 8, 'dy': 0.0, 'dx': 0.0, 'shift_magnitude': 0.0, 'overlap_fraction': 1.0, 'large_shift': False, 'max_shift_exceeded': False, 'qc_pass': True, 'registration_channel': '488nm Binned', 'qc_note': 'reference_timepoint'}, {'day': 12, 'dy': -91.9000015258789, 'dx': 0.0, 'shift_magnitude': 91.9000015258789, 'overlap_fraction': 0.9679567637636406, 'large_shift': False, 'max_shift_exceeded': False, 'qc_pass': True, 'registration_channel': '488nm Binned', 'qc_note': 'phase_cross_correlation_on_stable_channel'}, {'day': 16, 'dy': 0.0, 'dx': -1180.4000244140625, 'shift_magnitude': 1180.4000244140625, 'overlap_fraction': 0.5884239803298248, 'large_shift': True, 'max_shift_exceeded': False, 'qc_pass': False, 'registration_channel': '488nm Binned', 'qc_note': 'phase_cross_correlation_on_stable_channel'}, {'day': 20, 'dy': -80.0, 'dx': 0.0, 'shift_magnitude': 80.0, 'overlap_fraction': 0.9721059972105998, 'large_shift': False, 'max_shift_exceeded': False, 'qc_pass': True, 'registration_channel': '488nm Binned', 'qc_note': 'phase_cross_correlation_on_stable_channel'}, {'day': 25, 'dy': -916.2000122070312, 'dx': 0.0, 'shift_magnitude': 916.2000122070312, 'overlap_fraction': 0.6805439287981062, 'large_shift': True, 'max_shift_exceeded': False, 'qc_pass': False, 'registration_channel': '488nm Binned', 'qc_note': 'phase_cross_correlation_on_stable_channel'}, {'day': 29, 'dy': -3.5, 'dx': 0.0, 'shift_magnitude': 3.5, 'overlap_fraction': 0.9987796373779636, 'large_shift': False, 'max_shift_exceeded': False, 'qc_pass': True, 'registration_channel': '488nm Binned', 'qc_note': 'phase_cross_correlation_on_stable_channel'}, {'day': 32, 'dy': 398.7999877929688, 'dx': 0.0, 'shift_magnitude': 398.7999877929688, 'overlap_fraction': 0.8609484003511266, 'large_shift': False, 'max_shift_exceeded': False, 'qc_pass': True, 'registration_channel': '488nm Binned', 'qc_note': 'phase_cross_correlation_on_stable_channel'}, {'day': 36, 'dy': -158.3000030517578, 'dx': 0.0, 'shift_magnitude': 158.3000030517578, 'overlap_fraction': 0.9448047409164024, 'large_shift': False, 'max_shift_exceeded': False, 'qc_pass': True, 'registration_channel': '488nm Binned', 'qc_note': 'phase_cross_correlation_on_stable_channel'}, {'day': 39, 'dy': 1422.0, 'dx': 0.0, 'shift_magnitude': 1422.0, 'overlap_fraction': 0.50418410041841, 'large_shift': True, 'max_shift_exceeded': True, 'qc_pass': False, 'registration_channel': '488nm Binned', 'qc_note': 'phase_cross_correlation_on_stable_channel;shift_exceeds_max_shift_pixels'}]",3,1422.0,0.50418410041841,review_low_overlap,very_low_overlap_retained,True,overlap_only_analysis,pseudo_fov_alignment_needed,pseudo_fov_alignment_needed,True,True,registered_common_overlap,True,5,LOCAL_PROCESSED_OUTPUT/dashboard/previews/E16,LOCAL_PROCESSED_OUTPUT/dashboard/roi_previews/E16
F18,PLD3_TMEM106B_mCherry_primary,8|12|16|20|25|29|32|36|39,12|16|20|25|29|32|39,Large microscopy file stored locally/shared drive,LOCAL_PROCESSED_OUTPUT/full_mcherry_valid_queue_abc/wells/F18/qc/F18_registration_qc.csv,LOCAL_PROCESSED_OUTPUT/full_mcherry_valid_queue_abc/wells/F18/qc/F18_registration_qc_montage.png,9x3x2868x2868,9x3x2868x326,2868,2868,2868,326,8225424,934968,0.11366806136680614,11.366806136680614,0,2868,1141,1467,Overlap crop is stored in registered-frame coordinates. Per-day original-space mapping requires applying the inverse registration shift for each day.,"day8:dy=0.0,dx=0.0|day12:dy=0.0,dx=742.3|day16:dy=0.0,dx=1140.1|day20:dy=0.0,dx=-1215.2|day25:dy=0.0,dx=-666.5|day29:dy=0.0,dx=-511.8|day32:dy=0.0,dx=-1323.2|day36:dy=0.0,dx=171.8|day39:dy=0.0,dx=-1400.1","[{'day': 8, 'dy': 0.0, 'dx': 0.0, 'shift_magnitude': 0.0, 'overlap_fraction': 1.0, 'large_shift': False, 'max_shift_exceeded': False, 'qc_pass': True, 'registration_channel': '488nm Binned', 'qc_note': 'reference_timepoint'}, {'day': 12, 'dy': 0.0, 'dx': 742.2999877929688, 'shift_magnitude': 742.2999877929688, 'overlap_fraction': 0.7411785258741392, 'large_shift': True, 'max_shift_exceeded': False, 'qc_pass': False, 'registration_channel': '488nm Binned', 'qc_note': 'phase_cross_correlation_on_stable_channel'}, {'day': 16, 'dy': 0.0, 'dx': 1140.0999755859375, 'shift_magnitude': 1140.0999755859375, 'overlap_fraction': 0.6024756012601333, 'large_shift': True, 'max_shift_exceeded': False, 'qc_pass': False, 'registration_channel': '488nm Binned', 'qc_note': 'phase_cross_correlation_on_stable_channel'}, {'day': 20, 'dy': 0.0, 'dx': -1215.199951171875, 'shift_magnitude': 1215.199951171875, 'overlap_fraction': 0.5762901146541579, 'large_shift': True, 'max_shift_exceeded': True, 'qc_pass': False, 'registration_channel': '488nm Binned', 'qc_note': 'phase_cross_correlation_on_stable_channel;shift_exceeds_max_shift_pixels'}, {'day': 25, 'dy': 0.0, 'dx': -666.5, 'shift_magnitude': 666.5, 'overlap_fraction': 0.7676080892608089, 'large_shift': True, 'max_shift_exceeded': False, 'qc_pass': False, 'registration_channel': '488nm Binned', 'qc_note': 'phase_cross_correlation_on_stable_channel'}, {'day': 29, 'dy': 0.0, 'dx': -511.7999877929688, 'shift_magnitude': 511.7999877929688, 'overlap_fraction': 0.8215481214110988, 'large_shift': True, 'max_shift_exceeded': False, 'qc_pass': False, 'registration_channel': '488nm Binned', 'qc_note': 'phase_cross_correlation_on_stable_channel'}, {'day': 32, 'dy': 0.0, 'dx': -1323.199951171875, 'shift_magnitude': 1323.199951171875, 'overlap_fraction': 0.5386332108884676, 'large_shift': True, 'max_shift_exceeded': True, 'qc_pass': False, 'registration_channel': '488nm Binned', 'qc_note': 'phase_cross_correlation_on_stable_channel;shift_exceeds_max_shift_pixels'}, {'day': 36, 'dy': 0.0, 'dx': 171.8000030517578, 'shift_magnitude': 171.8000030517578, 'overlap_fraction': 0.9400976279456912, 'large_shift': False, 'max_shift_exceeded': False, 'qc_pass': True, 'registration_channel': '488nm Binned', 'qc_note': 'phase_cross_correlation_on_stable_channel'}, {'day': 39, 'dy': 0.0, 'dx': -1400.0999755859375, 'shift_magnitude': 1400.0999755859375, 'overlap_fraction': 0.5118200921945825, 'large_shift': True, 'max_shift_exceeded': True, 'qc_pass': False, 'registration_channel': '488nm Binned', 'qc_note': 'phase_cross_correlation_on_stable_channel;shift_exceeds_max_shift_pixels'}]",7,1400.0999755859375,0.5118200921945825,review_low_overlap,very_low_overlap_retained,True,overlap_only_analysis,pseudo_fov_alignment_needed,pseudo_fov_alignment_needed,True,True,registered_common_overlap,True,5,LOCAL_PROCESSED_OUTPUT/dashboard/previews/F18,LOCAL_PROCESSED_OUTPUT/dashboard/roi_previews/F18
E11,PLD3_mCherry_reporter_control,8|12|16|20|25|29|32|36|39,12|20|25|29|32|36|39,Large microscopy file stored locally/shared drive,LOCAL_PROCESSED_OUTPUT/full_mcherry_valid_queue_abc/wells/E11/qc/E11_registration_qc.csv,LOCAL_PROCESSED_OUTPUT/full_mcherry_valid_queue_abc/wells/E11/qc/E11_registration_qc_montage.png,9x3x2868x2868,9x3x621x1512,2868,2868,621,1512,8225424,938952,0.11415241329808652,11.415241329808651,972,1593,0,1512,Overlap crop is stored in registered-frame coordinates. Per-day original-space mapping requires applying the inverse registration shift for each day.,"day8:dy=0.0,dx=0.0|day12:dy=-585.0,dx=0.0|day16:dy=0.0,dx=-273.3|day20:dy=-550.5,dx=0.0|day25:dy=0.0,dx=-1207.6|day29:dy=0.0,dx=-1355.7|day32:dy=972.0,dx=0.0|day36:dy=-1157.5,dx=0.0|day39:dy=-1274.5,dx=0.0","[{'day': 8, 'dy': 0.0, 'dx': 0.0, 'shift_magnitude': 0.0, 'overlap_fraction': 1.0, 'large_shift': False, 'max_shift_exceeded': False, 'qc_pass': True, 'registration_channel': '488nm Binned', 'qc_note': 'reference_timepoint'}, {'day': 12, 'dy': -585.0, 'dx': 0.0, 'shift_magnitude': 585.0, 'overlap_fraction': 0.7960251046025104, 'large_shift': True, 'max_shift_exceeded': False, 'qc_pass': False, 'registration_channel': '488nm Binned', 'qc_note': 'phase_cross_correlation_on_stable_channel'}, {'day': 16, 'dy': 0.0, 'dx': -273.29998779296875, 'shift_magnitude': 273.29998779296875, 'overlap_fraction': 0.9047071172269984, 'large_shift': False, 'max_shift_exceeded': False, 'qc_pass': True, 'registration_channel': '488nm Binned', 'qc_note': 'phase_cross_correlation_on_stable_channel'}, {'day': 20, 'dy': -550.5, 'dx': 0.0, 'shift_magnitude': 550.5, 'overlap_fraction': 0.8080543933054394, 'large_shift': True, 'max_shift_exceeded': False, 'qc_pass': False, 'registration_channel': '488nm Binned', 'qc_note': 'phase_cross_correlation_on_stable_channel'}, {'day': 25, 'dy': 0.0, 'dx': -1207.5999755859375, 'shift_magnitude': 1207.5999755859375, 'overlap_fraction': 0.5789400364065769, 'large_shift': True, 'max_shift_exceeded': True, 'qc_pass': False, 'registration_channel': '488nm Binned', 'qc_note': 'phase_cross_correlation_on_stable_channel;shift_exceeds_max_shift_pixels'}, {'day': 29, 'dy': 0.0, 'dx': -1355.699951171875, 'shift_magnitude': 1355.699951171875, 'overlap_fraction': 0.5273012722552737, 'large_shift': True, 'max_shift_exceeded': True, 'qc_pass': False, 'registration_channel': '488nm Binned', 'qc_note': 'phase_cross_correlation_on_stable_channel;shift_exceeds_max_shift_pixels'}, {'day': 32, 'dy': 972.0, 'dx': 0.0, 'shift_magnitude': 972.0, 'overlap_fraction': 0.6610878661087866, 'large_shift': True, 'max_shift_exceeded': False, 'qc_pass': False, 'registration_channel': '488nm Binned', 'qc_note': 'phase_cross_correlation_on_stable_channel'}, {'day': 36, 'dy': -1157.5, 'dx': 0.0, 'shift_magnitude': 1157.5, 'overlap_fraction': 0.5964086471408647, 'large_shift': True, 'max_shift_exceeded': False, 'qc_pass': False, 'registration_channel': '488nm Binned', 'qc_note': 'phase_cross_correlation_on_stable_channel'}, {'day': 39, 'dy': -1274.5, 'dx': 0.0, 'shift_magnitude': 1274.5, 'overlap_fraction': 0.5556136680613668, 'large_shift': True, 'max_shift_exceeded': True, 'qc_pass': False, 'registration_channel': '488nm Binned', 'qc_note': 'phase_cross_correlation_on_stable_channel;shift_exceeds_max_shift_pixels'}]",7,1355.699951171875,0.5273012722552737,review_low_overlap,very_low_overlap_retained,True,overlap_only_analysis,pseudo_fov_alignment_needed,pseudo_fov_alignment_needed,True,True,registered_common_overlap,True,5,LOCAL_PROCESSED_OUTPUT/dashboard/previews/E11,LOCAL_PROCESSED_OUTPUT/dashboard/roi_previews/E11
M20,PLD3_mCherry_reporter_control,8|12|16|20|25|29|32|36|39,12|20|36,Large microscopy file stored locally/shared drive,LOCAL_PROCESSED_OUTPUT/full_mcherry_valid_queue_abc/wells/M20/qc/M20_registration_qc.csv,LOCAL_PROCESSED_OUTPUT/full_mcherry_valid_queue_abc/wells/M20/qc/M20_registration_qc_montage.png,9x3x2868x2868,9x3x362x2624,2868,2868,362,2624,8225424,949888,0.11548194962350877,11.548194962350877,1271,1633,0,2624,Overlap crop is stored in registered-frame coordinates. Per-day original-space mapping requires applying the inverse registration shift for each day.,"day8:dy=0.0,dx=0.0|day12:dy=-979.8,dx=0.0|day16:dy=0.0,dx=-243.2|day20:dy=1271.0,dx=0.0|day25:dy=27.3,dx=0.0|day29:dy=-312.9,dx=0.0|day32:dy=-352.5,dx=0.0|day36:dy=-1234.2,dx=0.0|day39:dy=-44.1,dx=0.0","[{'day': 8, 'dy': 0.0, 'dx': 0.0, 'shift_magnitude': 0.0, 'overlap_fraction': 1.0, 'large_shift': False, 'max_shift_exceeded': False, 'qc_pass': True, 'registration_channel': '488nm Binned', 'qc_note': 'reference_timepoint'}, {'day': 12, 'dy': -979.7999877929688, 'dx': 0.0, 'shift_magnitude': 979.7999877929688, 'overlap_fraction': 0.6583682050931071, 'large_shift': True, 'max_shift_exceeded': False, 'qc_pass': False, 'registration_channel': '488nm Binned', 'qc_note': 'phase_cross_correlation_on_stable_channel'}, {'day': 16, 'dy': 0.0, 'dx': -243.1999969482422, 'shift_magnitude': 243.1999969482422, 'overlap_fraction': 0.9152022325842948, 'large_shift': False, 'max_shift_exceeded': False, 'qc_pass': True, 'registration_channel': '488nm Binned', 'qc_note': 'phase_cross_correlation_on_stable_channel'}, {'day': 20, 'dy': 1271.0, 'dx': 0.0, 'shift_magnitude': 1271.0, 'overlap_fraction': 0.5568340306834031, 'large_shift': True, 'max_shift_exceeded': True, 'qc_pass': False, 'registration_channel': '488nm Binned', 'qc_note': 'phase_cross_correlation_on_stable_channel;shift_exceeds_max_shift_pixels'}, {'day': 25, 'dy': 27.299999237060547, 'dx': 0.0, 'shift_magnitude': 27.299999237060547, 'overlap_fraction': 0.9904811718141352, 'large_shift': False, 'max_shift_exceeded': False, 'qc_pass': True, 'registration_channel': '488nm Binned', 'qc_note': 'phase_cross_correlation_on_stable_channel'}, {'day': 29, 'dy': -312.8999938964844, 'dx': 0.0, 'shift_magnitude': 312.8999938964844, 'overlap_fraction': 0.8908995837181016, 'large_shift': False, 'max_shift_exceeded': False, 'qc_pass': True, 'registration_channel': '488nm Binned', 'qc_note': 'phase_cross_correlation_on_stable_channel'}, {'day': 32, 'dy': -352.5, 'dx': 0.0, 'shift_magnitude': 352.5, 'overlap_fraction': 0.877092050209205, 'large_shift': False, 'max_shift_exceeded': False, 'qc_pass': True, 'registration_channel': '488nm Binned', 'qc_note': 'phase_cross_correlation_on_stable_channel'}, {'day': 36, 'dy': -1234.199951171875, 'dx': 0.0, 'shift_magnitude': 1234.199951171875, 'overlap_fraction': 0.5696652889916753, 'large_shift': True, 'max_shift_exceeded': True, 'qc_pass': False, 'registration_channel': '488nm Binned', 'qc_note': 'phase_cross_correlation_on_stable_channel;shift_exceeds_max_shift_pixels'}, {'day': 39, 'dy': -44.09999847412109, 'dx': 0.0, 'shift_magnitude': 44.09999847412109, 'overlap_fraction': 0.984623431494379, 'large_shift': False, 'max_shift_exceeded': False, 'qc_pass': True, 'registration_channel': '488nm Binned', 'qc_note': 'phase_cross_correlation_on_stable_channel'}]",3,1271.0,0.5568340306834031,review_low_overlap,very_low_overlap_retained,True,overlap_only_analysis,pseudo_fov_alignment_needed,pseudo_fov_alignment_needed,True,True,registered_common_overlap,True,5,LOCAL_PROCESSED_OUTPUT/dashboard/previews/M20,LOCAL_PROCESSED_OUTPUT/dashboard/roi_previews/M20
M11,PLD3_mCherry_reporter_control,8|12|16|20|25|29|32|36|39,16|25|29|32|36,Large microscopy file stored locally/shared drive,LOCAL_PROCESSED_OUTPUT/full_mcherry_valid_queue_abc/wells/M11/qc/M11_registration_qc.csv,LOCAL_PROCESSED_OUTPUT/full_mcherry_valid_queue_abc/wells/M11/qc/M11_registration_qc_montage.png,9x3x2868x2868,9x3x1330x752,2868,2868,1330,752,8225424,1000160,0.12159373182464515,12.159373182464515,674,2004,1007,1759,Overlap crop is stored in registered-frame coordinates. Per-day original-space mapping requires applying the inverse registration shift for each day.,"day8:dy=0.0,dx=0.0|day12:dy=285.6,dx=0.0|day16:dy=-863.4,dx=0.0|day20:dy=312.2,dx=0.0|day25:dy=673.4,dx=1.1|day29:dy=0.0,dx=1006.7|day32:dy=0.0,dx=-770.0|day36:dy=0.0,dx=-1108.8|day39:dy=0.0,dx=340.9","[{'day': 8, 'dy': 0.0, 'dx': 0.0, 'shift_magnitude': 0.0, 'overlap_fraction': 1.0, 'large_shift': False, 'max_shift_exceeded': False, 'qc_pass': True, 'registration_channel': '488nm Binned', 'qc_note': 'reference_timepoint'}, {'day': 12, 'dy': 285.6000061035156, 'dx': 0.0, 'shift_magnitude': 285.6000061035156, 'overlap_fraction': 0.9004184079136974, 'large_shift': False, 'max_shift_exceeded': False, 'qc_pass': True, 'registration_channel': '488nm Binned', 'qc_note': 'phase_cross_correlation_on_stable_channel'}, {'day': 16, 'dy': -863.4000244140625, 'dx': 0.0, 'shift_magnitude': 863.4000244140625, 'overlap_fraction': 0.6989539663828234, 'large_shift': True, 'max_shift_exceeded': False, 'qc_pass': False, 'registration_channel': '488nm Binned', 'qc_note': 'phase_cross_correlation_on_stable_channel'}, {'day': 20, 'dy': 312.20001220703125, 'dx': 0.0, 'shift_magnitude': 312.20001220703125, 'overlap_fraction': 0.8911436498580784, 'large_shift': False, 'max_shift_exceeded': False, 'qc_pass': True, 'registration_channel': '488nm Binned', 'qc_note': 'phase_cross_correlation_on_stable_channel'}, {'day': 25, 'dy': 673.4000244140625, 'dx': 1.100000023841858, 'shift_magnitude': 673.400922839368, 'overlap_fraction': 0.7649087353983213, 'large_shift': True, 'max_shift_exceeded': False, 'qc_pass': False, 'registration_channel': '488nm Binned', 'qc_note': 'phase_cross_correlation_on_stable_channel'}, {'day': 29, 'dy': 0.0, 'dx': 1006.7000122070312, 'shift_magnitude': 1006.7000122070312, 'overlap_fraction': 0.6489888381425972, 'large_shift': True, 'max_shift_exceeded': False, 'qc_pass': False, 'registration_channel': '488nm Binned', 'qc_note': 'phase_cross_correlation_on_stable_channel'}, {'day': 32, 'dy': 0.0, 'dx': -770.0, 'shift_magnitude': 770.0, 'overlap_fraction': 0.7315202231520224, 'large_shift': True, 'max_shift_exceeded': False, 'qc_pass': False, 'registration_channel': '488nm Binned', 'qc_note': 'phase_cross_correlation_on_stable_channel'}, {'day': 36, 'dy': 0.0, 'dx': -1108.800048828125, 'shift_magnitude': 1108.800048828125, 'overlap_fraction': 0.6133891043137639, 'large_shift': True, 'max_shift_exceeded': False, 'qc_pass': False, 'registration_channel': '488nm Binned', 'qc_note': 'phase_cross_correlation_on_stable_channel'}, {'day': 39, 'dy': 0.0, 'dx': 340.8999938964844, 'shift_magnitude': 340.8999938964844, 'overlap_fraction': 0.8811366827418116, 'large_shift': False, 'max_shift_exceeded': False, 'qc_pass': True, 'registration_channel': '488nm Binned', 'qc_note': 'phase_cross_correlation_on_stable_channel'}]",5,1108.800048828125,0.6133891043137639,review_low_overlap,very_low_overlap_retained,True,overlap_only_analysis,pseudo_fov_alignment_needed,pseudo_fov_alignment_needed,True,True,registered_common_overlap,True,5,LOCAL_PROCESSED_OUTPUT/dashboard/previews/M11,LOCAL_PROCESSED_OUTPUT/dashboard/roi_previews/M11
F16,PLD3_TMEM106B_mCherry_primary,8|12|16|20|25|29|32|36|39,16|20|29|32|39,Large microscopy file stored locally/shared drive,LOCAL_PROCESSED_OUTPUT/full_mcherry_valid_queue_abc/wells/F16/qc/F16_registration_qc.csv,LOCAL_PROCESSED_OUTPUT/full_mcherry_valid_queue_abc/wells/F16/qc/F16_registration_qc_montage.png,9x3x2868x2868,9x3x1646x621,2868,2868,1646,621,8225424,1022166,0.1242690954290016,12.426909542900159,1222,2868,1314,1935,Overlap crop is stored in registered-frame coordinates. Per-day original-space mapping requires applying the inverse registration shift for each day.,"day8:dy=0.0,dx=0.0|day12:dy=294.0,dx=0.0|day16:dy=0.0,dx=1313.9|day20:dy=0.0,dx=-932.3|day25:dy=0.0,dx=-309.2|day29:dy=880.0,dx=0.0|day32:dy=1222.0,dx=0.0|day36:dy=0.0,dx=357.3|day39:dy=647.9,dx=0.0","[{'day': 8, 'dy': 0.0, 'dx': 0.0, 'shift_magnitude': 0.0, 'overlap_fraction': 1.0, 'large_shift': False, 'max_shift_exceeded': False, 'qc_pass': True, 'registration_channel': '488nm Binned', 'qc_note': 'reference_timepoint'}, {'day': 12, 'dy': 294.0, 'dx': 0.0, 'shift_magnitude': 294.0, 'overlap_fraction': 0.897489539748954, 'large_shift': False, 'max_shift_exceeded': False, 'qc_pass': True, 'registration_channel': '488nm Binned', 'qc_note': 'phase_cross_correlation_on_stable_channel'}, {'day': 16, 'dy': 0.0, 'dx': 1313.9000244140625, 'shift_magnitude': 1313.9000244140625, 'overlap_fraction': 0.5418758631750131, 'large_shift': True, 'max_shift_exceeded': True, 'qc_pass': False, 'registration_channel': '488nm Binned', 'qc_note': 'phase_cross_correlation_on_stable_channel;shift_exceeds_max_shift_pixels'}, {'day': 20, 'dy': 0.0, 'dx': -932.2999877929688, 'shift_magnitude': 932.2999877929688, 'overlap_fraction': 0.6749302692493135, 'large_shift': True, 'max_shift_exceeded': False, 'qc_pass': False, 'registration_channel': '488nm Binned', 'qc_note': 'phase_cross_correlation_on_stable_channel'}, {'day': 25, 'dy': 0.0, 'dx': -309.20001220703125, 'shift_magnitude': 309.20001220703125, 'overlap_fraction': 0.8921896749626809, 'large_shift': False, 'max_shift_exceeded': False, 'qc_pass': True, 'registration_channel': '488nm Binned', 'qc_note': 'phase_cross_correlation_on_stable_channel'}, {'day': 29, 'dy': 880.0, 'dx': 0.0, 'shift_magnitude': 880.0, 'overlap_fraction': 0.6931659693165969, 'large_shift': True, 'max_shift_exceeded': False, 'qc_pass': False, 'registration_channel': '488nm Binned', 'qc_note': 'phase_cross_correlation_on_stable_channel'}, {'day': 32, 'dy': 1222.0, 'dx': 0.0, 'shift_magnitude': 1222.0, 'overlap_fraction': 0.5739191073919108, 'large_shift': True, 'max_shift_exceeded': True, 'qc_pass': False, 'registration_channel': '488nm Binned', 'qc_note': 'phase_cross_correlation_on_stable_channel;shift_exceeds_max_shift_pixels'}, {'day': 36, 'dy': 0.0, 'dx': 357.29998779296875, 'shift_magnitude': 357.29998779296875, 'overlap_fraction': 0.8754184142981281, 'large_shift': False, 'max_shift_exceeded': False, 'qc_pass': True, 'registration_channel': '488nm Binned', 'qc_note': 'phase_cross_correlation_on_stable_channel'}, {'day': 39, 'dy': 647.9000244140625, 'dx': 0.0, 'shift_magnitude': 647.9000244140625, 'overlap_fraction': 0.7740934363967704, 'large_shift': True, 'max_shift_exceeded': False, 'qc_pass': False, 'registration_channel': '488nm Binned', 'qc_note': 'phase_cross_correlation_on_stable_channel'}]",5,1313.9000244140625,0.5418758631750131,review_low_overlap,very_low_overlap_retained,True,overlap_only_analysis,pseudo_fov_alignment_needed,pseudo_fov_alignment_needed,True,True,registered_common_overlap,True,5,LOCAL_PROCESSED_OUTPUT/dashboard/previews/F16,LOCAL_PROCESSED_OUTPUT/dashboard/roi_previews/F16
I06,PLD3_mCherry_reporter_control,8|12|16|20|25|29|32|36|39,16|20|29|32|36|39,Large microscopy file stored locally/shared drive,LOCAL_PROCESSED_OUTPUT/full_mcherry_valid_queue_abc/wells/I06/qc/I06_registration_qc.csv,LOCAL_PROCESSED_OUTPUT/full_mcherry_valid_queue_abc/wells/I06/qc/I06_registration_qc_montage.png,9x3x2868x2868,9x3x1649x620,2868,2868,1649,620,8225424,1022380,0.12429511232490872,12.429511232490873,1219,2868,1317,1937,Overlap crop is stored in registered-frame coordinates. Per-day original-space mapping requires applying the inverse registration shift for each day.,"day8:dy=0.0,dx=0.0|day12:dy=36.6,dx=0.0|day16:dy=0.0,dx=-930.2|day20:dy=1218.1,dx=0.0|day25:dy=0.0,dx=170.1|day29:dy=0.0,dx=1256.9|day32:dy=0.0,dx=1232.7|day36:dy=0.0,dx=723.9|day39:dy=0.0,dx=1316.8","[{'day': 8, 'dy': 0.0, 'dx': 0.0, 'shift_magnitude': 0.0, 'overlap_fraction': 1.0, 'large_shift': False, 'max_shift_exceeded': False, 'qc_pass': True, 'registration_channel': '488nm Binned', 'qc_note': 'reference_timepoint'}, {'day': 12, 'dy': 36.59999847412109, 'dx': 0.0, 'shift_magnitude': 36.59999847412109, 'overlap_fraction': 0.9872384942558852, 'large_shift': False, 'max_shift_exceeded': False, 'qc_pass': True, 'registration_channel': '488nm Binned', 'qc_note': 'phase_cross_correlation_on_stable_channel'}, {'day': 16, 'dy': 0.0, 'dx': -930.2000122070312, 'shift_magnitude': 930.2000122070312, 'overlap_fraction': 0.6756624783099612, 'large_shift': True, 'max_shift_exceeded': False, 'qc_pass': False, 'registration_channel': '488nm Binned', 'qc_note': 'phase_cross_correlation_on_stable_channel'}, {'day': 20, 'dy': 1218.0999755859375, 'dx': 0.0, 'shift_magnitude': 1218.0999755859375, 'overlap_fraction': 0.5752789485404681, 'large_shift': True, 'max_shift_exceeded': True, 'qc_pass': False, 'registration_channel': '488nm Binned', 'qc_note': 'phase_cross_correlation_on_stable_channel;shift_exceeds_max_shift_pixels'}, {'day': 25, 'dy': 0.0, 'dx': 170.10000610351562, 'shift_magnitude': 170.10000610351562, 'overlap_fraction': 0.940690374440894, 'large_shift': False, 'max_shift_exceeded': False, 'qc_pass': True, 'registration_channel': '488nm Binned', 'qc_note': 'phase_cross_correlation_on_stable_channel'}, {'day': 29, 'dy': 0.0, 'dx': 1256.9000244140625, 'shift_magnitude': 1256.9000244140625, 'overlap_fraction': 0.5617503401624607, 'large_shift': True, 'max_shift_exceeded': True, 'qc_pass': False, 'registration_channel': '488nm Binned', 'qc_note': 'phase_cross_correlation_on_stable_channel;shift_exceeds_max_shift_pixels'}, {'day': 32, 'dy': 0.0, 'dx': 1232.699951171875, 'shift_magnitude': 1232.699951171875, 'overlap_fraction': 0.5701883015439766, 'large_shift': True, 'max_shift_exceeded': True, 'qc_pass': False, 'registration_channel': '488nm Binned', 'qc_note': 'phase_cross_correlation_on_stable_channel;shift_exceeds_max_shift_pixels'}, {'day': 36, 'dy': 0.0, 'dx': 723.9000244140625, 'shift_magnitude': 723.9000244140625, 'overlap_fraction': 0.7475941337468401, 'large_shift': True, 'max_shift_exceeded': False, 'qc_pass': False, 'registration_channel': '488nm Binned', 'qc_note': 'phase_cross_correlation_on_stable_channel'}, {'day': 39, 'dy': 0.0, 'dx': 1316.800048828125, 'shift_magnitude': 1316.800048828125, 'overlap_fraction': 0.5408646970613232, 'large_shift': True, 'max_shift_exceeded': True, 'qc_pass': False, 'registration_channel': '488nm Binned', 'qc_note': 'phase_cross_correlation_on_stable_channel;shift_exceeds_max_shift_pixels'}]",6,1316.800048828125,0.5408646970613232,review_low_overlap,very_low_overlap_retained,True,overlap_only_analysis,pseudo_fov_alignment_needed,pseudo_fov_alignment_needed,True,True,registered_common_overlap,True,5,LOCAL_PROCESSED_OUTPUT/dashboard/previews/I06,LOCAL_PROCESSED_OUTPUT/dashboard/roi_previews/I06
J09,PLD3_TMEM106B_mCherry_primary,8|12|16|20|25|29|32|36|39,25|32|36|39,Large microscopy file stored locally/shared drive,LOCAL_PROCESSED_OUTPUT/full_mcherry_valid_queue_abc/wells/J09/qc/J09_registration_qc.csv,LOCAL_PROCESSED_OUTPUT/full_mcherry_valid_queue_abc/wells/J09/qc/J09_registration_qc_montage.png,9x3x2868x2868,9x3x1545x666,2868,2868,1545,666,8225424,1028970,0.12509628682971236,12.509628682971236,282,1827,976,1642,Overlap crop is stored in registered-frame coordinates. Per-day original-space mapping requires applying the inverse registration shift for each day.,"day8:dy=0.0,dx=0.0|day12:dy=0.0,dx=-225.9|day16:dy=0.0,dx=0.0|day20:dy=281.2,dx=0.0|day25:dy=-558.8,dx=0.0|day29:dy=0.0,dx=-223.7|day32:dy=-1041.0,dx=0.0|day36:dy=0.0,dx=-1225.9|day39:dy=0.0,dx=975.9","[{'day': 8, 'dy': 0.0, 'dx': 0.0, 'shift_magnitude': 0.0, 'overlap_fraction': 1.0, 'large_shift': False, 'max_shift_exceeded': False, 'qc_pass': True, 'registration_channel': '488nm Binned', 'qc_note': 'reference_timepoint'}, {'day': 12, 'dy': 0.0, 'dx': -225.8999938964844, 'shift_magnitude': 225.8999938964844, 'overlap_fraction': 0.9212343117515744, 'large_shift': False, 'max_shift_exceeded': False, 'qc_pass': True, 'registration_channel': '488nm Binned', 'qc_note': 'phase_cross_correlation_on_stable_channel'}, {'day': 16, 'dy': 0.0, 'dx': 0.0, 'shift_magnitude': 0.0, 'overlap_fraction': 1.0, 'large_shift': False, 'max_shift_exceeded': False, 'qc_pass': True, 'registration_channel': '488nm Binned', 'qc_note': 'phase_cross_correlation_on_stable_channel'}, {'day': 20, 'dy': 281.20001220703125, 'dx': 0.0, 'shift_magnitude': 281.20001220703125, 'overlap_fraction': 0.9019525759389708, 'large_shift': False, 'max_shift_exceeded': False, 'qc_pass': True, 'registration_channel': '488nm Binned', 'qc_note': 'phase_cross_correlation_on_stable_channel'}, {'day': 25, 'dy': -558.7999877929688, 'dx': 0.0, 'shift_magnitude': 558.7999877929688, 'overlap_fraction': 0.8051603947723261, 'large_shift': True, 'max_shift_exceeded': False, 'qc_pass': False, 'registration_channel': '488nm Binned', 'qc_note': 'phase_cross_correlation_on_stable_channel'}, {'day': 29, 'dy': 0.0, 'dx': -223.6999969482422, 'shift_magnitude': 223.6999969482422, 'overlap_fraction': 0.9220013957642113, 'large_shift': False, 'max_shift_exceeded': False, 'qc_pass': True, 'registration_channel': '488nm Binned', 'qc_note': 'phase_cross_correlation_on_stable_channel'}, {'day': 32, 'dy': -1041.0, 'dx': 0.0, 'shift_magnitude': 1041.0, 'overlap_fraction': 0.6370292887029289, 'large_shift': True, 'max_shift_exceeded': False, 'qc_pass': False, 'registration_channel': '488nm Binned', 'qc_note': 'phase_cross_correlation_on_stable_channel'}, {'day': 36, 'dy': 0.0, 'dx': -1225.9000244140625, 'shift_magnitude': 1225.9000244140625, 'overlap_fraction': 0.5725592662433534, 'large_shift': True, 'max_shift_exceeded': True, 'qc_pass': False, 'registration_channel': '488nm Binned', 'qc_note': 'phase_cross_correlation_on_stable_channel;shift_exceeds_max_shift_pixels'}, {'day': 39, 'dy': 0.0, 'dx': 975.9000244140624, 'shift_magnitude': 975.9000244140624, 'overlap_fraction': 0.6597280249602293, 'large_shift': True, 'max_shift_exceeded': False, 'qc_pass': False, 'registration_channel': '488nm Binned', 'qc_note': 'phase_cross_correlation_on_stable_channel'}]",4,1225.9000244140625,0.5725592662433534,review_low_overlap,very_low_overlap_retained,True,overlap_only_analysis,pseudo_fov_alignment_needed,pseudo_fov_alignment_needed,True,True,registered_common_overlap,True,5,LOCAL_PROCESSED_OUTPUT/dashboard/previews/J09,LOCAL_PROCESSED_OUTPUT/dashboard/roi_previews/J09
M16,PLD3_mCherry_reporter_control,8|12|16|20|25|29|32|36|39,16|20|25|29|32,Large microscopy file stored locally/shared drive,LOCAL_PROCESSED_OUTPUT/full_mcherry_valid_queue_abc/wells/M16/qc/M16_registration_qc.csv,LOCAL_PROCESSED_OUTPUT/full_mcherry_valid_queue_abc/wells/M16/qc/M16_registration_qc_montage.png,9x3x2868x2868,9x3x2101x495,2868,2868,2101,495,8225424,1039995,0.12643664326604925,12.643664326604926,177,2278,984,1479,Overlap crop is stored in registered-frame coordinates. Per-day original-space mapping requires applying the inverse registration shift for each day.,"day8:dy=0.0,dx=0.0|day12:dy=-146.8,dx=0.0|day16:dy=0.0,dx=924.8|day20:dy=0.0,dx=-1388.4|day25:dy=-589.5,dx=0.0|day29:dy=0.0,dx=983.8|day32:dy=0.0,dx=595.2|day36:dy=176.2,dx=0.0|day39:dy=-150.1,dx=0.0","[{'day': 8, 'dy': 0.0, 'dx': 0.0, 'shift_magnitude': 0.0, 'overlap_fraction': 1.0, 'large_shift': False, 'max_shift_exceeded': False, 'qc_pass': True, 'registration_channel': '488nm Binned', 'qc_note': 'reference_timepoint'}, {'day': 12, 'dy': -146.8000030517578, 'dx': 0.0, 'shift_magnitude': 146.8000030517578, 'overlap_fraction': 0.9488145038173788, 'large_shift': False, 'max_shift_exceeded': False, 'qc_pass': True, 'registration_channel': '488nm Binned', 'qc_note': 'phase_cross_correlation_on_stable_channel'}, {'day': 16, 'dy': 0.0, 'dx': 924.7999877929688, 'shift_magnitude': 924.7999877929688, 'overlap_fraction': 0.6775453320108198, 'large_shift': True, 'max_shift_exceeded': False, 'qc_pass': False, 'registration_channel': '488nm Binned', 'qc_note': 'phase_cross_correlation_on_stable_channel'}, {'day': 20, 'dy': 0.0, 'dx': -1388.4000244140625, 'shift_magnitude': 1388.4000244140625, 'overlap_fraction': 0.5158995730773841, 'large_shift': True, 'max_shift_exceeded': True, 'qc_pass': False, 'registration_channel': '488nm Binned', 'qc_note': 'phase_cross_correlation_on_stable_channel;shift_exceeds_max_shift_pixels'}, {'day': 25, 'dy': -589.5, 'dx': 0.0, 'shift_magnitude': 589.5, 'overlap_fraction': 0.7944560669456067, 'large_shift': True, 'max_shift_exceeded': False, 'qc_pass': False, 'registration_channel': '488nm Binned', 'qc_note': 'phase_cross_correlation_on_stable_channel'}, {'day': 29, 'dy': 0.0, 'dx': 983.7999877929688, 'shift_magnitude': 983.7999877929688, 'overlap_fraction': 0.6569735049536372, 'large_shift': True, 'max_shift_exceeded': False, 'qc_pass': False, 'registration_channel': '488nm Binned', 'qc_note': 'phase_cross_correlation_on_stable_channel'}, {'day': 32, 'dy': 0.0, 'dx': 595.2000122070312, 'shift_magnitude': 595.2000122070312, 'overlap_fraction': 0.7924686149905749, 'large_shift': True, 'max_shift_exceeded': False, 'qc_pass': False, 'registration_channel': '488nm Binned', 'qc_note': 'phase_cross_correlation_on_stable_channel'}, {'day': 36, 'dy': 176.1999969482422, 'dx': 0.0, 'shift_magnitude': 176.1999969482422, 'overlap_fraction': 0.9385634599204176, 'large_shift': False, 'max_shift_exceeded': False, 'qc_pass': True, 'registration_channel': '488nm Binned', 'qc_note': 'phase_cross_correlation_on_stable_channel'}, {'day': 39, 'dy': -150.10000610351562, 'dx': 0.0, 'shift_magnitude': 150.10000610351562, 'overlap_fraction': 0.9476638751382442, 'large_shift': False, 'max_shift_exceeded': False, 'qc_pass': True, 'registration_channel': '488nm Binned', 'qc_note': 'phase_cross_correlation_on_stable_channel'}]",5,1388.4000244140625,0.5158995730773841,review_low_overlap,very_low_overlap_retained,True,overlap_only_analysis,pseudo_fov_alignment_needed,pseudo_fov_alignment_needed,True,True,registered_common_overlap,True,5,LOCAL_PROCESSED_OUTPUT/dashboard/previews/M16,LOCAL_PROCESSED_OUTPUT/dashboard/roi_previews/M16
E13,PLD3_mCherry_reporter_control,8|12|16|20|25|29|32|36|39,12|20|25|32|36,Large microscopy file stored locally/shared drive,LOCAL_PROCESSED_OUTPUT/full_mcherry_valid_queue_abc/wells/E13/qc/E13_registration_qc.csv,LOCAL_PROCESSED_OUTPUT/full_mcherry_valid_queue_abc/wells/E13/qc/E13_registration_qc_montage.png,9x3x2868x2868,9x3x2605x403,2868,2868,2605,403,8225424,1049815,0.12763050269505863,12.763050269505863,0,2605,1139,1542,Overlap crop is stored in registered-frame coordinates. Per-day original-space mapping requires applying the inverse registration shift for each day.,"day8:dy=0.0,dx=0.0|day12:dy=0.0,dx=599.9|day16:dy=0.0,dx=225.0|day20:dy=0.0,dx=1138.9|day25:dy=0.0,dx=-747.1|day29:dy=-262.2,dx=0.0|day32:dy=0.0,dx=-1325.2|day36:dy=0.0,dx=909.5|day39:dy=0.0,dx=271.7","[{'day': 8, 'dy': 0.0, 'dx': 0.0, 'shift_magnitude': 0.0, 'overlap_fraction': 1.0, 'large_shift': False, 'max_shift_exceeded': False, 'qc_pass': True, 'registration_channel': '488nm Binned', 'qc_note': 'reference_timepoint'}, {'day': 12, 'dy': 0.0, 'dx': 599.9000244140625, 'shift_magnitude': 599.9000244140625, 'overlap_fraction': 0.7908298380704105, 'large_shift': True, 'max_shift_exceeded': False, 'qc_pass': False, 'registration_channel': '488nm Binned', 'qc_note': 'phase_cross_correlation_on_stable_channel'}, {'day': 16, 'dy': 0.0, 'dx': 225.0, 'shift_magnitude': 225.0, 'overlap_fraction': 0.9215481171548116, 'large_shift': False, 'max_shift_exceeded': False, 'qc_pass': True, 'registration_channel': '488nm Binned', 'qc_note': 'phase_cross_correlation_on_stable_channel'}, {'day': 20, 'dy': 0.0, 'dx': 1138.9000244140625, 'shift_magnitude': 1138.9000244140625, 'overlap_fraction': 0.6028939942768262, 'large_shift': True, 'max_shift_exceeded': False, 'qc_pass': False, 'registration_channel': '488nm Binned', 'qc_note': 'phase_cross_correlation_on_stable_channel'}, {'day': 25, 'dy': 0.0, 'dx': -747.0999755859375, 'shift_magnitude': 747.0999755859375, 'overlap_fraction': 0.7395048899630622, 'large_shift': True, 'max_shift_exceeded': False, 'qc_pass': False, 'registration_channel': '488nm Binned', 'qc_note': 'phase_cross_correlation_on_stable_channel'}, {'day': 29, 'dy': -262.20001220703125, 'dx': 0.0, 'shift_magnitude': 262.20001220703125, 'overlap_fraction': 0.9085774016014536, 'large_shift': False, 'max_shift_exceeded': False, 'qc_pass': True, 'registration_channel': '488nm Binned', 'qc_note': 'phase_cross_correlation_on_stable_channel'}, {'day': 32, 'dy': 0.0, 'dx': -1325.199951171875, 'shift_magnitude': 1325.199951171875, 'overlap_fraction': 0.5379358608187326, 'large_shift': True, 'max_shift_exceeded': True, 'qc_pass': False, 'registration_channel': '488nm Binned', 'qc_note': 'phase_cross_correlation_on_stable_channel;shift_exceeds_max_shift_pixels'}, {'day': 36, 'dy': 0.0, 'dx': 909.5, 'shift_magnitude': 909.5, 'overlap_fraction': 0.6828800557880056, 'large_shift': True, 'max_shift_exceeded': False, 'qc_pass': False, 'registration_channel': '488nm Binned', 'qc_note': 'phase_cross_correlation_on_stable_channel'}, {'day': 39, 'dy': 0.0, 'dx': 271.70001220703125, 'shift_magnitude': 271.70001220703125, 'overlap_fraction': 0.9052649887702122, 'large_shift': False, 'max_shift_exceeded': False, 'qc_pass': True, 'registration_channel': '488nm Binned', 'qc_note': 'phase_cross_correlation_on_stable_channel'}]",5,1325.199951171875,0.5379358608187326,review_low_overlap,very_low_overlap_retained,True,overlap_only_analysis,pseudo_fov_alignment_needed,pseudo_fov_alignment_needed,True,True,registered_common_overlap,True,5,LOCAL_PROCESSED_OUTPUT/dashboard/previews/E13,LOCAL_PROCESSED_OUTPUT/dashboard/roi_previews/E13
M12,PLD3_mCherry_reporter_control,8|12|16|20|25|29|32|36|39,16|20|29|32|36|39,Large microscopy file stored locally/shared drive,LOCAL_PROCESSED_OUTPUT/full_mcherry_valid_queue_abc/wells/M12/qc/M12_registration_qc.csv,LOCAL_PROCESSED_OUTPUT/full_mcherry_valid_queue_abc/wells/M12/qc/M12_registration_qc_montage.png,9x3x2868x2868,9x3x1575x717,2868,2868,1575,717,8225424,1129275,0.1372907949790795,13.72907949790795,1293,2868,1342,2059,Overlap crop is stored in registered-frame coordinates. Per-day original-space mapping requires applying the inverse registration shift for each day.,"day8:dy=0.0,dx=0.0|day12:dy=0.0,dx=0.0|day16:dy=1062.4,dx=0.0|day20:dy=0.0,dx=-808.8|day25:dy=0.0,dx=-412.9|day29:dy=0.0,dx=1341.7|day32:dy=0.0,dx=1050.8|day36:dy=1293.0,dx=0.0|day39:dy=0.0,dx=-656.1","[{'day': 8, 'dy': 0.0, 'dx': 0.0, 'shift_magnitude': 0.0, 'overlap_fraction': 1.0, 'large_shift': False, 'max_shift_exceeded': False, 'qc_pass': True, 'registration_channel': '488nm Binned', 'qc_note': 'reference_timepoint'}, {'day': 12, 'dy': 0.0, 'dx': 0.0, 'shift_magnitude': 0.0, 'overlap_fraction': 1.0, 'large_shift': False, 'max_shift_exceeded': False, 'qc_pass': True, 'registration_channel': '488nm Binned', 'qc_note': 'phase_cross_correlation_on_stable_channel'}, {'day': 16, 'dy': 1062.4000244140625, 'dx': 0.0, 'shift_magnitude': 1062.4000244140625, 'overlap_fraction': 0.6295676344441902, 'large_shift': True, 'max_shift_exceeded': False, 'qc_pass': False, 'registration_channel': '488nm Binned', 'qc_note': 'phase_cross_correlation_on_stable_channel'}, {'day': 20, 'dy': 0.0, 'dx': -808.7999877929688, 'shift_magnitude': 808.7999877929688, 'overlap_fraction': 0.7179916360554502, 'large_shift': True, 'max_shift_exceeded': False, 'qc_pass': False, 'registration_channel': '488nm Binned', 'qc_note': 'phase_cross_correlation_on_stable_channel'}, {'day': 25, 'dy': 0.0, 'dx': -412.8999938964844, 'shift_magnitude': 412.8999938964844, 'overlap_fraction': 0.8560320802313514, 'large_shift': False, 'max_shift_exceeded': False, 'qc_pass': True, 'registration_channel': '488nm Binned', 'qc_note': 'phase_cross_correlation_on_stable_channel'}, {'day': 29, 'dy': 0.0, 'dx': 1341.699951171875, 'shift_magnitude': 1341.699951171875, 'overlap_fraction': 0.5321827227434187, 'large_shift': True, 'max_shift_exceeded': True, 'qc_pass': False, 'registration_channel': '488nm Binned', 'qc_note': 'phase_cross_correlation_on_stable_channel;shift_exceeds_max_shift_pixels'}, {'day': 32, 'dy': 0.0, 'dx': 1050.800048828125, 'shift_magnitude': 1050.800048828125, 'overlap_fraction': 0.6336122563360791, 'large_shift': True, 'max_shift_exceeded': False, 'qc_pass': False, 'registration_channel': '488nm Binned', 'qc_note': 'phase_cross_correlation_on_stable_channel'}, {'day': 36, 'dy': 1293.0, 'dx': 0.0, 'shift_magnitude': 1293.0, 'overlap_fraction': 0.549163179916318, 'large_shift': True, 'max_shift_exceeded': True, 'qc_pass': False, 'registration_channel': '488nm Binned', 'qc_note': 'phase_cross_correlation_on_stable_channel;shift_exceeds_max_shift_pixels'}, {'day': 39, 'dy': 0.0, 'dx': -656.0999755859375, 'shift_magnitude': 656.0999755859375, 'overlap_fraction': 0.7712343181360051, 'large_shift': True, 'max_shift_exceeded': False, 'qc_pass': False, 'registration_channel': '488nm Binned', 'qc_note': 'phase_cross_correlation_on_stable_channel'}]",6,1341.699951171875,0.5321827227434187,review_low_overlap,very_low_overlap_retained,True,overlap_only_analysis,pseudo_fov_alignment_needed,pseudo_fov_alignment_needed,True,True,registered_common_overlap,True,5,LOCAL_PROCESSED_OUTPUT/dashboard/previews/M12,LOCAL_PROCESSED_OUTPUT/dashboard/roi_previews/M12
J12,PLD3_TMEM106B_mCherry_primary,8|12|16|20|25|29|32|36|39,16|20|25|32|36,Large microscopy file stored locally/shared drive,LOCAL_PROCESSED_OUTPUT/full_mcherry_valid_queue_abc/wells/J12/qc/J12_registration_qc.csv,LOCAL_PROCESSED_OUTPUT/full_mcherry_valid_queue_abc/wells/J12/qc/J12_registration_qc_montage.png,9x3x2868x2868,9x3x878x1363,2868,2868,878,1363,8225424,1196714,0.14548964284394336,14.548964284394335,759,1637,812,2175,Overlap crop is stored in registered-frame coordinates. Per-day original-space mapping requires applying the inverse registration shift for each day.,"day8:dy=0.0,dx=0.0|day12:dy=0.0,dx=320.2|day16:dy=0.0,dx=-692.3|day20:dy=0.0,dx=811.8|day25:dy=758.7,dx=0.0|day29:dy=0.0,dx=0.0|day32:dy=-1225.9,dx=0.0|day36:dy=-1230.7,dx=0.0|day39:dy=0.0,dx=126.6","[{'day': 8, 'dy': 0.0, 'dx': 0.0, 'shift_magnitude': 0.0, 'overlap_fraction': 1.0, 'large_shift': False, 'max_shift_exceeded': False, 'qc_pass': True, 'registration_channel': '488nm Binned', 'qc_note': 'reference_timepoint'}, {'day': 12, 'dy': 0.0, 'dx': 320.20001220703125, 'shift_magnitude': 320.20001220703125, 'overlap_fraction': 0.8883542495791383, 'large_shift': False, 'max_shift_exceeded': False, 'qc_pass': True, 'registration_channel': '488nm Binned', 'qc_note': 'phase_cross_correlation_on_stable_channel'}, {'day': 16, 'dy': 0.0, 'dx': -692.2999877929688, 'shift_magnitude': 692.2999877929688, 'overlap_fraction': 0.7586122776175144, 'large_shift': True, 'max_shift_exceeded': False, 'qc_pass': False, 'registration_channel': '488nm Binned', 'qc_note': 'phase_cross_correlation_on_stable_channel'}, {'day': 20, 'dy': 0.0, 'dx': 811.7999877929688, 'shift_magnitude': 811.7999877929688, 'overlap_fraction': 0.7169456109508477, 'large_shift': True, 'max_shift_exceeded': False, 'qc_pass': False, 'registration_channel': '488nm Binned', 'qc_note': 'phase_cross_correlation_on_stable_channel'}, {'day': 25, 'dy': 758.7000122070312, 'dx': 0.0, 'shift_magnitude': 758.7000122070312, 'overlap_fraction': 0.7354602467897381, 'large_shift': True, 'max_shift_exceeded': False, 'qc_pass': False, 'registration_channel': '488nm Binned', 'qc_note': 'phase_cross_correlation_on_stable_channel'}, {'day': 29, 'dy': 0.0, 'dx': 0.0, 'shift_magnitude': 0.0, 'overlap_fraction': 1.0, 'large_shift': False, 'max_shift_exceeded': False, 'qc_pass': True, 'registration_channel': '488nm Binned', 'qc_note': 'phase_cross_correlation_on_stable_channel'}, {'day': 32, 'dy': -1225.9000244140625, 'dx': 0.0, 'shift_magnitude': 1225.9000244140625, 'overlap_fraction': 0.5725592662433534, 'large_shift': True, 'max_shift_exceeded': True, 'qc_pass': False, 'registration_channel': '488nm Binned', 'qc_note': 'phase_cross_correlation_on_stable_channel;shift_exceeds_max_shift_pixels'}, {'day': 36, 'dy': -1230.699951171875, 'dx': 0.0, 'shift_magnitude': 1230.699951171875, 'overlap_fraction': 0.5708856516137116, 'large_shift': True, 'max_shift_exceeded': True, 'qc_pass': False, 'registration_channel': '488nm Binned', 'qc_note': 'phase_cross_correlation_on_stable_channel;shift_exceeds_max_shift_pixels'}, {'day': 39, 'dy': 0.0, 'dx': 126.5999984741211, 'shift_magnitude': 126.5999984741211, 'overlap_fraction': 0.95585774111781, 'large_shift': False, 'max_shift_exceeded': False, 'qc_pass': True, 'registration_channel': '488nm Binned', 'qc_note': 'phase_cross_correlation_on_stable_channel'}]",5,1230.699951171875,0.5708856516137116,review_low_overlap,very_low_overlap_retained,True,overlap_only_analysis,pseudo_fov_alignment_needed,pseudo_fov_alignment_needed,True,True,registered_common_overlap,True,5,LOCAL_PROCESSED_OUTPUT/dashboard/previews/J12,LOCAL_PROCESSED_OUTPUT/dashboard/roi_previews/J12
F17,PLD3_TMEM106B_mCherry_primary,8|12|16|20|25|29|32|36|39,12|16|20|29|32|36|39,Large microscopy file stored locally/shared drive,LOCAL_PROCESSED_OUTPUT/full_mcherry_valid_queue_abc/wells/F17/qc/F17_registration_qc.csv,LOCAL_PROCESSED_OUTPUT/full_mcherry_valid_queue_abc/wells/F17/qc/F17_registration_qc_montage.png,9x3x2868x2868,9x3x551x2279,2868,2868,551,2279,8225424,1255729,0.15266434897459388,15.266434897459389,1060,1611,589,2868,Overlap crop is stored in registered-frame coordinates. Per-day original-space mapping requires applying the inverse registration shift for each day.,"day8:dy=0.0,dx=0.0|day12:dy=-670.3,dx=0.0|day16:dy=-500.5,dx=0.0|day20:dy=-1256.7,dx=0.0|day25:dy=95.3,dx=0.0|day29:dy=604.5,dx=0.0|day32:dy=1059.5,dx=0.0|day36:dy=0.0,dx=588.3|day39:dy=-962.3,dx=0.0","[{'day': 8, 'dy': 0.0, 'dx': 0.0, 'shift_magnitude': 0.0, 'overlap_fraction': 1.0, 'large_shift': False, 'max_shift_exceeded': False, 'qc_pass': True, 'registration_channel': '488nm Binned', 'qc_note': 'reference_timepoint'}, {'day': 12, 'dy': -670.2999877929688, 'dx': 0.0, 'shift_magnitude': 670.2999877929688, 'overlap_fraction': 0.7662831283845994, 'large_shift': True, 'max_shift_exceeded': False, 'qc_pass': False, 'registration_channel': '488nm Binned', 'qc_note': 'phase_cross_correlation_on_stable_channel'}, {'day': 16, 'dy': -500.5, 'dx': 0.0, 'shift_magnitude': 500.5, 'overlap_fraction': 0.8254881450488145, 'large_shift': True, 'max_shift_exceeded': False, 'qc_pass': False, 'registration_channel': '488nm Binned', 'qc_note': 'phase_cross_correlation_on_stable_channel'}, {'day': 20, 'dy': -1256.699951171875, 'dx': 0.0, 'shift_magnitude': 1256.699951171875, 'overlap_fraction': 0.5618201007071566, 'large_shift': True, 'max_shift_exceeded': True, 'qc_pass': False, 'registration_channel': '488nm Binned', 'qc_note': 'phase_cross_correlation_on_stable_channel;shift_exceeds_max_shift_pixels'}, {'day': 25, 'dy': 95.3000030517578, 'dx': 0.0, 'shift_magnitude': 95.3000030517578, 'overlap_fraction': 0.9667712681130552, 'large_shift': False, 'max_shift_exceeded': False, 'qc_pass': True, 'registration_channel': '488nm Binned', 'qc_note': 'phase_cross_correlation_on_stable_channel'}, {'day': 29, 'dy': 604.5, 'dx': 0.0, 'shift_magnitude': 604.5, 'overlap_fraction': 0.7892259414225942, 'large_shift': True, 'max_shift_exceeded': False, 'qc_pass': False, 'registration_channel': '488nm Binned', 'qc_note': 'phase_cross_correlation_on_stable_channel'}, {'day': 32, 'dy': 1059.5, 'dx': 0.0, 'shift_magnitude': 1059.5, 'overlap_fraction': 0.6305788005578801, 'large_shift': True, 'max_shift_exceeded': False, 'qc_pass': False, 'registration_channel': '488nm Binned', 'qc_note': 'phase_cross_correlation_on_stable_channel'}, {'day': 36, 'dy': 0.0, 'dx': 588.2999877929688, 'shift_magnitude': 588.2999877929688, 'overlap_fraction': 0.7948744812437347, 'large_shift': True, 'max_shift_exceeded': False, 'qc_pass': False, 'registration_channel': '488nm Binned', 'qc_note': 'phase_cross_correlation_on_stable_channel'}, {'day': 39, 'dy': -962.2999877929688, 'dx': 0.0, 'shift_magnitude': 962.2999877929688, 'overlap_fraction': 0.6644700182032884, 'large_shift': True, 'max_shift_exceeded': False, 'qc_pass': False, 'registration_channel': '488nm Binned', 'qc_note': 'phase_cross_correlation_on_stable_channel'}]",7,1256.699951171875,0.5618201007071566,review_low_overlap,very_low_overlap_retained,True,overlap_only_analysis,pseudo_fov_alignment_needed,pseudo_fov_alignment_needed,True,True,registered_common_overlap,True,5,LOCAL_PROCESSED_OUTPUT/dashboard/previews/F17,LOCAL_PROCESSED_OUTPUT/dashboard/roi_previews/F17
J11,PLD3_TMEM106B_mCherry_primary,8|12|16|20|25|29|32|36|39,16|20|25|29|32|39,Large microscopy file stored locally/shared drive,LOCAL_PROCESSED_OUTPUT/full_mcherry_valid_queue_abc/wells/J11/qc/J11_registration_qc.csv,LOCAL_PROCESSED_OUTPUT/full_mcherry_valid_queue_abc/wells/J11/qc/J11_registration_qc_montage.png,9x3x2868x2868,9x3x1047x1261,2868,2868,1047,1261,8225424,1320267,0.16051050985335225,16.051050985335223,1419,2466,1102,2363,Overlap crop is stored in registered-frame coordinates. Per-day original-space mapping requires applying the inverse registration shift for each day.,"day8:dy=0.0,dx=0.0|day12:dy=-9.5,dx=0.0|day16:dy=0.0,dx=1101.1|day20:dy=1418.2,dx=0.0|day25:dy=0.0,dx=654.4|day29:dy=0.0,dx=-504.5|day32:dy=0.0,dx=995.9|day36:dy=-401.5,dx=0.0|day39:dy=520.1,dx=1.1","[{'day': 8, 'dy': 0.0, 'dx': 0.0, 'shift_magnitude': 0.0, 'overlap_fraction': 1.0, 'large_shift': False, 'max_shift_exceeded': False, 'qc_pass': True, 'registration_channel': '488nm Binned', 'qc_note': 'reference_timepoint'}, {'day': 12, 'dy': -9.5, 'dx': 0.0, 'shift_magnitude': 9.5, 'overlap_fraction': 0.9966875871687588, 'large_shift': False, 'max_shift_exceeded': False, 'qc_pass': True, 'registration_channel': '488nm Binned', 'qc_note': 'phase_cross_correlation_on_stable_channel'}, {'day': 16, 'dy': 0.0, 'dx': 1101.0999755859375, 'shift_magnitude': 1101.0999755859375, 'overlap_fraction': 0.616073927619966, 'large_shift': True, 'max_shift_exceeded': False, 'qc_pass': False, 'registration_channel': '488nm Binned', 'qc_note': 'phase_cross_correlation_on_stable_channel'}, {'day': 20, 'dy': 1418.199951171875, 'dx': 0.0, 'shift_magnitude': 1418.199951171875, 'overlap_fraction': 0.5055090825760548, 'large_shift': True, 'max_shift_exceeded': True, 'qc_pass': False, 'registration_channel': '488nm Binned', 'qc_note': 'phase_cross_correlation_on_stable_channel;shift_exceeds_max_shift_pixels'}, {'day': 25, 'dy': 0.0, 'dx': 654.4000244140625, 'shift_magnitude': 654.4000244140625, 'overlap_fraction': 0.7718270486701316, 'large_shift': True, 'max_shift_exceeded': False, 'qc_pass': False, 'registration_channel': '488nm Binned', 'qc_note': 'phase_cross_correlation_on_stable_channel'}, {'day': 29, 'dy': 0.0, 'dx': -504.5, 'shift_magnitude': 504.5, 'overlap_fraction': 0.8240934449093444, 'large_shift': True, 'max_shift_exceeded': False, 'qc_pass': False, 'registration_channel': '488nm Binned', 'qc_note': 'phase_cross_correlation_on_stable_channel'}, {'day': 32, 'dy': 0.0, 'dx': 995.9000244140624, 'shift_magnitude': 995.9000244140624, 'overlap_fraction': 0.6527545242628792, 'large_shift': True, 'max_shift_exceeded': False, 'qc_pass': False, 'registration_channel': '488nm Binned', 'qc_note': 'phase_cross_correlation_on_stable_channel'}, {'day': 36, 'dy': -401.5, 'dx': 0.0, 'shift_magnitude': 401.5, 'overlap_fraction': 0.8600069735006973, 'large_shift': False, 'max_shift_exceeded': False, 'qc_pass': True, 'registration_channel': '488nm Binned', 'qc_note': 'phase_cross_correlation_on_stable_channel'}, {'day': 39, 'dy': 520.0999755859375, 'dx': 1.100000023841858, 'shift_magnitude': 520.1011388225805, 'overlap_fraction': 0.8183401341908572, 'large_shift': True, 'max_shift_exceeded': False, 'qc_pass': False, 'registration_channel': '488nm Binned', 'qc_note': 'phase_cross_correlation_on_stable_channel'}]",6,1418.199951171875,0.5055090825760548,review_low_overlap,very_low_overlap_retained,True,overlap_only_analysis,pseudo_fov_alignment_needed,pseudo_fov_alignment_needed,True,True,registered_common_overlap,True,5,LOCAL_PROCESSED_OUTPUT/dashboard/previews/J11,LOCAL_PROCESSED_OUTPUT/dashboard/roi_previews/J11
N18,PLD3_TMEM106B_mCherry_primary,8|12|16|20|25|29|32|36|39,16|25|29|32|39,Large microscopy file stored locally/shared drive,LOCAL_PROCESSED_OUTPUT/full_mcherry_valid_queue_abc/wells/N18/qc/N18_registration_qc.csv,LOCAL_PROCESSED_OUTPUT/full_mcherry_valid_queue_abc/wells/N18/qc/N18_registration_qc_montage.png,9x3x2868x2868,9x3x537x2503,2868,2868,537,2503,8225424,1344111,0.16340932698423813,16.340932698423813,1077,1614,365,2868,Overlap crop is stored in registered-frame coordinates. Per-day original-space mapping requires applying the inverse registration shift for each day.,"day8:dy=0.0,dx=0.0|day12:dy=0.0,dx=364.4|day16:dy=634.2,dx=0.0|day20:dy=229.9,dx=0.0|day25:dy=1076.1,dx=0.0|day29:dy=777.3,dx=0.0|day32:dy=-1253.5,dx=0.0|day36:dy=0.0,dx=270.6|day39:dy=627.3,dx=0.0","[{'day': 8, 'dy': 0.0, 'dx': 0.0, 'shift_magnitude': 0.0, 'overlap_fraction': 1.0, 'large_shift': False, 'max_shift_exceeded': False, 'qc_pass': True, 'registration_channel': '488nm Binned', 'qc_note': 'reference_timepoint'}, {'day': 12, 'dy': 0.0, 'dx': 364.3999938964844, 'shift_magnitude': 364.3999938964844, 'overlap_fraction': 0.8729428194224252, 'large_shift': False, 'max_shift_exceeded': False, 'qc_pass': True, 'registration_channel': '488nm Binned', 'qc_note': 'phase_cross_correlation_on_stable_channel'}, {'day': 16, 'dy': 634.2000122070312, 'dx': 0.0, 'shift_magnitude': 634.2000122070312, 'overlap_fraction': 0.7788702886307423, 'large_shift': True, 'max_shift_exceeded': False, 'qc_pass': False, 'registration_channel': '488nm Binned', 'qc_note': 'phase_cross_correlation_on_stable_channel'}, {'day': 20, 'dy': 229.8999938964844, 'dx': 0.0, 'shift_magnitude': 229.8999938964844, 'overlap_fraction': 0.9198396116121044, 'large_shift': False, 'max_shift_exceeded': False, 'qc_pass': True, 'registration_channel': '488nm Binned', 'qc_note': 'phase_cross_correlation_on_stable_channel'}, {'day': 25, 'dy': 1076.0999755859375, 'dx': 0.0, 'shift_magnitude': 1076.0999755859375, 'overlap_fraction': 0.6247908034916536, 'large_shift': True, 'max_shift_exceeded': False, 'qc_pass': False, 'registration_channel': '488nm Binned', 'qc_note': 'phase_cross_correlation_on_stable_channel'}, {'day': 29, 'dy': 777.2999877929688, 'dx': 0.0, 'shift_magnitude': 777.2999877929688, 'overlap_fraction': 0.7289748996537766, 'large_shift': True, 'max_shift_exceeded': False, 'qc_pass': False, 'registration_channel': '488nm Binned', 'qc_note': 'phase_cross_correlation_on_stable_channel'}, {'day': 32, 'dy': -1253.5, 'dx': 0.0, 'shift_magnitude': 1253.5, 'overlap_fraction': 0.5629358437935844, 'large_shift': True, 'max_shift_exceeded': True, 'qc_pass': False, 'registration_channel': '488nm Binned', 'qc_note': 'phase_cross_correlation_on_stable_channel;shift_exceeds_max_shift_pixels'}, {'day': 36, 'dy': 0.0, 'dx': 270.6000061035156, 'shift_magnitude': 270.6000061035156, 'overlap_fraction': 0.90564853343671, 'large_shift': False, 'max_shift_exceeded': False, 'qc_pass': True, 'registration_channel': '488nm Binned', 'qc_note': 'phase_cross_correlation_on_stable_channel'}, {'day': 39, 'dy': 627.2999877929688, 'dx': 0.0, 'shift_magnitude': 627.2999877929688, 'overlap_fraction': 0.7812761548839021, 'large_shift': True, 'max_shift_exceeded': False, 'qc_pass': False, 'registration_channel': '488nm Binned', 'qc_note': 'phase_cross_correlation_on_stable_channel'}]",5,1253.5,0.5629358437935844,review_low_overlap,very_low_overlap_retained,True,overlap_only_analysis,pseudo_fov_alignment_needed,pseudo_fov_alignment_needed,True,True,registered_common_overlap,True,5,LOCAL_PROCESSED_OUTPUT/dashboard/previews/N18,LOCAL_PROCESSED_OUTPUT/dashboard/roi_previews/N18
N05,PLD3_TMEM106B_mCherry_primary,8|12|16|20|25|29|32|36|39,12|25|29|32|36,Large microscopy file stored locally/shared drive,LOCAL_PROCESSED_OUTPUT/full_mcherry_valid_queue_abc/wells/N05/qc/N05_registration_qc.csv,LOCAL_PROCESSED_OUTPUT/full_mcherry_valid_queue_abc/wells/N05/qc/N05_registration_qc_montage.png,9x3x2868x2868,9x3x992x1357,2868,2868,992,1357,8225424,1346144,0.16365648749535586,16.365648749535584,908,1900,1288,2645,Overlap crop is stored in registered-frame coordinates. Per-day original-space mapping requires applying the inverse registration shift for each day.,"day8:dy=0.0,dx=0.0|day12:dy=907.7,dx=0.0|day16:dy=0.0,dx=-222.1|day20:dy=-487.1,dx=0.0|day25:dy=-951.8,dx=0.0|day29:dy=0.0,dx=1287.2|day32:dy=-795.4,dx=0.0|day36:dy=-968.0,dx=0.0|day39:dy=176.4,dx=0.0","[{'day': 8, 'dy': 0.0, 'dx': 0.0, 'shift_magnitude': 0.0, 'overlap_fraction': 1.0, 'large_shift': False, 'max_shift_exceeded': False, 'qc_pass': True, 'registration_channel': '488nm Binned', 'qc_note': 'reference_timepoint'}, {'day': 12, 'dy': 907.7000122070312, 'dx': 0.0, 'shift_magnitude': 907.7000122070312, 'overlap_fraction': 0.68350766659448, 'large_shift': True, 'max_shift_exceeded': False, 'qc_pass': False, 'registration_channel': '488nm Binned', 'qc_note': 'phase_cross_correlation_on_stable_channel'}, {'day': 16, 'dy': 0.0, 'dx': -222.1000061035156, 'shift_magnitude': 222.1000061035156, 'overlap_fraction': 0.922559272627784, 'large_shift': False, 'max_shift_exceeded': False, 'qc_pass': True, 'registration_channel': '488nm Binned', 'qc_note': 'phase_cross_correlation_on_stable_channel'}, {'day': 20, 'dy': -487.1000061035156, 'dx': 0.0, 'shift_magnitude': 487.1000061035156, 'overlap_fraction': 0.8301603883878955, 'large_shift': False, 'max_shift_exceeded': False, 'qc_pass': True, 'registration_channel': '488nm Binned', 'qc_note': 'phase_cross_correlation_on_stable_channel'}, {'day': 25, 'dy': -951.7999877929688, 'dx': 0.0, 'shift_magnitude': 951.7999877929688, 'overlap_fraction': 0.6681311060693972, 'large_shift': True, 'max_shift_exceeded': False, 'qc_pass': False, 'registration_channel': '488nm Binned', 'qc_note': 'phase_cross_correlation_on_stable_channel'}, {'day': 29, 'dy': 0.0, 'dx': 1287.199951171875, 'shift_magnitude': 1287.199951171875, 'overlap_fraction': 0.5511855121436977, 'large_shift': True, 'max_shift_exceeded': True, 'qc_pass': False, 'registration_channel': '488nm Binned', 'qc_note': 'phase_cross_correlation_on_stable_channel;shift_exceeds_max_shift_pixels'}, {'day': 32, 'dy': -795.4000244140625, 'dx': 0.0, 'shift_magnitude': 795.4000244140625, 'overlap_fraction': 0.7226638687538136, 'large_shift': True, 'max_shift_exceeded': False, 'qc_pass': False, 'registration_channel': '488nm Binned', 'qc_note': 'phase_cross_correlation_on_stable_channel'}, {'day': 36, 'dy': -968.0, 'dx': 0.0, 'shift_magnitude': 968.0, 'overlap_fraction': 0.6624825662482566, 'large_shift': True, 'max_shift_exceeded': False, 'qc_pass': False, 'registration_channel': '488nm Binned', 'qc_note': 'phase_cross_correlation_on_stable_channel'}, {'day': 39, 'dy': 176.39999389648438, 'dx': 0.0, 'shift_magnitude': 176.39999389648438, 'overlap_fraction': 0.938493725977516, 'large_shift': False, 'max_shift_exceeded': False, 'qc_pass': True, 'registration_channel': '488nm Binned', 'qc_note': 'phase_cross_correlation_on_stable_channel'}]",5,1287.199951171875,0.5511855121436977,review_low_overlap,very_low_overlap_retained,True,overlap_only_analysis,pseudo_fov_alignment_needed,pseudo_fov_alignment_needed,True,True,registered_common_overlap,True,5,LOCAL_PROCESSED_OUTPUT/dashboard/previews/N05,LOCAL_PROCESSED_OUTPUT/dashboard/roi_previews/N05
I15,PLD3_mCherry_reporter_control,8|12|16|20|25|29|32|36|39,20|25|29|39,Large microscopy file stored locally/shared drive,LOCAL_PROCESSED_OUTPUT/full_mcherry_valid_queue_abc/wells/I15/qc/I15_registration_qc.csv,LOCAL_PROCESSED_OUTPUT/full_mcherry_valid_queue_abc/wells/I15/qc/I15_registration_qc_montage.png,9x3x2868x2868,9x3x2868x489,2868,2868,2868,489,8225424,1402452,0.1705020920502092,17.05020920502092,0,2868,1325,1814,Overlap crop is stored in registered-frame coordinates. Per-day original-space mapping requires applying the inverse registration shift for each day.,"day8:dy=0.0,dx=0.0|day12:dy=0.0,dx=31.1|day16:dy=0.0,dx=22.5|day20:dy=0.0,dx=1325.0|day25:dy=0.0,dx=675.9|day29:dy=0.0,dx=920.7|day32:dy=0.0,dx=139.7|day36:dy=0.0,dx=-7.8|day39:dy=0.0,dx=-1053.7","[{'day': 8, 'dy': 0.0, 'dx': 0.0, 'shift_magnitude': 0.0, 'overlap_fraction': 1.0, 'large_shift': False, 'max_shift_exceeded': False, 'qc_pass': True, 'registration_channel': '488nm Binned', 'qc_note': 'reference_timepoint'}, {'day': 12, 'dy': 0.0, 'dx': 31.100000381469727, 'shift_magnitude': 31.100000381469727, 'overlap_fraction': 0.9891562062826116, 'large_shift': False, 'max_shift_exceeded': False, 'qc_pass': True, 'registration_channel': '488nm Binned', 'qc_note': 'phase_cross_correlation_on_stable_channel'}, {'day': 16, 'dy': 0.0, 'dx': 22.5, 'shift_magnitude': 22.5, 'overlap_fraction': 0.9921548117154813, 'large_shift': False, 'max_shift_exceeded': False, 'qc_pass': True, 'registration_channel': '488nm Binned', 'qc_note': 'phase_cross_correlation_on_stable_channel'}, {'day': 20, 'dy': 0.0, 'dx': 1325.0, 'shift_magnitude': 1325.0, 'overlap_fraction': 0.5380055788005579, 'large_shift': True, 'max_shift_exceeded': True, 'qc_pass': False, 'registration_channel': '488nm Binned', 'qc_note': 'phase_cross_correlation_on_stable_channel;shift_exceeds_max_shift_pixels'}, {'day': 25, 'dy': 0.0, 'dx': 675.9000244140625, 'shift_magnitude': 675.9000244140625, 'overlap_fraction': 0.7643305354204804, 'large_shift': True, 'max_shift_exceeded': False, 'qc_pass': False, 'registration_channel': '488nm Binned', 'qc_note': 'phase_cross_correlation_on_stable_channel'}, {'day': 29, 'dy': 0.0, 'dx': 920.7000122070312, 'shift_magnitude': 920.7000122070312, 'overlap_fraction': 0.6789748911412025, 'large_shift': True, 'max_shift_exceeded': False, 'qc_pass': False, 'registration_channel': '488nm Binned', 'qc_note': 'phase_cross_correlation_on_stable_channel'}, {'day': 32, 'dy': 0.0, 'dx': 139.6999969482422, 'shift_magnitude': 139.6999969482422, 'overlap_fraction': 0.9512900986930816, 'large_shift': False, 'max_shift_exceeded': False, 'qc_pass': True, 'registration_channel': '488nm Binned', 'qc_note': 'phase_cross_correlation_on_stable_channel'}, {'day': 36, 'dy': 0.0, 'dx': -7.800000190734863, 'shift_magnitude': 7.800000190734863, 'overlap_fraction': 0.997280334661529, 'large_shift': False, 'max_shift_exceeded': False, 'qc_pass': True, 'registration_channel': '488nm Binned', 'qc_note': 'phase_cross_correlation_on_stable_channel'}, {'day': 39, 'dy': 0.0, 'dx': -1053.699951171875, 'shift_magnitude': 1053.699951171875, 'overlap_fraction': 0.6326011327852598, 'large_shift': True, 'max_shift_exceeded': False, 'qc_pass': False, 'registration_channel': '488nm Binned', 'qc_note': 'phase_cross_correlation_on_stable_channel'}]",4,1325.0,0.5380055788005579,review_low_overlap,very_low_overlap_retained,True,overlap_only_analysis,pseudo_fov_alignment_needed,pseudo_fov_alignment_needed,True,True,registered_common_overlap,True,5,LOCAL_PROCESSED_OUTPUT/dashboard/previews/I15,LOCAL_PROCESSED_OUTPUT/dashboard/roi_previews/I15
M07,PLD3_mCherry_reporter_control,8|12|16|20|25|29|32|36|39,20|29|36|39,Large microscopy file stored locally/shared drive,LOCAL_PROCESSED_OUTPUT/full_mcherry_valid_queue_abc/wells/M07/qc/M07_registration_qc.csv,LOCAL_PROCESSED_OUTPUT/full_mcherry_valid_queue_abc/wells/M07/qc/M07_registration_qc_montage.png,9x3x2868x2868,9x3x2055x690,2868,2868,2055,690,8225424,1417950,0.17238625024071708,17.23862502407171,703,2758,1130,1820,Overlap crop is stored in registered-frame coordinates. Per-day original-space mapping requires applying the inverse registration shift for each day.,"day8:dy=0.0,dx=0.0|day12:dy=-109.6,dx=0.0|day16:dy=147.6,dx=0.0|day20:dy=702.4,dx=0.0|day25:dy=43.9,dx=0.0|day29:dy=0.0,dx=-1047.4|day32:dy=229.1,dx=0.0|day36:dy=0.0,dx=825.4|day39:dy=0.0,dx=1129.7","[{'day': 8, 'dy': 0.0, 'dx': 0.0, 'shift_magnitude': 0.0, 'overlap_fraction': 1.0, 'large_shift': False, 'max_shift_exceeded': False, 'qc_pass': True, 'registration_channel': '488nm Binned', 'qc_note': 'reference_timepoint'}, {'day': 12, 'dy': -109.5999984741211, 'dx': 0.0, 'shift_magnitude': 109.5999984741211, 'overlap_fraction': 0.9617852167105576, 'large_shift': False, 'max_shift_exceeded': False, 'qc_pass': True, 'registration_channel': '488nm Binned', 'qc_note': 'phase_cross_correlation_on_stable_channel'}, {'day': 16, 'dy': 147.60000610351562, 'dx': 0.0, 'shift_magnitude': 147.60000610351562, 'overlap_fraction': 0.948535562725413, 'large_shift': False, 'max_shift_exceeded': False, 'qc_pass': True, 'registration_channel': '488nm Binned', 'qc_note': 'phase_cross_correlation_on_stable_channel'}, {'day': 20, 'dy': 702.4000244140625, 'dx': 0.0, 'shift_magnitude': 702.4000244140625, 'overlap_fraction': 0.7550906469964914, 'large_shift': True, 'max_shift_exceeded': False, 'qc_pass': False, 'registration_channel': '488nm Binned', 'qc_note': 'phase_cross_correlation_on_stable_channel'}, {'day': 25, 'dy': 43.900001525878906, 'dx': 0.0, 'shift_magnitude': 43.900001525878906, 'overlap_fraction': 0.9846931654372808, 'large_shift': False, 'max_shift_exceeded': False, 'qc_pass': True, 'registration_channel': '488nm Binned', 'qc_note': 'phase_cross_correlation_on_stable_channel'}, {'day': 29, 'dy': 0.0, 'dx': -1047.4000244140625, 'shift_magnitude': 1047.4000244140625, 'overlap_fraction': 0.6347977599672028, 'large_shift': True, 'max_shift_exceeded': False, 'qc_pass': False, 'registration_channel': '488nm Binned', 'qc_note': 'phase_cross_correlation_on_stable_channel'}, {'day': 32, 'dy': 229.1000061035156, 'dx': 0.0, 'shift_magnitude': 229.1000061035156, 'overlap_fraction': 0.9201185473837116, 'large_shift': False, 'max_shift_exceeded': False, 'qc_pass': True, 'registration_channel': '488nm Binned', 'qc_note': 'phase_cross_correlation_on_stable_channel'}, {'day': 36, 'dy': 0.0, 'dx': 825.4000244140625, 'shift_magnitude': 825.4000244140625, 'overlap_fraction': 0.7122036177077885, 'large_shift': True, 'max_shift_exceeded': False, 'qc_pass': False, 'registration_channel': '488nm Binned', 'qc_note': 'phase_cross_correlation_on_stable_channel'}, {'day': 39, 'dy': 0.0, 'dx': 1129.699951171875, 'shift_magnitude': 1129.699951171875, 'overlap_fraction': 0.6061018301353295, 'large_shift': True, 'max_shift_exceeded': False, 'qc_pass': False, 'registration_channel': '488nm Binned', 'qc_note': 'phase_cross_correlation_on_stable_channel'}]",4,1129.699951171875,0.6061018301353295,review_low_overlap,very_low_overlap_retained,True,overlap_only_analysis,pseudo_fov_alignment_needed,pseudo_fov_alignment_needed,True,True,registered_common_overlap,True,5,LOCAL_PROCESSED_OUTPUT/dashboard/previews/M07,LOCAL_PROCESSED_OUTPUT/dashboard/roi_previews/M07
J06,PLD3_TMEM106B_mCherry_primary,8|12|16|20|25|29|32|36|39,20|25|29|32|36,Large microscopy file stored locally/shared drive,LOCAL_PROCESSED_OUTPUT/full_mcherry_valid_queue_abc/wells/J06/qc/J06_registration_qc.csv,LOCAL_PROCESSED_OUTPUT/full_mcherry_valid_queue_abc/wells/J06/qc/J06_registration_qc_montage.png,9x3x2868x2868,9x3x529x2687,2868,2868,529,2687,8225424,1421423,0.1728084777149482,17.28084777149482,912,1441,179,2866,Overlap crop is stored in registered-frame coordinates. Per-day original-space mapping requires applying the inverse registration shift for each day.,"day8:dy=0.0,dx=0.0|day12:dy=0.0,dx=178.9|day16:dy=0.0,dx=-1.2|day20:dy=-1426.2,dx=0.0|day25:dy=770.8,dx=0.0|day29:dy=-972.7,dx=-1.1|day32:dy=911.3,dx=0.0|day36:dy=764.3,dx=0.0|day39:dy=-230.5,dx=0.0","[{'day': 8, 'dy': 0.0, 'dx': 0.0, 'shift_magnitude': 0.0, 'overlap_fraction': 1.0, 'large_shift': False, 'max_shift_exceeded': False, 'qc_pass': True, 'registration_channel': '488nm Binned', 'qc_note': 'reference_timepoint'}, {'day': 12, 'dy': 0.0, 'dx': 178.89999389648438, 'shift_magnitude': 178.89999389648438, 'overlap_fraction': 0.9376220383903472, 'large_shift': False, 'max_shift_exceeded': False, 'qc_pass': True, 'registration_channel': '488nm Binned', 'qc_note': 'phase_cross_correlation_on_stable_channel'}, {'day': 16, 'dy': 0.0, 'dx': -1.2000000476837158, 'shift_magnitude': 1.2000000476837158, 'overlap_fraction': 0.9995815899415328, 'large_shift': False, 'max_shift_exceeded': False, 'qc_pass': True, 'registration_channel': '488nm Binned', 'qc_note': 'phase_cross_correlation_on_stable_channel'}, {'day': 20, 'dy': -1426.199951171875, 'dx': 0.0, 'shift_magnitude': 1426.199951171875, 'overlap_fraction': 0.5027196822971147, 'large_shift': True, 'max_shift_exceeded': True, 'qc_pass': False, 'registration_channel': '488nm Binned', 'qc_note': 'phase_cross_correlation_on_stable_channel;shift_exceeds_max_shift_pixels'}, {'day': 25, 'dy': 770.7999877929688, 'dx': 0.0, 'shift_magnitude': 770.7999877929688, 'overlap_fraction': 0.7312412873804154, 'large_shift': True, 'max_shift_exceeded': False, 'qc_pass': False, 'registration_channel': '488nm Binned', 'qc_note': 'phase_cross_correlation_on_stable_channel'}, {'day': 29, 'dy': -972.7000122070312, 'dx': -1.100000023841858, 'shift_magnitude': 972.7006341869071, 'overlap_fraction': 0.6605903276181841, 'large_shift': True, 'max_shift_exceeded': False, 'qc_pass': False, 'registration_channel': '488nm Binned', 'qc_note': 'phase_cross_correlation_on_stable_channel'}, {'day': 32, 'dy': 911.2999877929688, 'dx': 0.0, 'shift_magnitude': 911.2999877929688, 'overlap_fraction': 0.6822524449815311, 'large_shift': True, 'max_shift_exceeded': False, 'qc_pass': False, 'registration_channel': '488nm Binned', 'qc_note': 'phase_cross_correlation_on_stable_channel'}, {'day': 36, 'dy': 764.2999877929688, 'dx': 0.0, 'shift_magnitude': 764.2999877929688, 'overlap_fraction': 0.7335076751070542, 'large_shift': True, 'max_shift_exceeded': False, 'qc_pass': False, 'registration_channel': '488nm Binned', 'qc_note': 'phase_cross_correlation_on_stable_channel'}, {'day': 39, 'dy': -230.5, 'dx': 0.0, 'shift_magnitude': 230.5, 'overlap_fraction': 0.9196304044630405, 'large_shift': False, 'max_shift_exceeded': False, 'qc_pass': True, 'registration_channel': '488nm Binned', 'qc_note': 'phase_cross_correlation_on_stable_channel'}]",5,1426.199951171875,0.5027196822971147,review_low_overlap,very_low_overlap_retained,True,overlap_only_analysis,pseudo_fov_alignment_needed,pseudo_fov_alignment_needed,True,True,registered_common_overlap,True,5,LOCAL_PROCESSED_OUTPUT/dashboard/previews/J06,LOCAL_PROCESSED_OUTPUT/dashboard/roi_previews/J06
N15,PLD3_TMEM106B_mCherry_primary,8|12|16|20|25|29|32|36|39,12|25|36|39,Large microscopy file stored locally/shared drive,LOCAL_PROCESSED_OUTPUT/full_mcherry_valid_queue_abc/wells/N15/qc/N15_registration_qc.csv,LOCAL_PROCESSED_OUTPUT/full_mcherry_valid_queue_abc/wells/N15/qc/N15_registration_qc_montage.png,9x3x2868x2868,9x3x2866x503,2868,2868,2866,503,8225424,1441598,0.17526123881273475,17.526123881273474,0,2866,1019,1522,Overlap crop is stored in registered-frame coordinates. Per-day original-space mapping requires applying the inverse registration shift for each day.,"day8:dy=0.0,dx=0.0|day12:dy=0.0,dx=-764.3|day16:dy=-1.1,dx=0.0|day20:dy=0.0,dx=161.7|day25:dy=0.0,dx=-522.0|day29:dy=0.0,dx=0.1|day32:dy=0.0,dx=-363.9|day36:dy=0.0,dx=1018.1|day39:dy=0.0,dx=-1345.1","[{'day': 8, 'dy': 0.0, 'dx': 0.0, 'shift_magnitude': 0.0, 'overlap_fraction': 1.0, 'large_shift': False, 'max_shift_exceeded': False, 'qc_pass': True, 'registration_channel': '488nm Binned', 'qc_note': 'reference_timepoint'}, {'day': 12, 'dy': 0.0, 'dx': -764.2999877929688, 'shift_magnitude': 764.2999877929688, 'overlap_fraction': 0.7335076751070542, 'large_shift': True, 'max_shift_exceeded': False, 'qc_pass': False, 'registration_channel': '488nm Binned', 'qc_note': 'phase_cross_correlation_on_stable_channel'}, {'day': 16, 'dy': -1.100000023841858, 'dx': 0.0, 'shift_magnitude': 1.100000023841858, 'overlap_fraction': 0.9996164574533328, 'large_shift': False, 'max_shift_exceeded': False, 'qc_pass': True, 'registration_channel': '488nm Binned', 'qc_note': 'phase_cross_correlation_on_stable_channel'}, {'day': 20, 'dy': 0.0, 'dx': 161.6999969482422, 'shift_magnitude': 161.6999969482422, 'overlap_fraction': 0.9436192479259964, 'large_shift': False, 'max_shift_exceeded': False, 'qc_pass': True, 'registration_channel': '488nm Binned', 'qc_note': 'phase_cross_correlation_on_stable_channel'}, {'day': 25, 'dy': 0.0, 'dx': -522.0, 'shift_magnitude': 522.0, 'overlap_fraction': 0.8179916317991632, 'large_shift': True, 'max_shift_exceeded': False, 'qc_pass': False, 'registration_channel': '488nm Binned', 'qc_note': 'phase_cross_correlation_on_stable_channel'}, {'day': 29, 'dy': 0.0, 'dx': 0.1000000014901161, 'shift_magnitude': 0.1000000014901161, 'overlap_fraction': 0.9999651324959936, 'large_shift': False, 'max_shift_exceeded': False, 'qc_pass': True, 'registration_channel': '488nm Binned', 'qc_note': 'phase_cross_correlation_on_stable_channel'}, {'day': 32, 'dy': 0.0, 'dx': -363.8999938964844, 'shift_magnitude': 363.8999938964844, 'overlap_fraction': 0.873117156939859, 'large_shift': False, 'max_shift_exceeded': False, 'qc_pass': True, 'registration_channel': '488nm Binned', 'qc_note': 'phase_cross_correlation_on_stable_channel'}, {'day': 36, 'dy': 0.0, 'dx': 1018.0999755859376, 'shift_magnitude': 1018.0999755859376, 'overlap_fraction': 0.6450139555139688, 'large_shift': True, 'max_shift_exceeded': False, 'qc_pass': False, 'registration_channel': '488nm Binned', 'qc_note': 'phase_cross_correlation_on_stable_channel'}, {'day': 39, 'dy': 0.0, 'dx': -1345.0999755859375, 'shift_magnitude': 1345.0999755859375, 'overlap_fraction': 0.5309972191122951, 'large_shift': True, 'max_shift_exceeded': True, 'qc_pass': False, 'registration_channel': '488nm Binned', 'qc_note': 'phase_cross_correlation_on_stable_channel;shift_exceeds_max_shift_pixels'}]",4,1345.0999755859375,0.5309972191122951,review_low_overlap,very_low_overlap_retained,True,overlap_only_analysis,pseudo_fov_alignment_needed,pseudo_fov_alignment_needed,True,True,registered_common_overlap,True,5,LOCAL_PROCESSED_OUTPUT/dashboard/previews/N15,LOCAL_PROCESSED_OUTPUT/dashboard/roi_previews/N15
M13,PLD3_mCherry_reporter_control,8|12|16|20|25|29|32|36|39,12|16|25|29|32,Large microscopy file stored locally/shared drive,LOCAL_PROCESSED_OUTPUT/full_mcherry_valid_queue_abc/wells/M13/qc/M13_registration_qc.csv,LOCAL_PROCESSED_OUTPUT/full_mcherry_valid_queue_abc/wells/M13/qc/M13_registration_qc_montage.png,9x3x2868x2868,9x3x1540x958,2868,2868,1540,958,8225424,1475320,0.17936096668086654,17.936096668086655,0,1540,1309,2267,Overlap crop is stored in registered-frame coordinates. Per-day original-space mapping requires applying the inverse registration shift for each day.,"day8:dy=0.0,dx=0.0|day12:dy=-1157.6,dx=0.0|day16:dy=-1327.1,dx=0.0|day20:dy=0.0,dx=-388.2|day25:dy=0.0,dx=1308.2|day29:dy=0.0,dx=-600.6|day32:dy=0.0,dx=929.4|day36:dy=0.0,dx=148.2|day39:dy=0.0,dx=290.8","[{'day': 8, 'dy': 0.0, 'dx': 0.0, 'shift_magnitude': 0.0, 'overlap_fraction': 1.0, 'large_shift': False, 'max_shift_exceeded': False, 'qc_pass': True, 'registration_channel': '488nm Binned', 'qc_note': 'reference_timepoint'}, {'day': 12, 'dy': -1157.5999755859375, 'dx': 0.0, 'shift_magnitude': 1157.5999755859375, 'overlap_fraction': 0.596373788149952, 'large_shift': True, 'max_shift_exceeded': False, 'qc_pass': False, 'registration_channel': '488nm Binned', 'qc_note': 'phase_cross_correlation_on_stable_channel'}, {'day': 16, 'dy': -1327.0999755859375, 'dx': 0.0, 'shift_magnitude': 1327.0999755859375, 'overlap_fraction': 0.5372733697399102, 'large_shift': True, 'max_shift_exceeded': True, 'qc_pass': False, 'registration_channel': '488nm Binned', 'qc_note': 'phase_cross_correlation_on_stable_channel;shift_exceeds_max_shift_pixels'}, {'day': 20, 'dy': 0.0, 'dx': -388.2000122070313, 'shift_magnitude': 388.2000122070313, 'overlap_fraction': 0.8646443472081481, 'large_shift': False, 'max_shift_exceeded': False, 'qc_pass': True, 'registration_channel': '488nm Binned', 'qc_note': 'phase_cross_correlation_on_stable_channel'}, {'day': 25, 'dy': 0.0, 'dx': 1308.199951171875, 'shift_magnitude': 1308.199951171875, 'overlap_fraction': 0.5438633364114801, 'large_shift': True, 'max_shift_exceeded': True, 'qc_pass': False, 'registration_channel': '488nm Binned', 'qc_note': 'phase_cross_correlation_on_stable_channel;shift_exceeds_max_shift_pixels'}, {'day': 29, 'dy': 0.0, 'dx': -600.5999755859375, 'shift_magnitude': 600.5999755859375, 'overlap_fraction': 0.7905857825711515, 'large_shift': True, 'max_shift_exceeded': False, 'qc_pass': False, 'registration_channel': '488nm Binned', 'qc_note': 'phase_cross_correlation_on_stable_channel'}, {'day': 32, 'dy': 0.0, 'dx': 929.4000244140624, 'shift_magnitude': 929.4000244140624, 'overlap_fraction': 0.6759414140815682, 'large_shift': True, 'max_shift_exceeded': False, 'qc_pass': False, 'registration_channel': '488nm Binned', 'qc_note': 'phase_cross_correlation_on_stable_channel'}, {'day': 36, 'dy': 0.0, 'dx': 148.1999969482422, 'shift_magnitude': 148.1999969482422, 'overlap_fraction': 0.9483263608967076, 'large_shift': False, 'max_shift_exceeded': False, 'qc_pass': True, 'registration_channel': '488nm Binned', 'qc_note': 'phase_cross_correlation_on_stable_channel'}, {'day': 39, 'dy': 0.0, 'dx': 290.79998779296875, 'shift_magnitude': 290.79998779296875, 'overlap_fraction': 0.898605304116817, 'large_shift': False, 'max_shift_exceeded': False, 'qc_pass': True, 'registration_channel': '488nm Binned', 'qc_note': 'phase_cross_correlation_on_stable_channel'}]",5,1327.0999755859375,0.5372733697399102,review_low_overlap,very_low_overlap_retained,True,overlap_only_analysis,pseudo_fov_alignment_needed,pseudo_fov_alignment_needed,True,True,registered_common_overlap,True,5,LOCAL_PROCESSED_OUTPUT/dashboard/previews/M13,LOCAL_PROCESSED_OUTPUT/dashboard/roi_previews/M13
F12,PLD3_TMEM106B_mCherry_primary,8|12|16|20|25|29|32|36|39,12|20|32|36|39,Large microscopy file stored locally/shared drive,LOCAL_PROCESSED_OUTPUT/full_mcherry_valid_queue_abc/wells/F12/qc/F12_registration_qc.csv,LOCAL_PROCESSED_OUTPUT/full_mcherry_valid_queue_abc/wells/F12/qc/F12_registration_qc_montage.png,9x3x2868x2868,9x3x1907x804,2868,2868,1907,804,8225424,1533228,0.18640109008362366,18.640109008362366,961,2868,1416,2220,Overlap crop is stored in registered-frame coordinates. Per-day original-space mapping requires applying the inverse registration shift for each day.,"day8:dy=0.0,dx=0.0|day12:dy=0.0,dx=719.2|day16:dy=191.3,dx=0.0|day20:dy=960.5,dx=0.0|day25:dy=0.0,dx=-372.2|day29:dy=345.4,dx=0.0|day32:dy=0.0,dx=1415.4|day36:dy=0.0,dx=-618.0|day39:dy=0.0,dx=-647.5","[{'day': 8, 'dy': 0.0, 'dx': 0.0, 'shift_magnitude': 0.0, 'overlap_fraction': 1.0, 'large_shift': False, 'max_shift_exceeded': False, 'qc_pass': True, 'registration_channel': '488nm Binned', 'qc_note': 'reference_timepoint'}, {'day': 12, 'dy': 0.0, 'dx': 719.2000122070312, 'shift_magnitude': 719.2000122070312, 'overlap_fraction': 0.7492329106670045, 'large_shift': True, 'max_shift_exceeded': False, 'qc_pass': False, 'registration_channel': '488nm Binned', 'qc_note': 'phase_cross_correlation_on_stable_channel'}, {'day': 16, 'dy': 191.3000030517578, 'dx': 0.0, 'shift_magnitude': 191.3000030517578, 'overlap_fraction': 0.9332984647657748, 'large_shift': False, 'max_shift_exceeded': False, 'qc_pass': True, 'registration_channel': '488nm Binned', 'qc_note': 'phase_cross_correlation_on_stable_channel'}, {'day': 20, 'dy': 960.5, 'dx': 0.0, 'shift_magnitude': 960.5, 'overlap_fraction': 0.6650976290097629, 'large_shift': True, 'max_shift_exceeded': False, 'qc_pass': False, 'registration_channel': '488nm Binned', 'qc_note': 'phase_cross_correlation_on_stable_channel'}, {'day': 25, 'dy': 0.0, 'dx': -372.2000122070313, 'shift_magnitude': 372.2000122070313, 'overlap_fraction': 0.8702231477660282, 'large_shift': False, 'max_shift_exceeded': False, 'qc_pass': True, 'registration_channel': '488nm Binned', 'qc_note': 'phase_cross_correlation_on_stable_channel'}, {'day': 29, 'dy': 345.3999938964844, 'dx': 0.0, 'shift_magnitude': 345.3999938964844, 'overlap_fraction': 0.8795676450849078, 'large_shift': False, 'max_shift_exceeded': False, 'qc_pass': True, 'registration_channel': '488nm Binned', 'qc_note': 'phase_cross_correlation_on_stable_channel'}, {'day': 32, 'dy': 0.0, 'dx': 1415.4000244140625, 'shift_magnitude': 1415.4000244140625, 'overlap_fraction': 0.5064853471359615, 'large_shift': True, 'max_shift_exceeded': True, 'qc_pass': False, 'registration_channel': '488nm Binned', 'qc_note': 'phase_cross_correlation_on_stable_channel;shift_exceeds_max_shift_pixels'}, {'day': 36, 'dy': 0.0, 'dx': -618.0, 'shift_magnitude': 618.0, 'overlap_fraction': 0.7845188284518828, 'large_shift': True, 'max_shift_exceeded': False, 'qc_pass': False, 'registration_channel': '488nm Binned', 'qc_note': 'phase_cross_correlation_on_stable_channel'}, {'day': 39, 'dy': 0.0, 'dx': -647.5, 'shift_magnitude': 647.5, 'overlap_fraction': 0.7742329149232915, 'large_shift': True, 'max_shift_exceeded': False, 'qc_pass': False, 'registration_channel': '488nm Binned', 'qc_note': 'phase_cross_correlation_on_stable_channel'}]",5,1415.4000244140625,0.5064853471359615,review_low_overlap,very_low_overlap_retained,True,overlap_only_analysis,pseudo_fov_alignment_needed,pseudo_fov_alignment_needed,True,True,registered_common_overlap,True,5,LOCAL_PROCESSED_OUTPUT/dashboard/previews/F12,LOCAL_PROCESSED_OUTPUT/dashboard/roi_previews/F12
I16,PLD3_mCherry_reporter_control,8|12|16|20|25|29|32|36|39,12|25|32,Large microscopy file stored locally/shared drive,LOCAL_PROCESSED_OUTPUT/full_mcherry_valid_queue_abc/wells/I16/qc/I16_registration_qc.csv,LOCAL_PROCESSED_OUTPUT/full_mcherry_valid_queue_abc/wells/I16/qc/I16_registration_qc_montage.png,9x3x2868x2868,9x3x659x2398,2868,2868,659,2398,8225424,1580282,0.19212164625191358,19.21216462519136,888,1547,430,2828,Overlap crop is stored in registered-frame coordinates. Per-day original-space mapping requires applying the inverse registration shift for each day.,"day8:dy=0.0,dx=0.0|day12:dy=-960.0,dx=0.0|day16:dy=215.1,dx=0.0|day20:dy=0.0,dx=-39.5|day25:dy=887.7,dx=0.0|day29:dy=0.0,dx=429.9|day32:dy=-1320.9,dx=0.0|day36:dy=-0.3,dx=0.1|day39:dy=-189.2,dx=0.0","[{'day': 8, 'dy': 0.0, 'dx': 0.0, 'shift_magnitude': 0.0, 'overlap_fraction': 1.0, 'large_shift': False, 'max_shift_exceeded': False, 'qc_pass': True, 'registration_channel': '488nm Binned', 'qc_note': 'reference_timepoint'}, {'day': 12, 'dy': -960.0, 'dx': 0.0, 'shift_magnitude': 960.0, 'overlap_fraction': 0.6652719665271967, 'large_shift': True, 'max_shift_exceeded': False, 'qc_pass': False, 'registration_channel': '488nm Binned', 'qc_note': 'phase_cross_correlation_on_stable_channel'}, {'day': 16, 'dy': 215.1000061035156, 'dx': 0.0, 'shift_magnitude': 215.1000061035156, 'overlap_fraction': 0.9249999978718564, 'large_shift': False, 'max_shift_exceeded': False, 'qc_pass': True, 'registration_channel': '488nm Binned', 'qc_note': 'phase_cross_correlation_on_stable_channel'}, {'day': 20, 'dy': 0.0, 'dx': -39.5, 'shift_magnitude': 39.5, 'overlap_fraction': 0.9862273361227336, 'large_shift': False, 'max_shift_exceeded': False, 'qc_pass': True, 'registration_channel': '488nm Binned', 'qc_note': 'phase_cross_correlation_on_stable_channel'}, {'day': 25, 'dy': 887.7000122070312, 'dx': 0.0, 'shift_magnitude': 887.7000122070312, 'overlap_fraction': 0.6904811672918301, 'large_shift': True, 'max_shift_exceeded': False, 'qc_pass': False, 'registration_channel': '488nm Binned', 'qc_note': 'phase_cross_correlation_on_stable_channel'}, {'day': 29, 'dy': 0.0, 'dx': 429.8999938964844, 'shift_magnitude': 429.8999938964844, 'overlap_fraction': 0.8501046046386038, 'large_shift': False, 'max_shift_exceeded': False, 'qc_pass': True, 'registration_channel': '488nm Binned', 'qc_note': 'phase_cross_correlation_on_stable_channel'}, {'day': 32, 'dy': -1320.9000244140625, 'dx': 0.0, 'shift_magnitude': 1320.9000244140625, 'overlap_fraction': 0.5394351379309406, 'large_shift': True, 'max_shift_exceeded': True, 'qc_pass': False, 'registration_channel': '488nm Binned', 'qc_note': 'phase_cross_correlation_on_stable_channel;shift_exceeds_max_shift_pixels'}, {'day': 36, 'dy': -0.3000000119209289, 'dx': 0.1000000014901161, 'shift_magnitude': 0.3162277777972402, 'overlap_fraction': 0.9998605336286056, 'large_shift': False, 'max_shift_exceeded': False, 'qc_pass': True, 'registration_channel': '488nm Binned', 'qc_note': 'phase_cross_correlation_on_stable_channel'}, {'day': 39, 'dy': -189.1999969482422, 'dx': 0.0, 'shift_magnitude': 189.1999969482422, 'overlap_fraction': 0.93403068446714, 'large_shift': False, 'max_shift_exceeded': False, 'qc_pass': True, 'registration_channel': '488nm Binned', 'qc_note': 'phase_cross_correlation_on_stable_channel'}]",3,1320.9000244140625,0.5394351379309406,review_low_overlap,very_low_overlap_retained,True,overlap_only_analysis,pseudo_fov_alignment_needed,pseudo_fov_alignment_needed,True,True,registered_common_overlap,True,5,LOCAL_PROCESSED_OUTPUT/dashboard/previews/I16,LOCAL_PROCESSED_OUTPUT/dashboard/roi_previews/I16
M18,PLD3_mCherry_reporter_control,8|12|16|20|25|29|32|36|39,12|16|25|29|32|36,Large microscopy file stored locally/shared drive,LOCAL_PROCESSED_OUTPUT/full_mcherry_valid_queue_abc/wells/M18/qc/M18_registration_qc.csv,LOCAL_PROCESSED_OUTPUT/full_mcherry_valid_queue_abc/wells/M18/qc/M18_registration_qc_montage.png,9x3x2868x2868,9x3x630x2571,2868,2868,630,2571,8225424,1619730,0.19691750844698097,19.6917508446981,1239,1869,0,2571,Overlap crop is stored in registered-frame coordinates. Per-day original-space mapping requires applying the inverse registration shift for each day.,"day8:dy=0.0,dx=0.0|day12:dy=-522.5,dx=0.0|day16:dy=1238.4,dx=0.0|day20:dy=188.4,dx=0.0|day25:dy=-955.2,dx=0.0|day29:dy=-998.6,dx=0.0|day32:dy=-962.9,dx=0.0|day36:dy=-780.2,dx=0.0|day39:dy=0.0,dx=-296.9","[{'day': 8, 'dy': 0.0, 'dx': 0.0, 'shift_magnitude': 0.0, 'overlap_fraction': 1.0, 'large_shift': False, 'max_shift_exceeded': False, 'qc_pass': True, 'registration_channel': '488nm Binned', 'qc_note': 'reference_timepoint'}, {'day': 12, 'dy': -522.5, 'dx': 0.0, 'shift_magnitude': 522.5, 'overlap_fraction': 0.8178172942817294, 'large_shift': True, 'max_shift_exceeded': False, 'qc_pass': False, 'registration_channel': '488nm Binned', 'qc_note': 'phase_cross_correlation_on_stable_channel'}, {'day': 16, 'dy': 1238.4000244140625, 'dx': 0.0, 'shift_magnitude': 1238.4000244140625, 'overlap_fraction': 0.5682008283075096, 'large_shift': True, 'max_shift_exceeded': True, 'qc_pass': False, 'registration_channel': '488nm Binned', 'qc_note': 'phase_cross_correlation_on_stable_channel;shift_exceeds_max_shift_pixels'}, {'day': 20, 'dy': 188.3999938964844, 'dx': 0.0, 'shift_magnitude': 188.3999938964844, 'overlap_fraction': 0.934309625559106, 'large_shift': False, 'max_shift_exceeded': False, 'qc_pass': True, 'registration_channel': '488nm Binned', 'qc_note': 'phase_cross_correlation_on_stable_channel'}, {'day': 25, 'dy': -955.2000122070312, 'dx': 0.0, 'shift_magnitude': 955.2000122070312, 'overlap_fraction': 0.6669456024382736, 'large_shift': True, 'max_shift_exceeded': False, 'qc_pass': False, 'registration_channel': '488nm Binned', 'qc_note': 'phase_cross_correlation_on_stable_channel'}, {'day': 29, 'dy': -998.5999755859376, 'dx': 0.0, 'shift_magnitude': 998.5999755859376, 'overlap_fraction': 0.6518131186938851, 'large_shift': True, 'max_shift_exceeded': False, 'qc_pass': False, 'registration_channel': '488nm Binned', 'qc_note': 'phase_cross_correlation_on_stable_channel'}, {'day': 32, 'dy': -962.9000244140624, 'dx': 0.0, 'shift_magnitude': 962.9000244140624, 'overlap_fraction': 0.6642608004135068, 'large_shift': True, 'max_shift_exceeded': False, 'qc_pass': False, 'registration_channel': '488nm Binned', 'qc_note': 'phase_cross_correlation_on_stable_channel'}, {'day': 36, 'dy': -780.2000122070312, 'dx': 0.0, 'shift_magnitude': 780.2000122070312, 'overlap_fraction': 0.7279637335400867, 'large_shift': True, 'max_shift_exceeded': False, 'qc_pass': False, 'registration_channel': '488nm Binned', 'qc_note': 'phase_cross_correlation_on_stable_channel'}, {'day': 39, 'dy': 0.0, 'dx': -296.8999938964844, 'shift_magnitude': 296.8999938964844, 'overlap_fraction': 0.8964783842759817, 'large_shift': False, 'max_shift_exceeded': False, 'qc_pass': True, 'registration_channel': '488nm Binned', 'qc_note': 'phase_cross_correlation_on_stable_channel'}]",6,1238.4000244140625,0.5682008283075096,review_low_overlap,very_low_overlap_retained,True,overlap_only_analysis,pseudo_fov_alignment_needed,pseudo_fov_alignment_needed,True,True,registered_common_overlap,True,5,LOCAL_PROCESSED_OUTPUT/dashboard/previews/M18,LOCAL_PROCESSED_OUTPUT/dashboard/roi_previews/M18
I05,PLD3_mCherry_reporter_control,8|12|16|20|25|29|32|36|39,12|16|25|32|39,Large microscopy file stored locally/shared drive,LOCAL_PROCESSED_OUTPUT/full_mcherry_valid_queue_abc/wells/I05/qc/I05_registration_qc.csv,LOCAL_PROCESSED_OUTPUT/full_mcherry_valid_queue_abc/wells/I05/qc/I05_registration_qc_montage.png,9x3x2868x2868,9x3x1128x1484,2868,2868,1128,1484,8225424,1673952,0.20350950905387977,20.350950905387975,1193,2321,0,1484,Overlap crop is stored in registered-frame coordinates. Per-day original-space mapping requires applying the inverse registration shift for each day.,"day8:dy=0.0,dx=0.0|day12:dy=-546.3,dx=0.0|day16:dy=1089.5,dx=0.0|day20:dy=4.6,dx=0.0|day25:dy=844.0,dx=0.0|day29:dy=0.0,dx=-276.3|day32:dy=0.0,dx=-1383.5|day36:dy=-116.1,dx=0.0|day39:dy=1192.4,dx=0.0","[{'day': 8, 'dy': 0.0, 'dx': 0.0, 'shift_magnitude': 0.0, 'overlap_fraction': 1.0, 'large_shift': False, 'max_shift_exceeded': False, 'qc_pass': True, 'registration_channel': '488nm Binned', 'qc_note': 'reference_timepoint'}, {'day': 12, 'dy': -546.2999877929688, 'dx': 0.0, 'shift_magnitude': 546.2999877929688, 'overlap_fraction': 0.8095188327081699, 'large_shift': True, 'max_shift_exceeded': False, 'qc_pass': False, 'registration_channel': '488nm Binned', 'qc_note': 'phase_cross_correlation_on_stable_channel'}, {'day': 16, 'dy': 1089.5, 'dx': 0.0, 'shift_magnitude': 1089.5, 'overlap_fraction': 0.620118549511855, 'large_shift': True, 'max_shift_exceeded': False, 'qc_pass': False, 'registration_channel': '488nm Binned', 'qc_note': 'phase_cross_correlation_on_stable_channel'}, {'day': 20, 'dy': 4.599999904632568, 'dx': 0.0, 'shift_magnitude': 4.599999904632568, 'overlap_fraction': 0.9983960948728616, 'large_shift': False, 'max_shift_exceeded': False, 'qc_pass': True, 'registration_channel': '488nm Binned', 'qc_note': 'phase_cross_correlation_on_stable_channel'}, {'day': 25, 'dy': 844.0, 'dx': 0.0, 'shift_magnitude': 844.0, 'overlap_fraction': 0.705718270571827, 'large_shift': True, 'max_shift_exceeded': False, 'qc_pass': False, 'registration_channel': '488nm Binned', 'qc_note': 'phase_cross_correlation_on_stable_channel'}, {'day': 29, 'dy': 0.0, 'dx': -276.29998779296875, 'shift_magnitude': 276.29998779296875, 'overlap_fraction': 0.903661092122396, 'large_shift': False, 'max_shift_exceeded': False, 'qc_pass': True, 'registration_channel': '488nm Binned', 'qc_note': 'phase_cross_correlation_on_stable_channel'}, {'day': 32, 'dy': 0.0, 'dx': -1383.5, 'shift_magnitude': 1383.5, 'overlap_fraction': 0.5176080892608089, 'large_shift': True, 'max_shift_exceeded': True, 'qc_pass': False, 'registration_channel': '488nm Binned', 'qc_note': 'phase_cross_correlation_on_stable_channel;shift_exceeds_max_shift_pixels'}, {'day': 36, 'dy': -116.0999984741211, 'dx': 0.0, 'shift_magnitude': 116.0999984741211, 'overlap_fraction': 0.9595188289839188, 'large_shift': False, 'max_shift_exceeded': False, 'qc_pass': True, 'registration_channel': '488nm Binned', 'qc_note': 'phase_cross_correlation_on_stable_channel'}, {'day': 39, 'dy': 1192.4000244140625, 'dx': 0.0, 'shift_magnitude': 1192.4000244140625, 'overlap_fraction': 0.5842398799114148, 'large_shift': True, 'max_shift_exceeded': False, 'qc_pass': False, 'registration_channel': '488nm Binned', 'qc_note': 'phase_cross_correlation_on_stable_channel'}]",5,1383.5,0.5176080892608089,review_low_overlap,low_overlap_retained,True,overlap_only_analysis,manual_alignment_needed,manual_alignment_needed,True,False,registered_common_overlap,True,5,LOCAL_PROCESSED_OUTPUT/dashboard/previews/I05,LOCAL_PROCESSED_OUTPUT/dashboard/roi_previews/I05
E20,PLD3_mCherry_reporter_control,8|12|16|20|25|29|32|36|39,12|20|29|36|39,Large microscopy file stored locally/shared drive,LOCAL_PROCESSED_OUTPUT/full_mcherry_valid_queue_abc/wells/E20/qc/E20_registration_qc.csv,LOCAL_PROCESSED_OUTPUT/full_mcherry_valid_queue_abc/wells/E20/qc/E20_registration_qc_montage.png,9x3x2868x2868,9x3x1931x872,2868,2868,1931,872,8225424,1683832,0.20471066293968554,20.471066293968555,717,2648,851,1723,Overlap crop is stored in registered-frame coordinates. Per-day original-space mapping requires applying the inverse registration shift for each day.,"day8:dy=0.0,dx=0.0|day12:dy=0.0,dx=680.3|day16:dy=-219.7,dx=0.0|day20:dy=716.6,dx=0.0|day25:dy=152.4,dx=0.0|day29:dy=0.0,dx=850.9|day32:dy=351.2,dx=0.0|day36:dy=689.8,dx=0.0|day39:dy=0.0,dx=-1145.0","[{'day': 8, 'dy': 0.0, 'dx': 0.0, 'shift_magnitude': 0.0, 'overlap_fraction': 1.0, 'large_shift': False, 'max_shift_exceeded': False, 'qc_pass': True, 'registration_channel': '488nm Binned', 'qc_note': 'reference_timepoint'}, {'day': 12, 'dy': 0.0, 'dx': 680.2999877929688, 'shift_magnitude': 680.2999877929688, 'overlap_fraction': 0.7627963780359244, 'large_shift': True, 'max_shift_exceeded': False, 'qc_pass': False, 'registration_channel': '488nm Binned', 'qc_note': 'phase_cross_correlation_on_stable_channel'}, {'day': 16, 'dy': -219.6999969482422, 'dx': 0.0, 'shift_magnitude': 219.6999969482422, 'overlap_fraction': 0.9233960959036812, 'large_shift': False, 'max_shift_exceeded': False, 'qc_pass': True, 'registration_channel': '488nm Binned', 'qc_note': 'phase_cross_correlation_on_stable_channel'}, {'day': 20, 'dy': 716.5999755859375, 'dx': 0.0, 'shift_magnitude': 716.5999755859375, 'overlap_fraction': 0.7501394785265211, 'large_shift': True, 'max_shift_exceeded': False, 'qc_pass': False, 'registration_channel': '488nm Binned', 'qc_note': 'phase_cross_correlation_on_stable_channel'}, {'day': 25, 'dy': 152.39999389648438, 'dx': 0.0, 'shift_magnitude': 152.39999389648438, 'overlap_fraction': 0.946861926814336, 'large_shift': False, 'max_shift_exceeded': False, 'qc_pass': True, 'registration_channel': '488nm Binned', 'qc_note': 'phase_cross_correlation_on_stable_channel'}, {'day': 29, 'dy': 0.0, 'dx': 850.9000244140625, 'shift_magnitude': 850.9000244140625, 'overlap_fraction': 0.7033124043186672, 'large_shift': True, 'max_shift_exceeded': False, 'qc_pass': False, 'registration_channel': '488nm Binned', 'qc_note': 'phase_cross_correlation_on_stable_channel'}, {'day': 32, 'dy': 351.20001220703125, 'dx': 0.0, 'shift_magnitude': 351.20001220703125, 'overlap_fraction': 0.8775453234982458, 'large_shift': False, 'max_shift_exceeded': False, 'qc_pass': True, 'registration_channel': '488nm Binned', 'qc_note': 'phase_cross_correlation_on_stable_channel'}, {'day': 36, 'dy': 689.7999877929688, 'dx': 0.0, 'shift_magnitude': 689.7999877929688, 'overlap_fraction': 0.7594839652046831, 'large_shift': True, 'max_shift_exceeded': False, 'qc_pass': False, 'registration_channel': '488nm Binned', 'qc_note': 'phase_cross_correlation_on_stable_channel'}, {'day': 39, 'dy': 0.0, 'dx': -1145.0, 'shift_magnitude': 1145.0, 'overlap_fraction': 0.6007670850767085, 'large_shift': True, 'max_shift_exceeded': False, 'qc_pass': False, 'registration_channel': '488nm Binned', 'qc_note': 'phase_cross_correlation_on_stable_channel'}]",5,1145.0,0.6007670850767085,review_low_overlap,low_overlap_retained,True,overlap_only_analysis,manual_alignment_needed,manual_alignment_needed,True,False,registered_common_overlap,True,5,LOCAL_PROCESSED_OUTPUT/dashboard/previews/E20,LOCAL_PROCESSED_OUTPUT/dashboard/roi_previews/E20
I13,PLD3_mCherry_reporter_control,8|12|16|20|25|29|32|36|39,20|25|32,Large microscopy file stored locally/shared drive,LOCAL_PROCESSED_OUTPUT/full_mcherry_valid_queue_abc/wells/I13/qc/I13_registration_qc.csv,LOCAL_PROCESSED_OUTPUT/full_mcherry_valid_queue_abc/wells/I13/qc/I13_registration_qc_montage.png,9x3x2868x2868,9x3x1508x1127,2868,2868,1508,1127,8225424,1699516,0.20661743394626222,20.66174339462622,550,2058,1301,2428,Overlap crop is stored in registered-frame coordinates. Per-day original-space mapping requires applying the inverse registration shift for each day.,"day8:dy=0.0,dx=0.0|day12:dy=154.8,dx=0.0|day16:dy=0.0,dx=-439.1|day20:dy=-809.7,dx=0.0|day25:dy=0.0,dx=1300.5|day29:dy=48.2,dx=0.0|day32:dy=550.0,dx=0.0|day36:dy=-463.1,dx=0.0|day39:dy=192.6,dx=0.0","[{'day': 8, 'dy': 0.0, 'dx': 0.0, 'shift_magnitude': 0.0, 'overlap_fraction': 1.0, 'large_shift': False, 'max_shift_exceeded': False, 'qc_pass': True, 'registration_channel': '488nm Binned', 'qc_note': 'reference_timepoint'}, {'day': 12, 'dy': 154.8000030517578, 'dx': 0.0, 'shift_magnitude': 154.8000030517578, 'overlap_fraction': 0.9460251035384388, 'large_shift': False, 'max_shift_exceeded': False, 'qc_pass': True, 'registration_channel': '488nm Binned', 'qc_note': 'phase_cross_correlation_on_stable_channel'}, {'day': 16, 'dy': 0.0, 'dx': -439.1000061035156, 'shift_magnitude': 439.1000061035156, 'overlap_fraction': 0.8468967900615357, 'large_shift': False, 'max_shift_exceeded': False, 'qc_pass': True, 'registration_channel': '488nm Binned', 'qc_note': 'phase_cross_correlation_on_stable_channel'}, {'day': 20, 'dy': -809.7000122070312, 'dx': 0.0, 'shift_magnitude': 809.7000122070312, 'overlap_fraction': 0.7176778200114954, 'large_shift': True, 'max_shift_exceeded': False, 'qc_pass': False, 'registration_channel': '488nm Binned', 'qc_note': 'phase_cross_correlation_on_stable_channel'}, {'day': 25, 'dy': 0.0, 'dx': 1300.5, 'shift_magnitude': 1300.5, 'overlap_fraction': 0.5465481171548117, 'large_shift': True, 'max_shift_exceeded': True, 'qc_pass': False, 'registration_channel': '488nm Binned', 'qc_note': 'phase_cross_correlation_on_stable_channel;shift_exceeds_max_shift_pixels'}, {'day': 29, 'dy': 48.20000076293945, 'dx': 0.0, 'shift_magnitude': 48.20000076293945, 'overlap_fraction': 0.9831938630533684, 'large_shift': False, 'max_shift_exceeded': False, 'qc_pass': True, 'registration_channel': '488nm Binned', 'qc_note': 'phase_cross_correlation_on_stable_channel'}, {'day': 32, 'dy': 550.0, 'dx': 0.0, 'shift_magnitude': 550.0, 'overlap_fraction': 0.808228730822873, 'large_shift': True, 'max_shift_exceeded': False, 'qc_pass': False, 'registration_channel': '488nm Binned', 'qc_note': 'phase_cross_correlation_on_stable_channel'}, {'day': 36, 'dy': -463.1000061035156, 'dx': 0.0, 'shift_magnitude': 463.1000061035156, 'overlap_fraction': 0.8385285892247156, 'large_shift': False, 'max_shift_exceeded': False, 'qc_pass': True, 'registration_channel': '488nm Binned', 'qc_note': 'phase_cross_correlation_on_stable_channel'}, {'day': 39, 'dy': 192.6000061035156, 'dx': 0.0, 'shift_magnitude': 192.6000061035156, 'overlap_fraction': 0.9328451861563752, 'large_shift': False, 'max_shift_exceeded': False, 'qc_pass': True, 'registration_channel': '488nm Binned', 'qc_note': 'phase_cross_correlation_on_stable_channel'}]",3,1300.5,0.5465481171548117,review_low_overlap,low_overlap_retained,True,overlap_only_analysis,manual_alignment_needed,manual_alignment_needed,True,False,registered_common_overlap,True,5,LOCAL_PROCESSED_OUTPUT/dashboard/previews/I13,LOCAL_PROCESSED_OUTPUT/dashboard/roi_previews/I13
F19,PLD3_TMEM106B_mCherry_primary,8|12|16|20|25|29|32|36|39,12|16|29|32|39,Large microscopy file stored locally/shared drive,LOCAL_PROCESSED_OUTPUT/full_mcherry_valid_queue_abc/wells/F19/qc/F19_registration_qc.csv,LOCAL_PROCESSED_OUTPUT/full_mcherry_valid_queue_abc/wells/F19/qc/F19_registration_qc_montage.png,9x3x2868x2868,9x3x2868x598,2868,2868,2868,598,8225424,1715064,0.20850767085076707,20.850767085076708,0,2868,938,1536,Overlap crop is stored in registered-frame coordinates. Per-day original-space mapping requires applying the inverse registration shift for each day.,"day8:dy=0.0,dx=0.0|day12:dy=0.0,dx=-1331.1|day16:dy=0.0,dx=-507.1|day20:dy=0.0,dx=249.0|day25:dy=0.0,dx=-450.1|day29:dy=0.0,dx=937.9|day32:dy=0.0,dx=-1001.3|day36:dy=0.0,dx=-164.7|day39:dy=0.0,dx=-516.4","[{'day': 8, 'dy': 0.0, 'dx': 0.0, 'shift_magnitude': 0.0, 'overlap_fraction': 1.0, 'large_shift': False, 'max_shift_exceeded': False, 'qc_pass': True, 'registration_channel': '488nm Binned', 'qc_note': 'reference_timepoint'}, {'day': 12, 'dy': 0.0, 'dx': -1331.0999755859375, 'shift_magnitude': 1331.0999755859375, 'overlap_fraction': 0.5358786696004402, 'large_shift': True, 'max_shift_exceeded': True, 'qc_pass': False, 'registration_channel': '488nm Binned', 'qc_note': 'phase_cross_correlation_on_stable_channel;shift_exceeds_max_shift_pixels'}, {'day': 16, 'dy': 0.0, 'dx': -507.1000061035156, 'shift_magnitude': 507.1000061035156, 'overlap_fraction': 0.8231868876905455, 'large_shift': True, 'max_shift_exceeded': False, 'qc_pass': False, 'registration_channel': '488nm Binned', 'qc_note': 'phase_cross_correlation_on_stable_channel'}, {'day': 20, 'dy': 0.0, 'dx': 249.0, 'shift_magnitude': 249.0, 'overlap_fraction': 0.9131799163179916, 'large_shift': False, 'max_shift_exceeded': False, 'qc_pass': True, 'registration_channel': '488nm Binned', 'qc_note': 'phase_cross_correlation_on_stable_channel'}, {'day': 25, 'dy': 0.0, 'dx': -450.1000061035156, 'shift_magnitude': 450.1000061035156, 'overlap_fraction': 0.8430613646779932, 'large_shift': False, 'max_shift_exceeded': False, 'qc_pass': True, 'registration_channel': '488nm Binned', 'qc_note': 'phase_cross_correlation_on_stable_channel'}, {'day': 29, 'dy': 0.0, 'dx': 937.9000244140624, 'shift_magnitude': 937.9000244140624, 'overlap_fraction': 0.6729776762851943, 'large_shift': True, 'max_shift_exceeded': False, 'qc_pass': False, 'registration_channel': '488nm Binned', 'qc_note': 'phase_cross_correlation_on_stable_channel'}, {'day': 32, 'dy': 0.0, 'dx': -1001.2999877929688, 'shift_magnitude': 1001.2999877929688, 'overlap_fraction': 0.6508716918434558, 'large_shift': True, 'max_shift_exceeded': False, 'qc_pass': False, 'registration_channel': '488nm Binned', 'qc_note': 'phase_cross_correlation_on_stable_channel'}, {'day': 36, 'dy': 0.0, 'dx': -164.6999969482422, 'shift_magnitude': 164.6999969482422, 'overlap_fraction': 0.942573222821394, 'large_shift': False, 'max_shift_exceeded': False, 'qc_pass': True, 'registration_channel': '488nm Binned', 'qc_note': 'phase_cross_correlation_on_stable_channel'}, {'day': 39, 'dy': 0.0, 'dx': -516.4000244140625, 'shift_magnitude': 516.4000244140625, 'overlap_fraction': 0.8199442034818472, 'large_shift': True, 'max_shift_exceeded': False, 'qc_pass': False, 'registration_channel': '488nm Binned', 'qc_note': 'phase_cross_correlation_on_stable_channel'}]",5,1331.0999755859375,0.5358786696004402,review_low_overlap,low_overlap_retained,True,overlap_only_analysis,manual_alignment_needed,manual_alignment_needed,True,False,registered_common_overlap,True,5,LOCAL_PROCESSED_OUTPUT/dashboard/previews/F19,LOCAL_PROCESSED_OUTPUT/dashboard/roi_previews/F19
I07,PLD3_mCherry_reporter_control,8|12|16|20|25|29|32|36|39,16|20|25|29|32|36|39,Large microscopy file stored locally/shared drive,LOCAL_PROCESSED_OUTPUT/full_mcherry_valid_queue_abc/wells/I07/qc/I07_registration_qc.csv,LOCAL_PROCESSED_OUTPUT/full_mcherry_valid_queue_abc/wells/I07/qc/I07_registration_qc_montage.png,9x3x2868x2868,9x3x2868x615,2868,2868,2868,615,8225424,1763820,0.21443514644351463,21.443514644351463,0,2868,1033,1648,Overlap crop is stored in registered-frame coordinates. Per-day original-space mapping requires applying the inverse registration shift for each day.,"day8:dy=0.0,dx=0.0|day12:dy=0.0,dx=-258.8|day16:dy=0.0,dx=530.6|day20:dy=0.0,dx=-905.8|day25:dy=0.0,dx=1032.2|day29:dy=0.0,dx=-902.7|day32:dy=0.0,dx=-1085.8|day36:dy=0.0,dx=-679.2|day39:dy=0.0,dx=-1219.1","[{'day': 8, 'dy': 0.0, 'dx': 0.0, 'shift_magnitude': 0.0, 'overlap_fraction': 1.0, 'large_shift': False, 'max_shift_exceeded': False, 'qc_pass': True, 'registration_channel': '488nm Binned', 'qc_note': 'reference_timepoint'}, {'day': 12, 'dy': 0.0, 'dx': -258.79998779296875, 'shift_magnitude': 258.79998779296875, 'overlap_fraction': 0.9097629052325772, 'large_shift': False, 'max_shift_exceeded': False, 'qc_pass': True, 'registration_channel': '488nm Binned', 'qc_note': 'phase_cross_correlation_on_stable_channel'}, {'day': 16, 'dy': 0.0, 'dx': 530.5999755859375, 'shift_magnitude': 530.5999755859375, 'overlap_fraction': 0.8149930350118767, 'large_shift': True, 'max_shift_exceeded': False, 'qc_pass': False, 'registration_channel': '488nm Binned', 'qc_note': 'phase_cross_correlation_on_stable_channel'}, {'day': 20, 'dy': 0.0, 'dx': -905.7999877929688, 'shift_magnitude': 905.7999877929688, 'overlap_fraction': 0.6841701576733024, 'large_shift': True, 'max_shift_exceeded': False, 'qc_pass': False, 'registration_channel': '488nm Binned', 'qc_note': 'phase_cross_correlation_on_stable_channel'}, {'day': 25, 'dy': 0.0, 'dx': 1032.199951171875, 'shift_magnitude': 1032.199951171875, 'overlap_fraction': 0.640097646034911, 'large_shift': True, 'max_shift_exceeded': False, 'qc_pass': False, 'registration_channel': '488nm Binned', 'qc_note': 'phase_cross_correlation_on_stable_channel'}, {'day': 29, 'dy': 0.0, 'dx': -902.7000122070312, 'shift_magnitude': 902.7000122070312, 'overlap_fraction': 0.6852510417688176, 'large_shift': True, 'max_shift_exceeded': False, 'qc_pass': False, 'registration_channel': '488nm Binned', 'qc_note': 'phase_cross_correlation_on_stable_channel'}, {'day': 32, 'dy': 0.0, 'dx': -1085.800048828125, 'shift_magnitude': 1085.800048828125, 'overlap_fraction': 0.6214086301157166, 'large_shift': True, 'max_shift_exceeded': False, 'qc_pass': False, 'registration_channel': '488nm Binned', 'qc_note': 'phase_cross_correlation_on_stable_channel'}, {'day': 36, 'dy': 0.0, 'dx': -679.2000122070312, 'shift_magnitude': 679.2000122070312, 'overlap_fraction': 0.7631799120617045, 'large_shift': True, 'max_shift_exceeded': False, 'qc_pass': False, 'registration_channel': '488nm Binned', 'qc_note': 'phase_cross_correlation_on_stable_channel'}, {'day': 39, 'dy': 0.0, 'dx': -1219.0999755859375, 'shift_magnitude': 1219.0999755859375, 'overlap_fraction': 0.5749302735056006, 'large_shift': True, 'max_shift_exceeded': True, 'qc_pass': False, 'registration_channel': '488nm Binned', 'qc_note': 'phase_cross_correlation_on_stable_channel;shift_exceeds_max_shift_pixels'}]",7,1219.0999755859375,0.5749302735056006,review_low_overlap,low_overlap_retained,True,overlap_only_analysis,manual_alignment_needed,manual_alignment_needed,True,False,registered_common_overlap,True,5,LOCAL_PROCESSED_OUTPUT/dashboard/previews/I07,LOCAL_PROCESSED_OUTPUT/dashboard/roi_previews/I07
F13,PLD3_TMEM106B_mCherry_primary,8|12|16|20|25|29|32|36|39,12|25|32|36|39,Large microscopy file stored locally/shared drive,LOCAL_PROCESSED_OUTPUT/full_mcherry_valid_queue_abc/wells/F13/qc/F13_registration_qc.csv,LOCAL_PROCESSED_OUTPUT/full_mcherry_valid_queue_abc/wells/F13/qc/F13_registration_qc_montage.png,9x3x2868x2868,9x3x1697x1042,2868,2868,1697,1042,8225424,1768274,0.21497663828636676,21.497663828636675,1171,2868,478,1520,Overlap crop is stored in registered-frame coordinates. Per-day original-space mapping requires applying the inverse registration shift for each day.,"day8:dy=0.0,dx=0.0|day12:dy=867.7,dx=0.0|day16:dy=0.0,dx=477.9|day20:dy=166.4,dx=0.0|day25:dy=1170.8,dx=0.0|day29:dy=0.0,dx=-277.6|day32:dy=791.1,dx=0.0|day36:dy=0.0,dx=-1347.4|day39:dy=0.0,dx=-597.4","[{'day': 8, 'dy': 0.0, 'dx': 0.0, 'shift_magnitude': 0.0, 'overlap_fraction': 1.0, 'large_shift': False, 'max_shift_exceeded': False, 'qc_pass': True, 'registration_channel': '488nm Binned', 'qc_note': 'reference_timepoint'}, {'day': 12, 'dy': 867.7000122070312, 'dx': 0.0, 'shift_magnitude': 867.7000122070312, 'overlap_fraction': 0.6974546679891802, 'large_shift': True, 'max_shift_exceeded': False, 'qc_pass': False, 'registration_channel': '488nm Binned', 'qc_note': 'phase_cross_correlation_on_stable_channel'}, {'day': 16, 'dy': 0.0, 'dx': 477.8999938964844, 'shift_magnitude': 477.8999938964844, 'overlap_fraction': 0.8333682029649636, 'large_shift': False, 'max_shift_exceeded': False, 'qc_pass': True, 'registration_channel': '488nm Binned', 'qc_note': 'phase_cross_correlation_on_stable_channel'}, {'day': 20, 'dy': 166.39999389648438, 'dx': 0.0, 'shift_magnitude': 166.39999389648438, 'overlap_fraction': 0.941980476326191, 'large_shift': False, 'max_shift_exceeded': False, 'qc_pass': True, 'registration_channel': '488nm Binned', 'qc_note': 'phase_cross_correlation_on_stable_channel'}, {'day': 25, 'dy': 1170.800048828125, 'dx': 0.0, 'shift_magnitude': 1170.800048828125, 'overlap_fraction': 0.5917712521519787, 'large_shift': True, 'max_shift_exceeded': False, 'qc_pass': False, 'registration_channel': '488nm Binned', 'qc_note': 'phase_cross_correlation_on_stable_channel'}, {'day': 29, 'dy': 0.0, 'dx': -277.6000061035156, 'shift_magnitude': 277.6000061035156, 'overlap_fraction': 0.9032078081926376, 'large_shift': False, 'max_shift_exceeded': False, 'qc_pass': True, 'registration_channel': '488nm Binned', 'qc_note': 'phase_cross_correlation_on_stable_channel'}, {'day': 32, 'dy': 791.0999755859375, 'dx': 0.0, 'shift_magnitude': 791.0999755859375, 'overlap_fraction': 0.724163188428892, 'large_shift': True, 'max_shift_exceeded': False, 'qc_pass': False, 'registration_channel': '488nm Binned', 'qc_note': 'phase_cross_correlation_on_stable_channel'}, {'day': 36, 'dy': 0.0, 'dx': -1347.4000244140625, 'shift_magnitude': 1347.4000244140625, 'overlap_fraction': 0.5301952495069517, 'large_shift': True, 'max_shift_exceeded': True, 'qc_pass': False, 'registration_channel': '488nm Binned', 'qc_note': 'phase_cross_correlation_on_stable_channel;shift_exceeds_max_shift_pixels'}, {'day': 39, 'dy': 0.0, 'dx': -597.4000244140625, 'shift_magnitude': 597.4000244140625, 'overlap_fraction': 0.7917015256575793, 'large_shift': True, 'max_shift_exceeded': False, 'qc_pass': False, 'registration_channel': '488nm Binned', 'qc_note': 'phase_cross_correlation_on_stable_channel'}]",5,1347.4000244140625,0.5301952495069517,review_low_overlap,low_overlap_retained,True,overlap_only_analysis,manual_alignment_needed,manual_alignment_needed,True,False,registered_common_overlap,True,5,LOCAL_PROCESSED_OUTPUT/dashboard/previews/F13,LOCAL_PROCESSED_OUTPUT/dashboard/roi_previews/F13
N11,PLD3_TMEM106B_mCherry_primary,8|12|16|20|25|29|32|36|39,12|20|25|29|32|39,Large microscopy file stored locally/shared drive,LOCAL_PROCESSED_OUTPUT/full_mcherry_valid_queue_abc/wells/N11/qc/N11_registration_qc.csv,LOCAL_PROCESSED_OUTPUT/full_mcherry_valid_queue_abc/wells/N11/qc/N11_registration_qc_montage.png,9x3x2868x2868,9x3x833x2151,2868,2868,833,2151,8225424,1791783,0.2178347280334728,21.78347280334728,1431,2264,717,2868,Overlap crop is stored in registered-frame coordinates. Per-day original-space mapping requires applying the inverse registration shift for each day.,"day8:dy=0.0,dx=0.0|day12:dy=-604.0,dx=0.0|day16:dy=23.5,dx=0.0|day20:dy=946.7,dx=0.0|day25:dy=1065.6,dx=0.0|day29:dy=0.0,dx=716.2|day32:dy=1430.9,dx=0.0|day36:dy=-47.5,dx=0.0|day39:dy=826.1,dx=0.0","[{'day': 8, 'dy': 0.0, 'dx': 0.0, 'shift_magnitude': 0.0, 'overlap_fraction': 1.0, 'large_shift': False, 'max_shift_exceeded': False, 'qc_pass': True, 'registration_channel': '488nm Binned', 'qc_note': 'reference_timepoint'}, {'day': 12, 'dy': -604.0, 'dx': 0.0, 'shift_magnitude': 604.0, 'overlap_fraction': 0.7894002789400278, 'large_shift': True, 'max_shift_exceeded': False, 'qc_pass': False, 'registration_channel': '488nm Binned', 'qc_note': 'phase_cross_correlation_on_stable_channel'}, {'day': 16, 'dy': 23.5, 'dx': 0.0, 'shift_magnitude': 23.5, 'overlap_fraction': 0.9918061366806136, 'large_shift': False, 'max_shift_exceeded': False, 'qc_pass': True, 'registration_channel': '488nm Binned', 'qc_note': 'phase_cross_correlation_on_stable_channel'}, {'day': 20, 'dy': 946.7000122070312, 'dx': 0.0, 'shift_magnitude': 946.7000122070312, 'overlap_fraction': 0.6699093402346474, 'large_shift': True, 'max_shift_exceeded': False, 'qc_pass': False, 'registration_channel': '488nm Binned', 'qc_note': 'phase_cross_correlation_on_stable_channel'}, {'day': 25, 'dy': 1065.5999755859375, 'dx': 0.0, 'shift_magnitude': 1065.5999755859375, 'overlap_fraction': 0.6284518913577624, 'large_shift': True, 'max_shift_exceeded': False, 'qc_pass': False, 'registration_channel': '488nm Binned', 'qc_note': 'phase_cross_correlation_on_stable_channel'}, {'day': 29, 'dy': 0.0, 'dx': 716.2000122070312, 'shift_magnitude': 716.2000122070312, 'overlap_fraction': 0.750278935771607, 'large_shift': True, 'max_shift_exceeded': False, 'qc_pass': False, 'registration_channel': '488nm Binned', 'qc_note': 'phase_cross_correlation_on_stable_channel'}, {'day': 32, 'dy': 1430.9000244140625, 'dx': 0.0, 'shift_magnitude': 1430.9000244140625, 'overlap_fraction': 0.5010808840955152, 'large_shift': True, 'max_shift_exceeded': True, 'qc_pass': False, 'registration_channel': '488nm Binned', 'qc_note': 'phase_cross_correlation_on_stable_channel;shift_exceeds_max_shift_pixels'}, {'day': 36, 'dy': -47.5, 'dx': 0.0, 'shift_magnitude': 47.5, 'overlap_fraction': 0.9834379358437936, 'large_shift': False, 'max_shift_exceeded': False, 'qc_pass': True, 'registration_channel': '488nm Binned', 'qc_note': 'phase_cross_correlation_on_stable_channel'}, {'day': 39, 'dy': 826.0999755859375, 'dx': 0.0, 'shift_magnitude': 826.0999755859375, 'overlap_fraction': 0.7119595622085295, 'large_shift': True, 'max_shift_exceeded': False, 'qc_pass': False, 'registration_channel': '488nm Binned', 'qc_note': 'phase_cross_correlation_on_stable_channel'}]",6,1430.9000244140625,0.5010808840955152,review_low_overlap,low_overlap_retained,True,overlap_only_analysis,manual_alignment_needed,manual_alignment_needed,True,False,registered_common_overlap,True,5,LOCAL_PROCESSED_OUTPUT/dashboard/previews/N11,LOCAL_PROCESSED_OUTPUT/dashboard/roi_previews/N11
J05,PLD3_TMEM106B_mCherry_primary,8|12|16|20|25|29|32|36|39,16|20|25|29|32|36|39,Large microscopy file stored locally/shared drive,LOCAL_PROCESSED_OUTPUT/full_mcherry_valid_queue_abc/wells/J05/qc/J05_registration_qc.csv,LOCAL_PROCESSED_OUTPUT/full_mcherry_valid_queue_abc/wells/J05/qc/J05_registration_qc_montage.png,9x3x2868x2868,9x3x1929x984,2868,2868,1929,984,8225424,1898136,0.23076451742791618,23.07645174279162,0,1929,919,1903,Overlap crop is stored in registered-frame coordinates. Per-day original-space mapping requires applying the inverse registration shift for each day.,"day8:dy=0.0,dx=0.0|day12:dy=0.0,dx=363.0|day16:dy=0.0,dx=701.2|day20:dy=0.0,dx=671.1|day25:dy=0.0,dx=918.5|day29:dy=0.0,dx=-512.0|day32:dy=0.0,dx=-964.8|day36:dy=-939.0,dx=0.0|day39:dy=-662.6,dx=0.0","[{'day': 8, 'dy': 0.0, 'dx': 0.0, 'shift_magnitude': 0.0, 'overlap_fraction': 1.0, 'large_shift': False, 'max_shift_exceeded': False, 'qc_pass': True, 'registration_channel': '488nm Binned', 'qc_note': 'reference_timepoint'}, {'day': 12, 'dy': 0.0, 'dx': 363.0, 'shift_magnitude': 363.0, 'overlap_fraction': 0.8734309623430963, 'large_shift': False, 'max_shift_exceeded': False, 'qc_pass': True, 'registration_channel': '488nm Binned', 'qc_note': 'phase_cross_correlation_on_stable_channel'}, {'day': 16, 'dy': 0.0, 'dx': 701.2000122070312, 'shift_magnitude': 701.2000122070312, 'overlap_fraction': 0.7555090612946195, 'large_shift': True, 'max_shift_exceeded': False, 'qc_pass': False, 'registration_channel': '488nm Binned', 'qc_note': 'phase_cross_correlation_on_stable_channel'}, {'day': 20, 'dy': 0.0, 'dx': 671.0999755859375, 'shift_magnitude': 671.0999755859375, 'overlap_fraction': 0.7660041926129925, 'large_shift': True, 'max_shift_exceeded': False, 'qc_pass': False, 'registration_channel': '488nm Binned', 'qc_note': 'phase_cross_correlation_on_stable_channel'}, {'day': 25, 'dy': 0.0, 'dx': 918.5, 'shift_magnitude': 918.5, 'overlap_fraction': 0.6797419804741981, 'large_shift': True, 'max_shift_exceeded': False, 'qc_pass': False, 'registration_channel': '488nm Binned', 'qc_note': 'phase_cross_correlation_on_stable_channel'}, {'day': 29, 'dy': 0.0, 'dx': -512.0, 'shift_magnitude': 512.0, 'overlap_fraction': 0.8214783821478382, 'large_shift': True, 'max_shift_exceeded': False, 'qc_pass': False, 'registration_channel': '488nm Binned', 'qc_note': 'phase_cross_correlation_on_stable_channel'}, {'day': 32, 'dy': 0.0, 'dx': -964.7999877929688, 'shift_magnitude': 964.7999877929688, 'overlap_fraction': 0.6635983306161197, 'large_shift': True, 'max_shift_exceeded': False, 'qc_pass': False, 'registration_channel': '488nm Binned', 'qc_note': 'phase_cross_correlation_on_stable_channel'}, {'day': 36, 'dy': -939.0, 'dx': 0.0, 'shift_magnitude': 939.0, 'overlap_fraction': 0.6725941422594143, 'large_shift': True, 'max_shift_exceeded': False, 'qc_pass': False, 'registration_channel': '488nm Binned', 'qc_note': 'phase_cross_correlation_on_stable_channel'}, {'day': 39, 'dy': -662.5999755859375, 'dx': 0.0, 'shift_magnitude': 662.5999755859375, 'overlap_fraction': 0.7689679304093663, 'large_shift': True, 'max_shift_exceeded': False, 'qc_pass': False, 'registration_channel': '488nm Binned', 'qc_note': 'phase_cross_correlation_on_stable_channel'}]",7,964.7999877929688,0.6635983306161197,review_low_overlap,low_overlap_retained,True,overlap_only_analysis,manual_alignment_needed,manual_alignment_needed,True,False,registered_common_overlap,True,5,LOCAL_PROCESSED_OUTPUT/dashboard/previews/J05,LOCAL_PROCESSED_OUTPUT/dashboard/roi_previews/J05
N14,PLD3_TMEM106B_mCherry_primary,8|12|16|20|25|29|32|36|39,16|20|32|36|39,Large microscopy file stored locally/shared drive,LOCAL_PROCESSED_OUTPUT/full_mcherry_valid_queue_abc/wells/N14/qc/N14_registration_qc.csv,LOCAL_PROCESSED_OUTPUT/full_mcherry_valid_queue_abc/wells/N14/qc/N14_registration_qc_montage.png,9x3x2868x2868,9x3x2868x691,2868,2868,2868,691,8225424,1981788,0.2409344490934449,24.09344490934449,0,2868,856,1547,Overlap crop is stored in registered-frame coordinates. Per-day original-space mapping requires applying the inverse registration shift for each day.,"day8:dy=0.0,dx=0.0|day12:dy=0.0,dx=216.2|day16:dy=0.0,dx=-652.1|day20:dy=0.0,dx=-1303.7|day25:dy=0.0,dx=350.0|day29:dy=0.0,dx=44.4|day32:dy=0.0,dx=856.0|day36:dy=0.0,dx=-549.5|day39:dy=0.0,dx=-1320.8","[{'day': 8, 'dy': 0.0, 'dx': 0.0, 'shift_magnitude': 0.0, 'overlap_fraction': 1.0, 'large_shift': False, 'max_shift_exceeded': False, 'qc_pass': True, 'registration_channel': '488nm Binned', 'qc_note': 'reference_timepoint'}, {'day': 12, 'dy': 0.0, 'dx': 216.1999969482422, 'shift_magnitude': 216.1999969482422, 'overlap_fraction': 0.9246164585257176, 'large_shift': False, 'max_shift_exceeded': False, 'qc_pass': True, 'registration_channel': '488nm Binned', 'qc_note': 'phase_cross_correlation_on_stable_channel'}, {'day': 16, 'dy': 0.0, 'dx': -652.0999755859375, 'shift_magnitude': 652.0999755859375, 'overlap_fraction': 0.772629018275475, 'large_shift': True, 'max_shift_exceeded': False, 'qc_pass': False, 'registration_channel': '488nm Binned', 'qc_note': 'phase_cross_correlation_on_stable_channel'}, {'day': 20, 'dy': 0.0, 'dx': -1303.699951171875, 'shift_magnitude': 1303.699951171875, 'overlap_fraction': 0.5454323740683839, 'large_shift': True, 'max_shift_exceeded': True, 'qc_pass': False, 'registration_channel': '488nm Binned', 'qc_note': 'phase_cross_correlation_on_stable_channel;shift_exceeds_max_shift_pixels'}, {'day': 25, 'dy': 0.0, 'dx': 350.0, 'shift_magnitude': 350.0, 'overlap_fraction': 0.8779637377963738, 'large_shift': False, 'max_shift_exceeded': False, 'qc_pass': True, 'registration_channel': '488nm Binned', 'qc_note': 'phase_cross_correlation_on_stable_channel'}, {'day': 29, 'dy': 0.0, 'dx': 44.400001525878906, 'shift_magnitude': 44.400001525878906, 'overlap_fraction': 0.984518827919847, 'large_shift': False, 'max_shift_exceeded': False, 'qc_pass': True, 'registration_channel': '488nm Binned', 'qc_note': 'phase_cross_correlation_on_stable_channel'}, {'day': 32, 'dy': 0.0, 'dx': 856.0, 'shift_magnitude': 856.0, 'overlap_fraction': 0.701534170153417, 'large_shift': True, 'max_shift_exceeded': False, 'qc_pass': False, 'registration_channel': '488nm Binned', 'qc_note': 'phase_cross_correlation_on_stable_channel'}, {'day': 36, 'dy': 0.0, 'dx': -549.5, 'shift_magnitude': 549.5, 'overlap_fraction': 0.8084030683403068, 'large_shift': True, 'max_shift_exceeded': False, 'qc_pass': False, 'registration_channel': '488nm Binned', 'qc_note': 'phase_cross_correlation_on_stable_channel'}, {'day': 39, 'dy': 0.0, 'dx': -1320.800048828125, 'shift_magnitude': 1320.800048828125, 'overlap_fraction': 0.5394699969218532, 'large_shift': True, 'max_shift_exceeded': True, 'qc_pass': False, 'registration_channel': '488nm Binned', 'qc_note': 'phase_cross_correlation_on_stable_channel;shift_exceeds_max_shift_pixels'}]",5,1320.800048828125,0.5394699969218532,review_low_overlap,low_overlap_retained,True,overlap_only_analysis,manual_alignment_needed,manual_alignment_needed,True,False,registered_common_overlap,True,5,LOCAL_PROCESSED_OUTPUT/dashboard/previews/N14,LOCAL_PROCESSED_OUTPUT/dashboard/roi_previews/N14
I17,PLD3_mCherry_reporter_control,8|12|16|20|25|29|32|36|39,16|20|32|39,Large microscopy file stored locally/shared drive,LOCAL_PROCESSED_OUTPUT/full_mcherry_valid_queue_abc/wells/I17/qc/I17_registration_qc.csv,LOCAL_PROCESSED_OUTPUT/full_mcherry_valid_queue_abc/wells/I17/qc/I17_registration_qc_montage.png,9x3x2868x2868,9x3x1588x1249,2868,2868,1588,1249,8225424,1983412,0.24113188572406724,24.113188572406724,466,2054,684,1933,Overlap crop is stored in registered-frame coordinates. Per-day original-space mapping requires applying the inverse registration shift for each day.,"day8:dy=0.0,dx=0.0|day12:dy=0.0,dx=328.3|day16:dy=-813.3,dx=0.0|day20:dy=0.0,dx=-934.4|day25:dy=92.8,dx=0.0|day29:dy=0.0,dx=164.2|day32:dy=0.0,dx=683.1|day36:dy=465.9,dx=0.0|day39:dy=-763.0,dx=0.0","[{'day': 8, 'dy': 0.0, 'dx': 0.0, 'shift_magnitude': 0.0, 'overlap_fraction': 1.0, 'large_shift': False, 'max_shift_exceeded': False, 'qc_pass': True, 'registration_channel': '488nm Binned', 'qc_note': 'reference_timepoint'}, {'day': 12, 'dy': 0.0, 'dx': 328.29998779296875, 'shift_magnitude': 328.29998779296875, 'overlap_fraction': 0.8855299903092857, 'large_shift': False, 'max_shift_exceeded': False, 'qc_pass': True, 'registration_channel': '488nm Binned', 'qc_note': 'phase_cross_correlation_on_stable_channel'}, {'day': 16, 'dy': -813.2999877929688, 'dx': 0.0, 'shift_magnitude': 813.2999877929688, 'overlap_fraction': 0.7164225983985465, 'large_shift': True, 'max_shift_exceeded': False, 'qc_pass': False, 'registration_channel': '488nm Binned', 'qc_note': 'phase_cross_correlation_on_stable_channel'}, {'day': 20, 'dy': 0.0, 'dx': -934.4000244140624, 'shift_magnitude': 934.4000244140624, 'overlap_fraction': 0.6741980389072306, 'large_shift': True, 'max_shift_exceeded': False, 'qc_pass': False, 'registration_channel': '488nm Binned', 'qc_note': 'phase_cross_correlation_on_stable_channel'}, {'day': 25, 'dy': 92.8000030517578, 'dx': 0.0, 'shift_magnitude': 92.8000030517578, 'overlap_fraction': 0.967642955700224, 'large_shift': False, 'max_shift_exceeded': False, 'qc_pass': True, 'registration_channel': '488nm Binned', 'qc_note': 'phase_cross_correlation_on_stable_channel'}, {'day': 29, 'dy': 0.0, 'dx': 164.1999969482422, 'shift_magnitude': 164.1999969482422, 'overlap_fraction': 0.9427475603388276, 'large_shift': False, 'max_shift_exceeded': False, 'qc_pass': True, 'registration_channel': '488nm Binned', 'qc_note': 'phase_cross_correlation_on_stable_channel'}, {'day': 32, 'dy': 0.0, 'dx': 683.0999755859375, 'shift_magnitude': 683.0999755859375, 'overlap_fraction': 0.7618200921945825, 'large_shift': True, 'max_shift_exceeded': False, 'qc_pass': False, 'registration_channel': '488nm Binned', 'qc_note': 'phase_cross_correlation_on_stable_channel'}, {'day': 36, 'dy': 465.8999938964844, 'dx': 0.0, 'shift_magnitude': 465.8999938964844, 'overlap_fraction': 0.8375523033833736, 'large_shift': False, 'max_shift_exceeded': False, 'qc_pass': True, 'registration_channel': '488nm Binned', 'qc_note': 'phase_cross_correlation_on_stable_channel'}, {'day': 39, 'dy': -763.0, 'dx': 0.0, 'shift_magnitude': 763.0, 'overlap_fraction': 0.7339609483960948, 'large_shift': True, 'max_shift_exceeded': False, 'qc_pass': False, 'registration_channel': '488nm Binned', 'qc_note': 'phase_cross_correlation_on_stable_channel'}]",4,934.4000244140624,0.6741980389072306,review_low_overlap,low_overlap_retained,True,overlap_only_analysis,manual_alignment_needed,manual_alignment_needed,True,False,registered_common_overlap,True,5,LOCAL_PROCESSED_OUTPUT/dashboard/previews/I17,LOCAL_PROCESSED_OUTPUT/dashboard/roi_previews/I17
N07,PLD3_TMEM106B_mCherry_primary,8|12|16|20|25|29|32|36|39,12|20|36|39,Large microscopy file stored locally/shared drive,LOCAL_PROCESSED_OUTPUT/full_mcherry_valid_queue_abc/wells/N07/qc/N07_registration_qc.csv,LOCAL_PROCESSED_OUTPUT/full_mcherry_valid_queue_abc/wells/N07/qc/N07_registration_qc_montage.png,9x3x2868x2868,9x3x1374x1455,2868,2868,1374,1455,8225424,1999170,0.24304765322735947,24.304765322735946,99,1473,217,1672,Overlap crop is stored in registered-frame coordinates. Per-day original-space mapping requires applying the inverse registration shift for each day.,"day8:dy=0.0,dx=0.0|day12:dy=-1394.4,dx=0.0|day16:dy=0.0,dx=216.2|day20:dy=0.0,dx=-563.9|day25:dy=0.0,dx=-427.4|day29:dy=98.1,dx=0.0|day32:dy=-137.8,dx=0.0|day36:dy=0.0,dx=-1195.2|day39:dy=0.0,dx=-532.9","[{'day': 8, 'dy': 0.0, 'dx': 0.0, 'shift_magnitude': 0.0, 'overlap_fraction': 1.0, 'large_shift': False, 'max_shift_exceeded': False, 'qc_pass': True, 'registration_channel': '488nm Binned', 'qc_note': 'reference_timepoint'}, {'day': 12, 'dy': -1394.4000244140625, 'dx': 0.0, 'shift_magnitude': 1394.4000244140625, 'overlap_fraction': 0.513807522868179, 'large_shift': True, 'max_shift_exceeded': True, 'qc_pass': False, 'registration_channel': '488nm Binned', 'qc_note': 'phase_cross_correlation_on_stable_channel;shift_exceeds_max_shift_pixels'}, {'day': 16, 'dy': 0.0, 'dx': 216.1999969482422, 'shift_magnitude': 216.1999969482422, 'overlap_fraction': 0.9246164585257176, 'large_shift': False, 'max_shift_exceeded': False, 'qc_pass': True, 'registration_channel': '488nm Binned', 'qc_note': 'phase_cross_correlation_on_stable_channel'}, {'day': 20, 'dy': 0.0, 'dx': -563.9000244140625, 'shift_magnitude': 563.9000244140625, 'overlap_fraction': 0.8033821393256407, 'large_shift': True, 'max_shift_exceeded': False, 'qc_pass': False, 'registration_channel': '488nm Binned', 'qc_note': 'phase_cross_correlation_on_stable_channel'}, {'day': 25, 'dy': 0.0, 'dx': -427.3999938964844, 'shift_magnitude': 427.3999938964844, 'overlap_fraction': 0.8509762922257725, 'large_shift': False, 'max_shift_exceeded': False, 'qc_pass': True, 'registration_channel': '488nm Binned', 'qc_note': 'phase_cross_correlation_on_stable_channel'}, {'day': 29, 'dy': 98.0999984741211, 'dx': 0.0, 'shift_magnitude': 98.0999984741211, 'overlap_fraction': 0.9657949796115338, 'large_shift': False, 'max_shift_exceeded': False, 'qc_pass': True, 'registration_channel': '488nm Binned', 'qc_note': 'phase_cross_correlation_on_stable_channel'}, {'day': 32, 'dy': -137.8000030517578, 'dx': 0.0, 'shift_magnitude': 137.8000030517578, 'overlap_fraction': 0.9519525791311862, 'large_shift': False, 'max_shift_exceeded': False, 'qc_pass': True, 'registration_channel': '488nm Binned', 'qc_note': 'phase_cross_correlation_on_stable_channel'}, {'day': 36, 'dy': 0.0, 'dx': -1195.199951171875, 'shift_magnitude': 1195.199951171875, 'overlap_fraction': 0.5832636153515081, 'large_shift': True, 'max_shift_exceeded': False, 'qc_pass': False, 'registration_channel': '488nm Binned', 'qc_note': 'phase_cross_correlation_on_stable_channel'}, {'day': 39, 'dy': 0.0, 'dx': -532.9000244140625, 'shift_magnitude': 532.9000244140625, 'overlap_fraction': 0.8141910654065333, 'large_shift': True, 'max_shift_exceeded': False, 'qc_pass': False, 'registration_channel': '488nm Binned', 'qc_note': 'phase_cross_correlation_on_stable_channel'}]",4,1394.4000244140625,0.513807522868179,review_low_overlap,low_overlap_retained,True,overlap_only_analysis,manual_alignment_needed,manual_alignment_needed,True,False,registered_common_overlap,True,5,LOCAL_PROCESSED_OUTPUT/dashboard/previews/N07,LOCAL_PROCESSED_OUTPUT/dashboard/roi_previews/N07
N20,PLD3_TMEM106B_mCherry_primary,8|12|16|20|25|29|32|36|39,12|16|25|32|36|39,Large microscopy file stored locally/shared drive,LOCAL_PROCESSED_OUTPUT/full_mcherry_valid_queue_abc/wells/N20/qc/N20_registration_qc.csv,LOCAL_PROCESSED_OUTPUT/full_mcherry_valid_queue_abc/wells/N20/qc/N20_registration_qc_montage.png,9x3x2868x2868,9x3x2121x945,2868,2868,2121,945,8225424,2004345,0.24367680012604823,24.367680012604822,747,2868,749,1694,Overlap crop is stored in registered-frame coordinates. Per-day original-space mapping requires applying the inverse registration shift for each day.,"day8:dy=0.0,dx=0.0|day12:dy=0.0,dx=748.5|day16:dy=746.1,dx=0.0|day20:dy=0.8,dx=-0.1|day25:dy=0.0,dx=689.5|day29:dy=0.0,dx=59.7|day32:dy=0.1,dx=-920.0|day36:dy=0.0,dx=-920.1|day39:dy=0.0,dx=-1173.2","[{'day': 8, 'dy': 0.0, 'dx': 0.0, 'shift_magnitude': 0.0, 'overlap_fraction': 1.0, 'large_shift': False, 'max_shift_exceeded': False, 'qc_pass': True, 'registration_channel': '488nm Binned', 'qc_note': 'reference_timepoint'}, {'day': 12, 'dy': 0.0, 'dx': 748.5, 'shift_magnitude': 748.5, 'overlap_fraction': 0.7390167364016736, 'large_shift': True, 'max_shift_exceeded': False, 'qc_pass': False, 'registration_channel': '488nm Binned', 'qc_note': 'phase_cross_correlation_on_stable_channel'}, {'day': 16, 'dy': 746.0999755859375, 'dx': 0.0, 'shift_magnitude': 746.0999755859375, 'overlap_fraction': 0.7398535649979298, 'large_shift': True, 'max_shift_exceeded': False, 'qc_pass': False, 'registration_channel': '488nm Binned', 'qc_note': 'phase_cross_correlation_on_stable_channel'}, {'day': 20, 'dy': 0.800000011920929, 'dx': -0.1000000014901161, 'shift_magnitude': 0.8062257868435552, 'overlap_fraction': 0.9996862021898858, 'large_shift': False, 'max_shift_exceeded': False, 'qc_pass': True, 'registration_channel': '488nm Binned', 'qc_note': 'phase_cross_correlation_on_stable_channel'}, {'day': 25, 'dy': 0.0, 'dx': 689.5, 'shift_magnitude': 689.5, 'overlap_fraction': 0.7595885634588564, 'large_shift': True, 'max_shift_exceeded': False, 'qc_pass': False, 'registration_channel': '488nm Binned', 'qc_note': 'phase_cross_correlation_on_stable_channel'}, {'day': 29, 'dy': 0.0, 'dx': 59.70000076293945, 'shift_magnitude': 59.70000076293945, 'overlap_fraction': 0.979184100152392, 'large_shift': False, 'max_shift_exceeded': False, 'qc_pass': True, 'registration_channel': '488nm Binned', 'qc_note': 'phase_cross_correlation_on_stable_channel'}, {'day': 32, 'dy': 0.1000000014901161, 'dx': -920.0, 'shift_magnitude': 920.0000054347827, 'overlap_fraction': 0.6791952852518116, 'large_shift': True, 'max_shift_exceeded': False, 'qc_pass': False, 'registration_channel': '488nm Binned', 'qc_note': 'phase_cross_correlation_on_stable_channel'}, {'day': 36, 'dy': 0.0, 'dx': -920.0999755859376, 'shift_magnitude': 920.0999755859376, 'overlap_fraction': 0.6791841089309841, 'large_shift': True, 'max_shift_exceeded': False, 'qc_pass': False, 'registration_channel': '488nm Binned', 'qc_note': 'phase_cross_correlation_on_stable_channel'}, {'day': 39, 'dy': 0.0, 'dx': -1173.199951171875, 'shift_magnitude': 1173.199951171875, 'overlap_fraction': 0.5909344661185931, 'large_shift': True, 'max_shift_exceeded': False, 'qc_pass': False, 'registration_channel': '488nm Binned', 'qc_note': 'phase_cross_correlation_on_stable_channel'}]",6,1173.199951171875,0.5909344661185931,review_low_overlap,low_overlap_retained,True,overlap_only_analysis,manual_alignment_needed,manual_alignment_needed,True,False,registered_common_overlap,True,5,LOCAL_PROCESSED_OUTPUT/dashboard/previews/N20,LOCAL_PROCESSED_OUTPUT/dashboard/roi_previews/N20
N16,PLD3_TMEM106B_mCherry_primary,8|12|16|20|25|29|32|36|39,25|29|32,Large microscopy file stored locally/shared drive,LOCAL_PROCESSED_OUTPUT/full_mcherry_valid_queue_abc/wells/N16/qc/N16_registration_qc.csv,LOCAL_PROCESSED_OUTPUT/full_mcherry_valid_queue_abc/wells/N16/qc/N16_registration_qc_montage.png,9x3x2868x2868,9x3x1163x1729,2868,2868,1163,1729,8225424,2010827,0.24446484460861836,24.446484460861836,589,1752,983,2712,Overlap crop is stored in registered-frame coordinates. Per-day original-space mapping requires applying the inverse registration shift for each day.,"day8:dy=0.0,dx=0.0|day12:dy=68.7,dx=0.0|day16:dy=0.0,dx=-155.5|day20:dy=0.0,dx=274.3|day25:dy=0.0,dx=982.2|day29:dy=-1115.9,dx=0.0|day32:dy=588.8,dx=0.0|day36:dy=-7.1,dx=0.0|day39:dy=301.3,dx=0.0","[{'day': 8, 'dy': 0.0, 'dx': 0.0, 'shift_magnitude': 0.0, 'overlap_fraction': 1.0, 'large_shift': False, 'max_shift_exceeded': False, 'qc_pass': True, 'registration_channel': '488nm Binned', 'qc_note': 'reference_timepoint'}, {'day': 12, 'dy': 68.69999694824219, 'dx': 0.0, 'shift_magnitude': 68.69999694824219, 'overlap_fraction': 0.9760460261686744, 'large_shift': False, 'max_shift_exceeded': False, 'qc_pass': True, 'registration_channel': '488nm Binned', 'qc_note': 'phase_cross_correlation_on_stable_channel'}, {'day': 16, 'dy': 0.0, 'dx': -155.5, 'shift_magnitude': 155.5, 'overlap_fraction': 0.9457810320781032, 'large_shift': False, 'max_shift_exceeded': False, 'qc_pass': True, 'registration_channel': '488nm Binned', 'qc_note': 'phase_cross_correlation_on_stable_channel'}, {'day': 20, 'dy': 0.0, 'dx': 274.29998779296875, 'shift_magnitude': 274.29998779296875, 'overlap_fraction': 0.9043584421921308, 'large_shift': False, 'max_shift_exceeded': False, 'qc_pass': True, 'registration_channel': '488nm Binned', 'qc_note': 'phase_cross_correlation_on_stable_channel'}, {'day': 25, 'dy': 0.0, 'dx': 982.2000122070312, 'shift_magnitude': 982.2000122070312, 'overlap_fraction': 0.657531376496851, 'large_shift': True, 'max_shift_exceeded': False, 'qc_pass': False, 'registration_channel': '488nm Binned', 'qc_note': 'phase_cross_correlation_on_stable_channel'}, {'day': 29, 'dy': -1115.9000244140625, 'dx': 0.0, 'shift_magnitude': 1115.9000244140625, 'overlap_fraction': 0.6109135200787787, 'large_shift': True, 'max_shift_exceeded': False, 'qc_pass': False, 'registration_channel': '488nm Binned', 'qc_note': 'phase_cross_correlation_on_stable_channel'}, {'day': 32, 'dy': 588.7999877929688, 'dx': 0.0, 'shift_magnitude': 588.7999877929688, 'overlap_fraction': 0.794700143726301, 'large_shift': True, 'max_shift_exceeded': False, 'qc_pass': False, 'registration_channel': '488nm Binned', 'qc_note': 'phase_cross_correlation_on_stable_channel'}, {'day': 36, 'dy': -7.099999904632568, 'dx': 0.0, 'shift_magnitude': 7.099999904632568, 'overlap_fraction': 0.9975244072856928, 'large_shift': False, 'max_shift_exceeded': False, 'qc_pass': True, 'registration_channel': '488nm Binned', 'qc_note': 'phase_cross_correlation_on_stable_channel'}, {'day': 39, 'dy': 301.29998779296875, 'dx': 0.0, 'shift_magnitude': 301.29998779296875, 'overlap_fraction': 0.8949442162507082, 'large_shift': False, 'max_shift_exceeded': False, 'qc_pass': True, 'registration_channel': '488nm Binned', 'qc_note': 'phase_cross_correlation_on_stable_channel'}]",3,1115.9000244140625,0.6109135200787787,review_low_overlap,low_overlap_retained,True,overlap_only_analysis,manual_alignment_needed,manual_alignment_needed,True,False,registered_common_overlap,True,5,LOCAL_PROCESSED_OUTPUT/dashboard/previews/N16,LOCAL_PROCESSED_OUTPUT/dashboard/roi_previews/N16
E10,PLD3_mCherry_reporter_control,8|12|16|20|25|29|32|36|39,20|25,Large microscopy file stored locally/shared drive,LOCAL_PROCESSED_OUTPUT/full_mcherry_valid_queue_abc/wells/E10/qc/E10_registration_qc.csv,LOCAL_PROCESSED_OUTPUT/full_mcherry_valid_queue_abc/wells/E10/qc/E10_registration_qc_montage.png,9x3x2868x2868,9x3x1415x1512,2868,2868,1415,1512,8225424,2139480,0.2601057404457205,26.01057404457205,1296,2711,0,1512,Overlap crop is stored in registered-frame coordinates. Per-day original-space mapping requires applying the inverse registration shift for each day.,"day8:dy=0.0,dx=0.0|day12:dy=0.0,dx=-487.7|day16:dy=0.0,dx=-326.8|day20:dy=1295.6,dx=0.0|day25:dy=0.0,dx=-1355.9|day29:dy=0.0,dx=-494.3|day32:dy=-48.0,dx=0.0|day36:dy=0.0,dx=-438.0|day39:dy=-156.6,dx=0.0","[{'day': 8, 'dy': 0.0, 'dx': 0.0, 'shift_magnitude': 0.0, 'overlap_fraction': 1.0, 'large_shift': False, 'max_shift_exceeded': False, 'qc_pass': True, 'registration_channel': '488nm Binned', 'qc_note': 'reference_timepoint'}, {'day': 12, 'dy': 0.0, 'dx': -487.7000122070313, 'shift_magnitude': 487.7000122070313, 'overlap_fraction': 0.8299511812388315, 'large_shift': False, 'max_shift_exceeded': False, 'qc_pass': True, 'registration_channel': '488nm Binned', 'qc_note': 'phase_cross_correlation_on_stable_channel'}, {'day': 16, 'dy': 0.0, 'dx': -326.79998779296875, 'shift_magnitude': 326.79998779296875, 'overlap_fraction': 0.886053002861587, 'large_shift': False, 'max_shift_exceeded': False, 'qc_pass': True, 'registration_channel': '488nm Binned', 'qc_note': 'phase_cross_correlation_on_stable_channel'}, {'day': 20, 'dy': 1295.5999755859375, 'dx': 0.0, 'shift_magnitude': 1295.5999755859375, 'overlap_fraction': 0.5482566333382366, 'large_shift': True, 'max_shift_exceeded': True, 'qc_pass': False, 'registration_channel': '488nm Binned', 'qc_note': 'phase_cross_correlation_on_stable_channel;shift_exceeds_max_shift_pixels'}, {'day': 25, 'dy': 0.0, 'dx': -1355.9000244140625, 'shift_magnitude': 1355.9000244140625, 'overlap_fraction': 0.5272315117105779, 'large_shift': True, 'max_shift_exceeded': True, 'qc_pass': False, 'registration_channel': '488nm Binned', 'qc_note': 'phase_cross_correlation_on_stable_channel;shift_exceeds_max_shift_pixels'}, {'day': 29, 'dy': 0.0, 'dx': -494.2999877929688, 'shift_magnitude': 494.2999877929688, 'overlap_fraction': 0.8276499345212801, 'large_shift': False, 'max_shift_exceeded': False, 'qc_pass': True, 'registration_channel': '488nm Binned', 'qc_note': 'phase_cross_correlation_on_stable_channel'}, {'day': 32, 'dy': -48.0, 'dx': 0.0, 'shift_magnitude': 48.0, 'overlap_fraction': 0.9832635983263598, 'large_shift': False, 'max_shift_exceeded': False, 'qc_pass': True, 'registration_channel': '488nm Binned', 'qc_note': 'phase_cross_correlation_on_stable_channel'}, {'day': 36, 'dy': 0.0, 'dx': -438.0, 'shift_magnitude': 438.0, 'overlap_fraction': 0.8472803347280334, 'large_shift': False, 'max_shift_exceeded': False, 'qc_pass': True, 'registration_channel': '488nm Binned', 'qc_note': 'phase_cross_correlation_on_stable_channel'}, {'day': 39, 'dy': -156.60000610351562, 'dx': 0.0, 'shift_magnitude': 156.60000610351562, 'overlap_fraction': 0.9453974874116056, 'large_shift': False, 'max_shift_exceeded': False, 'qc_pass': True, 'registration_channel': '488nm Binned', 'qc_note': 'phase_cross_correlation_on_stable_channel'}]",2,1355.9000244140625,0.5272315117105779,review_low_overlap,low_overlap_retained,True,overlap_only_analysis,manual_alignment_needed,manual_alignment_needed,True,False,registered_common_overlap,True,5,LOCAL_PROCESSED_OUTPUT/dashboard/previews/E10,LOCAL_PROCESSED_OUTPUT/dashboard/roi_previews/E10
I08,PLD3_mCherry_reporter_control,8|12|16|20|25|29|32|36|39,12|16|20|39,Large microscopy file stored locally/shared drive,LOCAL_PROCESSED_OUTPUT/full_mcherry_valid_queue_abc/wells/I08/qc/I08_registration_qc.csv,LOCAL_PROCESSED_OUTPUT/full_mcherry_valid_queue_abc/wells/I08/qc/I08_registration_qc_montage.png,9x3x2868x2868,9x3x786x2811,2868,2868,786,2811,8225424,2209446,0.26861180651599237,26.861180651599238,728,1514,0,2811,Overlap crop is stored in registered-frame coordinates. Per-day original-space mapping requires applying the inverse registration shift for each day.,"day8:dy=0.0,dx=0.0|day12:dy=615.6,dx=0.0|day16:dy=524.5,dx=0.0|day20:dy=-1353.3,dx=0.0|day25:dy=-49.1,dx=0.0|day29:dy=98.1,dx=0.0|day32:dy=0.0,dx=-56.9|day36:dy=0.0,dx=-24.4|day39:dy=728.0,dx=0.0","[{'day': 8, 'dy': 0.0, 'dx': 0.0, 'shift_magnitude': 0.0, 'overlap_fraction': 1.0, 'large_shift': False, 'max_shift_exceeded': False, 'qc_pass': True, 'registration_channel': '488nm Binned', 'qc_note': 'reference_timepoint'}, {'day': 12, 'dy': 615.5999755859375, 'dx': 0.0, 'shift_magnitude': 615.5999755859375, 'overlap_fraction': 0.7853556570481389, 'large_shift': True, 'max_shift_exceeded': False, 'qc_pass': False, 'registration_channel': '488nm Binned', 'qc_note': 'phase_cross_correlation_on_stable_channel'}, {'day': 16, 'dy': 524.5, 'dx': 0.0, 'shift_magnitude': 524.5, 'overlap_fraction': 0.8171199442119944, 'large_shift': True, 'max_shift_exceeded': False, 'qc_pass': False, 'registration_channel': '488nm Binned', 'qc_note': 'phase_cross_correlation_on_stable_channel'}, {'day': 20, 'dy': -1353.300048828125, 'dx': 0.0, 'shift_magnitude': 1353.300048828125, 'overlap_fraction': 0.5281380582886593, 'large_shift': True, 'max_shift_exceeded': True, 'qc_pass': False, 'registration_channel': '488nm Binned', 'qc_note': 'phase_cross_correlation_on_stable_channel;shift_exceeds_max_shift_pixels'}, {'day': 25, 'dy': -49.09999847412109, 'dx': 0.0, 'shift_magnitude': 49.09999847412109, 'overlap_fraction': 0.9828800563200416, 'large_shift': False, 'max_shift_exceeded': False, 'qc_pass': True, 'registration_channel': '488nm Binned', 'qc_note': 'phase_cross_correlation_on_stable_channel'}, {'day': 29, 'dy': 98.0999984741211, 'dx': 0.0, 'shift_magnitude': 98.0999984741211, 'overlap_fraction': 0.9657949796115338, 'large_shift': False, 'max_shift_exceeded': False, 'qc_pass': True, 'registration_channel': '488nm Binned', 'qc_note': 'phase_cross_correlation_on_stable_channel'}, {'day': 32, 'dy': 0.0, 'dx': -56.900001525878906, 'shift_magnitude': 56.900001525878906, 'overlap_fraction': 0.9801603899840032, 'large_shift': False, 'max_shift_exceeded': False, 'qc_pass': True, 'registration_channel': '488nm Binned', 'qc_note': 'phase_cross_correlation_on_stable_channel'}, {'day': 36, 'dy': 0.0, 'dx': -24.399999618530277, 'shift_magnitude': 24.399999618530277, 'overlap_fraction': 0.9914923292822418, 'large_shift': False, 'max_shift_exceeded': False, 'qc_pass': True, 'registration_channel': '488nm Binned', 'qc_note': 'phase_cross_correlation_on_stable_channel'}, {'day': 39, 'dy': 728.0, 'dx': 0.0, 'shift_magnitude': 728.0, 'overlap_fraction': 0.7461645746164575, 'large_shift': True, 'max_shift_exceeded': False, 'qc_pass': False, 'registration_channel': '488nm Binned', 'qc_note': 'phase_cross_correlation_on_stable_channel'}]",4,1353.300048828125,0.5281380582886593,review_low_overlap,low_overlap_retained,True,overlap_only_analysis,manual_alignment_needed,manual_alignment_needed,True,False,registered_common_overlap,True,5,LOCAL_PROCESSED_OUTPUT/dashboard/previews/I08,LOCAL_PROCESSED_OUTPUT/dashboard/roi_previews/I08
F15,PLD3_TMEM106B_mCherry_primary,8|12|16|20|25|29|32|36|39,25|29|32|36|39,Large microscopy file stored locally/shared drive,LOCAL_PROCESSED_OUTPUT/full_mcherry_valid_queue_abc/wells/F15/qc/F15_registration_qc.csv,LOCAL_PROCESSED_OUTPUT/full_mcherry_valid_queue_abc/wells/F15/qc/F15_registration_qc_montage.png,9x3x2868x2868,9x3x1677x1318,2868,2868,1677,1318,8225424,2210286,0.2687139289111418,26.871392891114183,0,1677,784,2102,Overlap crop is stored in registered-frame coordinates. Per-day original-space mapping requires applying the inverse registration shift for each day.,"day8:dy=0.0,dx=0.0|day12:dy=0.0,dx=305.0|day16:dy=0.0,dx=-15.1|day20:dy=0.0,dx=-400.2|day25:dy=0.0,dx=783.3|day29:dy=0.0,dx=557.0|day32:dy=-529.2,dx=0.0|day36:dy=-1190.2,dx=0.0|day39:dy=0.0,dx=-765.7","[{'day': 8, 'dy': 0.0, 'dx': 0.0, 'shift_magnitude': 0.0, 'overlap_fraction': 1.0, 'large_shift': False, 'max_shift_exceeded': False, 'qc_pass': True, 'registration_channel': '488nm Binned', 'qc_note': 'reference_timepoint'}, {'day': 12, 'dy': 0.0, 'dx': 305.0, 'shift_magnitude': 305.0, 'overlap_fraction': 0.8936541143654114, 'large_shift': False, 'max_shift_exceeded': False, 'qc_pass': True, 'registration_channel': '488nm Binned', 'qc_note': 'phase_cross_correlation_on_stable_channel'}, {'day': 16, 'dy': 0.0, 'dx': -15.100000381469728, 'shift_magnitude': 15.100000381469728, 'overlap_fraction': 0.9947350068404918, 'large_shift': False, 'max_shift_exceeded': False, 'qc_pass': True, 'registration_channel': '488nm Binned', 'qc_note': 'phase_cross_correlation_on_stable_channel'}, {'day': 20, 'dy': 0.0, 'dx': -400.2000122070313, 'shift_magnitude': 400.2000122070313, 'overlap_fraction': 0.8604602467897381, 'large_shift': False, 'max_shift_exceeded': False, 'qc_pass': True, 'registration_channel': '488nm Binned', 'qc_note': 'phase_cross_correlation_on_stable_channel'}, {'day': 25, 'dy': 0.0, 'dx': 783.2999877929688, 'shift_magnitude': 783.2999877929688, 'overlap_fraction': 0.7268828494445716, 'large_shift': True, 'max_shift_exceeded': False, 'qc_pass': False, 'registration_channel': '488nm Binned', 'qc_note': 'phase_cross_correlation_on_stable_channel'}, {'day': 29, 'dy': 0.0, 'dx': 557.0, 'shift_magnitude': 557.0, 'overlap_fraction': 0.8057880055788006, 'large_shift': True, 'max_shift_exceeded': False, 'qc_pass': False, 'registration_channel': '488nm Binned', 'qc_note': 'phase_cross_correlation_on_stable_channel'}, {'day': 32, 'dy': -529.2000122070312, 'dx': 0.0, 'shift_magnitude': 529.2000122070312, 'overlap_fraction': 0.8154811672918301, 'large_shift': True, 'max_shift_exceeded': False, 'qc_pass': False, 'registration_channel': '488nm Binned', 'qc_note': 'phase_cross_correlation_on_stable_channel'}, {'day': 36, 'dy': -1190.199951171875, 'dx': 0.0, 'shift_magnitude': 1190.199951171875, 'overlap_fraction': 0.5850069905258455, 'large_shift': True, 'max_shift_exceeded': False, 'qc_pass': False, 'registration_channel': '488nm Binned', 'qc_note': 'phase_cross_correlation_on_stable_channel'}, {'day': 39, 'dy': 0.0, 'dx': -765.7000122070312, 'shift_magnitude': 765.7000122070312, 'overlap_fraction': 0.7330195215456655, 'large_shift': True, 'max_shift_exceeded': False, 'qc_pass': False, 'registration_channel': '488nm Binned', 'qc_note': 'phase_cross_correlation_on_stable_channel'}]",5,1190.199951171875,0.5850069905258455,review_low_overlap,low_overlap_retained,True,overlap_only_analysis,manual_alignment_needed,manual_alignment_needed,True,False,registered_common_overlap,True,5,LOCAL_PROCESSED_OUTPUT/dashboard/previews/F15,LOCAL_PROCESSED_OUTPUT/dashboard/roi_previews/F15
I18,PLD3_mCherry_reporter_control,8|12|16|20|25|29|32|36|39,12|16|20|36,Large microscopy file stored locally/shared drive,LOCAL_PROCESSED_OUTPUT/full_mcherry_valid_queue_abc/wells/I18/qc/I18_registration_qc.csv,LOCAL_PROCESSED_OUTPUT/full_mcherry_valid_queue_abc/wells/I18/qc/I18_registration_qc_montage.png,9x3x2868x2868,9x3x2868x786,2868,2868,2868,786,8225424,2254248,0.27405857740585776,27.405857740585777,0,2868,757,1543,Overlap crop is stored in registered-frame coordinates. Per-day original-space mapping requires applying the inverse registration shift for each day.,"day8:dy=0.0,dx=0.0|day12:dy=0.0,dx=756.4|day16:dy=0.0,dx=-1325.0|day20:dy=0.0,dx=747.4|day25:dy=0.0,dx=-427.2|day29:dy=0.0,dx=-370.4|day32:dy=0.0,dx=118.0|day36:dy=0.0,dx=-635.2|day39:dy=0.0,dx=-187.1","[{'day': 8, 'dy': 0.0, 'dx': 0.0, 'shift_magnitude': 0.0, 'overlap_fraction': 1.0, 'large_shift': False, 'max_shift_exceeded': False, 'qc_pass': True, 'registration_channel': '488nm Binned', 'qc_note': 'reference_timepoint'}, {'day': 12, 'dy': 0.0, 'dx': 756.4000244140625, 'shift_magnitude': 756.4000244140625, 'overlap_fraction': 0.7362621951136463, 'large_shift': True, 'max_shift_exceeded': False, 'qc_pass': False, 'registration_channel': '488nm Binned', 'qc_note': 'phase_cross_correlation_on_stable_channel'}, {'day': 16, 'dy': 0.0, 'dx': -1325.0, 'shift_magnitude': 1325.0, 'overlap_fraction': 0.5380055788005579, 'large_shift': True, 'max_shift_exceeded': True, 'qc_pass': False, 'registration_channel': '488nm Binned', 'qc_note': 'phase_cross_correlation_on_stable_channel;shift_exceeds_max_shift_pixels'}, {'day': 20, 'dy': 0.0, 'dx': 747.4000244140625, 'shift_magnitude': 747.4000244140625, 'overlap_fraction': 0.7394002704274538, 'large_shift': True, 'max_shift_exceeded': False, 'qc_pass': False, 'registration_channel': '488nm Binned', 'qc_note': 'phase_cross_correlation_on_stable_channel'}, {'day': 25, 'dy': 0.0, 'dx': -427.2000122070313, 'shift_magnitude': 427.2000122070313, 'overlap_fraction': 0.8510460208483155, 'large_shift': False, 'max_shift_exceeded': False, 'qc_pass': True, 'registration_channel': '488nm Binned', 'qc_note': 'phase_cross_correlation_on_stable_channel'}, {'day': 29, 'dy': 0.0, 'dx': -370.3999938964844, 'shift_magnitude': 370.3999938964844, 'overlap_fraction': 0.8708507692132202, 'large_shift': False, 'max_shift_exceeded': False, 'qc_pass': True, 'registration_channel': '488nm Binned', 'qc_note': 'phase_cross_correlation_on_stable_channel'}, {'day': 32, 'dy': 0.0, 'dx': 118.0, 'shift_magnitude': 118.0, 'overlap_fraction': 0.9588563458856346, 'large_shift': False, 'max_shift_exceeded': False, 'qc_pass': True, 'registration_channel': '488nm Binned', 'qc_note': 'phase_cross_correlation_on_stable_channel'}, {'day': 36, 'dy': 0.0, 'dx': -635.2000122070312, 'shift_magnitude': 635.2000122070312, 'overlap_fraction': 0.7785216135958747, 'large_shift': True, 'max_shift_exceeded': False, 'qc_pass': False, 'registration_channel': '488nm Binned', 'qc_note': 'phase_cross_correlation_on_stable_channel'}, {'day': 39, 'dy': 0.0, 'dx': -187.1000061035156, 'shift_magnitude': 187.1000061035156, 'overlap_fraction': 0.9347628988481466, 'large_shift': False, 'max_shift_exceeded': False, 'qc_pass': True, 'registration_channel': '488nm Binned', 'qc_note': 'phase_cross_correlation_on_stable_channel'}]",4,1325.0,0.5380055788005579,review_low_overlap,low_overlap_retained,True,overlap_only_analysis,manual_alignment_needed,manual_alignment_needed,True,False,registered_common_overlap,True,5,LOCAL_PROCESSED_OUTPUT/dashboard/previews/I18,LOCAL_PROCESSED_OUTPUT/dashboard/roi_previews/I18
E18,PLD3_mCherry_reporter_control,8|12|16|20|25|29|32|36|39,29|36|39,Large microscopy file stored locally/shared drive,LOCAL_PROCESSED_OUTPUT/full_mcherry_valid_queue_abc/wells/E18/qc/E18_registration_qc.csv,LOCAL_PROCESSED_OUTPUT/full_mcherry_valid_queue_abc/wells/E18/qc/E18_registration_qc_montage.png,9x3x2868x2868,9x3x2868x788,2868,2868,2868,788,8225424,2259984,0.27475592747559274,27.475592747559276,0,2868,747,1535,Overlap crop is stored in registered-frame coordinates. Per-day original-space mapping requires applying the inverse registration shift for each day.,"day8:dy=0.0,dx=0.0|day12:dy=0.0,dx=-128.2|day16:dy=0.0,dx=-272.0|day20:dy=0.0,dx=-402.0|day25:dy=0.0,dx=-74.5|day29:dy=0.0,dx=-1332.7|day32:dy=0.0,dx=334.4|day36:dy=0.0,dx=649.8|day39:dy=0.0,dx=746.2","[{'day': 8, 'dy': 0.0, 'dx': 0.0, 'shift_magnitude': 0.0, 'overlap_fraction': 1.0, 'large_shift': False, 'max_shift_exceeded': False, 'qc_pass': True, 'registration_channel': '488nm Binned', 'qc_note': 'reference_timepoint'}, {'day': 12, 'dy': 0.0, 'dx': -128.1999969482422, 'shift_magnitude': 128.1999969482422, 'overlap_fraction': 0.9552998615940578, 'large_shift': False, 'max_shift_exceeded': False, 'qc_pass': True, 'registration_channel': '488nm Binned', 'qc_note': 'phase_cross_correlation_on_stable_channel'}, {'day': 16, 'dy': 0.0, 'dx': -272.0, 'shift_magnitude': 272.0, 'overlap_fraction': 0.905160390516039, 'large_shift': False, 'max_shift_exceeded': False, 'qc_pass': True, 'registration_channel': '488nm Binned', 'qc_note': 'phase_cross_correlation_on_stable_channel'}, {'day': 20, 'dy': 0.0, 'dx': -402.0, 'shift_magnitude': 402.0, 'overlap_fraction': 0.8598326359832636, 'large_shift': False, 'max_shift_exceeded': False, 'qc_pass': True, 'registration_channel': '488nm Binned', 'qc_note': 'phase_cross_correlation_on_stable_channel'}, {'day': 25, 'dy': 0.0, 'dx': -74.5, 'shift_magnitude': 74.5, 'overlap_fraction': 0.974023709902371, 'large_shift': False, 'max_shift_exceeded': False, 'qc_pass': True, 'registration_channel': '488nm Binned', 'qc_note': 'phase_cross_correlation_on_stable_channel'}, {'day': 29, 'dy': 0.0, 'dx': -1332.699951171875, 'shift_magnitude': 1332.699951171875, 'overlap_fraction': 0.5353207980572263, 'large_shift': True, 'max_shift_exceeded': True, 'qc_pass': False, 'registration_channel': '488nm Binned', 'qc_note': 'phase_cross_correlation_on_stable_channel;shift_exceeds_max_shift_pixels'}, {'day': 32, 'dy': 0.0, 'dx': 334.3999938964844, 'shift_magnitude': 334.3999938964844, 'overlap_fraction': 0.8834030704684503, 'large_shift': False, 'max_shift_exceeded': False, 'qc_pass': True, 'registration_channel': '488nm Binned', 'qc_note': 'phase_cross_correlation_on_stable_channel'}, {'day': 36, 'dy': 0.0, 'dx': 649.7999877929688, 'shift_magnitude': 649.7999877929688, 'overlap_fraction': 0.7734309665993833, 'large_shift': True, 'max_shift_exceeded': False, 'qc_pass': False, 'registration_channel': '488nm Binned', 'qc_note': 'phase_cross_correlation_on_stable_channel'}, {'day': 39, 'dy': 0.0, 'dx': 746.2000122070312, 'shift_magnitude': 746.2000122070312, 'overlap_fraction': 0.7398186847255819, 'large_shift': True, 'max_shift_exceeded': False, 'qc_pass': False, 'registration_channel': '488nm Binned', 'qc_note': 'phase_cross_correlation_on_stable_channel'}]",3,1332.699951171875,0.5353207980572263,review_low_overlap,low_overlap_retained,True,overlap_only_analysis,manual_alignment_needed,manual_alignment_needed,True,False,registered_common_overlap,True,5,LOCAL_PROCESSED_OUTPUT/dashboard/previews/E18,LOCAL_PROCESSED_OUTPUT/dashboard/roi_previews/E18
E12,PLD3_mCherry_reporter_control,8|12|16|20|25|29|32|36|39,12|20|25|29|32|39,Large microscopy file stored locally/shared drive,LOCAL_PROCESSED_OUTPUT/full_mcherry_valid_queue_abc/wells/E12/qc/E12_registration_qc.csv,LOCAL_PROCESSED_OUTPUT/full_mcherry_valid_queue_abc/wells/E12/qc/E12_registration_qc_montage.png,9x3x2868x2868,9x3x1010x2283,2868,2868,1010,2283,8225424,2305830,0.28032962191371535,28.032962191371535,780,1790,585,2868,Overlap crop is stored in registered-frame coordinates. Per-day original-space mapping requires applying the inverse registration shift for each day.,"day8:dy=0.0,dx=0.0|day12:dy=761.8,dx=0.0|day16:dy=-81.7,dx=0.0|day20:dy=745.2,dx=0.0|day25:dy=779.3,dx=0.0|day29:dy=0.0,dx=585.0|day32:dy=-1073.4,dx=0.0|day36:dy=0.0,dx=488.5|day39:dy=-1077.7,dx=0.0","[{'day': 8, 'dy': 0.0, 'dx': 0.0, 'shift_magnitude': 0.0, 'overlap_fraction': 1.0, 'large_shift': False, 'max_shift_exceeded': False, 'qc_pass': True, 'registration_channel': '488nm Binned', 'qc_note': 'reference_timepoint'}, {'day': 12, 'dy': 761.7999877929688, 'dx': 0.0, 'shift_magnitude': 761.7999877929688, 'overlap_fraction': 0.7343793626942229, 'large_shift': True, 'max_shift_exceeded': False, 'qc_pass': False, 'registration_channel': '488nm Binned', 'qc_note': 'phase_cross_correlation_on_stable_channel'}, {'day': 16, 'dy': -81.69999694824219, 'dx': 0.0, 'shift_magnitude': 81.69999694824219, 'overlap_fraction': 0.9715132507153968, 'large_shift': False, 'max_shift_exceeded': False, 'qc_pass': True, 'registration_channel': '488nm Binned', 'qc_note': 'phase_cross_correlation_on_stable_channel'}, {'day': 20, 'dy': 745.2000122070312, 'dx': 0.0, 'shift_magnitude': 745.2000122070312, 'overlap_fraction': 0.7401673597604493, 'large_shift': True, 'max_shift_exceeded': False, 'qc_pass': False, 'registration_channel': '488nm Binned', 'qc_note': 'phase_cross_correlation_on_stable_channel'}, {'day': 25, 'dy': 779.2999877929688, 'dx': 0.0, 'shift_magnitude': 779.2999877929688, 'overlap_fraction': 0.7282775495840416, 'large_shift': True, 'max_shift_exceeded': False, 'qc_pass': False, 'registration_channel': '488nm Binned', 'qc_note': 'phase_cross_correlation_on_stable_channel'}, {'day': 29, 'dy': 0.0, 'dx': 585.0, 'shift_magnitude': 585.0, 'overlap_fraction': 0.7960251046025104, 'large_shift': True, 'max_shift_exceeded': False, 'qc_pass': False, 'registration_channel': '488nm Binned', 'qc_note': 'phase_cross_correlation_on_stable_channel'}, {'day': 32, 'dy': -1073.4000244140625, 'dx': 0.0, 'shift_magnitude': 1073.4000244140625, 'overlap_fraction': 0.6257322090606476, 'large_shift': True, 'max_shift_exceeded': False, 'qc_pass': False, 'registration_channel': '488nm Binned', 'qc_note': 'phase_cross_correlation_on_stable_channel'}, {'day': 36, 'dy': 0.0, 'dx': 488.5, 'shift_magnitude': 488.5, 'overlap_fraction': 0.8296722454672245, 'large_shift': False, 'max_shift_exceeded': False, 'qc_pass': True, 'registration_channel': '488nm Binned', 'qc_note': 'phase_cross_correlation_on_stable_channel'}, {'day': 39, 'dy': -1077.699951171875, 'dx': 0.0, 'shift_magnitude': 1077.699951171875, 'overlap_fraction': 0.6242329319484397, 'large_shift': True, 'max_shift_exceeded': False, 'qc_pass': False, 'registration_channel': '488nm Binned', 'qc_note': 'phase_cross_correlation_on_stable_channel'}]",6,1077.699951171875,0.6242329319484397,review_low_overlap,low_overlap_retained,True,overlap_only_analysis,manual_alignment_needed,manual_alignment_needed,True,False,registered_common_overlap,True,5,LOCAL_PROCESSED_OUTPUT/dashboard/previews/E12,LOCAL_PROCESSED_OUTPUT/dashboard/roi_previews/E12
M08,PLD3_mCherry_reporter_control,8|12|16|20|25|29|32|36|39,20|25|32,Large microscopy file stored locally/shared drive,LOCAL_PROCESSED_OUTPUT/full_mcherry_valid_queue_abc/wells/M08/qc/M08_registration_qc.csv,LOCAL_PROCESSED_OUTPUT/full_mcherry_valid_queue_abc/wells/M08/qc/M08_registration_qc_montage.png,9x3x2868x2868,9x3x1329x1741,2868,2868,1329,1741,8225424,2313789,0.28129723160775666,28.129723160775665,1196,2525,0,1741,Overlap crop is stored in registered-frame coordinates. Per-day original-space mapping requires applying the inverse registration shift for each day.,"day8:dy=0.0,dx=0.0|day12:dy=322.6,dx=0.0|day16:dy=296.0,dx=0.0|day20:dy=1181.6,dx=0.0|day25:dy=1195.5,dx=0.0|day29:dy=333.8,dx=0.0|day32:dy=0.0,dx=-1126.3|day36:dy=-342.2,dx=0.0|day39:dy=-46.3,dx=0.0","[{'day': 8, 'dy': 0.0, 'dx': 0.0, 'shift_magnitude': 0.0, 'overlap_fraction': 1.0, 'large_shift': False, 'max_shift_exceeded': False, 'qc_pass': True, 'registration_channel': '488nm Binned', 'qc_note': 'reference_timepoint'}, {'day': 12, 'dy': 322.6000061035156, 'dx': 0.0, 'shift_magnitude': 322.6000061035156, 'overlap_fraction': 0.8875174316235999, 'large_shift': False, 'max_shift_exceeded': False, 'qc_pass': True, 'registration_channel': '488nm Binned', 'qc_note': 'phase_cross_correlation_on_stable_channel'}, {'day': 16, 'dy': 296.0, 'dx': 0.0, 'shift_magnitude': 296.0, 'overlap_fraction': 0.8967921896792189, 'large_shift': False, 'max_shift_exceeded': False, 'qc_pass': True, 'registration_channel': '488nm Binned', 'qc_note': 'phase_cross_correlation_on_stable_channel'}, {'day': 20, 'dy': 1181.5999755859375, 'dx': 0.0, 'shift_magnitude': 1181.5999755859375, 'overlap_fraction': 0.588005587313132, 'large_shift': True, 'max_shift_exceeded': False, 'qc_pass': False, 'registration_channel': '488nm Binned', 'qc_note': 'phase_cross_correlation_on_stable_channel'}, {'day': 25, 'dy': 1195.5, 'dx': 0.0, 'shift_magnitude': 1195.5, 'overlap_fraction': 0.5831589958158996, 'large_shift': True, 'max_shift_exceeded': False, 'qc_pass': False, 'registration_channel': '488nm Binned', 'qc_note': 'phase_cross_correlation_on_stable_channel'}, {'day': 29, 'dy': 333.79998779296875, 'dx': 0.0, 'shift_magnitude': 333.79998779296875, 'overlap_fraction': 0.8836122776175144, 'large_shift': False, 'max_shift_exceeded': False, 'qc_pass': True, 'registration_channel': '488nm Binned', 'qc_note': 'phase_cross_correlation_on_stable_channel'}, {'day': 32, 'dy': 0.0, 'dx': -1126.300048828125, 'shift_magnitude': 1126.300048828125, 'overlap_fraction': 0.6072872912035826, 'large_shift': True, 'max_shift_exceeded': False, 'qc_pass': False, 'registration_channel': '488nm Binned', 'qc_note': 'phase_cross_correlation_on_stable_channel'}, {'day': 36, 'dy': -342.20001220703125, 'dx': 0.0, 'shift_magnitude': 342.20001220703125, 'overlap_fraction': 0.8806833988120533, 'large_shift': False, 'max_shift_exceeded': False, 'qc_pass': True, 'registration_channel': '488nm Binned', 'qc_note': 'phase_cross_correlation_on_stable_channel'}, {'day': 39, 'dy': -46.29999923706055, 'dx': 0.0, 'shift_magnitude': 46.29999923706055, 'overlap_fraction': 0.9838563461516524, 'large_shift': False, 'max_shift_exceeded': False, 'qc_pass': True, 'registration_channel': '488nm Binned', 'qc_note': 'phase_cross_correlation_on_stable_channel'}]",3,1195.5,0.5831589958158996,review_low_overlap,low_overlap_retained,True,overlap_only_analysis,manual_alignment_needed,manual_alignment_needed,True,False,registered_common_overlap,True,5,LOCAL_PROCESSED_OUTPUT/dashboard/previews/M08,LOCAL_PROCESSED_OUTPUT/dashboard/roi_previews/M08
I14,PLD3_mCherry_reporter_control,8|12|16|20|25|29|32|36|39,25|32|39,Large microscopy file stored locally/shared drive,LOCAL_PROCESSED_OUTPUT/full_mcherry_valid_queue_abc/wells/I14/qc/I14_registration_qc.csv,LOCAL_PROCESSED_OUTPUT/full_mcherry_valid_queue_abc/wells/I14/qc/I14_registration_qc_montage.png,9x3x2868x2868,9x3x1288x1813,2868,2868,1288,1813,8225424,2335144,0.2838934503558722,28.389345035587223,956,2244,0,1813,Overlap crop is stored in registered-frame coordinates. Per-day original-space mapping requires applying the inverse registration shift for each day.,"day8:dy=0.0,dx=0.0|day12:dy=480.4,dx=0.0|day16:dy=107.6,dx=0.0|day20:dy=442.4,dx=0.0|day25:dy=-623.2,dx=0.0|day29:dy=0.0,dx=-416.0|day32:dy=955.5,dx=0.0|day36:dy=303.0,dx=0.0|day39:dy=0.0,dx=-1054.8","[{'day': 8, 'dy': 0.0, 'dx': 0.0, 'shift_magnitude': 0.0, 'overlap_fraction': 1.0, 'large_shift': False, 'max_shift_exceeded': False, 'qc_pass': True, 'registration_channel': '488nm Binned', 'qc_note': 'reference_timepoint'}, {'day': 12, 'dy': 480.3999938964844, 'dx': 0.0, 'shift_magnitude': 480.3999938964844, 'overlap_fraction': 0.8324965153777949, 'large_shift': False, 'max_shift_exceeded': False, 'qc_pass': True, 'registration_channel': '488nm Binned', 'qc_note': 'phase_cross_correlation_on_stable_channel'}, {'day': 16, 'dy': 107.5999984741211, 'dx': 0.0, 'shift_magnitude': 107.5999984741211, 'overlap_fraction': 0.9624825667802924, 'large_shift': False, 'max_shift_exceeded': False, 'qc_pass': True, 'registration_channel': '488nm Binned', 'qc_note': 'phase_cross_correlation_on_stable_channel'}, {'day': 20, 'dy': 442.3999938964844, 'dx': 0.0, 'shift_magnitude': 442.3999938964844, 'overlap_fraction': 0.8457461667027599, 'large_shift': False, 'max_shift_exceeded': False, 'qc_pass': True, 'registration_channel': '488nm Binned', 'qc_note': 'phase_cross_correlation_on_stable_channel'}, {'day': 25, 'dy': -623.2000122070312, 'dx': 0.0, 'shift_magnitude': 623.2000122070312, 'overlap_fraction': 0.7827057140142848, 'large_shift': True, 'max_shift_exceeded': False, 'qc_pass': False, 'registration_channel': '488nm Binned', 'qc_note': 'phase_cross_correlation_on_stable_channel'}, {'day': 29, 'dy': 0.0, 'dx': -416.0, 'shift_magnitude': 416.0, 'overlap_fraction': 0.8549511854951185, 'large_shift': False, 'max_shift_exceeded': False, 'qc_pass': True, 'registration_channel': '488nm Binned', 'qc_note': 'phase_cross_correlation_on_stable_channel'}, {'day': 32, 'dy': 955.5, 'dx': 0.0, 'shift_magnitude': 955.5, 'overlap_fraction': 0.6668410041841004, 'large_shift': True, 'max_shift_exceeded': False, 'qc_pass': False, 'registration_channel': '488nm Binned', 'qc_note': 'phase_cross_correlation_on_stable_channel'}, {'day': 36, 'dy': 303.0, 'dx': 0.0, 'shift_magnitude': 303.0, 'overlap_fraction': 0.8943514644351465, 'large_shift': False, 'max_shift_exceeded': False, 'qc_pass': True, 'registration_channel': '488nm Binned', 'qc_note': 'phase_cross_correlation_on_stable_channel'}, {'day': 39, 'dy': 0.0, 'dx': -1054.800048828125, 'shift_magnitude': 1054.800048828125, 'overlap_fraction': 0.6322175561966091, 'large_shift': True, 'max_shift_exceeded': False, 'qc_pass': False, 'registration_channel': '488nm Binned', 'qc_note': 'phase_cross_correlation_on_stable_channel'}]",3,1054.800048828125,0.6322175561966091,review_low_overlap,low_overlap_retained,True,overlap_only_analysis,manual_alignment_needed,manual_alignment_needed,True,False,registered_common_overlap,True,5,LOCAL_PROCESSED_OUTPUT/dashboard/previews/I14,LOCAL_PROCESSED_OUTPUT/dashboard/roi_previews/I14
E14,PLD3_mCherry_reporter_control,8|12|16|20|25|29|32|36|39,12|32|39,Large microscopy file stored locally/shared drive,LOCAL_PROCESSED_OUTPUT/full_mcherry_valid_queue_abc/wells/E14/qc/E14_registration_qc.csv,LOCAL_PROCESSED_OUTPUT/full_mcherry_valid_queue_abc/wells/E14/qc/E14_registration_qc_montage.png,9x3x2868x2868,9x3x1677x1417,2868,2868,1677,1417,8225424,2376309,0.28889805558959636,28.889805558959637,808,2485,392,1809,Overlap crop is stored in registered-frame coordinates. Per-day original-space mapping requires applying the inverse registration shift for each day.,"day8:dy=0.0,dx=0.0|day12:dy=807.8,dx=0.0|day16:dy=0.0,dx=-391.1|day20:dy=0.0,dx=-340.2|day25:dy=-382.4,dx=0.0|day29:dy=0.0,dx=391.3|day32:dy=0.0,dx=-1059.0|day36:dy=0.0,dx=-403.5|day39:dy=0.0,dx=-741.6","[{'day': 8, 'dy': 0.0, 'dx': 0.0, 'shift_magnitude': 0.0, 'overlap_fraction': 1.0, 'large_shift': False, 'max_shift_exceeded': False, 'qc_pass': True, 'registration_channel': '488nm Binned', 'qc_note': 'reference_timepoint'}, {'day': 12, 'dy': 807.7999877929688, 'dx': 0.0, 'shift_magnitude': 807.7999877929688, 'overlap_fraction': 0.7183403110903177, 'large_shift': True, 'max_shift_exceeded': False, 'qc_pass': False, 'registration_channel': '488nm Binned', 'qc_note': 'phase_cross_correlation_on_stable_channel'}, {'day': 16, 'dy': 0.0, 'dx': -391.1000061035156, 'shift_magnitude': 391.1000061035156, 'overlap_fraction': 0.8636331917351758, 'large_shift': False, 'max_shift_exceeded': False, 'qc_pass': True, 'registration_channel': '488nm Binned', 'qc_note': 'phase_cross_correlation_on_stable_channel'}, {'day': 20, 'dy': 0.0, 'dx': -340.20001220703125, 'shift_magnitude': 340.20001220703125, 'overlap_fraction': 0.8813807488817883, 'large_shift': False, 'max_shift_exceeded': False, 'qc_pass': True, 'registration_channel': '488nm Binned', 'qc_note': 'phase_cross_correlation_on_stable_channel'}, {'day': 25, 'dy': -382.3999938964844, 'dx': 0.0, 'shift_magnitude': 382.3999938964844, 'overlap_fraction': 0.8666666687948101, 'large_shift': False, 'max_shift_exceeded': False, 'qc_pass': True, 'registration_channel': '488nm Binned', 'qc_note': 'phase_cross_correlation_on_stable_channel'}, {'day': 29, 'dy': 0.0, 'dx': 391.2999877929688, 'shift_magnitude': 391.2999877929688, 'overlap_fraction': 0.8635634631126329, 'large_shift': False, 'max_shift_exceeded': False, 'qc_pass': True, 'registration_channel': '488nm Binned', 'qc_note': 'phase_cross_correlation_on_stable_channel'}, {'day': 32, 'dy': 0.0, 'dx': -1059.0, 'shift_magnitude': 1059.0, 'overlap_fraction': 0.6307531380753139, 'large_shift': True, 'max_shift_exceeded': False, 'qc_pass': False, 'registration_channel': '488nm Binned', 'qc_note': 'phase_cross_correlation_on_stable_channel'}, {'day': 36, 'dy': 0.0, 'dx': -403.5, 'shift_magnitude': 403.5, 'overlap_fraction': 0.8593096234309623, 'large_shift': False, 'max_shift_exceeded': False, 'qc_pass': True, 'registration_channel': '488nm Binned', 'qc_note': 'phase_cross_correlation_on_stable_channel'}, {'day': 39, 'dy': 0.0, 'dx': -741.5999755859375, 'shift_magnitude': 741.5999755859375, 'overlap_fraction': 0.7414226026548335, 'large_shift': True, 'max_shift_exceeded': False, 'qc_pass': False, 'registration_channel': '488nm Binned', 'qc_note': 'phase_cross_correlation_on_stable_channel'}]",3,1059.0,0.6307531380753139,review_low_overlap,low_overlap_retained,True,overlap_only_analysis,manual_alignment_needed,manual_alignment_needed,True,False,registered_common_overlap,True,5,LOCAL_PROCESSED_OUTPUT/dashboard/previews/E14,LOCAL_PROCESSED_OUTPUT/dashboard/roi_previews/E14
M17,PLD3_mCherry_reporter_control,8|12|16|20|25|29|32|36|39,12|16|25|32,Large microscopy file stored locally/shared drive,LOCAL_PROCESSED_OUTPUT/full_mcherry_valid_queue_abc/wells/M17/qc/M17_registration_qc.csv,LOCAL_PROCESSED_OUTPUT/full_mcherry_valid_queue_abc/wells/M17/qc/M17_registration_qc_montage.png,9x3x2868x2868,9x3x1055x2263,2868,2868,1055,2263,8225424,2387465,0.29025433825660535,29.025433825660535,685,1740,605,2868,Overlap crop is stored in registered-frame coordinates. Per-day original-space mapping requires applying the inverse registration shift for each day.,"day8:dy=0.0,dx=0.0|day12:dy=-1127.8,dx=0.0|day16:dy=0.0,dx=604.1|day20:dy=0.0,dx=0.0|day25:dy=-584.2,dx=0.0|day29:dy=0.0,dx=0.0|day32:dy=684.1,dx=0.0|day36:dy=-417.1,dx=0.0|day39:dy=-126.0,dx=0.0","[{'day': 8, 'dy': 0.0, 'dx': 0.0, 'shift_magnitude': 0.0, 'overlap_fraction': 1.0, 'large_shift': False, 'max_shift_exceeded': False, 'qc_pass': True, 'registration_channel': '488nm Binned', 'qc_note': 'reference_timepoint'}, {'day': 12, 'dy': -1127.800048828125, 'dx': 0.0, 'shift_magnitude': 1127.800048828125, 'overlap_fraction': 0.6067642786512814, 'large_shift': True, 'max_shift_exceeded': False, 'qc_pass': False, 'registration_channel': '488nm Binned', 'qc_note': 'phase_cross_correlation_on_stable_channel'}, {'day': 16, 'dy': 0.0, 'dx': 604.0999755859375, 'shift_magnitude': 604.0999755859375, 'overlap_fraction': 0.7893654199491152, 'large_shift': True, 'max_shift_exceeded': False, 'qc_pass': False, 'registration_channel': '488nm Binned', 'qc_note': 'phase_cross_correlation_on_stable_channel'}, {'day': 20, 'dy': 0.0, 'dx': 0.0, 'shift_magnitude': 0.0, 'overlap_fraction': 1.0, 'large_shift': False, 'max_shift_exceeded': False, 'qc_pass': True, 'registration_channel': '488nm Binned', 'qc_note': 'phase_cross_correlation_on_stable_channel'}, {'day': 25, 'dy': -584.2000122070312, 'dx': 0.0, 'shift_magnitude': 584.2000122070312, 'overlap_fraction': 0.7963040403741174, 'large_shift': True, 'max_shift_exceeded': False, 'qc_pass': False, 'registration_channel': '488nm Binned', 'qc_note': 'phase_cross_correlation_on_stable_channel'}, {'day': 29, 'dy': 0.0, 'dx': 0.0, 'shift_magnitude': 0.0, 'overlap_fraction': 1.0, 'large_shift': False, 'max_shift_exceeded': False, 'qc_pass': True, 'registration_channel': '488nm Binned', 'qc_note': 'phase_cross_correlation_on_stable_channel'}, {'day': 32, 'dy': 684.0999755859375, 'dx': 0.0, 'shift_magnitude': 684.0999755859375, 'overlap_fraction': 0.761471417159715, 'large_shift': True, 'max_shift_exceeded': False, 'qc_pass': False, 'registration_channel': '488nm Binned', 'qc_note': 'phase_cross_correlation_on_stable_channel'}, {'day': 36, 'dy': -417.1000061035156, 'dx': 0.0, 'shift_magnitude': 417.1000061035156, 'overlap_fraction': 0.8545676408286208, 'large_shift': False, 'max_shift_exceeded': False, 'qc_pass': True, 'registration_channel': '488nm Binned', 'qc_note': 'phase_cross_correlation_on_stable_channel'}, {'day': 39, 'dy': -126.0, 'dx': 0.0, 'shift_magnitude': 126.0, 'overlap_fraction': 0.9560669456066946, 'large_shift': False, 'max_shift_exceeded': False, 'qc_pass': True, 'registration_channel': '488nm Binned', 'qc_note': 'phase_cross_correlation_on_stable_channel'}]",4,1127.800048828125,0.6067642786512814,review_low_overlap,low_overlap_retained,True,overlap_only_analysis,manual_alignment_needed,manual_alignment_needed,True,False,registered_common_overlap,True,5,LOCAL_PROCESSED_OUTPUT/dashboard/previews/M17,LOCAL_PROCESSED_OUTPUT/dashboard/roi_previews/M17
F08,PLD3_TMEM106B_mCherry_primary,8|12|16|20|25|29|32|36|39,12|16|25|36|39,Large microscopy file stored locally/shared drive,LOCAL_PROCESSED_OUTPUT/full_mcherry_valid_queue_abc/wells/F08/qc/F08_registration_qc.csv,LOCAL_PROCESSED_OUTPUT/full_mcherry_valid_queue_abc/wells/F08/qc/F08_registration_qc_montage.png,9x3x2868x2868,9x3x1883x1268,2868,2868,1883,1268,8225424,2387644,0.2902761000527146,29.02761000527146,985,2868,689,1957,Overlap crop is stored in registered-frame coordinates. Per-day original-space mapping requires applying the inverse registration shift for each day.,"day8:dy=0.0,dx=0.0|day12:dy=0.0,dx=-910.6|day16:dy=0.0,dx=688.5|day20:dy=0.0,dx=-148.7|day25:dy=984.3,dx=0.0|day29:dy=0.0,dx=-47.8|day32:dy=373.4,dx=0.0|day36:dy=975.8,dx=0.0|day39:dy=638.8,dx=0.0","[{'day': 8, 'dy': 0.0, 'dx': 0.0, 'shift_magnitude': 0.0, 'overlap_fraction': 1.0, 'large_shift': False, 'max_shift_exceeded': False, 'qc_pass': True, 'registration_channel': '488nm Binned', 'qc_note': 'reference_timepoint'}, {'day': 12, 'dy': 0.0, 'dx': -910.5999755859376, 'shift_magnitude': 910.5999755859376, 'overlap_fraction': 0.6824965217622254, 'large_shift': True, 'max_shift_exceeded': False, 'qc_pass': False, 'registration_channel': '488nm Binned', 'qc_note': 'phase_cross_correlation_on_stable_channel'}, {'day': 16, 'dy': 0.0, 'dx': 688.5, 'shift_magnitude': 688.5, 'overlap_fraction': 0.7599372384937239, 'large_shift': True, 'max_shift_exceeded': False, 'qc_pass': False, 'registration_channel': '488nm Binned', 'qc_note': 'phase_cross_correlation_on_stable_channel'}, {'day': 20, 'dy': 0.0, 'dx': -148.6999969482422, 'shift_magnitude': 148.6999969482422, 'overlap_fraction': 0.948152023379274, 'large_shift': False, 'max_shift_exceeded': False, 'qc_pass': True, 'registration_channel': '488nm Binned', 'qc_note': 'phase_cross_correlation_on_stable_channel'}, {'day': 25, 'dy': 984.2999877929688, 'dx': 0.0, 'shift_magnitude': 984.2999877929688, 'overlap_fraction': 0.6567991674362034, 'large_shift': True, 'max_shift_exceeded': False, 'qc_pass': False, 'registration_channel': '488nm Binned', 'qc_note': 'phase_cross_correlation_on_stable_channel'}, {'day': 29, 'dy': 0.0, 'dx': -47.79999923706055, 'shift_magnitude': 47.79999923706055, 'overlap_fraction': 0.9833333335993512, 'large_shift': False, 'max_shift_exceeded': False, 'qc_pass': True, 'registration_channel': '488nm Binned', 'qc_note': 'phase_cross_correlation_on_stable_channel'}, {'day': 32, 'dy': 373.3999938964844, 'dx': 0.0, 'shift_magnitude': 373.3999938964844, 'overlap_fraction': 0.8698047441086177, 'large_shift': False, 'max_shift_exceeded': False, 'qc_pass': True, 'registration_channel': '488nm Binned', 'qc_note': 'phase_cross_correlation_on_stable_channel'}, {'day': 36, 'dy': 975.7999877929688, 'dx': 0.0, 'shift_magnitude': 975.7999877929688, 'overlap_fraction': 0.6597629052325772, 'large_shift': True, 'max_shift_exceeded': False, 'qc_pass': False, 'registration_channel': '488nm Binned', 'qc_note': 'phase_cross_correlation_on_stable_channel'}, {'day': 39, 'dy': 638.7999877929688, 'dx': 0.0, 'shift_magnitude': 638.7999877929688, 'overlap_fraction': 0.7772663919829258, 'large_shift': True, 'max_shift_exceeded': False, 'qc_pass': False, 'registration_channel': '488nm Binned', 'qc_note': 'phase_cross_correlation_on_stable_channel'}]",5,984.2999877929688,0.6567991674362034,review_low_overlap,low_overlap_retained,True,overlap_only_analysis,manual_alignment_needed,manual_alignment_needed,True,False,registered_common_overlap,True,5,LOCAL_PROCESSED_OUTPUT/dashboard/previews/F08,LOCAL_PROCESSED_OUTPUT/dashboard/roi_previews/F08
J20,PLD3_TMEM106B_mCherry_primary,8|12|16|20|25|29|32|36|39,20|25|29|32|36,Large microscopy file stored locally/shared drive,LOCAL_PROCESSED_OUTPUT/full_mcherry_valid_queue_abc/wells/J20/qc/J20_registration_qc.csv,LOCAL_PROCESSED_OUTPUT/full_mcherry_valid_queue_abc/wells/J20/qc/J20_registration_qc_montage.png,9x3x2868x2868,9x3x2868x837,2868,2868,2868,837,8225424,2400516,0.2918410041841004,29.18410041841004,0,2868,1183,2020,Overlap crop is stored in registered-frame coordinates. Per-day original-space mapping requires applying the inverse registration shift for each day.,"day8:dy=0.0,dx=0.0|day12:dy=0.0,dx=289.9|day16:dy=0.0,dx=17.4|day20:dy=0.0,dx=-627.4|day25:dy=0.0,dx=543.9|day29:dy=0.0,dx=1138.0|day32:dy=0.0,dx=1182.5|day36:dy=0.0,dx=-847.2|day39:dy=0.0,dx=214.7","[{'day': 8, 'dy': 0.0, 'dx': 0.0, 'shift_magnitude': 0.0, 'overlap_fraction': 1.0, 'large_shift': False, 'max_shift_exceeded': False, 'qc_pass': True, 'registration_channel': '488nm Binned', 'qc_note': 'reference_timepoint'}, {'day': 12, 'dy': 0.0, 'dx': 289.8999938964844, 'shift_magnitude': 289.8999938964844, 'overlap_fraction': 0.8989191095200543, 'large_shift': False, 'max_shift_exceeded': False, 'qc_pass': True, 'registration_channel': '488nm Binned', 'qc_note': 'phase_cross_correlation_on_stable_channel'}, {'day': 16, 'dy': 0.0, 'dx': 17.399999618530273, 'shift_magnitude': 17.399999618530273, 'overlap_fraction': 0.9939330545263144, 'large_shift': False, 'max_shift_exceeded': False, 'qc_pass': True, 'registration_channel': '488nm Binned', 'qc_note': 'phase_cross_correlation_on_stable_channel'}, {'day': 20, 'dy': 0.0, 'dx': -627.4000244140625, 'shift_magnitude': 627.4000244140625, 'overlap_fraction': 0.7812412746115542, 'large_shift': True, 'max_shift_exceeded': False, 'qc_pass': False, 'registration_channel': '488nm Binned', 'qc_note': 'phase_cross_correlation_on_stable_channel'}, {'day': 25, 'dy': 0.0, 'dx': 543.9000244140625, 'shift_magnitude': 543.9000244140625, 'overlap_fraction': 0.8103556400229908, 'large_shift': True, 'max_shift_exceeded': False, 'qc_pass': False, 'registration_channel': '488nm Binned', 'qc_note': 'phase_cross_correlation_on_stable_channel'}, {'day': 29, 'dy': 0.0, 'dx': 1138.0, 'shift_magnitude': 1138.0, 'overlap_fraction': 0.6032078103207811, 'large_shift': True, 'max_shift_exceeded': False, 'qc_pass': False, 'registration_channel': '488nm Binned', 'qc_note': 'phase_cross_correlation_on_stable_channel'}, {'day': 32, 'dy': 0.0, 'dx': 1182.5, 'shift_magnitude': 1182.5, 'overlap_fraction': 0.5876917712691772, 'large_shift': True, 'max_shift_exceeded': False, 'qc_pass': False, 'registration_channel': '488nm Binned', 'qc_note': 'phase_cross_correlation_on_stable_channel'}, {'day': 36, 'dy': 0.0, 'dx': -847.2000122070312, 'shift_magnitude': 847.2000122070312, 'overlap_fraction': 0.704602506203964, 'large_shift': True, 'max_shift_exceeded': False, 'qc_pass': False, 'registration_channel': '488nm Binned', 'qc_note': 'phase_cross_correlation_on_stable_channel'}, {'day': 39, 'dy': 0.0, 'dx': 214.6999969482422, 'shift_magnitude': 214.6999969482422, 'overlap_fraction': 0.9251394710780187, 'large_shift': False, 'max_shift_exceeded': False, 'qc_pass': True, 'registration_channel': '488nm Binned', 'qc_note': 'phase_cross_correlation_on_stable_channel'}]",5,1182.5,0.5876917712691772,review_low_overlap,low_overlap_retained,True,overlap_only_analysis,manual_alignment_needed,manual_alignment_needed,True,False,registered_common_overlap,True,5,LOCAL_PROCESSED_OUTPUT/dashboard/previews/J20,LOCAL_PROCESSED_OUTPUT/dashboard/roi_previews/J20
N17,PLD3_TMEM106B_mCherry_primary,8|12|16|20|25|29|32|36|39,16|20|25|29,Large microscopy file stored locally/shared drive,LOCAL_PROCESSED_OUTPUT/full_mcherry_valid_queue_abc/wells/N17/qc/N17_registration_qc.csv,LOCAL_PROCESSED_OUTPUT/full_mcherry_valid_queue_abc/wells/N17/qc/N17_registration_qc_montage.png,9x3x2868x2868,9x3x1456x1650,2868,2868,1456,1650,8225424,2402400,0.2920700501275071,29.20700501275071,1412,2868,1218,2868,Overlap crop is stored in registered-frame coordinates. Per-day original-space mapping requires applying the inverse registration shift for each day.,"day8:dy=0.0,dx=0.0|day12:dy=270.8,dx=0.0|day16:dy=0.0,dx=952.4|day20:dy=1411.6,dx=0.0|day25:dy=0.0,dx=1217.8|day29:dy=1101.7,dx=0.0|day32:dy=0.0,dx=471.1|day36:dy=410.1,dx=0.0|day39:dy=0.0,dx=0.0","[{'day': 8, 'dy': 0.0, 'dx': 0.0, 'shift_magnitude': 0.0, 'overlap_fraction': 1.0, 'large_shift': False, 'max_shift_exceeded': False, 'qc_pass': True, 'registration_channel': '488nm Binned', 'qc_note': 'reference_timepoint'}, {'day': 12, 'dy': 270.79998779296875, 'dx': 0.0, 'shift_magnitude': 270.79998779296875, 'overlap_fraction': 0.9055788048141672, 'large_shift': False, 'max_shift_exceeded': False, 'qc_pass': True, 'registration_channel': '488nm Binned', 'qc_note': 'phase_cross_correlation_on_stable_channel'}, {'day': 16, 'dy': 0.0, 'dx': 952.4000244140624, 'shift_magnitude': 952.4000244140624, 'overlap_fraction': 0.6679218882796156, 'large_shift': True, 'max_shift_exceeded': False, 'qc_pass': False, 'registration_channel': '488nm Binned', 'qc_note': 'phase_cross_correlation_on_stable_channel'}, {'day': 20, 'dy': 1411.5999755859375, 'dx': 0.0, 'shift_magnitude': 1411.5999755859375, 'overlap_fraction': 0.5078103292936061, 'large_shift': True, 'max_shift_exceeded': True, 'qc_pass': False, 'registration_channel': '488nm Binned', 'qc_note': 'phase_cross_correlation_on_stable_channel;shift_exceeds_max_shift_pixels'}, {'day': 25, 'dy': 0.0, 'dx': 1217.800048828125, 'shift_magnitude': 1217.800048828125, 'overlap_fraction': 0.575383525513206, 'large_shift': True, 'max_shift_exceeded': True, 'qc_pass': False, 'registration_channel': '488nm Binned', 'qc_note': 'phase_cross_correlation_on_stable_channel;shift_exceeds_max_shift_pixels'}, {'day': 29, 'dy': 1101.699951171875, 'dx': 0.0, 'shift_magnitude': 1101.699951171875, 'overlap_fraction': 0.6158647311116195, 'large_shift': True, 'max_shift_exceeded': False, 'qc_pass': False, 'registration_channel': '488nm Binned', 'qc_note': 'phase_cross_correlation_on_stable_channel'}, {'day': 32, 'dy': 0.0, 'dx': 471.1000061035156, 'shift_magnitude': 471.1000061035156, 'overlap_fraction': 0.8357391889457756, 'large_shift': False, 'max_shift_exceeded': False, 'qc_pass': True, 'registration_channel': '488nm Binned', 'qc_note': 'phase_cross_correlation_on_stable_channel'}, {'day': 36, 'dy': 410.1000061035156, 'dx': 0.0, 'shift_magnitude': 410.1000061035156, 'overlap_fraction': 0.8570083660726933, 'large_shift': False, 'max_shift_exceeded': False, 'qc_pass': True, 'registration_channel': '488nm Binned', 'qc_note': 'phase_cross_correlation_on_stable_channel'}, {'day': 39, 'dy': 0.0, 'dx': 0.0, 'shift_magnitude': 0.0, 'overlap_fraction': 1.0, 'large_shift': False, 'max_shift_exceeded': False, 'qc_pass': True, 'registration_channel': '488nm Binned', 'qc_note': 'phase_cross_correlation_on_stable_channel'}]",4,1411.5999755859375,0.5078103292936061,review_low_overlap,low_overlap_retained,True,overlap_only_analysis,manual_alignment_needed,manual_alignment_needed,True,False,registered_common_overlap,True,5,LOCAL_PROCESSED_OUTPUT/dashboard/previews/N17,LOCAL_PROCESSED_OUTPUT/dashboard/roi_previews/N17
M15,PLD3_mCherry_reporter_control,8|12|16|20|25|29|32|36|39,12|20|29|32|36|39,Large microscopy file stored locally/shared drive,LOCAL_PROCESSED_OUTPUT/full_mcherry_valid_queue_abc/wells/M15/qc/M15_registration_qc.csv,LOCAL_PROCESSED_OUTPUT/full_mcherry_valid_queue_abc/wells/M15/qc/M15_registration_qc_montage.png,9x3x2868x2868,9x3x1630x1537,2868,2868,1630,1537,8225424,2505310,0.30458125927611757,30.458125927611757,235,1865,0,1537,Overlap crop is stored in registered-frame coordinates. Per-day original-space mapping requires applying the inverse registration shift for each day.,"day8:dy=0.0,dx=0.0|day12:dy=0.0,dx=-1157.1|day16:dy=80.7,dx=0.0|day20:dy=-766.4,dx=0.0|day25:dy=234.3,dx=0.0|day29:dy=-1003.0,dx=0.0|day32:dy=-956.2,dx=0.0|day36:dy=0.0,dx=-1330.1|day39:dy=-521.3,dx=0.0","[{'day': 8, 'dy': 0.0, 'dx': 0.0, 'shift_magnitude': 0.0, 'overlap_fraction': 1.0, 'large_shift': False, 'max_shift_exceeded': False, 'qc_pass': True, 'registration_channel': '488nm Binned', 'qc_note': 'reference_timepoint'}, {'day': 12, 'dy': 0.0, 'dx': -1157.0999755859375, 'shift_magnitude': 1157.0999755859375, 'overlap_fraction': 0.5965481256673858, 'large_shift': True, 'max_shift_exceeded': False, 'qc_pass': False, 'registration_channel': '488nm Binned', 'qc_note': 'phase_cross_correlation_on_stable_channel'}, {'day': 16, 'dy': 80.69999694824219, 'dx': 0.0, 'shift_magnitude': 80.69999694824219, 'overlap_fraction': 0.9718619257502642, 'large_shift': False, 'max_shift_exceeded': False, 'qc_pass': True, 'registration_channel': '488nm Binned', 'qc_note': 'phase_cross_correlation_on_stable_channel'}, {'day': 20, 'dy': -766.4000244140625, 'dx': 0.0, 'shift_magnitude': 766.4000244140625, 'overlap_fraction': 0.7327754447649713, 'large_shift': True, 'max_shift_exceeded': False, 'qc_pass': False, 'registration_channel': '488nm Binned', 'qc_note': 'phase_cross_correlation_on_stable_channel'}, {'day': 25, 'dy': 234.3000030517578, 'dx': 0.0, 'shift_magnitude': 234.3000030517578, 'overlap_fraction': 0.9183054382664722, 'large_shift': False, 'max_shift_exceeded': False, 'qc_pass': True, 'registration_channel': '488nm Binned', 'qc_note': 'phase_cross_correlation_on_stable_channel'}, {'day': 29, 'dy': -1003.0, 'dx': 0.0, 'shift_magnitude': 1003.0, 'overlap_fraction': 0.650278940027894, 'large_shift': True, 'max_shift_exceeded': False, 'qc_pass': False, 'registration_channel': '488nm Binned', 'qc_note': 'phase_cross_correlation_on_stable_channel'}, {'day': 32, 'dy': -956.2000122070312, 'dx': 0.0, 'shift_magnitude': 956.2000122070312, 'overlap_fraction': 0.6665969274034061, 'large_shift': True, 'max_shift_exceeded': False, 'qc_pass': False, 'registration_channel': '488nm Binned', 'qc_note': 'phase_cross_correlation_on_stable_channel'}, {'day': 36, 'dy': 0.0, 'dx': -1330.0999755859375, 'shift_magnitude': 1330.0999755859375, 'overlap_fraction': 0.5362273446353077, 'large_shift': True, 'max_shift_exceeded': True, 'qc_pass': False, 'registration_channel': '488nm Binned', 'qc_note': 'phase_cross_correlation_on_stable_channel;shift_exceeds_max_shift_pixels'}, {'day': 39, 'dy': -521.2999877929688, 'dx': 0.0, 'shift_magnitude': 521.2999877929688, 'overlap_fraction': 0.8182357085798575, 'large_shift': True, 'max_shift_exceeded': False, 'qc_pass': False, 'registration_channel': '488nm Binned', 'qc_note': 'phase_cross_correlation_on_stable_channel'}]",6,1330.0999755859375,0.5362273446353077,review_low_overlap,low_overlap_retained,True,overlap_only_analysis,manual_alignment_needed,manual_alignment_needed,True,False,registered_common_overlap,True,5,LOCAL_PROCESSED_OUTPUT/dashboard/previews/M15,LOCAL_PROCESSED_OUTPUT/dashboard/roi_previews/M15
M10,PLD3_mCherry_reporter_control,8|12|16|20|25|29|32|36|39,20|39,Large microscopy file stored locally/shared drive,LOCAL_PROCESSED_OUTPUT/full_mcherry_valid_queue_abc/wells/M10/qc/M10_registration_qc.csv,LOCAL_PROCESSED_OUTPUT/full_mcherry_valid_queue_abc/wells/M10/qc/M10_registration_qc_montage.png,9x3x2868x2868,9x3x1982x1273,2868,2868,1982,1273,8225424,2523086,0.3067423636763284,30.67423636763284,0,1982,1198,2471,Overlap crop is stored in registered-frame coordinates. Per-day original-space mapping requires applying the inverse registration shift for each day.,"day8:dy=0.0,dx=0.0|day12:dy=0.0,dx=379.3|day16:dy=0.0,dx=191.8|day20:dy=0.0,dx=1197.9|day25:dy=0.0,dx=81.9|day29:dy=0.0,dx=-135.9|day32:dy=0.0,dx=-396.8|day36:dy=0.0,dx=412.3|day39:dy=-885.7,dx=0.0","[{'day': 8, 'dy': 0.0, 'dx': 0.0, 'shift_magnitude': 0.0, 'overlap_fraction': 1.0, 'large_shift': False, 'max_shift_exceeded': False, 'qc_pass': True, 'registration_channel': '488nm Binned', 'qc_note': 'reference_timepoint'}, {'day': 12, 'dy': 0.0, 'dx': 379.2999877929688, 'shift_magnitude': 379.2999877929688, 'overlap_fraction': 0.867747563531043, 'large_shift': False, 'max_shift_exceeded': False, 'qc_pass': True, 'registration_channel': '488nm Binned', 'qc_note': 'phase_cross_correlation_on_stable_channel'}, {'day': 16, 'dy': 0.0, 'dx': 191.8000030517578, 'shift_magnitude': 191.8000030517578, 'overlap_fraction': 0.933124127248341, 'large_shift': False, 'max_shift_exceeded': False, 'qc_pass': True, 'registration_channel': '488nm Binned', 'qc_note': 'phase_cross_correlation_on_stable_channel'}, {'day': 20, 'dy': 0.0, 'dx': 1197.9000244140625, 'shift_magnitude': 1197.9000244140625, 'overlap_fraction': 0.5823221672196435, 'large_shift': True, 'max_shift_exceeded': False, 'qc_pass': False, 'registration_channel': '488nm Binned', 'qc_note': 'phase_cross_correlation_on_stable_channel'}, {'day': 25, 'dy': 0.0, 'dx': 81.9000015258789, 'shift_magnitude': 81.9000015258789, 'overlap_fraction': 0.9714435141123156, 'large_shift': False, 'max_shift_exceeded': False, 'qc_pass': True, 'registration_channel': '488nm Binned', 'qc_note': 'phase_cross_correlation_on_stable_channel'}, {'day': 29, 'dy': 0.0, 'dx': -135.89999389648438, 'shift_magnitude': 135.89999389648438, 'overlap_fraction': 0.9526150648896498, 'large_shift': False, 'max_shift_exceeded': False, 'qc_pass': True, 'registration_channel': '488nm Binned', 'qc_note': 'phase_cross_correlation_on_stable_channel'}, {'day': 32, 'dy': 0.0, 'dx': -396.7999877929688, 'shift_magnitude': 396.7999877929688, 'overlap_fraction': 0.8616457504208617, 'large_shift': False, 'max_shift_exceeded': False, 'qc_pass': True, 'registration_channel': '488nm Binned', 'qc_note': 'phase_cross_correlation_on_stable_channel'}, {'day': 36, 'dy': 0.0, 'dx': 412.2999877929688, 'shift_magnitude': 412.2999877929688, 'overlap_fraction': 0.8562412873804154, 'large_shift': False, 'max_shift_exceeded': False, 'qc_pass': True, 'registration_channel': '488nm Binned', 'qc_note': 'phase_cross_correlation_on_stable_channel'}, {'day': 39, 'dy': -885.7000122070312, 'dx': 0.0, 'shift_magnitude': 885.7000122070312, 'overlap_fraction': 0.6911785173615651, 'large_shift': True, 'max_shift_exceeded': False, 'qc_pass': False, 'registration_channel': '488nm Binned', 'qc_note': 'phase_cross_correlation_on_stable_channel'}]",2,1197.9000244140625,0.5823221672196435,review_low_overlap,low_overlap_retained,True,overlap_only_analysis,manual_alignment_needed,manual_alignment_needed,True,False,registered_common_overlap,True,5,LOCAL_PROCESSED_OUTPUT/dashboard/previews/M10,LOCAL_PROCESSED_OUTPUT/dashboard/roi_previews/M10
I09,PLD3_mCherry_reporter_control,8|12|16|20|25|29|32|36|39,20|25|32|36|39,Large microscopy file stored locally/shared drive,LOCAL_PROCESSED_OUTPUT/full_mcherry_valid_queue_abc/wells/I09/qc/I09_registration_qc.csv,LOCAL_PROCESSED_OUTPUT/full_mcherry_valid_queue_abc/wells/I09/qc/I09_registration_qc_montage.png,9x3x2868x2868,9x3x968x2630,2868,2868,968,2630,8225424,2545840,0.3095086648420799,30.95086648420799,711,1679,122,2752,Overlap crop is stored in registered-frame coordinates. Per-day original-space mapping requires applying the inverse registration shift for each day.,"day8:dy=0.0,dx=0.0|day12:dy=0.0,dx=121.3|day16:dy=0.0,dx=-115.3|day20:dy=-699.8,dx=0.0|day25:dy=-799.7,dx=0.0|day29:dy=48.6,dx=0.0|day32:dy=710.9,dx=0.0|day36:dy=-1188.8,dx=0.0|day39:dy=-507.5,dx=0.0","[{'day': 8, 'dy': 0.0, 'dx': 0.0, 'shift_magnitude': 0.0, 'overlap_fraction': 1.0, 'large_shift': False, 'max_shift_exceeded': False, 'qc_pass': True, 'registration_channel': '488nm Binned', 'qc_note': 'reference_timepoint'}, {'day': 12, 'dy': 0.0, 'dx': 121.3000030517578, 'shift_magnitude': 121.3000030517578, 'overlap_fraction': 0.9577057172065, 'large_shift': False, 'max_shift_exceeded': False, 'qc_pass': True, 'registration_channel': '488nm Binned', 'qc_note': 'phase_cross_correlation_on_stable_channel'}, {'day': 16, 'dy': 0.0, 'dx': -115.3000030517578, 'shift_magnitude': 115.3000030517578, 'overlap_fraction': 0.9597977674157052, 'large_shift': False, 'max_shift_exceeded': False, 'qc_pass': True, 'registration_channel': '488nm Binned', 'qc_note': 'phase_cross_correlation_on_stable_channel'}, {'day': 20, 'dy': -699.7999877929688, 'dx': 0.0, 'shift_magnitude': 699.7999877929688, 'overlap_fraction': 0.7559972148560081, 'large_shift': True, 'max_shift_exceeded': False, 'qc_pass': False, 'registration_channel': '488nm Binned', 'qc_note': 'phase_cross_correlation_on_stable_channel'}, {'day': 25, 'dy': -799.7000122070312, 'dx': 0.0, 'shift_magnitude': 799.7000122070312, 'overlap_fraction': 0.7211645703601705, 'large_shift': True, 'max_shift_exceeded': False, 'qc_pass': False, 'registration_channel': '488nm Binned', 'qc_note': 'phase_cross_correlation_on_stable_channel'}, {'day': 29, 'dy': 48.59999847412109, 'dx': 0.0, 'shift_magnitude': 48.59999847412109, 'overlap_fraction': 0.9830543938374752, 'large_shift': False, 'max_shift_exceeded': False, 'qc_pass': True, 'registration_channel': '488nm Binned', 'qc_note': 'phase_cross_correlation_on_stable_channel'}, {'day': 32, 'dy': 710.9000244140625, 'dx': 0.0, 'shift_magnitude': 710.9000244140625, 'overlap_fraction': 0.7521269092001177, 'large_shift': True, 'max_shift_exceeded': False, 'qc_pass': False, 'registration_channel': '488nm Binned', 'qc_note': 'phase_cross_correlation_on_stable_channel'}, {'day': 36, 'dy': -1188.800048828125, 'dx': 0.0, 'shift_magnitude': 1188.800048828125, 'overlap_fraction': 0.5854951015243637, 'large_shift': True, 'max_shift_exceeded': False, 'qc_pass': False, 'registration_channel': '488nm Binned', 'qc_note': 'phase_cross_correlation_on_stable_channel'}, {'day': 39, 'dy': -507.5, 'dx': 0.0, 'shift_magnitude': 507.5, 'overlap_fraction': 0.8230474198047419, 'large_shift': True, 'max_shift_exceeded': False, 'qc_pass': False, 'registration_channel': '488nm Binned', 'qc_note': 'phase_cross_correlation_on_stable_channel'}]",5,1188.800048828125,0.5854951015243637,review_low_overlap,low_overlap_retained,True,overlap_only_analysis,manual_alignment_needed,manual_alignment_needed,True,False,registered_common_overlap,True,5,LOCAL_PROCESSED_OUTPUT/dashboard/previews/I09,LOCAL_PROCESSED_OUTPUT/dashboard/roi_previews/I09
F09,PLD3_TMEM106B_mCherry_primary,8|12|16|20|25|29|32|36|39,20|32,Large microscopy file stored locally/shared drive,LOCAL_PROCESSED_OUTPUT/full_mcherry_valid_queue_abc/wells/F09/qc/F09_registration_qc.csv,LOCAL_PROCESSED_OUTPUT/full_mcherry_valid_queue_abc/wells/F09/qc/F09_registration_qc_montage.png,9x3x2868x2868,9x3x1921x1377,2868,2868,1921,1377,8225424,2645217,0.3215903520596628,32.159035205966276,0,1921,1023,2400,Overlap crop is stored in registered-frame coordinates. Per-day original-space mapping requires applying the inverse registration shift for each day.,"day8:dy=0.0,dx=0.0|day12:dy=0.0,dx=-184.6|day16:dy=-37.3,dx=0.0|day20:dy=0.0,dx=1022.7|day25:dy=0.0,dx=33.3|day29:dy=0.0,dx=-138.5|day32:dy=-947.0,dx=0.0|day36:dy=0.0,dx=-225.1|day39:dy=0.0,dx=-467.3","[{'day': 8, 'dy': 0.0, 'dx': 0.0, 'shift_magnitude': 0.0, 'overlap_fraction': 1.0, 'large_shift': False, 'max_shift_exceeded': False, 'qc_pass': True, 'registration_channel': '488nm Binned', 'qc_note': 'reference_timepoint'}, {'day': 12, 'dy': 0.0, 'dx': -184.6000061035156, 'shift_magnitude': 184.6000061035156, 'overlap_fraction': 0.9356345864353154, 'large_shift': False, 'max_shift_exceeded': False, 'qc_pass': True, 'registration_channel': '488nm Binned', 'qc_note': 'phase_cross_correlation_on_stable_channel'}, {'day': 16, 'dy': -37.29999923706055, 'dx': 0.0, 'shift_magnitude': 37.29999923706055, 'overlap_fraction': 0.98699442146546, 'large_shift': False, 'max_shift_exceeded': False, 'qc_pass': True, 'registration_channel': '488nm Binned', 'qc_note': 'phase_cross_correlation_on_stable_channel'}, {'day': 20, 'dy': 0.0, 'dx': 1022.7000122070312, 'shift_magnitude': 1022.7000122070312, 'overlap_fraction': 0.6434100375847172, 'large_shift': True, 'max_shift_exceeded': False, 'qc_pass': False, 'registration_channel': '488nm Binned', 'qc_note': 'phase_cross_correlation_on_stable_channel'}, {'day': 25, 'dy': 0.0, 'dx': 33.29999923706055, 'shift_magnitude': 33.29999923706055, 'overlap_fraction': 0.98838912160493, 'large_shift': False, 'max_shift_exceeded': False, 'qc_pass': True, 'registration_channel': '488nm Binned', 'qc_note': 'phase_cross_correlation_on_stable_channel'}, {'day': 29, 'dy': 0.0, 'dx': -138.5, 'shift_magnitude': 138.5, 'overlap_fraction': 0.9517085076708508, 'large_shift': False, 'max_shift_exceeded': False, 'qc_pass': True, 'registration_channel': '488nm Binned', 'qc_note': 'phase_cross_correlation_on_stable_channel'}, {'day': 32, 'dy': -947.0, 'dx': 0.0, 'shift_magnitude': 947.0, 'overlap_fraction': 0.6698047419804742, 'large_shift': True, 'max_shift_exceeded': False, 'qc_pass': False, 'registration_channel': '488nm Binned', 'qc_note': 'phase_cross_correlation_on_stable_channel'}, {'day': 36, 'dy': 0.0, 'dx': -225.1000061035156, 'shift_magnitude': 225.1000061035156, 'overlap_fraction': 0.9215132475231814, 'large_shift': False, 'max_shift_exceeded': False, 'qc_pass': True, 'registration_channel': '488nm Binned', 'qc_note': 'phase_cross_correlation_on_stable_channel'}, {'day': 39, 'dy': 0.0, 'dx': -467.2999877929688, 'shift_magnitude': 467.2999877929688, 'overlap_fraction': 0.8370641604627027, 'large_shift': False, 'max_shift_exceeded': False, 'qc_pass': True, 'registration_channel': '488nm Binned', 'qc_note': 'phase_cross_correlation_on_stable_channel'}]",2,1022.7000122070312,0.6434100375847172,review_low_overlap,low_overlap_retained,True,overlap_only_analysis,manual_alignment_needed,manual_alignment_needed,True,False,registered_common_overlap,True,5,LOCAL_PROCESSED_OUTPUT/dashboard/previews/F09,LOCAL_PROCESSED_OUTPUT/dashboard/roi_previews/F09
F14,PLD3_TMEM106B_mCherry_primary,8|12|16|20|25|29|32|36|39,16|25|36|39,Large microscopy file stored locally/shared drive,LOCAL_PROCESSED_OUTPUT/full_mcherry_valid_queue_abc/wells/F14/qc/F14_registration_qc.csv,LOCAL_PROCESSED_OUTPUT/full_mcherry_valid_queue_abc/wells/F14/qc/F14_registration_qc_montage.png,9x3x2868x2868,9x3x1540x1718,2868,2868,1540,1718,8225424,2645720,0.32165150392247255,32.165150392247256,1328,2868,229,1947,Overlap crop is stored in registered-frame coordinates. Per-day original-space mapping requires applying the inverse registration shift for each day.,"day8:dy=0.0,dx=0.0|day12:dy=33.0,dx=0.0|day16:dy=0.0,dx=-920.8|day20:dy=263.4,dx=0.0|day25:dy=1327.2,dx=0.0|day29:dy=179.8,dx=0.0|day32:dy=0.0,dx=229.0|day36:dy=712.7,dx=0.0|day39:dy=797.4,dx=0.0","[{'day': 8, 'dy': 0.0, 'dx': 0.0, 'shift_magnitude': 0.0, 'overlap_fraction': 1.0, 'large_shift': False, 'max_shift_exceeded': False, 'qc_pass': True, 'registration_channel': '488nm Binned', 'qc_note': 'reference_timepoint'}, {'day': 12, 'dy': 33.0, 'dx': 0.0, 'shift_magnitude': 33.0, 'overlap_fraction': 0.9884937238493724, 'large_shift': False, 'max_shift_exceeded': False, 'qc_pass': True, 'registration_channel': '488nm Binned', 'qc_note': 'phase_cross_correlation_on_stable_channel'}, {'day': 16, 'dy': 0.0, 'dx': -920.7999877929688, 'shift_magnitude': 920.7999877929688, 'overlap_fraction': 0.6789400321502899, 'large_shift': True, 'max_shift_exceeded': False, 'qc_pass': False, 'registration_channel': '488nm Binned', 'qc_note': 'phase_cross_correlation_on_stable_channel'}, {'day': 20, 'dy': 263.3999938964844, 'dx': 0.0, 'shift_magnitude': 263.3999938964844, 'overlap_fraction': 0.9081589979440432, 'large_shift': False, 'max_shift_exceeded': False, 'qc_pass': True, 'registration_channel': '488nm Binned', 'qc_note': 'phase_cross_correlation_on_stable_channel'}, {'day': 25, 'dy': 1327.199951171875, 'dx': 0.0, 'shift_magnitude': 1327.199951171875, 'overlap_fraction': 0.5372385107489975, 'large_shift': True, 'max_shift_exceeded': True, 'qc_pass': False, 'registration_channel': '488nm Binned', 'qc_note': 'phase_cross_correlation_on_stable_channel;shift_exceeds_max_shift_pixels'}, {'day': 29, 'dy': 179.8000030517578, 'dx': 0.0, 'shift_magnitude': 179.8000030517578, 'overlap_fraction': 0.9373082276667511, 'large_shift': False, 'max_shift_exceeded': False, 'qc_pass': True, 'registration_channel': '488nm Binned', 'qc_note': 'phase_cross_correlation_on_stable_channel'}, {'day': 32, 'dy': 0.0, 'dx': 229.0, 'shift_magnitude': 229.0, 'overlap_fraction': 0.9201534170153416, 'large_shift': False, 'max_shift_exceeded': False, 'qc_pass': True, 'registration_channel': '488nm Binned', 'qc_note': 'phase_cross_correlation_on_stable_channel'}, {'day': 36, 'dy': 712.7000122070312, 'dx': 0.0, 'shift_magnitude': 712.7000122070312, 'overlap_fraction': 0.7514992983936433, 'large_shift': True, 'max_shift_exceeded': False, 'qc_pass': False, 'registration_channel': '488nm Binned', 'qc_note': 'phase_cross_correlation_on_stable_channel'}, {'day': 39, 'dy': 797.4000244140625, 'dx': 0.0, 'shift_magnitude': 797.4000244140625, 'overlap_fraction': 0.7219665186840786, 'large_shift': True, 'max_shift_exceeded': False, 'qc_pass': False, 'registration_channel': '488nm Binned', 'qc_note': 'phase_cross_correlation_on_stable_channel'}]",4,1327.199951171875,0.5372385107489975,review_low_overlap,low_overlap_retained,True,overlap_only_analysis,manual_alignment_needed,manual_alignment_needed,True,False,registered_common_overlap,True,5,LOCAL_PROCESSED_OUTPUT/dashboard/previews/F14,LOCAL_PROCESSED_OUTPUT/dashboard/roi_previews/F14
E08,PLD3_mCherry_reporter_control,8|12|16|20|25|29|32|36|39,12|16|29,Large microscopy file stored locally/shared drive,LOCAL_PROCESSED_OUTPUT/full_mcherry_valid_queue_abc/wells/E08/qc/E08_registration_qc.csv,LOCAL_PROCESSED_OUTPUT/full_mcherry_valid_queue_abc/wells/E08/qc/E08_registration_qc_montage.png,9x3x2868x2868,9x3x1658x1599,2868,2868,1658,1599,8225424,2651142,0.32231067966830645,32.23106796683064,861,2519,1118,2717,Overlap crop is stored in registered-frame coordinates. Per-day original-space mapping requires applying the inverse registration shift for each day.,"day8:dy=0.0,dx=0.0|day12:dy=0.0,dx=1117.9|day16:dy=515.9,dx=0.0|day20:dy=0.0,dx=-150.1|day25:dy=73.8,dx=0.0|day29:dy=860.9,dx=0.0|day32:dy=-348.6,dx=0.0|day36:dy=0.0,dx=107.6|day39:dy=-68.5,dx=0.0","[{'day': 8, 'dy': 0.0, 'dx': 0.0, 'shift_magnitude': 0.0, 'overlap_fraction': 1.0, 'large_shift': False, 'max_shift_exceeded': False, 'qc_pass': True, 'registration_channel': '488nm Binned', 'qc_note': 'reference_timepoint'}, {'day': 12, 'dy': 0.0, 'dx': 1117.9000244140625, 'shift_magnitude': 1117.9000244140625, 'overlap_fraction': 0.6102161700090437, 'large_shift': True, 'max_shift_exceeded': False, 'qc_pass': False, 'registration_channel': '488nm Binned', 'qc_note': 'phase_cross_correlation_on_stable_channel'}, {'day': 16, 'dy': 515.9000244140625, 'dx': 0.0, 'shift_magnitude': 515.9000244140625, 'overlap_fraction': 0.8201185409992808, 'large_shift': True, 'max_shift_exceeded': False, 'qc_pass': False, 'registration_channel': '488nm Binned', 'qc_note': 'phase_cross_correlation_on_stable_channel'}, {'day': 20, 'dy': 0.0, 'dx': -150.10000610351562, 'shift_magnitude': 150.10000610351562, 'overlap_fraction': 0.9476638751382442, 'large_shift': False, 'max_shift_exceeded': False, 'qc_pass': True, 'registration_channel': '488nm Binned', 'qc_note': 'phase_cross_correlation_on_stable_channel'}, {'day': 25, 'dy': 73.80000305175781, 'dx': 0.0, 'shift_magnitude': 73.80000305175781, 'overlap_fraction': 0.9742677813627064, 'large_shift': False, 'max_shift_exceeded': False, 'qc_pass': True, 'registration_channel': '488nm Binned', 'qc_note': 'phase_cross_correlation_on_stable_channel'}, {'day': 29, 'dy': 860.9000244140625, 'dx': 0.0, 'shift_magnitude': 860.9000244140625, 'overlap_fraction': 0.6998256539699922, 'large_shift': True, 'max_shift_exceeded': False, 'qc_pass': False, 'registration_channel': '488nm Binned', 'qc_note': 'phase_cross_correlation_on_stable_channel'}, {'day': 32, 'dy': -348.6000061035156, 'dx': 0.0, 'shift_magnitude': 348.6000061035156, 'overlap_fraction': 0.8784518807170447, 'large_shift': False, 'max_shift_exceeded': False, 'qc_pass': True, 'registration_channel': '488nm Binned', 'qc_note': 'phase_cross_correlation_on_stable_channel'}, {'day': 36, 'dy': 0.0, 'dx': 107.5999984741211, 'shift_magnitude': 107.5999984741211, 'overlap_fraction': 0.9624825667802924, 'large_shift': False, 'max_shift_exceeded': False, 'qc_pass': True, 'registration_channel': '488nm Binned', 'qc_note': 'phase_cross_correlation_on_stable_channel'}, {'day': 39, 'dy': -68.5, 'dx': 0.0, 'shift_magnitude': 68.5, 'overlap_fraction': 0.976115760111576, 'large_shift': False, 'max_shift_exceeded': False, 'qc_pass': True, 'registration_channel': '488nm Binned', 'qc_note': 'phase_cross_correlation_on_stable_channel'}]",3,1117.9000244140625,0.6102161700090437,review_low_overlap,low_overlap_retained,True,overlap_only_analysis,manual_alignment_needed,manual_alignment_needed,True,False,registered_common_overlap,True,5,LOCAL_PROCESSED_OUTPUT/dashboard/previews/E08,LOCAL_PROCESSED_OUTPUT/dashboard/roi_previews/E08
E06,PLD3_mCherry_reporter_control,8|12|16|20|25|29|32|36|39,25|32|39,Large microscopy file stored locally/shared drive,LOCAL_PROCESSED_OUTPUT/full_mcherry_valid_queue_abc/wells/E06/qc/E06_registration_qc.csv,LOCAL_PROCESSED_OUTPUT/full_mcherry_valid_queue_abc/wells/E06/qc/E06_registration_qc_montage.png,9x3x2868x2868,9x3x1415x1895,2868,2868,1415,1895,8225424,2681425,0.32599231358772507,32.599231358772506,73,1488,973,2868,Overlap crop is stored in registered-frame coordinates. Per-day original-space mapping requires applying the inverse registration shift for each day.,"day8:dy=0.0,dx=0.0|day12:dy=0.0,dx=116.8|day16:dy=0.0,dx=437.6|day20:dy=72.9,dx=0.0|day25:dy=0.0,dx=972.5|day29:dy=0.0,dx=12.4|day32:dy=0.0,dx=567.0|day36:dy=0.0,dx=306.8|day39:dy=-1379.3,dx=0.0","[{'day': 8, 'dy': 0.0, 'dx': 0.0, 'shift_magnitude': 0.0, 'overlap_fraction': 1.0, 'large_shift': False, 'max_shift_exceeded': False, 'qc_pass': True, 'registration_channel': '488nm Binned', 'qc_note': 'reference_timepoint'}, {'day': 12, 'dy': 0.0, 'dx': 116.8000030517578, 'shift_magnitude': 116.8000030517578, 'overlap_fraction': 0.959274754863404, 'large_shift': False, 'max_shift_exceeded': False, 'qc_pass': True, 'registration_channel': '488nm Binned', 'qc_note': 'phase_cross_correlation_on_stable_channel'}, {'day': 16, 'dy': 0.0, 'dx': 437.6000061035156, 'shift_magnitude': 437.6000061035156, 'overlap_fraction': 0.847419802613837, 'large_shift': False, 'max_shift_exceeded': False, 'qc_pass': True, 'registration_channel': '488nm Binned', 'qc_note': 'phase_cross_correlation_on_stable_channel'}, {'day': 20, 'dy': 72.9000015258789, 'dx': 0.0, 'shift_magnitude': 72.9000015258789, 'overlap_fraction': 0.9745815894261232, 'large_shift': False, 'max_shift_exceeded': False, 'qc_pass': True, 'registration_channel': '488nm Binned', 'qc_note': 'phase_cross_correlation_on_stable_channel'}, {'day': 25, 'dy': 0.0, 'dx': 972.5, 'shift_magnitude': 972.5, 'overlap_fraction': 0.6609135285913529, 'large_shift': True, 'max_shift_exceeded': False, 'qc_pass': False, 'registration_channel': '488nm Binned', 'qc_note': 'phase_cross_correlation_on_stable_channel'}, {'day': 29, 'dy': 0.0, 'dx': 12.399999618530272, 'shift_magnitude': 12.399999618530272, 'overlap_fraction': 0.995676429700652, 'large_shift': False, 'max_shift_exceeded': False, 'qc_pass': True, 'registration_channel': '488nm Binned', 'qc_note': 'phase_cross_correlation_on_stable_channel'}, {'day': 32, 'dy': 0.0, 'dx': 567.0, 'shift_magnitude': 567.0, 'overlap_fraction': 0.8023012552301255, 'large_shift': True, 'max_shift_exceeded': False, 'qc_pass': False, 'registration_channel': '488nm Binned', 'qc_note': 'phase_cross_correlation_on_stable_channel'}, {'day': 36, 'dy': 0.0, 'dx': 306.79998779296875, 'shift_magnitude': 306.79998779296875, 'overlap_fraction': 0.893026503558937, 'large_shift': False, 'max_shift_exceeded': False, 'qc_pass': True, 'registration_channel': '488nm Binned', 'qc_note': 'phase_cross_correlation_on_stable_channel'}, {'day': 39, 'dy': -1379.300048828125, 'dx': 0.0, 'shift_magnitude': 1379.300048828125, 'overlap_fraction': 0.5190725073821043, 'large_shift': True, 'max_shift_exceeded': True, 'qc_pass': False, 'registration_channel': '488nm Binned', 'qc_note': 'phase_cross_correlation_on_stable_channel;shift_exceeds_max_shift_pixels'}]",3,1379.300048828125,0.5190725073821043,review_low_overlap,low_overlap_retained,True,overlap_only_analysis,manual_alignment_needed,manual_alignment_needed,True,False,registered_common_overlap,True,5,LOCAL_PROCESSED_OUTPUT/dashboard/previews/E06,LOCAL_PROCESSED_OUTPUT/dashboard/roi_previews/E06
F10,PLD3_TMEM106B_mCherry_primary,8|12|16|20|25|29|32|36|39,16|32|39,Large microscopy file stored locally/shared drive,LOCAL_PROCESSED_OUTPUT/full_mcherry_valid_queue_abc/wells/F10/qc/F10_registration_qc.csv,LOCAL_PROCESSED_OUTPUT/full_mcherry_valid_queue_abc/wells/F10/qc/F10_registration_qc_montage.png,9x3x2868x2868,9x3x1612x1696,2868,2868,1612,1696,8225424,2733952,0.3323782457901258,33.23782457901258,770,2382,1172,2868,Overlap crop is stored in registered-frame coordinates. Per-day original-space mapping requires applying the inverse registration shift for each day.,"day8:dy=0.0,dx=0.0|day12:dy=-10.2,dx=0.0|day16:dy=0.0,dx=1172.0|day20:dy=207.5,dx=0.0|day25:dy=-447.1,dx=0.0|day29:dy=-485.1,dx=0.0|day32:dy=769.9,dx=0.0|day36:dy=0.0,dx=76.7|day39:dy=0.0,dx=915.1","[{'day': 8, 'dy': 0.0, 'dx': 0.0, 'shift_magnitude': 0.0, 'overlap_fraction': 1.0, 'large_shift': False, 'max_shift_exceeded': False, 'qc_pass': True, 'registration_channel': '488nm Binned', 'qc_note': 'reference_timepoint'}, {'day': 12, 'dy': -10.199999809265137, 'dx': 0.0, 'shift_magnitude': 10.199999809265137, 'overlap_fraction': 0.996443514710856, 'large_shift': False, 'max_shift_exceeded': False, 'qc_pass': True, 'registration_channel': '488nm Binned', 'qc_note': 'phase_cross_correlation_on_stable_channel'}, {'day': 16, 'dy': 0.0, 'dx': 1172.0, 'shift_magnitude': 1172.0, 'overlap_fraction': 0.5913528591352859, 'large_shift': True, 'max_shift_exceeded': False, 'qc_pass': False, 'registration_channel': '488nm Binned', 'qc_note': 'phase_cross_correlation_on_stable_channel'}, {'day': 20, 'dy': 207.5, 'dx': 0.0, 'shift_magnitude': 207.5, 'overlap_fraction': 0.927649930264993, 'large_shift': False, 'max_shift_exceeded': False, 'qc_pass': True, 'registration_channel': '488nm Binned', 'qc_note': 'phase_cross_correlation_on_stable_channel'}, {'day': 25, 'dy': -447.1000061035156, 'dx': 0.0, 'shift_magnitude': 447.1000061035156, 'overlap_fraction': 0.8441073897825957, 'large_shift': False, 'max_shift_exceeded': False, 'qc_pass': True, 'registration_channel': '488nm Binned', 'qc_note': 'phase_cross_correlation_on_stable_channel'}, {'day': 29, 'dy': -485.1000061035156, 'dx': 0.0, 'shift_magnitude': 485.1000061035156, 'overlap_fraction': 0.8308577384576306, 'large_shift': False, 'max_shift_exceeded': False, 'qc_pass': True, 'registration_channel': '488nm Binned', 'qc_note': 'phase_cross_correlation_on_stable_channel'}, {'day': 32, 'dy': 769.9000244140625, 'dx': 0.0, 'shift_magnitude': 769.9000244140625, 'overlap_fraction': 0.731555082142935, 'large_shift': True, 'max_shift_exceeded': False, 'qc_pass': False, 'registration_channel': '488nm Binned', 'qc_note': 'phase_cross_correlation_on_stable_channel'}, {'day': 36, 'dy': 0.0, 'dx': 76.69999694824219, 'shift_magnitude': 76.69999694824219, 'overlap_fraction': 0.9732566258897344, 'large_shift': False, 'max_shift_exceeded': False, 'qc_pass': True, 'registration_channel': '488nm Binned', 'qc_note': 'phase_cross_correlation_on_stable_channel'}, {'day': 39, 'dy': 0.0, 'dx': 915.0999755859376, 'shift_magnitude': 915.0999755859376, 'overlap_fraction': 0.6809274841053217, 'large_shift': True, 'max_shift_exceeded': False, 'qc_pass': False, 'registration_channel': '488nm Binned', 'qc_note': 'phase_cross_correlation_on_stable_channel'}]",3,1172.0,0.5913528591352859,review_low_overlap,low_overlap_retained,True,overlap_only_analysis,manual_alignment_needed,manual_alignment_needed,True,False,registered_common_overlap,True,5,LOCAL_PROCESSED_OUTPUT/dashboard/previews/F10,LOCAL_PROCESSED_OUTPUT/dashboard/roi_previews/F10
I19,PLD3_mCherry_reporter_control,8|12|16|20|25|29|32|36|39,12|20|39,Large microscopy file stored locally/shared drive,LOCAL_PROCESSED_OUTPUT/full_mcherry_valid_queue_abc/wells/I19/qc/I19_registration_qc.csv,LOCAL_PROCESSED_OUTPUT/full_mcherry_valid_queue_abc/wells/I19/qc/I19_registration_qc_montage.png,9x3x2868x2868,9x3x1329x2118,2868,2868,1329,2118,8225424,2814822,0.3422099578088619,34.220995780886184,793,2122,393,2511,Overlap crop is stored in registered-frame coordinates. Per-day original-space mapping requires applying the inverse registration shift for each day.,"day8:dy=0.0,dx=0.0|day12:dy=-744.5,dx=0.0|day16:dy=0.0,dx=67.0|day20:dy=792.4,dx=0.0|day25:dy=0.0,dx=-356.8|day29:dy=0.0,dx=197.8|day32:dy=0.0,dx=392.7|day36:dy=0.0,dx=-333.9|day39:dy=-746.0,dx=0.0","[{'day': 8, 'dy': 0.0, 'dx': 0.0, 'shift_magnitude': 0.0, 'overlap_fraction': 1.0, 'large_shift': False, 'max_shift_exceeded': False, 'qc_pass': True, 'registration_channel': '488nm Binned', 'qc_note': 'reference_timepoint'}, {'day': 12, 'dy': -744.5, 'dx': 0.0, 'shift_magnitude': 744.5, 'overlap_fraction': 0.7404114365411436, 'large_shift': True, 'max_shift_exceeded': False, 'qc_pass': False, 'registration_channel': '488nm Binned', 'qc_note': 'phase_cross_correlation_on_stable_channel'}, {'day': 16, 'dy': 0.0, 'dx': 67.0, 'shift_magnitude': 67.0, 'overlap_fraction': 0.9766387726638772, 'large_shift': False, 'max_shift_exceeded': False, 'qc_pass': True, 'registration_channel': '488nm Binned', 'qc_note': 'phase_cross_correlation_on_stable_channel'}, {'day': 20, 'dy': 792.4000244140625, 'dx': 0.0, 'shift_magnitude': 792.4000244140625, 'overlap_fraction': 0.7237098938584161, 'large_shift': True, 'max_shift_exceeded': False, 'qc_pass': False, 'registration_channel': '488nm Binned', 'qc_note': 'phase_cross_correlation_on_stable_channel'}, {'day': 25, 'dy': 0.0, 'dx': -356.79998779296875, 'shift_magnitude': 356.79998779296875, 'overlap_fraction': 0.8755927518155618, 'large_shift': False, 'max_shift_exceeded': False, 'qc_pass': True, 'registration_channel': '488nm Binned', 'qc_note': 'phase_cross_correlation_on_stable_channel'}, {'day': 29, 'dy': 0.0, 'dx': 197.8000030517578, 'shift_magnitude': 197.8000030517578, 'overlap_fraction': 0.931032077039136, 'large_shift': False, 'max_shift_exceeded': False, 'qc_pass': True, 'registration_channel': '488nm Binned', 'qc_note': 'phase_cross_correlation_on_stable_channel'}, {'day': 32, 'dy': 0.0, 'dx': 392.7000122070313, 'shift_magnitude': 392.7000122070313, 'overlap_fraction': 0.8630753095512443, 'large_shift': False, 'max_shift_exceeded': False, 'qc_pass': True, 'registration_channel': '488nm Binned', 'qc_note': 'phase_cross_correlation_on_stable_channel'}, {'day': 36, 'dy': 0.0, 'dx': -333.8999938964844, 'shift_magnitude': 333.8999938964844, 'overlap_fraction': 0.8835774079858841, 'large_shift': False, 'max_shift_exceeded': False, 'qc_pass': True, 'registration_channel': '488nm Binned', 'qc_note': 'phase_cross_correlation_on_stable_channel'}, {'day': 39, 'dy': -746.0, 'dx': 0.0, 'shift_magnitude': 746.0, 'overlap_fraction': 0.7398884239888424, 'large_shift': True, 'max_shift_exceeded': False, 'qc_pass': False, 'registration_channel': '488nm Binned', 'qc_note': 'phase_cross_correlation_on_stable_channel'}]",3,792.4000244140625,0.7237098938584161,review_low_overlap,low_overlap_retained,True,overlap_only_analysis,manual_alignment_needed,manual_alignment_needed,True,False,registered_common_overlap,True,5,LOCAL_PROCESSED_OUTPUT/dashboard/previews/I19,LOCAL_PROCESSED_OUTPUT/dashboard/roi_previews/I19
N09,PLD3_TMEM106B_mCherry_primary,8|12|16|20|25|29|32|36|39,12|20|25|39,Large microscopy file stored locally/shared drive,LOCAL_PROCESSED_OUTPUT/full_mcherry_valid_queue_abc/wells/N09/qc/N09_registration_qc.csv,LOCAL_PROCESSED_OUTPUT/full_mcherry_valid_queue_abc/wells/N09/qc/N09_registration_qc_montage.png,9x3x2868x2868,9x3x1623x1755,2868,2868,1623,1755,8225424,2848365,0.3462879238808844,34.62879238808844,829,2452,736,2491,Overlap crop is stored in registered-frame coordinates. Per-day original-space mapping requires applying the inverse registration shift for each day.,"day8:dy=0.0,dx=0.0|day12:dy=0.0,dx=659.5|day16:dy=-415.5,dx=0.0|day20:dy=829.0,dx=0.0|day25:dy=0.0,dx=735.8|day29:dy=0.0,dx=158.0|day32:dy=362.5,dx=0.0|day36:dy=0.0,dx=-376.5|day39:dy=593.3,dx=0.0","[{'day': 8, 'dy': 0.0, 'dx': 0.0, 'shift_magnitude': 0.0, 'overlap_fraction': 1.0, 'large_shift': False, 'max_shift_exceeded': False, 'qc_pass': True, 'registration_channel': '488nm Binned', 'qc_note': 'reference_timepoint'}, {'day': 12, 'dy': 0.0, 'dx': 659.5, 'shift_magnitude': 659.5, 'overlap_fraction': 0.7700488145048815, 'large_shift': True, 'max_shift_exceeded': False, 'qc_pass': False, 'registration_channel': '488nm Binned', 'qc_note': 'phase_cross_correlation_on_stable_channel'}, {'day': 16, 'dy': -415.5, 'dx': 0.0, 'shift_magnitude': 415.5, 'overlap_fraction': 0.8551255230125523, 'large_shift': False, 'max_shift_exceeded': False, 'qc_pass': True, 'registration_channel': '488nm Binned', 'qc_note': 'phase_cross_correlation_on_stable_channel'}, {'day': 20, 'dy': 829.0, 'dx': 0.0, 'shift_magnitude': 829.0, 'overlap_fraction': 0.7109483960948396, 'large_shift': True, 'max_shift_exceeded': False, 'qc_pass': False, 'registration_channel': '488nm Binned', 'qc_note': 'phase_cross_correlation_on_stable_channel'}, {'day': 25, 'dy': 0.0, 'dx': 735.7999877929688, 'shift_magnitude': 735.7999877929688, 'overlap_fraction': 0.743444913600778, 'large_shift': True, 'max_shift_exceeded': False, 'qc_pass': False, 'registration_channel': '488nm Binned', 'qc_note': 'phase_cross_correlation_on_stable_channel'}, {'day': 29, 'dy': 0.0, 'dx': 158.0, 'shift_magnitude': 158.0, 'overlap_fraction': 0.9449093444909344, 'large_shift': False, 'max_shift_exceeded': False, 'qc_pass': True, 'registration_channel': '488nm Binned', 'qc_note': 'phase_cross_correlation_on_stable_channel'}, {'day': 32, 'dy': 362.5, 'dx': 0.0, 'shift_magnitude': 362.5, 'overlap_fraction': 0.87360529986053, 'large_shift': False, 'max_shift_exceeded': False, 'qc_pass': True, 'registration_channel': '488nm Binned', 'qc_note': 'phase_cross_correlation_on_stable_channel'}, {'day': 36, 'dy': 0.0, 'dx': -376.5, 'shift_magnitude': 376.5, 'overlap_fraction': 0.8687238493723849, 'large_shift': False, 'max_shift_exceeded': False, 'qc_pass': True, 'registration_channel': '488nm Binned', 'qc_note': 'phase_cross_correlation_on_stable_channel'}, {'day': 39, 'dy': 593.2999877929688, 'dx': 0.0, 'shift_magnitude': 593.2999877929688, 'overlap_fraction': 0.7931311060693972, 'large_shift': True, 'max_shift_exceeded': False, 'qc_pass': False, 'registration_channel': '488nm Binned', 'qc_note': 'phase_cross_correlation_on_stable_channel'}]",4,829.0,0.7109483960948396,review_low_overlap,low_overlap_retained,True,overlap_only_analysis,manual_alignment_needed,manual_alignment_needed,True,False,registered_common_overlap,True,5,LOCAL_PROCESSED_OUTPUT/dashboard/previews/N09,LOCAL_PROCESSED_OUTPUT/dashboard/roi_previews/N09
F07,PLD3_TMEM106B_mCherry_primary,8|12|16|20|25|29|32|36|39,12|20|25|29|32|36|39,Large microscopy file stored locally/shared drive,LOCAL_PROCESSED_OUTPUT/full_mcherry_valid_queue_abc/wells/F07/qc/F07_registration_qc.csv,LOCAL_PROCESSED_OUTPUT/full_mcherry_valid_queue_abc/wells/F07/qc/F07_registration_qc_montage.png,9x3x2868x2868,9x3x2868x1005,2868,2868,2868,1005,8225424,2882340,0.350418410041841,35.0418410041841,0,2868,1352,2357,Overlap crop is stored in registered-frame coordinates. Per-day original-space mapping requires applying the inverse registration shift for each day.,"day8:dy=0.0,dx=0.0|day12:dy=0.0,dx=787.8|day16:dy=0.0,dx=496.2|day20:dy=0.0,dx=526.1|day25:dy=0.0,dx=-510.8|day29:dy=0.0,dx=1010.0|day32:dy=0.0,dx=1351.3|day36:dy=0.0,dx=1024.9|day39:dy=0.0,dx=894.4","[{'day': 8, 'dy': 0.0, 'dx': 0.0, 'shift_magnitude': 0.0, 'overlap_fraction': 1.0, 'large_shift': False, 'max_shift_exceeded': False, 'qc_pass': True, 'registration_channel': '488nm Binned', 'qc_note': 'reference_timepoint'}, {'day': 12, 'dy': 0.0, 'dx': 787.7999877929688, 'shift_magnitude': 787.7999877929688, 'overlap_fraction': 0.7253138117876679, 'large_shift': True, 'max_shift_exceeded': False, 'qc_pass': False, 'registration_channel': '488nm Binned', 'qc_note': 'phase_cross_correlation_on_stable_channel'}, {'day': 16, 'dy': 0.0, 'dx': 496.2000122070313, 'shift_magnitude': 496.2000122070313, 'overlap_fraction': 0.8269874434424577, 'large_shift': False, 'max_shift_exceeded': False, 'qc_pass': True, 'registration_channel': '488nm Binned', 'qc_note': 'phase_cross_correlation_on_stable_channel'}, {'day': 20, 'dy': 0.0, 'dx': 526.0999755859375, 'shift_magnitude': 526.0999755859375, 'overlap_fraction': 0.8165620726687806, 'large_shift': True, 'max_shift_exceeded': False, 'qc_pass': False, 'registration_channel': '488nm Binned', 'qc_note': 'phase_cross_correlation_on_stable_channel'}, {'day': 25, 'dy': 0.0, 'dx': -510.7999877929688, 'shift_magnitude': 510.7999877929688, 'overlap_fraction': 0.8218967964459662, 'large_shift': True, 'max_shift_exceeded': False, 'qc_pass': False, 'registration_channel': '488nm Binned', 'qc_note': 'phase_cross_correlation_on_stable_channel'}, {'day': 29, 'dy': 0.0, 'dx': 1010.0, 'shift_magnitude': 1010.0, 'overlap_fraction': 0.6478382147838215, 'large_shift': True, 'max_shift_exceeded': False, 'qc_pass': False, 'registration_channel': '488nm Binned', 'qc_note': 'phase_cross_correlation_on_stable_channel'}, {'day': 32, 'dy': 0.0, 'dx': 1351.300048828125, 'shift_magnitude': 1351.300048828125, 'overlap_fraction': 0.5288354083583944, 'large_shift': True, 'max_shift_exceeded': True, 'qc_pass': False, 'registration_channel': '488nm Binned', 'qc_note': 'phase_cross_correlation_on_stable_channel;shift_exceeds_max_shift_pixels'}, {'day': 36, 'dy': 0.0, 'dx': 1024.9000244140625, 'shift_magnitude': 1024.9000244140625, 'overlap_fraction': 0.6426429482517216, 'large_shift': True, 'max_shift_exceeded': False, 'qc_pass': False, 'registration_channel': '488nm Binned', 'qc_note': 'phase_cross_correlation_on_stable_channel'}, {'day': 39, 'dy': 0.0, 'dx': 894.4000244140625, 'shift_magnitude': 894.4000244140625, 'overlap_fraction': 0.6881450403019308, 'large_shift': True, 'max_shift_exceeded': False, 'qc_pass': False, 'registration_channel': '488nm Binned', 'qc_note': 'phase_cross_correlation_on_stable_channel'}]",7,1351.300048828125,0.5288354083583944,review_low_overlap,low_overlap_retained,True,overlap_only_analysis,manual_alignment_needed,manual_alignment_needed,True,False,registered_common_overlap,True,5,LOCAL_PROCESSED_OUTPUT/dashboard/previews/F07,LOCAL_PROCESSED_OUTPUT/dashboard/roi_previews/F07
E19,PLD3_mCherry_reporter_control,8|12|16|20|25|29|32|36|39,25|36|39,Large microscopy file stored locally/shared drive,LOCAL_PROCESSED_OUTPUT/full_mcherry_valid_queue_abc/wells/E19/qc/E19_registration_qc.csv,LOCAL_PROCESSED_OUTPUT/full_mcherry_valid_queue_abc/wells/E19/qc/E19_registration_qc_montage.png,9x3x2868x2868,9x3x2868x1046,2868,2868,2868,1046,8225424,2999928,0.3647140864714086,36.47140864714086,0,2868,672,1718,Overlap crop is stored in registered-frame coordinates. Per-day original-space mapping requires applying the inverse registration shift for each day.,"day8:dy=0.0,dx=0.0|day12:dy=0.0,dx=375.5|day16:dy=0.0,dx=239.1|day20:dy=0.0,dx=-144.0|day25:dy=0.0,dx=-971.3|day29:dy=0.0,dx=289.9|day32:dy=0.0,dx=-252.3|day36:dy=0.0,dx=671.3|day39:dy=0.0,dx=-1149.4","[{'day': 8, 'dy': 0.0, 'dx': 0.0, 'shift_magnitude': 0.0, 'overlap_fraction': 1.0, 'large_shift': False, 'max_shift_exceeded': False, 'qc_pass': True, 'registration_channel': '488nm Binned', 'qc_note': 'reference_timepoint'}, {'day': 12, 'dy': 0.0, 'dx': 375.5, 'shift_magnitude': 375.5, 'overlap_fraction': 0.8690725244072525, 'large_shift': False, 'max_shift_exceeded': False, 'qc_pass': True, 'registration_channel': '488nm Binned', 'qc_note': 'phase_cross_correlation_on_stable_channel'}, {'day': 16, 'dy': 0.0, 'dx': 239.1000061035156, 'shift_magnitude': 239.1000061035156, 'overlap_fraction': 0.9166317970350364, 'large_shift': False, 'max_shift_exceeded': False, 'qc_pass': True, 'registration_channel': '488nm Binned', 'qc_note': 'phase_cross_correlation_on_stable_channel'}, {'day': 20, 'dy': 0.0, 'dx': -144.0, 'shift_magnitude': 144.0, 'overlap_fraction': 0.9497907949790796, 'large_shift': False, 'max_shift_exceeded': False, 'qc_pass': True, 'registration_channel': '488nm Binned', 'qc_note': 'phase_cross_correlation_on_stable_channel'}, {'day': 25, 'dy': 0.0, 'dx': -971.2999877929688, 'shift_magnitude': 971.2999877929688, 'overlap_fraction': 0.6613319428894809, 'large_shift': True, 'max_shift_exceeded': False, 'qc_pass': False, 'registration_channel': '488nm Binned', 'qc_note': 'phase_cross_correlation_on_stable_channel'}, {'day': 29, 'dy': 0.0, 'dx': 289.8999938964844, 'shift_magnitude': 289.8999938964844, 'overlap_fraction': 0.8989191095200543, 'large_shift': False, 'max_shift_exceeded': False, 'qc_pass': True, 'registration_channel': '488nm Binned', 'qc_note': 'phase_cross_correlation_on_stable_channel'}, {'day': 32, 'dy': 0.0, 'dx': -252.3000030517578, 'shift_magnitude': 252.3000030517578, 'overlap_fraction': 0.9120292876388572, 'large_shift': False, 'max_shift_exceeded': False, 'qc_pass': True, 'registration_channel': '488nm Binned', 'qc_note': 'phase_cross_correlation_on_stable_channel'}, {'day': 36, 'dy': 0.0, 'dx': 671.2999877929688, 'shift_magnitude': 671.2999877929688, 'overlap_fraction': 0.765934453349732, 'large_shift': True, 'max_shift_exceeded': False, 'qc_pass': False, 'registration_channel': '488nm Binned', 'qc_note': 'phase_cross_correlation_on_stable_channel'}, {'day': 39, 'dy': 0.0, 'dx': -1149.4000244140625, 'shift_magnitude': 1149.4000244140625, 'overlap_fraction': 0.5992329064107174, 'large_shift': True, 'max_shift_exceeded': False, 'qc_pass': False, 'registration_channel': '488nm Binned', 'qc_note': 'phase_cross_correlation_on_stable_channel'}]",3,1149.4000244140625,0.5992329064107174,review_low_overlap,low_overlap_retained,True,overlap_only_analysis,manual_alignment_needed,manual_alignment_needed,True,False,registered_common_overlap,True,5,LOCAL_PROCESSED_OUTPUT/dashboard/previews/E19,LOCAL_PROCESSED_OUTPUT/dashboard/roi_previews/E19
M14,PLD3_mCherry_reporter_control,8|12|16|20|25|29|32|36|39,12|16|20|29|32|36|39,Large microscopy file stored locally/shared drive,LOCAL_PROCESSED_OUTPUT/full_mcherry_valid_queue_abc/wells/M14/qc/M14_registration_qc.csv,LOCAL_PROCESSED_OUTPUT/full_mcherry_valid_queue_abc/wells/M14/qc/M14_registration_qc_montage.png,9x3x2868x2868,9x3x2868x1047,2868,2868,2868,1047,8225424,3002796,0.36506276150627615,36.50627615062761,0,2868,1348,2395,Overlap crop is stored in registered-frame coordinates. Per-day original-space mapping requires applying the inverse registration shift for each day.,"day8:dy=0.0,dx=0.0|day12:dy=0.0,dx=562.4|day16:dy=0.0,dx=543.1|day20:dy=0.0,dx=990.9|day25:dy=0.0,dx=-472.5|day29:dy=0.0,dx=1232.0|day32:dy=0.0,dx=746.0|day36:dy=0.0,dx=1348.0|day39:dy=0.0,dx=556.5","[{'day': 8, 'dy': 0.0, 'dx': 0.0, 'shift_magnitude': 0.0, 'overlap_fraction': 1.0, 'large_shift': False, 'max_shift_exceeded': False, 'qc_pass': True, 'registration_channel': '488nm Binned', 'qc_note': 'reference_timepoint'}, {'day': 12, 'dy': 0.0, 'dx': 562.4000244140625, 'shift_magnitude': 562.4000244140625, 'overlap_fraction': 0.803905151877942, 'large_shift': True, 'max_shift_exceeded': False, 'qc_pass': False, 'registration_channel': '488nm Binned', 'qc_note': 'phase_cross_correlation_on_stable_channel'}, {'day': 16, 'dy': 0.0, 'dx': 543.0999755859375, 'shift_magnitude': 543.0999755859375, 'overlap_fraction': 0.8106345970760329, 'large_shift': True, 'max_shift_exceeded': False, 'qc_pass': False, 'registration_channel': '488nm Binned', 'qc_note': 'phase_cross_correlation_on_stable_channel'}, {'day': 20, 'dy': 0.0, 'dx': 990.9000244140624, 'shift_magnitude': 990.9000244140624, 'overlap_fraction': 0.6544978994372167, 'large_shift': True, 'max_shift_exceeded': False, 'qc_pass': False, 'registration_channel': '488nm Binned', 'qc_note': 'phase_cross_correlation_on_stable_channel'}, {'day': 25, 'dy': 0.0, 'dx': -472.5, 'shift_magnitude': 472.5, 'overlap_fraction': 0.8352510460251046, 'large_shift': False, 'max_shift_exceeded': False, 'qc_pass': True, 'registration_channel': '488nm Binned', 'qc_note': 'phase_cross_correlation_on_stable_channel'}, {'day': 29, 'dy': 0.0, 'dx': 1232.0, 'shift_magnitude': 1232.0, 'overlap_fraction': 0.5704323570432357, 'large_shift': True, 'max_shift_exceeded': True, 'qc_pass': False, 'registration_channel': '488nm Binned', 'qc_note': 'phase_cross_correlation_on_stable_channel;shift_exceeds_max_shift_pixels'}, {'day': 32, 'dy': 0.0, 'dx': 746.0, 'shift_magnitude': 746.0, 'overlap_fraction': 0.7398884239888424, 'large_shift': True, 'max_shift_exceeded': False, 'qc_pass': False, 'registration_channel': '488nm Binned', 'qc_note': 'phase_cross_correlation_on_stable_channel'}, {'day': 36, 'dy': 0.0, 'dx': 1348.0, 'shift_magnitude': 1348.0, 'overlap_fraction': 0.5299860529986054, 'large_shift': True, 'max_shift_exceeded': True, 'qc_pass': False, 'registration_channel': '488nm Binned', 'qc_note': 'phase_cross_correlation_on_stable_channel;shift_exceeds_max_shift_pixels'}, {'day': 39, 'dy': 0.0, 'dx': 556.5, 'shift_magnitude': 556.5, 'overlap_fraction': 0.8059623430962343, 'large_shift': True, 'max_shift_exceeded': False, 'qc_pass': False, 'registration_channel': '488nm Binned', 'qc_note': 'phase_cross_correlation_on_stable_channel'}]",7,1348.0,0.5299860529986054,review_low_overlap,low_overlap_retained,True,overlap_only_analysis,manual_alignment_needed,manual_alignment_needed,True,False,registered_common_overlap,True,5,LOCAL_PROCESSED_OUTPUT/dashboard/previews/M14,LOCAL_PROCESSED_OUTPUT/dashboard/roi_previews/M14
J16,PLD3_TMEM106B_mCherry_primary,8|12|16|20|25|29|32|36|39,12|16|32|39,Large microscopy file stored locally/shared drive,LOCAL_PROCESSED_OUTPUT/full_mcherry_valid_queue_abc/wells/J16/qc/J16_registration_qc.csv,LOCAL_PROCESSED_OUTPUT/full_mcherry_valid_queue_abc/wells/J16/qc/J16_registration_qc_montage.png,9x3x2868x2868,9x3x1632x1858,2868,2868,1632,1858,8225424,3032256,0.3686443397933043,36.86443397933043,1236,2868,966,2824,Overlap crop is stored in registered-frame coordinates. Per-day original-space mapping requires applying the inverse registration shift for each day.,"day8:dy=0.0,dx=0.0|day12:dy=0.0,dx=965.7|day16:dy=675.2,dx=0.0|day20:dy=405.5,dx=0.0|day25:dy=0.0,dx=1.3|day29:dy=50.0,dx=0.0|day32:dy=1235.9,dx=0.0|day36:dy=0.0,dx=-43.3|day39:dy=1226.4,dx=0.0","[{'day': 8, 'dy': 0.0, 'dx': 0.0, 'shift_magnitude': 0.0, 'overlap_fraction': 1.0, 'large_shift': False, 'max_shift_exceeded': False, 'qc_pass': True, 'registration_channel': '488nm Binned', 'qc_note': 'reference_timepoint'}, {'day': 12, 'dy': 0.0, 'dx': 965.7000122070312, 'shift_magnitude': 965.7000122070312, 'overlap_fraction': 0.6632845145721649, 'large_shift': True, 'max_shift_exceeded': False, 'qc_pass': False, 'registration_channel': '488nm Binned', 'qc_note': 'phase_cross_correlation_on_stable_channel'}, {'day': 16, 'dy': 675.2000122070312, 'dx': 0.0, 'shift_magnitude': 675.2000122070312, 'overlap_fraction': 0.7645746122011746, 'large_shift': True, 'max_shift_exceeded': False, 'qc_pass': False, 'registration_channel': '488nm Binned', 'qc_note': 'phase_cross_correlation_on_stable_channel'}, {'day': 20, 'dy': 405.5, 'dx': 0.0, 'shift_magnitude': 405.5, 'overlap_fraction': 0.8586122733612274, 'large_shift': False, 'max_shift_exceeded': False, 'qc_pass': True, 'registration_channel': '488nm Binned', 'qc_note': 'phase_cross_correlation_on_stable_channel'}, {'day': 25, 'dy': 0.0, 'dx': 1.2999999523162842, 'shift_magnitude': 1.2999999523162842, 'overlap_fraction': 0.9995467224712984, 'large_shift': False, 'max_shift_exceeded': False, 'qc_pass': True, 'registration_channel': '488nm Binned', 'qc_note': 'phase_cross_correlation_on_stable_channel'}, {'day': 29, 'dy': 50.0, 'dx': 0.0, 'shift_magnitude': 50.0, 'overlap_fraction': 0.9825662482566248, 'large_shift': False, 'max_shift_exceeded': False, 'qc_pass': True, 'registration_channel': '488nm Binned', 'qc_note': 'phase_cross_correlation_on_stable_channel'}, {'day': 32, 'dy': 1235.9000244140625, 'dx': 0.0, 'shift_magnitude': 1235.9000244140625, 'overlap_fraction': 0.5690725158946783, 'large_shift': True, 'max_shift_exceeded': True, 'qc_pass': False, 'registration_channel': '488nm Binned', 'qc_note': 'phase_cross_correlation_on_stable_channel;shift_exceeds_max_shift_pixels'}, {'day': 36, 'dy': 0.0, 'dx': -43.29999923706055, 'shift_magnitude': 43.29999923706055, 'overlap_fraction': 0.984902371256255, 'large_shift': False, 'max_shift_exceeded': False, 'qc_pass': True, 'registration_channel': '488nm Binned', 'qc_note': 'phase_cross_correlation_on_stable_channel'}, {'day': 39, 'dy': 1226.4000244140625, 'dx': 0.0, 'shift_magnitude': 1226.4000244140625, 'overlap_fraction': 0.5723849287259196, 'large_shift': True, 'max_shift_exceeded': True, 'qc_pass': False, 'registration_channel': '488nm Binned', 'qc_note': 'phase_cross_correlation_on_stable_channel;shift_exceeds_max_shift_pixels'}]",4,1235.9000244140625,0.5690725158946783,review_low_overlap,low_overlap_retained,True,overlap_only_analysis,manual_alignment_needed,manual_alignment_needed,True,False,registered_common_overlap,True,5,LOCAL_PROCESSED_OUTPUT/dashboard/previews/J16,LOCAL_PROCESSED_OUTPUT/dashboard/roi_previews/J16
E05,PLD3_mCherry_reporter_control,8|12|16|20|25|29|32|36|39,12|25|32|36,Large microscopy file stored locally/shared drive,LOCAL_PROCESSED_OUTPUT/full_mcherry_valid_queue_abc/wells/E05/qc/E05_registration_qc.csv,LOCAL_PROCESSED_OUTPUT/full_mcherry_valid_queue_abc/wells/E05/qc/E05_registration_qc_montage.png,9x3x2868x2868,9x3x2105x1493,2868,2868,2105,1493,8225424,3142765,0.3820793918951777,38.207939189517774,71,2176,0,1493,Overlap crop is stored in registered-frame coordinates. Per-day original-space mapping requires applying the inverse registration shift for each day.,"day8:dy=0.0,dx=0.0|day12:dy=-524.7,dx=0.0|day16:dy=-83.9,dx=0.0|day20:dy=70.2,dx=0.0|day25:dy=-566.0,dx=0.0|day29:dy=35.8,dx=0.0|day32:dy=-691.8,dx=0.0|day36:dy=0.0,dx=-1374.8|day39:dy=-218.1,dx=0.0","[{'day': 8, 'dy': 0.0, 'dx': 0.0, 'shift_magnitude': 0.0, 'overlap_fraction': 1.0, 'large_shift': False, 'max_shift_exceeded': False, 'qc_pass': True, 'registration_channel': '488nm Binned', 'qc_note': 'reference_timepoint'}, {'day': 12, 'dy': -524.7000122070312, 'dx': 0.0, 'shift_magnitude': 524.7000122070312, 'overlap_fraction': 0.8170502049487339, 'large_shift': True, 'max_shift_exceeded': False, 'qc_pass': False, 'registration_channel': '488nm Binned', 'qc_note': 'phase_cross_correlation_on_stable_channel'}, {'day': 16, 'dy': -83.9000015258789, 'dx': 0.0, 'shift_magnitude': 83.9000015258789, 'overlap_fraction': 0.9707461640425806, 'large_shift': False, 'max_shift_exceeded': False, 'qc_pass': True, 'registration_channel': '488nm Binned', 'qc_note': 'phase_cross_correlation_on_stable_channel'}, {'day': 20, 'dy': 70.19999694824219, 'dx': 0.0, 'shift_magnitude': 70.19999694824219, 'overlap_fraction': 0.9755230136163732, 'large_shift': False, 'max_shift_exceeded': False, 'qc_pass': True, 'registration_channel': '488nm Binned', 'qc_note': 'phase_cross_correlation_on_stable_channel'}, {'day': 25, 'dy': -566.0, 'dx': 0.0, 'shift_magnitude': 566.0, 'overlap_fraction': 0.802649930264993, 'large_shift': True, 'max_shift_exceeded': False, 'qc_pass': False, 'registration_channel': '488nm Binned', 'qc_note': 'phase_cross_correlation_on_stable_channel'}, {'day': 29, 'dy': 35.79999923706055, 'dx': 0.0, 'shift_magnitude': 35.79999923706055, 'overlap_fraction': 0.9875174340177612, 'large_shift': False, 'max_shift_exceeded': False, 'qc_pass': True, 'registration_channel': '488nm Binned', 'qc_note': 'phase_cross_correlation_on_stable_channel'}, {'day': 32, 'dy': -691.7999877929688, 'dx': 0.0, 'shift_magnitude': 691.7999877929688, 'overlap_fraction': 0.7587866151349482, 'large_shift': True, 'max_shift_exceeded': False, 'qc_pass': False, 'registration_channel': '488nm Binned', 'qc_note': 'phase_cross_correlation_on_stable_channel'}, {'day': 36, 'dy': 0.0, 'dx': -1374.800048828125, 'shift_magnitude': 1374.800048828125, 'overlap_fraction': 0.5206415450390081, 'large_shift': True, 'max_shift_exceeded': True, 'qc_pass': False, 'registration_channel': '488nm Binned', 'qc_note': 'phase_cross_correlation_on_stable_channel;shift_exceeds_max_shift_pixels'}, {'day': 39, 'dy': -218.1000061035156, 'dx': 0.0, 'shift_magnitude': 218.1000061035156, 'overlap_fraction': 0.923953972767254, 'large_shift': False, 'max_shift_exceeded': False, 'qc_pass': True, 'registration_channel': '488nm Binned', 'qc_note': 'phase_cross_correlation_on_stable_channel'}]",4,1374.800048828125,0.5206415450390081,review_low_overlap,low_overlap_retained,True,overlap_only_analysis,manual_alignment_needed,manual_alignment_needed,True,False,registered_common_overlap,True,5,LOCAL_PROCESSED_OUTPUT/dashboard/previews/E05,LOCAL_PROCESSED_OUTPUT/dashboard/roi_previews/E05
J15,PLD3_TMEM106B_mCherry_primary,8|12|16|20|25|29|32|36|39,16|20|25|39,Large microscopy file stored locally/shared drive,LOCAL_PROCESSED_OUTPUT/full_mcherry_valid_queue_abc/wells/J15/qc/J15_registration_qc.csv,LOCAL_PROCESSED_OUTPUT/full_mcherry_valid_queue_abc/wells/J15/qc/J15_registration_qc_montage.png,9x3x2868x2868,9x3x1826x1805,2868,2868,1826,1805,8225424,3295930,0.40070031648216553,40.070031648216556,1042,2868,101,1906,Overlap crop is stored in registered-frame coordinates. Per-day original-space mapping requires applying the inverse registration shift for each day.,"day8:dy=0.0,dx=0.0|day12:dy=0.0,dx=-470.2|day16:dy=541.2,dx=0.0|day20:dy=0.0,dx=-961.7|day25:dy=0.0,dx=-662.2|day29:dy=0.0,dx=-338.0|day32:dy=110.9,dx=0.0|day36:dy=0.0,dx=100.1|day39:dy=1041.5,dx=0.0","[{'day': 8, 'dy': 0.0, 'dx': 0.0, 'shift_magnitude': 0.0, 'overlap_fraction': 1.0, 'large_shift': False, 'max_shift_exceeded': False, 'qc_pass': True, 'registration_channel': '488nm Binned', 'qc_note': 'reference_timepoint'}, {'day': 12, 'dy': 0.0, 'dx': -470.2000122070313, 'shift_magnitude': 470.2000122070313, 'overlap_fraction': 0.8360529943490128, 'large_shift': False, 'max_shift_exceeded': False, 'qc_pass': True, 'registration_channel': '488nm Binned', 'qc_note': 'phase_cross_correlation_on_stable_channel'}, {'day': 16, 'dy': 541.2000122070312, 'dx': 0.0, 'shift_magnitude': 541.2000122070312, 'overlap_fraction': 0.8112970668734201, 'large_shift': True, 'max_shift_exceeded': False, 'qc_pass': False, 'registration_channel': '488nm Binned', 'qc_note': 'phase_cross_correlation_on_stable_channel'}, {'day': 20, 'dy': 0.0, 'dx': -961.7000122070312, 'shift_magnitude': 961.7000122070312, 'overlap_fraction': 0.6646792147116348, 'large_shift': True, 'max_shift_exceeded': False, 'qc_pass': False, 'registration_channel': '488nm Binned', 'qc_note': 'phase_cross_correlation_on_stable_channel'}, {'day': 25, 'dy': 0.0, 'dx': -662.2000122070312, 'shift_magnitude': 662.2000122070312, 'overlap_fraction': 0.7691073876544522, 'large_shift': True, 'max_shift_exceeded': False, 'qc_pass': False, 'registration_channel': '488nm Binned', 'qc_note': 'phase_cross_correlation_on_stable_channel'}, {'day': 29, 'dy': 0.0, 'dx': -338.0, 'shift_magnitude': 338.0, 'overlap_fraction': 0.8821478382147838, 'large_shift': False, 'max_shift_exceeded': False, 'qc_pass': True, 'registration_channel': '488nm Binned', 'qc_note': 'phase_cross_correlation_on_stable_channel'}, {'day': 32, 'dy': 110.9000015258789, 'dx': 0.0, 'shift_magnitude': 110.9000015258789, 'overlap_fraction': 0.961331938101158, 'large_shift': False, 'max_shift_exceeded': False, 'qc_pass': True, 'registration_channel': '488nm Binned', 'qc_note': 'phase_cross_correlation_on_stable_channel'}, {'day': 36, 'dy': 0.0, 'dx': 100.0999984741211, 'shift_magnitude': 100.0999984741211, 'overlap_fraction': 0.9650976295417988, 'large_shift': False, 'max_shift_exceeded': False, 'qc_pass': True, 'registration_channel': '488nm Binned', 'qc_note': 'phase_cross_correlation_on_stable_channel'}, {'day': 39, 'dy': 1041.5, 'dx': 0.0, 'shift_magnitude': 1041.5, 'overlap_fraction': 0.6368549511854951, 'large_shift': True, 'max_shift_exceeded': False, 'qc_pass': False, 'registration_channel': '488nm Binned', 'qc_note': 'phase_cross_correlation_on_stable_channel'}]",4,1041.5,0.6368549511854951,review_low_overlap,low_overlap_retained,True,overlap_only_analysis,manual_alignment_needed,manual_alignment_needed,True,False,registered_common_overlap,True,5,LOCAL_PROCESSED_OUTPUT/dashboard/previews/J15,LOCAL_PROCESSED_OUTPUT/dashboard/roi_previews/J15
J14,PLD3_TMEM106B_mCherry_primary,8|12|16|20|25|29|32|36|39,20|25,Large microscopy file stored locally/shared drive,LOCAL_PROCESSED_OUTPUT/full_mcherry_valid_queue_abc/wells/J14/qc/J14_registration_qc.csv,LOCAL_PROCESSED_OUTPUT/full_mcherry_valid_queue_abc/wells/J14/qc/J14_registration_qc_montage.png,9x3x2868x2868,9x3x1809x1827,2868,2868,1809,1827,8225424,3305043,0.4018082228952574,40.18082228952574,911,2720,0,1827,Overlap crop is stored in registered-frame coordinates. Per-day original-space mapping requires applying the inverse registration shift for each day.,"day8:dy=0.0,dx=0.0|day12:dy=0.0,dx=-391.3|day16:dy=-49.9,dx=0.0|day20:dy=0.0,dx=-1040.6|day25:dy=910.5,dx=-1.1|day29:dy=63.6,dx=0.0|day32:dy=-147.2,dx=0.0|day36:dy=-68.7,dx=0.0|day39:dy=0.0,dx=-419.2","[{'day': 8, 'dy': 0.0, 'dx': 0.0, 'shift_magnitude': 0.0, 'overlap_fraction': 1.0, 'large_shift': False, 'max_shift_exceeded': False, 'qc_pass': True, 'registration_channel': '488nm Binned', 'qc_note': 'reference_timepoint'}, {'day': 12, 'dy': 0.0, 'dx': -391.2999877929688, 'shift_magnitude': 391.2999877929688, 'overlap_fraction': 0.8635634631126329, 'large_shift': False, 'max_shift_exceeded': False, 'qc_pass': True, 'registration_channel': '488nm Binned', 'qc_note': 'phase_cross_correlation_on_stable_channel'}, {'day': 16, 'dy': -49.900001525878906, 'dx': 0.0, 'shift_magnitude': 49.900001525878906, 'overlap_fraction': 0.9826011152280756, 'large_shift': False, 'max_shift_exceeded': False, 'qc_pass': True, 'registration_channel': '488nm Binned', 'qc_note': 'phase_cross_correlation_on_stable_channel'}, {'day': 20, 'dy': 0.0, 'dx': -1040.5999755859375, 'shift_magnitude': 1040.5999755859375, 'overlap_fraction': 0.6371687672294499, 'large_shift': True, 'max_shift_exceeded': False, 'qc_pass': False, 'registration_channel': '488nm Binned', 'qc_note': 'phase_cross_correlation_on_stable_channel'}, {'day': 25, 'dy': 910.5, 'dx': -1.100000023841858, 'shift_magnitude': 910.5006644698577, 'overlap_fraction': 0.6822696009291837, 'large_shift': True, 'max_shift_exceeded': False, 'qc_pass': False, 'registration_channel': '488nm Binned', 'qc_note': 'phase_cross_correlation_on_stable_channel'}, {'day': 29, 'dy': 63.59999847412109, 'dx': 0.0, 'shift_magnitude': 63.59999847412109, 'overlap_fraction': 0.9778242683144628, 'large_shift': False, 'max_shift_exceeded': False, 'qc_pass': True, 'registration_channel': '488nm Binned', 'qc_note': 'phase_cross_correlation_on_stable_channel'}, {'day': 32, 'dy': -147.1999969482422, 'dx': 0.0, 'shift_magnitude': 147.1999969482422, 'overlap_fraction': 0.9486750359315752, 'large_shift': False, 'max_shift_exceeded': False, 'qc_pass': True, 'registration_channel': '488nm Binned', 'qc_note': 'phase_cross_correlation_on_stable_channel'}, {'day': 36, 'dy': -68.69999694824219, 'dx': 0.0, 'shift_magnitude': 68.69999694824219, 'overlap_fraction': 0.9760460261686744, 'large_shift': False, 'max_shift_exceeded': False, 'qc_pass': True, 'registration_channel': '488nm Binned', 'qc_note': 'phase_cross_correlation_on_stable_channel'}, {'day': 39, 'dy': 0.0, 'dx': -419.2000122070313, 'shift_magnitude': 419.2000122070313, 'overlap_fraction': 0.8538354211272555, 'large_shift': False, 'max_shift_exceeded': False, 'qc_pass': True, 'registration_channel': '488nm Binned', 'qc_note': 'phase_cross_correlation_on_stable_channel'}]",2,1040.5999755859375,0.6371687672294499,review_low_overlap,low_overlap_retained,True,overlap_only_analysis,manual_alignment_needed,manual_alignment_needed,True,False,registered_common_overlap,True,5,LOCAL_PROCESSED_OUTPUT/dashboard/previews/J14,LOCAL_PROCESSED_OUTPUT/dashboard/roi_previews/J14
J07,PLD3_TMEM106B_mCherry_primary,8|12|16|20|25|29|32|36|39,25|32|36|39,Large microscopy file stored locally/shared drive,LOCAL_PROCESSED_OUTPUT/full_mcherry_valid_queue_abc/wells/J07/qc/J07_registration_qc.csv,LOCAL_PROCESSED_OUTPUT/full_mcherry_valid_queue_abc/wells/J07/qc/J07_registration_qc_montage.png,9x3x2868x2868,9x3x1992x1671,2868,2868,1992,1671,8225424,3328632,0.40467603858475865,40.46760385847586,799,2791,0,1671,Overlap crop is stored in registered-frame coordinates. Per-day original-space mapping requires applying the inverse registration shift for each day.,"day8:dy=0.0,dx=0.0|day12:dy=-76.4,dx=0.0|day16:dy=295.9,dx=0.0|day20:dy=-0.7,dx=0.0|day25:dy=0.0,dx=-1190.4|day29:dy=46.8,dx=0.0|day32:dy=0.0,dx=-1196.1|day36:dy=579.8,dx=0.0|day39:dy=798.7,dx=0.0","[{'day': 8, 'dy': 0.0, 'dx': 0.0, 'shift_magnitude': 0.0, 'overlap_fraction': 1.0, 'large_shift': False, 'max_shift_exceeded': False, 'qc_pass': True, 'registration_channel': '488nm Binned', 'qc_note': 'reference_timepoint'}, {'day': 12, 'dy': -76.4000015258789, 'dx': 0.0, 'shift_magnitude': 76.4000015258789, 'overlap_fraction': 0.9733612268040868, 'large_shift': False, 'max_shift_exceeded': False, 'qc_pass': True, 'registration_channel': '488nm Binned', 'qc_note': 'phase_cross_correlation_on_stable_channel'}, {'day': 16, 'dy': 295.8999938964844, 'dx': 0.0, 'shift_magnitude': 295.8999938964844, 'overlap_fraction': 0.8968270593108493, 'large_shift': False, 'max_shift_exceeded': False, 'qc_pass': True, 'registration_channel': '488nm Binned', 'qc_note': 'phase_cross_correlation_on_stable_channel'}, {'day': 20, 'dy': -0.699999988079071, 'dx': 0.0, 'shift_magnitude': 0.699999988079071, 'overlap_fraction': 0.9997559274797492, 'large_shift': False, 'max_shift_exceeded': False, 'qc_pass': True, 'registration_channel': '488nm Binned', 'qc_note': 'phase_cross_correlation_on_stable_channel'}, {'day': 25, 'dy': 0.0, 'dx': -1190.4000244140625, 'shift_magnitude': 1190.4000244140625, 'overlap_fraction': 0.5849372299811497, 'large_shift': True, 'max_shift_exceeded': False, 'qc_pass': False, 'registration_channel': '488nm Binned', 'qc_note': 'phase_cross_correlation_on_stable_channel'}, {'day': 29, 'dy': 46.79999923706055, 'dx': 0.0, 'shift_magnitude': 46.79999923706055, 'overlap_fraction': 0.9836820086342188, 'large_shift': False, 'max_shift_exceeded': False, 'qc_pass': True, 'registration_channel': '488nm Binned', 'qc_note': 'phase_cross_correlation_on_stable_channel'}, {'day': 32, 'dy': 0.0, 'dx': -1196.0999755859375, 'shift_magnitude': 1196.0999755859375, 'overlap_fraction': 0.5829497993075532, 'large_shift': True, 'max_shift_exceeded': False, 'qc_pass': False, 'registration_channel': '488nm Binned', 'qc_note': 'phase_cross_correlation_on_stable_channel'}, {'day': 36, 'dy': 579.7999877929688, 'dx': 0.0, 'shift_magnitude': 579.7999877929688, 'overlap_fraction': 0.7978382190401085, 'large_shift': True, 'max_shift_exceeded': False, 'qc_pass': False, 'registration_channel': '488nm Binned', 'qc_note': 'phase_cross_correlation_on_stable_channel'}, {'day': 39, 'dy': 798.7000122070312, 'dx': 0.0, 'shift_magnitude': 798.7000122070312, 'overlap_fraction': 0.7215132453950379, 'large_shift': True, 'max_shift_exceeded': False, 'qc_pass': False, 'registration_channel': '488nm Binned', 'qc_note': 'phase_cross_correlation_on_stable_channel'}]",4,1196.0999755859375,0.5829497993075532,review_low_overlap,low_overlap_retained,True,overlap_only_analysis,manual_alignment_needed,manual_alignment_needed,True,False,registered_common_overlap,True,5,LOCAL_PROCESSED_OUTPUT/dashboard/previews/J07,LOCAL_PROCESSED_OUTPUT/dashboard/roi_previews/J07
N08,PLD3_TMEM106B_mCherry_primary,8|12|16|20|25|29|32|36|39,12|20,Large microscopy file stored locally/shared drive,LOCAL_PROCESSED_OUTPUT/full_mcherry_valid_queue_abc/wells/N08/qc/N08_registration_qc.csv,LOCAL_PROCESSED_OUTPUT/full_mcherry_valid_queue_abc/wells/N08/qc/N08_registration_qc_montage.png,9x3x2868x2868,9x3x1716x1957,2868,2868,1716,1957,8225424,3358212,0.4082722057853796,40.82722057853796,392,2108,0,1957,Overlap crop is stored in registered-frame coordinates. Per-day original-space mapping requires applying the inverse registration shift for each day.,"day8:dy=0.0,dx=0.0|day12:dy=0.0,dx=-910.7|day16:dy=161.0,dx=0.0|day20:dy=-759.4,dx=0.0|day25:dy=279.5,dx=0.0|day29:dy=-286.4,dx=0.0|day32:dy=391.3,dx=0.0|day36:dy=0.0,dx=-52.7|day39:dy=54.3,dx=0.0","[{'day': 8, 'dy': 0.0, 'dx': 0.0, 'shift_magnitude': 0.0, 'overlap_fraction': 1.0, 'large_shift': False, 'max_shift_exceeded': False, 'qc_pass': True, 'registration_channel': '488nm Binned', 'qc_note': 'reference_timepoint'}, {'day': 12, 'dy': 0.0, 'dx': -910.7000122070312, 'shift_magnitude': 910.7000122070312, 'overlap_fraction': 0.6824616414898775, 'large_shift': True, 'max_shift_exceeded': False, 'qc_pass': False, 'registration_channel': '488nm Binned', 'qc_note': 'phase_cross_correlation_on_stable_channel'}, {'day': 16, 'dy': 161.0, 'dx': 0.0, 'shift_magnitude': 161.0, 'overlap_fraction': 0.943863319386332, 'large_shift': False, 'max_shift_exceeded': False, 'qc_pass': True, 'registration_channel': '488nm Binned', 'qc_note': 'phase_cross_correlation_on_stable_channel'}, {'day': 20, 'dy': -759.4000244140625, 'dx': 0.0, 'shift_magnitude': 759.4000244140625, 'overlap_fraction': 0.7352161700090437, 'large_shift': True, 'max_shift_exceeded': False, 'qc_pass': False, 'registration_channel': '488nm Binned', 'qc_note': 'phase_cross_correlation_on_stable_channel'}, {'day': 25, 'dy': 279.5, 'dx': 0.0, 'shift_magnitude': 279.5, 'overlap_fraction': 0.9025453277545328, 'large_shift': False, 'max_shift_exceeded': False, 'qc_pass': True, 'registration_channel': '488nm Binned', 'qc_note': 'phase_cross_correlation_on_stable_channel'}, {'day': 29, 'dy': -286.3999938964844, 'dx': 0.0, 'shift_magnitude': 286.3999938964844, 'overlap_fraction': 0.9001394721420906, 'large_shift': False, 'max_shift_exceeded': False, 'qc_pass': True, 'registration_channel': '488nm Binned', 'qc_note': 'phase_cross_correlation_on_stable_channel'}, {'day': 32, 'dy': 391.2999877929688, 'dx': 0.0, 'shift_magnitude': 391.2999877929688, 'overlap_fraction': 0.8635634631126329, 'large_shift': False, 'max_shift_exceeded': False, 'qc_pass': True, 'registration_channel': '488nm Binned', 'qc_note': 'phase_cross_correlation_on_stable_channel'}, {'day': 36, 'dy': 0.0, 'dx': -52.70000076293945, 'shift_magnitude': 52.70000076293945, 'overlap_fraction': 0.9816248253964648, 'large_shift': False, 'max_shift_exceeded': False, 'qc_pass': True, 'registration_channel': '488nm Binned', 'qc_note': 'phase_cross_correlation_on_stable_channel'}, {'day': 39, 'dy': 54.29999923706055, 'dx': 0.0, 'shift_magnitude': 54.29999923706055, 'overlap_fraction': 0.9810669458727124, 'large_shift': False, 'max_shift_exceeded': False, 'qc_pass': True, 'registration_channel': '488nm Binned', 'qc_note': 'phase_cross_correlation_on_stable_channel'}]",2,910.7000122070312,0.6824616414898775,review_low_overlap,low_overlap_retained,True,overlap_only_analysis,manual_alignment_needed,manual_alignment_needed,True,False,registered_common_overlap,True,5,LOCAL_PROCESSED_OUTPUT/dashboard/previews/N08,LOCAL_PROCESSED_OUTPUT/dashboard/roi_previews/N08
J13,PLD3_TMEM106B_mCherry_primary,8|12|16|20|25|29|32|36|39,32,Large microscopy file stored locally/shared drive,LOCAL_PROCESSED_OUTPUT/full_mcherry_valid_queue_abc/wells/J13/qc/J13_registration_qc.csv,LOCAL_PROCESSED_OUTPUT/full_mcherry_valid_queue_abc/wells/J13/qc/J13_registration_qc_montage.png,9x3x2868x2868,9x3x2244x1537,2868,2868,2244,1537,8225424,3449028,0.41931309559239743,41.93130955923974,469,2713,1165,2702,Overlap crop is stored in registered-frame coordinates. Per-day original-space mapping requires applying the inverse registration shift for each day.,"day8:dy=0.0,dx=0.0|day12:dy=0.0,dx=-165.6|day16:dy=-62.6,dx=0.0|day20:dy=0.0,dx=209.3|day25:dy=-154.3,dx=0.0|day29:dy=469.0,dx=0.0|day32:dy=0.0,dx=1165.0|day36:dy=0.0,dx=241.8|day39:dy=31.4,dx=0.0","[{'day': 8, 'dy': 0.0, 'dx': 0.0, 'shift_magnitude': 0.0, 'overlap_fraction': 1.0, 'large_shift': False, 'max_shift_exceeded': False, 'qc_pass': True, 'registration_channel': '488nm Binned', 'qc_note': 'reference_timepoint'}, {'day': 12, 'dy': 0.0, 'dx': -165.60000610351562, 'shift_magnitude': 165.60000610351562, 'overlap_fraction': 0.9422594120977978, 'large_shift': False, 'max_shift_exceeded': False, 'qc_pass': True, 'registration_channel': '488nm Binned', 'qc_note': 'phase_cross_correlation_on_stable_channel'}, {'day': 16, 'dy': -62.59999847412109, 'dx': 0.0, 'shift_magnitude': 62.59999847412109, 'overlap_fraction': 0.97817294334933, 'large_shift': False, 'max_shift_exceeded': False, 'qc_pass': True, 'registration_channel': '488nm Binned', 'qc_note': 'phase_cross_correlation_on_stable_channel'}, {'day': 20, 'dy': 0.0, 'dx': 209.3000030517578, 'shift_magnitude': 209.3000030517578, 'overlap_fraction': 0.9270223141381596, 'large_shift': False, 'max_shift_exceeded': False, 'qc_pass': True, 'registration_channel': '488nm Binned', 'qc_note': 'phase_cross_correlation_on_stable_channel'}, {'day': 25, 'dy': -154.3000030517578, 'dx': 0.0, 'shift_magnitude': 154.3000030517578, 'overlap_fraction': 0.9461994410558724, 'large_shift': False, 'max_shift_exceeded': False, 'qc_pass': True, 'registration_channel': '488nm Binned', 'qc_note': 'phase_cross_correlation_on_stable_channel'}, {'day': 29, 'dy': 469.0, 'dx': 0.0, 'shift_magnitude': 469.0, 'overlap_fraction': 0.8364714086471409, 'large_shift': False, 'max_shift_exceeded': False, 'qc_pass': True, 'registration_channel': '488nm Binned', 'qc_note': 'phase_cross_correlation_on_stable_channel'}, {'day': 32, 'dy': 0.0, 'dx': 1165.0, 'shift_magnitude': 1165.0, 'overlap_fraction': 0.5937935843793585, 'large_shift': True, 'max_shift_exceeded': False, 'qc_pass': False, 'registration_channel': '488nm Binned', 'qc_note': 'phase_cross_correlation_on_stable_channel'}, {'day': 36, 'dy': 0.0, 'dx': 241.8000030517578, 'shift_magnitude': 241.8000030517578, 'overlap_fraction': 0.915690375504966, 'large_shift': False, 'max_shift_exceeded': False, 'qc_pass': True, 'registration_channel': '488nm Binned', 'qc_note': 'phase_cross_correlation_on_stable_channel'}, {'day': 39, 'dy': 31.399999618530277, 'dx': 0.0, 'shift_magnitude': 31.399999618530277, 'overlap_fraction': 0.9890516040381694, 'large_shift': False, 'max_shift_exceeded': False, 'qc_pass': True, 'registration_channel': '488nm Binned', 'qc_note': 'phase_cross_correlation_on_stable_channel'}]",1,1165.0,0.5937935843793585,review_low_overlap,low_overlap_retained,True,overlap_only_analysis,manual_alignment_needed,manual_alignment_needed,True,False,registered_common_overlap,True,5,LOCAL_PROCESSED_OUTPUT/dashboard/previews/J13,LOCAL_PROCESSED_OUTPUT/dashboard/roi_previews/J13
E07,PLD3_mCherry_reporter_control,8|12|16|20|25|29|32|36|39,39,Large microscopy file stored locally/shared drive,LOCAL_PROCESSED_OUTPUT/full_mcherry_valid_queue_abc/wells/E07/qc/E07_registration_qc.csv,LOCAL_PROCESSED_OUTPUT/full_mcherry_valid_queue_abc/wells/E07/qc/E07_registration_qc_montage.png,9x3x2868x2868,9x3x1842x1946,2868,2868,1842,1946,8225424,3584532,0.4357868968213675,43.57868968213675,1,1843,3,1949,Overlap crop is stored in registered-frame coordinates. Per-day original-space mapping requires applying the inverse registration shift for each day.,"day8:dy=0.0,dx=0.0|day12:dy=-0.1,dx=0.0|day16:dy=0.0,dx=0.0|day20:dy=-2.2,dx=-0.1|day25:dy=0.0,dx=-4.1|day29:dy=-0.1,dx=0.5|day32:dy=0.3,dx=2.9|day36:dy=-0.1,dx=0.1|day39:dy=-1025.0,dx=-918.1","[{'day': 8, 'dy': 0.0, 'dx': 0.0, 'shift_magnitude': 0.0, 'overlap_fraction': 1.0, 'large_shift': False, 'max_shift_exceeded': False, 'qc_pass': True, 'registration_channel': '488nm Binned', 'qc_note': 'reference_timepoint'}, {'day': 12, 'dy': -0.1000000014901161, 'dx': 0.0, 'shift_magnitude': 0.1000000014901161, 'overlap_fraction': 0.9999651324959936, 'large_shift': False, 'max_shift_exceeded': False, 'qc_pass': True, 'registration_channel': '488nm Binned', 'qc_note': 'phase_cross_correlation_on_stable_channel'}, {'day': 16, 'dy': 0.0, 'dx': 0.0, 'shift_magnitude': 0.0, 'overlap_fraction': 1.0, 'large_shift': False, 'max_shift_exceeded': False, 'qc_pass': True, 'registration_channel': '488nm Binned', 'qc_note': 'phase_cross_correlation_on_stable_channel'}, {'day': 20, 'dy': -2.200000047683716, 'dx': -0.1000000014901161, 'shift_magnitude': 2.202271602256719, 'overlap_fraction': 0.9991980741490016, 'large_shift': False, 'max_shift_exceeded': False, 'qc_pass': True, 'registration_channel': '488nm Binned', 'qc_note': 'phase_cross_correlation_on_stable_channel'}, {'day': 25, 'dy': 0.0, 'dx': -4.099999904632568, 'shift_magnitude': 4.099999904632568, 'overlap_fraction': 0.9985704323902956, 'large_shift': False, 'max_shift_exceeded': False, 'qc_pass': True, 'registration_channel': '488nm Binned', 'qc_note': 'phase_cross_correlation_on_stable_channel'}, {'day': 29, 'dy': -0.1000000014901161, 'dx': 0.5, 'shift_magnitude': 0.5099019516515143, 'overlap_fraction': 0.999790801057274, 'large_shift': False, 'max_shift_exceeded': False, 'qc_pass': True, 'registration_channel': '488nm Binned', 'qc_note': 'phase_cross_correlation_on_stable_channel'}, {'day': 32, 'dy': 0.3000000119209289, 'dx': 2.900000095367432, 'shift_magnitude': 2.915476043510506, 'overlap_fraction': 0.9988843456206464, 'large_shift': False, 'max_shift_exceeded': False, 'qc_pass': True, 'registration_channel': '488nm Binned', 'qc_note': 'phase_cross_correlation_on_stable_channel'}, {'day': 36, 'dy': -0.1000000014901161, 'dx': 0.1000000014901161, 'shift_magnitude': 0.14142135834465192, 'overlap_fraction': 0.9999302662077304, 'large_shift': False, 'max_shift_exceeded': False, 'qc_pass': True, 'registration_channel': '488nm Binned', 'qc_note': 'phase_cross_correlation_on_stable_channel'}, {'day': 39, 'dy': -1025.0, 'dx': -918.0999755859376, 'shift_magnitude': 1376.0568902377906, 'overlap_fraction': 0.4368973252923031, 'large_shift': True, 'max_shift_exceeded': False, 'qc_pass': False, 'registration_channel': '488nm Binned', 'qc_note': 'phase_cross_correlation_on_stable_channel'}]",1,1376.0568902377906,0.4368973252923031,review_low_overlap,low_overlap_retained,True,overlap_only_analysis,manual_alignment_needed,manual_alignment_needed,True,False,registered_common_overlap,True,5,LOCAL_PROCESSED_OUTPUT/dashboard/previews/E07,LOCAL_PROCESSED_OUTPUT/dashboard/roi_previews/E07
M19,PLD3_mCherry_reporter_control,8|12|16|20|25|29|32|36|39,29|39,Large microscopy file stored locally/shared drive,LOCAL_PROCESSED_OUTPUT/full_mcherry_valid_queue_abc/wells/M19/qc/M19_registration_qc.csv,LOCAL_PROCESSED_OUTPUT/full_mcherry_valid_queue_abc/wells/M19/qc/M19_registration_qc_montage.png,9x3x2868x2868,9x3x1652x2286,2868,2868,1652,2286,8225424,3776472,0.45912186411302325,45.91218641130232,758,2410,50,2336,Overlap crop is stored in registered-frame coordinates. Per-day original-space mapping requires applying the inverse registration shift for each day.,"day8:dy=0.0,dx=0.0|day12:dy=-457.8,dx=0.0|day16:dy=0.0,dx=50.0|day20:dy=-288.8,dx=0.0|day25:dy=0.0,dx=-248.3|day29:dy=0.0,dx=-531.8|day32:dy=334.3,dx=0.0|day36:dy=-174.2,dx=0.0|day39:dy=757.2,dx=0.0","[{'day': 8, 'dy': 0.0, 'dx': 0.0, 'shift_magnitude': 0.0, 'overlap_fraction': 1.0, 'large_shift': False, 'max_shift_exceeded': False, 'qc_pass': True, 'registration_channel': '488nm Binned', 'qc_note': 'reference_timepoint'}, {'day': 12, 'dy': -457.7999877929688, 'dx': 0.0, 'shift_magnitude': 457.7999877929688, 'overlap_fraction': 0.840376573293944, 'large_shift': False, 'max_shift_exceeded': False, 'qc_pass': True, 'registration_channel': '488nm Binned', 'qc_note': 'phase_cross_correlation_on_stable_channel'}, {'day': 16, 'dy': 0.0, 'dx': 50.0, 'shift_magnitude': 50.0, 'overlap_fraction': 0.9825662482566248, 'large_shift': False, 'max_shift_exceeded': False, 'qc_pass': True, 'registration_channel': '488nm Binned', 'qc_note': 'phase_cross_correlation_on_stable_channel'}, {'day': 20, 'dy': -288.79998779296875, 'dx': 0.0, 'shift_magnitude': 288.79998779296875, 'overlap_fraction': 0.8993026541865521, 'large_shift': False, 'max_shift_exceeded': False, 'qc_pass': True, 'registration_channel': '488nm Binned', 'qc_note': 'phase_cross_correlation_on_stable_channel'}, {'day': 25, 'dy': 0.0, 'dx': -248.3000030517578, 'shift_magnitude': 248.3000030517578, 'overlap_fraction': 0.9134239877783272, 'large_shift': False, 'max_shift_exceeded': False, 'qc_pass': True, 'registration_channel': '488nm Binned', 'qc_note': 'phase_cross_correlation_on_stable_channel'}, {'day': 29, 'dy': 0.0, 'dx': -531.7999877929688, 'shift_magnitude': 531.7999877929688, 'overlap_fraction': 0.8145746207137486, 'large_shift': True, 'max_shift_exceeded': False, 'qc_pass': False, 'registration_channel': '488nm Binned', 'qc_note': 'phase_cross_correlation_on_stable_channel'}, {'day': 32, 'dy': 334.29998779296875, 'dx': 0.0, 'shift_magnitude': 334.29998779296875, 'overlap_fraction': 0.8834379401000806, 'large_shift': False, 'max_shift_exceeded': False, 'qc_pass': True, 'registration_channel': '488nm Binned', 'qc_note': 'phase_cross_correlation_on_stable_channel'}, {'day': 36, 'dy': -174.1999969482422, 'dx': 0.0, 'shift_magnitude': 174.1999969482422, 'overlap_fraction': 0.9392608099901526, 'large_shift': False, 'max_shift_exceeded': False, 'qc_pass': True, 'registration_channel': '488nm Binned', 'qc_note': 'phase_cross_correlation_on_stable_channel'}, {'day': 39, 'dy': 757.2000122070312, 'dx': 0.0, 'shift_magnitude': 757.2000122070312, 'overlap_fraction': 0.7359832593420393, 'large_shift': True, 'max_shift_exceeded': False, 'qc_pass': False, 'registration_channel': '488nm Binned', 'qc_note': 'phase_cross_correlation_on_stable_channel'}]",2,757.2000122070312,0.7359832593420393,review_low_overlap,low_overlap_retained,True,overlap_only_analysis,manual_alignment_needed,manual_alignment_needed,True,False,registered_common_overlap,True,5,LOCAL_PROCESSED_OUTPUT/dashboard/previews/M19,LOCAL_PROCESSED_OUTPUT/dashboard/roi_previews/M19
M06,PLD3_mCherry_reporter_control,8|12|16|20|25|29|32|36|39,12|20|32,Large microscopy file stored locally/shared drive,LOCAL_PROCESSED_OUTPUT/full_mcherry_valid_queue_abc/wells/M06/qc/M06_registration_qc.csv,LOCAL_PROCESSED_OUTPUT/full_mcherry_valid_queue_abc/wells/M06/qc/M06_registration_qc_montage.png,9x3x2868x2868,9x3x2868x1361,2868,2868,2868,1361,8225424,3903348,0.4745467224546722,47.45467224546722,0,2868,945,2306,Overlap crop is stored in registered-frame coordinates. Per-day original-space mapping requires applying the inverse registration shift for each day.,"day8:dy=0.0,dx=0.0|day12:dy=0.0,dx=944.4|day16:dy=0.0,dx=-16.8|day20:dy=0.0,dx=607.1|day25:dy=0.0,dx=-139.3|day29:dy=0.0,dx=-156.1|day32:dy=0.0,dx=-562.0|day36:dy=0.0,dx=-80.1|day39:dy=0.0,dx=-310.4","[{'day': 8, 'dy': 0.0, 'dx': 0.0, 'shift_magnitude': 0.0, 'overlap_fraction': 1.0, 'large_shift': False, 'max_shift_exceeded': False, 'qc_pass': True, 'registration_channel': '488nm Binned', 'qc_note': 'reference_timepoint'}, {'day': 12, 'dy': 0.0, 'dx': 944.4000244140624, 'shift_magnitude': 944.4000244140624, 'overlap_fraction': 0.6707112885585557, 'large_shift': True, 'max_shift_exceeded': False, 'qc_pass': False, 'registration_channel': '488nm Binned', 'qc_note': 'phase_cross_correlation_on_stable_channel'}, {'day': 16, 'dy': 0.0, 'dx': -16.799999237060547, 'shift_magnitude': 16.799999237060547, 'overlap_fraction': 0.9941422596802438, 'large_shift': False, 'max_shift_exceeded': False, 'qc_pass': True, 'registration_channel': '488nm Binned', 'qc_note': 'phase_cross_correlation_on_stable_channel'}, {'day': 20, 'dy': 0.0, 'dx': 607.0999755859375, 'shift_magnitude': 607.0999755859375, 'overlap_fraction': 0.7883193948445127, 'large_shift': True, 'max_shift_exceeded': False, 'qc_pass': False, 'registration_channel': '488nm Binned', 'qc_note': 'phase_cross_correlation_on_stable_channel'}, {'day': 25, 'dy': 0.0, 'dx': -139.3000030517578, 'shift_magnitude': 139.3000030517578, 'overlap_fraction': 0.951429566578885, 'large_shift': False, 'max_shift_exceeded': False, 'qc_pass': True, 'registration_channel': '488nm Binned', 'qc_note': 'phase_cross_correlation_on_stable_channel'}, {'day': 29, 'dy': 0.0, 'dx': -156.10000610351562, 'shift_magnitude': 156.10000610351562, 'overlap_fraction': 0.9455718249290392, 'large_shift': False, 'max_shift_exceeded': False, 'qc_pass': True, 'registration_channel': '488nm Binned', 'qc_note': 'phase_cross_correlation_on_stable_channel'}, {'day': 32, 'dy': 0.0, 'dx': -562.0, 'shift_magnitude': 562.0, 'overlap_fraction': 0.8040446304044631, 'large_shift': True, 'max_shift_exceeded': False, 'qc_pass': False, 'registration_channel': '488nm Binned', 'qc_note': 'phase_cross_correlation_on_stable_channel'}, {'day': 36, 'dy': 0.0, 'dx': -80.0999984741211, 'shift_magnitude': 80.0999984741211, 'overlap_fraction': 0.9720711302391488, 'large_shift': False, 'max_shift_exceeded': False, 'qc_pass': True, 'registration_channel': '488nm Binned', 'qc_note': 'phase_cross_correlation_on_stable_channel'}, {'day': 39, 'dy': 0.0, 'dx': -310.3999938964844, 'shift_magnitude': 310.3999938964844, 'overlap_fraction': 0.8917712713052705, 'large_shift': False, 'max_shift_exceeded': False, 'qc_pass': True, 'registration_channel': '488nm Binned', 'qc_note': 'phase_cross_correlation_on_stable_channel'}]",3,944.4000244140624,0.6707112885585557,review_low_overlap,low_overlap_retained,True,overlap_only_analysis,manual_alignment_needed,manual_alignment_needed,True,False,registered_common_overlap,True,5,LOCAL_PROCESSED_OUTPUT/dashboard/previews/M06,LOCAL_PROCESSED_OUTPUT/dashboard/roi_previews/M06
I20,PLD3_mCherry_reporter_control,8|12|16|20|25|29|32|36|39,39,Large microscopy file stored locally/shared drive,LOCAL_PROCESSED_OUTPUT/full_mcherry_valid_queue_abc/wells/I20/qc/I20_registration_qc.csv,LOCAL_PROCESSED_OUTPUT/full_mcherry_valid_queue_abc/wells/I20/qc/I20_registration_qc_montage.png,9x3x2868x2868,9x3x1422x2868,2868,2868,1422,2868,8225424,4078296,0.49581589958158995,49.58158995815899,486,1908,0,2868,Overlap crop is stored in registered-frame coordinates. Per-day original-space mapping requires applying the inverse registration shift for each day.,"day8:dy=0.0,dx=0.0|day12:dy=52.5,dx=0.0|day16:dy=486.0,dx=0.0|day20:dy=-187.5,dx=0.0|day25:dy=-161.1,dx=0.0|day29:dy=446.4,dx=0.0|day32:dy=-266.2,dx=0.0|day36:dy=-166.7,dx=0.0|day39:dy=-959.4,dx=0.0","[{'day': 8, 'dy': 0.0, 'dx': 0.0, 'shift_magnitude': 0.0, 'overlap_fraction': 1.0, 'large_shift': False, 'max_shift_exceeded': False, 'qc_pass': True, 'registration_channel': '488nm Binned', 'qc_note': 'reference_timepoint'}, {'day': 12, 'dy': 52.5, 'dx': 0.0, 'shift_magnitude': 52.5, 'overlap_fraction': 0.981694560669456, 'large_shift': False, 'max_shift_exceeded': False, 'qc_pass': True, 'registration_channel': '488nm Binned', 'qc_note': 'phase_cross_correlation_on_stable_channel'}, {'day': 16, 'dy': 486.0, 'dx': 0.0, 'shift_magnitude': 486.0, 'overlap_fraction': 0.8305439330543933, 'large_shift': False, 'max_shift_exceeded': False, 'qc_pass': True, 'registration_channel': '488nm Binned', 'qc_note': 'phase_cross_correlation_on_stable_channel'}, {'day': 20, 'dy': -187.5, 'dx': 0.0, 'shift_magnitude': 187.5, 'overlap_fraction': 0.9346234309623432, 'large_shift': False, 'max_shift_exceeded': False, 'qc_pass': True, 'registration_channel': '488nm Binned', 'qc_note': 'phase_cross_correlation_on_stable_channel'}, {'day': 25, 'dy': -161.10000610351562, 'dx': 0.0, 'shift_magnitude': 161.10000610351562, 'overlap_fraction': 0.9438284497547016, 'large_shift': False, 'max_shift_exceeded': False, 'qc_pass': True, 'registration_channel': '488nm Binned', 'qc_note': 'phase_cross_correlation_on_stable_channel'}, {'day': 29, 'dy': 446.3999938964844, 'dx': 0.0, 'shift_magnitude': 446.3999938964844, 'overlap_fraction': 0.84435146656329, 'large_shift': False, 'max_shift_exceeded': False, 'qc_pass': True, 'registration_channel': '488nm Binned', 'qc_note': 'phase_cross_correlation_on_stable_channel'}, {'day': 32, 'dy': -266.20001220703125, 'dx': 0.0, 'shift_magnitude': 266.20001220703125, 'overlap_fraction': 0.9071827014619837, 'large_shift': False, 'max_shift_exceeded': False, 'qc_pass': True, 'registration_channel': '488nm Binned', 'qc_note': 'phase_cross_correlation_on_stable_channel'}, {'day': 36, 'dy': -166.6999969482422, 'dx': 0.0, 'shift_magnitude': 166.6999969482422, 'overlap_fraction': 0.941875872751659, 'large_shift': False, 'max_shift_exceeded': False, 'qc_pass': True, 'registration_channel': '488nm Binned', 'qc_note': 'phase_cross_correlation_on_stable_channel'}, {'day': 39, 'dy': -959.4000244140624, 'dx': 0.0, 'shift_magnitude': 959.4000244140624, 'overlap_fraction': 0.665481163035543, 'large_shift': True, 'max_shift_exceeded': False, 'qc_pass': False, 'registration_channel': '488nm Binned', 'qc_note': 'phase_cross_correlation_on_stable_channel'}]",1,959.4000244140624,0.665481163035543,review_low_overlap,low_overlap_retained,True,overlap_only_analysis,manual_alignment_needed,manual_alignment_needed,True,False,registered_common_overlap,True,5,LOCAL_PROCESSED_OUTPUT/dashboard/previews/I20,LOCAL_PROCESSED_OUTPUT/dashboard/roi_previews/I20
N13,PLD3_TMEM106B_mCherry_primary,8|12|16|20|25|29|32|36|39,12|16|20|39,Large microscopy file stored locally/shared drive,LOCAL_PROCESSED_OUTPUT/full_mcherry_valid_queue_abc/wells/N13/qc/N13_registration_qc.csv,LOCAL_PROCESSED_OUTPUT/full_mcherry_valid_queue_abc/wells/N13/qc/N13_registration_qc_montage.png,9x3x2868x2868,9x3x1856x2229,2868,2868,1856,2229,8225424,4137024,0.5029557138938977,50.29557138938977,852,2708,352,2581,Overlap crop is stored in registered-frame coordinates. Per-day original-space mapping requires applying the inverse registration shift for each day.,"day8:dy=0.0,dx=0.0|day12:dy=716.4,dx=0.0|day16:dy=851.9,dx=0.0|day20:dy=744.8,dx=0.0|day25:dy=-159.2,dx=0.0|day29:dy=0.0,dx=351.5|day32:dy=-90.8,dx=0.0|day36:dy=0.0,dx=-286.4|day39:dy=519.9,dx=0.0","[{'day': 8, 'dy': 0.0, 'dx': 0.0, 'shift_magnitude': 0.0, 'overlap_fraction': 1.0, 'large_shift': False, 'max_shift_exceeded': False, 'qc_pass': True, 'registration_channel': '488nm Binned', 'qc_note': 'reference_timepoint'}, {'day': 12, 'dy': 716.4000244140625, 'dx': 0.0, 'shift_magnitude': 716.4000244140625, 'overlap_fraction': 0.7502091965083464, 'large_shift': True, 'max_shift_exceeded': False, 'qc_pass': False, 'registration_channel': '488nm Binned', 'qc_note': 'phase_cross_correlation_on_stable_channel'}, {'day': 16, 'dy': 851.9000244140625, 'dx': 0.0, 'shift_magnitude': 851.9000244140625, 'overlap_fraction': 0.7029637292837997, 'large_shift': True, 'max_shift_exceeded': False, 'qc_pass': False, 'registration_channel': '488nm Binned', 'qc_note': 'phase_cross_correlation_on_stable_channel'}, {'day': 20, 'dy': 744.7999877929688, 'dx': 0.0, 'shift_magnitude': 744.7999877929688, 'overlap_fraction': 0.7403068382869704, 'large_shift': True, 'max_shift_exceeded': False, 'qc_pass': False, 'registration_channel': '488nm Binned', 'qc_note': 'phase_cross_correlation_on_stable_channel'}, {'day': 25, 'dy': -159.1999969482422, 'dx': 0.0, 'shift_magnitude': 159.1999969482422, 'overlap_fraction': 0.9444909355131652, 'large_shift': False, 'max_shift_exceeded': False, 'qc_pass': True, 'registration_channel': '488nm Binned', 'qc_note': 'phase_cross_correlation_on_stable_channel'}, {'day': 29, 'dy': 0.0, 'dx': 351.5, 'shift_magnitude': 351.5, 'overlap_fraction': 0.8774407252440726, 'large_shift': False, 'max_shift_exceeded': False, 'qc_pass': True, 'registration_channel': '488nm Binned', 'qc_note': 'phase_cross_correlation_on_stable_channel'}, {'day': 32, 'dy': -90.8000030517578, 'dx': 0.0, 'shift_magnitude': 90.8000030517578, 'overlap_fraction': 0.9683403057699588, 'large_shift': False, 'max_shift_exceeded': False, 'qc_pass': True, 'registration_channel': '488nm Binned', 'qc_note': 'phase_cross_correlation_on_stable_channel'}, {'day': 36, 'dy': 0.0, 'dx': -286.3999938964844, 'shift_magnitude': 286.3999938964844, 'overlap_fraction': 0.9001394721420906, 'large_shift': False, 'max_shift_exceeded': False, 'qc_pass': True, 'registration_channel': '488nm Binned', 'qc_note': 'phase_cross_correlation_on_stable_channel'}, {'day': 39, 'dy': 519.9000244140625, 'dx': 0.0, 'shift_magnitude': 519.9000244140625, 'overlap_fraction': 0.8187238408598109, 'large_shift': True, 'max_shift_exceeded': False, 'qc_pass': False, 'registration_channel': '488nm Binned', 'qc_note': 'phase_cross_correlation_on_stable_channel'}]",4,851.9000244140625,0.7029637292837997,overlap_available,,True,overlap_only_analysis,manual_alignment_needed,manual_alignment_needed,True,False,registered_common_overlap,True,5,LOCAL_PROCESSED_OUTPUT/dashboard/previews/N13,LOCAL_PROCESSED_OUTPUT/dashboard/roi_previews/N13
N19,PLD3_TMEM106B_mCherry_primary,8|12|16|20|25|29|32|36|39,16|29,Large microscopy file stored locally/shared drive,LOCAL_PROCESSED_OUTPUT/full_mcherry_valid_queue_abc/wells/N19/qc/N19_registration_qc.csv,LOCAL_PROCESSED_OUTPUT/full_mcherry_valid_queue_abc/wells/N19/qc/N19_registration_qc_montage.png,9x3x2868x2868,9x3x2127x1948,2868,2868,2127,1948,8225424,4143396,0.5037303852056745,50.37303852056745,185,2312,0,1948,Overlap crop is stored in registered-frame coordinates. Per-day original-space mapping requires applying the inverse registration shift for each day.,"day8:dy=0.0,dx=0.0|day12:dy=184.1,dx=0.0|day16:dy=-555.7,dx=0.0|day20:dy=-38.6,dx=0.0|day25:dy=-360.7,dx=0.0|day29:dy=0.0,dx=-919.7|day32:dy=-211.9,dx=0.0|day36:dy=-49.2,dx=0.0|day39:dy=0.0,dx=-481.1","[{'day': 8, 'dy': 0.0, 'dx': 0.0, 'shift_magnitude': 0.0, 'overlap_fraction': 1.0, 'large_shift': False, 'max_shift_exceeded': False, 'qc_pass': True, 'registration_channel': '488nm Binned', 'qc_note': 'reference_timepoint'}, {'day': 12, 'dy': 184.1000061035156, 'dx': 0.0, 'shift_magnitude': 184.1000061035156, 'overlap_fraction': 0.9358089239527492, 'large_shift': False, 'max_shift_exceeded': False, 'qc_pass': True, 'registration_channel': '488nm Binned', 'qc_note': 'phase_cross_correlation_on_stable_channel'}, {'day': 16, 'dy': -555.7000122070312, 'dx': 0.0, 'shift_magnitude': 555.7000122070312, 'overlap_fraction': 0.8062412788678412, 'large_shift': True, 'max_shift_exceeded': False, 'qc_pass': False, 'registration_channel': '488nm Binned', 'qc_note': 'phase_cross_correlation_on_stable_channel'}, {'day': 20, 'dy': -38.59999847412109, 'dx': 0.0, 'shift_magnitude': 38.59999847412109, 'overlap_fraction': 0.9865411441861502, 'large_shift': False, 'max_shift_exceeded': False, 'qc_pass': True, 'registration_channel': '488nm Binned', 'qc_note': 'phase_cross_correlation_on_stable_channel'}, {'day': 25, 'dy': -360.7000122070313, 'dx': 0.0, 'shift_magnitude': 360.7000122070313, 'overlap_fraction': 0.8742329106670045, 'large_shift': False, 'max_shift_exceeded': False, 'qc_pass': True, 'registration_channel': '488nm Binned', 'qc_note': 'phase_cross_correlation_on_stable_channel'}, {'day': 29, 'dy': 0.0, 'dx': -919.7000122070312, 'shift_magnitude': 919.7000122070312, 'overlap_fraction': 0.67932356617607, 'large_shift': True, 'max_shift_exceeded': False, 'qc_pass': False, 'registration_channel': '488nm Binned', 'qc_note': 'phase_cross_correlation_on_stable_channel'}, {'day': 32, 'dy': -211.8999938964844, 'dx': 0.0, 'shift_magnitude': 211.8999938964844, 'overlap_fraction': 0.9261157622397196, 'large_shift': False, 'max_shift_exceeded': False, 'qc_pass': True, 'registration_channel': '488nm Binned', 'qc_note': 'phase_cross_correlation_on_stable_channel'}, {'day': 36, 'dy': -49.20000076293945, 'dx': 0.0, 'shift_magnitude': 49.20000076293945, 'overlap_fraction': 0.9828451880185008, 'large_shift': False, 'max_shift_exceeded': False, 'qc_pass': True, 'registration_channel': '488nm Binned', 'qc_note': 'phase_cross_correlation_on_stable_channel'}, {'day': 39, 'dy': 0.0, 'dx': -481.1000061035156, 'shift_magnitude': 481.1000061035156, 'overlap_fraction': 0.8322524385971005, 'large_shift': False, 'max_shift_exceeded': False, 'qc_pass': True, 'registration_channel': '488nm Binned', 'qc_note': 'phase_cross_correlation_on_stable_channel'}]",2,919.7000122070312,0.67932356617607,overlap_available,,True,overlap_only_analysis,manual_alignment_needed,manual_alignment_needed,True,False,registered_common_overlap,True,5,LOCAL_PROCESSED_OUTPUT/dashboard/previews/N19,LOCAL_PROCESSED_OUTPUT/dashboard/roi_previews/N19
J17,PLD3_TMEM106B_mCherry_primary,8|12|16|20|25|29|32|36|39,36|39,Large microscopy file stored locally/shared drive,LOCAL_PROCESSED_OUTPUT/full_mcherry_valid_queue_abc/wells/J17/qc/J17_registration_qc.csv,LOCAL_PROCESSED_OUTPUT/full_mcherry_valid_queue_abc/wells/J17/qc/J17_registration_qc_montage.png,9x3x2868x2868,9x3x1502x2868,2868,2868,1502,2868,8225424,4307736,0.5237099023709902,52.37099023709902,263,1765,0,2868,Overlap crop is stored in registered-frame coordinates. Per-day original-space mapping requires applying the inverse registration shift for each day.,"day8:dy=0.0,dx=0.0|day12:dy=258.1,dx=0.0|day16:dy=-212.3,dx=0.0|day20:dy=263.0,dx=0.0|day25:dy=39.9,dx=0.0|day29:dy=-6.5,dx=0.0|day32:dy=-162.4,dx=0.0|day36:dy=-969.7,dx=0.0|day39:dy=-1102.3,dx=0.0","[{'day': 8, 'dy': 0.0, 'dx': 0.0, 'shift_magnitude': 0.0, 'overlap_fraction': 1.0, 'large_shift': False, 'max_shift_exceeded': False, 'qc_pass': True, 'registration_channel': '488nm Binned', 'qc_note': 'reference_timepoint'}, {'day': 12, 'dy': 258.1000061035156, 'dx': 0.0, 'shift_magnitude': 258.1000061035156, 'overlap_fraction': 0.9100069713725538, 'large_shift': False, 'max_shift_exceeded': False, 'qc_pass': True, 'registration_channel': '488nm Binned', 'qc_note': 'phase_cross_correlation_on_stable_channel'}, {'day': 16, 'dy': -212.3000030517578, 'dx': 0.0, 'shift_magnitude': 212.3000030517578, 'overlap_fraction': 0.9259762890335572, 'large_shift': False, 'max_shift_exceeded': False, 'qc_pass': True, 'registration_channel': '488nm Binned', 'qc_note': 'phase_cross_correlation_on_stable_channel'}, {'day': 20, 'dy': 263.0, 'dx': 0.0, 'shift_magnitude': 263.0, 'overlap_fraction': 0.9082984658298466, 'large_shift': False, 'max_shift_exceeded': False, 'qc_pass': True, 'registration_channel': '488nm Binned', 'qc_note': 'phase_cross_correlation_on_stable_channel'}, {'day': 25, 'dy': 39.900001525878906, 'dx': 0.0, 'shift_magnitude': 39.900001525878906, 'overlap_fraction': 0.9860878655767508, 'large_shift': False, 'max_shift_exceeded': False, 'qc_pass': True, 'registration_channel': '488nm Binned', 'qc_note': 'phase_cross_correlation_on_stable_channel'}, {'day': 29, 'dy': -6.5, 'dx': 0.0, 'shift_magnitude': 6.5, 'overlap_fraction': 0.9977336122733612, 'large_shift': False, 'max_shift_exceeded': False, 'qc_pass': True, 'registration_channel': '488nm Binned', 'qc_note': 'phase_cross_correlation_on_stable_channel'}, {'day': 32, 'dy': -162.39999389648438, 'dx': 0.0, 'shift_magnitude': 162.39999389648438, 'overlap_fraction': 0.9433751764656608, 'large_shift': False, 'max_shift_exceeded': False, 'qc_pass': True, 'registration_channel': '488nm Binned', 'qc_note': 'phase_cross_correlation_on_stable_channel'}, {'day': 36, 'dy': -969.7000122070312, 'dx': 0.0, 'shift_magnitude': 969.7000122070312, 'overlap_fraction': 0.6618898144326948, 'large_shift': True, 'max_shift_exceeded': False, 'qc_pass': False, 'registration_channel': '488nm Binned', 'qc_note': 'phase_cross_correlation_on_stable_channel'}, {'day': 39, 'dy': -1102.300048828125, 'dx': 0.0, 'shift_magnitude': 1102.300048828125, 'overlap_fraction': 0.6156554920404027, 'large_shift': True, 'max_shift_exceeded': False, 'qc_pass': False, 'registration_channel': '488nm Binned', 'qc_note': 'phase_cross_correlation_on_stable_channel'}]",2,1102.300048828125,0.6156554920404027,overlap_available,,True,overlap_only_analysis,manual_alignment_needed,manual_alignment_needed,True,False,registered_common_overlap,True,5,LOCAL_PROCESSED_OUTPUT/dashboard/previews/J17,LOCAL_PROCESSED_OUTPUT/dashboard/roi_previews/J17
N12,PLD3_TMEM106B_mCherry_primary,8|12|16|20|25|29|32|36|39,25|36,Large microscopy file stored locally/shared drive,LOCAL_PROCESSED_OUTPUT/full_mcherry_valid_queue_abc/wells/N12/qc/N12_registration_qc.csv,LOCAL_PROCESSED_OUTPUT/full_mcherry_valid_queue_abc/wells/N12/qc/N12_registration_qc_montage.png,9x3x2868x2868,9x3x2868x1510,2868,2868,2868,1510,8225424,4330680,0.5264993026499303,52.64993026499303,0,2868,454,1964,Overlap crop is stored in registered-frame coordinates. Per-day original-space mapping requires applying the inverse registration shift for each day.,"day8:dy=0.0,dx=0.0|day12:dy=0.0,dx=-339.9|day16:dy=0.0,dx=-116.2|day20:dy=0.0,dx=-399.7|day25:dy=0.0,dx=-721.1|day29:dy=0.0,dx=453.1|day32:dy=0.0,dx=256.0|day36:dy=0.0,dx=-903.2|day39:dy=0.0,dx=-36.5","[{'day': 8, 'dy': 0.0, 'dx': 0.0, 'shift_magnitude': 0.0, 'overlap_fraction': 1.0, 'large_shift': False, 'max_shift_exceeded': False, 'qc_pass': True, 'registration_channel': '488nm Binned', 'qc_note': 'reference_timepoint'}, {'day': 12, 'dy': 0.0, 'dx': -339.8999938964844, 'shift_magnitude': 339.8999938964844, 'overlap_fraction': 0.8814853577766791, 'large_shift': False, 'max_shift_exceeded': False, 'qc_pass': True, 'registration_channel': '488nm Binned', 'qc_note': 'phase_cross_correlation_on_stable_channel'}, {'day': 16, 'dy': 0.0, 'dx': -116.1999969482422, 'shift_magnitude': 116.1999969482422, 'overlap_fraction': 0.959483962012468, 'large_shift': False, 'max_shift_exceeded': False, 'qc_pass': True, 'registration_channel': '488nm Binned', 'qc_note': 'phase_cross_correlation_on_stable_channel'}, {'day': 20, 'dy': 0.0, 'dx': -399.7000122070313, 'shift_magnitude': 399.7000122070313, 'overlap_fraction': 0.8606345843071718, 'large_shift': False, 'max_shift_exceeded': False, 'qc_pass': True, 'registration_channel': '488nm Binned', 'qc_note': 'phase_cross_correlation_on_stable_channel'}, {'day': 25, 'dy': 0.0, 'dx': -721.0999755859375, 'shift_magnitude': 721.0999755859375, 'overlap_fraction': 0.7485704408696173, 'large_shift': True, 'max_shift_exceeded': False, 'qc_pass': False, 'registration_channel': '488nm Binned', 'qc_note': 'phase_cross_correlation_on_stable_channel'}, {'day': 29, 'dy': 0.0, 'dx': 453.1000061035156, 'shift_magnitude': 453.1000061035156, 'overlap_fraction': 0.8420153395733907, 'large_shift': False, 'max_shift_exceeded': False, 'qc_pass': True, 'registration_channel': '488nm Binned', 'qc_note': 'phase_cross_correlation_on_stable_channel'}, {'day': 32, 'dy': 0.0, 'dx': 256.0, 'shift_magnitude': 256.0, 'overlap_fraction': 0.9107391910739192, 'large_shift': False, 'max_shift_exceeded': False, 'qc_pass': True, 'registration_channel': '488nm Binned', 'qc_note': 'phase_cross_correlation_on_stable_channel'}, {'day': 36, 'dy': 0.0, 'dx': -903.2000122070312, 'shift_magnitude': 903.2000122070312, 'overlap_fraction': 0.6850767042513838, 'large_shift': True, 'max_shift_exceeded': False, 'qc_pass': False, 'registration_channel': '488nm Binned', 'qc_note': 'phase_cross_correlation_on_stable_channel'}, {'day': 39, 'dy': 0.0, 'dx': -36.5, 'shift_magnitude': 36.5, 'overlap_fraction': 0.987273361227336, 'large_shift': False, 'max_shift_exceeded': False, 'qc_pass': True, 'registration_channel': '488nm Binned', 'qc_note': 'phase_cross_correlation_on_stable_channel'}]",2,903.2000122070312,0.6850767042513838,overlap_available,,True,overlap_only_analysis,manual_alignment_needed,manual_alignment_needed,True,False,registered_common_overlap,True,5,LOCAL_PROCESSED_OUTPUT/dashboard/previews/N12,LOCAL_PROCESSED_OUTPUT/dashboard/roi_previews/N12
M05,PLD3_mCherry_reporter_control,8|12|16|20|25|29|32|36|39,25|29|36,Large microscopy file stored locally/shared drive,LOCAL_PROCESSED_OUTPUT/full_mcherry_valid_queue_abc/wells/M05/qc/M05_registration_qc.csv,LOCAL_PROCESSED_OUTPUT/full_mcherry_valid_queue_abc/wells/M05/qc/M05_registration_qc_montage.png,9x3x2868x2868,9x3x2868x1596,2868,2868,2868,1596,8225424,4577328,0.5564853556485355,55.64853556485355,0,2868,126,1722,Overlap crop is stored in registered-frame coordinates. Per-day original-space mapping requires applying the inverse registration shift for each day.,"day8:dy=0.0,dx=0.0|day12:dy=0.0,dx=-451.6|day16:dy=0.0,dx=-111.6|day20:dy=0.0,dx=-42.1|day25:dy=0.0,dx=-530.2|day29:dy=0.0,dx=-1146.0|day32:dy=0.0,dx=125.3|day36:dy=0.0,dx=-1132.0|day39:dy=0.0,dx=-279.9","[{'day': 8, 'dy': 0.0, 'dx': 0.0, 'shift_magnitude': 0.0, 'overlap_fraction': 1.0, 'large_shift': False, 'max_shift_exceeded': False, 'qc_pass': True, 'registration_channel': '488nm Binned', 'qc_note': 'reference_timepoint'}, {'day': 12, 'dy': 0.0, 'dx': -451.6000061035156, 'shift_magnitude': 451.6000061035156, 'overlap_fraction': 0.842538352125692, 'large_shift': False, 'max_shift_exceeded': False, 'qc_pass': True, 'registration_channel': '488nm Binned', 'qc_note': 'phase_cross_correlation_on_stable_channel'}, {'day': 16, 'dy': 0.0, 'dx': -111.5999984741211, 'shift_magnitude': 111.5999984741211, 'overlap_fraction': 0.9610878666408224, 'large_shift': False, 'max_shift_exceeded': False, 'qc_pass': True, 'registration_channel': '488nm Binned', 'qc_note': 'phase_cross_correlation_on_stable_channel'}, {'day': 20, 'dy': 0.0, 'dx': -42.09999847412109, 'shift_magnitude': 42.09999847412109, 'overlap_fraction': 0.985320781564114, 'large_shift': False, 'max_shift_exceeded': False, 'qc_pass': True, 'registration_channel': '488nm Binned', 'qc_note': 'phase_cross_correlation_on_stable_channel'}, {'day': 25, 'dy': 0.0, 'dx': -530.2000122070312, 'shift_magnitude': 530.2000122070312, 'overlap_fraction': 0.8151324922569626, 'large_shift': True, 'max_shift_exceeded': False, 'qc_pass': False, 'registration_channel': '488nm Binned', 'qc_note': 'phase_cross_correlation_on_stable_channel'}, {'day': 29, 'dy': 0.0, 'dx': -1146.0, 'shift_magnitude': 1146.0, 'overlap_fraction': 0.600418410041841, 'large_shift': True, 'max_shift_exceeded': False, 'qc_pass': False, 'registration_channel': '488nm Binned', 'qc_note': 'phase_cross_correlation_on_stable_channel'}, {'day': 32, 'dy': 0.0, 'dx': 125.3000030517578, 'shift_magnitude': 125.3000030517578, 'overlap_fraction': 0.95631101706703, 'large_shift': False, 'max_shift_exceeded': False, 'qc_pass': True, 'registration_channel': '488nm Binned', 'qc_note': 'phase_cross_correlation_on_stable_channel'}, {'day': 36, 'dy': 0.0, 'dx': -1132.0, 'shift_magnitude': 1132.0, 'overlap_fraction': 0.6052998605299861, 'large_shift': True, 'max_shift_exceeded': False, 'qc_pass': False, 'registration_channel': '488nm Binned', 'qc_note': 'phase_cross_correlation_on_stable_channel'}, {'day': 39, 'dy': 0.0, 'dx': -279.8999938964844, 'shift_magnitude': 279.8999938964844, 'overlap_fraction': 0.9024058598687292, 'large_shift': False, 'max_shift_exceeded': False, 'qc_pass': True, 'registration_channel': '488nm Binned', 'qc_note': 'phase_cross_correlation_on_stable_channel'}]",3,1146.0,0.600418410041841,overlap_available,,True,overlap_only_analysis,manual_alignment_needed,manual_alignment_needed,True,False,registered_common_overlap,True,5,LOCAL_PROCESSED_OUTPUT/dashboard/previews/M05,LOCAL_PROCESSED_OUTPUT/dashboard/roi_previews/M05
J19,PLD3_TMEM106B_mCherry_primary,8|12|16|20|25|29|32|36|39,32,Large microscopy file stored locally/shared drive,LOCAL_PROCESSED_OUTPUT/full_mcherry_valid_queue_abc/wells/J19/qc/J19_registration_qc.csv,LOCAL_PROCESSED_OUTPUT/full_mcherry_valid_queue_abc/wells/J19/qc/J19_registration_qc_montage.png,9x3x2868x2868,9x3x2374x2082,2868,2868,2374,2082,8225424,4942668,0.6009013030817622,60.090130308176214,312,2686,0,2082,Overlap crop is stored in registered-frame coordinates. Per-day original-space mapping requires applying the inverse registration shift for each day.,"day8:dy=0.0,dx=0.0|day12:dy=-59.7,dx=0.0|day16:dy=197.9,dx=0.0|day20:dy=-1.1,dx=0.0|day25:dy=146.7,dx=0.0|day29:dy=-181.7,dx=0.0|day32:dy=0.0,dx=-786.0|day36:dy=311.7,dx=0.0|day39:dy=-66.6,dx=0.0","[{'day': 8, 'dy': 0.0, 'dx': 0.0, 'shift_magnitude': 0.0, 'overlap_fraction': 1.0, 'large_shift': False, 'max_shift_exceeded': False, 'qc_pass': True, 'registration_channel': '488nm Binned', 'qc_note': 'reference_timepoint'}, {'day': 12, 'dy': -59.70000076293945, 'dx': 0.0, 'shift_magnitude': 59.70000076293945, 'overlap_fraction': 0.979184100152392, 'large_shift': False, 'max_shift_exceeded': False, 'qc_pass': True, 'registration_channel': '488nm Binned', 'qc_note': 'phase_cross_correlation_on_stable_channel'}, {'day': 16, 'dy': 197.8999938964844, 'dx': 0.0, 'shift_magnitude': 197.8999938964844, 'overlap_fraction': 0.9309972127278646, 'large_shift': False, 'max_shift_exceeded': False, 'qc_pass': True, 'registration_channel': '488nm Binned', 'qc_note': 'phase_cross_correlation_on_stable_channel'}, {'day': 20, 'dy': -1.100000023841858, 'dx': 0.0, 'shift_magnitude': 1.100000023841858, 'overlap_fraction': 0.9996164574533328, 'large_shift': False, 'max_shift_exceeded': False, 'qc_pass': True, 'registration_channel': '488nm Binned', 'qc_note': 'phase_cross_correlation_on_stable_channel'}, {'day': 25, 'dy': 146.6999969482422, 'dx': 0.0, 'shift_magnitude': 146.6999969482422, 'overlap_fraction': 0.948849373449009, 'large_shift': False, 'max_shift_exceeded': False, 'qc_pass': True, 'registration_channel': '488nm Binned', 'qc_note': 'phase_cross_correlation_on_stable_channel'}, {'day': 29, 'dy': -181.6999969482422, 'dx': 0.0, 'shift_magnitude': 181.6999969482422, 'overlap_fraction': 0.9366457472286464, 'large_shift': False, 'max_shift_exceeded': False, 'qc_pass': True, 'registration_channel': '488nm Binned', 'qc_note': 'phase_cross_correlation_on_stable_channel'}, {'day': 32, 'dy': 0.0, 'dx': -786.0, 'shift_magnitude': 786.0, 'overlap_fraction': 0.7259414225941423, 'large_shift': True, 'max_shift_exceeded': False, 'qc_pass': False, 'registration_channel': '488nm Binned', 'qc_note': 'phase_cross_correlation_on_stable_channel'}, {'day': 36, 'dy': 311.70001220703125, 'dx': 0.0, 'shift_magnitude': 311.70001220703125, 'overlap_fraction': 0.8913179873755122, 'large_shift': False, 'max_shift_exceeded': False, 'qc_pass': True, 'registration_channel': '488nm Binned', 'qc_note': 'phase_cross_correlation_on_stable_channel'}, {'day': 39, 'dy': -66.5999984741211, 'dx': 0.0, 'shift_magnitude': 66.5999984741211, 'overlap_fraction': 0.9767782432098602, 'large_shift': False, 'max_shift_exceeded': False, 'qc_pass': True, 'registration_channel': '488nm Binned', 'qc_note': 'phase_cross_correlation_on_stable_channel'}]",1,786.0,0.7259414225941423,overlap_available,,True,overlap_only_analysis,manual_alignment_needed,manual_alignment_needed,True,False,registered_common_overlap,True,5,LOCAL_PROCESSED_OUTPUT/dashboard/previews/J19,LOCAL_PROCESSED_OUTPUT/dashboard/roi_previews/J19
N06,PLD3_TMEM106B_mCherry_primary,8|12|16|20|25|29|32|36|39,12|16|20|25|32|39,Large microscopy file stored locally/shared drive,LOCAL_PROCESSED_OUTPUT/full_mcherry_valid_queue_abc/wells/N06/qc/N06_registration_qc.csv,LOCAL_PROCESSED_OUTPUT/full_mcherry_valid_queue_abc/wells/N06/qc/N06_registration_qc_montage.png,9x3x2868x2868,9x3x2868x1909,2868,2868,2868,1909,8225424,5475012,0.6656206415620641,66.56206415620642,0,2868,0,1909,Overlap crop is stored in registered-frame coordinates. Per-day original-space mapping requires applying the inverse registration shift for each day.,"day8:dy=0.0,dx=0.0|day12:dy=0.0,dx=-876.7|day16:dy=0.0,dx=-751.0|day20:dy=0.0,dx=-814.2|day25:dy=0.0,dx=-582.4|day29:dy=0.0,dx=-307.0|day32:dy=0.0,dx=-509.7|day36:dy=0.0,dx=-241.3|day39:dy=0.0,dx=-958.7","[{'day': 8, 'dy': 0.0, 'dx': 0.0, 'shift_magnitude': 0.0, 'overlap_fraction': 1.0, 'large_shift': False, 'max_shift_exceeded': False, 'qc_pass': True, 'registration_channel': '488nm Binned', 'qc_note': 'reference_timepoint'}, {'day': 12, 'dy': 0.0, 'dx': -876.7000122070312, 'shift_magnitude': 876.7000122070312, 'overlap_fraction': 0.6943165926753726, 'large_shift': True, 'max_shift_exceeded': False, 'qc_pass': False, 'registration_channel': '488nm Binned', 'qc_note': 'phase_cross_correlation_on_stable_channel'}, {'day': 16, 'dy': 0.0, 'dx': -751.0, 'shift_magnitude': 751.0, 'overlap_fraction': 0.7381450488145049, 'large_shift': True, 'max_shift_exceeded': False, 'qc_pass': False, 'registration_channel': '488nm Binned', 'qc_note': 'phase_cross_correlation_on_stable_channel'}, {'day': 20, 'dy': 0.0, 'dx': -814.2000122070312, 'shift_magnitude': 814.2000122070312, 'overlap_fraction': 0.7161087823545916, 'large_shift': True, 'max_shift_exceeded': False, 'qc_pass': False, 'registration_channel': '488nm Binned', 'qc_note': 'phase_cross_correlation_on_stable_channel'}, {'day': 25, 'dy': 0.0, 'dx': -582.4000244140625, 'shift_magnitude': 582.4000244140625, 'overlap_fraction': 0.7969316511805918, 'large_shift': True, 'max_shift_exceeded': False, 'qc_pass': False, 'registration_channel': '488nm Binned', 'qc_note': 'phase_cross_correlation_on_stable_channel'}, {'day': 29, 'dy': 0.0, 'dx': -307.0, 'shift_magnitude': 307.0, 'overlap_fraction': 0.8929567642956764, 'large_shift': False, 'max_shift_exceeded': False, 'qc_pass': True, 'registration_channel': '488nm Binned', 'qc_note': 'phase_cross_correlation_on_stable_channel'}, {'day': 32, 'dy': 0.0, 'dx': -509.7000122070313, 'shift_magnitude': 509.7000122070313, 'overlap_fraction': 0.8222803304717464, 'large_shift': True, 'max_shift_exceeded': False, 'qc_pass': False, 'registration_channel': '488nm Binned', 'qc_note': 'phase_cross_correlation_on_stable_channel'}, {'day': 36, 'dy': 0.0, 'dx': -241.3000030517578, 'shift_magnitude': 241.3000030517578, 'overlap_fraction': 0.9158647130223996, 'large_shift': False, 'max_shift_exceeded': False, 'qc_pass': True, 'registration_channel': '488nm Binned', 'qc_note': 'phase_cross_correlation_on_stable_channel'}, {'day': 39, 'dy': 0.0, 'dx': -958.7000122070312, 'shift_magnitude': 958.7000122070312, 'overlap_fraction': 0.6657252398162373, 'large_shift': True, 'max_shift_exceeded': False, 'qc_pass': False, 'registration_channel': '488nm Binned', 'qc_note': 'phase_cross_correlation_on_stable_channel'}]",6,958.7000122070312,0.6657252398162373,overlap_available,,True,overlap_only_analysis,manual_alignment_needed,manual_alignment_needed,True,False,registered_common_overlap,True,5,LOCAL_PROCESSED_OUTPUT/dashboard/previews/N06,LOCAL_PROCESSED_OUTPUT/dashboard/roi_previews/N06
F06,PLD3_TMEM106B_mCherry_primary,8|12|16|20|25|29|32|36|39,12|16|20|25|36,Large microscopy file stored locally/shared drive,LOCAL_PROCESSED_OUTPUT/full_mcherry_valid_queue_abc/wells/F06/qc/F06_registration_qc.csv,LOCAL_PROCESSED_OUTPUT/full_mcherry_valid_queue_abc/wells/F06/qc/F06_registration_qc_montage.png,9x3x2868x2868,9x3x1918x2868,2868,2868,1918,2868,8225424,5500824,0.6687587168758717,66.87587168758718,97,2015,0,2868,Overlap crop is stored in registered-frame coordinates. Per-day original-space mapping requires applying the inverse registration shift for each day.,"day8:dy=0.0,dx=0.0|day12:dy=-799.8,dx=0.0|day16:dy=-817.1,dx=0.0|day20:dy=-673.3,dx=0.0|day25:dy=-565.7,dx=0.0|day29:dy=-64.1,dx=0.0|day32:dy=8.4,dx=0.0|day36:dy=-852.1,dx=0.0|day39:dy=96.4,dx=0.0","[{'day': 8, 'dy': 0.0, 'dx': 0.0, 'shift_magnitude': 0.0, 'overlap_fraction': 1.0, 'large_shift': False, 'max_shift_exceeded': False, 'qc_pass': True, 'registration_channel': '488nm Binned', 'qc_note': 'reference_timepoint'}, {'day': 12, 'dy': -799.7999877929688, 'dx': 0.0, 'shift_magnitude': 799.7999877929688, 'overlap_fraction': 0.7211297113692577, 'large_shift': True, 'max_shift_exceeded': False, 'qc_pass': False, 'registration_channel': '488nm Binned', 'qc_note': 'phase_cross_correlation_on_stable_channel'}, {'day': 16, 'dy': -817.0999755859375, 'dx': 0.0, 'shift_magnitude': 817.0999755859375, 'overlap_fraction': 0.715097637522337, 'large_shift': True, 'max_shift_exceeded': False, 'qc_pass': False, 'registration_channel': '488nm Binned', 'qc_note': 'phase_cross_correlation_on_stable_channel'}, {'day': 20, 'dy': -673.2999877929688, 'dx': 0.0, 'shift_magnitude': 673.2999877929688, 'overlap_fraction': 0.7652371032799969, 'large_shift': True, 'max_shift_exceeded': False, 'qc_pass': False, 'registration_channel': '488nm Binned', 'qc_note': 'phase_cross_correlation_on_stable_channel'}, {'day': 25, 'dy': -565.7000122070312, 'dx': 0.0, 'shift_magnitude': 565.7000122070312, 'overlap_fraction': 0.8027545285191662, 'large_shift': True, 'max_shift_exceeded': False, 'qc_pass': False, 'registration_channel': '488nm Binned', 'qc_note': 'phase_cross_correlation_on_stable_channel'}, {'day': 29, 'dy': -64.0999984741211, 'dx': 0.0, 'shift_magnitude': 64.0999984741211, 'overlap_fraction': 0.9776499307970288, 'large_shift': False, 'max_shift_exceeded': False, 'qc_pass': True, 'registration_channel': '488nm Binned', 'qc_note': 'phase_cross_correlation_on_stable_channel'}, {'day': 32, 'dy': 8.399999618530273, 'dx': 0.0, 'shift_magnitude': 8.399999618530273, 'overlap_fraction': 0.997071129840122, 'large_shift': False, 'max_shift_exceeded': False, 'qc_pass': True, 'registration_channel': '488nm Binned', 'qc_note': 'phase_cross_correlation_on_stable_channel'}, {'day': 36, 'dy': -852.0999755859375, 'dx': 0.0, 'shift_magnitude': 852.0999755859375, 'overlap_fraction': 0.7028940113019744, 'large_shift': True, 'max_shift_exceeded': False, 'qc_pass': False, 'registration_channel': '488nm Binned', 'qc_note': 'phase_cross_correlation_on_stable_channel'}, {'day': 39, 'dy': 96.4000015258789, 'dx': 0.0, 'shift_magnitude': 96.4000015258789, 'overlap_fraction': 0.9663877261067368, 'large_shift': False, 'max_shift_exceeded': False, 'qc_pass': True, 'registration_channel': '488nm Binned', 'qc_note': 'phase_cross_correlation_on_stable_channel'}]",5,852.0999755859375,0.7028940113019744,overlap_available,,True,overlap_only_analysis,manual_alignment_needed,manual_alignment_needed,True,False,registered_common_overlap,True,5,LOCAL_PROCESSED_OUTPUT/dashboard/previews/F06,LOCAL_PROCESSED_OUTPUT/dashboard/roi_previews/F06
I11,PLD3_mCherry_reporter_control,8|12|16|20|25|29|32|36|39,20,Large microscopy file stored locally/shared drive,LOCAL_PROCESSED_OUTPUT/full_mcherry_valid_queue_abc/wells/I11/qc/I11_registration_qc.csv,LOCAL_PROCESSED_OUTPUT/full_mcherry_valid_queue_abc/wells/I11/qc/I11_registration_qc_montage.png,9x3x2868x2868,9x3x2272x2552,2868,2868,2272,2552,8225424,5798144,0.7049051817875893,70.49051817875893,4,2276,0,2552,Overlap crop is stored in registered-frame coordinates. Per-day original-space mapping requires applying the inverse registration shift for each day.,"day8:dy=0.0,dx=0.0|day12:dy=0.0,dx=-315.4|day16:dy=-237.6,dx=0.0|day20:dy=-591.2,dx=0.0|day25:dy=-79.9,dx=0.0|day29:dy=-494.8,dx=0.0|day32:dy=4.0,dx=0.0|day36:dy=0.0,dx=-107.8|day39:dy=-332.6,dx=0.0","[{'day': 8, 'dy': 0.0, 'dx': 0.0, 'shift_magnitude': 0.0, 'overlap_fraction': 1.0, 'large_shift': False, 'max_shift_exceeded': False, 'qc_pass': True, 'registration_channel': '488nm Binned', 'qc_note': 'reference_timepoint'}, {'day': 12, 'dy': 0.0, 'dx': -315.3999938964844, 'shift_magnitude': 315.3999938964844, 'overlap_fraction': 0.8900278961309329, 'large_shift': False, 'max_shift_exceeded': False, 'qc_pass': True, 'registration_channel': '488nm Binned', 'qc_note': 'phase_cross_correlation_on_stable_channel'}, {'day': 16, 'dy': -237.6000061035156, 'dx': 0.0, 'shift_magnitude': 237.6000061035156, 'overlap_fraction': 0.9171548095873376, 'large_shift': False, 'max_shift_exceeded': False, 'qc_pass': True, 'registration_channel': '488nm Binned', 'qc_note': 'phase_cross_correlation_on_stable_channel'}, {'day': 20, 'dy': -591.2000122070312, 'dx': 0.0, 'shift_magnitude': 591.2000122070312, 'overlap_fraction': 0.7938633151300449, 'large_shift': True, 'max_shift_exceeded': False, 'qc_pass': False, 'registration_channel': '488nm Binned', 'qc_note': 'phase_cross_correlation_on_stable_channel'}, {'day': 25, 'dy': -79.9000015258789, 'dx': 0.0, 'shift_magnitude': 79.9000015258789, 'overlap_fraction': 0.9721408641820506, 'large_shift': False, 'max_shift_exceeded': False, 'qc_pass': True, 'registration_channel': '488nm Binned', 'qc_note': 'phase_cross_correlation_on_stable_channel'}, {'day': 29, 'dy': -494.7999877929688, 'dx': 0.0, 'shift_magnitude': 494.7999877929688, 'overlap_fraction': 0.8274755970038463, 'large_shift': False, 'max_shift_exceeded': False, 'qc_pass': True, 'registration_channel': '488nm Binned', 'qc_note': 'phase_cross_correlation_on_stable_channel'}, {'day': 32, 'dy': 4.0, 'dx': 0.0, 'shift_magnitude': 4.0, 'overlap_fraction': 0.99860529986053, 'large_shift': False, 'max_shift_exceeded': False, 'qc_pass': True, 'registration_channel': '488nm Binned', 'qc_note': 'phase_cross_correlation_on_stable_channel'}, {'day': 36, 'dy': 0.0, 'dx': -107.8000030517578, 'shift_magnitude': 107.8000030517578, 'overlap_fraction': 0.9624128301772114, 'large_shift': False, 'max_shift_exceeded': False, 'qc_pass': True, 'registration_channel': '488nm Binned', 'qc_note': 'phase_cross_correlation_on_stable_channel'}, {'day': 39, 'dy': -332.6000061035156, 'dx': 0.0, 'shift_magnitude': 332.6000061035156, 'overlap_fraction': 0.8840306812749248, 'large_shift': False, 'max_shift_exceeded': False, 'qc_pass': True, 'registration_channel': '488nm Binned', 'qc_note': 'phase_cross_correlation_on_stable_channel'}]",1,591.2000122070312,0.7938633151300449,overlap_available,,True,overlap_only_analysis,review_only,review_only,False,False,registered_common_overlap,True,5,LOCAL_PROCESSED_OUTPUT/dashboard/previews/I11,LOCAL_PROCESSED_OUTPUT/dashboard/roi_previews/I11
